arm,completed_epoch,step,metric,value,population,source
b0,1,50687,ct_epoch_core_loss_observation/loss_angle::ct_epoch_core_loss,0.00036219312460161746,all_observation_or_mechanism_transactions,output/20260911-023000-29_b0_perf-nuscenes_car_seed42_60ep_bs16/lightning_logs/version_0/ct_epoch_core_loss_observation/loss_angle
b0,2,101374,ct_epoch_core_loss_observation/loss_angle::ct_epoch_core_loss,0.00026977775269187987,all_observation_or_mechanism_transactions,output/20260911-023000-29_b0_perf-nuscenes_car_seed42_60ep_bs16/lightning_logs/version_0/ct_epoch_core_loss_observation/loss_angle
b0,3,152061,ct_epoch_core_loss_observation/loss_angle::ct_epoch_core_loss,0.00023998609685804695,all_observation_or_mechanism_transactions,output/20260911-023000-29_b0_perf-nuscenes_car_seed42_60ep_bs16/lightning_logs/version_0/ct_epoch_core_loss_observation/loss_angle
b0,4,202748,ct_epoch_core_loss_observation/loss_angle::ct_epoch_core_loss,0.000215109481359832,all_observation_or_mechanism_transactions,output/20260911-023000-29_b0_perf-nuscenes_car_seed42_60ep_bs16/lightning_logs/version_0/ct_epoch_core_loss_observation/loss_angle
b0,1,50687,ct_epoch_core_loss_observation/loss_angle_aux::ct_epoch_core_loss,0.006223101168870926,all_observation_or_mechanism_transactions,output/20260911-023000-29_b0_perf-nuscenes_car_seed42_60ep_bs16/lightning_logs/version_0/ct_epoch_core_loss_observation/loss_angle_aux
b0,2,101374,ct_epoch_core_loss_observation/loss_angle_aux::ct_epoch_core_loss,0.001744177658110857,all_observation_or_mechanism_transactions,output/20260911-023000-29_b0_perf-nuscenes_car_seed42_60ep_bs16/lightning_logs/version_0/ct_epoch_core_loss_observation/loss_angle_aux
b0,3,152061,ct_epoch_core_loss_observation/loss_angle_aux::ct_epoch_core_loss,0.0013503390364348888,all_observation_or_mechanism_transactions,output/20260911-023000-29_b0_perf-nuscenes_car_seed42_60ep_bs16/lightning_logs/version_0/ct_epoch_core_loss_observation/loss_angle_aux
b0,4,202748,ct_epoch_core_loss_observation/loss_angle_aux::ct_epoch_core_loss,0.0011894843773916364,all_observation_or_mechanism_transactions,output/20260911-023000-29_b0_perf-nuscenes_car_seed42_60ep_bs16/lightning_logs/version_0/ct_epoch_core_loss_observation/loss_angle_aux
b0,1,50687,ct_epoch_core_loss_observation/loss_angle_motion::ct_epoch_core_loss,0.0014081919798627496,all_observation_or_mechanism_transactions,output/20260911-023000-29_b0_perf-nuscenes_car_seed42_60ep_bs16/lightning_logs/version_0/ct_epoch_core_loss_observation/loss_angle_motion
b0,2,101374,ct_epoch_core_loss_observation/loss_angle_motion::ct_epoch_core_loss,0.0009308953303843737,all_observation_or_mechanism_transactions,output/20260911-023000-29_b0_perf-nuscenes_car_seed42_60ep_bs16/lightning_logs/version_0/ct_epoch_core_loss_observation/loss_angle_motion
b0,3,152061,ct_epoch_core_loss_observation/loss_angle_motion::ct_epoch_core_loss,0.0008132484508678317,all_observation_or_mechanism_transactions,output/20260911-023000-29_b0_perf-nuscenes_car_seed42_60ep_bs16/lightning_logs/version_0/ct_epoch_core_loss_observation/loss_angle_motion
b0,4,202748,ct_epoch_core_loss_observation/loss_angle_motion::ct_epoch_core_loss,0.0007252533105202019,all_observation_or_mechanism_transactions,output/20260911-023000-29_b0_perf-nuscenes_car_seed42_60ep_bs16/lightning_logs/version_0/ct_epoch_core_loss_observation/loss_angle_motion
b0,1,50687,ct_epoch_core_loss_observation/loss_angle_ref::ct_epoch_core_loss,0.004659113474190235,all_observation_or_mechanism_transactions,output/20260911-023000-29_b0_perf-nuscenes_car_seed42_60ep_bs16/lightning_logs/version_0/ct_epoch_core_loss_observation/loss_angle_ref
b0,2,101374,ct_epoch_core_loss_observation/loss_angle_ref::ct_epoch_core_loss,0.0009817394893616438,all_observation_or_mechanism_transactions,output/20260911-023000-29_b0_perf-nuscenes_car_seed42_60ep_bs16/lightning_logs/version_0/ct_epoch_core_loss_observation/loss_angle_ref
b0,3,152061,ct_epoch_core_loss_observation/loss_angle_ref::ct_epoch_core_loss,0.0006891900557093322,all_observation_or_mechanism_transactions,output/20260911-023000-29_b0_perf-nuscenes_car_seed42_60ep_bs16/lightning_logs/version_0/ct_epoch_core_loss_observation/loss_angle_ref
b0,4,202748,ct_epoch_core_loss_observation/loss_angle_ref::ct_epoch_core_loss,0.000574714969843626,all_observation_or_mechanism_transactions,output/20260911-023000-29_b0_perf-nuscenes_car_seed42_60ep_bs16/lightning_logs/version_0/ct_epoch_core_loss_observation/loss_angle_ref
b0,1,50687,ct_epoch_core_loss_observation/loss_b0_observation::ct_epoch_core_loss,2.3095481395721436,all_observation_or_mechanism_transactions,output/20260911-023000-29_b0_perf-nuscenes_car_seed42_60ep_bs16/lightning_logs/version_0/ct_epoch_core_loss_observation/loss_b0_observation
b0,2,101374,ct_epoch_core_loss_observation/loss_b0_observation::ct_epoch_core_loss,1.5501227378845215,all_observation_or_mechanism_transactions,output/20260911-023000-29_b0_perf-nuscenes_car_seed42_60ep_bs16/lightning_logs/version_0/ct_epoch_core_loss_observation/loss_b0_observation
b0,3,152061,ct_epoch_core_loss_observation/loss_b0_observation::ct_epoch_core_loss,1.4073289632797241,all_observation_or_mechanism_transactions,output/20260911-023000-29_b0_perf-nuscenes_car_seed42_60ep_bs16/lightning_logs/version_0/ct_epoch_core_loss_observation/loss_b0_observation
b0,4,202748,ct_epoch_core_loss_observation/loss_b0_observation::ct_epoch_core_loss,1.3551002740859985,all_observation_or_mechanism_transactions,output/20260911-023000-29_b0_perf-nuscenes_car_seed42_60ep_bs16/lightning_logs/version_0/ct_epoch_core_loss_observation/loss_b0_observation
b0,1,50687,ct_epoch_core_loss_observation/loss_b0_transaction::ct_epoch_core_loss,2.3095481395721436,all_observation_or_mechanism_transactions,output/20260911-023000-29_b0_perf-nuscenes_car_seed42_60ep_bs16/lightning_logs/version_0/ct_epoch_core_loss_observation/loss_b0_transaction
b0,2,101374,ct_epoch_core_loss_observation/loss_b0_transaction::ct_epoch_core_loss,1.5501227378845215,all_observation_or_mechanism_transactions,output/20260911-023000-29_b0_perf-nuscenes_car_seed42_60ep_bs16/lightning_logs/version_0/ct_epoch_core_loss_observation/loss_b0_transaction
b0,3,152061,ct_epoch_core_loss_observation/loss_b0_transaction::ct_epoch_core_loss,1.4073289632797241,all_observation_or_mechanism_transactions,output/20260911-023000-29_b0_perf-nuscenes_car_seed42_60ep_bs16/lightning_logs/version_0/ct_epoch_core_loss_observation/loss_b0_transaction
b0,4,202748,ct_epoch_core_loss_observation/loss_b0_transaction::ct_epoch_core_loss,1.3551002740859985,all_observation_or_mechanism_transactions,output/20260911-023000-29_b0_perf-nuscenes_car_seed42_60ep_bs16/lightning_logs/version_0/ct_epoch_core_loss_observation/loss_b0_transaction
b0,1,50687,ct_epoch_core_loss_observation/loss_b1_transaction::ct_epoch_core_loss,0.0,all_observation_or_mechanism_transactions,output/20260911-023000-29_b0_perf-nuscenes_car_seed42_60ep_bs16/lightning_logs/version_0/ct_epoch_core_loss_observation/loss_b1_transaction
b0,2,101374,ct_epoch_core_loss_observation/loss_b1_transaction::ct_epoch_core_loss,0.0,all_observation_or_mechanism_transactions,output/20260911-023000-29_b0_perf-nuscenes_car_seed42_60ep_bs16/lightning_logs/version_0/ct_epoch_core_loss_observation/loss_b1_transaction
b0,3,152061,ct_epoch_core_loss_observation/loss_b1_transaction::ct_epoch_core_loss,0.0,all_observation_or_mechanism_transactions,output/20260911-023000-29_b0_perf-nuscenes_car_seed42_60ep_bs16/lightning_logs/version_0/ct_epoch_core_loss_observation/loss_b1_transaction
b0,4,202748,ct_epoch_core_loss_observation/loss_b1_transaction::ct_epoch_core_loss,0.0,all_observation_or_mechanism_transactions,output/20260911-023000-29_b0_perf-nuscenes_car_seed42_60ep_bs16/lightning_logs/version_0/ct_epoch_core_loss_observation/loss_b1_transaction
b0,1,50687,ct_epoch_core_loss_observation/loss_b2_transaction::ct_epoch_core_loss,0.0,all_observation_or_mechanism_transactions,output/20260911-023000-29_b0_perf-nuscenes_car_seed42_60ep_bs16/lightning_logs/version_0/ct_epoch_core_loss_observation/loss_b2_transaction
b0,2,101374,ct_epoch_core_loss_observation/loss_b2_transaction::ct_epoch_core_loss,0.0,all_observation_or_mechanism_transactions,output/20260911-023000-29_b0_perf-nuscenes_car_seed42_60ep_bs16/lightning_logs/version_0/ct_epoch_core_loss_observation/loss_b2_transaction
b0,3,152061,ct_epoch_core_loss_observation/loss_b2_transaction::ct_epoch_core_loss,0.0,all_observation_or_mechanism_transactions,output/20260911-023000-29_b0_perf-nuscenes_car_seed42_60ep_bs16/lightning_logs/version_0/ct_epoch_core_loss_observation/loss_b2_transaction
b0,4,202748,ct_epoch_core_loss_observation/loss_b2_transaction::ct_epoch_core_loss,0.0,all_observation_or_mechanism_transactions,output/20260911-023000-29_b0_perf-nuscenes_car_seed42_60ep_bs16/lightning_logs/version_0/ct_epoch_core_loss_observation/loss_b2_transaction
b0,1,50687,ct_epoch_core_loss_observation/loss_b3_transaction::ct_epoch_core_loss,0.0,all_observation_or_mechanism_transactions,output/20260911-023000-29_b0_perf-nuscenes_car_seed42_60ep_bs16/lightning_logs/version_0/ct_epoch_core_loss_observation/loss_b3_transaction
b0,2,101374,ct_epoch_core_loss_observation/loss_b3_transaction::ct_epoch_core_loss,0.0,all_observation_or_mechanism_transactions,output/20260911-023000-29_b0_perf-nuscenes_car_seed42_60ep_bs16/lightning_logs/version_0/ct_epoch_core_loss_observation/loss_b3_transaction
b0,3,152061,ct_epoch_core_loss_observation/loss_b3_transaction::ct_epoch_core_loss,0.0,all_observation_or_mechanism_transactions,output/20260911-023000-29_b0_perf-nuscenes_car_seed42_60ep_bs16/lightning_logs/version_0/ct_epoch_core_loss_observation/loss_b3_transaction
b0,4,202748,ct_epoch_core_loss_observation/loss_b3_transaction::ct_epoch_core_loss,0.0,all_observation_or_mechanism_transactions,output/20260911-023000-29_b0_perf-nuscenes_car_seed42_60ep_bs16/lightning_logs/version_0/ct_epoch_core_loss_observation/loss_b3_transaction
b0,1,50687,ct_epoch_core_loss_observation/loss_bc::ct_epoch_core_loss,0.6445583701133728,all_observation_or_mechanism_transactions,output/20260911-023000-29_b0_perf-nuscenes_car_seed42_60ep_bs16/lightning_logs/version_0/ct_epoch_core_loss_observation/loss_bc
b0,2,101374,ct_epoch_core_loss_observation/loss_bc::ct_epoch_core_loss,0.38569292426109314,all_observation_or_mechanism_transactions,output/20260911-023000-29_b0_perf-nuscenes_car_seed42_60ep_bs16/lightning_logs/version_0/ct_epoch_core_loss_observation/loss_bc
b0,3,152061,ct_epoch_core_loss_observation/loss_bc::ct_epoch_core_loss,0.3460555374622345,all_observation_or_mechanism_transactions,output/20260911-023000-29_b0_perf-nuscenes_car_seed42_60ep_bs16/lightning_logs/version_0/ct_epoch_core_loss_observation/loss_bc
b0,4,202748,ct_epoch_core_loss_observation/loss_bc::ct_epoch_core_loss,0.330208957195282,all_observation_or_mechanism_transactions,output/20260911-023000-29_b0_perf-nuscenes_car_seed42_60ep_bs16/lightning_logs/version_0/ct_epoch_core_loss_observation/loss_bc
b0,1,50687,ct_epoch_core_loss_observation/loss_center::ct_epoch_core_loss,0.109165258705616,all_observation_or_mechanism_transactions,output/20260911-023000-29_b0_perf-nuscenes_car_seed42_60ep_bs16/lightning_logs/version_0/ct_epoch_core_loss_observation/loss_center
b0,2,101374,ct_epoch_core_loss_observation/loss_center::ct_epoch_core_loss,0.07824404537677765,all_observation_or_mechanism_transactions,output/20260911-023000-29_b0_perf-nuscenes_car_seed42_60ep_bs16/lightning_logs/version_0/ct_epoch_core_loss_observation/loss_center
b0,3,152061,ct_epoch_core_loss_observation/loss_center::ct_epoch_core_loss,0.07168307900428772,all_observation_or_mechanism_transactions,output/20260911-023000-29_b0_perf-nuscenes_car_seed42_60ep_bs16/lightning_logs/version_0/ct_epoch_core_loss_observation/loss_center
b0,4,202748,ct_epoch_core_loss_observation/loss_center::ct_epoch_core_loss,0.069615937769413,all_observation_or_mechanism_transactions,output/20260911-023000-29_b0_perf-nuscenes_car_seed42_60ep_bs16/lightning_logs/version_0/ct_epoch_core_loss_observation/loss_center
b0,1,50687,ct_epoch_core_loss_observation/loss_center_aux::ct_epoch_core_loss,0.39351537823677063,all_observation_or_mechanism_transactions,output/20260911-023000-29_b0_perf-nuscenes_car_seed42_60ep_bs16/lightning_logs/version_0/ct_epoch_core_loss_observation/loss_center_aux
b0,2,101374,ct_epoch_core_loss_observation/loss_center_aux::ct_epoch_core_loss,0.28812548518180847,all_observation_or_mechanism_transactions,output/20260911-023000-29_b0_perf-nuscenes_car_seed42_60ep_bs16/lightning_logs/version_0/ct_epoch_core_loss_observation/loss_center_aux
b0,3,152061,ct_epoch_core_loss_observation/loss_center_aux::ct_epoch_core_loss,0.26459020376205444,all_observation_or_mechanism_transactions,output/20260911-023000-29_b0_perf-nuscenes_car_seed42_60ep_bs16/lightning_logs/version_0/ct_epoch_core_loss_observation/loss_center_aux
b0,4,202748,ct_epoch_core_loss_observation/loss_center_aux::ct_epoch_core_loss,0.2573406994342804,all_observation_or_mechanism_transactions,output/20260911-023000-29_b0_perf-nuscenes_car_seed42_60ep_bs16/lightning_logs/version_0/ct_epoch_core_loss_observation/loss_center_aux
b0,1,50687,ct_epoch_core_loss_observation/loss_center_motion::ct_epoch_core_loss,0.2379702925682068,all_observation_or_mechanism_transactions,output/20260911-023000-29_b0_perf-nuscenes_car_seed42_60ep_bs16/lightning_logs/version_0/ct_epoch_core_loss_observation/loss_center_motion
b0,2,101374,ct_epoch_core_loss_observation/loss_center_motion::ct_epoch_core_loss,0.1633097529411316,all_observation_or_mechanism_transactions,output/20260911-023000-29_b0_perf-nuscenes_car_seed42_60ep_bs16/lightning_logs/version_0/ct_epoch_core_loss_observation/loss_center_motion
b0,3,152061,ct_epoch_core_loss_observation/loss_center_motion::ct_epoch_core_loss,0.14692965149879456,all_observation_or_mechanism_transactions,output/20260911-023000-29_b0_perf-nuscenes_car_seed42_60ep_bs16/lightning_logs/version_0/ct_epoch_core_loss_observation/loss_center_motion
b0,4,202748,ct_epoch_core_loss_observation/loss_center_motion::ct_epoch_core_loss,0.14060848951339722,all_observation_or_mechanism_transactions,output/20260911-023000-29_b0_perf-nuscenes_car_seed42_60ep_bs16/lightning_logs/version_0/ct_epoch_core_loss_observation/loss_center_motion
b0,1,50687,ct_epoch_core_loss_observation/loss_center_ref::ct_epoch_core_loss,0.20012535154819489,all_observation_or_mechanism_transactions,output/20260911-023000-29_b0_perf-nuscenes_car_seed42_60ep_bs16/lightning_logs/version_0/ct_epoch_core_loss_observation/loss_center_ref
b0,2,101374,ct_epoch_core_loss_observation/loss_center_ref::ct_epoch_core_loss,0.14019648730754852,all_observation_or_mechanism_transactions,output/20260911-023000-29_b0_perf-nuscenes_car_seed42_60ep_bs16/lightning_logs/version_0/ct_epoch_core_loss_observation/loss_center_ref
b0,3,152061,ct_epoch_core_loss_observation/loss_center_ref::ct_epoch_core_loss,0.12967322766780853,all_observation_or_mechanism_transactions,output/20260911-023000-29_b0_perf-nuscenes_car_seed42_60ep_bs16/lightning_logs/version_0/ct_epoch_core_loss_observation/loss_center_ref
b0,4,202748,ct_epoch_core_loss_observation/loss_center_ref::ct_epoch_core_loss,0.12584291398525238,all_observation_or_mechanism_transactions,output/20260911-023000-29_b0_perf-nuscenes_car_seed42_60ep_bs16/lightning_logs/version_0/ct_epoch_core_loss_observation/loss_center_ref
b0,1,50687,ct_epoch_core_loss_observation/loss_motion_cls::ct_epoch_core_loss,0.4046320617198944,all_observation_or_mechanism_transactions,output/20260911-023000-29_b0_perf-nuscenes_car_seed42_60ep_bs16/lightning_logs/version_0/ct_epoch_core_loss_observation/loss_motion_cls
b0,2,101374,ct_epoch_core_loss_observation/loss_motion_cls::ct_epoch_core_loss,0.35668373107910156,all_observation_or_mechanism_transactions,output/20260911-023000-29_b0_perf-nuscenes_car_seed42_60ep_bs16/lightning_logs/version_0/ct_epoch_core_loss_observation/loss_motion_cls
b0,3,152061,ct_epoch_core_loss_observation/loss_motion_cls::ct_epoch_core_loss,0.34303921461105347,all_observation_or_mechanism_transactions,output/20260911-023000-29_b0_perf-nuscenes_car_seed42_60ep_bs16/lightning_logs/version_0/ct_epoch_core_loss_observation/loss_motion_cls
b0,4,202748,ct_epoch_core_loss_observation/loss_motion_cls::ct_epoch_core_loss,0.33492377400398254,all_observation_or_mechanism_transactions,output/20260911-023000-29_b0_perf-nuscenes_car_seed42_60ep_bs16/lightning_logs/version_0/ct_epoch_core_loss_observation/loss_motion_cls
b0,1,50687,ct_epoch_core_loss_observation/loss_plugin_transaction::ct_epoch_core_loss,0.0,all_observation_or_mechanism_transactions,output/20260911-023000-29_b0_perf-nuscenes_car_seed42_60ep_bs16/lightning_logs/version_0/ct_epoch_core_loss_observation/loss_plugin_transaction
b0,2,101374,ct_epoch_core_loss_observation/loss_plugin_transaction::ct_epoch_core_loss,0.0,all_observation_or_mechanism_transactions,output/20260911-023000-29_b0_perf-nuscenes_car_seed42_60ep_bs16/lightning_logs/version_0/ct_epoch_core_loss_observation/loss_plugin_transaction
b0,3,152061,ct_epoch_core_loss_observation/loss_plugin_transaction::ct_epoch_core_loss,0.0,all_observation_or_mechanism_transactions,output/20260911-023000-29_b0_perf-nuscenes_car_seed42_60ep_bs16/lightning_logs/version_0/ct_epoch_core_loss_observation/loss_plugin_transaction
b0,4,202748,ct_epoch_core_loss_observation/loss_plugin_transaction::ct_epoch_core_loss,0.0,all_observation_or_mechanism_transactions,output/20260911-023000-29_b0_perf-nuscenes_car_seed42_60ep_bs16/lightning_logs/version_0/ct_epoch_core_loss_observation/loss_plugin_transaction
b0,1,50687,ct_epoch_core_loss_observation/loss_seg::ct_epoch_core_loss,0.1860111951828003,all_observation_or_mechanism_transactions,output/20260911-023000-29_b0_perf-nuscenes_car_seed42_60ep_bs16/lightning_logs/version_0/ct_epoch_core_loss_observation/loss_seg
b0,2,101374,ct_epoch_core_loss_observation/loss_seg::ct_epoch_core_loss,0.10938067734241486,all_observation_or_mechanism_transactions,output/20260911-023000-29_b0_perf-nuscenes_car_seed42_60ep_bs16/lightning_logs/version_0/ct_epoch_core_loss_observation/loss_seg
b0,3,152061,ct_epoch_core_loss_observation/loss_seg::ct_epoch_core_loss,0.09902715682983398,all_observation_or_mechanism_transactions,output/20260911-023000-29_b0_perf-nuscenes_car_seed42_60ep_bs16/lightning_logs/version_0/ct_epoch_core_loss_observation/loss_seg
b0,4,202748,ct_epoch_core_loss_observation/loss_seg::ct_epoch_core_loss,0.09229206293821335,all_observation_or_mechanism_transactions,output/20260911-023000-29_b0_perf-nuscenes_car_seed42_60ep_bs16/lightning_logs/version_0/ct_epoch_core_loss_observation/loss_seg
b0,1,50687,ct_epoch_core_loss_observation/loss_total::ct_epoch_core_loss,2.3095481395721436,all_observation_or_mechanism_transactions,output/20260911-023000-29_b0_perf-nuscenes_car_seed42_60ep_bs16/lightning_logs/version_0/ct_epoch_core_loss_observation/loss_total
b0,2,101374,ct_epoch_core_loss_observation/loss_total::ct_epoch_core_loss,1.5501227378845215,all_observation_or_mechanism_transactions,output/20260911-023000-29_b0_perf-nuscenes_car_seed42_60ep_bs16/lightning_logs/version_0/ct_epoch_core_loss_observation/loss_total
b0,3,152061,ct_epoch_core_loss_observation/loss_total::ct_epoch_core_loss,1.4073289632797241,all_observation_or_mechanism_transactions,output/20260911-023000-29_b0_perf-nuscenes_car_seed42_60ep_bs16/lightning_logs/version_0/ct_epoch_core_loss_observation/loss_total
b0,4,202748,ct_epoch_core_loss_observation/loss_total::ct_epoch_core_loss,1.3551002740859985,all_observation_or_mechanism_transactions,output/20260911-023000-29_b0_perf-nuscenes_car_seed42_60ep_bs16/lightning_logs/version_0/ct_epoch_core_loss_observation/loss_total
b0,1,50687,ct_epoch_core_loss_observation/rows::ct_epoch_core_loss,810992.0,all_observation_or_mechanism_transactions,output/20260911-023000-29_b0_perf-nuscenes_car_seed42_60ep_bs16/lightning_logs/version_0/ct_epoch_core_loss_observation/rows
b0,2,101374,ct_epoch_core_loss_observation/rows::ct_epoch_core_loss,810992.0,all_observation_or_mechanism_transactions,output/20260911-023000-29_b0_perf-nuscenes_car_seed42_60ep_bs16/lightning_logs/version_0/ct_epoch_core_loss_observation/rows
b0,3,152061,ct_epoch_core_loss_observation/rows::ct_epoch_core_loss,810992.0,all_observation_or_mechanism_transactions,output/20260911-023000-29_b0_perf-nuscenes_car_seed42_60ep_bs16/lightning_logs/version_0/ct_epoch_core_loss_observation/rows
b0,4,202748,ct_epoch_core_loss_observation/rows::ct_epoch_core_loss,810992.0,all_observation_or_mechanism_transactions,output/20260911-023000-29_b0_perf-nuscenes_car_seed42_60ep_bs16/lightning_logs/version_0/ct_epoch_core_loss_observation/rows
b0,1,50687,ct_epoch_core_loss_observation/transactions::ct_epoch_core_loss,50687.0,all_observation_or_mechanism_transactions,output/20260911-023000-29_b0_perf-nuscenes_car_seed42_60ep_bs16/lightning_logs/version_0/ct_epoch_core_loss_observation/transactions
b0,2,101374,ct_epoch_core_loss_observation/transactions::ct_epoch_core_loss,50687.0,all_observation_or_mechanism_transactions,output/20260911-023000-29_b0_perf-nuscenes_car_seed42_60ep_bs16/lightning_logs/version_0/ct_epoch_core_loss_observation/transactions
b0,3,152061,ct_epoch_core_loss_observation/transactions::ct_epoch_core_loss,50687.0,all_observation_or_mechanism_transactions,output/20260911-023000-29_b0_perf-nuscenes_car_seed42_60ep_bs16/lightning_logs/version_0/ct_epoch_core_loss_observation/transactions
b0,4,202748,ct_epoch_core_loss_observation/transactions::ct_epoch_core_loss,50687.0,all_observation_or_mechanism_transactions,output/20260911-023000-29_b0_perf-nuscenes_car_seed42_60ep_bs16/lightning_logs/version_0/ct_epoch_core_loss_observation/transactions
b0,1,50686,seg_acc_background/train_epoch,0.8152865767478943,all_observation_or_mechanism_transactions,output/20260911-023000-29_b0_perf-nuscenes_car_seed42_60ep_bs16/lightning_logs/version_0/events.out.tfevents.1789065099.tesla-a40-2.163058.0
b0,2,101373,seg_acc_background/train_epoch,0.9109581708908081,all_observation_or_mechanism_transactions,output/20260911-023000-29_b0_perf-nuscenes_car_seed42_60ep_bs16/lightning_logs/version_0/events.out.tfevents.1789065099.tesla-a40-2.163058.0
b0,3,152060,seg_acc_background/train_epoch,0.9193460941314697,all_observation_or_mechanism_transactions,output/20260911-023000-29_b0_perf-nuscenes_car_seed42_60ep_bs16/lightning_logs/version_0/events.out.tfevents.1789065099.tesla-a40-2.163058.0
b0,4,202747,seg_acc_background/train_epoch,0.9234924912452698,all_observation_or_mechanism_transactions,output/20260911-023000-29_b0_perf-nuscenes_car_seed42_60ep_bs16/lightning_logs/version_0/events.out.tfevents.1789065099.tesla-a40-2.163058.0
b0,1,50686,seg_acc_foreground/train_epoch,0.9749569296836853,all_observation_or_mechanism_transactions,output/20260911-023000-29_b0_perf-nuscenes_car_seed42_60ep_bs16/lightning_logs/version_0/events.out.tfevents.1789065099.tesla-a40-2.163058.0
b0,2,101373,seg_acc_foreground/train_epoch,0.9833188652992249,all_observation_or_mechanism_transactions,output/20260911-023000-29_b0_perf-nuscenes_car_seed42_60ep_bs16/lightning_logs/version_0/events.out.tfevents.1789065099.tesla-a40-2.163058.0
b0,3,152060,seg_acc_foreground/train_epoch,0.9848780035972595,all_observation_or_mechanism_transactions,output/20260911-023000-29_b0_perf-nuscenes_car_seed42_60ep_bs16/lightning_logs/version_0/events.out.tfevents.1789065099.tesla-a40-2.163058.0
b0,4,202747,seg_acc_foreground/train_epoch,0.9863213300704956,all_observation_or_mechanism_transactions,output/20260911-023000-29_b0_perf-nuscenes_car_seed42_60ep_bs16/lightning_logs/version_0/events.out.tfevents.1789065099.tesla-a40-2.163058.0
b0,1,50686,motion_acc_static/train_epoch,0.9690867066383362,all_observation_or_mechanism_transactions,output/20260911-023000-29_b0_perf-nuscenes_car_seed42_60ep_bs16/lightning_logs/version_0/events.out.tfevents.1789065099.tesla-a40-2.163058.0
b0,2,101373,motion_acc_static/train_epoch,0.976233959197998,all_observation_or_mechanism_transactions,output/20260911-023000-29_b0_perf-nuscenes_car_seed42_60ep_bs16/lightning_logs/version_0/events.out.tfevents.1789065099.tesla-a40-2.163058.0
b0,3,152060,motion_acc_static/train_epoch,0.9785071611404419,all_observation_or_mechanism_transactions,output/20260911-023000-29_b0_perf-nuscenes_car_seed42_60ep_bs16/lightning_logs/version_0/events.out.tfevents.1789065099.tesla-a40-2.163058.0
b0,4,202747,motion_acc_static/train_epoch,0.9783958196640015,all_observation_or_mechanism_transactions,output/20260911-023000-29_b0_perf-nuscenes_car_seed42_60ep_bs16/lightning_logs/version_0/events.out.tfevents.1789065099.tesla-a40-2.163058.0
b0,1,50686,motion_acc_dynamic/train_epoch,0.513556182384491,all_observation_or_mechanism_transactions,output/20260911-023000-29_b0_perf-nuscenes_car_seed42_60ep_bs16/lightning_logs/version_0/events.out.tfevents.1789065099.tesla-a40-2.163058.0
b0,2,101373,motion_acc_dynamic/train_epoch,0.5778781175613403,all_observation_or_mechanism_transactions,output/20260911-023000-29_b0_perf-nuscenes_car_seed42_60ep_bs16/lightning_logs/version_0/events.out.tfevents.1789065099.tesla-a40-2.163058.0
b0,3,152060,motion_acc_dynamic/train_epoch,0.5895557999610901,all_observation_or_mechanism_transactions,output/20260911-023000-29_b0_perf-nuscenes_car_seed42_60ep_bs16/lightning_logs/version_0/events.out.tfevents.1789065099.tesla-a40-2.163058.0
b0,4,202747,motion_acc_dynamic/train_epoch,0.5992956161499023,all_observation_or_mechanism_transactions,output/20260911-023000-29_b0_perf-nuscenes_car_seed42_60ep_bs16/lightning_logs/version_0/events.out.tfevents.1789065099.tesla-a40-2.163058.0
full_cfc,1,50687,ct_epoch_calibration_sampled_harm_sampled_rows::ct_epoch_calibration_sampled,666.0,sampled_diagnostic,output/20260911-023006-29_full_cfc_perf-nuscenes_car_seed42_60ep_bs16/lightning_logs/version_0/ct_epoch_calibration_sampled_harm_sampled_rows
full_cfc,2,101374,ct_epoch_calibration_sampled_harm_sampled_rows::ct_epoch_calibration_sampled,665.0,sampled_diagnostic,output/20260911-023006-29_full_cfc_perf-nuscenes_car_seed42_60ep_bs16/lightning_logs/version_0/ct_epoch_calibration_sampled_harm_sampled_rows
full_cfc,1,50687,ct_epoch_calibration_sampled_help_sampled_rows::ct_epoch_calibration_sampled,666.0,sampled_diagnostic,output/20260911-023006-29_full_cfc_perf-nuscenes_car_seed42_60ep_bs16/lightning_logs/version_0/ct_epoch_calibration_sampled_help_sampled_rows
full_cfc,2,101374,ct_epoch_calibration_sampled_help_sampled_rows::ct_epoch_calibration_sampled,665.0,sampled_diagnostic,output/20260911-023006-29_full_cfc_perf-nuscenes_car_seed42_60ep_bs16/lightning_logs/version_0/ct_epoch_calibration_sampled_help_sampled_rows
full_cfc,1,50687,ct_epoch_calibration_sampled_presence_sampled_rows::ct_epoch_calibration_sampled,666.0,sampled_diagnostic,output/20260911-023006-29_full_cfc_perf-nuscenes_car_seed42_60ep_bs16/lightning_logs/version_0/ct_epoch_calibration_sampled_presence_sampled_rows
full_cfc,2,101374,ct_epoch_calibration_sampled_presence_sampled_rows::ct_epoch_calibration_sampled,665.0,sampled_diagnostic,output/20260911-023006-29_full_cfc_perf-nuscenes_car_seed42_60ep_bs16/lightning_logs/version_0/ct_epoch_calibration_sampled_presence_sampled_rows
full_cfc,1,50687,ct_epoch_calibration_sampled_sample_interval::ct_epoch_calibration_sampled,100.0,sampled_diagnostic,output/20260911-023006-29_full_cfc_perf-nuscenes_car_seed42_60ep_bs16/lightning_logs/version_0/ct_epoch_calibration_sampled_sample_interval
full_cfc,2,101374,ct_epoch_calibration_sampled_sample_interval::ct_epoch_calibration_sampled,100.0,sampled_diagnostic,output/20260911-023006-29_full_cfc_perf-nuscenes_car_seed42_60ep_bs16/lightning_logs/version_0/ct_epoch_calibration_sampled_sample_interval
full_cfc,1,50687,ct_epoch_calibration_sampled_sampled_bounded_precision_gain_mean::ct_epoch_calibration_sampled,-0.11722972244024277,sampled_diagnostic,output/20260911-023006-29_full_cfc_perf-nuscenes_car_seed42_60ep_bs16/lightning_logs/version_0/ct_epoch_calibration_sampled_sampled_bounded_precision_gain_mean
full_cfc,2,101374,ct_epoch_calibration_sampled_sampled_bounded_precision_gain_mean::ct_epoch_calibration_sampled,-0.13778194785118103,sampled_diagnostic,output/20260911-023006-29_full_cfc_perf-nuscenes_car_seed42_60ep_bs16/lightning_logs/version_0/ct_epoch_calibration_sampled_sampled_bounded_precision_gain_mean
full_cfc,1,50687,ct_epoch_calibration_sampled_sampled_bounded_success_gain_mean::ct_epoch_calibration_sampled,-0.13918918371200562,sampled_diagnostic,output/20260911-023006-29_full_cfc_perf-nuscenes_car_seed42_60ep_bs16/lightning_logs/version_0/ct_epoch_calibration_sampled_sampled_bounded_success_gain_mean
full_cfc,2,101374,ct_epoch_calibration_sampled_sampled_bounded_success_gain_mean::ct_epoch_calibration_sampled,-0.16789472103118896,sampled_diagnostic,output/20260911-023006-29_full_cfc_perf-nuscenes_car_seed42_60ep_bs16/lightning_logs/version_0/ct_epoch_calibration_sampled_sampled_bounded_success_gain_mean
full_cfc,1,50687,ct_epoch_calibration_sampled_sampled_bounded_utility_gain_mean::ct_epoch_calibration_sampled,-0.1282094568014145,sampled_diagnostic,output/20260911-023006-29_full_cfc_perf-nuscenes_car_seed42_60ep_bs16/lightning_logs/version_0/ct_epoch_calibration_sampled_sampled_bounded_utility_gain_mean
full_cfc,2,101374,ct_epoch_calibration_sampled_sampled_bounded_utility_gain_mean::ct_epoch_calibration_sampled,-0.152838334441185,sampled_diagnostic,output/20260911-023006-29_full_cfc_perf-nuscenes_car_seed42_60ep_bs16/lightning_logs/version_0/ct_epoch_calibration_sampled_sampled_bounded_utility_gain_mean
full_cfc,1,50687,ct_epoch_calibration_sampled_sampled_harm_ap::ct_epoch_calibration_sampled,0.8733177185058594,sampled_diagnostic,output/20260911-023006-29_full_cfc_perf-nuscenes_car_seed42_60ep_bs16/lightning_logs/version_0/ct_epoch_calibration_sampled_sampled_harm_ap
full_cfc,2,101374,ct_epoch_calibration_sampled_sampled_harm_ap::ct_epoch_calibration_sampled,0.9200465083122253,sampled_diagnostic,output/20260911-023006-29_full_cfc_perf-nuscenes_car_seed42_60ep_bs16/lightning_logs/version_0/ct_epoch_calibration_sampled_sampled_harm_ap
full_cfc,1,50687,ct_epoch_calibration_sampled_sampled_harm_auprc::ct_epoch_calibration_sampled,0.8733177185058594,sampled_diagnostic,output/20260911-023006-29_full_cfc_perf-nuscenes_car_seed42_60ep_bs16/lightning_logs/version_0/ct_epoch_calibration_sampled_sampled_harm_auprc
full_cfc,2,101374,ct_epoch_calibration_sampled_sampled_harm_auprc::ct_epoch_calibration_sampled,0.9200465083122253,sampled_diagnostic,output/20260911-023006-29_full_cfc_perf-nuscenes_car_seed42_60ep_bs16/lightning_logs/version_0/ct_epoch_calibration_sampled_sampled_harm_auprc
full_cfc,1,50687,ct_epoch_calibration_sampled_sampled_harm_auroc::ct_epoch_calibration_sampled,0.8371391296386719,sampled_diagnostic,output/20260911-023006-29_full_cfc_perf-nuscenes_car_seed42_60ep_bs16/lightning_logs/version_0/ct_epoch_calibration_sampled_sampled_harm_auroc
full_cfc,2,101374,ct_epoch_calibration_sampled_sampled_harm_auroc::ct_epoch_calibration_sampled,0.8588261008262634,sampled_diagnostic,output/20260911-023006-29_full_cfc_perf-nuscenes_car_seed42_60ep_bs16/lightning_logs/version_0/ct_epoch_calibration_sampled_sampled_harm_auroc
full_cfc,1,50687,ct_epoch_calibration_sampled_sampled_harm_calibration_bin0_confidence::ct_epoch_calibration_sampled,0.13568198680877686,sampled_diagnostic,output/20260911-023006-29_full_cfc_perf-nuscenes_car_seed42_60ep_bs16/lightning_logs/version_0/ct_epoch_calibration_sampled_sampled_harm_calibration_bin0_confidence
full_cfc,2,101374,ct_epoch_calibration_sampled_sampled_harm_calibration_bin0_confidence::ct_epoch_calibration_sampled,0.13040092587471008,sampled_diagnostic,output/20260911-023006-29_full_cfc_perf-nuscenes_car_seed42_60ep_bs16/lightning_logs/version_0/ct_epoch_calibration_sampled_sampled_harm_calibration_bin0_confidence
full_cfc,1,50687,ct_epoch_calibration_sampled_sampled_harm_calibration_bin0_count::ct_epoch_calibration_sampled,56.0,sampled_diagnostic,output/20260911-023006-29_full_cfc_perf-nuscenes_car_seed42_60ep_bs16/lightning_logs/version_0/ct_epoch_calibration_sampled_sampled_harm_calibration_bin0_count
full_cfc,2,101374,ct_epoch_calibration_sampled_sampled_harm_calibration_bin0_count::ct_epoch_calibration_sampled,63.0,sampled_diagnostic,output/20260911-023006-29_full_cfc_perf-nuscenes_car_seed42_60ep_bs16/lightning_logs/version_0/ct_epoch_calibration_sampled_sampled_harm_calibration_bin0_count
full_cfc,1,50687,ct_epoch_calibration_sampled_sampled_harm_calibration_bin0_positive_rate::ct_epoch_calibration_sampled,0.1607142835855484,sampled_diagnostic,output/20260911-023006-29_full_cfc_perf-nuscenes_car_seed42_60ep_bs16/lightning_logs/version_0/ct_epoch_calibration_sampled_sampled_harm_calibration_bin0_positive_rate
full_cfc,2,101374,ct_epoch_calibration_sampled_sampled_harm_calibration_bin0_positive_rate::ct_epoch_calibration_sampled,0.1269841343164444,sampled_diagnostic,output/20260911-023006-29_full_cfc_perf-nuscenes_car_seed42_60ep_bs16/lightning_logs/version_0/ct_epoch_calibration_sampled_sampled_harm_calibration_bin0_positive_rate
full_cfc,1,50687,ct_epoch_calibration_sampled_sampled_harm_calibration_bin1_confidence::ct_epoch_calibration_sampled,0.2970176339149475,sampled_diagnostic,output/20260911-023006-29_full_cfc_perf-nuscenes_car_seed42_60ep_bs16/lightning_logs/version_0/ct_epoch_calibration_sampled_sampled_harm_calibration_bin1_confidence
full_cfc,2,101374,ct_epoch_calibration_sampled_sampled_harm_calibration_bin1_confidence::ct_epoch_calibration_sampled,0.2975280284881592,sampled_diagnostic,output/20260911-023006-29_full_cfc_perf-nuscenes_car_seed42_60ep_bs16/lightning_logs/version_0/ct_epoch_calibration_sampled_sampled_harm_calibration_bin1_confidence
full_cfc,1,50687,ct_epoch_calibration_sampled_sampled_harm_calibration_bin1_count::ct_epoch_calibration_sampled,134.0,sampled_diagnostic,output/20260911-023006-29_full_cfc_perf-nuscenes_car_seed42_60ep_bs16/lightning_logs/version_0/ct_epoch_calibration_sampled_sampled_harm_calibration_bin1_count
full_cfc,2,101374,ct_epoch_calibration_sampled_sampled_harm_calibration_bin1_count::ct_epoch_calibration_sampled,122.0,sampled_diagnostic,output/20260911-023006-29_full_cfc_perf-nuscenes_car_seed42_60ep_bs16/lightning_logs/version_0/ct_epoch_calibration_sampled_sampled_harm_calibration_bin1_count
full_cfc,1,50687,ct_epoch_calibration_sampled_sampled_harm_calibration_bin1_positive_rate::ct_epoch_calibration_sampled,0.23880596458911896,sampled_diagnostic,output/20260911-023006-29_full_cfc_perf-nuscenes_car_seed42_60ep_bs16/lightning_logs/version_0/ct_epoch_calibration_sampled_sampled_harm_calibration_bin1_positive_rate
full_cfc,2,101374,ct_epoch_calibration_sampled_sampled_harm_calibration_bin1_positive_rate::ct_epoch_calibration_sampled,0.2950819730758667,sampled_diagnostic,output/20260911-023006-29_full_cfc_perf-nuscenes_car_seed42_60ep_bs16/lightning_logs/version_0/ct_epoch_calibration_sampled_sampled_harm_calibration_bin1_positive_rate
full_cfc,1,50687,ct_epoch_calibration_sampled_sampled_harm_calibration_bin2_confidence::ct_epoch_calibration_sampled,0.48437342047691345,sampled_diagnostic,output/20260911-023006-29_full_cfc_perf-nuscenes_car_seed42_60ep_bs16/lightning_logs/version_0/ct_epoch_calibration_sampled_sampled_harm_calibration_bin2_confidence
full_cfc,2,101374,ct_epoch_calibration_sampled_sampled_harm_calibration_bin2_confidence::ct_epoch_calibration_sampled,0.5068287253379822,sampled_diagnostic,output/20260911-023006-29_full_cfc_perf-nuscenes_car_seed42_60ep_bs16/lightning_logs/version_0/ct_epoch_calibration_sampled_sampled_harm_calibration_bin2_confidence
full_cfc,1,50687,ct_epoch_calibration_sampled_sampled_harm_calibration_bin2_count::ct_epoch_calibration_sampled,141.0,sampled_diagnostic,output/20260911-023006-29_full_cfc_perf-nuscenes_car_seed42_60ep_bs16/lightning_logs/version_0/ct_epoch_calibration_sampled_sampled_harm_calibration_bin2_count
full_cfc,2,101374,ct_epoch_calibration_sampled_sampled_harm_calibration_bin2_count::ct_epoch_calibration_sampled,89.0,sampled_diagnostic,output/20260911-023006-29_full_cfc_perf-nuscenes_car_seed42_60ep_bs16/lightning_logs/version_0/ct_epoch_calibration_sampled_sampled_harm_calibration_bin2_count
full_cfc,1,50687,ct_epoch_calibration_sampled_sampled_harm_calibration_bin2_positive_rate::ct_epoch_calibration_sampled,0.4609929025173187,sampled_diagnostic,output/20260911-023006-29_full_cfc_perf-nuscenes_car_seed42_60ep_bs16/lightning_logs/version_0/ct_epoch_calibration_sampled_sampled_harm_calibration_bin2_positive_rate
full_cfc,2,101374,ct_epoch_calibration_sampled_sampled_harm_calibration_bin2_positive_rate::ct_epoch_calibration_sampled,0.584269642829895,sampled_diagnostic,output/20260911-023006-29_full_cfc_perf-nuscenes_car_seed42_60ep_bs16/lightning_logs/version_0/ct_epoch_calibration_sampled_sampled_harm_calibration_bin2_positive_rate
full_cfc,1,50687,ct_epoch_calibration_sampled_sampled_harm_calibration_bin3_confidence::ct_epoch_calibration_sampled,0.7173082232475281,sampled_diagnostic,output/20260911-023006-29_full_cfc_perf-nuscenes_car_seed42_60ep_bs16/lightning_logs/version_0/ct_epoch_calibration_sampled_sampled_harm_calibration_bin3_confidence
full_cfc,2,101374,ct_epoch_calibration_sampled_sampled_harm_calibration_bin3_confidence::ct_epoch_calibration_sampled,0.7203846573829651,sampled_diagnostic,output/20260911-023006-29_full_cfc_perf-nuscenes_car_seed42_60ep_bs16/lightning_logs/version_0/ct_epoch_calibration_sampled_sampled_harm_calibration_bin3_confidence
full_cfc,1,50687,ct_epoch_calibration_sampled_sampled_harm_calibration_bin3_count::ct_epoch_calibration_sampled,111.0,sampled_diagnostic,output/20260911-023006-29_full_cfc_perf-nuscenes_car_seed42_60ep_bs16/lightning_logs/version_0/ct_epoch_calibration_sampled_sampled_harm_calibration_bin3_count
full_cfc,2,101374,ct_epoch_calibration_sampled_sampled_harm_calibration_bin3_count::ct_epoch_calibration_sampled,117.0,sampled_diagnostic,output/20260911-023006-29_full_cfc_perf-nuscenes_car_seed42_60ep_bs16/lightning_logs/version_0/ct_epoch_calibration_sampled_sampled_harm_calibration_bin3_count
full_cfc,1,50687,ct_epoch_calibration_sampled_sampled_harm_calibration_bin3_positive_rate::ct_epoch_calibration_sampled,0.7387387156486511,sampled_diagnostic,output/20260911-023006-29_full_cfc_perf-nuscenes_car_seed42_60ep_bs16/lightning_logs/version_0/ct_epoch_calibration_sampled_sampled_harm_calibration_bin3_positive_rate
full_cfc,2,101374,ct_epoch_calibration_sampled_sampled_harm_calibration_bin3_positive_rate::ct_epoch_calibration_sampled,0.752136766910553,sampled_diagnostic,output/20260911-023006-29_full_cfc_perf-nuscenes_car_seed42_60ep_bs16/lightning_logs/version_0/ct_epoch_calibration_sampled_sampled_harm_calibration_bin3_positive_rate
full_cfc,1,50687,ct_epoch_calibration_sampled_sampled_harm_calibration_bin4_confidence::ct_epoch_calibration_sampled,0.8798766136169434,sampled_diagnostic,output/20260911-023006-29_full_cfc_perf-nuscenes_car_seed42_60ep_bs16/lightning_logs/version_0/ct_epoch_calibration_sampled_sampled_harm_calibration_bin4_confidence
full_cfc,2,101374,ct_epoch_calibration_sampled_sampled_harm_calibration_bin4_confidence::ct_epoch_calibration_sampled,0.8887465000152588,sampled_diagnostic,output/20260911-023006-29_full_cfc_perf-nuscenes_car_seed42_60ep_bs16/lightning_logs/version_0/ct_epoch_calibration_sampled_sampled_harm_calibration_bin4_confidence
full_cfc,1,50687,ct_epoch_calibration_sampled_sampled_harm_calibration_bin4_count::ct_epoch_calibration_sampled,224.0,sampled_diagnostic,output/20260911-023006-29_full_cfc_perf-nuscenes_car_seed42_60ep_bs16/lightning_logs/version_0/ct_epoch_calibration_sampled_sampled_harm_calibration_bin4_count
full_cfc,2,101374,ct_epoch_calibration_sampled_sampled_harm_calibration_bin4_count::ct_epoch_calibration_sampled,274.0,sampled_diagnostic,output/20260911-023006-29_full_cfc_perf-nuscenes_car_seed42_60ep_bs16/lightning_logs/version_0/ct_epoch_calibration_sampled_sampled_harm_calibration_bin4_count
full_cfc,1,50687,ct_epoch_calibration_sampled_sampled_harm_calibration_bin4_positive_rate::ct_epoch_calibration_sampled,0.8839285969734192,sampled_diagnostic,output/20260911-023006-29_full_cfc_perf-nuscenes_car_seed42_60ep_bs16/lightning_logs/version_0/ct_epoch_calibration_sampled_sampled_harm_calibration_bin4_positive_rate
full_cfc,2,101374,ct_epoch_calibration_sampled_sampled_harm_calibration_bin4_positive_rate::ct_epoch_calibration_sampled,0.9233576655387878,sampled_diagnostic,output/20260911-023006-29_full_cfc_perf-nuscenes_car_seed42_60ep_bs16/lightning_logs/version_0/ct_epoch_calibration_sampled_sampled_harm_calibration_bin4_positive_rate
full_cfc,1,50687,ct_epoch_calibration_sampled_sampled_harm_ece::ct_epoch_calibration_sampled,0.02370157651603222,sampled_diagnostic,output/20260911-023006-29_full_cfc_perf-nuscenes_car_seed42_60ep_bs16/lightning_logs/version_0/ct_epoch_calibration_sampled_sampled_harm_ece
full_cfc,2,101374,ct_epoch_calibration_sampled_sampled_harm_ece::ct_epoch_calibration_sampled,0.03098401054739952,sampled_diagnostic,output/20260911-023006-29_full_cfc_perf-nuscenes_car_seed42_60ep_bs16/lightning_logs/version_0/ct_epoch_calibration_sampled_sampled_harm_ece
full_cfc,1,50687,ct_epoch_calibration_sampled_sampled_harm_negative_count::ct_epoch_calibration_sampled,280.0,sampled_diagnostic,output/20260911-023006-29_full_cfc_perf-nuscenes_car_seed42_60ep_bs16/lightning_logs/version_0/ct_epoch_calibration_sampled_sampled_harm_negative_count
full_cfc,2,101374,ct_epoch_calibration_sampled_sampled_harm_negative_count::ct_epoch_calibration_sampled,228.0,sampled_diagnostic,output/20260911-023006-29_full_cfc_perf-nuscenes_car_seed42_60ep_bs16/lightning_logs/version_0/ct_epoch_calibration_sampled_sampled_harm_negative_count
full_cfc,1,50687,ct_epoch_calibration_sampled_sampled_harm_negative_mean::ct_epoch_calibration_sampled,0.40768638253211975,sampled_diagnostic,output/20260911-023006-29_full_cfc_perf-nuscenes_car_seed42_60ep_bs16/lightning_logs/version_0/ct_epoch_calibration_sampled_sampled_harm_negative_mean
full_cfc,2,101374,ct_epoch_calibration_sampled_sampled_harm_negative_mean::ct_epoch_calibration_sampled,0.393459677696228,sampled_diagnostic,output/20260911-023006-29_full_cfc_perf-nuscenes_car_seed42_60ep_bs16/lightning_logs/version_0/ct_epoch_calibration_sampled_sampled_harm_negative_mean
full_cfc,1,50687,ct_epoch_calibration_sampled_sampled_harm_positive_count::ct_epoch_calibration_sampled,386.0,sampled_diagnostic,output/20260911-023006-29_full_cfc_perf-nuscenes_car_seed42_60ep_bs16/lightning_logs/version_0/ct_epoch_calibration_sampled_sampled_harm_positive_count
full_cfc,2,101374,ct_epoch_calibration_sampled_sampled_harm_positive_count::ct_epoch_calibration_sampled,437.0,sampled_diagnostic,output/20260911-023006-29_full_cfc_perf-nuscenes_car_seed42_60ep_bs16/lightning_logs/version_0/ct_epoch_calibration_sampled_sampled_harm_positive_count
full_cfc,1,50687,ct_epoch_calibration_sampled_sampled_harm_positive_mean::ct_epoch_calibration_sampled,0.7208720445632935,sampled_diagnostic,output/20260911-023006-29_full_cfc_perf-nuscenes_car_seed42_60ep_bs16/lightning_logs/version_0/ct_epoch_calibration_sampled_sampled_harm_positive_mean
full_cfc,2,101374,ct_epoch_calibration_sampled_sampled_harm_positive_mean::ct_epoch_calibration_sampled,0.7499180436134338,sampled_diagnostic,output/20260911-023006-29_full_cfc_perf-nuscenes_car_seed42_60ep_bs16/lightning_logs/version_0/ct_epoch_calibration_sampled_sampled_harm_positive_mean
full_cfc,1,50687,ct_epoch_calibration_sampled_sampled_help_ap::ct_epoch_calibration_sampled,0.20972353219985962,sampled_diagnostic,output/20260911-023006-29_full_cfc_perf-nuscenes_car_seed42_60ep_bs16/lightning_logs/version_0/ct_epoch_calibration_sampled_sampled_help_ap
full_cfc,2,101374,ct_epoch_calibration_sampled_sampled_help_ap::ct_epoch_calibration_sampled,0.37186598777770996,sampled_diagnostic,output/20260911-023006-29_full_cfc_perf-nuscenes_car_seed42_60ep_bs16/lightning_logs/version_0/ct_epoch_calibration_sampled_sampled_help_ap
full_cfc,1,50687,ct_epoch_calibration_sampled_sampled_help_auprc::ct_epoch_calibration_sampled,0.20972353219985962,sampled_diagnostic,output/20260911-023006-29_full_cfc_perf-nuscenes_car_seed42_60ep_bs16/lightning_logs/version_0/ct_epoch_calibration_sampled_sampled_help_auprc
full_cfc,2,101374,ct_epoch_calibration_sampled_sampled_help_auprc::ct_epoch_calibration_sampled,0.37186598777770996,sampled_diagnostic,output/20260911-023006-29_full_cfc_perf-nuscenes_car_seed42_60ep_bs16/lightning_logs/version_0/ct_epoch_calibration_sampled_sampled_help_auprc
full_cfc,1,50687,ct_epoch_calibration_sampled_sampled_help_auroc::ct_epoch_calibration_sampled,0.6744198799133301,sampled_diagnostic,output/20260911-023006-29_full_cfc_perf-nuscenes_car_seed42_60ep_bs16/lightning_logs/version_0/ct_epoch_calibration_sampled_sampled_help_auroc
full_cfc,2,101374,ct_epoch_calibration_sampled_sampled_help_auroc::ct_epoch_calibration_sampled,0.7579107284545898,sampled_diagnostic,output/20260911-023006-29_full_cfc_perf-nuscenes_car_seed42_60ep_bs16/lightning_logs/version_0/ct_epoch_calibration_sampled_sampled_help_auroc
full_cfc,1,50687,ct_epoch_calibration_sampled_sampled_help_calibration_bin0_confidence::ct_epoch_calibration_sampled,0.08277033269405365,sampled_diagnostic,output/20260911-023006-29_full_cfc_perf-nuscenes_car_seed42_60ep_bs16/lightning_logs/version_0/ct_epoch_calibration_sampled_sampled_help_calibration_bin0_confidence
full_cfc,2,101374,ct_epoch_calibration_sampled_sampled_help_calibration_bin0_confidence::ct_epoch_calibration_sampled,0.07283596694469452,sampled_diagnostic,output/20260911-023006-29_full_cfc_perf-nuscenes_car_seed42_60ep_bs16/lightning_logs/version_0/ct_epoch_calibration_sampled_sampled_help_calibration_bin0_confidence
full_cfc,1,50687,ct_epoch_calibration_sampled_sampled_help_calibration_bin0_count::ct_epoch_calibration_sampled,615.0,sampled_diagnostic,output/20260911-023006-29_full_cfc_perf-nuscenes_car_seed42_60ep_bs16/lightning_logs/version_0/ct_epoch_calibration_sampled_sampled_help_calibration_bin0_count
full_cfc,2,101374,ct_epoch_calibration_sampled_sampled_help_calibration_bin0_count::ct_epoch_calibration_sampled,509.0,sampled_diagnostic,output/20260911-023006-29_full_cfc_perf-nuscenes_car_seed42_60ep_bs16/lightning_logs/version_0/ct_epoch_calibration_sampled_sampled_help_calibration_bin0_count
full_cfc,1,50687,ct_epoch_calibration_sampled_sampled_help_calibration_bin0_positive_rate::ct_epoch_calibration_sampled,0.07804878056049347,sampled_diagnostic,output/20260911-023006-29_full_cfc_perf-nuscenes_car_seed42_60ep_bs16/lightning_logs/version_0/ct_epoch_calibration_sampled_sampled_help_calibration_bin0_positive_rate
full_cfc,2,101374,ct_epoch_calibration_sampled_sampled_help_calibration_bin0_positive_rate::ct_epoch_calibration_sampled,0.07858546078205109,sampled_diagnostic,output/20260911-023006-29_full_cfc_perf-nuscenes_car_seed42_60ep_bs16/lightning_logs/version_0/ct_epoch_calibration_sampled_sampled_help_calibration_bin0_positive_rate
full_cfc,1,50687,ct_epoch_calibration_sampled_sampled_help_calibration_bin1_confidence::ct_epoch_calibration_sampled,0.26396775245666504,sampled_diagnostic,output/20260911-023006-29_full_cfc_perf-nuscenes_car_seed42_60ep_bs16/lightning_logs/version_0/ct_epoch_calibration_sampled_sampled_help_calibration_bin1_confidence
full_cfc,2,101374,ct_epoch_calibration_sampled_sampled_help_calibration_bin1_confidence::ct_epoch_calibration_sampled,0.2779078185558319,sampled_diagnostic,output/20260911-023006-29_full_cfc_perf-nuscenes_car_seed42_60ep_bs16/lightning_logs/version_0/ct_epoch_calibration_sampled_sampled_help_calibration_bin1_confidence
full_cfc,1,50687,ct_epoch_calibration_sampled_sampled_help_calibration_bin1_count::ct_epoch_calibration_sampled,49.0,sampled_diagnostic,output/20260911-023006-29_full_cfc_perf-nuscenes_car_seed42_60ep_bs16/lightning_logs/version_0/ct_epoch_calibration_sampled_sampled_help_calibration_bin1_count
full_cfc,2,101374,ct_epoch_calibration_sampled_sampled_help_calibration_bin1_count::ct_epoch_calibration_sampled,104.0,sampled_diagnostic,output/20260911-023006-29_full_cfc_perf-nuscenes_car_seed42_60ep_bs16/lightning_logs/version_0/ct_epoch_calibration_sampled_sampled_help_calibration_bin1_count
full_cfc,1,50687,ct_epoch_calibration_sampled_sampled_help_calibration_bin1_positive_rate::ct_epoch_calibration_sampled,0.20408163964748383,sampled_diagnostic,output/20260911-023006-29_full_cfc_perf-nuscenes_car_seed42_60ep_bs16/lightning_logs/version_0/ct_epoch_calibration_sampled_sampled_help_calibration_bin1_positive_rate
full_cfc,2,101374,ct_epoch_calibration_sampled_sampled_help_calibration_bin1_positive_rate::ct_epoch_calibration_sampled,0.21153846383094788,sampled_diagnostic,output/20260911-023006-29_full_cfc_perf-nuscenes_car_seed42_60ep_bs16/lightning_logs/version_0/ct_epoch_calibration_sampled_sampled_help_calibration_bin1_positive_rate
full_cfc,1,50687,ct_epoch_calibration_sampled_sampled_help_calibration_bin2_confidence::ct_epoch_calibration_sampled,0.41737255454063416,sampled_diagnostic,output/20260911-023006-29_full_cfc_perf-nuscenes_car_seed42_60ep_bs16/lightning_logs/version_0/ct_epoch_calibration_sampled_sampled_help_calibration_bin2_confidence
full_cfc,2,101374,ct_epoch_calibration_sampled_sampled_help_calibration_bin2_confidence::ct_epoch_calibration_sampled,0.483788400888443,sampled_diagnostic,output/20260911-023006-29_full_cfc_perf-nuscenes_car_seed42_60ep_bs16/lightning_logs/version_0/ct_epoch_calibration_sampled_sampled_help_calibration_bin2_confidence
full_cfc,1,50687,ct_epoch_calibration_sampled_sampled_help_calibration_bin2_count::ct_epoch_calibration_sampled,2.0,sampled_diagnostic,output/20260911-023006-29_full_cfc_perf-nuscenes_car_seed42_60ep_bs16/lightning_logs/version_0/ct_epoch_calibration_sampled_sampled_help_calibration_bin2_count
full_cfc,2,101374,ct_epoch_calibration_sampled_sampled_help_calibration_bin2_count::ct_epoch_calibration_sampled,49.0,sampled_diagnostic,output/20260911-023006-29_full_cfc_perf-nuscenes_car_seed42_60ep_bs16/lightning_logs/version_0/ct_epoch_calibration_sampled_sampled_help_calibration_bin2_count
full_cfc,1,50687,ct_epoch_calibration_sampled_sampled_help_calibration_bin2_positive_rate::ct_epoch_calibration_sampled,0.5,sampled_diagnostic,output/20260911-023006-29_full_cfc_perf-nuscenes_car_seed42_60ep_bs16/lightning_logs/version_0/ct_epoch_calibration_sampled_sampled_help_calibration_bin2_positive_rate
full_cfc,2,101374,ct_epoch_calibration_sampled_sampled_help_calibration_bin2_positive_rate::ct_epoch_calibration_sampled,0.40816327929496765,sampled_diagnostic,output/20260911-023006-29_full_cfc_perf-nuscenes_car_seed42_60ep_bs16/lightning_logs/version_0/ct_epoch_calibration_sampled_sampled_help_calibration_bin2_positive_rate
full_cfc,1,50687,ct_epoch_calibration_sampled_sampled_help_calibration_bin3_confidence::ct_epoch_calibration_sampled,0.0,sampled_diagnostic,output/20260911-023006-29_full_cfc_perf-nuscenes_car_seed42_60ep_bs16/lightning_logs/version_0/ct_epoch_calibration_sampled_sampled_help_calibration_bin3_confidence
full_cfc,2,101374,ct_epoch_calibration_sampled_sampled_help_calibration_bin3_confidence::ct_epoch_calibration_sampled,0.6555541753768921,sampled_diagnostic,output/20260911-023006-29_full_cfc_perf-nuscenes_car_seed42_60ep_bs16/lightning_logs/version_0/ct_epoch_calibration_sampled_sampled_help_calibration_bin3_confidence
full_cfc,1,50687,ct_epoch_calibration_sampled_sampled_help_calibration_bin3_count::ct_epoch_calibration_sampled,0.0,sampled_diagnostic,output/20260911-023006-29_full_cfc_perf-nuscenes_car_seed42_60ep_bs16/lightning_logs/version_0/ct_epoch_calibration_sampled_sampled_help_calibration_bin3_count
full_cfc,2,101374,ct_epoch_calibration_sampled_sampled_help_calibration_bin3_count::ct_epoch_calibration_sampled,3.0,sampled_diagnostic,output/20260911-023006-29_full_cfc_perf-nuscenes_car_seed42_60ep_bs16/lightning_logs/version_0/ct_epoch_calibration_sampled_sampled_help_calibration_bin3_count
full_cfc,1,50687,ct_epoch_calibration_sampled_sampled_help_calibration_bin3_positive_rate::ct_epoch_calibration_sampled,0.0,sampled_diagnostic,output/20260911-023006-29_full_cfc_perf-nuscenes_car_seed42_60ep_bs16/lightning_logs/version_0/ct_epoch_calibration_sampled_sampled_help_calibration_bin3_positive_rate
full_cfc,2,101374,ct_epoch_calibration_sampled_sampled_help_calibration_bin3_positive_rate::ct_epoch_calibration_sampled,1.0,sampled_diagnostic,output/20260911-023006-29_full_cfc_perf-nuscenes_car_seed42_60ep_bs16/lightning_logs/version_0/ct_epoch_calibration_sampled_sampled_help_calibration_bin3_positive_rate
full_cfc,1,50687,ct_epoch_calibration_sampled_sampled_help_calibration_bin4_confidence::ct_epoch_calibration_sampled,0.0,sampled_diagnostic,output/20260911-023006-29_full_cfc_perf-nuscenes_car_seed42_60ep_bs16/lightning_logs/version_0/ct_epoch_calibration_sampled_sampled_help_calibration_bin4_confidence
full_cfc,2,101374,ct_epoch_calibration_sampled_sampled_help_calibration_bin4_confidence::ct_epoch_calibration_sampled,0.0,sampled_diagnostic,output/20260911-023006-29_full_cfc_perf-nuscenes_car_seed42_60ep_bs16/lightning_logs/version_0/ct_epoch_calibration_sampled_sampled_help_calibration_bin4_confidence
full_cfc,1,50687,ct_epoch_calibration_sampled_sampled_help_calibration_bin4_count::ct_epoch_calibration_sampled,0.0,sampled_diagnostic,output/20260911-023006-29_full_cfc_perf-nuscenes_car_seed42_60ep_bs16/lightning_logs/version_0/ct_epoch_calibration_sampled_sampled_help_calibration_bin4_count
full_cfc,2,101374,ct_epoch_calibration_sampled_sampled_help_calibration_bin4_count::ct_epoch_calibration_sampled,0.0,sampled_diagnostic,output/20260911-023006-29_full_cfc_perf-nuscenes_car_seed42_60ep_bs16/lightning_logs/version_0/ct_epoch_calibration_sampled_sampled_help_calibration_bin4_count
full_cfc,1,50687,ct_epoch_calibration_sampled_sampled_help_calibration_bin4_positive_rate::ct_epoch_calibration_sampled,0.0,sampled_diagnostic,output/20260911-023006-29_full_cfc_perf-nuscenes_car_seed42_60ep_bs16/lightning_logs/version_0/ct_epoch_calibration_sampled_sampled_help_calibration_bin4_positive_rate
full_cfc,2,101374,ct_epoch_calibration_sampled_sampled_help_calibration_bin4_positive_rate::ct_epoch_calibration_sampled,0.0,sampled_diagnostic,output/20260911-023006-29_full_cfc_perf-nuscenes_car_seed42_60ep_bs16/lightning_logs/version_0/ct_epoch_calibration_sampled_sampled_help_calibration_bin4_positive_rate
full_cfc,1,50687,ct_epoch_calibration_sampled_sampled_help_ece::ct_epoch_calibration_sampled,0.009014157578349113,sampled_diagnostic,output/20260911-023006-29_full_cfc_perf-nuscenes_car_seed42_60ep_bs16/lightning_logs/version_0/ct_epoch_calibration_sampled_sampled_help_ece
full_cfc,2,101374,ct_epoch_calibration_sampled_sampled_help_ece::ct_epoch_calibration_sampled,0.02190658077597618,sampled_diagnostic,output/20260911-023006-29_full_cfc_perf-nuscenes_car_seed42_60ep_bs16/lightning_logs/version_0/ct_epoch_calibration_sampled_sampled_help_ece
full_cfc,1,50687,ct_epoch_calibration_sampled_sampled_help_negative_count::ct_epoch_calibration_sampled,607.0,sampled_diagnostic,output/20260911-023006-29_full_cfc_perf-nuscenes_car_seed42_60ep_bs16/lightning_logs/version_0/ct_epoch_calibration_sampled_sampled_help_negative_count
full_cfc,2,101374,ct_epoch_calibration_sampled_sampled_help_negative_count::ct_epoch_calibration_sampled,580.0,sampled_diagnostic,output/20260911-023006-29_full_cfc_perf-nuscenes_car_seed42_60ep_bs16/lightning_logs/version_0/ct_epoch_calibration_sampled_sampled_help_negative_count
full_cfc,1,50687,ct_epoch_calibration_sampled_sampled_help_negative_mean::ct_epoch_calibration_sampled,0.09300226718187332,sampled_diagnostic,output/20260911-023006-29_full_cfc_perf-nuscenes_car_seed42_60ep_bs16/lightning_logs/version_0/ct_epoch_calibration_sampled_sampled_help_negative_mean
full_cfc,2,101374,ct_epoch_calibration_sampled_sampled_help_negative_mean::ct_epoch_calibration_sampled,0.1195911094546318,sampled_diagnostic,output/20260911-023006-29_full_cfc_perf-nuscenes_car_seed42_60ep_bs16/lightning_logs/version_0/ct_epoch_calibration_sampled_sampled_help_negative_mean
full_cfc,1,50687,ct_epoch_calibration_sampled_sampled_help_positive_count::ct_epoch_calibration_sampled,59.0,sampled_diagnostic,output/20260911-023006-29_full_cfc_perf-nuscenes_car_seed42_60ep_bs16/lightning_logs/version_0/ct_epoch_calibration_sampled_sampled_help_positive_count
full_cfc,2,101374,ct_epoch_calibration_sampled_sampled_help_positive_count::ct_epoch_calibration_sampled,85.0,sampled_diagnostic,output/20260911-023006-29_full_cfc_perf-nuscenes_car_seed42_60ep_bs16/lightning_logs/version_0/ct_epoch_calibration_sampled_sampled_help_positive_count
full_cfc,1,50687,ct_epoch_calibration_sampled_sampled_help_positive_mean::ct_epoch_calibration_sampled,0.13933123648166656,sampled_diagnostic,output/20260911-023006-29_full_cfc_perf-nuscenes_car_seed42_60ep_bs16/lightning_logs/version_0/ct_epoch_calibration_sampled_sampled_help_positive_mean
full_cfc,2,101374,ct_epoch_calibration_sampled_sampled_help_positive_mean::ct_epoch_calibration_sampled,0.2621808350086212,sampled_diagnostic,output/20260911-023006-29_full_cfc_perf-nuscenes_car_seed42_60ep_bs16/lightning_logs/version_0/ct_epoch_calibration_sampled_sampled_help_positive_mean
full_cfc,1,50687,ct_epoch_calibration_sampled_sampled_population::ct_epoch_calibration_sampled,1.0,sampled_diagnostic,output/20260911-023006-29_full_cfc_perf-nuscenes_car_seed42_60ep_bs16/lightning_logs/version_0/ct_epoch_calibration_sampled_sampled_population
full_cfc,2,101374,ct_epoch_calibration_sampled_sampled_population::ct_epoch_calibration_sampled,1.0,sampled_diagnostic,output/20260911-023006-29_full_cfc_perf-nuscenes_car_seed42_60ep_bs16/lightning_logs/version_0/ct_epoch_calibration_sampled_sampled_population
full_cfc,1,50687,ct_epoch_calibration_sampled_sampled_presence_ap::ct_epoch_calibration_sampled,0.31981974840164185,sampled_diagnostic,output/20260911-023006-29_full_cfc_perf-nuscenes_car_seed42_60ep_bs16/lightning_logs/version_0/ct_epoch_calibration_sampled_sampled_presence_ap
full_cfc,2,101374,ct_epoch_calibration_sampled_sampled_presence_ap::ct_epoch_calibration_sampled,0.7097067832946777,sampled_diagnostic,output/20260911-023006-29_full_cfc_perf-nuscenes_car_seed42_60ep_bs16/lightning_logs/version_0/ct_epoch_calibration_sampled_sampled_presence_ap
full_cfc,1,50687,ct_epoch_calibration_sampled_sampled_presence_auprc::ct_epoch_calibration_sampled,0.31981974840164185,sampled_diagnostic,output/20260911-023006-29_full_cfc_perf-nuscenes_car_seed42_60ep_bs16/lightning_logs/version_0/ct_epoch_calibration_sampled_sampled_presence_auprc
full_cfc,2,101374,ct_epoch_calibration_sampled_sampled_presence_auprc::ct_epoch_calibration_sampled,0.7097067832946777,sampled_diagnostic,output/20260911-023006-29_full_cfc_perf-nuscenes_car_seed42_60ep_bs16/lightning_logs/version_0/ct_epoch_calibration_sampled_sampled_presence_auprc
full_cfc,1,50687,ct_epoch_calibration_sampled_sampled_presence_auroc::ct_epoch_calibration_sampled,0.8109641671180725,sampled_diagnostic,output/20260911-023006-29_full_cfc_perf-nuscenes_car_seed42_60ep_bs16/lightning_logs/version_0/ct_epoch_calibration_sampled_sampled_presence_auroc
full_cfc,2,101374,ct_epoch_calibration_sampled_sampled_presence_auroc::ct_epoch_calibration_sampled,0.930518627166748,sampled_diagnostic,output/20260911-023006-29_full_cfc_perf-nuscenes_car_seed42_60ep_bs16/lightning_logs/version_0/ct_epoch_calibration_sampled_sampled_presence_auroc
full_cfc,1,50687,ct_epoch_calibration_sampled_sampled_presence_calibration_bin0_confidence::ct_epoch_calibration_sampled,0.05306435003876686,sampled_diagnostic,output/20260911-023006-29_full_cfc_perf-nuscenes_car_seed42_60ep_bs16/lightning_logs/version_0/ct_epoch_calibration_sampled_sampled_presence_calibration_bin0_confidence
full_cfc,2,101374,ct_epoch_calibration_sampled_sampled_presence_calibration_bin0_confidence::ct_epoch_calibration_sampled,0.02868969738483429,sampled_diagnostic,output/20260911-023006-29_full_cfc_perf-nuscenes_car_seed42_60ep_bs16/lightning_logs/version_0/ct_epoch_calibration_sampled_sampled_presence_calibration_bin0_confidence
full_cfc,1,50687,ct_epoch_calibration_sampled_sampled_presence_calibration_bin0_count::ct_epoch_calibration_sampled,569.0,sampled_diagnostic,output/20260911-023006-29_full_cfc_perf-nuscenes_car_seed42_60ep_bs16/lightning_logs/version_0/ct_epoch_calibration_sampled_sampled_presence_calibration_bin0_count
full_cfc,2,101374,ct_epoch_calibration_sampled_sampled_presence_calibration_bin0_count::ct_epoch_calibration_sampled,496.0,sampled_diagnostic,output/20260911-023006-29_full_cfc_perf-nuscenes_car_seed42_60ep_bs16/lightning_logs/version_0/ct_epoch_calibration_sampled_sampled_presence_calibration_bin0_count
full_cfc,1,50687,ct_epoch_calibration_sampled_sampled_presence_calibration_bin0_positive_rate::ct_epoch_calibration_sampled,0.05448154732584953,sampled_diagnostic,output/20260911-023006-29_full_cfc_perf-nuscenes_car_seed42_60ep_bs16/lightning_logs/version_0/ct_epoch_calibration_sampled_sampled_presence_calibration_bin0_positive_rate
full_cfc,2,101374,ct_epoch_calibration_sampled_sampled_presence_calibration_bin0_positive_rate::ct_epoch_calibration_sampled,0.02822580561041832,sampled_diagnostic,output/20260911-023006-29_full_cfc_perf-nuscenes_car_seed42_60ep_bs16/lightning_logs/version_0/ct_epoch_calibration_sampled_sampled_presence_calibration_bin0_positive_rate
full_cfc,1,50687,ct_epoch_calibration_sampled_sampled_presence_calibration_bin1_confidence::ct_epoch_calibration_sampled,0.2873775064945221,sampled_diagnostic,output/20260911-023006-29_full_cfc_perf-nuscenes_car_seed42_60ep_bs16/lightning_logs/version_0/ct_epoch_calibration_sampled_sampled_presence_calibration_bin1_confidence
full_cfc,2,101374,ct_epoch_calibration_sampled_sampled_presence_calibration_bin1_confidence::ct_epoch_calibration_sampled,0.2917860150337219,sampled_diagnostic,output/20260911-023006-29_full_cfc_perf-nuscenes_car_seed42_60ep_bs16/lightning_logs/version_0/ct_epoch_calibration_sampled_sampled_presence_calibration_bin1_confidence
full_cfc,1,50687,ct_epoch_calibration_sampled_sampled_presence_calibration_bin1_count::ct_epoch_calibration_sampled,65.0,sampled_diagnostic,output/20260911-023006-29_full_cfc_perf-nuscenes_car_seed42_60ep_bs16/lightning_logs/version_0/ct_epoch_calibration_sampled_sampled_presence_calibration_bin1_count
full_cfc,2,101374,ct_epoch_calibration_sampled_sampled_presence_calibration_bin1_count::ct_epoch_calibration_sampled,73.0,sampled_diagnostic,output/20260911-023006-29_full_cfc_perf-nuscenes_car_seed42_60ep_bs16/lightning_logs/version_0/ct_epoch_calibration_sampled_sampled_presence_calibration_bin1_count
full_cfc,1,50687,ct_epoch_calibration_sampled_sampled_presence_calibration_bin1_positive_rate::ct_epoch_calibration_sampled,0.16923077404499054,sampled_diagnostic,output/20260911-023006-29_full_cfc_perf-nuscenes_car_seed42_60ep_bs16/lightning_logs/version_0/ct_epoch_calibration_sampled_sampled_presence_calibration_bin1_positive_rate
full_cfc,2,101374,ct_epoch_calibration_sampled_sampled_presence_calibration_bin1_positive_rate::ct_epoch_calibration_sampled,0.3835616409778595,sampled_diagnostic,output/20260911-023006-29_full_cfc_perf-nuscenes_car_seed42_60ep_bs16/lightning_logs/version_0/ct_epoch_calibration_sampled_sampled_presence_calibration_bin1_positive_rate
full_cfc,1,50687,ct_epoch_calibration_sampled_sampled_presence_calibration_bin2_confidence::ct_epoch_calibration_sampled,0.5135588049888611,sampled_diagnostic,output/20260911-023006-29_full_cfc_perf-nuscenes_car_seed42_60ep_bs16/lightning_logs/version_0/ct_epoch_calibration_sampled_sampled_presence_calibration_bin2_confidence
full_cfc,2,101374,ct_epoch_calibration_sampled_sampled_presence_calibration_bin2_confidence::ct_epoch_calibration_sampled,0.5000075697898865,sampled_diagnostic,output/20260911-023006-29_full_cfc_perf-nuscenes_car_seed42_60ep_bs16/lightning_logs/version_0/ct_epoch_calibration_sampled_sampled_presence_calibration_bin2_confidence
full_cfc,1,50687,ct_epoch_calibration_sampled_sampled_presence_calibration_bin2_count::ct_epoch_calibration_sampled,16.0,sampled_diagnostic,output/20260911-023006-29_full_cfc_perf-nuscenes_car_seed42_60ep_bs16/lightning_logs/version_0/ct_epoch_calibration_sampled_sampled_presence_calibration_bin2_count
full_cfc,2,101374,ct_epoch_calibration_sampled_sampled_presence_calibration_bin2_count::ct_epoch_calibration_sampled,33.0,sampled_diagnostic,output/20260911-023006-29_full_cfc_perf-nuscenes_car_seed42_60ep_bs16/lightning_logs/version_0/ct_epoch_calibration_sampled_sampled_presence_calibration_bin2_count
full_cfc,1,50687,ct_epoch_calibration_sampled_sampled_presence_calibration_bin2_positive_rate::ct_epoch_calibration_sampled,0.4375,sampled_diagnostic,output/20260911-023006-29_full_cfc_perf-nuscenes_car_seed42_60ep_bs16/lightning_logs/version_0/ct_epoch_calibration_sampled_sampled_presence_calibration_bin2_positive_rate
full_cfc,2,101374,ct_epoch_calibration_sampled_sampled_presence_calibration_bin2_positive_rate::ct_epoch_calibration_sampled,0.39393940567970276,sampled_diagnostic,output/20260911-023006-29_full_cfc_perf-nuscenes_car_seed42_60ep_bs16/lightning_logs/version_0/ct_epoch_calibration_sampled_sampled_presence_calibration_bin2_positive_rate
full_cfc,1,50687,ct_epoch_calibration_sampled_sampled_presence_calibration_bin3_confidence::ct_epoch_calibration_sampled,0.6762274503707886,sampled_diagnostic,output/20260911-023006-29_full_cfc_perf-nuscenes_car_seed42_60ep_bs16/lightning_logs/version_0/ct_epoch_calibration_sampled_sampled_presence_calibration_bin3_confidence
full_cfc,2,101374,ct_epoch_calibration_sampled_sampled_presence_calibration_bin3_confidence::ct_epoch_calibration_sampled,0.7205258011817932,sampled_diagnostic,output/20260911-023006-29_full_cfc_perf-nuscenes_car_seed42_60ep_bs16/lightning_logs/version_0/ct_epoch_calibration_sampled_sampled_presence_calibration_bin3_confidence
full_cfc,1,50687,ct_epoch_calibration_sampled_sampled_presence_calibration_bin3_count::ct_epoch_calibration_sampled,16.0,sampled_diagnostic,output/20260911-023006-29_full_cfc_perf-nuscenes_car_seed42_60ep_bs16/lightning_logs/version_0/ct_epoch_calibration_sampled_sampled_presence_calibration_bin3_count
full_cfc,2,101374,ct_epoch_calibration_sampled_sampled_presence_calibration_bin3_count::ct_epoch_calibration_sampled,32.0,sampled_diagnostic,output/20260911-023006-29_full_cfc_perf-nuscenes_car_seed42_60ep_bs16/lightning_logs/version_0/ct_epoch_calibration_sampled_sampled_presence_calibration_bin3_count
full_cfc,1,50687,ct_epoch_calibration_sampled_sampled_presence_calibration_bin3_positive_rate::ct_epoch_calibration_sampled,0.5,sampled_diagnostic,output/20260911-023006-29_full_cfc_perf-nuscenes_car_seed42_60ep_bs16/lightning_logs/version_0/ct_epoch_calibration_sampled_sampled_presence_calibration_bin3_positive_rate
full_cfc,2,101374,ct_epoch_calibration_sampled_sampled_presence_calibration_bin3_positive_rate::ct_epoch_calibration_sampled,0.65625,sampled_diagnostic,output/20260911-023006-29_full_cfc_perf-nuscenes_car_seed42_60ep_bs16/lightning_logs/version_0/ct_epoch_calibration_sampled_sampled_presence_calibration_bin3_positive_rate
full_cfc,1,50687,ct_epoch_calibration_sampled_sampled_presence_calibration_bin4_confidence::ct_epoch_calibration_sampled,0.0,sampled_diagnostic,output/20260911-023006-29_full_cfc_perf-nuscenes_car_seed42_60ep_bs16/lightning_logs/version_0/ct_epoch_calibration_sampled_sampled_presence_calibration_bin4_confidence
full_cfc,2,101374,ct_epoch_calibration_sampled_sampled_presence_calibration_bin4_confidence::ct_epoch_calibration_sampled,0.8605324029922485,sampled_diagnostic,output/20260911-023006-29_full_cfc_perf-nuscenes_car_seed42_60ep_bs16/lightning_logs/version_0/ct_epoch_calibration_sampled_sampled_presence_calibration_bin4_confidence
full_cfc,1,50687,ct_epoch_calibration_sampled_sampled_presence_calibration_bin4_count::ct_epoch_calibration_sampled,0.0,sampled_diagnostic,output/20260911-023006-29_full_cfc_perf-nuscenes_car_seed42_60ep_bs16/lightning_logs/version_0/ct_epoch_calibration_sampled_sampled_presence_calibration_bin4_count
full_cfc,2,101374,ct_epoch_calibration_sampled_sampled_presence_calibration_bin4_count::ct_epoch_calibration_sampled,31.0,sampled_diagnostic,output/20260911-023006-29_full_cfc_perf-nuscenes_car_seed42_60ep_bs16/lightning_logs/version_0/ct_epoch_calibration_sampled_sampled_presence_calibration_bin4_count
full_cfc,1,50687,ct_epoch_calibration_sampled_sampled_presence_calibration_bin4_positive_rate::ct_epoch_calibration_sampled,0.0,sampled_diagnostic,output/20260911-023006-29_full_cfc_perf-nuscenes_car_seed42_60ep_bs16/lightning_logs/version_0/ct_epoch_calibration_sampled_sampled_presence_calibration_bin4_positive_rate
full_cfc,2,101374,ct_epoch_calibration_sampled_sampled_presence_calibration_bin4_positive_rate::ct_epoch_calibration_sampled,0.8709677457809448,sampled_diagnostic,output/20260911-023006-29_full_cfc_perf-nuscenes_car_seed42_60ep_bs16/lightning_logs/version_0/ct_epoch_calibration_sampled_sampled_presence_calibration_bin4_positive_rate
full_cfc,1,50687,ct_epoch_calibration_sampled_sampled_presence_ece::ct_epoch_calibration_sampled,0.01880255527794361,sampled_diagnostic,output/20260911-023006-29_full_cfc_perf-nuscenes_car_seed42_60ep_bs16/lightning_logs/version_0/ct_epoch_calibration_sampled_sampled_presence_ece
full_cfc,2,101374,ct_epoch_calibration_sampled_sampled_presence_ece::ct_epoch_calibration_sampled,0.019263580441474915,sampled_diagnostic,output/20260911-023006-29_full_cfc_perf-nuscenes_car_seed42_60ep_bs16/lightning_logs/version_0/ct_epoch_calibration_sampled_sampled_presence_ece
full_cfc,1,50687,ct_epoch_calibration_sampled_sampled_presence_negative_count::ct_epoch_calibration_sampled,609.0,sampled_diagnostic,output/20260911-023006-29_full_cfc_perf-nuscenes_car_seed42_60ep_bs16/lightning_logs/version_0/ct_epoch_calibration_sampled_sampled_presence_negative_count
full_cfc,2,101374,ct_epoch_calibration_sampled_sampled_presence_negative_count::ct_epoch_calibration_sampled,562.0,sampled_diagnostic,output/20260911-023006-29_full_cfc_perf-nuscenes_car_seed42_60ep_bs16/lightning_logs/version_0/ct_epoch_calibration_sampled_sampled_presence_negative_count
full_cfc,1,50687,ct_epoch_calibration_sampled_sampled_presence_negative_mean::ct_epoch_calibration_sampled,0.08611349761486053,sampled_diagnostic,output/20260911-023006-29_full_cfc_perf-nuscenes_car_seed42_60ep_bs16/lightning_logs/version_0/ct_epoch_calibration_sampled_sampled_presence_negative_mean
full_cfc,2,101374,ct_epoch_calibration_sampled_sampled_presence_negative_mean::ct_epoch_calibration_sampled,0.08329477161169052,sampled_diagnostic,output/20260911-023006-29_full_cfc_perf-nuscenes_car_seed42_60ep_bs16/lightning_logs/version_0/ct_epoch_calibration_sampled_sampled_presence_negative_mean
full_cfc,1,50687,ct_epoch_calibration_sampled_sampled_presence_positive_count::ct_epoch_calibration_sampled,57.0,sampled_diagnostic,output/20260911-023006-29_full_cfc_perf-nuscenes_car_seed42_60ep_bs16/lightning_logs/version_0/ct_epoch_calibration_sampled_sampled_presence_positive_count
full_cfc,2,101374,ct_epoch_calibration_sampled_sampled_presence_positive_count::ct_epoch_calibration_sampled,103.0,sampled_diagnostic,output/20260911-023006-29_full_cfc_perf-nuscenes_car_seed42_60ep_bs16/lightning_logs/version_0/ct_epoch_calibration_sampled_sampled_presence_positive_count
full_cfc,1,50687,ct_epoch_calibration_sampled_sampled_presence_positive_mean::ct_epoch_calibration_sampled,0.2713440954685211,sampled_diagnostic,output/20260911-023006-29_full_cfc_perf-nuscenes_car_seed42_60ep_bs16/lightning_logs/version_0/ct_epoch_calibration_sampled_sampled_presence_positive_mean
full_cfc,2,101374,ct_epoch_calibration_sampled_sampled_presence_positive_mean::ct_epoch_calibration_sampled,0.5335183143615723,sampled_diagnostic,output/20260911-023006-29_full_cfc_perf-nuscenes_car_seed42_60ep_bs16/lightning_logs/version_0/ct_epoch_calibration_sampled_sampled_presence_positive_mean
full_cfc,1,50687,ct_epoch_calibration_sampled_sampled_utility_score_mse::ct_epoch_calibration_sampled,0.018439628183841705,sampled_diagnostic,output/20260911-023006-29_full_cfc_perf-nuscenes_car_seed42_60ep_bs16/lightning_logs/version_0/ct_epoch_calibration_sampled_sampled_utility_score_mse
full_cfc,2,101374,ct_epoch_calibration_sampled_sampled_utility_score_mse::ct_epoch_calibration_sampled,0.018799662590026855,sampled_diagnostic,output/20260911-023006-29_full_cfc_perf-nuscenes_car_seed42_60ep_bs16/lightning_logs/version_0/ct_epoch_calibration_sampled_sampled_utility_score_mse
full_cfc,1,50687,ct_epoch_core_loss_mechanism/loss_angle::ct_epoch_core_loss,0.0003855328250210732,all_observation_or_mechanism_transactions,output/20260911-023006-29_full_cfc_perf-nuscenes_car_seed42_60ep_bs16/lightning_logs/version_0/ct_epoch_core_loss_mechanism/loss_angle
full_cfc,2,101374,ct_epoch_core_loss_mechanism/loss_angle::ct_epoch_core_loss,0.00032364719663746655,all_observation_or_mechanism_transactions,output/20260911-023006-29_full_cfc_perf-nuscenes_car_seed42_60ep_bs16/lightning_logs/version_0/ct_epoch_core_loss_mechanism/loss_angle
full_cfc,1,50687,ct_epoch_core_loss_mechanism/loss_angle_aux::ct_epoch_core_loss,0.015450147911906242,all_observation_or_mechanism_transactions,output/20260911-023006-29_full_cfc_perf-nuscenes_car_seed42_60ep_bs16/lightning_logs/version_0/ct_epoch_core_loss_mechanism/loss_angle_aux
full_cfc,2,101374,ct_epoch_core_loss_mechanism/loss_angle_aux::ct_epoch_core_loss,0.009087590500712395,all_observation_or_mechanism_transactions,output/20260911-023006-29_full_cfc_perf-nuscenes_car_seed42_60ep_bs16/lightning_logs/version_0/ct_epoch_core_loss_mechanism/loss_angle_aux
full_cfc,1,50687,ct_epoch_core_loss_mechanism/loss_angle_motion::ct_epoch_core_loss,0.0013929044362157583,all_observation_or_mechanism_transactions,output/20260911-023006-29_full_cfc_perf-nuscenes_car_seed42_60ep_bs16/lightning_logs/version_0/ct_epoch_core_loss_mechanism/loss_angle_motion
full_cfc,2,101374,ct_epoch_core_loss_mechanism/loss_angle_motion::ct_epoch_core_loss,0.0010759856086224318,all_observation_or_mechanism_transactions,output/20260911-023006-29_full_cfc_perf-nuscenes_car_seed42_60ep_bs16/lightning_logs/version_0/ct_epoch_core_loss_mechanism/loss_angle_motion
full_cfc,1,50687,ct_epoch_core_loss_mechanism/loss_angle_ref::ct_epoch_core_loss,0.013641053810715675,all_observation_or_mechanism_transactions,output/20260911-023006-29_full_cfc_perf-nuscenes_car_seed42_60ep_bs16/lightning_logs/version_0/ct_epoch_core_loss_mechanism/loss_angle_ref
full_cfc,2,101374,ct_epoch_core_loss_mechanism/loss_angle_ref::ct_epoch_core_loss,0.007620816584676504,all_observation_or_mechanism_transactions,output/20260911-023006-29_full_cfc_perf-nuscenes_car_seed42_60ep_bs16/lightning_logs/version_0/ct_epoch_core_loss_mechanism/loss_angle_ref
full_cfc,1,50687,ct_epoch_core_loss_mechanism/loss_b0_transaction::ct_epoch_core_loss,12.471458435058594,all_observation_or_mechanism_transactions,output/20260911-023006-29_full_cfc_perf-nuscenes_car_seed42_60ep_bs16/lightning_logs/version_0/ct_epoch_core_loss_mechanism/loss_b0_transaction
full_cfc,2,101374,ct_epoch_core_loss_mechanism/loss_b0_transaction::ct_epoch_core_loss,8.877825736999512,all_observation_or_mechanism_transactions,output/20260911-023006-29_full_cfc_perf-nuscenes_car_seed42_60ep_bs16/lightning_logs/version_0/ct_epoch_core_loss_mechanism/loss_b0_transaction
full_cfc,1,50687,ct_epoch_core_loss_mechanism/loss_b1_transaction::ct_epoch_core_loss,0.5347598791122437,all_observation_or_mechanism_transactions,output/20260911-023006-29_full_cfc_perf-nuscenes_car_seed42_60ep_bs16/lightning_logs/version_0/ct_epoch_core_loss_mechanism/loss_b1_transaction
full_cfc,2,101374,ct_epoch_core_loss_mechanism/loss_b1_transaction::ct_epoch_core_loss,0.38209226727485657,all_observation_or_mechanism_transactions,output/20260911-023006-29_full_cfc_perf-nuscenes_car_seed42_60ep_bs16/lightning_logs/version_0/ct_epoch_core_loss_mechanism/loss_b1_transaction
full_cfc,1,50687,ct_epoch_core_loss_mechanism/loss_b2_transaction::ct_epoch_core_loss,1.031008243560791,all_observation_or_mechanism_transactions,output/20260911-023006-29_full_cfc_perf-nuscenes_car_seed42_60ep_bs16/lightning_logs/version_0/ct_epoch_core_loss_mechanism/loss_b2_transaction
full_cfc,2,101374,ct_epoch_core_loss_mechanism/loss_b2_transaction::ct_epoch_core_loss,0.7431237101554871,all_observation_or_mechanism_transactions,output/20260911-023006-29_full_cfc_perf-nuscenes_car_seed42_60ep_bs16/lightning_logs/version_0/ct_epoch_core_loss_mechanism/loss_b2_transaction
full_cfc,1,50687,ct_epoch_core_loss_mechanism/loss_b3_transaction::ct_epoch_core_loss,0.024238472804427147,all_observation_or_mechanism_transactions,output/20260911-023006-29_full_cfc_perf-nuscenes_car_seed42_60ep_bs16/lightning_logs/version_0/ct_epoch_core_loss_mechanism/loss_b3_transaction
full_cfc,2,101374,ct_epoch_core_loss_mechanism/loss_b3_transaction::ct_epoch_core_loss,0.0246047955006361,all_observation_or_mechanism_transactions,output/20260911-023006-29_full_cfc_perf-nuscenes_car_seed42_60ep_bs16/lightning_logs/version_0/ct_epoch_core_loss_mechanism/loss_b3_transaction
full_cfc,1,50687,ct_epoch_core_loss_mechanism/loss_bc::ct_epoch_core_loss,5.365312576293945,all_observation_or_mechanism_transactions,output/20260911-023006-29_full_cfc_perf-nuscenes_car_seed42_60ep_bs16/lightning_logs/version_0/ct_epoch_core_loss_mechanism/loss_bc
full_cfc,2,101374,ct_epoch_core_loss_mechanism/loss_bc::ct_epoch_core_loss,3.7619855403900146,all_observation_or_mechanism_transactions,output/20260911-023006-29_full_cfc_perf-nuscenes_car_seed42_60ep_bs16/lightning_logs/version_0/ct_epoch_core_loss_mechanism/loss_bc
full_cfc,1,50687,ct_epoch_core_loss_mechanism/loss_center::ct_epoch_core_loss,0.1914587765932083,all_observation_or_mechanism_transactions,output/20260911-023006-29_full_cfc_perf-nuscenes_car_seed42_60ep_bs16/lightning_logs/version_0/ct_epoch_core_loss_mechanism/loss_center
full_cfc,2,101374,ct_epoch_core_loss_mechanism/loss_center::ct_epoch_core_loss,0.145569309592247,all_observation_or_mechanism_transactions,output/20260911-023006-29_full_cfc_perf-nuscenes_car_seed42_60ep_bs16/lightning_logs/version_0/ct_epoch_core_loss_mechanism/loss_center
full_cfc,1,50687,ct_epoch_core_loss_mechanism/loss_center_aux::ct_epoch_core_loss,2.5839526653289795,all_observation_or_mechanism_transactions,output/20260911-023006-29_full_cfc_perf-nuscenes_car_seed42_60ep_bs16/lightning_logs/version_0/ct_epoch_core_loss_mechanism/loss_center_aux
full_cfc,2,101374,ct_epoch_core_loss_mechanism/loss_center_aux::ct_epoch_core_loss,1.844393014907837,all_observation_or_mechanism_transactions,output/20260911-023006-29_full_cfc_perf-nuscenes_car_seed42_60ep_bs16/lightning_logs/version_0/ct_epoch_core_loss_mechanism/loss_center_aux
full_cfc,1,50687,ct_epoch_core_loss_mechanism/loss_center_motion::ct_epoch_core_loss,0.4195477366447449,all_observation_or_mechanism_transactions,output/20260911-023006-29_full_cfc_perf-nuscenes_car_seed42_60ep_bs16/lightning_logs/version_0/ct_epoch_core_loss_mechanism/loss_center_motion
full_cfc,2,101374,ct_epoch_core_loss_mechanism/loss_center_motion::ct_epoch_core_loss,0.31783998012542725,all_observation_or_mechanism_transactions,output/20260911-023006-29_full_cfc_perf-nuscenes_car_seed42_60ep_bs16/lightning_logs/version_0/ct_epoch_core_loss_mechanism/loss_center_motion
full_cfc,1,50687,ct_epoch_core_loss_mechanism/loss_center_ref::ct_epoch_core_loss,2.206587314605713,all_observation_or_mechanism_transactions,output/20260911-023006-29_full_cfc_perf-nuscenes_car_seed42_60ep_bs16/lightning_logs/version_0/ct_epoch_core_loss_mechanism/loss_center_ref
full_cfc,2,101374,ct_epoch_core_loss_mechanism/loss_center_ref::ct_epoch_core_loss,1.5537775754928589,all_observation_or_mechanism_transactions,output/20260911-023006-29_full_cfc_perf-nuscenes_car_seed42_60ep_bs16/lightning_logs/version_0/ct_epoch_core_loss_mechanism/loss_center_ref
full_cfc,1,50687,ct_epoch_core_loss_mechanism/loss_ct_acquisition_margin::ct_epoch_core_loss,0.058193013072013855,all_observation_or_mechanism_transactions,output/20260911-023006-29_full_cfc_perf-nuscenes_car_seed42_60ep_bs16/lightning_logs/version_0/ct_epoch_core_loss_mechanism/loss_ct_acquisition_margin
full_cfc,2,101374,ct_epoch_core_loss_mechanism/loss_ct_acquisition_margin::ct_epoch_core_loss,0.03822457790374756,all_observation_or_mechanism_transactions,output/20260911-023006-29_full_cfc_perf-nuscenes_car_seed42_60ep_bs16/lightning_logs/version_0/ct_epoch_core_loss_mechanism/loss_ct_acquisition_margin
full_cfc,1,50687,ct_epoch_core_loss_mechanism/loss_ct_b2_total::ct_epoch_core_loss,1.031008243560791,all_observation_or_mechanism_transactions,output/20260911-023006-29_full_cfc_perf-nuscenes_car_seed42_60ep_bs16/lightning_logs/version_0/ct_epoch_core_loss_mechanism/loss_ct_b2_total
full_cfc,2,101374,ct_epoch_core_loss_mechanism/loss_ct_b2_total::ct_epoch_core_loss,0.7431237101554871,all_observation_or_mechanism_transactions,output/20260911-023006-29_full_cfc_perf-nuscenes_car_seed42_60ep_bs16/lightning_logs/version_0/ct_epoch_core_loss_mechanism/loss_ct_b2_total
full_cfc,1,50687,ct_epoch_core_loss_mechanism/loss_ct_b3_instantaneous::ct_epoch_core_loss,0.12119277566671371,all_observation_or_mechanism_transactions,output/20260911-023006-29_full_cfc_perf-nuscenes_car_seed42_60ep_bs16/lightning_logs/version_0/ct_epoch_core_loss_mechanism/loss_ct_b3_instantaneous
full_cfc,2,101374,ct_epoch_core_loss_mechanism/loss_ct_b3_instantaneous::ct_epoch_core_loss,0.12302414327859879,all_observation_or_mechanism_transactions,output/20260911-023006-29_full_cfc_perf-nuscenes_car_seed42_60ep_bs16/lightning_logs/version_0/ct_epoch_core_loss_mechanism/loss_ct_b3_instantaneous
full_cfc,1,50687,ct_epoch_core_loss_mechanism/loss_ct_b3_total::ct_epoch_core_loss,0.024238472804427147,all_observation_or_mechanism_transactions,output/20260911-023006-29_full_cfc_perf-nuscenes_car_seed42_60ep_bs16/lightning_logs/version_0/ct_epoch_core_loss_mechanism/loss_ct_b3_total
full_cfc,2,101374,ct_epoch_core_loss_mechanism/loss_ct_b3_total::ct_epoch_core_loss,0.0246047955006361,all_observation_or_mechanism_transactions,output/20260911-023006-29_full_cfc_perf-nuscenes_car_seed42_60ep_bs16/lightning_logs/version_0/ct_epoch_core_loss_mechanism/loss_ct_b3_total
full_cfc,1,50687,ct_epoch_core_loss_mechanism/loss_ct_base_presence::ct_epoch_core_loss,0.4209737479686737,all_observation_or_mechanism_transactions,output/20260911-023006-29_full_cfc_perf-nuscenes_car_seed42_60ep_bs16/lightning_logs/version_0/ct_epoch_core_loss_mechanism/loss_ct_base_presence
full_cfc,2,101374,ct_epoch_core_loss_mechanism/loss_ct_base_presence::ct_epoch_core_loss,0.3434169888496399,all_observation_or_mechanism_transactions,output/20260911-023006-29_full_cfc_perf-nuscenes_car_seed42_60ep_bs16/lightning_logs/version_0/ct_epoch_core_loss_mechanism/loss_ct_base_presence
full_cfc,1,50687,ct_epoch_core_loss_mechanism/loss_ct_expected_center_gain::ct_epoch_core_loss,0.020400771871209145,all_observation_or_mechanism_transactions,output/20260911-023006-29_full_cfc_perf-nuscenes_car_seed42_60ep_bs16/lightning_logs/version_0/ct_epoch_core_loss_mechanism/loss_ct_expected_center_gain
full_cfc,2,101374,ct_epoch_core_loss_mechanism/loss_ct_expected_center_gain::ct_epoch_core_loss,0.021354936063289642,all_observation_or_mechanism_transactions,output/20260911-023006-29_full_cfc_perf-nuscenes_car_seed42_60ep_bs16/lightning_logs/version_0/ct_epoch_core_loss_mechanism/loss_ct_expected_center_gain
full_cfc,1,50687,ct_epoch_core_loss_mechanism/loss_ct_expected_gain::ct_epoch_core_loss,0.039318110793828964,all_observation_or_mechanism_transactions,output/20260911-023006-29_full_cfc_perf-nuscenes_car_seed42_60ep_bs16/lightning_logs/version_0/ct_epoch_core_loss_mechanism/loss_ct_expected_gain
full_cfc,2,101374,ct_epoch_core_loss_mechanism/loss_ct_expected_gain::ct_epoch_core_loss,0.0421798974275589,all_observation_or_mechanism_transactions,output/20260911-023006-29_full_cfc_perf-nuscenes_car_seed42_60ep_bs16/lightning_logs/version_0/ct_epoch_core_loss_mechanism/loss_ct_expected_gain
full_cfc,1,50687,ct_epoch_core_loss_mechanism/loss_ct_expected_iou_gain::ct_epoch_core_loss,0.018917279317975044,all_observation_or_mechanism_transactions,output/20260911-023006-29_full_cfc_perf-nuscenes_car_seed42_60ep_bs16/lightning_logs/version_0/ct_epoch_core_loss_mechanism/loss_ct_expected_iou_gain
full_cfc,2,101374,ct_epoch_core_loss_mechanism/loss_ct_expected_iou_gain::ct_epoch_core_loss,0.020824896171689034,all_observation_or_mechanism_transactions,output/20260911-023006-29_full_cfc_perf-nuscenes_car_seed42_60ep_bs16/lightning_logs/version_0/ct_epoch_core_loss_mechanism/loss_ct_expected_iou_gain
full_cfc,1,50687,ct_epoch_core_loss_mechanism/loss_ct_expected_precision_gain::ct_epoch_core_loss,0.020400771871209145,all_observation_or_mechanism_transactions,output/20260911-023006-29_full_cfc_perf-nuscenes_car_seed42_60ep_bs16/lightning_logs/version_0/ct_epoch_core_loss_mechanism/loss_ct_expected_precision_gain
full_cfc,2,101374,ct_epoch_core_loss_mechanism/loss_ct_expected_precision_gain::ct_epoch_core_loss,0.021354936063289642,all_observation_or_mechanism_transactions,output/20260911-023006-29_full_cfc_perf-nuscenes_car_seed42_60ep_bs16/lightning_logs/version_0/ct_epoch_core_loss_mechanism/loss_ct_expected_precision_gain
full_cfc,1,50687,ct_epoch_core_loss_mechanism/loss_ct_expected_success_gain::ct_epoch_core_loss,0.018917279317975044,all_observation_or_mechanism_transactions,output/20260911-023006-29_full_cfc_perf-nuscenes_car_seed42_60ep_bs16/lightning_logs/version_0/ct_epoch_core_loss_mechanism/loss_ct_expected_success_gain
full_cfc,2,101374,ct_epoch_core_loss_mechanism/loss_ct_expected_success_gain::ct_epoch_core_loss,0.020824896171689034,all_observation_or_mechanism_transactions,output/20260911-023006-29_full_cfc_perf-nuscenes_car_seed42_60ep_bs16/lightning_logs/version_0/ct_epoch_core_loss_mechanism/loss_ct_expected_success_gain
full_cfc,1,50687,ct_epoch_core_loss_mechanism/loss_ct_extension_presence::ct_epoch_core_loss,0.2559846341609955,all_observation_or_mechanism_transactions,output/20260911-023006-29_full_cfc_perf-nuscenes_car_seed42_60ep_bs16/lightning_logs/version_0/ct_epoch_core_loss_mechanism/loss_ct_extension_presence
full_cfc,2,101374,ct_epoch_core_loss_mechanism/loss_ct_extension_presence::ct_epoch_core_loss,0.2287386804819107,all_observation_or_mechanism_transactions,output/20260911-023006-29_full_cfc_perf-nuscenes_car_seed42_60ep_bs16/lightning_logs/version_0/ct_epoch_core_loss_mechanism/loss_ct_extension_presence
full_cfc,1,50687,ct_epoch_core_loss_mechanism/loss_ct_harmful::ct_epoch_core_loss,0.49722588062286377,all_observation_or_mechanism_transactions,output/20260911-023006-29_full_cfc_perf-nuscenes_car_seed42_60ep_bs16/lightning_logs/version_0/ct_epoch_core_loss_mechanism/loss_ct_harmful
full_cfc,2,101374,ct_epoch_core_loss_mechanism/loss_ct_harmful::ct_epoch_core_loss,0.45876234769821167,all_observation_or_mechanism_transactions,output/20260911-023006-29_full_cfc_perf-nuscenes_car_seed42_60ep_bs16/lightning_logs/version_0/ct_epoch_core_loss_mechanism/loss_ct_harmful
full_cfc,1,50687,ct_epoch_core_loss_mechanism/loss_ct_helpful::ct_epoch_core_loss,0.32151833176612854,all_observation_or_mechanism_transactions,output/20260911-023006-29_full_cfc_perf-nuscenes_car_seed42_60ep_bs16/lightning_logs/version_0/ct_epoch_core_loss_mechanism/loss_ct_helpful
full_cfc,2,101374,ct_epoch_core_loss_mechanism/loss_ct_helpful::ct_epoch_core_loss,0.3496802747249603,all_observation_or_mechanism_transactions,output/20260911-023006-29_full_cfc_perf-nuscenes_car_seed42_60ep_bs16/lightning_logs/version_0/ct_epoch_core_loss_mechanism/loss_ct_helpful
full_cfc,1,50687,ct_epoch_core_loss_mechanism/loss_ct_plugin_total::ct_epoch_core_loss,1.0552455186843872,all_observation_or_mechanism_transactions,output/20260911-023006-29_full_cfc_perf-nuscenes_car_seed42_60ep_bs16/lightning_logs/version_0/ct_epoch_core_loss_mechanism/loss_ct_plugin_total
full_cfc,2,101374,ct_epoch_core_loss_mechanism/loss_ct_plugin_total::ct_epoch_core_loss,0.7677320241928101,all_observation_or_mechanism_transactions,output/20260911-023006-29_full_cfc_perf-nuscenes_car_seed42_60ep_bs16/lightning_logs/version_0/ct_epoch_core_loss_mechanism/loss_ct_plugin_total
full_cfc,1,50687,ct_epoch_core_loss_mechanism/loss_ct_presence::ct_epoch_core_loss,0.6769576668739319,all_observation_or_mechanism_transactions,output/20260911-023006-29_full_cfc_perf-nuscenes_car_seed42_60ep_bs16/lightning_logs/version_0/ct_epoch_core_loss_mechanism/loss_ct_presence
full_cfc,2,101374,ct_epoch_core_loss_mechanism/loss_ct_presence::ct_epoch_core_loss,0.5721554756164551,all_observation_or_mechanism_transactions,output/20260911-023006-29_full_cfc_perf-nuscenes_car_seed42_60ep_bs16/lightning_logs/version_0/ct_epoch_core_loss_mechanism/loss_ct_presence
full_cfc,1,50687,ct_epoch_core_loss_mechanism/loss_ct_raw_search::ct_epoch_core_loss,0.536659300327301,all_observation_or_mechanism_transactions,output/20260911-023006-29_full_cfc_perf-nuscenes_car_seed42_60ep_bs16/lightning_logs/version_0/ct_epoch_core_loss_mechanism/loss_ct_raw_search
full_cfc,2,101374,ct_epoch_core_loss_mechanism/loss_ct_raw_search::ct_epoch_core_loss,0.3857771158218384,all_observation_or_mechanism_transactions,output/20260911-023006-29_full_cfc_perf-nuscenes_car_seed42_60ep_bs16/lightning_logs/version_0/ct_epoch_core_loss_mechanism/loss_ct_raw_search
full_cfc,1,50687,ct_epoch_core_loss_mechanism/loss_ct_relation::ct_epoch_core_loss,0.53133225440979,all_observation_or_mechanism_transactions,output/20260911-023006-29_full_cfc_perf-nuscenes_car_seed42_60ep_bs16/lightning_logs/version_0/ct_epoch_core_loss_mechanism/loss_ct_relation
full_cfc,2,101374,ct_epoch_core_loss_mechanism/loss_ct_relation::ct_epoch_core_loss,0.33300215005874634,all_observation_or_mechanism_transactions,output/20260911-023006-29_full_cfc_perf-nuscenes_car_seed42_60ep_bs16/lightning_logs/version_0/ct_epoch_core_loss_mechanism/loss_ct_relation
full_cfc,1,50687,ct_epoch_core_loss_mechanism/loss_ct_targetness::ct_epoch_core_loss,0.5645153522491455,all_observation_or_mechanism_transactions,output/20260911-023006-29_full_cfc_perf-nuscenes_car_seed42_60ep_bs16/lightning_logs/version_0/ct_epoch_core_loss_mechanism/loss_ct_targetness
full_cfc,2,101374,ct_epoch_core_loss_mechanism/loss_ct_targetness::ct_epoch_core_loss,0.35564643144607544,all_observation_or_mechanism_transactions,output/20260911-023006-29_full_cfc_perf-nuscenes_car_seed42_60ep_bs16/lightning_logs/version_0/ct_epoch_core_loss_mechanism/loss_ct_targetness
full_cfc,1,50687,ct_epoch_core_loss_mechanism/loss_ct_utility::ct_epoch_core_loss,0.12119277566671371,all_observation_or_mechanism_transactions,output/20260911-023006-29_full_cfc_perf-nuscenes_car_seed42_60ep_bs16/lightning_logs/version_0/ct_epoch_core_loss_mechanism/loss_ct_utility
full_cfc,2,101374,ct_epoch_core_loss_mechanism/loss_ct_utility::ct_epoch_core_loss,0.12302414327859879,all_observation_or_mechanism_transactions,output/20260911-023006-29_full_cfc_perf-nuscenes_car_seed42_60ep_bs16/lightning_logs/version_0/ct_epoch_core_loss_mechanism/loss_ct_utility
full_cfc,1,50687,ct_epoch_core_loss_mechanism/loss_ct_utility_classification::ct_epoch_core_loss,0.8187445998191833,all_observation_or_mechanism_transactions,output/20260911-023006-29_full_cfc_perf-nuscenes_car_seed42_60ep_bs16/lightning_logs/version_0/ct_epoch_core_loss_mechanism/loss_ct_utility_classification
full_cfc,2,101374,ct_epoch_core_loss_mechanism/loss_ct_utility_classification::ct_epoch_core_loss,0.8084442019462585,all_observation_or_mechanism_transactions,output/20260911-023006-29_full_cfc_perf-nuscenes_car_seed42_60ep_bs16/lightning_logs/version_0/ct_epoch_core_loss_mechanism/loss_ct_utility_classification
full_cfc,1,50687,ct_epoch_core_loss_mechanism/loss_ct_vote::ct_epoch_core_loss,0.18091797828674316,all_observation_or_mechanism_transactions,output/20260911-023006-29_full_cfc_perf-nuscenes_car_seed42_60ep_bs16/lightning_logs/version_0/ct_epoch_core_loss_mechanism/loss_ct_vote
full_cfc,2,101374,ct_epoch_core_loss_mechanism/loss_ct_vote::ct_epoch_core_loss,0.14575302600860596,all_observation_or_mechanism_transactions,output/20260911-023006-29_full_cfc_perf-nuscenes_car_seed42_60ep_bs16/lightning_logs/version_0/ct_epoch_core_loss_mechanism/loss_ct_vote
full_cfc,1,50687,ct_epoch_core_loss_mechanism/loss_motion_cls::ct_epoch_core_loss,0.4971277415752411,all_observation_or_mechanism_transactions,output/20260911-023006-29_full_cfc_perf-nuscenes_car_seed42_60ep_bs16/lightning_logs/version_0/ct_epoch_core_loss_mechanism/loss_motion_cls
full_cfc,2,101374,ct_epoch_core_loss_mechanism/loss_motion_cls::ct_epoch_core_loss,0.43533703684806824,all_observation_or_mechanism_transactions,output/20260911-023006-29_full_cfc_perf-nuscenes_car_seed42_60ep_bs16/lightning_logs/version_0/ct_epoch_core_loss_mechanism/loss_motion_cls
full_cfc,1,50687,ct_epoch_core_loss_mechanism/loss_motion_v3_aux_nll::ct_epoch_core_loss,7.451869487762451,all_observation_or_mechanism_transactions,output/20260911-023006-29_full_cfc_perf-nuscenes_car_seed42_60ep_bs16/lightning_logs/version_0/ct_epoch_core_loss_mechanism/loss_motion_v3_aux_nll
full_cfc,2,101374,ct_epoch_core_loss_mechanism/loss_motion_v3_aux_nll::ct_epoch_core_loss,5.450447082519531,all_observation_or_mechanism_transactions,output/20260911-023006-29_full_cfc_perf-nuscenes_car_seed42_60ep_bs16/lightning_logs/version_0/ct_epoch_core_loss_mechanism/loss_motion_v3_aux_nll
full_cfc,1,50687,ct_epoch_core_loss_mechanism/loss_motion_v3_aux_prior::ct_epoch_core_loss,0.09919707477092743,all_observation_or_mechanism_transactions,output/20260911-023006-29_full_cfc_perf-nuscenes_car_seed42_60ep_bs16/lightning_logs/version_0/ct_epoch_core_loss_mechanism/loss_motion_v3_aux_prior
full_cfc,2,101374,ct_epoch_core_loss_mechanism/loss_motion_v3_aux_prior::ct_epoch_core_loss,0.09077508002519608,all_observation_or_mechanism_transactions,output/20260911-023006-29_full_cfc_perf-nuscenes_car_seed42_60ep_bs16/lightning_logs/version_0/ct_epoch_core_loss_mechanism/loss_motion_v3_aux_prior
full_cfc,1,50687,ct_epoch_core_loss_mechanism/loss_motion_v3_nll::ct_epoch_core_loss,2.8092734813690186,all_observation_or_mechanism_transactions,output/20260911-023006-29_full_cfc_perf-nuscenes_car_seed42_60ep_bs16/lightning_logs/version_0/ct_epoch_core_loss_mechanism/loss_motion_v3_nll
full_cfc,2,101374,ct_epoch_core_loss_mechanism/loss_motion_v3_nll::ct_epoch_core_loss,1.8064541816711426,all_observation_or_mechanism_transactions,output/20260911-023006-29_full_cfc_perf-nuscenes_car_seed42_60ep_bs16/lightning_logs/version_0/ct_epoch_core_loss_mechanism/loss_motion_v3_nll
full_cfc,1,50687,ct_epoch_core_loss_mechanism/loss_motion_v3_prior::ct_epoch_core_loss,0.08873862028121948,all_observation_or_mechanism_transactions,output/20260911-023006-29_full_cfc_perf-nuscenes_car_seed42_60ep_bs16/lightning_logs/version_0/ct_epoch_core_loss_mechanism/loss_motion_v3_prior
full_cfc,2,101374,ct_epoch_core_loss_mechanism/loss_motion_v3_prior::ct_epoch_core_loss,0.08258256316184998,all_observation_or_mechanism_transactions,output/20260911-023006-29_full_cfc_perf-nuscenes_car_seed42_60ep_bs16/lightning_logs/version_0/ct_epoch_core_loss_mechanism/loss_motion_v3_prior
full_cfc,1,50687,ct_epoch_core_loss_mechanism/loss_plugin_transaction::ct_epoch_core_loss,1.5900113582611084,all_observation_or_mechanism_transactions,output/20260911-023006-29_full_cfc_perf-nuscenes_car_seed42_60ep_bs16/lightning_logs/version_0/ct_epoch_core_loss_mechanism/loss_plugin_transaction
full_cfc,2,101374,ct_epoch_core_loss_mechanism/loss_plugin_transaction::ct_epoch_core_loss,1.1498221158981323,all_observation_or_mechanism_transactions,output/20260911-023006-29_full_cfc_perf-nuscenes_car_seed42_60ep_bs16/lightning_logs/version_0/ct_epoch_core_loss_mechanism/loss_plugin_transaction
full_cfc,1,50687,ct_epoch_core_loss_mechanism/loss_seg::ct_epoch_core_loss,0.39257824420928955,all_observation_or_mechanism_transactions,output/20260911-023006-29_full_cfc_perf-nuscenes_car_seed42_60ep_bs16/lightning_logs/version_0/ct_epoch_core_loss_mechanism/loss_seg
full_cfc,2,101374,ct_epoch_core_loss_mechanism/loss_seg::ct_epoch_core_loss,0.33469295501708984,all_observation_or_mechanism_transactions,output/20260911-023006-29_full_cfc_perf-nuscenes_car_seed42_60ep_bs16/lightning_logs/version_0/ct_epoch_core_loss_mechanism/loss_seg
full_cfc,1,50687,ct_epoch_core_loss_mechanism/loss_total::ct_epoch_core_loss,1.5900113582611084,all_observation_or_mechanism_transactions,output/20260911-023006-29_full_cfc_perf-nuscenes_car_seed42_60ep_bs16/lightning_logs/version_0/ct_epoch_core_loss_mechanism/loss_total
full_cfc,2,101374,ct_epoch_core_loss_mechanism/loss_total::ct_epoch_core_loss,1.1498221158981323,all_observation_or_mechanism_transactions,output/20260911-023006-29_full_cfc_perf-nuscenes_car_seed42_60ep_bs16/lightning_logs/version_0/ct_epoch_core_loss_mechanism/loss_total
full_cfc,1,50687,ct_epoch_core_loss_mechanism/rows::ct_epoch_core_loss,191288.0,all_observation_or_mechanism_transactions,output/20260911-023006-29_full_cfc_perf-nuscenes_car_seed42_60ep_bs16/lightning_logs/version_0/ct_epoch_core_loss_mechanism/rows
full_cfc,2,101374,ct_epoch_core_loss_mechanism/rows::ct_epoch_core_loss,191288.0,all_observation_or_mechanism_transactions,output/20260911-023006-29_full_cfc_perf-nuscenes_car_seed42_60ep_bs16/lightning_logs/version_0/ct_epoch_core_loss_mechanism/rows
full_cfc,1,50687,ct_epoch_core_loss_mechanism/transactions::ct_epoch_core_loss,11956.0,all_observation_or_mechanism_transactions,output/20260911-023006-29_full_cfc_perf-nuscenes_car_seed42_60ep_bs16/lightning_logs/version_0/ct_epoch_core_loss_mechanism/transactions
full_cfc,2,101374,ct_epoch_core_loss_mechanism/transactions::ct_epoch_core_loss,11956.0,all_observation_or_mechanism_transactions,output/20260911-023006-29_full_cfc_perf-nuscenes_car_seed42_60ep_bs16/lightning_logs/version_0/ct_epoch_core_loss_mechanism/transactions
full_cfc,1,50687,ct_epoch_core_loss_observation/loss_angle::ct_epoch_core_loss,0.00036219312460161746,all_observation_or_mechanism_transactions,output/20260911-023006-29_full_cfc_perf-nuscenes_car_seed42_60ep_bs16/lightning_logs/version_0/ct_epoch_core_loss_observation/loss_angle
full_cfc,2,101374,ct_epoch_core_loss_observation/loss_angle::ct_epoch_core_loss,0.00026977775269187987,all_observation_or_mechanism_transactions,output/20260911-023006-29_full_cfc_perf-nuscenes_car_seed42_60ep_bs16/lightning_logs/version_0/ct_epoch_core_loss_observation/loss_angle
full_cfc,1,50687,ct_epoch_core_loss_observation/loss_angle_aux::ct_epoch_core_loss,0.006223101168870926,all_observation_or_mechanism_transactions,output/20260911-023006-29_full_cfc_perf-nuscenes_car_seed42_60ep_bs16/lightning_logs/version_0/ct_epoch_core_loss_observation/loss_angle_aux
full_cfc,2,101374,ct_epoch_core_loss_observation/loss_angle_aux::ct_epoch_core_loss,0.001744177658110857,all_observation_or_mechanism_transactions,output/20260911-023006-29_full_cfc_perf-nuscenes_car_seed42_60ep_bs16/lightning_logs/version_0/ct_epoch_core_loss_observation/loss_angle_aux
full_cfc,1,50687,ct_epoch_core_loss_observation/loss_angle_motion::ct_epoch_core_loss,0.0014081919798627496,all_observation_or_mechanism_transactions,output/20260911-023006-29_full_cfc_perf-nuscenes_car_seed42_60ep_bs16/lightning_logs/version_0/ct_epoch_core_loss_observation/loss_angle_motion
full_cfc,2,101374,ct_epoch_core_loss_observation/loss_angle_motion::ct_epoch_core_loss,0.0009308953303843737,all_observation_or_mechanism_transactions,output/20260911-023006-29_full_cfc_perf-nuscenes_car_seed42_60ep_bs16/lightning_logs/version_0/ct_epoch_core_loss_observation/loss_angle_motion
full_cfc,1,50687,ct_epoch_core_loss_observation/loss_angle_ref::ct_epoch_core_loss,0.004659113474190235,all_observation_or_mechanism_transactions,output/20260911-023006-29_full_cfc_perf-nuscenes_car_seed42_60ep_bs16/lightning_logs/version_0/ct_epoch_core_loss_observation/loss_angle_ref
full_cfc,2,101374,ct_epoch_core_loss_observation/loss_angle_ref::ct_epoch_core_loss,0.0009817394893616438,all_observation_or_mechanism_transactions,output/20260911-023006-29_full_cfc_perf-nuscenes_car_seed42_60ep_bs16/lightning_logs/version_0/ct_epoch_core_loss_observation/loss_angle_ref
full_cfc,1,50687,ct_epoch_core_loss_observation/loss_b0_observation::ct_epoch_core_loss,2.3095481395721436,all_observation_or_mechanism_transactions,output/20260911-023006-29_full_cfc_perf-nuscenes_car_seed42_60ep_bs16/lightning_logs/version_0/ct_epoch_core_loss_observation/loss_b0_observation
full_cfc,2,101374,ct_epoch_core_loss_observation/loss_b0_observation::ct_epoch_core_loss,1.5501227378845215,all_observation_or_mechanism_transactions,output/20260911-023006-29_full_cfc_perf-nuscenes_car_seed42_60ep_bs16/lightning_logs/version_0/ct_epoch_core_loss_observation/loss_b0_observation
full_cfc,1,50687,ct_epoch_core_loss_observation/loss_b0_transaction::ct_epoch_core_loss,2.3095481395721436,all_observation_or_mechanism_transactions,output/20260911-023006-29_full_cfc_perf-nuscenes_car_seed42_60ep_bs16/lightning_logs/version_0/ct_epoch_core_loss_observation/loss_b0_transaction
full_cfc,2,101374,ct_epoch_core_loss_observation/loss_b0_transaction::ct_epoch_core_loss,1.5501227378845215,all_observation_or_mechanism_transactions,output/20260911-023006-29_full_cfc_perf-nuscenes_car_seed42_60ep_bs16/lightning_logs/version_0/ct_epoch_core_loss_observation/loss_b0_transaction
full_cfc,1,50687,ct_epoch_core_loss_observation/loss_b1_transaction::ct_epoch_core_loss,0.0,all_observation_or_mechanism_transactions,output/20260911-023006-29_full_cfc_perf-nuscenes_car_seed42_60ep_bs16/lightning_logs/version_0/ct_epoch_core_loss_observation/loss_b1_transaction
full_cfc,2,101374,ct_epoch_core_loss_observation/loss_b1_transaction::ct_epoch_core_loss,0.0,all_observation_or_mechanism_transactions,output/20260911-023006-29_full_cfc_perf-nuscenes_car_seed42_60ep_bs16/lightning_logs/version_0/ct_epoch_core_loss_observation/loss_b1_transaction
full_cfc,1,50687,ct_epoch_core_loss_observation/loss_b2_transaction::ct_epoch_core_loss,0.0,all_observation_or_mechanism_transactions,output/20260911-023006-29_full_cfc_perf-nuscenes_car_seed42_60ep_bs16/lightning_logs/version_0/ct_epoch_core_loss_observation/loss_b2_transaction
full_cfc,2,101374,ct_epoch_core_loss_observation/loss_b2_transaction::ct_epoch_core_loss,0.0,all_observation_or_mechanism_transactions,output/20260911-023006-29_full_cfc_perf-nuscenes_car_seed42_60ep_bs16/lightning_logs/version_0/ct_epoch_core_loss_observation/loss_b2_transaction
full_cfc,1,50687,ct_epoch_core_loss_observation/loss_b3_transaction::ct_epoch_core_loss,0.0,all_observation_or_mechanism_transactions,output/20260911-023006-29_full_cfc_perf-nuscenes_car_seed42_60ep_bs16/lightning_logs/version_0/ct_epoch_core_loss_observation/loss_b3_transaction
full_cfc,2,101374,ct_epoch_core_loss_observation/loss_b3_transaction::ct_epoch_core_loss,0.0,all_observation_or_mechanism_transactions,output/20260911-023006-29_full_cfc_perf-nuscenes_car_seed42_60ep_bs16/lightning_logs/version_0/ct_epoch_core_loss_observation/loss_b3_transaction
full_cfc,1,50687,ct_epoch_core_loss_observation/loss_bc::ct_epoch_core_loss,0.6445583701133728,all_observation_or_mechanism_transactions,output/20260911-023006-29_full_cfc_perf-nuscenes_car_seed42_60ep_bs16/lightning_logs/version_0/ct_epoch_core_loss_observation/loss_bc
full_cfc,2,101374,ct_epoch_core_loss_observation/loss_bc::ct_epoch_core_loss,0.38569292426109314,all_observation_or_mechanism_transactions,output/20260911-023006-29_full_cfc_perf-nuscenes_car_seed42_60ep_bs16/lightning_logs/version_0/ct_epoch_core_loss_observation/loss_bc
full_cfc,1,50687,ct_epoch_core_loss_observation/loss_center::ct_epoch_core_loss,0.109165258705616,all_observation_or_mechanism_transactions,output/20260911-023006-29_full_cfc_perf-nuscenes_car_seed42_60ep_bs16/lightning_logs/version_0/ct_epoch_core_loss_observation/loss_center
full_cfc,2,101374,ct_epoch_core_loss_observation/loss_center::ct_epoch_core_loss,0.07824404537677765,all_observation_or_mechanism_transactions,output/20260911-023006-29_full_cfc_perf-nuscenes_car_seed42_60ep_bs16/lightning_logs/version_0/ct_epoch_core_loss_observation/loss_center
full_cfc,1,50687,ct_epoch_core_loss_observation/loss_center_aux::ct_epoch_core_loss,0.39351537823677063,all_observation_or_mechanism_transactions,output/20260911-023006-29_full_cfc_perf-nuscenes_car_seed42_60ep_bs16/lightning_logs/version_0/ct_epoch_core_loss_observation/loss_center_aux
full_cfc,2,101374,ct_epoch_core_loss_observation/loss_center_aux::ct_epoch_core_loss,0.28812548518180847,all_observation_or_mechanism_transactions,output/20260911-023006-29_full_cfc_perf-nuscenes_car_seed42_60ep_bs16/lightning_logs/version_0/ct_epoch_core_loss_observation/loss_center_aux
full_cfc,1,50687,ct_epoch_core_loss_observation/loss_center_motion::ct_epoch_core_loss,0.2379702925682068,all_observation_or_mechanism_transactions,output/20260911-023006-29_full_cfc_perf-nuscenes_car_seed42_60ep_bs16/lightning_logs/version_0/ct_epoch_core_loss_observation/loss_center_motion
full_cfc,2,101374,ct_epoch_core_loss_observation/loss_center_motion::ct_epoch_core_loss,0.1633097529411316,all_observation_or_mechanism_transactions,output/20260911-023006-29_full_cfc_perf-nuscenes_car_seed42_60ep_bs16/lightning_logs/version_0/ct_epoch_core_loss_observation/loss_center_motion
full_cfc,1,50687,ct_epoch_core_loss_observation/loss_center_ref::ct_epoch_core_loss,0.20012535154819489,all_observation_or_mechanism_transactions,output/20260911-023006-29_full_cfc_perf-nuscenes_car_seed42_60ep_bs16/lightning_logs/version_0/ct_epoch_core_loss_observation/loss_center_ref
full_cfc,2,101374,ct_epoch_core_loss_observation/loss_center_ref::ct_epoch_core_loss,0.14019648730754852,all_observation_or_mechanism_transactions,output/20260911-023006-29_full_cfc_perf-nuscenes_car_seed42_60ep_bs16/lightning_logs/version_0/ct_epoch_core_loss_observation/loss_center_ref
full_cfc,1,50687,ct_epoch_core_loss_observation/loss_motion_cls::ct_epoch_core_loss,0.4046320617198944,all_observation_or_mechanism_transactions,output/20260911-023006-29_full_cfc_perf-nuscenes_car_seed42_60ep_bs16/lightning_logs/version_0/ct_epoch_core_loss_observation/loss_motion_cls
full_cfc,2,101374,ct_epoch_core_loss_observation/loss_motion_cls::ct_epoch_core_loss,0.35668373107910156,all_observation_or_mechanism_transactions,output/20260911-023006-29_full_cfc_perf-nuscenes_car_seed42_60ep_bs16/lightning_logs/version_0/ct_epoch_core_loss_observation/loss_motion_cls
full_cfc,1,50687,ct_epoch_core_loss_observation/loss_plugin_transaction::ct_epoch_core_loss,0.0,all_observation_or_mechanism_transactions,output/20260911-023006-29_full_cfc_perf-nuscenes_car_seed42_60ep_bs16/lightning_logs/version_0/ct_epoch_core_loss_observation/loss_plugin_transaction
full_cfc,2,101374,ct_epoch_core_loss_observation/loss_plugin_transaction::ct_epoch_core_loss,0.0,all_observation_or_mechanism_transactions,output/20260911-023006-29_full_cfc_perf-nuscenes_car_seed42_60ep_bs16/lightning_logs/version_0/ct_epoch_core_loss_observation/loss_plugin_transaction
full_cfc,1,50687,ct_epoch_core_loss_observation/loss_seg::ct_epoch_core_loss,0.1860111951828003,all_observation_or_mechanism_transactions,output/20260911-023006-29_full_cfc_perf-nuscenes_car_seed42_60ep_bs16/lightning_logs/version_0/ct_epoch_core_loss_observation/loss_seg
full_cfc,2,101374,ct_epoch_core_loss_observation/loss_seg::ct_epoch_core_loss,0.10938067734241486,all_observation_or_mechanism_transactions,output/20260911-023006-29_full_cfc_perf-nuscenes_car_seed42_60ep_bs16/lightning_logs/version_0/ct_epoch_core_loss_observation/loss_seg
full_cfc,1,50687,ct_epoch_core_loss_observation/loss_total::ct_epoch_core_loss,2.3095481395721436,all_observation_or_mechanism_transactions,output/20260911-023006-29_full_cfc_perf-nuscenes_car_seed42_60ep_bs16/lightning_logs/version_0/ct_epoch_core_loss_observation/loss_total
full_cfc,2,101374,ct_epoch_core_loss_observation/loss_total::ct_epoch_core_loss,1.5501227378845215,all_observation_or_mechanism_transactions,output/20260911-023006-29_full_cfc_perf-nuscenes_car_seed42_60ep_bs16/lightning_logs/version_0/ct_epoch_core_loss_observation/loss_total
full_cfc,1,50687,ct_epoch_core_loss_observation/rows::ct_epoch_core_loss,810992.0,all_observation_or_mechanism_transactions,output/20260911-023006-29_full_cfc_perf-nuscenes_car_seed42_60ep_bs16/lightning_logs/version_0/ct_epoch_core_loss_observation/rows
full_cfc,2,101374,ct_epoch_core_loss_observation/rows::ct_epoch_core_loss,810992.0,all_observation_or_mechanism_transactions,output/20260911-023006-29_full_cfc_perf-nuscenes_car_seed42_60ep_bs16/lightning_logs/version_0/ct_epoch_core_loss_observation/rows
full_cfc,1,50687,ct_epoch_core_loss_observation/transactions::ct_epoch_core_loss,50687.0,all_observation_or_mechanism_transactions,output/20260911-023006-29_full_cfc_perf-nuscenes_car_seed42_60ep_bs16/lightning_logs/version_0/ct_epoch_core_loss_observation/transactions
full_cfc,2,101374,ct_epoch_core_loss_observation/transactions::ct_epoch_core_loss,50687.0,all_observation_or_mechanism_transactions,output/20260911-023006-29_full_cfc_perf-nuscenes_car_seed42_60ep_bs16/lightning_logs/version_0/ct_epoch_core_loss_observation/transactions
full_cfc,1,50687,ct_epoch_h3_sampling_candidate_events::ct_epoch_h3_sampling,5977.0,sampled_diagnostic,output/20260911-023006-29_full_cfc_perf-nuscenes_car_seed42_60ep_bs16/lightning_logs/version_0/ct_epoch_h3_sampling_candidate_events
full_cfc,2,101374,ct_epoch_h3_sampling_candidate_events::ct_epoch_h3_sampling,5977.0,sampled_diagnostic,output/20260911-023006-29_full_cfc_perf-nuscenes_car_seed42_60ep_bs16/lightning_logs/version_0/ct_epoch_h3_sampling_candidate_events
full_cfc,1,50687,ct_epoch_h3_sampling_executed_events::ct_epoch_h3_sampling,199.0,sampled_diagnostic,output/20260911-023006-29_full_cfc_perf-nuscenes_car_seed42_60ep_bs16/lightning_logs/version_0/ct_epoch_h3_sampling_executed_events
full_cfc,2,101374,ct_epoch_h3_sampling_executed_events::ct_epoch_h3_sampling,205.0,sampled_diagnostic,output/20260911-023006-29_full_cfc_perf-nuscenes_car_seed42_60ep_bs16/lightning_logs/version_0/ct_epoch_h3_sampling_executed_events
full_cfc,1,50687,ct_epoch_h3_sampling_not_sampled_events::ct_epoch_h3_sampling,5420.0,sampled_diagnostic,output/20260911-023006-29_full_cfc_perf-nuscenes_car_seed42_60ep_bs16/lightning_logs/version_0/ct_epoch_h3_sampling_not_sampled_events
full_cfc,2,101374,ct_epoch_h3_sampling_not_sampled_events::ct_epoch_h3_sampling,5358.0,sampled_diagnostic,output/20260911-023006-29_full_cfc_perf-nuscenes_car_seed42_60ep_bs16/lightning_logs/version_0/ct_epoch_h3_sampling_not_sampled_events
full_cfc,1,50687,ct_epoch_h3_sampling_precision_gain_sum::ct_epoch_h3_sampling,-18.512500762939453,sampled_diagnostic,output/20260911-023006-29_full_cfc_perf-nuscenes_car_seed42_60ep_bs16/lightning_logs/version_0/ct_epoch_h3_sampling_precision_gain_sum
full_cfc,2,101374,ct_epoch_h3_sampling_precision_gain_sum::ct_epoch_h3_sampling,-26.30000114440918,sampled_diagnostic,output/20260911-023006-29_full_cfc_perf-nuscenes_car_seed42_60ep_bs16/lightning_logs/version_0/ct_epoch_h3_sampling_precision_gain_sum
full_cfc,1,50687,ct_epoch_h3_sampling_sampled_events::ct_epoch_h3_sampling,557.0,sampled_diagnostic,output/20260911-023006-29_full_cfc_perf-nuscenes_car_seed42_60ep_bs16/lightning_logs/version_0/ct_epoch_h3_sampling_sampled_events
full_cfc,2,101374,ct_epoch_h3_sampling_sampled_events::ct_epoch_h3_sampling,619.0,sampled_diagnostic,output/20260911-023006-29_full_cfc_perf-nuscenes_car_seed42_60ep_bs16/lightning_logs/version_0/ct_epoch_h3_sampling_sampled_events
full_cfc,1,50687,ct_epoch_h3_sampling_scheduled_events::ct_epoch_h3_sampling,5977.0,sampled_diagnostic,output/20260911-023006-29_full_cfc_perf-nuscenes_car_seed42_60ep_bs16/lightning_logs/version_0/ct_epoch_h3_sampling_scheduled_events
full_cfc,2,101374,ct_epoch_h3_sampling_scheduled_events::ct_epoch_h3_sampling,5977.0,sampled_diagnostic,output/20260911-023006-29_full_cfc_perf-nuscenes_car_seed42_60ep_bs16/lightning_logs/version_0/ct_epoch_h3_sampling_scheduled_events
full_cfc,1,50687,ct_epoch_h3_sampling_success_gain_sum::ct_epoch_h3_sampling,-20.649999618530273,sampled_diagnostic,output/20260911-023006-29_full_cfc_perf-nuscenes_car_seed42_60ep_bs16/lightning_logs/version_0/ct_epoch_h3_sampling_success_gain_sum
full_cfc,2,101374,ct_epoch_h3_sampling_success_gain_sum::ct_epoch_h3_sampling,-33.125,sampled_diagnostic,output/20260911-023006-29_full_cfc_perf-nuscenes_car_seed42_60ep_bs16/lightning_logs/version_0/ct_epoch_h3_sampling_success_gain_sum
full_cfc,1,50687,ct_epoch_h3_sampling_valid_events::ct_epoch_h3_sampling,199.0,sampled_diagnostic,output/20260911-023006-29_full_cfc_perf-nuscenes_car_seed42_60ep_bs16/lightning_logs/version_0/ct_epoch_h3_sampling_valid_events
full_cfc,2,101374,ct_epoch_h3_sampling_valid_events::ct_epoch_h3_sampling,205.0,sampled_diagnostic,output/20260911-023006-29_full_cfc_perf-nuscenes_car_seed42_60ep_bs16/lightning_logs/version_0/ct_epoch_h3_sampling_valid_events
full_cfc,1,50687,ct_epoch_h3_sampling_valid_precision_gain_mean::ct_epoch_h3_sampling,-0.09302763640880585,sampled_diagnostic,output/20260911-023006-29_full_cfc_perf-nuscenes_car_seed42_60ep_bs16/lightning_logs/version_0/ct_epoch_h3_sampling_valid_precision_gain_mean
full_cfc,2,101374,ct_epoch_h3_sampling_valid_precision_gain_mean::ct_epoch_h3_sampling,-0.12829267978668213,sampled_diagnostic,output/20260911-023006-29_full_cfc_perf-nuscenes_car_seed42_60ep_bs16/lightning_logs/version_0/ct_epoch_h3_sampling_valid_precision_gain_mean
full_cfc,1,50687,ct_epoch_h3_sampling_valid_success_gain_mean::ct_epoch_h3_sampling,-0.10376884043216705,sampled_diagnostic,output/20260911-023006-29_full_cfc_perf-nuscenes_car_seed42_60ep_bs16/lightning_logs/version_0/ct_epoch_h3_sampling_valid_success_gain_mean
full_cfc,2,101374,ct_epoch_h3_sampling_valid_success_gain_mean::ct_epoch_h3_sampling,-0.16158536076545715,sampled_diagnostic,output/20260911-023006-29_full_cfc_perf-nuscenes_car_seed42_60ep_bs16/lightning_logs/version_0/ct_epoch_h3_sampling_valid_success_gain_mean
full_cfc,1,50686,seg_acc_background/train_epoch,0.8152865767478943,all_observation_or_mechanism_transactions,output/20260911-023006-29_full_cfc_perf-nuscenes_car_seed42_60ep_bs16/lightning_logs/version_0/events.out.tfevents.1789065145.tesla-a40-2.163139.0
full_cfc,2,101373,seg_acc_background/train_epoch,0.9109581708908081,all_observation_or_mechanism_transactions,output/20260911-023006-29_full_cfc_perf-nuscenes_car_seed42_60ep_bs16/lightning_logs/version_0/events.out.tfevents.1789065145.tesla-a40-2.163139.0
full_cfc,1,50686,seg_acc_foreground/train_epoch,0.9749569296836853,all_observation_or_mechanism_transactions,output/20260911-023006-29_full_cfc_perf-nuscenes_car_seed42_60ep_bs16/lightning_logs/version_0/events.out.tfevents.1789065145.tesla-a40-2.163139.0
full_cfc,2,101373,seg_acc_foreground/train_epoch,0.9833188652992249,all_observation_or_mechanism_transactions,output/20260911-023006-29_full_cfc_perf-nuscenes_car_seed42_60ep_bs16/lightning_logs/version_0/events.out.tfevents.1789065145.tesla-a40-2.163139.0
full_cfc,1,50686,motion_acc_static/train_epoch,0.9690867066383362,all_observation_or_mechanism_transactions,output/20260911-023006-29_full_cfc_perf-nuscenes_car_seed42_60ep_bs16/lightning_logs/version_0/events.out.tfevents.1789065145.tesla-a40-2.163139.0
full_cfc,2,101373,motion_acc_static/train_epoch,0.976233959197998,all_observation_or_mechanism_transactions,output/20260911-023006-29_full_cfc_perf-nuscenes_car_seed42_60ep_bs16/lightning_logs/version_0/events.out.tfevents.1789065145.tesla-a40-2.163139.0
full_cfc,1,50686,motion_acc_dynamic/train_epoch,0.513556182384491,all_observation_or_mechanism_transactions,output/20260911-023006-29_full_cfc_perf-nuscenes_car_seed42_60ep_bs16/lightning_logs/version_0/events.out.tfevents.1789065145.tesla-a40-2.163139.0
full_cfc,2,101373,motion_acc_dynamic/train_epoch,0.5778781175613403,all_observation_or_mechanism_transactions,output/20260911-023006-29_full_cfc_perf-nuscenes_car_seed42_60ep_bs16/lightning_logs/version_0/events.out.tfevents.1789065145.tesla-a40-2.163139.0
full_gru,1,50687,ct_epoch_calibration_sampled_harm_sampled_rows::ct_epoch_calibration_sampled,705.0,sampled_diagnostic,output/20260911-023010-29_full_gru_perf-nuscenes_car_seed42_60ep_bs16/lightning_logs/version_0/ct_epoch_calibration_sampled_harm_sampled_rows
full_gru,2,101374,ct_epoch_calibration_sampled_harm_sampled_rows::ct_epoch_calibration_sampled,682.0,sampled_diagnostic,output/20260911-023010-29_full_gru_perf-nuscenes_car_seed42_60ep_bs16/lightning_logs/version_0/ct_epoch_calibration_sampled_harm_sampled_rows
full_gru,1,50687,ct_epoch_calibration_sampled_help_sampled_rows::ct_epoch_calibration_sampled,705.0,sampled_diagnostic,output/20260911-023010-29_full_gru_perf-nuscenes_car_seed42_60ep_bs16/lightning_logs/version_0/ct_epoch_calibration_sampled_help_sampled_rows
full_gru,2,101374,ct_epoch_calibration_sampled_help_sampled_rows::ct_epoch_calibration_sampled,682.0,sampled_diagnostic,output/20260911-023010-29_full_gru_perf-nuscenes_car_seed42_60ep_bs16/lightning_logs/version_0/ct_epoch_calibration_sampled_help_sampled_rows
full_gru,1,50687,ct_epoch_calibration_sampled_presence_sampled_rows::ct_epoch_calibration_sampled,705.0,sampled_diagnostic,output/20260911-023010-29_full_gru_perf-nuscenes_car_seed42_60ep_bs16/lightning_logs/version_0/ct_epoch_calibration_sampled_presence_sampled_rows
full_gru,2,101374,ct_epoch_calibration_sampled_presence_sampled_rows::ct_epoch_calibration_sampled,682.0,sampled_diagnostic,output/20260911-023010-29_full_gru_perf-nuscenes_car_seed42_60ep_bs16/lightning_logs/version_0/ct_epoch_calibration_sampled_presence_sampled_rows
full_gru,1,50687,ct_epoch_calibration_sampled_sample_interval::ct_epoch_calibration_sampled,100.0,sampled_diagnostic,output/20260911-023010-29_full_gru_perf-nuscenes_car_seed42_60ep_bs16/lightning_logs/version_0/ct_epoch_calibration_sampled_sample_interval
full_gru,2,101374,ct_epoch_calibration_sampled_sample_interval::ct_epoch_calibration_sampled,100.0,sampled_diagnostic,output/20260911-023010-29_full_gru_perf-nuscenes_car_seed42_60ep_bs16/lightning_logs/version_0/ct_epoch_calibration_sampled_sample_interval
full_gru,1,50687,ct_epoch_calibration_sampled_sampled_bounded_precision_gain_mean::ct_epoch_calibration_sampled,-0.11304964870214462,sampled_diagnostic,output/20260911-023010-29_full_gru_perf-nuscenes_car_seed42_60ep_bs16/lightning_logs/version_0/ct_epoch_calibration_sampled_sampled_bounded_precision_gain_mean
full_gru,2,101374,ct_epoch_calibration_sampled_sampled_bounded_precision_gain_mean::ct_epoch_calibration_sampled,-0.13060851395130157,sampled_diagnostic,output/20260911-023010-29_full_gru_perf-nuscenes_car_seed42_60ep_bs16/lightning_logs/version_0/ct_epoch_calibration_sampled_sampled_bounded_precision_gain_mean
full_gru,1,50687,ct_epoch_calibration_sampled_sampled_bounded_success_gain_mean::ct_epoch_calibration_sampled,-0.13531915843486786,sampled_diagnostic,output/20260911-023010-29_full_gru_perf-nuscenes_car_seed42_60ep_bs16/lightning_logs/version_0/ct_epoch_calibration_sampled_sampled_bounded_success_gain_mean
full_gru,2,101374,ct_epoch_calibration_sampled_sampled_bounded_success_gain_mean::ct_epoch_calibration_sampled,-0.15953078866004944,sampled_diagnostic,output/20260911-023010-29_full_gru_perf-nuscenes_car_seed42_60ep_bs16/lightning_logs/version_0/ct_epoch_calibration_sampled_sampled_bounded_success_gain_mean
full_gru,1,50687,ct_epoch_calibration_sampled_sampled_bounded_utility_gain_mean::ct_epoch_calibration_sampled,-0.12418439984321594,sampled_diagnostic,output/20260911-023010-29_full_gru_perf-nuscenes_car_seed42_60ep_bs16/lightning_logs/version_0/ct_epoch_calibration_sampled_sampled_bounded_utility_gain_mean
full_gru,2,101374,ct_epoch_calibration_sampled_sampled_bounded_utility_gain_mean::ct_epoch_calibration_sampled,-0.1450696438550949,sampled_diagnostic,output/20260911-023010-29_full_gru_perf-nuscenes_car_seed42_60ep_bs16/lightning_logs/version_0/ct_epoch_calibration_sampled_sampled_bounded_utility_gain_mean
full_gru,1,50687,ct_epoch_calibration_sampled_sampled_harm_ap::ct_epoch_calibration_sampled,0.8611412048339844,sampled_diagnostic,output/20260911-023010-29_full_gru_perf-nuscenes_car_seed42_60ep_bs16/lightning_logs/version_0/ct_epoch_calibration_sampled_sampled_harm_ap
full_gru,2,101374,ct_epoch_calibration_sampled_sampled_harm_ap::ct_epoch_calibration_sampled,0.9040724039077759,sampled_diagnostic,output/20260911-023010-29_full_gru_perf-nuscenes_car_seed42_60ep_bs16/lightning_logs/version_0/ct_epoch_calibration_sampled_sampled_harm_ap
full_gru,1,50687,ct_epoch_calibration_sampled_sampled_harm_auprc::ct_epoch_calibration_sampled,0.8611412048339844,sampled_diagnostic,output/20260911-023010-29_full_gru_perf-nuscenes_car_seed42_60ep_bs16/lightning_logs/version_0/ct_epoch_calibration_sampled_sampled_harm_auprc
full_gru,2,101374,ct_epoch_calibration_sampled_sampled_harm_auprc::ct_epoch_calibration_sampled,0.9040724039077759,sampled_diagnostic,output/20260911-023010-29_full_gru_perf-nuscenes_car_seed42_60ep_bs16/lightning_logs/version_0/ct_epoch_calibration_sampled_sampled_harm_auprc
full_gru,1,50687,ct_epoch_calibration_sampled_sampled_harm_auroc::ct_epoch_calibration_sampled,0.8297691941261292,sampled_diagnostic,output/20260911-023010-29_full_gru_perf-nuscenes_car_seed42_60ep_bs16/lightning_logs/version_0/ct_epoch_calibration_sampled_sampled_harm_auroc
full_gru,2,101374,ct_epoch_calibration_sampled_sampled_harm_auroc::ct_epoch_calibration_sampled,0.8517643213272095,sampled_diagnostic,output/20260911-023010-29_full_gru_perf-nuscenes_car_seed42_60ep_bs16/lightning_logs/version_0/ct_epoch_calibration_sampled_sampled_harm_auroc
full_gru,1,50687,ct_epoch_calibration_sampled_sampled_harm_calibration_bin0_confidence::ct_epoch_calibration_sampled,0.14676378667354584,sampled_diagnostic,output/20260911-023010-29_full_gru_perf-nuscenes_car_seed42_60ep_bs16/lightning_logs/version_0/ct_epoch_calibration_sampled_sampled_harm_calibration_bin0_confidence
full_gru,2,101374,ct_epoch_calibration_sampled_sampled_harm_calibration_bin0_confidence::ct_epoch_calibration_sampled,0.12561386823654175,sampled_diagnostic,output/20260911-023010-29_full_gru_perf-nuscenes_car_seed42_60ep_bs16/lightning_logs/version_0/ct_epoch_calibration_sampled_sampled_harm_calibration_bin0_confidence
full_gru,1,50687,ct_epoch_calibration_sampled_sampled_harm_calibration_bin0_count::ct_epoch_calibration_sampled,60.0,sampled_diagnostic,output/20260911-023010-29_full_gru_perf-nuscenes_car_seed42_60ep_bs16/lightning_logs/version_0/ct_epoch_calibration_sampled_sampled_harm_calibration_bin0_count
full_gru,2,101374,ct_epoch_calibration_sampled_sampled_harm_calibration_bin0_count::ct_epoch_calibration_sampled,56.0,sampled_diagnostic,output/20260911-023010-29_full_gru_perf-nuscenes_car_seed42_60ep_bs16/lightning_logs/version_0/ct_epoch_calibration_sampled_sampled_harm_calibration_bin0_count
full_gru,1,50687,ct_epoch_calibration_sampled_sampled_harm_calibration_bin0_positive_rate::ct_epoch_calibration_sampled,0.15000000596046448,sampled_diagnostic,output/20260911-023010-29_full_gru_perf-nuscenes_car_seed42_60ep_bs16/lightning_logs/version_0/ct_epoch_calibration_sampled_sampled_harm_calibration_bin0_positive_rate
full_gru,2,101374,ct_epoch_calibration_sampled_sampled_harm_calibration_bin0_positive_rate::ct_epoch_calibration_sampled,0.1607142835855484,sampled_diagnostic,output/20260911-023010-29_full_gru_perf-nuscenes_car_seed42_60ep_bs16/lightning_logs/version_0/ct_epoch_calibration_sampled_sampled_harm_calibration_bin0_positive_rate
full_gru,1,50687,ct_epoch_calibration_sampled_sampled_harm_calibration_bin1_confidence::ct_epoch_calibration_sampled,0.3008810579776764,sampled_diagnostic,output/20260911-023010-29_full_gru_perf-nuscenes_car_seed42_60ep_bs16/lightning_logs/version_0/ct_epoch_calibration_sampled_sampled_harm_calibration_bin1_confidence
full_gru,2,101374,ct_epoch_calibration_sampled_sampled_harm_calibration_bin1_confidence::ct_epoch_calibration_sampled,0.30053427815437317,sampled_diagnostic,output/20260911-023010-29_full_gru_perf-nuscenes_car_seed42_60ep_bs16/lightning_logs/version_0/ct_epoch_calibration_sampled_sampled_harm_calibration_bin1_confidence
full_gru,1,50687,ct_epoch_calibration_sampled_sampled_harm_calibration_bin1_count::ct_epoch_calibration_sampled,143.0,sampled_diagnostic,output/20260911-023010-29_full_gru_perf-nuscenes_car_seed42_60ep_bs16/lightning_logs/version_0/ct_epoch_calibration_sampled_sampled_harm_calibration_bin1_count
full_gru,2,101374,ct_epoch_calibration_sampled_sampled_harm_calibration_bin1_count::ct_epoch_calibration_sampled,127.0,sampled_diagnostic,output/20260911-023010-29_full_gru_perf-nuscenes_car_seed42_60ep_bs16/lightning_logs/version_0/ct_epoch_calibration_sampled_sampled_harm_calibration_bin1_count
full_gru,1,50687,ct_epoch_calibration_sampled_sampled_harm_calibration_bin1_positive_rate::ct_epoch_calibration_sampled,0.251748263835907,sampled_diagnostic,output/20260911-023010-29_full_gru_perf-nuscenes_car_seed42_60ep_bs16/lightning_logs/version_0/ct_epoch_calibration_sampled_sampled_harm_calibration_bin1_positive_rate
full_gru,2,101374,ct_epoch_calibration_sampled_sampled_harm_calibration_bin1_positive_rate::ct_epoch_calibration_sampled,0.23622047901153564,sampled_diagnostic,output/20260911-023010-29_full_gru_perf-nuscenes_car_seed42_60ep_bs16/lightning_logs/version_0/ct_epoch_calibration_sampled_sampled_harm_calibration_bin1_positive_rate
full_gru,1,50687,ct_epoch_calibration_sampled_sampled_harm_calibration_bin2_confidence::ct_epoch_calibration_sampled,0.4851732850074768,sampled_diagnostic,output/20260911-023010-29_full_gru_perf-nuscenes_car_seed42_60ep_bs16/lightning_logs/version_0/ct_epoch_calibration_sampled_sampled_harm_calibration_bin2_confidence
full_gru,2,101374,ct_epoch_calibration_sampled_sampled_harm_calibration_bin2_confidence::ct_epoch_calibration_sampled,0.4969993829727173,sampled_diagnostic,output/20260911-023010-29_full_gru_perf-nuscenes_car_seed42_60ep_bs16/lightning_logs/version_0/ct_epoch_calibration_sampled_sampled_harm_calibration_bin2_confidence
full_gru,1,50687,ct_epoch_calibration_sampled_sampled_harm_calibration_bin2_count::ct_epoch_calibration_sampled,141.0,sampled_diagnostic,output/20260911-023010-29_full_gru_perf-nuscenes_car_seed42_60ep_bs16/lightning_logs/version_0/ct_epoch_calibration_sampled_sampled_harm_calibration_bin2_count
full_gru,2,101374,ct_epoch_calibration_sampled_sampled_harm_calibration_bin2_count::ct_epoch_calibration_sampled,90.0,sampled_diagnostic,output/20260911-023010-29_full_gru_perf-nuscenes_car_seed42_60ep_bs16/lightning_logs/version_0/ct_epoch_calibration_sampled_sampled_harm_calibration_bin2_count
full_gru,1,50687,ct_epoch_calibration_sampled_sampled_harm_calibration_bin2_positive_rate::ct_epoch_calibration_sampled,0.43971630930900574,sampled_diagnostic,output/20260911-023010-29_full_gru_perf-nuscenes_car_seed42_60ep_bs16/lightning_logs/version_0/ct_epoch_calibration_sampled_sampled_harm_calibration_bin2_positive_rate
full_gru,2,101374,ct_epoch_calibration_sampled_sampled_harm_calibration_bin2_positive_rate::ct_epoch_calibration_sampled,0.47777777910232544,sampled_diagnostic,output/20260911-023010-29_full_gru_perf-nuscenes_car_seed42_60ep_bs16/lightning_logs/version_0/ct_epoch_calibration_sampled_sampled_harm_calibration_bin2_positive_rate
full_gru,1,50687,ct_epoch_calibration_sampled_sampled_harm_calibration_bin3_confidence::ct_epoch_calibration_sampled,0.7215372323989868,sampled_diagnostic,output/20260911-023010-29_full_gru_perf-nuscenes_car_seed42_60ep_bs16/lightning_logs/version_0/ct_epoch_calibration_sampled_sampled_harm_calibration_bin3_confidence
full_gru,2,101374,ct_epoch_calibration_sampled_sampled_harm_calibration_bin3_confidence::ct_epoch_calibration_sampled,0.711904764175415,sampled_diagnostic,output/20260911-023010-29_full_gru_perf-nuscenes_car_seed42_60ep_bs16/lightning_logs/version_0/ct_epoch_calibration_sampled_sampled_harm_calibration_bin3_confidence
full_gru,1,50687,ct_epoch_calibration_sampled_sampled_harm_calibration_bin3_count::ct_epoch_calibration_sampled,127.0,sampled_diagnostic,output/20260911-023010-29_full_gru_perf-nuscenes_car_seed42_60ep_bs16/lightning_logs/version_0/ct_epoch_calibration_sampled_sampled_harm_calibration_bin3_count
full_gru,2,101374,ct_epoch_calibration_sampled_sampled_harm_calibration_bin3_count::ct_epoch_calibration_sampled,110.0,sampled_diagnostic,output/20260911-023010-29_full_gru_perf-nuscenes_car_seed42_60ep_bs16/lightning_logs/version_0/ct_epoch_calibration_sampled_sampled_harm_calibration_bin3_count
full_gru,1,50687,ct_epoch_calibration_sampled_sampled_harm_calibration_bin3_positive_rate::ct_epoch_calibration_sampled,0.7322834730148315,sampled_diagnostic,output/20260911-023010-29_full_gru_perf-nuscenes_car_seed42_60ep_bs16/lightning_logs/version_0/ct_epoch_calibration_sampled_sampled_harm_calibration_bin3_positive_rate
full_gru,2,101374,ct_epoch_calibration_sampled_sampled_harm_calibration_bin3_positive_rate::ct_epoch_calibration_sampled,0.699999988079071,sampled_diagnostic,output/20260911-023010-29_full_gru_perf-nuscenes_car_seed42_60ep_bs16/lightning_logs/version_0/ct_epoch_calibration_sampled_sampled_harm_calibration_bin3_positive_rate
full_gru,1,50687,ct_epoch_calibration_sampled_sampled_harm_calibration_bin4_confidence::ct_epoch_calibration_sampled,0.8761411905288696,sampled_diagnostic,output/20260911-023010-29_full_gru_perf-nuscenes_car_seed42_60ep_bs16/lightning_logs/version_0/ct_epoch_calibration_sampled_sampled_harm_calibration_bin4_confidence
full_gru,2,101374,ct_epoch_calibration_sampled_sampled_harm_calibration_bin4_confidence::ct_epoch_calibration_sampled,0.8965752720832825,sampled_diagnostic,output/20260911-023010-29_full_gru_perf-nuscenes_car_seed42_60ep_bs16/lightning_logs/version_0/ct_epoch_calibration_sampled_sampled_harm_calibration_bin4_confidence
full_gru,1,50687,ct_epoch_calibration_sampled_sampled_harm_calibration_bin4_count::ct_epoch_calibration_sampled,234.0,sampled_diagnostic,output/20260911-023010-29_full_gru_perf-nuscenes_car_seed42_60ep_bs16/lightning_logs/version_0/ct_epoch_calibration_sampled_sampled_harm_calibration_bin4_count
full_gru,2,101374,ct_epoch_calibration_sampled_sampled_harm_calibration_bin4_count::ct_epoch_calibration_sampled,299.0,sampled_diagnostic,output/20260911-023010-29_full_gru_perf-nuscenes_car_seed42_60ep_bs16/lightning_logs/version_0/ct_epoch_calibration_sampled_sampled_harm_calibration_bin4_count
full_gru,1,50687,ct_epoch_calibration_sampled_sampled_harm_calibration_bin4_positive_rate::ct_epoch_calibration_sampled,0.8803418874740601,sampled_diagnostic,output/20260911-023010-29_full_gru_perf-nuscenes_car_seed42_60ep_bs16/lightning_logs/version_0/ct_epoch_calibration_sampled_sampled_harm_calibration_bin4_positive_rate
full_gru,2,101374,ct_epoch_calibration_sampled_sampled_harm_calibration_bin4_positive_rate::ct_epoch_calibration_sampled,0.8996655344963074,sampled_diagnostic,output/20260911-023010-29_full_gru_perf-nuscenes_car_seed42_60ep_bs16/lightning_logs/version_0/ct_epoch_calibration_sampled_sampled_harm_calibration_bin4_positive_rate
full_gru,1,50687,ct_epoch_calibration_sampled_sampled_harm_ece::ct_epoch_calibration_sampled,0.02266288362443447,sampled_diagnostic,output/20260911-023010-29_full_gru_perf-nuscenes_car_seed42_60ep_bs16/lightning_logs/version_0/ct_epoch_calibration_sampled_sampled_harm_ece
full_gru,2,101374,ct_epoch_calibration_sampled_sampled_harm_ece::ct_epoch_calibration_sampled,0.020669996738433838,sampled_diagnostic,output/20260911-023010-29_full_gru_perf-nuscenes_car_seed42_60ep_bs16/lightning_logs/version_0/ct_epoch_calibration_sampled_sampled_harm_ece
full_gru,1,50687,ct_epoch_calibration_sampled_sampled_harm_negative_count::ct_epoch_calibration_sampled,299.0,sampled_diagnostic,output/20260911-023010-29_full_gru_perf-nuscenes_car_seed42_60ep_bs16/lightning_logs/version_0/ct_epoch_calibration_sampled_sampled_harm_negative_count
full_gru,2,101374,ct_epoch_calibration_sampled_sampled_harm_negative_count::ct_epoch_calibration_sampled,254.0,sampled_diagnostic,output/20260911-023010-29_full_gru_perf-nuscenes_car_seed42_60ep_bs16/lightning_logs/version_0/ct_epoch_calibration_sampled_sampled_harm_negative_count
full_gru,1,50687,ct_epoch_calibration_sampled_sampled_harm_negative_mean::ct_epoch_calibration_sampled,0.4164842963218689,sampled_diagnostic,output/20260911-023010-29_full_gru_perf-nuscenes_car_seed42_60ep_bs16/lightning_logs/version_0/ct_epoch_calibration_sampled_sampled_harm_negative_mean
full_gru,2,101374,ct_epoch_calibration_sampled_sampled_harm_negative_mean::ct_epoch_calibration_sampled,0.42260023951530457,sampled_diagnostic,output/20260911-023010-29_full_gru_perf-nuscenes_car_seed42_60ep_bs16/lightning_logs/version_0/ct_epoch_calibration_sampled_sampled_harm_negative_mean
full_gru,1,50687,ct_epoch_calibration_sampled_sampled_harm_positive_count::ct_epoch_calibration_sampled,406.0,sampled_diagnostic,output/20260911-023010-29_full_gru_perf-nuscenes_car_seed42_60ep_bs16/lightning_logs/version_0/ct_epoch_calibration_sampled_sampled_harm_positive_count
full_gru,2,101374,ct_epoch_calibration_sampled_sampled_harm_positive_count::ct_epoch_calibration_sampled,428.0,sampled_diagnostic,output/20260911-023010-29_full_gru_perf-nuscenes_car_seed42_60ep_bs16/lightning_logs/version_0/ct_epoch_calibration_sampled_sampled_harm_positive_count
full_gru,1,50687,ct_epoch_calibration_sampled_sampled_harm_positive_mean::ct_epoch_calibration_sampled,0.7201101183891296,sampled_diagnostic,output/20260911-023010-29_full_gru_perf-nuscenes_car_seed42_60ep_bs16/lightning_logs/version_0/ct_epoch_calibration_sampled_sampled_harm_positive_mean
full_gru,2,101374,ct_epoch_calibration_sampled_sampled_harm_positive_mean::ct_epoch_calibration_sampled,0.7686384320259094,sampled_diagnostic,output/20260911-023010-29_full_gru_perf-nuscenes_car_seed42_60ep_bs16/lightning_logs/version_0/ct_epoch_calibration_sampled_sampled_harm_positive_mean
full_gru,1,50687,ct_epoch_calibration_sampled_sampled_help_ap::ct_epoch_calibration_sampled,0.2004992812871933,sampled_diagnostic,output/20260911-023010-29_full_gru_perf-nuscenes_car_seed42_60ep_bs16/lightning_logs/version_0/ct_epoch_calibration_sampled_sampled_help_ap
full_gru,2,101374,ct_epoch_calibration_sampled_sampled_help_ap::ct_epoch_calibration_sampled,0.40059515833854675,sampled_diagnostic,output/20260911-023010-29_full_gru_perf-nuscenes_car_seed42_60ep_bs16/lightning_logs/version_0/ct_epoch_calibration_sampled_sampled_help_ap
full_gru,1,50687,ct_epoch_calibration_sampled_sampled_help_auprc::ct_epoch_calibration_sampled,0.2004992812871933,sampled_diagnostic,output/20260911-023010-29_full_gru_perf-nuscenes_car_seed42_60ep_bs16/lightning_logs/version_0/ct_epoch_calibration_sampled_sampled_help_auprc
full_gru,2,101374,ct_epoch_calibration_sampled_sampled_help_auprc::ct_epoch_calibration_sampled,0.40059515833854675,sampled_diagnostic,output/20260911-023010-29_full_gru_perf-nuscenes_car_seed42_60ep_bs16/lightning_logs/version_0/ct_epoch_calibration_sampled_sampled_help_auprc
full_gru,1,50687,ct_epoch_calibration_sampled_sampled_help_auroc::ct_epoch_calibration_sampled,0.667858898639679,sampled_diagnostic,output/20260911-023010-29_full_gru_perf-nuscenes_car_seed42_60ep_bs16/lightning_logs/version_0/ct_epoch_calibration_sampled_sampled_help_auroc
full_gru,2,101374,ct_epoch_calibration_sampled_sampled_help_auroc::ct_epoch_calibration_sampled,0.76568603515625,sampled_diagnostic,output/20260911-023010-29_full_gru_perf-nuscenes_car_seed42_60ep_bs16/lightning_logs/version_0/ct_epoch_calibration_sampled_sampled_help_auroc
full_gru,1,50687,ct_epoch_calibration_sampled_sampled_help_calibration_bin0_confidence::ct_epoch_calibration_sampled,0.08253118395805359,sampled_diagnostic,output/20260911-023010-29_full_gru_perf-nuscenes_car_seed42_60ep_bs16/lightning_logs/version_0/ct_epoch_calibration_sampled_sampled_help_calibration_bin0_confidence
full_gru,2,101374,ct_epoch_calibration_sampled_sampled_help_calibration_bin0_confidence::ct_epoch_calibration_sampled,0.07166460156440735,sampled_diagnostic,output/20260911-023010-29_full_gru_perf-nuscenes_car_seed42_60ep_bs16/lightning_logs/version_0/ct_epoch_calibration_sampled_sampled_help_calibration_bin0_confidence
full_gru,1,50687,ct_epoch_calibration_sampled_sampled_help_calibration_bin0_count::ct_epoch_calibration_sampled,648.0,sampled_diagnostic,output/20260911-023010-29_full_gru_perf-nuscenes_car_seed42_60ep_bs16/lightning_logs/version_0/ct_epoch_calibration_sampled_sampled_help_calibration_bin0_count
full_gru,2,101374,ct_epoch_calibration_sampled_sampled_help_calibration_bin0_count::ct_epoch_calibration_sampled,536.0,sampled_diagnostic,output/20260911-023010-29_full_gru_perf-nuscenes_car_seed42_60ep_bs16/lightning_logs/version_0/ct_epoch_calibration_sampled_sampled_help_calibration_bin0_count
full_gru,1,50687,ct_epoch_calibration_sampled_sampled_help_calibration_bin0_positive_rate::ct_epoch_calibration_sampled,0.08796296268701553,sampled_diagnostic,output/20260911-023010-29_full_gru_perf-nuscenes_car_seed42_60ep_bs16/lightning_logs/version_0/ct_epoch_calibration_sampled_sampled_help_calibration_bin0_positive_rate
full_gru,2,101374,ct_epoch_calibration_sampled_sampled_help_calibration_bin0_positive_rate::ct_epoch_calibration_sampled,0.08582089841365814,sampled_diagnostic,output/20260911-023010-29_full_gru_perf-nuscenes_car_seed42_60ep_bs16/lightning_logs/version_0/ct_epoch_calibration_sampled_sampled_help_calibration_bin0_positive_rate
full_gru,1,50687,ct_epoch_calibration_sampled_sampled_help_calibration_bin1_confidence::ct_epoch_calibration_sampled,0.25171738862991333,sampled_diagnostic,output/20260911-023010-29_full_gru_perf-nuscenes_car_seed42_60ep_bs16/lightning_logs/version_0/ct_epoch_calibration_sampled_sampled_help_calibration_bin1_confidence
full_gru,2,101374,ct_epoch_calibration_sampled_sampled_help_calibration_bin1_confidence::ct_epoch_calibration_sampled,0.2861776351928711,sampled_diagnostic,output/20260911-023010-29_full_gru_perf-nuscenes_car_seed42_60ep_bs16/lightning_logs/version_0/ct_epoch_calibration_sampled_sampled_help_calibration_bin1_confidence
full_gru,1,50687,ct_epoch_calibration_sampled_sampled_help_calibration_bin1_count::ct_epoch_calibration_sampled,54.0,sampled_diagnostic,output/20260911-023010-29_full_gru_perf-nuscenes_car_seed42_60ep_bs16/lightning_logs/version_0/ct_epoch_calibration_sampled_sampled_help_calibration_bin1_count
full_gru,2,101374,ct_epoch_calibration_sampled_sampled_help_calibration_bin1_count::ct_epoch_calibration_sampled,104.0,sampled_diagnostic,output/20260911-023010-29_full_gru_perf-nuscenes_car_seed42_60ep_bs16/lightning_logs/version_0/ct_epoch_calibration_sampled_sampled_help_calibration_bin1_count
full_gru,1,50687,ct_epoch_calibration_sampled_sampled_help_calibration_bin1_positive_rate::ct_epoch_calibration_sampled,0.24074074625968933,sampled_diagnostic,output/20260911-023010-29_full_gru_perf-nuscenes_car_seed42_60ep_bs16/lightning_logs/version_0/ct_epoch_calibration_sampled_sampled_help_calibration_bin1_positive_rate
full_gru,2,101374,ct_epoch_calibration_sampled_sampled_help_calibration_bin1_positive_rate::ct_epoch_calibration_sampled,0.23076923191547394,sampled_diagnostic,output/20260911-023010-29_full_gru_perf-nuscenes_car_seed42_60ep_bs16/lightning_logs/version_0/ct_epoch_calibration_sampled_sampled_help_calibration_bin1_positive_rate
full_gru,1,50687,ct_epoch_calibration_sampled_sampled_help_calibration_bin2_confidence::ct_epoch_calibration_sampled,0.4517099857330322,sampled_diagnostic,output/20260911-023010-29_full_gru_perf-nuscenes_car_seed42_60ep_bs16/lightning_logs/version_0/ct_epoch_calibration_sampled_sampled_help_calibration_bin2_confidence
full_gru,2,101374,ct_epoch_calibration_sampled_sampled_help_calibration_bin2_confidence::ct_epoch_calibration_sampled,0.4884266257286072,sampled_diagnostic,output/20260911-023010-29_full_gru_perf-nuscenes_car_seed42_60ep_bs16/lightning_logs/version_0/ct_epoch_calibration_sampled_sampled_help_calibration_bin2_confidence
full_gru,1,50687,ct_epoch_calibration_sampled_sampled_help_calibration_bin2_count::ct_epoch_calibration_sampled,3.0,sampled_diagnostic,output/20260911-023010-29_full_gru_perf-nuscenes_car_seed42_60ep_bs16/lightning_logs/version_0/ct_epoch_calibration_sampled_sampled_help_calibration_bin2_count
full_gru,2,101374,ct_epoch_calibration_sampled_sampled_help_calibration_bin2_count::ct_epoch_calibration_sampled,40.0,sampled_diagnostic,output/20260911-023010-29_full_gru_perf-nuscenes_car_seed42_60ep_bs16/lightning_logs/version_0/ct_epoch_calibration_sampled_sampled_help_calibration_bin2_count
full_gru,1,50687,ct_epoch_calibration_sampled_sampled_help_calibration_bin2_positive_rate::ct_epoch_calibration_sampled,0.3333333432674408,sampled_diagnostic,output/20260911-023010-29_full_gru_perf-nuscenes_car_seed42_60ep_bs16/lightning_logs/version_0/ct_epoch_calibration_sampled_sampled_help_calibration_bin2_positive_rate
full_gru,2,101374,ct_epoch_calibration_sampled_sampled_help_calibration_bin2_positive_rate::ct_epoch_calibration_sampled,0.550000011920929,sampled_diagnostic,output/20260911-023010-29_full_gru_perf-nuscenes_car_seed42_60ep_bs16/lightning_logs/version_0/ct_epoch_calibration_sampled_sampled_help_calibration_bin2_positive_rate
full_gru,1,50687,ct_epoch_calibration_sampled_sampled_help_calibration_bin3_confidence::ct_epoch_calibration_sampled,0.0,sampled_diagnostic,output/20260911-023010-29_full_gru_perf-nuscenes_car_seed42_60ep_bs16/lightning_logs/version_0/ct_epoch_calibration_sampled_sampled_help_calibration_bin3_confidence
full_gru,2,101374,ct_epoch_calibration_sampled_sampled_help_calibration_bin3_confidence::ct_epoch_calibration_sampled,0.6336297392845154,sampled_diagnostic,output/20260911-023010-29_full_gru_perf-nuscenes_car_seed42_60ep_bs16/lightning_logs/version_0/ct_epoch_calibration_sampled_sampled_help_calibration_bin3_confidence
full_gru,1,50687,ct_epoch_calibration_sampled_sampled_help_calibration_bin3_count::ct_epoch_calibration_sampled,0.0,sampled_diagnostic,output/20260911-023010-29_full_gru_perf-nuscenes_car_seed42_60ep_bs16/lightning_logs/version_0/ct_epoch_calibration_sampled_sampled_help_calibration_bin3_count
full_gru,2,101374,ct_epoch_calibration_sampled_sampled_help_calibration_bin3_count::ct_epoch_calibration_sampled,2.0,sampled_diagnostic,output/20260911-023010-29_full_gru_perf-nuscenes_car_seed42_60ep_bs16/lightning_logs/version_0/ct_epoch_calibration_sampled_sampled_help_calibration_bin3_count
full_gru,1,50687,ct_epoch_calibration_sampled_sampled_help_calibration_bin3_positive_rate::ct_epoch_calibration_sampled,0.0,sampled_diagnostic,output/20260911-023010-29_full_gru_perf-nuscenes_car_seed42_60ep_bs16/lightning_logs/version_0/ct_epoch_calibration_sampled_sampled_help_calibration_bin3_positive_rate
full_gru,2,101374,ct_epoch_calibration_sampled_sampled_help_calibration_bin3_positive_rate::ct_epoch_calibration_sampled,1.0,sampled_diagnostic,output/20260911-023010-29_full_gru_perf-nuscenes_car_seed42_60ep_bs16/lightning_logs/version_0/ct_epoch_calibration_sampled_sampled_help_calibration_bin3_positive_rate
full_gru,1,50687,ct_epoch_calibration_sampled_sampled_help_calibration_bin4_confidence::ct_epoch_calibration_sampled,0.0,sampled_diagnostic,output/20260911-023010-29_full_gru_perf-nuscenes_car_seed42_60ep_bs16/lightning_logs/version_0/ct_epoch_calibration_sampled_sampled_help_calibration_bin4_confidence
full_gru,2,101374,ct_epoch_calibration_sampled_sampled_help_calibration_bin4_confidence::ct_epoch_calibration_sampled,0.0,sampled_diagnostic,output/20260911-023010-29_full_gru_perf-nuscenes_car_seed42_60ep_bs16/lightning_logs/version_0/ct_epoch_calibration_sampled_sampled_help_calibration_bin4_confidence
full_gru,1,50687,ct_epoch_calibration_sampled_sampled_help_calibration_bin4_count::ct_epoch_calibration_sampled,0.0,sampled_diagnostic,output/20260911-023010-29_full_gru_perf-nuscenes_car_seed42_60ep_bs16/lightning_logs/version_0/ct_epoch_calibration_sampled_sampled_help_calibration_bin4_count
full_gru,2,101374,ct_epoch_calibration_sampled_sampled_help_calibration_bin4_count::ct_epoch_calibration_sampled,0.0,sampled_diagnostic,output/20260911-023010-29_full_gru_perf-nuscenes_car_seed42_60ep_bs16/lightning_logs/version_0/ct_epoch_calibration_sampled_sampled_help_calibration_bin4_count
full_gru,1,50687,ct_epoch_calibration_sampled_sampled_help_calibration_bin4_positive_rate::ct_epoch_calibration_sampled,0.0,sampled_diagnostic,output/20260911-023010-29_full_gru_perf-nuscenes_car_seed42_60ep_bs16/lightning_logs/version_0/ct_epoch_calibration_sampled_sampled_help_calibration_bin4_positive_rate
full_gru,2,101374,ct_epoch_calibration_sampled_sampled_help_calibration_bin4_positive_rate::ct_epoch_calibration_sampled,0.0,sampled_diagnostic,output/20260911-023010-29_full_gru_perf-nuscenes_car_seed42_60ep_bs16/lightning_logs/version_0/ct_epoch_calibration_sampled_sampled_help_calibration_bin4_positive_rate
full_gru,1,50687,ct_epoch_calibration_sampled_sampled_help_ece::ct_epoch_calibration_sampled,0.00633710902184248,sampled_diagnostic,output/20260911-023010-29_full_gru_perf-nuscenes_car_seed42_60ep_bs16/lightning_logs/version_0/ct_epoch_calibration_sampled_sampled_help_ece
full_gru,2,101374,ct_epoch_calibration_sampled_sampled_help_ece::ct_epoch_calibration_sampled,0.024260886013507843,sampled_diagnostic,output/20260911-023010-29_full_gru_perf-nuscenes_car_seed42_60ep_bs16/lightning_logs/version_0/ct_epoch_calibration_sampled_sampled_help_ece
full_gru,1,50687,ct_epoch_calibration_sampled_sampled_help_negative_count::ct_epoch_calibration_sampled,634.0,sampled_diagnostic,output/20260911-023010-29_full_gru_perf-nuscenes_car_seed42_60ep_bs16/lightning_logs/version_0/ct_epoch_calibration_sampled_sampled_help_negative_count
full_gru,2,101374,ct_epoch_calibration_sampled_sampled_help_negative_count::ct_epoch_calibration_sampled,588.0,sampled_diagnostic,output/20260911-023010-29_full_gru_perf-nuscenes_car_seed42_60ep_bs16/lightning_logs/version_0/ct_epoch_calibration_sampled_sampled_help_negative_count
full_gru,1,50687,ct_epoch_calibration_sampled_sampled_help_negative_mean::ct_epoch_calibration_sampled,0.09305645525455475,sampled_diagnostic,output/20260911-023010-29_full_gru_perf-nuscenes_car_seed42_60ep_bs16/lightning_logs/version_0/ct_epoch_calibration_sampled_sampled_help_negative_mean
full_gru,2,101374,ct_epoch_calibration_sampled_sampled_help_negative_mean::ct_epoch_calibration_sampled,0.11099609732627869,sampled_diagnostic,output/20260911-023010-29_full_gru_perf-nuscenes_car_seed42_60ep_bs16/lightning_logs/version_0/ct_epoch_calibration_sampled_sampled_help_negative_mean
full_gru,1,50687,ct_epoch_calibration_sampled_sampled_help_positive_count::ct_epoch_calibration_sampled,71.0,sampled_diagnostic,output/20260911-023010-29_full_gru_perf-nuscenes_car_seed42_60ep_bs16/lightning_logs/version_0/ct_epoch_calibration_sampled_sampled_help_positive_count
full_gru,2,101374,ct_epoch_calibration_sampled_sampled_help_positive_count::ct_epoch_calibration_sampled,94.0,sampled_diagnostic,output/20260911-023010-29_full_gru_perf-nuscenes_car_seed42_60ep_bs16/lightning_logs/version_0/ct_epoch_calibration_sampled_sampled_help_positive_count
full_gru,1,50687,ct_epoch_calibration_sampled_sampled_help_positive_mean::ct_epoch_calibration_sampled,0.13282091915607452,sampled_diagnostic,output/20260911-023010-29_full_gru_perf-nuscenes_car_seed42_60ep_bs16/lightning_logs/version_0/ct_epoch_calibration_sampled_sampled_help_positive_mean
full_gru,2,101374,ct_epoch_calibration_sampled_sampled_help_positive_mean::ct_epoch_calibration_sampled,0.25226935744285583,sampled_diagnostic,output/20260911-023010-29_full_gru_perf-nuscenes_car_seed42_60ep_bs16/lightning_logs/version_0/ct_epoch_calibration_sampled_sampled_help_positive_mean
full_gru,1,50687,ct_epoch_calibration_sampled_sampled_population::ct_epoch_calibration_sampled,1.0,sampled_diagnostic,output/20260911-023010-29_full_gru_perf-nuscenes_car_seed42_60ep_bs16/lightning_logs/version_0/ct_epoch_calibration_sampled_sampled_population
full_gru,2,101374,ct_epoch_calibration_sampled_sampled_population::ct_epoch_calibration_sampled,1.0,sampled_diagnostic,output/20260911-023010-29_full_gru_perf-nuscenes_car_seed42_60ep_bs16/lightning_logs/version_0/ct_epoch_calibration_sampled_sampled_population
full_gru,1,50687,ct_epoch_calibration_sampled_sampled_presence_ap::ct_epoch_calibration_sampled,0.372811883687973,sampled_diagnostic,output/20260911-023010-29_full_gru_perf-nuscenes_car_seed42_60ep_bs16/lightning_logs/version_0/ct_epoch_calibration_sampled_sampled_presence_ap
full_gru,2,101374,ct_epoch_calibration_sampled_sampled_presence_ap::ct_epoch_calibration_sampled,0.7052208781242371,sampled_diagnostic,output/20260911-023010-29_full_gru_perf-nuscenes_car_seed42_60ep_bs16/lightning_logs/version_0/ct_epoch_calibration_sampled_sampled_presence_ap
full_gru,1,50687,ct_epoch_calibration_sampled_sampled_presence_auprc::ct_epoch_calibration_sampled,0.372811883687973,sampled_diagnostic,output/20260911-023010-29_full_gru_perf-nuscenes_car_seed42_60ep_bs16/lightning_logs/version_0/ct_epoch_calibration_sampled_sampled_presence_auprc
full_gru,2,101374,ct_epoch_calibration_sampled_sampled_presence_auprc::ct_epoch_calibration_sampled,0.7052208781242371,sampled_diagnostic,output/20260911-023010-29_full_gru_perf-nuscenes_car_seed42_60ep_bs16/lightning_logs/version_0/ct_epoch_calibration_sampled_sampled_presence_auprc
full_gru,1,50687,ct_epoch_calibration_sampled_sampled_presence_auroc::ct_epoch_calibration_sampled,0.8561264276504517,sampled_diagnostic,output/20260911-023010-29_full_gru_perf-nuscenes_car_seed42_60ep_bs16/lightning_logs/version_0/ct_epoch_calibration_sampled_sampled_presence_auroc
full_gru,2,101374,ct_epoch_calibration_sampled_sampled_presence_auroc::ct_epoch_calibration_sampled,0.9295482039451599,sampled_diagnostic,output/20260911-023010-29_full_gru_perf-nuscenes_car_seed42_60ep_bs16/lightning_logs/version_0/ct_epoch_calibration_sampled_sampled_presence_auroc
full_gru,1,50687,ct_epoch_calibration_sampled_sampled_presence_calibration_bin0_confidence::ct_epoch_calibration_sampled,0.05117775872349739,sampled_diagnostic,output/20260911-023010-29_full_gru_perf-nuscenes_car_seed42_60ep_bs16/lightning_logs/version_0/ct_epoch_calibration_sampled_sampled_presence_calibration_bin0_confidence
full_gru,2,101374,ct_epoch_calibration_sampled_sampled_presence_calibration_bin0_confidence::ct_epoch_calibration_sampled,0.027430683374404907,sampled_diagnostic,output/20260911-023010-29_full_gru_perf-nuscenes_car_seed42_60ep_bs16/lightning_logs/version_0/ct_epoch_calibration_sampled_sampled_presence_calibration_bin0_confidence
full_gru,1,50687,ct_epoch_calibration_sampled_sampled_presence_calibration_bin0_count::ct_epoch_calibration_sampled,596.0,sampled_diagnostic,output/20260911-023010-29_full_gru_perf-nuscenes_car_seed42_60ep_bs16/lightning_logs/version_0/ct_epoch_calibration_sampled_sampled_presence_calibration_bin0_count
full_gru,2,101374,ct_epoch_calibration_sampled_sampled_presence_calibration_bin0_count::ct_epoch_calibration_sampled,518.0,sampled_diagnostic,output/20260911-023010-29_full_gru_perf-nuscenes_car_seed42_60ep_bs16/lightning_logs/version_0/ct_epoch_calibration_sampled_sampled_presence_calibration_bin0_count
full_gru,1,50687,ct_epoch_calibration_sampled_sampled_presence_calibration_bin0_positive_rate::ct_epoch_calibration_sampled,0.04194631054997444,sampled_diagnostic,output/20260911-023010-29_full_gru_perf-nuscenes_car_seed42_60ep_bs16/lightning_logs/version_0/ct_epoch_calibration_sampled_sampled_presence_calibration_bin0_positive_rate
full_gru,2,101374,ct_epoch_calibration_sampled_sampled_presence_calibration_bin0_positive_rate::ct_epoch_calibration_sampled,0.03474903479218483,sampled_diagnostic,output/20260911-023010-29_full_gru_perf-nuscenes_car_seed42_60ep_bs16/lightning_logs/version_0/ct_epoch_calibration_sampled_sampled_presence_calibration_bin0_positive_rate
full_gru,1,50687,ct_epoch_calibration_sampled_sampled_presence_calibration_bin1_confidence::ct_epoch_calibration_sampled,0.28170540928840637,sampled_diagnostic,output/20260911-023010-29_full_gru_perf-nuscenes_car_seed42_60ep_bs16/lightning_logs/version_0/ct_epoch_calibration_sampled_sampled_presence_calibration_bin1_confidence
full_gru,2,101374,ct_epoch_calibration_sampled_sampled_presence_calibration_bin1_confidence::ct_epoch_calibration_sampled,0.2660037577152252,sampled_diagnostic,output/20260911-023010-29_full_gru_perf-nuscenes_car_seed42_60ep_bs16/lightning_logs/version_0/ct_epoch_calibration_sampled_sampled_presence_calibration_bin1_confidence
full_gru,1,50687,ct_epoch_calibration_sampled_sampled_presence_calibration_bin1_count::ct_epoch_calibration_sampled,73.0,sampled_diagnostic,output/20260911-023010-29_full_gru_perf-nuscenes_car_seed42_60ep_bs16/lightning_logs/version_0/ct_epoch_calibration_sampled_sampled_presence_calibration_bin1_count
full_gru,2,101374,ct_epoch_calibration_sampled_sampled_presence_calibration_bin1_count::ct_epoch_calibration_sampled,58.0,sampled_diagnostic,output/20260911-023010-29_full_gru_perf-nuscenes_car_seed42_60ep_bs16/lightning_logs/version_0/ct_epoch_calibration_sampled_sampled_presence_calibration_bin1_count
full_gru,1,50687,ct_epoch_calibration_sampled_sampled_presence_calibration_bin1_positive_rate::ct_epoch_calibration_sampled,0.232876718044281,sampled_diagnostic,output/20260911-023010-29_full_gru_perf-nuscenes_car_seed42_60ep_bs16/lightning_logs/version_0/ct_epoch_calibration_sampled_sampled_presence_calibration_bin1_positive_rate
full_gru,2,101374,ct_epoch_calibration_sampled_sampled_presence_calibration_bin1_positive_rate::ct_epoch_calibration_sampled,0.3103448152542114,sampled_diagnostic,output/20260911-023010-29_full_gru_perf-nuscenes_car_seed42_60ep_bs16/lightning_logs/version_0/ct_epoch_calibration_sampled_sampled_presence_calibration_bin1_positive_rate
full_gru,1,50687,ct_epoch_calibration_sampled_sampled_presence_calibration_bin2_confidence::ct_epoch_calibration_sampled,0.49648070335388184,sampled_diagnostic,output/20260911-023010-29_full_gru_perf-nuscenes_car_seed42_60ep_bs16/lightning_logs/version_0/ct_epoch_calibration_sampled_sampled_presence_calibration_bin2_confidence
full_gru,2,101374,ct_epoch_calibration_sampled_sampled_presence_calibration_bin2_confidence::ct_epoch_calibration_sampled,0.48682287335395813,sampled_diagnostic,output/20260911-023010-29_full_gru_perf-nuscenes_car_seed42_60ep_bs16/lightning_logs/version_0/ct_epoch_calibration_sampled_sampled_presence_calibration_bin2_confidence
full_gru,1,50687,ct_epoch_calibration_sampled_sampled_presence_calibration_bin2_count::ct_epoch_calibration_sampled,19.0,sampled_diagnostic,output/20260911-023010-29_full_gru_perf-nuscenes_car_seed42_60ep_bs16/lightning_logs/version_0/ct_epoch_calibration_sampled_sampled_presence_calibration_bin2_count
full_gru,2,101374,ct_epoch_calibration_sampled_sampled_presence_calibration_bin2_count::ct_epoch_calibration_sampled,39.0,sampled_diagnostic,output/20260911-023010-29_full_gru_perf-nuscenes_car_seed42_60ep_bs16/lightning_logs/version_0/ct_epoch_calibration_sampled_sampled_presence_calibration_bin2_count
full_gru,1,50687,ct_epoch_calibration_sampled_sampled_presence_calibration_bin2_positive_rate::ct_epoch_calibration_sampled,0.31578946113586426,sampled_diagnostic,output/20260911-023010-29_full_gru_perf-nuscenes_car_seed42_60ep_bs16/lightning_logs/version_0/ct_epoch_calibration_sampled_sampled_presence_calibration_bin2_positive_rate
full_gru,2,101374,ct_epoch_calibration_sampled_sampled_presence_calibration_bin2_positive_rate::ct_epoch_calibration_sampled,0.41025641560554504,sampled_diagnostic,output/20260911-023010-29_full_gru_perf-nuscenes_car_seed42_60ep_bs16/lightning_logs/version_0/ct_epoch_calibration_sampled_sampled_presence_calibration_bin2_positive_rate
full_gru,1,50687,ct_epoch_calibration_sampled_sampled_presence_calibration_bin3_confidence::ct_epoch_calibration_sampled,0.670952320098877,sampled_diagnostic,output/20260911-023010-29_full_gru_perf-nuscenes_car_seed42_60ep_bs16/lightning_logs/version_0/ct_epoch_calibration_sampled_sampled_presence_calibration_bin3_confidence
full_gru,2,101374,ct_epoch_calibration_sampled_sampled_presence_calibration_bin3_confidence::ct_epoch_calibration_sampled,0.7068801522254944,sampled_diagnostic,output/20260911-023010-29_full_gru_perf-nuscenes_car_seed42_60ep_bs16/lightning_logs/version_0/ct_epoch_calibration_sampled_sampled_presence_calibration_bin3_confidence
full_gru,1,50687,ct_epoch_calibration_sampled_sampled_presence_calibration_bin3_count::ct_epoch_calibration_sampled,17.0,sampled_diagnostic,output/20260911-023010-29_full_gru_perf-nuscenes_car_seed42_60ep_bs16/lightning_logs/version_0/ct_epoch_calibration_sampled_sampled_presence_calibration_bin3_count
full_gru,2,101374,ct_epoch_calibration_sampled_sampled_presence_calibration_bin3_count::ct_epoch_calibration_sampled,36.0,sampled_diagnostic,output/20260911-023010-29_full_gru_perf-nuscenes_car_seed42_60ep_bs16/lightning_logs/version_0/ct_epoch_calibration_sampled_sampled_presence_calibration_bin3_count
full_gru,1,50687,ct_epoch_calibration_sampled_sampled_presence_calibration_bin3_positive_rate::ct_epoch_calibration_sampled,0.5882353186607361,sampled_diagnostic,output/20260911-023010-29_full_gru_perf-nuscenes_car_seed42_60ep_bs16/lightning_logs/version_0/ct_epoch_calibration_sampled_sampled_presence_calibration_bin3_positive_rate
full_gru,2,101374,ct_epoch_calibration_sampled_sampled_presence_calibration_bin3_positive_rate::ct_epoch_calibration_sampled,0.7222222089767456,sampled_diagnostic,output/20260911-023010-29_full_gru_perf-nuscenes_car_seed42_60ep_bs16/lightning_logs/version_0/ct_epoch_calibration_sampled_sampled_presence_calibration_bin3_positive_rate
full_gru,1,50687,ct_epoch_calibration_sampled_sampled_presence_calibration_bin4_confidence::ct_epoch_calibration_sampled,0.0,sampled_diagnostic,output/20260911-023010-29_full_gru_perf-nuscenes_car_seed42_60ep_bs16/lightning_logs/version_0/ct_epoch_calibration_sampled_sampled_presence_calibration_bin4_confidence
full_gru,2,101374,ct_epoch_calibration_sampled_sampled_presence_calibration_bin4_confidence::ct_epoch_calibration_sampled,0.8608618974685669,sampled_diagnostic,output/20260911-023010-29_full_gru_perf-nuscenes_car_seed42_60ep_bs16/lightning_logs/version_0/ct_epoch_calibration_sampled_sampled_presence_calibration_bin4_confidence
full_gru,1,50687,ct_epoch_calibration_sampled_sampled_presence_calibration_bin4_count::ct_epoch_calibration_sampled,0.0,sampled_diagnostic,output/20260911-023010-29_full_gru_perf-nuscenes_car_seed42_60ep_bs16/lightning_logs/version_0/ct_epoch_calibration_sampled_sampled_presence_calibration_bin4_count
full_gru,2,101374,ct_epoch_calibration_sampled_sampled_presence_calibration_bin4_count::ct_epoch_calibration_sampled,31.0,sampled_diagnostic,output/20260911-023010-29_full_gru_perf-nuscenes_car_seed42_60ep_bs16/lightning_logs/version_0/ct_epoch_calibration_sampled_sampled_presence_calibration_bin4_count
full_gru,1,50687,ct_epoch_calibration_sampled_sampled_presence_calibration_bin4_positive_rate::ct_epoch_calibration_sampled,0.0,sampled_diagnostic,output/20260911-023010-29_full_gru_perf-nuscenes_car_seed42_60ep_bs16/lightning_logs/version_0/ct_epoch_calibration_sampled_sampled_presence_calibration_bin4_positive_rate
full_gru,2,101374,ct_epoch_calibration_sampled_sampled_presence_calibration_bin4_positive_rate::ct_epoch_calibration_sampled,0.8387096524238586,sampled_diagnostic,output/20260911-023010-29_full_gru_perf-nuscenes_car_seed42_60ep_bs16/lightning_logs/version_0/ct_epoch_calibration_sampled_sampled_presence_calibration_bin4_positive_rate
full_gru,1,50687,ct_epoch_calibration_sampled_sampled_presence_ece::ct_epoch_calibration_sampled,0.01972448267042637,sampled_diagnostic,output/20260911-023010-29_full_gru_perf-nuscenes_car_seed42_60ep_bs16/lightning_logs/version_0/ct_epoch_calibration_sampled_sampled_presence_ece
full_gru,2,101374,ct_epoch_calibration_sampled_sampled_presence_ece::ct_epoch_calibration_sampled,0.01552465558052063,sampled_diagnostic,output/20260911-023010-29_full_gru_perf-nuscenes_car_seed42_60ep_bs16/lightning_logs/version_0/ct_epoch_calibration_sampled_sampled_presence_ece
full_gru,1,50687,ct_epoch_calibration_sampled_sampled_presence_negative_count::ct_epoch_calibration_sampled,647.0,sampled_diagnostic,output/20260911-023010-29_full_gru_perf-nuscenes_car_seed42_60ep_bs16/lightning_logs/version_0/ct_epoch_calibration_sampled_sampled_presence_negative_count
full_gru,2,101374,ct_epoch_calibration_sampled_sampled_presence_negative_count::ct_epoch_calibration_sampled,578.0,sampled_diagnostic,output/20260911-023010-29_full_gru_perf-nuscenes_car_seed42_60ep_bs16/lightning_logs/version_0/ct_epoch_calibration_sampled_sampled_presence_negative_count
full_gru,1,50687,ct_epoch_calibration_sampled_sampled_presence_negative_mean::ct_epoch_calibration_sampled,0.08445033431053162,sampled_diagnostic,output/20260911-023010-29_full_gru_perf-nuscenes_car_seed42_60ep_bs16/lightning_logs/version_0/ct_epoch_calibration_sampled_sampled_presence_negative_mean
full_gru,2,101374,ct_epoch_calibration_sampled_sampled_presence_negative_mean::ct_epoch_calibration_sampled,0.0781925767660141,sampled_diagnostic,output/20260911-023010-29_full_gru_perf-nuscenes_car_seed42_60ep_bs16/lightning_logs/version_0/ct_epoch_calibration_sampled_sampled_presence_negative_mean
full_gru,1,50687,ct_epoch_calibration_sampled_sampled_presence_positive_count::ct_epoch_calibration_sampled,58.0,sampled_diagnostic,output/20260911-023010-29_full_gru_perf-nuscenes_car_seed42_60ep_bs16/lightning_logs/version_0/ct_epoch_calibration_sampled_sampled_presence_positive_count
full_gru,2,101374,ct_epoch_calibration_sampled_sampled_presence_positive_count::ct_epoch_calibration_sampled,104.0,sampled_diagnostic,output/20260911-023010-29_full_gru_perf-nuscenes_car_seed42_60ep_bs16/lightning_logs/version_0/ct_epoch_calibration_sampled_sampled_presence_positive_count
full_gru,1,50687,ct_epoch_calibration_sampled_sampled_presence_positive_mean::ct_epoch_calibration_sampled,0.29769647121429443,sampled_diagnostic,output/20260911-023010-29_full_gru_perf-nuscenes_car_seed42_60ep_bs16/lightning_logs/version_0/ct_epoch_calibration_sampled_sampled_presence_positive_mean
full_gru,2,101374,ct_epoch_calibration_sampled_sampled_presence_positive_mean::ct_epoch_calibration_sampled,0.534254789352417,sampled_diagnostic,output/20260911-023010-29_full_gru_perf-nuscenes_car_seed42_60ep_bs16/lightning_logs/version_0/ct_epoch_calibration_sampled_sampled_presence_positive_mean
full_gru,1,50687,ct_epoch_calibration_sampled_sampled_utility_score_mse::ct_epoch_calibration_sampled,0.01967827044427395,sampled_diagnostic,output/20260911-023010-29_full_gru_perf-nuscenes_car_seed42_60ep_bs16/lightning_logs/version_0/ct_epoch_calibration_sampled_sampled_utility_score_mse
full_gru,2,101374,ct_epoch_calibration_sampled_sampled_utility_score_mse::ct_epoch_calibration_sampled,0.020131975412368774,sampled_diagnostic,output/20260911-023010-29_full_gru_perf-nuscenes_car_seed42_60ep_bs16/lightning_logs/version_0/ct_epoch_calibration_sampled_sampled_utility_score_mse
full_gru,1,50687,ct_epoch_core_loss_mechanism/loss_angle::ct_epoch_core_loss,0.0003861274744849652,all_observation_or_mechanism_transactions,output/20260911-023010-29_full_gru_perf-nuscenes_car_seed42_60ep_bs16/lightning_logs/version_0/ct_epoch_core_loss_mechanism/loss_angle
full_gru,2,101374,ct_epoch_core_loss_mechanism/loss_angle::ct_epoch_core_loss,0.0003256123745813966,all_observation_or_mechanism_transactions,output/20260911-023010-29_full_gru_perf-nuscenes_car_seed42_60ep_bs16/lightning_logs/version_0/ct_epoch_core_loss_mechanism/loss_angle
full_gru,1,50687,ct_epoch_core_loss_mechanism/loss_angle_aux::ct_epoch_core_loss,0.015323836356401443,all_observation_or_mechanism_transactions,output/20260911-023010-29_full_gru_perf-nuscenes_car_seed42_60ep_bs16/lightning_logs/version_0/ct_epoch_core_loss_mechanism/loss_angle_aux
full_gru,2,101374,ct_epoch_core_loss_mechanism/loss_angle_aux::ct_epoch_core_loss,0.009089840576052666,all_observation_or_mechanism_transactions,output/20260911-023010-29_full_gru_perf-nuscenes_car_seed42_60ep_bs16/lightning_logs/version_0/ct_epoch_core_loss_mechanism/loss_angle_aux
full_gru,1,50687,ct_epoch_core_loss_mechanism/loss_angle_motion::ct_epoch_core_loss,0.0013920568162575364,all_observation_or_mechanism_transactions,output/20260911-023010-29_full_gru_perf-nuscenes_car_seed42_60ep_bs16/lightning_logs/version_0/ct_epoch_core_loss_mechanism/loss_angle_motion
full_gru,2,101374,ct_epoch_core_loss_mechanism/loss_angle_motion::ct_epoch_core_loss,0.0010788277722895145,all_observation_or_mechanism_transactions,output/20260911-023010-29_full_gru_perf-nuscenes_car_seed42_60ep_bs16/lightning_logs/version_0/ct_epoch_core_loss_mechanism/loss_angle_motion
full_gru,1,50687,ct_epoch_core_loss_mechanism/loss_angle_ref::ct_epoch_core_loss,0.0135318199172616,all_observation_or_mechanism_transactions,output/20260911-023010-29_full_gru_perf-nuscenes_car_seed42_60ep_bs16/lightning_logs/version_0/ct_epoch_core_loss_mechanism/loss_angle_ref
full_gru,2,101374,ct_epoch_core_loss_mechanism/loss_angle_ref::ct_epoch_core_loss,0.007606210187077522,all_observation_or_mechanism_transactions,output/20260911-023010-29_full_gru_perf-nuscenes_car_seed42_60ep_bs16/lightning_logs/version_0/ct_epoch_core_loss_mechanism/loss_angle_ref
full_gru,1,50687,ct_epoch_core_loss_mechanism/loss_b0_transaction::ct_epoch_core_loss,12.355827331542969,all_observation_or_mechanism_transactions,output/20260911-023010-29_full_gru_perf-nuscenes_car_seed42_60ep_bs16/lightning_logs/version_0/ct_epoch_core_loss_mechanism/loss_b0_transaction
full_gru,2,101374,ct_epoch_core_loss_mechanism/loss_b0_transaction::ct_epoch_core_loss,9.018717765808105,all_observation_or_mechanism_transactions,output/20260911-023010-29_full_gru_perf-nuscenes_car_seed42_60ep_bs16/lightning_logs/version_0/ct_epoch_core_loss_mechanism/loss_b0_transaction
full_gru,1,50687,ct_epoch_core_loss_mechanism/loss_b1_transaction::ct_epoch_core_loss,0.5287545323371887,all_observation_or_mechanism_transactions,output/20260911-023010-29_full_gru_perf-nuscenes_car_seed42_60ep_bs16/lightning_logs/version_0/ct_epoch_core_loss_mechanism/loss_b1_transaction
full_gru,2,101374,ct_epoch_core_loss_mechanism/loss_b1_transaction::ct_epoch_core_loss,0.37606197595596313,all_observation_or_mechanism_transactions,output/20260911-023010-29_full_gru_perf-nuscenes_car_seed42_60ep_bs16/lightning_logs/version_0/ct_epoch_core_loss_mechanism/loss_b1_transaction
full_gru,1,50687,ct_epoch_core_loss_mechanism/loss_b2_transaction::ct_epoch_core_loss,1.0681684017181396,all_observation_or_mechanism_transactions,output/20260911-023010-29_full_gru_perf-nuscenes_car_seed42_60ep_bs16/lightning_logs/version_0/ct_epoch_core_loss_mechanism/loss_b2_transaction
full_gru,2,101374,ct_epoch_core_loss_mechanism/loss_b2_transaction::ct_epoch_core_loss,0.7108988761901855,all_observation_or_mechanism_transactions,output/20260911-023010-29_full_gru_perf-nuscenes_car_seed42_60ep_bs16/lightning_logs/version_0/ct_epoch_core_loss_mechanism/loss_b2_transaction
full_gru,1,50687,ct_epoch_core_loss_mechanism/loss_b3_transaction::ct_epoch_core_loss,0.024269862100481987,all_observation_or_mechanism_transactions,output/20260911-023010-29_full_gru_perf-nuscenes_car_seed42_60ep_bs16/lightning_logs/version_0/ct_epoch_core_loss_mechanism/loss_b3_transaction
full_gru,2,101374,ct_epoch_core_loss_mechanism/loss_b3_transaction::ct_epoch_core_loss,0.024152608588337898,all_observation_or_mechanism_transactions,output/20260911-023010-29_full_gru_perf-nuscenes_car_seed42_60ep_bs16/lightning_logs/version_0/ct_epoch_core_loss_mechanism/loss_b3_transaction
full_gru,1,50687,ct_epoch_core_loss_mechanism/loss_bc::ct_epoch_core_loss,5.305019378662109,all_observation_or_mechanism_transactions,output/20260911-023010-29_full_gru_perf-nuscenes_car_seed42_60ep_bs16/lightning_logs/version_0/ct_epoch_core_loss_mechanism/loss_bc
full_gru,2,101374,ct_epoch_core_loss_mechanism/loss_bc::ct_epoch_core_loss,3.832303047180176,all_observation_or_mechanism_transactions,output/20260911-023010-29_full_gru_perf-nuscenes_car_seed42_60ep_bs16/lightning_logs/version_0/ct_epoch_core_loss_mechanism/loss_bc
full_gru,1,50687,ct_epoch_core_loss_mechanism/loss_center::ct_epoch_core_loss,0.19054347276687622,all_observation_or_mechanism_transactions,output/20260911-023010-29_full_gru_perf-nuscenes_car_seed42_60ep_bs16/lightning_logs/version_0/ct_epoch_core_loss_mechanism/loss_center
full_gru,2,101374,ct_epoch_core_loss_mechanism/loss_center::ct_epoch_core_loss,0.14658702909946442,all_observation_or_mechanism_transactions,output/20260911-023010-29_full_gru_perf-nuscenes_car_seed42_60ep_bs16/lightning_logs/version_0/ct_epoch_core_loss_mechanism/loss_center
full_gru,1,50687,ct_epoch_core_loss_mechanism/loss_center_aux::ct_epoch_core_loss,2.5609705448150635,all_observation_or_mechanism_transactions,output/20260911-023010-29_full_gru_perf-nuscenes_car_seed42_60ep_bs16/lightning_logs/version_0/ct_epoch_core_loss_mechanism/loss_center_aux
full_gru,2,101374,ct_epoch_core_loss_mechanism/loss_center_aux::ct_epoch_core_loss,1.8734298944473267,all_observation_or_mechanism_transactions,output/20260911-023010-29_full_gru_perf-nuscenes_car_seed42_60ep_bs16/lightning_logs/version_0/ct_epoch_core_loss_mechanism/loss_center_aux
full_gru,1,50687,ct_epoch_core_loss_mechanism/loss_center_motion::ct_epoch_core_loss,0.41867169737815857,all_observation_or_mechanism_transactions,output/20260911-023010-29_full_gru_perf-nuscenes_car_seed42_60ep_bs16/lightning_logs/version_0/ct_epoch_core_loss_mechanism/loss_center_motion
full_gru,2,101374,ct_epoch_core_loss_mechanism/loss_center_motion::ct_epoch_core_loss,0.32020309567451477,all_observation_or_mechanism_transactions,output/20260911-023010-29_full_gru_perf-nuscenes_car_seed42_60ep_bs16/lightning_logs/version_0/ct_epoch_core_loss_mechanism/loss_center_motion
full_gru,1,50687,ct_epoch_core_loss_mechanism/loss_center_ref::ct_epoch_core_loss,2.1856560707092285,all_observation_or_mechanism_transactions,output/20260911-023010-29_full_gru_perf-nuscenes_car_seed42_60ep_bs16/lightning_logs/version_0/ct_epoch_core_loss_mechanism/loss_center_ref
full_gru,2,101374,ct_epoch_core_loss_mechanism/loss_center_ref::ct_epoch_core_loss,1.580302357673645,all_observation_or_mechanism_transactions,output/20260911-023010-29_full_gru_perf-nuscenes_car_seed42_60ep_bs16/lightning_logs/version_0/ct_epoch_core_loss_mechanism/loss_center_ref
full_gru,1,50687,ct_epoch_core_loss_mechanism/loss_ct_acquisition_margin::ct_epoch_core_loss,0.0590016208589077,all_observation_or_mechanism_transactions,output/20260911-023010-29_full_gru_perf-nuscenes_car_seed42_60ep_bs16/lightning_logs/version_0/ct_epoch_core_loss_mechanism/loss_ct_acquisition_margin
full_gru,2,101374,ct_epoch_core_loss_mechanism/loss_ct_acquisition_margin::ct_epoch_core_loss,0.03929843008518219,all_observation_or_mechanism_transactions,output/20260911-023010-29_full_gru_perf-nuscenes_car_seed42_60ep_bs16/lightning_logs/version_0/ct_epoch_core_loss_mechanism/loss_ct_acquisition_margin
full_gru,1,50687,ct_epoch_core_loss_mechanism/loss_ct_b2_total::ct_epoch_core_loss,1.0681684017181396,all_observation_or_mechanism_transactions,output/20260911-023010-29_full_gru_perf-nuscenes_car_seed42_60ep_bs16/lightning_logs/version_0/ct_epoch_core_loss_mechanism/loss_ct_b2_total
full_gru,2,101374,ct_epoch_core_loss_mechanism/loss_ct_b2_total::ct_epoch_core_loss,0.7108988761901855,all_observation_or_mechanism_transactions,output/20260911-023010-29_full_gru_perf-nuscenes_car_seed42_60ep_bs16/lightning_logs/version_0/ct_epoch_core_loss_mechanism/loss_ct_b2_total
full_gru,1,50687,ct_epoch_core_loss_mechanism/loss_ct_b3_instantaneous::ct_epoch_core_loss,0.12134940922260284,all_observation_or_mechanism_transactions,output/20260911-023010-29_full_gru_perf-nuscenes_car_seed42_60ep_bs16/lightning_logs/version_0/ct_epoch_core_loss_mechanism/loss_ct_b3_instantaneous
full_gru,2,101374,ct_epoch_core_loss_mechanism/loss_ct_b3_instantaneous::ct_epoch_core_loss,0.1207629144191742,all_observation_or_mechanism_transactions,output/20260911-023010-29_full_gru_perf-nuscenes_car_seed42_60ep_bs16/lightning_logs/version_0/ct_epoch_core_loss_mechanism/loss_ct_b3_instantaneous
full_gru,1,50687,ct_epoch_core_loss_mechanism/loss_ct_b3_total::ct_epoch_core_loss,0.024269862100481987,all_observation_or_mechanism_transactions,output/20260911-023010-29_full_gru_perf-nuscenes_car_seed42_60ep_bs16/lightning_logs/version_0/ct_epoch_core_loss_mechanism/loss_ct_b3_total
full_gru,2,101374,ct_epoch_core_loss_mechanism/loss_ct_b3_total::ct_epoch_core_loss,0.024152608588337898,all_observation_or_mechanism_transactions,output/20260911-023010-29_full_gru_perf-nuscenes_car_seed42_60ep_bs16/lightning_logs/version_0/ct_epoch_core_loss_mechanism/loss_ct_b3_total
full_gru,1,50687,ct_epoch_core_loss_mechanism/loss_ct_base_presence::ct_epoch_core_loss,0.4196965992450714,all_observation_or_mechanism_transactions,output/20260911-023010-29_full_gru_perf-nuscenes_car_seed42_60ep_bs16/lightning_logs/version_0/ct_epoch_core_loss_mechanism/loss_ct_base_presence
full_gru,2,101374,ct_epoch_core_loss_mechanism/loss_ct_base_presence::ct_epoch_core_loss,0.3444509208202362,all_observation_or_mechanism_transactions,output/20260911-023010-29_full_gru_perf-nuscenes_car_seed42_60ep_bs16/lightning_logs/version_0/ct_epoch_core_loss_mechanism/loss_ct_base_presence
full_gru,1,50687,ct_epoch_core_loss_mechanism/loss_ct_expected_center_gain::ct_epoch_core_loss,0.02043606899678707,all_observation_or_mechanism_transactions,output/20260911-023010-29_full_gru_perf-nuscenes_car_seed42_60ep_bs16/lightning_logs/version_0/ct_epoch_core_loss_mechanism/loss_ct_expected_center_gain
full_gru,2,101374,ct_epoch_core_loss_mechanism/loss_ct_expected_center_gain::ct_epoch_core_loss,0.020675580948591232,all_observation_or_mechanism_transactions,output/20260911-023010-29_full_gru_perf-nuscenes_car_seed42_60ep_bs16/lightning_logs/version_0/ct_epoch_core_loss_mechanism/loss_ct_expected_center_gain
full_gru,1,50687,ct_epoch_core_loss_mechanism/loss_ct_expected_gain::ct_epoch_core_loss,0.03895465284585953,all_observation_or_mechanism_transactions,output/20260911-023010-29_full_gru_perf-nuscenes_car_seed42_60ep_bs16/lightning_logs/version_0/ct_epoch_core_loss_mechanism/loss_ct_expected_gain
full_gru,2,101374,ct_epoch_core_loss_mechanism/loss_ct_expected_gain::ct_epoch_core_loss,0.04099486768245697,all_observation_or_mechanism_transactions,output/20260911-023010-29_full_gru_perf-nuscenes_car_seed42_60ep_bs16/lightning_logs/version_0/ct_epoch_core_loss_mechanism/loss_ct_expected_gain
full_gru,1,50687,ct_epoch_core_loss_mechanism/loss_ct_expected_iou_gain::ct_epoch_core_loss,0.018518637865781784,all_observation_or_mechanism_transactions,output/20260911-023010-29_full_gru_perf-nuscenes_car_seed42_60ep_bs16/lightning_logs/version_0/ct_epoch_core_loss_mechanism/loss_ct_expected_iou_gain
full_gru,2,101374,ct_epoch_core_loss_mechanism/loss_ct_expected_iou_gain::ct_epoch_core_loss,0.02031930536031723,all_observation_or_mechanism_transactions,output/20260911-023010-29_full_gru_perf-nuscenes_car_seed42_60ep_bs16/lightning_logs/version_0/ct_epoch_core_loss_mechanism/loss_ct_expected_iou_gain
full_gru,1,50687,ct_epoch_core_loss_mechanism/loss_ct_expected_precision_gain::ct_epoch_core_loss,0.02043606899678707,all_observation_or_mechanism_transactions,output/20260911-023010-29_full_gru_perf-nuscenes_car_seed42_60ep_bs16/lightning_logs/version_0/ct_epoch_core_loss_mechanism/loss_ct_expected_precision_gain
full_gru,2,101374,ct_epoch_core_loss_mechanism/loss_ct_expected_precision_gain::ct_epoch_core_loss,0.020675580948591232,all_observation_or_mechanism_transactions,output/20260911-023010-29_full_gru_perf-nuscenes_car_seed42_60ep_bs16/lightning_logs/version_0/ct_epoch_core_loss_mechanism/loss_ct_expected_precision_gain
full_gru,1,50687,ct_epoch_core_loss_mechanism/loss_ct_expected_success_gain::ct_epoch_core_loss,0.018518637865781784,all_observation_or_mechanism_transactions,output/20260911-023010-29_full_gru_perf-nuscenes_car_seed42_60ep_bs16/lightning_logs/version_0/ct_epoch_core_loss_mechanism/loss_ct_expected_success_gain
full_gru,2,101374,ct_epoch_core_loss_mechanism/loss_ct_expected_success_gain::ct_epoch_core_loss,0.02031930536031723,all_observation_or_mechanism_transactions,output/20260911-023010-29_full_gru_perf-nuscenes_car_seed42_60ep_bs16/lightning_logs/version_0/ct_epoch_core_loss_mechanism/loss_ct_expected_success_gain
full_gru,1,50687,ct_epoch_core_loss_mechanism/loss_ct_extension_presence::ct_epoch_core_loss,0.2563230097293854,all_observation_or_mechanism_transactions,output/20260911-023010-29_full_gru_perf-nuscenes_car_seed42_60ep_bs16/lightning_logs/version_0/ct_epoch_core_loss_mechanism/loss_ct_extension_presence
full_gru,2,101374,ct_epoch_core_loss_mechanism/loss_ct_extension_presence::ct_epoch_core_loss,0.22097891569137573,all_observation_or_mechanism_transactions,output/20260911-023010-29_full_gru_perf-nuscenes_car_seed42_60ep_bs16/lightning_logs/version_0/ct_epoch_core_loss_mechanism/loss_ct_extension_presence
full_gru,1,50687,ct_epoch_core_loss_mechanism/loss_ct_harmful::ct_epoch_core_loss,0.5015547275543213,all_observation_or_mechanism_transactions,output/20260911-023010-29_full_gru_perf-nuscenes_car_seed42_60ep_bs16/lightning_logs/version_0/ct_epoch_core_loss_mechanism/loss_ct_harmful
full_gru,2,101374,ct_epoch_core_loss_mechanism/loss_ct_harmful::ct_epoch_core_loss,0.4508143961429596,all_observation_or_mechanism_transactions,output/20260911-023010-29_full_gru_perf-nuscenes_car_seed42_60ep_bs16/lightning_logs/version_0/ct_epoch_core_loss_mechanism/loss_ct_harmful
full_gru,1,50687,ct_epoch_core_loss_mechanism/loss_ct_helpful::ct_epoch_core_loss,0.3223898410797119,all_observation_or_mechanism_transactions,output/20260911-023010-29_full_gru_perf-nuscenes_car_seed42_60ep_bs16/lightning_logs/version_0/ct_epoch_core_loss_mechanism/loss_ct_helpful
full_gru,2,101374,ct_epoch_core_loss_mechanism/loss_ct_helpful::ct_epoch_core_loss,0.34686487913131714,all_observation_or_mechanism_transactions,output/20260911-023010-29_full_gru_perf-nuscenes_car_seed42_60ep_bs16/lightning_logs/version_0/ct_epoch_core_loss_mechanism/loss_ct_helpful
full_gru,1,50687,ct_epoch_core_loss_mechanism/loss_ct_plugin_total::ct_epoch_core_loss,1.0924381017684937,all_observation_or_mechanism_transactions,output/20260911-023010-29_full_gru_perf-nuscenes_car_seed42_60ep_bs16/lightning_logs/version_0/ct_epoch_core_loss_mechanism/loss_ct_plugin_total
full_gru,2,101374,ct_epoch_core_loss_mechanism/loss_ct_plugin_total::ct_epoch_core_loss,0.7350539565086365,all_observation_or_mechanism_transactions,output/20260911-023010-29_full_gru_perf-nuscenes_car_seed42_60ep_bs16/lightning_logs/version_0/ct_epoch_core_loss_mechanism/loss_ct_plugin_total
full_gru,1,50687,ct_epoch_core_loss_mechanism/loss_ct_presence::ct_epoch_core_loss,0.6760190725326538,all_observation_or_mechanism_transactions,output/20260911-023010-29_full_gru_perf-nuscenes_car_seed42_60ep_bs16/lightning_logs/version_0/ct_epoch_core_loss_mechanism/loss_ct_presence
full_gru,2,101374,ct_epoch_core_loss_mechanism/loss_ct_presence::ct_epoch_core_loss,0.5654292106628418,all_observation_or_mechanism_transactions,output/20260911-023010-29_full_gru_perf-nuscenes_car_seed42_60ep_bs16/lightning_logs/version_0/ct_epoch_core_loss_mechanism/loss_ct_presence
full_gru,1,50687,ct_epoch_core_loss_mechanism/loss_ct_raw_search::ct_epoch_core_loss,0.564072847366333,all_observation_or_mechanism_transactions,output/20260911-023010-29_full_gru_perf-nuscenes_car_seed42_60ep_bs16/lightning_logs/version_0/ct_epoch_core_loss_mechanism/loss_ct_raw_search
full_gru,2,101374,ct_epoch_core_loss_mechanism/loss_ct_raw_search::ct_epoch_core_loss,0.3638368546962738,all_observation_or_mechanism_transactions,output/20260911-023010-29_full_gru_perf-nuscenes_car_seed42_60ep_bs16/lightning_logs/version_0/ct_epoch_core_loss_mechanism/loss_ct_raw_search
full_gru,1,50687,ct_epoch_core_loss_mechanism/loss_ct_relation::ct_epoch_core_loss,0.5329864621162415,all_observation_or_mechanism_transactions,output/20260911-023010-29_full_gru_perf-nuscenes_car_seed42_60ep_bs16/lightning_logs/version_0/ct_epoch_core_loss_mechanism/loss_ct_relation
full_gru,2,101374,ct_epoch_core_loss_mechanism/loss_ct_relation::ct_epoch_core_loss,0.3144551217556,all_observation_or_mechanism_transactions,output/20260911-023010-29_full_gru_perf-nuscenes_car_seed42_60ep_bs16/lightning_logs/version_0/ct_epoch_core_loss_mechanism/loss_ct_relation
full_gru,1,50687,ct_epoch_core_loss_mechanism/loss_ct_targetness::ct_epoch_core_loss,0.5644075274467468,all_observation_or_mechanism_transactions,output/20260911-023010-29_full_gru_perf-nuscenes_car_seed42_60ep_bs16/lightning_logs/version_0/ct_epoch_core_loss_mechanism/loss_ct_targetness
full_gru,2,101374,ct_epoch_core_loss_mechanism/loss_ct_targetness::ct_epoch_core_loss,0.3453165590763092,all_observation_or_mechanism_transactions,output/20260911-023010-29_full_gru_perf-nuscenes_car_seed42_60ep_bs16/lightning_logs/version_0/ct_epoch_core_loss_mechanism/loss_ct_targetness
full_gru,1,50687,ct_epoch_core_loss_mechanism/loss_ct_utility::ct_epoch_core_loss,0.12134940922260284,all_observation_or_mechanism_transactions,output/20260911-023010-29_full_gru_perf-nuscenes_car_seed42_60ep_bs16/lightning_logs/version_0/ct_epoch_core_loss_mechanism/loss_ct_utility
full_gru,2,101374,ct_epoch_core_loss_mechanism/loss_ct_utility::ct_epoch_core_loss,0.1207629144191742,all_observation_or_mechanism_transactions,output/20260911-023010-29_full_gru_perf-nuscenes_car_seed42_60ep_bs16/lightning_logs/version_0/ct_epoch_core_loss_mechanism/loss_ct_utility
full_gru,1,50687,ct_epoch_core_loss_mechanism/loss_ct_utility_classification::ct_epoch_core_loss,0.8239421844482422,all_observation_or_mechanism_transactions,output/20260911-023010-29_full_gru_perf-nuscenes_car_seed42_60ep_bs16/lightning_logs/version_0/ct_epoch_core_loss_mechanism/loss_ct_utility_classification
full_gru,2,101374,ct_epoch_core_loss_mechanism/loss_ct_utility_classification::ct_epoch_core_loss,0.7976817488670349,all_observation_or_mechanism_transactions,output/20260911-023010-29_full_gru_perf-nuscenes_car_seed42_60ep_bs16/lightning_logs/version_0/ct_epoch_core_loss_mechanism/loss_ct_utility_classification
full_gru,1,50687,ct_epoch_core_loss_mechanism/loss_ct_vote::ct_epoch_core_loss,0.19036628305912018,all_observation_or_mechanism_transactions,output/20260911-023010-29_full_gru_perf-nuscenes_car_seed42_60ep_bs16/lightning_logs/version_0/ct_epoch_core_loss_mechanism/loss_ct_vote
full_gru,2,101374,ct_epoch_core_loss_mechanism/loss_ct_vote::ct_epoch_core_loss,0.14284434914588928,all_observation_or_mechanism_transactions,output/20260911-023010-29_full_gru_perf-nuscenes_car_seed42_60ep_bs16/lightning_logs/version_0/ct_epoch_core_loss_mechanism/loss_ct_vote
full_gru,1,50687,ct_epoch_core_loss_mechanism/loss_motion_cls::ct_epoch_core_loss,0.4967639446258545,all_observation_or_mechanism_transactions,output/20260911-023010-29_full_gru_perf-nuscenes_car_seed42_60ep_bs16/lightning_logs/version_0/ct_epoch_core_loss_mechanism/loss_motion_cls
full_gru,2,101374,ct_epoch_core_loss_mechanism/loss_motion_cls::ct_epoch_core_loss,0.4378581941127777,all_observation_or_mechanism_transactions,output/20260911-023010-29_full_gru_perf-nuscenes_car_seed42_60ep_bs16/lightning_logs/version_0/ct_epoch_core_loss_mechanism/loss_motion_cls
full_gru,1,50687,ct_epoch_core_loss_mechanism/loss_motion_v3_aux_nll::ct_epoch_core_loss,7.111274242401123,all_observation_or_mechanism_transactions,output/20260911-023010-29_full_gru_perf-nuscenes_car_seed42_60ep_bs16/lightning_logs/version_0/ct_epoch_core_loss_mechanism/loss_motion_v3_aux_nll
full_gru,2,101374,ct_epoch_core_loss_mechanism/loss_motion_v3_aux_nll::ct_epoch_core_loss,5.348342418670654,all_observation_or_mechanism_transactions,output/20260911-023010-29_full_gru_perf-nuscenes_car_seed42_60ep_bs16/lightning_logs/version_0/ct_epoch_core_loss_mechanism/loss_motion_v3_aux_nll
full_gru,1,50687,ct_epoch_core_loss_mechanism/loss_motion_v3_aux_prior::ct_epoch_core_loss,0.10185401886701584,all_observation_or_mechanism_transactions,output/20260911-023010-29_full_gru_perf-nuscenes_car_seed42_60ep_bs16/lightning_logs/version_0/ct_epoch_core_loss_mechanism/loss_motion_v3_aux_prior
full_gru,2,101374,ct_epoch_core_loss_mechanism/loss_motion_v3_aux_prior::ct_epoch_core_loss,0.09277422726154327,all_observation_or_mechanism_transactions,output/20260911-023010-29_full_gru_perf-nuscenes_car_seed42_60ep_bs16/lightning_logs/version_0/ct_epoch_core_loss_mechanism/loss_motion_v3_aux_prior
full_gru,1,50687,ct_epoch_core_loss_mechanism/loss_motion_v3_nll::ct_epoch_core_loss,3.021259307861328,all_observation_or_mechanism_transactions,output/20260911-023010-29_full_gru_perf-nuscenes_car_seed42_60ep_bs16/lightning_logs/version_0/ct_epoch_core_loss_mechanism/loss_motion_v3_nll
full_gru,2,101374,ct_epoch_core_loss_mechanism/loss_motion_v3_nll::ct_epoch_core_loss,1.780807614326477,all_observation_or_mechanism_transactions,output/20260911-023010-29_full_gru_perf-nuscenes_car_seed42_60ep_bs16/lightning_logs/version_0/ct_epoch_core_loss_mechanism/loss_motion_v3_nll
full_gru,1,50687,ct_epoch_core_loss_mechanism/loss_motion_v3_prior::ct_epoch_core_loss,0.08993154019117355,all_observation_or_mechanism_transactions,output/20260911-023010-29_full_gru_perf-nuscenes_car_seed42_60ep_bs16/lightning_logs/version_0/ct_epoch_core_loss_mechanism/loss_motion_v3_prior
full_gru,2,101374,ct_epoch_core_loss_mechanism/loss_motion_v3_prior::ct_epoch_core_loss,0.08362235128879547,all_observation_or_mechanism_transactions,output/20260911-023010-29_full_gru_perf-nuscenes_car_seed42_60ep_bs16/lightning_logs/version_0/ct_epoch_core_loss_mechanism/loss_motion_v3_prior
full_gru,1,50687,ct_epoch_core_loss_mechanism/loss_plugin_transaction::ct_epoch_core_loss,1.6211990118026733,all_observation_or_mechanism_transactions,output/20260911-023010-29_full_gru_perf-nuscenes_car_seed42_60ep_bs16/lightning_logs/version_0/ct_epoch_core_loss_mechanism/loss_plugin_transaction
full_gru,2,101374,ct_epoch_core_loss_mechanism/loss_plugin_transaction::ct_epoch_core_loss,1.1111122369766235,all_observation_or_mechanism_transactions,output/20260911-023010-29_full_gru_perf-nuscenes_car_seed42_60ep_bs16/lightning_logs/version_0/ct_epoch_core_loss_mechanism/loss_plugin_transaction
full_gru,1,50687,ct_epoch_core_loss_mechanism/loss_seg::ct_epoch_core_loss,0.3907659649848938,all_observation_or_mechanism_transactions,output/20260911-023010-29_full_gru_perf-nuscenes_car_seed42_60ep_bs16/lightning_logs/version_0/ct_epoch_core_loss_mechanism/loss_seg
full_gru,2,101374,ct_epoch_core_loss_mechanism/loss_seg::ct_epoch_core_loss,0.3357507288455963,all_observation_or_mechanism_transactions,output/20260911-023010-29_full_gru_perf-nuscenes_car_seed42_60ep_bs16/lightning_logs/version_0/ct_epoch_core_loss_mechanism/loss_seg
full_gru,1,50687,ct_epoch_core_loss_mechanism/loss_total::ct_epoch_core_loss,1.6211990118026733,all_observation_or_mechanism_transactions,output/20260911-023010-29_full_gru_perf-nuscenes_car_seed42_60ep_bs16/lightning_logs/version_0/ct_epoch_core_loss_mechanism/loss_total
full_gru,2,101374,ct_epoch_core_loss_mechanism/loss_total::ct_epoch_core_loss,1.1111122369766235,all_observation_or_mechanism_transactions,output/20260911-023010-29_full_gru_perf-nuscenes_car_seed42_60ep_bs16/lightning_logs/version_0/ct_epoch_core_loss_mechanism/loss_total
full_gru,1,50687,ct_epoch_core_loss_mechanism/rows::ct_epoch_core_loss,191288.0,all_observation_or_mechanism_transactions,output/20260911-023010-29_full_gru_perf-nuscenes_car_seed42_60ep_bs16/lightning_logs/version_0/ct_epoch_core_loss_mechanism/rows
full_gru,2,101374,ct_epoch_core_loss_mechanism/rows::ct_epoch_core_loss,191288.0,all_observation_or_mechanism_transactions,output/20260911-023010-29_full_gru_perf-nuscenes_car_seed42_60ep_bs16/lightning_logs/version_0/ct_epoch_core_loss_mechanism/rows
full_gru,1,50687,ct_epoch_core_loss_mechanism/transactions::ct_epoch_core_loss,11956.0,all_observation_or_mechanism_transactions,output/20260911-023010-29_full_gru_perf-nuscenes_car_seed42_60ep_bs16/lightning_logs/version_0/ct_epoch_core_loss_mechanism/transactions
full_gru,2,101374,ct_epoch_core_loss_mechanism/transactions::ct_epoch_core_loss,11956.0,all_observation_or_mechanism_transactions,output/20260911-023010-29_full_gru_perf-nuscenes_car_seed42_60ep_bs16/lightning_logs/version_0/ct_epoch_core_loss_mechanism/transactions
full_gru,1,50687,ct_epoch_core_loss_observation/loss_angle::ct_epoch_core_loss,0.00036219312460161746,all_observation_or_mechanism_transactions,output/20260911-023010-29_full_gru_perf-nuscenes_car_seed42_60ep_bs16/lightning_logs/version_0/ct_epoch_core_loss_observation/loss_angle
full_gru,2,101374,ct_epoch_core_loss_observation/loss_angle::ct_epoch_core_loss,0.00026977775269187987,all_observation_or_mechanism_transactions,output/20260911-023010-29_full_gru_perf-nuscenes_car_seed42_60ep_bs16/lightning_logs/version_0/ct_epoch_core_loss_observation/loss_angle
full_gru,1,50687,ct_epoch_core_loss_observation/loss_angle_aux::ct_epoch_core_loss,0.006223101168870926,all_observation_or_mechanism_transactions,output/20260911-023010-29_full_gru_perf-nuscenes_car_seed42_60ep_bs16/lightning_logs/version_0/ct_epoch_core_loss_observation/loss_angle_aux
full_gru,2,101374,ct_epoch_core_loss_observation/loss_angle_aux::ct_epoch_core_loss,0.001744177658110857,all_observation_or_mechanism_transactions,output/20260911-023010-29_full_gru_perf-nuscenes_car_seed42_60ep_bs16/lightning_logs/version_0/ct_epoch_core_loss_observation/loss_angle_aux
full_gru,1,50687,ct_epoch_core_loss_observation/loss_angle_motion::ct_epoch_core_loss,0.0014081919798627496,all_observation_or_mechanism_transactions,output/20260911-023010-29_full_gru_perf-nuscenes_car_seed42_60ep_bs16/lightning_logs/version_0/ct_epoch_core_loss_observation/loss_angle_motion
full_gru,2,101374,ct_epoch_core_loss_observation/loss_angle_motion::ct_epoch_core_loss,0.0009308953303843737,all_observation_or_mechanism_transactions,output/20260911-023010-29_full_gru_perf-nuscenes_car_seed42_60ep_bs16/lightning_logs/version_0/ct_epoch_core_loss_observation/loss_angle_motion
full_gru,1,50687,ct_epoch_core_loss_observation/loss_angle_ref::ct_epoch_core_loss,0.004659113474190235,all_observation_or_mechanism_transactions,output/20260911-023010-29_full_gru_perf-nuscenes_car_seed42_60ep_bs16/lightning_logs/version_0/ct_epoch_core_loss_observation/loss_angle_ref
full_gru,2,101374,ct_epoch_core_loss_observation/loss_angle_ref::ct_epoch_core_loss,0.0009817394893616438,all_observation_or_mechanism_transactions,output/20260911-023010-29_full_gru_perf-nuscenes_car_seed42_60ep_bs16/lightning_logs/version_0/ct_epoch_core_loss_observation/loss_angle_ref
full_gru,1,50687,ct_epoch_core_loss_observation/loss_b0_observation::ct_epoch_core_loss,2.3095481395721436,all_observation_or_mechanism_transactions,output/20260911-023010-29_full_gru_perf-nuscenes_car_seed42_60ep_bs16/lightning_logs/version_0/ct_epoch_core_loss_observation/loss_b0_observation
full_gru,2,101374,ct_epoch_core_loss_observation/loss_b0_observation::ct_epoch_core_loss,1.5501227378845215,all_observation_or_mechanism_transactions,output/20260911-023010-29_full_gru_perf-nuscenes_car_seed42_60ep_bs16/lightning_logs/version_0/ct_epoch_core_loss_observation/loss_b0_observation
full_gru,1,50687,ct_epoch_core_loss_observation/loss_b0_transaction::ct_epoch_core_loss,2.3095481395721436,all_observation_or_mechanism_transactions,output/20260911-023010-29_full_gru_perf-nuscenes_car_seed42_60ep_bs16/lightning_logs/version_0/ct_epoch_core_loss_observation/loss_b0_transaction
full_gru,2,101374,ct_epoch_core_loss_observation/loss_b0_transaction::ct_epoch_core_loss,1.5501227378845215,all_observation_or_mechanism_transactions,output/20260911-023010-29_full_gru_perf-nuscenes_car_seed42_60ep_bs16/lightning_logs/version_0/ct_epoch_core_loss_observation/loss_b0_transaction
full_gru,1,50687,ct_epoch_core_loss_observation/loss_b1_transaction::ct_epoch_core_loss,0.0,all_observation_or_mechanism_transactions,output/20260911-023010-29_full_gru_perf-nuscenes_car_seed42_60ep_bs16/lightning_logs/version_0/ct_epoch_core_loss_observation/loss_b1_transaction
full_gru,2,101374,ct_epoch_core_loss_observation/loss_b1_transaction::ct_epoch_core_loss,0.0,all_observation_or_mechanism_transactions,output/20260911-023010-29_full_gru_perf-nuscenes_car_seed42_60ep_bs16/lightning_logs/version_0/ct_epoch_core_loss_observation/loss_b1_transaction
full_gru,1,50687,ct_epoch_core_loss_observation/loss_b2_transaction::ct_epoch_core_loss,0.0,all_observation_or_mechanism_transactions,output/20260911-023010-29_full_gru_perf-nuscenes_car_seed42_60ep_bs16/lightning_logs/version_0/ct_epoch_core_loss_observation/loss_b2_transaction
full_gru,2,101374,ct_epoch_core_loss_observation/loss_b2_transaction::ct_epoch_core_loss,0.0,all_observation_or_mechanism_transactions,output/20260911-023010-29_full_gru_perf-nuscenes_car_seed42_60ep_bs16/lightning_logs/version_0/ct_epoch_core_loss_observation/loss_b2_transaction
full_gru,1,50687,ct_epoch_core_loss_observation/loss_b3_transaction::ct_epoch_core_loss,0.0,all_observation_or_mechanism_transactions,output/20260911-023010-29_full_gru_perf-nuscenes_car_seed42_60ep_bs16/lightning_logs/version_0/ct_epoch_core_loss_observation/loss_b3_transaction
full_gru,2,101374,ct_epoch_core_loss_observation/loss_b3_transaction::ct_epoch_core_loss,0.0,all_observation_or_mechanism_transactions,output/20260911-023010-29_full_gru_perf-nuscenes_car_seed42_60ep_bs16/lightning_logs/version_0/ct_epoch_core_loss_observation/loss_b3_transaction
full_gru,1,50687,ct_epoch_core_loss_observation/loss_bc::ct_epoch_core_loss,0.6445583701133728,all_observation_or_mechanism_transactions,output/20260911-023010-29_full_gru_perf-nuscenes_car_seed42_60ep_bs16/lightning_logs/version_0/ct_epoch_core_loss_observation/loss_bc
full_gru,2,101374,ct_epoch_core_loss_observation/loss_bc::ct_epoch_core_loss,0.38569292426109314,all_observation_or_mechanism_transactions,output/20260911-023010-29_full_gru_perf-nuscenes_car_seed42_60ep_bs16/lightning_logs/version_0/ct_epoch_core_loss_observation/loss_bc
full_gru,1,50687,ct_epoch_core_loss_observation/loss_center::ct_epoch_core_loss,0.109165258705616,all_observation_or_mechanism_transactions,output/20260911-023010-29_full_gru_perf-nuscenes_car_seed42_60ep_bs16/lightning_logs/version_0/ct_epoch_core_loss_observation/loss_center
full_gru,2,101374,ct_epoch_core_loss_observation/loss_center::ct_epoch_core_loss,0.07824404537677765,all_observation_or_mechanism_transactions,output/20260911-023010-29_full_gru_perf-nuscenes_car_seed42_60ep_bs16/lightning_logs/version_0/ct_epoch_core_loss_observation/loss_center
full_gru,1,50687,ct_epoch_core_loss_observation/loss_center_aux::ct_epoch_core_loss,0.39351537823677063,all_observation_or_mechanism_transactions,output/20260911-023010-29_full_gru_perf-nuscenes_car_seed42_60ep_bs16/lightning_logs/version_0/ct_epoch_core_loss_observation/loss_center_aux
full_gru,2,101374,ct_epoch_core_loss_observation/loss_center_aux::ct_epoch_core_loss,0.28812548518180847,all_observation_or_mechanism_transactions,output/20260911-023010-29_full_gru_perf-nuscenes_car_seed42_60ep_bs16/lightning_logs/version_0/ct_epoch_core_loss_observation/loss_center_aux
full_gru,1,50687,ct_epoch_core_loss_observation/loss_center_motion::ct_epoch_core_loss,0.2379702925682068,all_observation_or_mechanism_transactions,output/20260911-023010-29_full_gru_perf-nuscenes_car_seed42_60ep_bs16/lightning_logs/version_0/ct_epoch_core_loss_observation/loss_center_motion
full_gru,2,101374,ct_epoch_core_loss_observation/loss_center_motion::ct_epoch_core_loss,0.1633097529411316,all_observation_or_mechanism_transactions,output/20260911-023010-29_full_gru_perf-nuscenes_car_seed42_60ep_bs16/lightning_logs/version_0/ct_epoch_core_loss_observation/loss_center_motion
full_gru,1,50687,ct_epoch_core_loss_observation/loss_center_ref::ct_epoch_core_loss,0.20012535154819489,all_observation_or_mechanism_transactions,output/20260911-023010-29_full_gru_perf-nuscenes_car_seed42_60ep_bs16/lightning_logs/version_0/ct_epoch_core_loss_observation/loss_center_ref
full_gru,2,101374,ct_epoch_core_loss_observation/loss_center_ref::ct_epoch_core_loss,0.14019648730754852,all_observation_or_mechanism_transactions,output/20260911-023010-29_full_gru_perf-nuscenes_car_seed42_60ep_bs16/lightning_logs/version_0/ct_epoch_core_loss_observation/loss_center_ref
full_gru,1,50687,ct_epoch_core_loss_observation/loss_motion_cls::ct_epoch_core_loss,0.4046320617198944,all_observation_or_mechanism_transactions,output/20260911-023010-29_full_gru_perf-nuscenes_car_seed42_60ep_bs16/lightning_logs/version_0/ct_epoch_core_loss_observation/loss_motion_cls
full_gru,2,101374,ct_epoch_core_loss_observation/loss_motion_cls::ct_epoch_core_loss,0.35668373107910156,all_observation_or_mechanism_transactions,output/20260911-023010-29_full_gru_perf-nuscenes_car_seed42_60ep_bs16/lightning_logs/version_0/ct_epoch_core_loss_observation/loss_motion_cls
full_gru,1,50687,ct_epoch_core_loss_observation/loss_plugin_transaction::ct_epoch_core_loss,0.0,all_observation_or_mechanism_transactions,output/20260911-023010-29_full_gru_perf-nuscenes_car_seed42_60ep_bs16/lightning_logs/version_0/ct_epoch_core_loss_observation/loss_plugin_transaction
full_gru,2,101374,ct_epoch_core_loss_observation/loss_plugin_transaction::ct_epoch_core_loss,0.0,all_observation_or_mechanism_transactions,output/20260911-023010-29_full_gru_perf-nuscenes_car_seed42_60ep_bs16/lightning_logs/version_0/ct_epoch_core_loss_observation/loss_plugin_transaction
full_gru,1,50687,ct_epoch_core_loss_observation/loss_seg::ct_epoch_core_loss,0.1860111951828003,all_observation_or_mechanism_transactions,output/20260911-023010-29_full_gru_perf-nuscenes_car_seed42_60ep_bs16/lightning_logs/version_0/ct_epoch_core_loss_observation/loss_seg
full_gru,2,101374,ct_epoch_core_loss_observation/loss_seg::ct_epoch_core_loss,0.10938067734241486,all_observation_or_mechanism_transactions,output/20260911-023010-29_full_gru_perf-nuscenes_car_seed42_60ep_bs16/lightning_logs/version_0/ct_epoch_core_loss_observation/loss_seg
full_gru,1,50687,ct_epoch_core_loss_observation/loss_total::ct_epoch_core_loss,2.3095481395721436,all_observation_or_mechanism_transactions,output/20260911-023010-29_full_gru_perf-nuscenes_car_seed42_60ep_bs16/lightning_logs/version_0/ct_epoch_core_loss_observation/loss_total
full_gru,2,101374,ct_epoch_core_loss_observation/loss_total::ct_epoch_core_loss,1.5501227378845215,all_observation_or_mechanism_transactions,output/20260911-023010-29_full_gru_perf-nuscenes_car_seed42_60ep_bs16/lightning_logs/version_0/ct_epoch_core_loss_observation/loss_total
full_gru,1,50687,ct_epoch_core_loss_observation/rows::ct_epoch_core_loss,810992.0,all_observation_or_mechanism_transactions,output/20260911-023010-29_full_gru_perf-nuscenes_car_seed42_60ep_bs16/lightning_logs/version_0/ct_epoch_core_loss_observation/rows
full_gru,2,101374,ct_epoch_core_loss_observation/rows::ct_epoch_core_loss,810992.0,all_observation_or_mechanism_transactions,output/20260911-023010-29_full_gru_perf-nuscenes_car_seed42_60ep_bs16/lightning_logs/version_0/ct_epoch_core_loss_observation/rows
full_gru,1,50687,ct_epoch_core_loss_observation/transactions::ct_epoch_core_loss,50687.0,all_observation_or_mechanism_transactions,output/20260911-023010-29_full_gru_perf-nuscenes_car_seed42_60ep_bs16/lightning_logs/version_0/ct_epoch_core_loss_observation/transactions
full_gru,2,101374,ct_epoch_core_loss_observation/transactions::ct_epoch_core_loss,50687.0,all_observation_or_mechanism_transactions,output/20260911-023010-29_full_gru_perf-nuscenes_car_seed42_60ep_bs16/lightning_logs/version_0/ct_epoch_core_loss_observation/transactions
full_gru,1,50687,ct_epoch_h3_sampling_candidate_events::ct_epoch_h3_sampling,5977.0,sampled_diagnostic,output/20260911-023010-29_full_gru_perf-nuscenes_car_seed42_60ep_bs16/lightning_logs/version_0/ct_epoch_h3_sampling_candidate_events
full_gru,2,101374,ct_epoch_h3_sampling_candidate_events::ct_epoch_h3_sampling,5977.0,sampled_diagnostic,output/20260911-023010-29_full_gru_perf-nuscenes_car_seed42_60ep_bs16/lightning_logs/version_0/ct_epoch_h3_sampling_candidate_events
full_gru,1,50687,ct_epoch_h3_sampling_executed_events::ct_epoch_h3_sampling,206.0,sampled_diagnostic,output/20260911-023010-29_full_gru_perf-nuscenes_car_seed42_60ep_bs16/lightning_logs/version_0/ct_epoch_h3_sampling_executed_events
full_gru,2,101374,ct_epoch_h3_sampling_executed_events::ct_epoch_h3_sampling,207.0,sampled_diagnostic,output/20260911-023010-29_full_gru_perf-nuscenes_car_seed42_60ep_bs16/lightning_logs/version_0/ct_epoch_h3_sampling_executed_events
full_gru,1,50687,ct_epoch_h3_sampling_not_sampled_events::ct_epoch_h3_sampling,5420.0,sampled_diagnostic,output/20260911-023010-29_full_gru_perf-nuscenes_car_seed42_60ep_bs16/lightning_logs/version_0/ct_epoch_h3_sampling_not_sampled_events
full_gru,2,101374,ct_epoch_h3_sampling_not_sampled_events::ct_epoch_h3_sampling,5358.0,sampled_diagnostic,output/20260911-023010-29_full_gru_perf-nuscenes_car_seed42_60ep_bs16/lightning_logs/version_0/ct_epoch_h3_sampling_not_sampled_events
full_gru,1,50687,ct_epoch_h3_sampling_precision_gain_sum::ct_epoch_h3_sampling,-16.524999618530273,sampled_diagnostic,output/20260911-023010-29_full_gru_perf-nuscenes_car_seed42_60ep_bs16/lightning_logs/version_0/ct_epoch_h3_sampling_precision_gain_sum
full_gru,2,101374,ct_epoch_h3_sampling_precision_gain_sum::ct_epoch_h3_sampling,-24.350000381469727,sampled_diagnostic,output/20260911-023010-29_full_gru_perf-nuscenes_car_seed42_60ep_bs16/lightning_logs/version_0/ct_epoch_h3_sampling_precision_gain_sum
full_gru,1,50687,ct_epoch_h3_sampling_sampled_events::ct_epoch_h3_sampling,557.0,sampled_diagnostic,output/20260911-023010-29_full_gru_perf-nuscenes_car_seed42_60ep_bs16/lightning_logs/version_0/ct_epoch_h3_sampling_sampled_events
full_gru,2,101374,ct_epoch_h3_sampling_sampled_events::ct_epoch_h3_sampling,619.0,sampled_diagnostic,output/20260911-023010-29_full_gru_perf-nuscenes_car_seed42_60ep_bs16/lightning_logs/version_0/ct_epoch_h3_sampling_sampled_events
full_gru,1,50687,ct_epoch_h3_sampling_scheduled_events::ct_epoch_h3_sampling,5977.0,sampled_diagnostic,output/20260911-023010-29_full_gru_perf-nuscenes_car_seed42_60ep_bs16/lightning_logs/version_0/ct_epoch_h3_sampling_scheduled_events
full_gru,2,101374,ct_epoch_h3_sampling_scheduled_events::ct_epoch_h3_sampling,5977.0,sampled_diagnostic,output/20260911-023010-29_full_gru_perf-nuscenes_car_seed42_60ep_bs16/lightning_logs/version_0/ct_epoch_h3_sampling_scheduled_events
full_gru,1,50687,ct_epoch_h3_sampling_success_gain_sum::ct_epoch_h3_sampling,-18.924999237060547,sampled_diagnostic,output/20260911-023010-29_full_gru_perf-nuscenes_car_seed42_60ep_bs16/lightning_logs/version_0/ct_epoch_h3_sampling_success_gain_sum
full_gru,2,101374,ct_epoch_h3_sampling_success_gain_sum::ct_epoch_h3_sampling,-31.299999237060547,sampled_diagnostic,output/20260911-023010-29_full_gru_perf-nuscenes_car_seed42_60ep_bs16/lightning_logs/version_0/ct_epoch_h3_sampling_success_gain_sum
full_gru,1,50687,ct_epoch_h3_sampling_valid_events::ct_epoch_h3_sampling,206.0,sampled_diagnostic,output/20260911-023010-29_full_gru_perf-nuscenes_car_seed42_60ep_bs16/lightning_logs/version_0/ct_epoch_h3_sampling_valid_events
full_gru,2,101374,ct_epoch_h3_sampling_valid_events::ct_epoch_h3_sampling,207.0,sampled_diagnostic,output/20260911-023010-29_full_gru_perf-nuscenes_car_seed42_60ep_bs16/lightning_logs/version_0/ct_epoch_h3_sampling_valid_events
full_gru,1,50687,ct_epoch_h3_sampling_valid_precision_gain_mean::ct_epoch_h3_sampling,-0.08021844923496246,sampled_diagnostic,output/20260911-023010-29_full_gru_perf-nuscenes_car_seed42_60ep_bs16/lightning_logs/version_0/ct_epoch_h3_sampling_valid_precision_gain_mean
full_gru,2,101374,ct_epoch_h3_sampling_valid_precision_gain_mean::ct_epoch_h3_sampling,-0.11763285100460052,sampled_diagnostic,output/20260911-023010-29_full_gru_perf-nuscenes_car_seed42_60ep_bs16/lightning_logs/version_0/ct_epoch_h3_sampling_valid_precision_gain_mean
full_gru,1,50687,ct_epoch_h3_sampling_valid_success_gain_mean::ct_epoch_h3_sampling,-0.09186892956495285,sampled_diagnostic,output/20260911-023010-29_full_gru_perf-nuscenes_car_seed42_60ep_bs16/lightning_logs/version_0/ct_epoch_h3_sampling_valid_success_gain_mean
full_gru,2,101374,ct_epoch_h3_sampling_valid_success_gain_mean::ct_epoch_h3_sampling,-0.15120773017406464,sampled_diagnostic,output/20260911-023010-29_full_gru_perf-nuscenes_car_seed42_60ep_bs16/lightning_logs/version_0/ct_epoch_h3_sampling_valid_success_gain_mean
full_gru,1,50686,seg_acc_background/train_epoch,0.8152865767478943,all_observation_or_mechanism_transactions,output/20260911-023010-29_full_gru_perf-nuscenes_car_seed42_60ep_bs16/lightning_logs/version_0/events.out.tfevents.1789065146.tesla-a40-2.163248.0
full_gru,2,101373,seg_acc_background/train_epoch,0.9109581708908081,all_observation_or_mechanism_transactions,output/20260911-023010-29_full_gru_perf-nuscenes_car_seed42_60ep_bs16/lightning_logs/version_0/events.out.tfevents.1789065146.tesla-a40-2.163248.0
full_gru,1,50686,seg_acc_foreground/train_epoch,0.9749569296836853,all_observation_or_mechanism_transactions,output/20260911-023010-29_full_gru_perf-nuscenes_car_seed42_60ep_bs16/lightning_logs/version_0/events.out.tfevents.1789065146.tesla-a40-2.163248.0
full_gru,2,101373,seg_acc_foreground/train_epoch,0.9833188652992249,all_observation_or_mechanism_transactions,output/20260911-023010-29_full_gru_perf-nuscenes_car_seed42_60ep_bs16/lightning_logs/version_0/events.out.tfevents.1789065146.tesla-a40-2.163248.0
full_gru,1,50686,motion_acc_static/train_epoch,0.9690867066383362,all_observation_or_mechanism_transactions,output/20260911-023010-29_full_gru_perf-nuscenes_car_seed42_60ep_bs16/lightning_logs/version_0/events.out.tfevents.1789065146.tesla-a40-2.163248.0
full_gru,2,101373,motion_acc_static/train_epoch,0.976233959197998,all_observation_or_mechanism_transactions,output/20260911-023010-29_full_gru_perf-nuscenes_car_seed42_60ep_bs16/lightning_logs/version_0/events.out.tfevents.1789065146.tesla-a40-2.163248.0
full_gru,1,50686,motion_acc_dynamic/train_epoch,0.513556182384491,all_observation_or_mechanism_transactions,output/20260911-023010-29_full_gru_perf-nuscenes_car_seed42_60ep_bs16/lightning_logs/version_0/events.out.tfevents.1789065146.tesla-a40-2.163248.0
full_gru,2,101373,motion_acc_dynamic/train_epoch,0.5778781175613403,all_observation_or_mechanism_transactions,output/20260911-023010-29_full_gru_perf-nuscenes_car_seed42_60ep_bs16/lightning_logs/version_0/events.out.tfevents.1789065146.tesla-a40-2.163248.0
