comparison,tracklet_key,source_frame_index,frame_token,left_iou,right_iou,iou_delta_left_minus_right,left_center_error,right_center_error,center_error_delta_left_minus_right,center_error_gain_left_over_right,left_empty_fallback,right_empty_fallback,left_path_center_gap,right_path_center_gap
true:fixed,8ce4fe54af77467d90c840465f69677f,0,274b134fb2324486ae253eb6e24f900d,1.0000000000000582,1.0000000000000582,0.0,0.0,0.0,0.0,0.0,False,False,,
true:fixed,8ce4fe54af77467d90c840465f69677f,1,a977b0e797694036a9c40ab80f9d0ebc,0.9833062903637779,0.9833062903637779,0.0,0.01920937271231659,0.01920937271231659,0.0,0.0,True,True,,
true:fixed,8ce4fe54af77467d90c840465f69677f,2,bfbb3ba599ea450181210aa6000bad7f,0.966242600221573,0.966242600221573,0.0,0.03894868418832327,0.03894868418832327,0.0,0.0,True,True,,
true:fixed,8ce4fe54af77467d90c840465f69677f,4,5b954ca864914a37aaaf0879249ace6a,0.9348811092979189,0.9348811092979189,0.0,0.07736278174934802,0.07736278174934802,0.0,0.0,True,True,,
true:fixed,8ce4fe54af77467d90c840465f69677f,8,f6bf5986ca8a49c082c0e4d892de767c,0.8751226479166554,0.8751226479166554,0.0,0.15539948519858146,0.15539948519858146,0.0,0.0,True,True,,
true:fixed,8ce4fe54af77467d90c840465f69677f,9,69e5c0a974344a2b89e9e351a5b79461,0.8610614214077082,0.8610614214077082,0.0,0.1746081326857042,0.1746081326857042,0.0,0.0,True,True,,
true:fixed,8ce4fe54af77467d90c840465f69677f,10,519f1a02f21d43699ca1ada7ffd38726,0.8369798525785174,0.8369798525785174,0.0,0.2144277828632849,0.2144277828632849,0.0,0.0,False,False,,
true:fixed,8ce4fe54af77467d90c840465f69677f,12,ee7d01fd902d4185a54112e1f1210e41,0.796818534331782,0.796818534331782,0.0,0.2827510598504883,0.2827510598504883,0.0,0.0,False,False,,
true:fixed,8ce4fe54af77467d90c840465f69677f,16,13055b928600455db08cf9ae57d8d4c7,0.7374874777736562,0.7374874777736562,0.0,0.3843492320375516,0.3843492320375516,0.0,0.0,False,False,,
true:fixed,8ce4fe54af77467d90c840465f69677f,17,220b431fd37e436f98aa1c868eee5828,0.718643298190802,0.718643298190802,0.0,0.42176425087276215,0.42176425087276215,0.0,0.0,False,False,,
true:fixed,8ce4fe54af77467d90c840465f69677f,18,4abbc508bffb4f9b957a8ad2457db2e2,0.6990034093630814,0.6990034093630814,0.0,0.462994727091604,0.462994727091604,0.0,0.0,False,False,,
true:fixed,8ce4fe54af77467d90c840465f69677f,20,9f35db3dd17c41e4875c2f54bd71fc29,0.6705171627364709,0.6705171627364709,0.0,0.5210961259687376,0.5210961259687376,0.0,0.0,False,False,,
true:fixed,8ce4fe54af77467d90c840465f69677f,24,d364275322c4483fbf86df22f0e7a315,0.6670429765901552,0.6670429765901552,0.0,0.5272318949648913,0.5272318949648913,0.0,0.0,False,False,,
true:fixed,8ce4fe54af77467d90c840465f69677f,25,c98b06812964464093b23c3734532d06,0.5975797444354207,0.6117801812202275,-0.014200436784806758,0.5461621547599059,0.5156814810052271,0.030480673754678778,-0.030480673754678778,False,False,,
true:fixed,8ce4fe54af77467d90c840465f69677f,26,12f431b160be4858a51cced6955c37bd,0.6034001803885937,0.6178132470707278,-0.014413066682134157,0.5259795593165616,0.4955266640068375,0.030452895309724115,-0.030452895309724115,False,False,,
true:fixed,f4af7fd215ee47aa8b64bac0443d7be8,0,12c5d6c3dc424561b9192b76b45af6fd,0.9999999999999081,0.9999999999999081,0.0,0.0,0.0,0.0,0.0,False,False,,
true:fixed,f4af7fd215ee47aa8b64bac0443d7be8,1,882819f68f5e4be698694e673c71c6ab,0.9738879372108777,0.9738879372108777,0.0,0.02184360786026693,0.02184360786026693,0.0,0.0,False,False,,
true:fixed,f4af7fd215ee47aa8b64bac0443d7be8,2,f6bf5986ca8a49c082c0e4d892de767c,0.9326477664541986,0.9326477664541986,0.0,0.0830133891167433,0.0830133891167433,0.0,0.0,False,False,,
true:fixed,f4af7fd215ee47aa8b64bac0443d7be8,4,519f1a02f21d43699ca1ada7ffd38726,0.9029650756993,0.9029650756993,0.0,0.1414359402746971,0.1414359402746971,0.0,0.0,False,False,,
true:fixed,f4af7fd215ee47aa8b64bac0443d7be8,8,ba7fb622e77447f6aa58ab1fff9ed0cf,0.8754852544675247,0.8754852544675247,0.0,0.1490423962328807,0.1490423962328807,0.0,0.0,False,False,,
true:fixed,f4af7fd215ee47aa8b64bac0443d7be8,9,5087c0b3f84741178f42d668fbdf506f,0.8558203999128722,0.8558203999128722,0.0,0.15421880861961396,0.15421880861961396,0.0,0.0,False,False,,
true:fixed,f4af7fd215ee47aa8b64bac0443d7be8,10,13055b928600455db08cf9ae57d8d4c7,0.8706283128300321,0.8706283128300321,0.0,0.140234084315703,0.140234084315703,0.0,0.0,False,False,,
true:fixed,f4af7fd215ee47aa8b64bac0443d7be8,12,4abbc508bffb4f9b957a8ad2457db2e2,0.8718437014669614,0.8718437014669614,0.0,0.1699580253314244,0.1699580253314244,0.0,0.0,False,False,,
true:fixed,f4af7fd215ee47aa8b64bac0443d7be8,13,103914217786464998f1e48a2c20cef0,0.7106759800468723,0.7106759800468723,0.0,0.2951000573741035,0.2951000573741035,0.0,0.0,False,False,,
true:fixed,f2d9e6f194ee446eafc7a79fcb32994a,0,ba7fb622e77447f6aa58ab1fff9ed0cf,0.999999999999963,0.999999999999963,0.0,0.0,0.0,0.0,0.0,False,False,,
true:fixed,f2d9e6f194ee446eafc7a79fcb32994a,1,5087c0b3f84741178f42d668fbdf506f,0.9674282779366631,0.9674282779366631,0.0,0.025607735775202905,0.025607735775202905,0.0,0.0,False,False,,
true:fixed,f2d9e6f194ee446eafc7a79fcb32994a,2,13055b928600455db08cf9ae57d8d4c7,0.9712734680431786,0.9712734680431786,0.0,0.020347735241217062,0.020347735241217062,0.0,0.0,False,False,,
true:fixed,f2d9e6f194ee446eafc7a79fcb32994a,3,220b431fd37e436f98aa1c868eee5828,0.9735103112773139,0.9735103112773139,0.0,0.023956931889028713,0.023956931889028713,0.0,0.0,False,False,,
true:fixed,f2d9e6f194ee446eafc7a79fcb32994a,4,4abbc508bffb4f9b957a8ad2457db2e2,0.8726092032601362,0.8735316085260637,-0.0009224052659274617,0.09634298113344113,0.09554120016496552,0.0008017809684756072,-0.0008017809684756072,False,False,,
true:fixed,f2d9e6f194ee446eafc7a79fcb32994a,6,9f35db3dd17c41e4875c2f54bd71fc29,0.8703875476265451,0.8712070759015301,-0.000819528274984993,0.10455578013047571,0.10374143279637404,0.0008143473341016699,-0.0008143473341016699,False,False,,
true:fixed,f2d9e6f194ee446eafc7a79fcb32994a,7,8da854b2bced46f7a59f39a4d42bbfd2,0.8516603876192302,0.8523176221348402,-0.0006572345156099502,0.11966258135801908,0.11891732693206351,0.0007452544259555632,-0.0007452544259555632,False,False,,
true:fixed,9e5f09bc19cd473dae219194ada64f3d,0,ab1f5ba71a2f42c89efefcbc6dffcfb7,1.0000000000000537,1.0000000000000537,0.0,0.0,0.0,0.0,0.0,False,False,,
true:fixed,9e5f09bc19cd473dae219194ada64f3d,1,c502570cba9749f7bd89494803a52c02,0.9782439474473632,0.9782439474473632,0.0,0.023157105929938308,0.023157105929938308,0.0,0.0,False,False,,
true:fixed,9e5f09bc19cd473dae219194ada64f3d,2,274b134fb2324486ae253eb6e24f900d,0.957125578910764,0.957125578910764,0.0,0.046254041309995074,0.046254041309995074,0.0,0.0,False,False,,
true:fixed,9e5f09bc19cd473dae219194ada64f3d,4,bfbb3ba599ea450181210aa6000bad7f,0.9390440576447237,0.9390440576447237,0.0,0.06936995114823159,0.06936995114823159,0.0,0.0,False,False,,
true:fixed,9e5f09bc19cd473dae219194ada64f3d,8,12c5d6c3dc424561b9192b76b45af6fd,0.8207660234592759,0.8207660234592759,0.0,0.14517212321584408,0.14517212321584408,0.0,0.0,False,False,,
true:fixed,9e5f09bc19cd473dae219194ada64f3d,9,882819f68f5e4be698694e673c71c6ab,0.8055909462782422,0.8055909462782422,0.0,0.15945722988700003,0.15945722988700003,0.0,0.0,False,False,,
true:fixed,9e5f09bc19cd473dae219194ada64f3d,10,f6bf5986ca8a49c082c0e4d892de767c,0.7661197117362912,0.7839876656808014,-0.01786795394451013,0.24264724766299622,0.2129430199175983,0.029704227745397938,-0.029704227745397938,False,False,,
true:fixed,9e5f09bc19cd473dae219194ada64f3d,12,519f1a02f21d43699ca1ada7ffd38726,0.7564100319336998,0.7618176961249807,-0.005407664191280914,0.32954897484780576,0.2983119574131335,0.031237017434672276,-0.031237017434672276,False,False,,
true:fixed,9e5f09bc19cd473dae219194ada64f3d,16,ba7fb622e77447f6aa58ab1fff9ed0cf,0.762735422731917,0.783980883748163,-0.021245461016246026,0.3762507886961635,0.33555490342111766,0.04069588527504586,-0.04069588527504586,False,False,,
true:fixed,9e5f09bc19cd473dae219194ada64f3d,17,5087c0b3f84741178f42d668fbdf506f,0.7374117263336776,0.7365696860181795,0.0008420403154980605,0.4129749743450173,0.3432623610325481,0.0697126133124692,-0.0697126133124692,False,False,,
true:fixed,9e5f09bc19cd473dae219194ada64f3d,18,13055b928600455db08cf9ae57d8d4c7,0.7096869726660165,0.7149241372945137,-0.005237164628497104,0.4716044878095937,0.3751710103419583,0.09643347746763536,-0.09643347746763536,False,False,,
true:fixed,9e5f09bc19cd473dae219194ada64f3d,20,4abbc508bffb4f9b957a8ad2457db2e2,0.6708806941465073,0.6820373602784178,-0.011156666131910464,0.4445807317516779,0.35652687125686444,0.08805386049481345,-0.08805386049481345,False,False,,
true:fixed,f5c0c1968ef0486cb3183e521841352f,0,5b954ca864914a37aaaf0879249ace6a,1.0000000000000167,1.0000000000000167,0.0,0.0,0.0,0.0,0.0,False,False,,
true:fixed,f5c0c1968ef0486cb3183e521841352f,1,9e10d5419ffa43ce9f70766b4a5a0292,0.9764344262295243,0.9764344262295243,0.0,0.02299999999999991,0.02299999999999991,0.0,0.0,True,True,,
true:fixed,f5c0c1968ef0486cb3183e521841352f,2,12c5d6c3dc424561b9192b76b45af6fd,0.9534177215190027,0.9534177215190027,0.0,0.04600000000000004,0.04600000000000004,0.0,0.0,True,True,,
true:fixed,f5c0c1968ef0486cb3183e521841352f,4,f6bf5986ca8a49c082c0e4d892de767c,0.9099009900990244,0.9099009900990244,0.0,0.09099999999999997,0.09099999999999997,0.0,0.0,True,True,,
true:fixed,f5c0c1968ef0486cb3183e521841352f,8,ee7d01fd902d4185a54112e1f1210e41,0.9014292755051891,0.9014292755051891,0.0,0.10000000000000009,0.10000000000000009,0.0,0.0,True,True,,
true:fixed,f5c0c1968ef0486cb3183e521841352f,9,df7d0426da5346deae21136ea3cba58b,0.9014292755051891,0.9014292755051891,0.0,0.10000000000000009,0.10000000000000009,0.0,0.0,True,True,,
true:fixed,f5c0c1968ef0486cb3183e521841352f,10,ba7fb622e77447f6aa58ab1fff9ed0cf,0.8968294597701634,0.8968294597701634,0.0,0.09581940971353235,0.09581940971353235,0.0,0.0,False,False,,
true:fixed,f5c0c1968ef0486cb3183e521841352f,12,13055b928600455db08cf9ae57d8d4c7,0.9641974845999358,0.9641680271367642,2.9457463171622678e-05,0.040037305919703434,0.04006937212242851,-3.206620272507704e-05,3.206620272507704e-05,False,False,,
true:fixed,f5c0c1968ef0486cb3183e521841352f,16,9f35db3dd17c41e4875c2f54bd71fc29,0.8995593508695913,0.8994953144257715,6.403644381980378e-05,0.17949505135356003,0.17966284230768645,-0.00016779095412641776,0.00016779095412641776,False,False,,
true:fixed,f5c0c1968ef0486cb3183e521841352f,17,8da854b2bced46f7a59f39a4d42bbfd2,0.8938393120255883,0.8939905260616599,-0.00015121403607154527,0.17632387207877379,0.17608518362666908,0.0002386884521047017,-0.0002386884521047017,False,False,,
true:fixed,f5c0c1968ef0486cb3183e521841352f,18,1e46c82d6a804cf1aaa9d2d6b5b5ef27,0.8051477957986699,0.8052256531233954,-7.785732472553875e-05,0.21859373632451795,0.21855062601373731,4.311031078063632e-05,-4.311031078063632e-05,False,False,,
true:fixed,f5c0c1968ef0486cb3183e521841352f,20,d364275322c4483fbf86df22f0e7a315,0.7832935541907605,0.7832945327473027,-9.785565421305265e-07,0.2288219816344738,0.22890950470228966,-8.752306781587005e-05,8.752306781587005e-05,False,False,,
true:fixed,e561b60694dc4514b6dddcfc5a5b6a90,0,c71884fb34d046258c12cf018513d8cc,0.9999999999999216,0.9999999999999216,0.0,0.0,0.0,0.0,0.0,False,False,,
true:fixed,e561b60694dc4514b6dddcfc5a5b6a90,1,ee7d01fd902d4185a54112e1f1210e41,0.9928870220203866,0.9934185412135308,-0.0005315191931442032,0.0073021979937259625,0.005638926975406529,0.0016632710183194337,-0.0016632710183194337,False,False,,
true:fixed,e561b60694dc4514b6dddcfc5a5b6a90,2,df7d0426da5346deae21136ea3cba58b,0.947860927489303,0.9486417403121101,-0.0007808128228071753,0.05871214740033579,0.056104034247032655,0.0026081131533031363,-0.0026081131533031363,False,False,,
true:fixed,e561b60694dc4514b6dddcfc5a5b6a90,4,5087c0b3f84741178f42d668fbdf506f,0.9189868704353102,0.9195100229953719,-0.0005231525600616349,0.08000197227058867,0.07873067788315274,0.0012712943874359228,-0.0012712943874359228,False,False,,
true:fixed,e561b60694dc4514b6dddcfc5a5b6a90,8,103914217786464998f1e48a2c20cef0,0.829883739244596,0.8300772412999892,-0.00019350205539314658,0.18244218069559753,0.18144788280302782,0.0009942978925697177,-0.0009942978925697177,False,False,,
true:fixed,e561b60694dc4514b6dddcfc5a5b6a90,9,9f35db3dd17c41e4875c2f54bd71fc29,0.8088098315431285,0.8091269699222214,-0.0003171383790929738,0.201916866915751,0.2010151416848863,0.0009017252308647083,-0.0009017252308647083,False,False,,
true:fixed,e561b60694dc4514b6dddcfc5a5b6a90,10,8da854b2bced46f7a59f39a4d42bbfd2,0.8057080909913574,0.8057153273933898,-7.236402032373412e-06,0.20235709401062296,0.20214449702740916,0.0002125969832137975,-0.0002125969832137975,False,False,,
true:fixed,e561b60694dc4514b6dddcfc5a5b6a90,12,029f10e7436740a0a04feab4ab3aeddc,0.8019883452393277,0.8019058779093379,8.246732998984374e-05,0.20582129898488258,0.20575962149948324,6.167748539934181e-05,-6.167748539934181e-05,False,False,,
true:fixed,e561b60694dc4514b6dddcfc5a5b6a90,15,12f431b160be4858a51cced6955c37bd,0.7981900228065655,0.7980484624044883,0.00014156040207713438,0.2086125500194444,0.208611463597356,1.0864220884032605e-06,-1.0864220884032605e-06,False,False,,
true:fixed,c283b224a9984736bff67a2f347866fa,0,fdddd75ee1d94f14a09991988dab8b3e,0.9999999999999281,0.9999999999999281,0.0,0.0,0.0,0.0,0.0,False,False,,
true:fixed,c283b224a9984736bff67a2f347866fa,1,53121f39e1a0434d8431777a05de3eec,0.46439988992883163,0.46439870270988065,1.1872189509820608e-06,1.243334090916019,1.2432904840415864,4.3606874432722265e-05,-4.3606874432722265e-05,False,False,,
true:fixed,c283b224a9984736bff67a2f347866fa,2,872aeb79742f4cd5b6e069c36b007ace,0.20902576227893602,0.20916721036795702,-0.00014144808902100126,2.1522217815385947,2.1513449859111424,0.0008767956274522426,-0.0008767956274522426,False,False,,
true:fixed,c283b224a9984736bff67a2f347866fa,4,79a411ec3dc943bf94886ad9e539481d,0.0,0.0,0.0,8.270801511000439,8.501182637910361,-0.23038112690992207,0.23038112690992207,False,False,,
true:fixed,c283b224a9984736bff67a2f347866fa,8,c4a4d1b455434dba879d5dcd1cc378d6,0.0,0.0,0.0,22.731760227941884,23.766235720412887,-1.0344754924710031,1.0344754924710031,False,False,,
true:fixed,c283b224a9984736bff67a2f347866fa,9,e3bdfba683484a1ea09b7bb86e6be648,0.0,0.0,0.0,26.04836049916595,28.683539901678206,-2.6351794025122572,2.6351794025122572,False,False,,
true:fixed,c283b224a9984736bff67a2f347866fa,10,e749c211df64486dafc86660a0b20eca,0.0,0.0,0.0,28.76732107935844,33.2696240413616,-4.502302962003164,4.502302962003164,False,False,,
true:fixed,c283b224a9984736bff67a2f347866fa,11,ab1f5ba71a2f42c89efefcbc6dffcfb7,0.0,0.0,0.0,32.88672732870665,39.316743810184725,-6.430016481478077,6.430016481478077,False,False,,
true:fixed,a6ca1e8c4eee458cb4981e02f58c954f,0,a977b0e797694036a9c40ab80f9d0ebc,0.9999999999999937,0.9999999999999937,0.0,0.0,0.0,0.0,0.0,False,False,,
true:fixed,a6ca1e8c4eee458cb4981e02f58c954f,1,bfbb3ba599ea450181210aa6000bad7f,0.9722999478333579,0.972691766210878,-0.0003918183775201145,0.027894702717040087,0.027871978938642593,2.2723778397494565e-05,-2.2723778397494565e-05,False,False,,
true:fixed,a6ca1e8c4eee458cb4981e02f58c954f,2,3e92d615685942dfab6edb5a0a7678e6,0.9401575102502256,0.9367355412568515,0.0034219689933741027,0.05690695893588846,0.05806799346061046,-0.0011610345247220002,0.0011610345247220002,False,False,,
true:fixed,a6ca1e8c4eee458cb4981e02f58c954f,4,9e10d5419ffa43ce9f70766b4a5a0292,0.9197773328169951,0.9167606295569006,0.003016703260094511,0.06328994795197126,0.06471926761214261,-0.0014293196601713465,0.0014293196601713465,False,False,,
true:fixed,a6ca1e8c4eee458cb4981e02f58c954f,8,69e5c0a974344a2b89e9e351a5b79461,0.8448130652357025,0.839482057265692,0.005331007970010515,0.10758976904453012,0.1107522939949685,-0.0031625249504383807,0.0031625249504383807,False,False,,
true:fixed,a6ca1e8c4eee458cb4981e02f58c954f,9,519f1a02f21d43699ca1ada7ffd38726,0.787347601740989,0.7816057304565098,0.005741871284479116,0.15752869571413816,0.1609007279379427,-0.0033720322238045275,0.0033720322238045275,False,False,,
true:fixed,a6ca1e8c4eee458cb4981e02f58c954f,10,c71884fb34d046258c12cf018513d8cc,0.6975082852418801,0.6934984705601404,0.004009814681739776,0.2561620892664029,0.2586387770373205,-0.0024766877709176405,0.0024766877709176405,False,False,,
true:fixed,a6ca1e8c4eee458cb4981e02f58c954f,12,df7d0426da5346deae21136ea3cba58b,0.7137755208523565,0.7114132429860242,0.002362277866332363,0.22779197966141296,0.22894125817082833,-0.0011492785094153746,0.0011492785094153746,False,False,,
true:fixed,a6ca1e8c4eee458cb4981e02f58c954f,15,13055b928600455db08cf9ae57d8d4c7,0.6501384910165666,0.6465656875888462,0.0035728034277203724,0.28668024370523154,0.2891930506329431,-0.002512806927711553,0.002512806927711553,False,False,,
true:fixed,898c8b3c29d64d80806dd5e5fc6c02d3,0,882819f68f5e4be698694e673c71c6ab,0.9999999999999006,0.9999999999999006,0.0,0.0,0.0,0.0,0.0,False,False,,
true:fixed,898c8b3c29d64d80806dd5e5fc6c02d3,1,f6bf5986ca8a49c082c0e4d892de767c,0.9710374038784565,0.9742486011911856,-0.0032111973127291193,0.018949327572089482,0.017780030662878643,0.0011692969092108388,-0.0011692969092108388,False,False,,
true:fixed,898c8b3c29d64d80806dd5e5fc6c02d3,2,69e5c0a974344a2b89e9e351a5b79461,0.9475803587666795,0.9442657017717903,0.003314656994889198,0.036116667233062075,0.03736819777043987,-0.0012515305373777957,0.0012515305373777957,False,False,,
true:fixed,898c8b3c29d64d80806dd5e5fc6c02d3,4,c71884fb34d046258c12cf018513d8cc,0.8915017123145447,0.8907780800944002,0.0007236322201444878,0.07565976248451767,0.07546494945734387,0.000194813027173793,-0.000194813027173793,False,False,,
true:fixed,898c8b3c29d64d80806dd5e5fc6c02d3,5,ee7d01fd902d4185a54112e1f1210e41,0.8448278990192328,0.847425188174255,-0.00259728915502222,0.10762721927131746,0.10693859153659807,0.0006886277347193936,-0.0006886277347193936,False,False,,
true:fixed,898c8b3c29d64d80806dd5e5fc6c02d3,6,df7d0426da5346deae21136ea3cba58b,0.8490689709113766,0.8531492983479101,-0.004080327436533526,0.10398393659892333,0.10270480998985188,0.0012791266090714515,-0.0012791266090714515,False,False,,
true:fixed,19f5d51759454803ae8bbc45bfb92737,0,220b431fd37e436f98aa1c868eee5828,1.0000000000000446,1.0000000000000446,0.0,0.0,0.0,0.0,0.0,False,False,,
true:fixed,19f5d51759454803ae8bbc45bfb92737,1,4abbc508bffb4f9b957a8ad2457db2e2,0.7965367914353543,0.7973210099731141,-0.0007842185377597843,0.1981240815120251,0.1971152857567569,0.001008795755268188,-0.001008795755268188,False,False,,
true:fixed,19f5d51759454803ae8bbc45bfb92737,2,103914217786464998f1e48a2c20cef0,0.6847846801426106,0.6853561211806259,-0.000571441038015319,0.3280603135305545,0.327194994074644,0.0008653194559105071,-0.0008653194559105071,False,False,,
true:fixed,19f5d51759454803ae8bbc45bfb92737,4,8da854b2bced46f7a59f39a4d42bbfd2,0.68425009705954,0.6849898539714525,-0.0007397569119125258,0.3272100996790735,0.32601286160420556,0.0011972380748679345,-0.0011972380748679345,False,False,,
true:fixed,19f5d51759454803ae8bbc45bfb92737,8,c98b06812964464093b23c3734532d06,0.7069526186005752,0.7078751594973339,-0.0009225408967586946,0.3179465360505584,0.3164422303123933,0.0015043057381650682,-0.0015043057381650682,False,False,,
true:fixed,19f5d51759454803ae8bbc45bfb92737,9,12f431b160be4858a51cced6955c37bd,0.7201299444796495,0.7207953883168089,-0.0006654438371593852,0.3253021798190199,0.32428232145570796,0.0010198583633119207,-0.0010198583633119207,False,False,,
true:fixed,dc762bf1bc694d3e8141bf592f9b1456,0,53121f39e1a0434d8431777a05de3eec,1.0000000000000957,1.0000000000000957,0.0,0.0,0.0,0.0,0.0,False,False,,
true:fixed,dc762bf1bc694d3e8141bf592f9b1456,1,872aeb79742f4cd5b6e069c36b007ace,0.9493985366097489,0.9493985366097489,0.0,0.033541019662480576,0.033541019662480576,0.0,0.0,True,True,,
true:fixed,dc762bf1bc694d3e8141bf592f9b1456,2,d2e315d29ed4468f802bf6ccfdbe6852,0.9027667170434958,0.9027667170434958,0.0,0.06467938262415518,0.06467938262415518,0.0,0.0,False,False,,
true:fixed,dc762bf1bc694d3e8141bf592f9b1456,4,9181fe90f31b4740b36969e383506d40,0.5960126243928109,0.5959967452042436,1.587918856726933e-05,0.372990160259178,0.373016936200301,-2.6775941122991753e-05,2.6775941122991753e-05,False,False,,
true:fixed,dc762bf1bc694d3e8141bf592f9b1456,8,e3bdfba683484a1ea09b7bb86e6be648,0.18012064483426637,0.18011324684938504,7.397984881335473e-06,1.8639351522233543,1.863990894524352,-5.57423009976965e-05,5.57423009976965e-05,False,False,,
true:fixed,dc762bf1bc694d3e8141bf592f9b1456,9,e749c211df64486dafc86660a0b20eca,0.16047137687820417,0.16022443477013187,0.0002469421080723011,2.1958761171468746,2.1984214800244533,-0.002545362877578672,0.002545362877578672,False,False,,
true:fixed,dc762bf1bc694d3e8141bf592f9b1456,10,ab1f5ba71a2f42c89efefcbc6dffcfb7,0.131300220823385,0.13105410711920515,0.00024611370417984557,2.5437611668637907,2.5464367239148373,-0.0026755570510466065,0.0026755570510466065,False,False,,
true:fixed,dc762bf1bc694d3e8141bf592f9b1456,12,274b134fb2324486ae253eb6e24f900d,0.07996345429698178,0.07967712730082523,0.00028632699615654955,3.212531805796913,3.2183060037965943,-0.005774197999681263,0.005774197999681263,False,False,,
true:fixed,dc762bf1bc694d3e8141bf592f9b1456,16,5b954ca864914a37aaaf0879249ace6a,0.0,0.0,0.0,8.495694106585406,8.500566195426774,-0.004872088841368694,0.004872088841368694,False,False,,
true:fixed,dc762bf1bc694d3e8141bf592f9b1456,17,9e10d5419ffa43ce9f70766b4a5a0292,0.0,0.0,0.0,10.158729267376952,10.164285494889796,-0.005556227512844458,0.005556227512844458,False,False,,
true:fixed,dc762bf1bc694d3e8141bf592f9b1456,18,12c5d6c3dc424561b9192b76b45af6fd,0.0,0.0,0.0,12.931516877458215,12.93549049219784,-0.0039736147396247645,0.0039736147396247645,False,False,,
true:fixed,dc762bf1bc694d3e8141bf592f9b1456,20,f6bf5986ca8a49c082c0e4d892de767c,0.0,0.0,0.0,18.2724503846387,18.27641621092606,-0.003965826287362972,0.003965826287362972,False,False,,
true:fixed,dc762bf1bc694d3e8141bf592f9b1456,24,ee7d01fd902d4185a54112e1f1210e41,0.0,0.0,0.0,33.132788095578306,33.136454451388126,-0.003666355809819777,0.003666355809819777,False,False,,
true:fixed,dc762bf1bc694d3e8141bf592f9b1456,25,df7d0426da5346deae21136ea3cba58b,0.0,0.0,0.0,37.664507743286514,37.6669845346973,-0.002476791410785495,0.002476791410785495,False,False,,
true:fixed,e73ba8faf67d40c8b6b653489393ef8b,0,e3bdfba683484a1ea09b7bb86e6be648,0.9999999999997302,0.9999999999997302,0.0,0.0,0.0,0.0,0.0,False,False,,
true:fixed,e73ba8faf67d40c8b6b653489393ef8b,1,e749c211df64486dafc86660a0b20eca,0.9583333333330801,0.9583333333330801,0.0,0.03600000000000003,0.03600000000000003,0.0,0.0,True,True,,
true:fixed,e73ba8faf67d40c8b6b653489393ef8b,2,ab1f5ba71a2f42c89efefcbc6dffcfb7,0.9183673469385377,0.9183673469385377,0.0,0.07200000000000006,0.07200000000000006,0.0,0.0,True,True,,
true:fixed,e73ba8faf67d40c8b6b653489393ef8b,4,274b134fb2324486ae253eb6e24f900d,0.8441416893730868,0.8441416893730868,0.0,0.14300000000000002,0.14300000000000002,0.0,0.0,True,True,,
true:fixed,e73ba8faf67d40c8b6b653489393ef8b,8,5b954ca864914a37aaaf0879249ace6a,0.7425334706486411,0.7425334706486411,0.0,0.25,0.25,0.0,0.0,True,True,,
true:fixed,e73ba8faf67d40c8b6b653489393ef8b,9,9e10d5419ffa43ce9f70766b4a5a0292,0.8371335504883918,0.8371335504883918,0.0,0.1499999999999999,0.1499999999999999,0.0,0.0,True,True,,
true:fixed,e73ba8faf67d40c8b6b653489393ef8b,10,12c5d6c3dc424561b9192b76b45af6fd,0.732315116603099,0.732315116603099,0.0,0.2219310765100802,0.2219310765100802,0.0,0.0,False,False,,
true:fixed,e73ba8faf67d40c8b6b653489393ef8b,12,f6bf5986ca8a49c082c0e4d892de767c,0.6847019960778351,0.6846719308454057,3.0065232429432598e-05,0.2755754239508497,0.2756159056654946,-4.048171464487993e-05,4.048171464487993e-05,False,False,,
true:fixed,e73ba8faf67d40c8b6b653489393ef8b,16,ee7d01fd902d4185a54112e1f1210e41,0.6578962607605315,0.6578877572968747,8.503463656883703e-06,0.316241331145038,0.31626122155751496,-1.989041247696388e-05,1.989041247696388e-05,False,False,,
true:fixed,e73ba8faf67d40c8b6b653489393ef8b,17,df7d0426da5346deae21136ea3cba58b,0.6504025936894888,0.6502896076638474,0.00011298602564147053,0.3456969450208619,0.34600523124787225,-0.0003082862270103459,0.0003082862270103459,False,False,,
true:fixed,e73ba8faf67d40c8b6b653489393ef8b,18,ba7fb622e77447f6aa58ab1fff9ed0cf,0.6797651810592606,0.6794645897419053,0.0003005913173553809,0.3549577351058819,0.35609913608474275,-0.0011414009788608404,0.0011414009788608404,False,False,,
true:fixed,e73ba8faf67d40c8b6b653489393ef8b,20,13055b928600455db08cf9ae57d8d4c7,0.675455540086138,0.6762605241788725,-0.0008049840927345508,0.38545873996398344,0.3833727662563754,0.0020859737076080465,-0.0020859737076080465,False,False,,
true:fixed,e73ba8faf67d40c8b6b653489393ef8b,24,9f35db3dd17c41e4875c2f54bd71fc29,0.6690425637634839,0.6704724213589516,-0.001429857595467654,0.523869410778713,0.5192933620971659,0.00457604868154704,-0.00457604868154704,False,False,,
true:fixed,e73ba8faf67d40c8b6b653489393ef8b,25,8da854b2bced46f7a59f39a4d42bbfd2,0.5955269507106826,0.5975516629641733,-0.002024712253490657,0.5987763479916285,0.5915032829593821,0.00727306503224634,-0.00727306503224634,False,False,,
true:fixed,e73ba8faf67d40c8b6b653489393ef8b,26,1e46c82d6a804cf1aaa9d2d6b5b5ef27,0.5327049603217828,0.5344317977869442,-0.001726837465161335,0.6695721643065848,0.6626510122849374,0.006921152021647448,-0.006921152021647448,False,False,,
true:fixed,e73ba8faf67d40c8b6b653489393ef8b,28,d364275322c4483fbf86df22f0e7a315,0.5405847949278455,0.5422414522851494,-0.0016566573573039145,0.7913221249391583,0.7845599992141982,0.006762125724960155,-0.006762125724960155,False,False,,
true:fixed,e73ba8faf67d40c8b6b653489393ef8b,30,12f431b160be4858a51cced6955c37bd,0.513141313880972,0.5149272807156053,-0.0017859668346333901,0.9258895072752863,0.9184194434952708,0.007470063780015468,-0.007470063780015468,False,False,,
true:fixed,68dbf490d231446f92fa7dbd366c8b93,0,5b954ca864914a37aaaf0879249ace6a,0.9999999999999135,0.9999999999999135,0.0,0.0,0.0,0.0,0.0,False,False,,
true:fixed,68dbf490d231446f92fa7dbd366c8b93,1,9e10d5419ffa43ce9f70766b4a5a0292,0.9128919860626421,0.9128919860626421,0.0,0.09999999999999987,0.09999999999999987,0.0,0.0,True,True,,
true:fixed,68dbf490d231446f92fa7dbd366c8b93,2,12c5d6c3dc424561b9192b76b45af6fd,0.9339498018493275,0.9339498018493275,0.0,0.07499999999999996,0.07499999999999996,0.0,0.0,True,True,,
true:fixed,68dbf490d231446f92fa7dbd366c8b93,4,f6bf5986ca8a49c082c0e4d892de767c,0.9113478470741772,0.9113478470741772,0.0,0.10003999200319864,0.10003999200319864,0.0,0.0,True,True,,
true:fixed,68dbf490d231446f92fa7dbd366c8b93,8,ee7d01fd902d4185a54112e1f1210e41,0.9112908373612155,0.9112908373612155,0.0,0.09585927185203683,0.09585927185203683,0.0,0.0,True,True,,
true:fixed,68dbf490d231446f92fa7dbd366c8b93,9,df7d0426da5346deae21136ea3cba58b,0.8764337821063268,0.8764337821063268,0.0,0.13689411966918508,0.13689411966918508,0.0,0.0,True,True,,
true:fixed,68dbf490d231446f92fa7dbd366c8b93,10,ba7fb622e77447f6aa58ab1fff9ed0cf,0.9131673585213397,0.9131673585213397,0.0,0.09089004345911009,0.09089004345911009,0.0,0.0,True,True,,
true:fixed,68dbf490d231446f92fa7dbd366c8b93,12,13055b928600455db08cf9ae57d8d4c7,0.9612335302173628,0.9612335302173628,0.0,0.03854867053474576,0.03854867053474576,0.0,0.0,True,True,,
true:fixed,68dbf490d231446f92fa7dbd366c8b93,16,9f35db3dd17c41e4875c2f54bd71fc29,0.8424625853466566,0.8424625853466566,0.0,0.16105959773941286,0.16105959773941286,0.0,0.0,False,False,,
true:fixed,68dbf490d231446f92fa7dbd366c8b93,17,8da854b2bced46f7a59f39a4d42bbfd2,0.8741118874741438,0.8741071031696143,4.7843045295481446e-06,0.12111688417443715,0.12110774680922995,9.137365207204096e-06,-9.137365207204096e-06,False,False,,
true:fixed,68dbf490d231446f92fa7dbd366c8b93,18,1e46c82d6a804cf1aaa9d2d6b5b5ef27,0.792959852799241,0.7917773121398402,0.0011825406594008214,0.2082685456962986,0.20974107324349192,-0.0014725275471933197,0.0014725275471933197,False,False,,
true:fixed,68dbf490d231446f92fa7dbd366c8b93,20,d364275322c4483fbf86df22f0e7a315,0.7099025946965147,0.7081745679001846,0.0017280267963301066,0.31648160805758335,0.31791921681825136,-0.0014376087606680077,0.0014376087606680077,False,False,,
true:fixed,68dbf490d231446f92fa7dbd366c8b93,22,12f431b160be4858a51cced6955c37bd,0.6196093487714779,0.6163992173765898,0.003210131394888127,0.4479005660255095,0.45146992885281084,-0.003569362827301359,0.003569362827301359,False,False,,
true:fixed,713b6bedc51f4d1b9802a13aec39aaf3,0,69e5c0a974344a2b89e9e351a5b79461,1.0000000000000613,1.0000000000000613,0.0,0.0,0.0,0.0,0.0,False,False,,
true:fixed,713b6bedc51f4d1b9802a13aec39aaf3,1,519f1a02f21d43699ca1ada7ffd38726,0.9876008301451337,0.9875045885797779,9.624156535581463e-05,0.020519953689684144,0.020739776116394104,-0.0002198224267099605,0.0002198224267099605,False,False,,
true:fixed,713b6bedc51f4d1b9802a13aec39aaf3,2,c71884fb34d046258c12cf018513d8cc,0.9753156177021156,0.9752547225195584,6.089518255725235e-05,0.04119970330476273,0.04142057581067186,-0.00022087250590912405,0.00022087250590912405,False,False,,
true:fixed,713b6bedc51f4d1b9802a13aec39aaf3,4,df7d0426da5346deae21136ea3cba58b,0.9340043106446616,0.9324297746270467,0.0015745360176149248,0.07090684847379722,0.07586604350905485,-0.00495919503525763,0.00495919503525763,False,False,,
true:fixed,713b6bedc51f4d1b9802a13aec39aaf3,8,220b431fd37e436f98aa1c868eee5828,0.6971185187683976,0.6966798756431981,0.00043864312519947823,0.32759394595611113,0.3303051215660233,-0.0027111756099121864,0.0027111756099121864,False,False,,
true:fixed,713b6bedc51f4d1b9802a13aec39aaf3,9,4abbc508bffb4f9b957a8ad2457db2e2,0.699012385279848,0.6985937444134496,0.00041864086639842313,0.3210085836304232,0.32366670128907377,-0.0026581176586505384,0.0026581176586505384,False,False,,
true:fixed,713b6bedc51f4d1b9802a13aec39aaf3,10,103914217786464998f1e48a2c20cef0,0.7030776678528083,0.7031825533380782,-0.00010488548526987884,0.3128165187858385,0.3151755763748372,-0.002359057588998681,0.002359057588998681,False,False,,
true:fixed,713b6bedc51f4d1b9802a13aec39aaf3,12,8da854b2bced46f7a59f39a4d42bbfd2,0.7066759520625883,0.7074400780930975,-0.0007641260305092379,0.30494009257918575,0.30688644702146584,-0.001946354442280085,0.001946354442280085,False,False,,
true:fixed,713b6bedc51f4d1b9802a13aec39aaf3,16,c98b06812964464093b23c3734532d06,0.5898339158424877,0.6420890464238933,-0.05225513058140563,0.3930603348140724,0.34201998903447495,0.05104034577959743,-0.05104034577959743,False,False,,
true:fixed,200c440c0e9b4627ad4f3047227016a2,0,fdddd75ee1d94f14a09991988dab8b3e,0.9999999999999162,0.9999999999999162,0.0,0.0,0.0,0.0,0.0,False,False,,
true:fixed,200c440c0e9b4627ad4f3047227016a2,1,53121f39e1a0434d8431777a05de3eec,0.011902901047779225,0.011550240142446322,0.00035266090533290356,4.37274869996812,4.3761943652959445,-0.003445665327824088,0.003445665327824088,False,False,,
true:fixed,200c440c0e9b4627ad4f3047227016a2,2,872aeb79742f4cd5b6e069c36b007ace,0.0,0.0,0.0,8.738514831020705,8.739980465037974,-0.0014656340172685134,0.0014656340172685134,False,False,,
true:fixed,200c440c0e9b4627ad4f3047227016a2,4,79a411ec3dc943bf94886ad9e539481d,0.0,0.0,0.0,16.989065554466247,16.99101773981983,-0.0019521853535842126,0.0019521853535842126,False,False,,
true:fixed,200c440c0e9b4627ad4f3047227016a2,8,c4a4d1b455434dba879d5dcd1cc378d6,0.0,0.0,0.0,29.301921247395203,29.303848306453634,-0.0019270590584312686,0.0019270590584312686,False,False,,
true:fixed,200c440c0e9b4627ad4f3047227016a2,9,e3bdfba683484a1ea09b7bb86e6be648,0.0,0.0,0.0,31.620629215331224,31.62253565522411,-0.0019064398928847481,0.0019064398928847481,False,False,,
true:fixed,200c440c0e9b4627ad4f3047227016a2,10,e749c211df64486dafc86660a0b20eca,0.0,0.0,0.0,33.87290830436039,33.8748120828795,-0.0019037785191144962,0.0019037785191144962,True,True,,
true:fixed,200c440c0e9b4627ad4f3047227016a2,12,c502570cba9749f7bd89494803a52c02,0.0,0.0,0.0,37.7053290147598,37.70722801115827,-0.0018989963984736846,0.0018989963984736846,True,True,,
true:fixed,200c440c0e9b4627ad4f3047227016a2,16,3e92d615685942dfab6edb5a0a7678e6,0.0,0.0,0.0,41.56802823487125,41.56992250523227,-0.0018942703610207445,0.0018942703610207445,True,True,,
true:fixed,200c440c0e9b4627ad4f3047227016a2,17,5b954ca864914a37aaaf0879249ace6a,0.0,0.0,0.0,41.82162579456597,41.82351977578562,-0.0018939812196521189,0.0018939812196521189,True,True,,
true:fixed,200c440c0e9b4627ad4f3047227016a2,18,9e10d5419ffa43ce9f70766b4a5a0292,0.0,0.0,0.0,41.84829581917171,41.85018997769194,-0.0018941585202298938,0.0018941585202298938,True,True,,
true:fixed,200c440c0e9b4627ad4f3047227016a2,20,882819f68f5e4be698694e673c71c6ab,0.0,0.0,0.0,41.838663194882265,41.840557852033406,-0.0018946571511406773,0.0018946571511406773,True,True,,
true:fixed,200c440c0e9b4627ad4f3047227016a2,24,c71884fb34d046258c12cf018513d8cc,0.0,0.0,0.0,41.31560004448922,41.31749495912062,-0.0018949146314000131,0.0018949146314000131,True,True,,
true:fixed,200c440c0e9b4627ad4f3047227016a2,25,ee7d01fd902d4185a54112e1f1210e41,0.0,0.0,0.0,41.50670856970222,41.50860332897799,-0.0018947592757712073,0.0018947592757712073,True,True,,
true:fixed,200c440c0e9b4627ad4f3047227016a2,26,df7d0426da5346deae21136ea3cba58b,0.0,0.0,0.0,41.58509107490134,41.5869855881027,-0.0018945132013570287,0.0018945132013570287,True,True,,
true:fixed,200c440c0e9b4627ad4f3047227016a2,28,5087c0b3f84741178f42d668fbdf506f,0.0,0.0,0.0,41.75144516680045,41.75333967645715,-0.0018945096567009045,0.0018945096567009045,True,True,,
true:fixed,200c440c0e9b4627ad4f3047227016a2,32,103914217786464998f1e48a2c20cef0,0.0,0.0,0.0,41.86091567065302,41.86280969589226,-0.0018940252392383172,0.0018940252392383172,True,True,,
true:fixed,200c440c0e9b4627ad4f3047227016a2,33,9f35db3dd17c41e4875c2f54bd71fc29,0.0,0.0,0.0,41.85613884469217,41.85803320349081,-0.0018943587986441912,0.0018943587986441912,True,True,,
true:fixed,200c440c0e9b4627ad4f3047227016a2,34,8da854b2bced46f7a59f39a4d42bbfd2,0.0,0.0,0.0,41.87300506487499,41.8748992419153,-0.0018941770403131386,0.0018941770403131386,True,True,,
true:fixed,200c440c0e9b4627ad4f3047227016a2,36,029f10e7436740a0a04feab4ab3aeddc,0.0,0.0,0.0,41.87418777740215,41.87608237572532,-0.0018945983231688501,0.0018945983231688501,True,True,,
true:fixed,200c440c0e9b4627ad4f3047227016a2,37,d364275322c4483fbf86df22f0e7a315,0.0,0.0,0.0,41.87251917210105,41.874414175548445,-0.001895003447394572,0.001895003447394572,True,True,,
true:fixed,007842c92eaf4351b5a9678f7e7094f3,0,9f35db3dd17c41e4875c2f54bd71fc29,0.9999999999999931,0.9999999999999931,0.0,0.0,0.0,0.0,0.0,False,False,,
true:fixed,007842c92eaf4351b5a9678f7e7094f3,1,8da854b2bced46f7a59f39a4d42bbfd2,0.8990247686924152,0.8997982644103545,-0.0007734957179392765,0.07237123636338064,0.07180155293339664,0.0005696834299839942,-0.0005696834299839942,False,False,,
true:fixed,007842c92eaf4351b5a9678f7e7094f3,2,1e46c82d6a804cf1aaa9d2d6b5b5ef27,0.8159202663686117,0.8165327469778954,-0.0006124806092836499,0.14014623570446025,0.1396331029227579,0.0005131327817023412,-0.0005131327817023412,False,False,,
true:fixed,007842c92eaf4351b5a9678f7e7094f3,3,029f10e7436740a0a04feab4ab3aeddc,0.7422661795109258,0.7436216571356598,-0.0013554776247339806,0.20764550054808448,0.20647762933147726,0.0011678712166072192,-0.0011678712166072192,False,False,,
true:fixed,007842c92eaf4351b5a9678f7e7094f3,4,d364275322c4483fbf86df22f0e7a315,0.672771664765096,0.6742937603334578,-0.0015220955683618032,0.27827062520167034,0.27680578790812643,0.001464837293543908,-0.001464837293543908,False,False,,
true:fixed,007842c92eaf4351b5a9678f7e7094f3,5,c98b06812964464093b23c3734532d06,0.6074286029574152,0.6087476184396966,-0.001319015482281416,0.35246690026189986,0.351032029356633,0.0014348709052668385,-0.0014348709052668385,False,False,,
true:fixed,1f8d7e8410ed435da374688590a13b0a,0,882819f68f5e4be698694e673c71c6ab,1.0000000000000837,1.0000000000000837,0.0,0.0,0.0,0.0,0.0,False,False,,
true:fixed,1f8d7e8410ed435da374688590a13b0a,1,f6bf5986ca8a49c082c0e4d892de767c,0.9390986601706001,0.9390986601706001,0.0,0.050000000000000044,0.050000000000000044,0.0,0.0,True,True,,
true:fixed,1f8d7e8410ed435da374688590a13b0a,2,69e5c0a974344a2b89e9e351a5b79461,0.7187936882558956,0.7187936882558956,0.0,0.2537803593240643,0.2537803593240643,0.0,0.0,False,False,,
true:fixed,1f8d7e8410ed435da374688590a13b0a,4,c71884fb34d046258c12cf018513d8cc,0.5478815766928744,0.5478976151143355,-1.6038421461139762e-05,0.4553250007739164,0.4553220512746253,2.9494992911383022e-06,-2.9494992911383022e-06,False,False,,
true:fixed,1f8d7e8410ed435da374688590a13b0a,8,5087c0b3f84741178f42d668fbdf506f,0.8918423465062665,0.8919345179420811,-9.217143581463638e-05,0.09906388174952757,0.09901176227195765,5.2119477569917416e-05,-5.2119477569917416e-05,False,False,,
true:fixed,1f8d7e8410ed435da374688590a13b0a,9,13055b928600455db08cf9ae57d8d4c7,0.9481507404477537,0.948263808394458,-0.00011306794670429277,0.08568185168807427,0.08561488094334353,6.697074473073494e-05,-6.697074473073494e-05,False,False,,
true:fixed,1f8d7e8410ed435da374688590a13b0a,10,220b431fd37e436f98aa1c868eee5828,0.9051731468851215,0.9052894171952394,-0.00011627031011784972,0.1198325024325073,0.11977203036204795,6.0472070459352545e-05,-6.0472070459352545e-05,False,False,,
true:fixed,1f8d7e8410ed435da374688590a13b0a,12,103914217786464998f1e48a2c20cef0,0.7334208560364537,0.7335233374812311,-0.00010248144477742471,0.23478069808479757,0.23470410967444638,7.658841035118602e-05,-7.658841035118602e-05,False,False,,
true:fixed,1f8d7e8410ed435da374688590a13b0a,16,029f10e7436740a0a04feab4ab3aeddc,0.6498962451946831,0.6513309314753941,-0.0014346862807109728,0.320516635271967,0.31981997148879165,0.0006966637831753442,-0.0006966637831753442,False,False,,
true:fixed,1f8d7e8410ed435da374688590a13b0a,17,d364275322c4483fbf86df22f0e7a315,0.606687082094127,0.6084216857955763,-0.0017346037014492888,0.37330939333071644,0.37227427218390785,0.001035121146808593,-0.001035121146808593,False,False,,
true:fixed,1f8d7e8410ed435da374688590a13b0a,18,c98b06812964464093b23c3734532d06,0.5681325324971562,0.5695878920160565,-0.001455359518900301,0.42412019756296093,0.42315442390579094,0.0009657736571699882,-0.0009657736571699882,False,False,,
true:fixed,1f8d7e8410ed435da374688590a13b0a,19,12f431b160be4858a51cced6955c37bd,0.5312420998812939,0.532416833186986,-0.0011747333056920661,0.47506416197114953,0.47424133191154916,0.0008228300596003768,-0.0008228300596003768,False,False,,
true:fixed,7328a1bef88b4e84aa2ee0d837effd8d,0,220b431fd37e436f98aa1c868eee5828,1.0000000000000229,1.0000000000000229,0.0,0.0,0.0,0.0,0.0,False,False,,
true:fixed,7328a1bef88b4e84aa2ee0d837effd8d,1,4abbc508bffb4f9b957a8ad2457db2e2,0.9941518705795191,0.9939411527500935,0.00021071782942561068,0.00612705586318365,0.006812661767820861,-0.0006856059046372112,0.0006856059046372112,False,False,,
true:fixed,7328a1bef88b4e84aa2ee0d837effd8d,2,103914217786464998f1e48a2c20cef0,0.9897706330278551,0.9895295607851919,0.00024107224266312066,0.00846527568685729,0.009053980894469746,-0.0005887052076124569,0.0005887052076124569,False,False,,
true:fixed,7328a1bef88b4e84aa2ee0d837effd8d,3,9f35db3dd17c41e4875c2f54bd71fc29,0.9849405380392321,0.9847789420571799,0.0001615959820522317,0.01251612145746659,0.012936098673396115,-0.00041997721592952446,0.00041997721592952446,False,False,,
true:fixed,7328a1bef88b4e84aa2ee0d837effd8d,4,8da854b2bced46f7a59f39a4d42bbfd2,0.9781358608989099,0.9783187422912558,-0.00018288139234590162,0.02244919568530924,0.022018496115322115,0.0004306995699871266,-0.0004306995699871266,False,False,,
true:fixed,7328a1bef88b4e84aa2ee0d837effd8d,6,029f10e7436740a0a04feab4ab3aeddc,0.9737415335152696,0.9754572900500139,-0.001715756534744317,0.025336728249859997,0.021100708401329552,0.004236019848530444,-0.004236019848530444,False,False,,
true:fixed,7328a1bef88b4e84aa2ee0d837effd8d,7,d364275322c4483fbf86df22f0e7a315,0.9732441517858897,0.9743392248131151,-0.001095073027225335,0.020834076365112864,0.018957789490959383,0.00187628687415348,-0.00187628687415348,False,False,,
true:fixed,dce1fda2d70945c792dcc27074ec6aa9,0,79a411ec3dc943bf94886ad9e539481d,1.0000000000000306,1.0000000000000306,0.0,0.0,0.0,0.0,0.0,False,False,,
true:fixed,dce1fda2d70945c792dcc27074ec6aa9,1,9181fe90f31b4740b36969e383506d40,0.7379594687815202,0.7379594687815202,0.0,0.19291777295909102,0.19291777295909102,0.0,0.0,False,False,,
true:fixed,dce1fda2d70945c792dcc27074ec6aa9,2,139d5e756c1f461ba1f0c6ec46968e43,0.5119177239295404,0.5119117424854098,5.9814441305539034e-06,0.4673804897188477,0.4673894316805961,-8.941961748387683e-06,8.941961748387683e-06,False,False,,
true:fixed,dce1fda2d70945c792dcc27074ec6aa9,4,c4a4d1b455434dba879d5dcd1cc378d6,0.4936404376654259,0.44802376346048023,0.045616674204945695,0.5505514896319623,0.6725348409170204,-0.1219833512850581,0.1219833512850581,False,False,,
true:fixed,dce1fda2d70945c792dcc27074ec6aa9,8,c502570cba9749f7bd89494803a52c02,0.4811378758925074,0.4482701374970356,0.0328677383954718,0.5482696052406281,0.6048264040825361,-0.05655679884190801,0.05655679884190801,False,False,,
true:fixed,dce1fda2d70945c792dcc27074ec6aa9,9,274b134fb2324486ae253eb6e24f900d,0.461159170457607,0.42967367937247103,0.031485491085135986,0.5747791296788852,0.6374707192354359,-0.06269158955655063,0.06269158955655063,False,False,,
true:fixed,dce1fda2d70945c792dcc27074ec6aa9,10,a977b0e797694036a9c40ab80f9d0ebc,0.45946492002506123,0.43017470859130374,0.029290211433757485,0.5913537312624466,0.6303778395684819,-0.03902410830603531,0.03902410830603531,False,False,,
true:fixed,dce1fda2d70945c792dcc27074ec6aa9,12,3e92d615685942dfab6edb5a0a7678e6,0.41091868304120244,0.4392391985920583,-0.02832051555085585,0.6745276605735121,0.6444715365255435,0.030056124047968646,-0.030056124047968646,False,False,,
true:fixed,dce1fda2d70945c792dcc27074ec6aa9,16,882819f68f5e4be698694e673c71c6ab,0.44675242867488657,0.4683172380506724,-0.02156480937578581,0.634513817830034,0.5936466308415617,0.04086718698847236,-0.04086718698847236,False,False,,
true:fixed,dce1fda2d70945c792dcc27074ec6aa9,17,f6bf5986ca8a49c082c0e4d892de767c,0.4341268497607331,0.4552439503754736,-0.02111710061474048,0.6573010695188684,0.5997569143749019,0.05754415514396649,-0.05754415514396649,False,False,,
true:fixed,dce1fda2d70945c792dcc27074ec6aa9,18,69e5c0a974344a2b89e9e351a5b79461,0.4248068768440212,0.44478861570850925,-0.019981738864488063,0.6697518011217218,0.6190595296059469,0.050692271515774934,-0.050692271515774934,False,False,,
true:fixed,dce1fda2d70945c792dcc27074ec6aa9,20,c71884fb34d046258c12cf018513d8cc,0.40896720269602505,0.4278160000428726,-0.01884879734684758,0.7019221218653475,0.6448919124281989,0.05703020943714865,-0.05703020943714865,False,False,,
true:fixed,dce1fda2d70945c792dcc27074ec6aa9,24,5087c0b3f84741178f42d668fbdf506f,0.3726127845152314,0.38987074341108857,-0.017257958895857184,0.7844679690262554,0.7110912252243425,0.07337674380191284,-0.07337674380191284,False,False,,
true:fixed,dce1fda2d70945c792dcc27074ec6aa9,25,13055b928600455db08cf9ae57d8d4c7,0.3721577926316943,0.38948468285537274,-0.01732689022367845,0.787846183480328,0.711469882067155,0.07637630141317298,-0.07637630141317298,False,False,,
true:fixed,dce1fda2d70945c792dcc27074ec6aa9,26,220b431fd37e436f98aa1c868eee5828,0.3924864114747647,0.41112787054748495,-0.018641459072720246,0.7517222901592832,0.6776518852451459,0.0740704049141373,-0.0740704049141373,False,False,,
true:fixed,dce1fda2d70945c792dcc27074ec6aa9,28,103914217786464998f1e48a2c20cef0,0.416238673498103,0.43862329104145903,-0.022384617543356022,0.7021012381718202,0.6364451974499733,0.06565604072184694,-0.06565604072184694,False,False,,
true:fixed,dce1fda2d70945c792dcc27074ec6aa9,32,029f10e7436740a0a04feab4ab3aeddc,0.02605927018201081,0.04039355786731806,-0.01433428768530725,4.013400217274742,3.8178715177213256,0.19552869955341645,-0.19552869955341645,False,False,,
true:fixed,dce1fda2d70945c792dcc27074ec6aa9,33,d364275322c4483fbf86df22f0e7a315,0.0,0.0,0.0,5.703574738645448,5.506216279828388,0.19735845881705938,-0.19735845881705938,False,False,,
true:fixed,dce1fda2d70945c792dcc27074ec6aa9,34,c98b06812964464093b23c3734532d06,0.0,0.0,0.0,7.487850829020156,7.272296111846702,0.21555471717345398,-0.21555471717345398,False,False,,
true:fixed,dce1fda2d70945c792dcc27074ec6aa9,35,12f431b160be4858a51cced6955c37bd,0.0,0.0,0.0,9.234789878385866,9.02153250762614,0.21325737075972562,-0.21325737075972562,False,False,,
true:fixed,2a42fd0e123c455fbaeb1c5f03dba0b2,0,5b954ca864914a37aaaf0879249ace6a,1.00000000000011,1.00000000000011,0.0,0.0,0.0,0.0,0.0,False,False,,
true:fixed,2a42fd0e123c455fbaeb1c5f03dba0b2,1,9e10d5419ffa43ce9f70766b4a5a0292,0.9911348358476734,0.9890879485094968,0.002046887338176595,0.00982199804392922,0.010443373818818859,-0.000621375774889639,0.000621375774889639,False,False,,
true:fixed,2a42fd0e123c455fbaeb1c5f03dba0b2,2,12c5d6c3dc424561b9192b76b45af6fd,0.9828381830330182,0.9809393589751103,0.0018988240579078663,0.019238469227125844,0.019986095544441355,-0.0007476263173155119,0.0007476263173155119,False,False,,
true:fixed,2a42fd0e123c455fbaeb1c5f03dba0b2,4,f6bf5986ca8a49c082c0e4d892de767c,0.9751346179057636,0.9730036631316032,0.002130954774160365,0.02780743835715648,0.02939431745185555,-0.0015868790946990709,0.0015868790946990709,False,False,,
true:fixed,2a42fd0e123c455fbaeb1c5f03dba0b2,8,ee7d01fd902d4185a54112e1f1210e41,0.9722000176977494,0.9081705727805808,0.06402944491716867,0.022529770152827987,0.06851216606436232,-0.04598239591153433,0.04598239591153433,False,False,,
true:fixed,2a42fd0e123c455fbaeb1c5f03dba0b2,9,df7d0426da5346deae21136ea3cba58b,0.9742916874997238,0.9010760208015197,0.07321566669820412,0.027903816002835907,0.07637240813151965,-0.048468592128683735,0.048468592128683735,False,False,,
true:fixed,2a42fd0e123c455fbaeb1c5f03dba0b2,10,ba7fb622e77447f6aa58ab1fff9ed0cf,0.9550571043412313,0.8822070611259792,0.07285004321525201,0.06766166562319675,0.10835011650930276,-0.04068845088610601,0.04068845088610601,False,False,,
true:fixed,2a42fd0e123c455fbaeb1c5f03dba0b2,12,13055b928600455db08cf9ae57d8d4c7,0.9492488641329597,0.8804339197460883,0.06881494438687141,0.07570601492265902,0.11710228437972069,-0.041396269457061666,0.041396269457061666,False,False,,
true:fixed,2a42fd0e123c455fbaeb1c5f03dba0b2,16,9f35db3dd17c41e4875c2f54bd71fc29,0.8951252493639059,0.8311771233771219,0.06394812598678401,0.10636104340400646,0.15985792182982722,-0.053496878425820765,0.053496878425820765,False,False,,
true:fixed,2a42fd0e123c455fbaeb1c5f03dba0b2,17,8da854b2bced46f7a59f39a4d42bbfd2,0.82400129861004,0.7741829823527324,0.04981831625730759,0.13596413862241163,0.19519131369101175,-0.05922717506860012,0.05922717506860012,False,False,,
true:fixed,2a42fd0e123c455fbaeb1c5f03dba0b2,18,1e46c82d6a804cf1aaa9d2d6b5b5ef27,0.8060108859570551,0.7572876853097936,0.04872320064726143,0.14800595062725508,0.2075700644900485,-0.05956411386279342,0.05956411386279342,False,False,,
true:fixed,2a42fd0e123c455fbaeb1c5f03dba0b2,20,d364275322c4483fbf86df22f0e7a315,0.8474587316875694,0.8110364294648019,0.03642230222276743,0.10002942242295214,0.13866521826054376,-0.03863579583759162,0.03863579583759162,False,False,,
true:fixed,2a42fd0e123c455fbaeb1c5f03dba0b2,22,12f431b160be4858a51cced6955c37bd,0.8661715878042273,0.8419313867074523,0.02424020109677505,0.20069141145230124,0.16633554682688326,0.03435586462541798,-0.03435586462541798,False,False,,
true:fixed,f3995943006145ca8a7bc375527f0aba,0,fdddd75ee1d94f14a09991988dab8b3e,1.0000000000000604,1.0000000000000604,0.0,0.0,0.0,0.0,0.0,False,False,,
true:fixed,f3995943006145ca8a7bc375527f0aba,1,53121f39e1a0434d8431777a05de3eec,0.044619673272251435,0.044619673272251435,0.0,4.080478648394084,4.080478648394084,0.0,0.0,True,True,,
true:fixed,f3995943006145ca8a7bc375527f0aba,2,872aeb79742f4cd5b6e069c36b007ace,0.0,0.0,0.0,8.161734497029313,8.161734497029313,0.0,0.0,True,True,,
true:fixed,f3995943006145ca8a7bc375527f0aba,4,79a411ec3dc943bf94886ad9e539481d,0.0,0.0,0.0,16.64324118073164,16.64324118073164,0.0,0.0,True,True,,
true:fixed,f3995943006145ca8a7bc375527f0aba,8,c4a4d1b455434dba879d5dcd1cc378d6,0.0,0.0,0.0,35.56675231167445,35.56675231167445,0.0,0.0,True,True,,
true:fixed,f3995943006145ca8a7bc375527f0aba,9,e3bdfba683484a1ea09b7bb86e6be648,0.0,0.0,0.0,40.659191443658855,40.659191443658855,0.0,0.0,False,False,,
true:fixed,f3995943006145ca8a7bc375527f0aba,10,e749c211df64486dafc86660a0b20eca,0.0,0.0,0.0,45.439274954769616,45.439069284555515,0.00020567021410045072,-0.00020567021410045072,False,False,,
true:fixed,f3995943006145ca8a7bc375527f0aba,12,c502570cba9749f7bd89494803a52c02,0.0,0.0,0.0,55.04418566862321,55.04371523606411,0.0004704325590978442,-0.0004704325590978442,False,False,,
true:fixed,f3995943006145ca8a7bc375527f0aba,15,bfbb3ba599ea450181210aa6000bad7f,0.0,0.0,0.0,69.40503312604189,69.40456331231037,0.00046981373151311345,-0.00046981373151311345,False,False,,
true:fixed,2cc84e32d40647b185276f8d7baf5322,0,8da854b2bced46f7a59f39a4d42bbfd2,0.9999999999998277,0.9999999999998277,0.0,0.0,0.0,0.0,0.0,False,False,,
true:fixed,2cc84e32d40647b185276f8d7baf5322,1,1e46c82d6a804cf1aaa9d2d6b5b5ef27,0.5785365402405713,0.5785493997110561,-1.2859470484793967e-05,0.5722123072357275,0.5721795809421293,3.272629359818424e-05,-3.272629359818424e-05,False,False,,
true:fixed,2cc84e32d40647b185276f8d7baf5322,2,029f10e7436740a0a04feab4ab3aeddc,0.5602141668656202,0.384525981911213,0.1756881849544072,0.333763119913798,0.9890745952391236,-0.6553114753253255,0.6553114753253255,False,False,,
true:fixed,2cc84e32d40647b185276f8d7baf5322,3,d364275322c4483fbf86df22f0e7a315,0.5068199574997188,0.3664001730994527,0.14041978440026603,0.3997767764418578,0.8624431693921424,-0.4626663929502846,0.4626663929502846,False,False,,
true:fixed,2cc84e32d40647b185276f8d7baf5322,4,c98b06812964464093b23c3734532d06,0.4588289172129867,0.3858850039361925,0.07294391327679417,0.4952278997123972,0.8428462406617562,-0.34761834094935895,0.34761834094935895,False,False,,
true:fixed,2cc84e32d40647b185276f8d7baf5322,5,12f431b160be4858a51cced6955c37bd,0.48202008238131794,0.45951331776105525,0.022506764620262687,0.55138122939625,0.7139460443015331,-0.16256481490528307,0.16256481490528307,False,False,,
true:fixed,d0f5aace57684923b8a44b554b006fb2,0,872aeb79742f4cd5b6e069c36b007ace,1.0000000000000515,1.0000000000000515,0.0,0.0,0.0,0.0,0.0,False,False,,
true:fixed,d0f5aace57684923b8a44b554b006fb2,1,d2e315d29ed4468f802bf6ccfdbe6852,0.7758335588556698,0.7758335588556698,0.0,0.1880664776083491,0.1880664776083491,0.0,0.0,True,True,,
true:fixed,d0f5aace57684923b8a44b554b006fb2,2,79a411ec3dc943bf94886ad9e539481d,0.735019629143712,0.735019629143712,0.0,0.2537983676943689,0.2537983676943689,0.0,0.0,False,False,,
true:fixed,d0f5aace57684923b8a44b554b006fb2,4,139d5e756c1f461ba1f0c6ec46968e43,0.4004638451307362,0.40035879585194434,0.00010504927879184667,0.679428902999117,0.6798164983482231,-0.00038759534910615123,0.00038759534910615123,False,False,,
true:fixed,d0f5aace57684923b8a44b554b006fb2,8,e749c211df64486dafc86660a0b20eca,0.29522748700843837,0.296088680797606,-0.0008611937891676025,0.8147280465821022,0.8117309610896264,0.002997085492475793,-0.002997085492475793,False,False,,
true:fixed,d0f5aace57684923b8a44b554b006fb2,9,ab1f5ba71a2f42c89efefcbc6dffcfb7,0.2890382505308852,0.2898742954877458,-0.000836044956860571,0.8151464882700387,0.8126709152291617,0.002475573040876977,-0.002475573040876977,False,False,,
true:fixed,d0f5aace57684923b8a44b554b006fb2,10,c502570cba9749f7bd89494803a52c02,0.2833169152114388,0.2837483551772451,-0.00043143996580630173,0.8217735577801817,0.8203249464908539,0.001448611289327828,-0.001448611289327828,False,False,,
true:fixed,d0f5aace57684923b8a44b554b006fb2,12,a977b0e797694036a9c40ab80f9d0ebc,0.2783589434644859,0.2785878972692725,-0.00022895380478660243,0.8283927486090281,0.8277213243928587,0.0006714242161693917,-0.0006714242161693917,False,False,,
true:fixed,d0f5aace57684923b8a44b554b006fb2,16,9e10d5419ffa43ce9f70766b4a5a0292,0.24898677820927723,0.24913583424962332,-0.0001490560403460961,0.8845480594533254,0.8837912936132067,0.0007567658401186339,-0.0007567658401186339,False,False,,
true:fixed,d0f5aace57684923b8a44b554b006fb2,17,12c5d6c3dc424561b9192b76b45af6fd,0.2412876734090142,0.2409224051087053,0.0003652683003088908,0.9035671878104704,0.9029738035309524,0.00059338427951805,-0.00059338427951805,False,False,,
true:fixed,d0f5aace57684923b8a44b554b006fb2,18,882819f68f5e4be698694e673c71c6ab,0.24608532698034322,0.24596164126349276,0.00012368571685045238,0.8944416877358764,0.8936333992157504,0.0008082885201260437,-0.0008082885201260437,False,False,,
true:fixed,d0f5aace57684923b8a44b554b006fb2,20,69e5c0a974344a2b89e9e351a5b79461,0.25463577519321606,0.25439215065736087,0.0002436245358551914,0.8802470286617708,0.8793298042069844,0.0009172244547864805,-0.0009172244547864805,False,False,,
true:fixed,d0f5aace57684923b8a44b554b006fb2,24,df7d0426da5346deae21136ea3cba58b,0.24496309851359307,0.24467026385485324,0.0002928346587398323,0.8964122656960192,0.8957670904711883,0.000645175224830874,-0.000645175224830874,False,False,,
true:fixed,d0f5aace57684923b8a44b554b006fb2,25,ba7fb622e77447f6aa58ab1fff9ed0cf,0.24275012154537853,0.24283995468896333,-8.983314358479433e-05,0.9000951364339945,0.8991522165805623,0.0009429198534322003,-0.0009429198534322003,False,False,,
true:fixed,d0f5aace57684923b8a44b554b006fb2,26,5087c0b3f84741178f42d668fbdf506f,0.25841247015096624,0.25868871755729594,-0.00027624740632969935,0.8684108391800638,0.8669594710138602,0.0014513681662036149,-0.0014513681662036149,False,False,,
true:fixed,d0f5aace57684923b8a44b554b006fb2,28,220b431fd37e436f98aa1c868eee5828,0.29013590047363136,0.2906383288667843,-0.0005024283931529538,0.8101393468303331,0.8084866308677175,0.0016527159626155141,-0.0016527159626155141,False,False,,
true:fixed,d0f5aace57684923b8a44b554b006fb2,32,8da854b2bced46f7a59f39a4d42bbfd2,0.3107021735638102,0.31109890936455814,-0.00039673580074794934,0.7733923561009022,0.7720990407923551,0.0012933153085470384,-0.0012933153085470384,False,False,,
true:fixed,d0f5aace57684923b8a44b554b006fb2,33,1e46c82d6a804cf1aaa9d2d6b5b5ef27,0.30848505882615557,0.3083378314183091,0.00014722740784645083,0.7844742362512735,0.7837313418074597,0.000742894443813813,-0.000742894443813813,False,False,,
true:fixed,d0f5aace57684923b8a44b554b006fb2,34,029f10e7436740a0a04feab4ab3aeddc,0.3026724518066093,0.3029468395243325,-0.00027438771772320125,0.7992077828012597,0.7981777846634716,0.0010299981377881462,-0.0010299981377881462,False,False,,
true:fixed,d0f5aace57684923b8a44b554b006fb2,36,c98b06812964464093b23c3734532d06,0.30735412604764306,0.30762616170483864,-0.00027203565719557954,0.7907403427698921,0.7899203667360576,0.0008199760338345463,-0.0008199760338345463,False,False,,
true:fixed,84755505e70547af890aff9db860f692,0,c502570cba9749f7bd89494803a52c02,0.9999999999999859,0.9999999999999859,0.0,0.0,0.0,0.0,0.0,False,False,,
true:fixed,84755505e70547af890aff9db860f692,1,274b134fb2324486ae253eb6e24f900d,0.9999999999999859,0.9999999999999859,0.0,0.0,0.0,0.0,0.0,True,True,,
true:fixed,84755505e70547af890aff9db860f692,2,a977b0e797694036a9c40ab80f9d0ebc,0.9752842313395812,0.9752842313395812,0.0,0.025000000000000133,0.025000000000000133,0.0,0.0,True,True,,
true:fixed,84755505e70547af890aff9db860f692,4,3e92d615685942dfab6edb5a0a7678e6,0.8638059701492423,0.8638059701492423,0.0,0.14600000000000013,0.14600000000000013,0.0,0.0,True,True,,
true:fixed,84755505e70547af890aff9db860f692,8,882819f68f5e4be698694e673c71c6ab,0.9110473457675633,0.9110473457675633,0.0,0.09299999999999997,0.09299999999999997,0.0,0.0,True,True,,
true:fixed,84755505e70547af890aff9db860f692,9,f6bf5986ca8a49c082c0e4d892de767c,0.9230028873917105,0.9230028873917105,0.0,0.08000000000000007,0.08000000000000007,0.0,0.0,True,True,,
true:fixed,84755505e70547af890aff9db860f692,10,69e5c0a974344a2b89e9e351a5b79461,0.9312285052672531,0.9312285052672531,0.0,0.06465007113541263,0.06465007113541263,0.0,0.0,False,False,,
true:fixed,84755505e70547af890aff9db860f692,12,c71884fb34d046258c12cf018513d8cc,0.9514326898691535,0.9514326269334348,6.293571874760318e-08,0.05795260727699598,0.057944634266723825,7.97301027215258e-06,-7.97301027215258e-06,False,False,,
true:fixed,84755505e70547af890aff9db860f692,16,5087c0b3f84741178f42d668fbdf506f,0.9302135064884901,0.9302237571548139,-1.0250666323763369e-05,0.08513729842819485,0.08511657010612897,2.0728322065885485e-05,-2.0728322065885485e-05,False,False,,
true:fixed,84755505e70547af890aff9db860f692,17,13055b928600455db08cf9ae57d8d4c7,0.9019921531218307,0.9020123557775274,-2.0202655696688332e-05,0.11175015430288911,0.11171255957503884,3.759472785026807e-05,-3.759472785026807e-05,False,False,,
true:fixed,84755505e70547af890aff9db860f692,18,220b431fd37e436f98aa1c868eee5828,0.8746794405259305,0.8746999496019009,-2.0509075970398527e-05,0.13749116394863356,0.13746571393304796,2.5450015585598562e-05,-2.5450015585598562e-05,False,False,,
true:fixed,84755505e70547af890aff9db860f692,20,103914217786464998f1e48a2c20cef0,0.5749561389457492,0.5126645526467243,0.06229158629902487,1.0729402338128404,1.3225517122541859,-0.24961147844134546,0.24961147844134546,False,False,,
true:fixed,84755505e70547af890aff9db860f692,24,029f10e7436740a0a04feab4ab3aeddc,0.49914105091299316,0.4436619314177016,0.05547911949529155,1.4004668537862013,1.650464275808821,-0.24999742202261976,0.24999742202261976,False,False,,
true:fixed,84755505e70547af890aff9db860f692,25,d364275322c4483fbf86df22f0e7a315,0.46951559321198333,0.4164109475813142,0.053104645630669134,1.5452005207389012,1.7958895085395925,-0.25068898780069127,0.25068898780069127,False,False,,
true:fixed,84755505e70547af890aff9db860f692,26,c98b06812964464093b23c3734532d06,0.4556711795026641,0.40339934835315955,0.052271831149504566,1.6140197960866352,1.866724707683087,-0.2527049115964519,0.2527049115964519,False,False,,
true:fixed,84755505e70547af890aff9db860f692,27,12f431b160be4858a51cced6955c37bd,0.39216961550257107,0.3450989520043498,0.047070663498221255,1.9521956009606185,2.204321561641207,-0.25212596068058857,0.25212596068058857,False,False,,
true:fixed,349232409f354033b215b5e37c3312ab,0,882819f68f5e4be698694e673c71c6ab,0.9999999999999817,0.9999999999999817,0.0,0.0,0.0,0.0,0.0,False,False,,
true:fixed,349232409f354033b215b5e37c3312ab,1,f6bf5986ca8a49c082c0e4d892de767c,0.9934506753990814,0.9934506753990814,0.0,0.008000000000000007,0.008000000000000007,0.0,0.0,True,True,,
true:fixed,349232409f354033b215b5e37c3312ab,2,69e5c0a974344a2b89e9e351a5b79461,0.9991789819375845,0.9991789819375845,0.0,0.001000000000000112,0.001000000000000112,0.0,0.0,True,True,,
true:fixed,349232409f354033b215b5e37c3312ab,4,c71884fb34d046258c12cf018513d8cc,0.9853240929473933,0.9853240929473933,0.0,0.018000000000000016,0.018000000000000016,0.0,0.0,True,True,,
true:fixed,349232409f354033b215b5e37c3312ab,8,5087c0b3f84741178f42d668fbdf506f,0.9472211115553607,0.9472211115553607,0.0,0.06600000000000006,0.06600000000000006,0.0,0.0,True,True,,
true:fixed,349232409f354033b215b5e37c3312ab,9,13055b928600455db08cf9ae57d8d4c7,0.9023437499999842,0.9023437499999842,0.0,0.125,0.125,0.0,0.0,True,True,,
true:fixed,349232409f354033b215b5e37c3312ab,10,220b431fd37e436f98aa1c868eee5828,0.8839458413926349,0.8839458413926349,0.0,0.15000000000000013,0.15000000000000013,0.0,0.0,True,True,,
true:fixed,349232409f354033b215b5e37c3312ab,12,103914217786464998f1e48a2c20cef0,0.7775417233255503,0.7775417233255503,0.0,0.29103192167199254,0.29103192167199254,0.0,0.0,False,False,,
true:fixed,349232409f354033b215b5e37c3312ab,16,029f10e7436740a0a04feab4ab3aeddc,0.685554516646889,0.6855657054160496,-1.1188769160508372e-05,0.4310487682493655,0.43103336443182855,1.540381753695197e-05,-1.540381753695197e-05,False,False,,
true:fixed,349232409f354033b215b5e37c3312ab,17,d364275322c4483fbf86df22f0e7a315,0.6746981152293058,0.6747030435748731,-4.928345567312142e-06,0.4391213887477164,0.43911861867176977,2.7700759466231517e-06,-2.7700759466231517e-06,False,False,,
true:fixed,349232409f354033b215b5e37c3312ab,18,c98b06812964464093b23c3734532d06,0.6651376562603254,0.6664208589238135,-0.0012832026634881366,0.4466341173796748,0.4456117199858281,0.0010223973938466857,-0.0010223973938466857,False,False,,
true:fixed,349232409f354033b215b5e37c3312ab,19,12f431b160be4858a51cced6955c37bd,0.656135966365984,0.6579776056365879,-0.0018416392706038787,0.4536055975406802,0.45201101338594857,0.0015945841547316264,-0.0015945841547316264,False,False,,
true:fixed,f7f666bf92c049bea8fabc42a8831005,0,12c5d6c3dc424561b9192b76b45af6fd,1.0000000000000264,1.0000000000000264,0.0,0.0,0.0,0.0,0.0,False,False,,
true:fixed,f7f666bf92c049bea8fabc42a8831005,1,882819f68f5e4be698694e673c71c6ab,0.9927386742249945,0.9926395577549085,9.911647008598035e-05,0.0046330804993731664,0.0047222634972290374,-8.9182997855871e-05,8.9182997855871e-05,False,False,,
true:fixed,f7f666bf92c049bea8fabc42a8831005,2,f6bf5986ca8a49c082c0e4d892de767c,0.9879505953949775,0.9879584879863318,-7.892591354252687e-06,0.007943203787612863,0.007939691875959618,3.5119116532453948e-06,-3.5119116532453948e-06,False,False,,
true:fixed,f7f666bf92c049bea8fabc42a8831005,4,519f1a02f21d43699ca1ada7ffd38726,0.9790261171799505,0.9790249998220985,1.1173578520207172e-06,0.013770668897975858,0.013804540441696546,-3.387154372068782e-05,3.387154372068782e-05,False,False,,
true:fixed,f7f666bf92c049bea8fabc42a8831005,8,ba7fb622e77447f6aa58ab1fff9ed0cf,0.9737507870151814,0.9737350541806172,1.573283456413055e-05,0.01847758660974805,0.01863056069402536,-0.00015297408427730752,0.00015297408427730752,False,False,,
true:fixed,f7f666bf92c049bea8fabc42a8831005,9,5087c0b3f84741178f42d668fbdf506f,0.9705557254682348,0.9705571417845519,-1.4163163171154736e-06,0.019036121239816784,0.019035713707867805,4.0753194897880096e-07,-4.0753194897880096e-07,False,False,,
true:fixed,f7f666bf92c049bea8fabc42a8831005,10,13055b928600455db08cf9ae57d8d4c7,0.965915180061303,0.9655713182491311,0.00034386181217183065,0.022525597439967977,0.02254618436596732,-2.0586925999342698e-05,2.0586925999342698e-05,False,False,,
true:fixed,f7f666bf92c049bea8fabc42a8831005,12,4abbc508bffb4f9b957a8ad2457db2e2,0.9600626313205328,0.9606574985831969,-0.0005948672626641116,0.02657258173608252,0.026372716121812405,0.0001998656142701144,-0.0001998656142701144,False,False,,
true:fixed,f7f666bf92c049bea8fabc42a8831005,16,1e46c82d6a804cf1aaa9d2d6b5b5ef27,0.955047147955188,0.9549969575448287,5.019041035925209e-05,0.03008236028554066,0.0303011791553412,-0.00021881886980053972,0.00021881886980053972,False,False,,
true:fixed,f7f666bf92c049bea8fabc42a8831005,17,029f10e7436740a0a04feab4ab3aeddc,0.9514167994085639,0.9486576909463944,0.002759108462169535,0.031741801801796254,0.03370722748282114,-0.001965425681024882,0.001965425681024882,False,False,,
true:fixed,f7f666bf92c049bea8fabc42a8831005,18,d364275322c4483fbf86df22f0e7a315,0.9492473590436659,0.9484353806333141,0.0008119784103517436,0.033127615511212585,0.03368996772785825,-0.0005623522166456618,0.0005623522166456618,False,False,,
true:fixed,f7f666bf92c049bea8fabc42a8831005,19,c98b06812964464093b23c3734532d06,0.9484849995978845,0.9466169106678726,0.0018680889300118908,0.03436648588364346,0.03537174058427068,-0.00100525470062722,0.00100525470062722,False,False,,
true:fixed,b9df4a8540da4a3a94d7911ead8c1bc8,0,df7d0426da5346deae21136ea3cba58b,1.0000000000000526,1.0000000000000526,0.0,0.0,0.0,0.0,0.0,False,False,,
true:fixed,b9df4a8540da4a3a94d7911ead8c1bc8,1,ba7fb622e77447f6aa58ab1fff9ed0cf,0.6904341265831722,0.6875081983461969,0.0029259282369752393,0.47893206473470223,0.48483994009527875,-0.00590787536057652,0.00590787536057652,False,False,,
true:fixed,b9df4a8540da4a3a94d7911ead8c1bc8,2,5087c0b3f84741178f42d668fbdf506f,0.659803586795039,0.6384075998524599,0.02139598694257916,0.6039119090189655,0.6515688399040612,-0.047656930885095705,0.047656930885095705,False,False,,
true:fixed,b9df4a8540da4a3a94d7911ead8c1bc8,4,220b431fd37e436f98aa1c868eee5828,0.5070019554098134,0.5240416129058969,-0.017039657496083493,0.7935248387053618,0.7264508457388427,0.06707399296651917,-0.06707399296651917,False,False,,
true:fixed,b9df4a8540da4a3a94d7911ead8c1bc8,8,8da854b2bced46f7a59f39a4d42bbfd2,0.48981390152536297,0.506440282103488,-0.016626380578125044,0.8121570403435107,0.7454753853702022,0.06668165497330847,-0.06668165497330847,False,False,,
true:fixed,b9df4a8540da4a3a94d7911ead8c1bc8,9,1e46c82d6a804cf1aaa9d2d6b5b5ef27,0.49258554187708536,0.5088323320240312,-0.016246790146945855,0.8058363703719483,0.7378362643374067,0.06800010603454165,-0.06800010603454165,False,False,,
true:fixed,06ff24b7f1e8479b934f1b74348028bc,0,21912d2aad7f45c98a54fad3bbea311f,0.9999999999999767,0.9999999999999767,0.0,0.0,0.0,0.0,0.0,False,False,,
true:fixed,06ff24b7f1e8479b934f1b74348028bc,1,c4a4d1b455434dba879d5dcd1cc378d6,0.9035076866324058,0.9034676617171676,4.0024915238134895e-05,0.07894741602436922,0.07894922045323127,-1.8044288620511217e-06,1.8044288620511217e-06,False,False,,
true:fixed,06ff24b7f1e8479b934f1b74348028bc,2,e3bdfba683484a1ea09b7bb86e6be648,0.5459429997937519,0.5459087398505573,3.425994319461445e-05,0.5542775629568851,0.5544199868021054,-0.00014242384522022977,0.00014242384522022977,False,False,,
true:fixed,06ff24b7f1e8479b934f1b74348028bc,4,ab1f5ba71a2f42c89efefcbc6dffcfb7,0.2614620764243518,0.26794882605498865,-0.006486749630636834,1.4319307921669742,1.4162980335685922,0.01563275859838198,-0.01563275859838198,False,False,,
true:fixed,06ff24b7f1e8479b934f1b74348028bc,8,bfbb3ba599ea450181210aa6000bad7f,0.019564691210760803,0.12441288400193533,-0.10484819279117452,3.2801270047914426,2.2857248343809786,0.994402170410464,-0.994402170410464,False,False,,
true:fixed,06ff24b7f1e8479b934f1b74348028bc,9,3e92d615685942dfab6edb5a0a7678e6,0.019564691210760803,0.03950689105547356,-0.019942199844712755,3.2801270047914426,3.076082001567225,0.2040450032242176,-0.2040450032242176,True,False,,
true:fixed,06ff24b7f1e8479b934f1b74348028bc,10,5b954ca864914a37aaaf0879249ace6a,0.019564691210760803,0.0,0.019564691210760803,3.2801270047914426,3.7402744175408373,-0.46014741274939475,0.46014741274939475,True,False,,
true:fixed,06ff24b7f1e8479b934f1b74348028bc,12,12c5d6c3dc424561b9192b76b45af6fd,0.00013473337464395626,0.0,0.00013473337464395626,3.5611398947985573,4.6044485903168555,-1.0433086955182982,1.0433086955182982,False,False,,
true:fixed,06ff24b7f1e8479b934f1b74348028bc,16,519f1a02f21d43699ca1ada7ffd38726,0.0,0.0,0.0,3.655138266698499,5.189972247674501,-1.5348339809760025,1.5348339809760025,False,False,,
true:fixed,06ff24b7f1e8479b934f1b74348028bc,17,c71884fb34d046258c12cf018513d8cc,0.0,0.0,0.0,3.729776526060338,5.698767801461671,-1.9689912754013332,1.9689912754013332,False,False,,
true:fixed,06ff24b7f1e8479b934f1b74348028bc,18,ee7d01fd902d4185a54112e1f1210e41,0.0,0.0,0.0,3.7901102887786844,6.46973193424228,-2.679621645463596,2.679621645463596,False,False,,
true:fixed,06ff24b7f1e8479b934f1b74348028bc,20,ba7fb622e77447f6aa58ab1fff9ed0cf,0.0,0.0,0.0,3.876707715258938,7.3263211284590515,-3.4496134132001135,3.4496134132001135,False,False,,
true:fixed,06ff24b7f1e8479b934f1b74348028bc,24,4abbc508bffb4f9b957a8ad2457db2e2,0.0,0.0,0.0,4.142172443380259,8.79122485525986,-4.649052411879602,4.649052411879602,False,False,,
true:fixed,06ff24b7f1e8479b934f1b74348028bc,25,103914217786464998f1e48a2c20cef0,0.0,0.0,0.0,4.6969032958646055,10.112108148315977,-5.415204852451372,5.415204852451372,False,False,,
true:fixed,06ff24b7f1e8479b934f1b74348028bc,26,9f35db3dd17c41e4875c2f54bd71fc29,0.0,0.0,0.0,5.342424359708707,11.432437020743002,-6.0900126610342955,6.0900126610342955,False,False,,
true:fixed,06ff24b7f1e8479b934f1b74348028bc,28,1e46c82d6a804cf1aaa9d2d6b5b5ef27,0.0,0.0,0.0,6.730806401256737,12.708954920787669,-5.978148519530932,5.978148519530932,False,False,,
true:fixed,06ff24b7f1e8479b934f1b74348028bc,32,12f431b160be4858a51cced6955c37bd,0.0,0.0,0.0,8.998976092009721,14.043045511133617,-5.044069419123895,5.044069419123895,False,False,,
true:fixed,96c353e8f14d4a63ba2b844d43cffc42,0,5b954ca864914a37aaaf0879249ace6a,1.0000000000000637,1.0000000000000637,0.0,0.0,0.0,0.0,0.0,False,False,,
true:fixed,96c353e8f14d4a63ba2b844d43cffc42,1,9e10d5419ffa43ce9f70766b4a5a0292,0.9671064095426419,0.9670954340844827,1.0975458159201423e-05,0.028247812801592505,0.02825229884059311,-4.48603900060629e-06,4.48603900060629e-06,False,False,,
true:fixed,96c353e8f14d4a63ba2b844d43cffc42,2,12c5d6c3dc424561b9192b76b45af6fd,0.8868936602337177,0.8868459008054249,4.77594282928262e-05,0.10593707963881539,0.10595867943779108,-2.159979897568831e-05,2.159979897568831e-05,False,False,,
true:fixed,96c353e8f14d4a63ba2b844d43cffc42,4,f6bf5986ca8a49c082c0e4d892de767c,0.9272997656134949,0.927327364711172,-2.7599097677133422e-05,0.06358748896792238,0.06361784138764723,-3.0352419724849478e-05,3.0352419724849478e-05,False,False,,
true:fixed,96c353e8f14d4a63ba2b844d43cffc42,8,ee7d01fd902d4185a54112e1f1210e41,0.971924561915552,0.9718561240418169,6.843787373511656e-05,0.02849556397857888,0.028605305012668558,-0.000109741034089679,0.000109741034089679,False,False,,
true:fixed,96c353e8f14d4a63ba2b844d43cffc42,9,df7d0426da5346deae21136ea3cba58b,0.9454527511228713,0.9457984010226189,-0.0003456498997476132,0.048541981608439144,0.04846790541629852,7.407619214062217e-05,-7.407619214062217e-05,False,False,,
true:fixed,96c353e8f14d4a63ba2b844d43cffc42,10,ba7fb622e77447f6aa58ab1fff9ed0cf,0.9147586425190084,0.9162659645039316,-0.0015073219849232045,0.07147584858435896,0.07093422336098529,0.0005416252233736707,-0.0005416252233736707,False,False,,
true:fixed,96c353e8f14d4a63ba2b844d43cffc42,12,13055b928600455db08cf9ae57d8d4c7,0.8388880014998545,0.8433601158067328,-0.0044721143068782165,0.12710425215157778,0.12433176791465028,0.002772484236927497,-0.002772484236927497,False,False,,
true:fixed,96c353e8f14d4a63ba2b844d43cffc42,16,9f35db3dd17c41e4875c2f54bd71fc29,0.6005218248040473,0.4896633039850577,0.11085852081898956,0.3958000557167516,0.7013293445651664,-0.3055292888484148,0.3055292888484148,False,False,,
true:fixed,96c353e8f14d4a63ba2b844d43cffc42,17,8da854b2bced46f7a59f39a4d42bbfd2,0.5723899494561219,0.4672581768323247,0.10513177262379719,0.43308400838400185,0.7211610142105687,-0.2880770058265668,0.2880770058265668,False,False,,
true:fixed,96c353e8f14d4a63ba2b844d43cffc42,18,1e46c82d6a804cf1aaa9d2d6b5b5ef27,0.5725982726588628,0.4662684661424077,0.10632980651645507,0.43372322246912176,0.7249137104254377,-0.29119048795631597,0.29119048795631597,False,False,,
true:fixed,96c353e8f14d4a63ba2b844d43cffc42,20,d364275322c4483fbf86df22f0e7a315,0.5892060661508643,0.47978988019495133,0.10941618595591301,0.4056694460426719,0.6624989601061204,-0.2568295140634485,0.2568295140634485,False,False,,
true:fixed,96c353e8f14d4a63ba2b844d43cffc42,22,12f431b160be4858a51cced6955c37bd,0.6011767458598228,0.5050771717441318,0.09609957411569103,0.3972338879411177,0.5651355434065832,-0.16790165546546554,0.16790165546546554,False,False,,
true:fixed,eaaf60765ee8478f8e0bd4942571c6fb,0,53121f39e1a0434d8431777a05de3eec,1.0000000000001101,1.0000000000001101,0.0,0.0,0.0,0.0,0.0,False,False,,
true:fixed,eaaf60765ee8478f8e0bd4942571c6fb,1,872aeb79742f4cd5b6e069c36b007ace,0.8374348727429344,0.8374524982071253,-1.762546419092903e-05,0.1368717292535172,0.13685186706181773,1.9862191699471232e-05,-1.9862191699471232e-05,False,False,,
true:fixed,eaaf60765ee8478f8e0bd4942571c6fb,2,d2e315d29ed4468f802bf6ccfdbe6852,0.9457221355985168,0.9458142904289623,-9.215483044544559e-05,0.043383537964867394,0.04334868817573235,3.4849789135045495e-05,-3.4849789135045495e-05,False,False,,
true:fixed,eaaf60765ee8478f8e0bd4942571c6fb,4,9181fe90f31b4740b36969e383506d40,0.6122731765507895,0.6122948366323759,-2.166008158643873e-05,0.3599649736651794,0.3600178360221211,-5.2862356941740796e-05,5.2862356941740796e-05,False,False,,
true:fixed,eaaf60765ee8478f8e0bd4942571c6fb,8,e3bdfba683484a1ea09b7bb86e6be648,0.3753305934904049,0.37535406402242427,-2.3470532019398416e-05,0.695585011153824,0.6955902419847662,-5.2308309421711385e-06,5.2308309421711385e-06,False,False,,
true:fixed,eaaf60765ee8478f8e0bd4942571c6fb,9,e749c211df64486dafc86660a0b20eca,0.37849307762663187,0.37854204499367067,-4.8967367038799114e-05,0.683452022712657,0.6845534249572301,-0.001101402244573113,0.001101402244573113,False,False,,
true:fixed,eaaf60765ee8478f8e0bd4942571c6fb,10,ab1f5ba71a2f42c89efefcbc6dffcfb7,0.35280182413395716,0.35333134599617816,-0.0005295218622209941,0.7214181643739653,0.7215100168880287,-9.185251406340633e-05,9.185251406340633e-05,False,False,,
true:fixed,eaaf60765ee8478f8e0bd4942571c6fb,12,274b134fb2324486ae253eb6e24f900d,0.3256953092570838,0.32641243895922556,-0.0007171297021417722,0.7662636663690316,0.7670597878287089,-0.0007961214596772237,0.0007961214596772237,False,False,,
true:fixed,eaaf60765ee8478f8e0bd4942571c6fb,16,5b954ca864914a37aaaf0879249ace6a,0.2819507711037739,0.2824932905606723,-0.0005425194568983716,0.9204352886375184,0.91994257539196,0.0004927132455584404,-0.0004927132455584404,False,False,,
true:fixed,eaaf60765ee8478f8e0bd4942571c6fb,17,9e10d5419ffa43ce9f70766b4a5a0292,0.28046444152906863,0.28085859335012786,-0.00039415182105922986,0.9752865018525171,0.974851337095083,0.0004351647574341033,-0.0004351647574341033,False,False,,
true:fixed,eaaf60765ee8478f8e0bd4942571c6fb,18,12c5d6c3dc424561b9192b76b45af6fd,0.28306431089509426,0.28368310368219013,-0.0006187927870958676,0.9552410699270192,0.955901962145931,-0.0006608922189118571,0.0006608922189118571,False,False,,
true:fixed,eaaf60765ee8478f8e0bd4942571c6fb,20,f6bf5986ca8a49c082c0e4d892de767c,0.29514490610573146,0.29615704973159773,-0.0010121436258662686,0.8699013396353833,0.8710062959984713,-0.00110495636308805,0.00110495636308805,False,False,,
true:fixed,eaaf60765ee8478f8e0bd4942571c6fb,24,ee7d01fd902d4185a54112e1f1210e41,0.2918674878442603,0.29291827742788806,-0.0010507895836277537,0.8809847644647953,0.8817211729028249,-0.0007364084380295788,0.0007364084380295788,False,False,,
true:fixed,eaaf60765ee8478f8e0bd4942571c6fb,25,df7d0426da5346deae21136ea3cba58b,0.30321675304459306,0.30443068968922776,-0.0012139366446347055,0.8093868587059538,0.8096714908449608,-0.0002846321390069795,0.0002846321390069795,False,False,,
true:fixed,eaaf60765ee8478f8e0bd4942571c6fb,26,ba7fb622e77447f6aa58ab1fff9ed0cf,0.2991142886135254,0.29942084441899397,-0.00030655580546856687,0.8237429600357248,0.8241894893433702,-0.00044652930764543797,0.00044652930764543797,False,False,,
true:fixed,eaaf60765ee8478f8e0bd4942571c6fb,28,13055b928600455db08cf9ae57d8d4c7,0.2932288448337455,0.2937104407790141,-0.00048159594526858696,0.8580229539302119,0.8583004063251138,-0.00027745239490195583,0.00027745239490195583,False,False,,
true:fixed,eaaf60765ee8478f8e0bd4942571c6fb,32,9f35db3dd17c41e4875c2f54bd71fc29,0.3165136130621358,0.31697255562229587,-0.0004589425601600472,0.7524724822068948,0.7522220378681487,0.00025044433874610306,-0.00025044433874610306,False,False,,
true:fixed,eaaf60765ee8478f8e0bd4942571c6fb,33,8da854b2bced46f7a59f39a4d42bbfd2,0.3218317361087692,0.3221748153119068,-0.0003430792031375862,0.736652773718115,0.7360995874460434,0.0005531862720715708,-0.0005531862720715708,False,False,,
true:fixed,eaaf60765ee8478f8e0bd4942571c6fb,34,1e46c82d6a804cf1aaa9d2d6b5b5ef27,0.31823893166095135,0.31866006590786405,-0.0004211342469127022,0.7435846785922875,0.74305046933138,0.0005342092609075255,-0.0005342092609075255,False,False,,
true:fixed,eaaf60765ee8478f8e0bd4942571c6fb,36,d364275322c4483fbf86df22f0e7a315,0.31190255970660447,0.3123113395166244,-0.00040877981001991026,0.7633639321076011,0.7629496850951647,0.0004142470124364195,-0.0004142470124364195,False,False,,
true:fixed,eaaf60765ee8478f8e0bd4942571c6fb,38,12f431b160be4858a51cced6955c37bd,0.3195676302366285,0.319996785535322,-0.00042915529869352875,0.736211055737939,0.7356009655800184,0.0006100901579205731,-0.0006100901579205731,False,False,,
true:fixed,802bbdc22d21477f8803a39a5e7e98bf,0,69e5c0a974344a2b89e9e351a5b79461,0.9999999999999631,0.9999999999999631,0.0,0.0,0.0,0.0,0.0,False,False,,
true:fixed,802bbdc22d21477f8803a39a5e7e98bf,1,519f1a02f21d43699ca1ada7ffd38726,0.6148940058398288,0.6148940058398288,0.0,0.7602657430135493,0.7602657430135493,0.0,0.0,True,True,,
true:fixed,802bbdc22d21477f8803a39a5e7e98bf,2,c71884fb34d046258c12cf018513d8cc,0.6645599288882117,0.6645599288882117,0.0,0.5695267096833841,0.5695267096833841,0.0,0.0,False,False,,
true:fixed,802bbdc22d21477f8803a39a5e7e98bf,3,ee7d01fd902d4185a54112e1f1210e41,0.7143170930225715,0.7143170930225715,0.0,0.39520320581969565,0.39520320581969565,0.0,0.0,False,False,,
true:fixed,802bbdc22d21477f8803a39a5e7e98bf,4,df7d0426da5346deae21136ea3cba58b,0.7669425978327847,0.7669425978327847,0.0,0.23776445900868654,0.23776445900868654,0.0,0.0,False,False,,
true:fixed,802bbdc22d21477f8803a39a5e7e98bf,6,5087c0b3f84741178f42d668fbdf506f,0.6912792254103441,0.6912792254103441,0.0,0.29338854908764994,0.29338854908764994,0.0,0.0,False,False,,
true:fixed,802bbdc22d21477f8803a39a5e7e98bf,7,13055b928600455db08cf9ae57d8d4c7,0.7810965822459749,0.7810965822459749,0.0,0.2778365479810061,0.2778365479810061,0.0,0.0,False,False,,
true:fixed,ebb251e1e8b144c697dc28c22bb44b13,0,9f35db3dd17c41e4875c2f54bd71fc29,0.9999999999999625,0.9999999999999625,0.0,0.0,0.0,0.0,0.0,False,False,,
true:fixed,ebb251e1e8b144c697dc28c22bb44b13,1,8da854b2bced46f7a59f39a4d42bbfd2,0.8560194656719999,0.8560194656719999,0.0,0.14968299836667684,0.14968299836667684,0.0,0.0,True,True,,
true:fixed,ebb251e1e8b144c697dc28c22bb44b13,2,1e46c82d6a804cf1aaa9d2d6b5b5ef27,0.9227067545142791,0.9227067545142791,0.0,0.08670063436901676,0.08670063436901676,0.0,0.0,True,True,,
true:fixed,ebb251e1e8b144c697dc28c22bb44b13,3,029f10e7436740a0a04feab4ab3aeddc,0.738055049778422,0.738055049778422,0.0,0.28130374180442613,0.28130374180442613,0.0,0.0,False,False,,
true:fixed,ebb251e1e8b144c697dc28c22bb44b13,4,d364275322c4483fbf86df22f0e7a315,0.6704139302034782,0.6704139302034782,0.0,0.2551998035539686,0.2551998035539686,0.0,0.0,False,False,,
true:fixed,ebb251e1e8b144c697dc28c22bb44b13,5,c98b06812964464093b23c3734532d06,0.5733601511927691,0.5725721837319858,0.0007879674607832454,0.3716409316344561,0.3724812035779486,-0.0008402719434925099,0.0008402719434925099,False,False,,
true:fixed,377df4ee88ec46c9be892080557263f6,0,3e92d615685942dfab6edb5a0a7678e6,0.9999999999998641,0.9999999999998641,0.0,0.0,0.0,0.0,0.0,False,False,,
true:fixed,377df4ee88ec46c9be892080557263f6,1,5b954ca864914a37aaaf0879249ace6a,0.9841112214497183,0.9841112214497183,0.0,0.016000000000000014,0.016000000000000014,0.0,0.0,True,True,,
true:fixed,377df4ee88ec46c9be892080557263f6,2,9e10d5419ffa43ce9f70766b4a5a0292,0.9920239282152195,0.9920239282152195,0.0,0.008000000000000007,0.008000000000000007,0.0,0.0,True,True,,
true:fixed,377df4ee88ec46c9be892080557263f6,4,882819f68f5e4be698694e673c71c6ab,0.9511718749998737,0.9511718749998737,0.0,0.050000000000000044,0.050000000000000044,0.0,0.0,True,True,,
true:fixed,377df4ee88ec46c9be892080557263f6,8,c71884fb34d046258c12cf018513d8cc,0.9511718749998737,0.9511718749998737,0.0,0.050000000000000044,0.050000000000000044,0.0,0.0,True,True,,
true:fixed,377df4ee88ec46c9be892080557263f6,9,ee7d01fd902d4185a54112e1f1210e41,0.9865353551162196,0.9865353551162196,0.0,0.020169120751069834,0.020169120751069834,0.0,0.0,False,False,,
true:fixed,377df4ee88ec46c9be892080557263f6,10,df7d0426da5346deae21136ea3cba58b,0.9256073644290255,0.9256073644290255,0.0,0.07160333632431315,0.07160333632431315,0.0,0.0,False,False,,
true:fixed,377df4ee88ec46c9be892080557263f6,12,5087c0b3f84741178f42d668fbdf506f,0.8271180214810661,0.8271180214810661,0.0,0.17401952394385467,0.17401952394385467,0.0,0.0,False,False,,
true:fixed,377df4ee88ec46c9be892080557263f6,16,103914217786464998f1e48a2c20cef0,0.7476738724219383,0.7476738724219383,0.0,0.26830941236536704,0.26830941236536704,0.0,0.0,False,False,,
true:fixed,377df4ee88ec46c9be892080557263f6,17,9f35db3dd17c41e4875c2f54bd71fc29,0.6975041948990675,0.6975041948990675,0.0,0.33225916491393703,0.33225916491393703,0.0,0.0,False,False,,
true:fixed,377df4ee88ec46c9be892080557263f6,18,8da854b2bced46f7a59f39a4d42bbfd2,0.6935359754731235,0.6935359754731235,0.0,0.3358031540491384,0.3358031540491384,0.0,0.0,False,False,,
true:fixed,377df4ee88ec46c9be892080557263f6,20,029f10e7436740a0a04feab4ab3aeddc,0.6260077079223496,0.6260077079223496,0.0,0.42447796962967965,0.42447796962967965,0.0,0.0,False,False,,
true:fixed,377df4ee88ec46c9be892080557263f6,23,12f431b160be4858a51cced6955c37bd,0.5411946351190404,0.5411946351190404,0.0,0.5410269930943141,0.5410269930943141,0.0,0.0,False,False,,
true:fixed,9c5151b34911482f8155ab55c3f5d32f,0,53121f39e1a0434d8431777a05de3eec,0.9999999999999899,0.9999999999999899,0.0,0.0,0.0,0.0,0.0,False,False,,
true:fixed,9c5151b34911482f8155ab55c3f5d32f,1,872aeb79742f4cd5b6e069c36b007ace,0.13883095639744517,0.13883095639744517,0.0,3.678706629558074,3.678706629558074,0.0,0.0,False,False,,
true:fixed,9c5151b34911482f8155ab55c3f5d32f,2,d2e315d29ed4468f802bf6ccfdbe6852,0.0,0.0,0.0,8.240967648771004,8.240967648771004,0.0,0.0,False,False,,
true:fixed,9c5151b34911482f8155ab55c3f5d32f,4,9181fe90f31b4740b36969e383506d40,0.0,0.0,0.0,16.95714403967938,16.731915021381532,0.22522901829784914,-0.22522901829784914,False,False,,
true:fixed,9c5151b34911482f8155ab55c3f5d32f,8,e3bdfba683484a1ea09b7bb86e6be648,0.0,0.0,0.0,36.26799604819927,35.158777047952675,1.109219000246597,-1.109219000246597,False,False,,
true:fixed,9c5151b34911482f8155ab55c3f5d32f,9,e749c211df64486dafc86660a0b20eca,0.0,0.0,0.0,41.356249262734956,40.23995437385482,1.1162948888801338,-1.1162948888801338,False,False,,
true:fixed,9c5151b34911482f8155ab55c3f5d32f,10,ab1f5ba71a2f42c89efefcbc6dffcfb7,0.0,0.0,0.0,46.874827721511075,45.75898261145635,1.1158451100547282,-1.1158451100547282,False,False,,
true:fixed,3620feb00d744241a94855f3a8913a78,0,79a411ec3dc943bf94886ad9e539481d,0.999999999999944,0.999999999999944,0.0,0.0,0.0,0.0,0.0,False,False,,
true:fixed,3620feb00d744241a94855f3a8913a78,1,9181fe90f31b4740b36969e383506d40,0.8553124826374762,0.8560293413199531,-0.0007168586824769507,0.09916087279697869,0.09853512453079366,0.0006257482661850278,-0.0006257482661850278,False,False,,
true:fixed,3620feb00d744241a94855f3a8913a78,2,139d5e756c1f461ba1f0c6ec46968e43,0.6794463700890924,0.6806289948652848,-0.0011826247761924646,0.274107173358037,0.27340307799056984,0.0007040953674671835,-0.0007040953674671835,False,False,,
true:fixed,3620feb00d744241a94855f3a8913a78,4,c4a4d1b455434dba879d5dcd1cc378d6,0.49334621440364496,0.4936614702392083,-0.000315255835563355,0.5004283249308993,0.5002343468507979,0.00019397808010135353,-0.00019397808010135353,False,False,,
true:fixed,3620feb00d744241a94855f3a8913a78,8,c502570cba9749f7bd89494803a52c02,0.423258580976879,0.45852349633780515,-0.03526491536092613,0.5927766219258116,0.551664432067907,0.041112189857904546,-0.041112189857904546,False,False,,
true:fixed,3620feb00d744241a94855f3a8913a78,9,274b134fb2324486ae253eb6e24f900d,0.41248815869600625,0.44754694673674367,-0.03505878804073742,0.620407391385761,0.5793644048837595,0.041042986502001444,-0.041042986502001444,False,False,,
true:fixed,3620feb00d744241a94855f3a8913a78,10,a977b0e797694036a9c40ab80f9d0ebc,0.40248233588913557,0.43726142761801734,-0.03477909172888177,0.6483482423955634,0.6071318365615321,0.0412164058340313,-0.0412164058340313,False,False,,
true:fixed,3620feb00d744241a94855f3a8913a78,12,3e92d615685942dfab6edb5a0a7678e6,0.3946107122423379,0.4296291507796757,-0.03501843853733777,0.6458045662146906,0.6008105613539128,0.04499400486077787,-0.04499400486077787,False,False,,
true:fixed,3620feb00d744241a94855f3a8913a78,16,882819f68f5e4be698694e673c71c6ab,0.43055059398291745,0.46696530539849007,-0.03641471141557262,0.5782550164446577,0.5294078525588397,0.048847163885818,-0.048847163885818,False,False,,
true:fixed,3620feb00d744241a94855f3a8913a78,17,f6bf5986ca8a49c082c0e4d892de767c,0.4186719677337905,0.45344690343872784,-0.03477493570493734,0.5972939911585375,0.5492780501142672,0.048015941044270316,-0.048015941044270316,False,False,,
true:fixed,3620feb00d744241a94855f3a8913a78,18,69e5c0a974344a2b89e9e351a5b79461,0.40558054873666105,0.44025796363752684,-0.03467741490086579,0.6185082262157438,0.5690317629588938,0.049476463256849956,-0.049476463256849956,False,False,,
true:fixed,3620feb00d744241a94855f3a8913a78,20,c71884fb34d046258c12cf018513d8cc,0.39646330446639266,0.429472123438814,-0.03300881897242136,0.6437173361842047,0.595598415167167,0.04811892101703763,-0.04811892101703763,False,False,,
true:fixed,3620feb00d744241a94855f3a8913a78,24,5087c0b3f84741178f42d668fbdf506f,0.3903405405115285,0.4233116233229876,-0.03297108281145911,0.6756998092925254,0.6261352061849816,0.04956460310754374,-0.04956460310754374,False,False,,
true:fixed,3620feb00d744241a94855f3a8913a78,25,13055b928600455db08cf9ae57d8d4c7,0.40969652140624413,0.44329223703277754,-0.03359571562653341,0.652074828577006,0.6032073356880575,0.04886749288894854,-0.04886749288894854,False,False,,
true:fixed,3620feb00d744241a94855f3a8913a78,26,220b431fd37e436f98aa1c868eee5828,0.4283865696552955,0.46304534988087637,-0.03465878022558089,0.632738726355476,0.5839035530651662,0.04883517329030984,-0.04883517329030984,False,False,,
true:fixed,3620feb00d744241a94855f3a8913a78,28,103914217786464998f1e48a2c20cef0,0.44939582463643624,0.48369646379429604,-0.0343006391578598,0.6156780516171086,0.5680268554209368,0.04765119619617186,-0.04765119619617186,False,False,,
true:fixed,3620feb00d744241a94855f3a8913a78,32,029f10e7436740a0a04feab4ab3aeddc,0.41494878146495495,0.5447494118511039,-0.12980063038614897,0.6736221793545517,0.5147975672947558,0.15882461205979592,-0.15882461205979592,False,False,,
true:fixed,3620feb00d744241a94855f3a8913a78,33,d364275322c4483fbf86df22f0e7a315,0.41528074871613496,0.5371587668455369,-0.12187801812940191,0.6800971423164006,0.5213092688909192,0.1587878734254814,-0.1587878734254814,False,False,,
true:fixed,3620feb00d744241a94855f3a8913a78,34,c98b06812964464093b23c3734532d06,0.4333481574165119,0.5607634834709646,-0.12741532605445272,0.6141119811626128,0.44416271727274725,0.16994926388986553,-0.16994926388986553,False,False,,
true:fixed,6346de1c47584b34833d6df500d2ed6c,0,c502570cba9749f7bd89494803a52c02,0.9999999999998533,0.9999999999998533,0.0,0.0,0.0,0.0,0.0,False,False,,
true:fixed,6346de1c47584b34833d6df500d2ed6c,1,274b134fb2324486ae253eb6e24f900d,0.9724927971810661,0.9715928232448827,0.0008999739361833514,0.04041284583179408,0.042901567152079906,-0.002488721320285825,0.002488721320285825,False,False,,
true:fixed,6346de1c47584b34833d6df500d2ed6c,2,a977b0e797694036a9c40ab80f9d0ebc,0.9466441108245058,0.9456358880113654,0.0010082228131403914,0.07873597458855297,0.08160428820892617,-0.0028683136203731946,0.0028683136203731946,False,False,,
true:fixed,6346de1c47584b34833d6df500d2ed6c,4,3e92d615685942dfab6edb5a0a7678e6,0.9748666293784791,0.975464756342357,-0.000598126963877843,0.016457383036803414,0.016147281176866958,0.0003101018599364555,-0.0003101018599364555,False,False,,
true:fixed,6346de1c47584b34833d6df500d2ed6c,8,882819f68f5e4be698694e673c71c6ab,0.8988418288352882,0.9262694785184123,-0.027427649683124167,0.06345582512466151,0.056022647497470233,0.007433177627191277,-0.007433177627191277,False,False,,
true:fixed,6346de1c47584b34833d6df500d2ed6c,9,f6bf5986ca8a49c082c0e4d892de767c,0.8560026063490167,0.884573586549003,-0.028570980199986273,0.09251809007848087,0.09065782715580285,0.0018602629226780187,-0.0018602629226780187,False,False,,
true:fixed,6346de1c47584b34833d6df500d2ed6c,10,69e5c0a974344a2b89e9e351a5b79461,0.7974711595737694,0.8206168279275456,-0.023145668353776294,0.1362259793411312,0.1404322892793138,-0.004206309938182606,0.004206309938182606,False,False,,
true:fixed,6346de1c47584b34833d6df500d2ed6c,12,c71884fb34d046258c12cf018513d8cc,0.7077165535554104,0.7265180707235271,-0.018801517168116733,0.22152395088004848,0.23034258079087203,-0.00881862991082355,0.00881862991082355,False,False,,
true:fixed,6346de1c47584b34833d6df500d2ed6c,16,5087c0b3f84741178f42d668fbdf506f,0.6933093422462496,0.7113247573433655,-0.018015415097115905,0.23616262132491997,0.2450065248932404,-0.008843903568320433,0.008843903568320433,False,False,,
true:fixed,6346de1c47584b34833d6df500d2ed6c,17,13055b928600455db08cf9ae57d8d4c7,0.7589555421333992,0.7774648775164786,-0.018509335383079417,0.19667543051157887,0.19832597792383017,-0.0016505474122512909,0.0016505474122512909,False,False,,
true:fixed,6346de1c47584b34833d6df500d2ed6c,18,220b431fd37e436f98aa1c868eee5828,0.7212057931959719,0.7278130437119926,-0.006607250516020735,0.25899188301563797,0.23950225163406816,0.01948963138156981,-0.01948963138156981,False,False,,
true:fixed,6346de1c47584b34833d6df500d2ed6c,20,103914217786464998f1e48a2c20cef0,0.6687450377146746,0.6633632587209608,0.005381778993713837,0.36858375063611637,0.3631870502736949,0.005396700362421458,-0.005396700362421458,False,False,,
true:fixed,6346de1c47584b34833d6df500d2ed6c,23,1e46c82d6a804cf1aaa9d2d6b5b5ef27,0.678935825788529,0.6811713022751383,-0.002235476486609378,0.3721895388301671,0.36523669409850146,0.0069528447316656306,-0.0069528447316656306,False,False,,
true:fixed,db7d65690f2e412e887468596e2ddabf,0,9e10d5419ffa43ce9f70766b4a5a0292,1.0000000000001728,1.0000000000001728,0.0,0.0,0.0,0.0,0.0,False,False,,
true:fixed,db7d65690f2e412e887468596e2ddabf,1,12c5d6c3dc424561b9192b76b45af6fd,0.9848347326991048,0.9822455541078973,0.0025891785912075527,0.011822714961301085,0.013492520898594332,-0.0016698059372932464,0.0016698059372932464,False,False,,
true:fixed,db7d65690f2e412e887468596e2ddabf,2,882819f68f5e4be698694e673c71c6ab,0.9730299469731051,0.9686562535714611,0.004373693401643952,0.022669095940492677,0.023361253052009163,-0.0006921571115164858,0.0006921571115164858,False,False,,
true:fixed,db7d65690f2e412e887468596e2ddabf,4,69e5c0a974344a2b89e9e351a5b79461,0.9515913108839105,0.9476071476163213,0.003984163267589214,0.039862774751297195,0.03934660126670045,0.0005161734845967464,-0.0005161734845967464,False,False,,
true:fixed,db7d65690f2e412e887468596e2ddabf,8,df7d0426da5346deae21136ea3cba58b,0.9168108558012158,0.9062332480135933,0.010577607787622512,0.061702135940900814,0.06798573059550606,-0.0062835946546052415,0.0062835946546052415,False,False,,
true:fixed,db7d65690f2e412e887468596e2ddabf,9,ba7fb622e77447f6aa58ab1fff9ed0cf,0.8934064601832039,0.8831316032406915,0.0102748569425124,0.07539490540929879,0.08289905386311971,-0.007504148453820927,0.007504148453820927,False,False,,
true:fixed,db7d65690f2e412e887468596e2ddabf,10,5087c0b3f84741178f42d668fbdf506f,0.7855567058027244,0.7719639194981187,0.013592786304605697,0.16011546963900566,0.17041906843316318,-0.010303598794157515,0.010303598794157515,False,False,,
true:fixed,db7d65690f2e412e887468596e2ddabf,12,220b431fd37e436f98aa1c868eee5828,0.7597308712872728,0.745519717297185,0.014211153990087766,0.18614059334344346,0.19675330613703668,-0.010612712793593215,0.010612712793593215,False,False,,
true:fixed,db7d65690f2e412e887468596e2ddabf,16,8da854b2bced46f7a59f39a4d42bbfd2,0.5998209532970773,0.5875091091995241,0.012311844097553148,0.39701966562797014,0.4069222765080304,-0.00990261088006028,0.00990261088006028,False,False,,
true:fixed,db7d65690f2e412e887468596e2ddabf,17,1e46c82d6a804cf1aaa9d2d6b5b5ef27,0.6138368619408222,0.5998845903298186,0.013952271611003653,0.3743515113204525,0.3853619499149438,-0.0110104385944913,0.0110104385944913,False,False,,
true:fixed,db7d65690f2e412e887468596e2ddabf,18,029f10e7436740a0a04feab4ab3aeddc,0.630795459121864,0.615780550500657,0.015014908621206913,0.3505342790114866,0.36193252044126095,-0.011398241429774358,0.011398241429774358,False,False,,
true:fixed,db7d65690f2e412e887468596e2ddabf,20,c98b06812964464093b23c3734532d06,0.5967323014500342,0.5812924193881673,0.01543988206186686,0.3826113543240383,0.39683580179087635,-0.014224447466838042,0.014224447466838042,False,False,,
true:fixed,db7d65690f2e412e887468596e2ddabf,21,12f431b160be4858a51cced6955c37bd,0.5818179598246447,0.5678281639506116,0.01398979587403304,0.40674033142424953,0.4187328744579355,-0.011992543033685965,0.011992543033685965,False,False,,
true:fixed,0bfc7d407d09490cba7ac57897fcb100,0,274b134fb2324486ae253eb6e24f900d,1.0000000000000284,1.0000000000000284,0.0,0.0,0.0,0.0,0.0,False,False,,
true:fixed,0bfc7d407d09490cba7ac57897fcb100,1,a977b0e797694036a9c40ab80f9d0ebc,0.9951030722673384,0.994481051212465,0.0006220210548734117,0.007525443235291496,0.006999083082550053,0.0005263601527414428,-0.0005263601527414428,False,False,,
true:fixed,0bfc7d407d09490cba7ac57897fcb100,2,bfbb3ba599ea450181210aa6000bad7f,0.9887158847414868,0.9880512913879693,0.0006645933535174287,0.009668607026177445,0.00930669306105667,0.00036191396512077513,-0.00036191396512077513,False,False,,
true:fixed,0bfc7d407d09490cba7ac57897fcb100,4,5b954ca864914a37aaaf0879249ace6a,0.8636173925223549,0.8632086987939965,0.00040869372835838913,0.1409030768240301,0.14370574284534302,-0.002802666021312905,0.002802666021312905,False,False,,
true:fixed,0bfc7d407d09490cba7ac57897fcb100,8,f6bf5986ca8a49c082c0e4d892de767c,0.7304350573241575,0.7326314087700403,-0.002196351445882816,0.34970778586526385,0.34688648315526793,0.002821302709995921,-0.002821302709995921,False,False,,
true:fixed,0bfc7d407d09490cba7ac57897fcb100,9,69e5c0a974344a2b89e9e351a5b79461,0.7344138987970078,0.7347299071367281,-0.0003160083397203417,0.3500124029993988,0.3522623325026109,-0.0022499295032121225,0.0022499295032121225,False,False,,
true:fixed,0bfc7d407d09490cba7ac57897fcb100,10,519f1a02f21d43699ca1ada7ffd38726,0.7317093452937957,0.7334183487036634,-0.001709003409867682,0.36629475015411783,0.3653883747488593,0.0009063754052585082,-0.0009063754052585082,False,False,,
true:fixed,0bfc7d407d09490cba7ac57897fcb100,12,ee7d01fd902d4185a54112e1f1210e41,0.7257734371111675,0.7272963080649348,-0.0015228709537673524,0.35295984019188253,0.3536742326006892,-0.0007143924088066633,0.0007143924088066633,False,False,,
true:fixed,0bfc7d407d09490cba7ac57897fcb100,16,13055b928600455db08cf9ae57d8d4c7,0.7013170332717205,0.693042557563485,0.008274475708235474,0.4070542366961555,0.4114163269060858,-0.004362090209930336,0.004362090209930336,False,False,,
true:fixed,0bfc7d407d09490cba7ac57897fcb100,17,220b431fd37e436f98aa1c868eee5828,0.7701433692146071,0.7609725663568359,0.009170802857771276,0.21179512431103115,0.21685827451815168,-0.005063150207120531,0.005063150207120531,False,False,,
true:fixed,0bfc7d407d09490cba7ac57897fcb100,18,4abbc508bffb4f9b957a8ad2457db2e2,0.8075316105197539,0.7997338508778188,0.007797759641935076,0.13813549758470894,0.14208906445142416,-0.003953566866715219,0.003953566866715219,False,False,,
true:fixed,0bfc7d407d09490cba7ac57897fcb100,20,9f35db3dd17c41e4875c2f54bd71fc29,0.7993230688751575,0.78927814055904,0.010044928316117474,0.14591945099936926,0.15268425883720985,-0.006764807837840586,0.006764807837840586,False,False,,
true:fixed,0bfc7d407d09490cba7ac57897fcb100,24,d364275322c4483fbf86df22f0e7a315,0.7960373659178971,0.7860131225234548,0.0100242433944423,0.150984176182097,0.15664141595708367,-0.0056572397749866665,0.0056572397749866665,False,False,,
true:fixed,045cd82a77a1472499e8c15100cb5ff3,0,9181fe90f31b4740b36969e383506d40,1.0000000000000862,1.0000000000000862,0.0,0.0,0.0,0.0,0.0,False,False,,
true:fixed,045cd82a77a1472499e8c15100cb5ff3,1,139d5e756c1f461ba1f0c6ec46968e43,0.27738118282708674,0.27738118282708674,0.0,2.234194709509468,2.234194709509468,0.0,0.0,True,True,,
true:fixed,045cd82a77a1472499e8c15100cb5ff3,2,21912d2aad7f45c98a54fad3bbea311f,0.021820799122386447,0.021820799122386447,0.0,4.4509232750071686,4.4509232750071686,0.0,0.0,True,True,,
true:fixed,045cd82a77a1472499e8c15100cb5ff3,4,e3bdfba683484a1ea09b7bb86e6be648,0.0,0.0,0.0,8.891730540226662,8.891730540226662,0.0,0.0,True,True,,
true:fixed,045cd82a77a1472499e8c15100cb5ff3,8,274b134fb2324486ae253eb6e24f900d,0.0,0.0,0.0,10.16419053426676,10.16419053426676,0.0,0.0,False,False,,
true:fixed,045cd82a77a1472499e8c15100cb5ff3,9,a977b0e797694036a9c40ab80f9d0ebc,0.0,0.0,0.0,10.108741092513158,10.10873862327956,2.469233598034748e-06,-2.469233598034748e-06,False,False,,
true:fixed,045cd82a77a1472499e8c15100cb5ff3,10,bfbb3ba599ea450181210aa6000bad7f,0.0,0.0,0.0,10.057782296088389,10.05778172325095,5.728374397051539e-07,-5.728374397051539e-07,False,False,,
true:fixed,045cd82a77a1472499e8c15100cb5ff3,12,5b954ca864914a37aaaf0879249ace6a,0.0,0.0,0.0,10.660572554654356,10.660581746692461,-9.192038104899325e-06,9.192038104899325e-06,False,False,,
true:fixed,045cd82a77a1472499e8c15100cb5ff3,16,f6bf5986ca8a49c082c0e4d892de767c,0.0,0.0,0.0,12.655884640590562,12.64159841356039,0.014286227030172682,-0.014286227030172682,False,False,,
true:fixed,045cd82a77a1472499e8c15100cb5ff3,17,69e5c0a974344a2b89e9e351a5b79461,0.0,0.0,0.0,12.85967937668567,12.884393938443127,-0.024714561757457787,0.024714561757457787,False,False,,
true:fixed,045cd82a77a1472499e8c15100cb5ff3,18,519f1a02f21d43699ca1ada7ffd38726,0.0,0.0,0.0,13.1339452793197,13.156827602743132,-0.022882323423431217,0.022882323423431217,False,False,,
true:fixed,045cd82a77a1472499e8c15100cb5ff3,20,ee7d01fd902d4185a54112e1f1210e41,0.0,0.0,0.0,13.476418897416993,13.496963156329707,-0.020544258912714497,0.020544258912714497,False,False,,
true:fixed,045cd82a77a1472499e8c15100cb5ff3,24,13055b928600455db08cf9ae57d8d4c7,0.0,0.0,0.0,13.714257114001086,13.735450020385343,-0.021192906384257526,0.021192906384257526,False,False,,
true:fixed,045cd82a77a1472499e8c15100cb5ff3,25,220b431fd37e436f98aa1c868eee5828,0.0,0.0,0.0,13.771155260371009,13.7914292553604,-0.020273994989391753,0.020273994989391753,False,False,,
true:fixed,045cd82a77a1472499e8c15100cb5ff3,26,4abbc508bffb4f9b957a8ad2457db2e2,0.0,0.0,0.0,14.0576520692497,14.080893645435161,-0.023241576185460744,0.023241576185460744,False,False,,
true:fixed,045cd82a77a1472499e8c15100cb5ff3,28,9f35db3dd17c41e4875c2f54bd71fc29,0.0,0.0,0.0,14.623503640120486,14.649150835173346,-0.025647195052860283,0.025647195052860283,False,False,,
true:fixed,045cd82a77a1472499e8c15100cb5ff3,32,d364275322c4483fbf86df22f0e7a315,0.0,0.0,0.0,18.16140822383524,18.18406052202121,-0.022652298185967368,0.022652298185967368,False,False,,
true:fixed,48d06a263b314b48bd41343ea5f5d158,0,c502570cba9749f7bd89494803a52c02,1.0000000000001705,1.0000000000001705,0.0,0.0,0.0,0.0,0.0,False,False,,
true:fixed,48d06a263b314b48bd41343ea5f5d158,1,274b134fb2324486ae253eb6e24f900d,0.8577902861806059,0.8577845993198298,5.686860776177305e-06,0.13840114122977273,0.1384020105441505,-8.693143777604995e-07,8.693143777604995e-07,False,False,,
true:fixed,48d06a263b314b48bd41343ea5f5d158,2,a977b0e797694036a9c40ab80f9d0ebc,0.8760024529906656,0.8800525412042692,-0.004050088213603642,0.12268883098833437,0.11887124934502337,0.003817581643311002,-0.003817581643311002,False,False,,
true:fixed,48d06a263b314b48bd41343ea5f5d158,4,3e92d615685942dfab6edb5a0a7678e6,0.845121732843404,0.8467968124731126,-0.0016750796297085868,0.1812691409537256,0.1785956186843124,0.0026735222694131977,-0.0026735222694131977,False,False,,
true:fixed,48d06a263b314b48bd41343ea5f5d158,8,882819f68f5e4be698694e673c71c6ab,0.8874789245424792,0.8891128677135796,-0.0016339431711003272,0.1677970787801579,0.16707443465156202,0.0007226441285958785,-0.0007226441285958785,True,True,,
true:fixed,48d06a263b314b48bd41343ea5f5d158,9,f6bf5986ca8a49c082c0e4d892de767c,0.8126373290028056,0.8143476310535959,-0.0017103020507902578,0.19760822277538828,0.19361807127359806,0.003990151501790218,-0.003990151501790218,True,True,,
true:fixed,48d06a263b314b48bd41343ea5f5d158,10,69e5c0a974344a2b89e9e351a5b79461,0.8889802697752021,0.8906289229945266,-0.001648653219324503,0.1591284866803825,0.15824733987461478,0.0008811468057677296,-0.0008811468057677296,True,True,,
true:fixed,48d06a263b314b48bd41343ea5f5d158,12,c71884fb34d046258c12cf018513d8cc,0.7888381909574091,0.7794051732554967,0.009433017701912405,0.2113845623544617,0.21666592517044933,-0.0052813628159876225,0.0052813628159876225,True,True,,
true:fixed,48d06a263b314b48bd41343ea5f5d158,16,5087c0b3f84741178f42d668fbdf506f,0.8357805265848405,0.8375101159825954,-0.001729589397754916,0.1693203877891424,0.16542026979418084,0.003900117994961566,-0.003900117994961566,True,True,,
true:fixed,48d06a263b314b48bd41343ea5f5d158,17,13055b928600455db08cf9ae57d8d4c7,0.8638161362972864,0.8654209293401216,-0.0016047930428352286,0.2061083009879788,0.2052655646293498,0.0008427363586289982,-0.0008427363586289982,False,False,,
true:fixed,48d06a263b314b48bd41343ea5f5d158,18,220b431fd37e436f98aa1c868eee5828,0.7731566529929054,0.7752253379429,-0.0020686849499946813,0.2897253539487028,0.2863758180821603,0.003349535866542519,-0.003349535866542519,False,False,,
true:fixed,48d06a263b314b48bd41343ea5f5d158,20,103914217786464998f1e48a2c20cef0,0.8193551302852843,0.809698074313933,0.009657055971351247,0.2887279946723856,0.2892296796233248,-0.0005016849509392185,0.0005016849509392185,False,False,,
true:fixed,48d06a263b314b48bd41343ea5f5d158,24,029f10e7436740a0a04feab4ab3aeddc,0.7231789315618672,0.7153006321335285,0.007878299428338731,0.33059662510680315,0.3328168486027192,-0.0022202234959160516,0.0022202234959160516,False,False,,
true:fixed,48d06a263b314b48bd41343ea5f5d158,25,d364275322c4483fbf86df22f0e7a315,0.6820404162193918,0.674473466483075,0.007566949736316775,0.3604368606960488,0.3639351194566668,-0.0034982587606179893,0.0034982587606179893,False,False,,
true:fixed,48d06a263b314b48bd41343ea5f5d158,26,c98b06812964464093b23c3734532d06,0.6618447667296304,0.6557181173214014,0.006126649408229046,0.3912309371846485,0.3944460486752534,-0.0032151114906048828,0.0032151114906048828,False,False,,
true:fixed,48d06a263b314b48bd41343ea5f5d158,27,12f431b160be4858a51cced6955c37bd,0.6641726218446703,0.6618767702399491,0.002295851604721233,0.38722981941789936,0.3904671191398427,-0.0032372997219433652,0.0032372997219433652,False,False,,
true:fixed,7581fd7e9c0f426cb0efb9ea1f3f2830,0,5b954ca864914a37aaaf0879249ace6a,1.0000000000001146,1.0000000000001146,0.0,0.0,0.0,0.0,0.0,False,False,,
true:fixed,7581fd7e9c0f426cb0efb9ea1f3f2830,1,9e10d5419ffa43ce9f70766b4a5a0292,0.9943312384363714,0.9943140308100351,1.7207626336279702e-05,0.0078562257593299,0.00848447397365349,-0.0006282482143235898,0.0006282482143235898,False,False,,
true:fixed,7581fd7e9c0f426cb0efb9ea1f3f2830,2,12c5d6c3dc424561b9192b76b45af6fd,0.989376959252858,0.9893303987290962,4.656052376172948e-05,0.01540356288486826,0.014648394478621816,0.0007551684062464432,-0.0007551684062464432,False,False,,
true:fixed,7581fd7e9c0f426cb0efb9ea1f3f2830,4,f6bf5986ca8a49c082c0e4d892de767c,0.9776080927102244,0.9769428386028958,0.00066525410732865,0.037810827532105025,0.03649509697266293,0.0013157305594420979,-0.0013157305594420979,False,False,,
true:fixed,7581fd7e9c0f426cb0efb9ea1f3f2830,8,ee7d01fd902d4185a54112e1f1210e41,0.9662042833072809,0.9660344354294053,0.0001698478778756618,0.06061854055304715,0.05907600673032548,0.0015425338227216673,-0.0015425338227216673,False,False,,
true:fixed,7581fd7e9c0f426cb0efb9ea1f3f2830,9,df7d0426da5346deae21136ea3cba58b,0.8722863807587405,0.8814975915627379,-0.009211210803997338,0.12876395264338245,0.10105350523298236,0.027710447410400088,-0.027710447410400088,False,False,,
true:fixed,7581fd7e9c0f426cb0efb9ea1f3f2830,10,ba7fb622e77447f6aa58ab1fff9ed0cf,0.8724890488654827,0.8823965081211783,-0.009907459255695583,0.12983483532054313,0.1029567623995431,0.02687807292100003,-0.02687807292100003,False,False,,
true:fixed,7581fd7e9c0f426cb0efb9ea1f3f2830,12,13055b928600455db08cf9ae57d8d4c7,0.8377338530573744,0.8495765508603474,-0.01184269780297309,0.2155529687009128,0.18205458009874648,0.033498388602166335,-0.033498388602166335,False,False,,
true:fixed,7581fd7e9c0f426cb0efb9ea1f3f2830,16,9f35db3dd17c41e4875c2f54bd71fc29,0.8246836511260995,0.7911535136436179,0.03353013748248168,0.2713415906688846,0.24439088980300963,0.02695070086587495,-0.02695070086587495,False,False,,
true:fixed,7581fd7e9c0f426cb0efb9ea1f3f2830,17,8da854b2bced46f7a59f39a4d42bbfd2,0.8487923241918307,0.8130396043892472,0.035752719802583544,0.19358942585288003,0.17838333493759778,0.015206090915282244,-0.015206090915282244,False,False,,
true:fixed,7581fd7e9c0f426cb0efb9ea1f3f2830,18,1e46c82d6a804cf1aaa9d2d6b5b5ef27,0.8462383084354451,0.8074482971367235,0.038790011298721616,0.19188982997127618,0.1834836063920809,0.008406223579195293,-0.008406223579195293,False,False,,
true:fixed,7581fd7e9c0f426cb0efb9ea1f3f2830,20,d364275322c4483fbf86df22f0e7a315,0.8534381096739659,0.8138361735414392,0.039601936132526716,0.18584598769601143,0.17969456826127284,0.0061514194347385975,-0.0061514194347385975,False,False,,
true:fixed,7581fd7e9c0f426cb0efb9ea1f3f2830,21,c98b06812964464093b23c3734532d06,0.8581739193512163,0.8203979587800995,0.03777596057111687,0.18025885695204044,0.1775549668632298,0.00270389008881064,-0.00270389008881064,False,False,,
true:fixed,1e4a740fd22b44dda3eed861e6e3f170,0,ee7d01fd902d4185a54112e1f1210e41,0.9999999999999889,0.9999999999999889,0.0,0.0,0.0,0.0,0.0,False,False,,
true:fixed,1e4a740fd22b44dda3eed861e6e3f170,1,df7d0426da5346deae21136ea3cba58b,0.9423631123919205,0.9423631123919205,0.0,0.050000000000000044,0.050000000000000044,0.0,0.0,True,True,,
true:fixed,1e4a740fd22b44dda3eed861e6e3f170,2,ba7fb622e77447f6aa58ab1fff9ed0cf,0.9147727272727174,0.9147727272727174,0.0,0.07499999999999996,0.07499999999999996,0.0,0.0,True,True,,
true:fixed,1e4a740fd22b44dda3eed861e6e3f170,4,13055b928600455db08cf9ae57d8d4c7,0.9999999999999889,0.9999999999999889,0.0,0.0,0.0,0.0,0.0,True,True,,
true:fixed,1e4a740fd22b44dda3eed861e6e3f170,8,9f35db3dd17c41e4875c2f54bd71fc29,0.7614279024813642,0.733733600149915,0.027694302331449205,0.19348290187052686,0.2202881313610556,-0.026805229490528742,0.026805229490528742,False,False,,
true:fixed,1e4a740fd22b44dda3eed861e6e3f170,9,8da854b2bced46f7a59f39a4d42bbfd2,0.669628310815622,0.6664976089769881,0.0031307018386339536,0.5479724809070219,0.5036046062707056,0.04436787463631631,-0.04436787463631631,False,False,,
true:fixed,1e4a740fd22b44dda3eed861e6e3f170,10,1e46c82d6a804cf1aaa9d2d6b5b5ef27,0.5488327939487845,0.5727613226716047,-0.023928528722820253,0.8322232234527382,0.7861987721306357,0.04602445132210253,-0.04602445132210253,False,False,,
true:fixed,1e4a740fd22b44dda3eed861e6e3f170,12,d364275322c4483fbf86df22f0e7a315,0.5048580379496188,0.5277722062619497,-0.02291416831233084,0.8703768697958462,0.8187412467042464,0.05163562309159975,-0.05163562309159975,False,False,,
true:fixed,1e4a740fd22b44dda3eed861e6e3f170,14,12f431b160be4858a51cced6955c37bd,0.4801482620302279,0.5162071048297885,-0.036058842799560564,0.9815840804031254,0.9007936488505063,0.08079043155261911,-0.08079043155261911,False,False,,
true:fixed,2ef4b4d20b064d34b754f68e48f5a5c2,0,c502570cba9749f7bd89494803a52c02,0.9999999999999917,0.9999999999999917,0.0,0.0,0.0,0.0,0.0,False,False,,
true:fixed,2ef4b4d20b064d34b754f68e48f5a5c2,1,274b134fb2324486ae253eb6e24f900d,0.9290226788515042,0.9293297102694209,-0.0003070314179166589,0.06186181735262617,0.06259159092192815,-0.0007297735693019766,0.0007297735693019766,False,False,,
true:fixed,2ef4b4d20b064d34b754f68e48f5a5c2,2,a977b0e797694036a9c40ab80f9d0ebc,0.9239046500776279,0.9295850941326774,-0.005680444055049527,0.08678257157125645,0.0870068965384192,-0.00022432496716275063,0.00022432496716275063,False,False,,
true:fixed,2ef4b4d20b064d34b754f68e48f5a5c2,4,3e92d615685942dfab6edb5a0a7678e6,0.8927111324148143,0.8919705977613641,0.0007405346534501422,0.11100598060802964,0.11234442437844244,-0.0013384437704127977,0.0013384437704127977,False,False,,
true:fixed,2ef4b4d20b064d34b754f68e48f5a5c2,8,882819f68f5e4be698694e673c71c6ab,0.8099820680684553,0.8083034399624841,0.0016786281059711916,0.23425544629109415,0.23667875693903423,-0.0024233106479400746,0.0024233106479400746,False,False,,
true:fixed,2ef4b4d20b064d34b754f68e48f5a5c2,9,f6bf5986ca8a49c082c0e4d892de767c,0.7526162552928917,0.7541534051434051,-0.0015371498505134529,0.3013258209703285,0.29999993530974123,0.0013258856605872782,-0.0013258856605872782,False,False,,
true:fixed,2ef4b4d20b064d34b754f68e48f5a5c2,10,69e5c0a974344a2b89e9e351a5b79461,0.7117063378383777,0.7100908769725921,0.0016154608657855674,0.33939023089853004,0.34170856377206926,-0.0023183328735392195,0.0023183328735392195,False,False,,
true:fixed,2ef4b4d20b064d34b754f68e48f5a5c2,12,c71884fb34d046258c12cf018513d8cc,0.6975356206094419,0.693996472345843,0.0035391482635988014,0.3775338565401428,0.38062374490038864,-0.0030898883602458183,0.0030898883602458183,False,False,,
true:fixed,2ef4b4d20b064d34b754f68e48f5a5c2,16,5087c0b3f84741178f42d668fbdf506f,0.6423853269975222,0.6352077138798293,0.007177613117692827,0.3930393573005336,0.3990767874926417,-0.0060374301921081175,0.0060374301921081175,False,False,,
true:fixed,2ef4b4d20b064d34b754f68e48f5a5c2,17,13055b928600455db08cf9ae57d8d4c7,0.6296188915834522,0.6208727038264554,0.00874618775699676,0.4023688846729785,0.4097753606821535,-0.007406476009174989,0.007406476009174989,False,False,,
true:fixed,2ef4b4d20b064d34b754f68e48f5a5c2,18,220b431fd37e436f98aa1c868eee5828,0.6183208865151818,0.6089852842544912,0.009335602260690634,0.4113179999795735,0.41932254742875086,-0.008004547449177335,0.008004547449177335,False,False,,
true:fixed,2ef4b4d20b064d34b754f68e48f5a5c2,20,103914217786464998f1e48a2c20cef0,0.6324769327070003,0.623121223211123,0.009355709495877385,0.3293777911183725,0.33906097190198053,-0.009683180783608025,0.009683180783608025,False,False,,
true:fixed,2ef4b4d20b064d34b754f68e48f5a5c2,24,029f10e7436740a0a04feab4ab3aeddc,0.6216734421122101,0.612180037781301,0.009493404330909061,0.33870585602501696,0.3488921330424894,-0.010186277017472434,0.010186277017472434,False,False,,
true:fixed,2ef4b4d20b064d34b754f68e48f5a5c2,25,d364275322c4483fbf86df22f0e7a315,0.6216467750307842,0.6099379143001726,0.011708860730611614,0.33443370401383926,0.34733709610737906,-0.0129033920935398,0.0129033920935398,False,False,,
true:fixed,2ef4b4d20b064d34b754f68e48f5a5c2,26,c98b06812964464093b23c3734532d06,0.6103150579217921,0.596773953203114,0.013541104718678088,0.34708824581974496,0.3626938449320355,-0.015605599112290536,0.015605599112290536,False,False,,
true:fixed,2ef4b4d20b064d34b754f68e48f5a5c2,27,12f431b160be4858a51cced6955c37bd,0.6023263316667806,0.5878143262509969,0.01451200541578368,0.35651458892642235,0.37376919909061757,-0.017254610164195217,0.017254610164195217,False,False,,
true:fixed,143ecd5e93614768bdb3da695e76c409,0,5b954ca864914a37aaaf0879249ace6a,1.0000000000001918,1.0000000000001918,0.0,0.0,0.0,0.0,0.0,False,False,,
true:fixed,143ecd5e93614768bdb3da695e76c409,1,9e10d5419ffa43ce9f70766b4a5a0292,0.8775658959798363,0.8775824328882704,-1.653690843417266e-05,0.11652408592244654,0.11650978178263263,1.4304139813903216e-05,-1.4304139813903216e-05,False,False,,
true:fixed,143ecd5e93614768bdb3da695e76c409,2,12c5d6c3dc424561b9192b76b45af6fd,0.3754680873832106,0.37546782064217465,2.6674103592583265e-07,1.3339236801291976,1.3339043887086803,1.9291420517264513e-05,-1.9291420517264513e-05,False,False,,
true:fixed,143ecd5e93614768bdb3da695e76c409,4,f6bf5986ca8a49c082c0e4d892de767c,0.38266933190528996,0.38266977611101155,-4.4420572159475924e-07,1.3352232046204238,1.3352179436982412,5.260922182559469e-06,-5.260922182559469e-06,False,False,,
true:fixed,143ecd5e93614768bdb3da695e76c409,8,ee7d01fd902d4185a54112e1f1210e41,0.37096295015061287,0.370918552659839,4.439749077389532e-05,1.339478313515158,1.3398287745573298,-0.0003504610421718457,0.0003504610421718457,False,False,,
true:fixed,143ecd5e93614768bdb3da695e76c409,9,df7d0426da5346deae21136ea3cba58b,0.3708394273976747,0.3707895357311514,4.989166652330512e-05,1.3341951801779433,1.334597620702052,-0.0004024405241087603,0.0004024405241087603,False,False,,
true:fixed,143ecd5e93614768bdb3da695e76c409,10,ba7fb622e77447f6aa58ab1fff9ed0cf,0.3549888719550729,0.35504520516428445,-5.633320921155649e-05,1.3394775021757785,1.338704592982206,0.0007729091935726462,-0.0007729091935726462,False,False,,
true:fixed,143ecd5e93614768bdb3da695e76c409,12,13055b928600455db08cf9ae57d8d4c7,0.3351921009191534,0.3352469941011,-5.4893181946569225e-05,1.326011385951112,1.325443437436125,0.0005679485149869823,-0.0005679485149869823,False,False,,
true:fixed,143ecd5e93614768bdb3da695e76c409,16,9f35db3dd17c41e4875c2f54bd71fc29,0.30704770661044295,0.3070121601924503,3.554641799263791e-05,1.3817029998369281,1.3827089463599211,-0.0010059465229930176,0.0010059465229930176,False,False,,
true:fixed,143ecd5e93614768bdb3da695e76c409,17,8da854b2bced46f7a59f39a4d42bbfd2,0.3040378771467635,0.30405513130295436,-1.7254156190860126e-05,1.3939722887825587,1.3944077084788429,-0.0004354196962841339,0.0004354196962841339,False,False,,
true:fixed,143ecd5e93614768bdb3da695e76c409,18,1e46c82d6a804cf1aaa9d2d6b5b5ef27,0.29128137064360937,0.2912009905459335,8.038009767585841e-05,1.4854005082043371,1.4878532740044021,-0.0024527658000650376,0.0024527658000650376,False,False,,
true:fixed,143ecd5e93614768bdb3da695e76c409,20,d364275322c4483fbf86df22f0e7a315,0.266209543229575,0.266447850733798,-0.00023830750422298985,1.6877463851674857,1.6848622479830933,0.002884137184392399,-0.002884137184392399,False,False,,
true:fixed,143ecd5e93614768bdb3da695e76c409,22,12f431b160be4858a51cced6955c37bd,0.2687811665239729,0.26968026768127795,-0.0008991011573050711,1.6587415011188877,1.6477770651852948,0.010964435933592975,-0.010964435933592975,False,False,,
true:fixed,4a8058d0441a46d381995e1af1086039,0,c71884fb34d046258c12cf018513d8cc,0.9999999999998561,0.9999999999998561,0.0,0.0,0.0,0.0,0.0,False,False,,
true:fixed,4a8058d0441a46d381995e1af1086039,1,ee7d01fd902d4185a54112e1f1210e41,0.9908779156796755,0.9908779156796755,0.0,0.006635195249498125,0.006635195249498125,0.0,0.0,False,False,,
true:fixed,4a8058d0441a46d381995e1af1086039,2,df7d0426da5346deae21136ea3cba58b,0.9741939901485241,0.9741939901485241,0.0,0.01944470236458566,0.01944470236458566,0.0,0.0,False,False,,
true:fixed,4a8058d0441a46d381995e1af1086039,4,5087c0b3f84741178f42d668fbdf506f,0.9494106751731499,0.9494106751731499,0.0,0.040513485634010866,0.040513485634010866,0.0,0.0,False,False,,
true:fixed,4a8058d0441a46d381995e1af1086039,8,103914217786464998f1e48a2c20cef0,0.816782684685704,0.8534114300717807,-0.03662874538607663,0.32116844194224425,0.32431605638561567,-0.003147614443371416,0.003147614443371416,False,False,,
true:fixed,4a8058d0441a46d381995e1af1086039,9,9f35db3dd17c41e4875c2f54bd71fc29,0.8183671911595177,0.8445060026182973,-0.02613881145877961,0.33880496732000065,0.3439657746577152,-0.005160807337714568,0.005160807337714568,False,False,,
true:fixed,4a8058d0441a46d381995e1af1086039,10,8da854b2bced46f7a59f39a4d42bbfd2,0.8175825312547509,0.8335652135356999,-0.015982682280949012,0.3616329042549007,0.36737332915256227,-0.005740424897661578,0.005740424897661578,False,False,,
true:fixed,4a8058d0441a46d381995e1af1086039,12,029f10e7436740a0a04feab4ab3aeddc,0.8564711255157569,0.8661136067538163,-0.009642481238059442,0.26114469661685696,0.266961366989508,-0.005816670372651045,0.005816670372651045,False,False,,
true:fixed,4a8058d0441a46d381995e1af1086039,15,12f431b160be4858a51cced6955c37bd,0.8615870775771671,0.8634454261418162,-0.0018583485646490594,0.261342660034076,0.2672288956359517,-0.005886235601875678,0.005886235601875678,False,False,,
true:fixed,34daad97663c4e8ea00f842adc581ab5,0,65e07a70e6b5404a87bf34e49d4c0924,0.9999999999999338,0.9999999999999338,0.0,0.0,0.0,0.0,0.0,False,False,,
true:fixed,34daad97663c4e8ea00f842adc581ab5,1,9ab5069c183c492b82b0ab30133080c1,0.8721001851590665,0.8719796961741632,0.00012048898490335525,0.08397214898683726,0.08399925888364529,-2.7109896808028e-05,2.7109896808028e-05,False,False,,
true:fixed,34daad97663c4e8ea00f842adc581ab5,2,4258ba3b8b8142f48c3249d310a8c3d2,0.8746761948205677,0.8733129488308287,0.0013632459897390259,0.11004858379357127,0.11141646171781198,-0.0013678779242407152,0.0013678779242407152,False,False,,
true:fixed,34daad97663c4e8ea00f842adc581ab5,4,83f3eb36fc7144ab902e192db3a98c06,0.8224419823324276,0.8214657269126587,0.0009762554197688678,0.1623129150542891,0.16252817076795542,-0.00021525571366631802,0.00021525571366631802,False,False,,
true:fixed,34daad97663c4e8ea00f842adc581ab5,8,cb440b4d1912467fb51d871f0ccf8e8a,0.8213118644655174,0.8194009026446766,0.0019109618208408286,0.16387916176442968,0.16667723512575153,-0.0027980733613218456,0.0027980733613218456,False,False,,
true:fixed,34daad97663c4e8ea00f842adc581ab5,9,13546ea263ff48f49899cb30ac0004e9,0.7843908238306305,0.7807344333072015,0.0036563905234290317,0.24345099310819954,0.2511178007363248,-0.007666807628125244,0.007666807628125244,False,False,,
true:fixed,34daad97663c4e8ea00f842adc581ab5,10,9b77dad2bdcf4814b042fa47889f19f6,0.6968844907250653,0.6950881703153686,0.0017963204096966834,0.32710249699958815,0.3379236323140908,-0.010821135314502628,0.010821135314502628,False,False,,
true:fixed,34daad97663c4e8ea00f842adc581ab5,12,097394612e494d1ebe1750ed54a27763,0.6432730519563112,0.6415440158036868,0.0017290361526244302,0.5521416829990066,0.5641902410254026,-0.012048558026396039,0.012048558026396039,False,False,,
true:fixed,34daad97663c4e8ea00f842adc581ab5,16,63d7813869b34ee9aa65064e93775e58,0.5310626173992529,0.5294102994897794,0.0016523179094735108,0.7721429679543024,0.7848919253030413,-0.012748957348738932,0.012748957348738932,False,False,,
true:fixed,34daad97663c4e8ea00f842adc581ab5,17,3d5a6fe339f3490297e4b9d1f3949618,0.5334695481223103,0.5316831174467435,0.0017864306755668302,0.6972213415144108,0.7099540480590598,-0.012732706544648975,0.012732706544648975,False,False,,
true:fixed,34daad97663c4e8ea00f842adc581ab5,18,306e66375cf94c7881864ba03782d2d2,0.7137853974257113,0.7115292385511184,0.0022561588745929617,0.5839569191597723,0.5976327841378217,-0.013675864978049401,0.013675864978049401,False,False,,
true:fixed,34daad97663c4e8ea00f842adc581ab5,20,60448167db014ef49dcfb65d89d69b3f,0.7243394482249853,0.7217441487190296,0.002595299505955717,0.42410944566608844,0.4379360971205169,-0.013826651454428462,0.013826651454428462,False,False,,
true:fixed,34daad97663c4e8ea00f842adc581ab5,24,4734352144ac49a7b02960b99573fc14,0.7000132544999882,0.6969343662497006,0.0030788882502875703,0.4457949448086323,0.46029623011048515,-0.014501285301852851,0.014501285301852851,False,False,,
true:fixed,34daad97663c4e8ea00f842adc581ab5,25,0ab9ec2730894df2b48df70d0d2e84a9,0.7313193526598339,0.7283758853543224,0.002943467305511538,0.43512299918129954,0.4484182815816233,-0.013295282400323738,0.013295282400323738,False,False,,
true:fixed,34daad97663c4e8ea00f842adc581ab5,26,cb708f56b6104d638f93e3906cba5b82,0.7032091672074032,0.6976739712054981,0.005535196001905107,0.5577509063413985,0.5716232491048513,-0.013872342763452838,0.013872342763452838,False,False,,
true:fixed,ca5b3ca5aea745ee8fe12b0f74d77f8e,0,65e07a70e6b5404a87bf34e49d4c0924,1.0000000000000049,1.0000000000000049,0.0,0.0,0.0,0.0,0.0,False,False,,
true:fixed,ca5b3ca5aea745ee8fe12b0f74d77f8e,1,9ab5069c183c492b82b0ab30133080c1,0.9442844300638484,0.943410369906191,0.0008740601576574525,0.03468947007779951,0.035253760985250175,-0.0005642909074506652,0.0005642909074506652,False,False,,
true:fixed,ca5b3ca5aea745ee8fe12b0f74d77f8e,2,4258ba3b8b8142f48c3249d310a8c3d2,0.8947964035080493,0.8936762465626344,0.0011201569454148963,0.06780038042188369,0.06854609223129861,-0.0007457118094149201,0.0007457118094149201,False,False,,
true:fixed,ca5b3ca5aea745ee8fe12b0f74d77f8e,4,83f3eb36fc7144ab902e192db3a98c06,0.8132227562714864,0.8121265295475966,0.0010962267238898704,0.1274101075874983,0.12823647157149445,-0.000826363983996159,0.000826363983996159,False,False,,
true:fixed,ca5b3ca5aea745ee8fe12b0f74d77f8e,8,cb440b4d1912467fb51d871f0ccf8e8a,0.6928988687593743,0.6926441243729339,0.00025474438644046415,0.26051883902442274,0.2601176245456936,0.0004012144787291505,-0.0004012144787291505,False,False,,
true:fixed,ca5b3ca5aea745ee8fe12b0f74d77f8e,9,13546ea263ff48f49899cb30ac0004e9,0.6014958392665561,0.6014679070842841,2.7932182272039086e-05,0.3682539494651184,0.36805387228832226,0.000200077176796154,-0.000200077176796154,False,False,,
true:fixed,ca5b3ca5aea745ee8fe12b0f74d77f8e,10,9b77dad2bdcf4814b042fa47889f19f6,0.5245213088479795,0.5244357232253244,8.55856226551488e-05,0.47617736633758156,0.4758301721216527,0.000347194215928881,-0.000347194215928881,False,False,,
true:fixed,ca5b3ca5aea745ee8fe12b0f74d77f8e,12,097394612e494d1ebe1750ed54a27763,0.401556474957789,0.40147878642370305,7.768853408596232e-05,0.6922625945218055,0.6918575417083829,0.0004050528134226239,-0.0004050528134226239,False,False,,
true:fixed,ca5b3ca5aea745ee8fe12b0f74d77f8e,16,63d7813869b34ee9aa65064e93775e58,0.352073777997843,0.35200895584302033,6.482215482267462e-05,0.8475594237227183,0.8462315364872457,0.0013278872354726134,-0.0013278872354726134,False,False,,
true:fixed,ca5b3ca5aea745ee8fe12b0f74d77f8e,17,3d5a6fe339f3490297e4b9d1f3949618,0.33635032126319075,0.3363197125852011,3.0608677989651945e-05,0.8956192530534609,0.8950067161552284,0.0006125368982324852,-0.0006125368982324852,False,False,,
true:fixed,ca5b3ca5aea745ee8fe12b0f74d77f8e,18,306e66375cf94c7881864ba03782d2d2,0.33531366064798307,0.3352767197078715,3.6940940111585e-05,0.8890945857454172,0.8882113161172557,0.0008832696281615426,-0.0008832696281615426,False,False,,
true:fixed,ca5b3ca5aea745ee8fe12b0f74d77f8e,20,60448167db014ef49dcfb65d89d69b3f,0.3192254338168673,0.32045804235919806,-0.0012326085423307598,0.8940395119974354,0.89245181333026,0.0015876986671753412,-0.0015876986671753412,False,False,,
true:fixed,ca5b3ca5aea745ee8fe12b0f74d77f8e,24,4734352144ac49a7b02960b99573fc14,0.37417094243020843,0.37597718065347224,-0.001806238223263812,0.7713174637211531,0.769181605397979,0.002135858323174089,-0.002135858323174089,False,False,,
true:fixed,ca5b3ca5aea745ee8fe12b0f74d77f8e,25,0ab9ec2730894df2b48df70d0d2e84a9,0.4088787734397203,0.40755621515552526,0.00132255828419503,0.7233267917946564,0.7239540221812301,-0.0006272303865736406,0.0006272303865736406,False,False,,
true:fixed,ca5b3ca5aea745ee8fe12b0f74d77f8e,26,cb708f56b6104d638f93e3906cba5b82,0.4439920974791629,0.44033566915958366,0.0036564283195792413,0.6779780431123666,0.680470594840201,-0.002492551727834358,0.002492551727834358,False,False,,
true:fixed,ca5b3ca5aea745ee8fe12b0f74d77f8e,28,7f769bb638214009813b92df0cfb501a,0.5085156211233374,0.5063140490108674,0.0022015721124699628,0.5804743786699121,0.5813441670931635,-0.0008697884232513609,0.0008697884232513609,False,False,,
true:fixed,ca5b3ca5aea745ee8fe12b0f74d77f8e,32,15f4465f9fe44b80ab54908983b1cf68,0.6549150902092937,0.6507995530873489,0.00411553712194479,0.42233779005864985,0.42337845233511145,-0.0010406622764616014,0.0010406622764616014,False,False,,
true:fixed,ca5b3ca5aea745ee8fe12b0f74d77f8e,33,f94199c2a589484d8e32dd6bf4931d4f,0.70414901192717,0.6982526317631497,0.005896380164020387,0.3942597386912371,0.3958334796188032,-0.0015737409275661252,0.0015737409275661252,False,False,,
true:fixed,ca5b3ca5aea745ee8fe12b0f74d77f8e,34,a07f902656eb4f0fb2e5a77f803fb37c,0.7478179696474097,0.7421220557897434,0.005695913857666213,0.38189644377342846,0.382789377204877,-0.0008929334314485282,0.0008929334314485282,False,False,,
true:fixed,ca5b3ca5aea745ee8fe12b0f74d77f8e,36,7ac804cee1cd4d48ac2ea0ac97726bc9,0.7096128056752007,0.7079024325927185,0.0017103730824822305,0.38972617051489844,0.38991852665226034,-0.00019235613736190427,0.00019235613736190427,False,False,,
true:fixed,ca5b3ca5aea745ee8fe12b0f74d77f8e,39,bc84a61f13f744cd8f5aa8e888ce879b,0.18280231792451723,0.18304654742930881,-0.0002442295047915821,1.1699125330774325,1.1678007147010727,0.002111818376359764,-0.002111818376359764,False,False,,
true:fixed,720ca55c654a4ac8bfe9babd1c1072be,0,4258ba3b8b8142f48c3249d310a8c3d2,0.9999999999999929,0.9999999999999929,0.0,0.0,0.0,0.0,0.0,False,False,,
true:fixed,720ca55c654a4ac8bfe9babd1c1072be,1,8970a737ebee4443af37102473aaef8b,0.8997787996327596,0.9002369592433168,-0.0004581596105571739,0.0600589544575795,0.05995566787245668,0.0001032865851228193,-0.0001032865851228193,False,False,,
true:fixed,720ca55c654a4ac8bfe9babd1c1072be,2,83f3eb36fc7144ab902e192db3a98c06,0.92575389639362,0.9238154056720256,0.0019384907215944658,0.051344934770488806,0.05300727029985201,-0.001662335529363207,0.001662335529363207,False,False,,
true:fixed,720ca55c654a4ac8bfe9babd1c1072be,4,ef823f39fe034fdc9651a363fc81327b,0.8580602990322181,0.8595384706639807,-0.0014781716317625593,0.08931752452920086,0.08808936141293656,0.0012281631162642942,-0.0012281631162642942,False,False,,
true:fixed,720ca55c654a4ac8bfe9babd1c1072be,8,9b77dad2bdcf4814b042fa47889f19f6,0.5143212362113811,0.5155906874000258,-0.0012694511886446325,0.599819322852446,0.5962144280414013,0.0036048948110446455,-0.0036048948110446455,False,False,,
true:fixed,720ca55c654a4ac8bfe9babd1c1072be,9,2b77a910c5e749f9a620d893361c1976,0.48150992440167956,0.4832589969164415,-0.001749072514761918,0.6253250976863752,0.6210744809417522,0.004250616744623015,-0.004250616744623015,False,False,,
true:fixed,720ca55c654a4ac8bfe9babd1c1072be,10,097394612e494d1ebe1750ed54a27763,0.4508933101189853,0.4521235893536452,-0.0012302792346599034,0.6522276130342861,0.6486439113774416,0.003583701656844518,-0.003583701656844518,False,False,,
true:fixed,720ca55c654a4ac8bfe9babd1c1072be,12,746857c6bd46430fa4b5b82186e716e0,0.47967327841962343,0.4807097700977086,-0.0010364916780851718,0.6457015277540029,0.6422339828201507,0.0034675449338522624,-0.0034675449338522624,False,False,,
true:fixed,720ca55c654a4ac8bfe9babd1c1072be,16,306e66375cf94c7881864ba03782d2d2,0.6274576552120568,0.6304592726176673,-0.003001617405610557,0.4808835980844296,0.47621309476889206,0.004670503315537533,-0.004670503315537533,False,False,,
true:fixed,720ca55c654a4ac8bfe9babd1c1072be,17,49cd09e4a07145258972fc4e6b18e42d,0.6233573517039526,0.6259715659754096,-0.002614214271457027,0.5075344453272179,0.5031298598087169,0.004404585518500981,-0.004404585518500981,False,False,,
true:fixed,720ca55c654a4ac8bfe9babd1c1072be,18,60448167db014ef49dcfb65d89d69b3f,0.6261933168714876,0.6287180598987345,-0.002524743027246923,0.5048159829055251,0.5005002253837177,0.004315757521807351,-0.004315757521807351,False,False,,
true:fixed,720ca55c654a4ac8bfe9babd1c1072be,20,a82ac06abf0d4d5ea70af9e19e82305e,0.5335240694499908,0.5346504241961932,-0.0011263547462024848,0.543366082084746,0.5417471809521499,0.0016189011325961067,-0.0016189011325961067,False,False,,
true:fixed,720ca55c654a4ac8bfe9babd1c1072be,24,cb708f56b6104d638f93e3906cba5b82,0.6816543479385397,0.6827347168387058,-0.001080368900166051,0.40325467791199227,0.4015765532951898,0.0016781246168024455,-0.0016781246168024455,False,False,,
true:fixed,63510eb8f6ed4b3189002b1f2648ea1f,0,ef4fbe4064a74ce6b0a52cb3dd2e0bf0,0.999999999999978,0.999999999999978,0.0,0.0,0.0,0.0,0.0,False,False,,
true:fixed,63510eb8f6ed4b3189002b1f2648ea1f,1,63d7813869b34ee9aa65064e93775e58,0.910221544034271,0.910221544034271,0.0,0.07708436936239402,0.07708436936239402,0.0,0.0,True,True,,
true:fixed,63510eb8f6ed4b3189002b1f2648ea1f,2,3d5a6fe339f3490297e4b9d1f3949618,0.822528969410435,0.822528969410435,0.0,0.17002116984059037,0.17002116984059037,0.0,0.0,False,False,,
true:fixed,63510eb8f6ed4b3189002b1f2648ea1f,4,49cd09e4a07145258972fc4e6b18e42d,0.6944962335150581,0.6944993761454212,-3.142630363162091e-06,0.37718200375282307,0.37718283940927616,-8.356564530909161e-07,8.356564530909161e-07,False,False,,
true:fixed,63510eb8f6ed4b3189002b1f2648ea1f,8,2a572213c61c4d40a1955c2aecee6104,0.5764543778180308,0.5764548273828198,-4.495647890623289e-07,0.46436728865494664,0.46437337767181674,-6.089016870103325e-06,6.089016870103325e-06,False,False,,
true:fixed,63510eb8f6ed4b3189002b1f2648ea1f,9,4734352144ac49a7b02960b99573fc14,0.5606931596913783,0.5607158137075643,-2.2654016185952308e-05,0.4200210270696123,0.4199578278250826,6.319924452968806e-05,-6.319924452968806e-05,False,False,,
true:fixed,63510eb8f6ed4b3189002b1f2648ea1f,10,0ab9ec2730894df2b48df70d0d2e84a9,0.5219269571268942,0.5219240828887061,2.874238188121936e-06,0.46876850114675667,0.46869718141388794,7.131973286872428e-05,-7.131973286872428e-05,False,False,,
true:fixed,63510eb8f6ed4b3189002b1f2648ea1f,12,fd6002d736cb405796fc4fbdd5af6f7f,0.4446744379573081,0.4442639002200735,0.0004105377372345953,0.5900186942856045,0.5908483581854825,-0.0008296638998780415,0.0008296638998780415,False,False,,
true:fixed,63510eb8f6ed4b3189002b1f2648ea1f,16,8a7007fd59cf4f39a3855b0e82136105,0.28191180048472403,0.2820416768180607,-0.00012987633333666482,0.8705661462130696,0.8705808522798456,-1.4706066776004612e-05,1.4706066776004612e-05,False,False,,
true:fixed,63510eb8f6ed4b3189002b1f2648ea1f,17,15f4465f9fe44b80ab54908983b1cf68,0.2435148256141807,0.24332229630672647,0.00019252930745422558,0.9459727795490314,0.9468285886456214,-0.0008558090965899989,0.0008558090965899989,False,False,,
true:fixed,63510eb8f6ed4b3189002b1f2648ea1f,18,f94199c2a589484d8e32dd6bf4931d4f,0.20687384885300616,0.20669037989339864,0.00018346895960752452,1.0254516261171456,1.0263571730307754,-0.0009055469136298733,0.0009055469136298733,False,False,,
true:fixed,63510eb8f6ed4b3189002b1f2648ea1f,20,bec365d878c4413d85d5fbb3eb3b3f46,0.1467589497067816,0.14710133639223213,-0.00034238668545052975,1.1723233811967966,1.1713073619928493,0.0010160192039472271,-0.0010160192039472271,False,False,,
true:fixed,63510eb8f6ed4b3189002b1f2648ea1f,24,bc84a61f13f744cd8f5aa8e888ce879b,0.029498113252580775,0.029631543249726347,-0.00013342999714557185,1.5415456233950162,1.5408307425503516,0.0007148808446646449,-0.0007148808446646449,False,False,,
true:fixed,63510eb8f6ed4b3189002b1f2648ea1f,25,76c090ac27774e66a592f40998d5537c,0.0006165422706586961,0.0006678114428755047,-5.1269172216808685e-05,1.6638001336958737,1.663636461380043,0.00016367231583069852,-0.00016367231583069852,False,False,,
true:fixed,6dafc154a9ef43ff8fd680620dc90433,0,65e07a70e6b5404a87bf34e49d4c0924,0.999999999999955,0.999999999999955,0.0,0.0,0.0,0.0,0.0,False,False,,
true:fixed,6dafc154a9ef43ff8fd680620dc90433,1,9ab5069c183c492b82b0ab30133080c1,0.9225648073544696,0.9225702820908706,-5.474736401001046e-06,0.07262301378998319,0.07268897299480905,-6.595920482585504e-05,6.595920482585504e-05,False,False,,
true:fixed,6dafc154a9ef43ff8fd680620dc90433,2,4258ba3b8b8142f48c3249d310a8c3d2,0.9151790952397805,0.9152811512089315,-0.00010205596915102699,0.06977414781430988,0.06955457704183439,0.00021957077247548862,-0.00021957077247548862,False,False,,
true:fixed,6dafc154a9ef43ff8fd680620dc90433,4,83f3eb36fc7144ab902e192db3a98c06,0.8770158148663832,0.8765248434841458,0.0004909713822374151,0.08206503124875067,0.08232033833802957,-0.0002553070892789,0.0002553070892789,False,False,,
true:fixed,6dafc154a9ef43ff8fd680620dc90433,8,cb440b4d1912467fb51d871f0ccf8e8a,0.7923547383672636,0.7919279011774056,0.0004268371898579204,0.16012172758558044,0.16040949160132592,-0.00028776401574548416,0.00028776401574548416,False,False,,
true:fixed,6dafc154a9ef43ff8fd680620dc90433,9,13546ea263ff48f49899cb30ac0004e9,0.7728544400617184,0.7725638220932071,0.0002906179685113752,0.1821991081440654,0.18277010017267628,-0.0005709920286108838,0.0005709920286108838,False,False,,
true:fixed,6dafc154a9ef43ff8fd680620dc90433,10,9b77dad2bdcf4814b042fa47889f19f6,0.7545280729990683,0.7542848206291907,0.00024325236987765564,0.2064194615023301,0.2071178061704916,-0.0006983446681615157,0.0006983446681615157,False,False,,
true:fixed,6dafc154a9ef43ff8fd680620dc90433,12,097394612e494d1ebe1750ed54a27763,0.7368366589066037,0.7373869730662101,-0.0005503141596064909,0.22647669792627118,0.2275658239006868,-0.0010891259744156279,0.0010891259744156279,False,False,,
true:fixed,6dafc154a9ef43ff8fd680620dc90433,16,63d7813869b34ee9aa65064e93775e58,0.8218007822870572,0.8217315962380225,6.918604903471959e-05,0.1478796441548874,0.14913471330218572,-0.00125506914729831,0.00125506914729831,False,False,,
true:fixed,6dafc154a9ef43ff8fd680620dc90433,17,3d5a6fe339f3490297e4b9d1f3949618,0.9145507067654051,0.9133824199491475,0.00116828681625758,0.08191579903500504,0.08429660427365498,-0.0023808052386499468,0.0023808052386499468,False,False,,
true:fixed,6dafc154a9ef43ff8fd680620dc90433,18,306e66375cf94c7881864ba03782d2d2,0.8655253173406562,0.8617560992121892,0.003769218128466978,0.10330322677617032,0.10678069269780259,-0.0034774659216322695,0.0034774659216322695,False,False,,
true:fixed,6dafc154a9ef43ff8fd680620dc90433,20,60448167db014ef49dcfb65d89d69b3f,0.6918378755063256,0.6882490756571652,0.0035887998491603845,0.2615602992840144,0.2639603370783542,-0.002400037794339782,0.002400037794339782,False,False,,
true:fixed,6dafc154a9ef43ff8fd680620dc90433,24,4734352144ac49a7b02960b99573fc14,0.7699375135039448,0.7654921381235572,0.004445375380387584,0.17606132349091233,0.179303996807265,-0.0032426733163526678,0.0032426733163526678,False,False,,
true:fixed,6dafc154a9ef43ff8fd680620dc90433,25,0ab9ec2730894df2b48df70d0d2e84a9,0.7653454036497809,0.761013935516144,0.004331468133636829,0.18096279604331347,0.1841984390935811,-0.0032356430502676337,0.0032356430502676337,False,False,,
true:fixed,6dafc154a9ef43ff8fd680620dc90433,26,cb708f56b6104d638f93e3906cba5b82,0.673671759944559,0.6677534796127992,0.005918280331759784,0.2790949631903934,0.2826841574647569,-0.003589194274363494,0.003589194274363494,False,False,,
true:fixed,e2878e5b8aa849a18e39baee3f3440bd,0,65e07a70e6b5404a87bf34e49d4c0924,0.9999999999999304,0.9999999999999304,0.0,0.0,0.0,0.0,0.0,False,False,,
true:fixed,e2878e5b8aa849a18e39baee3f3440bd,1,9ab5069c183c492b82b0ab30133080c1,0.9931460338721837,0.9931465898601594,-5.559879756589226e-07,0.005525102570027266,0.0057165633986939,-0.00019146082866663364,0.00019146082866663364,False,False,,
true:fixed,e2878e5b8aa849a18e39baee3f3440bd,2,4258ba3b8b8142f48c3249d310a8c3d2,0.9871000121027474,0.9876795516858222,-0.0005795395830747729,0.00949701354589727,0.008779890416847588,0.0007171231290496825,-0.0007171231290496825,False,False,,
true:fixed,e2878e5b8aa849a18e39baee3f3440bd,4,83f3eb36fc7144ab902e192db3a98c06,0.9757259226316277,0.9759739482641793,-0.00024802563255155174,0.019657540681385734,0.018328879880314352,0.0013286608010713817,-0.0013286608010713817,False,False,,
true:fixed,e2878e5b8aa849a18e39baee3f3440bd,8,cb440b4d1912467fb51d871f0ccf8e8a,0.9498495033290381,0.9502779260935389,-0.0004284227645008354,0.04219207011406778,0.04128690323277507,0.0009051668812927113,-0.0009051668812927113,False,False,,
true:fixed,e2878e5b8aa849a18e39baee3f3440bd,9,13546ea263ff48f49899cb30ac0004e9,0.945105381688129,0.9461483166126273,-0.0010429349244983621,0.045170663358391136,0.04369239376662134,0.0014782695917697972,-0.0014782695917697972,False,False,,
true:fixed,e2878e5b8aa849a18e39baee3f3440bd,10,9b77dad2bdcf4814b042fa47889f19f6,0.8629706054197832,0.8637252126868424,-0.0007546072670592263,0.1328337408695102,0.13217439095522085,0.0006593499142893422,-0.0006593499142893422,False,False,,
true:fixed,e2878e5b8aa849a18e39baee3f3440bd,12,097394612e494d1ebe1750ed54a27763,0.7180367849172618,0.7185489161998555,-0.000512131282593753,0.31700805541972715,0.31630656774264987,0.0007014876770772838,-0.0007014876770772838,False,False,,
true:fixed,e2878e5b8aa849a18e39baee3f3440bd,16,63d7813869b34ee9aa65064e93775e58,0.9329783108136295,0.9324301242231184,0.000548186590511035,0.05430202390277613,0.054492765501318055,-0.00019074159854192557,0.00019074159854192557,False,False,,
true:fixed,e2878e5b8aa849a18e39baee3f3440bd,17,3d5a6fe339f3490297e4b9d1f3949618,0.7575254451509859,0.7578149348153441,-0.00028948966435826673,0.2274540991393997,0.22796424998568954,-0.0005101508462898308,0.0005101508462898308,False,False,,
true:fixed,e2878e5b8aa849a18e39baee3f3440bd,18,306e66375cf94c7881864ba03782d2d2,0.5584193066535947,0.5587273305631104,-0.0003080239095156756,0.5087408226486342,0.5094297409575655,-0.0006889183089313633,0.0006889183089313633,False,False,,
true:fixed,e2878e5b8aa849a18e39baee3f3440bd,20,60448167db014ef49dcfb65d89d69b3f,0.6178716415691269,0.6181872547932344,-0.0003156132241075582,0.4133587766041253,0.4138718917282968,-0.0005131151241715148,0.0005131151241715148,False,False,,
true:fixed,e2878e5b8aa849a18e39baee3f3440bd,24,4734352144ac49a7b02960b99573fc14,0.6049305968749682,0.605365676708792,-0.0004350798338238482,0.42979388592417533,0.43014866622795705,-0.000354780303781721,0.000354780303781721,False,False,,
true:fixed,e2878e5b8aa849a18e39baee3f3440bd,25,0ab9ec2730894df2b48df70d0d2e84a9,0.6401336385300721,0.6406764537737746,-0.0005428152437024769,0.37495827766571427,0.3750797174585751,-0.0001214397928608335,0.0001214397928608335,False,False,,
true:fixed,e2878e5b8aa849a18e39baee3f3440bd,26,cb708f56b6104d638f93e3906cba5b82,0.5956453263810292,0.5963483001253077,-0.0007029737442785233,0.44275585101970877,0.44277865022446544,-2.2799204756673852e-05,2.2799204756673852e-05,False,False,,
true:fixed,e2878e5b8aa849a18e39baee3f3440bd,28,7f769bb638214009813b92df0cfb501a,0.5162775104170433,0.5172617488828101,-0.0009842384657667846,0.5750853167201896,0.5749406787243838,0.0001446379958057742,-0.0001446379958057742,False,False,,
true:fixed,e2878e5b8aa849a18e39baee3f3440bd,32,15f4465f9fe44b80ab54908983b1cf68,0.3794669733956712,0.38018677589334915,-0.000719802497677946,0.8441108239034568,0.844155219460355,-4.43955568981691e-05,4.43955568981691e-05,False,False,,
true:fixed,e2878e5b8aa849a18e39baee3f3440bd,33,f94199c2a589484d8e32dd6bf4931d4f,0.35486522179104946,0.355447453352438,-0.0005822315613885354,0.8999901846804952,0.8996200212222811,0.0003701634582140567,-0.0003701634582140567,False,False,,
true:fixed,e2878e5b8aa849a18e39baee3f3440bd,34,a07f902656eb4f0fb2e5a77f803fb37c,0.33155940848075915,0.3320276794682217,-0.000468270987462549,0.9555308432321051,0.9551185616930014,0.00041228153910377596,-0.00041228153910377596,False,False,,
true:fixed,e2878e5b8aa849a18e39baee3f3440bd,36,7ac804cee1cd4d48ac2ea0ac97726bc9,0.28698023360126274,0.28740257355201193,-0.0004223399507491954,1.0627497066405984,1.062411625562525,0.00033808107807331567,-0.00033808107807331567,False,False,,
true:fixed,e2878e5b8aa849a18e39baee3f3440bd,40,76c090ac27774e66a592f40998d5537c,0.2699329510103811,0.2702903481042119,-0.000357397093830758,1.1062503537137691,1.1059396440146132,0.00031070969915591995,-0.00031070969915591995,False,False,,
true:fixed,11a08ff383a6451bbda6b9af56cfa6e2,0,65e07a70e6b5404a87bf34e49d4c0924,1.0000000000000082,1.0000000000000082,0.0,0.0,0.0,0.0,0.0,False,False,,
true:fixed,11a08ff383a6451bbda6b9af56cfa6e2,1,9ab5069c183c492b82b0ab30133080c1,0.9451063043513287,0.9444426310041312,0.0006636733471975242,0.03753759166761602,0.03796416914067619,-0.0004265774730601718,0.0004265774730601718,False,False,,
true:fixed,11a08ff383a6451bbda6b9af56cfa6e2,2,4258ba3b8b8142f48c3249d310a8c3d2,0.8945612064865396,0.8948689478508924,-0.0003077413643528537,0.0748498969909661,0.07472491230942475,0.0001249846815413458,-0.0001249846815413458,False,False,,
true:fixed,11a08ff383a6451bbda6b9af56cfa6e2,4,83f3eb36fc7144ab902e192db3a98c06,0.809109177455284,0.8101200743994402,-0.0010108969441562365,0.14184354491584206,0.14120667797636013,0.0006368669394819226,-0.0006368669394819226,False,False,,
true:fixed,11a08ff383a6451bbda6b9af56cfa6e2,8,cb440b4d1912467fb51d871f0ccf8e8a,0.9073284011881835,0.8575321900201721,0.04979621116801136,0.15427256458315483,0.16610183461576258,-0.011829270032607753,0.011829270032607753,False,False,,
true:fixed,11a08ff383a6451bbda6b9af56cfa6e2,9,13546ea263ff48f49899cb30ac0004e9,0.8588134690225535,0.8964751629012632,-0.03766169387870966,0.19772552094941004,0.19350056840976018,0.004224952539649857,-0.004224952539649857,False,False,,
true:fixed,11a08ff383a6451bbda6b9af56cfa6e2,10,9b77dad2bdcf4814b042fa47889f19f6,0.7803894744961168,0.8143996299805643,-0.03401015548444741,0.2440100165578572,0.23056725369583594,0.013442762862021257,-0.013442762862021257,False,False,,
true:fixed,11a08ff383a6451bbda6b9af56cfa6e2,12,097394612e494d1ebe1750ed54a27763,0.6252515171839145,0.6530159154083982,-0.027764398224483733,0.4047143015026136,0.38454721699363237,0.020167084508981248,-0.020167084508981248,False,False,,
true:fixed,11a08ff383a6451bbda6b9af56cfa6e2,16,63d7813869b34ee9aa65064e93775e58,0.4765102048964582,0.5212100477724374,-0.04469984287597922,0.6438930180941715,0.6104337372262126,0.03345928086795891,-0.03345928086795891,False,False,,
true:fixed,11a08ff383a6451bbda6b9af56cfa6e2,17,3d5a6fe339f3490297e4b9d1f3949618,0.4333250588933938,0.4753872280124933,-0.04206216911909949,0.697214295539902,0.6577562378746,0.03945805766530197,-0.03945805766530197,False,False,,
true:fixed,11a08ff383a6451bbda6b9af56cfa6e2,18,306e66375cf94c7881864ba03782d2d2,0.4673723808333835,0.5134494330896827,-0.04607705225629921,0.6807434844583046,0.6408998339435447,0.03984365051475991,-0.03984365051475991,False,False,,
true:fixed,11a08ff383a6451bbda6b9af56cfa6e2,20,60448167db014ef49dcfb65d89d69b3f,0.39603098091840105,0.4365313709969207,-0.04050039007851963,0.6871380997367726,0.6378751047208002,0.04926299501597242,-0.04926299501597242,False,False,,
true:fixed,11a08ff383a6451bbda6b9af56cfa6e2,24,4734352144ac49a7b02960b99573fc14,0.4819988146543902,0.5301503737478948,-0.04815155909350455,0.5371513722584134,0.4885993735594026,0.04855199869901078,-0.04855199869901078,False,False,,
true:fixed,11a08ff383a6451bbda6b9af56cfa6e2,25,0ab9ec2730894df2b48df70d0d2e84a9,0.5142578872657667,0.5653435554836214,-0.05108566821785465,0.5223699456205326,0.4774558260171708,0.044914119603361835,-0.044914119603361835,False,False,,
true:fixed,11a08ff383a6451bbda6b9af56cfa6e2,26,cb708f56b6104d638f93e3906cba5b82,0.5489364121088582,0.6036138489468271,-0.054677436837968885,0.5102713134439216,0.4689071569896241,0.04136415645429753,-0.04136415645429753,False,False,,
true:fixed,11a08ff383a6451bbda6b9af56cfa6e2,28,7f769bb638214009813b92df0cfb501a,0.6261491958528643,0.6888415415591493,-0.06269234570628501,0.5014307560859793,0.4701790825692231,0.03125167351675623,-0.03125167351675623,False,False,,
true:fixed,11a08ff383a6451bbda6b9af56cfa6e2,30,770820077d44452a8428299e33808c0f,0.5927014307658948,0.6501135009628398,-0.05741207019694505,0.602092299719501,0.5739913195948009,0.02810098012470008,-0.02810098012470008,False,False,,
true:fixed,0cfdfb5bbe8a41268271e24f2edefb9c,0,65e07a70e6b5404a87bf34e49d4c0924,1.0000000000000913,1.0000000000000913,0.0,0.0,0.0,0.0,0.0,False,False,,
true:fixed,0cfdfb5bbe8a41268271e24f2edefb9c,1,9ab5069c183c492b82b0ab30133080c1,0.9727803902146045,0.9727754693046181,4.920909986383393e-06,0.025122169735338165,0.025116603072157993,5.5666631801724875e-06,-5.5666631801724875e-06,False,False,,
true:fixed,0cfdfb5bbe8a41268271e24f2edefb9c,2,4258ba3b8b8142f48c3249d310a8c3d2,0.9486464147875512,0.9486702062983609,-2.379151080966757e-05,0.0490890239688233,0.04905958557077764,2.943839804565862e-05,-2.943839804565862e-05,False,False,,
true:fixed,0cfdfb5bbe8a41268271e24f2edefb9c,4,83f3eb36fc7144ab902e192db3a98c06,0.9159100788833329,0.9159088022986012,1.2765847317020018e-06,0.06651726950058198,0.06656981649995013,-5.254699936814433e-05,5.254699936814433e-05,False,False,,
true:fixed,0cfdfb5bbe8a41268271e24f2edefb9c,8,cb440b4d1912467fb51d871f0ccf8e8a,0.84610911319715,0.8461578347627751,-4.8721565625076124e-05,0.11330721696268828,0.1132606171038966,4.6599858791684934e-05,-4.6599858791684934e-05,True,True,,
true:fixed,0cfdfb5bbe8a41268271e24f2edefb9c,9,13546ea263ff48f49899cb30ac0004e9,0.8230788036042644,0.8231257257965456,-4.692219228119576e-05,0.13661107678986287,0.1365567332437191,5.434354614378134e-05,-5.434354614378134e-05,True,True,,
true:fixed,0cfdfb5bbe8a41268271e24f2edefb9c,10,9b77dad2bdcf4814b042fa47889f19f6,0.8001943303557278,0.8002391016308903,-4.477127516244739e-05,0.16219631951365512,0.16213707195752455,5.924755613057053e-05,-5.924755613057053e-05,True,True,,
true:fixed,0cfdfb5bbe8a41268271e24f2edefb9c,12,097394612e494d1ebe1750ed54a27763,0.7648772863343458,0.7649193613328744,-4.20749985285962e-05,0.20812813850271408,0.208064910349224,6.322815349008026e-05,-6.322815349008026e-05,True,True,,
true:fixed,0cfdfb5bbe8a41268271e24f2edefb9c,16,63d7813869b34ee9aa65064e93775e58,0.7002991183085625,0.7003354519368562,-3.633362829369435e-05,0.3028427224420806,0.3027758209484155,6.690149366511688e-05,-6.690149366511688e-05,True,True,,
true:fixed,0cfdfb5bbe8a41268271e24f2edefb9c,17,3d5a6fe339f3490297e4b9d1f3949618,0.694859769718977,0.6949083696905981,-4.8599971621099414e-05,0.29222615849731165,0.2921507842666346,7.537423067704996e-05,-7.537423067704996e-05,False,False,,
true:fixed,0cfdfb5bbe8a41268271e24f2edefb9c,18,306e66375cf94c7881864ba03782d2d2,0.6872606692835769,0.6872869104178517,-2.624113427485142e-05,0.2875518533496493,0.2875113943087181,4.045904093119557e-05,-4.045904093119557e-05,False,False,,
true:fixed,0cfdfb5bbe8a41268271e24f2edefb9c,20,60448167db014ef49dcfb65d89d69b3f,0.6535695128945589,0.6535695213908947,-8.496335857088866e-09,0.30896866152776636,0.3089368973802897,3.176414747668721e-05,-3.176414747668721e-05,False,False,,
true:fixed,0cfdfb5bbe8a41268271e24f2edefb9c,24,4734352144ac49a7b02960b99573fc14,0.602889193317428,0.6028820819892053,7.111328222619839e-06,0.35824366417000536,0.3582284397488547,1.5224421150650258e-05,-1.5224421150650258e-05,False,False,,
true:fixed,0cfdfb5bbe8a41268271e24f2edefb9c,25,0ab9ec2730894df2b48df70d0d2e84a9,0.5881590479140344,0.5881388530008805,2.019491315385924e-05,0.37098182840109706,0.3709759064301839,5.921970913147501e-06,-5.921970913147501e-06,False,False,,
true:fixed,0cfdfb5bbe8a41268271e24f2edefb9c,26,cb708f56b6104d638f93e3906cba5b82,0.5624959403995863,0.5627527548987193,-0.0002568144991330623,0.39778061819608673,0.3972960488588874,0.0004845693371993143,-0.0004845693371993143,False,False,,
true:fixed,0cfdfb5bbe8a41268271e24f2edefb9c,28,7f769bb638214009813b92df0cfb501a,0.5059988982433753,0.505618148744555,0.0003807494988202764,0.46380061927606375,0.46446965107050475,-0.0006690317944409996,0.0006690317944409996,False,False,,
true:fixed,0cfdfb5bbe8a41268271e24f2edefb9c,32,15f4465f9fe44b80ab54908983b1cf68,0.3593667516725505,0.3591027019143337,0.0002640497582168111,0.6747761315156225,0.6750409317828048,-0.00026480026718223026,0.00026480026718223026,False,False,,
true:fixed,0cfdfb5bbe8a41268271e24f2edefb9c,33,f94199c2a589484d8e32dd6bf4931d4f,0.31820392263711317,0.31798443596189274,0.00021948667522042609,0.7547645008162139,0.7548894608412808,-0.0001249600250669003,0.0001249600250669003,False,False,,
true:fixed,0cfdfb5bbe8a41268271e24f2edefb9c,34,a07f902656eb4f0fb2e5a77f803fb37c,0.2774815505657535,0.2775553158642675,-7.376529851399471e-05,0.8408322975372865,0.8407141144780969,0.00011818305918964711,-0.00011818305918964711,False,False,,
true:fixed,0cfdfb5bbe8a41268271e24f2edefb9c,36,7ac804cee1cd4d48ac2ea0ac97726bc9,0.19565324130112077,0.19571645272941326,-6.321142829249227e-05,1.0195338942833843,1.0193482089802377,0.0001856853031465544,-0.0001856853031465544,False,False,,
true:fixed,0cfdfb5bbe8a41268271e24f2edefb9c,40,76c090ac27774e66a592f40998d5537c,0.07071232619418757,0.07067693709620232,3.538909798525558e-05,1.3833423984162905,1.3834029310264433,-6.053261015281919e-05,6.053261015281919e-05,False,False,,
true:fixed,1a018f3bcdea44f9ab60912938495032,0,4258ba3b8b8142f48c3249d310a8c3d2,0.9999999999999052,0.9999999999999052,0.0,0.0,0.0,0.0,0.0,False,False,,
true:fixed,1a018f3bcdea44f9ab60912938495032,1,8970a737ebee4443af37102473aaef8b,0.0,0.0,0.0,7.602963815431101,7.6029696344094395,-5.818978338290037e-06,5.818978338290037e-06,False,False,,
true:fixed,1a018f3bcdea44f9ab60912938495032,2,83f3eb36fc7144ab902e192db3a98c06,0.0,0.0,0.0,14.445174251520259,13.85347714389116,0.5916971076290984,-0.5916971076290984,False,False,,
true:fixed,1a018f3bcdea44f9ab60912938495032,4,ef823f39fe034fdc9651a363fc81327b,0.0,0.0,0.0,21.6482605057138,20.44523952470175,1.203020981012049,-1.203020981012049,False,False,,
true:fixed,1a018f3bcdea44f9ab60912938495032,8,9b77dad2bdcf4814b042fa47889f19f6,0.0,0.0,0.0,21.98017168443527,20.777094696049378,1.2030769883858916,-1.2030769883858916,True,True,,
true:fixed,1a018f3bcdea44f9ab60912938495032,9,2b77a910c5e749f9a620d893361c1976,0.0,0.0,0.0,22.110347167283546,20.90727134655422,1.2030758207293246,-1.2030758207293246,True,True,,
true:fixed,1a018f3bcdea44f9ab60912938495032,10,097394612e494d1ebe1750ed54a27763,0.0,0.0,0.0,22.241932174321764,21.03885935932963,1.203072814992133,-1.203072814992133,True,True,,
true:fixed,1a018f3bcdea44f9ab60912938495032,12,746857c6bd46430fa4b5b82186e716e0,0.0,0.0,0.0,22.50227626361993,21.29920807783298,1.2030681857869503,-1.2030681857869503,True,True,,
true:fixed,1a018f3bcdea44f9ab60912938495032,16,306e66375cf94c7881864ba03782d2d2,0.0,0.0,0.0,22.50723949838668,21.30389646159336,1.2033430367933207,-1.2033430367933207,True,True,,
true:fixed,1a018f3bcdea44f9ab60912938495032,17,49cd09e4a07145258972fc4e6b18e42d,0.0,0.0,0.0,22.509590801169704,21.306241793712854,1.2033490074568505,-1.2033490074568505,True,True,,
true:fixed,1a018f3bcdea44f9ab60912938495032,18,60448167db014ef49dcfb65d89d69b3f,0.0,0.0,0.0,22.510932946799137,21.30759035731374,1.2033425894853984,-1.2033425894853984,True,True,,
true:fixed,1a018f3bcdea44f9ab60912938495032,20,a82ac06abf0d4d5ea70af9e19e82305e,0.0,0.0,0.0,22.513950127280044,21.310639168287643,1.2033109589924003,-1.2033109589924003,True,True,,
true:fixed,1a018f3bcdea44f9ab60912938495032,24,cb708f56b6104d638f93e3906cba5b82,0.0,0.0,0.0,22.523433815241592,21.320311420699763,1.203122394541829,-1.203122394541829,True,True,,
true:fixed,1a018f3bcdea44f9ab60912938495032,25,fd6002d736cb405796fc4fbdd5af6f7f,0.0,0.0,0.0,22.521218818837994,21.320355846033497,1.2008629728044973,-1.2008629728044973,False,False,,
true:fixed,1a018f3bcdea44f9ab60912938495032,26,7f769bb638214009813b92df0cfb501a,0.0,0.0,0.0,22.59211337523066,21.390298337194384,1.2018150380362762,-1.2018150380362762,False,False,,
true:fixed,1a018f3bcdea44f9ab60912938495032,28,770820077d44452a8428299e33808c0f,0.0,0.0,0.0,22.69698986705518,21.49361213370984,1.2033777333453415,-1.2033777333453415,False,False,,
true:fixed,1a018f3bcdea44f9ab60912938495032,32,a07f902656eb4f0fb2e5a77f803fb37c,0.0,0.0,0.0,21.434783742053888,20.192952000697453,1.2418317413564353,-1.2418317413564353,False,False,,
true:fixed,1a018f3bcdea44f9ab60912938495032,33,bec365d878c4413d85d5fbb3eb3b3f46,0.0,0.0,0.0,21.486587006585193,20.25378631488179,1.2328006917034031,-1.2328006917034031,False,False,,
true:fixed,1a018f3bcdea44f9ab60912938495032,34,7ac804cee1cd4d48ac2ea0ac97726bc9,0.0,0.0,0.0,21.457817972270835,20.232720791347376,1.2250971809234592,-1.2250971809234592,False,False,,
true:fixed,1a018f3bcdea44f9ab60912938495032,36,fa8abe51b4104eb68fc7f85ab1c475bb,0.0,0.0,0.0,21.34372840855585,20.11430484777261,1.2294235607832427,-1.2294235607832427,False,False,,
true:fixed,1a018f3bcdea44f9ab60912938495032,38,76c090ac27774e66a592f40998d5537c,0.0,0.0,0.0,20.004284163831368,20.122360629714095,-0.11807646588272647,0.11807646588272647,False,False,,
true:fixed,f987ba5f8e6243889a731f8cffe1934b,0,4258ba3b8b8142f48c3249d310a8c3d2,1.0000000000000693,1.0000000000000693,0.0,0.0,0.0,0.0,0.0,False,False,,
true:fixed,f987ba5f8e6243889a731f8cffe1934b,1,8970a737ebee4443af37102473aaef8b,0.990275171440733,0.9902206815821611,5.448985857181565e-05,0.0055532939464449866,0.005571887127209966,-1.8593180764979282e-05,1.8593180764979282e-05,False,False,,
true:fixed,f987ba5f8e6243889a731f8cffe1934b,2,83f3eb36fc7144ab902e192db3a98c06,0.974072622972533,0.974043357268492,2.9265704041048224e-05,0.016032748751131396,0.016105958813418152,-7.321006228675625e-05,7.321006228675625e-05,False,False,,
true:fixed,f987ba5f8e6243889a731f8cffe1934b,4,ef823f39fe034fdc9651a363fc81327b,0.9637903688503291,0.9638739847147314,-8.361586440230884e-05,0.021850083447741753,0.02441611170193059,-0.002566028254188838,0.002566028254188838,False,False,,
true:fixed,f987ba5f8e6243889a731f8cffe1934b,8,9b77dad2bdcf4814b042fa47889f19f6,0.8882235191780323,0.9541794528601883,-0.06595593368215602,0.07641334004338483,0.029365791651298115,0.04704754839208672,-0.04704754839208672,False,False,,
true:fixed,f987ba5f8e6243889a731f8cffe1934b,9,2b77a910c5e749f9a620d893361c1976,0.8103321173241798,0.8668691827991227,-0.05653706547494297,0.14297799204883177,0.0923585623696543,0.05061942967917747,-0.05061942967917747,False,False,,
true:fixed,f987ba5f8e6243889a731f8cffe1934b,10,097394612e494d1ebe1750ed54a27763,0.7413561272946205,0.8039942508541571,-0.06263812355953657,0.2034490720807511,0.15049360702163475,0.05295546505911636,-0.05295546505911636,False,False,,
true:fixed,f987ba5f8e6243889a731f8cffe1934b,12,746857c6bd46430fa4b5b82186e716e0,0.895083091544206,0.9733591606141,-0.07827606906989404,0.0668170880943331,0.021057509372201695,0.0457595787221314,-0.0457595787221314,False,False,,
true:fixed,f987ba5f8e6243889a731f8cffe1934b,16,306e66375cf94c7881864ba03782d2d2,0.7094425444262962,0.679374052219796,0.030068492206500208,0.2265998217143829,0.2748026031050269,-0.04820278139064402,0.04820278139064402,False,False,,
true:fixed,f987ba5f8e6243889a731f8cffe1934b,17,49cd09e4a07145258972fc4e6b18e42d,0.6128271791255081,0.5851900309723664,0.027637148153141666,0.31790591314767,0.363705221087791,-0.04579930794012099,0.04579930794012099,False,False,,
true:fixed,f987ba5f8e6243889a731f8cffe1934b,18,60448167db014ef49dcfb65d89d69b3f,0.5463438865977582,0.5219545864642418,0.02438930013351648,0.3921471077316694,0.43764963220124403,-0.045502524469574646,0.045502524469574646,False,False,,
true:fixed,f987ba5f8e6243889a731f8cffe1934b,20,a82ac06abf0d4d5ea70af9e19e82305e,0.4447201766324258,0.4221026292230749,0.022617547409350902,0.5310354460772674,0.578124585819438,-0.04708913974217066,0.04708913974217066,False,False,,
true:fixed,f987ba5f8e6243889a731f8cffe1934b,24,cb708f56b6104d638f93e3906cba5b82,0.3520649414024941,0.33860600858025164,0.013458932822242475,0.6700999276876404,0.7100925678003184,-0.039992640112678,0.039992640112678,False,False,,
true:fixed,f987ba5f8e6243889a731f8cffe1934b,25,fd6002d736cb405796fc4fbdd5af6f7f,0.33049552896135975,0.3177768635726123,0.012718665388747441,0.7065875998901479,0.7453837133177913,-0.03879611342764344,0.03879611342764344,False,False,,
true:fixed,f987ba5f8e6243889a731f8cffe1934b,26,7f769bb638214009813b92df0cfb501a,0.31172268350169746,0.2986427265914906,0.013079956910206858,0.740564912539279,0.7794510742704772,-0.03888616173119819,0.03888616173119819,False,False,,
true:fixed,f987ba5f8e6243889a731f8cffe1934b,28,770820077d44452a8428299e33808c0f,0.24951832362040063,0.23814525249187707,0.011373071128523565,0.8598207130793146,0.8955955895796653,-0.035774876500350716,0.035774876500350716,False,False,,
true:fixed,f987ba5f8e6243889a731f8cffe1934b,32,a07f902656eb4f0fb2e5a77f803fb37c,0.07391547287434247,0.06033126229660689,0.013584210577735581,1.2739081351920132,1.3124932423532327,-0.038585107161219545,0.038585107161219545,False,False,,
true:fixed,64b22104a573415a8c860fc22214619c,0,20601ccb0ab0445db56bad84060c1323,1.000000000000035,1.000000000000035,0.0,0.0,0.0,0.0,0.0,False,False,,
true:fixed,64b22104a573415a8c860fc22214619c,1,746857c6bd46430fa4b5b82186e716e0,0.859438798334753,0.8594447882567153,-5.989921962323841e-06,0.11965122785911113,0.11964469806868494,6.529790426187954e-06,-6.529790426187954e-06,False,False,,
true:fixed,64b22104a573415a8c860fc22214619c,2,ef4fbe4064a74ce6b0a52cb3dd2e0bf0,0.7436566497572058,0.7436550013634943,1.648393711528584e-06,0.23540295084965432,0.23540482569904106,-1.8748493867404292e-06,1.8748493867404292e-06,False,False,,
true:fixed,64b22104a573415a8c860fc22214619c,4,3d5a6fe339f3490297e4b9d1f3949618,0.5624254110058556,0.5624112297586981,1.4181247157574184e-05,0.45859012490938317,0.4586070498880927,-1.692497870953158e-05,1.692497870953158e-05,False,False,,
true:fixed,64b22104a573415a8c860fc22214619c,8,f0bb168a6bc34e0bba79dd122b6394b0,0.29964587300578144,0.299644367168612,1.5058371694576245e-06,0.9036929468146525,0.903694342033292,-1.3952186395105315e-06,1.3952186395105315e-06,False,False,,
true:fixed,64b22104a573415a8c860fc22214619c,9,a82ac06abf0d4d5ea70af9e19e82305e,0.24478159576086508,0.24477716836695895,4.427393906131227e-06,1.020032480543945,1.0200403230019992,-7.842458054296841e-06,7.842458054296841e-06,False,False,,
true:fixed,64b22104a573415a8c860fc22214619c,10,2a572213c61c4d40a1955c2aecee6104,0.19606468636934357,0.19605836742126848,6.318948075095809e-06,1.1340137663347445,1.134025794410684,-1.2028075939474192e-05,1.2028075939474192e-05,False,False,,
true:fixed,64b22104a573415a8c860fc22214619c,12,0ab9ec2730894df2b48df70d0d2e84a9,0.14097018039581274,0.14096550120317683,4.679192635914653e-06,1.2771079067280475,1.277117338494128,-9.431766080369997e-06,9.431766080369997e-06,False,False,,
true:fixed,64b22104a573415a8c860fc22214619c,16,f76469bb5b5747dbaedb1c59990b5579,0.09812014563095799,0.09810917386424392,1.0971766714065745e-05,1.3964146604840122,1.3964461068599894,-3.144637597718436e-05,3.144637597718436e-05,False,False,,
true:fixed,64b22104a573415a8c860fc22214619c,17,770820077d44452a8428299e33808c0f,0.08657496787967649,0.08658139392728685,-6.426047610363916e-06,1.4311478800831663,1.4311217855717335,2.6094511432761536e-05,-2.6094511432761536e-05,False,False,,
true:fixed,64b22104a573415a8c860fc22214619c,18,8a7007fd59cf4f39a3855b0e82136105,0.07394781888825486,0.07521846936949217,-0.001270650481237312,1.501604350435391,1.4951067593036287,0.0064975911317624035,-0.0064975911317624035,False,False,,
true:fixed,64b22104a573415a8c860fc22214619c,20,f94199c2a589484d8e32dd6bf4931d4f,0.03310101269614909,0.024948010472492968,0.008153002223656121,1.7019334862298339,1.77828188904513,-0.07634840281529609,0.07634840281529609,False,False,,
true:fixed,64b22104a573415a8c860fc22214619c,24,54259afa6c644e1d99422df9da1c8f35,0.0,0.0,0.0,1.9017169874907103,2.1473353554622725,-0.24561836797156222,0.24561836797156222,False,False,,
true:fixed,64b22104a573415a8c860fc22214619c,25,fa8abe51b4104eb68fc7f85ab1c475bb,0.0,0.0,0.0,1.889256372558038,2.3790047733713537,-0.4897484008133157,0.4897484008133157,False,False,,
true:fixed,64b22104a573415a8c860fc22214619c,26,bc84a61f13f744cd8f5aa8e888ce879b,0.0,0.0,0.0,1.8786002651916947,2.6457048219148023,-0.7671045567231076,0.7671045567231076,False,False,,
true:fixed,64b22104a573415a8c860fc22214619c,27,76c090ac27774e66a592f40998d5537c,0.0,0.0,0.0,1.9504016006460703,3.3245563646881737,-1.3741547640421035,1.3741547640421035,False,False,,
true:fixed,98eef3fdea464efd92fb6aaf0ebe8c9a,0,20601ccb0ab0445db56bad84060c1323,0.9999999999998564,0.9999999999998564,0.0,0.0,0.0,0.0,0.0,False,False,,
true:fixed,98eef3fdea464efd92fb6aaf0ebe8c9a,1,746857c6bd46430fa4b5b82186e716e0,0.592283060814031,0.592283060814031,0.0,0.31191665553472964,0.31191665553472964,0.0,0.0,True,True,,
true:fixed,98eef3fdea464efd92fb6aaf0ebe8c9a,2,ef4fbe4064a74ce6b0a52cb3dd2e0bf0,0.2960235819751758,0.2960235819751758,0.0,0.7480815463570148,0.7480815463570148,0.0,0.0,True,True,,
true:fixed,98eef3fdea464efd92fb6aaf0ebe8c9a,4,3d5a6fe339f3490297e4b9d1f3949618,0.11307732523493524,0.11307732523493524,0.0,1.2361391324332083,1.2361391324332083,0.0,0.0,False,False,,
true:fixed,98eef3fdea464efd92fb6aaf0ebe8c9a,8,f0bb168a6bc34e0bba79dd122b6394b0,0.13323530785725163,0.13324285267775865,-7.5448205070216545e-06,1.190503028722256,1.1904762355462268,2.6793176029160648e-05,-2.6793176029160648e-05,False,False,,
true:fixed,98eef3fdea464efd92fb6aaf0ebe8c9a,9,a82ac06abf0d4d5ea70af9e19e82305e,0.1401275623532068,0.13993735690322523,0.00019020544998157862,1.1619980471106617,1.1621277500085094,-0.0001297028978477499,0.0001297028978477499,False,False,,
true:fixed,98eef3fdea464efd92fb6aaf0ebe8c9a,10,2a572213c61c4d40a1955c2aecee6104,0.14529096800250238,0.14532579526517775,-3.482726267536873e-05,1.141616520525791,1.14159992307362,1.6597452171085436e-05,-1.6597452171085436e-05,False,False,,
true:fixed,98eef3fdea464efd92fb6aaf0ebe8c9a,12,0ab9ec2730894df2b48df70d0d2e84a9,0.12027856928675715,0.12044151600784653,-0.0001629467210893798,1.2196064616862923,1.2193743694968486,0.00023209218944364451,-0.00023209218944364451,False,False,,
true:fixed,98eef3fdea464efd92fb6aaf0ebe8c9a,16,f76469bb5b5747dbaedb1c59990b5579,0.053032108068099736,0.05309017346406868,-5.806539596894117e-05,1.4792376815609474,1.4786748206786384,0.0005628608823089465,-0.0005628608823089465,False,False,,
true:fixed,98eef3fdea464efd92fb6aaf0ebe8c9a,17,770820077d44452a8428299e33808c0f,0.042886147701811705,0.04292568835058517,-3.954064877346314e-05,1.5236316936549958,1.523081920774244,0.0005497728807517532,-0.0005497728807517532,False,False,,
true:fixed,98eef3fdea464efd92fb6aaf0ebe8c9a,18,8a7007fd59cf4f39a3855b0e82136105,0.021958311382120257,0.02196436158349877,-6.050201378511588e-06,1.6298183525894594,1.6292267397102367,0.0005916128792227138,-0.0005916128792227138,False,False,,
true:fixed,98eef3fdea464efd92fb6aaf0ebe8c9a,20,f94199c2a589484d8e32dd6bf4931d4f,0.0,0.0,0.0,1.8710816855610897,1.8705113920486374,0.0005702935124523023,-0.0005702935124523023,False,False,,
true:fixed,98eef3fdea464efd92fb6aaf0ebe8c9a,24,54259afa6c644e1d99422df9da1c8f35,0.0,0.0,0.0,2.095834033626787,2.0953122388239183,0.0005217948028688468,-0.0005217948028688468,False,False,,
true:fixed,98eef3fdea464efd92fb6aaf0ebe8c9a,25,fa8abe51b4104eb68fc7f85ab1c475bb,0.0,0.0,0.0,2.2224647134258793,2.2218499987561375,0.0006147146697417227,-0.0006147146697417227,False,False,,
true:fixed,98eef3fdea464efd92fb6aaf0ebe8c9a,26,bc84a61f13f744cd8f5aa8e888ce879b,0.0,0.0,0.0,2.348616934761967,2.347998735684635,0.0006181990773321822,-0.0006181990773321822,False,False,,
true:fixed,98eef3fdea464efd92fb6aaf0ebe8c9a,27,76c090ac27774e66a592f40998d5537c,0.0,0.0,0.0,2.550028280995099,2.549072159897919,0.0009561210971797962,-0.0009561210971797962,False,False,,
true:fixed,e5cabb9d6b474377a206feab4ec64d3f,0,8a7007fd59cf4f39a3855b0e82136105,0.9999999999999649,0.9999999999999649,0.0,0.0,0.0,0.0,0.0,False,False,,
true:fixed,e5cabb9d6b474377a206feab4ec64d3f,1,15f4465f9fe44b80ab54908983b1cf68,0.8943319884321831,0.8917526797883484,0.00257930864383471,0.09857600416121075,0.0981465712177808,0.00042943294342995264,-0.00042943294342995264,False,False,,
true:fixed,e5cabb9d6b474377a206feab4ec64d3f,2,f94199c2a589484d8e32dd6bf4931d4f,0.7291801969534035,0.72941850323984,-0.0002383062864365071,0.2373883002368837,0.23708237429966514,0.0003059259372185652,-0.0003059259372185652,False,False,,
true:fixed,e5cabb9d6b474377a206feab4ec64d3f,4,bec365d878c4413d85d5fbb3eb3b3f46,0.4891726088586406,0.4893349577625729,-0.00016234890393229673,0.4196484755157983,0.41957716908940923,7.130642638908391e-05,-7.130642638908391e-05,False,False,,
true:fixed,e5cabb9d6b474377a206feab4ec64d3f,8,bc84a61f13f744cd8f5aa8e888ce879b,0.6687545428491627,0.6697378228726374,-0.0009832800234746975,0.24365954829534686,0.24237805824522501,0.0012814900501218474,-0.0012814900501218474,False,False,,
true:fixed,e5cabb9d6b474377a206feab4ec64d3f,9,76c090ac27774e66a592f40998d5537c,0.5310742172663436,0.5316513319495978,-0.0005771146832541652,0.3552088570016106,0.3555434583573912,-0.0003346013557806171,0.0003346013557806171,False,False,,
true:fixed,64ce64c25d424c3088db384021d8dbb3,0,bec365d878c4413d85d5fbb3eb3b3f46,0.9999999999999152,0.9999999999999152,0.0,0.0,0.0,0.0,0.0,False,False,,
true:fixed,64ce64c25d424c3088db384021d8dbb3,1,7ac804cee1cd4d48ac2ea0ac97726bc9,0.9905392666465621,0.9905452167105645,-5.9500640023912865e-06,0.008336329084629987,0.008883375505524387,-0.0005470464208943999,0.0005470464208943999,False,False,,
true:fixed,64ce64c25d424c3088db384021d8dbb3,2,54259afa6c644e1d99422df9da1c8f35,0.8154167242536567,0.8153708650084449,4.585924521183227e-05,0.1457178485061337,0.1460545715698986,-0.00033672306376489325,0.00033672306376489325,False,False,,
true:fixed,64ce64c25d424c3088db384021d8dbb3,3,fa8abe51b4104eb68fc7f85ab1c475bb,0.7573179164025534,0.7571665060012676,0.00015141040128585637,0.16460918963910692,0.16481686382135854,-0.00020767418225162149,0.00020767418225162149,False,False,,
true:fixed,64ce64c25d424c3088db384021d8dbb3,4,bc84a61f13f744cd8f5aa8e888ce879b,0.7096995464825552,0.7091103948018022,0.0005891516807530195,0.20640101749881715,0.20660245948909153,-0.00020144199027438692,0.00020144199027438692,False,False,,
true:fixed,64ce64c25d424c3088db384021d8dbb3,5,76c090ac27774e66a592f40998d5537c,0.7894372078689181,0.7890236708796047,0.0004135369893134566,0.14797963984813464,0.14826272749790168,-0.00028308764976703316,0.00028308764976703316,False,False,,
true:fixed,3eff2b1ecf29497e9967dd21509431fe,0,fd6002d736cb405796fc4fbdd5af6f7f,0.9999999999999994,0.9999999999999994,0.0,0.0,0.0,0.0,0.0,False,False,,
true:fixed,3eff2b1ecf29497e9967dd21509431fe,1,7f769bb638214009813b92df0cfb501a,0.8654447122243998,0.8653467560762901,9.795614810970132e-05,0.09388326676080039,0.09385971543462517,2.3551326175222376e-05,-2.3551326175222376e-05,False,False,,
true:fixed,3eff2b1ecf29497e9967dd21509431fe,2,f76469bb5b5747dbaedb1c59990b5579,0.7503202653228799,0.7501541285825173,0.00016613674036258796,0.18810306541804037,0.18806502171566472,3.804370237564525e-05,-3.804370237564525e-05,False,False,,
true:fixed,3eff2b1ecf29497e9967dd21509431fe,4,8a7007fd59cf4f39a3855b0e82136105,0.5656676209393183,0.56557356963092,9.40513083983463e-05,0.37913245877364904,0.37930923916952725,-0.0001767803958782066,0.0001767803958782066,False,False,,
true:fixed,3eff2b1ecf29497e9967dd21509431fe,8,bec365d878c4413d85d5fbb3eb3b3f46,0.3179225822399401,0.3179169533884296,5.6288515104530035e-06,0.7917523785769252,0.7919193465353038,-0.00016696795837867207,0.00016696795837867207,False,False,,
true:fixed,3eff2b1ecf29497e9967dd21509431fe,9,7ac804cee1cd4d48ac2ea0ac97726bc9,0.3463632430655628,0.3459891027887521,0.00037414027681070827,0.7310358889446714,0.7314759042523262,-0.00044001530765480634,0.00044001530765480634,False,False,,
true:fixed,3eff2b1ecf29497e9967dd21509431fe,10,54259afa6c644e1d99422df9da1c8f35,0.4951734471323854,0.4939889930541059,0.001184454078279551,0.49457962676879064,0.4963672568801474,-0.0017876301113567417,0.0017876301113567417,False,False,,
true:fixed,3eff2b1ecf29497e9967dd21509431fe,12,bc84a61f13f744cd8f5aa8e888ce879b,0.47463379741875966,0.47192121312088164,0.002712584297878018,0.5449094664154668,0.5495983423349852,-0.004688875919518387,0.004688875919518387,False,False,,
true:fixed,3eff2b1ecf29497e9967dd21509431fe,13,76c090ac27774e66a592f40998d5537c,0.3488142708821184,0.3466826205938728,0.0021316502882456345,0.7519221608858156,0.7561531652092817,-0.004231004323466014,0.004231004323466014,False,False,,
true:fixed,65acd0cbce474d9cb2eef362a1b279be,0,65e07a70e6b5404a87bf34e49d4c0924,1.0000000000000564,1.0000000000000564,0.0,0.0,0.0,0.0,0.0,False,False,,
true:fixed,65acd0cbce474d9cb2eef362a1b279be,1,9ab5069c183c492b82b0ab30133080c1,0.9285030183957605,0.9285030183957605,0.0,0.1733262819078531,0.1733262819078531,0.0,0.0,True,True,,
true:fixed,65acd0cbce474d9cb2eef362a1b279be,2,4258ba3b8b8142f48c3249d310a8c3d2,0.8620081507721925,0.8620081507721925,0.0,0.3459855488311037,0.3459855488311037,0.0,0.0,True,True,,
true:fixed,65acd0cbce474d9cb2eef362a1b279be,4,83f3eb36fc7144ab902e192db3a98c06,0.7489046796320428,0.7489046796320428,0.0,0.6747485556763273,0.6747485556763273,0.0,0.0,False,False,,
true:fixed,65acd0cbce474d9cb2eef362a1b279be,8,cb440b4d1912467fb51d871f0ccf8e8a,0.6486655132302371,0.6486718890743893,-6.375844152195498e-06,0.7984857625811397,0.7984050128798896,8.07497012500491e-05,-8.07497012500491e-05,False,False,,
true:fixed,65acd0cbce474d9cb2eef362a1b279be,9,13546ea263ff48f49899cb30ac0004e9,0.5828748328774512,0.5828963750558745,-2.1542178423317182e-05,0.8837541151270992,0.8834096104114527,0.00034450471564650975,-0.00034450471564650975,False,False,,
true:fixed,65acd0cbce474d9cb2eef362a1b279be,10,9b77dad2bdcf4814b042fa47889f19f6,0.5349323933695721,0.534842301343551,9.009202602106026e-05,0.9947587058809783,0.9950069519730316,-0.00024824609205331694,0.00024824609205331694,False,False,,
true:fixed,65acd0cbce474d9cb2eef362a1b279be,12,097394612e494d1ebe1750ed54a27763,0.4628559797783522,0.46262661362259777,0.000229366155754418,1.0673768193620845,1.0676744813386947,-0.00029766197661018623,0.00029766197661018623,False,False,,
true:fixed,65acd0cbce474d9cb2eef362a1b279be,16,63d7813869b34ee9aa65064e93775e58,0.5848697724659763,0.5845993683571815,0.00027040410879475285,1.059422376374324,1.0597530626120535,-0.0003306862377294717,0.0003306862377294717,False,False,,
true:fixed,65acd0cbce474d9cb2eef362a1b279be,17,3d5a6fe339f3490297e4b9d1f3949618,0.5760769344288648,0.5753119531824985,0.0007649812463662586,1.08938289436897,1.0895856707620621,-0.00020277639309207451,0.00020277639309207451,False,False,,
true:fixed,65acd0cbce474d9cb2eef362a1b279be,18,306e66375cf94c7881864ba03782d2d2,0.639687647675211,0.6406785898414885,-0.0009909421662774864,0.8786559880286313,0.8785515237016397,0.00010446432699162678,-0.00010446432699162678,False,False,,
true:fixed,65acd0cbce474d9cb2eef362a1b279be,20,60448167db014ef49dcfb65d89d69b3f,0.6594993454220266,0.658837315622611,0.0006620297994155422,0.8687218298625015,0.8686105479649657,0.00011128189753573103,-0.00011128189753573103,False,False,,
true:fixed,65acd0cbce474d9cb2eef362a1b279be,24,4734352144ac49a7b02960b99573fc14,0.5511542941626244,0.5506844646666271,0.00046982949599727597,0.953040519169775,0.95285441625561,0.00018610291416498725,-0.00018610291416498725,False,False,,
true:fixed,65acd0cbce474d9cb2eef362a1b279be,25,0ab9ec2730894df2b48df70d0d2e84a9,0.5012177471449174,0.5009604067365215,0.00025734040839586747,1.0055982894546411,1.0050370644349795,0.0005612250196616042,-0.0005612250196616042,False,False,,
true:fixed,65acd0cbce474d9cb2eef362a1b279be,26,cb708f56b6104d638f93e3906cba5b82,0.5022674027646586,0.5021831441834127,8.425858124594399e-05,1.0040635568005787,1.0029081263368953,0.0011554304636833823,-0.0011554304636833823,False,False,,
true:fixed,65acd0cbce474d9cb2eef362a1b279be,28,7f769bb638214009813b92df0cfb501a,0.4853021673990696,0.484497334036174,0.0008048333628956073,0.9943615343435087,0.9960879328683109,-0.001726398524802164,0.001726398524802164,False,False,,
true:fixed,65acd0cbce474d9cb2eef362a1b279be,32,15f4465f9fe44b80ab54908983b1cf68,0.36610155816163803,0.36563130619229395,0.0004702519693440821,1.1317023327755513,1.132846112477332,-0.0011437797017805895,0.0011437797017805895,False,False,,
true:fixed,65acd0cbce474d9cb2eef362a1b279be,33,f94199c2a589484d8e32dd6bf4931d4f,0.344310450896628,0.34404109398331106,0.00026935691331692047,1.1886930131001692,1.188943400227747,-0.00025038712757785575,0.00025038712757785575,False,False,,
true:fixed,65acd0cbce474d9cb2eef362a1b279be,34,a07f902656eb4f0fb2e5a77f803fb37c,0.30771518399521347,0.3071593240874321,0.0005558599077813975,1.2718327181694664,1.2736346572063213,-0.0018019390368548827,0.0018019390368548827,False,False,,
true:fixed,65acd0cbce474d9cb2eef362a1b279be,36,7ac804cee1cd4d48ac2ea0ac97726bc9,0.2506024369519733,0.2502103238844119,0.00039211306756142816,1.4554251280573538,1.4569058819837453,-0.0014807539263914649,0.0014807539263914649,False,False,,
true:fixed,65acd0cbce474d9cb2eef362a1b279be,40,76c090ac27774e66a592f40998d5537c,0.20950130626997476,0.2091057662822126,0.00039553998776215016,1.4902593586282706,1.4922433922620182,-0.0019840336337475506,0.0019840336337475506,False,False,,
true:fixed,a9916751b03c494dafa2eddc4496e702,0,65e07a70e6b5404a87bf34e49d4c0924,1.0000000000000107,1.0000000000000107,0.0,0.0,0.0,0.0,0.0,False,False,,
true:fixed,a9916751b03c494dafa2eddc4496e702,1,9ab5069c183c492b82b0ab30133080c1,0.9911811839678644,0.9910705739015708,0.0001106100662935372,0.006186668198524862,0.0064065945908576526,-0.00021992639233279088,0.00021992639233279088,False,False,,
true:fixed,a9916751b03c494dafa2eddc4496e702,2,4258ba3b8b8142f48c3249d310a8c3d2,0.9823634162197473,0.9821759285453885,0.00018748767435883273,0.012876723534435553,0.01287892873045992,-2.205196024366793e-06,2.205196024366793e-06,False,False,,
true:fixed,a9916751b03c494dafa2eddc4496e702,4,83f3eb36fc7144ab902e192db3a98c06,0.9614797749690983,0.9608098470477449,0.0006699279213534526,0.028361207285235182,0.02820596718725587,0.0001552400979793131,-0.0001552400979793131,False,False,,
true:fixed,a9916751b03c494dafa2eddc4496e702,8,cb440b4d1912467fb51d871f0ccf8e8a,0.9125408582255612,0.9112612535853164,0.0012796046402447914,0.0721904497195709,0.07289241461167342,-0.0007019648921025162,0.0007019648921025162,False,False,,
true:fixed,a9916751b03c494dafa2eddc4496e702,9,13546ea263ff48f49899cb30ac0004e9,0.8765340955528769,0.8749139745643062,0.0016201209885706724,0.1026309497945745,0.10344768326100191,-0.0008167334664274106,0.0008167334664274106,False,False,,
true:fixed,a9916751b03c494dafa2eddc4496e702,10,9b77dad2bdcf4814b042fa47889f19f6,0.8398867022051779,0.8386275329850402,0.0012591692201376903,0.1350398737645579,0.1357052747730633,-0.0006654010085054007,0.0006654010085054007,False,False,,
true:fixed,a9916751b03c494dafa2eddc4496e702,12,097394612e494d1ebe1750ed54a27763,0.7821812972414106,0.7824931944555409,-0.0003118972141302745,0.20262114659382957,0.2027392602508753,-0.0001181136570457264,0.0001181136570457264,False,False,,
true:fixed,a9916751b03c494dafa2eddc4496e702,16,63d7813869b34ee9aa65064e93775e58,0.974274445068706,0.975205869032784,-0.0009314239640779709,0.022077680182677337,0.0208420587682228,0.001235621414454536,-0.001235621414454536,False,False,,
true:fixed,a9916751b03c494dafa2eddc4496e702,17,3d5a6fe339f3490297e4b9d1f3949618,0.8330092686705591,0.8353149780802049,-0.0023057094096458064,0.14799627503950435,0.14673379586222401,0.00126247917728034,-0.00126247917728034,False,False,,
true:fixed,a9916751b03c494dafa2eddc4496e702,18,306e66375cf94c7881864ba03782d2d2,0.7362920727157484,0.7376695105839693,-0.0013774378682209765,0.2423011255609558,0.24153484413682424,0.000766281424131543,-0.000766281424131543,False,False,,
true:fixed,a9916751b03c494dafa2eddc4496e702,20,60448167db014ef49dcfb65d89d69b3f,0.6169206168339647,0.6177845296370033,-0.0008639128030385468,0.3952569696202073,0.39452957725149934,0.0007273923687079464,-0.0007273923687079464,False,False,,
true:fixed,a9916751b03c494dafa2eddc4496e702,24,4734352144ac49a7b02960b99573fc14,0.5684245237866155,0.567264607757975,0.0011599160286404064,0.4130849234102141,0.41465305826381105,-0.0015681348535969697,0.0015681348535969697,False,False,,
true:fixed,a9916751b03c494dafa2eddc4496e702,25,0ab9ec2730894df2b48df70d0d2e84a9,0.5301185231332084,0.528824776839422,0.0012937462937864241,0.4670049998805068,0.4689159449537285,-0.0019109450732217037,0.0019109450732217037,False,False,,
true:fixed,bbe3bc5ca1434a2ea802f5ed5062785e,0,65e07a70e6b5404a87bf34e49d4c0924,0.999999999999945,0.999999999999945,0.0,0.0,0.0,0.0,0.0,False,False,,
true:fixed,bbe3bc5ca1434a2ea802f5ed5062785e,1,9ab5069c183c492b82b0ab30133080c1,0.9847117984145913,0.9847163941109511,-4.595696359799284e-06,0.009766978275147319,0.009756040524360615,1.0937750786704434e-05,-1.0937750786704434e-05,False,False,,
true:fixed,bbe3bc5ca1434a2ea802f5ed5062785e,2,4258ba3b8b8142f48c3249d310a8c3d2,0.9696725853788082,0.9696767209568505,-4.135578042352428e-06,0.019475016015241767,0.019456109265011286,1.8906750230480995e-05,-1.8906750230480995e-05,False,False,,
true:fixed,bbe3bc5ca1434a2ea802f5ed5062785e,4,83f3eb36fc7144ab902e192db3a98c06,0.938804675346114,0.9390603596417076,-0.0002556842955936389,0.04146562117621014,0.041588553134058875,-0.00012293195784873756,0.00012293195784873756,False,False,,
true:fixed,bbe3bc5ca1434a2ea802f5ed5062785e,8,cb440b4d1912467fb51d871f0ccf8e8a,0.8262468289401098,0.8575304131501007,-0.03128358420999089,0.11715390231180647,0.10315673718737897,0.013997165124427502,-0.013997165124427502,False,False,,
true:fixed,bbe3bc5ca1434a2ea802f5ed5062785e,9,13546ea263ff48f49899cb30ac0004e9,0.826568675336398,0.810115916051763,0.016452759284634966,0.15982175372669527,0.1635997846716379,-0.0037780309449426397,0.0037780309449426397,False,False,,
true:fixed,bbe3bc5ca1434a2ea802f5ed5062785e,10,9b77dad2bdcf4814b042fa47889f19f6,0.8096973671829161,0.8067168173799029,0.0029805498030132105,0.1751716467897627,0.17013358616765104,0.005038060622111679,-0.005038060622111679,False,False,,
true:fixed,bbe3bc5ca1434a2ea802f5ed5062785e,12,097394612e494d1ebe1750ed54a27763,0.6739724628470268,0.7227652608901711,-0.04879279804314429,0.24633987188029516,0.20633623516289412,0.04000363671740104,-0.04000363671740104,False,False,,
true:fixed,bbe3bc5ca1434a2ea802f5ed5062785e,16,63d7813869b34ee9aa65064e93775e58,0.8045228191584942,0.7554449079251141,0.04907791123338012,0.15841827340024908,0.18027495222601528,-0.021856678825766196,0.021856678825766196,False,False,,
true:fixed,bbe3bc5ca1434a2ea802f5ed5062785e,17,3d5a6fe339f3490297e4b9d1f3949618,0.6445229631807681,0.6010212301340757,0.04350173304669236,0.27948182553843315,0.32820276387399927,-0.04872093833556612,0.04872093833556612,False,False,,
true:fixed,bbe3bc5ca1434a2ea802f5ed5062785e,18,306e66375cf94c7881864ba03782d2d2,0.5029019683473822,0.4658941163035557,0.037007852043826506,0.4614864187229165,0.5137086385245433,-0.05222221980162678,0.05222221980162678,False,False,,
true:fixed,bbe3bc5ca1434a2ea802f5ed5062785e,20,60448167db014ef49dcfb65d89d69b3f,0.5312712714813951,0.49300254323261766,0.03826872824877742,0.4219965103076648,0.4745835651514022,-0.052587054843737435,0.052587054843737435,False,False,,
true:fixed,bbe3bc5ca1434a2ea802f5ed5062785e,24,4734352144ac49a7b02960b99573fc14,0.5743260750725626,0.5338838664695871,0.04044220860297554,0.3636422332447503,0.4147309572884011,-0.05108872404365078,0.05108872404365078,False,False,,
true:fixed,6786acf4f6b644639d550c608785320f,0,65e07a70e6b5404a87bf34e49d4c0924,0.9999999999998824,0.9999999999998824,0.0,0.0,0.0,0.0,0.0,False,False,,
true:fixed,6786acf4f6b644639d550c608785320f,1,9ab5069c183c492b82b0ab30133080c1,0.8717263517452356,0.8709219685628222,0.0008043831824133818,0.0887382261727349,0.08850055958930977,0.00023766658342512514,-0.00023766658342512514,False,False,,
true:fixed,6786acf4f6b644639d550c608785320f,2,4258ba3b8b8142f48c3249d310a8c3d2,0.7631185151178316,0.7624373570555012,0.0006811580623303781,0.1765008328276108,0.1763294734806858,0.00017135934692499855,-0.00017135934692499855,False,False,,
true:fixed,6786acf4f6b644639d550c608785320f,4,83f3eb36fc7144ab902e192db3a98c06,0.6082369997685604,0.6078403744853269,0.000396625283233476,0.3303471812273103,0.330225381710116,0.00012179951719432092,-0.00012179951719432092,False,False,,
true:fixed,6786acf4f6b644639d550c608785320f,8,cb440b4d1912467fb51d871f0ccf8e8a,0.465672661744966,0.4651935293149769,0.0004791324299891486,0.5646610455681447,0.5641957258512239,0.00046531971692076457,-0.00046531971692076457,False,False,,
true:fixed,6786acf4f6b644639d550c608785320f,9,13546ea263ff48f49899cb30ac0004e9,0.45591603817053333,0.4555394911511334,0.00037654701939993096,0.612198771362817,0.6117032112507973,0.0004955601120196773,-0.0004955601120196773,False,False,,
true:fixed,6786acf4f6b644639d550c608785320f,10,9b77dad2bdcf4814b042fa47889f19f6,0.39783842636150546,0.3972685434940449,0.0005698828674605694,0.7040529928567816,0.7033554289841375,0.0006975638726440803,-0.0006975638726440803,False,False,,
true:fixed,6786acf4f6b644639d550c608785320f,12,097394612e494d1ebe1750ed54a27763,0.3430837831803486,0.3420729224264279,0.001010860753920706,0.7774636937431703,0.7730887783107029,0.0043749154324673745,-0.0043749154324673745,False,False,,
true:fixed,6786acf4f6b644639d550c608785320f,16,63d7813869b34ee9aa65064e93775e58,0.17307091714675896,0.17354403774424615,-0.00047312059748719215,1.1698040361918463,1.164609881802376,0.00519415438947024,-0.00519415438947024,False,False,,
true:fixed,6786acf4f6b644639d550c608785320f,17,3d5a6fe339f3490297e4b9d1f3949618,0.1400550644501347,0.1420333557369417,-0.0019782912868070157,1.2285253474314142,1.221620165352055,0.006905182079359085,-0.006905182079359085,False,False,,
true:fixed,6786acf4f6b644639d550c608785320f,18,306e66375cf94c7881864ba03782d2d2,0.10700888637880543,0.10865727902460139,-0.001648392645795957,1.2994242533193918,1.2920773656101083,0.0073468877092834894,-0.0073468877092834894,False,False,,
true:fixed,6786acf4f6b644639d550c608785320f,20,60448167db014ef49dcfb65d89d69b3f,0.08227267728277209,0.08395868910639177,-0.0016860118236196875,1.369133505334288,1.3607108060740098,0.008422699260278055,-0.008422699260278055,False,False,,
true:fixed,6786acf4f6b644639d550c608785320f,24,4734352144ac49a7b02960b99573fc14,0.16344723598086813,0.16579708022777695,-0.0023498442469088165,1.145185857886973,1.1352853054623921,0.009900552424580766,-0.009900552424580766,False,False,,
true:fixed,6786acf4f6b644639d550c608785320f,25,0ab9ec2730894df2b48df70d0d2e84a9,0.17580427898412976,0.1783169023662283,-0.002512623382098539,1.1177662672947644,1.1077379915484784,0.010028275746285953,-0.010028275746285953,False,False,,
true:fixed,6786acf4f6b644639d550c608785320f,26,cb708f56b6104d638f93e3906cba5b82,0.18827749904421118,0.19094831095965697,-0.0026708119154457977,1.0911239341844166,1.081006203840334,0.010117730344082476,-0.010117730344082476,False,False,,
true:fixed,6786acf4f6b644639d550c608785320f,28,7f769bb638214009813b92df0cfb501a,0.19988901743185725,0.2026542680925377,-0.0027652506606804517,1.082925583258482,1.0726183563973464,0.010307226861135721,-0.010307226861135721,False,False,,
true:fixed,6786acf4f6b644639d550c608785320f,32,15f4465f9fe44b80ab54908983b1cf68,0.2516110018236533,0.2555927817268071,-0.003981779903153793,1.0341893947046588,1.0190580820813504,0.015131312623308357,-0.015131312623308357,False,False,,
true:fixed,6786acf4f6b644639d550c608785320f,33,f94199c2a589484d8e32dd6bf4931d4f,0.2678218797105224,0.2719746248896435,-0.00415274517912112,1.0202291372647707,1.0055192137437134,0.014709923521057267,-0.014709923521057267,False,False,,
true:fixed,6786acf4f6b644639d550c608785320f,34,a07f902656eb4f0fb2e5a77f803fb37c,0.28393632515152933,0.2884084930204558,-0.004472167868926458,1.0103643111023795,0.9949105151519085,0.015453795950470917,-0.015453795950470917,False,False,,
true:fixed,856aeb4fa2024f1284c6290a44e9dec5,0,83f3eb36fc7144ab902e192db3a98c06,0.999999999999993,0.999999999999993,0.0,0.0,0.0,0.0,0.0,False,False,,
true:fixed,856aeb4fa2024f1284c6290a44e9dec5,1,0fc0a764b3ec4c8196ffa35598fbda5f,0.9560310093079887,0.9560533960390933,-2.238673110466216e-05,0.026916150129429012,0.0269034147933031,1.2735336125911656e-05,-1.2735336125911656e-05,False,False,,
true:fixed,856aeb4fa2024f1284c6290a44e9dec5,2,ef823f39fe034fdc9651a363fc81327b,0.9133580982094256,0.9133299961394108,2.8102070014801583e-05,0.0548908227951575,0.05493416644119211,-4.3343646034608996e-05,4.3343646034608996e-05,False,False,,
true:fixed,856aeb4fa2024f1284c6290a44e9dec5,4,cb440b4d1912467fb51d871f0ccf8e8a,0.8410939884516343,0.841020377853669,7.361059796529013e-05,0.10574370824896008,0.10583670316301406,-9.29949140539843e-05,9.29949140539843e-05,False,False,,
true:fixed,856aeb4fa2024f1284c6290a44e9dec5,8,097394612e494d1ebe1750ed54a27763,0.6444553942625232,0.6446982773813222,-0.00024288311879905322,0.3116042593542998,0.31151337996621276,9.087938808705065e-05,-9.087938808705065e-05,False,False,,
true:fixed,856aeb4fa2024f1284c6290a44e9dec5,9,20601ccb0ab0445db56bad84060c1323,0.6406222223935499,0.6405801847904441,4.203760310583782e-05,0.3304572989487747,0.330532598382502,-7.529943372730497e-05,7.529943372730497e-05,False,False,,
true:fixed,856aeb4fa2024f1284c6290a44e9dec5,10,746857c6bd46430fa4b5b82186e716e0,0.6241055869582741,0.624491712624983,-0.00038612566670892523,0.35271113129199144,0.3527538380786551,-4.2706786663682106e-05,4.2706786663682106e-05,False,False,,
true:fixed,856aeb4fa2024f1284c6290a44e9dec5,12,63d7813869b34ee9aa65064e93775e58,0.6021098670634039,0.6027229959633125,-0.0006131288999086104,0.3793126892569252,0.378993169283913,0.0003195199730121612,-0.0003195199730121612,False,False,,
true:fixed,856aeb4fa2024f1284c6290a44e9dec5,16,60448167db014ef49dcfb65d89d69b3f,0.5782496342002473,0.5786337876764895,-0.0003841534762422105,0.38566735856369827,0.3854134238424799,0.000253934721218374,-0.000253934721218374,False,False,,
true:fixed,856aeb4fa2024f1284c6290a44e9dec5,17,f0bb168a6bc34e0bba79dd122b6394b0,0.6063570796706259,0.6068818949558419,-0.0005248152852159738,0.33995248249821686,0.3393545193081119,0.0005979631901049665,-0.0005979631901049665,False,False,,
true:fixed,856aeb4fa2024f1284c6290a44e9dec5,18,a82ac06abf0d4d5ea70af9e19e82305e,0.6334332424938306,0.633942595713576,-0.0005093532197454342,0.29844668779384415,0.2980599018239186,0.0003867859699255294,-0.0003867859699255294,False,False,,
true:fixed,856aeb4fa2024f1284c6290a44e9dec5,20,4734352144ac49a7b02960b99573fc14,0.6897937432759713,0.6892616088399292,0.0005321344360421643,0.22533474170105222,0.22539601575406384,-6.127405301162292e-05,6.127405301162292e-05,False,False,,
true:fixed,856aeb4fa2024f1284c6290a44e9dec5,24,7f769bb638214009813b92df0cfb501a,0.7979971786831072,0.7945858158695277,0.003411362813579455,0.17817603456398656,0.18043554641550896,-0.0022595118515224,0.0022595118515224,False,False,,
true:fixed,856aeb4fa2024f1284c6290a44e9dec5,25,f76469bb5b5747dbaedb1c59990b5579,0.7717776479518306,0.767684898892263,0.00409274905956758,0.1998934503905735,0.2027175051853995,-0.002824054794826003,0.002824054794826003,False,False,,
true:fixed,856aeb4fa2024f1284c6290a44e9dec5,26,770820077d44452a8428299e33808c0f,0.7494859865879245,0.7456005624845932,0.0038854241033313697,0.2191443295317056,0.22192927114778793,-0.002784941616082337,0.002784941616082337,False,False,,
true:fixed,856aeb4fa2024f1284c6290a44e9dec5,28,15f4465f9fe44b80ab54908983b1cf68,0.7013085980775867,0.6959553614743623,0.005353236603224398,0.26097321347897484,0.265190041478175,-0.004216827999200146,0.004216827999200146,False,False,,
true:fixed,856aeb4fa2024f1284c6290a44e9dec5,32,7ac804cee1cd4d48ac2ea0ac97726bc9,0.40851929225034317,0.4050918068302521,0.003427485420091081,0.5591817705624792,0.5648787027665522,-0.005696932204072969,0.005696932204072969,False,False,,
true:fixed,856aeb4fa2024f1284c6290a44e9dec5,33,54259afa6c644e1d99422df9da1c8f35,0.3364407476961326,0.3336991933540611,0.0027415543420714616,0.6951682420728635,0.7006429947214132,-0.005474752648549686,0.005474752648549686,False,False,,
true:fixed,856aeb4fa2024f1284c6290a44e9dec5,34,fa8abe51b4104eb68fc7f85ab1c475bb,0.2742011730430655,0.2718186210659778,0.002382551977087699,0.8346345613614001,0.840224486887105,-0.00558992552570492,0.00558992552570492,False,False,,
true:fixed,856aeb4fa2024f1284c6290a44e9dec5,36,76c090ac27774e66a592f40998d5537c,0.19246713734323978,0.1902968483504459,0.0021702889927938673,1.0211595484616276,1.0265585093693097,-0.005398960907682104,0.005398960907682104,False,False,,
true:fixed,29d3fb54f8b746118133456815b12eeb,0,8970a737ebee4443af37102473aaef8b,0.9999999999998054,0.9999999999998054,0.0,0.0,0.0,0.0,0.0,False,False,,
true:fixed,29d3fb54f8b746118133456815b12eeb,1,83f3eb36fc7144ab902e192db3a98c06,0.9965948468973351,0.9965044084285621,9.043846877299089e-05,0.0021132223672967747,0.0022488663901828665,-0.00013564402288609176,0.00013564402288609176,False,False,,
true:fixed,29d3fb54f8b746118133456815b12eeb,2,0fc0a764b3ec4c8196ffa35598fbda5f,0.9624550005514901,0.9619547039075677,0.0005002966439224821,0.028148826385808314,0.028343996069419043,-0.00019516968361072903,0.00019516968361072903,False,False,,
true:fixed,29d3fb54f8b746118133456815b12eeb,4,f8de967b00394c9e88558219feef8426,0.962158666832062,0.961877569124885,0.00028109770717699156,0.07516878247808717,0.07566672958229531,-0.0004979471042081407,0.0004979471042081407,False,False,,
true:fixed,29d3fb54f8b746118133456815b12eeb,8,2b77a910c5e749f9a620d893361c1976,0.6127510924199738,0.6128137714398478,-6.267901987400126e-05,0.3516866711077142,0.35196900504663264,-0.0002823339389184665,0.0002823339389184665,False,False,,
true:fixed,29d3fb54f8b746118133456815b12eeb,9,097394612e494d1ebe1750ed54a27763,0.6246586956549165,0.6252717736877506,-0.0006130780328340579,0.3277550780829582,0.3283378783179747,-0.0005828002350165007,0.0005828002350165007,False,False,,
true:fixed,29d3fb54f8b746118133456815b12eeb,10,20601ccb0ab0445db56bad84060c1323,0.498360777962739,0.4984919747657037,-0.00013119680296475034,0.49540086584742665,0.49581458808267553,-0.0004137222352488812,0.0004137222352488812,False,False,,
true:fixed,29d3fb54f8b746118133456815b12eeb,12,ef4fbe4064a74ce6b0a52cb3dd2e0bf0,0.5786719024299302,0.5790762107381476,-0.00040430830821747143,0.37620908267339254,0.37670063540236015,-0.0004915527289676147,0.0004915527289676147,False,False,,
true:fixed,29d3fb54f8b746118133456815b12eeb,16,49cd09e4a07145258972fc4e6b18e42d,0.9166716359544755,0.9176989065866139,-0.0010272706321383662,0.07605012887407187,0.0742496973429887,0.0018004315310831687,-0.0018004315310831687,False,False,,
true:fixed,29d3fb54f8b746118133456815b12eeb,17,60448167db014ef49dcfb65d89d69b3f,0.9149948290318618,0.9156713576566136,-0.0006765286247517599,0.07667763764282447,0.07517467927811432,0.0015029583647101497,-0.0015029583647101497,False,False,,
true:fixed,29d3fb54f8b746118133456815b12eeb,18,f0bb168a6bc34e0bba79dd122b6394b0,0.908900711496382,0.9112266816289787,-0.002325970132596722,0.0833741494972156,0.08166952896933913,0.0017046205278764687,-0.0017046205278764687,False,False,,
true:fixed,29d3fb54f8b746118133456815b12eeb,20,2a572213c61c4d40a1955c2aecee6104,0.917699753741059,0.9210572011179264,-0.003357447376867384,0.0736558094157645,0.0715386067767388,0.002117202639025692,-0.002117202639025692,False,False,,
true:fixed,29d3fb54f8b746118133456815b12eeb,21,4734352144ac49a7b02960b99573fc14,0.8702913187979356,0.8717264521265051,-0.0014351333285694823,0.08684501699785112,0.08524551865506566,0.0015994983427854575,-0.0015994983427854575,False,False,,
true:fixed,2197057ff31949819b309f2c7ec9a113,0,83f3eb36fc7144ab902e192db3a98c06,0.9999999999998992,0.9999999999998992,0.0,0.0,0.0,0.0,0.0,False,False,,
true:fixed,2197057ff31949819b309f2c7ec9a113,1,0fc0a764b3ec4c8196ffa35598fbda5f,0.9783697580343034,0.9780243989276537,0.0003453591066496786,0.03740508866839598,0.03752605796925202,-0.00012096930085604002,0.00012096930085604002,False,False,,
true:fixed,2197057ff31949819b309f2c7ec9a113,2,ef823f39fe034fdc9651a363fc81327b,0.9722647893846064,0.9695401951208711,0.0027245942637352805,0.041253987760111986,0.04217812647061313,-0.000924138710501142,0.000924138710501142,False,False,,
true:fixed,2197057ff31949819b309f2c7ec9a113,4,cb440b4d1912467fb51d871f0ccf8e8a,0.8126847509926396,0.8115405395924503,0.0011442114001892767,0.16038481124284484,0.16021773276994167,0.000167078472903176,-0.000167078472903176,False,False,,
true:fixed,2197057ff31949819b309f2c7ec9a113,8,097394612e494d1ebe1750ed54a27763,0.6180330623549515,0.6186748960649567,-0.0006418337100052574,0.3403172584348208,0.34024314150869966,7.411692612113718e-05,-7.411692612113718e-05,False,False,,
true:fixed,2197057ff31949819b309f2c7ec9a113,9,20601ccb0ab0445db56bad84060c1323,0.4706715944754047,0.4707509136268386,-7.931915143388757e-05,0.5328518897313064,0.5312207315608145,0.0016311581704918643,-0.0016311581704918643,False,False,,
true:fixed,2197057ff31949819b309f2c7ec9a113,10,746857c6bd46430fa4b5b82186e716e0,0.4956713610224607,0.496748906108466,-0.001077545086005327,0.48522949261454446,0.48378449378241983,0.001444998832124622,-0.001444998832124622,False,False,,
true:fixed,2197057ff31949819b309f2c7ec9a113,12,63d7813869b34ee9aa65064e93775e58,0.8198561968005397,0.8170829849992209,0.0027732118013187312,0.12932835136671617,0.13328141768761784,-0.003953066320901671,0.003953066320901671,False,False,,
true:fixed,2197057ff31949819b309f2c7ec9a113,16,60448167db014ef49dcfb65d89d69b3f,0.8090052253772161,0.806018094657373,0.002987130719843134,0.13305339861238843,0.13430400266148187,-0.00125060404909344,0.00125060404909344,False,False,,
true:fixed,2197057ff31949819b309f2c7ec9a113,17,f0bb168a6bc34e0bba79dd122b6394b0,0.8233875971911819,0.82525350545179,-0.0018659082606080624,0.12394108338899203,0.12379368021004351,0.00014740317894851307,-0.00014740317894851307,False,False,,
true:fixed,2197057ff31949819b309f2c7ec9a113,18,a82ac06abf0d4d5ea70af9e19e82305e,0.8375661339229783,0.8389850042035629,-0.0014188702805846276,0.11885383657347903,0.11849382085951408,0.0003600157139649479,-0.0003600157139649479,False,False,,
true:fixed,2197057ff31949819b309f2c7ec9a113,20,4734352144ac49a7b02960b99573fc14,0.8320609541899184,0.8284809524108109,0.0035800017791075556,0.19950144896604066,0.20717010994517626,-0.0076686609791356,0.0076686609791356,False,False,,
true:fixed,2197057ff31949819b309f2c7ec9a113,24,7f769bb638214009813b92df0cfb501a,0.6064942014696918,0.602437795487502,0.004056405982189815,0.3151300782033223,0.3204557642812975,-0.0053256860779752335,0.0053256860779752335,False,False,,
true:fixed,2197057ff31949819b309f2c7ec9a113,25,f76469bb5b5747dbaedb1c59990b5579,0.6433452042298683,0.6423985695644006,0.0009466346654677382,0.2852200595881794,0.2864235988437501,-0.001203539255570707,0.001203539255570707,False,False,,
true:fixed,2197057ff31949819b309f2c7ec9a113,26,770820077d44452a8428299e33808c0f,0.6401884313993972,0.6362990466629082,0.003889384736489032,0.286607340461119,0.2888998095976633,-0.002292469136544295,0.002292469136544295,False,False,,
true:fixed,2197057ff31949819b309f2c7ec9a113,28,15f4465f9fe44b80ab54908983b1cf68,0.5229561474424917,0.5215193774170106,0.0014367700254811488,0.4397208142427973,0.4396893200367798,3.1494206017501636e-05,-3.1494206017501636e-05,False,False,,
true:fixed,2197057ff31949819b309f2c7ec9a113,32,7ac804cee1cd4d48ac2ea0ac97726bc9,0.36670751364531534,0.3702870704284123,-0.00357955678309696,0.6840436387960708,0.6796469152870195,0.004396723509051292,-0.004396723509051292,False,False,,
true:fixed,2197057ff31949819b309f2c7ec9a113,33,54259afa6c644e1d99422df9da1c8f35,0.3323949418554054,0.33392730491387895,-0.0015323630584735404,0.7487192082486805,0.7476274260064592,0.0010917822422213952,-0.0010917822422213952,False,False,,
true:fixed,29f69a7cb2c544c8a5ef26437a48e021,0,f8de967b00394c9e88558219feef8426,1.000000000000046,1.000000000000046,0.0,0.0,0.0,0.0,0.0,False,False,,
true:fixed,29f69a7cb2c544c8a5ef26437a48e021,1,cb440b4d1912467fb51d871f0ccf8e8a,0.9625426423138167,0.9620391070090969,0.0005035353047198043,0.03607146824511076,0.03746690449708846,-0.0013954362519777025,0.0013954362519777025,False,False,,
true:fixed,29f69a7cb2c544c8a5ef26437a48e021,2,13546ea263ff48f49899cb30ac0004e9,0.9239134151522346,0.9226767963821508,0.0012366187700837417,0.08142706704342972,0.08288380812497138,-0.0014567410815416598,0.0014567410815416598,False,False,,
true:fixed,29f69a7cb2c544c8a5ef26437a48e021,4,2b77a910c5e749f9a620d893361c1976,0.8600905018566661,0.8588175032457419,0.0012729986109242253,0.15928990457783007,0.16158144671398067,-0.0022915421361505983,0.0022915421361505983,False,False,,
true:fixed,29f69a7cb2c544c8a5ef26437a48e021,8,ef4fbe4064a74ce6b0a52cb3dd2e0bf0,0.606550843427769,0.6052820055740474,0.0012688378537215605,0.3679780389256859,0.37135550577468246,-0.0033774668489965354,0.0033774668489965354,False,False,,
true:fixed,29f69a7cb2c544c8a5ef26437a48e021,9,63d7813869b34ee9aa65064e93775e58,0.5657062929273866,0.5650460186472296,0.0006602742801570249,0.44225516070138376,0.44482434534887094,-0.002569184647487177,0.002569184647487177,False,False,,
true:fixed,29f69a7cb2c544c8a5ef26437a48e021,10,3d5a6fe339f3490297e4b9d1f3949618,0.5208350529614985,0.5211916385276505,-0.0003565855661520345,0.5396144995589832,0.5399798843428847,-0.0003653847839014679,0.0003653847839014679,False,False,,
true:fixed,29f69a7cb2c544c8a5ef26437a48e021,12,49cd09e4a07145258972fc4e6b18e42d,0.36450695696196195,0.36448345423542594,2.3502726536006602e-05,0.6444183791232295,0.6443522173044887,6.616181874086191e-05,-6.616181874086191e-05,False,False,,
true:fixed,29f69a7cb2c544c8a5ef26437a48e021,16,2a572213c61c4d40a1955c2aecee6104,0.4607122009204285,0.4623869931873559,-0.0016747922669273496,0.46033687720191313,0.45828857505663934,0.002048302145273795,-0.002048302145273795,False,False,,
true:fixed,29f69a7cb2c544c8a5ef26437a48e021,17,4734352144ac49a7b02960b99573fc14,0.5185872157264623,0.48368044975808744,0.03490676596837483,0.3824297222173743,0.42657451951601855,-0.044144797298644234,0.044144797298644234,False,False,,
true:fixed,29f69a7cb2c544c8a5ef26437a48e021,18,0ab9ec2730894df2b48df70d0d2e84a9,0.540367420691718,0.5575646573314212,-0.017197236639703295,0.3645022806062866,0.3388308854111232,0.02567139519516337,-0.02567139519516337,False,False,,
true:fixed,29f69a7cb2c544c8a5ef26437a48e021,20,fd6002d736cb405796fc4fbdd5af6f7f,0.5901554859764055,0.6099316604902931,-0.01977617451388758,0.34890106654608455,0.3133074518256126,0.035593614720471956,-0.035593614720471956,False,False,,
true:fixed,29f69a7cb2c544c8a5ef26437a48e021,24,8a7007fd59cf4f39a3855b0e82136105,0.5161505213838219,0.5542821408777923,-0.03813161949397037,0.4246935527695838,0.3796614696904568,0.04503208307912704,-0.04503208307912704,False,False,,
true:fixed,29f69a7cb2c544c8a5ef26437a48e021,25,15f4465f9fe44b80ab54908983b1cf68,0.48233021772724716,0.5172401497156218,-0.034909931988374665,0.45302148711840073,0.4088019813944102,0.044219505723990526,-0.044219505723990526,False,False,,
true:fixed,29f69a7cb2c544c8a5ef26437a48e021,26,f94199c2a589484d8e32dd6bf4931d4f,0.4493293545963147,0.44365016826434367,0.005679186331971009,0.48753525702122236,0.4819580879375261,0.005577169083696265,-0.005577169083696265,False,False,,
true:fixed,29f69a7cb2c544c8a5ef26437a48e021,28,bec365d878c4413d85d5fbb3eb3b3f46,0.3882761290617608,0.38140254168943066,0.0068735873723301255,0.5642134878704657,0.5675608153694147,-0.00334732749894906,0.00334732749894906,False,False,,
true:fixed,29f69a7cb2c544c8a5ef26437a48e021,30,54259afa6c644e1d99422df9da1c8f35,0.10523033833938894,0.1007183085588048,0.00451202978058414,1.2510463402041765,1.2651060427910807,-0.014059702586904255,0.014059702586904255,False,False,,
true:fixed,a661e4cd1f644266a8307b4948082ae7,0,cb440b4d1912467fb51d871f0ccf8e8a,0.99999999999994,0.99999999999994,0.0,0.0,0.0,0.0,0.0,False,False,,
true:fixed,a661e4cd1f644266a8307b4948082ae7,1,13546ea263ff48f49899cb30ac0004e9,0.9327627047255957,0.9327618444492013,8.602763944542957e-07,0.04659742588611272,0.046419815024487936,0.00017761086162478706,-0.00017761086162478706,False,False,,
true:fixed,a661e4cd1f644266a8307b4948082ae7,2,9b77dad2bdcf4814b042fa47889f19f6,0.8710020866405345,0.8705348499422558,0.0004672366982786391,0.09336866740084013,0.0928586234214112,0.0005100439794289285,-0.0005100439794289285,False,False,,
true:fixed,a661e4cd1f644266a8307b4948082ae7,4,097394612e494d1ebe1750ed54a27763,0.7654974300775809,0.7650466248799337,0.00045080519764717497,0.1796425396333716,0.17932491567635667,0.0003176239570149286,-0.0003176239570149286,False,False,,
true:fixed,a661e4cd1f644266a8307b4948082ae7,8,63d7813869b34ee9aa65064e93775e58,0.7053997133095864,0.7681732055132916,-0.0627734922037052,0.22669517775280734,0.17511547414488318,0.05157970360792416,-0.05157970360792416,False,False,,
true:fixed,a661e4cd1f644266a8307b4948082ae7,9,3d5a6fe339f3490297e4b9d1f3949618,0.6949446135268098,0.7536296320364536,-0.058685018509643805,0.23911630915980198,0.19412513044799348,0.044991178711808494,-0.044991178711808494,False,False,,
true:fixed,a661e4cd1f644266a8307b4948082ae7,10,306e66375cf94c7881864ba03782d2d2,0.659750220403219,0.7143175602244071,-0.05456733982118811,0.29488675427295497,0.2521999509882297,0.04268680328472524,-0.04268680328472524,False,False,,
true:fixed,a661e4cd1f644266a8307b4948082ae7,12,60448167db014ef49dcfb65d89d69b3f,0.6044554836661359,0.6515961928789963,-0.0471407092128604,0.3817745230886418,0.3443235910890994,0.037450931999542414,-0.037450931999542414,False,False,,
true:fixed,a661e4cd1f644266a8307b4948082ae7,16,4734352144ac49a7b02960b99573fc14,0.6906758751059127,0.7324456016607248,-0.04176972655481215,0.31736917735882164,0.29755889343741315,0.01981028392140849,-0.01981028392140849,False,False,,
true:fixed,a661e4cd1f644266a8307b4948082ae7,17,0ab9ec2730894df2b48df70d0d2e84a9,0.7010764000821791,0.6814067749669449,0.01966962511523418,0.3154137268006069,0.30374565653099567,0.011668070269611253,-0.011668070269611253,False,False,,
true:fixed,a661e4cd1f644266a8307b4948082ae7,18,cb708f56b6104d638f93e3906cba5b82,0.6532025749852365,0.6326425238813432,0.02056005110389325,0.32415620679489593,0.32527133860176854,-0.0011151318068726157,0.0011151318068726157,False,False,,
true:fixed,a661e4cd1f644266a8307b4948082ae7,20,7f769bb638214009813b92df0cfb501a,0.5600221224367218,0.5414376470461851,0.018584475390536648,0.3731193584218295,0.38696857176570776,-0.013849213343878286,0.013849213343878286,False,False,,
true:fixed,a661e4cd1f644266a8307b4948082ae7,24,15f4465f9fe44b80ab54908983b1cf68,0.4035323708740109,0.3874189074047082,0.016113463469302702,0.5443935671923543,0.57358820106271,-0.029194633870355702,0.029194633870355702,False,False,,
true:fixed,a661e4cd1f644266a8307b4948082ae7,25,f94199c2a589484d8e32dd6bf4931d4f,0.37020813711502176,0.35597879159572565,0.01422934551929611,0.594543105612493,0.6234415182282311,-0.02889841261573811,0.02889841261573811,False,False,,
true:fixed,a661e4cd1f644266a8307b4948082ae7,26,a07f902656eb4f0fb2e5a77f803fb37c,0.3393689553029397,0.3253069960620376,0.014061959240902089,0.6461376163233025,0.6765972602666678,-0.03045964394336531,0.03045964394336531,False,False,,
true:fixed,a661e4cd1f644266a8307b4948082ae7,28,7ac804cee1cd4d48ac2ea0ac97726bc9,0.27716877988236494,0.26397316053231823,0.013195619350046706,0.7635685556006301,0.7959176808282625,-0.03234912522763245,0.03234912522763245,False,False,,
true:fixed,a661e4cd1f644266a8307b4948082ae7,32,76c090ac27774e66a592f40998d5537c,0.177114953529724,0.16494639854330662,0.01216855498641739,1.0005097404146623,1.0359251027193137,-0.035415362304651365,0.035415362304651365,False,False,,
true:fixed,9ca01ff2a1b54d2eafaed768e58783ad,0,f8de967b00394c9e88558219feef8426,0.9999999999998023,0.9999999999998023,0.0,0.0,0.0,0.0,0.0,False,False,,
true:fixed,9ca01ff2a1b54d2eafaed768e58783ad,1,cb440b4d1912467fb51d871f0ccf8e8a,0.9031962180308298,0.9032828291160064,-8.661108517660221e-05,0.06996492469142923,0.07001253599063594,-4.761129920670404e-05,4.761129920670404e-05,False,False,,
true:fixed,9ca01ff2a1b54d2eafaed768e58783ad,2,13546ea263ff48f49899cb30ac0004e9,0.8145840148573208,0.8150886082803351,-0.0005045934230143434,0.1390316697652122,0.13935229221418557,-0.0003206224489733789,0.0003206224489733789,False,False,,
true:fixed,9ca01ff2a1b54d2eafaed768e58783ad,4,2b77a910c5e749f9a620d893361c1976,0.7729034108397136,0.7734380046580348,-0.0005345938183212162,0.16559685742299152,0.16580888666072596,-0.0002120292377344457,0.0002120292377344457,False,False,,
true:fixed,9ca01ff2a1b54d2eafaed768e58783ad,8,ef4fbe4064a74ce6b0a52cb3dd2e0bf0,0.8924517892585577,0.8564313930514709,0.03602039620708686,0.0913767242208732,0.09354434718917114,-0.002167622968297936,0.002167622968297936,False,False,,
true:fixed,9ca01ff2a1b54d2eafaed768e58783ad,9,63d7813869b34ee9aa65064e93775e58,0.8787502698659773,0.8717183687416551,0.007031901124322171,0.09711174835837674,0.08481018494959001,0.012301563408786728,-0.012301563408786728,False,False,,
true:fixed,9ca01ff2a1b54d2eafaed768e58783ad,10,3d5a6fe339f3490297e4b9d1f3949618,0.8419819357625544,0.867295936167257,-0.025314000404702552,0.11768524522376334,0.09451641655659539,0.02316882866716795,-0.02316882866716795,False,False,,
true:fixed,9ca01ff2a1b54d2eafaed768e58783ad,12,49cd09e4a07145258972fc4e6b18e42d,0.7785715035092602,0.8452080687161811,-0.06663656520692096,0.17284949821132078,0.14223017271544197,0.030619325495878813,-0.030619325495878813,False,False,,
true:fixed,9ca01ff2a1b54d2eafaed768e58783ad,16,2a572213c61c4d40a1955c2aecee6104,0.7182728258075036,0.691067833090218,0.027204992717285603,0.21032903861379942,0.21985810030797032,-0.009529061694170893,0.009529061694170893,False,False,,
true:fixed,9ca01ff2a1b54d2eafaed768e58783ad,17,4734352144ac49a7b02960b99573fc14,0.6462659500274577,0.6225486279643827,0.023717322063074975,0.2620223474502954,0.2787233303162253,-0.016700982865929914,0.016700982865929914,False,False,,
true:fixed,9ca01ff2a1b54d2eafaed768e58783ad,18,0ab9ec2730894df2b48df70d0d2e84a9,0.5856982325405901,0.5636665817624734,0.02203165077811664,0.31977557822072783,0.341918869255076,-0.022143291034348145,0.022143291034348145,False,False,,
true:fixed,9ca01ff2a1b54d2eafaed768e58783ad,20,fd6002d736cb405796fc4fbdd5af6f7f,0.47190241038106284,0.45562252810278425,0.01627988227827859,0.4491783207005613,0.47405605556647573,-0.024877734865914436,0.024877734865914436,False,False,,
true:fixed,9ca01ff2a1b54d2eafaed768e58783ad,24,8a7007fd59cf4f39a3855b0e82136105,0.29722922116248857,0.28269147528090266,0.014537745881585906,0.733471410461862,0.7659529403250028,-0.03248152986314079,0.03248152986314079,False,False,,
true:fixed,9ca01ff2a1b54d2eafaed768e58783ad,25,15f4465f9fe44b80ab54908983b1cf68,0.2583575180185873,0.24486821419580465,0.013489303822782656,0.8145105395659344,0.8469842889692446,-0.03247374940331016,0.03247374940331016,False,False,,
true:fixed,9ca01ff2a1b54d2eafaed768e58783ad,26,f94199c2a589484d8e32dd6bf4931d4f,0.22296056501743575,0.21050014164385103,0.012460423373584717,0.8959192163032959,0.9281039930415637,-0.032184776738267806,0.032184776738267806,False,False,,
true:fixed,9ca01ff2a1b54d2eafaed768e58783ad,28,bec365d878c4413d85d5fbb3eb3b3f46,0.16001472086427657,0.1483996026849883,0.011615118179288259,1.0627437909605673,1.0963216908200724,-0.0335778998595051,0.0335778998595051,False,False,,
true:fixed,9ca01ff2a1b54d2eafaed768e58783ad,32,bc84a61f13f744cd8f5aa8e888ce879b,0.08511944473740082,0.07330916819395152,0.011810276543449308,1.2953458561520275,1.33282305729269,-0.03747720114066255,0.03747720114066255,False,False,,
true:fixed,9ca01ff2a1b54d2eafaed768e58783ad,33,76c090ac27774e66a592f40998d5537c,0.06690151894674394,0.05517372108137664,0.011727797865367304,1.3562021272383995,1.3939487664741448,-0.03774663923574528,0.03774663923574528,False,False,,
true:fixed,a1cc58fdb3fa4a0097a315a77ce1be90,0,2a572213c61c4d40a1955c2aecee6104,1.000000000000094,1.000000000000094,0.0,0.0,0.0,0.0,0.0,False,False,,
true:fixed,a1cc58fdb3fa4a0097a315a77ce1be90,1,4734352144ac49a7b02960b99573fc14,0.8068445033484741,0.806854643711862,-1.0140363387867168e-05,0.15771033273651655,0.15770368845657884,6.644279937711994e-06,-6.644279937711994e-06,False,False,,
true:fixed,a1cc58fdb3fa4a0097a315a77ce1be90,2,0ab9ec2730894df2b48df70d0d2e84a9,0.8704058493137835,0.8718275773476944,-0.0014217280339109406,0.10181622558666832,0.1007358075473148,0.00108041803935352,-0.00108041803935352,False,False,,
true:fixed,a1cc58fdb3fa4a0097a315a77ce1be90,4,fd6002d736cb405796fc4fbdd5af6f7f,0.7361017000800528,0.8085822545251339,-0.07248055444508106,0.22124577023266936,0.14766812414595748,0.07357764608671188,-0.07357764608671188,False,False,,
true:fixed,a1cc58fdb3fa4a0097a315a77ce1be90,8,8a7007fd59cf4f39a3855b0e82136105,0.7913863745238768,0.7161443245415028,0.07524204998237405,0.16051674579432607,0.2350446831600379,-0.07452793736571184,0.07452793736571184,False,False,,
true:fixed,a1cc58fdb3fa4a0097a315a77ce1be90,9,15f4465f9fe44b80ab54908983b1cf68,0.6741635809254081,0.6098824204976839,0.06428116042772414,0.28357238240701443,0.3565923048058462,-0.07301992239883176,0.07301992239883176,False,False,,
true:fixed,a1cc58fdb3fa4a0097a315a77ce1be90,10,f94199c2a589484d8e32dd6bf4931d4f,0.5739802027610078,0.5187735421756755,0.0552066605853323,0.4098193673001185,0.48103773427057306,-0.07121836697045458,0.07121836697045458,False,False,,
true:fixed,a1cc58fdb3fa4a0097a315a77ce1be90,12,bec365d878c4413d85d5fbb3eb3b3f46,0.5158717379066657,0.4645153821631788,0.05135635574348696,0.4883080429599258,0.5615750891648965,-0.07326704620497071,0.07326704620497071,False,False,,
true:fixed,a1cc58fdb3fa4a0097a315a77ce1be90,16,bc84a61f13f744cd8f5aa8e888ce879b,0.39213082101005975,0.3484391077757518,0.04369171323430793,0.6779344424775221,0.7542204882154476,-0.07628604573792552,0.07628604573792552,False,False,,
true:fixed,a1cc58fdb3fa4a0097a315a77ce1be90,17,76c090ac27774e66a592f40998d5537c,0.36238307245983703,0.321182504346977,0.04120056811286005,0.729067889096303,0.8038102119914624,-0.07474232289515936,0.07474232289515936,False,False,,
true:fixed,307a3275c31f452eb9c7c66636c7bb27,0,306e66375cf94c7881864ba03782d2d2,1.0000000000000038,1.0000000000000038,0.0,0.0,0.0,0.0,0.0,False,False,,
true:fixed,307a3275c31f452eb9c7c66636c7bb27,1,49cd09e4a07145258972fc4e6b18e42d,0.9846766642774992,0.9846961521517142,-1.9487874215018408e-05,0.009482166717423983,0.009475254083480735,6.912633943248134e-06,-6.912633943248134e-06,False,False,,
true:fixed,307a3275c31f452eb9c7c66636c7bb27,2,60448167db014ef49dcfb65d89d69b3f,0.9677406971630621,0.9676257487914954,0.00011494837156666993,0.01986267840207596,0.019931403838933517,-6.872543685755572e-05,6.872543685755572e-05,False,False,,
true:fixed,307a3275c31f452eb9c7c66636c7bb27,4,a82ac06abf0d4d5ea70af9e19e82305e,0.9504519857609993,0.9499787057771565,0.00047327998384283365,0.03685235204348516,0.03760343310120652,-0.0007510810577213631,0.0007510810577213631,False,False,,
true:fixed,307a3275c31f452eb9c7c66636c7bb27,8,cb708f56b6104d638f93e3906cba5b82,0.6450479173818735,0.6445919524527103,0.00045596492916322173,0.3156383065468288,0.3161664186224698,-0.0005281120756410185,0.0005281120756410185,False,False,,
true:fixed,307a3275c31f452eb9c7c66636c7bb27,9,fd6002d736cb405796fc4fbdd5af6f7f,0.5672756180374955,0.5666721420558565,0.0006034759816390123,0.40501058201729245,0.40545319756349274,-0.00044261554620028676,0.00044261554620028676,False,False,,
true:fixed,307a3275c31f452eb9c7c66636c7bb27,10,7f769bb638214009813b92df0cfb501a,0.4881735990613741,0.4877615355412242,0.0004120635201498857,0.5102474010673114,0.5105527917401765,-0.00030539067286516897,0.00030539067286516897,False,False,,
true:fixed,307a3275c31f452eb9c7c66636c7bb27,12,770820077d44452a8428299e33808c0f,0.3840866542127808,0.3832941611711177,0.0007924930416631226,0.6664604219685543,0.6670763491584137,-0.0006159271898594776,0.0006159271898594776,False,False,,
true:fixed,307a3275c31f452eb9c7c66636c7bb27,16,a07f902656eb4f0fb2e5a77f803fb37c,0.25396205784602455,0.25360671723240724,0.0003553406136173054,0.8980009996513061,0.8985551908316499,-0.0005541911803438326,0.0005541911803438326,False,False,,
true:fixed,307a3275c31f452eb9c7c66636c7bb27,17,bec365d878c4413d85d5fbb3eb3b3f46,0.21877263983024944,0.2186663432372248,0.00010629659302463512,0.9684313760010078,0.9689424618525153,-0.0005110858515074979,0.0005110858515074979,False,False,,
true:fixed,307a3275c31f452eb9c7c66636c7bb27,18,7ac804cee1cd4d48ac2ea0ac97726bc9,0.18532443603643967,0.18544838531153746,-0.00012394927509778997,1.0386261238049699,1.0388207895160073,-0.0001946657110374339,0.0001946657110374339,False,False,,
true:fixed,d71462c2ae74472bae3adbf7a41b2fc7,0,65e07a70e6b5404a87bf34e49d4c0924,0.9999999999999561,0.9999999999999561,0.0,0.0,0.0,0.0,0.0,False,False,,
true:fixed,d71462c2ae74472bae3adbf7a41b2fc7,1,9ab5069c183c492b82b0ab30133080c1,0.8983664583653632,0.8982428116058137,0.00012364675954956716,0.06478023352554181,0.06484453740256736,-6.430387702555107e-05,6.430387702555107e-05,False,False,,
true:fixed,d71462c2ae74472bae3adbf7a41b2fc7,2,4258ba3b8b8142f48c3249d310a8c3d2,0.8764699599013448,0.8763619386982751,0.00010802120306974139,0.08398766003563247,0.08407885587066238,-9.119583502990858e-05,9.119583502990858e-05,False,False,,
true:fixed,d71462c2ae74472bae3adbf7a41b2fc7,4,83f3eb36fc7144ab902e192db3a98c06,0.8504217983920449,0.8503101167807045,0.00011168161134045285,0.11100738473929297,0.11112167307931252,-0.00011428834001954435,0.00011428834001954435,False,False,,
true:fixed,d71462c2ae74472bae3adbf7a41b2fc7,8,cb440b4d1912467fb51d871f0ccf8e8a,0.8363858452583095,0.8363086958059213,7.714945238823656e-05,0.13023307913782076,0.13033736799427398,-0.00010428885645322183,0.00010428885645322183,False,False,,
true:fixed,d71462c2ae74472bae3adbf7a41b2fc7,9,13546ea263ff48f49899cb30ac0004e9,0.7438322669300871,0.7437689883528452,6.327857724186536e-05,0.21055041732801577,0.21061240665016864,-6.198932215287223e-05,6.198932215287223e-05,False,False,,
true:fixed,d71462c2ae74472bae3adbf7a41b2fc7,10,9b77dad2bdcf4814b042fa47889f19f6,0.819993837435898,0.8198999066305146,9.393080538344645e-05,0.13763158623204008,0.13769586356503888,-6.427733299879668e-05,6.427733299879668e-05,False,False,,
true:fixed,d71462c2ae74472bae3adbf7a41b2fc7,12,097394612e494d1ebe1750ed54a27763,0.937567107148786,0.9376174660554665,-5.035890668048104e-05,0.07654028225799553,0.07635653162326718,0.00018375063472834963,-0.00018375063472834963,False,False,,
true:fixed,d71462c2ae74472bae3adbf7a41b2fc7,16,63d7813869b34ee9aa65064e93775e58,0.4118246326666868,0.4118493796371257,-2.4746970438915827e-05,0.6274628410933408,0.6273899058692496,7.293522409124176e-05,-7.293522409124176e-05,False,False,,
true:fixed,d71462c2ae74472bae3adbf7a41b2fc7,17,3d5a6fe339f3490297e4b9d1f3949618,0.35093497655674194,0.35094703755866136,-1.2061001919416725e-05,0.7239668755373758,0.7239276220405186,3.925349685718338e-05,-3.925349685718338e-05,False,False,,
true:fixed,d71462c2ae74472bae3adbf7a41b2fc7,18,306e66375cf94c7881864ba03782d2d2,0.366410246893178,0.3664266504136525,-1.6403520474495004e-05,0.6963657640609755,0.6963301173325324,3.564672844313943e-05,-3.564672844313943e-05,False,False,,
true:fixed,d71462c2ae74472bae3adbf7a41b2fc7,20,60448167db014ef49dcfb65d89d69b3f,0.4003347313532957,0.40035072105897157,-1.5989705675845123e-05,0.6407934423248647,0.6407706237139087,2.2818610955988028e-05,-2.2818610955988028e-05,False,False,,
true:fixed,d71462c2ae74472bae3adbf7a41b2fc7,24,4734352144ac49a7b02960b99573fc14,0.4046678560464903,0.40465895262846974,8.903418020567155e-06,0.635064551105943,0.6350925022121278,-2.7951106184809227e-05,2.7951106184809227e-05,False,False,,
true:fixed,d71462c2ae74472bae3adbf7a41b2fc7,25,0ab9ec2730894df2b48df70d0d2e84a9,0.37163807866126886,0.37162263164248605,1.5447018782810407e-05,0.6908601639157887,0.6909102300153047,-5.00660995159663e-05,5.00660995159663e-05,False,False,,
true:fixed,d71462c2ae74472bae3adbf7a41b2fc7,26,cb708f56b6104d638f93e3906cba5b82,0.33928967978989194,0.33927587520315483,1.3804586737109492e-05,0.7476672200996387,0.7476958181370548,-2.859803741606104e-05,2.859803741606104e-05,False,False,,
true:fixed,d71462c2ae74472bae3adbf7a41b2fc7,28,7f769bb638214009813b92df0cfb501a,0.20602131821795847,0.20601796848578985,3.3497321686171144e-06,1.0057831715022412,1.0057933117719284,-1.0140269687264336e-05,1.0140269687264336e-05,False,False,,
true:fixed,d71462c2ae74472bae3adbf7a41b2fc7,32,15f4465f9fe44b80ab54908983b1cf68,0.12732135344769727,0.1273241654105715,-2.8119628742440117e-06,1.174674277224539,1.174665659450618,8.617773921137939e-06,-8.617773921137939e-06,False,False,,
true:fixed,d71462c2ae74472bae3adbf7a41b2fc7,33,f94199c2a589484d8e32dd6bf4931d4f,0.09722512764633331,0.09941857336017043,-0.0021934457138371166,1.2808075209069165,1.2675446893287985,0.013262831578118028,-0.013262831578118028,False,False,,
true:fixed,d71462c2ae74472bae3adbf7a41b2fc7,34,a07f902656eb4f0fb2e5a77f803fb37c,0.05237293083133968,0.05421675283147853,-0.0018438220001388492,1.4159249979008912,1.402744510099872,0.013180487801019103,-0.013180487801019103,False,False,,
true:fixed,d71462c2ae74472bae3adbf7a41b2fc7,36,7ac804cee1cd4d48ac2ea0ac97726bc9,0.011433722723618837,0.0127647011113708,-0.0013309783877519625,1.5510919576321172,1.5395589951315727,0.011532962500544475,-0.011532962500544475,False,False,,
true:fixed,d71462c2ae74472bae3adbf7a41b2fc7,40,76c090ac27774e66a592f40998d5537c,0.0,0.0,0.0,1.7123241117217571,1.7011342997225938,0.011189811999163357,-0.011189811999163357,False,False,,
true:fixed,6ad58d370ed542a9a68e1fcf5a4f2ee7,0,2b77a910c5e749f9a620d893361c1976,1.0000000000000018,1.0000000000000018,0.0,0.0,0.0,0.0,0.0,False,False,,
true:fixed,6ad58d370ed542a9a68e1fcf5a4f2ee7,1,097394612e494d1ebe1750ed54a27763,0.910364145658265,0.910364145658265,0.0,0.08000000000000007,0.08000000000000007,0.0,0.0,True,True,,
true:fixed,6ad58d370ed542a9a68e1fcf5a4f2ee7,2,20601ccb0ab0445db56bad84060c1323,0.828418230563004,0.828418230563004,0.0,0.16000000000000014,0.16000000000000014,0.0,0.0,True,True,,
true:fixed,6ad58d370ed542a9a68e1fcf5a4f2ee7,4,ef4fbe4064a74ce6b0a52cb3dd2e0bf0,0.6839506172839515,0.6839506172839515,0.0,0.3200000000000003,0.3200000000000003,0.0,0.0,True,True,,
true:fixed,6ad58d370ed542a9a68e1fcf5a4f2ee7,8,49cd09e4a07145258972fc4e6b18e42d,0.45510786071732584,0.45510786071732584,0.0,0.6302077863672473,0.6302077863672473,0.0,0.0,False,False,,
true:fixed,6ad58d370ed542a9a68e1fcf5a4f2ee7,9,60448167db014ef49dcfb65d89d69b3f,0.4090197549228968,0.4090224004891958,-2.645566298975499e-06,0.7012801435739067,0.7012801472425637,-3.6686570448196676e-09,3.6686570448196676e-09,False,False,,
true:fixed,6ad58d370ed542a9a68e1fcf5a4f2ee7,10,f0bb168a6bc34e0bba79dd122b6394b0,0.36627278175784506,0.3662719128004685,8.689573765541247e-07,0.7734092281444456,0.7734115082055258,-2.2800610802731214e-06,2.2800610802731214e-06,False,False,,
true:fixed,6ad58d370ed542a9a68e1fcf5a4f2ee7,12,2a572213c61c4d40a1955c2aecee6104,0.3017514157505417,0.3017864405925037,-3.5024841961994735e-05,0.8976203275988758,0.8975930730985692,2.7254500306606033e-05,-2.7254500306606033e-05,False,False,,
true:fixed,6ad58d370ed542a9a68e1fcf5a4f2ee7,16,fd6002d736cb405796fc4fbdd5af6f7f,0.1931172537395001,0.1928764182027925,0.00024083553670758984,1.1399742172067717,1.140483600245875,-0.000509383039103195,0.000509383039103195,False,False,,
true:fixed,6ad58d370ed542a9a68e1fcf5a4f2ee7,17,7f769bb638214009813b92df0cfb501a,0.14667411135441802,0.14655124744936648,0.00012286390505153455,1.2577448895851064,1.2580623774926463,-0.00031748790753982625,0.00031748790753982625,False,False,,
true:fixed,6ad58d370ed542a9a68e1fcf5a4f2ee7,18,f76469bb5b5747dbaedb1c59990b5579,0.10463153580127388,0.10412712563651487,0.0005044101647590088,1.3737276822553506,1.3752029690760563,-0.0014752868207057457,0.0014752868207057457,False,False,,
true:fixed,6ad58d370ed542a9a68e1fcf5a4f2ee7,20,8a7007fd59cf4f39a3855b0e82136105,0.042351110287910644,0.04195597151837521,0.00039513876953543164,1.5642478123063872,1.5658302187349982,-0.0015824064286109607,0.0015824064286109607,False,False,,
true:fixed,6ad58d370ed542a9a68e1fcf5a4f2ee7,24,bec365d878c4413d85d5fbb3eb3b3f46,0.0,0.0,0.0,1.8733918155928908,1.8753194005928773,-0.0019275849999864647,0.0019275849999864647,False,False,,
true:fixed,6ad58d370ed542a9a68e1fcf5a4f2ee7,25,7ac804cee1cd4d48ac2ea0ac97726bc9,0.0,0.0,0.0,1.960050209363317,1.961770259228094,-0.001720049864776918,0.001720049864776918,False,False,,
true:fixed,6ad58d370ed542a9a68e1fcf5a4f2ee7,26,54259afa6c644e1d99422df9da1c8f35,0.0,0.0,0.0,2.021757004552791,2.023678761910453,-0.0019217573576617575,0.0019217573576617575,False,False,,
true:fixed,6ad58d370ed542a9a68e1fcf5a4f2ee7,28,bc84a61f13f744cd8f5aa8e888ce879b,0.0,0.0,0.0,2.1336285356455766,2.1359043945534473,-0.0022758589078706315,0.0022758589078706315,False,False,,
true:fixed,6ad58d370ed542a9a68e1fcf5a4f2ee7,29,76c090ac27774e66a592f40998d5537c,0.0,0.0,0.0,2.196113299411552,2.1985445793399467,-0.0024312799283947584,0.0024312799283947584,False,False,,
true:fixed,55527032f0174fefa3b051a24707bf08,0,4258ba3b8b8142f48c3249d310a8c3d2,0.9999999999999701,0.9999999999999701,0.0,0.0,0.0,0.0,0.0,False,False,,
true:fixed,55527032f0174fefa3b051a24707bf08,1,8970a737ebee4443af37102473aaef8b,0.9654667408112034,0.9653741286800557,9.261213114775124e-05,0.02399794366714382,0.024276592644420395,-0.00027864897727657503,0.00027864897727657503,False,False,,
true:fixed,55527032f0174fefa3b051a24707bf08,2,83f3eb36fc7144ab902e192db3a98c06,0.9245987739699707,0.9244779961452693,0.00012077782470143461,0.053911841233232935,0.054303206590101315,-0.00039136535686837975,0.00039136535686837975,False,False,,
true:fixed,55527032f0174fefa3b051a24707bf08,4,ef823f39fe034fdc9651a363fc81327b,0.8700722494190217,0.8703501584744016,-0.00027790905537983246,0.08664672250434849,0.08656566324402262,8.105926032586641e-05,-8.105926032586641e-05,False,False,,
true:fixed,55527032f0174fefa3b051a24707bf08,8,9b77dad2bdcf4814b042fa47889f19f6,0.6767117983600945,0.6774595377130221,-0.0007477393529276011,0.3382299925604121,0.33736793731776626,0.0008620552426458206,-0.0008620552426458206,False,False,,
true:fixed,55527032f0174fefa3b051a24707bf08,9,2b77a910c5e749f9a620d893361c1976,0.636516039580284,0.6370279657409845,-0.0005119261607005043,0.41005553499923053,0.4094849874222868,0.0005705475769437474,-0.0005705475769437474,False,False,,
true:fixed,55527032f0174fefa3b051a24707bf08,10,097394612e494d1ebe1750ed54a27763,0.6342588931709985,0.6350188269525769,-0.000759933781578459,0.4363630736822037,0.4354046727917685,0.0009584008904351959,-0.0009584008904351959,False,False,,
true:fixed,55527032f0174fefa3b051a24707bf08,12,746857c6bd46430fa4b5b82186e716e0,0.6335246459095857,0.6347348129037775,-0.0012101669941918525,0.48206240899050407,0.4794552438652699,0.0026071651252341788,-0.0026071651252341788,False,False,,
true:fixed,55527032f0174fefa3b051a24707bf08,16,306e66375cf94c7881864ba03782d2d2,0.6373647845747328,0.6379324995590187,-0.000567714984285872,0.5348454158344683,0.5342356487848351,0.0006097670496332253,-0.0006097670496332253,False,False,,
true:fixed,55527032f0174fefa3b051a24707bf08,17,49cd09e4a07145258972fc4e6b18e42d,0.6518855804034643,0.6513756343560702,0.000509946047394183,0.4828961750241772,0.4855316838770793,-0.002635508852902091,0.002635508852902091,False,False,,
true:fixed,55527032f0174fefa3b051a24707bf08,18,60448167db014ef49dcfb65d89d69b3f,0.6563468388864667,0.654839975389909,0.0015068634965577088,0.45628666077844204,0.46042680676427816,-0.004140145985836119,0.004140145985836119,False,False,,
true:fixed,55527032f0174fefa3b051a24707bf08,20,a82ac06abf0d4d5ea70af9e19e82305e,0.6554138632454877,0.6539452479150112,0.001468615330476486,0.43285547526639784,0.43703125972148293,-0.0041757844550850964,0.0041757844550850964,False,False,,
true:fixed,55527032f0174fefa3b051a24707bf08,24,cb708f56b6104d638f93e3906cba5b82,0.6566334741563264,0.6561545869177322,0.0004788872385942389,0.43958619096025314,0.4431201740878034,-0.0035339831275502664,0.0035339831275502664,False,False,,
true:fixed,55527032f0174fefa3b051a24707bf08,25,fd6002d736cb405796fc4fbdd5af6f7f,0.5960699504736993,0.5942917136094636,0.0017782368642356161,0.47334846218967935,0.4825562521356252,-0.009207789945945843,0.009207789945945843,False,False,,
true:fixed,55527032f0174fefa3b051a24707bf08,26,7f769bb638214009813b92df0cfb501a,0.5394067253644589,0.5373247145502281,0.0020820108142307614,0.5209175216063845,0.5313413710422614,-0.01042384943587693,0.01042384943587693,False,False,,
true:fixed,55527032f0174fefa3b051a24707bf08,28,770820077d44452a8428299e33808c0f,0.43496856351116875,0.433987631119489,0.0009809323916797341,0.6416672394746393,0.6483421696686893,-0.006674930194049966,0.006674930194049966,False,False,,
true:fixed,55527032f0174fefa3b051a24707bf08,32,a07f902656eb4f0fb2e5a77f803fb37c,0.36929425641061525,0.36917882797732493,0.00011542843329032104,0.7576551464715617,0.7616013423777517,-0.003946195906189942,0.003946195906189942,False,False,,
true:fixed,55527032f0174fefa3b051a24707bf08,33,bec365d878c4413d85d5fbb3eb3b3f46,0.3605179968409544,0.3609049823395792,-0.00038698549862475895,0.779573927367118,0.7827188081358218,-0.003144880768703895,0.003144880768703895,False,False,,
true:fixed,55527032f0174fefa3b051a24707bf08,34,7ac804cee1cd4d48ac2ea0ac97726bc9,0.3522320679272128,0.35259391750018604,-0.0003618495729732496,0.8003722218430832,0.8035256999357705,-0.0031534780926872896,0.0031534780926872896,False,False,,
true:fixed,55527032f0174fefa3b051a24707bf08,36,fa8abe51b4104eb68fc7f85ab1c475bb,0.2452442102807874,0.24574945775169033,-0.0005052474709029142,0.9828739867544793,0.984050242642222,-0.0011762558877426166,0.0011762558877426166,False,False,,
true:fixed,55527032f0174fefa3b051a24707bf08,38,76c090ac27774e66a592f40998d5537c,0.15990687498581863,0.16031530419000842,-0.0004084292041897919,1.1788431584786492,1.181187808232094,-0.0023446497534447275,0.0023446497534447275,False,False,,
true:fixed,fa6ddc168ffb4ab88b718f719357211e,0,ef823f39fe034fdc9651a363fc81327b,0.999999999999893,0.999999999999893,0.0,0.0,0.0,0.0,0.0,False,False,,
true:fixed,fa6ddc168ffb4ab88b718f719357211e,1,f8de967b00394c9e88558219feef8426,0.9822264890582495,0.9821433762072638,8.311285098572263e-05,0.015899946269712233,0.01598907597919506,-8.912970948282695e-05,8.912970948282695e-05,False,False,,
true:fixed,fa6ddc168ffb4ab88b718f719357211e,2,cb440b4d1912467fb51d871f0ccf8e8a,0.9637164154607119,0.9639914242614759,-0.00027500880076403167,0.03360239351373301,0.03327789480431519,0.0003244987094178156,-0.0003244987094178156,False,False,,
true:fixed,fa6ddc168ffb4ab88b718f719357211e,4,9b77dad2bdcf4814b042fa47889f19f6,0.918462301103355,0.918718181053652,-0.00025587995029696664,0.04010164048746825,0.03983976380309513,0.0002618766843731149,-0.0002618766843731149,False,False,,
true:fixed,fa6ddc168ffb4ab88b718f719357211e,8,746857c6bd46430fa4b5b82186e716e0,0.7627782958108059,0.7626987333247139,7.956248609197747e-05,0.1573275966528608,0.15736720685584402,-3.961020298320905e-05,3.961020298320905e-05,False,False,,
true:fixed,fa6ddc168ffb4ab88b718f719357211e,9,ef4fbe4064a74ce6b0a52cb3dd2e0bf0,0.7030959602670737,0.7032597028079652,-0.00016374254089157603,0.20663330061588506,0.20658948142758043,4.381918830462239e-05,-4.381918830462239e-05,False,False,,
true:fixed,fa6ddc168ffb4ab88b718f719357211e,10,63d7813869b34ee9aa65064e93775e58,0.649489497577841,0.6496697950670738,-0.00018029748923276134,0.2558966151921771,0.25591675163749905,-2.0136445321949914e-05,2.0136445321949914e-05,False,False,,
true:fixed,fa6ddc168ffb4ab88b718f719357211e,12,306e66375cf94c7881864ba03782d2d2,0.4953280150585947,0.4955187094772658,-0.00019069441867108905,0.4619387005234571,0.4616011038183876,0.00033759670506949835,-0.00033759670506949835,False,False,,
true:fixed,fa6ddc168ffb4ab88b718f719357211e,16,a82ac06abf0d4d5ea70af9e19e82305e,0.5400703804739684,0.5914852360992403,-0.05141485562527193,0.39284905536131814,0.3323974411860599,0.06045161417525824,-0.06045161417525824,False,False,,
true:fixed,fa6ddc168ffb4ab88b718f719357211e,17,2a572213c61c4d40a1955c2aecee6104,0.6366868366798335,0.6784729385210416,-0.04178610184120812,0.30918340226031976,0.25690857728035726,0.0522748249799625,-0.0522748249799625,False,False,,
true:fixed,fa6ddc168ffb4ab88b718f719357211e,18,4734352144ac49a7b02960b99573fc14,0.6936241651737045,0.7496646017996751,-0.05604043662597058,0.3193161116233291,0.23912533936670652,0.0801907722566226,-0.0801907722566226,False,False,,
true:fixed,fa6ddc168ffb4ab88b718f719357211e,20,cb708f56b6104d638f93e3906cba5b82,0.7840730500585801,0.7829643197397578,0.001108730318822304,0.290853557106425,0.24488994904808956,0.045963608058335464,-0.045963608058335464,False,False,,
true:fixed,fa6ddc168ffb4ab88b718f719357211e,24,770820077d44452a8428299e33808c0f,0.576841969171097,0.5765310943834969,0.00031087478760005727,0.3827655883563736,0.3606664531292693,0.022099135227104272,-0.022099135227104272,False,False,,
true:fixed,fa6ddc168ffb4ab88b718f719357211e,25,8a7007fd59cf4f39a3855b0e82136105,0.5320593893151283,0.530584413370095,0.0014749759450333189,0.4332109739714254,0.41611010272684706,0.01710087124457832,-0.01710087124457832,False,False,,
true:fixed,fa6ddc168ffb4ab88b718f719357211e,26,15f4465f9fe44b80ab54908983b1cf68,0.48817418789854794,0.48567299250508933,0.0025011953934586106,0.4924617355577153,0.4789744660430163,0.013487269514698974,-0.013487269514698974,False,False,,
true:fixed,fa6ddc168ffb4ab88b718f719357211e,28,a07f902656eb4f0fb2e5a77f803fb37c,0.4120001638721238,0.4082713540093345,0.003728809862789284,0.5988672427202566,0.5927278556792096,0.006139387041046995,-0.006139387041046995,False,False,,
true:fixed,fa6ddc168ffb4ab88b718f719357211e,32,fa8abe51b4104eb68fc7f85ab1c475bb,0.18999005338856204,0.18554819551469057,0.004441857873871469,1.0801589963378961,1.0866477560855892,-0.006488759747693029,0.006488759747693029,False,False,,
true:fixed,77268b95b44a4b89ad17df89479de81c,0,20601ccb0ab0445db56bad84060c1323,0.9999999999998592,0.9999999999998592,0.0,0.0,0.0,0.0,0.0,False,False,,
true:fixed,77268b95b44a4b89ad17df89479de81c,1,746857c6bd46430fa4b5b82186e716e0,0.7522885420134954,0.7524271108426406,-0.00013856882914520252,0.21950529165067295,0.21944376319482067,6.152845585227773e-05,-6.152845585227773e-05,False,False,,
true:fixed,77268b95b44a4b89ad17df89479de81c,2,ef4fbe4064a74ce6b0a52cb3dd2e0bf0,0.5708017762758627,0.571243700073697,-0.00044192379783425384,0.43399089551551717,0.4337045109899814,0.00028638452553575444,-0.00028638452553575444,False,False,,
true:fixed,77268b95b44a4b89ad17df89479de81c,4,3d5a6fe339f3490297e4b9d1f3949618,0.1566748206735454,0.15702072977059206,-0.00034590909704665385,1.1992462010777263,1.1986043942650713,0.0006418068126550214,-0.0006418068126550214,False,False,,
true:fixed,77268b95b44a4b89ad17df89479de81c,8,f0bb168a6bc34e0bba79dd122b6394b0,0.2115005807734623,0.21170872171094193,-0.00020814093747964502,1.06595206444701,1.0653008642381914,0.000651200208818592,-0.000651200208818592,False,False,,
true:fixed,77268b95b44a4b89ad17df89479de81c,9,a82ac06abf0d4d5ea70af9e19e82305e,0.18763918781742048,0.18800006825038634,-0.00036088043296586547,1.1204677002713592,1.1196255508022612,0.0008421494690979969,-0.0008421494690979969,False,False,,
true:fixed,77268b95b44a4b89ad17df89479de81c,10,2a572213c61c4d40a1955c2aecee6104,0.13001895019883278,0.1275823006305265,0.002436649568306276,1.2977934619567528,1.3197853341734223,-0.021991872216669428,0.021991872216669428,False,False,,
true:fixed,77268b95b44a4b89ad17df89479de81c,12,0ab9ec2730894df2b48df70d0d2e84a9,0.10489139770864625,0.10326975269045974,0.0016216450181865127,1.3627608440007768,1.3809942081083733,-0.01823336410759646,0.01823336410759646,False,False,,
true:fixed,77268b95b44a4b89ad17df89479de81c,16,f76469bb5b5747dbaedb1c59990b5579,0.058195891629066195,0.05743982068180261,0.0007560709472635846,1.476478320651375,1.4884255479382147,-0.011947227286839723,0.011947227286839723,False,False,,
true:fixed,77268b95b44a4b89ad17df89479de81c,17,770820077d44452a8428299e33808c0f,0.04845434223072448,0.047901966168606314,0.000552376062118165,1.500336484755002,1.5096191621604456,-0.009282677405443529,0.009282677405443529,False,False,,
true:fixed,77268b95b44a4b89ad17df89479de81c,18,8a7007fd59cf4f39a3855b0e82136105,0.0391729121247583,0.038799575022741103,0.00037333710201719467,1.527462093464618,1.5341834320624796,-0.006721338597861726,0.006721338597861726,False,False,,
true:fixed,77268b95b44a4b89ad17df89479de81c,20,f94199c2a589484d8e32dd6bf4931d4f,0.0,0.0,0.0,1.7464682299879293,1.7585296353014968,-0.012061405313567475,0.012061405313567475,False,False,,
true:fixed,77268b95b44a4b89ad17df89479de81c,23,7ac804cee1cd4d48ac2ea0ac97726bc9,0.0,0.0,0.0,1.734793256616369,1.74575334658303,-0.010960089966660869,0.010960089966660869,False,False,,
true:fixed,e3f3d97fa9564422a37828d01c8a2f5f,0,83f3eb36fc7144ab902e192db3a98c06,1.0000000000001126,1.0000000000001126,0.0,0.0,0.0,0.0,0.0,False,False,,
true:fixed,e3f3d97fa9564422a37828d01c8a2f5f,1,0fc0a764b3ec4c8196ffa35598fbda5f,0.9323937936159467,0.9334525511808698,-0.0010587575649231296,0.06891657434227376,0.06717843568507555,0.0017381386571982127,-0.0017381386571982127,False,False,,
true:fixed,e3f3d97fa9564422a37828d01c8a2f5f,2,ef823f39fe034fdc9651a363fc81327b,0.8667601976350292,0.8681517958070305,-0.001391598172001296,0.14692358232486072,0.14427997965535772,0.0026436026695030035,-0.0026436026695030035,False,False,,
true:fixed,e3f3d97fa9564422a37828d01c8a2f5f,4,cb440b4d1912467fb51d871f0ccf8e8a,0.7610619188909237,0.7499191517209988,0.011142767169924905,0.24446269795996833,0.2500356862335361,-0.0055729882735677805,0.0055729882735677805,False,False,,
true:fixed,e3f3d97fa9564422a37828d01c8a2f5f,8,097394612e494d1ebe1750ed54a27763,0.698547047695213,0.6955854443960467,0.002961603299166282,0.4151033289448664,0.34244922097262426,0.07265410797224214,-0.07265410797224214,False,False,,
true:fixed,e3f3d97fa9564422a37828d01c8a2f5f,9,20601ccb0ab0445db56bad84060c1323,0.6421450339947999,0.7804800954584574,-0.13833506146365748,0.40845950132900677,0.31121772325972313,0.09724177806928364,-0.09724177806928364,False,False,,
true:fixed,e3f3d97fa9564422a37828d01c8a2f5f,10,746857c6bd46430fa4b5b82186e716e0,0.5870539245291715,0.7146151886235521,-0.12756126409438062,0.42497082698921995,0.30957639467435044,0.11539443231486951,-0.11539443231486951,False,False,,
true:fixed,e3f3d97fa9564422a37828d01c8a2f5f,12,63d7813869b34ee9aa65064e93775e58,0.4804958231978316,0.5817004172661623,-0.10120459406833071,0.5217083039025657,0.3939662136731804,0.12774209022938532,-0.12774209022938532,False,False,,
true:fixed,e3f3d97fa9564422a37828d01c8a2f5f,16,60448167db014ef49dcfb65d89d69b3f,0.3897724926381652,0.5961699589949538,-0.20639746635678863,0.6148073927265758,0.31388505908978276,0.30092233363679305,-0.30092233363679305,False,False,,
true:fixed,e3f3d97fa9564422a37828d01c8a2f5f,17,f0bb168a6bc34e0bba79dd122b6394b0,0.3984184868862491,0.60619719443025,-0.2077787075440009,0.5892712189490841,0.2959191289493692,0.29335208999971485,-0.29335208999971485,False,False,,
true:fixed,e3f3d97fa9564422a37828d01c8a2f5f,18,a82ac06abf0d4d5ea70af9e19e82305e,0.411971777815194,0.6181847956150616,-0.20621301779986756,0.5603162758471043,0.28002834696117296,0.28028792888593135,-0.28028792888593135,False,False,,
true:fixed,e3f3d97fa9564422a37828d01c8a2f5f,20,4734352144ac49a7b02960b99573fc14,0.4672698831006888,0.6366478167586619,-0.1693779336579731,0.46569578956987967,0.25916231831588465,0.20653347125399502,-0.20653347125399502,False,False,,
true:fixed,e3f3d97fa9564422a37828d01c8a2f5f,22,cb708f56b6104d638f93e3906cba5b82,0.5119704527166348,0.6338960426169745,-0.12192558990033975,0.41172336785653857,0.38788997776258843,0.023833390093950135,-0.023833390093950135,False,False,,
true:fixed,ec221beba32448e4a9865e920aeefed5,0,f8de967b00394c9e88558219feef8426,1.0000000000000349,1.0000000000000349,0.0,0.0,0.0,0.0,0.0,False,False,,
true:fixed,ec221beba32448e4a9865e920aeefed5,1,cb440b4d1912467fb51d871f0ccf8e8a,0.8922473898777059,0.8922881592381918,-4.076936048591495e-05,0.12234205343408583,0.12232500725840591,1.7046175679921727e-05,-1.7046175679921727e-05,False,False,,
true:fixed,ec221beba32448e4a9865e920aeefed5,2,13546ea263ff48f49899cb30ac0004e9,0.7957376730906829,0.7957975081899332,-5.983509925033825e-05,0.24542402460281912,0.2453802763756815,4.3748227137624385e-05,-4.3748227137624385e-05,False,False,,
true:fixed,ec221beba32448e4a9865e920aeefed5,4,2b77a910c5e749f9a620d893361c1976,0.6418069761253015,0.6418476874581954,-4.071133289396123e-05,0.48613719549739914,0.4861052537726611,3.1941724738027144e-05,-3.1941724738027144e-05,False,False,,
true:fixed,ec221beba32448e4a9865e920aeefed5,8,ef4fbe4064a74ce6b0a52cb3dd2e0bf0,0.7835717882008496,0.7835697248190758,2.063381773775852e-06,0.4554595062125755,0.45538457590989073,7.493030268479473e-05,-7.493030268479473e-05,False,False,,
true:fixed,ec221beba32448e4a9865e920aeefed5,9,63d7813869b34ee9aa65064e93775e58,0.7524837744803939,0.7525830982113029,-9.932373090892899e-05,0.43958443856227386,0.4394897572800002,9.468128227363426e-05,-9.468128227363426e-05,False,False,,
true:fixed,ec221beba32448e4a9865e920aeefed5,10,3d5a6fe339f3490297e4b9d1f3949618,0.6873573582144633,0.6873940484753505,-3.6690260887151105e-05,0.44224466634213777,0.4422221142520835,2.255209005425085e-05,-2.255209005425085e-05,False,False,,
true:fixed,ec221beba32448e4a9865e920aeefed5,12,49cd09e4a07145258972fc4e6b18e42d,0.5832461324858715,0.583073179893305,0.00017295259256655537,0.46873611255596437,0.46902698729281245,-0.0002908747368480791,0.0002908747368480791,False,False,,
true:fixed,ec221beba32448e4a9865e920aeefed5,16,2a572213c61c4d40a1955c2aecee6104,0.3913405580119523,0.3912255983703476,0.00011495964160468386,0.7199334251117467,0.7201697242023591,-0.00023629909061240184,0.00023629909061240184,False,False,,
true:fixed,ec221beba32448e4a9865e920aeefed5,17,4734352144ac49a7b02960b99573fc14,0.3514950869844668,0.35136268534652454,0.0001324016379422588,0.7955044040310132,0.7957580703204875,-0.00025366628947431913,0.00025366628947431913,False,False,,
true:fixed,ec221beba32448e4a9865e920aeefed5,18,0ab9ec2730894df2b48df70d0d2e84a9,0.3129172741104321,0.31280406873088806,0.00011320537954401244,0.8760454934586298,0.8762174707855516,-0.00017197732692175727,0.00017197732692175727,False,False,,
true:fixed,ec221beba32448e4a9865e920aeefed5,20,fd6002d736cb405796fc4fbdd5af6f7f,0.23923834700034144,0.23916062528768925,7.772171265219008e-05,1.046906771280866,1.0469855414297933,-7.87701489273207e-05,7.87701489273207e-05,False,False,,
true:fixed,ec221beba32448e4a9865e920aeefed5,24,8a7007fd59cf4f39a3855b0e82136105,0.13420172796774127,0.13419813816263618,3.589805105091992e-06,1.3456509604062927,1.345854919822991,-0.00020395941669826279,0.00020395941669826279,False,False,,
true:fixed,ec221beba32448e4a9865e920aeefed5,25,15f4465f9fe44b80ab54908983b1cf68,0.1241528267949011,0.12413980117530468,1.3025619596415683e-05,1.376534459373083,1.3769727087055526,-0.00043824933246949804,0.00043824933246949804,False,False,,
true:fixed,ec221beba32448e4a9865e920aeefed5,26,f94199c2a589484d8e32dd6bf4931d4f,0.11387509621685286,0.1139413054193087,-6.620920245584139e-05,1.4097822115781953,1.4098576685969713,-7.545701877598177e-05,7.545701877598177e-05,False,False,,
true:fixed,ec221beba32448e4a9865e920aeefed5,28,bec365d878c4413d85d5fbb3eb3b3f46,0.0938092261429463,0.09386110064551782,-5.187450257151949e-05,1.4741233508640865,1.4740740161933632,4.9334670723322205e-05,-4.9334670723322205e-05,False,False,,
true:fixed,ec221beba32448e4a9865e920aeefed5,31,fa8abe51b4104eb68fc7f85ab1c475bb,0.07688229446330673,0.07699607947589271,-0.00011378501258597906,1.5146900111849033,1.5148142722400695,-0.00012426105516616381,0.00012426105516616381,False,False,,
true:fixed,ca3f0ced132845b4afce73a6f27a953e,0,65e07a70e6b5404a87bf34e49d4c0924,0.999999999999952,0.999999999999952,0.0,0.0,0.0,0.0,0.0,False,False,,
true:fixed,ca3f0ced132845b4afce73a6f27a953e,1,9ab5069c183c492b82b0ab30133080c1,0.9778536776319385,0.9770260130139875,0.0008276646179510294,0.01565109169506432,0.01609877930875004,-0.000447687613685719,0.000447687613685719,False,False,,
true:fixed,ca3f0ced132845b4afce73a6f27a953e,2,4258ba3b8b8142f48c3249d310a8c3d2,0.9531588583853096,0.9530652587477856,9.359963752397782e-05,0.033450937398076745,0.03328392075621723,0.00016701664185951592,-0.00016701664185951592,False,False,,
true:fixed,ca3f0ced132845b4afce73a6f27a953e,4,83f3eb36fc7144ab902e192db3a98c06,0.9138683928324752,0.9152327290010274,-0.0013643361685521382,0.06268003657009098,0.0617611394763112,0.0009188970937797844,-0.0009188970937797844,False,False,,
true:fixed,ca3f0ced132845b4afce73a6f27a953e,8,cb440b4d1912467fb51d871f0ccf8e8a,0.8307238652130927,0.832019700805891,-0.0012958355927983334,0.13106524516378715,0.13003102441162367,0.0010342207521634728,-0.0010342207521634728,False,False,,
true:fixed,ca3f0ced132845b4afce73a6f27a953e,9,13546ea263ff48f49899cb30ac0004e9,0.8087361013786,0.8100548295556155,-0.0013187281770155046,0.15067240924019626,0.14931217531635815,0.0013602339238381056,-0.0013602339238381056,False,False,,
true:fixed,ca3f0ced132845b4afce73a6f27a953e,10,9b77dad2bdcf4814b042fa47889f19f6,0.7530703662869894,0.754250820224964,-0.0011804539379746126,0.20370802754425324,0.20222537186050407,0.0014826556837491678,-0.0014826556837491678,False,False,,
true:fixed,ca3f0ced132845b4afce73a6f27a953e,12,097394612e494d1ebe1750ed54a27763,0.66990329413872,0.6701215753285549,-0.0002182811898349124,0.2902517687715455,0.29005794365914706,0.00019382511239846023,-0.00019382511239846023,False,False,,
true:fixed,ca3f0ced132845b4afce73a6f27a953e,14,746857c6bd46430fa4b5b82186e716e0,0.649087842859045,0.6494269863843781,-0.00033914352533315206,0.30491161644050496,0.3044244986387581,0.00048711780174687247,-0.00048711780174687247,False,False,,
true:fixed,fe050ab6b19d41d8bc2641f9835e9d1b,0,13546ea263ff48f49899cb30ac0004e9,0.9999999999999067,0.9999999999999067,0.0,0.0,0.0,0.0,0.0,False,False,,
true:fixed,fe050ab6b19d41d8bc2641f9835e9d1b,1,9b77dad2bdcf4814b042fa47889f19f6,0.7918381762451994,0.7918381762451994,0.0,0.2023585926023404,0.2023585926023404,0.0,0.0,True,True,,
true:fixed,fe050ab6b19d41d8bc2641f9835e9d1b,2,2b77a910c5e749f9a620d893361c1976,0.7691359701656372,0.7691359701656372,0.0,0.20472664701987678,0.20472664701987678,0.0,0.0,True,True,,
true:fixed,fe050ab6b19d41d8bc2641f9835e9d1b,4,20601ccb0ab0445db56bad84060c1323,0.7085634900459857,0.7085634900459857,0.0,0.23655231979424443,0.23655231979424443,0.0,0.0,True,True,,
true:fixed,fe050ab6b19d41d8bc2641f9835e9d1b,8,3d5a6fe339f3490297e4b9d1f3949618,0.5266120088120565,0.5266120088120565,0.0,0.5561870189064094,0.5561870189064094,0.0,0.0,True,True,,
true:fixed,fe050ab6b19d41d8bc2641f9835e9d1b,9,306e66375cf94c7881864ba03782d2d2,0.47650060284487455,0.47650060284487455,0.0,0.6626498184543277,0.6626498184543277,0.0,0.0,False,False,,
true:fixed,fe050ab6b19d41d8bc2641f9835e9d1b,10,49cd09e4a07145258972fc4e6b18e42d,0.4013591329048047,0.4013584319018413,7.010029633991444e-07,0.7715233639502367,0.7715337646092294,-1.040065899271525e-05,1.040065899271525e-05,False,False,,
true:fixed,fe050ab6b19d41d8bc2641f9835e9d1b,12,f0bb168a6bc34e0bba79dd122b6394b0,0.3808553482746043,0.380867449246087,-1.2100971482686962e-05,0.8022799361626649,0.8022644915437397,1.5444618925219977e-05,-1.5444618925219977e-05,False,False,,
true:fixed,fe050ab6b19d41d8bc2641f9835e9d1b,16,0ab9ec2730894df2b48df70d0d2e84a9,0.38815565626721027,0.3881698474882998,-1.4191221089532302e-05,0.6630446366037734,0.6630228628676419,2.1773736131547317e-05,-2.1773736131547317e-05,False,False,,
true:fixed,fe050ab6b19d41d8bc2641f9835e9d1b,17,cb708f56b6104d638f93e3906cba5b82,0.34402517578715175,0.3440478551868304,-2.267939967864896e-05,0.7555378477890402,0.755505423178571,3.2424610469261594e-05,-3.2424610469261594e-05,False,False,,
true:fixed,fe050ab6b19d41d8bc2641f9835e9d1b,18,fd6002d736cb405796fc4fbdd5af6f7f,0.32171217541879976,0.3217335989400204,-2.1423521220642616e-05,0.8057737285304543,0.805745928900519,2.7799629935265635e-05,-2.7799629935265635e-05,False,False,,
true:fixed,fe050ab6b19d41d8bc2641f9835e9d1b,20,f76469bb5b5747dbaedb1c59990b5579,0.2908718993322718,0.2908977084996902,-2.5809167418400225e-05,0.9150153118304373,0.914979749645759,3.5562184678261666e-05,-3.5562184678261666e-05,False,False,,
true:fixed,fe050ab6b19d41d8bc2641f9835e9d1b,24,f94199c2a589484d8e32dd6bf4931d4f,0.18308802379105388,0.18302791223651602,6.0111554537861656e-05,1.2451612962827292,1.2452498254899593,-8.85292072301258e-05,8.85292072301258e-05,False,False,,
true:fixed,fe050ab6b19d41d8bc2641f9835e9d1b,25,a07f902656eb4f0fb2e5a77f803fb37c,0.1632255859542597,0.16322429030331045,1.2956509492512147e-06,1.2999982822926444,1.2999952783971684,3.003895475917062e-06,-3.003895475917062e-06,False,False,,
true:fixed,fe050ab6b19d41d8bc2641f9835e9d1b,26,bec365d878c4413d85d5fbb3eb3b3f46,0.12687263986186684,0.12670059727282676,0.00017204258904007785,1.4056210627728993,1.4060010232120175,-0.00037996043911814326,0.00037996043911814326,False,False,,
true:fixed,fe050ab6b19d41d8bc2641f9835e9d1b,28,54259afa6c644e1d99422df9da1c8f35,0.04516857289310461,0.04509056044259246,7.801245051215072e-05,1.6617279072661344,1.6619767483294319,-0.000248841063297478,0.000248841063297478,False,False,,
true:fixed,fe050ab6b19d41d8bc2641f9835e9d1b,31,76c090ac27774e66a592f40998d5537c,0.0,0.0,0.0,2.042729705838023,2.043180603118512,-0.00045089728048886,0.00045089728048886,False,False,,
true:fixed,0b2ef8648d3c467989b67d5a3ce2a3df,0,2a572213c61c4d40a1955c2aecee6104,1.0000000000001374,1.0000000000001374,0.0,0.0,0.0,0.0,0.0,False,False,,
true:fixed,0b2ef8648d3c467989b67d5a3ce2a3df,1,4734352144ac49a7b02960b99573fc14,0.21631794154669312,0.21631489567119866,3.0458754944617805e-06,2.362356290533336,2.3623807747179604,-2.4484184624196104e-05,2.4484184624196104e-05,False,False,,
true:fixed,0b2ef8648d3c467989b67d5a3ce2a3df,2,0ab9ec2730894df2b48df70d0d2e84a9,0.0,0.0,0.0,4.918615138796267,4.920399060391127,-0.0017839215948605158,0.0017839215948605158,False,False,,
true:fixed,0b2ef8648d3c467989b67d5a3ce2a3df,4,fd6002d736cb405796fc4fbdd5af6f7f,0.0,0.0,0.0,7.36246325134623,7.38230921686407,-0.019845965517840014,0.019845965517840014,False,False,,
true:fixed,0b2ef8648d3c467989b67d5a3ce2a3df,8,8a7007fd59cf4f39a3855b0e82136105,0.0,0.0,0.0,7.417448679848271,7.437118140823945,-0.019669460975674014,0.019669460975674014,True,True,,
true:fixed,0b2ef8648d3c467989b67d5a3ce2a3df,9,15f4465f9fe44b80ab54908983b1cf68,0.0,0.0,0.0,7.435839219486013,7.4554553149917355,-0.01961609550572252,0.01961609550572252,True,True,,
true:fixed,0b2ef8648d3c467989b67d5a3ce2a3df,10,f94199c2a589484d8e32dd6bf4931d4f,0.0,0.0,0.0,7.4538700017283865,7.4734315551702375,-0.019561553441850954,0.019561553441850954,True,True,,
true:fixed,0b2ef8648d3c467989b67d5a3ce2a3df,12,bec365d878c4413d85d5fbb3eb3b3f46,0.0,0.0,0.0,7.560580067392831,7.580002083662051,-0.019422016269220244,0.019422016269220244,True,True,,
true:fixed,0b2ef8648d3c467989b67d5a3ce2a3df,16,bc84a61f13f744cd8f5aa8e888ce879b,0.0,0.0,0.0,7.6466603580229835,7.6659250141210595,-0.01926465609807604,0.01926465609807604,True,True,,
true:fixed,0b2ef8648d3c467989b67d5a3ce2a3df,17,76c090ac27774e66a592f40998d5537c,0.0,0.0,0.0,7.712355927075068,7.7315205876159965,-0.01916466054092858,0.01916466054092858,True,True,,
true:fixed,8fba9861aa6d4d14b78c90fbb5372fb2,0,65e07a70e6b5404a87bf34e49d4c0924,1.0000000000001152,1.0000000000001152,0.0,0.0,0.0,0.0,0.0,False,False,,
true:fixed,8fba9861aa6d4d14b78c90fbb5372fb2,1,9ab5069c183c492b82b0ab30133080c1,0.9015247356178483,0.9016145003387249,-8.976472087662835e-05,0.06544397864954503,0.06460393878132788,0.0008400398682171517,-0.0008400398682171517,False,False,,
true:fixed,8fba9861aa6d4d14b78c90fbb5372fb2,2,4258ba3b8b8142f48c3249d310a8c3d2,0.8137270370890837,0.8140492414481129,-0.00032220435902918787,0.1319922432479837,0.1303544181896852,0.0016378250582984866,-0.0016378250582984866,False,False,,
true:fixed,8fba9861aa6d4d14b78c90fbb5372fb2,4,83f3eb36fc7144ab902e192db3a98c06,0.6885147167967867,0.688534458200917,-1.9741404130302342e-05,0.24322184946141945,0.24284557302373122,0.0003762764376882277,-0.0003762764376882277,False,False,,
true:fixed,8fba9861aa6d4d14b78c90fbb5372fb2,8,cb440b4d1912467fb51d871f0ccf8e8a,0.498026641498469,0.4979149432259485,0.00011169827252049958,0.43120441046326496,0.43164962105400956,-0.00044521059074459357,0.00044521059074459357,False,False,,
true:fixed,8fba9861aa6d4d14b78c90fbb5372fb2,9,13546ea263ff48f49899cb30ac0004e9,0.45525366464128375,0.45517832393695407,7.534070432968498e-05,0.49367918968274205,0.4941436371018199,-0.00046444741907786247,0.00046444741907786247,False,False,,
true:fixed,8fba9861aa6d4d14b78c90fbb5372fb2,10,9b77dad2bdcf4814b042fa47889f19f6,0.4388028694072437,0.43863074548541814,0.00017212392182558434,0.5338052258935222,0.5348610800595175,-0.0010558541659952958,0.0010558541659952958,False,False,,
true:fixed,8fba9861aa6d4d14b78c90fbb5372fb2,12,097394612e494d1ebe1750ed54a27763,0.4088127859103284,0.40851742882262304,0.0002953570877053391,0.6225375540226947,0.6250603911798724,-0.0025228371571777153,0.0025228371571777153,False,False,,
true:fixed,8fba9861aa6d4d14b78c90fbb5372fb2,16,63d7813869b34ee9aa65064e93775e58,0.24731766029785962,0.24612367250751216,0.0011939877903474616,0.9913759311414125,0.9953576962264163,-0.003981765085003808,0.003981765085003808,False,False,,
true:fixed,8fba9861aa6d4d14b78c90fbb5372fb2,17,3d5a6fe339f3490297e4b9d1f3949618,0.21321927213975667,0.21228155541080554,0.0009377167289511268,1.0509504960070546,1.0534597401024193,-0.002509244095364682,0.002509244095364682,False,False,,
true:fixed,8fba9861aa6d4d14b78c90fbb5372fb2,18,306e66375cf94c7881864ba03782d2d2,0.1773138876151025,0.17664468039212994,0.0006692072229725621,1.1132372722154211,1.1150052376805648,-0.0017679654651436838,0.0017679654651436838,False,False,,
true:fixed,8fba9861aa6d4d14b78c90fbb5372fb2,20,60448167db014ef49dcfb65d89d69b3f,0.16309896776950167,0.1631567906954929,-5.782292599124106e-05,1.126920606938178,1.127194586645922,-0.0002739797077440098,0.0002739797077440098,False,False,,
true:fixed,8fba9861aa6d4d14b78c90fbb5372fb2,24,4734352144ac49a7b02960b99573fc14,0.2543844764886569,0.2536106214513998,0.0007738550372571318,0.9259247800367868,0.9275935950778326,-0.001668815041045768,0.001668815041045768,False,False,,
true:fixed,8fba9861aa6d4d14b78c90fbb5372fb2,25,0ab9ec2730894df2b48df70d0d2e84a9,0.2853103210057328,0.2845745803699059,0.0007357406358268759,0.8747301457515021,0.8762408835258055,-0.001510737774303439,0.001510737774303439,False,False,,
true:fixed,8fba9861aa6d4d14b78c90fbb5372fb2,26,cb708f56b6104d638f93e3906cba5b82,0.3158899643109458,0.3124947811446697,0.0033951831662760723,0.8283434196206625,0.8333817197473934,-0.005038300126730899,0.005038300126730899,False,False,,
true:fixed,8fba9861aa6d4d14b78c90fbb5372fb2,28,7f769bb638214009813b92df0cfb501a,0.37515701841024474,0.3711479033038004,0.004009115106444361,0.7438779819316177,0.7494053006035243,-0.005527318671906589,0.005527318671906589,False,False,,
true:fixed,8fba9861aa6d4d14b78c90fbb5372fb2,32,15f4465f9fe44b80ab54908983b1cf68,0.5033185890202467,0.5007916300710125,0.0025269589492342703,0.6192484770818283,0.6224480991300259,-0.00319962204819757,0.00319962204819757,False,False,,
true:fixed,8fba9861aa6d4d14b78c90fbb5372fb2,33,f94199c2a589484d8e32dd6bf4931d4f,0.522259409175978,0.5211531650937183,0.0011062440822596775,0.6171413889552131,0.6190716104349433,-0.0019302214797302097,0.0019302214797302097,False,False,,
true:fixed,8fba9861aa6d4d14b78c90fbb5372fb2,34,a07f902656eb4f0fb2e5a77f803fb37c,0.54212028320458,0.5424368567997876,-0.0003165735952076476,0.6104870120089494,0.6102946040126216,0.0001924079963278036,-0.0001924079963278036,False,False,,
true:fixed,8fba9861aa6d4d14b78c90fbb5372fb2,35,bec365d878c4413d85d5fbb3eb3b3f46,0.5592489326665582,0.5599332481644947,-0.0006843154979365718,0.5986634249908813,0.5985863999682134,7.702502266793143e-05,-7.702502266793143e-05,False,False,,
true:fixed,3eb275ac391e46aa8fad54e18a7b5a8f,0,3d5a6fe339f3490297e4b9d1f3949618,1.0000000000000682,1.0000000000000682,0.0,0.0,0.0,0.0,0.0,False,False,,
true:fixed,3eb275ac391e46aa8fad54e18a7b5a8f,1,306e66375cf94c7881864ba03782d2d2,0.8564299142484908,0.8549150494342727,0.001514864814218142,0.08263923151962757,0.08366134534346348,-0.0010221138238359073,0.0010221138238359073,False,False,,
true:fixed,3eb275ac391e46aa8fad54e18a7b5a8f,2,49cd09e4a07145258972fc4e6b18e42d,0.7381137270414796,0.7371049429974655,0.001008784044014055,0.1644580564953826,0.16526717237597582,-0.0008091158805932364,0.0008091158805932364,False,False,,
true:fixed,3eb275ac391e46aa8fad54e18a7b5a8f,4,f0bb168a6bc34e0bba79dd122b6394b0,0.5565155198161834,0.554883182369371,0.0016323374468124596,0.3252721387923997,0.32709196612210883,-0.001819827329709145,0.001819827329709145,False,False,,
true:fixed,3eb275ac391e46aa8fad54e18a7b5a8f,8,0ab9ec2730894df2b48df70d0d2e84a9,0.5630223612534151,0.5638050894949441,-0.0007827282415290293,0.4237892425508652,0.42256618839615767,0.0012230541547075258,-0.0012230541547075258,False,False,,
true:fixed,3eb275ac391e46aa8fad54e18a7b5a8f,9,cb708f56b6104d638f93e3906cba5b82,0.5535446633640275,0.5542364935970189,-0.0006918302329913528,0.4143988897706385,0.412929807183334,0.0014690825873044933,-0.0014690825873044933,False,False,,
true:fixed,3eb275ac391e46aa8fad54e18a7b5a8f,10,fd6002d736cb405796fc4fbdd5af6f7f,0.505808079059679,0.5074226944075202,-0.0016146153478412417,0.42585165488265647,0.42230295652159155,0.003548698361064917,-0.003548698361064917,False,False,,
true:fixed,3eb275ac391e46aa8fad54e18a7b5a8f,12,f76469bb5b5747dbaedb1c59990b5579,0.408888168328135,0.4099587227207048,-0.0010705543925698113,0.555849115467671,0.5529975585623037,0.002851556905367314,-0.002851556905367314,False,False,,
true:fixed,3eb275ac391e46aa8fad54e18a7b5a8f,16,f94199c2a589484d8e32dd6bf4931d4f,0.20100775904020174,0.2013952395403074,-0.0003874805001056747,0.9164696103265956,0.9146746967602422,0.0017949135663534177,-0.0017949135663534177,False,False,,
true:fixed,3eb275ac391e46aa8fad54e18a7b5a8f,17,a07f902656eb4f0fb2e5a77f803fb37c,0.15846617568505045,0.15869765108316367,-0.00023147539811321782,1.0308567819917323,1.0295238155351891,0.0013329664565431276,-0.0013329664565431276,False,False,,
true:fixed,3eb275ac391e46aa8fad54e18a7b5a8f,18,bec365d878c4413d85d5fbb3eb3b3f46,0.12231964990930008,0.12255324336159845,-0.00023359345229836959,1.1459483970180564,1.1442614396617052,0.0016869573563511597,-0.0016869573563511597,False,False,,
true:fixed,3eb275ac391e46aa8fad54e18a7b5a8f,20,54259afa6c644e1d99422df9da1c8f35,0.06327530948762079,0.06336485793638864,-8.954844876785106e-05,1.3876092346946625,1.3864224774680642,0.001186757226598223,-0.001186757226598223,False,False,,
true:fixed,fd4ce422e0db4ad3ab978a811ba04d3a,0,0fc0a764b3ec4c8196ffa35598fbda5f,1.0000000000000326,1.0000000000000326,0.0,0.0,0.0,0.0,0.0,False,False,,
true:fixed,fd4ce422e0db4ad3ab978a811ba04d3a,1,ef823f39fe034fdc9651a363fc81327b,0.93352369702404,0.9335320546382124,-8.357614172394001e-06,0.04773692761283869,0.04773213577181686,4.791841021825616e-06,-4.791841021825616e-06,False,False,,
true:fixed,fd4ce422e0db4ad3ab978a811ba04d3a,2,f8de967b00394c9e88558219feef8426,0.8739112332941863,0.8739053724253241,5.860868862228585e-06,0.09316124204588622,0.09315868976084613,2.5522850400916397e-06,-2.5522850400916397e-06,False,False,,
true:fixed,fd4ce422e0db4ad3ab978a811ba04d3a,4,13546ea263ff48f49899cb30ac0004e9,0.7792083526373231,0.7791948053482284,1.354728909475078e-05,0.16885673986681315,0.1688588517271684,-2.1118603552583437e-06,2.1118603552583437e-06,False,False,,
true:fixed,fd4ce422e0db4ad3ab978a811ba04d3a,8,20601ccb0ab0445db56bad84060c1323,0.6345709136889341,0.634592595506102,-2.1681817167884532e-05,0.3141656061139392,0.3141304361766185,3.516993732066709e-05,-3.516993732066709e-05,False,False,,
true:fixed,fd4ce422e0db4ad3ab978a811ba04d3a,9,746857c6bd46430fa4b5b82186e716e0,0.6912716092498234,0.6913259993283604,-5.4390078536914466e-05,0.24865254217901195,0.24860117915325755,5.136302575439733e-05,-5.136302575439733e-05,False,False,,
true:fixed,fd4ce422e0db4ad3ab978a811ba04d3a,10,ef4fbe4064a74ce6b0a52cb3dd2e0bf0,0.8463431742888483,0.8478211545968609,-0.0014779803080126053,0.10293356551470614,0.10298342541339735,-4.985989869120411e-05,4.985989869120411e-05,False,False,,
true:fixed,fd4ce422e0db4ad3ab978a811ba04d3a,12,3d5a6fe339f3490297e4b9d1f3949618,0.7386513579210028,0.7356360986113839,0.0030152593096188784,0.200882467432764,0.21108434125562067,-0.010201873822856672,0.010201873822856672,False,False,,
true:fixed,fd4ce422e0db4ad3ab978a811ba04d3a,16,f0bb168a6bc34e0bba79dd122b6394b0,0.761192825284688,0.7993507625063048,-0.038157937221616756,0.15734380621052077,0.13160868947004492,0.02573511674047585,-0.02573511674047585,False,False,,
true:fixed,fd4ce422e0db4ad3ab978a811ba04d3a,17,a82ac06abf0d4d5ea70af9e19e82305e,0.7350238835637194,0.7428070684805059,-0.007783184916786534,0.17994933188277176,0.17187178276070914,0.008077549122062627,-0.008077549122062627,False,False,,
true:fixed,fd4ce422e0db4ad3ab978a811ba04d3a,18,2a572213c61c4d40a1955c2aecee6104,0.6869594148294316,0.6927517623713181,-0.005792347541886511,0.2172238000511686,0.22160478828508273,-0.00438098823391414,0.00438098823391414,False,False,,
true:fixed,fd4ce422e0db4ad3ab978a811ba04d3a,20,0ab9ec2730894df2b48df70d0d2e84a9,0.5556915279125143,0.5618656508147881,-0.006174122902273815,0.3632783384387769,0.35361220138813754,0.009666137050639345,-0.009666137050639345,False,False,,
true:fixed,fd4ce422e0db4ad3ab978a811ba04d3a,24,f76469bb5b5747dbaedb1c59990b5579,0.34828353487747743,0.35384222677438903,-0.005558691896911605,0.6604830726253879,0.6438484649881427,0.016634607637245113,-0.016634607637245113,False,False,,
true:fixed,fd4ce422e0db4ad3ab978a811ba04d3a,25,770820077d44452a8428299e33808c0f,0.30643208761327856,0.31795012384708965,-0.011518036233811091,0.7311943376021551,0.7114422749461834,0.019752062655971736,-0.019752062655971736,False,False,,
true:fixed,fd4ce422e0db4ad3ab978a811ba04d3a,26,8a7007fd59cf4f39a3855b0e82136105,0.2684236382522399,0.2825220075819113,-0.0140983693296714,0.8036544521819334,0.7815175858695407,0.022136866312392756,-0.022136866312392756,False,False,,
true:fixed,fd4ce422e0db4ad3ab978a811ba04d3a,28,f94199c2a589484d8e32dd6bf4931d4f,0.2247787576954485,0.23709424997959194,-0.012315492284143442,0.9101877027440815,0.8888542327797094,0.02133346996437202,-0.02133346996437202,False,False,,
true:fixed,fd4ce422e0db4ad3ab978a811ba04d3a,32,54259afa6c644e1d99422df9da1c8f35,0.144351982530309,0.15096129231955055,-0.006609309789241541,1.1384748548725043,1.119462640407394,0.019012214465110366,-0.019012214465110366,False,False,,
true:fixed,fd4ce422e0db4ad3ab978a811ba04d3a,33,fa8abe51b4104eb68fc7f85ab1c475bb,0.12324889806175583,0.13151339804800427,-0.008264499986248439,1.2017384698638276,1.180842596142351,0.02089587372147661,-0.02089587372147661,False,False,,
true:fixed,fd4ce422e0db4ad3ab978a811ba04d3a,34,bc84a61f13f744cd8f5aa8e888ce879b,0.10257924500715818,0.11000892354184982,-0.007429678534691647,1.2682942100022057,1.2457077099786915,0.022586500023514144,-0.022586500023514144,False,False,,
true:fixed,fd4ce422e0db4ad3ab978a811ba04d3a,35,76c090ac27774e66a592f40998d5537c,0.08275753835891983,0.0894122574576123,-0.006654719098692474,1.3364745937207156,1.312438929516525,0.024035664204190565,-0.024035664204190565,False,False,,
true:fixed,2e84949acbd84ea3857ca2a04e50b6a4,0,cb708f56b6104d638f93e3906cba5b82,0.9999999999998985,0.9999999999998985,0.0,0.0,0.0,0.0,0.0,False,False,,
true:fixed,2e84949acbd84ea3857ca2a04e50b6a4,1,fd6002d736cb405796fc4fbdd5af6f7f,0.9835758615039537,0.9820505458797424,0.0015253156242113208,0.019044572226171372,0.023425090191598236,-0.004380517965426864,0.004380517965426864,False,False,,
true:fixed,2e84949acbd84ea3857ca2a04e50b6a4,2,7f769bb638214009813b92df0cfb501a,0.7788298369777497,0.7777515469107332,0.0010782900670164297,0.15032386255101282,0.1513572777038483,-0.0010334151528354762,0.0010334151528354762,False,False,,
true:fixed,2e84949acbd84ea3857ca2a04e50b6a4,4,770820077d44452a8428299e33808c0f,0.49422864736703126,0.4939876992648589,0.00024094810217234475,0.4401310913401715,0.44036224145506686,-0.00023115011489538428,0.00023115011489538428,False,False,,
true:fixed,2e84949acbd84ea3857ca2a04e50b6a4,8,a07f902656eb4f0fb2e5a77f803fb37c,0.272750256877021,0.272803441848138,-5.318497111700404e-05,0.852842403824309,0.8527779703229589,6.443350135010295e-05,-6.443350135010295e-05,False,False,,
true:fixed,2e84949acbd84ea3857ca2a04e50b6a4,9,bec365d878c4413d85d5fbb3eb3b3f46,0.2454587130537137,0.24548573109565364,-2.7018041939941284e-05,0.9259193522487247,0.925817233230104,0.00010211901862067219,-0.00010211901862067219,False,False,,
true:fixed,2e84949acbd84ea3857ca2a04e50b6a4,10,7ac804cee1cd4d48ac2ea0ac97726bc9,0.2169813531204774,0.21692637012079316,5.498299968423326e-05,1.0034803562911832,1.0035260913473902,-4.5735056207085734e-05,4.5735056207085734e-05,False,False,,
true:fixed,2e84949acbd84ea3857ca2a04e50b6a4,12,fa8abe51b4104eb68fc7f85ab1c475bb,0.1427723434198938,0.14274446967413928,2.787374575452528e-05,1.1852087413622925,1.185314113231383,-0.0001053718690904315,0.0001053718690904315,False,False,,
true:fixed,2e84949acbd84ea3857ca2a04e50b6a4,14,76c090ac27774e66a592f40998d5537c,0.05862073251310556,0.058671287728433615,-5.055521532805474e-05,1.4258412869533565,1.4254746011993151,0.0003666857540414181,-0.0003666857540414181,False,False,,
true:fixed,52770232202d4ad1a98ed07d5b4c20b9,0,65e07a70e6b5404a87bf34e49d4c0924,0.9999999999999167,0.9999999999999167,0.0,0.0,0.0,0.0,0.0,False,False,,
true:fixed,52770232202d4ad1a98ed07d5b4c20b9,1,9ab5069c183c492b82b0ab30133080c1,0.9928327101513801,0.9929343843720824,-0.00010167422070228582,0.004265613286814123,0.00416997774863822,9.563553817590331e-05,-9.563553817590331e-05,False,False,,
true:fixed,52770232202d4ad1a98ed07d5b4c20b9,2,4258ba3b8b8142f48c3249d310a8c3d2,0.9769539178122014,0.9764836388334921,0.00047027897870932645,0.024831724389073103,0.025680234652985134,-0.0008485102639120314,0.0008485102639120314,False,False,,
true:fixed,52770232202d4ad1a98ed07d5b4c20b9,4,83f3eb36fc7144ab902e192db3a98c06,0.9088910370882713,0.9084420973406265,0.0004489397476448165,0.06362381935329517,0.06472485522364164,-0.0011010358703464757,0.0011010358703464757,False,False,,
true:fixed,52770232202d4ad1a98ed07d5b4c20b9,8,cb440b4d1912467fb51d871f0ccf8e8a,0.8788105036626163,0.880937574063801,-0.0021270704011847608,0.08728099340108651,0.08392223323998749,0.0033587601610990253,-0.0033587601610990253,False,False,,
true:fixed,52770232202d4ad1a98ed07d5b4c20b9,9,13546ea263ff48f49899cb30ac0004e9,0.8496614920094062,0.8525520918655168,-0.0028905998561106205,0.11140580843702427,0.10717104151508296,0.004234766921941316,-0.004234766921941316,False,False,,
true:fixed,52770232202d4ad1a98ed07d5b4c20b9,10,9b77dad2bdcf4814b042fa47889f19f6,0.7778924229158275,0.7813966029611434,-0.003504180045315941,0.19062882549479365,0.18300916290273941,0.007619662592054238,-0.007619662592054238,False,False,,
true:fixed,52770232202d4ad1a98ed07d5b4c20b9,12,097394612e494d1ebe1750ed54a27763,0.6390276535972711,0.6411015977292543,-0.002073944131983252,0.34484317595985536,0.33789260879522054,0.006950567164634824,-0.006950567164634824,False,False,,
true:fixed,52770232202d4ad1a98ed07d5b4c20b9,16,63d7813869b34ee9aa65064e93775e58,0.5040931695116164,0.5060969797079307,-0.0020038101963142374,0.6508092241109542,0.6411790489799963,0.009630175130957874,-0.009630175130957874,False,False,,
true:fixed,52770232202d4ad1a98ed07d5b4c20b9,17,3d5a6fe339f3490297e4b9d1f3949618,0.4938910650273929,0.49516163741363683,-0.001270572386243951,0.6547737546010376,0.64757247561188,0.007201278989157567,-0.007201278989157567,False,False,,
true:fixed,52770232202d4ad1a98ed07d5b4c20b9,18,306e66375cf94c7881864ba03782d2d2,0.4814805253020958,0.48293658343029333,-0.001456058128197546,0.6581283333948761,0.6506766591896779,0.007451674205198211,-0.007451674205198211,False,False,,
true:fixed,52770232202d4ad1a98ed07d5b4c20b9,20,60448167db014ef49dcfb65d89d69b3f,0.6077686050294879,0.6157448082349465,-0.007976203205458554,0.49773002796492516,0.4891271481521479,0.008602879812777242,-0.008602879812777242,False,False,,
true:fixed,52770232202d4ad1a98ed07d5b4c20b9,24,4734352144ac49a7b02960b99573fc14,0.7087503651657101,0.7163426702336649,-0.00759230506795483,0.4478735785672024,0.4405713672536105,0.007302211313591878,-0.007302211313591878,False,False,,
true:fixed,52770232202d4ad1a98ed07d5b4c20b9,25,0ab9ec2730894df2b48df70d0d2e84a9,0.7642898236087661,0.7648333267508421,-0.0005435031420760739,0.43246126561038983,0.42573174004647407,0.006729525563915761,-0.006729525563915761,False,False,,
true:fixed,52770232202d4ad1a98ed07d5b4c20b9,26,cb708f56b6104d638f93e3906cba5b82,0.708851546394402,0.7160605927710332,-0.007209046376631223,0.4414272082958731,0.40950165461992455,0.03192555367594857,-0.03192555367594857,False,False,,
true:fixed,52770232202d4ad1a98ed07d5b4c20b9,28,7f769bb638214009813b92df0cfb501a,0.6240952641993828,0.6299003891695754,-0.005805124970192588,0.49139290052185886,0.46276241865861506,0.028630481863243795,-0.028630481863243795,False,False,,
true:fixed,52770232202d4ad1a98ed07d5b4c20b9,32,15f4465f9fe44b80ab54908983b1cf68,0.47352579700342656,0.47703983142993533,-0.003514034426508772,0.6402446934218555,0.618893386203047,0.021351307218808513,-0.021351307218808513,False,False,,
true:fixed,52770232202d4ad1a98ed07d5b4c20b9,33,f94199c2a589484d8e32dd6bf4931d4f,0.4353835062993337,0.4384244547398431,-0.0030409484405093945,0.7039550273327189,0.683520516885736,0.020434510446982856,-0.020434510446982856,False,False,,
true:fixed,52770232202d4ad1a98ed07d5b4c20b9,34,a07f902656eb4f0fb2e5a77f803fb37c,0.40608893979510746,0.40872556263375526,-0.0026366228386477952,0.7427210431704582,0.723822804339348,0.018898238831110192,-0.018898238831110192,True,True,,
true:fixed,52770232202d4ad1a98ed07d5b4c20b9,35,bec365d878c4413d85d5fbb3eb3b3f46,0.37796619615435556,0.3802282374044888,-0.00226204125013324,0.7835741288668342,0.7661009118644959,0.01747321700233828,-0.01747321700233828,True,True,,
true:fixed,ec5241e32939433baeb2b3955920b28c,0,65e07a70e6b5404a87bf34e49d4c0924,0.9999999999999792,0.9999999999999792,0.0,0.0,0.0,0.0,0.0,False,False,,
true:fixed,ec5241e32939433baeb2b3955920b28c,1,9ab5069c183c492b82b0ab30133080c1,0.9255998036282745,0.9258198040609154,-0.00022000043264081004,0.05058053114129833,0.05039363074380092,0.00018690039749741372,-0.00018690039749741372,False,False,,
true:fixed,ec5241e32939433baeb2b3955920b28c,2,4258ba3b8b8142f48c3249d310a8c3d2,0.8637117239259637,0.8639096377757376,-0.0001979138497738564,0.09024372304277185,0.09011715389939896,0.00012656914337288994,-0.00012656914337288994,False,False,,
true:fixed,ec5241e32939433baeb2b3955920b28c,4,83f3eb36fc7144ab902e192db3a98c06,0.8216074736896564,0.821801021990387,-0.00019354830073059492,0.12258182656906184,0.12237165779740417,0.0002101687716576789,-0.0002101687716576789,False,False,,
true:fixed,ec5241e32939433baeb2b3955920b28c,8,cb440b4d1912467fb51d871f0ccf8e8a,0.7549953135036114,0.7551492742589949,-0.00015396075538354204,0.23824811305917928,0.23809778068765441,0.00015033237152486945,-0.00015033237152486945,False,False,,
true:fixed,ec5241e32939433baeb2b3955920b28c,9,13546ea263ff48f49899cb30ac0004e9,0.7404162318054762,0.7395837593715636,0.0008324724339126011,0.27687706078239815,0.2788478327698542,-0.0019707719874560437,0.0019707719874560437,False,False,,
true:fixed,ec5241e32939433baeb2b3955920b28c,10,9b77dad2bdcf4814b042fa47889f19f6,0.7283677659135686,0.7274106748392204,0.0009570910743481598,0.3135935145798324,0.3159130520516916,-0.002319537471859201,0.002319537471859201,False,False,,
true:fixed,ec5241e32939433baeb2b3955920b28c,12,097394612e494d1ebe1750ed54a27763,0.5466361533620008,0.5460024968421137,0.0006336565198871158,0.5213786208303282,0.5233586345745831,-0.001980013744254938,0.001980013744254938,False,False,,
true:fixed,ec5241e32939433baeb2b3955920b28c,16,63d7813869b34ee9aa65064e93775e58,0.5284433829315909,0.6757897877573497,-0.14734640482575878,0.4514925988959555,0.28896666777322216,0.16252593112273334,-0.16252593112273334,False,False,,
true:fixed,ec5241e32939433baeb2b3955920b28c,17,3d5a6fe339f3490297e4b9d1f3949618,0.5265500986109432,0.6509758324636679,-0.12442573385272471,0.436693119750638,0.2985976819278944,0.13809543782274364,-0.13809543782274364,False,False,,
true:fixed,ec5241e32939433baeb2b3955920b28c,18,306e66375cf94c7881864ba03782d2d2,0.5239978611672101,0.6285502589713863,-0.10455239780417613,0.42763961147218094,0.31404344935364104,0.1135961621185399,-0.1135961621185399,False,False,,
true:fixed,ec5241e32939433baeb2b3955920b28c,20,60448167db014ef49dcfb65d89d69b3f,0.5094275738703804,0.5953967365176107,-0.08596916264723031,0.43213987789097996,0.3396509236714346,0.09248895421954534,-0.09248895421954534,False,False,,
true:fixed,ec5241e32939433baeb2b3955920b28c,24,4734352144ac49a7b02960b99573fc14,0.5501454459626476,0.6234093867784878,-0.0732639408158402,0.35756620153760776,0.30034083678776424,0.05722536474984352,-0.05722536474984352,False,False,,
true:fixed,ec5241e32939433baeb2b3955920b28c,25,0ab9ec2730894df2b48df70d0d2e84a9,0.5660437354486457,0.6349789654101674,-0.06893522996152168,0.3383468863873428,0.29564035488268625,0.04270653150465653,-0.04270653150465653,False,False,,
true:fixed,ec5241e32939433baeb2b3955920b28c,26,cb708f56b6104d638f93e3906cba5b82,0.5831777009559859,0.6455307681178006,-0.06235306716181477,0.3221750088032831,0.30007223015490053,0.02210277864838256,-0.02210277864838256,False,False,,
true:fixed,ec5241e32939433baeb2b3955920b28c,28,7f769bb638214009813b92df0cfb501a,0.6344787893087651,0.7001192056218986,-0.06564041631313344,0.27848987032639866,0.2815899680276448,-0.0031000977012461406,0.0031000977012461406,False,False,,
true:fixed,ec5241e32939433baeb2b3955920b28c,30,770820077d44452a8428299e33808c0f,0.6885296166926388,0.702825751657059,-0.01429613496442017,0.24965229654805055,0.28604005199326826,-0.03638775544521772,0.03638775544521772,False,False,,
true:fixed,7a2612095f7840048f58d69a07e836a5,0,83f3eb36fc7144ab902e192db3a98c06,1.0000000000000258,1.0000000000000258,0.0,0.0,0.0,0.0,0.0,False,False,,
true:fixed,7a2612095f7840048f58d69a07e836a5,1,0fc0a764b3ec4c8196ffa35598fbda5f,0.9525443406826275,0.9523665746040719,0.00017776607855557458,0.04370012709818792,0.04392950052306931,-0.00022937342488139195,0.00022937342488139195,False,False,,
true:fixed,7a2612095f7840048f58d69a07e836a5,2,ef823f39fe034fdc9651a363fc81327b,0.9130684368878176,0.9134135626524396,-0.0003451257646219785,0.07678823842632276,0.07601125411867157,0.0007769843076511906,-0.0007769843076511906,False,False,,
true:fixed,7a2612095f7840048f58d69a07e836a5,4,cb440b4d1912467fb51d871f0ccf8e8a,0.840940000706591,0.8425048831937658,-0.0015648824871747902,0.15526013230190933,0.15193376775487244,0.0033263645470368863,-0.0033263645470368863,False,False,,
true:fixed,7a2612095f7840048f58d69a07e836a5,8,097394612e494d1ebe1750ed54a27763,0.7055848275029458,0.7064327995903457,-0.0008479720873998398,0.406147009204075,0.40399502749051586,0.0021519817135591257,-0.0021519817135591257,False,False,,
true:fixed,7a2612095f7840048f58d69a07e836a5,9,20601ccb0ab0445db56bad84060c1323,0.6843609579725246,0.6728791135284352,0.011481844444089395,0.5509620173997888,0.577246396827602,-0.026284379427813254,0.026284379427813254,False,False,,
true:fixed,7a2612095f7840048f58d69a07e836a5,10,746857c6bd46430fa4b5b82186e716e0,0.7147444660369583,0.699863215342236,0.014881250694722348,0.5605479142005464,0.6057043442982675,-0.04515643009772108,0.04515643009772108,False,False,,
true:fixed,7a2612095f7840048f58d69a07e836a5,12,63d7813869b34ee9aa65064e93775e58,0.7481347937425518,0.73185807992105,0.016276713821501754,0.551531379435006,0.5848058251175997,-0.033274445682593745,0.033274445682593745,False,False,,
true:fixed,7a2612095f7840048f58d69a07e836a5,16,60448167db014ef49dcfb65d89d69b3f,0.7723629216289915,0.7431574723428553,0.02920544928613611,0.46962517168475576,0.507115030581175,-0.03748985889641926,0.03748985889641926,False,False,,
true:fixed,7a2612095f7840048f58d69a07e836a5,17,f0bb168a6bc34e0bba79dd122b6394b0,0.7607153981204428,0.7452280194380267,0.015487378682416009,0.47052046499127115,0.5022252844462364,-0.03170481945496523,0.03170481945496523,False,False,,
true:fixed,7a2612095f7840048f58d69a07e836a5,18,a82ac06abf0d4d5ea70af9e19e82305e,0.7499942503604264,0.7230644309118486,0.026929819448577863,0.47141163750152554,0.46639594775025245,0.005015689751273089,-0.005015689751273089,False,False,,
true:fixed,7a2612095f7840048f58d69a07e836a5,20,4734352144ac49a7b02960b99573fc14,0.6775976695103924,0.6486295881235351,0.028968081386857247,0.4894578660448714,0.49292493333961634,-0.003467067294744941,0.003467067294744941,False,False,,
true:fixed,7a2612095f7840048f58d69a07e836a5,24,7f769bb638214009813b92df0cfb501a,0.5131281833113217,0.49068861157614874,0.02243957173517297,0.5874804593400217,0.5982192997872524,-0.010738840447230724,0.010738840447230724,False,False,,
true:fixed,7a2612095f7840048f58d69a07e836a5,25,f76469bb5b5747dbaedb1c59990b5579,0.470061226313673,0.4508318922405872,0.019229334073085802,0.6143193845303261,0.6256188334232046,-0.011299448892878483,0.011299448892878483,False,False,,
true:fixed,ec2a550c52b240d98c9c3bca3d06602f,0,f8de967b00394c9e88558219feef8426,1.0000000000000138,1.0000000000000138,0.0,0.0,0.0,0.0,0.0,False,False,,
true:fixed,ec2a550c52b240d98c9c3bca3d06602f,1,cb440b4d1912467fb51d871f0ccf8e8a,0.8633876892247966,0.8630335903107119,0.0003540989140846662,0.330906907362621,0.3320640685484811,-0.0011571611858600672,0.0011571611858600672,False,False,,
true:fixed,ec2a550c52b240d98c9c3bca3d06602f,2,13546ea263ff48f49899cb30ac0004e9,0.7724533058208634,0.7718195134150511,0.0006337924058122946,0.32444185753363036,0.3256477853852789,-0.001205927851648525,0.001205927851648525,False,False,,
true:fixed,ec2a550c52b240d98c9c3bca3d06602f,4,2b77a910c5e749f9a620d893361c1976,0.6781426242036313,0.6776292058042684,0.0005134183993628083,0.3527879847144087,0.35380045336675064,-0.0010124686523419468,0.0010124686523419468,False,False,,
true:fixed,ec2a550c52b240d98c9c3bca3d06602f,8,ef4fbe4064a74ce6b0a52cb3dd2e0bf0,0.8176056946763187,0.8169520707401297,0.0006536239361890628,0.27029103233266527,0.2714389896718792,-0.001147957339213912,0.001147957339213912,False,False,,
true:fixed,ec2a550c52b240d98c9c3bca3d06602f,9,63d7813869b34ee9aa65064e93775e58,0.6631138283677753,0.6629487733112605,0.0001650550565148734,0.3304932963446902,0.3311348353365536,-0.0006415389918633663,0.0006415389918633663,False,False,,
true:fixed,ec2a550c52b240d98c9c3bca3d06602f,10,3d5a6fe339f3490297e4b9d1f3949618,0.4413590266383319,0.4412990853745899,5.99412637419805e-05,0.5705250709457177,0.5707145225789549,-0.00018945163323724756,0.00018945163323724756,False,False,,
true:fixed,ec2a550c52b240d98c9c3bca3d06602f,12,49cd09e4a07145258972fc4e6b18e42d,0.4224083966506727,0.4223555391378898,5.285751278288897e-05,0.597915451907283,0.5980868686732922,-0.00017141676600918032,0.00017141676600918032,True,True,,
true:fixed,ec2a550c52b240d98c9c3bca3d06602f,16,2a572213c61c4d40a1955c2aecee6104,0.3853517969658442,0.3853123066442905,3.949032155370347e-05,0.6540692142356873,0.65420851119608,-0.00013929696039272077,0.00013929696039272077,True,True,,
true:fixed,ec2a550c52b240d98c9c3bca3d06602f,17,4734352144ac49a7b02960b99573fc14,0.37623644253892435,0.3762001420733685,3.630046555586075e-05,0.668423777386511,0.6685557529809506,-0.00013197559443955953,0.00013197559443955953,True,True,,
true:fixed,ec2a550c52b240d98c9c3bca3d06602f,18,0ab9ec2730894df2b48df70d0d2e84a9,0.3678363435721082,0.3678029483103235,3.339526178469665e-05,0.6818464402361897,0.6819718559576275,-0.0001254157214378715,0.0001254157214378715,True,True,,
true:fixed,ec2a550c52b240d98c9c3bca3d06602f,20,fd6002d736cb405796fc4fbdd5af6f7f,0.3518447656359131,0.3518082503861511,3.65152497620036e-05,0.7052988096560028,0.705380287675884,-8.147801988123149e-05,8.147801988123149e-05,False,False,,
true:fixed,ec2a550c52b240d98c9c3bca3d06602f,24,8a7007fd59cf4f39a3855b0e82136105,0.2466580928350335,0.24665258368703563,5.509147997878605e-06,0.8946546306848547,0.8946531469624344,1.4837224203700927e-06,-1.4837224203700927e-06,False,False,,
true:fixed,ec2a550c52b240d98c9c3bca3d06602f,25,15f4465f9fe44b80ab54908983b1cf68,0.20672719568578196,0.20673325135682094,-6.0556710389791935e-06,0.9757570327340416,0.9757139728869832,4.305984705832433e-05,-4.305984705832433e-05,False,False,,
true:fixed,ec2a550c52b240d98c9c3bca3d06602f,26,f94199c2a589484d8e32dd6bf4931d4f,0.18366416940729183,0.18368679970071453,-2.263029342269851e-05,1.0256260713615952,1.0255025464608372,0.00012352490075806521,-0.00012352490075806521,False,False,,
true:fixed,ec2a550c52b240d98c9c3bca3d06602f,28,bec365d878c4413d85d5fbb3eb3b3f46,0.12889562952805145,0.12894176705511695,-4.6137527065504e-05,1.1511931535254862,1.151012434814307,0.00018071871117930627,-0.00018071871117930627,False,False,,
true:fixed,ec2a550c52b240d98c9c3bca3d06602f,32,bc84a61f13f744cd8f5aa8e888ce879b,0.09813862527277886,0.09820506428942978,-6.643901665091823e-05,1.2273051632198608,1.2270660950228287,0.0002390681970321218,-0.0002390681970321218,False,False,,
true:fixed,ec2a550c52b240d98c9c3bca3d06602f,33,76c090ac27774e66a592f40998d5537c,0.09756615285966444,0.09770872672825791,-0.000142573868593468,1.2291754091532614,1.2288747533038102,0.0003006558494511591,-0.0003006558494511591,False,False,,
true:fixed,85269a87307a4ee3967e37b496e32280,0,f0bb168a6bc34e0bba79dd122b6394b0,1.0000000000000198,1.0000000000000198,0.0,0.0,0.0,0.0,0.0,False,False,,
true:fixed,85269a87307a4ee3967e37b496e32280,1,a82ac06abf0d4d5ea70af9e19e82305e,0.8868743783893325,0.8886502631555815,-0.001775884766249014,0.06630177467117243,0.06513836223939169,0.0011634124317807387,-0.0011634124317807387,False,False,,
true:fixed,85269a87307a4ee3967e37b496e32280,2,2a572213c61c4d40a1955c2aecee6104,0.7934500340223378,0.7929229669430684,0.0005270670792694165,0.12945308247069628,0.129800558286786,-0.00034747581608970957,0.00034747581608970957,False,False,,
true:fixed,85269a87307a4ee3967e37b496e32280,4,0ab9ec2730894df2b48df70d0d2e84a9,0.6351281567303384,0.6345070791482956,0.0006210775820427727,0.2598162448950398,0.26028110730151044,-0.00046486240647064525,0.00046486240647064525,False,False,,
true:fixed,85269a87307a4ee3967e37b496e32280,8,f76469bb5b5747dbaedb1c59990b5579,0.40325027547484743,0.40254057330128484,0.0007097021735625875,0.547147852789255,0.5463971204578993,0.0007507323313556968,-0.0007507323313556968,False,False,,
true:fixed,85269a87307a4ee3967e37b496e32280,9,770820077d44452a8428299e33808c0f,0.3599166900834834,0.3626702959613122,-0.0027536058778287464,0.614853972435986,0.612802824708959,0.0020511477270270806,-0.0020511477270270806,False,False,,
true:fixed,85269a87307a4ee3967e37b496e32280,10,8a7007fd59cf4f39a3855b0e82136105,0.31602575592413623,0.31907986973704194,-0.003054113812905712,0.6876670513237422,0.6840648151696463,0.003602236154095828,-0.003602236154095828,False,False,,
true:fixed,85269a87307a4ee3967e37b496e32280,12,f94199c2a589484d8e32dd6bf4931d4f,0.26629020063296927,0.26898064736388516,-0.0026904467309158964,0.7989188313045168,0.7961980405586753,0.002720790745841528,-0.002720790745841528,False,False,,
true:fixed,85269a87307a4ee3967e37b496e32280,16,54259afa6c644e1d99422df9da1c8f35,0.1533520434890273,0.1537884481680283,-0.00043640467900099567,1.0859240647976711,1.08447045790705,0.0014536068906210176,-0.0014536068906210176,False,False,,
true:fixed,85269a87307a4ee3967e37b496e32280,17,fa8abe51b4104eb68fc7f85ab1c475bb,0.11490438957331196,0.11615670189834287,-0.0012523123250309104,1.1920544939120747,1.1892869735287597,0.0027675203833150697,-0.0027675203833150697,False,False,,
true:fixed,85269a87307a4ee3967e37b496e32280,18,bc84a61f13f744cd8f5aa8e888ce879b,0.07924232213948951,0.08014521452612178,-0.0009028923866322702,1.303296151578659,1.2996131732520195,0.003682978326639441,-0.003682978326639441,False,False,,
true:fixed,85269a87307a4ee3967e37b496e32280,19,76c090ac27774e66a592f40998d5537c,0.04253190022277941,0.04308594364723713,-0.0005540434244577161,1.4448583765210758,1.4393884305676061,0.005469945953469724,-0.005469945953469724,False,False,,
true:shuffled,8ce4fe54af77467d90c840465f69677f,0,274b134fb2324486ae253eb6e24f900d,1.0000000000000582,1.0000000000000582,0.0,0.0,0.0,0.0,0.0,False,False,,
true:shuffled,8ce4fe54af77467d90c840465f69677f,1,a977b0e797694036a9c40ab80f9d0ebc,0.9833062903637779,0.9833062903637779,0.0,0.01920937271231659,0.01920937271231659,0.0,0.0,True,True,,
true:shuffled,8ce4fe54af77467d90c840465f69677f,2,bfbb3ba599ea450181210aa6000bad7f,0.966242600221573,0.966242600221573,0.0,0.03894868418832327,0.03894868418832327,0.0,0.0,True,True,,
true:shuffled,8ce4fe54af77467d90c840465f69677f,4,5b954ca864914a37aaaf0879249ace6a,0.9348811092979189,0.9348811092979189,0.0,0.07736278174934802,0.07736278174934802,0.0,0.0,True,True,,
true:shuffled,8ce4fe54af77467d90c840465f69677f,8,f6bf5986ca8a49c082c0e4d892de767c,0.8751226479166554,0.8751226479166554,0.0,0.15539948519858146,0.15539948519858146,0.0,0.0,True,True,,
true:shuffled,8ce4fe54af77467d90c840465f69677f,9,69e5c0a974344a2b89e9e351a5b79461,0.8610614214077082,0.8610614214077082,0.0,0.1746081326857042,0.1746081326857042,0.0,0.0,True,True,,
true:shuffled,8ce4fe54af77467d90c840465f69677f,10,519f1a02f21d43699ca1ada7ffd38726,0.8369798525785174,0.8369798525785174,0.0,0.2144277828632849,0.2144277828632849,0.0,0.0,False,False,,
true:shuffled,8ce4fe54af77467d90c840465f69677f,12,ee7d01fd902d4185a54112e1f1210e41,0.796818534331782,0.796818534331782,0.0,0.2827510598504883,0.2827510598504883,0.0,0.0,False,False,,
true:shuffled,8ce4fe54af77467d90c840465f69677f,16,13055b928600455db08cf9ae57d8d4c7,0.7374874777736562,0.7374874777736562,0.0,0.3843492320375516,0.3843492320375516,0.0,0.0,False,False,,
true:shuffled,8ce4fe54af77467d90c840465f69677f,17,220b431fd37e436f98aa1c868eee5828,0.718643298190802,0.718643298190802,0.0,0.42176425087276215,0.42176425087276215,0.0,0.0,False,False,,
true:shuffled,8ce4fe54af77467d90c840465f69677f,18,4abbc508bffb4f9b957a8ad2457db2e2,0.6990034093630814,0.6990034093630814,0.0,0.462994727091604,0.462994727091604,0.0,0.0,False,False,,
true:shuffled,8ce4fe54af77467d90c840465f69677f,20,9f35db3dd17c41e4875c2f54bd71fc29,0.6705171627364709,0.6705171627364709,0.0,0.5210961259687376,0.5210961259687376,0.0,0.0,False,False,,
true:shuffled,8ce4fe54af77467d90c840465f69677f,24,d364275322c4483fbf86df22f0e7a315,0.6670429765901552,0.6670429765901552,0.0,0.5272318949648913,0.5272318949648913,0.0,0.0,False,False,,
true:shuffled,8ce4fe54af77467d90c840465f69677f,25,c98b06812964464093b23c3734532d06,0.5975797444354207,0.6077358904251094,-0.010156145989688725,0.5461621547599059,0.5189048242598876,0.02725733050001833,-0.02725733050001833,False,False,,
true:shuffled,8ce4fe54af77467d90c840465f69677f,26,12f431b160be4858a51cced6955c37bd,0.6034001803885937,0.6137017068006991,-0.010301526412105466,0.5259795593165616,0.4988541841962976,0.027125375120263973,-0.027125375120263973,False,False,,
true:shuffled,f4af7fd215ee47aa8b64bac0443d7be8,0,12c5d6c3dc424561b9192b76b45af6fd,0.9999999999999081,0.9999999999999081,0.0,0.0,0.0,0.0,0.0,False,False,,
true:shuffled,f4af7fd215ee47aa8b64bac0443d7be8,1,882819f68f5e4be698694e673c71c6ab,0.9738879372108777,0.9738879372108777,0.0,0.02184360786026693,0.02184360786026693,0.0,0.0,False,False,,
true:shuffled,f4af7fd215ee47aa8b64bac0443d7be8,2,f6bf5986ca8a49c082c0e4d892de767c,0.9326477664541986,0.9326477664541986,0.0,0.0830133891167433,0.0830133891167433,0.0,0.0,False,False,,
true:shuffled,f4af7fd215ee47aa8b64bac0443d7be8,4,519f1a02f21d43699ca1ada7ffd38726,0.9029650756993,0.9029650756993,0.0,0.1414359402746971,0.1414359402746971,0.0,0.0,False,False,,
true:shuffled,f4af7fd215ee47aa8b64bac0443d7be8,8,ba7fb622e77447f6aa58ab1fff9ed0cf,0.8754852544675247,0.8754852544675247,0.0,0.1490423962328807,0.1490423962328807,0.0,0.0,False,False,,
true:shuffled,f4af7fd215ee47aa8b64bac0443d7be8,9,5087c0b3f84741178f42d668fbdf506f,0.8558203999128722,0.8558203999128722,0.0,0.15421880861961396,0.15421880861961396,0.0,0.0,False,False,,
true:shuffled,f4af7fd215ee47aa8b64bac0443d7be8,10,13055b928600455db08cf9ae57d8d4c7,0.8706283128300321,0.8706283128300321,0.0,0.140234084315703,0.140234084315703,0.0,0.0,False,False,,
true:shuffled,f4af7fd215ee47aa8b64bac0443d7be8,12,4abbc508bffb4f9b957a8ad2457db2e2,0.8718437014669614,0.8718437014669614,0.0,0.1699580253314244,0.1699580253314244,0.0,0.0,False,False,,
true:shuffled,f4af7fd215ee47aa8b64bac0443d7be8,13,103914217786464998f1e48a2c20cef0,0.7106759800468723,0.7106759800468723,0.0,0.2951000573741035,0.2951000573741035,0.0,0.0,False,False,,
true:shuffled,f2d9e6f194ee446eafc7a79fcb32994a,0,ba7fb622e77447f6aa58ab1fff9ed0cf,0.999999999999963,0.999999999999963,0.0,0.0,0.0,0.0,0.0,False,False,,
true:shuffled,f2d9e6f194ee446eafc7a79fcb32994a,1,5087c0b3f84741178f42d668fbdf506f,0.9674282779366631,0.9674282779366631,0.0,0.025607735775202905,0.025607735775202905,0.0,0.0,False,False,,
true:shuffled,f2d9e6f194ee446eafc7a79fcb32994a,2,13055b928600455db08cf9ae57d8d4c7,0.9712734680431786,0.9712734680431786,0.0,0.020347735241217062,0.020347735241217062,0.0,0.0,False,False,,
true:shuffled,f2d9e6f194ee446eafc7a79fcb32994a,3,220b431fd37e436f98aa1c868eee5828,0.9735103112773139,0.9735103112773139,0.0,0.023956931889028713,0.023956931889028713,0.0,0.0,False,False,,
true:shuffled,f2d9e6f194ee446eafc7a79fcb32994a,4,4abbc508bffb4f9b957a8ad2457db2e2,0.8726092032601362,0.8696289591583712,0.002980244101765006,0.09634298113344113,0.09786101119838796,-0.0015180300649468292,0.0015180300649468292,False,False,,
true:shuffled,f2d9e6f194ee446eafc7a79fcb32994a,6,9f35db3dd17c41e4875c2f54bd71fc29,0.8703875476265451,0.8685693786184102,0.0018181690081349178,0.10455578013047571,0.10574601983450947,-0.0011902397040337576,0.0011902397040337576,False,False,,
true:shuffled,f2d9e6f194ee446eafc7a79fcb32994a,7,8da854b2bced46f7a59f39a4d42bbfd2,0.8516603876192302,0.8512353902110873,0.0004249974081429464,0.11966258135801908,0.1204465038783653,-0.0007839225203462169,0.0007839225203462169,False,False,,
true:shuffled,9e5f09bc19cd473dae219194ada64f3d,0,ab1f5ba71a2f42c89efefcbc6dffcfb7,1.0000000000000537,1.0000000000000537,0.0,0.0,0.0,0.0,0.0,False,False,,
true:shuffled,9e5f09bc19cd473dae219194ada64f3d,1,c502570cba9749f7bd89494803a52c02,0.9782439474473632,0.9782439474473632,0.0,0.023157105929938308,0.023157105929938308,0.0,0.0,False,False,,
true:shuffled,9e5f09bc19cd473dae219194ada64f3d,2,274b134fb2324486ae253eb6e24f900d,0.957125578910764,0.957125578910764,0.0,0.046254041309995074,0.046254041309995074,0.0,0.0,False,False,,
true:shuffled,9e5f09bc19cd473dae219194ada64f3d,4,bfbb3ba599ea450181210aa6000bad7f,0.9390440576447237,0.9390440576447237,0.0,0.06936995114823159,0.06936995114823159,0.0,0.0,False,False,,
true:shuffled,9e5f09bc19cd473dae219194ada64f3d,8,12c5d6c3dc424561b9192b76b45af6fd,0.8207660234592759,0.8207660234592759,0.0,0.14517212321584408,0.14517212321584408,0.0,0.0,False,False,,
true:shuffled,9e5f09bc19cd473dae219194ada64f3d,9,882819f68f5e4be698694e673c71c6ab,0.8055909462782422,0.8055909462782422,0.0,0.15945722988700003,0.15945722988700003,0.0,0.0,False,False,,
true:shuffled,9e5f09bc19cd473dae219194ada64f3d,10,f6bf5986ca8a49c082c0e4d892de767c,0.7661197117362912,0.7902742240409875,-0.02415451230469623,0.24264724766299622,0.20905928616652886,0.03358796149646737,-0.03358796149646737,False,False,,
true:shuffled,9e5f09bc19cd473dae219194ada64f3d,12,519f1a02f21d43699ca1ada7ffd38726,0.7564100319336998,0.7583926085109911,-0.001982576577291284,0.32954897484780576,0.29722003075943254,0.032328944088373224,-0.032328944088373224,False,False,,
true:shuffled,9e5f09bc19cd473dae219194ada64f3d,16,ba7fb622e77447f6aa58ab1fff9ed0cf,0.762735422731917,0.7895157013391594,-0.026780278607242414,0.3762507886961635,0.3535310626430132,0.022719726053150313,-0.022719726053150313,False,False,,
true:shuffled,9e5f09bc19cd473dae219194ada64f3d,17,5087c0b3f84741178f42d668fbdf506f,0.7374117263336776,0.7279693379818908,0.00944238835178679,0.4129749743450173,0.38608213753751325,0.02689283680750404,-0.02689283680750404,False,False,,
true:shuffled,9e5f09bc19cd473dae219194ada64f3d,18,13055b928600455db08cf9ae57d8d4c7,0.7096869726660165,0.70182402672383,0.007862945942186506,0.4716044878095937,0.4426717594323107,0.028932728377283,-0.028932728377283,False,False,,
true:shuffled,9e5f09bc19cd473dae219194ada64f3d,20,4abbc508bffb4f9b957a8ad2457db2e2,0.6708806941465073,0.6708490984179502,3.159572855715442e-05,0.4445807317516779,0.41927414204686064,0.02530658970481725,-0.02530658970481725,False,False,,
true:shuffled,f5c0c1968ef0486cb3183e521841352f,0,5b954ca864914a37aaaf0879249ace6a,1.0000000000000167,1.0000000000000167,0.0,0.0,0.0,0.0,0.0,False,False,,
true:shuffled,f5c0c1968ef0486cb3183e521841352f,1,9e10d5419ffa43ce9f70766b4a5a0292,0.9764344262295243,0.9764344262295243,0.0,0.02299999999999991,0.02299999999999991,0.0,0.0,True,True,,
true:shuffled,f5c0c1968ef0486cb3183e521841352f,2,12c5d6c3dc424561b9192b76b45af6fd,0.9534177215190027,0.9534177215190027,0.0,0.04600000000000004,0.04600000000000004,0.0,0.0,True,True,,
true:shuffled,f5c0c1968ef0486cb3183e521841352f,4,f6bf5986ca8a49c082c0e4d892de767c,0.9099009900990244,0.9099009900990244,0.0,0.09099999999999997,0.09099999999999997,0.0,0.0,True,True,,
true:shuffled,f5c0c1968ef0486cb3183e521841352f,8,ee7d01fd902d4185a54112e1f1210e41,0.9014292755051891,0.9014292755051891,0.0,0.10000000000000009,0.10000000000000009,0.0,0.0,True,True,,
true:shuffled,f5c0c1968ef0486cb3183e521841352f,9,df7d0426da5346deae21136ea3cba58b,0.9014292755051891,0.9014292755051891,0.0,0.10000000000000009,0.10000000000000009,0.0,0.0,True,True,,
true:shuffled,f5c0c1968ef0486cb3183e521841352f,10,ba7fb622e77447f6aa58ab1fff9ed0cf,0.8968294597701634,0.8968294597701634,0.0,0.09581940971353235,0.09581940971353235,0.0,0.0,False,False,,
true:shuffled,f5c0c1968ef0486cb3183e521841352f,12,13055b928600455db08cf9ae57d8d4c7,0.9641974845999358,0.9641680271367642,2.9457463171622678e-05,0.040037305919703434,0.04006937212242851,-3.206620272507704e-05,3.206620272507704e-05,False,False,,
true:shuffled,f5c0c1968ef0486cb3183e521841352f,16,9f35db3dd17c41e4875c2f54bd71fc29,0.8995593508695913,0.8994953144257715,6.403644381980378e-05,0.17949505135356003,0.17966284230768645,-0.00016779095412641776,0.00016779095412641776,False,False,,
true:shuffled,f5c0c1968ef0486cb3183e521841352f,17,8da854b2bced46f7a59f39a4d42bbfd2,0.8938393120255883,0.8939905260616599,-0.00015121403607154527,0.17632387207877379,0.17608518362666908,0.0002386884521047017,-0.0002386884521047017,False,False,,
true:shuffled,f5c0c1968ef0486cb3183e521841352f,18,1e46c82d6a804cf1aaa9d2d6b5b5ef27,0.8051477957986699,0.8052256531233954,-7.785732472553875e-05,0.21859373632451795,0.21855062601373731,4.311031078063632e-05,-4.311031078063632e-05,False,False,,
true:shuffled,f5c0c1968ef0486cb3183e521841352f,20,d364275322c4483fbf86df22f0e7a315,0.7832935541907605,0.7832945327473027,-9.785565421305265e-07,0.2288219816344738,0.22890950470228966,-8.752306781587005e-05,8.752306781587005e-05,False,False,,
true:shuffled,e561b60694dc4514b6dddcfc5a5b6a90,0,c71884fb34d046258c12cf018513d8cc,0.9999999999999216,0.9999999999999216,0.0,0.0,0.0,0.0,0.0,False,False,,
true:shuffled,e561b60694dc4514b6dddcfc5a5b6a90,1,ee7d01fd902d4185a54112e1f1210e41,0.9928870220203866,0.9934185412135308,-0.0005315191931442032,0.0073021979937259625,0.005638926975406529,0.0016632710183194337,-0.0016632710183194337,False,False,,
true:shuffled,e561b60694dc4514b6dddcfc5a5b6a90,2,df7d0426da5346deae21136ea3cba58b,0.947860927489303,0.9486417403121101,-0.0007808128228071753,0.05871214740033579,0.056104034247032655,0.0026081131533031363,-0.0026081131533031363,False,False,,
true:shuffled,e561b60694dc4514b6dddcfc5a5b6a90,4,5087c0b3f84741178f42d668fbdf506f,0.9189868704353102,0.9195100229953719,-0.0005231525600616349,0.08000197227058867,0.07873067788315274,0.0012712943874359228,-0.0012712943874359228,False,False,,
true:shuffled,e561b60694dc4514b6dddcfc5a5b6a90,8,103914217786464998f1e48a2c20cef0,0.829883739244596,0.8300772412999892,-0.00019350205539314658,0.18244218069559753,0.18144788280302782,0.0009942978925697177,-0.0009942978925697177,False,False,,
true:shuffled,e561b60694dc4514b6dddcfc5a5b6a90,9,9f35db3dd17c41e4875c2f54bd71fc29,0.8088098315431285,0.8091269699222214,-0.0003171383790929738,0.201916866915751,0.2010151416848863,0.0009017252308647083,-0.0009017252308647083,False,False,,
true:shuffled,e561b60694dc4514b6dddcfc5a5b6a90,10,8da854b2bced46f7a59f39a4d42bbfd2,0.8057080909913574,0.8057153273933898,-7.236402032373412e-06,0.20235709401062296,0.20214449702740916,0.0002125969832137975,-0.0002125969832137975,False,False,,
true:shuffled,e561b60694dc4514b6dddcfc5a5b6a90,12,029f10e7436740a0a04feab4ab3aeddc,0.8019883452393277,0.8019058779093379,8.246732998984374e-05,0.20582129898488258,0.20575962149948324,6.167748539934181e-05,-6.167748539934181e-05,False,False,,
true:shuffled,e561b60694dc4514b6dddcfc5a5b6a90,15,12f431b160be4858a51cced6955c37bd,0.7981900228065655,0.7980484624044883,0.00014156040207713438,0.2086125500194444,0.208611463597356,1.0864220884032605e-06,-1.0864220884032605e-06,False,False,,
true:shuffled,c283b224a9984736bff67a2f347866fa,0,fdddd75ee1d94f14a09991988dab8b3e,0.9999999999999281,0.9999999999999281,0.0,0.0,0.0,0.0,0.0,False,False,,
true:shuffled,c283b224a9984736bff67a2f347866fa,1,53121f39e1a0434d8431777a05de3eec,0.46439988992883163,0.46439870270988065,1.1872189509820608e-06,1.243334090916019,1.2432904840415864,4.3606874432722265e-05,-4.3606874432722265e-05,False,False,,
true:shuffled,c283b224a9984736bff67a2f347866fa,2,872aeb79742f4cd5b6e069c36b007ace,0.20902576227893602,0.3271793383553393,-0.11815357607640328,2.1522217815385947,0.9498144894316516,1.202407292106943,-1.202407292106943,False,False,,
true:shuffled,c283b224a9984736bff67a2f347866fa,4,79a411ec3dc943bf94886ad9e539481d,0.0,0.0,0.0,8.270801511000439,7.369727236511937,0.9010742744885016,-0.9010742744885016,False,False,,
true:shuffled,c283b224a9984736bff67a2f347866fa,8,c4a4d1b455434dba879d5dcd1cc378d6,0.0,0.0,0.0,22.731760227941884,22.606054959442368,0.1257052684995159,-0.1257052684995159,False,False,,
true:shuffled,c283b224a9984736bff67a2f347866fa,9,e3bdfba683484a1ea09b7bb86e6be648,0.0,0.0,0.0,26.04836049916595,25.83256369261273,0.2157968065532181,-0.2157968065532181,False,False,,
true:shuffled,c283b224a9984736bff67a2f347866fa,10,e749c211df64486dafc86660a0b20eca,0.0,0.0,0.0,28.76732107935844,28.683049341087738,0.08427173827070078,-0.08427173827070078,False,False,,
true:shuffled,c283b224a9984736bff67a2f347866fa,11,ab1f5ba71a2f42c89efefcbc6dffcfb7,0.0,0.0,0.0,32.88672732870665,32.869173829050716,0.017553499655932114,-0.017553499655932114,False,False,,
true:shuffled,a6ca1e8c4eee458cb4981e02f58c954f,0,a977b0e797694036a9c40ab80f9d0ebc,0.9999999999999937,0.9999999999999937,0.0,0.0,0.0,0.0,0.0,False,False,,
true:shuffled,a6ca1e8c4eee458cb4981e02f58c954f,1,bfbb3ba599ea450181210aa6000bad7f,0.9722999478333579,0.9732899745961825,-0.0009900267628245585,0.027894702717040087,0.027749101243650185,0.00014560147338990234,-0.00014560147338990234,False,False,,
true:shuffled,a6ca1e8c4eee458cb4981e02f58c954f,2,3e92d615685942dfab6edb5a0a7678e6,0.9401575102502256,0.9412014005946944,-0.001043890344468723,0.05690695893588846,0.056657725188167314,0.00024923374772114343,-0.00024923374772114343,False,False,,
true:shuffled,a6ca1e8c4eee458cb4981e02f58c954f,4,9e10d5419ffa43ce9f70766b4a5a0292,0.9197773328169951,0.9188775190640538,0.0008998137529413475,0.06328994795197126,0.06385356624257885,-0.0005636182906075815,0.0005636182906075815,False,False,,
true:shuffled,a6ca1e8c4eee458cb4981e02f58c954f,8,69e5c0a974344a2b89e9e351a5b79461,0.8448130652357025,0.8440639274414299,0.0007491377942726585,0.10758976904453012,0.10813475020432159,-0.0005449811597914717,0.0005449811597914717,False,False,,
true:shuffled,a6ca1e8c4eee458cb4981e02f58c954f,9,519f1a02f21d43699ca1ada7ffd38726,0.787347601740989,0.7832842703921096,0.004063331348879373,0.15752869571413816,0.15998049704178463,-0.002451801327646469,0.002451801327646469,False,False,,
true:shuffled,a6ca1e8c4eee458cb4981e02f58c954f,10,c71884fb34d046258c12cf018513d8cc,0.6975082852418801,0.6932528939292187,0.004255391312661394,0.2561620892664029,0.2587911478587731,-0.002629058592370226,0.002629058592370226,False,False,,
true:shuffled,a6ca1e8c4eee458cb4981e02f58c954f,12,df7d0426da5346deae21136ea3cba58b,0.7137755208523565,0.7104815748249336,0.003293946027422945,0.22779197966141296,0.22957452633708705,-0.001782546675674096,0.001782546675674096,False,False,,
true:shuffled,a6ca1e8c4eee458cb4981e02f58c954f,15,13055b928600455db08cf9ae57d8d4c7,0.6501384910165666,0.6477166668000086,0.0024218242165580106,0.28668024370523154,0.28832791009018366,-0.0016476663849521178,0.0016476663849521178,False,False,,
true:shuffled,898c8b3c29d64d80806dd5e5fc6c02d3,0,882819f68f5e4be698694e673c71c6ab,0.9999999999999006,0.9999999999999006,0.0,0.0,0.0,0.0,0.0,False,False,,
true:shuffled,898c8b3c29d64d80806dd5e5fc6c02d3,1,f6bf5986ca8a49c082c0e4d892de767c,0.9710374038784565,0.9674652119743538,0.0035721919041027395,0.018949327572089482,0.020558431188003715,-0.0016091036159142334,0.0016091036159142334,False,False,,
true:shuffled,898c8b3c29d64d80806dd5e5fc6c02d3,2,69e5c0a974344a2b89e9e351a5b79461,0.9475803587666795,0.9402984932750389,0.00728186549164056,0.036116667233062075,0.03920051133685358,-0.0030838441037915054,0.0030838441037915054,False,False,,
true:shuffled,898c8b3c29d64d80806dd5e5fc6c02d3,4,c71884fb34d046258c12cf018513d8cc,0.8915017123145447,0.8884251266304375,0.0030765856841071804,0.07565976248451767,0.07554260493816294,0.00011715754635473197,-0.00011715754635473197,False,False,,
true:shuffled,898c8b3c29d64d80806dd5e5fc6c02d3,5,ee7d01fd902d4185a54112e1f1210e41,0.8448278990192328,0.8440365767626965,0.0007913222565363309,0.10762721927131746,0.1074760483258546,0.0001511709454628668,-0.0001511709454628668,False,False,,
true:shuffled,898c8b3c29d64d80806dd5e5fc6c02d3,6,df7d0426da5346deae21136ea3cba58b,0.8490689709113766,0.847519809089988,0.0015491618213885339,0.10398393659892333,0.10450432074583328,-0.0005203841469099552,0.0005203841469099552,False,False,,
true:shuffled,19f5d51759454803ae8bbc45bfb92737,0,220b431fd37e436f98aa1c868eee5828,1.0000000000000446,1.0000000000000446,0.0,0.0,0.0,0.0,0.0,False,False,,
true:shuffled,19f5d51759454803ae8bbc45bfb92737,1,4abbc508bffb4f9b957a8ad2457db2e2,0.7965367914353543,0.7972949035432221,-0.0007581121078678033,0.1981240815120251,0.19715792810608612,0.0009661534059389743,-0.0009661534059389743,False,False,,
true:shuffled,19f5d51759454803ae8bbc45bfb92737,2,103914217786464998f1e48a2c20cef0,0.6847846801426106,0.6140100327970617,0.07077464734554895,0.3280603135305545,0.4547624349548425,-0.126702121424288,0.126702121424288,False,False,,
true:shuffled,19f5d51759454803ae8bbc45bfb92737,4,8da854b2bced46f7a59f39a4d42bbfd2,0.68425009705954,0.6137825794208506,0.07046751763868941,0.3272100996790735,0.45201222200464974,-0.12480212232557625,0.12480212232557625,False,False,,
true:shuffled,19f5d51759454803ae8bbc45bfb92737,8,c98b06812964464093b23c3734532d06,0.7069526186005752,0.6317238024044558,0.07522881619611943,0.3179465360505584,0.4452172398083377,-0.12727070375777932,0.12727070375777932,False,False,,
true:shuffled,19f5d51759454803ae8bbc45bfb92737,9,12f431b160be4858a51cced6955c37bd,0.7201299444796495,0.6276507892464398,0.09247915523320971,0.3253021798190199,0.4517417482890055,-0.1264395684699856,0.1264395684699856,False,False,,
true:shuffled,dc762bf1bc694d3e8141bf592f9b1456,0,53121f39e1a0434d8431777a05de3eec,1.0000000000000957,1.0000000000000957,0.0,0.0,0.0,0.0,0.0,False,False,,
true:shuffled,dc762bf1bc694d3e8141bf592f9b1456,1,872aeb79742f4cd5b6e069c36b007ace,0.9493985366097489,0.9493985366097489,0.0,0.033541019662480576,0.033541019662480576,0.0,0.0,True,True,,
true:shuffled,dc762bf1bc694d3e8141bf592f9b1456,2,d2e315d29ed4468f802bf6ccfdbe6852,0.9027667170434958,0.9027667170434958,0.0,0.06467938262415518,0.06467938262415518,0.0,0.0,False,False,,
true:shuffled,dc762bf1bc694d3e8141bf592f9b1456,4,9181fe90f31b4740b36969e383506d40,0.5960126243928109,0.5960041410041266,8.483388684310533e-06,0.372990160259178,0.3730026462266614,-1.2485967483377713e-05,1.2485967483377713e-05,False,False,,
true:shuffled,dc762bf1bc694d3e8141bf592f9b1456,8,e3bdfba683484a1ea09b7bb86e6be648,0.18012064483426637,0.1801112864402705,9.358393995878567e-06,1.8639351522233543,1.8640045260538745,-6.937383052019186e-05,6.937383052019186e-05,False,False,,
true:shuffled,dc762bf1bc694d3e8141bf592f9b1456,9,e749c211df64486dafc86660a0b20eca,0.16047137687820417,0.16027093463116704,0.00020044224703713587,2.1958761171468746,2.197988189502562,-0.0021120723556875554,0.0021120723556875554,False,False,,
true:shuffled,dc762bf1bc694d3e8141bf592f9b1456,10,ab1f5ba71a2f42c89efefcbc6dffcfb7,0.131300220823385,0.1306193543220556,0.0006808665013293969,2.5437611668637907,2.552009957241927,-0.008248790378136306,0.008248790378136306,False,False,,
true:shuffled,dc762bf1bc694d3e8141bf592f9b1456,12,274b134fb2324486ae253eb6e24f900d,0.07996345429698178,0.0795234732141616,0.00043998108282017334,3.212531805796913,3.2197850650281814,-0.007253259231268405,0.007253259231268405,False,False,,
true:shuffled,dc762bf1bc694d3e8141bf592f9b1456,16,5b954ca864914a37aaaf0879249ace6a,0.0,0.0,0.0,8.495694106585406,8.50211066951578,-0.00641656293037407,0.00641656293037407,False,False,,
true:shuffled,dc762bf1bc694d3e8141bf592f9b1456,17,9e10d5419ffa43ce9f70766b4a5a0292,0.0,0.0,0.0,10.158729267376952,10.165491952681297,-0.006762685304344984,0.006762685304344984,False,False,,
true:shuffled,dc762bf1bc694d3e8141bf592f9b1456,18,12c5d6c3dc424561b9192b76b45af6fd,0.0,0.0,0.0,12.931516877458215,12.937884750840153,-0.006367873381938338,0.006367873381938338,False,False,,
true:shuffled,dc762bf1bc694d3e8141bf592f9b1456,20,f6bf5986ca8a49c082c0e4d892de767c,0.0,0.0,0.0,18.2724503846387,18.27920574971351,-0.006755365074809561,0.006755365074809561,False,False,,
true:shuffled,dc762bf1bc694d3e8141bf592f9b1456,24,ee7d01fd902d4185a54112e1f1210e41,0.0,0.0,0.0,33.132788095578306,33.137978625208106,-0.005190529629800267,0.005190529629800267,False,False,,
true:shuffled,dc762bf1bc694d3e8141bf592f9b1456,25,df7d0426da5346deae21136ea3cba58b,0.0,0.0,0.0,37.664507743286514,37.66950609699186,-0.004998353705346403,0.004998353705346403,False,False,,
true:shuffled,e73ba8faf67d40c8b6b653489393ef8b,0,e3bdfba683484a1ea09b7bb86e6be648,0.9999999999997302,0.9999999999997302,0.0,0.0,0.0,0.0,0.0,False,False,,
true:shuffled,e73ba8faf67d40c8b6b653489393ef8b,1,e749c211df64486dafc86660a0b20eca,0.9583333333330801,0.9583333333330801,0.0,0.03600000000000003,0.03600000000000003,0.0,0.0,True,True,,
true:shuffled,e73ba8faf67d40c8b6b653489393ef8b,2,ab1f5ba71a2f42c89efefcbc6dffcfb7,0.9183673469385377,0.9183673469385377,0.0,0.07200000000000006,0.07200000000000006,0.0,0.0,True,True,,
true:shuffled,e73ba8faf67d40c8b6b653489393ef8b,4,274b134fb2324486ae253eb6e24f900d,0.8441416893730868,0.8441416893730868,0.0,0.14300000000000002,0.14300000000000002,0.0,0.0,True,True,,
true:shuffled,e73ba8faf67d40c8b6b653489393ef8b,8,5b954ca864914a37aaaf0879249ace6a,0.7425334706486411,0.7425334706486411,0.0,0.25,0.25,0.0,0.0,True,True,,
true:shuffled,e73ba8faf67d40c8b6b653489393ef8b,9,9e10d5419ffa43ce9f70766b4a5a0292,0.8371335504883918,0.8371335504883918,0.0,0.1499999999999999,0.1499999999999999,0.0,0.0,True,True,,
true:shuffled,e73ba8faf67d40c8b6b653489393ef8b,10,12c5d6c3dc424561b9192b76b45af6fd,0.732315116603099,0.732315116603099,0.0,0.2219310765100802,0.2219310765100802,0.0,0.0,False,False,,
true:shuffled,e73ba8faf67d40c8b6b653489393ef8b,12,f6bf5986ca8a49c082c0e4d892de767c,0.6847019960778351,0.6846831802331252,1.8815844709862972e-05,0.2755754239508497,0.2755912276272468,-1.580367639708591e-05,1.580367639708591e-05,False,False,,
true:shuffled,e73ba8faf67d40c8b6b653489393ef8b,16,ee7d01fd902d4185a54112e1f1210e41,0.6578962607605315,0.6578832396395243,1.3021121007206204e-05,0.316241331145038,0.3162497838725871,-8.452727549124184e-06,8.452727549124184e-06,False,False,,
true:shuffled,e73ba8faf67d40c8b6b653489393ef8b,17,df7d0426da5346deae21136ea3cba58b,0.6504025936894888,0.6503102716501823,9.232203930653604e-05,0.3456969450208619,0.34599424074055896,-0.00029729571969705493,0.00029729571969705493,False,False,,
true:shuffled,e73ba8faf67d40c8b6b653489393ef8b,18,ba7fb622e77447f6aa58ab1fff9ed0cf,0.6797651810592606,0.6796081091271431,0.00015707193211755843,0.3549577351058819,0.35555117404940345,-0.0005934389435215404,0.0005934389435215404,False,False,,
true:shuffled,e73ba8faf67d40c8b6b653489393ef8b,20,13055b928600455db08cf9ae57d8d4c7,0.675455540086138,0.6752417085730384,0.000213831513099505,0.38545873996398344,0.3862564199828684,-0.000797680018884972,0.000797680018884972,False,False,,
true:shuffled,e73ba8faf67d40c8b6b653489393ef8b,24,9f35db3dd17c41e4875c2f54bd71fc29,0.6690425637634839,0.6684728693862525,0.0005696943772314222,0.523869410778713,0.5261418475741239,-0.0022724367954108926,0.0022724367954108926,False,False,,
true:shuffled,e73ba8faf67d40c8b6b653489393ef8b,25,8da854b2bced46f7a59f39a4d42bbfd2,0.5955269507106826,0.5953511692508225,0.00017578145986008042,0.5987763479916285,0.5998111582838398,-0.0010348102922113078,0.0010348102922113078,False,False,,
true:shuffled,e73ba8faf67d40c8b6b653489393ef8b,26,1e46c82d6a804cf1aaa9d2d6b5b5ef27,0.5327049603217828,0.532700749000809,4.211320973834809e-06,0.6695721643065848,0.67017158376723,-0.0005994194606451231,0.0005994194606451231,False,False,,
true:shuffled,e73ba8faf67d40c8b6b653489393ef8b,28,d364275322c4483fbf86df22f0e7a315,0.5405847949278455,0.5403339235759154,0.00025087135193013754,0.7913221249391583,0.7921953798024304,-0.0008732548632720549,0.0008732548632720549,False,False,,
true:shuffled,e73ba8faf67d40c8b6b653489393ef8b,30,12f431b160be4858a51cced6955c37bd,0.513141313880972,0.5128720082452008,0.0002693056357710999,0.9258895072752863,0.9267633333159582,-0.0008738260406718767,0.0008738260406718767,False,False,,
true:shuffled,68dbf490d231446f92fa7dbd366c8b93,0,5b954ca864914a37aaaf0879249ace6a,0.9999999999999135,0.9999999999999135,0.0,0.0,0.0,0.0,0.0,False,False,,
true:shuffled,68dbf490d231446f92fa7dbd366c8b93,1,9e10d5419ffa43ce9f70766b4a5a0292,0.9128919860626421,0.9128919860626421,0.0,0.09999999999999987,0.09999999999999987,0.0,0.0,True,True,,
true:shuffled,68dbf490d231446f92fa7dbd366c8b93,2,12c5d6c3dc424561b9192b76b45af6fd,0.9339498018493275,0.9339498018493275,0.0,0.07499999999999996,0.07499999999999996,0.0,0.0,True,True,,
true:shuffled,68dbf490d231446f92fa7dbd366c8b93,4,f6bf5986ca8a49c082c0e4d892de767c,0.9113478470741772,0.9113478470741772,0.0,0.10003999200319864,0.10003999200319864,0.0,0.0,True,True,,
true:shuffled,68dbf490d231446f92fa7dbd366c8b93,8,ee7d01fd902d4185a54112e1f1210e41,0.9112908373612155,0.9112908373612155,0.0,0.09585927185203683,0.09585927185203683,0.0,0.0,True,True,,
true:shuffled,68dbf490d231446f92fa7dbd366c8b93,9,df7d0426da5346deae21136ea3cba58b,0.8764337821063268,0.8764337821063268,0.0,0.13689411966918508,0.13689411966918508,0.0,0.0,True,True,,
true:shuffled,68dbf490d231446f92fa7dbd366c8b93,10,ba7fb622e77447f6aa58ab1fff9ed0cf,0.9131673585213397,0.9131673585213397,0.0,0.09089004345911009,0.09089004345911009,0.0,0.0,True,True,,
true:shuffled,68dbf490d231446f92fa7dbd366c8b93,12,13055b928600455db08cf9ae57d8d4c7,0.9612335302173628,0.9612335302173628,0.0,0.03854867053474576,0.03854867053474576,0.0,0.0,True,True,,
true:shuffled,68dbf490d231446f92fa7dbd366c8b93,16,9f35db3dd17c41e4875c2f54bd71fc29,0.8424625853466566,0.8424625853466566,0.0,0.16105959773941286,0.16105959773941286,0.0,0.0,False,False,,
true:shuffled,68dbf490d231446f92fa7dbd366c8b93,17,8da854b2bced46f7a59f39a4d42bbfd2,0.8741118874741438,0.8741011304276628,1.075704648101361e-05,0.12111688417443715,0.12112750794420256,-1.0623769765405466e-05,1.0623769765405466e-05,False,False,,
true:shuffled,68dbf490d231446f92fa7dbd366c8b93,18,1e46c82d6a804cf1aaa9d2d6b5b5ef27,0.792959852799241,0.7928793253150437,8.052748419729028e-05,0.2082685456962986,0.20837538107877018,-0.00010683538247158175,0.00010683538247158175,False,False,,
true:shuffled,68dbf490d231446f92fa7dbd366c8b93,20,d364275322c4483fbf86df22f0e7a315,0.7099025946965147,0.7086122249977834,0.0012903696987313085,0.31648160805758335,0.31721391213164135,-0.0007323040740579989,0.0007323040740579989,False,False,,
true:shuffled,68dbf490d231446f92fa7dbd366c8b93,22,12f431b160be4858a51cced6955c37bd,0.6196093487714779,0.6185498731346885,0.001059475636789431,0.4479005660255095,0.4485388423966618,-0.0006382763711523243,0.0006382763711523243,False,False,,
true:shuffled,713b6bedc51f4d1b9802a13aec39aaf3,0,69e5c0a974344a2b89e9e351a5b79461,1.0000000000000613,1.0000000000000613,0.0,0.0,0.0,0.0,0.0,False,False,,
true:shuffled,713b6bedc51f4d1b9802a13aec39aaf3,1,519f1a02f21d43699ca1ada7ffd38726,0.9876008301451337,0.9875678033363294,3.302680880423736e-05,0.020519953689684144,0.020635770287720647,-0.00011581659803650349,0.00011581659803650349,False,False,,
true:shuffled,713b6bedc51f4d1b9802a13aec39aaf3,2,c71884fb34d046258c12cf018513d8cc,0.9753156177021156,0.9751511624535399,0.00016445524857566785,0.04119970330476273,0.0416041394827152,-0.00040443617795246634,0.00040443617795246634,False,False,,
true:shuffled,713b6bedc51f4d1b9802a13aec39aaf3,4,df7d0426da5346deae21136ea3cba58b,0.9340043106446616,0.9338574517556278,0.00014685888903376298,0.07090684847379722,0.07134085386361477,-0.00043400538981755443,0.00043400538981755443,False,False,,
true:shuffled,713b6bedc51f4d1b9802a13aec39aaf3,8,220b431fd37e436f98aa1c868eee5828,0.6971185187683976,0.696795540070716,0.0003229786976816085,0.32759394595611113,0.32852270917114584,-0.0009287632150347114,0.0009287632150347114,False,False,,
true:shuffled,713b6bedc51f4d1b9802a13aec39aaf3,9,4abbc508bffb4f9b957a8ad2457db2e2,0.699012385279848,0.6989357866828697,7.659859697828342e-05,0.3210085836304232,0.3217597150403925,-0.0007511314099692967,0.0007511314099692967,False,False,,
true:shuffled,713b6bedc51f4d1b9802a13aec39aaf3,10,103914217786464998f1e48a2c20cef0,0.7030776678528083,0.7030327082245743,4.4959628234031435e-05,0.3128165187858385,0.3135641000220559,-0.0007475812362174317,0.0007475812362174317,False,False,,
true:shuffled,713b6bedc51f4d1b9802a13aec39aaf3,12,8da854b2bced46f7a59f39a4d42bbfd2,0.7066759520625883,0.7072260615700471,-0.000550109507458818,0.30494009257918575,0.3051837983404167,-0.0002437057612309501,0.0002437057612309501,False,False,,
true:shuffled,713b6bedc51f4d1b9802a13aec39aaf3,16,c98b06812964464093b23c3734532d06,0.5898339158424877,0.6446893352410888,-0.05485541939860117,0.3930603348140724,0.3406674520788952,0.05239288273517717,-0.05239288273517717,False,False,,
true:shuffled,200c440c0e9b4627ad4f3047227016a2,0,fdddd75ee1d94f14a09991988dab8b3e,0.9999999999999162,0.9999999999999162,0.0,0.0,0.0,0.0,0.0,False,False,,
true:shuffled,200c440c0e9b4627ad4f3047227016a2,1,53121f39e1a0434d8431777a05de3eec,0.011902901047779225,0.011735700205636973,0.0001672008421422528,4.37274869996812,4.374380701583624,-0.0016320016155031425,0.0016320016155031425,False,False,,
true:shuffled,200c440c0e9b4627ad4f3047227016a2,2,872aeb79742f4cd5b6e069c36b007ace,0.0,0.0,0.0,8.738514831020705,8.739426189173642,-0.0009113581529369696,0.0009113581529369696,False,False,,
true:shuffled,200c440c0e9b4627ad4f3047227016a2,4,79a411ec3dc943bf94886ad9e539481d,0.0,0.0,0.0,16.989065554466247,16.990289228347184,-0.00122367388093636,0.00122367388093636,False,False,,
true:shuffled,200c440c0e9b4627ad4f3047227016a2,8,c4a4d1b455434dba879d5dcd1cc378d6,0.0,0.0,0.0,29.301921247395203,29.30327052450259,-0.0013492771073870813,0.0013492771073870813,False,False,,
true:shuffled,200c440c0e9b4627ad4f3047227016a2,9,e3bdfba683484a1ea09b7bb86e6be648,0.0,0.0,0.0,31.620629215331224,31.621973965194833,-0.001344749863608996,0.001344749863608996,False,False,,
true:shuffled,200c440c0e9b4627ad4f3047227016a2,10,e749c211df64486dafc86660a0b20eca,0.0,0.0,0.0,33.87290830436039,33.874251492355576,-0.0013431879951895098,0.0013431879951895098,True,True,,
true:shuffled,200c440c0e9b4627ad4f3047227016a2,12,c502570cba9749f7bd89494803a52c02,0.0,0.0,0.0,37.7053290147598,37.706669441670556,-0.0013404269107581968,0.0013404269107581968,True,True,,
true:shuffled,200c440c0e9b4627ad4f3047227016a2,16,3e92d615685942dfab6edb5a0a7678e6,0.0,0.0,0.0,41.56802823487125,41.56936584005791,-0.0013376051866629268,0.0013376051866629268,True,True,,
true:shuffled,200c440c0e9b4627ad4f3047227016a2,17,5b954ca864914a37aaaf0879249ace6a,0.0,0.0,0.0,41.82162579456597,41.82296326995339,-0.001337475387423126,0.001337475387423126,True,True,,
true:shuffled,200c440c0e9b4627ad4f3047227016a2,18,9e10d5419ffa43ce9f70766b4a5a0292,0.0,0.0,0.0,41.84829581917171,41.849633423657764,-0.0013376044860535785,0.0013376044860535785,True,True,,
true:shuffled,200c440c0e9b4627ad4f3047227016a2,20,882819f68f5e4be698694e673c71c6ab,0.0,0.0,0.0,41.838663194882265,41.840001089717745,-0.001337894835479858,0.001337894835479858,True,True,,
true:shuffled,200c440c0e9b4627ad4f3047227016a2,24,c71884fb34d046258c12cf018513d8cc,0.0,0.0,0.0,41.31560004448922,41.31693810590932,-0.0013380614200997343,0.0013380614200997343,True,True,,
true:shuffled,200c440c0e9b4627ad4f3047227016a2,25,ee7d01fd902d4185a54112e1f1210e41,0.0,0.0,0.0,41.50670856970222,41.50804653739635,-0.001337967694134079,0.001337967694134079,True,True,,
true:shuffled,200c440c0e9b4627ad4f3047227016a2,26,df7d0426da5346deae21136ea3cba58b,0.0,0.0,0.0,41.58509107490134,41.58642890634365,-0.0013378314423064808,0.0013378314423064808,True,True,,
true:shuffled,200c440c0e9b4627ad4f3047227016a2,28,5087c0b3f84741178f42d668fbdf506f,0.0,0.0,0.0,41.75144516680045,41.752782995793034,-0.0013378289925825015,0.0013378289925825015,True,True,,
true:shuffled,200c440c0e9b4627ad4f3047227016a2,32,103914217786464998f1e48a2c20cef0,0.0,0.0,0.0,41.86091567065302,41.86225318585838,-0.001337515205356965,0.001337515205356965,True,True,,
true:shuffled,200c440c0e9b4627ad4f3047227016a2,33,9f35db3dd17c41e4875c2f54bd71fc29,0.0,0.0,0.0,41.85613884469217,41.85747654447979,-0.0013376997876193286,0.0013376997876193286,True,True,,
true:shuffled,200c440c0e9b4627ad4f3047227016a2,34,8da854b2bced46f7a59f39a4d42bbfd2,0.0,0.0,0.0,41.87300506487499,41.8743426640914,-0.0013375992164128547,0.0013375992164128547,True,True,,
true:shuffled,200c440c0e9b4627ad4f3047227016a2,36,029f10e7436740a0a04feab4ab3aeddc,0.0,0.0,0.0,41.87418777740215,41.87552570008394,-0.001337922681791781,0.001337922681791781,True,True,,
true:shuffled,200c440c0e9b4627ad4f3047227016a2,37,d364275322c4483fbf86df22f0e7a315,0.0,0.0,0.0,41.87251917210105,41.87385740766843,-0.0013382355673812185,0.0013382355673812185,True,True,,
true:shuffled,007842c92eaf4351b5a9678f7e7094f3,0,9f35db3dd17c41e4875c2f54bd71fc29,0.9999999999999931,0.9999999999999931,0.0,0.0,0.0,0.0,0.0,False,False,,
true:shuffled,007842c92eaf4351b5a9678f7e7094f3,1,8da854b2bced46f7a59f39a4d42bbfd2,0.8990247686924152,0.8995878305317806,-0.0005630618393653863,0.07237123636338064,0.07194561431812736,0.00042562204525327385,-0.00042562204525327385,False,False,,
true:shuffled,007842c92eaf4351b5a9678f7e7094f3,2,1e46c82d6a804cf1aaa9d2d6b5b5ef27,0.8159202663686117,0.8159526470090449,-3.238064043320499e-05,0.14014623570446025,0.1400727750198746,7.34606845856356e-05,-7.34606845856356e-05,False,False,,
true:shuffled,007842c92eaf4351b5a9678f7e7094f3,3,029f10e7436740a0a04feab4ab3aeddc,0.7422661795109258,0.7422530654904781,1.3114020447679842e-05,0.20764550054808448,0.20760375582892512,4.1744719159353405e-05,-4.1744719159353405e-05,False,False,,
true:shuffled,007842c92eaf4351b5a9678f7e7094f3,4,d364275322c4483fbf86df22f0e7a315,0.672771664765096,0.6729218143488084,-0.00015014958371240006,0.27827062520167034,0.2780800430300829,0.00019058217158746116,-0.00019058217158746116,False,False,,
true:shuffled,007842c92eaf4351b5a9678f7e7094f3,5,c98b06812964464093b23c3734532d06,0.6074286029574152,0.6075185101751118,-8.990721769663867e-05,0.35246690026189986,0.3523270277986841,0.0001398724632157844,-0.0001398724632157844,False,False,,
true:shuffled,1f8d7e8410ed435da374688590a13b0a,0,882819f68f5e4be698694e673c71c6ab,1.0000000000000837,1.0000000000000837,0.0,0.0,0.0,0.0,0.0,False,False,,
true:shuffled,1f8d7e8410ed435da374688590a13b0a,1,f6bf5986ca8a49c082c0e4d892de767c,0.9390986601706001,0.9390986601706001,0.0,0.050000000000000044,0.050000000000000044,0.0,0.0,True,True,,
true:shuffled,1f8d7e8410ed435da374688590a13b0a,2,69e5c0a974344a2b89e9e351a5b79461,0.7187936882558956,0.7187936882558956,0.0,0.2537803593240643,0.2537803593240643,0.0,0.0,False,False,,
true:shuffled,1f8d7e8410ed435da374688590a13b0a,4,c71884fb34d046258c12cf018513d8cc,0.5478815766928744,0.5478832731194905,-1.6964266160712782e-06,0.4553250007739164,0.4553171889037173,7.811870199103677e-06,-7.811870199103677e-06,False,False,,
true:shuffled,1f8d7e8410ed435da374688590a13b0a,8,5087c0b3f84741178f42d668fbdf506f,0.8918423465062665,0.8918638572309978,-2.1510724731332864e-05,0.09906388174952757,0.09905682770785404,7.054041673532074e-06,-7.054041673532074e-06,False,False,,
true:shuffled,1f8d7e8410ed435da374688590a13b0a,9,13055b928600455db08cf9ae57d8d4c7,0.9481507404477537,0.9481879527992879,-3.721235153419933e-05,0.08568185168807427,0.08566144377505155,2.0407913022713053e-05,-2.0407913022713053e-05,False,False,,
true:shuffled,1f8d7e8410ed435da374688590a13b0a,10,220b431fd37e436f98aa1c868eee5828,0.9051731468851215,0.9052179634300918,-4.481654497023868e-05,0.1198325024325073,0.11981629200632243,1.6210426184867788e-05,-1.6210426184867788e-05,False,False,,
true:shuffled,1f8d7e8410ed435da374688590a13b0a,12,103914217786464998f1e48a2c20cef0,0.7334208560364537,0.7334723189359132,-5.1462899459564504e-05,0.23478069808479757,0.23473579274603884,4.4905338758727265e-05,-4.4905338758727265e-05,False,False,,
true:shuffled,1f8d7e8410ed435da374688590a13b0a,16,029f10e7436740a0a04feab4ab3aeddc,0.6498962451946831,0.6499612318141226,-6.498661943943329e-05,0.320516635271967,0.3204656918445004,5.094342746658764e-05,-5.094342746658764e-05,False,False,,
true:shuffled,1f8d7e8410ed435da374688590a13b0a,17,d364275322c4483fbf86df22f0e7a315,0.606687082094127,0.6074136872909792,-0.0007266051968521925,0.37330939333071644,0.3726756608119732,0.0006337325187432685,-0.0006337325187432685,False,False,,
true:shuffled,1f8d7e8410ed435da374688590a13b0a,18,c98b06812964464093b23c3734532d06,0.5681325324971562,0.5687627666225704,-0.0006302341254141863,0.42412019756296093,0.4235447235860511,0.0005754739769098238,-0.0005754739769098238,False,False,,
true:shuffled,1f8d7e8410ed435da374688590a13b0a,19,12f431b160be4858a51cced6955c37bd,0.5312420998812939,0.5316682884596579,-0.00042618857836396185,0.47506416197114953,0.4746969470871509,0.00036721488399865665,-0.00036721488399865665,False,False,,
true:shuffled,7328a1bef88b4e84aa2ee0d837effd8d,0,220b431fd37e436f98aa1c868eee5828,1.0000000000000229,1.0000000000000229,0.0,0.0,0.0,0.0,0.0,False,False,,
true:shuffled,7328a1bef88b4e84aa2ee0d837effd8d,1,4abbc508bffb4f9b957a8ad2457db2e2,0.9941518705795191,0.9941044322334578,4.7438346061356995e-05,0.00612705586318365,0.006263145525489479,-0.00013608966230582893,0.00013608966230582893,False,False,,
true:shuffled,7328a1bef88b4e84aa2ee0d837effd8d,2,103914217786464998f1e48a2c20cef0,0.9897706330278551,0.9892782968265298,0.0004923362013252719,0.00846527568685729,0.009699016275348053,-0.0012337405884907636,0.0012337405884907636,False,False,,
true:shuffled,7328a1bef88b4e84aa2ee0d837effd8d,3,9f35db3dd17c41e4875c2f54bd71fc29,0.9849405380392321,0.9849249376195971,1.560041963499792e-05,0.01251612145746659,0.012453687064065825,6.243439340076519e-05,-6.243439340076519e-05,False,False,,
true:shuffled,7328a1bef88b4e84aa2ee0d837effd8d,4,8da854b2bced46f7a59f39a4d42bbfd2,0.9781358608989099,0.9779835961818736,0.00015226471703633226,0.02244919568530924,0.022878300907092454,-0.0004291052217832124,0.0004291052217832124,False,False,,
true:shuffled,7328a1bef88b4e84aa2ee0d837effd8d,6,029f10e7436740a0a04feab4ab3aeddc,0.9737415335152696,0.9757177729990946,-0.001976239483824971,0.025336728249859997,0.020778981182733514,0.004557747067126482,-0.004557747067126482,False,False,,
true:shuffled,7328a1bef88b4e84aa2ee0d837effd8d,7,d364275322c4483fbf86df22f0e7a315,0.9732441517858897,0.9742932928677446,-0.001049141081854832,0.020834076365112864,0.018907702287260547,0.0019263740778523164,-0.0019263740778523164,False,False,,
true:shuffled,dce1fda2d70945c792dcc27074ec6aa9,0,79a411ec3dc943bf94886ad9e539481d,1.0000000000000306,1.0000000000000306,0.0,0.0,0.0,0.0,0.0,False,False,,
true:shuffled,dce1fda2d70945c792dcc27074ec6aa9,1,9181fe90f31b4740b36969e383506d40,0.7379594687815202,0.7379594687815202,0.0,0.19291777295909102,0.19291777295909102,0.0,0.0,False,False,,
true:shuffled,dce1fda2d70945c792dcc27074ec6aa9,2,139d5e756c1f461ba1f0c6ec46968e43,0.5119177239295404,0.511913351184853,4.372744687342056e-06,0.4673804897188477,0.4673845163639522,-4.026645104460158e-06,4.026645104460158e-06,False,False,,
true:shuffled,dce1fda2d70945c792dcc27074ec6aa9,4,c4a4d1b455434dba879d5dcd1cc378d6,0.4936404376654259,0.447915206613552,0.04572523105187393,0.5505514896319623,0.6727800657328465,-0.12222857610088422,0.12222857610088422,False,False,,
true:shuffled,dce1fda2d70945c792dcc27074ec6aa9,8,c502570cba9749f7bd89494803a52c02,0.4811378758925074,0.4480733100596842,0.03306456583282319,0.5482696052406281,0.6054629024656004,-0.05719329722497235,0.05719329722497235,False,False,,
true:shuffled,dce1fda2d70945c792dcc27074ec6aa9,9,274b134fb2324486ae253eb6e24f900d,0.461159170457607,0.4297194084976659,0.03143976195994114,0.5747791296788852,0.6376344309550771,-0.06285530127619188,0.06285530127619188,False,False,,
true:shuffled,dce1fda2d70945c792dcc27074ec6aa9,10,a977b0e797694036a9c40ab80f9d0ebc,0.45946492002506123,0.4295163948522774,0.029948525172783846,0.5913537312624466,0.6310410006713134,-0.0396872694088668,0.0396872694088668,False,False,,
true:shuffled,dce1fda2d70945c792dcc27074ec6aa9,12,3e92d615685942dfab6edb5a0a7678e6,0.41091868304120244,0.4383171610532337,-0.02739847801203127,0.6745276605735121,0.6452902836811623,0.029237376892349842,-0.029237376892349842,False,False,,
true:shuffled,dce1fda2d70945c792dcc27074ec6aa9,16,882819f68f5e4be698694e673c71c6ab,0.44675242867488657,0.468801261193029,-0.022048832518142436,0.634513817830034,0.5948448884230882,0.039668929406945774,-0.039668929406945774,False,False,,
true:shuffled,dce1fda2d70945c792dcc27074ec6aa9,17,f6bf5986ca8a49c082c0e4d892de767c,0.4341268497607331,0.4557313688550039,-0.021604519094270802,0.6573010695188684,0.6007234088568658,0.05657766066200254,-0.05657766066200254,False,False,,
true:shuffled,dce1fda2d70945c792dcc27074ec6aa9,18,69e5c0a974344a2b89e9e351a5b79461,0.4248068768440212,0.4453602957846112,-0.02055341894059004,0.6697518011217218,0.6203256211452547,0.049426179976467144,-0.049426179976467144,False,False,,
true:shuffled,dce1fda2d70945c792dcc27074ec6aa9,20,c71884fb34d046258c12cf018513d8cc,0.40896720269602505,0.4283677383105669,-0.01940053561454186,0.7019221218653475,0.6460018657390838,0.05592025612626372,-0.05592025612626372,False,False,,
true:shuffled,dce1fda2d70945c792dcc27074ec6aa9,24,5087c0b3f84741178f42d668fbdf506f,0.3726127845152314,0.3904149399169878,-0.017802155401756392,0.7844679690262554,0.7121367200139905,0.07233124901226484,-0.07233124901226484,False,False,,
true:shuffled,dce1fda2d70945c792dcc27074ec6aa9,25,13055b928600455db08cf9ae57d8d4c7,0.3721577926316943,0.39002875347313715,-0.01787096084144285,0.787846183480328,0.7119711300142132,0.07587505346611478,-0.07587505346611478,False,False,,
true:shuffled,dce1fda2d70945c792dcc27074ec6aa9,26,220b431fd37e436f98aa1c868eee5828,0.3924864114747647,0.41173506123051185,-0.019248649755747138,0.7517222901592832,0.6785361523098783,0.07318613784940486,-0.07318613784940486,False,False,,
true:shuffled,dce1fda2d70945c792dcc27074ec6aa9,28,103914217786464998f1e48a2c20cef0,0.416238673498103,0.43903375002013606,-0.022795076522033053,0.7021012381718202,0.6373784447910957,0.06472279338072451,-0.06472279338072451,False,False,,
true:shuffled,dce1fda2d70945c792dcc27074ec6aa9,32,029f10e7436740a0a04feab4ab3aeddc,0.02605927018201081,0.040594027392815736,-0.014534757210804924,4.013400217274742,3.8157183944026865,0.1976818228720556,-0.1976818228720556,False,False,,
true:shuffled,dce1fda2d70945c792dcc27074ec6aa9,33,d364275322c4483fbf86df22f0e7a315,0.0,0.0,0.0,5.703574738645448,5.504270637575464,0.1993041010699832,-0.1993041010699832,False,False,,
true:shuffled,dce1fda2d70945c792dcc27074ec6aa9,34,c98b06812964464093b23c3734532d06,0.0,0.0,0.0,7.487850829020156,7.287986422184005,0.19986440683615125,-0.19986440683615125,False,False,,
true:shuffled,dce1fda2d70945c792dcc27074ec6aa9,35,12f431b160be4858a51cced6955c37bd,0.0,0.0,0.0,9.234789878385866,9.037458795127096,0.1973310832587707,-0.1973310832587707,False,False,,
true:shuffled,2a42fd0e123c455fbaeb1c5f03dba0b2,0,5b954ca864914a37aaaf0879249ace6a,1.00000000000011,1.00000000000011,0.0,0.0,0.0,0.0,0.0,False,False,,
true:shuffled,2a42fd0e123c455fbaeb1c5f03dba0b2,1,9e10d5419ffa43ce9f70766b4a5a0292,0.9911348358476734,0.9889871266881005,0.0021477091595728526,0.00982199804392922,0.010417637841740246,-0.0005956397978110258,0.0005956397978110258,False,False,,
true:shuffled,2a42fd0e123c455fbaeb1c5f03dba0b2,2,12c5d6c3dc424561b9192b76b45af6fd,0.9828381830330182,0.9818891737845414,0.0009490092484767398,0.019238469227125844,0.0194721852398844,-0.0002337160127585565,0.0002337160127585565,False,False,,
true:shuffled,2a42fd0e123c455fbaeb1c5f03dba0b2,4,f6bf5986ca8a49c082c0e4d892de767c,0.9751346179057636,0.9729718016213286,0.002162816284435043,0.02780743835715648,0.02940884979182532,-0.001601411434668843,0.001601411434668843,False,False,,
true:shuffled,2a42fd0e123c455fbaeb1c5f03dba0b2,8,ee7d01fd902d4185a54112e1f1210e41,0.9722000176977494,0.9091294433801467,0.06307057431760277,0.022529770152827987,0.06833845171932564,-0.045808681566497644,0.045808681566497644,False,False,,
true:shuffled,2a42fd0e123c455fbaeb1c5f03dba0b2,9,df7d0426da5346deae21136ea3cba58b,0.9742916874997238,0.9017134297647408,0.07257825773498305,0.027903816002835907,0.07630328211179167,-0.04839946610895576,0.04839946610895576,False,False,,
true:shuffled,2a42fd0e123c455fbaeb1c5f03dba0b2,10,ba7fb622e77447f6aa58ab1fff9ed0cf,0.9550571043412313,0.8835038017443114,0.07155330259691983,0.06766166562319675,0.10859771490347511,-0.04093604928027836,0.04093604928027836,False,False,,
true:shuffled,2a42fd0e123c455fbaeb1c5f03dba0b2,12,13055b928600455db08cf9ae57d8d4c7,0.9492488641329597,0.8816375339742928,0.06761133015866694,0.07570601492265902,0.11755150742715952,-0.041845492504500495,0.041845492504500495,False,False,,
true:shuffled,2a42fd0e123c455fbaeb1c5f03dba0b2,16,9f35db3dd17c41e4875c2f54bd71fc29,0.8951252493639059,0.8337078131017841,0.061417436262121816,0.10636104340400646,0.16088037277221978,-0.054519329368213326,0.054519329368213326,False,False,,
true:shuffled,2a42fd0e123c455fbaeb1c5f03dba0b2,17,8da854b2bced46f7a59f39a4d42bbfd2,0.82400129861004,0.7722732767305645,0.05172802187947556,0.13596413862241163,0.19747470949030901,-0.06151057086789738,0.06151057086789738,False,False,,
true:shuffled,2a42fd0e123c455fbaeb1c5f03dba0b2,18,1e46c82d6a804cf1aaa9d2d6b5b5ef27,0.8060108859570551,0.7560943045600961,0.04991658139695898,0.14800595062725508,0.20939312371258323,-0.06138717308532815,0.06138717308532815,False,False,,
true:shuffled,2a42fd0e123c455fbaeb1c5f03dba0b2,20,d364275322c4483fbf86df22f0e7a315,0.8474587316875694,0.8114264240984226,0.03603230758914677,0.10002942242295214,0.13882245009926333,-0.038793027676311195,0.038793027676311195,False,False,,
true:shuffled,2a42fd0e123c455fbaeb1c5f03dba0b2,22,12f431b160be4858a51cced6955c37bd,0.8661715878042273,0.8435915783425835,0.022580009461643846,0.20069141145230124,0.16430608131587215,0.036385330136429084,-0.036385330136429084,False,False,,
true:shuffled,f3995943006145ca8a7bc375527f0aba,0,fdddd75ee1d94f14a09991988dab8b3e,1.0000000000000604,1.0000000000000604,0.0,0.0,0.0,0.0,0.0,False,False,,
true:shuffled,f3995943006145ca8a7bc375527f0aba,1,53121f39e1a0434d8431777a05de3eec,0.044619673272251435,0.044619673272251435,0.0,4.080478648394084,4.080478648394084,0.0,0.0,True,True,,
true:shuffled,f3995943006145ca8a7bc375527f0aba,2,872aeb79742f4cd5b6e069c36b007ace,0.0,0.0,0.0,8.161734497029313,8.161734497029313,0.0,0.0,True,True,,
true:shuffled,f3995943006145ca8a7bc375527f0aba,4,79a411ec3dc943bf94886ad9e539481d,0.0,0.0,0.0,16.64324118073164,16.64324118073164,0.0,0.0,True,True,,
true:shuffled,f3995943006145ca8a7bc375527f0aba,8,c4a4d1b455434dba879d5dcd1cc378d6,0.0,0.0,0.0,35.56675231167445,35.56675231167445,0.0,0.0,True,True,,
true:shuffled,f3995943006145ca8a7bc375527f0aba,9,e3bdfba683484a1ea09b7bb86e6be648,0.0,0.0,0.0,40.659191443658855,40.659191443658855,0.0,0.0,False,False,,
true:shuffled,f3995943006145ca8a7bc375527f0aba,10,e749c211df64486dafc86660a0b20eca,0.0,0.0,0.0,45.439274954769616,45.43934210628099,-6.715151137370867e-05,6.715151137370867e-05,False,False,,
true:shuffled,f3995943006145ca8a7bc375527f0aba,12,c502570cba9749f7bd89494803a52c02,0.0,0.0,0.0,55.04418566862321,55.044720520626555,-0.0005348520033479076,0.0005348520033479076,False,False,,
true:shuffled,f3995943006145ca8a7bc375527f0aba,15,bfbb3ba599ea450181210aa6000bad7f,0.0,0.0,0.0,69.40503312604189,69.40548822471632,-0.0004550986744362717,0.0004550986744362717,False,False,,
true:shuffled,2cc84e32d40647b185276f8d7baf5322,0,8da854b2bced46f7a59f39a4d42bbfd2,0.9999999999998277,0.9999999999998277,0.0,0.0,0.0,0.0,0.0,False,False,,
true:shuffled,2cc84e32d40647b185276f8d7baf5322,1,1e46c82d6a804cf1aaa9d2d6b5b5ef27,0.5785365402405713,0.5785423299474673,-5.789706896019986e-06,0.5722123072357275,0.5721847623915038,2.754484422362591e-05,-2.754484422362591e-05,False,False,,
true:shuffled,2cc84e32d40647b185276f8d7baf5322,2,029f10e7436740a0a04feab4ab3aeddc,0.5602141668656202,0.40240597151274216,0.15780819535287804,0.333763119913798,1.176623007552509,-0.842859887638711,0.842859887638711,False,False,,
true:shuffled,2cc84e32d40647b185276f8d7baf5322,3,d364275322c4483fbf86df22f0e7a315,0.5068199574997188,0.39041111497173214,0.11640884252798661,0.3997767764418578,0.9356743471980763,-0.5358975707562186,0.5358975707562186,False,False,,
true:shuffled,2cc84e32d40647b185276f8d7baf5322,4,c98b06812964464093b23c3734532d06,0.4588289172129867,0.46174124228295826,-0.0029123250699715775,0.4952278997123972,0.552694004887661,-0.05746610517526374,0.05746610517526374,False,False,,
true:shuffled,2cc84e32d40647b185276f8d7baf5322,5,12f431b160be4858a51cced6955c37bd,0.48202008238131794,0.3720851089969224,0.10993497338439556,0.55138122939625,1.107456996499065,-0.556075767102815,0.556075767102815,False,False,,
true:shuffled,d0f5aace57684923b8a44b554b006fb2,0,872aeb79742f4cd5b6e069c36b007ace,1.0000000000000515,1.0000000000000515,0.0,0.0,0.0,0.0,0.0,False,False,,
true:shuffled,d0f5aace57684923b8a44b554b006fb2,1,d2e315d29ed4468f802bf6ccfdbe6852,0.7758335588556698,0.7758335588556698,0.0,0.1880664776083491,0.1880664776083491,0.0,0.0,True,True,,
true:shuffled,d0f5aace57684923b8a44b554b006fb2,2,79a411ec3dc943bf94886ad9e539481d,0.735019629143712,0.735019629143712,0.0,0.2537983676943689,0.2537983676943689,0.0,0.0,False,False,,
true:shuffled,d0f5aace57684923b8a44b554b006fb2,4,139d5e756c1f461ba1f0c6ec46968e43,0.4004638451307362,0.4003495640823542,0.00011428104838195896,0.679428902999117,0.6798036217754135,-0.0003747187762965787,0.0003747187762965787,False,False,,
true:shuffled,d0f5aace57684923b8a44b554b006fb2,8,e749c211df64486dafc86660a0b20eca,0.29522748700843837,0.29506106471780086,0.00016642229063751346,0.8147280465821022,0.8152834042361463,-0.0005553576540441307,0.0005553576540441307,False,False,,
true:shuffled,d0f5aace57684923b8a44b554b006fb2,9,ab1f5ba71a2f42c89efefcbc6dffcfb7,0.2890382505308852,0.2888078819457295,0.000230368585155738,0.8151464882700387,0.815662815292974,-0.0005163270229353589,0.0005163270229353589,False,False,,
true:shuffled,d0f5aace57684923b8a44b554b006fb2,10,c502570cba9749f7bd89494803a52c02,0.2833169152114388,0.28241008327155837,0.0009068319398804481,0.8217735577801817,0.8230619697566496,-0.0012884119764678958,0.0012884119764678958,False,False,,
true:shuffled,d0f5aace57684923b8a44b554b006fb2,12,a977b0e797694036a9c40ab80f9d0ebc,0.2783589434644859,0.2774333492887974,0.0009255941756884933,0.8283927486090281,0.8295667363688273,-0.0011739877597991555,0.0011739877597991555,False,False,,
true:shuffled,d0f5aace57684923b8a44b554b006fb2,16,9e10d5419ffa43ce9f70766b4a5a0292,0.24898677820927723,0.24798115503936424,0.0010056231699129836,0.8845480594533254,0.8860043358032795,-0.0014562763499541553,0.0014562763499541553,False,False,,
true:shuffled,d0f5aace57684923b8a44b554b006fb2,17,12c5d6c3dc424561b9192b76b45af6fd,0.2412876734090142,0.24041680362724993,0.0008708697817642608,0.9035671878104704,0.9049162512004653,-0.0013490633899948534,0.0013490633899948534,False,False,,
true:shuffled,d0f5aace57684923b8a44b554b006fb2,18,882819f68f5e4be698694e673c71c6ab,0.24608532698034322,0.24526081254686852,0.000824514433474699,0.8944416877358764,0.8958494983391099,-0.0014078106032334725,0.0014078106032334725,False,False,,
true:shuffled,d0f5aace57684923b8a44b554b006fb2,20,69e5c0a974344a2b89e9e351a5b79461,0.25463577519321606,0.2533272612538117,0.0013085139394043432,0.8802470286617708,0.8820270767394192,-0.0017800480776483107,0.0017800480776483107,False,False,,
true:shuffled,d0f5aace57684923b8a44b554b006fb2,24,df7d0426da5346deae21136ea3cba58b,0.24496309851359307,0.2436192520244832,0.0013438464891098734,0.8964122656960192,0.8982059208532249,-0.0017936551572057535,0.0017936551572057535,False,False,,
true:shuffled,d0f5aace57684923b8a44b554b006fb2,25,ba7fb622e77447f6aa58ab1fff9ed0cf,0.24275012154537853,0.24125528357697387,0.0014948379684046609,0.9000951364339945,0.9019691189362009,-0.0018739825022063838,0.0018739825022063838,False,False,,
true:shuffled,d0f5aace57684923b8a44b554b006fb2,26,5087c0b3f84741178f42d668fbdf506f,0.25841247015096624,0.2566807592775482,0.0017317108734180575,0.8684108391800638,0.8708234712649606,-0.0024126320848968374,0.0024126320848968374,False,False,,
true:shuffled,d0f5aace57684923b8a44b554b006fb2,28,220b431fd37e436f98aa1c868eee5828,0.29013590047363136,0.2883143367960381,0.0018215636775932853,0.8101393468303331,0.8123996726443995,-0.002260325814066433,0.002260325814066433,False,False,,
true:shuffled,d0f5aace57684923b8a44b554b006fb2,32,8da854b2bced46f7a59f39a4d42bbfd2,0.3107021735638102,0.3086980890838133,0.0020040844799968927,0.7733923561009022,0.7756138156961311,-0.002221459595228903,0.002221459595228903,False,False,,
true:shuffled,d0f5aace57684923b8a44b554b006fb2,33,1e46c82d6a804cf1aaa9d2d6b5b5ef27,0.30848505882615557,0.30670182923558115,0.00178322959057442,0.7844742362512735,0.7863764836554593,-0.001902247404185764,0.001902247404185764,False,False,,
true:shuffled,d0f5aace57684923b8a44b554b006fb2,34,029f10e7436740a0a04feab4ab3aeddc,0.3026724518066093,0.3015829097280389,0.0010895420785703713,0.7992077828012597,0.8004582022300579,-0.0012504194287982218,0.0012504194287982218,False,False,,
true:shuffled,d0f5aace57684923b8a44b554b006fb2,36,c98b06812964464093b23c3734532d06,0.30735412604764306,0.3062188076039257,0.001135318443717337,0.7907403427698921,0.7920116589810992,-0.0012713162112070187,0.0012713162112070187,False,False,,
true:shuffled,84755505e70547af890aff9db860f692,0,c502570cba9749f7bd89494803a52c02,0.9999999999999859,0.9999999999999859,0.0,0.0,0.0,0.0,0.0,False,False,,
true:shuffled,84755505e70547af890aff9db860f692,1,274b134fb2324486ae253eb6e24f900d,0.9999999999999859,0.9999999999999859,0.0,0.0,0.0,0.0,0.0,True,True,,
true:shuffled,84755505e70547af890aff9db860f692,2,a977b0e797694036a9c40ab80f9d0ebc,0.9752842313395812,0.9752842313395812,0.0,0.025000000000000133,0.025000000000000133,0.0,0.0,True,True,,
true:shuffled,84755505e70547af890aff9db860f692,4,3e92d615685942dfab6edb5a0a7678e6,0.8638059701492423,0.8638059701492423,0.0,0.14600000000000013,0.14600000000000013,0.0,0.0,True,True,,
true:shuffled,84755505e70547af890aff9db860f692,8,882819f68f5e4be698694e673c71c6ab,0.9110473457675633,0.9110473457675633,0.0,0.09299999999999997,0.09299999999999997,0.0,0.0,True,True,,
true:shuffled,84755505e70547af890aff9db860f692,9,f6bf5986ca8a49c082c0e4d892de767c,0.9230028873917105,0.9230028873917105,0.0,0.08000000000000007,0.08000000000000007,0.0,0.0,True,True,,
true:shuffled,84755505e70547af890aff9db860f692,10,69e5c0a974344a2b89e9e351a5b79461,0.9312285052672531,0.9312285052672531,0.0,0.06465007113541263,0.06465007113541263,0.0,0.0,False,False,,
true:shuffled,84755505e70547af890aff9db860f692,12,c71884fb34d046258c12cf018513d8cc,0.9514326898691535,0.951410927557701,2.1762311452566685e-05,0.05795260727699598,0.05794584000041128,6.76727658469739e-06,-6.76727658469739e-06,False,False,,
true:shuffled,84755505e70547af890aff9db860f692,16,5087c0b3f84741178f42d668fbdf506f,0.9302135064884901,0.9302193291057925,-5.822617302420063e-06,0.08513729842819485,0.08511326886859064,2.402955960421893e-05,-2.402955960421893e-05,False,False,,
true:shuffled,84755505e70547af890aff9db860f692,17,13055b928600455db08cf9ae57d8d4c7,0.9019921531218307,0.902018081476432,-2.5928354601356673e-05,0.11175015430288911,0.11169387982959039,5.627447329871471e-05,-5.627447329871471e-05,False,False,,
true:shuffled,84755505e70547af890aff9db860f692,18,220b431fd37e436f98aa1c868eee5828,0.8746794405259305,0.8747089597139178,-2.951918798732578e-05,0.13749116394863356,0.13744519421380297,4.596973483059208e-05,-4.596973483059208e-05,False,False,,
true:shuffled,84755505e70547af890aff9db860f692,20,103914217786464998f1e48a2c20cef0,0.5749561389457492,0.5135159682962465,0.06144017064950269,1.0729402338128404,1.320014482115422,-0.24707424830258162,0.24707424830258162,False,False,,
true:shuffled,84755505e70547af890aff9db860f692,24,029f10e7436740a0a04feab4ab3aeddc,0.49914105091299316,0.4439524262052434,0.05518862470774977,1.4004668537862013,1.6498065637944508,-0.2493397100082495,0.2493397100082495,False,False,,
true:shuffled,84755505e70547af890aff9db860f692,25,d364275322c4483fbf86df22f0e7a315,0.46951559321198333,0.41685998116924455,0.052655612042738775,1.5452005207389012,1.7942942438693263,-0.2490937231304251,0.2490937231304251,False,False,,
true:shuffled,84755505e70547af890aff9db860f692,26,c98b06812964464093b23c3734532d06,0.4556711795026641,0.40439693238347557,0.05127424711918854,1.6140197960866352,1.8606632194573827,-0.24664342337074752,0.24664342337074752,False,False,,
true:shuffled,84755505e70547af890aff9db860f692,27,12f431b160be4858a51cced6955c37bd,0.39216961550257107,0.34615574237376623,0.04601387312880484,1.9521956009606185,2.197099121953543,-0.24490352099292445,0.24490352099292445,False,False,,
true:shuffled,349232409f354033b215b5e37c3312ab,0,882819f68f5e4be698694e673c71c6ab,0.9999999999999817,0.9999999999999817,0.0,0.0,0.0,0.0,0.0,False,False,,
true:shuffled,349232409f354033b215b5e37c3312ab,1,f6bf5986ca8a49c082c0e4d892de767c,0.9934506753990814,0.9934506753990814,0.0,0.008000000000000007,0.008000000000000007,0.0,0.0,True,True,,
true:shuffled,349232409f354033b215b5e37c3312ab,2,69e5c0a974344a2b89e9e351a5b79461,0.9991789819375845,0.9991789819375845,0.0,0.001000000000000112,0.001000000000000112,0.0,0.0,True,True,,
true:shuffled,349232409f354033b215b5e37c3312ab,4,c71884fb34d046258c12cf018513d8cc,0.9853240929473933,0.9853240929473933,0.0,0.018000000000000016,0.018000000000000016,0.0,0.0,True,True,,
true:shuffled,349232409f354033b215b5e37c3312ab,8,5087c0b3f84741178f42d668fbdf506f,0.9472211115553607,0.9472211115553607,0.0,0.06600000000000006,0.06600000000000006,0.0,0.0,True,True,,
true:shuffled,349232409f354033b215b5e37c3312ab,9,13055b928600455db08cf9ae57d8d4c7,0.9023437499999842,0.9023437499999842,0.0,0.125,0.125,0.0,0.0,True,True,,
true:shuffled,349232409f354033b215b5e37c3312ab,10,220b431fd37e436f98aa1c868eee5828,0.8839458413926349,0.8839458413926349,0.0,0.15000000000000013,0.15000000000000013,0.0,0.0,True,True,,
true:shuffled,349232409f354033b215b5e37c3312ab,12,103914217786464998f1e48a2c20cef0,0.7775417233255503,0.7775417233255503,0.0,0.29103192167199254,0.29103192167199254,0.0,0.0,False,False,,
true:shuffled,349232409f354033b215b5e37c3312ab,16,029f10e7436740a0a04feab4ab3aeddc,0.685554516646889,0.6855489817639855,5.534882903557303e-06,0.4310487682493655,0.4310424799132134,6.288336152071583e-06,-6.288336152071583e-06,False,False,,
true:shuffled,349232409f354033b215b5e37c3312ab,17,d364275322c4483fbf86df22f0e7a315,0.6746981152293058,0.6747038123071283,-5.697077822497398e-06,0.4391213887477164,0.439099170227752,2.2218519964367633e-05,-2.2218519964367633e-05,False,False,,
true:shuffled,349232409f354033b215b5e37c3312ab,18,c98b06812964464093b23c3734532d06,0.6651376562603254,0.6661550885349116,-0.001017432274586172,0.4466341173796748,0.44580416078952856,0.0008299565901462302,-0.0008299565901462302,False,False,,
true:shuffled,349232409f354033b215b5e37c3312ab,19,12f431b160be4858a51cced6955c37bd,0.656135966365984,0.657338665582081,-0.0012026992160969474,0.4536055975406802,0.45253225740012887,0.0010733401405513265,-0.0010733401405513265,False,False,,
true:shuffled,f7f666bf92c049bea8fabc42a8831005,0,12c5d6c3dc424561b9192b76b45af6fd,1.0000000000000264,1.0000000000000264,0.0,0.0,0.0,0.0,0.0,False,False,,
true:shuffled,f7f666bf92c049bea8fabc42a8831005,1,882819f68f5e4be698694e673c71c6ab,0.9927386742249945,0.9927707071177628,-3.203289276831889e-05,0.0046330804993731664,0.004608442491002132,2.4638008371034338e-05,-2.4638008371034338e-05,False,False,,
true:shuffled,f7f666bf92c049bea8fabc42a8831005,2,f6bf5986ca8a49c082c0e4d892de767c,0.9879505953949775,0.9879435274786355,7.067916342085034e-06,0.007943203787612863,0.007941390670824987,1.8131167878760596e-06,-1.8131167878760596e-06,False,False,,
true:shuffled,f7f666bf92c049bea8fabc42a8831005,4,519f1a02f21d43699ca1ada7ffd38726,0.9790261171799505,0.9790633926550979,-3.7275475147424686e-05,0.013770668897975858,0.013717946642199583,5.2722255776275e-05,-5.2722255776275e-05,False,False,,
true:shuffled,f7f666bf92c049bea8fabc42a8831005,8,ba7fb622e77447f6aa58ab1fff9ed0cf,0.9737507870151814,0.973893930726579,-0.00014314371139767523,0.01847758660974805,0.018105674047161933,0.0003719125625861186,-0.0003719125625861186,False,False,,
true:shuffled,f7f666bf92c049bea8fabc42a8831005,9,5087c0b3f84741178f42d668fbdf506f,0.9705557254682348,0.9706188736724464,-6.314820421160494e-05,0.019036121239816784,0.019009975744214185,2.6145495602598878e-05,-2.6145495602598878e-05,False,False,,
true:shuffled,f7f666bf92c049bea8fabc42a8831005,10,13055b928600455db08cf9ae57d8d4c7,0.965915180061303,0.9660935524799869,-0.00017837241868390308,0.022525597439967977,0.02257616768084631,-5.057024087833442e-05,5.057024087833442e-05,False,False,,
true:shuffled,f7f666bf92c049bea8fabc42a8831005,12,4abbc508bffb4f9b957a8ad2457db2e2,0.9600626313205328,0.9592847201531192,0.0007779111674136585,0.02657258173608252,0.026815620947109126,-0.00024303921102660636,0.00024303921102660636,False,False,,
true:shuffled,f7f666bf92c049bea8fabc42a8831005,16,1e46c82d6a804cf1aaa9d2d6b5b5ef27,0.955047147955188,0.9552362630369562,-0.00018911508176822078,0.03008236028554066,0.030250522399880585,-0.0001681621143399259,0.0001681621143399259,False,False,,
true:shuffled,f7f666bf92c049bea8fabc42a8831005,17,029f10e7436740a0a04feab4ab3aeddc,0.9514167994085639,0.9485011084058,0.0029156910027638983,0.031741801801796254,0.03375285479238286,-0.002011052990586605,0.002011052990586605,False,False,,
true:shuffled,f7f666bf92c049bea8fabc42a8831005,18,d364275322c4483fbf86df22f0e7a315,0.9492473590436659,0.9460245299545086,0.0032228290891572753,0.033127615511212585,0.035297537620304256,-0.002169922109091671,0.002169922109091671,False,False,,
true:shuffled,f7f666bf92c049bea8fabc42a8831005,19,c98b06812964464093b23c3734532d06,0.9484849995978845,0.9468528367291807,0.0016321628687037126,0.03436648588364346,0.035311508580259256,-0.0009450226966157965,0.0009450226966157965,False,False,,
true:shuffled,b9df4a8540da4a3a94d7911ead8c1bc8,0,df7d0426da5346deae21136ea3cba58b,1.0000000000000526,1.0000000000000526,0.0,0.0,0.0,0.0,0.0,False,False,,
true:shuffled,b9df4a8540da4a3a94d7911ead8c1bc8,1,ba7fb622e77447f6aa58ab1fff9ed0cf,0.6904341265831722,0.6900838127311749,0.0003503138519972415,0.47893206473470223,0.4796330389467058,-0.0007009742120035467,0.0007009742120035467,False,False,,
true:shuffled,b9df4a8540da4a3a94d7911ead8c1bc8,2,5087c0b3f84741178f42d668fbdf506f,0.659803586795039,0.7056368293031049,-0.04583324250806586,0.6039119090189655,0.4639620000849707,0.13994990893399484,-0.13994990893399484,False,False,,
true:shuffled,b9df4a8540da4a3a94d7911ead8c1bc8,4,220b431fd37e436f98aa1c868eee5828,0.5070019554098134,0.6158598406998215,-0.10885788529000806,0.7935248387053618,0.4209346933843887,0.3725901453209731,-0.3725901453209731,False,False,,
true:shuffled,b9df4a8540da4a3a94d7911ead8c1bc8,8,8da854b2bced46f7a59f39a4d42bbfd2,0.48981390152536297,0.5943414189080197,-0.10452751738265675,0.8121570403435107,0.4424239694852201,0.36973307085829055,-0.36973307085829055,False,False,,
true:shuffled,b9df4a8540da4a3a94d7911ead8c1bc8,9,1e46c82d6a804cf1aaa9d2d6b5b5ef27,0.49258554187708536,0.5974224513497354,-0.10483690947265001,0.8058363703719483,0.43571895009070205,0.3701174202812463,-0.3701174202812463,False,False,,
true:shuffled,06ff24b7f1e8479b934f1b74348028bc,0,21912d2aad7f45c98a54fad3bbea311f,0.9999999999999767,0.9999999999999767,0.0,0.0,0.0,0.0,0.0,False,False,,
true:shuffled,06ff24b7f1e8479b934f1b74348028bc,1,c4a4d1b455434dba879d5dcd1cc378d6,0.9035076866324058,0.9035040860221155,3.6006102902552684e-06,0.07894741602436922,0.07893685262461822,1.056339975100129e-05,-1.056339975100129e-05,False,False,,
true:shuffled,06ff24b7f1e8479b934f1b74348028bc,2,e3bdfba683484a1ea09b7bb86e6be648,0.5459429997937519,0.5684017966539374,-0.02245879686018548,0.5542775629568851,0.37991825833113363,0.1743593046257515,-0.1743593046257515,False,False,,
true:shuffled,06ff24b7f1e8479b934f1b74348028bc,4,ab1f5ba71a2f42c89efefcbc6dffcfb7,0.2614620764243518,0.4178119690858498,-0.15634989266149796,1.4319307921669742,0.6205789399598487,0.8113518522071255,-0.8113518522071255,False,False,,
true:shuffled,06ff24b7f1e8479b934f1b74348028bc,8,bfbb3ba599ea450181210aa6000bad7f,0.019564691210760803,0.3735401453485256,-0.35397545413776477,3.2801270047914426,0.7112148903244716,2.568912114466971,-2.568912114466971,False,False,,
true:shuffled,06ff24b7f1e8479b934f1b74348028bc,9,3e92d615685942dfab6edb5a0a7678e6,0.019564691210760803,0.35914657789224513,-0.3395818866814843,3.2801270047914426,0.7715241955659705,2.508602809225472,-2.508602809225472,True,False,,
true:shuffled,06ff24b7f1e8479b934f1b74348028bc,10,5b954ca864914a37aaaf0879249ace6a,0.019564691210760803,0.35483059146313056,-0.33526590025236974,3.2801270047914426,0.8661766107687763,2.4139503940226663,-2.4139503940226663,True,False,,
true:shuffled,06ff24b7f1e8479b934f1b74348028bc,12,12c5d6c3dc424561b9192b76b45af6fd,0.00013473337464395626,0.31616980684843415,-0.3160350734737902,3.5611398947985573,1.1166164691545584,2.444523425643999,-2.444523425643999,False,False,,
true:shuffled,06ff24b7f1e8479b934f1b74348028bc,16,519f1a02f21d43699ca1ada7ffd38726,0.0,0.3189314597465197,-0.3189314597465197,3.655138266698499,1.170773247540313,2.4843650191581856,-2.4843650191581856,False,False,,
true:shuffled,06ff24b7f1e8479b934f1b74348028bc,17,c71884fb34d046258c12cf018513d8cc,0.0,0.30858120037756226,-0.30858120037756226,3.729776526060338,1.2230477326336633,2.506728793426675,-2.506728793426675,False,False,,
true:shuffled,06ff24b7f1e8479b934f1b74348028bc,18,ee7d01fd902d4185a54112e1f1210e41,0.0,0.28573893160668046,-0.28573893160668046,3.7901102887786844,1.2768231957861198,2.513287092992565,-2.513287092992565,False,False,,
true:shuffled,06ff24b7f1e8479b934f1b74348028bc,20,ba7fb622e77447f6aa58ab1fff9ed0cf,0.0,0.20953891826190427,-0.20953891826190427,3.876707715258938,1.8103325916716924,2.0663751235872456,-2.0663751235872456,False,False,,
true:shuffled,06ff24b7f1e8479b934f1b74348028bc,24,4abbc508bffb4f9b957a8ad2457db2e2,0.0,0.13700598542548934,-0.13700598542548934,4.142172443380259,2.526129554952774,1.6160428884274851,-1.6160428884274851,False,False,,
true:shuffled,06ff24b7f1e8479b934f1b74348028bc,25,103914217786464998f1e48a2c20cef0,0.0,0.0,0.0,4.6969032958646055,3.7992610602455565,0.897642235619049,-0.897642235619049,False,False,,
true:shuffled,06ff24b7f1e8479b934f1b74348028bc,26,9f35db3dd17c41e4875c2f54bd71fc29,0.0,0.0,0.0,5.342424359708707,4.943241578818211,0.39918278089049597,-0.39918278089049597,False,False,,
true:shuffled,06ff24b7f1e8479b934f1b74348028bc,28,1e46c82d6a804cf1aaa9d2d6b5b5ef27,0.0,0.0,0.0,6.730806401256737,8.026605839539227,-1.295799438282491,1.295799438282491,False,False,,
true:shuffled,06ff24b7f1e8479b934f1b74348028bc,32,12f431b160be4858a51cced6955c37bd,0.0,0.0,0.0,8.998976092009721,10.338856663680478,-1.339880571670756,1.339880571670756,False,False,,
true:shuffled,96c353e8f14d4a63ba2b844d43cffc42,0,5b954ca864914a37aaaf0879249ace6a,1.0000000000000637,1.0000000000000637,0.0,0.0,0.0,0.0,0.0,False,False,,
true:shuffled,96c353e8f14d4a63ba2b844d43cffc42,1,9e10d5419ffa43ce9f70766b4a5a0292,0.9671064095426419,0.9670850306709884,2.1378871653543463e-05,0.028247812801592505,0.028257064240833435,-9.251439240930137e-06,9.251439240930137e-06,False,False,,
true:shuffled,96c353e8f14d4a63ba2b844d43cffc42,2,12c5d6c3dc424561b9192b76b45af6fd,0.8868936602337177,0.886827454998428,6.620523528977351e-05,0.10593707963881539,0.10597580860365509,-3.872896483969601e-05,3.872896483969601e-05,False,False,,
true:shuffled,96c353e8f14d4a63ba2b844d43cffc42,4,f6bf5986ca8a49c082c0e4d892de767c,0.9272997656134949,0.9272859332614932,1.3832352001696968e-05,0.06358748896792238,0.06363428110544374,-4.6792137521359245e-05,4.6792137521359245e-05,False,False,,
true:shuffled,96c353e8f14d4a63ba2b844d43cffc42,8,ee7d01fd902d4185a54112e1f1210e41,0.971924561915552,0.9721449159664463,-0.00022035405089426696,0.02849556397857888,0.028306068826464654,0.00018949515211422532,-0.00018949515211422532,False,False,,
true:shuffled,96c353e8f14d4a63ba2b844d43cffc42,9,df7d0426da5346deae21136ea3cba58b,0.9454527511228713,0.9460800051745545,-0.0006272540516831793,0.048541981608439144,0.04820800690086365,0.000333974707575492,-0.000333974707575492,False,False,,
true:shuffled,96c353e8f14d4a63ba2b844d43cffc42,10,ba7fb622e77447f6aa58ab1fff9ed0cf,0.9147586425190084,0.9161973487625886,-0.0014387062435802234,0.07147584858435896,0.07087700286050587,0.0005988457238530892,-0.0005988457238530892,False,False,,
true:shuffled,96c353e8f14d4a63ba2b844d43cffc42,12,13055b928600455db08cf9ae57d8d4c7,0.8388880014998545,0.8396556561444739,-0.0007676546446193644,0.12710425215157778,0.12674302600920898,0.00036122614236880346,-0.00036122614236880346,False,False,,
true:shuffled,96c353e8f14d4a63ba2b844d43cffc42,16,9f35db3dd17c41e4875c2f54bd71fc29,0.6005218248040473,0.4901402880559176,0.11038153674812967,0.3958000557167516,0.7051319518504021,-0.30933189613365053,0.30933189613365053,False,False,,
true:shuffled,96c353e8f14d4a63ba2b844d43cffc42,17,8da854b2bced46f7a59f39a4d42bbfd2,0.5723899494561219,0.46757821159583796,0.10481173786028392,0.43308400838400185,0.7253605840361458,-0.29227657565214393,0.29227657565214393,False,False,,
true:shuffled,96c353e8f14d4a63ba2b844d43cffc42,18,1e46c82d6a804cf1aaa9d2d6b5b5ef27,0.5725982726588628,0.46674034928348385,0.10585792337537892,0.43372322246912176,0.7285365305750814,-0.2948133081059596,0.2948133081059596,False,False,,
true:shuffled,96c353e8f14d4a63ba2b844d43cffc42,20,d364275322c4483fbf86df22f0e7a315,0.5892060661508643,0.4799667067495363,0.10923935940132806,0.4056694460426719,0.6696884136280757,-0.26401896758540383,0.26401896758540383,False,False,,
true:shuffled,96c353e8f14d4a63ba2b844d43cffc42,22,12f431b160be4858a51cced6955c37bd,0.6011767458598228,0.504204256817978,0.09697248904184486,0.3972338879411177,0.5742746245829432,-0.1770407366418255,0.1770407366418255,False,False,,
true:shuffled,eaaf60765ee8478f8e0bd4942571c6fb,0,53121f39e1a0434d8431777a05de3eec,1.0000000000001101,1.0000000000001101,0.0,0.0,0.0,0.0,0.0,False,False,,
true:shuffled,eaaf60765ee8478f8e0bd4942571c6fb,1,872aeb79742f4cd5b6e069c36b007ace,0.8374348727429344,0.8374366533376891,-1.7805947547522294e-06,0.1368717292535172,0.1368720727515286,-3.434980113958819e-07,3.434980113958819e-07,False,False,,
true:shuffled,eaaf60765ee8478f8e0bd4942571c6fb,2,d2e315d29ed4468f802bf6ccfdbe6852,0.9457221355985168,0.9458578326837815,-0.0001356970852647299,0.043383537964867394,0.04332130349066363,6.223447420376088e-05,-6.223447420376088e-05,False,False,,
true:shuffled,eaaf60765ee8478f8e0bd4942571c6fb,4,9181fe90f31b4740b36969e383506d40,0.6122731765507895,0.6122279752269749,4.5201323814580974e-05,0.3599649736651794,0.360093470749638,-0.00012849708445861197,0.00012849708445861197,False,False,,
true:shuffled,eaaf60765ee8478f8e0bd4942571c6fb,8,e3bdfba683484a1ea09b7bb86e6be648,0.3753305934904049,0.37537216562796855,-4.1572137563672396e-05,0.695585011153824,0.6955538100175382,3.120113628574117e-05,-3.120113628574117e-05,False,False,,
true:shuffled,eaaf60765ee8478f8e0bd4942571c6fb,9,e749c211df64486dafc86660a0b20eca,0.37849307762663187,0.37871952307512535,-0.00022644544849348414,0.683452022712657,0.6829873896983057,0.00046463301435129,-0.00046463301435129,False,False,,
true:shuffled,eaaf60765ee8478f8e0bd4942571c6fb,10,ab1f5ba71a2f42c89efefcbc6dffcfb7,0.35280182413395716,0.3531521694421883,-0.00035034530823113696,0.7214181643739653,0.7207816213396447,0.0006365430343205913,-0.0006365430343205913,False,False,,
true:shuffled,eaaf60765ee8478f8e0bd4942571c6fb,12,274b134fb2324486ae253eb6e24f900d,0.3256953092570838,0.325944813439436,-0.0002495041823522004,0.7662636663690316,0.7669448813982958,-0.0006812150292641039,0.0006812150292641039,False,False,,
true:shuffled,eaaf60765ee8478f8e0bd4942571c6fb,16,5b954ca864914a37aaaf0879249ace6a,0.2819507711037739,0.28206380476486476,-0.00011303366109083335,0.9204352886375184,0.9214213659151955,-0.0009860772776770776,0.0009860772776770776,False,False,,
true:shuffled,eaaf60765ee8478f8e0bd4942571c6fb,17,9e10d5419ffa43ce9f70766b4a5a0292,0.28046444152906863,0.28057534950721946,-0.00011090797815083153,0.9752865018525171,0.9764529846367105,-0.0011664827841934011,0.0011664827841934011,False,False,,
true:shuffled,eaaf60765ee8478f8e0bd4942571c6fb,18,12c5d6c3dc424561b9192b76b45af6fd,0.28306431089509426,0.2832669691369522,-0.0002026582418579448,0.9552410699270192,0.9568763549747648,-0.0016352850477455716,0.0016352850477455716,False,False,,
true:shuffled,eaaf60765ee8478f8e0bd4942571c6fb,20,f6bf5986ca8a49c082c0e4d892de767c,0.29514490610573146,0.29576360687352216,-0.0006187007677906919,0.8699013396353833,0.8724982070943348,-0.0025968674589514906,0.0025968674589514906,False,False,,
true:shuffled,eaaf60765ee8478f8e0bd4942571c6fb,24,ee7d01fd902d4185a54112e1f1210e41,0.2918674878442603,0.2926603862778023,-0.0007928984335419664,0.8809847644647953,0.8832576412886294,-0.0022728768238340358,0.0022728768238340358,False,False,,
true:shuffled,eaaf60765ee8478f8e0bd4942571c6fb,25,df7d0426da5346deae21136ea3cba58b,0.30321675304459306,0.30420160357817966,-0.000984850533586601,0.8093868587059538,0.8109256736336544,-0.0015388149277005825,0.0015388149277005825,False,False,,
true:shuffled,eaaf60765ee8478f8e0bd4942571c6fb,26,ba7fb622e77447f6aa58ab1fff9ed0cf,0.2991142886135254,0.2997459189817998,-0.0006316303682744051,0.8237429600357248,0.8249763127979873,-0.0012333527622625517,0.0012333527622625517,False,False,,
true:shuffled,eaaf60765ee8478f8e0bd4942571c6fb,28,13055b928600455db08cf9ae57d8d4c7,0.2932288448337455,0.293879877855492,-0.0006510330217465166,0.8580229539302119,0.8594717782888758,-0.0014488243586638916,0.0014488243586638916,False,False,,
true:shuffled,eaaf60765ee8478f8e0bd4942571c6fb,32,9f35db3dd17c41e4875c2f54bd71fc29,0.3165136130621358,0.3172523548134379,-0.0007387417513020633,0.7524724822068948,0.752804257752532,-0.0003317755456372362,0.0003317755456372362,False,False,,
true:shuffled,eaaf60765ee8478f8e0bd4942571c6fb,33,8da854b2bced46f7a59f39a4d42bbfd2,0.3218317361087692,0.32247959411400745,-0.0006478580052382554,0.736652773718115,0.7365047921881769,0.00014798152993811264,-0.00014798152993811264,False,False,,
true:shuffled,eaaf60765ee8478f8e0bd4942571c6fb,34,1e46c82d6a804cf1aaa9d2d6b5b5ef27,0.31823893166095135,0.318931163363271,-0.0006922317023196345,0.7435846785922875,0.7434846803188814,9.999827340612111e-05,-9.999827340612111e-05,False,False,,
true:shuffled,eaaf60765ee8478f8e0bd4942571c6fb,36,d364275322c4483fbf86df22f0e7a315,0.31190255970660447,0.31233814788973435,-0.0004355881831298869,0.7633639321076011,0.7635717759832953,-0.00020784387569416918,0.00020784387569416918,False,False,,
true:shuffled,eaaf60765ee8478f8e0bd4942571c6fb,38,12f431b160be4858a51cced6955c37bd,0.3195676302366285,0.3202600693338334,-0.0006924390972048999,0.736211055737939,0.7359875269923909,0.0002235287455480961,-0.0002235287455480961,False,False,,
true:shuffled,802bbdc22d21477f8803a39a5e7e98bf,0,69e5c0a974344a2b89e9e351a5b79461,0.9999999999999631,0.9999999999999631,0.0,0.0,0.0,0.0,0.0,False,False,,
true:shuffled,802bbdc22d21477f8803a39a5e7e98bf,1,519f1a02f21d43699ca1ada7ffd38726,0.6148940058398288,0.6148940058398288,0.0,0.7602657430135493,0.7602657430135493,0.0,0.0,True,True,,
true:shuffled,802bbdc22d21477f8803a39a5e7e98bf,2,c71884fb34d046258c12cf018513d8cc,0.6645599288882117,0.6645599288882117,0.0,0.5695267096833841,0.5695267096833841,0.0,0.0,False,False,,
true:shuffled,802bbdc22d21477f8803a39a5e7e98bf,3,ee7d01fd902d4185a54112e1f1210e41,0.7143170930225715,0.7143361623145634,-1.9069291991913317e-05,0.39520320581969565,0.39519721905799515,5.986761700493837e-06,-5.986761700493837e-06,False,False,,
true:shuffled,802bbdc22d21477f8803a39a5e7e98bf,4,df7d0426da5346deae21136ea3cba58b,0.7669425978327847,0.7669527984581073,-1.0200625322531742e-05,0.23776445900868654,0.2377682604324017,-3.801423715171781e-06,3.801423715171781e-06,False,False,,
true:shuffled,802bbdc22d21477f8803a39a5e7e98bf,6,5087c0b3f84741178f42d668fbdf506f,0.6912792254103441,0.6913438677707086,-6.464236036440862e-05,0.29338854908764994,0.2932498614015482,0.0001386876861017572,-0.0001386876861017572,False,False,,
true:shuffled,802bbdc22d21477f8803a39a5e7e98bf,7,13055b928600455db08cf9ae57d8d4c7,0.7810965822459749,0.7811163587130334,-1.9776467058529867e-05,0.2778365479810061,0.2777085766982201,0.00012797128278602132,-0.00012797128278602132,False,False,,
true:shuffled,ebb251e1e8b144c697dc28c22bb44b13,0,9f35db3dd17c41e4875c2f54bd71fc29,0.9999999999999625,0.9999999999999625,0.0,0.0,0.0,0.0,0.0,False,False,,
true:shuffled,ebb251e1e8b144c697dc28c22bb44b13,1,8da854b2bced46f7a59f39a4d42bbfd2,0.8560194656719999,0.8560194656719999,0.0,0.14968299836667684,0.14968299836667684,0.0,0.0,True,True,,
true:shuffled,ebb251e1e8b144c697dc28c22bb44b13,2,1e46c82d6a804cf1aaa9d2d6b5b5ef27,0.9227067545142791,0.9227067545142791,0.0,0.08670063436901676,0.08670063436901676,0.0,0.0,True,True,,
true:shuffled,ebb251e1e8b144c697dc28c22bb44b13,3,029f10e7436740a0a04feab4ab3aeddc,0.738055049778422,0.738055049778422,0.0,0.28130374180442613,0.28130374180442613,0.0,0.0,False,False,,
true:shuffled,ebb251e1e8b144c697dc28c22bb44b13,4,d364275322c4483fbf86df22f0e7a315,0.6704139302034782,0.6704029452239249,1.0984979553319008e-05,0.2551998035539686,0.25520905199117455,-9.248437205955362e-06,9.248437205955362e-06,False,False,,
true:shuffled,ebb251e1e8b144c697dc28c22bb44b13,5,c98b06812964464093b23c3734532d06,0.5733601511927691,0.572582650470482,0.0007775007222871055,0.3716409316344561,0.37246746871865377,-0.0008265370841976649,0.0008265370841976649,False,False,,
true:shuffled,377df4ee88ec46c9be892080557263f6,0,3e92d615685942dfab6edb5a0a7678e6,0.9999999999998641,0.9999999999998641,0.0,0.0,0.0,0.0,0.0,False,False,,
true:shuffled,377df4ee88ec46c9be892080557263f6,1,5b954ca864914a37aaaf0879249ace6a,0.9841112214497183,0.9841112214497183,0.0,0.016000000000000014,0.016000000000000014,0.0,0.0,True,True,,
true:shuffled,377df4ee88ec46c9be892080557263f6,2,9e10d5419ffa43ce9f70766b4a5a0292,0.9920239282152195,0.9920239282152195,0.0,0.008000000000000007,0.008000000000000007,0.0,0.0,True,True,,
true:shuffled,377df4ee88ec46c9be892080557263f6,4,882819f68f5e4be698694e673c71c6ab,0.9511718749998737,0.9511718749998737,0.0,0.050000000000000044,0.050000000000000044,0.0,0.0,True,True,,
true:shuffled,377df4ee88ec46c9be892080557263f6,8,c71884fb34d046258c12cf018513d8cc,0.9511718749998737,0.9511718749998737,0.0,0.050000000000000044,0.050000000000000044,0.0,0.0,True,True,,
true:shuffled,377df4ee88ec46c9be892080557263f6,9,ee7d01fd902d4185a54112e1f1210e41,0.9865353551162196,0.9865353551162196,0.0,0.020169120751069834,0.020169120751069834,0.0,0.0,False,False,,
true:shuffled,377df4ee88ec46c9be892080557263f6,10,df7d0426da5346deae21136ea3cba58b,0.9256073644290255,0.9255531221248,5.424230422546028e-05,0.07160333632431315,0.0716542715581338,-5.0935233820645354e-05,5.0935233820645354e-05,False,False,,
true:shuffled,377df4ee88ec46c9be892080557263f6,12,5087c0b3f84741178f42d668fbdf506f,0.8271180214810661,0.827081513167734,3.650831333201765e-05,0.17401952394385467,0.17404640513273964,-2.6881188884969598e-05,2.6881188884969598e-05,False,False,,
true:shuffled,377df4ee88ec46c9be892080557263f6,16,103914217786464998f1e48a2c20cef0,0.7476738724219383,0.7474967162725237,0.00017715614941460345,0.26830941236536704,0.26850611524266005,-0.00019670287729300906,0.00019670287729300906,False,False,,
true:shuffled,377df4ee88ec46c9be892080557263f6,17,9f35db3dd17c41e4875c2f54bd71fc29,0.6975041948990675,0.6972565150387979,0.00024767986026952293,0.33225916491393703,0.3325709463804412,-0.0003117814665041796,0.0003117814665041796,False,False,,
true:shuffled,377df4ee88ec46c9be892080557263f6,18,8da854b2bced46f7a59f39a4d42bbfd2,0.6935359754731235,0.6937079980723366,-0.00017202259921311747,0.3358031540491384,0.3356256959510116,0.0001774580981268037,-0.0001774580981268037,False,False,,
true:shuffled,377df4ee88ec46c9be892080557263f6,20,029f10e7436740a0a04feab4ab3aeddc,0.6260077079223496,0.6255886389358727,0.0004190689864769226,0.42447796962967965,0.42504412642294864,-0.0005661567932689904,0.0005661567932689904,False,False,,
true:shuffled,377df4ee88ec46c9be892080557263f6,23,12f431b160be4858a51cced6955c37bd,0.5411946351190404,0.5404474602436576,0.0007471748753827834,0.5410269930943141,0.5421050564852853,-0.0010780633909711623,0.0010780633909711623,False,False,,
true:shuffled,9c5151b34911482f8155ab55c3f5d32f,0,53121f39e1a0434d8431777a05de3eec,0.9999999999999899,0.9999999999999899,0.0,0.0,0.0,0.0,0.0,False,False,,
true:shuffled,9c5151b34911482f8155ab55c3f5d32f,1,872aeb79742f4cd5b6e069c36b007ace,0.13883095639744517,0.13893032563765903,-9.936924021386462e-05,3.678706629558074,3.677974438919917,0.0007321906381569931,-0.0007321906381569931,False,False,,
true:shuffled,9c5151b34911482f8155ab55c3f5d32f,2,d2e315d29ed4468f802bf6ccfdbe6852,0.0,0.0,0.0,8.240967648771004,8.240462970624984,0.0005046781460205096,-0.0005046781460205096,False,False,,
true:shuffled,9c5151b34911482f8155ab55c3f5d32f,4,9181fe90f31b4740b36969e383506d40,0.0,0.0,0.0,16.95714403967938,16.699613843258426,0.2575301964209551,-0.2575301964209551,False,False,,
true:shuffled,9c5151b34911482f8155ab55c3f5d32f,8,e3bdfba683484a1ea09b7bb86e6be648,0.0,0.0,0.0,36.26799604819927,35.08557920031058,1.182416847888689,-1.182416847888689,False,False,,
true:shuffled,9c5151b34911482f8155ab55c3f5d32f,9,e749c211df64486dafc86660a0b20eca,0.0,0.0,0.0,41.356249262734956,40.16671274147788,1.1895365212570752,-1.1895365212570752,False,False,,
true:shuffled,9c5151b34911482f8155ab55c3f5d32f,10,ab1f5ba71a2f42c89efefcbc6dffcfb7,0.0,0.0,0.0,46.874827721511075,45.684662834054926,1.1901648874561488,-1.1901648874561488,False,False,,
true:shuffled,3620feb00d744241a94855f3a8913a78,0,79a411ec3dc943bf94886ad9e539481d,0.999999999999944,0.999999999999944,0.0,0.0,0.0,0.0,0.0,False,False,,
true:shuffled,3620feb00d744241a94855f3a8913a78,1,9181fe90f31b4740b36969e383506d40,0.8553124826374762,0.8560107325203626,-0.0006982498828864703,0.09916087279697869,0.09855290698804813,0.0006079658089305634,-0.0006079658089305634,False,False,,
true:shuffled,3620feb00d744241a94855f3a8913a78,2,139d5e756c1f461ba1f0c6ec46968e43,0.6794463700890924,0.6805828157639381,-0.0011364456748457208,0.274107173358037,0.27343322436787504,0.0006739489901619877,-0.0006739489901619877,False,False,,
true:shuffled,3620feb00d744241a94855f3a8913a78,4,c4a4d1b455434dba879d5dcd1cc378d6,0.49334621440364496,0.4939420186230482,-0.0005958042194032509,0.5004283249308993,0.5001095763419068,0.00031874858899250125,-0.00031874858899250125,False,False,,
true:shuffled,3620feb00d744241a94855f3a8913a78,8,c502570cba9749f7bd89494803a52c02,0.423258580976879,0.47082172401987016,-0.04756314304299114,0.5927766219258116,0.5303060163872689,0.06247060553854267,-0.06247060553854267,False,False,,
true:shuffled,3620feb00d744241a94855f3a8913a78,9,274b134fb2324486ae253eb6e24f900d,0.41248815869600625,0.4595380572354063,-0.04704989853940006,0.620407391385761,0.5554323605350475,0.06497503085071343,-0.06497503085071343,False,False,,
true:shuffled,3620feb00d744241a94855f3a8913a78,10,a977b0e797694036a9c40ab80f9d0ebc,0.40248233588913557,0.44886830719626625,-0.04638597130713068,0.6483482423955634,0.5814338214799931,0.06691442091557032,-0.06691442091557032,False,False,,
true:shuffled,3620feb00d744241a94855f3a8913a78,12,3e92d615685942dfab6edb5a0a7678e6,0.3946107122423379,0.43882392324225217,-0.044213210999914265,0.6458045662146906,0.5820332035617033,0.06377136265298733,-0.06377136265298733,False,False,,
true:shuffled,3620feb00d744241a94855f3a8913a78,16,882819f68f5e4be698694e673c71c6ab,0.43055059398291745,0.47511528768067685,-0.044564693697759394,0.5782550164446577,0.5176718154894493,0.060583200955208416,-0.060583200955208416,False,False,,
true:shuffled,3620feb00d744241a94855f3a8913a78,17,f6bf5986ca8a49c082c0e4d892de767c,0.4186719677337905,0.4604129102502558,-0.04174094251646532,0.5972939911585375,0.5390043984475016,0.058289592711035954,-0.058289592711035954,False,False,,
true:shuffled,3620feb00d744241a94855f3a8913a78,18,69e5c0a974344a2b89e9e351a5b79461,0.40558054873666105,0.4464949443379067,-0.04091439560124566,0.6185082262157438,0.5597287615433358,0.05877946467240791,-0.05877946467240791,False,False,,
true:shuffled,3620feb00d744241a94855f3a8913a78,20,c71884fb34d046258c12cf018513d8cc,0.39646330446639266,0.43579015433896184,-0.03932684987256918,0.6437173361842047,0.5813925306165659,0.06232480556763875,-0.06232480556763875,False,False,,
true:shuffled,3620feb00d744241a94855f3a8913a78,24,5087c0b3f84741178f42d668fbdf506f,0.3903405405115285,0.4274628373961028,-0.0371222968845743,0.6756998092925254,0.614060311533102,0.061639497759423345,-0.061639497759423345,False,False,,
true:shuffled,3620feb00d744241a94855f3a8913a78,25,13055b928600455db08cf9ae57d8d4c7,0.40969652140624413,0.4477601820911418,-0.03806366068489769,0.652074828577006,0.5895900877300475,0.06248474084695854,-0.06248474084695854,False,False,,
true:shuffled,3620feb00d744241a94855f3a8913a78,26,220b431fd37e436f98aa1c868eee5828,0.4283865696552955,0.46761099009836826,-0.03922442044307278,0.632738726355476,0.5702517610178551,0.06248696533762088,-0.06248696533762088,False,False,,
true:shuffled,3620feb00d744241a94855f3a8913a78,28,103914217786464998f1e48a2c20cef0,0.44939582463643624,0.48799360296456007,-0.03859777832812383,0.6156780516171086,0.553666504849089,0.062011546768019676,-0.062011546768019676,False,False,,
true:shuffled,3620feb00d744241a94855f3a8913a78,32,029f10e7436740a0a04feab4ab3aeddc,0.41494878146495495,0.5488085308826718,-0.13385974941771683,0.6736221793545517,0.5013677145853999,0.17225446476915185,-0.17225446476915185,False,False,,
true:shuffled,3620feb00d744241a94855f3a8913a78,33,d364275322c4483fbf86df22f0e7a315,0.41528074871613496,0.5405899967563702,-0.12530924804023524,0.6800971423164006,0.5072933160267843,0.17280382628961632,-0.17280382628961632,False,False,,
true:shuffled,3620feb00d744241a94855f3a8913a78,34,c98b06812964464093b23c3734532d06,0.4333481574165119,0.5644116551925774,-0.13106349777606552,0.6141119811626128,0.43175696632745175,0.18235501483516103,-0.18235501483516103,False,False,,
true:shuffled,6346de1c47584b34833d6df500d2ed6c,0,c502570cba9749f7bd89494803a52c02,0.9999999999998533,0.9999999999998533,0.0,0.0,0.0,0.0,0.0,False,False,,
true:shuffled,6346de1c47584b34833d6df500d2ed6c,1,274b134fb2324486ae253eb6e24f900d,0.9724927971810661,0.9717018585157863,0.0007909386652797945,0.04041284583179408,0.0426276038110813,-0.0022147579792872185,0.0022147579792872185,False,False,,
true:shuffled,6346de1c47584b34833d6df500d2ed6c,2,a977b0e797694036a9c40ab80f9d0ebc,0.9466441108245058,0.9463653866125219,0.0002787242119839384,0.07873597458855297,0.07976845825541737,-0.0010324836668643977,0.0010324836668643977,False,False,,
true:shuffled,6346de1c47584b34833d6df500d2ed6c,4,3e92d615685942dfab6edb5a0a7678e6,0.9748666293784791,0.9763448948715882,-0.0014782654931090322,0.016457383036803414,0.01571112087698343,0.0007462621598199846,-0.0007462621598199846,False,False,,
true:shuffled,6346de1c47584b34833d6df500d2ed6c,8,882819f68f5e4be698694e673c71c6ab,0.8988418288352882,0.9284307907926378,-0.029588961957349613,0.06345582512466151,0.05396515439439472,0.009490670730266791,-0.009490670730266791,False,False,,
true:shuffled,6346de1c47584b34833d6df500d2ed6c,9,f6bf5986ca8a49c082c0e4d892de767c,0.8560026063490167,0.8845987290715869,-0.028596122722570172,0.09251809007848087,0.09133261310969923,0.001185476968781643,-0.001185476968781643,False,False,,
true:shuffled,6346de1c47584b34833d6df500d2ed6c,10,69e5c0a974344a2b89e9e351a5b79461,0.7974711595737694,0.8220498685605618,-0.024578708986792486,0.1362259793411312,0.13917709008491502,-0.002951110743783819,0.002951110743783819,False,False,,
true:shuffled,6346de1c47584b34833d6df500d2ed6c,12,c71884fb34d046258c12cf018513d8cc,0.7077165535554104,0.7276264917992261,-0.019909938243815706,0.22152395088004848,0.22892784058868448,-0.007403889708636008,0.007403889708636008,False,False,,
true:shuffled,6346de1c47584b34833d6df500d2ed6c,16,5087c0b3f84741178f42d668fbdf506f,0.6933093422462496,0.7124308794396313,-0.01912153719338172,0.23616262132491997,0.24300005293046859,-0.006837431605548616,0.006837431605548616,False,False,,
true:shuffled,6346de1c47584b34833d6df500d2ed6c,17,13055b928600455db08cf9ae57d8d4c7,0.7589555421333992,0.7612611311040156,-0.00230558897061639,0.19667543051157887,0.2077938134474646,-0.011118382935885712,0.011118382935885712,False,False,,
true:shuffled,6346de1c47584b34833d6df500d2ed6c,18,220b431fd37e436f98aa1c868eee5828,0.7212057931959719,0.685091392267121,0.036114400928850876,0.25899188301563797,0.3073430206199104,-0.048351137604272454,0.048351137604272454,False,False,,
true:shuffled,6346de1c47584b34833d6df500d2ed6c,20,103914217786464998f1e48a2c20cef0,0.6687450377146746,0.6428317776206729,0.025913260094001744,0.36858375063611637,0.4155213078662279,-0.046937557230111504,0.046937557230111504,False,False,,
true:shuffled,6346de1c47584b34833d6df500d2ed6c,23,1e46c82d6a804cf1aaa9d2d6b5b5ef27,0.678935825788529,0.6592441123349975,0.01969171345353149,0.3721895388301671,0.4216536799988338,-0.04946414116866671,0.04946414116866671,False,False,,
true:shuffled,db7d65690f2e412e887468596e2ddabf,0,9e10d5419ffa43ce9f70766b4a5a0292,1.0000000000001728,1.0000000000001728,0.0,0.0,0.0,0.0,0.0,False,False,,
true:shuffled,db7d65690f2e412e887468596e2ddabf,1,12c5d6c3dc424561b9192b76b45af6fd,0.9848347326991048,0.985009334446263,-0.00017460174715822063,0.011822714961301085,0.01182155903447246,1.1559268286252117e-06,-1.1559268286252117e-06,False,False,,
true:shuffled,db7d65690f2e412e887468596e2ddabf,2,882819f68f5e4be698694e673c71c6ab,0.9730299469731051,0.9722702674033532,0.0007596795697518699,0.022669095940492677,0.023343251384794986,-0.0006741554443023094,0.0006741554443023094,False,False,,
true:shuffled,db7d65690f2e412e887468596e2ddabf,4,69e5c0a974344a2b89e9e351a5b79461,0.9515913108839105,0.9512682108258323,0.0003231000580781185,0.039862774751297195,0.040450010089311074,-0.0005872353380138792,0.0005872353380138792,False,False,,
true:shuffled,db7d65690f2e412e887468596e2ddabf,8,df7d0426da5346deae21136ea3cba58b,0.9168108558012158,0.9174588124049794,-0.0006479566037635998,0.061702135940900814,0.06147351014589835,0.00022862579500246283,-0.00022862579500246283,False,False,,
true:shuffled,db7d65690f2e412e887468596e2ddabf,9,ba7fb622e77447f6aa58ab1fff9ed0cf,0.8934064601832039,0.8948044615173336,-0.001398001334129706,0.07539490540929879,0.07457140298495804,0.0008235024243407468,-0.0008235024243407468,False,False,,
true:shuffled,db7d65690f2e412e887468596e2ddabf,10,5087c0b3f84741178f42d668fbdf506f,0.7855567058027244,0.7853812665426037,0.00017543926012075772,0.16011546963900566,0.16020280817825264,-8.733853924697277e-05,8.733853924697277e-05,False,False,,
true:shuffled,db7d65690f2e412e887468596e2ddabf,12,220b431fd37e436f98aa1c868eee5828,0.7597308712872728,0.7580385873568726,0.001692283930400218,0.18614059334344346,0.18730151196853823,-0.0011609186250947645,0.0011609186250947645,False,False,,
true:shuffled,db7d65690f2e412e887468596e2ddabf,16,8da854b2bced46f7a59f39a4d42bbfd2,0.5998209532970773,0.5969954796917007,0.0028254736053765495,0.39701966562797014,0.3990236201977558,-0.0020039545697856376,0.0020039545697856376,False,False,,
true:shuffled,db7d65690f2e412e887468596e2ddabf,17,1e46c82d6a804cf1aaa9d2d6b5b5ef27,0.6138368619408222,0.6104068152039631,0.0034300467368590937,0.3743515113204525,0.3768040185155228,-0.002452507195070286,0.002452507195070286,False,False,,
true:shuffled,db7d65690f2e412e887468596e2ddabf,18,029f10e7436740a0a04feab4ab3aeddc,0.630795459121864,0.6271698512262972,0.0036256078955667626,0.3505342790114866,0.3530962659578762,-0.002561986946389594,0.002561986946389594,False,False,,
true:shuffled,db7d65690f2e412e887468596e2ddabf,20,c98b06812964464093b23c3734532d06,0.5967323014500342,0.5930833665039636,0.003648934946070548,0.3826113543240383,0.38605972474551103,-0.003448370421472724,0.003448370421472724,False,False,,
true:shuffled,db7d65690f2e412e887468596e2ddabf,21,12f431b160be4858a51cced6955c37bd,0.5818179598246447,0.5789033578130885,0.0029146020115561333,0.40674033142424953,0.408669478674408,-0.0019291472501584694,0.0019291472501584694,False,False,,
true:shuffled,0bfc7d407d09490cba7ac57897fcb100,0,274b134fb2324486ae253eb6e24f900d,1.0000000000000284,1.0000000000000284,0.0,0.0,0.0,0.0,0.0,False,False,,
true:shuffled,0bfc7d407d09490cba7ac57897fcb100,1,a977b0e797694036a9c40ab80f9d0ebc,0.9951030722673384,0.9939430602080941,0.0011600120592443197,0.007525443235291496,0.006212232534350347,0.0013132107009411493,-0.0013132107009411493,False,False,,
true:shuffled,0bfc7d407d09490cba7ac57897fcb100,2,bfbb3ba599ea450181210aa6000bad7f,0.9887158847414868,0.9871727576600892,0.0015431270813975884,0.009668607026177445,0.010083866183781794,-0.00041525915760434913,0.00041525915760434913,False,False,,
true:shuffled,0bfc7d407d09490cba7ac57897fcb100,4,5b954ca864914a37aaaf0879249ace6a,0.8636173925223549,0.8638199778572808,-0.0002025853349258977,0.1409030768240301,0.1407707262606403,0.00013235056338981033,-0.00013235056338981033,False,False,,
true:shuffled,0bfc7d407d09490cba7ac57897fcb100,8,f6bf5986ca8a49c082c0e4d892de767c,0.7304350573241575,0.7326282133349523,-0.002193156010794839,0.34970778586526385,0.3424987110268621,0.007209074838401774,-0.007209074838401774,False,False,,
true:shuffled,0bfc7d407d09490cba7ac57897fcb100,9,69e5c0a974344a2b89e9e351a5b79461,0.7344138987970078,0.7368193097556446,-0.002405410958636778,0.3500124029993988,0.34182128786174765,0.00819111513765114,-0.00819111513765114,False,False,,
true:shuffled,0bfc7d407d09490cba7ac57897fcb100,10,519f1a02f21d43699ca1ada7ffd38726,0.7317093452937957,0.7373593333706788,-0.005649988076883106,0.36629475015411783,0.3505667424672758,0.015728007686842016,-0.015728007686842016,False,False,,
true:shuffled,0bfc7d407d09490cba7ac57897fcb100,12,ee7d01fd902d4185a54112e1f1210e41,0.7257734371111675,0.7311744458658219,-0.005401008754654435,0.35295984019188253,0.34153007192275137,0.011429768269131169,-0.011429768269131169,False,False,,
true:shuffled,0bfc7d407d09490cba7ac57897fcb100,16,13055b928600455db08cf9ae57d8d4c7,0.7013170332717205,0.6910602662656494,0.010256767006071033,0.4070542366961555,0.4087579443157915,-0.001703707619636008,0.001703707619636008,False,False,,
true:shuffled,0bfc7d407d09490cba7ac57897fcb100,17,220b431fd37e436f98aa1c868eee5828,0.7701433692146071,0.755196378478389,0.01494699073621808,0.21179512431103115,0.22374408544865731,-0.011948961137626168,0.011948961137626168,False,False,,
true:shuffled,0bfc7d407d09490cba7ac57897fcb100,18,4abbc508bffb4f9b957a8ad2457db2e2,0.8075316105197539,0.7981335094463334,0.009398101073420428,0.13813549758470894,0.14305370082332788,-0.00491820323861894,0.00491820323861894,False,False,,
true:shuffled,0bfc7d407d09490cba7ac57897fcb100,20,9f35db3dd17c41e4875c2f54bd71fc29,0.7993230688751575,0.7865528171819471,0.012770251693210333,0.14591945099936926,0.15408352665611336,-0.008164075656744096,0.008164075656744096,False,False,,
true:shuffled,0bfc7d407d09490cba7ac57897fcb100,24,d364275322c4483fbf86df22f0e7a315,0.7960373659178971,0.7833804849782843,0.012656880939612813,0.150984176182097,0.15930198185974098,-0.00831780567764398,0.00831780567764398,False,False,,
true:shuffled,045cd82a77a1472499e8c15100cb5ff3,0,9181fe90f31b4740b36969e383506d40,1.0000000000000862,1.0000000000000862,0.0,0.0,0.0,0.0,0.0,False,False,,
true:shuffled,045cd82a77a1472499e8c15100cb5ff3,1,139d5e756c1f461ba1f0c6ec46968e43,0.27738118282708674,0.27738118282708674,0.0,2.234194709509468,2.234194709509468,0.0,0.0,True,True,,
true:shuffled,045cd82a77a1472499e8c15100cb5ff3,2,21912d2aad7f45c98a54fad3bbea311f,0.021820799122386447,0.021820799122386447,0.0,4.4509232750071686,4.4509232750071686,0.0,0.0,True,True,,
true:shuffled,045cd82a77a1472499e8c15100cb5ff3,4,e3bdfba683484a1ea09b7bb86e6be648,0.0,0.0,0.0,8.891730540226662,8.891730540226662,0.0,0.0,True,True,,
true:shuffled,045cd82a77a1472499e8c15100cb5ff3,8,274b134fb2324486ae253eb6e24f900d,0.0,0.0,0.0,10.16419053426676,10.16419053426676,0.0,0.0,False,False,,
true:shuffled,045cd82a77a1472499e8c15100cb5ff3,9,a977b0e797694036a9c40ab80f9d0ebc,0.0,0.0,0.0,10.108741092513158,10.108728102294286,1.2990218872133141e-05,-1.2990218872133141e-05,False,False,,
true:shuffled,045cd82a77a1472499e8c15100cb5ff3,10,bfbb3ba599ea450181210aa6000bad7f,0.0,0.0,0.0,10.057782296088389,10.057771408195805,1.0887892583966163e-05,-1.0887892583966163e-05,False,False,,
true:shuffled,045cd82a77a1472499e8c15100cb5ff3,12,5b954ca864914a37aaaf0879249ace6a,0.0,0.0,0.0,10.660572554654356,10.660550333018811,2.2221635544994456e-05,-2.2221635544994456e-05,False,False,,
true:shuffled,045cd82a77a1472499e8c15100cb5ff3,16,f6bf5986ca8a49c082c0e4d892de767c,0.0,0.0,0.0,12.655884640590562,12.661002519818313,-0.0051178792277504215,0.0051178792277504215,False,False,,
true:shuffled,045cd82a77a1472499e8c15100cb5ff3,17,69e5c0a974344a2b89e9e351a5b79461,0.0,0.0,0.0,12.85967937668567,12.846168179392956,0.013511197292713106,-0.013511197292713106,False,False,,
true:shuffled,045cd82a77a1472499e8c15100cb5ff3,18,519f1a02f21d43699ca1ada7ffd38726,0.0,0.0,0.0,13.1339452793197,13.118961842192189,0.014983437127511934,-0.014983437127511934,False,False,,
true:shuffled,045cd82a77a1472499e8c15100cb5ff3,20,ee7d01fd902d4185a54112e1f1210e41,0.0,0.0,0.0,13.476418897416993,13.461819005054883,0.014599892362110012,-0.014599892362110012,False,False,,
true:shuffled,045cd82a77a1472499e8c15100cb5ff3,24,13055b928600455db08cf9ae57d8d4c7,0.0,0.0,0.0,13.714257114001086,13.701570535388768,0.01268657861231759,-0.01268657861231759,False,False,,
true:shuffled,045cd82a77a1472499e8c15100cb5ff3,25,220b431fd37e436f98aa1c868eee5828,0.0,0.0,0.0,13.771155260371009,13.759677102804059,0.011478157566950031,-0.011478157566950031,False,False,,
true:shuffled,045cd82a77a1472499e8c15100cb5ff3,26,4abbc508bffb4f9b957a8ad2457db2e2,0.0,0.0,0.0,14.0576520692497,14.04735559743569,0.010296471814010388,-0.010296471814010388,False,False,,
true:shuffled,045cd82a77a1472499e8c15100cb5ff3,28,9f35db3dd17c41e4875c2f54bd71fc29,0.0,0.0,0.0,14.623503640120486,14.61564613329353,0.007857506826955074,-0.007857506826955074,False,False,,
true:shuffled,045cd82a77a1472499e8c15100cb5ff3,32,d364275322c4483fbf86df22f0e7a315,0.0,0.0,0.0,18.16140822383524,18.155909670929113,0.005498552906129106,-0.005498552906129106,False,False,,
true:shuffled,48d06a263b314b48bd41343ea5f5d158,0,c502570cba9749f7bd89494803a52c02,1.0000000000001705,1.0000000000001705,0.0,0.0,0.0,0.0,0.0,False,False,,
true:shuffled,48d06a263b314b48bd41343ea5f5d158,1,274b134fb2324486ae253eb6e24f900d,0.8577902861806059,0.8577403756387366,4.991054186931354e-05,0.13840114122977273,0.13840899747749424,-7.856247721510501e-06,7.856247721510501e-06,False,False,,
true:shuffled,48d06a263b314b48bd41343ea5f5d158,2,a977b0e797694036a9c40ab80f9d0ebc,0.8760024529906656,0.880144909362087,-0.00414245637142141,0.12268883098833437,0.11874987804459475,0.003938952943739624,-0.003938952943739624,False,False,,
true:shuffled,48d06a263b314b48bd41343ea5f5d158,4,3e92d615685942dfab6edb5a0a7678e6,0.845121732843404,0.8036904878568618,0.04143124498654216,0.1812691409537256,0.19910485682863946,-0.017835715874913866,0.017835715874913866,False,False,,
true:shuffled,48d06a263b314b48bd41343ea5f5d158,8,882819f68f5e4be698694e673c71c6ab,0.8874789245424792,0.8441350574453966,0.0433438670970826,0.1677970787801579,0.17283093459924148,-0.0050338558190835825,0.0050338558190835825,True,True,,
true:shuffled,48d06a263b314b48bd41343ea5f5d158,9,f6bf5986ca8a49c082c0e4d892de767c,0.8126373290028056,0.7732030450477683,0.03943428395503734,0.19760822277538828,0.22399328079066616,-0.02638505801527788,0.02638505801527788,True,True,,
true:shuffled,48d06a263b314b48bd41343ea5f5d158,10,69e5c0a974344a2b89e9e351a5b79461,0.8889802697752021,0.8455721793992466,0.0434080903759555,0.1591284866803825,0.16589559933544964,-0.006767112655067131,0.006767112655067131,True,True,,
true:shuffled,48d06a263b314b48bd41343ea5f5d158,12,c71884fb34d046258c12cf018513d8cc,0.7888381909574091,0.8291996918550357,-0.04036150089762658,0.2113845623544617,0.17093463263663053,0.04044992971783118,-0.04044992971783118,True,True,,
true:shuffled,48d06a263b314b48bd41343ea5f5d158,16,5087c0b3f84741178f42d668fbdf506f,0.8357805265848405,0.7947676769712767,0.04101284961356377,0.1693203877891424,0.19629137944581743,-0.02697099165667502,0.02697099165667502,True,True,,
true:shuffled,48d06a263b314b48bd41343ea5f5d158,17,13055b928600455db08cf9ae57d8d4c7,0.8638161362972864,0.824347886123826,0.03946825017346034,0.2061083009879788,0.2102109074035531,-0.004102606415574306,0.004102606415574306,False,False,,
true:shuffled,48d06a263b314b48bd41343ea5f5d158,18,220b431fd37e436f98aa1c868eee5828,0.7731566529929054,0.7265838936508789,0.046572759342026426,0.2897253539487028,0.3208913296692668,-0.03116597572056401,0.03116597572056401,False,False,,
true:shuffled,48d06a263b314b48bd41343ea5f5d158,20,103914217786464998f1e48a2c20cef0,0.8193551302852843,0.8266000974817601,-0.007244967196475827,0.2887279946723856,0.30287274140367754,-0.014144746731291957,0.014144746731291957,False,False,,
true:shuffled,48d06a263b314b48bd41343ea5f5d158,24,029f10e7436740a0a04feab4ab3aeddc,0.7231789315618672,0.7490334874151764,-0.025854555853309202,0.33059662510680315,0.3245689615806417,0.006027663526161464,-0.006027663526161464,False,False,,
true:shuffled,48d06a263b314b48bd41343ea5f5d158,25,d364275322c4483fbf86df22f0e7a315,0.6820404162193918,0.7063749173170417,-0.024334501097649897,0.3604368606960488,0.34520404463331655,0.015232816062732246,-0.015232816062732246,False,False,,
true:shuffled,48d06a263b314b48bd41343ea5f5d158,26,c98b06812964464093b23c3734532d06,0.6618447667296304,0.6694814045638857,-0.007636637834255278,0.3912309371846485,0.3728313372782076,0.01839959990644091,-0.01839959990644091,False,False,,
true:shuffled,48d06a263b314b48bd41343ea5f5d158,27,12f431b160be4858a51cced6955c37bd,0.6641726218446703,0.6668407659699989,-0.0026681441253285643,0.38722981941789936,0.3710528647812509,0.016176954636648477,-0.016176954636648477,False,False,,
true:shuffled,7581fd7e9c0f426cb0efb9ea1f3f2830,0,5b954ca864914a37aaaf0879249ace6a,1.0000000000001146,1.0000000000001146,0.0,0.0,0.0,0.0,0.0,False,False,,
true:shuffled,7581fd7e9c0f426cb0efb9ea1f3f2830,1,9e10d5419ffa43ce9f70766b4a5a0292,0.9943312384363714,0.9941328408325248,0.00019839760384654515,0.0078562257593299,0.008816959504609407,-0.0009607337452795066,0.0009607337452795066,False,False,,
true:shuffled,7581fd7e9c0f426cb0efb9ea1f3f2830,2,12c5d6c3dc424561b9192b76b45af6fd,0.989376959252858,0.9884751441418659,0.0009018151109920769,0.01540356288486826,0.014154397930794328,0.0012491649540739315,-0.0012491649540739315,False,False,,
true:shuffled,7581fd7e9c0f426cb0efb9ea1f3f2830,4,f6bf5986ca8a49c082c0e4d892de767c,0.9776080927102244,0.97585025481484,0.0017578378953844176,0.037810827532105025,0.03593271351839157,0.0018781140137134542,-0.0018781140137134542,False,False,,
true:shuffled,7581fd7e9c0f426cb0efb9ea1f3f2830,8,ee7d01fd902d4185a54112e1f1210e41,0.9662042833072809,0.965548334421324,0.0006559488859568807,0.06061854055304715,0.059237859305987246,0.001380681247059902,-0.001380681247059902,False,False,,
true:shuffled,7581fd7e9c0f426cb0efb9ea1f3f2830,9,df7d0426da5346deae21136ea3cba58b,0.8722863807587405,0.881036084600786,-0.008749703842045431,0.12876395264338245,0.09842271353152776,0.030341239111854684,-0.030341239111854684,False,False,,
true:shuffled,7581fd7e9c0f426cb0efb9ea1f3f2830,10,ba7fb622e77447f6aa58ab1fff9ed0cf,0.8724890488654827,0.8834462656633337,-0.010957216797851,0.12983483532054313,0.09769645551038514,0.03213837981015799,-0.03213837981015799,False,False,,
true:shuffled,7581fd7e9c0f426cb0efb9ea1f3f2830,12,13055b928600455db08cf9ae57d8d4c7,0.8377338530573744,0.849894176613443,-0.012160323556068664,0.2155529687009128,0.17817061983885918,0.03738234886205363,-0.03738234886205363,False,False,,
true:shuffled,7581fd7e9c0f426cb0efb9ea1f3f2830,16,9f35db3dd17c41e4875c2f54bd71fc29,0.8246836511260995,0.7794340605948564,0.04524959053124311,0.2713415906688846,0.2778728575681061,-0.006531266899221511,0.006531266899221511,False,False,,
true:shuffled,7581fd7e9c0f426cb0efb9ea1f3f2830,17,8da854b2bced46f7a59f39a4d42bbfd2,0.8487923241918307,0.8012283905143218,0.047563933677508885,0.19358942585288003,0.20728580326410048,-0.013696377411220456,0.013696377411220456,False,False,,
true:shuffled,7581fd7e9c0f426cb0efb9ea1f3f2830,18,1e46c82d6a804cf1aaa9d2d6b5b5ef27,0.8462383084354451,0.7977145971687937,0.04852371126665145,0.19188982997127618,0.20854993133647692,-0.01666010136520074,0.01666010136520074,False,False,,
true:shuffled,7581fd7e9c0f426cb0efb9ea1f3f2830,20,d364275322c4483fbf86df22f0e7a315,0.8534381096739659,0.8031788838216238,0.050259225852342104,0.18584598769601143,0.20227177901136625,-0.01642579131535482,0.01642579131535482,False,False,,
true:shuffled,7581fd7e9c0f426cb0efb9ea1f3f2830,21,c98b06812964464093b23c3734532d06,0.8581739193512163,0.8091021019972578,0.04907181735395849,0.18025885695204044,0.19755074586041096,-0.017291888908370523,0.017291888908370523,False,False,,
true:shuffled,1e4a740fd22b44dda3eed861e6e3f170,0,ee7d01fd902d4185a54112e1f1210e41,0.9999999999999889,0.9999999999999889,0.0,0.0,0.0,0.0,0.0,False,False,,
true:shuffled,1e4a740fd22b44dda3eed861e6e3f170,1,df7d0426da5346deae21136ea3cba58b,0.9423631123919205,0.9423631123919205,0.0,0.050000000000000044,0.050000000000000044,0.0,0.0,True,True,,
true:shuffled,1e4a740fd22b44dda3eed861e6e3f170,2,ba7fb622e77447f6aa58ab1fff9ed0cf,0.9147727272727174,0.9147727272727174,0.0,0.07499999999999996,0.07499999999999996,0.0,0.0,True,True,,
true:shuffled,1e4a740fd22b44dda3eed861e6e3f170,4,13055b928600455db08cf9ae57d8d4c7,0.9999999999999889,0.9999999999999889,0.0,0.0,0.0,0.0,0.0,True,True,,
true:shuffled,1e4a740fd22b44dda3eed861e6e3f170,8,9f35db3dd17c41e4875c2f54bd71fc29,0.7614279024813642,0.7337289760265127,0.027698926454851502,0.19348290187052686,0.22029385166833906,-0.026810949797812206,0.026810949797812206,False,False,,
true:shuffled,1e4a740fd22b44dda3eed861e6e3f170,9,8da854b2bced46f7a59f39a4d42bbfd2,0.669628310815622,0.6664964428120408,0.0031318680035812285,0.5479724809070219,0.5035565547974287,0.04441592610959322,-0.04441592610959322,False,False,,
true:shuffled,1e4a740fd22b44dda3eed861e6e3f170,10,1e46c82d6a804cf1aaa9d2d6b5b5ef27,0.5488327939487845,0.5234454550942256,0.025387338854558905,0.8322232234527382,1.095571954191815,-0.2633487307390767,0.2633487307390767,False,False,,
true:shuffled,1e4a740fd22b44dda3eed861e6e3f170,12,d364275322c4483fbf86df22f0e7a315,0.5048580379496188,0.31796428119603315,0.18689375675358566,0.8703768697958462,1.6837891239052385,-0.8134122541093923,0.8134122541093923,False,False,,
true:shuffled,1e4a740fd22b44dda3eed861e6e3f170,14,12f431b160be4858a51cced6955c37bd,0.4801482620302279,0.2878696479413861,0.19227861408884184,0.9815840804031254,1.7623830462319916,-0.7807989658288662,0.7807989658288662,False,False,,
true:shuffled,2ef4b4d20b064d34b754f68e48f5a5c2,0,c502570cba9749f7bd89494803a52c02,0.9999999999999917,0.9999999999999917,0.0,0.0,0.0,0.0,0.0,False,False,,
true:shuffled,2ef4b4d20b064d34b754f68e48f5a5c2,1,274b134fb2324486ae253eb6e24f900d,0.9290226788515042,0.9296841068605087,-0.0006614280090044833,0.06186181735262617,0.06305862259359053,-0.0011968052409643617,0.0011968052409643617,False,False,,
true:shuffled,2ef4b4d20b064d34b754f68e48f5a5c2,2,a977b0e797694036a9c40ab80f9d0ebc,0.9239046500776279,0.9338290511980663,-0.009924401120438353,0.08678257157125645,0.08778161199954733,-0.0009990404282908816,0.0009990404282908816,False,False,,
true:shuffled,2ef4b4d20b064d34b754f68e48f5a5c2,4,3e92d615685942dfab6edb5a0a7678e6,0.8927111324148143,0.9059040965060963,-0.013192964091282011,0.11100598060802964,0.11074267872538704,0.00026330188264260534,-0.00026330188264260534,False,False,,
true:shuffled,2ef4b4d20b064d34b754f68e48f5a5c2,8,882819f68f5e4be698694e673c71c6ab,0.8099820680684553,0.8192318122290106,-0.009249744160555351,0.23425544629109415,0.2374276838155561,-0.0031722375244619405,0.0031722375244619405,False,False,,
true:shuffled,2ef4b4d20b064d34b754f68e48f5a5c2,9,f6bf5986ca8a49c082c0e4d892de767c,0.7526162552928917,0.7620285402779886,-0.009412284985096941,0.3013258209703285,0.3026740508361735,-0.0013482298658449854,0.0013482298658449854,False,False,,
true:shuffled,2ef4b4d20b064d34b754f68e48f5a5c2,10,69e5c0a974344a2b89e9e351a5b79461,0.7117063378383777,0.7218486566949172,-0.01014231885653949,0.33939023089853004,0.33833040512660545,0.001059825771924594,-0.001059825771924594,False,False,,
true:shuffled,2ef4b4d20b064d34b754f68e48f5a5c2,12,c71884fb34d046258c12cf018513d8cc,0.6975356206094419,0.7081818334594402,-0.010646212849998338,0.3775338565401428,0.3766018273805336,0.0009320291596092156,-0.0009320291596092156,False,False,,
true:shuffled,2ef4b4d20b064d34b754f68e48f5a5c2,16,5087c0b3f84741178f42d668fbdf506f,0.6423853269975222,0.6529861025139522,-0.010600775516430017,0.3930393573005336,0.3896374867435235,0.0034018705570100782,-0.0034018705570100782,False,False,,
true:shuffled,2ef4b4d20b064d34b754f68e48f5a5c2,17,13055b928600455db08cf9ae57d8d4c7,0.6296188915834522,0.6414351746944312,-0.011816283110979042,0.4023688846729785,0.39779056562241455,0.004578319050563939,-0.004578319050563939,False,False,,
true:shuffled,2ef4b4d20b064d34b754f68e48f5a5c2,18,220b431fd37e436f98aa1c868eee5828,0.6183208865151818,0.6285202336252157,-0.010199347110033896,0.4113179999795735,0.40727957747541876,0.0040384225041547595,-0.0040384225041547595,False,False,,
true:shuffled,2ef4b4d20b064d34b754f68e48f5a5c2,20,103914217786464998f1e48a2c20cef0,0.6324769327070003,0.6431997640587399,-0.01072283135173957,0.3293777911183725,0.32047717041515444,0.008900620703218065,-0.008900620703218065,False,False,,
true:shuffled,2ef4b4d20b064d34b754f68e48f5a5c2,24,029f10e7436740a0a04feab4ab3aeddc,0.6216734421122101,0.6327810330676147,-0.01110759095540459,0.33870585602501696,0.32674926743427735,0.011956588590739614,-0.011956588590739614,False,False,,
true:shuffled,2ef4b4d20b064d34b754f68e48f5a5c2,25,d364275322c4483fbf86df22f0e7a315,0.6216467750307842,0.6275953370588959,-0.00594856202811167,0.33443370401383926,0.32805595241877666,0.006377751595062597,-0.006377751595062597,False,False,,
true:shuffled,2ef4b4d20b064d34b754f68e48f5a5c2,26,c98b06812964464093b23c3734532d06,0.6103150579217921,0.6187233664796558,-0.008408308557863675,0.34708824581974496,0.3376758158891661,0.009412429930578836,-0.009412429930578836,False,False,,
true:shuffled,2ef4b4d20b064d34b754f68e48f5a5c2,27,12f431b160be4858a51cced6955c37bd,0.6023263316667806,0.6091442652135186,-0.0068179335467379865,0.35651458892642235,0.34859490955059513,0.007919679375827215,-0.007919679375827215,False,False,,
true:shuffled,143ecd5e93614768bdb3da695e76c409,0,5b954ca864914a37aaaf0879249ace6a,1.0000000000001918,1.0000000000001918,0.0,0.0,0.0,0.0,0.0,False,False,,
true:shuffled,143ecd5e93614768bdb3da695e76c409,1,9e10d5419ffa43ce9f70766b4a5a0292,0.8775658959798363,0.8775528843125464,1.301166728984171e-05,0.11652408592244654,0.11652915089415315,-5.064971706617016e-06,5.064971706617016e-06,False,False,,
true:shuffled,143ecd5e93614768bdb3da695e76c409,2,12c5d6c3dc424561b9192b76b45af6fd,0.3754680873832106,0.37535779932649066,0.00011028805671992048,1.3339236801291976,1.334353300956388,-0.0004296208271903357,0.0004296208271903357,False,False,,
true:shuffled,143ecd5e93614768bdb3da695e76c409,4,f6bf5986ca8a49c082c0e4d892de767c,0.38266933190528996,0.3825335459657501,0.0001357859395398342,1.3352232046204238,1.3356976188679204,-0.0004744142474966129,0.0004744142474966129,False,False,,
true:shuffled,143ecd5e93614768bdb3da695e76c409,8,ee7d01fd902d4185a54112e1f1210e41,0.37096295015061287,0.37088007314835236,8.287700226050632e-05,1.339478313515158,1.3395719450522325,-9.363153707453442e-05,9.363153707453442e-05,False,False,,
true:shuffled,143ecd5e93614768bdb3da695e76c409,9,df7d0426da5346deae21136ea3cba58b,0.3708394273976747,0.37073746665760127,0.00010196074007345901,1.3341951801779433,1.3343625080415706,-0.00016732786362738672,0.00016732786362738672,False,False,,
true:shuffled,143ecd5e93614768bdb3da695e76c409,10,ba7fb622e77447f6aa58ab1fff9ed0cf,0.3549888719550729,0.3550919749437203,-0.00010310298864740775,1.3394775021757785,1.3374493109365402,0.002028191239238364,-0.002028191239238364,False,False,,
true:shuffled,143ecd5e93614768bdb3da695e76c409,12,13055b928600455db08cf9ae57d8d4c7,0.3351921009191534,0.33505804441955245,0.00013405649960096522,1.326011385951112,1.3271928896956082,-0.001181503744496215,0.001181503744496215,False,False,,
true:shuffled,143ecd5e93614768bdb3da695e76c409,16,9f35db3dd17c41e4875c2f54bd71fc29,0.30704770661044295,0.30694923670126084,9.84699091821084e-05,1.3817029998369281,1.3823862523565678,-0.0006832525196396322,0.0006832525196396322,False,False,,
true:shuffled,143ecd5e93614768bdb3da695e76c409,17,8da854b2bced46f7a59f39a4d42bbfd2,0.3040378771467635,0.30434535373011906,-0.0003074765833555593,1.3939722887825587,1.3890543913952638,0.004917897387294978,-0.004917897387294978,False,False,,
true:shuffled,143ecd5e93614768bdb3da695e76c409,18,1e46c82d6a804cf1aaa9d2d6b5b5ef27,0.29128137064360937,0.2914999745733301,-0.00021860392972072873,1.4854005082043371,1.4822218349476726,0.0031786732566645437,-0.0031786732566645437,False,False,,
true:shuffled,143ecd5e93614768bdb3da695e76c409,20,d364275322c4483fbf86df22f0e7a315,0.266209543229575,0.26673423519879735,-0.0005246919692223351,1.6877463851674857,1.6797122803482936,0.00803410481919209,-0.00803410481919209,False,False,,
true:shuffled,143ecd5e93614768bdb3da695e76c409,22,12f431b160be4858a51cced6955c37bd,0.2687811665239729,0.2698961463300462,-0.0011149798060733351,1.6587415011188877,1.6435638329106343,0.015177668208253392,-0.015177668208253392,False,False,,
true:shuffled,4a8058d0441a46d381995e1af1086039,0,c71884fb34d046258c12cf018513d8cc,0.9999999999998561,0.9999999999998561,0.0,0.0,0.0,0.0,0.0,False,False,,
true:shuffled,4a8058d0441a46d381995e1af1086039,1,ee7d01fd902d4185a54112e1f1210e41,0.9908779156796755,0.9909691721397,-9.12564600245025e-05,0.006635195249498125,0.006533889308175271,0.00010130594132285418,-0.00010130594132285418,False,False,,
true:shuffled,4a8058d0441a46d381995e1af1086039,2,df7d0426da5346deae21136ea3cba58b,0.9741939901485241,0.9742148673714716,-2.087722294741301e-05,0.01944470236458566,0.019415278507120767,2.942385746489487e-05,-2.942385746489487e-05,False,False,,
true:shuffled,4a8058d0441a46d381995e1af1086039,4,5087c0b3f84741178f42d668fbdf506f,0.9494106751731499,0.9494752363387059,-6.456116555597635e-05,0.040513485634010866,0.040454787897432995,5.869773657787153e-05,-5.869773657787153e-05,False,False,,
true:shuffled,4a8058d0441a46d381995e1af1086039,8,103914217786464998f1e48a2c20cef0,0.816782684685704,0.867329802541112,-0.050547117855408,0.32116844194224425,0.2923680991093434,0.028800342832900838,-0.028800342832900838,False,False,,
true:shuffled,4a8058d0441a46d381995e1af1086039,9,9f35db3dd17c41e4875c2f54bd71fc29,0.8183671911595177,0.856309204054431,-0.03794201289491328,0.33880496732000065,0.31308273983054213,0.025722227489458516,-0.025722227489458516,False,False,,
true:shuffled,4a8058d0441a46d381995e1af1086039,10,8da854b2bced46f7a59f39a4d42bbfd2,0.8175825312547509,0.8430469121866889,-0.025464380931938035,0.3616329042549007,0.33737852168671884,0.024254382568181854,-0.024254382568181854,False,False,,
true:shuffled,4a8058d0441a46d381995e1af1086039,12,029f10e7436740a0a04feab4ab3aeddc,0.8564711255157569,0.8742308269548217,-0.0177597014390648,0.26114469661685696,0.2380741608503405,0.023070535766516465,-0.023070535766516465,False,False,,
true:shuffled,4a8058d0441a46d381995e1af1086039,15,12f431b160be4858a51cced6955c37bd,0.8615870775771671,0.8703924259824203,-0.008805348405253155,0.261342660034076,0.23654915327969064,0.02479350675438538,-0.02479350675438538,False,False,,
true:shuffled,34daad97663c4e8ea00f842adc581ab5,0,65e07a70e6b5404a87bf34e49d4c0924,0.9999999999999338,0.9999999999999338,0.0,0.0,0.0,0.0,0.0,False,False,,
true:shuffled,34daad97663c4e8ea00f842adc581ab5,1,9ab5069c183c492b82b0ab30133080c1,0.8721001851590665,0.872113012665842,-1.2827506775447972e-05,0.08397214898683726,0.08399562329985814,-2.3474313020882542e-05,2.3474313020882542e-05,False,False,,
true:shuffled,34daad97663c4e8ea00f842adc581ab5,2,4258ba3b8b8142f48c3249d310a8c3d2,0.8746761948205677,0.8729071987334941,0.0017689960870735932,0.11004858379357127,0.1118221076752835,-0.00177352388171223,0.00177352388171223,False,False,,
true:shuffled,34daad97663c4e8ea00f842adc581ab5,4,83f3eb36fc7144ab902e192db3a98c06,0.8224419823324276,0.820595974818443,0.00184600751398456,0.1623129150542891,0.16271250237135743,-0.00039958731706832284,0.00039958731706832284,False,False,,
true:shuffled,34daad97663c4e8ea00f842adc581ab5,8,cb440b4d1912467fb51d871f0ccf8e8a,0.8213118644655174,0.8192713751632184,0.0020404893022990533,0.16387916176442968,0.1668402410709879,-0.0029610793065582286,0.0029610793065582286,False,False,,
true:shuffled,34daad97663c4e8ea00f842adc581ab5,9,13546ea263ff48f49899cb30ac0004e9,0.7843908238306305,0.7804251363198915,0.003965687510739002,0.24345099310819954,0.25183332550667314,-0.008382332398473608,0.008382332398473608,False,False,,
true:shuffled,34daad97663c4e8ea00f842adc581ab5,10,9b77dad2bdcf4814b042fa47889f19f6,0.6968844907250653,0.6962004439150482,0.0006840468100171027,0.32710249699958815,0.33221706320945654,-0.0051145662098683875,0.0051145662098683875,False,False,,
true:shuffled,34daad97663c4e8ea00f842adc581ab5,12,097394612e494d1ebe1750ed54a27763,0.6432730519563112,0.6417616829629945,0.0015113689933167196,0.5521416829990066,0.5625759417782217,-0.010434258779215111,0.010434258779215111,False,False,,
true:shuffled,34daad97663c4e8ea00f842adc581ab5,16,63d7813869b34ee9aa65064e93775e58,0.5310626173992529,0.529977995075893,0.0010846223233598185,0.7721429679543024,0.7825380457902381,-0.01039507783593574,0.01039507783593574,False,False,,
true:shuffled,34daad97663c4e8ea00f842adc581ab5,17,3d5a6fe339f3490297e4b9d1f3949618,0.5334695481223103,0.53227615260501,0.0011933955173002442,0.6972213415144108,0.707596228989716,-0.010374887475305128,0.010374887475305128,False,False,,
true:shuffled,34daad97663c4e8ea00f842adc581ab5,18,306e66375cf94c7881864ba03782d2d2,0.7137853974257113,0.7125688458576839,0.0012165515680274686,0.5839569191597723,0.5951348360219723,-0.011177916862199933,0.011177916862199933,False,False,,
true:shuffled,34daad97663c4e8ea00f842adc581ab5,20,60448167db014ef49dcfb65d89d69b3f,0.7243394482249853,0.7220374251703551,0.002302023054630231,0.42410944566608844,0.4350821437867424,-0.01097269812065399,0.01097269812065399,False,False,,
true:shuffled,34daad97663c4e8ea00f842adc581ab5,24,4734352144ac49a7b02960b99573fc14,0.7000132544999882,0.6983437838485631,0.0016694706514250868,0.4457949448086323,0.45747002105925066,-0.011675076250618366,0.011675076250618366,False,False,,
true:shuffled,34daad97663c4e8ea00f842adc581ab5,25,0ab9ec2730894df2b48df70d0d2e84a9,0.7313193526598339,0.7294409445701717,0.0018784080896622202,0.43512299918129954,0.4471741392680473,-0.012051140086747736,0.012051140086747736,False,False,,
true:shuffled,34daad97663c4e8ea00f842adc581ab5,26,cb708f56b6104d638f93e3906cba5b82,0.7032091672074032,0.6986075006592116,0.0046016665481916075,0.5577509063413985,0.570154559084888,-0.012403652743489535,0.012403652743489535,False,False,,
true:shuffled,ca5b3ca5aea745ee8fe12b0f74d77f8e,0,65e07a70e6b5404a87bf34e49d4c0924,1.0000000000000049,1.0000000000000049,0.0,0.0,0.0,0.0,0.0,False,False,,
true:shuffled,ca5b3ca5aea745ee8fe12b0f74d77f8e,1,9ab5069c183c492b82b0ab30133080c1,0.9442844300638484,0.944336121964969,-5.16919011205319e-05,0.03468947007779951,0.03465684311654331,3.2626961256200515e-05,-3.2626961256200515e-05,False,False,,
true:shuffled,ca5b3ca5aea745ee8fe12b0f74d77f8e,2,4258ba3b8b8142f48c3249d310a8c3d2,0.8947964035080493,0.8936502733386764,0.0011461301693729276,0.06780038042188369,0.06856518431167116,-0.0007648038897874743,0.0007648038897874743,False,False,,
true:shuffled,ca5b3ca5aea745ee8fe12b0f74d77f8e,4,83f3eb36fc7144ab902e192db3a98c06,0.8132227562714864,0.8121548959037442,0.0010678603677422016,0.1274101075874983,0.12816572938459403,-0.0007556217970957346,0.0007556217970957346,False,False,,
true:shuffled,ca5b3ca5aea745ee8fe12b0f74d77f8e,8,cb440b4d1912467fb51d871f0ccf8e8a,0.6928988687593743,0.6925762934222854,0.00032257533708890396,0.26051883902442274,0.25985820931619147,0.0006606297082312751,-0.0006606297082312751,False,False,,
true:shuffled,ca5b3ca5aea745ee8fe12b0f74d77f8e,9,13546ea263ff48f49899cb30ac0004e9,0.6014958392665561,0.6014087265151252,8.711275143091779e-05,0.3682539494651184,0.36778675380570774,0.00046719565941066854,-0.00046719565941066854,False,False,,
true:shuffled,ca5b3ca5aea745ee8fe12b0f74d77f8e,10,9b77dad2bdcf4814b042fa47889f19f6,0.5245213088479795,0.5242606749573359,0.00026063389064368003,0.47617736633758156,0.47552903316973666,0.0006483331678449056,-0.0006483331678449056,False,False,,
true:shuffled,ca5b3ca5aea745ee8fe12b0f74d77f8e,12,097394612e494d1ebe1750ed54a27763,0.401556474957789,0.40154500016434014,1.1474793448873477e-05,0.6922625945218055,0.6915892681475829,0.0006733263742225715,-0.0006733263742225715,False,False,,
true:shuffled,ca5b3ca5aea745ee8fe12b0f74d77f8e,16,63d7813869b34ee9aa65064e93775e58,0.352073777997843,0.35199640788258635,7.73701152566586e-05,0.8475594237227183,0.8457467945329229,0.0018126291897954117,-0.0018126291897954117,False,False,,
true:shuffled,ca5b3ca5aea745ee8fe12b0f74d77f8e,17,3d5a6fe339f3490297e4b9d1f3949618,0.33635032126319075,0.33623466472491725,0.00011565653827350086,0.8956192530534609,0.8935793765144833,0.0020398765389776363,-0.0020398765389776363,False,False,,
true:shuffled,ca5b3ca5aea745ee8fe12b0f74d77f8e,18,306e66375cf94c7881864ba03782d2d2,0.33531366064798307,0.3352604509595259,5.320968845717866e-05,0.8890945857454172,0.8853975955153205,0.0036969902300967306,-0.0036969902300967306,False,False,,
true:shuffled,ca5b3ca5aea745ee8fe12b0f74d77f8e,20,60448167db014ef49dcfb65d89d69b3f,0.3192254338168673,0.3213736641803918,-0.002148230363524517,0.8940395119974354,0.8911452410690291,0.0028942709284062174,-0.0028942709284062174,False,False,,
true:shuffled,ca5b3ca5aea745ee8fe12b0f74d77f8e,24,4734352144ac49a7b02960b99573fc14,0.37417094243020843,0.37866247198595365,-0.004491529555745222,0.7713174637211531,0.7663160874864792,0.005001376234673893,-0.005001376234673893,False,False,,
true:shuffled,ca5b3ca5aea745ee8fe12b0f74d77f8e,25,0ab9ec2730894df2b48df70d0d2e84a9,0.4088787734397203,0.4120929407171144,-0.0032141672773940977,0.7233267917946564,0.7198054084046966,0.0035213833899597757,-0.0035213833899597757,False,False,,
true:shuffled,ca5b3ca5aea745ee8fe12b0f74d77f8e,26,cb708f56b6104d638f93e3906cba5b82,0.4439920974791629,0.4443198176871454,-0.0003277202079824959,0.6779780431123666,0.6769693905545684,0.0010086525577982508,-0.0010086525577982508,False,False,,
true:shuffled,ca5b3ca5aea745ee8fe12b0f74d77f8e,28,7f769bb638214009813b92df0cfb501a,0.5085156211233374,0.5111513701496401,-0.002635749026302703,0.5804743786699121,0.577835609254653,0.00263876941525909,-0.00263876941525909,False,False,,
true:shuffled,ca5b3ca5aea745ee8fe12b0f74d77f8e,32,15f4465f9fe44b80ab54908983b1cf68,0.6549150902092937,0.6583256734218553,-0.003410583212561602,0.42233779005864985,0.4191448566784222,0.003192933380227636,-0.003192933380227636,False,False,,
true:shuffled,ca5b3ca5aea745ee8fe12b0f74d77f8e,33,f94199c2a589484d8e32dd6bf4931d4f,0.70414901192717,0.709067489995037,-0.004918478067866938,0.3942597386912371,0.3904363685534347,0.0038233701378023732,-0.0038233701378023732,False,False,,
true:shuffled,ca5b3ca5aea745ee8fe12b0f74d77f8e,34,a07f902656eb4f0fb2e5a77f803fb37c,0.7478179696474097,0.7558355098026747,-0.008017540155265013,0.38189644377342846,0.3765976757409145,0.005298768032513945,-0.005298768032513945,False,False,,
true:shuffled,ca5b3ca5aea745ee8fe12b0f74d77f8e,36,7ac804cee1cd4d48ac2ea0ac97726bc9,0.7096128056752007,0.7125263385993439,-0.002913532924143203,0.38972617051489844,0.3850430738321879,0.0046830966827105525,-0.0046830966827105525,False,False,,
true:shuffled,ca5b3ca5aea745ee8fe12b0f74d77f8e,39,bc84a61f13f744cd8f5aa8e888ce879b,0.18280231792451723,0.1829667457448682,-0.00016442782035097636,1.1699125330774325,1.1693131654068498,0.0005993676705826623,-0.0005993676705826623,False,False,,
true:shuffled,720ca55c654a4ac8bfe9babd1c1072be,0,4258ba3b8b8142f48c3249d310a8c3d2,0.9999999999999929,0.9999999999999929,0.0,0.0,0.0,0.0,0.0,False,False,,
true:shuffled,720ca55c654a4ac8bfe9babd1c1072be,1,8970a737ebee4443af37102473aaef8b,0.8997787996327596,0.8988300967698001,0.0009487028629595606,0.0600589544575795,0.060280242068802274,-0.00022128761122277435,0.00022128761122277435,False,False,,
true:shuffled,720ca55c654a4ac8bfe9babd1c1072be,2,83f3eb36fc7144ab902e192db3a98c06,0.92575389639362,0.9214747857961879,0.004279110597432134,0.051344934770488806,0.05495469861987809,-0.003609763849389283,0.003609763849389283,False,False,,
true:shuffled,720ca55c654a4ac8bfe9babd1c1072be,4,ef823f39fe034fdc9651a363fc81327b,0.8580602990322181,0.8559753112650049,0.00208498776721322,0.08931752452920086,0.09103477538009501,-0.0017172508508941503,0.0017172508508941503,False,False,,
true:shuffled,720ca55c654a4ac8bfe9babd1c1072be,8,9b77dad2bdcf4814b042fa47889f19f6,0.5143212362113811,0.5135565513541419,0.0007646848572392395,0.599819322852446,0.6039175475371118,-0.004098224684665808,0.004098224684665808,False,False,,
true:shuffled,720ca55c654a4ac8bfe9babd1c1072be,9,2b77a910c5e749f9a620d893361c1976,0.48150992440167956,0.4815901460042496,-8.022160257004085e-05,0.6253250976863752,0.6281496779309824,-0.002824580244607189,0.002824580244607189,False,False,,
true:shuffled,720ca55c654a4ac8bfe9babd1c1072be,10,097394612e494d1ebe1750ed54a27763,0.4508933101189853,0.4508506195988583,4.269052012700891e-05,0.6522276130342861,0.6550903510749541,-0.002862738040667945,0.002862738040667945,False,False,,
true:shuffled,720ca55c654a4ac8bfe9babd1c1072be,12,746857c6bd46430fa4b5b82186e716e0,0.47967327841962343,0.47976938669106894,-9.610827144551637e-05,0.6457015277540029,0.6487244726697811,-0.0030229449157781474,0.0030229449157781474,False,False,,
true:shuffled,720ca55c654a4ac8bfe9babd1c1072be,16,306e66375cf94c7881864ba03782d2d2,0.6274576552120568,0.6293329161265728,-0.0018752609145160637,0.4808835980844296,0.48329762915295543,-0.002414031068525835,0.002414031068525835,False,False,,
true:shuffled,720ca55c654a4ac8bfe9babd1c1072be,17,49cd09e4a07145258972fc4e6b18e42d,0.6233573517039526,0.6247852450369031,-0.0014278933329505694,0.5075344453272179,0.5103733885358633,-0.002838943208645417,0.002838943208645417,False,False,,
true:shuffled,720ca55c654a4ac8bfe9babd1c1072be,18,60448167db014ef49dcfb65d89d69b3f,0.6261933168714876,0.6274036122861899,-0.0012102954147023004,0.5048159829055251,0.5078171864270621,-0.003001203521536988,0.003001203521536988,False,False,,
true:shuffled,720ca55c654a4ac8bfe9babd1c1072be,20,a82ac06abf0d4d5ea70af9e19e82305e,0.5335240694499908,0.5342330424296029,-0.0007089729796121436,0.543366082084746,0.5465007754951022,-0.003134693410356215,0.003134693410356215,False,False,,
true:shuffled,720ca55c654a4ac8bfe9babd1c1072be,24,cb708f56b6104d638f93e3906cba5b82,0.6816543479385397,0.680901099933847,0.0007532480046927859,0.40325467791199227,0.4066653093866999,-0.0034106314747076594,0.0034106314747076594,False,False,,
true:shuffled,63510eb8f6ed4b3189002b1f2648ea1f,0,ef4fbe4064a74ce6b0a52cb3dd2e0bf0,0.999999999999978,0.999999999999978,0.0,0.0,0.0,0.0,0.0,False,False,,
true:shuffled,63510eb8f6ed4b3189002b1f2648ea1f,1,63d7813869b34ee9aa65064e93775e58,0.910221544034271,0.910221544034271,0.0,0.07708436936239402,0.07708436936239402,0.0,0.0,True,True,,
true:shuffled,63510eb8f6ed4b3189002b1f2648ea1f,2,3d5a6fe339f3490297e4b9d1f3949618,0.822528969410435,0.822528969410435,0.0,0.17002116984059037,0.17002116984059037,0.0,0.0,False,False,,
true:shuffled,63510eb8f6ed4b3189002b1f2648ea1f,4,49cd09e4a07145258972fc4e6b18e42d,0.6944962335150581,0.6945025209924484,-6.287477390287677e-06,0.37718200375282307,0.3771751790523701,6.824700452989774e-06,-6.824700452989774e-06,False,False,,
true:shuffled,63510eb8f6ed4b3189002b1f2648ea1f,8,2a572213c61c4d40a1955c2aecee6104,0.5764543778180308,0.5764455836428646,8.794175166193519e-06,0.46436728865494664,0.4643959399201711,-2.8651265224444167e-05,2.8651265224444167e-05,False,False,,
true:shuffled,63510eb8f6ed4b3189002b1f2648ea1f,9,4734352144ac49a7b02960b99573fc14,0.5606931596913783,0.5607763593606964,-8.31996693180237e-05,0.4200210270696123,0.4197858369464784,0.0002351901231338882,-0.0002351901231338882,False,False,,
true:shuffled,63510eb8f6ed4b3189002b1f2648ea1f,10,0ab9ec2730894df2b48df70d0d2e84a9,0.5219269571268942,0.5219900417976978,-6.30846708036259e-05,0.46876850114675667,0.46859848440234947,0.0001700167444071976,-0.0001700167444071976,False,False,,
true:shuffled,63510eb8f6ed4b3189002b1f2648ea1f,12,fd6002d736cb405796fc4fbdd5af6f7f,0.4446744379573081,0.44478736324025087,-0.00011292528294276627,0.5900186942856045,0.589773231152366,0.0002454631332384771,-0.0002454631332384771,False,False,,
true:shuffled,63510eb8f6ed4b3189002b1f2648ea1f,16,8a7007fd59cf4f39a3855b0e82136105,0.28191180048472403,0.2826029456257211,-0.0006911451409970515,0.8705661462130696,0.868673113883735,0.0018930323293345763,-0.0018930323293345763,False,False,,
true:shuffled,63510eb8f6ed4b3189002b1f2648ea1f,17,15f4465f9fe44b80ab54908983b1cf68,0.2435148256141807,0.2433571717341818,0.00015765387999888691,0.9459727795490314,0.9462673749302426,-0.00029459538121123785,0.00029459538121123785,False,False,,
true:shuffled,63510eb8f6ed4b3189002b1f2648ea1f,18,f94199c2a589484d8e32dd6bf4931d4f,0.20687384885300616,0.2067741240914411,9.97247615650565e-05,1.0254516261171456,1.0256116714976709,-0.0001600453805252755,0.0001600453805252755,False,False,,
true:shuffled,63510eb8f6ed4b3189002b1f2648ea1f,20,bec365d878c4413d85d5fbb3eb3b3f46,0.1467589497067816,0.14667482198800055,8.412771878105185e-05,1.1723233811967966,1.1724741006230543,-0.00015071942625777268,0.00015071942625777268,False,False,,
true:shuffled,63510eb8f6ed4b3189002b1f2648ea1f,24,bc84a61f13f744cd8f5aa8e888ce879b,0.029498113252580775,0.029504684716553334,-6.571463972558644e-06,1.5415456233950162,1.541178297201778,0.00036732619323820437,-0.00036732619323820437,False,False,,
true:shuffled,63510eb8f6ed4b3189002b1f2648ea1f,25,76c090ac27774e66a592f40998d5537c,0.0006165422706586961,0.0006945025305319925,-7.796025987329646e-05,1.6638001336958737,1.6624773036573262,0.0013228300385474956,-0.0013228300385474956,False,False,,
true:shuffled,6dafc154a9ef43ff8fd680620dc90433,0,65e07a70e6b5404a87bf34e49d4c0924,0.999999999999955,0.999999999999955,0.0,0.0,0.0,0.0,0.0,False,False,,
true:shuffled,6dafc154a9ef43ff8fd680620dc90433,1,9ab5069c183c492b82b0ab30133080c1,0.9225648073544696,0.922814806918309,-0.00024999956383942035,0.07262301378998319,0.07232341920159358,0.00029959458838961506,-0.00029959458838961506,False,False,,
true:shuffled,6dafc154a9ef43ff8fd680620dc90433,2,4258ba3b8b8142f48c3249d310a8c3d2,0.9151790952397805,0.9151344809530303,4.4614286750177534e-05,0.06977414781430988,0.06988028402812285,-0.000106136213812974,0.000106136213812974,False,False,,
true:shuffled,6dafc154a9ef43ff8fd680620dc90433,4,83f3eb36fc7144ab902e192db3a98c06,0.8770158148663832,0.8768143390693223,0.0002014757970609793,0.08206503124875067,0.0821931813211629,-0.00012815007241223642,0.00012815007241223642,False,False,,
true:shuffled,6dafc154a9ef43ff8fd680620dc90433,8,cb440b4d1912467fb51d871f0ccf8e8a,0.7923547383672636,0.7918747271917741,0.0004800111754894587,0.16012172758558044,0.16032662086527955,-0.00020489327969910875,0.00020489327969910875,False,False,,
true:shuffled,6dafc154a9ef43ff8fd680620dc90433,9,13546ea263ff48f49899cb30ac0004e9,0.7728544400617184,0.7727714240681783,8.301599354010314e-05,0.1821991081440654,0.18229125086468737,-9.214272062196827e-05,9.214272062196827e-05,False,False,,
true:shuffled,6dafc154a9ef43ff8fd680620dc90433,10,9b77dad2bdcf4814b042fa47889f19f6,0.7545280729990683,0.7547328391920979,-0.00020476619302955967,0.2064194615023301,0.2060720198160851,0.0003474416862449814,-0.0003474416862449814,False,False,,
true:shuffled,6dafc154a9ef43ff8fd680620dc90433,12,097394612e494d1ebe1750ed54a27763,0.7368366589066037,0.7384384284389292,-0.0016017695323254921,0.22647669792627118,0.22765024924929758,-0.001173551323026406,0.001173551323026406,False,False,,
true:shuffled,6dafc154a9ef43ff8fd680620dc90433,16,63d7813869b34ee9aa65064e93775e58,0.8218007822870572,0.8228132724697116,-0.0010124901826543686,0.1478796441548874,0.14854315614164365,-0.0006635119867562378,0.0006635119867562378,False,False,,
true:shuffled,6dafc154a9ef43ff8fd680620dc90433,17,3d5a6fe339f3490297e4b9d1f3949618,0.9145507067654051,0.9146924170075712,-0.0001417102421661376,0.08191579903500504,0.08253591540681951,-0.000620116371814472,0.000620116371814472,False,False,,
true:shuffled,6dafc154a9ef43ff8fd680620dc90433,18,306e66375cf94c7881864ba03782d2d2,0.8655253173406562,0.8621379554420262,0.0033873618986299814,0.10330322677617032,0.10586607293187517,-0.0025628461557048454,0.0025628461557048454,False,False,,
true:shuffled,6dafc154a9ef43ff8fd680620dc90433,20,60448167db014ef49dcfb65d89d69b3f,0.6918378755063256,0.6888016991032375,0.0030361764030880645,0.2615602992840144,0.26343815460356146,-0.0018778553195470393,0.0018778553195470393,False,False,,
true:shuffled,6dafc154a9ef43ff8fd680620dc90433,24,4734352144ac49a7b02960b99573fc14,0.7699375135039448,0.7675414258249567,0.0023960876789881347,0.17606132349091233,0.17781978185398503,-0.0017584583630727013,0.0017584583630727013,False,False,,
true:shuffled,6dafc154a9ef43ff8fd680620dc90433,25,0ab9ec2730894df2b48df70d0d2e84a9,0.7653454036497809,0.7625690926482122,0.002776311001568721,0.18096279604331347,0.18267682512022998,-0.0017140290769165067,0.0017140290769165067,False,False,,
true:shuffled,6dafc154a9ef43ff8fd680620dc90433,26,cb708f56b6104d638f93e3906cba5b82,0.673671759944559,0.6697472844226895,0.003924475521869475,0.2790949631903934,0.2812038201182017,-0.0021088569278083225,0.0021088569278083225,False,False,,
true:shuffled,e2878e5b8aa849a18e39baee3f3440bd,0,65e07a70e6b5404a87bf34e49d4c0924,0.9999999999999304,0.9999999999999304,0.0,0.0,0.0,0.0,0.0,False,False,,
true:shuffled,e2878e5b8aa849a18e39baee3f3440bd,1,9ab5069c183c492b82b0ab30133080c1,0.9931460338721837,0.9931083521255144,3.768174666929358e-05,0.005525102570027266,0.006026382596857518,-0.0005012800268302513,0.0005012800268302513,False,False,,
true:shuffled,e2878e5b8aa849a18e39baee3f3440bd,2,4258ba3b8b8142f48c3249d310a8c3d2,0.9871000121027474,0.9867267727495294,0.0003732393532180911,0.00949701354589727,0.010508344521520382,-0.0010113309756231113,0.0010113309756231113,False,False,,
true:shuffled,e2878e5b8aa849a18e39baee3f3440bd,4,83f3eb36fc7144ab902e192db3a98c06,0.9757259226316277,0.9749513552614634,0.0007745673701643474,0.019657540681385734,0.020269042419852307,-0.000611501738466573,0.000611501738466573,False,False,,
true:shuffled,e2878e5b8aa849a18e39baee3f3440bd,8,cb440b4d1912467fb51d871f0ccf8e8a,0.9498495033290381,0.9491535160921274,0.0006959872369106668,0.04219207011406778,0.042522881819297316,-0.0003308117052295348,0.0003308117052295348,False,False,,
true:shuffled,e2878e5b8aa849a18e39baee3f3440bd,9,13546ea263ff48f49899cb30ac0004e9,0.945105381688129,0.9446314638353299,0.00047391785279904397,0.045170663358391136,0.045233081278977176,-6.241792058604007e-05,6.241792058604007e-05,False,False,,
true:shuffled,e2878e5b8aa849a18e39baee3f3440bd,10,9b77dad2bdcf4814b042fa47889f19f6,0.8629706054197832,0.8621393450121622,0.0008312604076210484,0.1328337408695102,0.1331125143982565,-0.0002787735287463067,0.0002787735287463067,False,False,,
true:shuffled,e2878e5b8aa849a18e39baee3f3440bd,12,097394612e494d1ebe1750ed54a27763,0.7180367849172618,0.7177078829585032,0.0003289019587585651,0.31700805541972715,0.3171051646796761,-9.710925994893538e-05,9.710925994893538e-05,False,False,,
true:shuffled,e2878e5b8aa849a18e39baee3f3440bd,16,63d7813869b34ee9aa65064e93775e58,0.9329783108136295,0.9305729168236963,0.0024053939899332244,0.05430202390277613,0.05546233761342281,-0.0011603137106466835,0.0011603137106466835,False,False,,
true:shuffled,e2878e5b8aa849a18e39baee3f3440bd,17,3d5a6fe339f3490297e4b9d1f3949618,0.7575254451509859,0.7557378929797524,0.0017875521712334974,0.2274540991393997,0.22859787351928168,-0.0011437743798819733,0.0011437743798819733,False,False,,
true:shuffled,e2878e5b8aa849a18e39baee3f3440bd,18,306e66375cf94c7881864ba03782d2d2,0.5584193066535947,0.5574135466292821,0.0010057600243126297,0.5087408226486342,0.5095552213283047,-0.0008143986796704805,0.0008143986796704805,False,False,,
true:shuffled,e2878e5b8aa849a18e39baee3f3440bd,20,60448167db014ef49dcfb65d89d69b3f,0.6178716415691269,0.6170687320786618,0.0008029094904651313,0.4133587766041253,0.41418428489451575,-0.0008255082903904642,0.0008255082903904642,False,False,,
true:shuffled,e2878e5b8aa849a18e39baee3f3440bd,24,4734352144ac49a7b02960b99573fc14,0.6049305968749682,0.603948132902439,0.0009824639725292128,0.42979388592417533,0.4307169536249926,-0.0009230677008172927,0.0009230677008172927,False,False,,
true:shuffled,e2878e5b8aa849a18e39baee3f3440bd,25,0ab9ec2730894df2b48df70d0d2e84a9,0.6401336385300721,0.6392534965657182,0.000880141964353931,0.37495827766571427,0.3757720093525164,-0.0008137316868021549,0.0008137316868021549,False,False,,
true:shuffled,e2878e5b8aa849a18e39baee3f3440bd,26,cb708f56b6104d638f93e3906cba5b82,0.5956453263810292,0.5949114343523975,0.0007338920286317219,0.44275585101970877,0.44349949845449727,-0.0007436474347884969,0.0007436474347884969,False,False,,
true:shuffled,e2878e5b8aa849a18e39baee3f3440bd,28,7f769bb638214009813b92df0cfb501a,0.5162775104170433,0.5161149108913139,0.00016259952572938996,0.5750853167201896,0.5755159922507261,-0.0004306755305365506,0.0004306755305365506,False,False,,
true:shuffled,e2878e5b8aa849a18e39baee3f3440bd,32,15f4465f9fe44b80ab54908983b1cf68,0.3794669733956712,0.37922292141124836,0.00024405198442284393,0.8441108239034568,0.8446334829590179,-0.0005226590555610366,0.0005226590555610366,False,False,,
true:shuffled,e2878e5b8aa849a18e39baee3f3440bd,33,f94199c2a589484d8e32dd6bf4931d4f,0.35486522179104946,0.35461819315578386,0.00024702863526560037,0.8999901846804952,0.9003886814750988,-0.00039849679460357557,0.00039849679460357557,False,False,,
true:shuffled,e2878e5b8aa849a18e39baee3f3440bd,34,a07f902656eb4f0fb2e5a77f803fb37c,0.33155940848075915,0.3314001661519677,0.0001592423287914424,0.9555308432321051,0.9559600885744293,-0.000429245342324136,0.000429245342324136,False,False,,
true:shuffled,e2878e5b8aa849a18e39baee3f3440bd,36,7ac804cee1cd4d48ac2ea0ac97726bc9,0.28698023360126274,0.28689813424035215,8.209936091058134e-05,1.0627497066405984,1.0632846612486415,-0.0005349546080430923,0.0005349546080430923,False,False,,
true:shuffled,e2878e5b8aa849a18e39baee3f3440bd,40,76c090ac27774e66a592f40998d5537c,0.2699329510103811,0.26973202281023795,0.00020092820014316892,1.1062503537137691,1.1066983673234114,-0.00044801360964230597,0.00044801360964230597,False,False,,
true:shuffled,11a08ff383a6451bbda6b9af56cfa6e2,0,65e07a70e6b5404a87bf34e49d4c0924,1.0000000000000082,1.0000000000000082,0.0,0.0,0.0,0.0,0.0,False,False,,
true:shuffled,11a08ff383a6451bbda6b9af56cfa6e2,1,9ab5069c183c492b82b0ab30133080c1,0.9451063043513287,0.946504120402463,-0.0013978160511343152,0.03753759166761602,0.036779019286125286,0.0007585723814907339,-0.0007585723814907339,False,False,,
true:shuffled,11a08ff383a6451bbda6b9af56cfa6e2,2,4258ba3b8b8142f48c3249d310a8c3d2,0.8945612064865396,0.893756160449592,0.0008050460369475321,0.0748498969909661,0.07521939900493728,-0.0003695020139711791,0.0003695020139711791,False,False,,
true:shuffled,11a08ff383a6451bbda6b9af56cfa6e2,4,83f3eb36fc7144ab902e192db3a98c06,0.809109177455284,0.8080218089753053,0.001087368479978701,0.14184354491584206,0.14242703190503278,-0.0005834869891907235,0.0005834869891907235,False,False,,
true:shuffled,11a08ff383a6451bbda6b9af56cfa6e2,8,cb440b4d1912467fb51d871f0ccf8e8a,0.9073284011881835,0.8539670350365578,0.05336136615162568,0.15427256458315483,0.16666692342000997,-0.012394358836855135,0.012394358836855135,False,False,,
true:shuffled,11a08ff383a6451bbda6b9af56cfa6e2,9,13546ea263ff48f49899cb30ac0004e9,0.8588134690225535,0.8923304380042772,-0.03351696898172374,0.19772552094941004,0.19386819657631127,0.0038573243730987694,-0.0038573243730987694,False,False,,
true:shuffled,11a08ff383a6451bbda6b9af56cfa6e2,10,9b77dad2bdcf4814b042fa47889f19f6,0.7803894744961168,0.8173821926835626,-0.03699271818744576,0.2440100165578572,0.23059568212954007,0.013414334428317132,-0.013414334428317132,False,False,,
true:shuffled,11a08ff383a6451bbda6b9af56cfa6e2,12,097394612e494d1ebe1750ed54a27763,0.6252515171839145,0.6551271818904324,-0.029875664706517924,0.4047143015026136,0.3851430675857078,0.019571233916905795,-0.019571233916905795,False,False,,
true:shuffled,11a08ff383a6451bbda6b9af56cfa6e2,16,63d7813869b34ee9aa65064e93775e58,0.4765102048964582,0.523487430478718,-0.04697722558225986,0.6438930180941715,0.6090661258202056,0.03482689227396596,-0.03482689227396596,False,False,,
true:shuffled,11a08ff383a6451bbda6b9af56cfa6e2,17,3d5a6fe339f3490297e4b9d1f3949618,0.4333250588933938,0.4789640109568269,-0.0456389520634331,0.697214295539902,0.6510981483210291,0.046116147218872916,-0.046116147218872916,False,False,,
true:shuffled,11a08ff383a6451bbda6b9af56cfa6e2,18,306e66375cf94c7881864ba03782d2d2,0.4673723808333835,0.5160566874793358,-0.04868430664595225,0.6807434844583046,0.6382726307115084,0.042470853746796156,-0.042470853746796156,False,False,,
true:shuffled,11a08ff383a6451bbda6b9af56cfa6e2,20,60448167db014ef49dcfb65d89d69b3f,0.39603098091840105,0.4385419593540052,-0.04251097843560414,0.6871380997367726,0.635532666267755,0.05160543346901769,-0.05160543346901769,False,False,,
true:shuffled,11a08ff383a6451bbda6b9af56cfa6e2,24,4734352144ac49a7b02960b99573fc14,0.4819988146543902,0.5327109769857864,-0.05071216233139619,0.5371513722584134,0.4858133454053295,0.05133802685308386,-0.05133802685308386,False,False,,
true:shuffled,11a08ff383a6451bbda6b9af56cfa6e2,25,0ab9ec2730894df2b48df70d0d2e84a9,0.5142578872657667,0.5680285898080212,-0.05377070254225447,0.5223699456205326,0.47486563347318905,0.047504312147343575,-0.047504312147343575,False,False,,
true:shuffled,11a08ff383a6451bbda6b9af56cfa6e2,26,cb708f56b6104d638f93e3906cba5b82,0.5489364121088582,0.6065559420424829,-0.057619529933624625,0.5102713134439216,0.46636223972499397,0.04390907371892766,-0.04390907371892766,False,False,,
true:shuffled,11a08ff383a6451bbda6b9af56cfa6e2,28,7f769bb638214009813b92df0cfb501a,0.6261491958528643,0.692464835644956,-0.06631563979209165,0.5014307560859793,0.4679901742548071,0.03344058183117221,-0.03344058183117221,False,False,,
true:shuffled,11a08ff383a6451bbda6b9af56cfa6e2,30,770820077d44452a8428299e33808c0f,0.5927014307658948,0.6539847978634146,-0.0612833670975198,0.602092299719501,0.5717336026304414,0.030358697089059583,-0.030358697089059583,False,False,,
true:shuffled,0cfdfb5bbe8a41268271e24f2edefb9c,0,65e07a70e6b5404a87bf34e49d4c0924,1.0000000000000913,1.0000000000000913,0.0,0.0,0.0,0.0,0.0,False,False,,
true:shuffled,0cfdfb5bbe8a41268271e24f2edefb9c,1,9ab5069c183c492b82b0ab30133080c1,0.9727803902146045,0.9727705692355899,9.82097901458534e-06,0.025122169735338165,0.025124136878374167,-1.967143036001734e-06,1.967143036001734e-06,False,False,,
true:shuffled,0cfdfb5bbe8a41268271e24f2edefb9c,2,4258ba3b8b8142f48c3249d310a8c3d2,0.9486464147875512,0.9486542902887813,-7.87550123015901e-06,0.0490890239688233,0.04906019527993864,2.8828688884659226e-05,-2.8828688884659226e-05,False,False,,
true:shuffled,0cfdfb5bbe8a41268271e24f2edefb9c,4,83f3eb36fc7144ab902e192db3a98c06,0.9159100788833329,0.9158995318465719,1.054703676095503e-05,0.06651726950058198,0.06656136114634553,-4.409164576354985e-05,4.409164576354985e-05,False,False,,
true:shuffled,0cfdfb5bbe8a41268271e24f2edefb9c,8,cb440b4d1912467fb51d871f0ccf8e8a,0.84610911319715,0.846128930378763,-1.9817181613035473e-05,0.11330721696268828,0.11328852156398762,1.8695398700654953e-05,-1.8695398700654953e-05,True,True,,
true:shuffled,0cfdfb5bbe8a41268271e24f2edefb9c,9,13546ea263ff48f49899cb30ac0004e9,0.8230788036042644,0.8230977677544973,-1.8964150232836374e-05,0.13661107678986287,0.13658648996124775,2.4586828615114076e-05,-2.4586828615114076e-05,True,True,,
true:shuffled,0cfdfb5bbe8a41268271e24f2edefb9c,10,9b77dad2bdcf4814b042fa47889f19f6,0.8001943303557278,0.8002119122989434,-1.7581943215549956e-05,0.16219631951365512,0.162167920226017,2.8399287638120052e-05,-2.8399287638120052e-05,True,True,,
true:shuffled,0cfdfb5bbe8a41268271e24f2edefb9c,12,097394612e494d1ebe1750ed54a27763,0.7648772863343458,0.764893455913497,-1.616957915118178e-05,0.20812813850271408,0.20809673325322012,3.140524949396539e-05,-3.140524949396539e-05,True,True,,
true:shuffled,0cfdfb5bbe8a41268271e24f2edefb9c,16,63d7813869b34ee9aa65064e93775e58,0.7002991183085625,0.7003115090064097,-1.2390697847197707e-05,0.3028427224420806,0.3028084401491306,3.4282292949994186e-05,-3.4282292949994186e-05,True,True,,
true:shuffled,0cfdfb5bbe8a41268271e24f2edefb9c,17,3d5a6fe339f3490297e4b9d1f3949618,0.694859769718977,0.6948804127345167,-2.064301553972303e-05,0.29222615849731165,0.2921925253911093,3.36331062023576e-05,-3.36331062023576e-05,False,False,,
true:shuffled,0cfdfb5bbe8a41268271e24f2edefb9c,18,306e66375cf94c7881864ba03782d2d2,0.6872606692835769,0.6872603573067125,3.11976864342256e-07,0.2875518533496493,0.28753157630881465,2.0277040834626447e-05,-2.0277040834626447e-05,False,False,,
true:shuffled,0cfdfb5bbe8a41268271e24f2edefb9c,20,60448167db014ef49dcfb65d89d69b3f,0.6535695128945589,0.6535664833164287,3.029578130142596e-06,0.30896866152776636,0.30894825385752894,2.0407670237421183e-05,-2.0407670237421183e-05,False,False,,
true:shuffled,0cfdfb5bbe8a41268271e24f2edefb9c,24,4734352144ac49a7b02960b99573fc14,0.602889193317428,0.6027896557262183,9.953759120961969e-05,0.35824366417000536,0.3585154823532115,-0.0002718181832061517,0.0002718181832061517,False,False,,
true:shuffled,0cfdfb5bbe8a41268271e24f2edefb9c,25,0ab9ec2730894df2b48df70d0d2e84a9,0.5881590479140344,0.588096877855161,6.217005887343419e-05,0.37098182840109706,0.3711477511652492,-0.0001659227641521155,0.0001659227641521155,False,False,,
true:shuffled,0cfdfb5bbe8a41268271e24f2edefb9c,26,cb708f56b6104d638f93e3906cba5b82,0.5624959403995863,0.5631278653284401,-0.0006319249288537776,0.39778061819608673,0.3965888462169416,0.0011917719791451065,-0.0011917719791451065,False,False,,
true:shuffled,0cfdfb5bbe8a41268271e24f2edefb9c,28,7f769bb638214009813b92df0cfb501a,0.5059988982433753,0.5065095550480915,-0.0005106568047161808,0.46380061927606375,0.4621881806605244,0.0016124386155393355,-0.0016124386155393355,False,False,,
true:shuffled,0cfdfb5bbe8a41268271e24f2edefb9c,32,15f4465f9fe44b80ab54908983b1cf68,0.3593667516725505,0.3596117118870453,-0.0002449602144948271,0.6747761315156225,0.6748471821476999,-7.105063207735185e-05,7.105063207735185e-05,False,False,,
true:shuffled,0cfdfb5bbe8a41268271e24f2edefb9c,33,f94199c2a589484d8e32dd6bf4931d4f,0.31820392263711317,0.31838409228304243,-0.00018016964592926232,0.7547645008162139,0.7554045678820781,-0.0006400670658641694,0.0006400670658641694,False,False,,
true:shuffled,0cfdfb5bbe8a41268271e24f2edefb9c,34,a07f902656eb4f0fb2e5a77f803fb37c,0.2774815505657535,0.27665053004151996,0.0008310205242335611,0.8408322975372865,0.8418512575554947,-0.001018960018208226,0.001018960018208226,False,False,,
true:shuffled,0cfdfb5bbe8a41268271e24f2edefb9c,36,7ac804cee1cd4d48ac2ea0ac97726bc9,0.19565324130112077,0.19503910451227613,0.0006141367888446436,1.0195338942833843,1.0209571210459276,-0.0014232267625433614,0.0014232267625433614,False,False,,
true:shuffled,0cfdfb5bbe8a41268271e24f2edefb9c,40,76c090ac27774e66a592f40998d5537c,0.07071232619418757,0.07028496347375889,0.0004273627204286895,1.3833423984162905,1.3855127861498693,-0.0021703877335788047,0.0021703877335788047,False,False,,
true:shuffled,1a018f3bcdea44f9ab60912938495032,0,4258ba3b8b8142f48c3249d310a8c3d2,0.9999999999999052,0.9999999999999052,0.0,0.0,0.0,0.0,0.0,False,False,,
true:shuffled,1a018f3bcdea44f9ab60912938495032,1,8970a737ebee4443af37102473aaef8b,0.0,0.0,0.0,7.602963815431101,7.602996087405486,-3.227197438437912e-05,3.227197438437912e-05,False,False,,
true:shuffled,1a018f3bcdea44f9ab60912938495032,2,83f3eb36fc7144ab902e192db3a98c06,0.0,0.0,0.0,14.445174251520259,13.85360512301869,0.5915691285015683,-0.5915691285015683,False,False,,
true:shuffled,1a018f3bcdea44f9ab60912938495032,4,ef823f39fe034fdc9651a363fc81327b,0.0,0.0,0.0,21.6482605057138,20.451788444172017,1.1964720615417832,-1.1964720615417832,False,False,,
true:shuffled,1a018f3bcdea44f9ab60912938495032,8,9b77dad2bdcf4814b042fa47889f19f6,0.0,0.0,0.0,21.98017168443527,20.783644854489083,1.1965268299461869,-1.1965268299461869,True,True,,
true:shuffled,1a018f3bcdea44f9ab60912938495032,9,2b77a910c5e749f9a620d893361c1976,0.0,0.0,0.0,22.110347167283546,20.913821445631562,1.1965257216519838,-1.1965257216519838,True,True,,
true:shuffled,1a018f3bcdea44f9ab60912938495032,10,097394612e494d1ebe1750ed54a27763,0.0,0.0,0.0,22.241932174321764,21.04540937590166,1.196522798420105,-1.196522798420105,True,True,,
true:shuffled,1a018f3bcdea44f9ab60912938495032,12,746857c6bd46430fa4b5b82186e716e0,0.0,0.0,0.0,22.50227626361993,21.305757924839632,1.1965183387802973,-1.1965183387802973,True,True,,
true:shuffled,1a018f3bcdea44f9ab60912938495032,16,306e66375cf94c7881864ba03782d2d2,0.0,0.0,0.0,22.50723949838668,21.31045609855201,1.196783399834672,-1.196783399834672,True,True,,
true:shuffled,1a018f3bcdea44f9ab60912938495032,17,49cd09e4a07145258972fc4e6b18e42d,0.0,0.0,0.0,22.509590801169704,21.312803516253418,1.1967872849162866,-1.1967872849162866,True,True,,
true:shuffled,1a018f3bcdea44f9ab60912938495032,18,60448167db014ef49dcfb65d89d69b3f,0.0,0.0,0.0,22.510932946799137,21.31415306831308,1.1967798784860584,-1.1967798784860584,True,True,,
true:shuffled,1a018f3bcdea44f9ab60912938495032,20,a82ac06abf0d4d5ea70af9e19e82305e,0.0,0.0,0.0,22.513950127280044,21.31720374752728,1.1967463797527635,-1.1967463797527635,True,True,,
true:shuffled,1a018f3bcdea44f9ab60912938495032,24,cb708f56b6104d638f93e3906cba5b82,0.0,0.0,0.0,22.523433815241592,21.326880036678357,1.196553778563235,-1.196553778563235,True,True,,
true:shuffled,1a018f3bcdea44f9ab60912938495032,25,fd6002d736cb405796fc4fbdd5af6f7f,0.0,0.0,0.0,22.521218818837994,21.3268788503721,1.1943399684658935,-1.1943399684658935,False,False,,
true:shuffled,1a018f3bcdea44f9ab60912938495032,26,7f769bb638214009813b92df0cfb501a,0.0,0.0,0.0,22.59211337523066,21.396837576360543,1.1952757988701173,-1.1952757988701173,False,False,,
true:shuffled,1a018f3bcdea44f9ab60912938495032,28,770820077d44452a8428299e33808c0f,0.0,0.0,0.0,22.69698986705518,21.50016557940603,1.1968242876491502,-1.1968242876491502,False,False,,
true:shuffled,1a018f3bcdea44f9ab60912938495032,32,a07f902656eb4f0fb2e5a77f803fb37c,0.0,0.0,0.0,21.434783742053888,20.563949709512812,0.8708340325410759,-0.8708340325410759,False,False,,
true:shuffled,1a018f3bcdea44f9ab60912938495032,33,bec365d878c4413d85d5fbb3eb3b3f46,0.0,0.0,0.0,21.486587006585193,20.624578693075218,0.8620083135099748,-0.8620083135099748,False,False,,
true:shuffled,1a018f3bcdea44f9ab60912938495032,34,7ac804cee1cd4d48ac2ea0ac97726bc9,0.0,0.0,0.0,21.457817972270835,20.60442216108348,0.8533958111873545,-0.8533958111873545,False,False,,
true:shuffled,1a018f3bcdea44f9ab60912938495032,36,fa8abe51b4104eb68fc7f85ab1c475bb,0.0,0.0,0.0,21.34372840855585,20.485579917783223,0.8581484907726278,-0.8581484907726278,False,False,,
true:shuffled,1a018f3bcdea44f9ab60912938495032,38,76c090ac27774e66a592f40998d5537c,0.0,0.0,0.0,20.004284163831368,20.492314859514607,-0.4880306956832392,0.4880306956832392,False,False,,
true:shuffled,f987ba5f8e6243889a731f8cffe1934b,0,4258ba3b8b8142f48c3249d310a8c3d2,1.0000000000000693,1.0000000000000693,0.0,0.0,0.0,0.0,0.0,False,False,,
true:shuffled,f987ba5f8e6243889a731f8cffe1934b,1,8970a737ebee4443af37102473aaef8b,0.990275171440733,0.990531675590883,-0.0002565041501499943,0.0055532939464449866,0.00547121749252497,8.207645392001653e-05,-8.207645392001653e-05,False,False,,
true:shuffled,f987ba5f8e6243889a731f8cffe1934b,2,83f3eb36fc7144ab902e192db3a98c06,0.974072622972533,0.974350300358052,-0.0002776773855189818,0.016032748751131396,0.01575903984995512,0.00027370890117627694,-0.00027370890117627694,False,False,,
true:shuffled,f987ba5f8e6243889a731f8cffe1934b,4,ef823f39fe034fdc9651a363fc81327b,0.9637903688503291,0.850488809133744,0.11330155971658507,0.021850083447741753,0.13109710520979423,-0.10924702176205248,0.10924702176205248,False,False,,
true:shuffled,f987ba5f8e6243889a731f8cffe1934b,8,9b77dad2bdcf4814b042fa47889f19f6,0.8882235191780323,0.8243493364204084,0.06387418275762391,0.07641334004338483,0.1853536087205891,-0.10894026867720426,0.10894026867720426,False,False,,
true:shuffled,f987ba5f8e6243889a731f8cffe1934b,9,2b77a910c5e749f9a620d893361c1976,0.8103321173241798,0.7515924947225435,0.05873962260163623,0.14297799204883177,0.22714968896087215,-0.08417169691204038,0.08417169691204038,False,False,,
true:shuffled,f987ba5f8e6243889a731f8cffe1934b,10,097394612e494d1ebe1750ed54a27763,0.7413561272946205,0.6991882061753296,0.04216792111929091,0.2034490720807511,0.2631202404375342,-0.05967116835678307,0.05967116835678307,False,False,,
true:shuffled,f987ba5f8e6243889a731f8cffe1934b,12,746857c6bd46430fa4b5b82186e716e0,0.895083091544206,0.8420037493962403,0.053079342147965614,0.0668170880943331,0.1789989525995179,-0.1121818645051848,0.1121818645051848,False,False,,
true:shuffled,f987ba5f8e6243889a731f8cffe1934b,16,306e66375cf94c7881864ba03782d2d2,0.7094425444262962,0.6812057118512391,0.028236832575057047,0.2265998217143829,0.2804755190874606,-0.05387569737307771,0.05387569737307771,False,False,,
true:shuffled,f987ba5f8e6243889a731f8cffe1934b,17,49cd09e4a07145258972fc4e6b18e42d,0.6128271791255081,0.6044970434604671,0.008330135665041039,0.31790591314767,0.34714484844410487,-0.029238935296434843,0.029238935296434843,False,False,,
true:shuffled,f987ba5f8e6243889a731f8cffe1934b,18,60448167db014ef49dcfb65d89d69b3f,0.5463438865977582,0.5441232742260126,0.002220612371745645,0.3921471077316694,0.41243906059677204,-0.020291952865102658,0.020291952865102658,False,False,,
true:shuffled,f987ba5f8e6243889a731f8cffe1934b,20,a82ac06abf0d4d5ea70af9e19e82305e,0.4447201766324258,0.4382982831896733,0.006421893442752513,0.5310354460772674,0.5569220928640536,-0.025886646786786205,0.025886646786786205,False,False,,
true:shuffled,f987ba5f8e6243889a731f8cffe1934b,24,cb708f56b6104d638f93e3906cba5b82,0.3520649414024941,0.35436653994927314,-0.0023015985467790268,0.6700999276876404,0.6891911575505927,-0.019091229862952308,0.019091229862952308,False,False,,
true:shuffled,f987ba5f8e6243889a731f8cffe1934b,25,fd6002d736cb405796fc4fbdd5af6f7f,0.33049552896135975,0.3331563350983185,-0.0026608061369587377,0.7065875998901479,0.7275253660651573,-0.02093776617500942,0.02093776617500942,False,False,,
true:shuffled,f987ba5f8e6243889a731f8cffe1934b,26,7f769bb638214009813b92df0cfb501a,0.31172268350169746,0.3139956830047621,-0.0022729995030646433,0.740564912539279,0.7632048979707805,-0.022639985431501475,0.022639985431501475,False,False,,
true:shuffled,f987ba5f8e6243889a731f8cffe1934b,28,770820077d44452a8428299e33808c0f,0.24951832362040063,0.248412085866529,0.0011062377538716417,0.8598207130793146,0.8849102752753427,-0.025089562196028092,0.025089562196028092,False,False,,
true:shuffled,f987ba5f8e6243889a731f8cffe1934b,32,a07f902656eb4f0fb2e5a77f803fb37c,0.07391547287434247,0.07303657808619471,0.0008788947881477605,1.2739081351920132,1.2930763300872476,-0.01916819489523447,0.01916819489523447,False,False,,
true:shuffled,64b22104a573415a8c860fc22214619c,0,20601ccb0ab0445db56bad84060c1323,1.000000000000035,1.000000000000035,0.0,0.0,0.0,0.0,0.0,False,False,,
true:shuffled,64b22104a573415a8c860fc22214619c,1,746857c6bd46430fa4b5b82186e716e0,0.859438798334753,0.8594390532544723,-2.549197193335573e-07,0.11965122785911113,0.11965214958974968,-9.217306385506108e-07,9.217306385506108e-07,False,False,,
true:shuffled,64b22104a573415a8c860fc22214619c,2,ef4fbe4064a74ce6b0a52cb3dd2e0bf0,0.7436566497572058,0.7436613761079114,-4.726350705586135e-06,0.23540295084965432,0.2353929494656497,1.0001384004615366e-05,-1.0001384004615366e-05,False,False,,
true:shuffled,64b22104a573415a8c860fc22214619c,4,3d5a6fe339f3490297e4b9d1f3949618,0.5624254110058556,0.5624094480339236,1.5962971932070857e-05,0.45859012490938317,0.45860854186753386,-1.8416958150691e-05,1.8416958150691e-05,False,False,,
true:shuffled,64b22104a573415a8c860fc22214619c,8,f0bb168a6bc34e0bba79dd122b6394b0,0.29964587300578144,0.29964353377185726,2.3392339241756765e-06,0.9036929468146525,0.9036980377543344,-5.090939681928752e-06,5.090939681928752e-06,False,False,,
true:shuffled,64b22104a573415a8c860fc22214619c,9,a82ac06abf0d4d5ea70af9e19e82305e,0.24478159576086508,0.2447817502082531,-1.5444738801773106e-07,1.020032480543945,1.020029952534274,2.528009670932363e-06,-2.528009670932363e-06,False,False,,
true:shuffled,64b22104a573415a8c860fc22214619c,10,2a572213c61c4d40a1955c2aecee6104,0.19606468636934357,0.19605316888440621,1.1517484937356715e-05,1.1340137663347445,1.1340397279881549,-2.5961653410400132e-05,2.5961653410400132e-05,False,False,,
true:shuffled,64b22104a573415a8c860fc22214619c,12,0ab9ec2730894df2b48df70d0d2e84a9,0.14097018039581274,0.1409626318885625,7.5485072502379236e-06,1.2771079067280475,1.2771260977212298,-1.8190993182232162e-05,1.8190993182232162e-05,False,False,,
true:shuffled,64b22104a573415a8c860fc22214619c,16,f76469bb5b5747dbaedb1c59990b5579,0.09812014563095799,0.09811402156738257,6.124063575418948e-06,1.3964146604840122,1.3964307596300456,-1.6099146033399236e-05,1.6099146033399236e-05,False,False,,
true:shuffled,64b22104a573415a8c860fc22214619c,17,770820077d44452a8428299e33808c0f,0.08657496787967649,0.08658489993876901,-9.932059092526702e-06,1.4311478800831663,1.431097768047195,5.011203597127256e-05,-5.011203597127256e-05,False,False,,
true:shuffled,64b22104a573415a8c860fc22214619c,18,8a7007fd59cf4f39a3855b0e82136105,0.07394781888825486,0.09872755943848517,-0.024779740550230314,1.501604350435391,1.4146569364966333,0.08694741393875782,-0.08694741393875782,False,False,,
true:shuffled,64b22104a573415a8c860fc22214619c,20,f94199c2a589484d8e32dd6bf4931d4f,0.03310101269614909,0.03860476912085214,-0.005503756424703049,1.7019334862298339,1.7207591648208331,-0.018825678590999262,0.018825678590999262,False,False,,
true:shuffled,64b22104a573415a8c860fc22214619c,24,54259afa6c644e1d99422df9da1c8f35,0.0,0.0,0.0,1.9017169874907103,2.024669805053507,-0.12295281756279652,0.12295281756279652,False,False,,
true:shuffled,64b22104a573415a8c860fc22214619c,25,fa8abe51b4104eb68fc7f85ab1c475bb,0.0,0.0,0.0,1.889256372558038,2.006741005412658,-0.11748463285462019,0.11748463285462019,False,False,,
true:shuffled,64b22104a573415a8c860fc22214619c,26,bc84a61f13f744cd8f5aa8e888ce879b,0.0,0.0,0.0,1.8786002651916947,1.991375491402593,-0.1127752262108983,0.1127752262108983,False,False,,
true:shuffled,64b22104a573415a8c860fc22214619c,27,76c090ac27774e66a592f40998d5537c,0.0,0.0,0.0,1.9504016006460703,2.087434595932595,-0.13703299528652457,0.13703299528652457,False,False,,
true:shuffled,98eef3fdea464efd92fb6aaf0ebe8c9a,0,20601ccb0ab0445db56bad84060c1323,0.9999999999998564,0.9999999999998564,0.0,0.0,0.0,0.0,0.0,False,False,,
true:shuffled,98eef3fdea464efd92fb6aaf0ebe8c9a,1,746857c6bd46430fa4b5b82186e716e0,0.592283060814031,0.592283060814031,0.0,0.31191665553472964,0.31191665553472964,0.0,0.0,True,True,,
true:shuffled,98eef3fdea464efd92fb6aaf0ebe8c9a,2,ef4fbe4064a74ce6b0a52cb3dd2e0bf0,0.2960235819751758,0.2960235819751758,0.0,0.7480815463570148,0.7480815463570148,0.0,0.0,True,True,,
true:shuffled,98eef3fdea464efd92fb6aaf0ebe8c9a,4,3d5a6fe339f3490297e4b9d1f3949618,0.11307732523493524,0.11307732523493524,0.0,1.2361391324332083,1.2361391324332083,0.0,0.0,False,False,,
true:shuffled,98eef3fdea464efd92fb6aaf0ebe8c9a,8,f0bb168a6bc34e0bba79dd122b6394b0,0.13323530785725163,0.13323957878208056,-4.270924828936318e-06,1.190503028722256,1.190485184162794,1.784455946207686e-05,-1.784455946207686e-05,False,False,,
true:shuffled,98eef3fdea464efd92fb6aaf0ebe8c9a,9,a82ac06abf0d4d5ea70af9e19e82305e,0.1401275623532068,0.14006895567648167,5.8606676725136975e-05,1.1619980471106617,1.1621504424449804,-0.00015239533431876673,0.00015239533431876673,False,False,,
true:shuffled,98eef3fdea464efd92fb6aaf0ebe8c9a,10,2a572213c61c4d40a1955c2aecee6104,0.14529096800250238,0.14526461609962923,2.635190287314515e-05,1.141616520525791,1.1417323527912817,-0.00011583226549061187,0.00011583226549061187,False,False,,
true:shuffled,98eef3fdea464efd92fb6aaf0ebe8c9a,12,0ab9ec2730894df2b48df70d0d2e84a9,0.12027856928675715,0.12027267460112148,5.894685635665642e-06,1.2196064616862923,1.2196810024725144,-7.454078622215476e-05,7.454078622215476e-05,False,False,,
true:shuffled,98eef3fdea464efd92fb6aaf0ebe8c9a,16,f76469bb5b5747dbaedb1c59990b5579,0.053032108068099736,0.05302406211341364,8.04595468609226e-06,1.4792376815609474,1.4792693539286168,-3.1672367669433044e-05,3.1672367669433044e-05,False,False,,
true:shuffled,98eef3fdea464efd92fb6aaf0ebe8c9a,17,770820077d44452a8428299e33808c0f,0.042886147701811705,0.042877588423806165,8.55927800554046e-06,1.5236316936549958,1.5236693660719083,-3.767241691243761e-05,3.767241691243761e-05,False,False,,
true:shuffled,98eef3fdea464efd92fb6aaf0ebe8c9a,18,8a7007fd59cf4f39a3855b0e82136105,0.021958311382120257,0.02194504731133212,1.3264070788138183e-05,1.6298183525894594,1.6298837531510606,-6.540056160120322e-05,6.540056160120322e-05,False,False,,
true:shuffled,98eef3fdea464efd92fb6aaf0ebe8c9a,20,f94199c2a589484d8e32dd6bf4931d4f,0.0,0.0,0.0,1.8710816855610897,1.871160232605815,-7.854704472531893e-05,7.854704472531893e-05,False,False,,
true:shuffled,98eef3fdea464efd92fb6aaf0ebe8c9a,24,54259afa6c644e1d99422df9da1c8f35,0.0,0.0,0.0,2.095834033626787,2.095829440618603,4.593008184006209e-06,-4.593008184006209e-06,False,False,,
true:shuffled,98eef3fdea464efd92fb6aaf0ebe8c9a,25,fa8abe51b4104eb68fc7f85ab1c475bb,0.0,0.0,0.0,2.2224647134258793,2.222417217602131,4.749582374818928e-05,-4.749582374818928e-05,False,False,,
true:shuffled,98eef3fdea464efd92fb6aaf0ebe8c9a,26,bc84a61f13f744cd8f5aa8e888ce879b,0.0,0.0,0.0,2.348616934761967,2.348677544539042,-6.06097770750047e-05,6.06097770750047e-05,False,False,,
true:shuffled,98eef3fdea464efd92fb6aaf0ebe8c9a,27,76c090ac27774e66a592f40998d5537c,0.0,0.0,0.0,2.550028280995099,2.550066349799923,-3.806880482404296e-05,3.806880482404296e-05,False,False,,
true:shuffled,e5cabb9d6b474377a206feab4ec64d3f,0,8a7007fd59cf4f39a3855b0e82136105,0.9999999999999649,0.9999999999999649,0.0,0.0,0.0,0.0,0.0,False,False,,
true:shuffled,e5cabb9d6b474377a206feab4ec64d3f,1,15f4465f9fe44b80ab54908983b1cf68,0.8943319884321831,0.8925841412241188,0.0017478472080643126,0.09857600416121075,0.09821167409727338,0.00036433006393736533,-0.00036433006393736533,False,False,,
true:shuffled,e5cabb9d6b474377a206feab4ec64d3f,2,f94199c2a589484d8e32dd6bf4931d4f,0.7291801969534035,0.7294055910700525,-0.00022539411664901365,0.2373883002368837,0.23706023926164038,0.0003280609752433217,-0.0003280609752433217,False,False,,
true:shuffled,e5cabb9d6b474377a206feab4ec64d3f,4,bec365d878c4413d85d5fbb3eb3b3f46,0.4891726088586406,0.4892734131649815,-0.00010080430634090698,0.4196484755157983,0.419630319246586,1.8156269212310505e-05,-1.8156269212310505e-05,False,False,,
true:shuffled,e5cabb9d6b474377a206feab4ec64d3f,8,bc84a61f13f744cd8f5aa8e888ce879b,0.6687545428491627,0.6691821955290255,-0.0004276526798627778,0.24365954829534686,0.24319106622155512,0.0004684820737917428,-0.0004684820737917428,False,False,,
true:shuffled,e5cabb9d6b474377a206feab4ec64d3f,9,76c090ac27774e66a592f40998d5537c,0.5310742172663436,0.5313151367704039,-0.0002409195040602441,0.3552088570016106,0.3554283241352754,-0.00021946713366483017,0.00021946713366483017,False,False,,
true:shuffled,64ce64c25d424c3088db384021d8dbb3,0,bec365d878c4413d85d5fbb3eb3b3f46,0.9999999999999152,0.9999999999999152,0.0,0.0,0.0,0.0,0.0,False,False,,
true:shuffled,64ce64c25d424c3088db384021d8dbb3,1,7ac804cee1cd4d48ac2ea0ac97726bc9,0.9905392666465621,0.9905281138862899,1.1152760272192808e-05,0.008336329084629987,0.009035148477345947,-0.0006988193927159603,0.0006988193927159603,False,False,,
true:shuffled,64ce64c25d424c3088db384021d8dbb3,2,54259afa6c644e1d99422df9da1c8f35,0.8154167242536567,0.8154786689952029,-6.194474154619378e-05,0.1457178485061337,0.14624937059293097,-0.0005315220867972703,0.0005315220867972703,False,False,,
true:shuffled,64ce64c25d424c3088db384021d8dbb3,3,fa8abe51b4104eb68fc7f85ab1c475bb,0.7573179164025534,0.7571708593743707,0.0001470570281827399,0.16460918963910692,0.16478639247867433,-0.00017720283956740301,0.00017720283956740301,False,False,,
true:shuffled,64ce64c25d424c3088db384021d8dbb3,4,bc84a61f13f744cd8f5aa8e888ce879b,0.7096995464825552,0.7098555140714452,-0.00015596758889002693,0.20640101749881715,0.2066723046933057,-0.0002712871944885453,0.0002712871944885453,False,False,,
true:shuffled,64ce64c25d424c3088db384021d8dbb3,5,76c090ac27774e66a592f40998d5537c,0.7894372078689181,0.791803000652522,-0.002365792783603826,0.14797963984813464,0.1463293405571493,0.001650299290985341,-0.001650299290985341,False,False,,
true:shuffled,3eff2b1ecf29497e9967dd21509431fe,0,fd6002d736cb405796fc4fbdd5af6f7f,0.9999999999999994,0.9999999999999994,0.0,0.0,0.0,0.0,0.0,False,False,,
true:shuffled,3eff2b1ecf29497e9967dd21509431fe,1,7f769bb638214009813b92df0cfb501a,0.8654447122243998,0.865289919092552,0.00015479313184774135,0.09388326676080039,0.09383173510043964,5.1531660360745746e-05,-5.1531660360745746e-05,False,False,,
true:shuffled,3eff2b1ecf29497e9967dd21509431fe,2,f76469bb5b5747dbaedb1c59990b5579,0.7503202653228799,0.7500727473355693,0.00024751798731059704,0.18810306541804037,0.18806283864262544,4.0226775414931026e-05,-4.0226775414931026e-05,False,False,,
true:shuffled,3eff2b1ecf29497e9967dd21509431fe,4,8a7007fd59cf4f39a3855b0e82136105,0.5656676209393183,0.5658014160932227,-0.00013379515390432584,0.37913245877364904,0.37924121595707266,-0.0001087571834236245,0.0001087571834236245,False,False,,
true:shuffled,3eff2b1ecf29497e9967dd21509431fe,8,bec365d878c4413d85d5fbb3eb3b3f46,0.3179225822399401,0.31799906422341545,-7.648198347537383e-05,0.7917523785769252,0.7918140173012824,-6.163872435727136e-05,6.163872435727136e-05,False,False,,
true:shuffled,3eff2b1ecf29497e9967dd21509431fe,9,7ac804cee1cd4d48ac2ea0ac97726bc9,0.3463632430655628,0.3463211555945524,4.208747101042132e-05,0.7310358889446714,0.7310515442381664,-1.565529349500938e-05,1.565529349500938e-05,False,False,,
true:shuffled,3eff2b1ecf29497e9967dd21509431fe,10,54259afa6c644e1d99422df9da1c8f35,0.4951734471323854,0.4957356163351382,-0.0005621692027527603,0.49457962676879064,0.4938509514588134,0.0007286753099772225,-0.0007286753099772225,False,False,,
true:shuffled,3eff2b1ecf29497e9967dd21509431fe,12,bc84a61f13f744cd8f5aa8e888ce879b,0.47463379741875966,0.4742675196388731,0.0003662777798865702,0.5449094664154668,0.5456372671002737,-0.000727800684806934,0.000727800684806934,False,False,,
true:shuffled,3eff2b1ecf29497e9967dd21509431fe,13,76c090ac27774e66a592f40998d5537c,0.3488142708821184,0.34835811141491824,0.00045615946720017897,0.7519221608858156,0.7526589296475266,-0.0007367687617109153,0.0007367687617109153,False,False,,
true:shuffled,65acd0cbce474d9cb2eef362a1b279be,0,65e07a70e6b5404a87bf34e49d4c0924,1.0000000000000564,1.0000000000000564,0.0,0.0,0.0,0.0,0.0,False,False,,
true:shuffled,65acd0cbce474d9cb2eef362a1b279be,1,9ab5069c183c492b82b0ab30133080c1,0.9285030183957605,0.9285030183957605,0.0,0.1733262819078531,0.1733262819078531,0.0,0.0,True,True,,
true:shuffled,65acd0cbce474d9cb2eef362a1b279be,2,4258ba3b8b8142f48c3249d310a8c3d2,0.8620081507721925,0.8620081507721925,0.0,0.3459855488311037,0.3459855488311037,0.0,0.0,True,True,,
true:shuffled,65acd0cbce474d9cb2eef362a1b279be,4,83f3eb36fc7144ab902e192db3a98c06,0.7489046796320428,0.7489046796320428,0.0,0.6747485556763273,0.6747485556763273,0.0,0.0,False,False,,
true:shuffled,65acd0cbce474d9cb2eef362a1b279be,8,cb440b4d1912467fb51d871f0ccf8e8a,0.6486655132302371,0.6486735645999935,-8.051369756345572e-06,0.7984857625811397,0.7984432870367277,4.247554441194623e-05,-4.247554441194623e-05,False,False,,
true:shuffled,65acd0cbce474d9cb2eef362a1b279be,9,13546ea263ff48f49899cb30ac0004e9,0.5828748328774512,0.582855494768084,1.933810936727287e-05,0.8837541151270992,0.8838121344004158,-5.801927331661183e-05,5.801927331661183e-05,False,False,,
true:shuffled,65acd0cbce474d9cb2eef362a1b279be,10,9b77dad2bdcf4814b042fa47889f19f6,0.5349323933695721,0.5348441901472722,8.820322229985411e-05,0.9947587058809783,0.9951803706434609,-0.00042166476248262086,0.00042166476248262086,False,False,,
true:shuffled,65acd0cbce474d9cb2eef362a1b279be,12,097394612e494d1ebe1750ed54a27763,0.4628559797783522,0.462650402551454,0.00020557722689817925,1.0673768193620845,1.067781807597581,-0.0004049882354963952,0.0004049882354963952,False,False,,
true:shuffled,65acd0cbce474d9cb2eef362a1b279be,16,63d7813869b34ee9aa65064e93775e58,0.5848697724659763,0.5845449840383192,0.0003247884276570412,1.059422376374324,1.0597411452514631,-0.0003187688771391084,0.0003187688771391084,False,False,,
true:shuffled,65acd0cbce474d9cb2eef362a1b279be,17,3d5a6fe339f3490297e4b9d1f3949618,0.5760769344288648,0.5754709616544603,0.0006059727744044396,1.08938289436897,1.089630232519711,-0.0002473381507408501,0.0002473381507408501,False,False,,
true:shuffled,65acd0cbce474d9cb2eef362a1b279be,18,306e66375cf94c7881864ba03782d2d2,0.639687647675211,0.6403109591745757,-0.000623311499364676,0.8786559880286313,0.8786820066334845,-2.601860485318408e-05,2.601860485318408e-05,False,False,,
true:shuffled,65acd0cbce474d9cb2eef362a1b279be,20,60448167db014ef49dcfb65d89d69b3f,0.6594993454220266,0.6588282079469817,0.0006711374750448806,0.8687218298625015,0.8688865889693976,-0.0001647591068961729,0.0001647591068961729,False,False,,
true:shuffled,65acd0cbce474d9cb2eef362a1b279be,24,4734352144ac49a7b02960b99573fc14,0.5511542941626244,0.5508956860624633,0.00025860810016109514,0.953040519169775,0.9529127380689252,0.00012778110084976646,-0.00012778110084976646,False,False,,
true:shuffled,65acd0cbce474d9cb2eef362a1b279be,25,0ab9ec2730894df2b48df70d0d2e84a9,0.5012177471449174,0.5011010189509641,0.00011672819395325273,1.0055982894546411,1.00524981407921,0.00034847537543103435,-0.00034847537543103435,False,False,,
true:shuffled,65acd0cbce474d9cb2eef362a1b279be,26,cb708f56b6104d638f93e3906cba5b82,0.5022674027646586,0.5023283228807129,-6.0920116054297146e-05,1.0040635568005787,1.0031255092974303,0.0009380475031484092,-0.0009380475031484092,False,False,,
true:shuffled,65acd0cbce474d9cb2eef362a1b279be,28,7f769bb638214009813b92df0cfb501a,0.4853021673990696,0.4843721444077,0.0009300229913696278,0.9943615343435087,0.997326031231722,-0.0029644968882133194,0.0029644968882133194,False,False,,
true:shuffled,65acd0cbce474d9cb2eef362a1b279be,32,15f4465f9fe44b80ab54908983b1cf68,0.36610155816163803,0.3654795183889126,0.0006220397727254023,1.1317023327755513,1.1342369192298023,-0.0025345864542509755,0.0025345864542509755,False,False,,
true:shuffled,65acd0cbce474d9cb2eef362a1b279be,33,f94199c2a589484d8e32dd6bf4931d4f,0.344310450896628,0.34381073551631636,0.0004997153803116272,1.1886930131001692,1.190827307754813,-0.0021342946546438757,0.0021342946546438757,False,False,,
true:shuffled,65acd0cbce474d9cb2eef362a1b279be,34,a07f902656eb4f0fb2e5a77f803fb37c,0.30771518399521347,0.3074975490492424,0.00021763494597104582,1.2718327181694664,1.2729570210976993,-0.0011243029282328454,0.0011243029282328454,False,False,,
true:shuffled,65acd0cbce474d9cb2eef362a1b279be,36,7ac804cee1cd4d48ac2ea0ac97726bc9,0.2506024369519733,0.2504878356814403,0.00011460127053303237,1.4554251280573538,1.4561765733629224,-0.0007514453055685877,0.0007514453055685877,False,False,,
true:shuffled,65acd0cbce474d9cb2eef362a1b279be,40,76c090ac27774e66a592f40998d5537c,0.20950130626997476,0.20936600439431235,0.00013530187566240803,1.4902593586282706,1.491269572472146,-0.0010102138438754515,0.0010102138438754515,False,False,,
true:shuffled,a9916751b03c494dafa2eddc4496e702,0,65e07a70e6b5404a87bf34e49d4c0924,1.0000000000000107,1.0000000000000107,0.0,0.0,0.0,0.0,0.0,False,False,,
true:shuffled,a9916751b03c494dafa2eddc4496e702,1,9ab5069c183c492b82b0ab30133080c1,0.9911811839678644,0.9912923004282169,-0.00011111646035255607,0.006186668198524862,0.0060382270397776935,0.0001484411587471682,-0.0001484411587471682,False,False,,
true:shuffled,a9916751b03c494dafa2eddc4496e702,2,4258ba3b8b8142f48c3249d310a8c3d2,0.9823634162197473,0.9823331324849172,3.0283734830161002e-05,0.012876723534435553,0.012522832618590137,0.00035389091584541593,-0.00035389091584541593,False,False,,
true:shuffled,a9916751b03c494dafa2eddc4496e702,4,83f3eb36fc7144ab902e192db3a98c06,0.9614797749690983,0.961059152276953,0.00042062269214526715,0.028361207285235182,0.027851119089915173,0.000510088195320009,-0.000510088195320009,False,False,,
true:shuffled,a9916751b03c494dafa2eddc4496e702,8,cb440b4d1912467fb51d871f0ccf8e8a,0.9125408582255612,0.9112178715448326,0.0013229866807286106,0.0721904497195709,0.07268365349079638,-0.00049320377122547,0.00049320377122547,False,False,,
true:shuffled,a9916751b03c494dafa2eddc4496e702,9,13546ea263ff48f49899cb30ac0004e9,0.8765340955528769,0.8743803659784102,0.0021537295744666896,0.1026309497945745,0.10358089805684559,-0.0009499482622710859,0.0009499482622710859,False,False,,
true:shuffled,a9916751b03c494dafa2eddc4496e702,10,9b77dad2bdcf4814b042fa47889f19f6,0.8398867022051779,0.8378003638716068,0.0020863383335710806,0.1350398737645579,0.13631344932779996,-0.0012735755632420631,0.0012735755632420631,False,False,,
true:shuffled,a9916751b03c494dafa2eddc4496e702,12,097394612e494d1ebe1750ed54a27763,0.7821812972414106,0.7810227608037636,0.001158536437646962,0.20262114659382957,0.2030872015353373,-0.0004660549415077264,0.0004660549415077264,False,False,,
true:shuffled,a9916751b03c494dafa2eddc4496e702,16,63d7813869b34ee9aa65064e93775e58,0.974274445068706,0.9729662625120775,0.0013081825566284566,0.022077680182677337,0.02486869127230089,-0.002791011089623551,0.002791011089623551,False,False,,
true:shuffled,a9916751b03c494dafa2eddc4496e702,17,3d5a6fe339f3490297e4b9d1f3949618,0.8330092686705591,0.8334616890158951,-0.00045242034533599096,0.14799627503950435,0.14769446085164004,0.0003018141878643188,-0.0003018141878643188,False,False,,
true:shuffled,a9916751b03c494dafa2eddc4496e702,18,306e66375cf94c7881864ba03782d2d2,0.7362920727157484,0.7372129800747381,-0.0009209073589897532,0.2423011255609558,0.24150454909102592,0.0007965764699298661,-0.0007965764699298661,False,False,,
true:shuffled,a9916751b03c494dafa2eddc4496e702,20,60448167db014ef49dcfb65d89d69b3f,0.6169206168339647,0.6174427815613968,-0.0005221647274320507,0.3952569696202073,0.3948978796343854,0.0003590899858219032,-0.0003590899858219032,False,False,,
true:shuffled,a9916751b03c494dafa2eddc4496e702,24,4734352144ac49a7b02960b99573fc14,0.5684245237866155,0.5684758357288866,-5.1311942271148325e-05,0.4130849234102141,0.4132716674478861,-0.0001867440376720486,0.0001867440376720486,False,False,,
true:shuffled,a9916751b03c494dafa2eddc4496e702,25,0ab9ec2730894df2b48df70d0d2e84a9,0.5301185231332084,0.529944735823818,0.00017378730939043852,0.4670049998805068,0.4675081698352436,-0.0005031699547368151,0.0005031699547368151,False,False,,
true:shuffled,bbe3bc5ca1434a2ea802f5ed5062785e,0,65e07a70e6b5404a87bf34e49d4c0924,0.999999999999945,0.999999999999945,0.0,0.0,0.0,0.0,0.0,False,False,,
true:shuffled,bbe3bc5ca1434a2ea802f5ed5062785e,1,9ab5069c183c492b82b0ab30133080c1,0.9847117984145913,0.9845864762631595,0.00012532215143179481,0.009766978275147319,0.009688243782609855,7.873449253746438e-05,-7.873449253746438e-05,False,False,,
true:shuffled,bbe3bc5ca1434a2ea802f5ed5062785e,2,4258ba3b8b8142f48c3249d310a8c3d2,0.9696725853788082,0.9693748078269921,0.0002977775518160364,0.019475016015241767,0.019415511565312984,5.950444992878362e-05,-5.950444992878362e-05,False,False,,
true:shuffled,bbe3bc5ca1434a2ea802f5ed5062785e,4,83f3eb36fc7144ab902e192db3a98c06,0.938804675346114,0.9390064396905478,-0.00020176434443375246,0.04146562117621014,0.04144225577748197,2.3365398728165954e-05,-2.3365398728165954e-05,False,False,,
true:shuffled,bbe3bc5ca1434a2ea802f5ed5062785e,8,cb440b4d1912467fb51d871f0ccf8e8a,0.8262468289401098,0.7871456404618701,0.039101188478239735,0.11715390231180647,0.16742814448582793,-0.05027424217402146,0.05027424217402146,False,False,,
true:shuffled,bbe3bc5ca1434a2ea802f5ed5062785e,9,13546ea263ff48f49899cb30ac0004e9,0.826568675336398,0.7723346724936109,0.05423400284278712,0.15982175372669527,0.2687597233929092,-0.10893796966621394,0.10893796966621394,False,False,,
true:shuffled,bbe3bc5ca1434a2ea802f5ed5062785e,10,9b77dad2bdcf4814b042fa47889f19f6,0.8096973671829161,0.7566218723335038,0.05307549484941232,0.1751716467897627,0.28988421926998786,-0.11471257248022515,0.11471257248022515,False,False,,
true:shuffled,bbe3bc5ca1434a2ea802f5ed5062785e,12,097394612e494d1ebe1750ed54a27763,0.6739724628470268,0.6335865692058525,0.040385893641174286,0.24633987188029516,0.3273493054343379,-0.08100943355404272,0.08100943355404272,False,False,,
true:shuffled,bbe3bc5ca1434a2ea802f5ed5062785e,16,63d7813869b34ee9aa65064e93775e58,0.8045228191584942,0.7224984387433816,0.08202438041511262,0.15841827340024908,0.27703108289895545,-0.11861280949870637,0.11861280949870637,False,False,,
true:shuffled,bbe3bc5ca1434a2ea802f5ed5062785e,17,3d5a6fe339f3490297e4b9d1f3949618,0.6445229631807681,0.5809726457991391,0.06355031738162897,0.27948182553843315,0.365580767230957,-0.08609894169252386,0.08609894169252386,False,False,,
true:shuffled,bbe3bc5ca1434a2ea802f5ed5062785e,18,306e66375cf94c7881864ba03782d2d2,0.5029019683473822,0.4557571196185145,0.047144848728867705,0.4614864187229165,0.5209097299831863,-0.059423311260269784,0.059423311260269784,False,False,,
true:shuffled,bbe3bc5ca1434a2ea802f5ed5062785e,20,60448167db014ef49dcfb65d89d69b3f,0.5312712714813951,0.4809363590839988,0.05033491239739629,0.4219965103076648,0.4840567513480352,-0.062060241040370445,0.062060241040370445,False,False,,
true:shuffled,bbe3bc5ca1434a2ea802f5ed5062785e,24,4734352144ac49a7b02960b99573fc14,0.5743260750725626,0.5187646966655959,0.05556137840696673,0.3636422332447503,0.435713987448846,-0.07207175420409567,0.07207175420409567,False,False,,
true:shuffled,6786acf4f6b644639d550c608785320f,0,65e07a70e6b5404a87bf34e49d4c0924,0.9999999999998824,0.9999999999998824,0.0,0.0,0.0,0.0,0.0,False,False,,
true:shuffled,6786acf4f6b644639d550c608785320f,1,9ab5069c183c492b82b0ab30133080c1,0.8717263517452356,0.8708627623278489,0.0008635894173867342,0.0887382261727349,0.08844979272250997,0.0002884334502249314,-0.0002884334502249314,False,False,,
true:shuffled,6786acf4f6b644639d550c608785320f,2,4258ba3b8b8142f48c3249d310a8c3d2,0.7631185151178316,0.7625161728728035,0.0006023422450280869,0.1765008328276108,0.17634667878436558,0.0001541540432452304,-0.0001541540432452304,False,False,,
true:shuffled,6786acf4f6b644639d550c608785320f,4,83f3eb36fc7144ab902e192db3a98c06,0.6082369997685604,0.6077698656013817,0.0004671341671786955,0.3303471812273103,0.3301631976143115,0.00018398361299881705,-0.00018398361299881705,False,False,,
true:shuffled,6786acf4f6b644639d550c608785320f,8,cb440b4d1912467fb51d871f0ccf8e8a,0.465672661744966,0.4654653082199147,0.00020735352505130145,0.5646610455681447,0.5643558511042431,0.00030519446390153693,-0.00030519446390153693,False,False,,
true:shuffled,6786acf4f6b644639d550c608785320f,9,13546ea263ff48f49899cb30ac0004e9,0.45591603817053333,0.4557634408025922,0.00015259736794115408,0.612198771362817,0.6118677242107492,0.000331047152067776,-0.000331047152067776,False,False,,
true:shuffled,6786acf4f6b644639d550c608785320f,10,9b77dad2bdcf4814b042fa47889f19f6,0.39783842636150546,0.3978599795106517,-2.1553149146258388e-05,0.7040529928567816,0.7038617434904412,0.0001912493663404069,-0.0001912493663404069,False,False,,
true:shuffled,6786acf4f6b644639d550c608785320f,12,097394612e494d1ebe1750ed54a27763,0.3430837831803486,0.3450572000921059,-0.0019734169117572864,0.7774636937431703,0.770949917971157,0.006513775772013286,-0.006513775772013286,False,False,,
true:shuffled,6786acf4f6b644639d550c608785320f,16,63d7813869b34ee9aa65064e93775e58,0.17307091714675896,0.17557559328749955,-0.002504676140740597,1.1698040361918463,1.161907271966226,0.007896764225620245,-0.007896764225620245,False,False,,
true:shuffled,6786acf4f6b644639d550c608785320f,17,3d5a6fe339f3490297e4b9d1f3949618,0.1400550644501347,0.14267292954074223,-0.0026178650906075462,1.2285253474314142,1.221329296032743,0.007196051398671077,-0.007196051398671077,False,False,,
true:shuffled,6786acf4f6b644639d550c608785320f,18,306e66375cf94c7881864ba03782d2d2,0.10700888637880543,0.10926142683231566,-0.0022525404535102267,1.2994242533193918,1.291664172853813,0.007760080465578856,-0.007760080465578856,False,False,,
true:shuffled,6786acf4f6b644639d550c608785320f,20,60448167db014ef49dcfb65d89d69b3f,0.08227267728277209,0.08465878014911205,-0.002386102866339959,1.369133505334288,1.359873219084675,0.009260286249612948,-0.009260286249612948,False,False,,
true:shuffled,6786acf4f6b644639d550c608785320f,24,4734352144ac49a7b02960b99573fc14,0.16344723598086813,0.16643739122269433,-0.0029901552418261923,1.145185857886973,1.1358562278393587,0.009329630047614224,-0.009329630047614224,False,False,,
true:shuffled,6786acf4f6b644639d550c608785320f,25,0ab9ec2730894df2b48df70d0d2e84a9,0.17580427898412976,0.1790601443240406,-0.003255865339910846,1.1177662672947644,1.108219776254513,0.009546491040251404,-0.009546491040251404,False,False,,
true:shuffled,6786acf4f6b644639d550c608785320f,26,cb708f56b6104d638f93e3906cba5b82,0.18827749904421118,0.1916331385083526,-0.0033556394641414133,1.0911239341844166,1.0816800342667077,0.009443899917708887,-0.009443899917708887,False,False,,
true:shuffled,6786acf4f6b644639d550c608785320f,28,7f769bb638214009813b92df0cfb501a,0.19988901743185725,0.20321126521164043,-0.003322247779783183,1.082925583258482,1.0737661929701185,0.009159390288363545,-0.009159390288363545,False,False,,
true:shuffled,6786acf4f6b644639d550c608785320f,32,15f4465f9fe44b80ab54908983b1cf68,0.2516110018236533,0.25571367206786144,-0.004102670244208129,1.0341893947046588,1.0229560406339897,0.011233354070669055,-0.011233354070669055,False,False,,
true:shuffled,6786acf4f6b644639d550c608785320f,33,f94199c2a589484d8e32dd6bf4931d4f,0.2678218797105224,0.27209492770838045,-0.004273047997858048,1.0202291372647707,1.0092724420765757,0.010956695188194976,-0.010956695188194976,False,False,,
true:shuffled,6786acf4f6b644639d550c608785320f,34,a07f902656eb4f0fb2e5a77f803fb37c,0.28393632515152933,0.28844434490821375,-0.004508019756684412,1.0103643111023795,0.9991439440512595,0.01122036705111995,-0.01122036705111995,False,False,,
true:shuffled,856aeb4fa2024f1284c6290a44e9dec5,0,83f3eb36fc7144ab902e192db3a98c06,0.999999999999993,0.999999999999993,0.0,0.0,0.0,0.0,0.0,False,False,,
true:shuffled,856aeb4fa2024f1284c6290a44e9dec5,1,0fc0a764b3ec4c8196ffa35598fbda5f,0.9560310093079887,0.9560316480630526,-6.387550639530559e-07,0.026916150129429012,0.026921040732344952,-4.890602915939846e-06,4.890602915939846e-06,False,False,,
true:shuffled,856aeb4fa2024f1284c6290a44e9dec5,2,ef823f39fe034fdc9651a363fc81327b,0.9133580982094256,0.9132205758656674,0.0001375223437581896,0.0548908227951575,0.05504490942966998,-0.00015408663451248195,0.00015408663451248195,False,False,,
true:shuffled,856aeb4fa2024f1284c6290a44e9dec5,4,cb440b4d1912467fb51d871f0ccf8e8a,0.8410939884516343,0.8408180619399485,0.00027592651168584226,0.10574370824896008,0.10616915876908767,-0.00042545052012758766,0.00042545052012758766,False,False,,
true:shuffled,856aeb4fa2024f1284c6290a44e9dec5,8,097394612e494d1ebe1750ed54a27763,0.6444553942625232,0.6440882739671151,0.00036712029540808544,0.3116042593542998,0.311425132389559,0.00017912696474081669,-0.00017912696474081669,False,False,,
true:shuffled,856aeb4fa2024f1284c6290a44e9dec5,9,20601ccb0ab0445db56bad84060c1323,0.6406222223935499,0.6404991260332279,0.0001230963603220392,0.3304572989487747,0.3301949316596862,0.00026236728908846096,-0.00026236728908846096,False,False,,
true:shuffled,856aeb4fa2024f1284c6290a44e9dec5,10,746857c6bd46430fa4b5b82186e716e0,0.6241055869582741,0.6238071574397549,0.0002984295185192165,0.35271113129199144,0.35242381106812315,0.0002873202238682926,-0.0002873202238682926,False,False,,
true:shuffled,856aeb4fa2024f1284c6290a44e9dec5,12,63d7813869b34ee9aa65064e93775e58,0.6021098670634039,0.6020929277174719,1.693934593194335e-05,0.3793126892569252,0.37890373295558805,0.0004089563013371378,-0.0004089563013371378,False,False,,
true:shuffled,856aeb4fa2024f1284c6290a44e9dec5,16,60448167db014ef49dcfb65d89d69b3f,0.5782496342002473,0.5792674939644896,-0.0010178597642422904,0.38566735856369827,0.38406058164112555,0.0016067769225727169,-0.0016067769225727169,False,False,,
true:shuffled,856aeb4fa2024f1284c6290a44e9dec5,17,f0bb168a6bc34e0bba79dd122b6394b0,0.6063570796706259,0.6071325035290869,-0.0007754238584609663,0.33995248249821686,0.339199759264161,0.000752723234055841,-0.000752723234055841,False,False,,
true:shuffled,856aeb4fa2024f1284c6290a44e9dec5,18,a82ac06abf0d4d5ea70af9e19e82305e,0.6334332424938306,0.6342174064263612,-0.0007841639325305572,0.29844668779384415,0.29832977549095496,0.00011691230288918275,-0.00011691230288918275,False,False,,
true:shuffled,856aeb4fa2024f1284c6290a44e9dec5,20,4734352144ac49a7b02960b99573fc14,0.6897937432759713,0.6884714718022369,0.0013222714737344266,0.22533474170105222,0.22600116045834795,-0.0006664187572957281,0.0006664187572957281,False,False,,
true:shuffled,856aeb4fa2024f1284c6290a44e9dec5,24,7f769bb638214009813b92df0cfb501a,0.7979971786831072,0.7940966176473375,0.003900561035769634,0.17817603456398656,0.18098480493550118,-0.002808770371514613,0.002808770371514613,False,False,,
true:shuffled,856aeb4fa2024f1284c6290a44e9dec5,25,f76469bb5b5747dbaedb1c59990b5579,0.7717776479518306,0.7683801054260352,0.003397542525795383,0.1998934503905735,0.2023922964536046,-0.002498846063031107,0.002498846063031107,False,False,,
true:shuffled,856aeb4fa2024f1284c6290a44e9dec5,26,770820077d44452a8428299e33808c0f,0.7494859865879245,0.7460149094258842,0.0034710771620403147,0.2191443295317056,0.2217917123822959,-0.0026473828505902963,0.0026473828505902963,False,False,,
true:shuffled,856aeb4fa2024f1284c6290a44e9dec5,28,15f4465f9fe44b80ab54908983b1cf68,0.7013085980775867,0.6956137494649913,0.005694848612595393,0.26097321347897484,0.2655916326217999,-0.00461841914282507,0.00461841914282507,False,False,,
true:shuffled,856aeb4fa2024f1284c6290a44e9dec5,32,7ac804cee1cd4d48ac2ea0ac97726bc9,0.40851929225034317,0.40497383782561625,0.0035454544247269237,0.5591817705624792,0.5657193247116127,-0.006537554149133484,0.006537554149133484,False,False,,
true:shuffled,856aeb4fa2024f1284c6290a44e9dec5,33,54259afa6c644e1d99422df9da1c8f35,0.3364407476961326,0.33410998815180215,0.0023307595443304296,0.6951682420728635,0.7008114953857991,-0.005643253312935581,0.005643253312935581,False,False,,
true:shuffled,856aeb4fa2024f1284c6290a44e9dec5,34,fa8abe51b4104eb68fc7f85ab1c475bb,0.2742011730430655,0.2724813241906031,0.0017198488524624023,0.8346345613614001,0.8399522211090348,-0.005317659747634651,0.005317659747634651,False,False,,
true:shuffled,856aeb4fa2024f1284c6290a44e9dec5,36,76c090ac27774e66a592f40998d5537c,0.19246713734323978,0.19078940141981668,0.0016777359234231015,1.0211595484616276,1.02575165607977,-0.004592107618142327,0.004592107618142327,False,False,,
true:shuffled,29d3fb54f8b746118133456815b12eeb,0,8970a737ebee4443af37102473aaef8b,0.9999999999998054,0.9999999999998054,0.0,0.0,0.0,0.0,0.0,False,False,,
true:shuffled,29d3fb54f8b746118133456815b12eeb,1,83f3eb36fc7144ab902e192db3a98c06,0.9965948468973351,0.996520228045169,7.461885216608621e-05,0.0021132223672967747,0.0021890941760182134,-7.58718087214387e-05,7.58718087214387e-05,False,False,,
true:shuffled,29d3fb54f8b746118133456815b12eeb,2,0fc0a764b3ec4c8196ffa35598fbda5f,0.9624550005514901,0.961838209038814,0.0006167915126761292,0.028148826385808314,0.028380253420543962,-0.0002314270347356477,0.0002314270347356477,False,False,,
true:shuffled,29d3fb54f8b746118133456815b12eeb,4,f8de967b00394c9e88558219feef8426,0.962158666832062,0.962087289702797,7.13771292649712e-05,0.07516878247808717,0.07496207618877845,0.00020670628930871682,-0.00020670628930871682,False,False,,
true:shuffled,29d3fb54f8b746118133456815b12eeb,8,2b77a910c5e749f9a620d893361c1976,0.6127510924199738,0.6128260023329712,-7.490991299741179e-05,0.3516866711077142,0.351442912206868,0.00024375890084615826,-0.00024375890084615826,False,False,,
true:shuffled,29d3fb54f8b746118133456815b12eeb,9,097394612e494d1ebe1750ed54a27763,0.6246586956549165,0.6250356790235788,-0.0003769833686623203,0.3277550780829582,0.32762228802010657,0.00013279006285160655,-0.00013279006285160655,False,False,,
true:shuffled,29d3fb54f8b746118133456815b12eeb,10,20601ccb0ab0445db56bad84060c1323,0.498360777962739,0.4982335092489143,0.00012726871382467975,0.49540086584742665,0.49471050532496225,0.000690360522464406,-0.000690360522464406,False,False,,
true:shuffled,29d3fb54f8b746118133456815b12eeb,12,ef4fbe4064a74ce6b0a52cb3dd2e0bf0,0.5786719024299302,0.5781122713010475,0.0005596311288826872,0.37620908267339254,0.3754686759355652,0.000740406737827326,-0.000740406737827326,False,False,,
true:shuffled,29d3fb54f8b746118133456815b12eeb,16,49cd09e4a07145258972fc4e6b18e42d,0.9166716359544755,0.9141828574823443,0.002488778472131248,0.07605012887407187,0.07952729948395047,-0.0034771706098786076,0.0034771706098786076,False,False,,
true:shuffled,29d3fb54f8b746118133456815b12eeb,17,60448167db014ef49dcfb65d89d69b3f,0.9149948290318618,0.9122026953622283,0.0027921336696334897,0.07667763764282447,0.08052538156365725,-0.0038477439208327857,0.0038477439208327857,False,False,,
true:shuffled,29d3fb54f8b746118133456815b12eeb,18,f0bb168a6bc34e0bba79dd122b6394b0,0.908900711496382,0.9036731009783553,0.005227610518026671,0.0833741494972156,0.08725661955638216,-0.0038824700591665595,0.0038824700591665595,False,False,,
true:shuffled,29d3fb54f8b746118133456815b12eeb,20,2a572213c61c4d40a1955c2aecee6104,0.917699753741059,0.9145485315106892,0.003151222230369899,0.0736558094157645,0.0766815391066882,-0.003025729690923712,0.003025729690923712,False,False,,
true:shuffled,29d3fb54f8b746118133456815b12eeb,21,4734352144ac49a7b02960b99573fc14,0.8702913187979356,0.869565397245633,0.0007259215523026663,0.08684501699785112,0.08821836549336812,-0.0013733484955169989,0.0013733484955169989,False,False,,
true:shuffled,2197057ff31949819b309f2c7ec9a113,0,83f3eb36fc7144ab902e192db3a98c06,0.9999999999998992,0.9999999999998992,0.0,0.0,0.0,0.0,0.0,False,False,,
true:shuffled,2197057ff31949819b309f2c7ec9a113,1,0fc0a764b3ec4c8196ffa35598fbda5f,0.9783697580343034,0.977545738562587,0.0008240194717163973,0.03740508866839598,0.037691606758970965,-0.0002865180905749845,0.0002865180905749845,False,False,,
true:shuffled,2197057ff31949819b309f2c7ec9a113,2,ef823f39fe034fdc9651a363fc81327b,0.9722647893846064,0.9705953141856003,0.0016694751990060652,0.041253987760111986,0.04185826850696885,-0.0006042807468568667,0.0006042807468568667,False,False,,
true:shuffled,2197057ff31949819b309f2c7ec9a113,4,cb440b4d1912467fb51d871f0ccf8e8a,0.8126847509926396,0.8127087942759823,-2.4043283342711774e-05,0.16038481124284484,0.16042120367643292,-3.639243358807831e-05,3.639243358807831e-05,False,False,,
true:shuffled,2197057ff31949819b309f2c7ec9a113,8,097394612e494d1ebe1750ed54a27763,0.6180330623549515,0.6174515319195293,0.0005815304354221951,0.3403172584348208,0.33964139332731624,0.0006758651075045585,-0.0006758651075045585,False,False,,
true:shuffled,2197057ff31949819b309f2c7ec9a113,9,20601ccb0ab0445db56bad84060c1323,0.4706715944754047,0.4709054221135493,-0.0002338276381446125,0.5328518897313064,0.533157470414992,-0.0003055806836855801,0.0003055806836855801,False,False,,
true:shuffled,2197057ff31949819b309f2c7ec9a113,10,746857c6bd46430fa4b5b82186e716e0,0.4956713610224607,0.497411029654413,-0.0017396686319522958,0.48522949261454446,0.4860087013241528,-0.0007792087096083478,0.0007792087096083478,False,False,,
true:shuffled,2197057ff31949819b309f2c7ec9a113,12,63d7813869b34ee9aa65064e93775e58,0.8198561968005397,0.8232258987842079,-0.0033697019836682607,0.12932835136671617,0.12563297607950824,0.003695375287207925,-0.003695375287207925,False,False,,
true:shuffled,2197057ff31949819b309f2c7ec9a113,16,60448167db014ef49dcfb65d89d69b3f,0.8090052253772161,0.8115093344774541,-0.0025041091002380167,0.13305339861238843,0.1300288306029019,0.003024568009486528,-0.003024568009486528,False,False,,
true:shuffled,2197057ff31949819b309f2c7ec9a113,17,f0bb168a6bc34e0bba79dd122b6394b0,0.8233875971911819,0.8274157559040094,-0.004028158712827468,0.12394108338899203,0.11958129085289673,0.004359792536095294,-0.004359792536095294,False,False,,
true:shuffled,2197057ff31949819b309f2c7ec9a113,18,a82ac06abf0d4d5ea70af9e19e82305e,0.8375661339229783,0.8415388638732518,-0.003972729950273535,0.11885383657347903,0.11376273754230194,0.00509109903117709,-0.00509109903117709,False,False,,
true:shuffled,2197057ff31949819b309f2c7ec9a113,20,4734352144ac49a7b02960b99573fc14,0.8320609541899184,0.8342210016327599,-0.002160047442841484,0.19950144896604066,0.19886834258905609,0.0006331063769845768,-0.0006331063769845768,False,False,,
true:shuffled,2197057ff31949819b309f2c7ec9a113,24,7f769bb638214009813b92df0cfb501a,0.6064942014696918,0.610478440284087,-0.003984238814395247,0.3151300782033223,0.3116236839950396,0.0035063942082826927,-0.0035063942082826927,False,False,,
true:shuffled,2197057ff31949819b309f2c7ec9a113,25,f76469bb5b5747dbaedb1c59990b5579,0.6433452042298683,0.6494849135092926,-0.00613970927942431,0.2852200595881794,0.2804445852789185,0.0047754743092608964,-0.0047754743092608964,False,False,,
true:shuffled,2197057ff31949819b309f2c7ec9a113,26,770820077d44452a8428299e33808c0f,0.6401884313993972,0.6448593209934604,-0.0046708895940632544,0.286607340461119,0.2822576355965358,0.004349704864583193,-0.004349704864583193,False,False,,
true:shuffled,2197057ff31949819b309f2c7ec9a113,28,15f4465f9fe44b80ab54908983b1cf68,0.5229561474424917,0.5290391551812682,-0.006083007738776458,0.4397208142427973,0.4339105238056113,0.005810290437186005,-0.005810290437186005,False,False,,
true:shuffled,2197057ff31949819b309f2c7ec9a113,32,7ac804cee1cd4d48ac2ea0ac97726bc9,0.36670751364531534,0.3738238797461412,-0.007116366100825833,0.6840436387960708,0.6758285778713978,0.008215060924672946,-0.008215060924672946,False,False,,
true:shuffled,2197057ff31949819b309f2c7ec9a113,33,54259afa6c644e1d99422df9da1c8f35,0.3323949418554054,0.3388497077750801,-0.006454765919674699,0.7487192082486805,0.7407756250636369,0.007943583185043623,-0.007943583185043623,False,False,,
true:shuffled,29f69a7cb2c544c8a5ef26437a48e021,0,f8de967b00394c9e88558219feef8426,1.000000000000046,1.000000000000046,0.0,0.0,0.0,0.0,0.0,False,False,,
true:shuffled,29f69a7cb2c544c8a5ef26437a48e021,1,cb440b4d1912467fb51d871f0ccf8e8a,0.9625426423138167,0.9626935676631225,-0.00015092534930583046,0.03607146824511076,0.03555958929418058,0.0005118789509301822,-0.0005118789509301822,False,False,,
true:shuffled,29f69a7cb2c544c8a5ef26437a48e021,2,13546ea263ff48f49899cb30ac0004e9,0.9239134151522346,0.923988997803183,-7.558265094842476e-05,0.08142706704342972,0.08165490954927014,-0.0002278425058404171,0.0002278425058404171,False,False,,
true:shuffled,29f69a7cb2c544c8a5ef26437a48e021,4,2b77a910c5e749f9a620d893361c1976,0.8600905018566661,0.8591281142911058,0.0009623875655603298,0.15928990457783007,0.16205611262177838,-0.0027662080439483094,0.0027662080439483094,False,False,,
true:shuffled,29f69a7cb2c544c8a5ef26437a48e021,8,ef4fbe4064a74ce6b0a52cb3dd2e0bf0,0.606550843427769,0.6046332279299018,0.0019176154978671756,0.3679780389256859,0.372139178265995,-0.004161139340309095,0.004161139340309095,False,False,,
true:shuffled,29f69a7cb2c544c8a5ef26437a48e021,9,63d7813869b34ee9aa65064e93775e58,0.5657062929273866,0.5655507214697272,0.00015557145765943137,0.44225516070138376,0.4460942508962232,-0.003839090194839412,0.003839090194839412,False,False,,
true:shuffled,29f69a7cb2c544c8a5ef26437a48e021,10,3d5a6fe339f3490297e4b9d1f3949618,0.5208350529614985,0.5208933256573317,-5.827269583325023e-05,0.5396144995589832,0.5434935127531003,-0.003879013194117098,0.003879013194117098,False,False,,
true:shuffled,29f69a7cb2c544c8a5ef26437a48e021,12,49cd09e4a07145258972fc4e6b18e42d,0.36450695696196195,0.3649533944147357,-0.00044643745277372915,0.6444183791232295,0.6434603398329524,0.0009580392902771573,-0.0009580392902771573,False,False,,
true:shuffled,29f69a7cb2c544c8a5ef26437a48e021,16,2a572213c61c4d40a1955c2aecee6104,0.4607122009204285,0.4617599935326563,-0.0010477926122277603,0.46033687720191313,0.4593399055029101,0.0009969716990030353,-0.0009969716990030353,False,False,,
true:shuffled,29f69a7cb2c544c8a5ef26437a48e021,17,4734352144ac49a7b02960b99573fc14,0.5185872157264623,0.4832896239368505,0.03529759178961178,0.3824297222173743,0.42756612074282346,-0.04513639852544915,0.04513639852544915,False,False,,
true:shuffled,29f69a7cb2c544c8a5ef26437a48e021,18,0ab9ec2730894df2b48df70d0d2e84a9,0.540367420691718,0.5370002066709129,0.003367214020805087,0.3645022806062866,0.3602932467743858,0.004209033831900799,-0.004209033831900799,False,False,,
true:shuffled,29f69a7cb2c544c8a5ef26437a48e021,20,fd6002d736cb405796fc4fbdd5af6f7f,0.5901554859764055,0.5904577969993251,-0.0003023110229195547,0.34890106654608455,0.3223895056806587,0.02651156086542583,-0.02651156086542583,False,False,,
true:shuffled,29f69a7cb2c544c8a5ef26437a48e021,24,8a7007fd59cf4f39a3855b0e82136105,0.5161505213838219,0.575313899682511,-0.05916337829868912,0.4246935527695838,0.36914645487769504,0.055547097891888775,-0.055547097891888775,False,False,,
true:shuffled,29f69a7cb2c544c8a5ef26437a48e021,25,15f4465f9fe44b80ab54908983b1cf68,0.48233021772724716,0.5370482802161134,-0.05471806248886624,0.45302148711840073,0.39514365621085684,0.05787783090754389,-0.05787783090754389,False,False,,
true:shuffled,29f69a7cb2c544c8a5ef26437a48e021,26,f94199c2a589484d8e32dd6bf4931d4f,0.4493293545963147,0.46369458217678267,-0.014365227580467987,0.48753525702122236,0.45735285386884056,0.030182403152381798,-0.030182403152381798,False,False,,
true:shuffled,29f69a7cb2c544c8a5ef26437a48e021,28,bec365d878c4413d85d5fbb3eb3b3f46,0.3882761290617608,0.39962380884462306,-0.011347679782862274,0.5642134878704657,0.5400838239038687,0.024129663966596993,-0.024129663966596993,False,False,,
true:shuffled,29f69a7cb2c544c8a5ef26437a48e021,30,54259afa6c644e1d99422df9da1c8f35,0.10523033833938894,0.10491666265384421,0.00031367568554473146,1.2510463402041765,1.2479320746455889,0.0031142655585876255,-0.0031142655585876255,False,False,,
true:shuffled,a661e4cd1f644266a8307b4948082ae7,0,cb440b4d1912467fb51d871f0ccf8e8a,0.99999999999994,0.99999999999994,0.0,0.0,0.0,0.0,0.0,False,False,,
true:shuffled,a661e4cd1f644266a8307b4948082ae7,1,13546ea263ff48f49899cb30ac0004e9,0.9327627047255957,0.9328175277039462,-5.482297835046612e-05,0.04659742588611272,0.04673496426955935,-0.00013753838344662817,0.00013753838344662817,False,False,,
true:shuffled,a661e4cd1f644266a8307b4948082ae7,2,9b77dad2bdcf4814b042fa47889f19f6,0.8710020866405345,0.8710591201867127,-5.70335461782534e-05,0.09336866740084013,0.09342584795989226,-5.718055905212793e-05,5.718055905212793e-05,False,False,,
true:shuffled,a661e4cd1f644266a8307b4948082ae7,4,097394612e494d1ebe1750ed54a27763,0.7654974300775809,0.7658565888472316,-0.0003591587696507581,0.1796425396333716,0.18014254785005024,-0.0005000082166786435,0.0005000082166786435,False,False,,
true:shuffled,a661e4cd1f644266a8307b4948082ae7,8,63d7813869b34ee9aa65064e93775e58,0.7053997133095864,0.7638492984706623,-0.0584495851610759,0.22669517775280734,0.19445497570609968,0.03224020204670766,-0.03224020204670766,False,False,,
true:shuffled,a661e4cd1f644266a8307b4948082ae7,9,3d5a6fe339f3490297e4b9d1f3949618,0.6949446135268098,0.7498703901838408,-0.05492577665703102,0.23911630915980198,0.21217093484978142,0.02694537431002056,-0.02694537431002056,False,False,,
true:shuffled,a661e4cd1f644266a8307b4948082ae7,10,306e66375cf94c7881864ba03782d2d2,0.659750220403219,0.7102137911833852,-0.05046357078016628,0.29488675427295497,0.27340207285654783,0.021484681416407136,-0.021484681416407136,False,False,,
true:shuffled,a661e4cd1f644266a8307b4948082ae7,12,60448167db014ef49dcfb65d89d69b3f,0.6044554836661359,0.6483266005775248,-0.0438711169113889,0.3817745230886418,0.36525032009586794,0.01652420299277385,-0.01652420299277385,False,False,,
true:shuffled,a661e4cd1f644266a8307b4948082ae7,16,4734352144ac49a7b02960b99573fc14,0.6906758751059127,0.7293891368345843,-0.03871326172867162,0.31736917735882164,0.3167369990011928,0.0006321783576288542,-0.0006321783576288542,False,False,,
true:shuffled,a661e4cd1f644266a8307b4948082ae7,17,0ab9ec2730894df2b48df70d0d2e84a9,0.7010764000821791,0.6786202399384134,0.022456160143765724,0.3154137268006069,0.32201928855310713,-0.006605561752500211,0.006605561752500211,False,False,,
true:shuffled,a661e4cd1f644266a8307b4948082ae7,18,cb708f56b6104d638f93e3906cba5b82,0.6532025749852365,0.6316833747582272,0.02151920022700926,0.32415620679489593,0.337481273385342,-0.013325066590446077,0.013325066590446077,False,False,,
true:shuffled,a661e4cd1f644266a8307b4948082ae7,20,7f769bb638214009813b92df0cfb501a,0.5600221224367218,0.5417869493485741,0.018235173088147705,0.3731193584218295,0.39322067612009987,-0.020101317698270393,0.020101317698270393,False,False,,
true:shuffled,a661e4cd1f644266a8307b4948082ae7,24,15f4465f9fe44b80ab54908983b1cf68,0.4035323708740109,0.38764815918585815,0.01588421168815274,0.5443935671923543,0.5764201536462428,-0.03202658645388845,0.03202658645388845,False,False,,
true:shuffled,a661e4cd1f644266a8307b4948082ae7,25,f94199c2a589484d8e32dd6bf4931d4f,0.37020813711502176,0.3565888828150025,0.013619254300019257,0.594543105612493,0.6254242214553379,-0.03088111584284492,0.03088111584284492,False,False,,
true:shuffled,a661e4cd1f644266a8307b4948082ae7,26,a07f902656eb4f0fb2e5a77f803fb37c,0.3393689553029397,0.32502866944811826,0.014340285854821444,0.6461376163233025,0.6795294336500006,-0.03339181732669816,0.03339181732669816,False,False,,
true:shuffled,a661e4cd1f644266a8307b4948082ae7,28,7ac804cee1cd4d48ac2ea0ac97726bc9,0.27716877988236494,0.26390459046050135,0.013264189421863581,0.7635685556006301,0.7979958531117024,-0.03442729751107232,0.03442729751107232,False,False,,
true:shuffled,a661e4cd1f644266a8307b4948082ae7,32,76c090ac27774e66a592f40998d5537c,0.177114953529724,0.16567957836570268,0.011435375164021322,1.0005097404146623,1.0351981829656416,-0.03468844255097925,0.03468844255097925,False,False,,
true:shuffled,9ca01ff2a1b54d2eafaed768e58783ad,0,f8de967b00394c9e88558219feef8426,0.9999999999998023,0.9999999999998023,0.0,0.0,0.0,0.0,0.0,False,False,,
true:shuffled,9ca01ff2a1b54d2eafaed768e58783ad,1,cb440b4d1912467fb51d871f0ccf8e8a,0.9031962180308298,0.9033111722409365,-0.00011495421010665474,0.06996492469142923,0.07003945223037261,-7.452753894338082e-05,7.452753894338082e-05,False,False,,
true:shuffled,9ca01ff2a1b54d2eafaed768e58783ad,2,13546ea263ff48f49899cb30ac0004e9,0.8145840148573208,0.8142211115137509,0.00036290334356992027,0.1390316697652122,0.13872168489011946,0.00030998487509273365,-0.00030998487509273365,False,False,,
true:shuffled,9ca01ff2a1b54d2eafaed768e58783ad,4,2b77a910c5e749f9a620d893361c1976,0.7729034108397136,0.7727138729535925,0.0001895378861210828,0.16559685742299152,0.16549259365714972,0.00010426376584179997,-0.00010426376584179997,False,False,,
true:shuffled,9ca01ff2a1b54d2eafaed768e58783ad,8,ef4fbe4064a74ce6b0a52cb3dd2e0bf0,0.8924517892585577,0.8675350672013442,0.024916722057213514,0.0913767242208732,0.08078704040596917,0.010589683814904036,-0.010589683814904036,False,False,,
true:shuffled,9ca01ff2a1b54d2eafaed768e58783ad,9,63d7813869b34ee9aa65064e93775e58,0.8787502698659773,0.857494729830272,0.02125554003570529,0.09711174835837674,0.09591486689252049,0.0011968814658562532,-0.0011968814658562532,False,False,,
true:shuffled,9ca01ff2a1b54d2eafaed768e58783ad,10,3d5a6fe339f3490297e4b9d1f3949618,0.8419819357625544,0.8457237176426541,-0.0037417818800996594,0.11768524522376334,0.12610743231940694,-0.008422187095643602,0.008422187095643602,False,False,,
true:shuffled,9ca01ff2a1b54d2eafaed768e58783ad,12,49cd09e4a07145258972fc4e6b18e42d,0.7785715035092602,0.8241838261053387,-0.0456123225960785,0.17284949821132078,0.18372305557322616,-0.010873557361905373,0.010873557361905373,False,False,,
true:shuffled,9ca01ff2a1b54d2eafaed768e58783ad,16,2a572213c61c4d40a1955c2aecee6104,0.7182728258075036,0.6837453698452406,0.03452745596226303,0.21032903861379942,0.22203874860389852,-0.011709709990099099,0.011709709990099099,False,False,,
true:shuffled,9ca01ff2a1b54d2eafaed768e58783ad,17,4734352144ac49a7b02960b99573fc14,0.6462659500274577,0.6398410025247471,0.0064249475027106095,0.2620223474502954,0.26820586152980125,-0.006183514079505847,0.006183514079505847,False,False,,
true:shuffled,9ca01ff2a1b54d2eafaed768e58783ad,18,0ab9ec2730894df2b48df70d0d2e84a9,0.5856982325405901,0.58099645160303,0.004701780937560018,0.31977557822072783,0.3220238008209868,-0.0022482226002589756,0.0022482226002589756,False,False,,
true:shuffled,9ca01ff2a1b54d2eafaed768e58783ad,20,fd6002d736cb405796fc4fbdd5af6f7f,0.47190241038106284,0.46875394817440774,0.0031484622066551005,0.4491783207005613,0.4597017860880432,-0.01052346538748189,0.01052346538748189,False,False,,
true:shuffled,9ca01ff2a1b54d2eafaed768e58783ad,24,8a7007fd59cf4f39a3855b0e82136105,0.29722922116248857,0.2918982906666054,0.005330930495883179,0.733471410461862,0.7532823892183346,-0.01981097875647253,0.01981097875647253,False,False,,
true:shuffled,9ca01ff2a1b54d2eafaed768e58783ad,25,15f4465f9fe44b80ab54908983b1cf68,0.2583575180185873,0.2526239823288145,0.005733535689772806,0.8145105395659344,0.8355327273264895,-0.02102218776055509,0.02102218776055509,False,False,,
true:shuffled,9ca01ff2a1b54d2eafaed768e58783ad,26,f94199c2a589484d8e32dd6bf4931d4f,0.22296056501743575,0.21654622545377805,0.006414339563657695,0.8959192163032959,0.9180679300510406,-0.02214871374774474,0.02214871374774474,False,False,,
true:shuffled,9ca01ff2a1b54d2eafaed768e58783ad,28,bec365d878c4413d85d5fbb3eb3b3f46,0.16001472086427657,0.1523544615994929,0.00766025926478367,1.0627437909605673,1.086726855269033,-0.02398306430846575,0.02398306430846575,False,False,,
true:shuffled,9ca01ff2a1b54d2eafaed768e58783ad,32,bc84a61f13f744cd8f5aa8e888ce879b,0.08511944473740082,0.07419023344944226,0.010929211287958568,1.2953458561520275,1.3296867807465045,-0.03434092459447702,0.03434092459447702,False,False,,
true:shuffled,9ca01ff2a1b54d2eafaed768e58783ad,33,76c090ac27774e66a592f40998d5537c,0.06690151894674394,0.05574258472411742,0.011158934222626524,1.3562021272383995,1.3906539830916078,-0.03445185585320831,0.03445185585320831,False,False,,
true:shuffled,a1cc58fdb3fa4a0097a315a77ce1be90,0,2a572213c61c4d40a1955c2aecee6104,1.000000000000094,1.000000000000094,0.0,0.0,0.0,0.0,0.0,False,False,,
true:shuffled,a1cc58fdb3fa4a0097a315a77ce1be90,1,4734352144ac49a7b02960b99573fc14,0.8068445033484741,0.805925865479398,0.0009186378690760888,0.15771033273651655,0.1585108251781936,-0.000800492441677042,0.000800492441677042,False,False,,
true:shuffled,a1cc58fdb3fa4a0097a315a77ce1be90,2,0ab9ec2730894df2b48df70d0d2e84a9,0.8704058493137835,0.8707519407569811,-0.00034609144319763807,0.10181622558666832,0.10156740659987064,0.0002488189867976831,-0.0002488189867976831,False,False,,
true:shuffled,a1cc58fdb3fa4a0097a315a77ce1be90,4,fd6002d736cb405796fc4fbdd5af6f7f,0.7361017000800528,0.8075048573778318,-0.07140315729777902,0.22124577023266936,0.14834975886977866,0.0728960113628907,-0.0728960113628907,False,False,,
true:shuffled,a1cc58fdb3fa4a0097a315a77ce1be90,8,8a7007fd59cf4f39a3855b0e82136105,0.7913863745238768,0.7166713510702647,0.07471502345361214,0.16051674579432607,0.2343874427743456,-0.07387069698001952,0.07387069698001952,False,False,,
true:shuffled,a1cc58fdb3fa4a0097a315a77ce1be90,9,15f4465f9fe44b80ab54908983b1cf68,0.6741635809254081,0.6099821230620374,0.0641814578633707,0.28357238240701443,0.3567572759975631,-0.07318489359054864,0.07318489359054864,False,False,,
true:shuffled,a1cc58fdb3fa4a0097a315a77ce1be90,10,f94199c2a589484d8e32dd6bf4931d4f,0.5739802027610078,0.5200284788252353,0.05395172393577252,0.4098193673001185,0.47870198955199406,-0.06888262225187558,0.06888262225187558,False,False,,
true:shuffled,a1cc58fdb3fa4a0097a315a77ce1be90,12,bec365d878c4413d85d5fbb3eb3b3f46,0.5158717379066657,0.4657977506078657,0.05007398729880003,0.4883080429599258,0.5589038062410929,-0.07059576328116712,0.07059576328116712,False,False,,
true:shuffled,a1cc58fdb3fa4a0097a315a77ce1be90,16,bc84a61f13f744cd8f5aa8e888ce879b,0.39213082101005975,0.34948750669536666,0.04264331431469309,0.6779344424775221,0.7517246505160937,-0.07379020803857161,0.07379020803857161,False,False,,
true:shuffled,a1cc58fdb3fa4a0097a315a77ce1be90,17,76c090ac27774e66a592f40998d5537c,0.36238307245983703,0.32192249809727946,0.040460574362557566,0.729067889096303,0.8020070900112368,-0.07293920091493378,0.07293920091493378,False,False,,
true:shuffled,307a3275c31f452eb9c7c66636c7bb27,0,306e66375cf94c7881864ba03782d2d2,1.0000000000000038,1.0000000000000038,0.0,0.0,0.0,0.0,0.0,False,False,,
true:shuffled,307a3275c31f452eb9c7c66636c7bb27,1,49cd09e4a07145258972fc4e6b18e42d,0.9846766642774992,0.9847203153195466,-4.3651042047399e-05,0.009482166717423983,0.009457291397594185,2.4875319829798653e-05,-2.4875319829798653e-05,False,False,,
true:shuffled,307a3275c31f452eb9c7c66636c7bb27,2,60448167db014ef49dcfb65d89d69b3f,0.9677406971630621,0.9675989002203075,0.00014179694275462396,0.01986267840207596,0.019946359329066694,-8.368092699073335e-05,8.368092699073335e-05,False,False,,
true:shuffled,307a3275c31f452eb9c7c66636c7bb27,4,a82ac06abf0d4d5ea70af9e19e82305e,0.9504519857609993,0.9500494304320563,0.0004025553289430661,0.03685235204348516,0.03748009996975805,-0.0006277479262728897,0.0006277479262728897,False,False,,
true:shuffled,307a3275c31f452eb9c7c66636c7bb27,8,cb708f56b6104d638f93e3906cba5b82,0.6450479173818735,0.6451538486041043,-0.00010593122223079288,0.3156383065468288,0.31545804523833454,0.00018026130849424504,-0.00018026130849424504,False,False,,
true:shuffled,307a3275c31f452eb9c7c66636c7bb27,9,fd6002d736cb405796fc4fbdd5af6f7f,0.5672756180374955,0.5666456795082855,0.0006299385292100057,0.40501058201729245,0.4053225396932441,-0.00031195767595165735,0.00031195767595165735,False,False,,
true:shuffled,307a3275c31f452eb9c7c66636c7bb27,10,7f769bb638214009813b92df0cfb501a,0.4881735990613741,0.48769362409726386,0.0004799749641102302,0.5102474010673114,0.510651099251668,-0.00040369818435659344,0.00040369818435659344,False,False,,
true:shuffled,307a3275c31f452eb9c7c66636c7bb27,12,770820077d44452a8428299e33808c0f,0.3840866542127808,0.38320891088133135,0.0008777433314494654,0.6664604219685543,0.6673821183017336,-0.0009216963331792893,0.0009216963331792893,False,False,,
true:shuffled,307a3275c31f452eb9c7c66636c7bb27,16,a07f902656eb4f0fb2e5a77f803fb37c,0.25396205784602455,0.25360298741527243,0.00035907043075211753,0.8980009996513061,0.898894792839113,-0.0008937931878069127,0.0008937931878069127,False,False,,
true:shuffled,307a3275c31f452eb9c7c66636c7bb27,17,bec365d878c4413d85d5fbb3eb3b3f46,0.21877263983024944,0.21857628473917243,0.0001963550910770162,0.9684313760010078,0.9694241942043529,-0.0009928182033450694,0.0009928182033450694,False,False,,
true:shuffled,307a3275c31f452eb9c7c66636c7bb27,18,7ac804cee1cd4d48ac2ea0ac97726bc9,0.18532443603643967,0.18515465373074255,0.00016978230569711372,1.0386261238049699,1.0396514311648997,-0.0010253073599297835,0.0010253073599297835,False,False,,
true:shuffled,d71462c2ae74472bae3adbf7a41b2fc7,0,65e07a70e6b5404a87bf34e49d4c0924,0.9999999999999561,0.9999999999999561,0.0,0.0,0.0,0.0,0.0,False,False,,
true:shuffled,d71462c2ae74472bae3adbf7a41b2fc7,1,9ab5069c183c492b82b0ab30133080c1,0.8983664583653632,0.8984228425804043,-5.638421504106095e-05,0.06478023352554181,0.06474868902869421,3.154449684759919e-05,-3.154449684759919e-05,False,False,,
true:shuffled,d71462c2ae74472bae3adbf7a41b2fc7,2,4258ba3b8b8142f48c3249d310a8c3d2,0.8764699599013448,0.8765698094033904,-9.984950204555698e-05,0.08398766003563247,0.08387797035238746,0.00010968968324501227,-0.00010968968324501227,False,False,,
true:shuffled,d71462c2ae74472bae3adbf7a41b2fc7,4,83f3eb36fc7144ab902e192db3a98c06,0.8504217983920449,0.850508553133776,-8.675474173114317e-05,0.11100738473929297,0.11089005956986309,0.00011732516942988824,-0.00011732516942988824,False,False,,
true:shuffled,d71462c2ae74472bae3adbf7a41b2fc7,8,cb440b4d1912467fb51d871f0ccf8e8a,0.8363858452583095,0.8364566391446896,-7.079388638009387e-05,0.13023307913782076,0.13010298482260996,0.00013009431521079917,-0.00013009431521079917,False,False,,
true:shuffled,d71462c2ae74472bae3adbf7a41b2fc7,9,13546ea263ff48f49899cb30ac0004e9,0.7438322669300871,0.7438729539036123,-4.0686973525216885e-05,0.21055041732801577,0.21048026631432484,7.01510136909278e-05,-7.01510136909278e-05,False,False,,
true:shuffled,d71462c2ae74472bae3adbf7a41b2fc7,10,9b77dad2bdcf4814b042fa47889f19f6,0.819993837435898,0.8200254352453078,-3.159780940975576e-05,0.13763158623204008,0.13758512495195524,4.646128008484185e-05,-4.646128008484185e-05,False,False,,
true:shuffled,d71462c2ae74472bae3adbf7a41b2fc7,12,097394612e494d1ebe1750ed54a27763,0.937567107148786,0.937469366561296,9.774058749001391e-05,0.07654028225799553,0.07672664929448247,-0.0001863670364869452,0.0001863670364869452,False,False,,
true:shuffled,d71462c2ae74472bae3adbf7a41b2fc7,16,63d7813869b34ee9aa65064e93775e58,0.4118246326666868,0.4118207139144973,3.918752189469021e-06,0.6274628410933408,0.6275028797700181,-4.0038676677234264e-05,4.0038676677234264e-05,False,False,,
true:shuffled,d71462c2ae74472bae3adbf7a41b2fc7,17,3d5a6fe339f3490297e4b9d1f3949618,0.35093497655674194,0.35094146815173843,-6.491594996493877e-06,0.7239668755373758,0.7239750152904725,-8.139753096658708e-06,8.139753096658708e-06,False,False,,
true:shuffled,d71462c2ae74472bae3adbf7a41b2fc7,18,306e66375cf94c7881864ba03782d2d2,0.366410246893178,0.36641464202370155,-4.395130523526802e-06,0.6963657640609755,0.6963667805198452,-1.0164588697403332e-06,1.0164588697403332e-06,False,False,,
true:shuffled,d71462c2ae74472bae3adbf7a41b2fc7,20,60448167db014ef49dcfb65d89d69b3f,0.4003347313532957,0.4003336369618421,1.094391453626553e-06,0.6407934423248647,0.6407963154940285,-2.87316916380842e-06,2.87316916380842e-06,False,False,,
true:shuffled,d71462c2ae74472bae3adbf7a41b2fc7,24,4734352144ac49a7b02960b99573fc14,0.4046678560464903,0.40467068626774527,-2.830221254968013e-06,0.635064551105943,0.6350496486409583,1.4902464984700714e-05,-1.4902464984700714e-05,False,False,,
true:shuffled,d71462c2ae74472bae3adbf7a41b2fc7,25,0ab9ec2730894df2b48df70d0d2e84a9,0.37163807866126886,0.37163030813364223,7.77052762662711e-06,0.6908601639157887,0.6908559893459008,4.174569887993584e-06,-4.174569887993584e-06,False,False,,
true:shuffled,d71462c2ae74472bae3adbf7a41b2fc7,26,cb708f56b6104d638f93e3906cba5b82,0.33928967978989194,0.3392794261041319,1.0253685760019948e-05,0.7476672200996387,0.7476563713413463,1.0848758292381078e-05,-1.0848758292381078e-05,False,False,,
true:shuffled,d71462c2ae74472bae3adbf7a41b2fc7,28,7f769bb638214009813b92df0cfb501a,0.20602131821795847,0.20601768383094035,3.63438701811436e-06,1.0057831715022412,1.0057618549389584,2.1316563282747225e-05,-2.1316563282747225e-05,False,False,,
true:shuffled,d71462c2ae74472bae3adbf7a41b2fc7,32,15f4465f9fe44b80ab54908983b1cf68,0.12732135344769727,0.12735941994400107,-3.8066496303806874e-05,1.174674277224539,1.1745732571698997,0.00010102005463941133,-0.00010102005463941133,False,False,,
true:shuffled,d71462c2ae74472bae3adbf7a41b2fc7,33,f94199c2a589484d8e32dd6bf4931d4f,0.09722512764633331,0.09766540357674264,-0.0004402759304093229,1.2808075209069165,1.2707670458424316,0.01004047506448491,-0.01004047506448491,False,False,,
true:shuffled,d71462c2ae74472bae3adbf7a41b2fc7,34,a07f902656eb4f0fb2e5a77f803fb37c,0.05237293083133968,0.05256228853321163,-0.00018935770187195056,1.4159249979008912,1.4057344911648402,0.010190506736051042,-0.010190506736051042,False,False,,
true:shuffled,d71462c2ae74472bae3adbf7a41b2fc7,36,7ac804cee1cd4d48ac2ea0ac97726bc9,0.011433722723618837,0.011093621262820406,0.0003401014607984313,1.5510919576321172,1.5429287298917325,0.008163227740384693,-0.008163227740384693,False,False,,
true:shuffled,d71462c2ae74472bae3adbf7a41b2fc7,40,76c090ac27774e66a592f40998d5537c,0.0,0.0,0.0,1.7123241117217571,1.704367352824038,0.007956758897719185,-0.007956758897719185,False,False,,
true:shuffled,6ad58d370ed542a9a68e1fcf5a4f2ee7,0,2b77a910c5e749f9a620d893361c1976,1.0000000000000018,1.0000000000000018,0.0,0.0,0.0,0.0,0.0,False,False,,
true:shuffled,6ad58d370ed542a9a68e1fcf5a4f2ee7,1,097394612e494d1ebe1750ed54a27763,0.910364145658265,0.910364145658265,0.0,0.08000000000000007,0.08000000000000007,0.0,0.0,True,True,,
true:shuffled,6ad58d370ed542a9a68e1fcf5a4f2ee7,2,20601ccb0ab0445db56bad84060c1323,0.828418230563004,0.828418230563004,0.0,0.16000000000000014,0.16000000000000014,0.0,0.0,True,True,,
true:shuffled,6ad58d370ed542a9a68e1fcf5a4f2ee7,4,ef4fbe4064a74ce6b0a52cb3dd2e0bf0,0.6839506172839515,0.6839506172839515,0.0,0.3200000000000003,0.3200000000000003,0.0,0.0,True,True,,
true:shuffled,6ad58d370ed542a9a68e1fcf5a4f2ee7,8,49cd09e4a07145258972fc4e6b18e42d,0.45510786071732584,0.45510786071732584,0.0,0.6302077863672473,0.6302077863672473,0.0,0.0,False,False,,
true:shuffled,6ad58d370ed542a9a68e1fcf5a4f2ee7,9,60448167db014ef49dcfb65d89d69b3f,0.4090197549228968,0.40902836866632236,-8.613743425534004e-06,0.7012801435739067,0.7012679407069784,1.2202866928268108e-05,-1.2202866928268108e-05,False,False,,
true:shuffled,6ad58d370ed542a9a68e1fcf5a4f2ee7,10,f0bb168a6bc34e0bba79dd122b6394b0,0.36627278175784506,0.366279254120627,-6.472362781950736e-06,0.7734092281444456,0.7733965723259708,1.2655818474760494e-05,-1.2655818474760494e-05,False,False,,
true:shuffled,6ad58d370ed542a9a68e1fcf5a4f2ee7,12,2a572213c61c4d40a1955c2aecee6104,0.3017514157505417,0.3016671749664405,8.424078410118607e-05,0.8976203275988758,0.897712263267503,-9.19356686271966e-05,9.19356686271966e-05,False,False,,
true:shuffled,6ad58d370ed542a9a68e1fcf5a4f2ee7,16,fd6002d736cb405796fc4fbdd5af6f7f,0.1931172537395001,0.1930037358010617,0.00011351793843838998,1.1399742172067717,1.1401755153468958,-0.0002012981401240399,0.0002012981401240399,False,False,,
true:shuffled,6ad58d370ed542a9a68e1fcf5a4f2ee7,17,7f769bb638214009813b92df0cfb501a,0.14667411135441802,0.146887401337128,-0.00021328998270997435,1.2577448895851064,1.257210446760713,0.0005344428243934107,-0.0005344428243934107,False,False,,
true:shuffled,6ad58d370ed542a9a68e1fcf5a4f2ee7,18,f76469bb5b5747dbaedb1c59990b5579,0.10463153580127388,0.10473080137718314,-9.926557590926588e-05,1.3737276822553506,1.3734357669250217,0.0002919153303289068,-0.0002919153303289068,False,False,,
true:shuffled,6ad58d370ed542a9a68e1fcf5a4f2ee7,20,8a7007fd59cf4f39a3855b0e82136105,0.042351110287910644,0.04242961013210532,-7.84998441946752e-05,1.5642478123063872,1.5639795326712485,0.0002682796351387573,-0.0002682796351387573,False,False,,
true:shuffled,6ad58d370ed542a9a68e1fcf5a4f2ee7,24,bec365d878c4413d85d5fbb3eb3b3f46,0.0,0.0,0.0,1.8733918155928908,1.8730476583790807,0.00034415721381009234,-0.00034415721381009234,False,False,,
true:shuffled,6ad58d370ed542a9a68e1fcf5a4f2ee7,25,7ac804cee1cd4d48ac2ea0ac97726bc9,0.0,0.0,0.0,1.960050209363317,1.9597491809970289,0.00030102836628809193,-0.00030102836628809193,False,False,,
true:shuffled,6ad58d370ed542a9a68e1fcf5a4f2ee7,26,54259afa6c644e1d99422df9da1c8f35,0.0,0.0,0.0,2.021757004552791,2.021557536303805,0.00019946824898608995,-0.00019946824898608995,False,False,,
true:shuffled,6ad58d370ed542a9a68e1fcf5a4f2ee7,28,bc84a61f13f744cd8f5aa8e888ce879b,0.0,0.0,0.0,2.1336285356455766,2.1335843896388997,4.414600667690394e-05,-4.414600667690394e-05,False,False,,
true:shuffled,6ad58d370ed542a9a68e1fcf5a4f2ee7,29,76c090ac27774e66a592f40998d5537c,0.0,0.0,0.0,2.196113299411552,2.196266127062514,-0.00015282765096191753,0.00015282765096191753,False,False,,
true:shuffled,55527032f0174fefa3b051a24707bf08,0,4258ba3b8b8142f48c3249d310a8c3d2,0.9999999999999701,0.9999999999999701,0.0,0.0,0.0,0.0,0.0,False,False,,
true:shuffled,55527032f0174fefa3b051a24707bf08,1,8970a737ebee4443af37102473aaef8b,0.9654667408112034,0.965454560803531,1.2180007672446536e-05,0.02399794366714382,0.02403222181542088,-3.427814827705947e-05,3.427814827705947e-05,False,False,,
true:shuffled,55527032f0174fefa3b051a24707bf08,2,83f3eb36fc7144ab902e192db3a98c06,0.9245987739699707,0.9245776836692995,2.1090300671211537e-05,0.053911841233232935,0.05393095618775053,-1.9114954517597538e-05,1.9114954517597538e-05,False,False,,
true:shuffled,55527032f0174fefa3b051a24707bf08,4,ef823f39fe034fdc9651a363fc81327b,0.8700722494190217,0.8701100890689099,-3.783964988812727e-05,0.08664672250434849,0.08662617804253707,2.054446181141978e-05,-2.054446181141978e-05,False,False,,
true:shuffled,55527032f0174fefa3b051a24707bf08,8,9b77dad2bdcf4814b042fa47889f19f6,0.6767117983600945,0.676715570881455,-3.7725213604122843e-06,0.3382299925604121,0.33814624067807,8.375188234210906e-05,-8.375188234210906e-05,False,False,,
true:shuffled,55527032f0174fefa3b051a24707bf08,9,2b77a910c5e749f9a620d893361c1976,0.636516039580284,0.6364256047768008,9.04348034832525e-05,0.41005553499923053,0.410096126239283,-4.059124005245662e-05,4.059124005245662e-05,False,False,,
true:shuffled,55527032f0174fefa3b051a24707bf08,10,097394612e494d1ebe1750ed54a27763,0.6342588931709985,0.6343341779445312,-7.528477353269114e-05,0.4363630736822037,0.43623380576302256,0.00012926791918110858,-0.00012926791918110858,False,False,,
true:shuffled,55527032f0174fefa3b051a24707bf08,12,746857c6bd46430fa4b5b82186e716e0,0.6335246459095857,0.6328872558493027,0.0006373900602829607,0.48206240899050407,0.48407980046600413,-0.0020173914755000633,0.0020173914755000633,False,False,,
true:shuffled,55527032f0174fefa3b051a24707bf08,16,306e66375cf94c7881864ba03782d2d2,0.6373647845747328,0.6358382451450784,0.0015265394296544166,0.5348454158344683,0.5398120224370424,-0.004966606602574086,0.004966606602574086,False,False,,
true:shuffled,55527032f0174fefa3b051a24707bf08,17,49cd09e4a07145258972fc4e6b18e42d,0.6518855804034643,0.6501153315135324,0.0017702488899319357,0.4828961750241772,0.4883319691885801,-0.005435794164402874,0.005435794164402874,False,False,,
true:shuffled,55527032f0174fefa3b051a24707bf08,18,60448167db014ef49dcfb65d89d69b3f,0.6563468388864667,0.6548871524835984,0.0014596864028683099,0.45628666077844204,0.4607726833798305,-0.004486022601388473,0.004486022601388473,False,False,,
true:shuffled,55527032f0174fefa3b051a24707bf08,20,a82ac06abf0d4d5ea70af9e19e82305e,0.6554138632454877,0.654965888814244,0.00044797443124366954,0.43285547526639784,0.43445150466639937,-0.0015960294000015307,0.0015960294000015307,False,False,,
true:shuffled,55527032f0174fefa3b051a24707bf08,24,cb708f56b6104d638f93e3906cba5b82,0.6566334741563264,0.6610724274700432,-0.004438953313716798,0.43958619096025314,0.4381210073183934,0.0014651836418597686,-0.0014651836418597686,False,False,,
true:shuffled,55527032f0174fefa3b051a24707bf08,25,fd6002d736cb405796fc4fbdd5af6f7f,0.5960699504736993,0.6002653858140206,-0.004195435340321296,0.47334846218967935,0.47196250427289643,0.0013859579167829206,-0.0013859579167829206,False,False,,
true:shuffled,55527032f0174fefa3b051a24707bf08,26,7f769bb638214009813b92df0cfb501a,0.5394067253644589,0.5435622908034773,-0.004155565439018405,0.5209175216063845,0.5185564012492059,0.0023611203571786143,-0.0023611203571786143,False,False,,
true:shuffled,55527032f0174fefa3b051a24707bf08,28,770820077d44452a8428299e33808c0f,0.43496856351116875,0.43957232441929356,-0.00460376090812481,0.6416672394746393,0.6357137121412122,0.005953527333427133,-0.005953527333427133,False,False,,
true:shuffled,55527032f0174fefa3b051a24707bf08,32,a07f902656eb4f0fb2e5a77f803fb37c,0.36929425641061525,0.3737809918894742,-0.004486735478858972,0.7576551464715617,0.7495983143196767,0.008056832151885018,-0.008056832151885018,False,False,,
true:shuffled,55527032f0174fefa3b051a24707bf08,33,bec365d878c4413d85d5fbb3eb3b3f46,0.3605179968409544,0.3651470781545566,-0.004629081313602179,0.779573927367118,0.7709089414329665,0.008664985934151437,-0.008664985934151437,False,False,,
true:shuffled,55527032f0174fefa3b051a24707bf08,34,7ac804cee1cd4d48ac2ea0ac97726bc9,0.3522320679272128,0.35600609976285114,-0.0037740318356383473,0.8003722218430832,0.7929306829955551,0.007441538847528073,-0.007441538847528073,False,False,,
true:shuffled,55527032f0174fefa3b051a24707bf08,36,fa8abe51b4104eb68fc7f85ab1c475bb,0.2452442102807874,0.24827210636666033,-0.003027896085872922,0.9828739867544793,0.9751939913562122,0.0076799953982671365,-0.0076799953982671365,False,False,,
true:shuffled,55527032f0174fefa3b051a24707bf08,38,76c090ac27774e66a592f40998d5537c,0.15990687498581863,0.1620228488355083,-0.002115973849689673,1.1788431584786492,1.1726752885283334,0.0061678699503158185,-0.0061678699503158185,False,False,,
true:shuffled,fa6ddc168ffb4ab88b718f719357211e,0,ef823f39fe034fdc9651a363fc81327b,0.999999999999893,0.999999999999893,0.0,0.0,0.0,0.0,0.0,False,False,,
true:shuffled,fa6ddc168ffb4ab88b718f719357211e,1,f8de967b00394c9e88558219feef8426,0.9822264890582495,0.9821915852164246,3.4903841824918125e-05,0.015899946269712233,0.015929246450094216,-2.930018038198312e-05,2.930018038198312e-05,False,False,,
true:shuffled,fa6ddc168ffb4ab88b718f719357211e,2,cb440b4d1912467fb51d871f0ccf8e8a,0.9637164154607119,0.963935970704725,-0.00021955524401318094,0.03360239351373301,0.03334451338913749,0.00025788012459551646,-0.00025788012459551646,False,False,,
true:shuffled,fa6ddc168ffb4ab88b718f719357211e,4,9b77dad2bdcf4814b042fa47889f19f6,0.918462301103355,0.9185545813120757,-9.228020872065201e-05,0.04010164048746825,0.040063440384496725,3.820010297152232e-05,-3.820010297152232e-05,False,False,,
true:shuffled,fa6ddc168ffb4ab88b718f719357211e,8,746857c6bd46430fa4b5b82186e716e0,0.7627782958108059,0.7625809902141861,0.00019730559661979008,0.1573275966528608,0.1574337973772128,-0.00010620072435199579,0.00010620072435199579,False,False,,
true:shuffled,fa6ddc168ffb4ab88b718f719357211e,9,ef4fbe4064a74ce6b0a52cb3dd2e0bf0,0.7030959602670737,0.7033101598231197,-0.00021419955604606855,0.20663330061588506,0.20657324979987143,6.005081601362372e-05,-6.005081601362372e-05,False,False,,
true:shuffled,fa6ddc168ffb4ab88b718f719357211e,10,63d7813869b34ee9aa65064e93775e58,0.649489497577841,0.6496611081357302,-0.00017161055788916801,0.2558966151921771,0.25591924872719835,-2.2633535021243656e-05,2.2633535021243656e-05,False,False,,
true:shuffled,fa6ddc168ffb4ab88b718f719357211e,12,306e66375cf94c7881864ba03782d2d2,0.4953280150585947,0.4954606417519745,-0.00013262669337982258,0.4619387005234571,0.46186653801009275,7.216251336433777e-05,-7.216251336433777e-05,False,False,,
true:shuffled,fa6ddc168ffb4ab88b718f719357211e,16,a82ac06abf0d4d5ea70af9e19e82305e,0.5400703804739684,0.5882374664714021,-0.04816708599743369,0.39284905536131814,0.34285393859041446,0.04999511677090368,-0.04999511677090368,False,False,,
true:shuffled,fa6ddc168ffb4ab88b718f719357211e,17,2a572213c61c4d40a1955c2aecee6104,0.6366868366798335,0.6798350739457966,-0.04314823726596306,0.30918340226031976,0.29034428078664326,0.0188391214736765,-0.0188391214736765,False,False,,
true:shuffled,fa6ddc168ffb4ab88b718f719357211e,18,4734352144ac49a7b02960b99573fc14,0.6936241651737045,0.7298523608481139,-0.03622819567440938,0.3193161116233291,0.3164537966407075,0.0028623149826216276,-0.0028623149826216276,False,False,,
true:shuffled,fa6ddc168ffb4ab88b718f719357211e,20,cb708f56b6104d638f93e3906cba5b82,0.7840730500585801,0.7712598734452987,0.012813176613281407,0.290853557106425,0.3161796301136959,-0.025326073007270855,0.025326073007270855,False,False,,
true:shuffled,fa6ddc168ffb4ab88b718f719357211e,24,770820077d44452a8428299e33808c0f,0.576841969171097,0.5746948197042016,0.002147149466895426,0.3827655883563736,0.4074989584360916,-0.024733370079717987,0.024733370079717987,False,False,,
true:shuffled,fa6ddc168ffb4ab88b718f719357211e,25,8a7007fd59cf4f39a3855b0e82136105,0.5320593893151283,0.5271578970757937,0.0049014922393345595,0.4332109739714254,0.4649867611994288,-0.031775787228003394,0.031775787228003394,False,False,,
true:shuffled,fa6ddc168ffb4ab88b718f719357211e,26,15f4465f9fe44b80ab54908983b1cf68,0.48817418789854794,0.4835642311025564,0.004609956795991521,0.4924617355577153,0.5240323274279082,-0.0315705918701929,0.0315705918701929,False,False,,
true:shuffled,fa6ddc168ffb4ab88b718f719357211e,28,a07f902656eb4f0fb2e5a77f803fb37c,0.4120001638721238,0.40770735986060397,0.004292804011519824,0.5988672427202566,0.6291867110647487,-0.030319468344492062,0.030319468344492062,False,False,,
true:shuffled,fa6ddc168ffb4ab88b718f719357211e,32,fa8abe51b4104eb68fc7f85ab1c475bb,0.18999005338856204,0.1861410046384864,0.0038490487500756343,1.0801589963378961,1.1069103909046798,-0.02675139456678366,0.02675139456678366,False,False,,
true:shuffled,77268b95b44a4b89ad17df89479de81c,0,20601ccb0ab0445db56bad84060c1323,0.9999999999998592,0.9999999999998592,0.0,0.0,0.0,0.0,0.0,False,False,,
true:shuffled,77268b95b44a4b89ad17df89479de81c,1,746857c6bd46430fa4b5b82186e716e0,0.7522885420134954,0.7494700083565995,0.002818533656895883,0.21950529165067295,0.22070322014572594,-0.0011979284950529856,0.0011979284950529856,False,False,,
true:shuffled,77268b95b44a4b89ad17df89479de81c,2,ef4fbe4064a74ce6b0a52cb3dd2e0bf0,0.5708017762758627,0.5687407674915428,0.0020610087843199176,0.43399089551551717,0.43515212386022506,-0.0011612283447078875,0.0011612283447078875,False,False,,
true:shuffled,77268b95b44a4b89ad17df89479de81c,4,3d5a6fe339f3490297e4b9d1f3949618,0.1566748206735454,0.15618636546378598,0.0004884552097594308,1.1992462010777263,1.2000642850265486,-0.0008180839488223235,0.0008180839488223235,False,False,,
true:shuffled,77268b95b44a4b89ad17df89479de81c,8,f0bb168a6bc34e0bba79dd122b6394b0,0.2115005807734623,0.211194408188333,0.00030617258512929957,1.06595206444701,1.0666995304845162,-0.0007474660375061948,0.0007474660375061948,False,False,,
true:shuffled,77268b95b44a4b89ad17df89479de81c,9,a82ac06abf0d4d5ea70af9e19e82305e,0.18763918781742048,0.1871886851233376,0.00045050269408286603,1.1204677002713592,1.1213173498300262,-0.0008496495586669539,0.0008496495586669539,False,False,,
true:shuffled,77268b95b44a4b89ad17df89479de81c,10,2a572213c61c4d40a1955c2aecee6104,0.13001895019883278,0.12550850773335817,0.004510442465474607,1.2977934619567528,1.3264557338287608,-0.028662271872007983,0.028662271872007983,False,False,,
true:shuffled,77268b95b44a4b89ad17df89479de81c,12,0ab9ec2730894df2b48df70d0d2e84a9,0.10489139770864625,0.10124089991657037,0.0036504977920758797,1.3627608440007768,1.388214299292904,-0.02545345529212728,0.02545345529212728,False,False,,
true:shuffled,77268b95b44a4b89ad17df89479de81c,16,f76469bb5b5747dbaedb1c59990b5579,0.058195891629066195,0.05568096404495374,0.002514927584112453,1.476478320651375,1.4952212016193624,-0.018742880967987485,0.018742880967987485,False,False,,
true:shuffled,77268b95b44a4b89ad17df89479de81c,17,770820077d44452a8428299e33808c0f,0.04845434223072448,0.04620022964806825,0.0022541125826562314,1.500336484755002,1.5162995430228334,-0.015963058267831398,0.015963058267831398,False,False,,
true:shuffled,77268b95b44a4b89ad17df89479de81c,18,8a7007fd59cf4f39a3855b0e82136105,0.0391729121247583,0.03714470154764988,0.002028210577108419,1.527462093464618,1.5407082670321244,-0.013246173567506458,0.013246173567506458,False,False,,
true:shuffled,77268b95b44a4b89ad17df89479de81c,20,f94199c2a589484d8e32dd6bf4931d4f,0.0,0.0,0.0,1.7464682299879293,1.7652696083506698,-0.01880137836274054,0.01880137836274054,False,False,,
true:shuffled,77268b95b44a4b89ad17df89479de81c,23,7ac804cee1cd4d48ac2ea0ac97726bc9,0.0,0.0,0.0,1.734793256616369,1.7523684531282235,-0.017575196511854463,0.017575196511854463,False,False,,
true:shuffled,e3f3d97fa9564422a37828d01c8a2f5f,0,83f3eb36fc7144ab902e192db3a98c06,1.0000000000001126,1.0000000000001126,0.0,0.0,0.0,0.0,0.0,False,False,,
true:shuffled,e3f3d97fa9564422a37828d01c8a2f5f,1,0fc0a764b3ec4c8196ffa35598fbda5f,0.9323937936159467,0.9331312477255502,-0.0007374541096035747,0.06891657434227376,0.06775511902030176,0.0011614553219719964,-0.0011614553219719964,False,False,,
true:shuffled,e3f3d97fa9564422a37828d01c8a2f5f,2,ef823f39fe034fdc9651a363fc81327b,0.8667601976350292,0.8683449333407588,-0.0015847357057295897,0.14692358232486072,0.1439485043876389,0.0029750779372218206,-0.0029750779372218206,False,False,,
true:shuffled,e3f3d97fa9564422a37828d01c8a2f5f,4,cb440b4d1912467fb51d871f0ccf8e8a,0.7610619188909237,0.7194633316081335,0.0415985872827902,0.24446269795996833,0.29795572812367493,-0.0534930301637066,0.0534930301637066,False,False,,
true:shuffled,e3f3d97fa9564422a37828d01c8a2f5f,8,097394612e494d1ebe1750ed54a27763,0.698547047695213,0.6843015354979692,0.014245512197243793,0.4151033289448664,0.3870157138757811,0.028087615069085303,-0.028087615069085303,False,False,,
true:shuffled,e3f3d97fa9564422a37828d01c8a2f5f,9,20601ccb0ab0445db56bad84060c1323,0.6421450339947999,0.7902131619032462,-0.14806812790844626,0.40845950132900677,0.35546450636079563,0.05299499496821114,-0.05299499496821114,False,False,,
true:shuffled,e3f3d97fa9564422a37828d01c8a2f5f,10,746857c6bd46430fa4b5b82186e716e0,0.5870539245291715,0.7240092993507722,-0.1369553748216007,0.42497082698921995,0.3504550776031116,0.07451574938610833,-0.07451574938610833,False,False,,
true:shuffled,e3f3d97fa9564422a37828d01c8a2f5f,12,63d7813869b34ee9aa65064e93775e58,0.4804958231978316,0.5765696732024486,-0.09607385000461699,0.5217083039025657,0.42178366814949503,0.0999246357530707,-0.0999246357530707,False,False,,
true:shuffled,e3f3d97fa9564422a37828d01c8a2f5f,16,60448167db014ef49dcfb65d89d69b3f,0.3897724926381652,0.5364573755488073,-0.14668488291064213,0.6148073927265758,0.38193508860905556,0.23287230411752025,-0.23287230411752025,False,False,,
true:shuffled,e3f3d97fa9564422a37828d01c8a2f5f,17,f0bb168a6bc34e0bba79dd122b6394b0,0.3984184868862491,0.7075245711029992,-0.30910608421675007,0.5892712189490841,0.19350060000566935,0.3957706189434147,-0.3957706189434147,False,False,,
true:shuffled,e3f3d97fa9564422a37828d01c8a2f5f,18,a82ac06abf0d4d5ea70af9e19e82305e,0.411971777815194,0.7164854263900272,-0.3045136485748332,0.5603162758471043,0.18641429342924232,0.373901982417862,-0.373901982417862,False,False,,
true:shuffled,e3f3d97fa9564422a37828d01c8a2f5f,20,4734352144ac49a7b02960b99573fc14,0.4672698831006888,0.7180503016405042,-0.2507804185398154,0.46569578956987967,0.21854914119703747,0.2471466483728422,-0.2471466483728422,False,False,,
true:shuffled,e3f3d97fa9564422a37828d01c8a2f5f,22,cb708f56b6104d638f93e3906cba5b82,0.5119704527166348,0.7091720263307655,-0.1972015736141307,0.41172336785653857,0.4030847520478784,0.008638615808660155,-0.008638615808660155,False,False,,
true:shuffled,ec221beba32448e4a9865e920aeefed5,0,f8de967b00394c9e88558219feef8426,1.0000000000000349,1.0000000000000349,0.0,0.0,0.0,0.0,0.0,False,False,,
true:shuffled,ec221beba32448e4a9865e920aeefed5,1,cb440b4d1912467fb51d871f0ccf8e8a,0.8922473898777059,0.8922523983434585,-5.0084657525761855e-06,0.12234205343408583,0.12234872399729178,-6.670563205954383e-06,6.670563205954383e-06,False,False,,
true:shuffled,ec221beba32448e4a9865e920aeefed5,2,13546ea263ff48f49899cb30ac0004e9,0.7957376730906829,0.7957568574072367,-1.9184316553788605e-05,0.24542402460281912,0.24543532882639416,-1.1304223575037131e-05,1.1304223575037131e-05,False,False,,
true:shuffled,ec221beba32448e4a9865e920aeefed5,4,2b77a910c5e749f9a620d893361c1976,0.6418069761253015,0.6418091007299488,-2.124604647324446e-06,0.48613719549739914,0.4861573223791818,-2.0126881782656092e-05,2.0126881782656092e-05,False,False,,
true:shuffled,ec221beba32448e4a9865e920aeefed5,8,ef4fbe4064a74ce6b0a52cb3dd2e0bf0,0.7835717882008496,0.7835408457912066,3.0942409642964464e-05,0.4554595062125755,0.4555208216019941,-6.131538941855919e-05,6.131538941855919e-05,False,False,,
true:shuffled,ec221beba32448e4a9865e920aeefed5,9,63d7813869b34ee9aa65064e93775e58,0.7524837744803939,0.7522936007664938,0.0001901737139001769,0.43958443856227386,0.43966235588322167,-7.791732094780679e-05,7.791732094780679e-05,False,False,,
true:shuffled,ec221beba32448e4a9865e920aeefed5,10,3d5a6fe339f3490297e4b9d1f3949618,0.6873573582144633,0.6871075367575954,0.0002498214568679158,0.44224466634213777,0.44242793718407825,-0.00018327084194047494,0.00018327084194047494,False,False,,
true:shuffled,ec221beba32448e4a9865e920aeefed5,12,49cd09e4a07145258972fc4e6b18e42d,0.5832461324858715,0.5829010993322598,0.00034503315361178455,0.46873611255596437,0.46922143870332284,-0.0004853261473584669,0.0004853261473584669,False,False,,
true:shuffled,ec221beba32448e4a9865e920aeefed5,16,2a572213c61c4d40a1955c2aecee6104,0.3913405580119523,0.39109653790556476,0.00024402010638752136,0.7199334251117467,0.7203587293971794,-0.0004253042854326372,0.0004253042854326372,False,False,,
true:shuffled,ec221beba32448e4a9865e920aeefed5,17,4734352144ac49a7b02960b99573fc14,0.3514950869844668,0.3513058612462131,0.00018922573825369549,0.7955044040310132,0.7958281775373607,-0.00032377350634749114,0.00032377350634749114,False,False,,
true:shuffled,ec221beba32448e4a9865e920aeefed5,18,0ab9ec2730894df2b48df70d0d2e84a9,0.3129172741104321,0.3127444233317854,0.00017285077864664933,0.8760454934586298,0.8763476569001902,-0.0003021634415604213,0.0003021634415604213,False,False,,
true:shuffled,ec221beba32448e4a9865e920aeefed5,20,fd6002d736cb405796fc4fbdd5af6f7f,0.23923834700034144,0.2390965095682357,0.00014183743210574584,1.046906771280866,1.0471968056717913,-0.0002900343909253422,0.0002900343909253422,False,False,,
true:shuffled,ec221beba32448e4a9865e920aeefed5,24,8a7007fd59cf4f39a3855b0e82136105,0.13420172796774127,0.13403428845804866,0.0001674395096926129,1.3456509604062927,1.3461711925098887,-0.0005202321035959745,0.0005202321035959745,False,False,,
true:shuffled,ec221beba32448e4a9865e920aeefed5,25,15f4465f9fe44b80ab54908983b1cf68,0.1241528267949011,0.12398956282886194,0.00016326396603916216,1.376534459373083,1.3772159003128908,-0.0006814409398077093,0.0006814409398077093,False,False,,
true:shuffled,ec221beba32448e4a9865e920aeefed5,26,f94199c2a589484d8e32dd6bf4931d4f,0.11387509621685286,0.11380895194607862,6.614427077424045e-05,1.4097822115781953,1.4100467621546948,-0.00026455057649954483,0.00026455057649954483,False,False,,
true:shuffled,ec221beba32448e4a9865e920aeefed5,28,bec365d878c4413d85d5fbb3eb3b3f46,0.0938092261429463,0.09375475421066037,5.447193228592939e-05,1.4741233508640865,1.4743643873813794,-0.00024103651729290299,0.00024103651729290299,False,False,,
true:shuffled,ec221beba32448e4a9865e920aeefed5,31,fa8abe51b4104eb68fc7f85ab1c475bb,0.07688229446330673,0.0768749510639746,7.343399332129796e-06,1.5146900111849033,1.515049377138375,-0.0003593659534717464,0.0003593659534717464,False,False,,
true:shuffled,ca3f0ced132845b4afce73a6f27a953e,0,65e07a70e6b5404a87bf34e49d4c0924,0.999999999999952,0.999999999999952,0.0,0.0,0.0,0.0,0.0,False,False,,
true:shuffled,ca3f0ced132845b4afce73a6f27a953e,1,9ab5069c183c492b82b0ab30133080c1,0.9778536776319385,0.9775484005493623,0.00030527708257621633,0.01565109169506432,0.01581577214722489,-0.00016468045216056978,0.00016468045216056978,False,False,,
true:shuffled,ca3f0ced132845b4afce73a6f27a953e,2,4258ba3b8b8142f48c3249d310a8c3d2,0.9531588583853096,0.9529034714141081,0.0002553869712014212,0.033450937398076745,0.03361192728458321,-0.00016098988650646573,0.00016098988650646573,False,False,,
true:shuffled,ca3f0ced132845b4afce73a6f27a953e,4,83f3eb36fc7144ab902e192db3a98c06,0.9138683928324752,0.9139414505879537,-7.305775547850057e-05,0.06268003657009098,0.06260065780371553,7.937876637545416e-05,-7.937876637545416e-05,False,False,,
true:shuffled,ca3f0ced132845b4afce73a6f27a953e,8,cb440b4d1912467fb51d871f0ccf8e8a,0.8307238652130927,0.8318275590590002,-0.0011036938459074719,0.13106524516378715,0.12970394594236345,0.0013612992214236952,-0.0013612992214236952,False,False,,
true:shuffled,ca3f0ced132845b4afce73a6f27a953e,9,13546ea263ff48f49899cb30ac0004e9,0.8087361013786,0.8093070313999783,-0.0005709300213783131,0.15067240924019626,0.1497220039036752,0.0009504053365210485,-0.0009504053365210485,False,False,,
true:shuffled,ca3f0ced132845b4afce73a6f27a953e,10,9b77dad2bdcf4814b042fa47889f19f6,0.7530703662869894,0.7535026413945325,-0.00043227510754306753,0.20370802754425324,0.2028530091723032,0.0008550183719500393,-0.0008550183719500393,False,False,,
true:shuffled,ca3f0ced132845b4afce73a6f27a953e,12,097394612e494d1ebe1750ed54a27763,0.66990329413872,0.6699710061409295,-6.771200220956342e-05,0.2902517687715455,0.29033411922029717,-8.235044875165576e-05,8.235044875165576e-05,False,False,,
true:shuffled,ca3f0ced132845b4afce73a6f27a953e,14,746857c6bd46430fa4b5b82186e716e0,0.649087842859045,0.649365555437061,-0.00027771257801600946,0.30491161644050496,0.30477330537984443,0.00013831106066053422,-0.00013831106066053422,False,False,,
true:shuffled,fe050ab6b19d41d8bc2641f9835e9d1b,0,13546ea263ff48f49899cb30ac0004e9,0.9999999999999067,0.9999999999999067,0.0,0.0,0.0,0.0,0.0,False,False,,
true:shuffled,fe050ab6b19d41d8bc2641f9835e9d1b,1,9b77dad2bdcf4814b042fa47889f19f6,0.7918381762451994,0.7918381762451994,0.0,0.2023585926023404,0.2023585926023404,0.0,0.0,True,True,,
true:shuffled,fe050ab6b19d41d8bc2641f9835e9d1b,2,2b77a910c5e749f9a620d893361c1976,0.7691359701656372,0.7691359701656372,0.0,0.20472664701987678,0.20472664701987678,0.0,0.0,True,True,,
true:shuffled,fe050ab6b19d41d8bc2641f9835e9d1b,4,20601ccb0ab0445db56bad84060c1323,0.7085634900459857,0.7085634900459857,0.0,0.23655231979424443,0.23655231979424443,0.0,0.0,True,True,,
true:shuffled,fe050ab6b19d41d8bc2641f9835e9d1b,8,3d5a6fe339f3490297e4b9d1f3949618,0.5266120088120565,0.5266120088120565,0.0,0.5561870189064094,0.5561870189064094,0.0,0.0,True,True,,
true:shuffled,fe050ab6b19d41d8bc2641f9835e9d1b,9,306e66375cf94c7881864ba03782d2d2,0.47650060284487455,0.47650060284487455,0.0,0.6626498184543277,0.6626498184543277,0.0,0.0,False,False,,
true:shuffled,fe050ab6b19d41d8bc2641f9835e9d1b,10,49cd09e4a07145258972fc4e6b18e42d,0.4013591329048047,0.40136724342102226,-8.110516217574304e-06,0.7715233639502367,0.7715262284128573,-2.864462620655317e-06,2.864462620655317e-06,False,False,,
true:shuffled,fe050ab6b19d41d8bc2641f9835e9d1b,12,f0bb168a6bc34e0bba79dd122b6394b0,0.3808553482746043,0.3808644487541298,-9.100479525459004e-06,0.8022799361626649,0.8022759993469242,3.9368157407349e-06,-3.9368157407349e-06,False,False,,
true:shuffled,fe050ab6b19d41d8bc2641f9835e9d1b,16,0ab9ec2730894df2b48df70d0d2e84a9,0.38815565626721027,0.38816390723571353,-8.25096850326501e-06,0.6630446366037734,0.6630301025026245,1.4534101148933054e-05,-1.4534101148933054e-05,False,False,,
true:shuffled,fe050ab6b19d41d8bc2641f9835e9d1b,17,cb708f56b6104d638f93e3906cba5b82,0.34402517578715175,0.34404261073129044,-1.7434944138694508e-05,0.7555378477890402,0.755506336124027,3.1511665013250756e-05,-3.1511665013250756e-05,False,False,,
true:shuffled,fe050ab6b19d41d8bc2641f9835e9d1b,18,fd6002d736cb405796fc4fbdd5af6f7f,0.32171217541879976,0.32172581590784555,-1.3640489045785298e-05,0.8057737285304543,0.8057532016284512,2.052690200304852e-05,-2.052690200304852e-05,False,False,,
true:shuffled,fe050ab6b19d41d8bc2641f9835e9d1b,20,f76469bb5b5747dbaedb1c59990b5579,0.2908718993322718,0.2908975128954455,-2.5613563173709775e-05,0.9150153118304373,0.9149689772897686,4.633454066871323e-05,-4.633454066871323e-05,False,False,,
true:shuffled,fe050ab6b19d41d8bc2641f9835e9d1b,24,f94199c2a589484d8e32dd6bf4931d4f,0.18308802379105388,0.18307605396152982,1.1969829524061115e-05,1.2451612962827292,1.2451729614871703,-1.1665204441069221e-05,1.1665204441069221e-05,False,False,,
true:shuffled,fe050ab6b19d41d8bc2641f9835e9d1b,25,a07f902656eb4f0fb2e5a77f803fb37c,0.1632255859542597,0.16318977952863786,3.5806425621842664e-05,1.2999982822926444,1.3000492289685044,-5.0946675860030766e-05,5.0946675860030766e-05,False,False,,
true:shuffled,fe050ab6b19d41d8bc2641f9835e9d1b,26,bec365d878c4413d85d5fbb3eb3b3f46,0.12687263986186684,0.1267683307320329,0.00010430912983394602,1.4056210627728993,1.4058513287365906,-0.0002302659636912452,0.0002302659636912452,False,False,,
true:shuffled,fe050ab6b19d41d8bc2641f9835e9d1b,28,54259afa6c644e1d99422df9da1c8f35,0.04516857289310461,0.0451559835449405,1.2589348164109004e-05,1.6617279072661344,1.6617757232982189,-4.781603208448004e-05,4.781603208448004e-05,False,False,,
true:shuffled,fe050ab6b19d41d8bc2641f9835e9d1b,31,76c090ac27774e66a592f40998d5537c,0.0,0.0,0.0,2.042729705838023,2.0425440046518046,0.00018570118621852316,-0.00018570118621852316,False,False,,
true:shuffled,0b2ef8648d3c467989b67d5a3ce2a3df,0,2a572213c61c4d40a1955c2aecee6104,1.0000000000001374,1.0000000000001374,0.0,0.0,0.0,0.0,0.0,False,False,,
true:shuffled,0b2ef8648d3c467989b67d5a3ce2a3df,1,4734352144ac49a7b02960b99573fc14,0.21631794154669312,0.21631769745815532,2.440885377985591e-07,2.362356290533336,2.362359980320109,-3.6897867730090184e-06,3.6897867730090184e-06,False,False,,
true:shuffled,0b2ef8648d3c467989b67d5a3ce2a3df,2,0ab9ec2730894df2b48df70d0d2e84a9,0.0,0.0,0.0,4.918615138796267,5.756075502730589,-0.8374603639343219,0.8374603639343219,False,False,,
true:shuffled,0b2ef8648d3c467989b67d5a3ce2a3df,4,fd6002d736cb405796fc4fbdd5af6f7f,0.0,0.0,0.0,7.36246325134623,8.440742085156975,-1.078278833810745,1.078278833810745,False,False,,
true:shuffled,0b2ef8648d3c467989b67d5a3ce2a3df,8,8a7007fd59cf4f39a3855b0e82136105,0.0,0.0,0.0,7.417448679848271,8.489016145207977,-1.0715674653597054,1.0715674653597054,True,True,,
true:shuffled,0b2ef8648d3c467989b67d5a3ce2a3df,9,15f4465f9fe44b80ab54908983b1cf68,0.0,0.0,0.0,7.435839219486013,8.505290683553273,-1.06945146406726,1.06945146406726,True,True,,
true:shuffled,0b2ef8648d3c467989b67d5a3ce2a3df,10,f94199c2a589484d8e32dd6bf4931d4f,0.0,0.0,0.0,7.4538700017283865,8.521115407712356,-1.0672454059839698,1.0672454059839698,True,True,,
true:shuffled,0b2ef8648d3c467989b67d5a3ce2a3df,12,bec365d878c4413d85d5fbb3eb3b3f46,0.0,0.0,0.0,7.560580067392831,8.62203690333702,-1.06145683594419,1.06145683594419,True,True,,
true:shuffled,0b2ef8648d3c467989b67d5a3ce2a3df,16,bc84a61f13f744cd8f5aa8e888ce879b,0.0,0.0,0.0,7.6466603580229835,8.701430888663978,-1.0547705306409947,1.0547705306409947,True,True,,
true:shuffled,0b2ef8648d3c467989b67d5a3ce2a3df,17,76c090ac27774e66a592f40998d5537c,0.0,0.0,0.0,7.712355927075068,8.762813200192372,-1.0504572731173045,1.0504572731173045,True,True,,
true:shuffled,8fba9861aa6d4d14b78c90fbb5372fb2,0,65e07a70e6b5404a87bf34e49d4c0924,1.0000000000001152,1.0000000000001152,0.0,0.0,0.0,0.0,0.0,False,False,,
true:shuffled,8fba9861aa6d4d14b78c90fbb5372fb2,1,9ab5069c183c492b82b0ab30133080c1,0.9015247356178483,0.9015735380156018,-4.880239775351125e-05,0.06544397864954503,0.06530839186834378,0.00013558678120124956,-0.00013558678120124956,False,False,,
true:shuffled,8fba9861aa6d4d14b78c90fbb5372fb2,2,4258ba3b8b8142f48c3249d310a8c3d2,0.8137270370890837,0.8138472978774457,-0.00012026078836202547,0.1319922432479837,0.13169539366161714,0.00029684958636655434,-0.00029684958636655434,False,False,,
true:shuffled,8fba9861aa6d4d14b78c90fbb5372fb2,4,83f3eb36fc7144ab902e192db3a98c06,0.6885147167967867,0.6882464806472393,0.00026823614954740727,0.24322184946141945,0.24422871694671386,-0.0010068674852944104,0.0010068674852944104,False,False,,
true:shuffled,8fba9861aa6d4d14b78c90fbb5372fb2,8,cb440b4d1912467fb51d871f0ccf8e8a,0.498026641498469,0.4974406662528645,0.0005859752456044975,0.43120441046326496,0.4338275375986878,-0.0026231271354228425,0.0026231271354228425,False,False,,
true:shuffled,8fba9861aa6d4d14b78c90fbb5372fb2,9,13546ea263ff48f49899cb30ac0004e9,0.45525366464128375,0.4547818272972486,0.0004718373440351642,0.49367918968274205,0.49634165687815485,-0.0026624671954127987,0.0026624671954127987,False,False,,
true:shuffled,8fba9861aa6d4d14b78c90fbb5372fb2,10,9b77dad2bdcf4814b042fa47889f19f6,0.4388028694072437,0.43841148189228746,0.0003913875149562651,0.5338052258935222,0.536300133655841,-0.0024949077623187543,0.0024949077623187543,False,False,,
true:shuffled,8fba9861aa6d4d14b78c90fbb5372fb2,12,097394612e494d1ebe1750ed54a27763,0.4088127859103284,0.408225146960263,0.0005876389500653612,0.6225375540226947,0.6269498833082208,-0.00441232928552604,0.00441232928552604,False,False,,
true:shuffled,8fba9861aa6d4d14b78c90fbb5372fb2,16,63d7813869b34ee9aa65064e93775e58,0.24731766029785962,0.24511563750102677,0.0022020227968328476,0.9913759311414125,0.9989794949089078,-0.007603563767495269,0.007603563767495269,False,False,,
true:shuffled,8fba9861aa6d4d14b78c90fbb5372fb2,17,3d5a6fe339f3490297e4b9d1f3949618,0.21321927213975667,0.21050878390828073,0.0027104882314759327,1.0509504960070546,1.0592214874622892,-0.008270991455234578,0.008270991455234578,False,False,,
true:shuffled,8fba9861aa6d4d14b78c90fbb5372fb2,18,306e66375cf94c7881864ba03782d2d2,0.1773138876151025,0.17447310740136127,0.002840780213741234,1.1132372722154211,1.1212644753789958,-0.008027203163574637,0.008027203163574637,False,False,,
true:shuffled,8fba9861aa6d4d14b78c90fbb5372fb2,20,60448167db014ef49dcfb65d89d69b3f,0.16309896776950167,0.16127503942541924,0.0018239283440824317,1.126920606938178,1.1329354438534949,-0.00601483691531679,0.00601483691531679,False,False,,
true:shuffled,8fba9861aa6d4d14b78c90fbb5372fb2,24,4734352144ac49a7b02960b99573fc14,0.2543844764886569,0.2545897605757673,-0.00020528408711040225,0.9259247800367868,0.9281461366213346,-0.0022213565845478067,0.0022213565845478067,False,False,,
true:shuffled,8fba9861aa6d4d14b78c90fbb5372fb2,25,0ab9ec2730894df2b48df70d0d2e84a9,0.2853103210057328,0.2875060515957917,-0.0021957305900588975,0.8747301457515021,0.8739622400321312,0.0007679057193709093,-0.0007679057193709093,False,False,,
true:shuffled,8fba9861aa6d4d14b78c90fbb5372fb2,26,cb708f56b6104d638f93e3906cba5b82,0.3158899643109458,0.31635388063413206,-0.0004639163231862642,0.8283434196206625,0.8300084976685073,-0.0016650780478447702,0.0016650780478447702,False,False,,
true:shuffled,8fba9861aa6d4d14b78c90fbb5372fb2,28,7f769bb638214009813b92df0cfb501a,0.37515701841024474,0.37516151288947536,-4.4944792306211845e-06,0.7438779819316177,0.7464316188220225,-0.0025536368904047757,0.0025536368904047757,False,False,,
true:shuffled,8fba9861aa6d4d14b78c90fbb5372fb2,32,15f4465f9fe44b80ab54908983b1cf68,0.5033185890202467,0.5027305752237123,0.0005880137965343923,0.6192484770818283,0.6230254873689549,-0.0037770102871266253,0.0037770102871266253,False,False,,
true:shuffled,8fba9861aa6d4d14b78c90fbb5372fb2,33,f94199c2a589484d8e32dd6bf4931d4f,0.522259409175978,0.5223893456580115,-0.00012993648203352137,0.6171413889552131,0.6197126780700084,-0.0025712891147953165,0.0025712891147953165,False,False,,
true:shuffled,8fba9861aa6d4d14b78c90fbb5372fb2,34,a07f902656eb4f0fb2e5a77f803fb37c,0.54212028320458,0.5413318965555681,0.0007883866490118185,0.6104870120089494,0.6126311190708719,-0.0021441070619224734,0.0021441070619224734,False,False,,
true:shuffled,8fba9861aa6d4d14b78c90fbb5372fb2,35,bec365d878c4413d85d5fbb3eb3b3f46,0.5592489326665582,0.5568762114328604,0.0023727212336978054,0.5986634249908813,0.6011331901915012,-0.0024697652006199222,0.0024697652006199222,False,False,,
true:shuffled,3eb275ac391e46aa8fad54e18a7b5a8f,0,3d5a6fe339f3490297e4b9d1f3949618,1.0000000000000682,1.0000000000000682,0.0,0.0,0.0,0.0,0.0,False,False,,
true:shuffled,3eb275ac391e46aa8fad54e18a7b5a8f,1,306e66375cf94c7881864ba03782d2d2,0.8564299142484908,0.8562049681585658,0.00022494608992496,0.08263923151962757,0.08278827961055446,-0.00014904809092688986,0.00014904809092688986,False,False,,
true:shuffled,3eb275ac391e46aa8fad54e18a7b5a8f,2,49cd09e4a07145258972fc4e6b18e42d,0.7381137270414796,0.7383484666388885,-0.00023473959740893946,0.1644580564953826,0.16427241616307955,0.00018564033230303312,-0.00018564033230303312,False,False,,
true:shuffled,3eb275ac391e46aa8fad54e18a7b5a8f,4,f0bb168a6bc34e0bba79dd122b6394b0,0.5565155198161834,0.5566231076328981,-0.00010758781671471596,0.3252721387923997,0.32515286133377563,0.00011927745862405637,-0.00011927745862405637,False,False,,
true:shuffled,3eb275ac391e46aa8fad54e18a7b5a8f,8,0ab9ec2730894df2b48df70d0d2e84a9,0.5630223612534151,0.5640727373556147,-0.0010503761021996016,0.4237892425508652,0.4224657948122372,0.0013234477386279697,-0.0013234477386279697,False,False,,
true:shuffled,3eb275ac391e46aa8fad54e18a7b5a8f,9,cb708f56b6104d638f93e3906cba5b82,0.5535446633640275,0.5547545076823192,-0.0012098443182916307,0.4143988897706385,0.4115745466059563,0.0028243431646821637,-0.0028243431646821637,False,False,,
true:shuffled,3eb275ac391e46aa8fad54e18a7b5a8f,10,fd6002d736cb405796fc4fbdd5af6f7f,0.505808079059679,0.5073338186101521,-0.001525739550473193,0.42585165488265647,0.4222858620567684,0.003565792825888092,-0.003565792825888092,False,False,,
true:shuffled,3eb275ac391e46aa8fad54e18a7b5a8f,12,f76469bb5b5747dbaedb1c59990b5579,0.408888168328135,0.4096990073408481,-0.0008108390127130605,0.555849115467671,0.5534716727990446,0.002377442668626384,-0.002377442668626384,False,False,,
true:shuffled,3eb275ac391e46aa8fad54e18a7b5a8f,16,f94199c2a589484d8e32dd6bf4931d4f,0.20100775904020174,0.20124799747231345,-0.00024023843211171125,0.9164696103265956,0.9151858167310013,0.0012837935955942736,-0.0012837935955942736,False,False,,
true:shuffled,3eb275ac391e46aa8fad54e18a7b5a8f,17,a07f902656eb4f0fb2e5a77f803fb37c,0.15846617568505045,0.15873497592896826,-0.0002688002439178161,1.0308567819917323,1.0290248161908535,0.0018319658008787432,-0.0018319658008787432,False,False,,
true:shuffled,3eb275ac391e46aa8fad54e18a7b5a8f,18,bec365d878c4413d85d5fbb3eb3b3f46,0.12231964990930008,0.12253375847458095,-0.0002141085652808683,1.1459483970180564,1.14403525835036,0.00191313866769649,-0.00191313866769649,False,False,,
true:shuffled,3eb275ac391e46aa8fad54e18a7b5a8f,20,54259afa6c644e1d99422df9da1c8f35,0.06327530948762079,0.0633534630236307,-7.81535360099006e-05,1.3876092346946625,1.3855675869574782,0.0020416477371842934,-0.0020416477371842934,False,False,,
true:shuffled,fd4ce422e0db4ad3ab978a811ba04d3a,0,0fc0a764b3ec4c8196ffa35598fbda5f,1.0000000000000326,1.0000000000000326,0.0,0.0,0.0,0.0,0.0,False,False,,
true:shuffled,fd4ce422e0db4ad3ab978a811ba04d3a,1,ef823f39fe034fdc9651a363fc81327b,0.93352369702404,0.9335287980536416,-5.1010296016062995e-06,0.04773692761283869,0.04773915094363847,-2.223330799779044e-06,2.223330799779044e-06,False,False,,
true:shuffled,fd4ce422e0db4ad3ab978a811ba04d3a,2,f8de967b00394c9e88558219feef8426,0.8739112332941863,0.8738839019574054,2.7331336780900273e-05,0.09316124204588622,0.09318778149129876,-2.653944541254616e-05,2.653944541254616e-05,False,False,,
true:shuffled,fd4ce422e0db4ad3ab978a811ba04d3a,4,13546ea263ff48f49899cb30ac0004e9,0.7792083526373231,0.7791698440990532,3.850853826992129e-05,0.16885673986681315,0.16888826121474146,-3.1521347928303856e-05,3.1521347928303856e-05,False,False,,
true:shuffled,fd4ce422e0db4ad3ab978a811ba04d3a,8,20601ccb0ab0445db56bad84060c1323,0.6345709136889341,0.6345597977600355,1.1115928898686178e-05,0.3141656061139392,0.3141955921639538,-2.998605001464094e-05,2.998605001464094e-05,False,False,,
true:shuffled,fd4ce422e0db4ad3ab978a811ba04d3a,9,746857c6bd46430fa4b5b82186e716e0,0.6912716092498234,0.6913010555449244,-2.9446295100932218e-05,0.24865254217901195,0.24865148947550983,1.0527035021190567e-06,-1.0527035021190567e-06,False,False,,
true:shuffled,fd4ce422e0db4ad3ab978a811ba04d3a,10,ef4fbe4064a74ce6b0a52cb3dd2e0bf0,0.8463431742888483,0.7801255437800663,0.06621763050878204,0.10293356551470614,0.15473375444929252,-0.05180018893458638,0.05180018893458638,False,False,,
true:shuffled,fd4ce422e0db4ad3ab978a811ba04d3a,12,3d5a6fe339f3490297e4b9d1f3949618,0.7386513579210028,0.7776422403686003,-0.03899088244759752,0.200882467432764,0.1643338213304172,0.03654864610234679,-0.03654864610234679,False,False,,
true:shuffled,fd4ce422e0db4ad3ab978a811ba04d3a,16,f0bb168a6bc34e0bba79dd122b6394b0,0.761192825284688,0.826019256207639,-0.06482643092295104,0.15734380621052077,0.124062720206663,0.03328108600385778,-0.03328108600385778,False,False,,
true:shuffled,fd4ce422e0db4ad3ab978a811ba04d3a,17,a82ac06abf0d4d5ea70af9e19e82305e,0.7350238835637194,0.7964427379639639,-0.06141885440024453,0.17994933188277176,0.13816114230149462,0.04178818958127714,-0.04178818958127714,False,False,,
true:shuffled,fd4ce422e0db4ad3ab978a811ba04d3a,18,2a572213c61c4d40a1955c2aecee6104,0.6869594148294316,0.7426014286532527,-0.05564201382382117,0.2172238000511686,0.17451497276058117,0.04270882729058742,-0.04270882729058742,False,False,,
true:shuffled,fd4ce422e0db4ad3ab978a811ba04d3a,20,0ab9ec2730894df2b48df70d0d2e84a9,0.5556915279125143,0.6031420676946898,-0.047450539782175505,0.3632783384387769,0.3051195851861744,0.0581587532526025,-0.0581587532526025,False,False,,
true:shuffled,fd4ce422e0db4ad3ab978a811ba04d3a,24,f76469bb5b5747dbaedb1c59990b5579,0.34828353487747743,0.38048892577787646,-0.032205390900399034,0.6604830726253879,0.6011703524531388,0.05931272017224909,-0.05931272017224909,False,False,,
true:shuffled,fd4ce422e0db4ad3ab978a811ba04d3a,25,770820077d44452a8428299e33808c0f,0.30643208761327856,0.33721604684288636,-0.030783959229607805,0.7311943376021551,0.6715283228831449,0.05966601471901023,-0.05966601471901023,False,False,,
true:shuffled,fd4ce422e0db4ad3ab978a811ba04d3a,26,8a7007fd59cf4f39a3855b0e82136105,0.2684236382522399,0.2960635840909144,-0.027639945838674462,0.8036544521819334,0.7440271387782785,0.0596273134036549,-0.0596273134036549,False,False,,
true:shuffled,fd4ce422e0db4ad3ab978a811ba04d3a,28,f94199c2a589484d8e32dd6bf4931d4f,0.2247787576954485,0.25036512885412976,-0.02558637115868126,0.9101877027440815,0.8489183608500489,0.06126934189403255,-0.06126934189403255,False,False,,
true:shuffled,fd4ce422e0db4ad3ab978a811ba04d3a,32,54259afa6c644e1d99422df9da1c8f35,0.144351982530309,0.16630651737036675,-0.021954534840057743,1.1384748548725043,1.0754366952558883,0.06303815961661607,-0.06303815961661607,False,False,,
true:shuffled,fd4ce422e0db4ad3ab978a811ba04d3a,33,fa8abe51b4104eb68fc7f85ab1c475bb,0.12324889806175583,0.14418286682159948,-0.020933968759843644,1.2017384698638276,1.1378533317652602,0.06388513809856744,-0.06388513809856744,False,False,,
true:shuffled,fd4ce422e0db4ad3ab978a811ba04d3a,34,bc84a61f13f744cd8f5aa8e888ce879b,0.10257924500715818,0.12255741241856714,-0.019978167411408967,1.2682942100022057,1.2036741503218902,0.06462005968031548,-0.06462005968031548,False,False,,
true:shuffled,fd4ce422e0db4ad3ab978a811ba04d3a,35,76c090ac27774e66a592f40998d5537c,0.08275753835891983,0.10180367258043521,-0.01904613422151538,1.3364745937207156,1.2713858443498411,0.0650887493708745,-0.0650887493708745,False,False,,
true:shuffled,2e84949acbd84ea3857ca2a04e50b6a4,0,cb708f56b6104d638f93e3906cba5b82,0.9999999999998985,0.9999999999998985,0.0,0.0,0.0,0.0,0.0,False,False,,
true:shuffled,2e84949acbd84ea3857ca2a04e50b6a4,1,fd6002d736cb405796fc4fbdd5af6f7f,0.9835758615039537,0.9842402160320036,-0.0006643545280499152,0.019044572226171372,0.017051493757873497,0.001993078468297875,-0.001993078468297875,False,False,,
true:shuffled,2e84949acbd84ea3857ca2a04e50b6a4,2,7f769bb638214009813b92df0cfb501a,0.7788298369777497,0.7792602750620283,-0.0004304380842786726,0.15032386255101282,0.14993695025458623,0.00038691229642659475,-0.00038691229642659475,False,False,,
true:shuffled,2e84949acbd84ea3857ca2a04e50b6a4,4,770820077d44452a8428299e33808c0f,0.49422864736703126,0.49468141298564366,-0.00045276561861240516,0.4401310913401715,0.43968258170476016,0.0004485096354113205,-0.0004485096354113205,False,False,,
true:shuffled,2e84949acbd84ea3857ca2a04e50b6a4,8,a07f902656eb4f0fb2e5a77f803fb37c,0.272750256877021,0.2726091752184639,0.0001410816585570851,0.852842403824309,0.8527496915843128,9.271223999618439e-05,-9.271223999618439e-05,False,False,,
true:shuffled,2e84949acbd84ea3857ca2a04e50b6a4,9,bec365d878c4413d85d5fbb3eb3b3f46,0.2454587130537137,0.24529341848671762,0.00016529456699607148,0.9259193522487247,0.9257749391457681,0.00014441310295654208,-0.00014441310295654208,False,False,,
true:shuffled,2e84949acbd84ea3857ca2a04e50b6a4,10,7ac804cee1cd4d48ac2ea0ac97726bc9,0.2169813531204774,0.21678988130260918,0.0001914718178682162,1.0034803562911832,1.0035281486041223,-4.7792312939165527e-05,4.7792312939165527e-05,False,False,,
true:shuffled,2e84949acbd84ea3857ca2a04e50b6a4,12,fa8abe51b4104eb68fc7f85ab1c475bb,0.1427723434198938,0.14297995987777282,-0.0002076164578790063,1.1852087413622925,1.1850472334555908,0.00016150790670166337,-0.00016150790670166337,False,False,,
true:shuffled,2e84949acbd84ea3857ca2a04e50b6a4,14,76c090ac27774e66a592f40998d5537c,0.05862073251310556,0.05873446289310814,-0.0001137303800025774,1.4258412869533565,1.4250314297014588,0.0008098572518977498,-0.0008098572518977498,False,False,,
true:shuffled,52770232202d4ad1a98ed07d5b4c20b9,0,65e07a70e6b5404a87bf34e49d4c0924,0.9999999999999167,0.9999999999999167,0.0,0.0,0.0,0.0,0.0,False,False,,
true:shuffled,52770232202d4ad1a98ed07d5b4c20b9,1,9ab5069c183c492b82b0ab30133080c1,0.9928327101513801,0.993355461025873,-0.0005227508744929388,0.004265613286814123,0.00393416646578433,0.00033144682102979363,-0.00033144682102979363,False,False,,
true:shuffled,52770232202d4ad1a98ed07d5b4c20b9,2,4258ba3b8b8142f48c3249d310a8c3d2,0.9769539178122014,0.9761975508681799,0.0007563669440214804,0.024831724389073103,0.026297580324439004,-0.0014658559353659013,0.0014658559353659013,False,False,,
true:shuffled,52770232202d4ad1a98ed07d5b4c20b9,4,83f3eb36fc7144ab902e192db3a98c06,0.9088910370882713,0.9076849522728848,0.0012060848153865322,0.06362381935329517,0.0663231380727327,-0.0026993187194375295,0.0026993187194375295,False,False,,
true:shuffled,52770232202d4ad1a98ed07d5b4c20b9,8,cb440b4d1912467fb51d871f0ccf8e8a,0.8788105036626163,0.8799513604914365,-0.001140856828820258,0.08728099340108651,0.0855409262353307,0.0017400671657558098,-0.0017400671657558098,False,False,,
true:shuffled,52770232202d4ad1a98ed07d5b4c20b9,9,13546ea263ff48f49899cb30ac0004e9,0.8496614920094062,0.8512824114926741,-0.0016209194832679241,0.11140580843702427,0.1090827204647127,0.002323087972311566,-0.002323087972311566,False,False,,
true:shuffled,52770232202d4ad1a98ed07d5b4c20b9,10,9b77dad2bdcf4814b042fa47889f19f6,0.7778924229158275,0.7798789976333611,-0.001986574717533607,0.19062882549479365,0.18645234605771355,0.004176479437080105,-0.004176479437080105,False,False,,
true:shuffled,52770232202d4ad1a98ed07d5b4c20b9,12,097394612e494d1ebe1750ed54a27763,0.6390276535972711,0.6402860507996291,-0.001258397202357986,0.34484317595985536,0.3409536441320354,0.003889531827819981,-0.003889531827819981,False,False,,
true:shuffled,52770232202d4ad1a98ed07d5b4c20b9,16,63d7813869b34ee9aa65064e93775e58,0.5040931695116164,0.5052128344344544,-0.001119664922837993,0.6508092241109542,0.6455902685043146,0.0052189556066396525,-0.0052189556066396525,False,False,,
true:shuffled,52770232202d4ad1a98ed07d5b4c20b9,17,3d5a6fe339f3490297e4b9d1f3949618,0.4938910650273929,0.4950238021048544,-0.001132737077461532,0.6547737546010376,0.6495880889059391,0.005185665695098485,-0.005185665695098485,False,False,,
true:shuffled,52770232202d4ad1a98ed07d5b4c20b9,18,306e66375cf94c7881864ba03782d2d2,0.4814805253020958,0.48276879405708767,-0.0012882687549918836,0.6581283333948761,0.652533897952604,0.0055944354422721165,-0.0055944354422721165,False,False,,
true:shuffled,52770232202d4ad1a98ed07d5b4c20b9,20,60448167db014ef49dcfb65d89d69b3f,0.6077686050294879,0.6121222338425154,-0.004353628813027477,0.49773002796492516,0.5161267976272187,-0.018396769662293533,0.018396769662293533,False,False,,
true:shuffled,52770232202d4ad1a98ed07d5b4c20b9,24,4734352144ac49a7b02960b99573fc14,0.7087503651657101,0.709855181448029,-0.0011048162823188434,0.4478735785672024,0.4706410631835674,-0.02276748461636502,0.02276748461636502,False,False,,
true:shuffled,52770232202d4ad1a98ed07d5b4c20b9,25,0ab9ec2730894df2b48df70d0d2e84a9,0.7642898236087661,0.7517221807149213,0.012567642893844821,0.43246126561038983,0.4580464589612727,-0.025585193350882884,0.025585193350882884,False,False,,
true:shuffled,52770232202d4ad1a98ed07d5b4c20b9,26,cb708f56b6104d638f93e3906cba5b82,0.708851546394402,0.6983817510119639,0.010469795382438085,0.4414272082958731,0.46103040413541574,-0.01960319583954262,0.01960319583954262,False,False,,
true:shuffled,52770232202d4ad1a98ed07d5b4c20b9,28,7f769bb638214009813b92df0cfb501a,0.6240952641993828,0.6149110184556215,0.00918424574376131,0.49139290052185886,0.5112728092706472,-0.019879908748788366,0.019879908748788366,False,False,,
true:shuffled,52770232202d4ad1a98ed07d5b4c20b9,32,15f4465f9fe44b80ab54908983b1cf68,0.47352579700342656,0.4664761216783769,0.007049675325049687,0.6402446934218555,0.6591566046822852,-0.01891191126042968,0.01891191126042968,False,False,,
true:shuffled,52770232202d4ad1a98ed07d5b4c20b9,33,f94199c2a589484d8e32dd6bf4931d4f,0.4353835062993337,0.4288369842226107,0.006546522076723016,0.7039550273327189,0.722630403093459,-0.018675375760740187,0.018675375760740187,False,False,,
true:shuffled,52770232202d4ad1a98ed07d5b4c20b9,34,a07f902656eb4f0fb2e5a77f803fb37c,0.40608893979510746,0.39992752739543197,0.006161412399675492,0.7427210431704582,0.760986758414992,-0.018265715244533798,0.018265715244533798,True,True,,
true:shuffled,52770232202d4ad1a98ed07d5b4c20b9,35,bec365d878c4413d85d5fbb3eb3b3f46,0.37796619615435556,0.37216471263234285,0.005801483522012707,0.7835741288668342,0.8014231051641195,-0.017848976297285324,0.017848976297285324,True,True,,
true:shuffled,ec5241e32939433baeb2b3955920b28c,0,65e07a70e6b5404a87bf34e49d4c0924,0.9999999999999792,0.9999999999999792,0.0,0.0,0.0,0.0,0.0,False,False,,
true:shuffled,ec5241e32939433baeb2b3955920b28c,1,9ab5069c183c492b82b0ab30133080c1,0.9255998036282745,0.9254882704000761,0.00011153322819845712,0.05058053114129833,0.05064681761049055,-6.628646919221853e-05,6.628646919221853e-05,False,False,,
true:shuffled,ec5241e32939433baeb2b3955920b28c,2,4258ba3b8b8142f48c3249d310a8c3d2,0.8637117239259637,0.8642266923458889,-0.0005149684199251547,0.09024372304277185,0.08996103876565516,0.00028268427711669597,-0.00028268427711669597,False,False,,
true:shuffled,ec5241e32939433baeb2b3955920b28c,4,83f3eb36fc7144ab902e192db3a98c06,0.8216074736896564,0.822188936518528,-0.000581462828871615,0.12258182656906184,0.12194877703077793,0.0006330495382839141,-0.0006330495382839141,False,False,,
true:shuffled,ec5241e32939433baeb2b3955920b28c,8,cb440b4d1912467fb51d871f0ccf8e8a,0.7549953135036114,0.755250709798661,-0.0002553962950496702,0.23824811305917928,0.23803965543256136,0.00020845762661791944,-0.00020845762661791944,False,False,,
true:shuffled,ec5241e32939433baeb2b3955920b28c,9,13546ea263ff48f49899cb30ac0004e9,0.7404162318054762,0.7390432646209864,0.0013729671844898705,0.27687706078239815,0.2802418995211503,-0.0033648387387521517,0.0033648387387521517,False,False,,
true:shuffled,ec5241e32939433baeb2b3955920b28c,10,9b77dad2bdcf4814b042fa47889f19f6,0.7283677659135686,0.7271665217880603,0.0012012441255082607,0.3135935145798324,0.3165873948942623,-0.0029938803144298753,0.0029938803144298753,False,False,,
true:shuffled,ec5241e32939433baeb2b3955920b28c,12,097394612e494d1ebe1750ed54a27763,0.5466361533620008,0.5458567169598918,0.0007794364021089795,0.5213786208303282,0.524083269235284,-0.0027046484049558783,0.0027046484049558783,False,False,,
true:shuffled,ec5241e32939433baeb2b3955920b28c,16,63d7813869b34ee9aa65064e93775e58,0.5284433829315909,0.5956793556614617,-0.06723597272987081,0.4514925988959555,0.3675291607613284,0.08396343813462709,-0.08396343813462709,False,False,,
true:shuffled,ec5241e32939433baeb2b3955920b28c,17,3d5a6fe339f3490297e4b9d1f3949618,0.5265500986109432,0.5938252136332538,-0.06727511502231065,0.436693119750638,0.35778241460540594,0.07891070514523207,-0.07891070514523207,False,False,,
true:shuffled,ec5241e32939433baeb2b3955920b28c,18,306e66375cf94c7881864ba03782d2d2,0.5239978611672101,0.5909824292327376,-0.06698456806552744,0.42763961147218094,0.35515500105323866,0.07248461041894227,-0.07248461041894227,False,False,,
true:shuffled,ec5241e32939433baeb2b3955920b28c,20,60448167db014ef49dcfb65d89d69b3f,0.5094275738703804,0.5751157022124237,-0.0656881283420433,0.43213987789097996,0.36529356716868877,0.06684631072229119,-0.06684631072229119,False,False,,
true:shuffled,ec5241e32939433baeb2b3955920b28c,24,4734352144ac49a7b02960b99573fc14,0.5501454459626476,0.6097949776975795,-0.059649531734931927,0.35756620153760776,0.2962432102191366,0.06132299131847119,-0.06132299131847119,False,False,,
true:shuffled,ec5241e32939433baeb2b3955920b28c,25,0ab9ec2730894df2b48df70d0d2e84a9,0.5660437354486457,0.6214469294959177,-0.05540319404727201,0.3383468863873428,0.2816670903889296,0.05667979599841316,-0.05667979599841316,False,False,,
true:shuffled,ec5241e32939433baeb2b3955920b28c,26,cb708f56b6104d638f93e3906cba5b82,0.5831777009559859,0.8103227136861073,-0.22714501273012144,0.3221750088032831,0.13451547839115746,0.18765953041212563,-0.18765953041212563,False,False,,
true:shuffled,ec5241e32939433baeb2b3955920b28c,28,7f769bb638214009813b92df0cfb501a,0.6344787893087651,0.8294298133064922,-0.19495102399772712,0.27848987032639866,0.12821717571429583,0.15027269461210283,-0.15027269461210283,False,False,,
true:shuffled,ec5241e32939433baeb2b3955920b28c,30,770820077d44452a8428299e33808c0f,0.6885296166926388,0.7650747521758354,-0.07654513548319664,0.24965229654805055,0.15950258281971846,0.09014971372833208,-0.09014971372833208,False,False,,
true:shuffled,7a2612095f7840048f58d69a07e836a5,0,83f3eb36fc7144ab902e192db3a98c06,1.0000000000000258,1.0000000000000258,0.0,0.0,0.0,0.0,0.0,False,False,,
true:shuffled,7a2612095f7840048f58d69a07e836a5,1,0fc0a764b3ec4c8196ffa35598fbda5f,0.9525443406826275,0.9523356090346813,0.00020873164794621424,0.04370012709818792,0.04398072438433667,-0.000280597286148751,0.000280597286148751,False,False,,
true:shuffled,7a2612095f7840048f58d69a07e836a5,2,ef823f39fe034fdc9651a363fc81327b,0.9130684368878176,0.913581794273975,-0.0005133573861574314,0.07678823842632276,0.07570495877760697,0.0010832796487157959,-0.0010832796487157959,False,False,,
true:shuffled,7a2612095f7840048f58d69a07e836a5,4,cb440b4d1912467fb51d871f0ccf8e8a,0.840940000706591,0.8430641123496725,-0.002124111643081461,0.15526013230190933,0.1507130136475761,0.004547118654333215,-0.004547118654333215,False,False,,
true:shuffled,7a2612095f7840048f58d69a07e836a5,8,097394612e494d1ebe1750ed54a27763,0.7055848275029458,0.7069921975126332,-0.001407370009687381,0.406147009204075,0.4024254469828323,0.0037215622212427024,-0.0037215622212427024,False,False,,
true:shuffled,7a2612095f7840048f58d69a07e836a5,9,20601ccb0ab0445db56bad84060c1323,0.6843609579725246,0.6873523689017605,-0.002991410929235938,0.5509620173997888,0.5426335994515527,0.008328417948236133,-0.008328417948236133,False,False,,
true:shuffled,7a2612095f7840048f58d69a07e836a5,10,746857c6bd46430fa4b5b82186e716e0,0.7147444660369583,0.7200016253072774,-0.005257159270319112,0.5605479142005464,0.5267918533096765,0.03375606089086991,-0.03375606089086991,False,False,,
true:shuffled,7a2612095f7840048f58d69a07e836a5,12,63d7813869b34ee9aa65064e93775e58,0.7481347937425518,0.7526917379811896,-0.004556944238637839,0.551531379435006,0.5057359613805968,0.04579541805440912,-0.04579541805440912,False,False,,
true:shuffled,7a2612095f7840048f58d69a07e836a5,16,60448167db014ef49dcfb65d89d69b3f,0.7723629216289915,0.7591878275982881,0.013175094030703383,0.46962517168475576,0.4279556229947423,0.041669548690013436,-0.041669548690013436,False,False,,
true:shuffled,7a2612095f7840048f58d69a07e836a5,17,f0bb168a6bc34e0bba79dd122b6394b0,0.7607153981204428,0.7589837613728231,0.0017316367476196692,0.47052046499127115,0.4277117467058052,0.04280871828546595,-0.04280871828546595,False,False,,
true:shuffled,7a2612095f7840048f58d69a07e836a5,18,a82ac06abf0d4d5ea70af9e19e82305e,0.7499942503604264,0.7565374193953927,-0.006543169034966212,0.47141163750152554,0.4313725901313288,0.040039047370196756,-0.040039047370196756,False,False,,
true:shuffled,7a2612095f7840048f58d69a07e836a5,20,4734352144ac49a7b02960b99573fc14,0.6775976695103924,0.7137984120728293,-0.036200742562436994,0.4894578660448714,0.4482437085110247,0.04121415753384672,-0.04121415753384672,False,False,,
true:shuffled,7a2612095f7840048f58d69a07e836a5,24,7f769bb638214009813b92df0cfb501a,0.5131281833113217,0.5436023381301076,-0.030474154818785903,0.5874804593400217,0.5368787730490029,0.0506016862910188,-0.0506016862910188,False,False,,
true:shuffled,7a2612095f7840048f58d69a07e836a5,25,f76469bb5b5747dbaedb1c59990b5579,0.470061226313673,0.4954295738051221,-0.025368347491449117,0.6143193845303261,0.562951253757036,0.051368130773290055,-0.051368130773290055,False,False,,
true:shuffled,ec2a550c52b240d98c9c3bca3d06602f,0,f8de967b00394c9e88558219feef8426,1.0000000000000138,1.0000000000000138,0.0,0.0,0.0,0.0,0.0,False,False,,
true:shuffled,ec2a550c52b240d98c9c3bca3d06602f,1,cb440b4d1912467fb51d871f0ccf8e8a,0.8633876892247966,0.8631419354641157,0.00024575376068092236,0.330906907362621,0.331607331945058,-0.0007004245824369648,0.0007004245824369648,False,False,,
true:shuffled,ec2a550c52b240d98c9c3bca3d06602f,2,13546ea263ff48f49899cb30ac0004e9,0.7724533058208634,0.7718076479894121,0.0006456578314512074,0.32444185753363036,0.3257011545266031,-0.001259296992972725,0.001259296992972725,False,False,,
true:shuffled,ec2a550c52b240d98c9c3bca3d06602f,4,2b77a910c5e749f9a620d893361c1976,0.6781426242036313,0.6775579613678672,0.0005846628357640826,0.3527879847144087,0.35404057720326815,-0.0012525924888594497,0.0012525924888594497,False,False,,
true:shuffled,ec2a550c52b240d98c9c3bca3d06602f,8,ef4fbe4064a74ce6b0a52cb3dd2e0bf0,0.8176056946763187,0.8168650538051663,0.0007406408711524426,0.27029103233266527,0.2717299919808239,-0.0014389596481586553,0.0014389596481586553,False,False,,
true:shuffled,ec2a550c52b240d98c9c3bca3d06602f,9,63d7813869b34ee9aa65064e93775e58,0.6631138283677753,0.6627917111602524,0.0003221172075229539,0.3304932963446902,0.3314048262807137,-0.000911529936023503,0.000911529936023503,False,False,,
true:shuffled,ec2a550c52b240d98c9c3bca3d06602f,10,3d5a6fe339f3490297e4b9d1f3949618,0.4413590266383319,0.4412016057741843,0.00015742086414755052,0.5705250709457177,0.5708696366403284,-0.0003445656946107212,0.0003445656946107212,False,False,,
true:shuffled,ec2a550c52b240d98c9c3bca3d06602f,12,49cd09e4a07145258972fc4e6b18e42d,0.4224083966506727,0.4222625433549289,0.0001458532957437919,0.597915451907283,0.5982371948462211,-0.00032174293893805217,0.00032174293893805217,True,True,,
true:shuffled,ec2a550c52b240d98c9c3bca3d06602f,16,2a572213c61c4d40a1955c2aecee6104,0.3853517969658442,0.38522783229399477,0.00012396467184944138,0.6540692142356873,0.6543502398126702,-0.0002810255769828407,0.0002810255769828407,True,True,,
true:shuffled,ec2a550c52b240d98c9c3bca3d06602f,17,4734352144ac49a7b02960b99573fc14,0.37623644253892435,0.37611771390567483,0.00011872863324952077,0.668423777386511,0.6686955093581856,-0.0002717319716745159,0.0002717319716745159,True,True,,
true:shuffled,ec2a550c52b240d98c9c3bca3d06602f,18,0ab9ec2730894df2b48df70d0d2e84a9,0.3678363435721082,0.36772238830169834,0.00011395527040986009,0.6818464402361897,0.6821098413030807,-0.0002634010668910447,0.0002634010668910447,True,True,,
true:shuffled,ec2a550c52b240d98c9c3bca3d06602f,20,fd6002d736cb405796fc4fbdd5af6f7f,0.3518447656359131,0.35174021491647633,0.00010455071943676897,0.7052988096560028,0.7054892744318484,-0.00019046477584561128,0.00019046477584561128,False,False,,
true:shuffled,ec2a550c52b240d98c9c3bca3d06602f,24,8a7007fd59cf4f39a3855b0e82136105,0.2466580928350335,0.24660583924805163,5.225358698188187e-05,0.8946546306848547,0.894733741388142,-7.911070328725511e-05,7.911070328725511e-05,False,False,,
true:shuffled,ec2a550c52b240d98c9c3bca3d06602f,25,15f4465f9fe44b80ab54908983b1cf68,0.20672719568578196,0.20669847238436886,2.8723301413097202e-05,0.9757570327340416,0.9757676261216364,-1.059338759479278e-05,1.059338759479278e-05,False,False,,
true:shuffled,ec2a550c52b240d98c9c3bca3d06602f,26,f94199c2a589484d8e32dd6bf4931d4f,0.18366416940729183,0.18364793264803644,1.6236759255383593e-05,1.0256260713615952,1.0255948922633704,3.1179098224809465e-05,-3.1179098224809465e-05,False,False,,
true:shuffled,ec2a550c52b240d98c9c3bca3d06602f,28,bec365d878c4413d85d5fbb3eb3b3f46,0.12889562952805145,0.12890138628716616,-5.756759114711185e-06,1.1511931535254862,1.1511017349691781,9.141855630812046e-05,-9.141855630812046e-05,False,False,,
true:shuffled,ec2a550c52b240d98c9c3bca3d06602f,32,bc84a61f13f744cd8f5aa8e888ce879b,0.09813862527277886,0.09815940313427733,-2.0777861498469385e-05,1.2273051632198608,1.2271742204360963,0.00013094278376457602,-0.00013094278376457602,False,False,,
true:shuffled,ec2a550c52b240d98c9c3bca3d06602f,33,76c090ac27774e66a592f40998d5537c,0.09756615285966444,0.09766569112785994,-9.953826819550371e-05,1.2291754091532614,1.2289834920237532,0.00019191712950816786,-0.00019191712950816786,False,False,,
true:shuffled,85269a87307a4ee3967e37b496e32280,0,f0bb168a6bc34e0bba79dd122b6394b0,1.0000000000000198,1.0000000000000198,0.0,0.0,0.0,0.0,0.0,False,False,,
true:shuffled,85269a87307a4ee3967e37b496e32280,1,a82ac06abf0d4d5ea70af9e19e82305e,0.8868743783893325,0.8867517290005201,0.00012264938881234588,0.06630177467117243,0.06638315104965935,-8.137637848691648e-05,8.137637848691648e-05,False,False,,
true:shuffled,85269a87307a4ee3967e37b496e32280,2,2a572213c61c4d40a1955c2aecee6104,0.7934500340223378,0.7893637820576432,0.004086251964694587,0.12945308247069628,0.1324748566525841,-0.003021774181887815,0.003021774181887815,False,False,,
true:shuffled,85269a87307a4ee3967e37b496e32280,4,0ab9ec2730894df2b48df70d0d2e84a9,0.6351281567303384,0.6295352316861379,0.005592925044200503,0.2598162448950398,0.26497749206625976,-0.005161247171219963,0.005161247171219963,False,False,,
true:shuffled,85269a87307a4ee3967e37b496e32280,8,f76469bb5b5747dbaedb1c59990b5579,0.40325027547484743,0.40069529810767734,0.002554977367170086,0.547147852789255,0.5483293813383038,-0.0011815285490487382,0.0011815285490487382,False,False,,
true:shuffled,85269a87307a4ee3967e37b496e32280,9,770820077d44452a8428299e33808c0f,0.3599166900834834,0.36037033911266475,-0.00045364902918132444,0.614853972435986,0.6156340196338608,-0.0007800471978747225,0.0007800471978747225,False,False,,
true:shuffled,85269a87307a4ee3967e37b496e32280,10,8a7007fd59cf4f39a3855b0e82136105,0.31602575592413623,0.3168624053634634,-0.0008366494393271529,0.6876670513237422,0.6872340203170035,0.0004330310067386378,-0.0004330310067386378,False,False,,
true:shuffled,85269a87307a4ee3967e37b496e32280,12,f94199c2a589484d8e32dd6bf4931d4f,0.26629020063296927,0.26686247669234703,-0.0005722760593777632,0.7989188313045168,0.799132591650881,-0.00021376034636422236,0.00021376034636422236,False,False,,
true:shuffled,85269a87307a4ee3967e37b496e32280,16,54259afa6c644e1d99422df9da1c8f35,0.1533520434890273,0.1529873654386058,0.00036467805042150747,1.0859240647976711,1.0867124415748777,-0.0007883767772065564,0.0007883767772065564,False,False,,
true:shuffled,85269a87307a4ee3967e37b496e32280,17,fa8abe51b4104eb68fc7f85ab1c475bb,0.11490438957331196,0.11503146479066087,-0.00012707521734890703,1.1920544939120747,1.192050652654218,3.8412578566848765e-06,-3.8412578566848765e-06,False,False,,
true:shuffled,85269a87307a4ee3967e37b496e32280,18,bc84a61f13f744cd8f5aa8e888ce879b,0.07924232213948951,0.07924082701826897,1.4951212205377429e-06,1.303296151578659,1.3029216039033087,0.00037454767535027855,-0.00037454767535027855,False,False,,
true:shuffled,85269a87307a4ee3967e37b496e32280,19,76c090ac27774e66a592f40998d5537c,0.04253190022277941,0.042447842534122926,8.40576886564845e-05,1.4448583765210758,1.443468758004657,0.0013896185164188335,-0.0013896185164188335,False,False,,
