comparison,tracklet_key,source_frame_index,frame_token,left_iou,right_iou,iou_delta_left_minus_right,left_center_error,right_center_error,center_error_delta_left_minus_right,center_error_gain_left_over_right,left_empty_fallback,right_empty_fallback,left_path_center_gap,right_path_center_gap
M2:A1,8ce4fe54af77467d90c840465f69677f,0,274b134fb2324486ae253eb6e24f900d,1.0000000000000582,1.0000000000000582,0.0,0.0,0.0,0.0,0.0,False,False,,
M2:A1,8ce4fe54af77467d90c840465f69677f,1,a977b0e797694036a9c40ab80f9d0ebc,0.9833062903637779,0.9833062903637779,0.0,0.01920937271231659,0.01920937271231659,0.0,0.0,True,True,,
M2:A1,8ce4fe54af77467d90c840465f69677f,2,bfbb3ba599ea450181210aa6000bad7f,0.966242600221573,0.966242600221573,0.0,0.03894868418832327,0.03894868418832327,0.0,0.0,True,True,,
M2:A1,8ce4fe54af77467d90c840465f69677f,4,5b954ca864914a37aaaf0879249ace6a,0.9348811092979189,0.9348811092979189,0.0,0.07736278174934802,0.07736278174934802,0.0,0.0,True,True,,
M2:A1,8ce4fe54af77467d90c840465f69677f,8,f6bf5986ca8a49c082c0e4d892de767c,0.8751226479166554,0.8751226479166554,0.0,0.15539948519858146,0.15539948519858146,0.0,0.0,True,True,,
M2:A1,8ce4fe54af77467d90c840465f69677f,9,69e5c0a974344a2b89e9e351a5b79461,0.8610614214077082,0.8610614214077082,0.0,0.1746081326857042,0.1746081326857042,0.0,0.0,True,True,,
M2:A1,8ce4fe54af77467d90c840465f69677f,10,519f1a02f21d43699ca1ada7ffd38726,0.8369798525785174,0.8545329402765357,-0.017553087698018333,0.2144277828632849,0.1759367958227435,0.03849098704054141,-0.03849098704054141,False,False,,
M2:A1,8ce4fe54af77467d90c840465f69677f,12,ee7d01fd902d4185a54112e1f1210e41,0.796818534331782,0.7596375370253146,0.0371809973064674,0.2827510598504883,0.346355139269752,-0.06360407941926366,0.06360407941926366,False,False,,
M2:A1,8ce4fe54af77467d90c840465f69677f,16,13055b928600455db08cf9ae57d8d4c7,0.7374874777736562,0.7284372430724806,0.009050234701175608,0.3843492320375516,0.37348198624352924,0.010867245794022373,-0.010867245794022373,False,False,,
M2:A1,8ce4fe54af77467d90c840465f69677f,17,220b431fd37e436f98aa1c868eee5828,0.718643298190802,0.7144747910117769,0.0041685071790250605,0.42176425087276215,0.39592422960540913,0.02584002126735302,-0.02584002126735302,False,False,,
M2:A1,8ce4fe54af77467d90c840465f69677f,18,4abbc508bffb4f9b957a8ad2457db2e2,0.6990034093630814,0.7028427005001817,-0.0038392911371003535,0.462994727091604,0.4092776338210976,0.05371709327050639,-0.05371709327050639,False,False,,
M2:A1,8ce4fe54af77467d90c840465f69677f,20,9f35db3dd17c41e4875c2f54bd71fc29,0.6705171627364709,0.6806479016499819,-0.010130738913511017,0.5210961259687376,0.4401024642852457,0.08099366168349187,-0.08099366168349187,False,False,,
M2:A1,8ce4fe54af77467d90c840465f69677f,24,d364275322c4483fbf86df22f0e7a315,0.6670429765901552,0.6869995203872126,-0.019956543797057358,0.5272318949648913,0.42475192608053686,0.10247996888435446,-0.10247996888435446,False,False,,
M2:A1,8ce4fe54af77467d90c840465f69677f,25,c98b06812964464093b23c3734532d06,0.5975797444354207,0.6515377812471621,-0.05395803681174138,0.5461621547599059,0.4479845644496229,0.098177590310283,-0.098177590310283,False,False,,
M2:A1,8ce4fe54af77467d90c840465f69677f,26,12f431b160be4858a51cced6955c37bd,0.6034001803885937,0.6759169988563896,-0.0725168184677959,0.5259795593165616,0.39160596312203655,0.13437359619452505,-0.13437359619452505,False,False,,
M2:A1,f4af7fd215ee47aa8b64bac0443d7be8,0,12c5d6c3dc424561b9192b76b45af6fd,0.9999999999999081,0.9999999999999081,0.0,0.0,0.0,0.0,0.0,False,False,,
M2:A1,f4af7fd215ee47aa8b64bac0443d7be8,1,882819f68f5e4be698694e673c71c6ab,0.9738879372108777,0.9706070648143796,0.0032808723964981024,0.02184360786026693,0.03454260044671738,-0.012698992586450446,0.012698992586450446,False,False,,
M2:A1,f4af7fd215ee47aa8b64bac0443d7be8,2,f6bf5986ca8a49c082c0e4d892de767c,0.9326477664541986,0.9621876854316944,-0.02953991897749586,0.0830133891167433,0.04040409716985457,0.042609291946888735,-0.042609291946888735,False,False,,
M2:A1,f4af7fd215ee47aa8b64bac0443d7be8,4,519f1a02f21d43699ca1ada7ffd38726,0.9029650756993,0.9311405377462443,-0.028175462046944322,0.1414359402746971,0.10241241704519807,0.039023523229499035,-0.039023523229499035,False,False,,
M2:A1,f4af7fd215ee47aa8b64bac0443d7be8,8,ba7fb622e77447f6aa58ab1fff9ed0cf,0.8754852544675247,0.8442802368316461,0.031205017635878574,0.1490423962328807,0.16735655300793578,-0.018314156775055074,0.018314156775055074,False,False,,
M2:A1,f4af7fd215ee47aa8b64bac0443d7be8,9,5087c0b3f84741178f42d668fbdf506f,0.8558203999128722,0.8322390121338857,0.02358138777898644,0.15421880861961396,0.14401744534619546,0.010201363273418501,-0.010201363273418501,False,False,,
M2:A1,f4af7fd215ee47aa8b64bac0443d7be8,10,13055b928600455db08cf9ae57d8d4c7,0.8706283128300321,0.8454978505673166,0.025130462262715425,0.140234084315703,0.12076216402307122,0.019471920292631784,-0.019471920292631784,False,False,,
M2:A1,f4af7fd215ee47aa8b64bac0443d7be8,12,4abbc508bffb4f9b957a8ad2457db2e2,0.8718437014669614,0.8640281859024018,0.007815515564559616,0.1699580253314244,0.10145060362330639,0.06850742170811801,-0.06850742170811801,False,False,,
M2:A1,f4af7fd215ee47aa8b64bac0443d7be8,13,103914217786464998f1e48a2c20cef0,0.7106759800468723,0.7264741020242952,-0.01579812197742292,0.2951000573741035,0.2453207325295944,0.04977932484450909,-0.04977932484450909,False,False,,
M2:A1,f2d9e6f194ee446eafc7a79fcb32994a,0,ba7fb622e77447f6aa58ab1fff9ed0cf,0.999999999999963,0.999999999999963,0.0,0.0,0.0,0.0,0.0,False,False,,
M2:A1,f2d9e6f194ee446eafc7a79fcb32994a,1,5087c0b3f84741178f42d668fbdf506f,0.9674282779366631,0.9435309802120965,0.023897297724566613,0.025607735775202905,0.05295330664158895,-0.027345570866386042,0.027345570866386042,False,False,,
M2:A1,f2d9e6f194ee446eafc7a79fcb32994a,2,13055b928600455db08cf9ae57d8d4c7,0.9712734680431786,0.9246074188478786,0.04666604919530004,0.020347735241217062,0.07949066925403818,-0.05914293401282111,0.05914293401282111,False,False,,
M2:A1,f2d9e6f194ee446eafc7a79fcb32994a,3,220b431fd37e436f98aa1c868eee5828,0.9735103112773139,0.8973880801428872,0.07612223113442673,0.023956931889028713,0.1284061425273921,-0.10444921063836339,0.10444921063836339,False,False,,
M2:A1,f2d9e6f194ee446eafc7a79fcb32994a,4,4abbc508bffb4f9b957a8ad2457db2e2,0.8726092032601362,0.8757372063429203,-0.0031280030827840477,0.09634298113344113,0.17377217080754878,-0.07742918967410765,0.07742918967410765,False,False,,
M2:A1,f2d9e6f194ee446eafc7a79fcb32994a,6,9f35db3dd17c41e4875c2f54bd71fc29,0.8703875476265451,0.8566392579486204,0.013748289677924741,0.10455578013047571,0.21497566023428832,-0.11041988010381261,0.11041988010381261,False,False,,
M2:A1,f2d9e6f194ee446eafc7a79fcb32994a,7,8da854b2bced46f7a59f39a4d42bbfd2,0.8516603876192302,0.834270028080962,0.017390359538268285,0.11966258135801908,0.2685389490669317,-0.14887636770891263,0.14887636770891263,False,False,,
M2:A1,9e5f09bc19cd473dae219194ada64f3d,0,ab1f5ba71a2f42c89efefcbc6dffcfb7,1.0000000000000537,1.0000000000000537,0.0,0.0,0.0,0.0,0.0,False,False,,
M2:A1,9e5f09bc19cd473dae219194ada64f3d,1,c502570cba9749f7bd89494803a52c02,0.9782439474473632,0.9329133597352912,0.04533058771207199,0.023157105929938308,0.088702307466294,-0.0655452015363557,0.0655452015363557,False,False,,
M2:A1,9e5f09bc19cd473dae219194ada64f3d,2,274b134fb2324486ae253eb6e24f900d,0.957125578910764,0.8591464832780108,0.0979790956327532,0.046254041309995074,0.20003071554767496,-0.15377667423767988,0.15377667423767988,False,False,,
M2:A1,9e5f09bc19cd473dae219194ada64f3d,4,bfbb3ba599ea450181210aa6000bad7f,0.9390440576447237,0.792396006776178,0.1466480508685456,0.06936995114823159,0.30460057804538776,-0.23523062689715618,0.23523062689715618,False,False,,
M2:A1,9e5f09bc19cd473dae219194ada64f3d,8,12c5d6c3dc424561b9192b76b45af6fd,0.8207660234592759,0.6930383879497665,0.12772763550950939,0.14517212321584408,0.41027763768458914,-0.2651055144687451,0.2651055144687451,False,False,,
M2:A1,9e5f09bc19cd473dae219194ada64f3d,9,882819f68f5e4be698694e673c71c6ab,0.8055909462782422,0.6489814539452721,0.15660949233297017,0.15945722988700003,0.5089629642499998,-0.3495057343629997,0.3495057343629997,False,False,,
M2:A1,9e5f09bc19cd473dae219194ada64f3d,10,f6bf5986ca8a49c082c0e4d892de767c,0.7661197117362912,0.6105173721075772,0.15560233962871406,0.24264724766299622,0.5943754830129374,-0.3517282353499412,0.3517282353499412,False,False,,
M2:A1,9e5f09bc19cd473dae219194ada64f3d,12,519f1a02f21d43699ca1ada7ffd38726,0.7564100319336998,0.5974003043673162,0.15900972756638365,0.32954897484780576,0.6499073757175802,-0.3203584008697744,0.3203584008697744,False,False,,
M2:A1,9e5f09bc19cd473dae219194ada64f3d,16,ba7fb622e77447f6aa58ab1fff9ed0cf,0.762735422731917,0.6207691701213048,0.14196625261061213,0.3762507886961635,0.6958983633195599,-0.3196475746233964,0.3196475746233964,False,False,,
M2:A1,9e5f09bc19cd473dae219194ada64f3d,17,5087c0b3f84741178f42d668fbdf506f,0.7374117263336776,0.6020138618758556,0.13539786445782198,0.4129749743450173,0.7520524946656701,-0.33907752032065286,0.33907752032065286,False,False,,
M2:A1,9e5f09bc19cd473dae219194ada64f3d,18,13055b928600455db08cf9ae57d8d4c7,0.7096869726660165,0.5912544324682755,0.11843254019774108,0.4716044878095937,0.7890139656159023,-0.3174094778063086,0.3174094778063086,False,False,,
M2:A1,9e5f09bc19cd473dae219194ada64f3d,20,4abbc508bffb4f9b957a8ad2457db2e2,0.6708806941465073,0.5589801112188356,0.11190058292767169,0.4445807317516779,0.830257422083952,-0.38567669033227414,0.38567669033227414,False,False,,
M2:A1,f5c0c1968ef0486cb3183e521841352f,0,5b954ca864914a37aaaf0879249ace6a,1.0000000000000167,1.0000000000000167,0.0,0.0,0.0,0.0,0.0,False,False,,
M2:A1,f5c0c1968ef0486cb3183e521841352f,1,9e10d5419ffa43ce9f70766b4a5a0292,0.9764344262295243,0.9764344262295243,0.0,0.02299999999999991,0.02299999999999991,0.0,0.0,True,True,,
M2:A1,f5c0c1968ef0486cb3183e521841352f,2,12c5d6c3dc424561b9192b76b45af6fd,0.9534177215190027,0.9534177215190027,0.0,0.04600000000000004,0.04600000000000004,0.0,0.0,True,True,,
M2:A1,f5c0c1968ef0486cb3183e521841352f,4,f6bf5986ca8a49c082c0e4d892de767c,0.9099009900990244,0.9099009900990244,0.0,0.09099999999999997,0.09099999999999997,0.0,0.0,True,True,,
M2:A1,f5c0c1968ef0486cb3183e521841352f,8,ee7d01fd902d4185a54112e1f1210e41,0.9014292755051891,0.9014292755051891,0.0,0.10000000000000009,0.10000000000000009,0.0,0.0,True,True,,
M2:A1,f5c0c1968ef0486cb3183e521841352f,9,df7d0426da5346deae21136ea3cba58b,0.9014292755051891,0.9014292755051891,0.0,0.10000000000000009,0.10000000000000009,0.0,0.0,True,True,,
M2:A1,f5c0c1968ef0486cb3183e521841352f,10,ba7fb622e77447f6aa58ab1fff9ed0cf,0.8968294597701634,0.8929122440829196,0.003917215687243791,0.09581940971353235,0.0959594917847569,-0.00014008207122455374,0.00014008207122455374,False,False,,
M2:A1,f5c0c1968ef0486cb3183e521841352f,12,13055b928600455db08cf9ae57d8d4c7,0.9641974845999358,0.9763579345942323,-0.01216044999429644,0.040037305919703434,0.016470185626582513,0.02356712029312092,-0.02356712029312092,False,False,,
M2:A1,f5c0c1968ef0486cb3183e521841352f,16,9f35db3dd17c41e4875c2f54bd71fc29,0.8995593508695913,0.9397802412314766,-0.040220890361885364,0.17949505135356003,0.10549158452896908,0.07400346682459095,-0.07400346682459095,False,False,,
M2:A1,f5c0c1968ef0486cb3183e521841352f,17,8da854b2bced46f7a59f39a4d42bbfd2,0.8938393120255883,0.9500532630413911,-0.05621395101580284,0.17632387207877379,0.04142801049895468,0.13489586157981912,-0.13489586157981912,False,False,,
M2:A1,f5c0c1968ef0486cb3183e521841352f,18,1e46c82d6a804cf1aaa9d2d6b5b5ef27,0.8051477957986699,0.8490152016016234,-0.04386740580295345,0.21859373632451795,0.13270975174167576,0.08588398458284219,-0.08588398458284219,False,False,,
M2:A1,f5c0c1968ef0486cb3183e521841352f,20,d364275322c4483fbf86df22f0e7a315,0.7832935541907605,0.8202445122506191,-0.036950958059858596,0.2288219816344738,0.165455176836717,0.06336680479775678,-0.06336680479775678,False,False,,
M2:A1,e561b60694dc4514b6dddcfc5a5b6a90,0,c71884fb34d046258c12cf018513d8cc,0.9999999999999216,0.9999999999999216,0.0,0.0,0.0,0.0,0.0,False,False,,
M2:A1,e561b60694dc4514b6dddcfc5a5b6a90,1,ee7d01fd902d4185a54112e1f1210e41,0.9928870220203866,0.9804752126488463,0.012411809371540294,0.0073021979937259625,0.019278607428567563,-0.0119764094348416,0.0119764094348416,False,False,,
M2:A1,e561b60694dc4514b6dddcfc5a5b6a90,2,df7d0426da5346deae21136ea3cba58b,0.947860927489303,0.9554975262098886,-0.007636598720585641,0.05871214740033579,0.037257121354954174,0.021455026045381617,-0.021455026045381617,False,False,,
M2:A1,e561b60694dc4514b6dddcfc5a5b6a90,4,5087c0b3f84741178f42d668fbdf506f,0.9189868704353102,0.9382260869457818,-0.019239216510471557,0.08000197227058867,0.04301500058623769,0.03698697168435098,-0.03698697168435098,False,False,,
M2:A1,e561b60694dc4514b6dddcfc5a5b6a90,8,103914217786464998f1e48a2c20cef0,0.829883739244596,0.8557655777990902,-0.02588183855449422,0.18244218069559753,0.12299232379799586,0.05944985689760167,-0.05944985689760167,False,False,,
M2:A1,e561b60694dc4514b6dddcfc5a5b6a90,9,9f35db3dd17c41e4875c2f54bd71fc29,0.8088098315431285,0.809695080866804,-0.0008852493236755077,0.201916866915751,0.18552683797291467,0.016390028942836338,-0.016390028942836338,False,False,,
M2:A1,e561b60694dc4514b6dddcfc5a5b6a90,10,8da854b2bced46f7a59f39a4d42bbfd2,0.8057080909913574,0.8094839503041723,-0.0037758593128148776,0.20235709401062296,0.17591502523589647,0.02644206877472649,-0.02644206877472649,False,False,,
M2:A1,e561b60694dc4514b6dddcfc5a5b6a90,12,029f10e7436740a0a04feab4ab3aeddc,0.8019883452393277,0.8260434071959901,-0.024055061956662405,0.20582129898488258,0.15974275368721053,0.04607854529767205,-0.04607854529767205,False,False,,
M2:A1,e561b60694dc4514b6dddcfc5a5b6a90,15,12f431b160be4858a51cced6955c37bd,0.7981900228065655,0.8120883061240035,-0.013898283317438032,0.2086125500194444,0.16853609938839936,0.040076450631045035,-0.040076450631045035,False,False,,
M2:A1,c283b224a9984736bff67a2f347866fa,0,fdddd75ee1d94f14a09991988dab8b3e,0.9999999999999281,0.9999999999999281,0.0,0.0,0.0,0.0,0.0,False,False,,
M2:A1,c283b224a9984736bff67a2f347866fa,1,53121f39e1a0434d8431777a05de3eec,0.46439988992883163,0.22523407328689915,0.23916581664193248,1.243334090916019,2.8070865027891236,-1.5637524118731045,1.5637524118731045,False,False,,
M2:A1,c283b224a9984736bff67a2f347866fa,2,872aeb79742f4cd5b6e069c36b007ace,0.20902576227893602,0.0,0.20902576227893602,2.1522217815385947,6.065901762154605,-3.9136799806160107,3.9136799806160107,False,False,,
M2:A1,c283b224a9984736bff67a2f347866fa,4,79a411ec3dc943bf94886ad9e539481d,0.0,0.0,0.0,8.270801511000439,14.521895321706076,-6.251093810705637,6.251093810705637,False,False,,
M2:A1,c283b224a9984736bff67a2f347866fa,8,c4a4d1b455434dba879d5dcd1cc378d6,0.0,0.0,0.0,22.731760227941884,32.18051514922078,-9.448754921278898,9.448754921278898,False,False,,
M2:A1,c283b224a9984736bff67a2f347866fa,9,e3bdfba683484a1ea09b7bb86e6be648,0.0,0.0,0.0,26.04836049916595,37.147577748830955,-11.099217249665006,11.099217249665006,False,False,,
M2:A1,c283b224a9984736bff67a2f347866fa,10,e749c211df64486dafc86660a0b20eca,0.0,0.0,0.0,28.76732107935844,41.81717573892398,-13.04985465956554,13.04985465956554,False,False,,
M2:A1,c283b224a9984736bff67a2f347866fa,11,ab1f5ba71a2f42c89efefcbc6dffcfb7,0.0,0.0,0.0,32.88672732870665,47.93859866668568,-15.05187133797903,15.05187133797903,False,False,,
M2:A1,a6ca1e8c4eee458cb4981e02f58c954f,0,a977b0e797694036a9c40ab80f9d0ebc,0.9999999999999937,0.9999999999999937,0.0,0.0,0.0,0.0,0.0,False,False,,
M2:A1,a6ca1e8c4eee458cb4981e02f58c954f,1,bfbb3ba599ea450181210aa6000bad7f,0.9722999478333579,0.9335115947764763,0.038788353056881664,0.027894702717040087,0.10068513365994734,-0.07279043094290726,0.07279043094290726,False,False,,
M2:A1,a6ca1e8c4eee458cb4981e02f58c954f,2,3e92d615685942dfab6edb5a0a7678e6,0.9401575102502256,0.8700213574128253,0.07013615283740038,0.05690695893588846,0.20041785947610793,-0.14351090054021948,0.14351090054021948,False,False,,
M2:A1,a6ca1e8c4eee458cb4981e02f58c954f,4,9e10d5419ffa43ce9f70766b4a5a0292,0.9197773328169951,0.8332649150365136,0.08651241778048158,0.06328994795197126,0.25954210894444946,-0.1962521609924782,0.1962521609924782,False,False,,
M2:A1,a6ca1e8c4eee458cb4981e02f58c954f,8,69e5c0a974344a2b89e9e351a5b79461,0.8448130652357025,0.7439664957351948,0.10084656950050774,0.10758976904453012,0.35303796783303504,-0.24544819878850493,0.24544819878850493,False,False,,
M2:A1,a6ca1e8c4eee458cb4981e02f58c954f,9,519f1a02f21d43699ca1ada7ffd38726,0.787347601740989,0.672053960259574,0.11529364148141497,0.15752869571413816,0.43083723710580635,-0.27330854139166816,0.27330854139166816,False,False,,
M2:A1,a6ca1e8c4eee458cb4981e02f58c954f,10,c71884fb34d046258c12cf018513d8cc,0.6975082852418801,0.5986888913159119,0.09881939392596828,0.2561620892664029,0.458865467785224,-0.20270337851882114,0.20270337851882114,False,False,,
M2:A1,a6ca1e8c4eee458cb4981e02f58c954f,12,df7d0426da5346deae21136ea3cba58b,0.7137755208523565,0.6158799724017904,0.09789554845056614,0.22779197966141296,0.4491299644192146,-0.22133798475780164,0.22133798475780164,False,False,,
M2:A1,a6ca1e8c4eee458cb4981e02f58c954f,15,13055b928600455db08cf9ae57d8d4c7,0.6501384910165666,0.545096377499104,0.10504211351746262,0.28668024370523154,0.5371114039140362,-0.2504311602088047,0.2504311602088047,False,False,,
M2:A1,898c8b3c29d64d80806dd5e5fc6c02d3,0,882819f68f5e4be698694e673c71c6ab,0.9999999999999006,0.9999999999999006,0.0,0.0,0.0,0.0,0.0,False,False,,
M2:A1,898c8b3c29d64d80806dd5e5fc6c02d3,1,f6bf5986ca8a49c082c0e4d892de767c,0.9710374038784565,0.9099551607760014,0.061082243102455136,0.018949327572089482,0.12819695322413394,-0.10924762565204446,0.10924762565204446,False,False,,
M2:A1,898c8b3c29d64d80806dd5e5fc6c02d3,2,69e5c0a974344a2b89e9e351a5b79461,0.9475803587666795,0.8451921712043112,0.10238818756236823,0.036116667233062075,0.23722828567035553,-0.20111161843729347,0.20111161843729347,False,False,,
M2:A1,898c8b3c29d64d80806dd5e5fc6c02d3,4,c71884fb34d046258c12cf018513d8cc,0.8915017123145447,0.7346908097485229,0.15681090256602181,0.07565976248451767,0.36721299679527436,-0.2915532343107567,0.2915532343107567,False,False,,
M2:A1,898c8b3c29d64d80806dd5e5fc6c02d3,5,ee7d01fd902d4185a54112e1f1210e41,0.8448278990192328,0.6754471362808758,0.169380762738357,0.10762721927131746,0.4569921568972535,-0.349364937625936,0.349364937625936,False,False,,
M2:A1,898c8b3c29d64d80806dd5e5fc6c02d3,6,df7d0426da5346deae21136ea3cba58b,0.8490689709113766,0.6485895860618004,0.20047938484957617,0.10398393659892333,0.5383558859458895,-0.4343719493469661,0.4343719493469661,False,False,,
M2:A1,19f5d51759454803ae8bbc45bfb92737,0,220b431fd37e436f98aa1c868eee5828,1.0000000000000446,1.0000000000000446,0.0,0.0,0.0,0.0,0.0,False,False,,
M2:A1,19f5d51759454803ae8bbc45bfb92737,1,4abbc508bffb4f9b957a8ad2457db2e2,0.7965367914353543,0.9111114683224535,-0.11457467688709921,0.1981240815120251,0.15646712908049473,0.041656952431530364,-0.041656952431530364,False,False,,
M2:A1,19f5d51759454803ae8bbc45bfb92737,2,103914217786464998f1e48a2c20cef0,0.6847846801426106,0.7886885034001411,-0.10390382325753045,0.3280603135305545,0.4393691465480212,-0.11130883301746675,0.11130883301746675,False,False,,
M2:A1,19f5d51759454803ae8bbc45bfb92737,4,8da854b2bced46f7a59f39a4d42bbfd2,0.68425009705954,0.7843943149650546,-0.10014421790551464,0.3272100996790735,0.4275138500066076,-0.10030375032753408,0.10030375032753408,False,False,,
M2:A1,19f5d51759454803ae8bbc45bfb92737,8,c98b06812964464093b23c3734532d06,0.7069526186005752,0.7746494396767648,-0.06769682107618957,0.3179465360505584,0.3910037147135652,-0.07305717866300682,0.07305717866300682,False,False,,
M2:A1,19f5d51759454803ae8bbc45bfb92737,9,12f431b160be4858a51cced6955c37bd,0.7201299444796495,0.7587581540621562,-0.03862820958250668,0.3253021798190199,0.37276236473047203,-0.04746018491145215,0.04746018491145215,False,False,,
M2:A1,dc762bf1bc694d3e8141bf592f9b1456,0,53121f39e1a0434d8431777a05de3eec,1.0000000000000957,1.0000000000000957,0.0,0.0,0.0,0.0,0.0,False,False,,
M2:A1,dc762bf1bc694d3e8141bf592f9b1456,1,872aeb79742f4cd5b6e069c36b007ace,0.9493985366097489,0.9493985366097489,0.0,0.033541019662480576,0.033541019662480576,0.0,0.0,True,True,,
M2:A1,dc762bf1bc694d3e8141bf592f9b1456,2,d2e315d29ed4468f802bf6ccfdbe6852,0.9027667170434958,0.8988492628483784,0.003917454195117354,0.06467938262415518,0.06790084592154828,-0.003221463297393104,0.003221463297393104,False,False,,
M2:A1,dc762bf1bc694d3e8141bf592f9b1456,4,9181fe90f31b4740b36969e383506d40,0.5960126243928109,0.5757740404039223,0.02023858398888856,0.372990160259178,0.4091462243810418,-0.036156064121863785,0.036156064121863785,False,False,,
M2:A1,dc762bf1bc694d3e8141bf592f9b1456,8,e3bdfba683484a1ea09b7bb86e6be648,0.18012064483426637,0.16982859384244073,0.010292050991825646,1.8639351522233543,1.9932126770513434,-0.12927752482798915,0.12927752482798915,False,False,,
M2:A1,dc762bf1bc694d3e8141bf592f9b1456,9,e749c211df64486dafc86660a0b20eca,0.16047137687820417,0.1460898965460147,0.014381480332189472,2.1958761171468746,2.398555954990111,-0.2026798378432364,0.2026798378432364,False,False,,
M2:A1,dc762bf1bc694d3e8141bf592f9b1456,10,ab1f5ba71a2f42c89efefcbc6dffcfb7,0.131300220823385,0.11318122756702863,0.018118993256356367,2.5437611668637907,2.832606814492729,-0.2888456476289383,0.2888456476289383,False,False,,
M2:A1,dc762bf1bc694d3e8141bf592f9b1456,12,274b134fb2324486ae253eb6e24f900d,0.07996345429698178,0.06436378047372002,0.015599673823261759,3.212531805796913,3.5627978729936913,-0.35026606719677833,0.35026606719677833,False,False,,
M2:A1,dc762bf1bc694d3e8141bf592f9b1456,16,5b954ca864914a37aaaf0879249ace6a,0.0,0.0,0.0,8.495694106585406,8.92833080701415,-0.4326367004287448,0.4326367004287448,False,False,,
M2:A1,dc762bf1bc694d3e8141bf592f9b1456,17,9e10d5419ffa43ce9f70766b4a5a0292,0.0,0.0,0.0,10.158729267376952,10.62197389329967,-0.46324462592271765,0.46324462592271765,False,False,,
M2:A1,dc762bf1bc694d3e8141bf592f9b1456,18,12c5d6c3dc424561b9192b76b45af6fd,0.0,0.0,0.0,12.931516877458215,13.414821923944395,-0.4833050464861799,0.4833050464861799,False,False,,
M2:A1,dc762bf1bc694d3e8141bf592f9b1456,20,f6bf5986ca8a49c082c0e4d892de767c,0.0,0.0,0.0,18.2724503846387,18.735150887138722,-0.4627005025000237,0.4627005025000237,False,False,,
M2:A1,dc762bf1bc694d3e8141bf592f9b1456,24,ee7d01fd902d4185a54112e1f1210e41,0.0,0.0,0.0,33.132788095578306,33.50613527568475,-0.3733471801064425,0.3733471801064425,False,False,,
M2:A1,dc762bf1bc694d3e8141bf592f9b1456,25,df7d0426da5346deae21136ea3cba58b,0.0,0.0,0.0,37.664507743286514,38.035993344352626,-0.3714856010661123,0.3714856010661123,False,False,,
M2:A1,e73ba8faf67d40c8b6b653489393ef8b,0,e3bdfba683484a1ea09b7bb86e6be648,0.9999999999997302,0.9999999999997302,0.0,0.0,0.0,0.0,0.0,False,False,,
M2:A1,e73ba8faf67d40c8b6b653489393ef8b,1,e749c211df64486dafc86660a0b20eca,0.9583333333330801,0.9583333333330801,0.0,0.03600000000000003,0.03600000000000003,0.0,0.0,True,True,,
M2:A1,e73ba8faf67d40c8b6b653489393ef8b,2,ab1f5ba71a2f42c89efefcbc6dffcfb7,0.9183673469385377,0.9183673469385377,0.0,0.07200000000000006,0.07200000000000006,0.0,0.0,True,True,,
M2:A1,e73ba8faf67d40c8b6b653489393ef8b,4,274b134fb2324486ae253eb6e24f900d,0.8441416893730868,0.8441416893730868,0.0,0.14300000000000002,0.14300000000000002,0.0,0.0,True,True,,
M2:A1,e73ba8faf67d40c8b6b653489393ef8b,8,5b954ca864914a37aaaf0879249ace6a,0.7425334706486411,0.7425334706486411,0.0,0.25,0.25,0.0,0.0,True,True,,
M2:A1,e73ba8faf67d40c8b6b653489393ef8b,9,9e10d5419ffa43ce9f70766b4a5a0292,0.8371335504883918,0.8371335504883918,0.0,0.1499999999999999,0.1499999999999999,0.0,0.0,True,True,,
M2:A1,e73ba8faf67d40c8b6b653489393ef8b,10,12c5d6c3dc424561b9192b76b45af6fd,0.732315116603099,0.7566920366630628,-0.024376920059963836,0.2219310765100802,0.19418084946541914,0.02775022704466107,-0.02775022704466107,False,False,,
M2:A1,e73ba8faf67d40c8b6b653489393ef8b,12,f6bf5986ca8a49c082c0e4d892de767c,0.6847019960778351,0.7238538315837761,-0.039151835505941035,0.2755754239508497,0.23665237928827962,0.0389230446625701,-0.0389230446625701,False,False,,
M2:A1,e73ba8faf67d40c8b6b653489393ef8b,16,ee7d01fd902d4185a54112e1f1210e41,0.6578962607605315,0.7107409290926293,-0.05284466833209778,0.316241331145038,0.24621291219958216,0.07002841894545583,-0.07002841894545583,False,False,,
M2:A1,e73ba8faf67d40c8b6b653489393ef8b,17,df7d0426da5346deae21136ea3cba58b,0.6504025936894888,0.7189596908186443,-0.06855709712915548,0.3456969450208619,0.24160045976917446,0.10409648525168744,-0.10409648525168744,False,False,,
M2:A1,e73ba8faf67d40c8b6b653489393ef8b,18,ba7fb622e77447f6aa58ab1fff9ed0cf,0.6797651810592606,0.7787799391806639,-0.09901475812140326,0.3549577351058819,0.19178040381369743,0.16317733129218448,-0.16317733129218448,False,False,,
M2:A1,e73ba8faf67d40c8b6b653489393ef8b,20,13055b928600455db08cf9ae57d8d4c7,0.675455540086138,0.7695072846626083,-0.09405174457647036,0.38545873996398344,0.2205980770877598,0.16486066287622364,-0.16486066287622364,False,False,,
M2:A1,e73ba8faf67d40c8b6b653489393ef8b,24,9f35db3dd17c41e4875c2f54bd71fc29,0.6690425637634839,0.7820222587072787,-0.11297969494379478,0.523869410778713,0.3171792769890965,0.20669013378961648,-0.20669013378961648,False,False,,
M2:A1,e73ba8faf67d40c8b6b653489393ef8b,25,8da854b2bced46f7a59f39a4d42bbfd2,0.5955269507106826,0.7167194375452284,-0.12119248683454575,0.5987763479916285,0.3447251301497919,0.2540512178418366,-0.2540512178418366,False,False,,
M2:A1,e73ba8faf67d40c8b6b653489393ef8b,26,1e46c82d6a804cf1aaa9d2d6b5b5ef27,0.5327049603217828,0.6826607292099697,-0.14995576888818685,0.6695721643065848,0.3516592533701645,0.3179129109364203,-0.3179129109364203,False,False,,
M2:A1,e73ba8faf67d40c8b6b653489393ef8b,28,d364275322c4483fbf86df22f0e7a315,0.5405847949278455,0.7460499742329523,-0.20546517930510677,0.7913221249391583,0.39036168228293433,0.400960442656224,-0.400960442656224,False,False,,
M2:A1,e73ba8faf67d40c8b6b653489393ef8b,30,12f431b160be4858a51cced6955c37bd,0.513141313880972,0.7364448844934182,-0.2233035706124462,0.9258895072752863,0.4698346446692843,0.456054862606002,-0.456054862606002,False,False,,
M2:A1,68dbf490d231446f92fa7dbd366c8b93,0,5b954ca864914a37aaaf0879249ace6a,0.9999999999999135,0.9999999999999135,0.0,0.0,0.0,0.0,0.0,False,False,,
M2:A1,68dbf490d231446f92fa7dbd366c8b93,1,9e10d5419ffa43ce9f70766b4a5a0292,0.9128919860626421,0.9128919860626421,0.0,0.09999999999999987,0.09999999999999987,0.0,0.0,True,True,,
M2:A1,68dbf490d231446f92fa7dbd366c8b93,2,12c5d6c3dc424561b9192b76b45af6fd,0.9339498018493275,0.9339498018493275,0.0,0.07499999999999996,0.07499999999999996,0.0,0.0,True,True,,
M2:A1,68dbf490d231446f92fa7dbd366c8b93,4,f6bf5986ca8a49c082c0e4d892de767c,0.9113478470741772,0.9113478470741772,0.0,0.10003999200319864,0.10003999200319864,0.0,0.0,True,True,,
M2:A1,68dbf490d231446f92fa7dbd366c8b93,8,ee7d01fd902d4185a54112e1f1210e41,0.9112908373612155,0.9112908373612155,0.0,0.09585927185203683,0.09585927185203683,0.0,0.0,True,True,,
M2:A1,68dbf490d231446f92fa7dbd366c8b93,9,df7d0426da5346deae21136ea3cba58b,0.8764337821063268,0.8764337821063268,0.0,0.13689411966918508,0.13689411966918508,0.0,0.0,True,True,,
M2:A1,68dbf490d231446f92fa7dbd366c8b93,10,ba7fb622e77447f6aa58ab1fff9ed0cf,0.9131673585213397,0.9131673585213397,0.0,0.09089004345911009,0.09089004345911009,0.0,0.0,True,True,,
M2:A1,68dbf490d231446f92fa7dbd366c8b93,12,13055b928600455db08cf9ae57d8d4c7,0.9612335302173628,0.9612335302173628,0.0,0.03854867053474576,0.03854867053474576,0.0,0.0,True,True,,
M2:A1,68dbf490d231446f92fa7dbd366c8b93,16,9f35db3dd17c41e4875c2f54bd71fc29,0.8424625853466566,0.8396272501551918,0.0028353351914648384,0.16105959773941286,0.16984002138917287,-0.008780423649760005,0.008780423649760005,False,False,,
M2:A1,68dbf490d231446f92fa7dbd366c8b93,17,8da854b2bced46f7a59f39a4d42bbfd2,0.8741118874741438,0.8754328017190904,-0.001320914244946625,0.12111688417443715,0.1284110358816977,-0.0072941517072605405,0.0072941517072605405,False,False,,
M2:A1,68dbf490d231446f92fa7dbd366c8b93,18,1e46c82d6a804cf1aaa9d2d6b5b5ef27,0.792959852799241,0.8156164607715818,-0.022656607972340814,0.2082685456962986,0.21471792257513508,-0.0064493768788364825,0.0064493768788364825,False,False,,
M2:A1,68dbf490d231446f92fa7dbd366c8b93,20,d364275322c4483fbf86df22f0e7a315,0.7099025946965147,0.6958578667616047,0.014044727934910073,0.31648160805758335,0.344446517466654,-0.02796490940907065,0.02796490940907065,False,False,,
M2:A1,68dbf490d231446f92fa7dbd366c8b93,22,12f431b160be4858a51cced6955c37bd,0.6196093487714779,0.6117446815659355,0.007864667205542353,0.4479005660255095,0.47365759006295605,-0.025757024037446563,0.025757024037446563,False,False,,
M2:A1,713b6bedc51f4d1b9802a13aec39aaf3,0,69e5c0a974344a2b89e9e351a5b79461,1.0000000000000613,1.0000000000000613,0.0,0.0,0.0,0.0,0.0,False,False,,
M2:A1,713b6bedc51f4d1b9802a13aec39aaf3,1,519f1a02f21d43699ca1ada7ffd38726,0.9876008301451337,0.9795679771357134,0.008032853009420249,0.020519953689684144,0.026721269765885097,-0.006201316076200954,0.006201316076200954,False,False,,
M2:A1,713b6bedc51f4d1b9802a13aec39aaf3,2,c71884fb34d046258c12cf018513d8cc,0.9753156177021156,0.966830988277942,0.008484629424173606,0.04119970330476273,0.03475835528644504,0.006441348018317694,-0.006441348018317694,False,False,,
M2:A1,713b6bedc51f4d1b9802a13aec39aaf3,4,df7d0426da5346deae21136ea3cba58b,0.9340043106446616,0.9303545318456539,0.0036497787990077413,0.07090684847379722,0.0434561211197708,0.02745072735402642,-0.02745072735402642,False,False,,
M2:A1,713b6bedc51f4d1b9802a13aec39aaf3,8,220b431fd37e436f98aa1c868eee5828,0.6971185187683976,0.7255340312843579,-0.028415512515960306,0.32759394595611113,0.2370397399295235,0.09055420602658762,-0.09055420602658762,False,False,,
M2:A1,713b6bedc51f4d1b9802a13aec39aaf3,9,4abbc508bffb4f9b957a8ad2457db2e2,0.699012385279848,0.7495583201075785,-0.05054593482773051,0.3210085836304232,0.2101316246874651,0.11087695894295813,-0.11087695894295813,False,False,,
M2:A1,713b6bedc51f4d1b9802a13aec39aaf3,10,103914217786464998f1e48a2c20cef0,0.7030776678528083,0.749496100241124,-0.04641843238831567,0.3128165187858385,0.21578859539198958,0.09702792339384891,-0.09702792339384891,False,False,,
M2:A1,713b6bedc51f4d1b9802a13aec39aaf3,12,8da854b2bced46f7a59f39a4d42bbfd2,0.7066759520625883,0.7630815478288216,-0.056405595766233385,0.30494009257918575,0.19218815848228837,0.11275193409689738,-0.11275193409689738,False,False,,
M2:A1,713b6bedc51f4d1b9802a13aec39aaf3,16,c98b06812964464093b23c3734532d06,0.5898339158424877,0.7430838581915716,-0.15324994234908396,0.3930603348140724,0.22212419776382328,0.1709361370502491,-0.1709361370502491,False,False,,
M2:A1,200c440c0e9b4627ad4f3047227016a2,0,fdddd75ee1d94f14a09991988dab8b3e,0.9999999999999162,0.9999999999999162,0.0,0.0,0.0,0.0,0.0,False,False,,
M2:A1,200c440c0e9b4627ad4f3047227016a2,1,53121f39e1a0434d8431777a05de3eec,0.011902901047779225,0.0048597700473575105,0.007043131000421715,4.37274869996812,4.441798662880459,-0.06904996291233889,0.06904996291233889,False,False,,
M2:A1,200c440c0e9b4627ad4f3047227016a2,2,872aeb79742f4cd5b6e069c36b007ace,0.0,0.0,0.0,8.738514831020705,8.834982319648365,-0.09646748862765975,0.09646748862765975,False,False,,
M2:A1,200c440c0e9b4627ad4f3047227016a2,4,79a411ec3dc943bf94886ad9e539481d,0.0,0.0,0.0,16.989065554466247,17.11867181809114,-0.12960626362489336,0.12960626362489336,False,False,,
M2:A1,200c440c0e9b4627ad4f3047227016a2,8,c4a4d1b455434dba879d5dcd1cc378d6,0.0,0.0,0.0,29.301921247395203,29.476713774063743,-0.17479252666853995,0.17479252666853995,False,False,,
M2:A1,200c440c0e9b4627ad4f3047227016a2,9,e3bdfba683484a1ea09b7bb86e6be648,0.0,0.0,0.0,31.620629215331224,31.8477811256261,-0.22715191029487514,0.22715191029487514,False,False,,
M2:A1,200c440c0e9b4627ad4f3047227016a2,10,e749c211df64486dafc86660a0b20eca,0.0,0.0,0.0,33.87290830436039,34.10045235431859,-0.22754404995820465,0.22754404995820465,True,True,,
M2:A1,200c440c0e9b4627ad4f3047227016a2,12,c502570cba9749f7bd89494803a52c02,0.0,0.0,0.0,37.7053290147598,37.93340172479955,-0.22807271003975416,0.22807271003975416,True,True,,
M2:A1,200c440c0e9b4627ad4f3047227016a2,16,3e92d615685942dfab6edb5a0a7678e6,0.0,0.0,0.0,41.56802823487125,41.79661321634755,-0.22858498147630257,0.22858498147630257,True,True,,
M2:A1,200c440c0e9b4627ad4f3047227016a2,17,5b954ca864914a37aaaf0879249ace6a,0.0,0.0,0.0,41.82162579456597,42.05018405028764,-0.22855825572167277,0.22855825572167277,True,True,,
M2:A1,200c440c0e9b4627ad4f3047227016a2,18,9e10d5419ffa43ce9f70766b4a5a0292,0.0,0.0,0.0,41.84829581917171,42.076806896815874,-0.22851107764416412,0.22851107764416412,True,True,,
M2:A1,200c440c0e9b4627ad4f3047227016a2,20,882819f68f5e4be698694e673c71c6ab,0.0,0.0,0.0,41.838663194882265,42.06713487449269,-0.22847167961042203,0.22847167961042203,True,True,,
M2:A1,200c440c0e9b4627ad4f3047227016a2,24,c71884fb34d046258c12cf018513d8cc,0.0,0.0,0.0,41.31560004448922,41.544029822347945,-0.22842977785872165,0.22842977785872165,True,True,,
M2:A1,200c440c0e9b4627ad4f3047227016a2,25,ee7d01fd902d4185a54112e1f1210e41,0.0,0.0,0.0,41.50670856970222,41.73515498597439,-0.22844641627217044,0.22844641627217044,True,True,,
M2:A1,200c440c0e9b4627ad4f3047227016a2,26,df7d0426da5346deae21136ea3cba58b,0.0,0.0,0.0,41.58509107490134,41.813547920241014,-0.2284568453396716,0.2284568453396716,True,True,,
M2:A1,200c440c0e9b4627ad4f3047227016a2,28,5087c0b3f84741178f42d668fbdf506f,0.0,0.0,0.0,41.75144516680045,41.97990263572938,-0.22845746892893004,0.22845746892893004,True,True,,
M2:A1,200c440c0e9b4627ad4f3047227016a2,32,103914217786464998f1e48a2c20cef0,0.0,0.0,0.0,41.86091567065302,42.08945219937265,-0.22853652871962993,0.22853652871962993,True,True,,
M2:A1,200c440c0e9b4627ad4f3047227016a2,33,9f35db3dd17c41e4875c2f54bd71fc29,0.0,0.0,0.0,41.85613884469217,42.08466174181825,-0.22852289712608354,0.22852289712608354,True,True,,
M2:A1,200c440c0e9b4627ad4f3047227016a2,34,8da854b2bced46f7a59f39a4d42bbfd2,0.0,0.0,0.0,41.87300506487499,42.10153544715022,-0.22853038227523115,0.22853038227523115,True,True,,
M2:A1,200c440c0e9b4627ad4f3047227016a2,36,029f10e7436740a0a04feab4ab3aeddc,0.0,0.0,0.0,41.87418777740215,42.102582592008226,-0.22839481460607658,0.22839481460607658,True,True,,
M2:A1,200c440c0e9b4627ad4f3047227016a2,37,d364275322c4483fbf86df22f0e7a315,0.0,0.0,0.0,41.87251917210105,42.10077732680403,-0.22825815470297783,0.22825815470297783,True,True,,
M2:A1,007842c92eaf4351b5a9678f7e7094f3,0,9f35db3dd17c41e4875c2f54bd71fc29,0.9999999999999931,0.9999999999999931,0.0,0.0,0.0,0.0,0.0,False,False,,
M2:A1,007842c92eaf4351b5a9678f7e7094f3,1,8da854b2bced46f7a59f39a4d42bbfd2,0.8990247686924152,0.8702955511667723,0.028729217525642947,0.07237123636338064,0.10367410798386503,-0.031302871620484396,0.031302871620484396,False,False,,
M2:A1,007842c92eaf4351b5a9678f7e7094f3,2,1e46c82d6a804cf1aaa9d2d6b5b5ef27,0.8159202663686117,0.7581495017937899,0.057770764574821776,0.14014623570446025,0.213731254500202,-0.07358501879574175,0.07358501879574175,False,False,,
M2:A1,007842c92eaf4351b5a9678f7e7094f3,3,029f10e7436740a0a04feab4ab3aeddc,0.7422661795109258,0.6656826887387302,0.07658349077219562,0.20764550054808448,0.319661398112987,-0.11201589756490252,0.11201589756490252,False,False,,
M2:A1,007842c92eaf4351b5a9678f7e7094f3,4,d364275322c4483fbf86df22f0e7a315,0.672771664765096,0.5815406956621187,0.09123096910297723,0.27827062520167034,0.43292792578545974,-0.1546573005837894,0.1546573005837894,False,False,,
M2:A1,007842c92eaf4351b5a9678f7e7094f3,5,c98b06812964464093b23c3734532d06,0.6074286029574152,0.5153175718918105,0.0921110310656047,0.35246690026189986,0.5331719624810533,-0.1807050622191534,0.1807050622191534,False,False,,
M2:A1,1f8d7e8410ed435da374688590a13b0a,0,882819f68f5e4be698694e673c71c6ab,1.0000000000000837,1.0000000000000837,0.0,0.0,0.0,0.0,0.0,False,False,,
M2:A1,1f8d7e8410ed435da374688590a13b0a,1,f6bf5986ca8a49c082c0e4d892de767c,0.9390986601706001,0.9390986601706001,0.0,0.050000000000000044,0.050000000000000044,0.0,0.0,True,True,,
M2:A1,1f8d7e8410ed435da374688590a13b0a,2,69e5c0a974344a2b89e9e351a5b79461,0.7187936882558956,0.7149455831170182,0.0038481051388774556,0.2537803593240643,0.2583894987487604,-0.004609139424696096,0.004609139424696096,False,False,,
M2:A1,1f8d7e8410ed435da374688590a13b0a,4,c71884fb34d046258c12cf018513d8cc,0.5478815766928744,0.5397403755627066,0.008141201130167808,0.4553250007739164,0.4683524465954553,-0.013027445821538863,0.013027445821538863,False,False,,
M2:A1,1f8d7e8410ed435da374688590a13b0a,8,5087c0b3f84741178f42d668fbdf506f,0.8918423465062665,0.8936496100262546,-0.001807263519988167,0.09906388174952757,0.07630143271917522,0.02276244903035235,-0.02276244903035235,False,False,,
M2:A1,1f8d7e8410ed435da374688590a13b0a,9,13055b928600455db08cf9ae57d8d4c7,0.9481507404477537,0.9086655843350901,0.039485156112663566,0.08568185168807427,0.09334973376163887,-0.0076678820735646,0.0076678820735646,False,False,,
M2:A1,1f8d7e8410ed435da374688590a13b0a,10,220b431fd37e436f98aa1c868eee5828,0.9051731468851215,0.862638297163531,0.042534849721590495,0.1198325024325073,0.1260654448698142,-0.00623294243730689,0.00623294243730689,False,False,,
M2:A1,1f8d7e8410ed435da374688590a13b0a,12,103914217786464998f1e48a2c20cef0,0.7334208560364537,0.6747559893596399,0.05866486667681381,0.23478069808479757,0.2962607609899113,-0.06148006290511371,0.06148006290511371,False,False,,
M2:A1,1f8d7e8410ed435da374688590a13b0a,16,029f10e7436740a0a04feab4ab3aeddc,0.6498962451946831,0.5692550892687943,0.08064115592588883,0.320516635271967,0.42993160548083165,-0.10941497020886465,0.10941497020886465,False,False,,
M2:A1,1f8d7e8410ed435da374688590a13b0a,17,d364275322c4483fbf86df22f0e7a315,0.606687082094127,0.5193697293470536,0.08731735274707342,0.37330939333071644,0.5104911531012358,-0.13718175977051938,0.13718175977051938,False,False,,
M2:A1,1f8d7e8410ed435da374688590a13b0a,18,c98b06812964464093b23c3734532d06,0.5681325324971562,0.465803080747401,0.10232945174975522,0.42412019756296093,0.6135828514792032,-0.18946265391624229,0.18946265391624229,False,False,,
M2:A1,1f8d7e8410ed435da374688590a13b0a,19,12f431b160be4858a51cced6955c37bd,0.5312420998812939,0.41939348686184047,0.11184861301945342,0.47506416197114953,0.7058354908392837,-0.23077132886813412,0.23077132886813412,False,False,,
M2:A1,7328a1bef88b4e84aa2ee0d837effd8d,0,220b431fd37e436f98aa1c868eee5828,1.0000000000000229,1.0000000000000229,0.0,0.0,0.0,0.0,0.0,False,False,,
M2:A1,7328a1bef88b4e84aa2ee0d837effd8d,1,4abbc508bffb4f9b957a8ad2457db2e2,0.9941518705795191,0.9511705985153281,0.042981272064191,0.00612705586318365,0.06309772470202421,-0.05697066883884056,0.05697066883884056,False,False,,
M2:A1,7328a1bef88b4e84aa2ee0d837effd8d,2,103914217786464998f1e48a2c20cef0,0.9897706330278551,0.9185557213532873,0.07121491167456773,0.00846527568685729,0.12412309095900104,-0.11565781527214375,0.11565781527214375,False,False,,
M2:A1,7328a1bef88b4e84aa2ee0d837effd8d,3,9f35db3dd17c41e4875c2f54bd71fc29,0.9849405380392321,0.8820486474867917,0.10289189055244041,0.01251612145746659,0.2327617787670761,-0.22024565730960952,0.22024565730960952,False,False,,
M2:A1,7328a1bef88b4e84aa2ee0d837effd8d,4,8da854b2bced46f7a59f39a4d42bbfd2,0.9781358608989099,0.850666702139871,0.12746915875903897,0.02244919568530924,0.3080968291142765,-0.28564763342896726,0.28564763342896726,False,False,,
M2:A1,7328a1bef88b4e84aa2ee0d837effd8d,6,029f10e7436740a0a04feab4ab3aeddc,0.9737415335152696,0.8292672949462685,0.1444742385690011,0.025336728249859997,0.3871942583927564,-0.3618575301428964,0.3618575301428964,False,False,,
M2:A1,7328a1bef88b4e84aa2ee0d837effd8d,7,d364275322c4483fbf86df22f0e7a315,0.9732441517858897,0.8315753521341772,0.14166879965171253,0.020834076365112864,0.3780319049262528,-0.35719782856113996,0.35719782856113996,False,False,,
M2:A1,dce1fda2d70945c792dcc27074ec6aa9,0,79a411ec3dc943bf94886ad9e539481d,1.0000000000000306,1.0000000000000306,0.0,0.0,0.0,0.0,0.0,False,False,,
M2:A1,dce1fda2d70945c792dcc27074ec6aa9,1,9181fe90f31b4740b36969e383506d40,0.7379594687815202,0.7495332694250566,-0.011573800643536414,0.19291777295909102,0.18227557652476506,0.010642196434325957,-0.010642196434325957,False,False,,
M2:A1,dce1fda2d70945c792dcc27074ec6aa9,2,139d5e756c1f461ba1f0c6ec46968e43,0.5119177239295404,0.5255778812108493,-0.013660157281308871,0.4673804897188477,0.4522534416532238,0.015127048065623927,-0.015127048065623927,False,False,,
M2:A1,dce1fda2d70945c792dcc27074ec6aa9,4,c4a4d1b455434dba879d5dcd1cc378d6,0.4936404376654259,0.542043146112226,-0.04840270844680011,0.5505514896319623,0.48152983132089267,0.06902165831106966,-0.06902165831106966,False,False,,
M2:A1,dce1fda2d70945c792dcc27074ec6aa9,8,c502570cba9749f7bd89494803a52c02,0.4811378758925074,0.4301396923413417,0.0509981835511657,0.5482696052406281,0.6252441222164068,-0.07697451697577873,0.07697451697577873,False,False,,
M2:A1,dce1fda2d70945c792dcc27074ec6aa9,9,274b134fb2324486ae253eb6e24f900d,0.461159170457607,0.4163332779889777,0.044825892468629336,0.5747791296788852,0.6502338840244728,-0.07545475434558757,0.07545475434558757,False,False,,
M2:A1,dce1fda2d70945c792dcc27074ec6aa9,10,a977b0e797694036a9c40ab80f9d0ebc,0.45946492002506123,0.3969758076272439,0.06248911239781735,0.5913537312624466,0.7224636183269452,-0.13110988706449855,0.13110988706449855,False,False,,
M2:A1,dce1fda2d70945c792dcc27074ec6aa9,12,3e92d615685942dfab6edb5a0a7678e6,0.41091868304120244,0.35358860829060734,0.057330074750595095,0.6745276605735121,0.9236145662960953,-0.24908690572258319,0.24908690572258319,False,False,,
M2:A1,dce1fda2d70945c792dcc27074ec6aa9,16,882819f68f5e4be698694e673c71c6ab,0.44675242867488657,0.3865144042304603,0.060238024444426275,0.634513817830034,0.9277938432886759,-0.29328002545864185,0.29328002545864185,False,False,,
M2:A1,dce1fda2d70945c792dcc27074ec6aa9,17,f6bf5986ca8a49c082c0e4d892de767c,0.4341268497607331,0.38123358177394545,0.05289326798678767,0.6573010695188684,0.9878561103398301,-0.33055504082096177,0.33055504082096177,False,False,,
M2:A1,dce1fda2d70945c792dcc27074ec6aa9,18,69e5c0a974344a2b89e9e351a5b79461,0.4248068768440212,0.3738607993110139,0.050946077533007283,0.6697518011217218,0.9995518292450397,-0.3298000281233179,0.3298000281233179,False,False,,
M2:A1,dce1fda2d70945c792dcc27074ec6aa9,20,c71884fb34d046258c12cf018513d8cc,0.40896720269602505,0.3598566554856107,0.04911054721041436,0.7019221218653475,1.0476501029327747,-0.3457279810674272,0.3457279810674272,False,False,,
M2:A1,dce1fda2d70945c792dcc27074ec6aa9,24,5087c0b3f84741178f42d668fbdf506f,0.3726127845152314,0.3283288741434266,0.04428391037180479,0.7844679690262554,1.157670967253675,-0.37320299822741954,0.37320299822741954,False,False,,
M2:A1,dce1fda2d70945c792dcc27074ec6aa9,25,13055b928600455db08cf9ae57d8d4c7,0.3721577926316943,0.3278110727546133,0.044346719877081,0.787846183480328,1.1791526235855514,-0.3913064401052234,0.3913064401052234,False,False,,
M2:A1,dce1fda2d70945c792dcc27074ec6aa9,26,220b431fd37e436f98aa1c868eee5828,0.3924864114747647,0.3376342885453098,0.054852122929454905,0.7517222901592832,1.1694204994107473,-0.41769820925146417,0.41769820925146417,False,False,,
M2:A1,dce1fda2d70945c792dcc27074ec6aa9,28,103914217786464998f1e48a2c20cef0,0.416238673498103,0.35183937713826774,0.06439929635983527,0.7021012381718202,1.115447271179512,-0.4133460330076918,0.4133460330076918,False,False,,
M2:A1,dce1fda2d70945c792dcc27074ec6aa9,32,029f10e7436740a0a04feab4ab3aeddc,0.02605927018201081,0.0,0.02605927018201081,4.013400217274742,4.634408402036968,-0.6210081847622257,0.6210081847622257,False,False,,
M2:A1,dce1fda2d70945c792dcc27074ec6aa9,33,d364275322c4483fbf86df22f0e7a315,0.0,0.0,0.0,5.703574738645448,6.3933788500723985,-0.6898041114269509,0.6898041114269509,False,False,,
M2:A1,dce1fda2d70945c792dcc27074ec6aa9,34,c98b06812964464093b23c3734532d06,0.0,0.0,0.0,7.487850829020156,8.173658361128384,-0.6858075321082273,0.6858075321082273,False,False,,
M2:A1,dce1fda2d70945c792dcc27074ec6aa9,35,12f431b160be4858a51cced6955c37bd,0.0,0.0,0.0,9.234789878385866,9.988442680218261,-0.7536528018323949,0.7536528018323949,False,False,,
M2:A1,2a42fd0e123c455fbaeb1c5f03dba0b2,0,5b954ca864914a37aaaf0879249ace6a,1.00000000000011,1.00000000000011,0.0,0.0,0.0,0.0,0.0,False,False,,
M2:A1,2a42fd0e123c455fbaeb1c5f03dba0b2,1,9e10d5419ffa43ce9f70766b4a5a0292,0.9911348358476734,0.9087086416083247,0.08242619423934872,0.00982199804392922,0.14150583846766537,-0.13168384042373615,0.13168384042373615,False,False,,
M2:A1,2a42fd0e123c455fbaeb1c5f03dba0b2,2,12c5d6c3dc424561b9192b76b45af6fd,0.9828381830330182,0.8335287921342229,0.14930939089879525,0.019238469227125844,0.28012833766551104,-0.2608898684383852,0.2608898684383852,False,False,,
M2:A1,2a42fd0e123c455fbaeb1c5f03dba0b2,4,f6bf5986ca8a49c082c0e4d892de767c,0.9751346179057636,0.7820063093709351,0.19312830853482854,0.02780743835715648,0.3865046702326837,-0.3586972318755272,0.3586972318755272,False,False,,
M2:A1,2a42fd0e123c455fbaeb1c5f03dba0b2,8,ee7d01fd902d4185a54112e1f1210e41,0.9722000176977494,0.711835044133238,0.2603649735645115,0.022529770152827987,0.5500931327310485,-0.5275633625782206,0.5275633625782206,False,False,,
M2:A1,2a42fd0e123c455fbaeb1c5f03dba0b2,9,df7d0426da5346deae21136ea3cba58b,0.9742916874997238,0.6480143682998509,0.3262773191998729,0.027903816002835907,0.7101969960579795,-0.6822931800551436,0.6822931800551436,False,False,,
M2:A1,2a42fd0e123c455fbaeb1c5f03dba0b2,10,ba7fb622e77447f6aa58ab1fff9ed0cf,0.9550571043412313,0.60917675896225,0.34588034537898127,0.06766166562319675,0.8229273000133803,-0.7552656343901836,0.7552656343901836,False,False,,
M2:A1,2a42fd0e123c455fbaeb1c5f03dba0b2,12,13055b928600455db08cf9ae57d8d4c7,0.9492488641329597,0.5861865815756436,0.3630622825573161,0.07570601492265902,0.8870289235145232,-0.8113229085918642,0.8113229085918642,False,False,,
M2:A1,2a42fd0e123c455fbaeb1c5f03dba0b2,16,9f35db3dd17c41e4875c2f54bd71fc29,0.8951252493639059,0.5372550165000093,0.35787023286389663,0.10636104340400646,0.9689057077339701,-0.8625446643299637,0.8625446643299637,False,False,,
M2:A1,2a42fd0e123c455fbaeb1c5f03dba0b2,17,8da854b2bced46f7a59f39a4d42bbfd2,0.82400129861004,0.524503161230745,0.299498137379295,0.13596413862241163,1.0374744183455933,-0.9015102797231817,0.9015102797231817,False,False,,
M2:A1,2a42fd0e123c455fbaeb1c5f03dba0b2,18,1e46c82d6a804cf1aaa9d2d6b5b5ef27,0.8060108859570551,0.5149420695863188,0.2910688163707362,0.14800595062725508,1.096530190290195,-0.9485242396629399,0.9485242396629399,False,False,,
M2:A1,2a42fd0e123c455fbaeb1c5f03dba0b2,20,d364275322c4483fbf86df22f0e7a315,0.8474587316875694,0.5422952554243184,0.3051634762632509,0.10002942242295214,1.0376937483239144,-0.9376643259009623,0.9376643259009623,False,False,,
M2:A1,2a42fd0e123c455fbaeb1c5f03dba0b2,22,12f431b160be4858a51cced6955c37bd,0.8661715878042273,0.5978678984320658,0.26830368937216154,0.20069141145230124,0.9520315692038535,-0.7513401577515522,0.7513401577515522,False,False,,
M2:A1,f3995943006145ca8a7bc375527f0aba,0,fdddd75ee1d94f14a09991988dab8b3e,1.0000000000000604,1.0000000000000604,0.0,0.0,0.0,0.0,0.0,False,False,,
M2:A1,f3995943006145ca8a7bc375527f0aba,1,53121f39e1a0434d8431777a05de3eec,0.044619673272251435,0.044619673272251435,0.0,4.080478648394084,4.080478648394084,0.0,0.0,True,True,,
M2:A1,f3995943006145ca8a7bc375527f0aba,2,872aeb79742f4cd5b6e069c36b007ace,0.0,0.0,0.0,8.161734497029313,8.161734497029313,0.0,0.0,True,True,,
M2:A1,f3995943006145ca8a7bc375527f0aba,4,79a411ec3dc943bf94886ad9e539481d,0.0,0.0,0.0,16.64324118073164,16.64324118073164,0.0,0.0,True,True,,
M2:A1,f3995943006145ca8a7bc375527f0aba,8,c4a4d1b455434dba879d5dcd1cc378d6,0.0,0.0,0.0,35.56675231167445,35.56675231167445,0.0,0.0,True,True,,
M2:A1,f3995943006145ca8a7bc375527f0aba,9,e3bdfba683484a1ea09b7bb86e6be648,0.0,0.0,0.0,40.659191443658855,40.6832651872227,-0.024073743563846506,0.024073743563846506,False,False,,
M2:A1,f3995943006145ca8a7bc375527f0aba,10,e749c211df64486dafc86660a0b20eca,0.0,0.0,0.0,45.439274954769616,45.49980679818955,-0.06053184341993756,0.06053184341993756,False,False,,
M2:A1,f3995943006145ca8a7bc375527f0aba,12,c502570cba9749f7bd89494803a52c02,0.0,0.0,0.0,55.04418566862321,55.1340392331741,-0.08985356455089288,0.08985356455089288,False,False,,
M2:A1,f3995943006145ca8a7bc375527f0aba,15,bfbb3ba599ea450181210aa6000bad7f,0.0,0.0,0.0,69.40503312604189,69.50196286644181,-0.09692974039992919,0.09692974039992919,False,False,,
M2:A1,2cc84e32d40647b185276f8d7baf5322,0,8da854b2bced46f7a59f39a4d42bbfd2,0.9999999999998277,0.9999999999998277,0.0,0.0,0.0,0.0,0.0,False,False,,
M2:A1,2cc84e32d40647b185276f8d7baf5322,1,1e46c82d6a804cf1aaa9d2d6b5b5ef27,0.5785365402405713,0.5696834945769025,0.008853045663668846,0.5722123072357275,0.813020710864555,-0.2408084036288275,0.2408084036288275,False,False,,
M2:A1,2cc84e32d40647b185276f8d7baf5322,2,029f10e7436740a0a04feab4ab3aeddc,0.5602141668656202,0.5882513197325062,-0.028037152866886017,0.333763119913798,0.5040654884354678,-0.17030236852166986,0.17030236852166986,False,False,,
M2:A1,2cc84e32d40647b185276f8d7baf5322,3,d364275322c4483fbf86df22f0e7a315,0.5068199574997188,0.48370340424671476,0.02311655325300399,0.3997767764418578,0.4637513251167329,-0.06397454867487512,0.06397454867487512,False,False,,
M2:A1,2cc84e32d40647b185276f8d7baf5322,4,c98b06812964464093b23c3734532d06,0.4588289172129867,0.36168817161811,0.09714074559487668,0.4952278997123972,0.5895398903572275,-0.09431199064483031,0.09431199064483031,False,False,,
M2:A1,2cc84e32d40647b185276f8d7baf5322,5,12f431b160be4858a51cced6955c37bd,0.48202008238131794,0.2702605067311864,0.21175957565013154,0.55138122939625,0.8443987049738056,-0.29301747557755564,0.29301747557755564,False,False,,
M2:A1,d0f5aace57684923b8a44b554b006fb2,0,872aeb79742f4cd5b6e069c36b007ace,1.0000000000000515,1.0000000000000515,0.0,0.0,0.0,0.0,0.0,False,False,,
M2:A1,d0f5aace57684923b8a44b554b006fb2,1,d2e315d29ed4468f802bf6ccfdbe6852,0.7758335588556698,0.7758335588556698,0.0,0.1880664776083491,0.1880664776083491,0.0,0.0,True,True,,
M2:A1,d0f5aace57684923b8a44b554b006fb2,2,79a411ec3dc943bf94886ad9e539481d,0.735019629143712,0.7363585746621724,-0.001338945518460366,0.2537983676943689,0.29550098620431925,-0.04170261850995033,0.04170261850995033,False,False,,
M2:A1,d0f5aace57684923b8a44b554b006fb2,4,139d5e756c1f461ba1f0c6ec46968e43,0.4004638451307362,0.40476761139760037,-0.004303766266864184,0.679428902999117,0.7178309138714236,-0.03840201087230666,0.03840201087230666,False,False,,
M2:A1,d0f5aace57684923b8a44b554b006fb2,8,e749c211df64486dafc86660a0b20eca,0.29522748700843837,0.30150080636070375,-0.006273319352265383,0.8147280465821022,0.842729093618611,-0.028001047036508853,0.028001047036508853,False,False,,
M2:A1,d0f5aace57684923b8a44b554b006fb2,9,ab1f5ba71a2f42c89efefcbc6dffcfb7,0.2890382505308852,0.29696955984309353,-0.007931309312208312,0.8151464882700387,0.8275616918380825,-0.01241520356804382,0.01241520356804382,False,False,,
M2:A1,d0f5aace57684923b8a44b554b006fb2,10,c502570cba9749f7bd89494803a52c02,0.2833169152114388,0.2899177667181452,-0.006600851506706362,0.8217735577801817,0.8221656555241784,-0.00039209774399673325,0.00039209774399673325,False,False,,
M2:A1,d0f5aace57684923b8a44b554b006fb2,12,a977b0e797694036a9c40ab80f9d0ebc,0.2783589434644859,0.2853312313746398,-0.006972287910153863,0.8283927486090281,0.8167786770500944,0.01161407155893368,-0.01161407155893368,False,False,,
M2:A1,d0f5aace57684923b8a44b554b006fb2,16,9e10d5419ffa43ce9f70766b4a5a0292,0.24898677820927723,0.2557824215011988,-0.00679564329192156,0.8845480594533254,0.8786767533323526,0.005871306120972752,-0.005871306120972752,False,False,,
M2:A1,d0f5aace57684923b8a44b554b006fb2,17,12c5d6c3dc424561b9192b76b45af6fd,0.2412876734090142,0.24548478113819208,-0.00419710772917789,0.9035671878104704,0.9244025652522688,-0.02083537744179842,0.02083537744179842,False,False,,
M2:A1,d0f5aace57684923b8a44b554b006fb2,18,882819f68f5e4be698694e673c71c6ab,0.24608532698034322,0.24738043758368744,-0.001295110603344224,0.8944416877358764,0.9456941019837685,-0.051252414247892064,0.051252414247892064,False,False,,
M2:A1,d0f5aace57684923b8a44b554b006fb2,20,69e5c0a974344a2b89e9e351a5b79461,0.25463577519321606,0.2509805391183255,0.0036552360748905444,0.8802470286617708,0.976813148039232,-0.09656611937746118,0.09656611937746118,False,False,,
M2:A1,d0f5aace57684923b8a44b554b006fb2,24,df7d0426da5346deae21136ea3cba58b,0.24496309851359307,0.24083181675260865,0.004131281760984429,0.8964122656960192,1.0084601747548418,-0.11204790905882267,0.11204790905882267,False,False,,
M2:A1,d0f5aace57684923b8a44b554b006fb2,25,ba7fb622e77447f6aa58ab1fff9ed0cf,0.24275012154537853,0.236452903014639,0.006297218530739529,0.9000951364339945,1.0381564698592223,-0.13806133342522775,0.13806133342522775,False,False,,
M2:A1,d0f5aace57684923b8a44b554b006fb2,26,5087c0b3f84741178f42d668fbdf506f,0.25841247015096624,0.24735970655080988,0.011052763600156362,0.8684108391800638,1.0493085747716555,-0.18089773559159172,0.18089773559159172,False,False,,
M2:A1,d0f5aace57684923b8a44b554b006fb2,28,220b431fd37e436f98aa1c868eee5828,0.29013590047363136,0.27255565414936905,0.017580246324262305,0.8101393468303331,1.0244370312516966,-0.21429768442136354,0.21429768442136354,False,False,,
M2:A1,d0f5aace57684923b8a44b554b006fb2,32,8da854b2bced46f7a59f39a4d42bbfd2,0.3107021735638102,0.2879132554045522,0.022788918159257987,0.7733923561009022,1.0251764027835997,-0.2517840466826975,0.2517840466826975,False,False,,
M2:A1,d0f5aace57684923b8a44b554b006fb2,33,1e46c82d6a804cf1aaa9d2d6b5b5ef27,0.30848505882615557,0.2771022206034725,0.03138283822268306,0.7844742362512735,1.0490865609225601,-0.2646123246712866,0.2646123246712866,False,False,,
M2:A1,d0f5aace57684923b8a44b554b006fb2,34,029f10e7436740a0a04feab4ab3aeddc,0.3026724518066093,0.26375714550746754,0.03891530629914175,0.7992077828012597,1.0968059119395914,-0.2975981291383317,0.2975981291383317,False,False,,
M2:A1,d0f5aace57684923b8a44b554b006fb2,36,c98b06812964464093b23c3734532d06,0.30735412604764306,0.2619039404703734,0.04545018557726965,0.7907403427698921,1.1135451615006196,-0.3228048187307274,0.3228048187307274,False,False,,
M2:A1,84755505e70547af890aff9db860f692,0,c502570cba9749f7bd89494803a52c02,0.9999999999999859,0.9999999999999859,0.0,0.0,0.0,0.0,0.0,False,False,,
M2:A1,84755505e70547af890aff9db860f692,1,274b134fb2324486ae253eb6e24f900d,0.9999999999999859,0.9999999999999859,0.0,0.0,0.0,0.0,0.0,True,True,,
M2:A1,84755505e70547af890aff9db860f692,2,a977b0e797694036a9c40ab80f9d0ebc,0.9752842313395812,0.9752842313395812,0.0,0.025000000000000133,0.025000000000000133,0.0,0.0,True,True,,
M2:A1,84755505e70547af890aff9db860f692,4,3e92d615685942dfab6edb5a0a7678e6,0.8638059701492423,0.8638059701492423,0.0,0.14600000000000013,0.14600000000000013,0.0,0.0,True,True,,
M2:A1,84755505e70547af890aff9db860f692,8,882819f68f5e4be698694e673c71c6ab,0.9110473457675633,0.9110473457675633,0.0,0.09299999999999997,0.09299999999999997,0.0,0.0,True,True,,
M2:A1,84755505e70547af890aff9db860f692,9,f6bf5986ca8a49c082c0e4d892de767c,0.9230028873917105,0.9230028873917105,0.0,0.08000000000000007,0.08000000000000007,0.0,0.0,True,True,,
M2:A1,84755505e70547af890aff9db860f692,10,69e5c0a974344a2b89e9e351a5b79461,0.9312285052672531,0.9225826234779254,0.00864588178932768,0.06465007113541263,0.06599402491893509,-0.001343953783522464,0.001343953783522464,False,False,,
M2:A1,84755505e70547af890aff9db860f692,12,c71884fb34d046258c12cf018513d8cc,0.9514326898691535,0.9492020372556809,0.002230652613472661,0.05795260727699598,0.0376243499566598,0.020328257320336177,-0.020328257320336177,False,False,,
M2:A1,84755505e70547af890aff9db860f692,16,5087c0b3f84741178f42d668fbdf506f,0.9302135064884901,0.9281526685576497,0.0020608379308404423,0.08513729842819485,0.05247244012948481,0.03266485829871005,-0.03266485829871005,False,False,,
M2:A1,84755505e70547af890aff9db860f692,17,13055b928600455db08cf9ae57d8d4c7,0.9019921531218307,0.39179148607928505,0.5102006670425456,0.11175015430288911,2.0172740802917666,-1.9055239259888774,1.9055239259888774,False,False,,
M2:A1,84755505e70547af890aff9db860f692,18,220b431fd37e436f98aa1c868eee5828,0.8746794405259305,0.10523018737293686,0.7694492531529936,0.13749116394863356,4.060899722176064,-3.9234085582274303,3.9234085582274303,False,False,,
M2:A1,84755505e70547af890aff9db860f692,20,103914217786464998f1e48a2c20cef0,0.5749561389457492,0.0,0.5749561389457492,1.0729402338128404,5.96417818966074,-4.8912379558479,4.8912379558479,False,False,,
M2:A1,84755505e70547af890aff9db860f692,24,029f10e7436740a0a04feab4ab3aeddc,0.49914105091299316,0.0,0.49914105091299316,1.4004668537862013,6.215637446281118,-4.815170592494916,4.815170592494916,False,False,,
M2:A1,84755505e70547af890aff9db860f692,25,d364275322c4483fbf86df22f0e7a315,0.46951559321198333,0.0,0.46951559321198333,1.5452005207389012,6.310061285652345,-4.764860764913443,4.764860764913443,False,False,,
M2:A1,84755505e70547af890aff9db860f692,26,c98b06812964464093b23c3734532d06,0.4556711795026641,0.0,0.4556711795026641,1.6140197960866352,6.336019099289549,-4.721999303202914,4.721999303202914,False,False,,
M2:A1,84755505e70547af890aff9db860f692,27,12f431b160be4858a51cced6955c37bd,0.39216961550257107,0.0,0.39216961550257107,1.9521956009606185,6.632863287703676,-4.680667686743058,4.680667686743058,False,False,,
M2:A1,349232409f354033b215b5e37c3312ab,0,882819f68f5e4be698694e673c71c6ab,0.9999999999999817,0.9999999999999817,0.0,0.0,0.0,0.0,0.0,False,False,,
M2:A1,349232409f354033b215b5e37c3312ab,1,f6bf5986ca8a49c082c0e4d892de767c,0.9934506753990814,0.9934506753990814,0.0,0.008000000000000007,0.008000000000000007,0.0,0.0,True,True,,
M2:A1,349232409f354033b215b5e37c3312ab,2,69e5c0a974344a2b89e9e351a5b79461,0.9991789819375845,0.9991789819375845,0.0,0.001000000000000112,0.001000000000000112,0.0,0.0,True,True,,
M2:A1,349232409f354033b215b5e37c3312ab,4,c71884fb34d046258c12cf018513d8cc,0.9853240929473933,0.9853240929473933,0.0,0.018000000000000016,0.018000000000000016,0.0,0.0,True,True,,
M2:A1,349232409f354033b215b5e37c3312ab,8,5087c0b3f84741178f42d668fbdf506f,0.9472211115553607,0.9472211115553607,0.0,0.06600000000000006,0.06600000000000006,0.0,0.0,True,True,,
M2:A1,349232409f354033b215b5e37c3312ab,9,13055b928600455db08cf9ae57d8d4c7,0.9023437499999842,0.9023437499999842,0.0,0.125,0.125,0.0,0.0,True,True,,
M2:A1,349232409f354033b215b5e37c3312ab,10,220b431fd37e436f98aa1c868eee5828,0.8839458413926349,0.8839458413926349,0.0,0.15000000000000013,0.15000000000000013,0.0,0.0,True,True,,
M2:A1,349232409f354033b215b5e37c3312ab,12,103914217786464998f1e48a2c20cef0,0.7775417233255503,0.40029988405898687,0.3772418392665634,0.29103192167199254,1.5217886049093103,-1.2307566832373178,1.2307566832373178,False,False,,
M2:A1,349232409f354033b215b5e37c3312ab,16,029f10e7436740a0a04feab4ab3aeddc,0.685554516646889,0.08257672803344561,0.6029777886134434,0.4310487682493655,3.604039087846748,-3.1729903195973823,3.1729903195973823,False,False,,
M2:A1,349232409f354033b215b5e37c3312ab,17,d364275322c4483fbf86df22f0e7a315,0.6746981152293058,0.08939247411449494,0.5853056411148109,0.4391213887477164,3.543744340612386,-3.1046229518646697,3.1046229518646697,False,False,,
M2:A1,349232409f354033b215b5e37c3312ab,18,c98b06812964464093b23c3734532d06,0.6651376562603254,0.09783587314497079,0.5673017831153546,0.4466341173796748,3.470968541354173,-3.0243344239744983,3.0243344239744983,False,False,,
M2:A1,349232409f354033b215b5e37c3312ab,19,12f431b160be4858a51cced6955c37bd,0.656135966365984,0.09958123501555703,0.556554731350427,0.4536055975406802,3.450654727943734,-2.9970491304030538,2.9970491304030538,False,False,,
M2:A1,f7f666bf92c049bea8fabc42a8831005,0,12c5d6c3dc424561b9192b76b45af6fd,1.0000000000000264,1.0000000000000264,0.0,0.0,0.0,0.0,0.0,False,False,,
M2:A1,f7f666bf92c049bea8fabc42a8831005,1,882819f68f5e4be698694e673c71c6ab,0.9927386742249945,0.9269323422720257,0.06580633195296881,0.0046330804993731664,0.1086271673352205,-0.10399408683584734,0.10399408683584734,False,False,,
M2:A1,f7f666bf92c049bea8fabc42a8831005,2,f6bf5986ca8a49c082c0e4d892de767c,0.9879505953949775,0.8845535947539972,0.10339700064098034,0.007943203787612863,0.20787763019632463,-0.19993442640871176,0.19993442640871176,False,False,,
M2:A1,f7f666bf92c049bea8fabc42a8831005,4,519f1a02f21d43699ca1ada7ffd38726,0.9790261171799505,0.8909246425927093,0.08810147458724116,0.013770668897975858,0.20476461150509814,-0.1909939426071223,0.1909939426071223,False,False,,
M2:A1,f7f666bf92c049bea8fabc42a8831005,8,ba7fb622e77447f6aa58ab1fff9ed0cf,0.9737507870151814,0.8606805160504806,0.11307027096470079,0.01847758660974805,0.26550609778073875,-0.2470285111709907,0.2470285111709907,False,False,,
M2:A1,f7f666bf92c049bea8fabc42a8831005,9,5087c0b3f84741178f42d668fbdf506f,0.9705557254682348,0.8031570025523878,0.167398722915847,0.019036121239816784,0.40256758129603853,-0.38353146005622174,0.38353146005622174,False,False,,
M2:A1,f7f666bf92c049bea8fabc42a8831005,10,13055b928600455db08cf9ae57d8d4c7,0.965915180061303,0.781475412173419,0.18443976788788397,0.022525597439967977,0.46531642517254024,-0.4427908277325723,0.4427908277325723,False,False,,
M2:A1,f7f666bf92c049bea8fabc42a8831005,12,4abbc508bffb4f9b957a8ad2457db2e2,0.9600626313205328,0.7759635822795908,0.184099049040942,0.02657258173608252,0.4885340580822556,-0.46196147634617307,0.46196147634617307,False,False,,
M2:A1,f7f666bf92c049bea8fabc42a8831005,16,1e46c82d6a804cf1aaa9d2d6b5b5ef27,0.955047147955188,0.7619744682520496,0.19307267970313835,0.03008236028554066,0.5397813115382692,-0.5096989512527286,0.5096989512527286,False,False,,
M2:A1,f7f666bf92c049bea8fabc42a8831005,17,029f10e7436740a0a04feab4ab3aeddc,0.9514167994085639,0.755335174714383,0.1960816246941809,0.031741801801796254,0.5541542950876875,-0.5224124932858913,0.5224124932858913,False,False,,
M2:A1,f7f666bf92c049bea8fabc42a8831005,18,d364275322c4483fbf86df22f0e7a315,0.9492473590436659,0.7557967541780478,0.19345060486561805,0.033127615511212585,0.5396691426310564,-0.5065415271198438,0.5065415271198438,False,False,,
M2:A1,f7f666bf92c049bea8fabc42a8831005,19,c98b06812964464093b23c3734532d06,0.9484849995978845,0.7352692295261486,0.21321577007173587,0.03436648588364346,0.588230165852241,-0.5538636799685975,0.5538636799685975,False,False,,
M2:A1,b9df4a8540da4a3a94d7911ead8c1bc8,0,df7d0426da5346deae21136ea3cba58b,1.0000000000000526,1.0000000000000526,0.0,0.0,0.0,0.0,0.0,False,False,,
M2:A1,b9df4a8540da4a3a94d7911ead8c1bc8,1,ba7fb622e77447f6aa58ab1fff9ed0cf,0.6904341265831722,0.8458051341585708,-0.15537100757539868,0.47893206473470223,0.1402205422064097,0.3387115225282925,-0.3387115225282925,False,False,,
M2:A1,b9df4a8540da4a3a94d7911ead8c1bc8,2,5087c0b3f84741178f42d668fbdf506f,0.659803586795039,0.8883077909729381,-0.22850420417789907,0.6039119090189655,0.09306401240782669,0.5108478966111388,-0.5108478966111388,False,False,,
M2:A1,b9df4a8540da4a3a94d7911ead8c1bc8,4,220b431fd37e436f98aa1c868eee5828,0.5070019554098134,0.9084247972208852,-0.4014228418110718,0.7935248387053618,0.11360136703935697,0.6799234716660049,-0.6799234716660049,False,False,,
M2:A1,b9df4a8540da4a3a94d7911ead8c1bc8,8,8da854b2bced46f7a59f39a4d42bbfd2,0.48981390152536297,0.8631050049013025,-0.3732911033759395,0.8121570403435107,0.1438819896000374,0.6682750507434733,-0.6682750507434733,False,False,,
M2:A1,b9df4a8540da4a3a94d7911ead8c1bc8,9,1e46c82d6a804cf1aaa9d2d6b5b5ef27,0.49258554187708536,0.8419561014981095,-0.34937055962102415,0.8058363703719483,0.18679409143591755,0.6190422789360308,-0.6190422789360308,False,False,,
M2:A1,06ff24b7f1e8479b934f1b74348028bc,0,21912d2aad7f45c98a54fad3bbea311f,0.9999999999999767,0.9999999999999767,0.0,0.0,0.0,0.0,0.0,False,False,,
M2:A1,06ff24b7f1e8479b934f1b74348028bc,1,c4a4d1b455434dba879d5dcd1cc378d6,0.9035076866324058,0.8729858817511799,0.03052180488122591,0.07894741602436922,0.10150948155525805,-0.022562065530888825,0.022562065530888825,False,False,,
M2:A1,06ff24b7f1e8479b934f1b74348028bc,2,e3bdfba683484a1ea09b7bb86e6be648,0.5459429997937519,0.5077728453937755,0.0381701543999764,0.5542775629568851,0.8373940823649766,-0.28311651940809146,0.28311651940809146,False,False,,
M2:A1,06ff24b7f1e8479b934f1b74348028bc,4,ab1f5ba71a2f42c89efefcbc6dffcfb7,0.2614620764243518,0.1978293904748321,0.06363268594951971,1.4319307921669742,1.9702009716773272,-0.538270179510353,0.538270179510353,False,False,,
M2:A1,06ff24b7f1e8479b934f1b74348028bc,8,bfbb3ba599ea450181210aa6000bad7f,0.019564691210760803,0.011955872696308231,0.007608818514452572,3.2801270047914426,3.387869207751629,-0.10774220296018644,0.10774220296018644,False,False,,
M2:A1,06ff24b7f1e8479b934f1b74348028bc,9,3e92d615685942dfab6edb5a0a7678e6,0.019564691210760803,0.011955872696308231,0.007608818514452572,3.2801270047914426,3.387869207751629,-0.10774220296018644,0.10774220296018644,True,True,,
M2:A1,06ff24b7f1e8479b934f1b74348028bc,10,5b954ca864914a37aaaf0879249ace6a,0.019564691210760803,0.011955872696308231,0.007608818514452572,3.2801270047914426,3.387869207751629,-0.10774220296018644,0.10774220296018644,True,True,,
M2:A1,06ff24b7f1e8479b934f1b74348028bc,12,12c5d6c3dc424561b9192b76b45af6fd,0.00013473337464395626,0.0,0.00013473337464395626,3.5611398947985573,3.593366283005769,-0.0322263882072118,0.0322263882072118,False,False,,
M2:A1,06ff24b7f1e8479b934f1b74348028bc,16,519f1a02f21d43699ca1ada7ffd38726,0.0,0.0,0.0,3.655138266698499,3.6053794102458054,0.0497588564526934,-0.0497588564526934,False,False,,
M2:A1,06ff24b7f1e8479b934f1b74348028bc,17,c71884fb34d046258c12cf018513d8cc,0.0,0.0,0.0,3.729776526060338,3.9212685717341884,-0.19149204567385025,0.19149204567385025,False,False,,
M2:A1,06ff24b7f1e8479b934f1b74348028bc,18,ee7d01fd902d4185a54112e1f1210e41,0.0,0.0,0.0,3.7901102887786844,3.9710978308778673,-0.18098754209918289,0.18098754209918289,False,False,,
M2:A1,06ff24b7f1e8479b934f1b74348028bc,20,ba7fb622e77447f6aa58ab1fff9ed0cf,0.0,0.0,0.0,3.876707715258938,4.3547853088105555,-0.4780775935516175,0.4780775935516175,False,False,,
M2:A1,06ff24b7f1e8479b934f1b74348028bc,24,4abbc508bffb4f9b957a8ad2457db2e2,0.0,0.0,0.0,4.142172443380259,4.680971151174084,-0.5387987077938252,0.5387987077938252,False,False,,
M2:A1,06ff24b7f1e8479b934f1b74348028bc,25,103914217786464998f1e48a2c20cef0,0.0,0.0,0.0,4.6969032958646055,4.944121450003079,-0.2472181541384737,0.2472181541384737,False,False,,
M2:A1,06ff24b7f1e8479b934f1b74348028bc,26,9f35db3dd17c41e4875c2f54bd71fc29,0.0,0.0,0.0,5.342424359708707,5.183819713498389,0.15860464621031767,-0.15860464621031767,False,False,,
M2:A1,06ff24b7f1e8479b934f1b74348028bc,28,1e46c82d6a804cf1aaa9d2d6b5b5ef27,0.0,0.0,0.0,6.730806401256737,5.532101607290233,1.1987047939665034,-1.1987047939665034,False,False,,
M2:A1,06ff24b7f1e8479b934f1b74348028bc,32,12f431b160be4858a51cced6955c37bd,0.0,0.0,0.0,8.998976092009721,5.8307174675613,3.1682586244484217,-3.1682586244484217,False,False,,
M2:A1,96c353e8f14d4a63ba2b844d43cffc42,0,5b954ca864914a37aaaf0879249ace6a,1.0000000000000637,1.0000000000000637,0.0,0.0,0.0,0.0,0.0,False,False,,
M2:A1,96c353e8f14d4a63ba2b844d43cffc42,1,9e10d5419ffa43ce9f70766b4a5a0292,0.9671064095426419,0.9417887772792345,0.02531763226340744,0.028247812801592505,0.08123877400237058,-0.05299096120077807,0.05299096120077807,False,False,,
M2:A1,96c353e8f14d4a63ba2b844d43cffc42,2,12c5d6c3dc424561b9192b76b45af6fd,0.8868936602337177,0.8446825819446682,0.042211078289049575,0.10593707963881539,0.16562902088197737,-0.059691941243161975,0.059691941243161975,False,False,,
M2:A1,96c353e8f14d4a63ba2b844d43cffc42,4,f6bf5986ca8a49c082c0e4d892de767c,0.9272997656134949,0.8523016555613726,0.07499811005212231,0.06358748896792238,0.24351131858379663,-0.17992382961587425,0.17992382961587425,False,False,,
M2:A1,96c353e8f14d4a63ba2b844d43cffc42,8,ee7d01fd902d4185a54112e1f1210e41,0.971924561915552,0.8929902581423964,0.07893430377315558,0.02849556397857888,0.2356179425760704,-0.20712237859749152,0.20712237859749152,False,False,,
M2:A1,96c353e8f14d4a63ba2b844d43cffc42,9,df7d0426da5346deae21136ea3cba58b,0.9454527511228713,0.8568341101094091,0.08861864101346217,0.048541981608439144,0.29081765946690286,-0.2422756778584637,0.2422756778584637,False,False,,
M2:A1,96c353e8f14d4a63ba2b844d43cffc42,10,ba7fb622e77447f6aa58ab1fff9ed0cf,0.9147586425190084,0.8250857690427834,0.08967287347622499,0.07147584858435896,0.3534303028246205,-0.28195445424026155,0.28195445424026155,False,False,,
M2:A1,96c353e8f14d4a63ba2b844d43cffc42,12,13055b928600455db08cf9ae57d8d4c7,0.8388880014998545,0.7754361078015327,0.06345189369832183,0.12710425215157778,0.4027354900812834,-0.2756312379297056,0.2756312379297056,False,False,,
M2:A1,96c353e8f14d4a63ba2b844d43cffc42,16,9f35db3dd17c41e4875c2f54bd71fc29,0.6005218248040473,0.593369376007149,0.0071524487968982475,0.3958000557167516,0.5846631592012033,-0.18886310348445168,0.18886310348445168,False,False,,
M2:A1,96c353e8f14d4a63ba2b844d43cffc42,17,8da854b2bced46f7a59f39a4d42bbfd2,0.5723899494561219,0.5428377485758288,0.02955220088029309,0.43308400838400185,0.6889285931475175,-0.2558445847635157,0.2558445847635157,False,False,,
M2:A1,96c353e8f14d4a63ba2b844d43cffc42,18,1e46c82d6a804cf1aaa9d2d6b5b5ef27,0.5725982726588628,0.5259615068745098,0.04663676578435294,0.43372322246912176,0.751976991504518,-0.31825376903539626,0.31825376903539626,False,False,,
M2:A1,96c353e8f14d4a63ba2b844d43cffc42,20,d364275322c4483fbf86df22f0e7a315,0.5892060661508643,0.4949418408384882,0.09426422531237616,0.4056694460426719,0.8806494212851737,-0.47497997524250174,0.47497997524250174,False,False,,
M2:A1,96c353e8f14d4a63ba2b844d43cffc42,22,12f431b160be4858a51cced6955c37bd,0.6011767458598228,0.451935802955726,0.14924094290409684,0.3972338879411177,1.0851073877113355,-0.6878734997702178,0.6878734997702178,False,False,,
M2:A1,eaaf60765ee8478f8e0bd4942571c6fb,0,53121f39e1a0434d8431777a05de3eec,1.0000000000001101,1.0000000000001101,0.0,0.0,0.0,0.0,0.0,False,False,,
M2:A1,eaaf60765ee8478f8e0bd4942571c6fb,1,872aeb79742f4cd5b6e069c36b007ace,0.8374348727429344,0.8331811445286842,0.004253728214250185,0.1368717292535172,0.1408499008791779,-0.0039781716256606925,0.0039781716256606925,False,False,,
M2:A1,eaaf60765ee8478f8e0bd4942571c6fb,2,d2e315d29ed4468f802bf6ccfdbe6852,0.9457221355985168,0.9717996335981278,-0.02607749799961101,0.043383537964867394,0.020253532373842843,0.02313000559102455,-0.02313000559102455,False,False,,
M2:A1,eaaf60765ee8478f8e0bd4942571c6fb,4,9181fe90f31b4740b36969e383506d40,0.6122731765507895,0.6355622923229745,-0.023289115772184954,0.3599649736651794,0.3521298816895712,0.007835091975608166,-0.007835091975608166,False,False,,
M2:A1,eaaf60765ee8478f8e0bd4942571c6fb,8,e3bdfba683484a1ea09b7bb86e6be648,0.3753305934904049,0.3953009997712277,-0.019970406280822806,0.695585011153824,0.6972506436679131,-0.0016656325140891326,0.0016656325140891326,False,False,,
M2:A1,eaaf60765ee8478f8e0bd4942571c6fb,9,e749c211df64486dafc86660a0b20eca,0.37849307762663187,0.37910079209586234,-0.0006077144692304692,0.683452022712657,0.7131835512182939,-0.029731528505636873,0.029731528505636873,False,False,,
M2:A1,eaaf60765ee8478f8e0bd4942571c6fb,10,ab1f5ba71a2f42c89efefcbc6dffcfb7,0.35280182413395716,0.3449046954194273,0.007897128714529855,0.7214181643739653,0.7733166233352865,-0.05189845896132117,0.05189845896132117,False,False,,
M2:A1,eaaf60765ee8478f8e0bd4942571c6fb,12,274b134fb2324486ae253eb6e24f900d,0.3256953092570838,0.31287100109551547,0.01282430816156832,0.7662636663690316,0.8420110186653809,-0.07574735229634921,0.07574735229634921,False,False,,
M2:A1,eaaf60765ee8478f8e0bd4942571c6fb,16,5b954ca864914a37aaaf0879249ace6a,0.2819507711037739,0.26495010393051244,0.017000667173261486,0.9204352886375184,1.1501379896029555,-0.2297027009654371,0.2297027009654371,False,False,,
M2:A1,eaaf60765ee8478f8e0bd4942571c6fb,17,9e10d5419ffa43ce9f70766b4a5a0292,0.28046444152906863,0.2523393920939618,0.028125049435106853,0.9752865018525171,1.281436855808452,-0.3061503539559348,0.3061503539559348,False,False,,
M2:A1,eaaf60765ee8478f8e0bd4942571c6fb,18,12c5d6c3dc424561b9192b76b45af6fd,0.28306431089509426,0.2522888875416749,0.030775423353419373,0.9552410699270192,1.3053716555444006,-0.3501305856173814,0.3501305856173814,False,False,,
M2:A1,eaaf60765ee8478f8e0bd4942571c6fb,20,f6bf5986ca8a49c082c0e4d892de767c,0.29514490610573146,0.26264274634043944,0.03250215976529203,0.8699013396353833,1.2372186582826592,-0.3673173186472759,0.3673173186472759,False,False,,
M2:A1,eaaf60765ee8478f8e0bd4942571c6fb,24,ee7d01fd902d4185a54112e1f1210e41,0.2918674878442603,0.2576669845370737,0.0342005033071866,0.8809847644647953,1.3020250374192537,-0.42104027295445834,0.42104027295445834,False,False,,
M2:A1,eaaf60765ee8478f8e0bd4942571c6fb,25,df7d0426da5346deae21136ea3cba58b,0.30321675304459306,0.26929042386253926,0.033926329182053794,0.8093868587059538,1.201832255340532,-0.3924453966345782,0.3924453966345782,False,False,,
M2:A1,eaaf60765ee8478f8e0bd4942571c6fb,26,ba7fb622e77447f6aa58ab1fff9ed0cf,0.2991142886135254,0.2638944300713015,0.035219858542223925,0.8237429600357248,1.2704119429548442,-0.4466689829191194,0.4466689829191194,False,False,,
M2:A1,eaaf60765ee8478f8e0bd4942571c6fb,28,13055b928600455db08cf9ae57d8d4c7,0.2932288448337455,0.25631515637233915,0.03691368846140636,0.8580229539302119,1.367219732295933,-0.5091967783657211,0.5091967783657211,False,False,,
M2:A1,eaaf60765ee8478f8e0bd4942571c6fb,32,9f35db3dd17c41e4875c2f54bd71fc29,0.3165136130621358,0.2780194338000178,0.03849417926211801,0.7524724822068948,1.2023197068977995,-0.44984722469090477,0.44984722469090477,False,False,,
M2:A1,eaaf60765ee8478f8e0bd4942571c6fb,33,8da854b2bced46f7a59f39a4d42bbfd2,0.3218317361087692,0.2837880299027708,0.038043706205998395,0.736652773718115,1.1798399071358807,-0.4431871334177657,0.4431871334177657,False,False,,
M2:A1,eaaf60765ee8478f8e0bd4942571c6fb,34,1e46c82d6a804cf1aaa9d2d6b5b5ef27,0.31823893166095135,0.2794713221379982,0.03876760952295316,0.7435846785922875,1.240907791044504,-0.4973231124522166,0.4973231124522166,False,False,,
M2:A1,eaaf60765ee8478f8e0bd4942571c6fb,36,d364275322c4483fbf86df22f0e7a315,0.31190255970660447,0.27057120865974427,0.0413313510468602,0.7633639321076011,1.3427038732405578,-0.5793399411329567,0.5793399411329567,False,False,,
M2:A1,eaaf60765ee8478f8e0bd4942571c6fb,38,12f431b160be4858a51cced6955c37bd,0.3195676302366285,0.2779118488056249,0.04165578143100357,0.736211055737939,1.2985943203310304,-0.5623832645930914,0.5623832645930914,False,False,,
M2:A1,802bbdc22d21477f8803a39a5e7e98bf,0,69e5c0a974344a2b89e9e351a5b79461,0.9999999999999631,0.9999999999999631,0.0,0.0,0.0,0.0,0.0,False,False,,
M2:A1,802bbdc22d21477f8803a39a5e7e98bf,1,519f1a02f21d43699ca1ada7ffd38726,0.6148940058398288,0.6148940058398288,0.0,0.7602657430135493,0.7602657430135493,0.0,0.0,True,True,,
M2:A1,802bbdc22d21477f8803a39a5e7e98bf,2,c71884fb34d046258c12cf018513d8cc,0.6645599288882117,0.6743744386150199,-0.009814509726808196,0.5695267096833841,0.5555461292067184,0.013980580476665727,-0.013980580476665727,False,False,,
M2:A1,802bbdc22d21477f8803a39a5e7e98bf,3,ee7d01fd902d4185a54112e1f1210e41,0.7143170930225715,0.6960420889193245,0.018275004103247006,0.39520320581969565,0.47624548982057296,-0.08104228400087732,0.08104228400087732,False,False,,
M2:A1,802bbdc22d21477f8803a39a5e7e98bf,4,df7d0426da5346deae21136ea3cba58b,0.7669425978327847,0.7666868080092882,0.0002557898234964995,0.23776445900868654,0.2732839082739656,-0.03551944926527906,0.03551944926527906,False,False,,
M2:A1,802bbdc22d21477f8803a39a5e7e98bf,6,5087c0b3f84741178f42d668fbdf506f,0.6912792254103441,0.704314734256996,-0.013035508846651833,0.29338854908764994,0.28292261225282345,0.010465936834826495,-0.010465936834826495,False,False,,
M2:A1,802bbdc22d21477f8803a39a5e7e98bf,7,13055b928600455db08cf9ae57d8d4c7,0.7810965822459749,0.7552540709774453,0.025842511268529544,0.2778365479810061,0.3495402103226883,-0.07170366234168218,0.07170366234168218,False,False,,
M2:A1,ebb251e1e8b144c697dc28c22bb44b13,0,9f35db3dd17c41e4875c2f54bd71fc29,0.9999999999999625,0.9999999999999625,0.0,0.0,0.0,0.0,0.0,False,False,,
M2:A1,ebb251e1e8b144c697dc28c22bb44b13,1,8da854b2bced46f7a59f39a4d42bbfd2,0.8560194656719999,0.8560194656719999,0.0,0.14968299836667684,0.14968299836667684,0.0,0.0,True,True,,
M2:A1,ebb251e1e8b144c697dc28c22bb44b13,2,1e46c82d6a804cf1aaa9d2d6b5b5ef27,0.9227067545142791,0.9227067545142791,0.0,0.08670063436901676,0.08670063436901676,0.0,0.0,True,True,,
M2:A1,ebb251e1e8b144c697dc28c22bb44b13,3,029f10e7436740a0a04feab4ab3aeddc,0.738055049778422,0.7338392430865562,0.00421580669186572,0.28130374180442613,0.2806310888195951,0.0006726529848310459,-0.0006726529848310459,False,False,,
M2:A1,ebb251e1e8b144c697dc28c22bb44b13,4,d364275322c4483fbf86df22f0e7a315,0.6704139302034782,0.6323332428573878,0.03808068734609038,0.2551998035539686,0.29288285435166284,-0.03768305079769424,0.03768305079769424,False,False,,
M2:A1,ebb251e1e8b144c697dc28c22bb44b13,5,c98b06812964464093b23c3734532d06,0.5733601511927691,0.5466481738486277,0.026711977344141324,0.3716409316344561,0.39885558887753236,-0.027214657243076257,0.027214657243076257,False,False,,
M2:A1,377df4ee88ec46c9be892080557263f6,0,3e92d615685942dfab6edb5a0a7678e6,0.9999999999998641,0.9999999999998641,0.0,0.0,0.0,0.0,0.0,False,False,,
M2:A1,377df4ee88ec46c9be892080557263f6,1,5b954ca864914a37aaaf0879249ace6a,0.9841112214497183,0.9841112214497183,0.0,0.016000000000000014,0.016000000000000014,0.0,0.0,True,True,,
M2:A1,377df4ee88ec46c9be892080557263f6,2,9e10d5419ffa43ce9f70766b4a5a0292,0.9920239282152195,0.9920239282152195,0.0,0.008000000000000007,0.008000000000000007,0.0,0.0,True,True,,
M2:A1,377df4ee88ec46c9be892080557263f6,4,882819f68f5e4be698694e673c71c6ab,0.9511718749998737,0.9511718749998737,0.0,0.050000000000000044,0.050000000000000044,0.0,0.0,True,True,,
M2:A1,377df4ee88ec46c9be892080557263f6,8,c71884fb34d046258c12cf018513d8cc,0.9511718749998737,0.9511718749998737,0.0,0.050000000000000044,0.050000000000000044,0.0,0.0,True,True,,
M2:A1,377df4ee88ec46c9be892080557263f6,9,ee7d01fd902d4185a54112e1f1210e41,0.9865353551162196,0.9787188526339059,0.007816502482313692,0.020169120751069834,0.017395697709067372,0.002773423042002461,-0.002773423042002461,False,False,,
M2:A1,377df4ee88ec46c9be892080557263f6,10,df7d0426da5346deae21136ea3cba58b,0.9256073644290255,0.9096809285320621,0.01592643589696341,0.07160333632431315,0.07805081789492596,-0.006447481570612812,0.006447481570612812,False,False,,
M2:A1,377df4ee88ec46c9be892080557263f6,12,5087c0b3f84741178f42d668fbdf506f,0.8271180214810661,0.8333216613301864,-0.006203639849120313,0.17401952394385467,0.15548602689734142,0.018533497046513248,-0.018533497046513248,False,False,,
M2:A1,377df4ee88ec46c9be892080557263f6,16,103914217786464998f1e48a2c20cef0,0.7476738724219383,0.7488038824178811,-0.0011300099959428156,0.26830941236536704,0.2455665867834,0.022742825581967052,-0.022742825581967052,False,False,,
M2:A1,377df4ee88ec46c9be892080557263f6,17,9f35db3dd17c41e4875c2f54bd71fc29,0.6975041948990675,0.7041498654259684,-0.006645670526900904,0.33225916491393703,0.2997616734890305,0.032497491424906544,-0.032497491424906544,False,False,,
M2:A1,377df4ee88ec46c9be892080557263f6,18,8da854b2bced46f7a59f39a4d42bbfd2,0.6935359754731235,0.7287493148609333,-0.035213339387809794,0.3358031540491384,0.27038986880503074,0.06541328524410767,-0.06541328524410767,False,False,,
M2:A1,377df4ee88ec46c9be892080557263f6,20,029f10e7436740a0a04feab4ab3aeddc,0.6260077079223496,0.6666447470642705,-0.04063703914192085,0.42447796962967965,0.34878303939482447,0.07569493023485518,-0.07569493023485518,False,False,,
M2:A1,377df4ee88ec46c9be892080557263f6,23,12f431b160be4858a51cced6955c37bd,0.5411946351190404,0.5865420006531358,-0.04534736553409535,0.5410269930943141,0.45565683919736233,0.0853701538969518,-0.0853701538969518,False,False,,
M2:A1,9c5151b34911482f8155ab55c3f5d32f,0,53121f39e1a0434d8431777a05de3eec,0.9999999999999899,0.9999999999999899,0.0,0.0,0.0,0.0,0.0,False,False,,
M2:A1,9c5151b34911482f8155ab55c3f5d32f,1,872aeb79742f4cd5b6e069c36b007ace,0.13883095639744517,0.13441306067691822,0.004417895720526949,3.678706629558074,3.7205406471118825,-0.041834017553808334,0.041834017553808334,False,False,,
M2:A1,9c5151b34911482f8155ab55c3f5d32f,2,d2e315d29ed4468f802bf6ccfdbe6852,0.0,0.0,0.0,8.240967648771004,8.315028141049556,-0.07406049227855149,0.07406049227855149,False,False,,
M2:A1,9c5151b34911482f8155ab55c3f5d32f,4,9181fe90f31b4740b36969e383506d40,0.0,0.0,0.0,16.95714403967938,17.470780516919508,-0.5136364772401265,0.5136364772401265,False,False,,
M2:A1,9c5151b34911482f8155ab55c3f5d32f,8,e3bdfba683484a1ea09b7bb86e6be648,0.0,0.0,0.0,36.26799604819927,37.05357009794699,-0.7855740497477157,0.7855740497477157,False,False,,
M2:A1,9c5151b34911482f8155ab55c3f5d32f,9,e749c211df64486dafc86660a0b20eca,0.0,0.0,0.0,41.356249262734956,42.19340321632963,-0.8371539535946724,0.8371539535946724,False,False,,
M2:A1,9c5151b34911482f8155ab55c3f5d32f,10,ab1f5ba71a2f42c89efefcbc6dffcfb7,0.0,0.0,0.0,46.874827721511075,47.738665108215685,-0.8638373867046099,0.8638373867046099,False,False,,
M2:A1,3620feb00d744241a94855f3a8913a78,0,79a411ec3dc943bf94886ad9e539481d,0.999999999999944,0.999999999999944,0.0,0.0,0.0,0.0,0.0,False,False,,
M2:A1,3620feb00d744241a94855f3a8913a78,1,9181fe90f31b4740b36969e383506d40,0.8553124826374762,0.8701930267979916,-0.01488054416051543,0.09916087279697869,0.08859689595141669,0.010563976845561998,-0.010563976845561998,False,False,,
M2:A1,3620feb00d744241a94855f3a8913a78,2,139d5e756c1f461ba1f0c6ec46968e43,0.6794463700890924,0.6774290995437731,0.002017270545319305,0.274107173358037,0.280530147180096,-0.006422973822058975,0.006422973822058975,False,False,,
M2:A1,3620feb00d744241a94855f3a8913a78,4,c4a4d1b455434dba879d5dcd1cc378d6,0.49334621440364496,0.49464207390798326,-0.0012958595043383037,0.5004283249308993,0.4964375047715486,0.003990820159350705,-0.003990820159350705,False,False,,
M2:A1,3620feb00d744241a94855f3a8913a78,8,c502570cba9749f7bd89494803a52c02,0.423258580976879,0.41218033502207924,0.011078245954799781,0.5927766219258116,0.649134950048144,-0.056358328122332435,0.056358328122332435,False,False,,
M2:A1,3620feb00d744241a94855f3a8913a78,9,274b134fb2324486ae253eb6e24f900d,0.41248815869600625,0.4047113437688134,0.007776814927192843,0.620407391385761,0.6831423432443375,-0.06273495185857658,0.06273495185857658,False,False,,
M2:A1,3620feb00d744241a94855f3a8913a78,10,a977b0e797694036a9c40ab80f9d0ebc,0.40248233588913557,0.3950076189790716,0.007474716910063961,0.6483482423955634,0.7323163926874335,-0.0839681502918701,0.0839681502918701,False,False,,
M2:A1,3620feb00d744241a94855f3a8913a78,12,3e92d615685942dfab6edb5a0a7678e6,0.3946107122423379,0.38289348847648796,0.011717223765849938,0.6458045662146906,0.7493106844736379,-0.10350611825894729,0.10350611825894729,False,False,,
M2:A1,3620feb00d744241a94855f3a8913a78,16,882819f68f5e4be698694e673c71c6ab,0.43055059398291745,0.41412380882563005,0.016426785157287405,0.5782550164446577,0.6755345174324293,-0.0972795009877716,0.0972795009877716,False,False,,
M2:A1,3620feb00d744241a94855f3a8913a78,17,f6bf5986ca8a49c082c0e4d892de767c,0.4186719677337905,0.3950666322605737,0.023605335473216804,0.5972939911585375,0.7308005095207868,-0.13350651836224925,0.13350651836224925,False,False,,
M2:A1,3620feb00d744241a94855f3a8913a78,18,69e5c0a974344a2b89e9e351a5b79461,0.40558054873666105,0.3803300373355776,0.025250511401083475,0.6185082262157438,0.7746488758536264,-0.15614064963788266,0.15614064963788266,False,False,,
M2:A1,3620feb00d744241a94855f3a8913a78,20,c71884fb34d046258c12cf018513d8cc,0.39646330446639266,0.3742822684484298,0.02218103601796284,0.6437173361842047,0.8564309271058648,-0.2127135909216601,0.2127135909216601,False,False,,
M2:A1,3620feb00d744241a94855f3a8913a78,24,5087c0b3f84741178f42d668fbdf506f,0.3903405405115285,0.37190917287985764,0.01843136763167086,0.6756998092925254,0.9463522722421971,-0.2706524629496717,0.2706524629496717,False,False,,
M2:A1,3620feb00d744241a94855f3a8913a78,25,13055b928600455db08cf9ae57d8d4c7,0.40969652140624413,0.38737149618360806,0.022325025222636075,0.652074828577006,0.9767139726671464,-0.3246391440901404,0.3246391440901404,False,False,,
M2:A1,3620feb00d744241a94855f3a8913a78,26,220b431fd37e436f98aa1c868eee5828,0.4283865696552955,0.4002833737184014,0.028103195936894088,0.632738726355476,1.0136823229002205,-0.3809435965447445,0.3809435965447445,False,False,,
M2:A1,3620feb00d744241a94855f3a8913a78,28,103914217786464998f1e48a2c20cef0,0.44939582463643624,0.4099882996393678,0.039407524997068455,0.6156780516171086,1.0459547156003868,-0.43027666398327813,0.43027666398327813,False,False,,
M2:A1,3620feb00d744241a94855f3a8913a78,32,029f10e7436740a0a04feab4ab3aeddc,0.41494878146495495,0.3818455539582432,0.03310322750671174,0.6736221793545517,1.1274371822221392,-0.45381500286758747,0.45381500286758747,False,False,,
M2:A1,3620feb00d744241a94855f3a8913a78,33,d364275322c4483fbf86df22f0e7a315,0.41528074871613496,0.37346926387482554,0.04181148484130942,0.6800971423164006,1.1914112682273192,-0.5113141259109186,0.5113141259109186,False,False,,
M2:A1,3620feb00d744241a94855f3a8913a78,34,c98b06812964464093b23c3734532d06,0.4333481574165119,0.38093141841374706,0.052416739002764834,0.6141119811626128,1.1445309632090177,-0.5304189820464049,0.5304189820464049,False,False,,
M2:A1,6346de1c47584b34833d6df500d2ed6c,0,c502570cba9749f7bd89494803a52c02,0.9999999999998533,0.9999999999998533,0.0,0.0,0.0,0.0,0.0,False,False,,
M2:A1,6346de1c47584b34833d6df500d2ed6c,1,274b134fb2324486ae253eb6e24f900d,0.9724927971810661,0.9612382685132532,0.011254528667812846,0.04041284583179408,0.02388255226128053,0.01653029357051355,-0.01653029357051355,False,False,,
M2:A1,6346de1c47584b34833d6df500d2ed6c,2,a977b0e797694036a9c40ab80f9d0ebc,0.9466441108245058,0.9246895062247078,0.021954604599798033,0.07873597458855297,0.05183669909230094,0.026899275496252033,-0.026899275496252033,False,False,,
M2:A1,6346de1c47584b34833d6df500d2ed6c,4,3e92d615685942dfab6edb5a0a7678e6,0.9748666293784791,0.8693996330442185,0.1054669963342606,0.016457383036803414,0.16007729331011325,-0.14361991027330984,0.14361991027330984,False,False,,
M2:A1,6346de1c47584b34833d6df500d2ed6c,8,882819f68f5e4be698694e673c71c6ab,0.8988418288352882,0.792864542533706,0.10597728630158221,0.06345582512466151,0.17806285758314727,-0.11460703245848576,0.11460703245848576,False,False,,
M2:A1,6346de1c47584b34833d6df500d2ed6c,9,f6bf5986ca8a49c082c0e4d892de767c,0.8560026063490167,0.755005276281239,0.10099733006777767,0.09251809007848087,0.19257417232659063,-0.10005608224810976,0.10005608224810976,False,False,,
M2:A1,6346de1c47584b34833d6df500d2ed6c,10,69e5c0a974344a2b89e9e351a5b79461,0.7974711595737694,0.7084745567310268,0.08899660284274258,0.1362259793411312,0.23820657207262422,-0.10198059273149301,0.10198059273149301,False,False,,
M2:A1,6346de1c47584b34833d6df500d2ed6c,12,c71884fb34d046258c12cf018513d8cc,0.7077165535554104,0.6417894770811547,0.06592707647425566,0.22152395088004848,0.3100327761904394,-0.08850882531039092,0.08850882531039092,False,False,,
M2:A1,6346de1c47584b34833d6df500d2ed6c,16,5087c0b3f84741178f42d668fbdf506f,0.6933093422462496,0.6331098408220815,0.06019950142416808,0.23616262132491997,0.32489833035896337,-0.0887357090340434,0.0887357090340434,False,False,,
M2:A1,6346de1c47584b34833d6df500d2ed6c,17,13055b928600455db08cf9ae57d8d4c7,0.7589555421333992,0.6185052897968307,0.1404502523365685,0.19667543051157887,0.34512392347676624,-0.14844849296518736,0.14844849296518736,False,False,,
M2:A1,6346de1c47584b34833d6df500d2ed6c,18,220b431fd37e436f98aa1c868eee5828,0.7212057931959719,0.615744638788376,0.10546115440759585,0.25899188301563797,0.3594195603260553,-0.10042767731041735,0.10042767731041735,False,False,,
M2:A1,6346de1c47584b34833d6df500d2ed6c,20,103914217786464998f1e48a2c20cef0,0.6687450377146746,0.6198128197528784,0.048932217961796254,0.36858375063611637,0.34330947933763656,0.02527427129847981,-0.02527427129847981,False,False,,
M2:A1,6346de1c47584b34833d6df500d2ed6c,23,1e46c82d6a804cf1aaa9d2d6b5b5ef27,0.678935825788529,0.6334827156421936,0.04545311014633535,0.3721895388301671,0.3400091843952516,0.032180354434915515,-0.032180354434915515,False,False,,
M2:A1,db7d65690f2e412e887468596e2ddabf,0,9e10d5419ffa43ce9f70766b4a5a0292,1.0000000000001728,1.0000000000001728,0.0,0.0,0.0,0.0,0.0,False,False,,
M2:A1,db7d65690f2e412e887468596e2ddabf,1,12c5d6c3dc424561b9192b76b45af6fd,0.9848347326991048,0.9537988631014119,0.03103586959769289,0.011822714961301085,0.08079926518250534,-0.06897655022120425,0.06897655022120425,False,False,,
M2:A1,db7d65690f2e412e887468596e2ddabf,2,882819f68f5e4be698694e673c71c6ab,0.9730299469731051,0.9162336503939262,0.05679629657917884,0.022669095940492677,0.1545124987160408,-0.13184340277554812,0.13184340277554812,False,False,,
M2:A1,db7d65690f2e412e887468596e2ddabf,4,69e5c0a974344a2b89e9e351a5b79461,0.9515913108839105,0.8768065726083888,0.07478473827552168,0.039862774751297195,0.22887318791051275,-0.18901041315921557,0.18901041315921557,False,False,,
M2:A1,db7d65690f2e412e887468596e2ddabf,8,df7d0426da5346deae21136ea3cba58b,0.9168108558012158,0.8104368122809179,0.10637404352029789,0.061702135940900814,0.3211378187471882,-0.2594356828062874,0.2594356828062874,False,False,,
M2:A1,db7d65690f2e412e887468596e2ddabf,9,ba7fb622e77447f6aa58ab1fff9ed0cf,0.8934064601832039,0.7415062384376898,0.1519002217455141,0.07539490540929879,0.4427581763605395,-0.3673632709512407,0.3673632709512407,False,False,,
M2:A1,db7d65690f2e412e887468596e2ddabf,10,5087c0b3f84741178f42d668fbdf506f,0.7855567058027244,0.6552782753591286,0.13027843044359577,0.16011546963900566,0.5255597686013372,-0.36544429896233155,0.36544429896233155,False,False,,
M2:A1,db7d65690f2e412e887468596e2ddabf,12,220b431fd37e436f98aa1c868eee5828,0.7597308712872728,0.6057091028458577,0.15402176844141513,0.18614059334344346,0.6135206039011393,-0.4273800105576958,0.4273800105576958,False,False,,
M2:A1,db7d65690f2e412e887468596e2ddabf,16,8da854b2bced46f7a59f39a4d42bbfd2,0.5998209532970773,0.4718166880297277,0.1280042652673496,0.39701966562797014,0.7375186609020036,-0.34049899527403343,0.34049899527403343,False,False,,
M2:A1,db7d65690f2e412e887468596e2ddabf,17,1e46c82d6a804cf1aaa9d2d6b5b5ef27,0.6138368619408222,0.47977618991193954,0.13406067202888267,0.3743515113204525,0.7332860967541335,-0.35893458543368095,0.35893458543368095,False,False,,
M2:A1,db7d65690f2e412e887468596e2ddabf,18,029f10e7436740a0a04feab4ab3aeddc,0.630795459121864,0.48024812841569486,0.1505473307061691,0.3505342790114866,0.7648671019792941,-0.4143328229678075,0.4143328229678075,False,False,,
M2:A1,db7d65690f2e412e887468596e2ddabf,20,c98b06812964464093b23c3734532d06,0.5967323014500342,0.4452399832145423,0.15149231823549192,0.3826113543240383,0.9064582452946357,-0.5238468909705973,0.5238468909705973,False,False,,
M2:A1,db7d65690f2e412e887468596e2ddabf,21,12f431b160be4858a51cced6955c37bd,0.5818179598246447,0.42424701627778766,0.15757094354685702,0.40674033142424953,0.9916335558662296,-0.58489322444198,0.58489322444198,False,False,,
M2:A1,0bfc7d407d09490cba7ac57897fcb100,0,274b134fb2324486ae253eb6e24f900d,1.0000000000000284,1.0000000000000284,0.0,0.0,0.0,0.0,0.0,False,False,,
M2:A1,0bfc7d407d09490cba7ac57897fcb100,1,a977b0e797694036a9c40ab80f9d0ebc,0.9951030722673384,0.9612126258897923,0.033890446377546124,0.007525443235291496,0.06000210466839404,-0.05247666143310255,0.05247666143310255,False,False,,
M2:A1,0bfc7d407d09490cba7ac57897fcb100,2,bfbb3ba599ea450181210aa6000bad7f,0.9887158847414868,0.9227465256384756,0.06596935910301116,0.009668607026177445,0.11711924105133707,-0.10745063402515963,0.10745063402515963,False,False,,
M2:A1,0bfc7d407d09490cba7ac57897fcb100,4,5b954ca864914a37aaaf0879249ace6a,0.8636173925223549,0.9470062404848102,-0.08338884796245527,0.1409030768240301,0.033420666275295004,0.10748241054873511,-0.10748241054873511,False,False,,
M2:A1,0bfc7d407d09490cba7ac57897fcb100,8,f6bf5986ca8a49c082c0e4d892de767c,0.7304350573241575,0.7723327558782919,-0.04189769855413439,0.34970778586526385,0.19869975284270777,0.15100803302255608,-0.15100803302255608,False,False,,
M2:A1,0bfc7d407d09490cba7ac57897fcb100,9,69e5c0a974344a2b89e9e351a5b79461,0.7344138987970078,0.7866970331121974,-0.052283134315189606,0.3500124029993988,0.16760948699717168,0.1824029160022271,-0.1824029160022271,False,False,,
M2:A1,0bfc7d407d09490cba7ac57897fcb100,10,519f1a02f21d43699ca1ada7ffd38726,0.7317093452937957,0.7387934345298217,-0.007084089236025992,0.36629475015411783,0.2275574966121247,0.13873725354199312,-0.13873725354199312,False,False,,
M2:A1,0bfc7d407d09490cba7ac57897fcb100,12,ee7d01fd902d4185a54112e1f1210e41,0.7257734371111675,0.6963368543001834,0.029436582810984047,0.35295984019188253,0.3027448355487038,0.05021500464317874,-0.05021500464317874,False,False,,
M2:A1,0bfc7d407d09490cba7ac57897fcb100,16,13055b928600455db08cf9ae57d8d4c7,0.7013170332717205,0.7219856246840451,-0.02066859141232469,0.4070542366961555,0.3218528446836598,0.08520139201249566,-0.08520139201249566,False,False,,
M2:A1,0bfc7d407d09490cba7ac57897fcb100,17,220b431fd37e436f98aa1c868eee5828,0.7701433692146071,0.8075175007070566,-0.0373741314924495,0.21179512431103115,0.17130903434159944,0.040486089969431704,-0.040486089969431704,False,False,,
M2:A1,0bfc7d407d09490cba7ac57897fcb100,18,4abbc508bffb4f9b957a8ad2457db2e2,0.8075316105197539,0.7231791076759995,0.0843525028437544,0.13813549758470894,0.30400706635806823,-0.1658715687733593,0.1658715687733593,False,False,,
M2:A1,0bfc7d407d09490cba7ac57897fcb100,20,9f35db3dd17c41e4875c2f54bd71fc29,0.7993230688751575,0.6981701141239343,0.10115295475122321,0.14591945099936926,0.35676139163848436,-0.2108419406391151,0.2108419406391151,False,False,,
M2:A1,0bfc7d407d09490cba7ac57897fcb100,24,d364275322c4483fbf86df22f0e7a315,0.7960373659178971,0.6878314853023105,0.10820588061558656,0.150984176182097,0.3786088186101629,-0.22762464242806588,0.22762464242806588,False,False,,
M2:A1,045cd82a77a1472499e8c15100cb5ff3,0,9181fe90f31b4740b36969e383506d40,1.0000000000000862,1.0000000000000862,0.0,0.0,0.0,0.0,0.0,False,False,,
M2:A1,045cd82a77a1472499e8c15100cb5ff3,1,139d5e756c1f461ba1f0c6ec46968e43,0.27738118282708674,0.27738118282708674,0.0,2.234194709509468,2.234194709509468,0.0,0.0,True,True,,
M2:A1,045cd82a77a1472499e8c15100cb5ff3,2,21912d2aad7f45c98a54fad3bbea311f,0.021820799122386447,0.021820799122386447,0.0,4.4509232750071686,4.4509232750071686,0.0,0.0,True,True,,
M2:A1,045cd82a77a1472499e8c15100cb5ff3,4,e3bdfba683484a1ea09b7bb86e6be648,0.0,0.0,0.0,8.891730540226662,8.891730540226662,0.0,0.0,True,True,,
M2:A1,045cd82a77a1472499e8c15100cb5ff3,8,274b134fb2324486ae253eb6e24f900d,0.0,0.0,0.0,10.16419053426676,10.217530500716935,-0.05333996645017436,0.05333996645017436,False,False,,
M2:A1,045cd82a77a1472499e8c15100cb5ff3,9,a977b0e797694036a9c40ab80f9d0ebc,0.0,0.0,0.0,10.108741092513158,10.183011068437954,-0.07426997592479623,0.07426997592479623,False,False,,
M2:A1,045cd82a77a1472499e8c15100cb5ff3,10,bfbb3ba599ea450181210aa6000bad7f,0.0,0.0,0.0,10.057782296088389,10.234335011857866,-0.17655271576947662,0.17655271576947662,False,False,,
M2:A1,045cd82a77a1472499e8c15100cb5ff3,12,5b954ca864914a37aaaf0879249ace6a,0.0,0.0,0.0,10.660572554654356,10.875607716204668,-0.21503516155031122,0.21503516155031122,False,False,,
M2:A1,045cd82a77a1472499e8c15100cb5ff3,16,f6bf5986ca8a49c082c0e4d892de767c,0.0,0.0,0.0,12.655884640590562,12.993730982014675,-0.33784634142411285,0.33784634142411285,False,False,,
M2:A1,045cd82a77a1472499e8c15100cb5ff3,17,69e5c0a974344a2b89e9e351a5b79461,0.0,0.0,0.0,12.85967937668567,13.296238186397028,-0.4365588097113591,0.4365588097113591,False,False,,
M2:A1,045cd82a77a1472499e8c15100cb5ff3,18,519f1a02f21d43699ca1ada7ffd38726,0.0,0.0,0.0,13.1339452793197,13.616673948025529,-0.4827286687058283,0.4827286687058283,False,False,,
M2:A1,045cd82a77a1472499e8c15100cb5ff3,20,ee7d01fd902d4185a54112e1f1210e41,0.0,0.0,0.0,13.476418897416993,14.011850355356563,-0.5354314579395698,0.5354314579395698,False,False,,
M2:A1,045cd82a77a1472499e8c15100cb5ff3,24,13055b928600455db08cf9ae57d8d4c7,0.0,0.0,0.0,13.714257114001086,14.319486240594937,-0.6052291265938514,0.6052291265938514,False,False,,
M2:A1,045cd82a77a1472499e8c15100cb5ff3,25,220b431fd37e436f98aa1c868eee5828,0.0,0.0,0.0,13.771155260371009,14.424639836539903,-0.6534845761688945,0.6534845761688945,False,False,,
M2:A1,045cd82a77a1472499e8c15100cb5ff3,26,4abbc508bffb4f9b957a8ad2457db2e2,0.0,0.0,0.0,14.0576520692497,14.742679510024725,-0.6850274407750252,0.6850274407750252,False,False,,
M2:A1,045cd82a77a1472499e8c15100cb5ff3,28,9f35db3dd17c41e4875c2f54bd71fc29,0.0,0.0,0.0,14.623503640120486,15.314177835743738,-0.6906741956232523,0.6906741956232523,False,False,,
M2:A1,045cd82a77a1472499e8c15100cb5ff3,32,d364275322c4483fbf86df22f0e7a315,0.0,0.0,0.0,18.16140822383524,18.835589162670274,-0.6741809388350326,0.6741809388350326,False,False,,
M2:A1,48d06a263b314b48bd41343ea5f5d158,0,c502570cba9749f7bd89494803a52c02,1.0000000000001705,1.0000000000001705,0.0,0.0,0.0,0.0,0.0,False,False,,
M2:A1,48d06a263b314b48bd41343ea5f5d158,1,274b134fb2324486ae253eb6e24f900d,0.8577902861806059,0.8434412092236068,0.014349076956999163,0.13840114122977273,0.14474767472247432,-0.006346533492701589,0.006346533492701589,False,False,,
M2:A1,48d06a263b314b48bd41343ea5f5d158,2,a977b0e797694036a9c40ab80f9d0ebc,0.8760024529906656,0.865588033677431,0.010414419313234613,0.12268883098833437,0.11600110337812088,0.006687727610213495,-0.006687727610213495,False,False,,
M2:A1,48d06a263b314b48bd41343ea5f5d158,4,3e92d615685942dfab6edb5a0a7678e6,0.845121732843404,0.7893913766105253,0.0557303562328787,0.1812691409537256,0.18902848604291841,-0.007759345089192821,0.007759345089192821,False,False,,
M2:A1,48d06a263b314b48bd41343ea5f5d158,8,882819f68f5e4be698694e673c71c6ab,0.8874789245424792,0.8295263431967688,0.05795258134571046,0.1677970787801579,0.1505032573449372,0.017293821435220708,-0.017293821435220708,True,True,,
M2:A1,48d06a263b314b48bd41343ea5f5d158,9,f6bf5986ca8a49c082c0e4d892de767c,0.8126373290028056,0.7590772187821736,0.05356011022063201,0.19760822277538828,0.22260009087171403,-0.024991868096325753,0.024991868096325753,True,True,,
M2:A1,48d06a263b314b48bd41343ea5f5d158,10,69e5c0a974344a2b89e9e351a5b79461,0.8889802697752021,0.8308364172707366,0.05814385250446541,0.1591284866803825,0.14647112646025137,0.012657360220131142,-0.012657360220131142,True,True,,
M2:A1,48d06a263b314b48bd41343ea5f5d158,12,c71884fb34d046258c12cf018513d8cc,0.7888381909574091,0.8697943444929702,-0.08095615353556107,0.2113845623544617,0.11162000282963962,0.09976455952482209,-0.09976455952482209,True,True,,
M2:A1,48d06a263b314b48bd41343ea5f5d158,16,5087c0b3f84741178f42d668fbdf506f,0.8357805265848405,0.780213005182481,0.05556752140235943,0.1693203877891424,0.1978211868369345,-0.028500799047792097,0.028500799047792097,True,True,,
M2:A1,48d06a263b314b48bd41343ea5f5d158,17,13055b928600455db08cf9ae57d8d4c7,0.8638161362972864,0.8372263898373109,0.026589746459975472,0.2061083009879788,0.15077996198445623,0.055328339003522575,-0.055328339003522575,False,False,,
M2:A1,48d06a263b314b48bd41343ea5f5d158,18,220b431fd37e436f98aa1c868eee5828,0.7731566529929054,0.7527862091412888,0.02037044385161657,0.2897253539487028,0.22587417728632356,0.06385117666237924,-0.06385117666237924,False,False,,
M2:A1,48d06a263b314b48bd41343ea5f5d158,20,103914217786464998f1e48a2c20cef0,0.8193551302852843,0.840459970370217,-0.02110484008493274,0.2887279946723856,0.29080288725764974,-0.0020748925852641653,0.0020748925852641653,False,False,,
M2:A1,48d06a263b314b48bd41343ea5f5d158,24,029f10e7436740a0a04feab4ab3aeddc,0.7231789315618672,0.7766160838702838,-0.05343715230841661,0.33059662510680315,0.23134817333363009,0.09924845177317307,-0.09924845177317307,False,False,,
M2:A1,48d06a263b314b48bd41343ea5f5d158,25,d364275322c4483fbf86df22f0e7a315,0.6820404162193918,0.7541833991235389,-0.07214298290414711,0.3604368606960488,0.23709289292133945,0.12334396777470935,-0.12334396777470935,False,False,,
M2:A1,48d06a263b314b48bd41343ea5f5d158,26,c98b06812964464093b23c3734532d06,0.6618447667296304,0.7339605471838367,-0.0721157804542063,0.3912309371846485,0.27130119360397764,0.11992974358067088,-0.11992974358067088,False,False,,
M2:A1,48d06a263b314b48bd41343ea5f5d158,27,12f431b160be4858a51cced6955c37bd,0.6641726218446703,0.6862688419553696,-0.02209622011069934,0.38722981941789936,0.2975991282288536,0.08963069118904576,-0.08963069118904576,False,False,,
M2:A1,7581fd7e9c0f426cb0efb9ea1f3f2830,0,5b954ca864914a37aaaf0879249ace6a,1.0000000000001146,1.0000000000001146,0.0,0.0,0.0,0.0,0.0,False,False,,
M2:A1,7581fd7e9c0f426cb0efb9ea1f3f2830,1,9e10d5419ffa43ce9f70766b4a5a0292,0.9943312384363714,0.9575648700228739,0.03676636841349745,0.0078562257593299,0.07017646572992901,-0.062320239970599114,0.062320239970599114,False,False,,
M2:A1,7581fd7e9c0f426cb0efb9ea1f3f2830,2,12c5d6c3dc424561b9192b76b45af6fd,0.989376959252858,0.9503632892222622,0.03901367003059575,0.01540356288486826,0.0910286983516629,-0.07562513546679464,0.07562513546679464,False,False,,
M2:A1,7581fd7e9c0f426cb0efb9ea1f3f2830,4,f6bf5986ca8a49c082c0e4d892de767c,0.9776080927102244,0.9192732984985384,0.05833479421168597,0.037810827532105025,0.15676943813627614,-0.11895861060417112,0.11895861060417112,False,False,,
M2:A1,7581fd7e9c0f426cb0efb9ea1f3f2830,8,ee7d01fd902d4185a54112e1f1210e41,0.9662042833072809,0.9034246895045673,0.06277959380271358,0.06061854055304715,0.1754661282420454,-0.11484758768899826,0.11484758768899826,False,False,,
M2:A1,7581fd7e9c0f426cb0efb9ea1f3f2830,9,df7d0426da5346deae21136ea3cba58b,0.8722863807587405,0.8646516092428265,0.007634771515914074,0.12876395264338245,0.26583739855138633,-0.13707344590800388,0.13707344590800388,False,False,,
M2:A1,7581fd7e9c0f426cb0efb9ea1f3f2830,10,ba7fb622e77447f6aa58ab1fff9ed0cf,0.8724890488654827,0.8328679331209135,0.03962111574456928,0.12983483532054313,0.32582111784619167,-0.19598628252564854,0.19598628252564854,False,False,,
M2:A1,7581fd7e9c0f426cb0efb9ea1f3f2830,12,13055b928600455db08cf9ae57d8d4c7,0.8377338530573744,0.8606425334013954,-0.02290868034402105,0.2155529687009128,0.24490054630935246,-0.029347577608439646,0.029347577608439646,False,False,,
M2:A1,7581fd7e9c0f426cb0efb9ea1f3f2830,16,9f35db3dd17c41e4875c2f54bd71fc29,0.8246836511260995,0.9015703095400419,-0.07688665841394238,0.2713415906688846,0.10251810111332332,0.16882348955556126,-0.16882348955556126,False,False,,
M2:A1,7581fd7e9c0f426cb0efb9ea1f3f2830,17,8da854b2bced46f7a59f39a4d42bbfd2,0.8487923241918307,0.9255230250175026,-0.0767307008256719,0.19358942585288003,0.06783935557697852,0.12575007027590152,-0.12575007027590152,False,False,,
M2:A1,7581fd7e9c0f426cb0efb9ea1f3f2830,18,1e46c82d6a804cf1aaa9d2d6b5b5ef27,0.8462383084354451,0.9040161144689681,-0.057777806033523005,0.19188982997127618,0.11329766505510659,0.07859216491616959,-0.07859216491616959,False,False,,
M2:A1,7581fd7e9c0f426cb0efb9ea1f3f2830,20,d364275322c4483fbf86df22f0e7a315,0.8534381096739659,0.9063519042873355,-0.052913794613369536,0.18584598769601143,0.08683310039566287,0.09901288730034856,-0.09901288730034856,False,False,,
M2:A1,7581fd7e9c0f426cb0efb9ea1f3f2830,21,c98b06812964464093b23c3734532d06,0.8581739193512163,0.8865399733213047,-0.0283660539700884,0.18025885695204044,0.10351264357144423,0.07674621338059621,-0.07674621338059621,False,False,,
M2:A1,1e4a740fd22b44dda3eed861e6e3f170,0,ee7d01fd902d4185a54112e1f1210e41,0.9999999999999889,0.9999999999999889,0.0,0.0,0.0,0.0,0.0,False,False,,
M2:A1,1e4a740fd22b44dda3eed861e6e3f170,1,df7d0426da5346deae21136ea3cba58b,0.9423631123919205,0.9423631123919205,0.0,0.050000000000000044,0.050000000000000044,0.0,0.0,True,True,,
M2:A1,1e4a740fd22b44dda3eed861e6e3f170,2,ba7fb622e77447f6aa58ab1fff9ed0cf,0.9147727272727174,0.9147727272727174,0.0,0.07499999999999996,0.07499999999999996,0.0,0.0,True,True,,
M2:A1,1e4a740fd22b44dda3eed861e6e3f170,4,13055b928600455db08cf9ae57d8d4c7,0.9999999999999889,0.9999999999999889,0.0,0.0,0.0,0.0,0.0,True,True,,
M2:A1,1e4a740fd22b44dda3eed861e6e3f170,8,9f35db3dd17c41e4875c2f54bd71fc29,0.7614279024813642,0.7629447733172051,-0.0015168708358409555,0.19348290187052686,0.21262387376561795,-0.01914097189509109,0.01914097189509109,False,False,,
M2:A1,1e4a740fd22b44dda3eed861e6e3f170,9,8da854b2bced46f7a59f39a4d42bbfd2,0.669628310815622,0.7132911658980768,-0.04366285508245482,0.5479724809070219,0.25781829463249106,0.2901541862745308,-0.2901541862745308,False,False,,
M2:A1,1e4a740fd22b44dda3eed861e6e3f170,10,1e46c82d6a804cf1aaa9d2d6b5b5ef27,0.5488327939487845,0.6336202568922119,-0.08478746294342743,0.8322232234527382,0.3834603215540752,0.448762901898663,-0.448762901898663,False,False,,
M2:A1,1e4a740fd22b44dda3eed861e6e3f170,12,d364275322c4483fbf86df22f0e7a315,0.5048580379496188,0.527631616302967,-0.022773578353348145,0.8703768697958462,0.5852274778628821,0.28514939193296407,-0.28514939193296407,False,False,,
M2:A1,1e4a740fd22b44dda3eed861e6e3f170,14,12f431b160be4858a51cced6955c37bd,0.4801482620302279,0.41806753751505815,0.06208072451516977,0.9815840804031254,0.9777740195463589,0.003810060856766495,-0.003810060856766495,False,False,,
M2:A1,2ef4b4d20b064d34b754f68e48f5a5c2,0,c502570cba9749f7bd89494803a52c02,0.9999999999999917,0.9999999999999917,0.0,0.0,0.0,0.0,0.0,False,False,,
M2:A1,2ef4b4d20b064d34b754f68e48f5a5c2,1,274b134fb2324486ae253eb6e24f900d,0.9290226788515042,0.9116111194878637,0.017411559363640583,0.06186181735262617,0.11236135198190686,-0.05049953462928069,0.05049953462928069,False,False,,
M2:A1,2ef4b4d20b064d34b754f68e48f5a5c2,2,a977b0e797694036a9c40ab80f9d0ebc,0.9239046500776279,0.8871648599242828,0.03673979015334505,0.08678257157125645,0.2052743733691607,-0.11849180179790426,0.11849180179790426,False,False,,
M2:A1,2ef4b4d20b064d34b754f68e48f5a5c2,4,3e92d615685942dfab6edb5a0a7678e6,0.8927111324148143,0.8400348146474291,0.05267631776738513,0.11100598060802964,0.2877994792679586,-0.176793498659929,0.176793498659929,False,False,,
M2:A1,2ef4b4d20b064d34b754f68e48f5a5c2,8,882819f68f5e4be698694e673c71c6ab,0.8099820680684553,0.7691541711614434,0.04082789690701194,0.23425544629109415,0.46376179047429866,-0.2295063441832045,0.2295063441832045,False,False,,
M2:A1,2ef4b4d20b064d34b754f68e48f5a5c2,9,f6bf5986ca8a49c082c0e4d892de767c,0.7526162552928917,0.7261438823127085,0.026472372980183123,0.3013258209703285,0.575820961813281,-0.2744951408429525,0.2744951408429525,False,False,,
M2:A1,2ef4b4d20b064d34b754f68e48f5a5c2,10,69e5c0a974344a2b89e9e351a5b79461,0.7117063378383777,0.7009453847140404,0.010760953124337225,0.33939023089853004,0.6424692317330677,-0.30307900083453765,0.30307900083453765,False,False,,
M2:A1,2ef4b4d20b064d34b754f68e48f5a5c2,12,c71884fb34d046258c12cf018513d8cc,0.6975356206094419,0.6831332334081094,0.014402387201332467,0.3775338565401428,0.7233055440647506,-0.34577168752460774,0.34577168752460774,False,False,,
M2:A1,2ef4b4d20b064d34b754f68e48f5a5c2,16,5087c0b3f84741178f42d668fbdf506f,0.6423853269975222,0.6213222614246106,0.0210630655729116,0.3930393573005336,0.7586032923943828,-0.36556393509384927,0.36556393509384927,False,False,,
M2:A1,2ef4b4d20b064d34b754f68e48f5a5c2,17,13055b928600455db08cf9ae57d8d4c7,0.6296188915834522,0.590904260550198,0.03871463103325423,0.4023688846729785,0.8175011097478213,-0.4151322250748428,0.4151322250748428,False,False,,
M2:A1,2ef4b4d20b064d34b754f68e48f5a5c2,18,220b431fd37e436f98aa1c868eee5828,0.6183208865151818,0.5669757813591737,0.0513451051560081,0.4113179999795735,0.8634384743297248,-0.45212047435015124,0.45212047435015124,False,False,,
M2:A1,2ef4b4d20b064d34b754f68e48f5a5c2,20,103914217786464998f1e48a2c20cef0,0.6324769327070003,0.580462021176146,0.05201491153085436,0.3293777911183725,0.7231956752963431,-0.3938178841779706,0.3938178841779706,False,False,,
M2:A1,2ef4b4d20b064d34b754f68e48f5a5c2,24,029f10e7436740a0a04feab4ab3aeddc,0.6216734421122101,0.5690807932534243,0.052592648858785784,0.33870585602501696,0.6724671327246143,-0.3337612766995974,0.3337612766995974,False,False,,
M2:A1,2ef4b4d20b064d34b754f68e48f5a5c2,25,d364275322c4483fbf86df22f0e7a315,0.6216467750307842,0.5684385079266835,0.05320826710410076,0.33443370401383926,0.7029812438905213,-0.36854753987668204,0.36854753987668204,False,False,,
M2:A1,2ef4b4d20b064d34b754f68e48f5a5c2,26,c98b06812964464093b23c3734532d06,0.6103150579217921,0.5527483889198916,0.05756666900190044,0.34708824581974496,0.7447709820274087,-0.3976827362076637,0.3976827362076637,False,False,,
M2:A1,2ef4b4d20b064d34b754f68e48f5a5c2,27,12f431b160be4858a51cced6955c37bd,0.6023263316667806,0.5299007970715205,0.07242553459526013,0.35651458892642235,0.810133445130499,-0.45361885620407666,0.45361885620407666,False,False,,
M2:A1,143ecd5e93614768bdb3da695e76c409,0,5b954ca864914a37aaaf0879249ace6a,1.0000000000001918,1.0000000000001918,0.0,0.0,0.0,0.0,0.0,False,False,,
M2:A1,143ecd5e93614768bdb3da695e76c409,1,9e10d5419ffa43ce9f70766b4a5a0292,0.8775658959798363,0.7115488495174324,0.1660170464624039,0.11652408592244654,0.5827116201276894,-0.46618753420524284,0.46618753420524284,False,False,,
M2:A1,143ecd5e93614768bdb3da695e76c409,2,12c5d6c3dc424561b9192b76b45af6fd,0.3754680873832106,0.7169695316179804,-0.3415014442347698,1.3339236801291976,0.5791946622344952,0.7547290178947024,-0.7547290178947024,False,False,,
M2:A1,143ecd5e93614768bdb3da695e76c409,4,f6bf5986ca8a49c082c0e4d892de767c,0.38266933190528996,0.7400403444099278,-0.3573710125046379,1.3352232046204238,0.5440106550249995,0.7912125495954243,-0.7912125495954243,False,False,,
M2:A1,143ecd5e93614768bdb3da695e76c409,8,ee7d01fd902d4185a54112e1f1210e41,0.37096295015061287,0.7137928428325527,-0.34282989268193986,1.339478313515158,0.5355054995520919,0.8039728139630661,-0.8039728139630661,False,False,,
M2:A1,143ecd5e93614768bdb3da695e76c409,9,df7d0426da5346deae21136ea3cba58b,0.3708394273976747,0.7251045449967853,-0.3542651175991106,1.3341951801779433,0.47613838944883013,0.8580567907291131,-0.8580567907291131,False,False,,
M2:A1,143ecd5e93614768bdb3da695e76c409,10,ba7fb622e77447f6aa58ab1fff9ed0cf,0.3549888719550729,0.7054585100129908,-0.35046963805791786,1.3394775021757785,0.43629841852036017,0.9031790836554183,-0.9031790836554183,False,False,,
M2:A1,143ecd5e93614768bdb3da695e76c409,12,13055b928600455db08cf9ae57d8d4c7,0.3351921009191534,0.6585100298297061,-0.32331792891055267,1.326011385951112,0.44513676887365994,0.8808746170774521,-0.8808746170774521,False,False,,
M2:A1,143ecd5e93614768bdb3da695e76c409,16,9f35db3dd17c41e4875c2f54bd71fc29,0.30704770661044295,0.626089251162388,-0.31904154455194506,1.3817029998369281,0.4233694790917615,0.9583335207451666,-0.9583335207451666,False,False,,
M2:A1,143ecd5e93614768bdb3da695e76c409,17,8da854b2bced46f7a59f39a4d42bbfd2,0.3040378771467635,0.6363881645715642,-0.3323502874248007,1.3939722887825587,0.38826934577249134,1.0057029430100675,-1.0057029430100675,False,False,,
M2:A1,143ecd5e93614768bdb3da695e76c409,18,1e46c82d6a804cf1aaa9d2d6b5b5ef27,0.29128137064360937,0.6644210927444684,-0.373139722100859,1.4854005082043371,0.33599866864119754,1.1494018395631396,-1.1494018395631396,False,False,,
M2:A1,143ecd5e93614768bdb3da695e76c409,20,d364275322c4483fbf86df22f0e7a315,0.266209543229575,0.6260920122463803,-0.3598824690168053,1.6877463851674857,0.3970538485381567,1.290692536629329,-1.290692536629329,False,False,,
M2:A1,143ecd5e93614768bdb3da695e76c409,22,12f431b160be4858a51cced6955c37bd,0.2687811665239729,0.6156251593004419,-0.34684399277646905,1.6587415011188877,0.41144485802508796,1.2472966430937997,-1.2472966430937997,False,False,,
M2:A1,4a8058d0441a46d381995e1af1086039,0,c71884fb34d046258c12cf018513d8cc,0.9999999999998561,0.9999999999998561,0.0,0.0,0.0,0.0,0.0,False,False,,
M2:A1,4a8058d0441a46d381995e1af1086039,1,ee7d01fd902d4185a54112e1f1210e41,0.9908779156796755,0.9726973954568605,0.018180520222815022,0.006635195249498125,0.047726906392943434,-0.04109171114344531,0.04109171114344531,False,False,,
M2:A1,4a8058d0441a46d381995e1af1086039,2,df7d0426da5346deae21136ea3cba58b,0.9741939901485241,0.9215808425161024,0.05261314763242175,0.01944470236458566,0.12314226330759911,-0.10369756094301345,0.10369756094301345,False,False,,
M2:A1,4a8058d0441a46d381995e1af1086039,4,5087c0b3f84741178f42d668fbdf506f,0.9494106751731499,0.8772828762736937,0.0721277988994562,0.040513485634010866,0.19332572686603,-0.15281224123201914,0.15281224123201914,False,False,,
M2:A1,4a8058d0441a46d381995e1af1086039,8,103914217786464998f1e48a2c20cef0,0.816782684685704,0.7323785486422234,0.08440413604348063,0.32116844194224425,0.6435315777516308,-0.3223631358093866,0.3223631358093866,False,False,,
M2:A1,4a8058d0441a46d381995e1af1086039,9,9f35db3dd17c41e4875c2f54bd71fc29,0.8183671911595177,0.7193163895437188,0.09905080161579893,0.33880496732000065,0.7134146271701407,-0.37460965985014005,0.37460965985014005,False,False,,
M2:A1,4a8058d0441a46d381995e1af1086039,10,8da854b2bced46f7a59f39a4d42bbfd2,0.8175825312547509,0.695908758017174,0.12167377323757689,0.3616329042549007,0.7962383479526571,-0.43460544369775644,0.43460544369775644,False,False,,
M2:A1,4a8058d0441a46d381995e1af1086039,12,029f10e7436740a0a04feab4ab3aeddc,0.8564711255157569,0.7071767065007497,0.14929441901500717,0.26114469661685696,0.7100600415742311,-0.4489153449573741,0.4489153449573741,False,False,,
M2:A1,4a8058d0441a46d381995e1af1086039,15,12f431b160be4858a51cced6955c37bd,0.8615870775771671,0.7121754428812143,0.14941163469595287,0.261342660034076,0.6731764060711856,-0.41183374603710954,0.41183374603710954,False,False,,
M2:A1,34daad97663c4e8ea00f842adc581ab5,0,65e07a70e6b5404a87bf34e49d4c0924,0.9999999999999338,0.9999999999999338,0.0,0.0,0.0,0.0,0.0,False,False,,
M2:A1,34daad97663c4e8ea00f842adc581ab5,1,9ab5069c183c492b82b0ab30133080c1,0.8721001851590665,0.8327874017594202,0.03931278339964628,0.08397214898683726,0.12403417261309577,-0.040062023626258506,0.040062023626258506,False,False,,
M2:A1,34daad97663c4e8ea00f842adc581ab5,2,4258ba3b8b8142f48c3249d310a8c3d2,0.8746761948205677,0.8314729781186885,0.04320321670187921,0.11004858379357127,0.14547583833645558,-0.03542725454288431,0.03542725454288431,False,False,,
M2:A1,34daad97663c4e8ea00f842adc581ab5,4,83f3eb36fc7144ab902e192db3a98c06,0.8224419823324276,0.733976484917989,0.08846549741443865,0.1623129150542891,0.2681469146251647,-0.10583399957087561,0.10583399957087561,False,False,,
M2:A1,34daad97663c4e8ea00f842adc581ab5,8,cb440b4d1912467fb51d871f0ccf8e8a,0.8213118644655174,0.7492707437050924,0.07204112076042501,0.16387916176442968,0.23307855632518645,-0.06919939456075677,0.06919939456075677,False,False,,
M2:A1,34daad97663c4e8ea00f842adc581ab5,9,13546ea263ff48f49899cb30ac0004e9,0.7843908238306305,0.742302067303195,0.04208875652743549,0.24345099310819954,0.2164619134192042,0.026989079688995332,-0.026989079688995332,False,False,,
M2:A1,34daad97663c4e8ea00f842adc581ab5,10,9b77dad2bdcf4814b042fa47889f19f6,0.6968844907250653,0.7671096317822512,-0.07022514105718591,0.32710249699958815,0.20430557832064847,0.12279691867893969,-0.12279691867893969,False,False,,
M2:A1,34daad97663c4e8ea00f842adc581ab5,12,097394612e494d1ebe1750ed54a27763,0.6432730519563112,0.7863315019050832,-0.14305844994877193,0.5521416829990066,0.15914938630003606,0.3929922966989705,-0.3929922966989705,False,False,,
M2:A1,34daad97663c4e8ea00f842adc581ab5,16,63d7813869b34ee9aa65064e93775e58,0.5310626173992529,0.6868478147695872,-0.15578519737033436,0.7721429679543024,0.28761318533985464,0.48452978261444773,-0.48452978261444773,False,False,,
M2:A1,34daad97663c4e8ea00f842adc581ab5,17,3d5a6fe339f3490297e4b9d1f3949618,0.5334695481223103,0.7175601185229553,-0.18409057040064503,0.6972213415144108,0.20272515809160455,0.4944961834228063,-0.4944961834228063,False,False,,
M2:A1,34daad97663c4e8ea00f842adc581ab5,18,306e66375cf94c7881864ba03782d2d2,0.7137853974257113,0.925634569538722,-0.2118491721130107,0.5839569191597723,0.08311558301707779,0.5008413361426945,-0.5008413361426945,False,False,,
M2:A1,34daad97663c4e8ea00f842adc581ab5,20,60448167db014ef49dcfb65d89d69b3f,0.7243394482249853,0.8324251532121688,-0.1080857049871835,0.42410944566608844,0.3089700752096411,0.11513937045644734,-0.11513937045644734,False,False,,
M2:A1,34daad97663c4e8ea00f842adc581ab5,24,4734352144ac49a7b02960b99573fc14,0.7000132544999882,0.7793957478159306,-0.07938249331594238,0.4457949448086323,0.35866463362867934,0.08713031117995296,-0.08713031117995296,False,False,,
M2:A1,34daad97663c4e8ea00f842adc581ab5,25,0ab9ec2730894df2b48df70d0d2e84a9,0.7313193526598339,0.6922804946033609,0.039038858056473,0.43512299918129954,0.4591596652791955,-0.024036666097895953,0.024036666097895953,False,False,,
M2:A1,34daad97663c4e8ea00f842adc581ab5,26,cb708f56b6104d638f93e3906cba5b82,0.7032091672074032,0.6652638360881137,0.03794533111928955,0.5577509063413985,0.422851698116905,0.13489920822449347,-0.13489920822449347,False,False,,
M2:A1,ca5b3ca5aea745ee8fe12b0f74d77f8e,0,65e07a70e6b5404a87bf34e49d4c0924,1.0000000000000049,1.0000000000000049,0.0,0.0,0.0,0.0,0.0,False,False,,
M2:A1,ca5b3ca5aea745ee8fe12b0f74d77f8e,1,9ab5069c183c492b82b0ab30133080c1,0.9442844300638484,0.9057956738355665,0.03848875622828196,0.03468947007779951,0.08353269706327975,-0.048843226985480236,0.048843226985480236,False,False,,
M2:A1,ca5b3ca5aea745ee8fe12b0f74d77f8e,2,4258ba3b8b8142f48c3249d310a8c3d2,0.8947964035080493,0.8223052627267005,0.07249114078134888,0.06780038042188369,0.16915355373112387,-0.10135317330924018,0.10135317330924018,False,False,,
M2:A1,ca5b3ca5aea745ee8fe12b0f74d77f8e,4,83f3eb36fc7144ab902e192db3a98c06,0.8132227562714864,0.7184162806620965,0.09480647560938993,0.1274101075874983,0.25898434872539083,-0.13157424113789254,0.13157424113789254,False,False,,
M2:A1,ca5b3ca5aea745ee8fe12b0f74d77f8e,8,cb440b4d1912467fb51d871f0ccf8e8a,0.6928988687593743,0.724205417819676,-0.031306549060301614,0.26051883902442274,0.23415500367439324,0.026363835350029508,-0.026363835350029508,False,False,,
M2:A1,ca5b3ca5aea745ee8fe12b0f74d77f8e,9,13546ea263ff48f49899cb30ac0004e9,0.6014958392665561,0.6536411886767189,-0.0521453494101628,0.3682539494651184,0.2788938824738094,0.089360066991309,-0.089360066991309,False,False,,
M2:A1,ca5b3ca5aea745ee8fe12b0f74d77f8e,10,9b77dad2bdcf4814b042fa47889f19f6,0.5245213088479795,0.5915214748922523,-0.06700016604427272,0.47617736633758156,0.33299485837153325,0.1431825079660483,-0.1431825079660483,False,False,,
M2:A1,ca5b3ca5aea745ee8fe12b0f74d77f8e,12,097394612e494d1ebe1750ed54a27763,0.401556474957789,0.49042160312402333,-0.08886512816623432,0.6922625945218055,0.45433545192630626,0.23792714259549924,-0.23792714259549924,False,False,,
M2:A1,ca5b3ca5aea745ee8fe12b0f74d77f8e,16,63d7813869b34ee9aa65064e93775e58,0.352073777997843,0.45719800779787734,-0.10512422980003433,0.8475594237227183,0.5409878309887723,0.30657159273394596,-0.30657159273394596,False,False,,
M2:A1,ca5b3ca5aea745ee8fe12b0f74d77f8e,17,3d5a6fe339f3490297e4b9d1f3949618,0.33635032126319075,0.4497655920863324,-0.11341527082314162,0.8956192530534609,0.571056654702532,0.32456259835092893,-0.32456259835092893,False,False,,
M2:A1,ca5b3ca5aea745ee8fe12b0f74d77f8e,18,306e66375cf94c7881864ba03782d2d2,0.33531366064798307,0.4384756290341362,-0.10316196838615316,0.8890945857454172,0.5992346459427416,0.28985993980267566,-0.28985993980267566,False,False,,
M2:A1,ca5b3ca5aea745ee8fe12b0f74d77f8e,20,60448167db014ef49dcfb65d89d69b3f,0.3192254338168673,0.40398678671607435,-0.08476135289920705,0.8940395119974354,0.6958733140867288,0.19816619791070655,-0.19816619791070655,False,False,,
M2:A1,ca5b3ca5aea745ee8fe12b0f74d77f8e,24,4734352144ac49a7b02960b99573fc14,0.37417094243020843,0.4568787079201691,-0.08270776548996067,0.7713174637211531,0.6222325440069006,0.14908491971425242,-0.14908491971425242,False,False,,
M2:A1,ca5b3ca5aea745ee8fe12b0f74d77f8e,25,0ab9ec2730894df2b48df70d0d2e84a9,0.4088787734397203,0.4874604196503387,-0.07858164621061842,0.7233267917946564,0.5872087501746055,0.13611804162005092,-0.13611804162005092,False,False,,
M2:A1,ca5b3ca5aea745ee8fe12b0f74d77f8e,26,cb708f56b6104d638f93e3906cba5b82,0.4439920974791629,0.519156019314545,-0.07516392183538212,0.6779780431123666,0.562971704090701,0.11500633902166568,-0.11500633902166568,False,False,,
M2:A1,ca5b3ca5aea745ee8fe12b0f74d77f8e,28,7f769bb638214009813b92df0cfb501a,0.5085156211233374,0.5902436908786352,-0.08172806975529778,0.5804743786699121,0.49366461142818985,0.08680976724172229,-0.08680976724172229,False,False,,
M2:A1,ca5b3ca5aea745ee8fe12b0f74d77f8e,32,15f4465f9fe44b80ab54908983b1cf68,0.6549150902092937,0.7351936802982788,-0.08027859008898508,0.42233779005864985,0.43945854291275305,-0.017120752854103194,0.017120752854103194,False,False,,
M2:A1,ca5b3ca5aea745ee8fe12b0f74d77f8e,33,f94199c2a589484d8e32dd6bf4931d4f,0.70414901192717,0.7050508104718081,-0.0009017985446380106,0.3942597386912371,0.484473199601471,-0.09021346091023391,0.09021346091023391,False,False,,
M2:A1,ca5b3ca5aea745ee8fe12b0f74d77f8e,34,a07f902656eb4f0fb2e5a77f803fb37c,0.7478179696474097,0.6306743206432464,0.1171436490041633,0.38189644377342846,0.5448728070887319,-0.1629763633153034,0.1629763633153034,False,False,,
M2:A1,ca5b3ca5aea745ee8fe12b0f74d77f8e,36,7ac804cee1cd4d48ac2ea0ac97726bc9,0.7096128056752007,0.5182460623761979,0.19136674329900283,0.38972617051489844,0.6338508678835356,-0.24412469736863718,0.24412469736863718,False,False,,
M2:A1,ca5b3ca5aea745ee8fe12b0f74d77f8e,39,bc84a61f13f744cd8f5aa8e888ce879b,0.18280231792451723,0.10710839658258225,0.07569392134193498,1.1699125330774325,1.4200168817438368,-0.2501043486664043,0.2501043486664043,False,False,,
M2:A1,720ca55c654a4ac8bfe9babd1c1072be,0,4258ba3b8b8142f48c3249d310a8c3d2,0.9999999999999929,0.9999999999999929,0.0,0.0,0.0,0.0,0.0,False,False,,
M2:A1,720ca55c654a4ac8bfe9babd1c1072be,1,8970a737ebee4443af37102473aaef8b,0.8997787996327596,0.8559411320030915,0.04383766762966812,0.0600589544575795,0.11693888102024787,-0.05687992656266837,0.05687992656266837,False,False,,
M2:A1,720ca55c654a4ac8bfe9babd1c1072be,2,83f3eb36fc7144ab902e192db3a98c06,0.92575389639362,0.8337545288400194,0.09199936755360061,0.051344934770488806,0.20255142686589628,-0.15120649209540749,0.15120649209540749,False,False,,
M2:A1,720ca55c654a4ac8bfe9babd1c1072be,4,ef823f39fe034fdc9651a363fc81327b,0.8580602990322181,0.7474865958539197,0.1105737031782984,0.08931752452920086,0.26877949719242433,-0.17946197266322347,0.17946197266322347,False,False,,
M2:A1,720ca55c654a4ac8bfe9babd1c1072be,8,9b77dad2bdcf4814b042fa47889f19f6,0.5143212362113811,0.5950831525248916,-0.08076191631351048,0.599819322852446,0.34977858459643824,0.25004073825600776,-0.25004073825600776,False,False,,
M2:A1,720ca55c654a4ac8bfe9babd1c1072be,9,2b77a910c5e749f9a620d893361c1976,0.48150992440167956,0.5605017395593263,-0.0789918151576467,0.6253250976863752,0.3822474876854699,0.24307761000090533,-0.24307761000090533,False,False,,
M2:A1,720ca55c654a4ac8bfe9babd1c1072be,10,097394612e494d1ebe1750ed54a27763,0.4508933101189853,0.5346491772547047,-0.08375586713571942,0.6522276130342861,0.40225094709076004,0.24997666594352608,-0.24997666594352608,False,False,,
M2:A1,720ca55c654a4ac8bfe9babd1c1072be,12,746857c6bd46430fa4b5b82186e716e0,0.47967327841962343,0.6028407837012271,-0.12316750528160364,0.6457015277540029,0.3192724066348228,0.3264291211191801,-0.3264291211191801,False,False,,
M2:A1,720ca55c654a4ac8bfe9babd1c1072be,16,306e66375cf94c7881864ba03782d2d2,0.6274576552120568,0.8113363500338203,-0.18387869482176356,0.4808835980844296,0.12250721316679318,0.3583763849176364,-0.3583763849176364,False,False,,
M2:A1,720ca55c654a4ac8bfe9babd1c1072be,17,49cd09e4a07145258972fc4e6b18e42d,0.6233573517039526,0.8090021577854247,-0.18564480608147216,0.5075344453272179,0.1210529886885683,0.38648145663864963,-0.38648145663864963,False,False,,
M2:A1,720ca55c654a4ac8bfe9babd1c1072be,18,60448167db014ef49dcfb65d89d69b3f,0.6261933168714876,0.7905249742478816,-0.164331657376394,0.5048159829055251,0.14737015420990918,0.3574458286956159,-0.3574458286956159,False,False,,
M2:A1,720ca55c654a4ac8bfe9babd1c1072be,20,a82ac06abf0d4d5ea70af9e19e82305e,0.5335240694499908,0.6542160289324165,-0.12069195948242573,0.543366082084746,0.26303896156674944,0.2803271205179966,-0.2803271205179966,False,False,,
M2:A1,720ca55c654a4ac8bfe9babd1c1072be,24,cb708f56b6104d638f93e3906cba5b82,0.6816543479385397,0.5886593339192155,0.0929950140193242,0.40325467791199227,0.39901541065017226,0.004239267261820001,-0.004239267261820001,False,False,,
M2:A1,63510eb8f6ed4b3189002b1f2648ea1f,0,ef4fbe4064a74ce6b0a52cb3dd2e0bf0,0.999999999999978,0.999999999999978,0.0,0.0,0.0,0.0,0.0,False,False,,
M2:A1,63510eb8f6ed4b3189002b1f2648ea1f,1,63d7813869b34ee9aa65064e93775e58,0.910221544034271,0.910221544034271,0.0,0.07708436936239402,0.07708436936239402,0.0,0.0,True,True,,
M2:A1,63510eb8f6ed4b3189002b1f2648ea1f,2,3d5a6fe339f3490297e4b9d1f3949618,0.822528969410435,0.7969404669264456,0.02558850248398936,0.17002116984059037,0.1983476459953498,-0.028326476154759417,0.028326476154759417,False,False,,
M2:A1,63510eb8f6ed4b3189002b1f2648ea1f,4,49cd09e4a07145258972fc4e6b18e42d,0.6944962335150581,0.676182108172084,0.018314125342974052,0.37718200375282307,0.3957063765582435,-0.018524372805420408,0.018524372805420408,False,False,,
M2:A1,63510eb8f6ed4b3189002b1f2648ea1f,8,2a572213c61c4d40a1955c2aecee6104,0.5764543778180308,0.5572815143076084,0.019172863510422355,0.46436728865494664,0.4718023302139117,-0.007435041558965072,0.007435041558965072,False,False,,
M2:A1,63510eb8f6ed4b3189002b1f2648ea1f,9,4734352144ac49a7b02960b99573fc14,0.5606931596913783,0.5447982209910204,0.015894938700357963,0.4200210270696123,0.4178871216390217,0.0021339054305906102,-0.0021339054305906102,False,False,,
M2:A1,63510eb8f6ed4b3189002b1f2648ea1f,10,0ab9ec2730894df2b48df70d0d2e84a9,0.5219269571268942,0.5011989933790864,0.02072796374780783,0.46876850114675667,0.4843242077849733,-0.015555706638216649,0.015555706638216649,False,False,,
M2:A1,63510eb8f6ed4b3189002b1f2648ea1f,12,fd6002d736cb405796fc4fbdd5af6f7f,0.4446744379573081,0.42880537340512676,0.015869064552181344,0.5900186942856045,0.6119292712567521,-0.02191057697114762,0.02191057697114762,False,False,,
M2:A1,63510eb8f6ed4b3189002b1f2648ea1f,16,8a7007fd59cf4f39a3855b0e82136105,0.28191180048472403,0.2611763982214307,0.020735402263293345,0.8705661462130696,0.9067903228173341,-0.03622417660426447,0.03622417660426447,False,False,,
M2:A1,63510eb8f6ed4b3189002b1f2648ea1f,17,15f4465f9fe44b80ab54908983b1cf68,0.2435148256141807,0.2256915714640578,0.017823254150122897,0.9459727795490314,0.9849649174367334,-0.03899213788770206,0.03899213788770206,False,False,,
M2:A1,63510eb8f6ed4b3189002b1f2648ea1f,18,f94199c2a589484d8e32dd6bf4931d4f,0.20687384885300616,0.18760409059303262,0.01926975825997354,1.0254516261171456,1.0667955570783594,-0.041343930961213804,0.041343930961213804,False,False,,
M2:A1,63510eb8f6ed4b3189002b1f2648ea1f,20,bec365d878c4413d85d5fbb3eb3b3f46,0.1467589497067816,0.122958197244801,0.0238007524619806,1.1723233811967966,1.225635682527063,-0.05331230133026632,0.05331230133026632,False,False,,
M2:A1,63510eb8f6ed4b3189002b1f2648ea1f,24,bc84a61f13f744cd8f5aa8e888ce879b,0.029498113252580775,0.006996653796349026,0.022501459456231748,1.5415456233950162,1.576905549548693,-0.03535992615367678,0.03535992615367678,False,False,,
M2:A1,63510eb8f6ed4b3189002b1f2648ea1f,25,76c090ac27774e66a592f40998d5537c,0.0006165422706586961,0.0,0.0006165422706586961,1.6638001336958737,1.680635839399834,-0.016835705703960313,0.016835705703960313,False,False,,
M2:A1,6dafc154a9ef43ff8fd680620dc90433,0,65e07a70e6b5404a87bf34e49d4c0924,0.999999999999955,0.999999999999955,0.0,0.0,0.0,0.0,0.0,False,False,,
M2:A1,6dafc154a9ef43ff8fd680620dc90433,1,9ab5069c183c492b82b0ab30133080c1,0.9225648073544696,0.9069965768323056,0.01556823052216394,0.07262301378998319,0.08979762614190664,-0.017174612351923454,0.017174612351923454,False,False,,
M2:A1,6dafc154a9ef43ff8fd680620dc90433,2,4258ba3b8b8142f48c3249d310a8c3d2,0.9151790952397805,0.8793251818976098,0.035853913342170696,0.06977414781430988,0.12832695013049514,-0.05855280231618526,0.05855280231618526,False,False,,
M2:A1,6dafc154a9ef43ff8fd680620dc90433,4,83f3eb36fc7144ab902e192db3a98c06,0.8770158148663832,0.8019418149064274,0.0750739999599559,0.08206503124875067,0.21294236853466453,-0.13087733728591386,0.13087733728591386,False,False,,
M2:A1,6dafc154a9ef43ff8fd680620dc90433,8,cb440b4d1912467fb51d871f0ccf8e8a,0.7923547383672636,0.7185610482501672,0.07379369011709636,0.16012172758558044,0.29002325482803065,-0.12990152724245022,0.12990152724245022,False,False,,
M2:A1,6dafc154a9ef43ff8fd680620dc90433,9,13546ea263ff48f49899cb30ac0004e9,0.7728544400617184,0.701390461167552,0.07146397889416645,0.1821991081440654,0.3280780496242934,-0.14587894148022798,0.14587894148022798,False,False,,
M2:A1,6dafc154a9ef43ff8fd680620dc90433,10,9b77dad2bdcf4814b042fa47889f19f6,0.7545280729990683,0.6842230971501733,0.07030497584889506,0.2064194615023301,0.38464706428095213,-0.17822760277862204,0.17822760277862204,False,False,,
M2:A1,6dafc154a9ef43ff8fd680620dc90433,12,097394612e494d1ebe1750ed54a27763,0.7368366589066037,0.6619116259097261,0.07492503299687758,0.22647669792627118,0.42443264460101243,-0.19795594667474126,0.19795594667474126,False,False,,
M2:A1,6dafc154a9ef43ff8fd680620dc90433,16,63d7813869b34ee9aa65064e93775e58,0.8218007822870572,0.7244128154867435,0.0973879668003137,0.1478796441548874,0.4130845925877809,-0.2652049484328935,0.2652049484328935,False,False,,
M2:A1,6dafc154a9ef43ff8fd680620dc90433,17,3d5a6fe339f3490297e4b9d1f3949618,0.9145507067654051,0.7897706446733342,0.12478006209207082,0.08191579903500504,0.45953175338454694,-0.37761595434954187,0.37761595434954187,False,False,,
M2:A1,6dafc154a9ef43ff8fd680620dc90433,18,306e66375cf94c7881864ba03782d2d2,0.8655253173406562,0.7370040030900736,0.12852131425058255,0.10330322677617032,0.5163918352708333,-0.413088608494663,0.413088608494663,False,False,,
M2:A1,6dafc154a9ef43ff8fd680620dc90433,20,60448167db014ef49dcfb65d89d69b3f,0.6918378755063256,0.5823734831072435,0.10946439239908212,0.2615602992840144,0.641572723028513,-0.38001242374449856,0.38001242374449856,False,False,,
M2:A1,6dafc154a9ef43ff8fd680620dc90433,24,4734352144ac49a7b02960b99573fc14,0.7699375135039448,0.630199920381623,0.1397375931223218,0.17606132349091233,0.6695299697621914,-0.49346864627127907,0.49346864627127907,False,False,,
M2:A1,6dafc154a9ef43ff8fd680620dc90433,25,0ab9ec2730894df2b48df70d0d2e84a9,0.7653454036497809,0.6035440655765403,0.1618013380732406,0.18096279604331347,0.7538551810714255,-0.572892385028112,0.572892385028112,False,False,,
M2:A1,6dafc154a9ef43ff8fd680620dc90433,26,cb708f56b6104d638f93e3906cba5b82,0.673671759944559,0.5198477645410073,0.15382399540355163,0.2790949631903934,0.8527384280973079,-0.5736434649069145,0.5736434649069145,False,False,,
M2:A1,e2878e5b8aa849a18e39baee3f3440bd,0,65e07a70e6b5404a87bf34e49d4c0924,0.9999999999999304,0.9999999999999304,0.0,0.0,0.0,0.0,0.0,False,False,,
M2:A1,e2878e5b8aa849a18e39baee3f3440bd,1,9ab5069c183c492b82b0ab30133080c1,0.9931460338721837,0.9649290374057506,0.028216996466433053,0.005525102570027266,0.07115330777972768,-0.06562820520970042,0.06562820520970042,False,False,,
M2:A1,e2878e5b8aa849a18e39baee3f3440bd,2,4258ba3b8b8142f48c3249d310a8c3d2,0.9871000121027474,0.933285534875067,0.0538144772276804,0.00949701354589727,0.13798119898104547,-0.1284841854351482,0.1284841854351482,False,False,,
M2:A1,e2878e5b8aa849a18e39baee3f3440bd,4,83f3eb36fc7144ab902e192db3a98c06,0.9757259226316277,0.9012223026885926,0.07450361994303512,0.019657540681385734,0.19531510492908968,-0.17565756424770396,0.17565756424770396,False,False,,
M2:A1,e2878e5b8aa849a18e39baee3f3440bd,8,cb440b4d1912467fb51d871f0ccf8e8a,0.9498495033290381,0.8326958722790985,0.11715363104993959,0.04219207011406778,0.31099177902525765,-0.26879970891118987,0.26879970891118987,False,False,,
M2:A1,e2878e5b8aa849a18e39baee3f3440bd,9,13546ea263ff48f49899cb30ac0004e9,0.945105381688129,0.796016712108702,0.149088669579427,0.045170663358391136,0.37788028086289477,-0.3327096175045036,0.3327096175045036,False,False,,
M2:A1,e2878e5b8aa849a18e39baee3f3440bd,10,9b77dad2bdcf4814b042fa47889f19f6,0.8629706054197832,0.7106045878298304,0.15236601758995283,0.1328337408695102,0.45264975131573343,-0.3198160104462232,0.3198160104462232,False,False,,
M2:A1,e2878e5b8aa849a18e39baee3f3440bd,12,097394612e494d1ebe1750ed54a27763,0.7180367849172618,0.5851990527979616,0.13283773211930017,0.31700805541972715,0.5965896662026767,-0.2795816107829496,0.2795816107829496,False,False,,
M2:A1,e2878e5b8aa849a18e39baee3f3440bd,16,63d7813869b34ee9aa65064e93775e58,0.9329783108136295,0.7928048103565285,0.14017350045710097,0.05430202390277613,0.5379359475998391,-0.483633923697063,0.483633923697063,False,False,,
M2:A1,e2878e5b8aa849a18e39baee3f3440bd,17,3d5a6fe339f3490297e4b9d1f3949618,0.7575254451509859,0.6904724333177367,0.06705301183324919,0.2274540991393997,0.5614851415530816,-0.33403104241368187,0.33403104241368187,False,False,,
M2:A1,e2878e5b8aa849a18e39baee3f3440bd,18,306e66375cf94c7881864ba03782d2d2,0.5584193066535947,0.5224438423383168,0.03597546431527798,0.5087408226486342,0.7262586465121272,-0.21751782386349305,0.21751782386349305,False,False,,
M2:A1,e2878e5b8aa849a18e39baee3f3440bd,20,60448167db014ef49dcfb65d89d69b3f,0.6178716415691269,0.5607268922717109,0.057144749297415975,0.4133587766041253,0.7322748585101735,-0.3189160819060482,0.3189160819060482,False,False,,
M2:A1,e2878e5b8aa849a18e39baee3f3440bd,24,4734352144ac49a7b02960b99573fc14,0.6049305968749682,0.5449885139837319,0.05994208289123626,0.42979388592417533,0.7791097182063114,-0.34931583228213603,0.34931583228213603,False,False,,
M2:A1,e2878e5b8aa849a18e39baee3f3440bd,25,0ab9ec2730894df2b48df70d0d2e84a9,0.6401336385300721,0.5607126267240172,0.07942101180605488,0.37495827766571427,0.818630713173307,-0.4436724355075928,0.4436724355075928,False,False,,
M2:A1,e2878e5b8aa849a18e39baee3f3440bd,26,cb708f56b6104d638f93e3906cba5b82,0.5956453263810292,0.5160719454600168,0.0795733809210124,0.44275585101970877,0.8951395132150065,-0.45238366219529774,0.45238366219529774,False,False,,
M2:A1,e2878e5b8aa849a18e39baee3f3440bd,28,7f769bb638214009813b92df0cfb501a,0.5162775104170433,0.4428712555400714,0.07340625487697189,0.5750853167201896,1.0127558444123652,-0.4376705276921756,0.4376705276921756,False,False,,
M2:A1,e2878e5b8aa849a18e39baee3f3440bd,32,15f4465f9fe44b80ab54908983b1cf68,0.3794669733956712,0.3267345678812065,0.05273240551446473,0.8441108239034568,1.223810794558277,-0.3796999706548202,0.3796999706548202,False,False,,
M2:A1,e2878e5b8aa849a18e39baee3f3440bd,33,f94199c2a589484d8e32dd6bf4931d4f,0.35486522179104946,0.30224786192606135,0.05261735986498811,0.8999901846804952,1.2975896806735443,-0.3975994959930491,0.3975994959930491,False,False,,
M2:A1,e2878e5b8aa849a18e39baee3f3440bd,34,a07f902656eb4f0fb2e5a77f803fb37c,0.33155940848075915,0.28668999549917346,0.0448694129815857,0.9555308432321051,1.2938724254901366,-0.33834158225803146,0.33834158225803146,False,False,,
M2:A1,e2878e5b8aa849a18e39baee3f3440bd,36,7ac804cee1cd4d48ac2ea0ac97726bc9,0.28698023360126274,0.24145341945650037,0.04552681414476237,1.0627497066405984,1.440868015936342,-0.37811830929574364,0.37811830929574364,False,False,,
M2:A1,e2878e5b8aa849a18e39baee3f3440bd,40,76c090ac27774e66a592f40998d5537c,0.2699329510103811,0.22132159749809213,0.048611353512288985,1.1062503537137691,1.5236304050056186,-0.4173800512918495,0.4173800512918495,False,False,,
M2:A1,11a08ff383a6451bbda6b9af56cfa6e2,0,65e07a70e6b5404a87bf34e49d4c0924,1.0000000000000082,1.0000000000000082,0.0,0.0,0.0,0.0,0.0,False,False,,
M2:A1,11a08ff383a6451bbda6b9af56cfa6e2,1,9ab5069c183c492b82b0ab30133080c1,0.9451063043513287,0.9011407575190213,0.043965546832307356,0.03753759166761602,0.1042193485363548,-0.06668175686873878,0.06668175686873878,False,False,,
M2:A1,11a08ff383a6451bbda6b9af56cfa6e2,2,4258ba3b8b8142f48c3249d310a8c3d2,0.8945612064865396,0.8263953803633844,0.06816582612315514,0.0748498969909661,0.1888171849118345,-0.1139672879208684,0.1139672879208684,False,False,,
M2:A1,11a08ff383a6451bbda6b9af56cfa6e2,4,83f3eb36fc7144ab902e192db3a98c06,0.809109177455284,0.7322874134868651,0.07682176396841889,0.14184354491584206,0.28899603191032375,-0.1471524869944817,0.1471524869944817,False,False,,
M2:A1,11a08ff383a6451bbda6b9af56cfa6e2,8,cb440b4d1912467fb51d871f0ccf8e8a,0.9073284011881835,0.7596585674472315,0.147669833740952,0.15427256458315483,0.3320107330521454,-0.17773816846899057,0.17773816846899057,False,False,,
M2:A1,11a08ff383a6451bbda6b9af56cfa6e2,9,13546ea263ff48f49899cb30ac0004e9,0.8588134690225535,0.7703600841156231,0.08845338490693044,0.19772552094941004,0.3855085225608834,-0.18778300161147338,0.18778300161147338,False,False,,
M2:A1,11a08ff383a6451bbda6b9af56cfa6e2,10,9b77dad2bdcf4814b042fa47889f19f6,0.7803894744961168,0.7452043958938294,0.03518507860228748,0.2440100165578572,0.45624424289622345,-0.21223422633836625,0.21223422633836625,False,False,,
M2:A1,11a08ff383a6451bbda6b9af56cfa6e2,12,097394612e494d1ebe1750ed54a27763,0.6252515171839145,0.6045771754331615,0.020674341750753,0.4047143015026136,0.6296319249419382,-0.2249176234393246,0.2249176234393246,False,False,,
M2:A1,11a08ff383a6451bbda6b9af56cfa6e2,16,63d7813869b34ee9aa65064e93775e58,0.4765102048964582,0.506453601446645,-0.029943396550186796,0.6438930180941715,0.8650248150639394,-0.2211317969697678,0.2211317969697678,False,False,,
M2:A1,11a08ff383a6451bbda6b9af56cfa6e2,17,3d5a6fe339f3490297e4b9d1f3949618,0.4333250588933938,0.4605503567649154,-0.027225297871521614,0.697214295539902,0.9318017035349739,-0.23458740799507194,0.23458740799507194,False,False,,
M2:A1,11a08ff383a6451bbda6b9af56cfa6e2,18,306e66375cf94c7881864ba03782d2d2,0.4673723808333835,0.49004379483803845,-0.022671414004654944,0.6807434844583046,0.9770045855445604,-0.2962611010862558,0.2962611010862558,False,False,,
M2:A1,11a08ff383a6451bbda6b9af56cfa6e2,20,60448167db014ef49dcfb65d89d69b3f,0.39603098091840105,0.43100081150325764,-0.03496983058485659,0.6871380997367726,0.9439824019042775,-0.25684430216750487,0.25684430216750487,False,False,,
M2:A1,11a08ff383a6451bbda6b9af56cfa6e2,24,4734352144ac49a7b02960b99573fc14,0.4819988146543902,0.5271190490738833,-0.04512023441949309,0.5371513722584134,0.8254794174450628,-0.28832804518664945,0.28832804518664945,False,False,,
M2:A1,11a08ff383a6451bbda6b9af56cfa6e2,25,0ab9ec2730894df2b48df70d0d2e84a9,0.5142578872657667,0.5692816216944027,-0.05502373442863595,0.5223699456205326,0.8421056220049361,-0.3197356763844035,0.3197356763844035,False,False,,
M2:A1,11a08ff383a6451bbda6b9af56cfa6e2,26,cb708f56b6104d638f93e3906cba5b82,0.5489364121088582,0.606875951387345,-0.05793953927848672,0.5102713134439216,0.8928884815322217,-0.38261716808830004,0.38261716808830004,False,False,,
M2:A1,11a08ff383a6451bbda6b9af56cfa6e2,28,7f769bb638214009813b92df0cfb501a,0.6261491958528643,0.6152117488726672,0.010937446980197163,0.5014307560859793,0.9242269767213708,-0.42279622063539146,0.42279622063539146,False,False,,
M2:A1,11a08ff383a6451bbda6b9af56cfa6e2,30,770820077d44452a8428299e33808c0f,0.5927014307658948,0.5358775295076461,0.056823901258248655,0.602092299719501,1.0161511384519522,-0.4140588387324512,0.4140588387324512,False,False,,
M2:A1,0cfdfb5bbe8a41268271e24f2edefb9c,0,65e07a70e6b5404a87bf34e49d4c0924,1.0000000000000913,1.0000000000000913,0.0,0.0,0.0,0.0,0.0,False,False,,
M2:A1,0cfdfb5bbe8a41268271e24f2edefb9c,1,9ab5069c183c492b82b0ab30133080c1,0.9727803902146045,0.9544473233051441,0.01833306690946035,0.025122169735338165,0.02886373752745617,-0.0037415677921180043,0.0037415677921180043,False,False,,
M2:A1,0cfdfb5bbe8a41268271e24f2edefb9c,2,4258ba3b8b8142f48c3249d310a8c3d2,0.9486464147875512,0.8725931942578098,0.0760532205297414,0.0490890239688233,0.11306509965565222,-0.06397607568682892,0.06397607568682892,False,False,,
M2:A1,0cfdfb5bbe8a41268271e24f2edefb9c,4,83f3eb36fc7144ab902e192db3a98c06,0.9159100788833329,0.7825916474957444,0.13331843138758848,0.06651726950058198,0.20542747173384984,-0.13891020223326786,0.13891020223326786,False,False,,
M2:A1,0cfdfb5bbe8a41268271e24f2edefb9c,8,cb440b4d1912467fb51d871f0ccf8e8a,0.84610911319715,0.7531823967895016,0.09292671640764838,0.11330721696268828,0.17517015881173806,-0.06186294184904978,0.06186294184904978,True,True,,
M2:A1,0cfdfb5bbe8a41268271e24f2edefb9c,9,13546ea263ff48f49899cb30ac0004e9,0.8230788036042644,0.7458092389258387,0.07726956467842572,0.13661107678986287,0.17805785383162623,-0.04144677704176336,0.04144677704176336,True,True,,
M2:A1,0cfdfb5bbe8a41268271e24f2edefb9c,10,9b77dad2bdcf4814b042fa47889f19f6,0.8001943303557278,0.7383154904016763,0.06187883995405152,0.16219631951365512,0.1853965186902815,-0.023200199176626385,0.023200199176626385,True,True,,
M2:A1,0cfdfb5bbe8a41268271e24f2edefb9c,12,097394612e494d1ebe1750ed54a27763,0.7648772863343458,0.7187584111364416,0.04611887519790425,0.20812813850271408,0.2066481995032063,0.001479938999507796,-0.001479938999507796,True,True,,
M2:A1,0cfdfb5bbe8a41268271e24f2edefb9c,16,63d7813869b34ee9aa65064e93775e58,0.7002991183085625,0.6591914683799229,0.04110764992863958,0.3028427224420806,0.27081826479225224,0.032024457649828364,-0.032024457649828364,True,True,,
M2:A1,0cfdfb5bbe8a41268271e24f2edefb9c,17,3d5a6fe339f3490297e4b9d1f3949618,0.694859769718977,0.6302516917320015,0.06460807798697554,0.29222615849731165,0.2947144967865936,-0.002488338289281966,0.002488338289281966,False,False,,
M2:A1,0cfdfb5bbe8a41268271e24f2edefb9c,18,306e66375cf94c7881864ba03782d2d2,0.6872606692835769,0.6098079795839618,0.07745268969961505,0.2875518533496493,0.3183440143326207,-0.03079216098297144,0.03079216098297144,False,False,,
M2:A1,0cfdfb5bbe8a41268271e24f2edefb9c,20,60448167db014ef49dcfb65d89d69b3f,0.6535695128945589,0.5733711484313819,0.08019836446317696,0.30896866152776636,0.37229301650409546,-0.0633243549763291,0.0633243549763291,False,False,,
M2:A1,0cfdfb5bbe8a41268271e24f2edefb9c,24,4734352144ac49a7b02960b99573fc14,0.602889193317428,0.5502092374091255,0.052679955908302434,0.35824366417000536,0.42108212391681005,-0.06283845974680469,0.06283845974680469,False,False,,
M2:A1,0cfdfb5bbe8a41268271e24f2edefb9c,25,0ab9ec2730894df2b48df70d0d2e84a9,0.5881590479140344,0.5632253485339263,0.024933699380108143,0.37098182840109706,0.4102569326778885,-0.03927510427679143,0.03927510427679143,False,False,,
M2:A1,0cfdfb5bbe8a41268271e24f2edefb9c,26,cb708f56b6104d638f93e3906cba5b82,0.5624959403995863,0.5583668078014483,0.004129132598137963,0.39778061819608673,0.42104253509295303,-0.023261916896866297,0.023261916896866297,False,False,,
M2:A1,0cfdfb5bbe8a41268271e24f2edefb9c,28,7f769bb638214009813b92df0cfb501a,0.5059988982433753,0.539015195352138,-0.03301629710876275,0.46380061927606375,0.44971177144118135,0.014088847834882401,-0.014088847834882401,False,False,,
M2:A1,0cfdfb5bbe8a41268271e24f2edefb9c,32,15f4465f9fe44b80ab54908983b1cf68,0.3593667516725505,0.37860847757065724,-0.019241725898106743,0.6747761315156225,0.695046582384529,-0.020270450868906442,0.020270450868906442,False,False,,
M2:A1,0cfdfb5bbe8a41268271e24f2edefb9c,33,f94199c2a589484d8e32dd6bf4931d4f,0.31820392263711317,0.330278889642361,-0.01207496700524785,0.7547645008162139,0.7807451282221204,-0.025980627405906453,0.025980627405906453,False,False,,
M2:A1,0cfdfb5bbe8a41268271e24f2edefb9c,34,a07f902656eb4f0fb2e5a77f803fb37c,0.2774815505657535,0.2811527799573544,-0.003671229391600861,0.8408322975372865,0.8718965681715298,-0.03106427063424333,0.03106427063424333,False,False,,
M2:A1,0cfdfb5bbe8a41268271e24f2edefb9c,36,7ac804cee1cd4d48ac2ea0ac97726bc9,0.19565324130112077,0.19712470405901275,-0.0014714627578919781,1.0195338942833843,1.0495744056481502,-0.03004051136476593,0.03004051136476593,False,False,,
M2:A1,0cfdfb5bbe8a41268271e24f2edefb9c,40,76c090ac27774e66a592f40998d5537c,0.07071232619418757,0.06173615044994165,0.008976175744245925,1.3833423984162905,1.4066790534941023,-0.023336655077811796,0.023336655077811796,False,False,,
M2:A1,1a018f3bcdea44f9ab60912938495032,0,4258ba3b8b8142f48c3249d310a8c3d2,0.9999999999999052,0.9999999999999052,0.0,0.0,0.0,0.0,0.0,False,False,,
M2:A1,1a018f3bcdea44f9ab60912938495032,1,8970a737ebee4443af37102473aaef8b,0.0,0.0,0.0,7.602963815431101,7.5989259250343295,0.004037890396771715,-0.004037890396771715,False,False,,
M2:A1,1a018f3bcdea44f9ab60912938495032,2,83f3eb36fc7144ab902e192db3a98c06,0.0,0.0,0.0,14.445174251520259,14.056419107174824,0.3887551443454349,-0.3887551443454349,False,False,,
M2:A1,1a018f3bcdea44f9ab60912938495032,4,ef823f39fe034fdc9651a363fc81327b,0.0,0.0,0.0,21.6482605057138,20.421365954134874,1.2268945515789262,-1.2268945515789262,False,False,,
M2:A1,1a018f3bcdea44f9ab60912938495032,8,9b77dad2bdcf4814b042fa47889f19f6,0.0,0.0,0.0,21.98017168443527,20.753250048784032,1.2269216356512374,-1.2269216356512374,True,True,,
M2:A1,1a018f3bcdea44f9ab60912938495032,9,2b77a910c5e749f9a620d893361c1976,0.0,0.0,0.0,22.110347167283546,20.88342875611222,1.2269184111713258,-1.2269184111713258,True,True,,
M2:A1,1a018f3bcdea44f9ab60912938495032,10,097394612e494d1ebe1750ed54a27763,0.0,0.0,0.0,22.241932174321764,21.01501817316411,1.226914001157656,-1.226914001157656,True,True,,
M2:A1,1a018f3bcdea44f9ab60912938495032,12,746857c6bd46430fa4b5b82186e716e0,0.0,0.0,0.0,22.50227626361993,21.275369903923313,1.226906359696617,-1.226906359696617,True,True,,
M2:A1,1a018f3bcdea44f9ab60912938495032,16,306e66375cf94c7881864ba03782d2d2,0.0,0.0,0.0,22.50723949838668,21.280259119285283,1.2269803791013985,-1.2269803791013985,True,True,,
M2:A1,1a018f3bcdea44f9ab60912938495032,17,49cd09e4a07145258972fc4e6b18e42d,0.0,0.0,0.0,22.509590801169704,21.28265594545742,1.2269348557122832,-1.2269348557122832,True,True,,
M2:A1,1a018f3bcdea44f9ab60912938495032,18,60448167db014ef49dcfb65d89d69b3f,0.0,0.0,0.0,22.510932946799137,21.284030446489897,1.2269025003092402,-1.2269025003092402,True,True,,
M2:A1,1a018f3bcdea44f9ab60912938495032,20,a82ac06abf0d4d5ea70af9e19e82305e,0.0,0.0,0.0,22.513950127280044,21.287131510748427,1.2268186165316166,-1.2268186165316166,True,True,,
M2:A1,1a018f3bcdea44f9ab60912938495032,24,cb708f56b6104d638f93e3906cba5b82,0.0,0.0,0.0,22.523433815241592,21.296936580829474,1.2264972344121183,-1.2264972344121183,True,True,,
M2:A1,1a018f3bcdea44f9ab60912938495032,25,fd6002d736cb405796fc4fbdd5af6f7f,0.0,0.0,0.0,22.521218818837994,21.26597154876032,1.2552472700776747,-1.2552472700776747,False,False,,
M2:A1,1a018f3bcdea44f9ab60912938495032,26,7f769bb638214009813b92df0cfb501a,0.0,0.0,0.0,22.59211337523066,21.302963786238863,1.2891495889917977,-1.2891495889917977,False,False,,
M2:A1,1a018f3bcdea44f9ab60912938495032,28,770820077d44452a8428299e33808c0f,0.0,0.0,0.0,22.69698986705518,21.38242725196297,1.3145626150922105,-1.3145626150922105,False,False,,
M2:A1,1a018f3bcdea44f9ab60912938495032,32,a07f902656eb4f0fb2e5a77f803fb37c,0.0,0.0,0.0,21.434783742053888,24.46295828722443,-3.0281745451705433,3.0281745451705433,False,False,,
M2:A1,1a018f3bcdea44f9ab60912938495032,33,bec365d878c4413d85d5fbb3eb3b3f46,0.0,0.0,0.0,21.486587006585193,27.296377578703378,-5.809790572118185,5.809790572118185,False,False,,
M2:A1,1a018f3bcdea44f9ab60912938495032,34,7ac804cee1cd4d48ac2ea0ac97726bc9,0.0,0.0,0.0,21.457817972270835,29.76916949172483,-8.311351519453996,8.311351519453996,False,False,,
M2:A1,1a018f3bcdea44f9ab60912938495032,36,fa8abe51b4104eb68fc7f85ab1c475bb,0.0,0.0,0.0,21.34372840855585,29.574849286806046,-8.231120878250195,8.231120878250195,False,False,,
M2:A1,1a018f3bcdea44f9ab60912938495032,38,76c090ac27774e66a592f40998d5537c,0.0,0.0,0.0,20.004284163831368,29.489122153874366,-9.484837990042998,9.484837990042998,False,False,,
M2:A1,f987ba5f8e6243889a731f8cffe1934b,0,4258ba3b8b8142f48c3249d310a8c3d2,1.0000000000000693,1.0000000000000693,0.0,0.0,0.0,0.0,0.0,False,False,,
M2:A1,f987ba5f8e6243889a731f8cffe1934b,1,8970a737ebee4443af37102473aaef8b,0.990275171440733,0.9783854341739943,0.011889737266738698,0.0055532939464449866,0.017499597804597384,-0.011946303858152398,0.011946303858152398,False,False,,
M2:A1,f987ba5f8e6243889a731f8cffe1934b,2,83f3eb36fc7144ab902e192db3a98c06,0.974072622972533,0.9432890443384244,0.030783578634108633,0.016032748751131396,0.05301204863244406,-0.03697929988131267,0.03697929988131267,False,False,,
M2:A1,f987ba5f8e6243889a731f8cffe1934b,4,ef823f39fe034fdc9651a363fc81327b,0.9637903688503291,0.6889082490375301,0.274882119812799,0.021850083447741753,0.5385280147775304,-0.5166779313297887,0.5166779313297887,False,False,,
M2:A1,f987ba5f8e6243889a731f8cffe1934b,8,9b77dad2bdcf4814b042fa47889f19f6,0.8882235191780323,0.6342513539324027,0.2539721652456296,0.07641334004338483,0.6253247724254205,-0.5489114323820357,0.5489114323820357,False,False,,
M2:A1,f987ba5f8e6243889a731f8cffe1934b,9,2b77a910c5e749f9a620d893361c1976,0.8103321173241798,0.5988702118348337,0.21146190548934607,0.14297799204883177,0.5982000416410338,-0.455222049592202,0.455222049592202,False,False,,
M2:A1,f987ba5f8e6243889a731f8cffe1934b,10,097394612e494d1ebe1750ed54a27763,0.7413561272946205,0.5670806851625804,0.17427544213204016,0.2034490720807511,0.600338066911559,-0.39688899483080786,0.39688899483080786,False,False,,
M2:A1,f987ba5f8e6243889a731f8cffe1934b,12,746857c6bd46430fa4b5b82186e716e0,0.895083091544206,0.7117616987685241,0.18332139277568182,0.0668170880943331,0.46890036218990955,-0.4020832740955764,0.4020832740955764,False,False,,
M2:A1,f987ba5f8e6243889a731f8cffe1934b,16,306e66375cf94c7881864ba03782d2d2,0.7094425444262962,0.5253313019747503,0.18411124245154586,0.2265998217143829,0.5035188458842911,-0.2769190241699082,0.2769190241699082,False,False,,
M2:A1,f987ba5f8e6243889a731f8cffe1934b,17,49cd09e4a07145258972fc4e6b18e42d,0.6128271791255081,0.48289221981871944,0.12993495930678867,0.31790591314767,0.5216018236915495,-0.20369591054387948,0.20369591054387948,False,False,,
M2:A1,f987ba5f8e6243889a731f8cffe1934b,18,60448167db014ef49dcfb65d89d69b3f,0.5463438865977582,0.44293329817653126,0.10341058842122697,0.3921471077316694,0.5518179478659713,-0.15967084013430188,0.15967084013430188,False,False,,
M2:A1,f987ba5f8e6243889a731f8cffe1934b,20,a82ac06abf0d4d5ea70af9e19e82305e,0.4447201766324258,0.3592508947133972,0.08546928191902858,0.5310354460772674,0.6621465256529748,-0.13111107957570745,0.13111107957570745,False,False,,
M2:A1,f987ba5f8e6243889a731f8cffe1934b,24,cb708f56b6104d638f93e3906cba5b82,0.3520649414024941,0.2935452904342332,0.058519650968260895,0.6700999276876404,0.7657826593472741,-0.0956827316596337,0.0956827316596337,False,False,,
M2:A1,f987ba5f8e6243889a731f8cffe1934b,25,fd6002d736cb405796fc4fbdd5af6f7f,0.33049552896135975,0.2778555791591819,0.05263994980217784,0.7065875998901479,0.7932529331539869,-0.08666533326383907,0.08666533326383907,False,False,,
M2:A1,f987ba5f8e6243889a731f8cffe1934b,26,7f769bb638214009813b92df0cfb501a,0.31172268350169746,0.2613045136372424,0.050418169864455076,0.740564912539279,0.8289792819261635,-0.08841436938688452,0.08841436938688452,False,False,,
M2:A1,f987ba5f8e6243889a731f8cffe1934b,28,770820077d44452a8428299e33808c0f,0.24951832362040063,0.2018415935193462,0.04767673010105444,0.8598207130793146,0.9515799871039712,-0.09175927402465656,0.09175927402465656,False,False,,
M2:A1,f987ba5f8e6243889a731f8cffe1934b,32,a07f902656eb4f0fb2e5a77f803fb37c,0.07391547287434247,0.03702988454610135,0.03688558832824112,1.2739081351920132,1.378665765223674,-0.10475763003166083,0.10475763003166083,False,False,,
M2:A1,64b22104a573415a8c860fc22214619c,0,20601ccb0ab0445db56bad84060c1323,1.000000000000035,1.000000000000035,0.0,0.0,0.0,0.0,0.0,False,False,,
M2:A1,64b22104a573415a8c860fc22214619c,1,746857c6bd46430fa4b5b82186e716e0,0.859438798334753,0.8445005740886424,0.014938224246110576,0.11965122785911113,0.12511113074535418,-0.005459902886243054,0.005459902886243054,False,False,,
M2:A1,64b22104a573415a8c860fc22214619c,2,ef4fbe4064a74ce6b0a52cb3dd2e0bf0,0.7436566497572058,0.7113849877094263,0.03227166204777954,0.23540295084965432,0.2541161617141621,-0.018713210864507807,0.018713210864507807,False,False,,
M2:A1,64b22104a573415a8c860fc22214619c,4,3d5a6fe339f3490297e4b9d1f3949618,0.5624254110058556,0.5219620529954495,0.040463358010406125,0.45859012490938317,0.48686613884164714,-0.028276013932263977,0.028276013932263977,False,False,,
M2:A1,64b22104a573415a8c860fc22214619c,8,f0bb168a6bc34e0bba79dd122b6394b0,0.29964587300578144,0.2745121054084364,0.025133767597345036,0.9036929468146525,0.9345496090022398,-0.030856662187587314,0.030856662187587314,False,False,,
M2:A1,64b22104a573415a8c860fc22214619c,9,a82ac06abf0d4d5ea70af9e19e82305e,0.24478159576086508,0.22502507559951496,0.019756520161350127,1.020032480543945,1.050432192793226,-0.030399712249281174,0.030399712249281174,False,False,,
M2:A1,64b22104a573415a8c860fc22214619c,10,2a572213c61c4d40a1955c2aecee6104,0.19606468636934357,0.18210330016148404,0.013961386207859527,1.1340137663347445,1.1601417492473962,-0.026127982912651726,0.026127982912651726,False,False,,
M2:A1,64b22104a573415a8c860fc22214619c,12,0ab9ec2730894df2b48df70d0d2e84a9,0.14097018039581274,0.12868912851601794,0.012281051879794808,1.2771079067280475,1.3070531251805233,-0.029945218452475775,0.029945218452475775,False,False,,
M2:A1,64b22104a573415a8c860fc22214619c,16,f76469bb5b5747dbaedb1c59990b5579,0.09812014563095799,0.08253754562161032,0.015582600009347664,1.3964146604840122,1.4581979052389302,-0.06178324475491803,0.06178324475491803,False,False,,
M2:A1,64b22104a573415a8c860fc22214619c,17,770820077d44452a8428299e33808c0f,0.08657496787967649,0.0789515675523401,0.007623400327336383,1.4311478800831663,1.4666792917088178,-0.03553141162565154,0.03553141162565154,False,False,,
M2:A1,64b22104a573415a8c860fc22214619c,18,8a7007fd59cf4f39a3855b0e82136105,0.07394781888825486,0.07147819356162739,0.0024696253266274643,1.501604350435391,1.486868164261636,0.014736186173755161,-0.014736186173755161,False,False,,
M2:A1,64b22104a573415a8c860fc22214619c,20,f94199c2a589484d8e32dd6bf4931d4f,0.03310101269614909,0.026761408446300396,0.0063396042498486925,1.7019334862298339,1.629886872444876,0.0720466137849578,-0.0720466137849578,False,False,,
M2:A1,64b22104a573415a8c860fc22214619c,24,54259afa6c644e1d99422df9da1c8f35,0.0,0.0,0.0,1.9017169874907103,1.8430553722190723,0.058661615271637935,-0.058661615271637935,False,False,,
M2:A1,64b22104a573415a8c860fc22214619c,25,fa8abe51b4104eb68fc7f85ab1c475bb,0.0,0.0,0.0,1.889256372558038,1.8239714431858296,0.06528492937220842,-0.06528492937220842,False,False,,
M2:A1,64b22104a573415a8c860fc22214619c,26,bc84a61f13f744cd8f5aa8e888ce879b,0.0,0.0,0.0,1.8786002651916947,1.8135072431979813,0.06509302199371336,-0.06509302199371336,False,False,,
M2:A1,64b22104a573415a8c860fc22214619c,27,76c090ac27774e66a592f40998d5537c,0.0,0.0,0.0,1.9504016006460703,1.8269636654286483,0.12343793521742197,-0.12343793521742197,False,False,,
M2:A1,98eef3fdea464efd92fb6aaf0ebe8c9a,0,20601ccb0ab0445db56bad84060c1323,0.9999999999998564,0.9999999999998564,0.0,0.0,0.0,0.0,0.0,False,False,,
M2:A1,98eef3fdea464efd92fb6aaf0ebe8c9a,1,746857c6bd46430fa4b5b82186e716e0,0.592283060814031,0.592283060814031,0.0,0.31191665553472964,0.31191665553472964,0.0,0.0,True,True,,
M2:A1,98eef3fdea464efd92fb6aaf0ebe8c9a,2,ef4fbe4064a74ce6b0a52cb3dd2e0bf0,0.2960235819751758,0.2960235819751758,0.0,0.7480815463570148,0.7480815463570148,0.0,0.0,True,True,,
M2:A1,98eef3fdea464efd92fb6aaf0ebe8c9a,4,3d5a6fe339f3490297e4b9d1f3949618,0.11307732523493524,0.10958510947478088,0.003492215760154363,1.2361391324332083,1.2476264285516072,-0.011487296118398937,0.011487296118398937,False,False,,
M2:A1,98eef3fdea464efd92fb6aaf0ebe8c9a,8,f0bb168a6bc34e0bba79dd122b6394b0,0.13323530785725163,0.12795120777706534,0.005284100080186288,1.190503028722256,1.2103092699883249,-0.01980624126606889,0.01980624126606889,False,False,,
M2:A1,98eef3fdea464efd92fb6aaf0ebe8c9a,9,a82ac06abf0d4d5ea70af9e19e82305e,0.1401275623532068,0.13176817581203978,0.008359386541167024,1.1619980471106617,1.1834508262419292,-0.02145277913126753,0.02145277913126753,False,False,,
M2:A1,98eef3fdea464efd92fb6aaf0ebe8c9a,10,2a572213c61c4d40a1955c2aecee6104,0.14529096800250238,0.13240538321371303,0.012885584788789345,1.141616520525791,1.1755865309751659,-0.033970010449374755,0.033970010449374755,False,False,,
M2:A1,98eef3fdea464efd92fb6aaf0ebe8c9a,12,0ab9ec2730894df2b48df70d0d2e84a9,0.12027856928675715,0.10161172917008944,0.018666840116667707,1.2196064616862923,1.2874089387092293,-0.06780247702293707,0.06780247702293707,False,False,,
M2:A1,98eef3fdea464efd92fb6aaf0ebe8c9a,16,f76469bb5b5747dbaedb1c59990b5579,0.053032108068099736,0.03341265819947493,0.019619449868624808,1.4792376815609474,1.6006066385155107,-0.12136895695456329,0.12136895695456329,False,False,,
M2:A1,98eef3fdea464efd92fb6aaf0ebe8c9a,17,770820077d44452a8428299e33808c0f,0.042886147701811705,0.02311383409991355,0.019772313601898156,1.5236316936549958,1.6430822395002684,-0.1194505458452726,0.1194505458452726,False,False,,
M2:A1,98eef3fdea464efd92fb6aaf0ebe8c9a,18,8a7007fd59cf4f39a3855b0e82136105,0.021958311382120257,0.003480382623600284,0.018477928758519974,1.6298183525894594,1.7490560772502135,-0.11923772466075411,0.11923772466075411,False,False,,
M2:A1,98eef3fdea464efd92fb6aaf0ebe8c9a,20,f94199c2a589484d8e32dd6bf4931d4f,0.0,0.0,0.0,1.8710816855610897,1.987753898788348,-0.1166722132272584,0.1166722132272584,False,False,,
M2:A1,98eef3fdea464efd92fb6aaf0ebe8c9a,24,54259afa6c644e1d99422df9da1c8f35,0.0,0.0,0.0,2.095834033626787,2.2075027505286138,-0.11166871690182667,0.11166871690182667,False,False,,
M2:A1,98eef3fdea464efd92fb6aaf0ebe8c9a,25,fa8abe51b4104eb68fc7f85ab1c475bb,0.0,0.0,0.0,2.2224647134258793,2.327603380052829,-0.10513866662694982,0.10513866662694982,False,False,,
M2:A1,98eef3fdea464efd92fb6aaf0ebe8c9a,26,bc84a61f13f744cd8f5aa8e888ce879b,0.0,0.0,0.0,2.348616934761967,2.4396788930687623,-0.09106195830679509,0.09106195830679509,False,False,,
M2:A1,98eef3fdea464efd92fb6aaf0ebe8c9a,27,76c090ac27774e66a592f40998d5537c,0.0,0.0,0.0,2.550028280995099,2.6230899224255917,-0.07306164143049276,0.07306164143049276,False,False,,
M2:A1,e5cabb9d6b474377a206feab4ec64d3f,0,8a7007fd59cf4f39a3855b0e82136105,0.9999999999999649,0.9999999999999649,0.0,0.0,0.0,0.0,0.0,False,False,,
M2:A1,e5cabb9d6b474377a206feab4ec64d3f,1,15f4465f9fe44b80ab54908983b1cf68,0.8943319884321831,0.8994374231590615,-0.005105434726878411,0.09857600416121075,0.0685430689527398,0.030032935208470946,-0.030032935208470946,False,False,,
M2:A1,e5cabb9d6b474377a206feab4ec64d3f,2,f94199c2a589484d8e32dd6bf4931d4f,0.7291801969534035,0.7364540711625517,-0.007273874209148157,0.2373883002368837,0.17194052313017857,0.06544777710670513,-0.06544777710670513,False,False,,
M2:A1,e5cabb9d6b474377a206feab4ec64d3f,4,bec365d878c4413d85d5fbb3eb3b3f46,0.4891726088586406,0.49117462199240824,-0.002002013133767633,0.4196484755157983,0.4019026126756733,0.017745862840125026,-0.017745862840125026,False,False,,
M2:A1,e5cabb9d6b474377a206feab4ec64d3f,8,bc84a61f13f744cd8f5aa8e888ce879b,0.6687545428491627,0.6184437032492023,0.05031083959996041,0.24365954829534686,0.2773629829038518,-0.033703434608504945,0.033703434608504945,False,False,,
M2:A1,e5cabb9d6b474377a206feab4ec64d3f,9,76c090ac27774e66a592f40998d5537c,0.5310742172663436,0.4103288481035168,0.12074536916282685,0.3552088570016106,0.5603445103948629,-0.2051356533932523,0.2051356533932523,False,False,,
M2:A1,64ce64c25d424c3088db384021d8dbb3,0,bec365d878c4413d85d5fbb3eb3b3f46,0.9999999999999152,0.9999999999999152,0.0,0.0,0.0,0.0,0.0,False,False,,
M2:A1,64ce64c25d424c3088db384021d8dbb3,1,7ac804cee1cd4d48ac2ea0ac97726bc9,0.9905392666465621,0.9326539083546452,0.05788535829191688,0.008336329084629987,0.10207142222880991,-0.09373509314417992,0.09373509314417992,False,False,,
M2:A1,64ce64c25d424c3088db384021d8dbb3,2,54259afa6c644e1d99422df9da1c8f35,0.8154167242536567,0.7715506746157323,0.0438660496379244,0.1457178485061337,0.2266857722318689,-0.08096792372573519,0.08096792372573519,False,False,,
M2:A1,64ce64c25d424c3088db384021d8dbb3,3,fa8abe51b4104eb68fc7f85ab1c475bb,0.7573179164025534,0.7108783891887527,0.046439527213800735,0.16460918963910692,0.30719545147722926,-0.14258626183812234,0.14258626183812234,False,False,,
M2:A1,64ce64c25d424c3088db384021d8dbb3,4,bc84a61f13f744cd8f5aa8e888ce879b,0.7096995464825552,0.6659712216891674,0.04372832479338773,0.20640101749881715,0.3643304472485671,-0.15792942974974997,0.15792942974974997,False,False,,
M2:A1,64ce64c25d424c3088db384021d8dbb3,5,76c090ac27774e66a592f40998d5537c,0.7894372078689181,0.6615018208826606,0.1279353869862575,0.14797963984813464,0.40383623746330194,-0.2558565976151673,0.2558565976151673,False,False,,
M2:A1,3eff2b1ecf29497e9967dd21509431fe,0,fd6002d736cb405796fc4fbdd5af6f7f,0.9999999999999994,0.9999999999999994,0.0,0.0,0.0,0.0,0.0,False,False,,
M2:A1,3eff2b1ecf29497e9967dd21509431fe,1,7f769bb638214009813b92df0cfb501a,0.8654447122243998,0.8473256148076204,0.018119097416779417,0.09388326676080039,0.11207657027438162,-0.018193303513581227,0.018193303513581227,False,False,,
M2:A1,3eff2b1ecf29497e9967dd21509431fe,2,f76469bb5b5747dbaedb1c59990b5579,0.7503202653228799,0.7122678023786048,0.03805246294427511,0.18810306541804037,0.2382877212261021,-0.05018465580806172,0.05018465580806172,False,False,,
M2:A1,3eff2b1ecf29497e9967dd21509431fe,4,8a7007fd59cf4f39a3855b0e82136105,0.5656676209393183,0.5330192993536226,0.03264832158569575,0.37913245877364904,0.4323002238360849,-0.05316776506243587,0.05316776506243587,False,False,,
M2:A1,3eff2b1ecf29497e9967dd21509431fe,8,bec365d878c4413d85d5fbb3eb3b3f46,0.3179225822399401,0.2962553059212875,0.021667276318652562,0.7917523785769252,0.8377512560411705,-0.04599887746424536,0.04599887746424536,False,False,,
M2:A1,3eff2b1ecf29497e9967dd21509431fe,9,7ac804cee1cd4d48ac2ea0ac97726bc9,0.3463632430655628,0.3141870578909725,0.03217618517459031,0.7310358889446714,0.7826577836732973,-0.05162189472862588,0.05162189472862588,False,False,,
M2:A1,3eff2b1ecf29497e9967dd21509431fe,10,54259afa6c644e1d99422df9da1c8f35,0.4951734471323854,0.4507015532369034,0.044471893895482006,0.49457962676879064,0.5581227067658062,-0.06354307999701558,0.06354307999701558,False,False,,
M2:A1,3eff2b1ecf29497e9967dd21509431fe,12,bc84a61f13f744cd8f5aa8e888ce879b,0.47463379741875966,0.46438562433781805,0.010248173080941614,0.5449094664154668,0.5740673670063144,-0.029157900590847663,0.029157900590847663,False,False,,
M2:A1,3eff2b1ecf29497e9967dd21509431fe,13,76c090ac27774e66a592f40998d5537c,0.3488142708821184,0.33911932231446074,0.00969494856765768,0.7519221608858156,0.7773119513582577,-0.025389790472442053,0.025389790472442053,False,False,,
M2:A1,65acd0cbce474d9cb2eef362a1b279be,0,65e07a70e6b5404a87bf34e49d4c0924,1.0000000000000564,1.0000000000000564,0.0,0.0,0.0,0.0,0.0,False,False,,
M2:A1,65acd0cbce474d9cb2eef362a1b279be,1,9ab5069c183c492b82b0ab30133080c1,0.9285030183957605,0.9285030183957605,0.0,0.1733262819078531,0.1733262819078531,0.0,0.0,True,True,,
M2:A1,65acd0cbce474d9cb2eef362a1b279be,2,4258ba3b8b8142f48c3249d310a8c3d2,0.8620081507721925,0.8620081507721925,0.0,0.3459855488311037,0.3459855488311037,0.0,0.0,True,True,,
M2:A1,65acd0cbce474d9cb2eef362a1b279be,4,83f3eb36fc7144ab902e192db3a98c06,0.7489046796320428,0.7421811734910476,0.00672350614099515,0.6747485556763273,0.6675017465755843,0.007246809100743046,-0.007246809100743046,False,False,,
M2:A1,65acd0cbce474d9cb2eef362a1b279be,8,cb440b4d1912467fb51d871f0ccf8e8a,0.6486655132302371,0.6637948690703983,-0.015129355840161174,0.7984857625811397,0.7182292098457382,0.08025655273540144,-0.08025655273540144,False,False,,
M2:A1,65acd0cbce474d9cb2eef362a1b279be,9,13546ea263ff48f49899cb30ac0004e9,0.5828748328774512,0.6060233446866853,-0.02314851180923405,0.8837541151270992,0.7715239838779511,0.11223013124914816,-0.11223013124914816,False,False,,
M2:A1,65acd0cbce474d9cb2eef362a1b279be,10,9b77dad2bdcf4814b042fa47889f19f6,0.5349323933695721,0.5662725089313853,-0.03134011556181315,0.9947587058809783,0.8438142498357666,0.15094445604521167,-0.15094445604521167,False,False,,
M2:A1,65acd0cbce474d9cb2eef362a1b279be,12,097394612e494d1ebe1750ed54a27763,0.4628559797783522,0.5031129719874698,-0.04025699220911766,1.0673768193620845,0.8867217058716578,0.18065511349042673,-0.18065511349042673,False,False,,
M2:A1,65acd0cbce474d9cb2eef362a1b279be,16,63d7813869b34ee9aa65064e93775e58,0.5848697724659763,0.640975288201349,-0.0561055157353727,1.059422376374324,0.8328213857518535,0.22660099062247052,-0.22660099062247052,False,False,,
M2:A1,65acd0cbce474d9cb2eef362a1b279be,17,3d5a6fe339f3490297e4b9d1f3949618,0.5760769344288648,0.6292172739143372,-0.053140339485472476,1.08938289436897,0.8360253932036119,0.25335750116535816,-0.25335750116535816,False,False,,
M2:A1,65acd0cbce474d9cb2eef362a1b279be,18,306e66375cf94c7881864ba03782d2d2,0.639687647675211,0.6963659415332976,-0.05667829385808654,0.8786559880286313,0.5695081722412808,0.3091478157873505,-0.3091478157873505,False,False,,
M2:A1,65acd0cbce474d9cb2eef362a1b279be,20,60448167db014ef49dcfb65d89d69b3f,0.6594993454220266,0.7367408399685533,-0.07724149454652673,0.8687218298625015,0.5171181542241504,0.35160367563835104,-0.35160367563835104,False,False,,
M2:A1,65acd0cbce474d9cb2eef362a1b279be,24,4734352144ac49a7b02960b99573fc14,0.5511542941626244,0.6099452021411835,-0.058790907978559126,0.953040519169775,0.6015757538369001,0.35146476533287485,-0.35146476533287485,False,False,,
M2:A1,65acd0cbce474d9cb2eef362a1b279be,25,0ab9ec2730894df2b48df70d0d2e84a9,0.5012177471449174,0.5615588774480598,-0.060341130303142365,1.0055982894546411,0.6309413660763004,0.3746569233783408,-0.3746569233783408,False,False,,
M2:A1,65acd0cbce474d9cb2eef362a1b279be,26,cb708f56b6104d638f93e3906cba5b82,0.5022674027646586,0.5695905780593837,-0.06732317529472509,1.0040635568005787,0.5890626785761467,0.415000878224432,-0.415000878224432,False,False,,
M2:A1,65acd0cbce474d9cb2eef362a1b279be,28,7f769bb638214009813b92df0cfb501a,0.4853021673990696,0.5613065340257896,-0.07600436662671994,0.9943615343435087,0.5688809338118215,0.42548060053168724,-0.42548060053168724,False,False,,
M2:A1,65acd0cbce474d9cb2eef362a1b279be,32,15f4465f9fe44b80ab54908983b1cf68,0.36610155816163803,0.4208542655510028,-0.054752707389364774,1.1317023327755513,0.7755307933708474,0.3561715394047039,-0.3561715394047039,False,False,,
M2:A1,65acd0cbce474d9cb2eef362a1b279be,33,f94199c2a589484d8e32dd6bf4931d4f,0.344310450896628,0.4050199262588355,-0.0607094753622075,1.1886930131001692,0.8066479376579729,0.38204507544219624,-0.38204507544219624,False,False,,
M2:A1,65acd0cbce474d9cb2eef362a1b279be,34,a07f902656eb4f0fb2e5a77f803fb37c,0.30771518399521347,0.36285626094731316,-0.05514107695209969,1.2718327181694664,0.8963686820482204,0.375464036121246,-0.375464036121246,False,False,,
M2:A1,65acd0cbce474d9cb2eef362a1b279be,36,7ac804cee1cd4d48ac2ea0ac97726bc9,0.2506024369519733,0.30341439195920417,-0.05281195500723085,1.4554251280573538,1.0508172367632138,0.40460789129414,-0.40460789129414,False,False,,
M2:A1,65acd0cbce474d9cb2eef362a1b279be,40,76c090ac27774e66a592f40998d5537c,0.20950130626997476,0.25605610815862806,-0.0465548018886533,1.4902593586282706,1.1335454093442376,0.356713949284033,-0.356713949284033,False,False,,
M2:A1,a9916751b03c494dafa2eddc4496e702,0,65e07a70e6b5404a87bf34e49d4c0924,1.0000000000000107,1.0000000000000107,0.0,0.0,0.0,0.0,0.0,False,False,,
M2:A1,a9916751b03c494dafa2eddc4496e702,1,9ab5069c183c492b82b0ab30133080c1,0.9911811839678644,0.9575799908707763,0.03360119309708809,0.006186668198524862,0.07481484132894381,-0.06862817313041895,0.06862817313041895,False,False,,
M2:A1,a9916751b03c494dafa2eddc4496e702,2,4258ba3b8b8142f48c3249d310a8c3d2,0.9823634162197473,0.9190379089134727,0.06332550730627462,0.012876723534435553,0.14531853514646795,-0.1324418116120324,0.1324418116120324,False,False,,
M2:A1,a9916751b03c494dafa2eddc4496e702,4,83f3eb36fc7144ab902e192db3a98c06,0.9614797749690983,0.8739933140914237,0.08748646087767464,0.028361207285235182,0.21259975983638327,-0.18423855255114807,0.18423855255114807,False,False,,
M2:A1,a9916751b03c494dafa2eddc4496e702,8,cb440b4d1912467fb51d871f0ccf8e8a,0.9125408582255612,0.819661111260139,0.09287974696542223,0.0721904497195709,0.27414860524345197,-0.20195815552388108,0.20195815552388108,False,False,,
M2:A1,a9916751b03c494dafa2eddc4496e702,9,13546ea263ff48f49899cb30ac0004e9,0.8765340955528769,0.7812394261949703,0.09529466935790654,0.1026309497945745,0.3213375917177769,-0.21870664192320244,0.21870664192320244,False,False,,
M2:A1,a9916751b03c494dafa2eddc4496e702,10,9b77dad2bdcf4814b042fa47889f19f6,0.8398867022051779,0.7468878520264008,0.09299885017877707,0.1350398737645579,0.38539558849594524,-0.25035571473138735,0.25035571473138735,False,False,,
M2:A1,a9916751b03c494dafa2eddc4496e702,12,097394612e494d1ebe1750ed54a27763,0.7821812972414106,0.6712074088926975,0.11097388834871313,0.20262114659382957,0.4763792599306084,-0.27375811333677885,0.27375811333677885,False,False,,
M2:A1,a9916751b03c494dafa2eddc4496e702,16,63d7813869b34ee9aa65064e93775e58,0.974274445068706,0.8000142387467103,0.17426020632199568,0.022077680182677337,0.4845201246209172,-0.46244244443823984,0.46244244443823984,False,False,,
M2:A1,a9916751b03c494dafa2eddc4496e702,17,3d5a6fe339f3490297e4b9d1f3949618,0.8330092686705591,0.702854440304196,0.13015482836636316,0.14799627503950435,0.5381756967198412,-0.39017942168033687,0.39017942168033687,False,False,,
M2:A1,a9916751b03c494dafa2eddc4496e702,18,306e66375cf94c7881864ba03782d2d2,0.7362920727157484,0.6281863123727788,0.10810576034296959,0.2423011255609558,0.6295661984542951,-0.3872650728933393,0.3872650728933393,False,False,,
M2:A1,a9916751b03c494dafa2eddc4496e702,20,60448167db014ef49dcfb65d89d69b3f,0.6169206168339647,0.52929365630373,0.08762696053023467,0.3952569696202073,0.743080644911929,-0.34782367529172176,0.34782367529172176,False,False,,
M2:A1,a9916751b03c494dafa2eddc4496e702,24,4734352144ac49a7b02960b99573fc14,0.5684245237866155,0.46515503577267114,0.10326948801394431,0.4130849234102141,0.8171214030821655,-0.40403647967195144,0.40403647967195144,False,False,,
M2:A1,a9916751b03c494dafa2eddc4496e702,25,0ab9ec2730894df2b48df70d0d2e84a9,0.5301185231332084,0.42652170432487935,0.10359681880832905,0.4670049998805068,0.9264201567213453,-0.45941515684083845,0.45941515684083845,False,False,,
M2:A1,bbe3bc5ca1434a2ea802f5ed5062785e,0,65e07a70e6b5404a87bf34e49d4c0924,0.999999999999945,0.999999999999945,0.0,0.0,0.0,0.0,0.0,False,False,,
M2:A1,bbe3bc5ca1434a2ea802f5ed5062785e,1,9ab5069c183c492b82b0ab30133080c1,0.9847117984145913,0.9546723631950105,0.030039435219580857,0.009766978275147319,0.07523851464308765,-0.06547153636794033,0.06547153636794033,False,False,,
M2:A1,bbe3bc5ca1434a2ea802f5ed5062785e,2,4258ba3b8b8142f48c3249d310a8c3d2,0.9696725853788082,0.9142553884451143,0.055417196933693846,0.019475016015241767,0.1422399176302408,-0.12276490161499903,0.12276490161499903,False,False,,
M2:A1,bbe3bc5ca1434a2ea802f5ed5062785e,4,83f3eb36fc7144ab902e192db3a98c06,0.938804675346114,0.8667479745561213,0.07205670078999271,0.04146562117621014,0.20279664238827583,-0.1613310212120657,0.1613310212120657,False,False,,
M2:A1,bbe3bc5ca1434a2ea802f5ed5062785e,8,cb440b4d1912467fb51d871f0ccf8e8a,0.8262468289401098,0.7716755757751593,0.054571253164950484,0.11715390231180647,0.38468625667321693,-0.26753235436141043,0.26753235436141043,False,False,,
M2:A1,bbe3bc5ca1434a2ea802f5ed5062785e,9,13546ea263ff48f49899cb30ac0004e9,0.826568675336398,0.7585334041368993,0.0680352711994987,0.15982175372669527,0.42874288073586514,-0.26892112700916987,0.26892112700916987,False,False,,
M2:A1,bbe3bc5ca1434a2ea802f5ed5062785e,10,9b77dad2bdcf4814b042fa47889f19f6,0.8096973671829161,0.7514249123934372,0.058272454789478845,0.1751716467897627,0.47526228071635096,-0.30009063392658825,0.30009063392658825,False,False,,
M2:A1,bbe3bc5ca1434a2ea802f5ed5062785e,12,097394612e494d1ebe1750ed54a27763,0.6739724628470268,0.6165583454749256,0.057414117372101225,0.24633987188029516,0.5209618964040315,-0.2746220245237363,0.2746220245237363,False,False,,
M2:A1,bbe3bc5ca1434a2ea802f5ed5062785e,16,63d7813869b34ee9aa65064e93775e58,0.8045228191584942,0.7308262926278123,0.07369652653068193,0.15841827340024908,0.5014153663559651,-0.342997092955716,0.342997092955716,False,False,,
M2:A1,bbe3bc5ca1434a2ea802f5ed5062785e,17,3d5a6fe339f3490297e4b9d1f3949618,0.6445229631807681,0.5732516542134757,0.07127130896729239,0.27948182553843315,0.5772488803696958,-0.29776705483126265,0.29776705483126265,False,False,,
M2:A1,bbe3bc5ca1434a2ea802f5ed5062785e,18,306e66375cf94c7881864ba03782d2d2,0.5029019683473822,0.44425809616387146,0.05864387218351075,0.4614864187229165,0.7053584542106445,-0.24387203548772796,0.24387203548772796,False,False,,
M2:A1,bbe3bc5ca1434a2ea802f5ed5062785e,20,60448167db014ef49dcfb65d89d69b3f,0.5312712714813951,0.45727437357652057,0.07399689790487451,0.4219965103076648,0.7366587801890517,-0.31466226988138696,0.31466226988138696,False,False,,
M2:A1,bbe3bc5ca1434a2ea802f5ed5062785e,24,4734352144ac49a7b02960b99573fc14,0.5743260750725626,0.4786465703625664,0.0956795047099962,0.3636422332447503,0.7505211462754302,-0.3868789130306799,0.3868789130306799,False,False,,
M2:A1,6786acf4f6b644639d550c608785320f,0,65e07a70e6b5404a87bf34e49d4c0924,0.9999999999998824,0.9999999999998824,0.0,0.0,0.0,0.0,0.0,False,False,,
M2:A1,6786acf4f6b644639d550c608785320f,1,9ab5069c183c492b82b0ab30133080c1,0.8717263517452356,0.8735787851597383,-0.0018524334145026966,0.0887382261727349,0.1084877392004935,-0.019749513027758597,0.019749513027758597,False,False,,
M2:A1,6786acf4f6b644639d550c608785320f,2,4258ba3b8b8142f48c3249d310a8c3d2,0.7631185151178316,0.7675069848009516,-0.004388469683120011,0.1765008328276108,0.21381671149185916,-0.03731587866424835,0.03731587866424835,False,False,,
M2:A1,6786acf4f6b644639d550c608785320f,4,83f3eb36fc7144ab902e192db3a98c06,0.6082369997685604,0.6160638346848226,-0.007826834916262237,0.3303471812273103,0.3744326494496357,-0.0440854682223254,0.0440854682223254,False,False,,
M2:A1,6786acf4f6b644639d550c608785320f,8,cb440b4d1912467fb51d871f0ccf8e8a,0.465672661744966,0.47579227427178006,-0.010119612526814037,0.5646610455681447,0.6167555904163463,-0.05209454484820164,0.05209454484820164,False,False,,
M2:A1,6786acf4f6b644639d550c608785320f,9,13546ea263ff48f49899cb30ac0004e9,0.45591603817053333,0.4661925190823414,-0.01027648091180805,0.612198771362817,0.6998970571774851,-0.0876982858146681,0.0876982858146681,False,False,,
M2:A1,6786acf4f6b644639d550c608785320f,10,9b77dad2bdcf4814b042fa47889f19f6,0.39783842636150546,0.4123315269241935,-0.014493100562688044,0.7040529928567816,0.8011157917530335,-0.09706279889625191,0.09706279889625191,False,False,,
M2:A1,6786acf4f6b644639d550c608785320f,12,097394612e494d1ebe1750ed54a27763,0.3430837831803486,0.3191559477610821,0.02392783541926652,0.7774636937431703,0.9919188750481627,-0.21445518130499241,0.21445518130499241,False,False,,
M2:A1,6786acf4f6b644639d550c608785320f,16,63d7813869b34ee9aa65064e93775e58,0.17307091714675896,0.1759133233811434,-0.002842406234384448,1.1698040361918463,1.332169794599286,-0.16236575840743983,0.16236575840743983,False,False,,
M2:A1,6786acf4f6b644639d550c608785320f,17,3d5a6fe339f3490297e4b9d1f3949618,0.1400550644501347,0.15714406565137146,-0.01708900120123677,1.2285253474314142,1.3955223356930395,-0.16699698826162535,0.16699698826162535,False,False,,
M2:A1,6786acf4f6b644639d550c608785320f,18,306e66375cf94c7881864ba03782d2d2,0.10700888637880543,0.12735457755339305,-0.02034569117458762,1.2994242533193918,1.4727852658360825,-0.17336101251669067,0.17336101251669067,False,False,,
M2:A1,6786acf4f6b644639d550c608785320f,20,60448167db014ef49dcfb65d89d69b3f,0.08227267728277209,0.10501929269604746,-0.02274661541327537,1.369133505334288,1.5475416182355615,-0.17840811290127356,0.17840811290127356,False,False,,
M2:A1,6786acf4f6b644639d550c608785320f,24,4734352144ac49a7b02960b99573fc14,0.16344723598086813,0.18480609186913483,-0.021358855888266692,1.145185857886973,1.4095402542179696,-0.26435439633099667,0.26435439633099667,False,False,,
M2:A1,6786acf4f6b644639d550c608785320f,25,0ab9ec2730894df2b48df70d0d2e84a9,0.17580427898412976,0.1984944530654901,-0.022690174081360343,1.1177662672947644,1.420934849759783,-0.30316858246501854,0.30316858246501854,False,False,,
M2:A1,6786acf4f6b644639d550c608785320f,26,cb708f56b6104d638f93e3906cba5b82,0.18827749904421118,0.21081257267994516,-0.022535073635733982,1.0911239341844166,1.4493149813823536,-0.35819104719793704,0.35819104719793704,False,False,,
M2:A1,6786acf4f6b644639d550c608785320f,28,7f769bb638214009813b92df0cfb501a,0.19988901743185725,0.22197803385321718,-0.022089016421359936,1.082925583258482,1.4949147918492016,-0.4119892085907195,0.4119892085907195,False,False,,
M2:A1,6786acf4f6b644639d550c608785320f,32,15f4465f9fe44b80ab54908983b1cf68,0.2516110018236533,0.26756520042882764,-0.01595419860517433,1.0341893947046588,1.5618055072770674,-0.5276161125724086,0.5276161125724086,False,False,,
M2:A1,6786acf4f6b644639d550c608785320f,33,f94199c2a589484d8e32dd6bf4931d4f,0.2678218797105224,0.28941928931428795,-0.02159740960376555,1.0202291372647707,1.5629795208220976,-0.5427503835573269,0.5427503835573269,False,False,,
M2:A1,6786acf4f6b644639d550c608785320f,34,a07f902656eb4f0fb2e5a77f803fb37c,0.28393632515152933,0.2975083627656476,-0.013572037614118293,1.0103643111023795,1.6276436096556577,-0.6172792985532782,0.6172792985532782,False,False,,
M2:A1,856aeb4fa2024f1284c6290a44e9dec5,0,83f3eb36fc7144ab902e192db3a98c06,0.999999999999993,0.999999999999993,0.0,0.0,0.0,0.0,0.0,False,False,,
M2:A1,856aeb4fa2024f1284c6290a44e9dec5,1,0fc0a764b3ec4c8196ffa35598fbda5f,0.9560310093079887,0.9433685271228591,0.012662482185129553,0.026916150129429012,0.06774494572238579,-0.04082879559295678,0.04082879559295678,False,False,,
M2:A1,856aeb4fa2024f1284c6290a44e9dec5,2,ef823f39fe034fdc9651a363fc81327b,0.9133580982094256,0.8941223842176755,0.01923571399175006,0.0548908227951575,0.12696154964106326,-0.07207072684590576,0.07207072684590576,False,False,,
M2:A1,856aeb4fa2024f1284c6290a44e9dec5,4,cb440b4d1912467fb51d871f0ccf8e8a,0.8410939884516343,0.8133538500910501,0.0277401383605842,0.10574370824896008,0.20142385207689345,-0.09568014382793337,0.09568014382793337,False,False,,
M2:A1,856aeb4fa2024f1284c6290a44e9dec5,8,097394612e494d1ebe1750ed54a27763,0.6444553942625232,0.6160707376793584,0.028384656583164802,0.3116042593542998,0.39667894763243566,-0.08507468827813586,0.08507468827813586,False,False,,
M2:A1,856aeb4fa2024f1284c6290a44e9dec5,9,20601ccb0ab0445db56bad84060c1323,0.6406222223935499,0.5990264789808297,0.04159574341272021,0.3304572989487747,0.44919099995649986,-0.11873370100772518,0.11873370100772518,False,False,,
M2:A1,856aeb4fa2024f1284c6290a44e9dec5,10,746857c6bd46430fa4b5b82186e716e0,0.6241055869582741,0.5765429994420745,0.04756258751619957,0.35271113129199144,0.4645673851518898,-0.11185625385989834,0.11185625385989834,False,False,,
M2:A1,856aeb4fa2024f1284c6290a44e9dec5,12,63d7813869b34ee9aa65064e93775e58,0.6021098670634039,0.5575807233756005,0.04452914368780336,0.3793126892569252,0.4765687013128501,-0.09725601205592493,0.09725601205592493,False,False,,
M2:A1,856aeb4fa2024f1284c6290a44e9dec5,16,60448167db014ef49dcfb65d89d69b3f,0.5782496342002473,0.53659034189148,0.041659292308767304,0.38566735856369827,0.5052792026446586,-0.11961184408096037,0.11961184408096037,False,False,,
M2:A1,856aeb4fa2024f1284c6290a44e9dec5,17,f0bb168a6bc34e0bba79dd122b6394b0,0.6063570796706259,0.5684753300230423,0.03788174964758362,0.33995248249821686,0.5193963434663106,-0.17944386096809373,0.17944386096809373,False,False,,
M2:A1,856aeb4fa2024f1284c6290a44e9dec5,18,a82ac06abf0d4d5ea70af9e19e82305e,0.6334332424938306,0.5990745193226845,0.03435872317114608,0.29844668779384415,0.514816141030994,-0.2163694532371499,0.2163694532371499,False,False,,
M2:A1,856aeb4fa2024f1284c6290a44e9dec5,20,4734352144ac49a7b02960b99573fc14,0.6897937432759713,0.6554268641458804,0.034366879130090955,0.22533474170105222,0.5089999449882506,-0.2836652032871984,0.2836652032871984,False,False,,
M2:A1,856aeb4fa2024f1284c6290a44e9dec5,24,7f769bb638214009813b92df0cfb501a,0.7979971786831072,0.6695057951724824,0.12849138351062472,0.17817603456398656,0.5042057348159817,-0.3260297002519952,0.3260297002519952,False,False,,
M2:A1,856aeb4fa2024f1284c6290a44e9dec5,25,f76469bb5b5747dbaedb1c59990b5579,0.7717776479518306,0.6437272551713339,0.12805039278049668,0.1998934503905735,0.5237421269707189,-0.3238486765801454,0.3238486765801454,False,False,,
M2:A1,856aeb4fa2024f1284c6290a44e9dec5,26,770820077d44452a8428299e33808c0f,0.7494859865879245,0.6116055517141995,0.13788043487372503,0.2191443295317056,0.5646178089141242,-0.34547347938241857,0.34547347938241857,False,False,,
M2:A1,856aeb4fa2024f1284c6290a44e9dec5,28,15f4465f9fe44b80ab54908983b1cf68,0.7013085980775867,0.5742143463759929,0.12709425170159383,0.26097321347897484,0.5846695922851048,-0.32369637880613,0.32369637880613,False,False,,
M2:A1,856aeb4fa2024f1284c6290a44e9dec5,32,7ac804cee1cd4d48ac2ea0ac97726bc9,0.40851929225034317,0.333177535019027,0.07534175723131614,0.5591817705624792,0.92996109506181,-0.3707793244993308,0.3707793244993308,False,False,,
M2:A1,856aeb4fa2024f1284c6290a44e9dec5,33,54259afa6c644e1d99422df9da1c8f35,0.3364407476961326,0.27433970164106664,0.062101046055065945,0.6951682420728635,1.0570942025515289,-0.3619259604786653,0.3619259604786653,False,False,,
M2:A1,856aeb4fa2024f1284c6290a44e9dec5,34,fa8abe51b4104eb68fc7f85ab1c475bb,0.2742011730430655,0.2175178523500497,0.05668332069301582,0.8346345613614001,1.2106363238040043,-0.3760017624426042,0.3760017624426042,False,False,,
M2:A1,856aeb4fa2024f1284c6290a44e9dec5,36,76c090ac27774e66a592f40998d5537c,0.19246713734323978,0.1383555522514373,0.05411158509180247,1.0211595484616276,1.3574321419411028,-0.33627259347947525,0.33627259347947525,False,False,,
M2:A1,29d3fb54f8b746118133456815b12eeb,0,8970a737ebee4443af37102473aaef8b,0.9999999999998054,0.9999999999998054,0.0,0.0,0.0,0.0,0.0,False,False,,
M2:A1,29d3fb54f8b746118133456815b12eeb,1,83f3eb36fc7144ab902e192db3a98c06,0.9965948468973351,0.9667939418895418,0.02980090500779331,0.0021132223672967747,0.07148075457193867,-0.0693675322046419,0.0693675322046419,False,False,,
M2:A1,29d3fb54f8b746118133456815b12eeb,2,0fc0a764b3ec4c8196ffa35598fbda5f,0.9624550005514901,0.914965566972727,0.04748943357876312,0.028148826385808314,0.130091341150927,-0.10194251476511867,0.10194251476511867,False,False,,
M2:A1,29d3fb54f8b746118133456815b12eeb,4,f8de967b00394c9e88558219feef8426,0.962158666832062,0.9326546643444585,0.02950400248760343,0.07516878247808717,0.09245712238303358,-0.01728833990494641,0.01728833990494641,False,False,,
M2:A1,29d3fb54f8b746118133456815b12eeb,8,2b77a910c5e749f9a620d893361c1976,0.6127510924199738,0.6294230957303235,-0.01667200331034968,0.3516866711077142,0.3430793298851754,0.008607341222538756,-0.008607341222538756,False,False,,
M2:A1,29d3fb54f8b746118133456815b12eeb,9,097394612e494d1ebe1750ed54a27763,0.6246586956549165,0.6465438031932025,-0.021885107538285986,0.3277550780829582,0.32246240178723845,0.005292676295719723,-0.005292676295719723,False,False,,
M2:A1,29d3fb54f8b746118133456815b12eeb,10,20601ccb0ab0445db56bad84060c1323,0.498360777962739,0.5567618768882382,-0.05840109892549922,0.49540086584742665,0.43866213650463776,0.056738729342788896,-0.056738729342788896,False,False,,
M2:A1,29d3fb54f8b746118133456815b12eeb,12,ef4fbe4064a74ce6b0a52cb3dd2e0bf0,0.5786719024299302,0.6142608663298813,-0.03558896389995114,0.37620908267339254,0.3634362092246978,0.01277287344869471,-0.01277287344869471,False,False,,
M2:A1,29d3fb54f8b746118133456815b12eeb,16,49cd09e4a07145258972fc4e6b18e42d,0.9166716359544755,0.860065960387061,0.05660567556741458,0.07605012887407187,0.28182248404552146,-0.2057723551714496,0.2057723551714496,False,False,,
M2:A1,29d3fb54f8b746118133456815b12eeb,17,60448167db014ef49dcfb65d89d69b3f,0.9149948290318618,0.8344735831828616,0.08052124584900022,0.07667763764282447,0.3556670333724786,-0.27898939572965414,0.27898939572965414,False,False,,
M2:A1,29d3fb54f8b746118133456815b12eeb,18,f0bb168a6bc34e0bba79dd122b6394b0,0.908900711496382,0.8161988339867281,0.09270187750965386,0.0833741494972156,0.40331982567657243,-0.3199456761793568,0.3199456761793568,False,False,,
M2:A1,29d3fb54f8b746118133456815b12eeb,20,2a572213c61c4d40a1955c2aecee6104,0.917699753741059,0.7987986621956998,0.11890109154535922,0.0736558094157645,0.4385169628040645,-0.3648611533883,0.3648611533883,False,False,,
M2:A1,29d3fb54f8b746118133456815b12eeb,21,4734352144ac49a7b02960b99573fc14,0.8702913187979356,0.7963350191542635,0.07395629964367212,0.08684501699785112,0.4744161707199401,-0.38757115372208895,0.38757115372208895,False,False,,
M2:A1,2197057ff31949819b309f2c7ec9a113,0,83f3eb36fc7144ab902e192db3a98c06,0.9999999999998992,0.9999999999998992,0.0,0.0,0.0,0.0,0.0,False,False,,
M2:A1,2197057ff31949819b309f2c7ec9a113,1,0fc0a764b3ec4c8196ffa35598fbda5f,0.9783697580343034,0.9367080630388019,0.04166169499550143,0.03740508866839598,0.12130018956752504,-0.08389510089912906,0.08389510089912906,False,False,,
M2:A1,2197057ff31949819b309f2c7ec9a113,2,ef823f39fe034fdc9651a363fc81327b,0.9722647893846064,0.8973979297281143,0.07486685965649209,0.041253987760111986,0.19025113862636744,-0.14899715086625545,0.14899715086625545,False,False,,
M2:A1,2197057ff31949819b309f2c7ec9a113,4,cb440b4d1912467fb51d871f0ccf8e8a,0.8126847509926396,0.7678756594993097,0.0448090914933299,0.16038481124284484,0.2986669477840673,-0.13828213654122248,0.13828213654122248,False,False,,
M2:A1,2197057ff31949819b309f2c7ec9a113,8,097394612e494d1ebe1750ed54a27763,0.6180330623549515,0.6205718937952239,-0.0025388314402724488,0.3403172584348208,0.34859461194140823,-0.008277353506587426,0.008277353506587426,False,False,,
M2:A1,2197057ff31949819b309f2c7ec9a113,9,20601ccb0ab0445db56bad84060c1323,0.4706715944754047,0.4928647325936578,-0.02219313811825313,0.5328518897313064,0.5193294621675335,0.013522427563772865,-0.013522427563772865,False,False,,
M2:A1,2197057ff31949819b309f2c7ec9a113,10,746857c6bd46430fa4b5b82186e716e0,0.4956713610224607,0.5312414629414145,-0.03557010191895382,0.48522949261454446,0.46543740237662606,0.01979209023791839,-0.01979209023791839,False,False,,
M2:A1,2197057ff31949819b309f2c7ec9a113,12,63d7813869b34ee9aa65064e93775e58,0.8198561968005397,0.7981938173503176,0.02166237945022209,0.12932835136671617,0.3435433690375314,-0.21421501767081524,0.21421501767081524,False,False,,
M2:A1,2197057ff31949819b309f2c7ec9a113,16,60448167db014ef49dcfb65d89d69b3f,0.8090052253772161,0.7727071435534957,0.03629808182372041,0.13305339861238843,0.3584418978108135,-0.22538849919842505,0.22538849919842505,False,False,,
M2:A1,2197057ff31949819b309f2c7ec9a113,17,f0bb168a6bc34e0bba79dd122b6394b0,0.8233875971911819,0.7722184656438537,0.05116913154732827,0.12394108338899203,0.4160690884328192,-0.2921280050438272,0.2921280050438272,False,False,,
M2:A1,2197057ff31949819b309f2c7ec9a113,18,a82ac06abf0d4d5ea70af9e19e82305e,0.8375661339229783,0.7796769090113247,0.0578892249116536,0.11885383657347903,0.4635390265299817,-0.34468518995650266,0.34468518995650266,False,False,,
M2:A1,2197057ff31949819b309f2c7ec9a113,20,4734352144ac49a7b02960b99573fc14,0.8320609541899184,0.7113116804095985,0.12074927378031997,0.19950144896604066,0.7333276597011154,-0.5338262107350746,0.5338262107350746,False,False,,
M2:A1,2197057ff31949819b309f2c7ec9a113,24,7f769bb638214009813b92df0cfb501a,0.6064942014696918,0.5187910747349949,0.08770312673469693,0.3151300782033223,0.757788869106253,-0.4426587909029307,0.4426587909029307,False,False,,
M2:A1,2197057ff31949819b309f2c7ec9a113,25,f76469bb5b5747dbaedb1c59990b5579,0.6433452042298683,0.5398763436099959,0.10346886061987237,0.2852200595881794,0.7153109462282248,-0.43009088664004536,0.43009088664004536,False,False,,
M2:A1,2197057ff31949819b309f2c7ec9a113,26,770820077d44452a8428299e33808c0f,0.6401884313993972,0.5153821586307806,0.12480627276861656,0.286607340461119,0.8153054982605441,-0.5286981577994251,0.5286981577994251,False,False,,
M2:A1,2197057ff31949819b309f2c7ec9a113,28,15f4465f9fe44b80ab54908983b1cf68,0.5229561474424917,0.42535885330084994,0.09759729414164181,0.4397208142427973,0.8876072478698634,-0.44788643362706615,0.44788643362706615,False,False,,
M2:A1,2197057ff31949819b309f2c7ec9a113,32,7ac804cee1cd4d48ac2ea0ac97726bc9,0.36670751364531534,0.31669274766060856,0.05001476598470678,0.6840436387960708,0.9804845026810968,-0.296440863885026,0.296440863885026,False,False,,
M2:A1,2197057ff31949819b309f2c7ec9a113,33,54259afa6c644e1d99422df9da1c8f35,0.3323949418554054,0.26298349507622426,0.06941144677918115,0.7487192082486805,1.260484844740023,-0.5117656364913424,0.5117656364913424,False,False,,
M2:A1,29f69a7cb2c544c8a5ef26437a48e021,0,f8de967b00394c9e88558219feef8426,1.000000000000046,1.000000000000046,0.0,0.0,0.0,0.0,0.0,False,False,,
M2:A1,29f69a7cb2c544c8a5ef26437a48e021,1,cb440b4d1912467fb51d871f0ccf8e8a,0.9625426423138167,0.9616526058446465,0.0008900364691701856,0.03607146824511076,0.06106600133984986,-0.024994533094739098,0.024994533094739098,False,False,,
M2:A1,29f69a7cb2c544c8a5ef26437a48e021,2,13546ea263ff48f49899cb30ac0004e9,0.9239134151522346,0.9330143929578224,-0.009100977805587829,0.08142706704342972,0.11088882828851022,-0.0294617612450805,0.0294617612450805,False,False,,
M2:A1,29f69a7cb2c544c8a5ef26437a48e021,4,2b77a910c5e749f9a620d893361c1976,0.8600905018566661,0.9126017854967571,-0.052511283640090944,0.15928990457783007,0.12992589791426856,0.02936400666356151,-0.02936400666356151,False,False,,
M2:A1,29f69a7cb2c544c8a5ef26437a48e021,8,ef4fbe4064a74ce6b0a52cb3dd2e0bf0,0.606550843427769,0.6541768850924085,-0.04762604166463946,0.3679780389256859,0.29678248477888813,0.07119555414679779,-0.07119555414679779,False,False,,
M2:A1,29f69a7cb2c544c8a5ef26437a48e021,9,63d7813869b34ee9aa65064e93775e58,0.5657062929273866,0.6962905978691893,-0.13058430494180273,0.44225516070138376,0.2472194750245512,0.19503568567683258,-0.19503568567683258,False,False,,
M2:A1,29f69a7cb2c544c8a5ef26437a48e021,10,3d5a6fe339f3490297e4b9d1f3949618,0.5208350529614985,0.6950415109824671,-0.17420645802096868,0.5396144995589832,0.22972422461107642,0.3098902749479068,-0.3098902749479068,False,False,,
M2:A1,29f69a7cb2c544c8a5ef26437a48e021,12,49cd09e4a07145258972fc4e6b18e42d,0.36450695696196195,0.375226511546288,-0.010719554584326052,0.6444183791232295,0.6741397879932616,-0.02972140887003205,0.02972140887003205,False,False,,
M2:A1,29f69a7cb2c544c8a5ef26437a48e021,16,2a572213c61c4d40a1955c2aecee6104,0.4607122009204285,0.48629391242372244,-0.025581711503293914,0.46033687720191313,0.5033973359548534,-0.043060458752940234,0.043060458752940234,False,False,,
M2:A1,29f69a7cb2c544c8a5ef26437a48e021,17,4734352144ac49a7b02960b99573fc14,0.5185872157264623,0.514031313754328,0.004555901972134291,0.3824297222173743,0.4865431498369007,-0.10411342761952641,0.10411342761952641,False,False,,
M2:A1,29f69a7cb2c544c8a5ef26437a48e021,18,0ab9ec2730894df2b48df70d0d2e84a9,0.540367420691718,0.5370525318406167,0.0033148888511012053,0.3645022806062866,0.4982409816468026,-0.133738701040516,0.133738701040516,False,False,,
M2:A1,29f69a7cb2c544c8a5ef26437a48e021,20,fd6002d736cb405796fc4fbdd5af6f7f,0.5901554859764055,0.5857853390239451,0.0043701469524604075,0.34890106654608455,0.5093416354309341,-0.1604405688848496,0.1604405688848496,False,False,,
M2:A1,29f69a7cb2c544c8a5ef26437a48e021,24,8a7007fd59cf4f39a3855b0e82136105,0.5161505213838219,0.434516092607208,0.08163442877661387,0.4246935527695838,0.582231101860042,-0.1575375490904582,0.1575375490904582,False,False,,
M2:A1,29f69a7cb2c544c8a5ef26437a48e021,25,15f4465f9fe44b80ab54908983b1cf68,0.48233021772724716,0.3986301809614332,0.08370003676581395,0.45302148711840073,0.6175869288159476,-0.16456544169754683,0.16456544169754683,False,False,,
M2:A1,29f69a7cb2c544c8a5ef26437a48e021,26,f94199c2a589484d8e32dd6bf4931d4f,0.4493293545963147,0.36631931620939323,0.08301003838692145,0.48753525702122236,0.6505797001297773,-0.16304444310855493,0.16304444310855493,False,False,,
M2:A1,29f69a7cb2c544c8a5ef26437a48e021,28,bec365d878c4413d85d5fbb3eb3b3f46,0.3882761290617608,0.3115370341416616,0.07673909492009917,0.5642134878704657,0.7286215908094199,-0.16440810293895425,0.16440810293895425,False,False,,
M2:A1,29f69a7cb2c544c8a5ef26437a48e021,30,54259afa6c644e1d99422df9da1c8f35,0.10523033833938894,0.0869971685375739,0.01823316980181504,1.2510463402041765,1.3469880974818047,-0.09594175727762821,0.09594175727762821,False,False,,
M2:A1,a661e4cd1f644266a8307b4948082ae7,0,cb440b4d1912467fb51d871f0ccf8e8a,0.99999999999994,0.99999999999994,0.0,0.0,0.0,0.0,0.0,False,False,,
M2:A1,a661e4cd1f644266a8307b4948082ae7,1,13546ea263ff48f49899cb30ac0004e9,0.9327627047255957,0.925630560001338,0.007132144724257716,0.04659742588611272,0.06438869524750619,-0.01779126936139347,0.01779126936139347,False,False,,
M2:A1,a661e4cd1f644266a8307b4948082ae7,2,9b77dad2bdcf4814b042fa47889f19f6,0.8710020866405345,0.8640568975059526,0.006945189134581864,0.09336866740084013,0.12260097514682078,-0.02923230774598065,0.02923230774598065,False,False,,
M2:A1,a661e4cd1f644266a8307b4948082ae7,4,097394612e494d1ebe1750ed54a27763,0.7654974300775809,0.77037363089126,-0.004876200813679121,0.1796425396333716,0.1963008068659093,-0.016658267232537716,0.016658267232537716,False,False,,
M2:A1,a661e4cd1f644266a8307b4948082ae7,8,63d7813869b34ee9aa65064e93775e58,0.7053997133095864,0.7763087963358771,-0.07090908302629073,0.22669517775280734,0.15334123299271682,0.07335394476009052,-0.07335394476009052,False,False,,
M2:A1,a661e4cd1f644266a8307b4948082ae7,9,3d5a6fe339f3490297e4b9d1f3949618,0.6949446135268098,0.7805300664211692,-0.08558545289435937,0.23911630915980198,0.14120400699087443,0.09791230216892755,-0.09791230216892755,False,False,,
M2:A1,a661e4cd1f644266a8307b4948082ae7,10,306e66375cf94c7881864ba03782d2d2,0.659750220403219,0.7707199185336581,-0.11096969813043911,0.29488675427295497,0.1478808325800701,0.14700592169288487,-0.14700592169288487,False,False,,
M2:A1,a661e4cd1f644266a8307b4948082ae7,12,60448167db014ef49dcfb65d89d69b3f,0.6044554836661359,0.7289108821581547,-0.12445539849201881,0.3817745230886418,0.1792159756512127,0.2025585474374291,-0.2025585474374291,False,False,,
M2:A1,a661e4cd1f644266a8307b4948082ae7,16,4734352144ac49a7b02960b99573fc14,0.6906758751059127,0.819262608310728,-0.12858673320481528,0.31736917735882164,0.1352639318931167,0.18210524546570495,-0.18210524546570495,False,False,,
M2:A1,a661e4cd1f644266a8307b4948082ae7,17,0ab9ec2730894df2b48df70d0d2e84a9,0.7010764000821791,0.7338775251466856,-0.0328011250645065,0.3154137268006069,0.17969694486213247,0.13571678193847445,-0.13571678193847445,False,False,,
M2:A1,a661e4cd1f644266a8307b4948082ae7,18,cb708f56b6104d638f93e3906cba5b82,0.6532025749852365,0.6721877299943699,-0.018985155009133448,0.32415620679489593,0.22825696513404528,0.09589924166085065,-0.09589924166085065,False,False,,
M2:A1,a661e4cd1f644266a8307b4948082ae7,20,7f769bb638214009813b92df0cfb501a,0.5600221224367218,0.5445496689600885,0.015472453476633286,0.3731193584218295,0.3706445975558791,0.0024747608659503872,-0.0024747608659503872,False,False,,
M2:A1,a661e4cd1f644266a8307b4948082ae7,24,15f4465f9fe44b80ab54908983b1cf68,0.4035323708740109,0.37249635677325965,0.03103601410075124,0.5443935671923543,0.6124887959017894,-0.06809522870943507,0.06809522870943507,False,False,,
M2:A1,a661e4cd1f644266a8307b4948082ae7,25,f94199c2a589484d8e32dd6bf4931d4f,0.37020813711502176,0.337438563921398,0.03276957319362378,0.594543105612493,0.6743295037662489,-0.07978639815375588,0.07978639815375588,False,False,,
M2:A1,a661e4cd1f644266a8307b4948082ae7,26,a07f902656eb4f0fb2e5a77f803fb37c,0.3393689553029397,0.30487200939160847,0.034496945911331234,0.6461376163233025,0.734864851593297,-0.08872723526999449,0.08872723526999449,False,False,,
M2:A1,a661e4cd1f644266a8307b4948082ae7,28,7ac804cee1cd4d48ac2ea0ac97726bc9,0.27716877988236494,0.23755519439707545,0.03961358548528948,0.7635685556006301,0.8739124739468557,-0.11034391834622559,0.11034391834622559,False,False,,
M2:A1,a661e4cd1f644266a8307b4948082ae7,32,76c090ac27774e66a592f40998d5537c,0.177114953529724,0.14024871430867009,0.03686623922105392,1.0005097404146623,1.1148985280224262,-0.11438878760776383,0.11438878760776383,False,False,,
M2:A1,9ca01ff2a1b54d2eafaed768e58783ad,0,f8de967b00394c9e88558219feef8426,0.9999999999998023,0.9999999999998023,0.0,0.0,0.0,0.0,0.0,False,False,,
M2:A1,9ca01ff2a1b54d2eafaed768e58783ad,1,cb440b4d1912467fb51d871f0ccf8e8a,0.9031962180308298,0.9049980411490247,-0.0018018231181948785,0.06996492469142923,0.07645194946762593,-0.006487024776196698,0.006487024776196698,False,False,,
M2:A1,9ca01ff2a1b54d2eafaed768e58783ad,2,13546ea263ff48f49899cb30ac0004e9,0.8145840148573208,0.8193214383584089,-0.004737423501088078,0.1390316697652122,0.15327992210282929,-0.01424825233761709,0.01424825233761709,False,False,,
M2:A1,9ca01ff2a1b54d2eafaed768e58783ad,4,2b77a910c5e749f9a620d893361c1976,0.7729034108397136,0.7708847542056119,0.002018656634101723,0.16559685742299152,0.2084165029943826,-0.04281964557139109,0.04281964557139109,False,False,,
M2:A1,9ca01ff2a1b54d2eafaed768e58783ad,8,ef4fbe4064a74ce6b0a52cb3dd2e0bf0,0.8924517892585577,0.8005988807467695,0.09185290851178818,0.0913767242208732,0.3239375300713127,-0.2325608058504395,0.2325608058504395,False,False,,
M2:A1,9ca01ff2a1b54d2eafaed768e58783ad,9,63d7813869b34ee9aa65064e93775e58,0.8787502698659773,0.7942968717769273,0.08445339808904995,0.09711174835837674,0.34438228326154013,-0.2472705349031634,0.2472705349031634,False,False,,
M2:A1,9ca01ff2a1b54d2eafaed768e58783ad,10,3d5a6fe339f3490297e4b9d1f3949618,0.8419819357625544,0.7786101999773596,0.06337173578519484,0.11768524522376334,0.37836223282566095,-0.2606769876018976,0.2606769876018976,False,False,,
M2:A1,9ca01ff2a1b54d2eafaed768e58783ad,12,49cd09e4a07145258972fc4e6b18e42d,0.7785715035092602,0.775009277629788,0.0035622258794721917,0.17284949821132078,0.35822041006237454,-0.18537091185105375,0.18537091185105375,False,False,,
M2:A1,9ca01ff2a1b54d2eafaed768e58783ad,16,2a572213c61c4d40a1955c2aecee6104,0.7182728258075036,0.5941923115328326,0.12408051427467104,0.21032903861379942,0.5018443685051647,-0.29151532989136525,0.29151532989136525,False,False,,
M2:A1,9ca01ff2a1b54d2eafaed768e58783ad,17,4734352144ac49a7b02960b99573fc14,0.6462659500274577,0.5400574695125059,0.1062084805149518,0.2620223474502954,0.5700639576582817,-0.30804161020798626,0.30804161020798626,False,False,,
M2:A1,9ca01ff2a1b54d2eafaed768e58783ad,18,0ab9ec2730894df2b48df70d0d2e84a9,0.5856982325405901,0.4868849581688286,0.09881327437176146,0.31977557822072783,0.6524885005374503,-0.3327129223167225,0.3327129223167225,False,False,,
M2:A1,9ca01ff2a1b54d2eafaed768e58783ad,20,fd6002d736cb405796fc4fbdd5af6f7f,0.47190241038106284,0.3888263372774591,0.08307607310360376,0.4491783207005613,0.7563104522120581,-0.30713213151149676,0.30713213151149676,False,False,,
M2:A1,9ca01ff2a1b54d2eafaed768e58783ad,24,8a7007fd59cf4f39a3855b0e82136105,0.29722922116248857,0.23940858008167076,0.0578206410808178,0.733471410461862,0.9866399515501825,-0.25316854108832043,0.25316854108832043,False,False,,
M2:A1,9ca01ff2a1b54d2eafaed768e58783ad,25,15f4465f9fe44b80ab54908983b1cf68,0.2583575180185873,0.20244436076051037,0.05591315725807694,0.8145105395659344,1.0718400425285588,-0.25732950296262436,0.25732950296262436,False,False,,
M2:A1,9ca01ff2a1b54d2eafaed768e58783ad,26,f94199c2a589484d8e32dd6bf4931d4f,0.22296056501743575,0.16930476774670106,0.05365579727073469,0.8959192163032959,1.1542297736263054,-0.25831055732300956,0.25831055732300956,False,False,,
M2:A1,9ca01ff2a1b54d2eafaed768e58783ad,28,bec365d878c4413d85d5fbb3eb3b3f46,0.16001472086427657,0.11425253530847147,0.04576218555580509,1.0627437909605673,1.304567278674776,-0.2418234877142087,0.2418234877142087,False,False,,
M2:A1,9ca01ff2a1b54d2eafaed768e58783ad,32,bc84a61f13f744cd8f5aa8e888ce879b,0.08511944473740082,0.04330896638871766,0.041810478348683164,1.2953458561520275,1.5166399025636306,-0.2212940464116031,0.2212940464116031,False,False,,
M2:A1,9ca01ff2a1b54d2eafaed768e58783ad,33,76c090ac27774e66a592f40998d5537c,0.06690151894674394,0.023518641561516333,0.04338287738522761,1.3562021272383995,1.5805068639094388,-0.22430473667103934,0.22430473667103934,False,False,,
M2:A1,a1cc58fdb3fa4a0097a315a77ce1be90,0,2a572213c61c4d40a1955c2aecee6104,1.000000000000094,1.000000000000094,0.0,0.0,0.0,0.0,0.0,False,False,,
M2:A1,a1cc58fdb3fa4a0097a315a77ce1be90,1,4734352144ac49a7b02960b99573fc14,0.8068445033484741,0.8812609408114118,-0.07441643746293769,0.15771033273651655,0.13586311967688322,0.02184721305963333,-0.02184721305963333,False,False,,
M2:A1,a1cc58fdb3fa4a0097a315a77ce1be90,2,0ab9ec2730894df2b48df70d0d2e84a9,0.8704058493137835,0.7876221083761016,0.08278374093768193,0.10181622558666832,0.2544726686041462,-0.15265644301747788,0.15265644301747788,False,False,,
M2:A1,a1cc58fdb3fa4a0097a315a77ce1be90,4,fd6002d736cb405796fc4fbdd5af6f7f,0.7361017000800528,0.6455226538134686,0.0905790462665842,0.22124577023266936,0.45583629425581806,-0.2345905240231487,0.2345905240231487,False,False,,
M2:A1,a1cc58fdb3fa4a0097a315a77ce1be90,8,8a7007fd59cf4f39a3855b0e82136105,0.7913863745238768,0.4242044696403701,0.3671819048835067,0.16051674579432607,0.6638692429692555,-0.5033524971749295,0.5033524971749295,False,False,,
M2:A1,a1cc58fdb3fa4a0097a315a77ce1be90,9,15f4465f9fe44b80ab54908983b1cf68,0.6741635809254081,0.35840330277066423,0.31576027815474383,0.28357238240701443,0.7648599680687366,-0.48128758566172214,0.48128758566172214,False,False,,
M2:A1,a1cc58fdb3fa4a0097a315a77ce1be90,10,f94199c2a589484d8e32dd6bf4931d4f,0.5739802027610078,0.3125421943748051,0.2614380083862027,0.4098193673001185,0.8362136546427735,-0.42639428734265505,0.42639428734265505,False,False,,
M2:A1,a1cc58fdb3fa4a0097a315a77ce1be90,12,bec365d878c4413d85d5fbb3eb3b3f46,0.5158717379066657,0.2712916266204443,0.24458011128622142,0.4883080429599258,0.9171439740789806,-0.4288359311190548,0.4288359311190548,False,False,,
M2:A1,a1cc58fdb3fa4a0097a315a77ce1be90,16,bc84a61f13f744cd8f5aa8e888ce879b,0.39213082101005975,0.18166893050345032,0.21046189050660943,0.6779344424775221,1.1233210549909471,-0.44538661251342504,0.44538661251342504,False,False,,
M2:A1,a1cc58fdb3fa4a0097a315a77ce1be90,17,76c090ac27774e66a592f40998d5537c,0.36238307245983703,0.15755167549871318,0.20483139696112385,0.729067889096303,1.1892434852699056,-0.4601755961736026,0.4601755961736026,False,False,,
M2:A1,307a3275c31f452eb9c7c66636c7bb27,0,306e66375cf94c7881864ba03782d2d2,1.0000000000000038,1.0000000000000038,0.0,0.0,0.0,0.0,0.0,False,False,,
M2:A1,307a3275c31f452eb9c7c66636c7bb27,1,49cd09e4a07145258972fc4e6b18e42d,0.9846766642774992,0.9622097427925179,0.022466921484981306,0.009482166717423983,0.05891013948937683,-0.04942797277195285,0.04942797277195285,False,False,,
M2:A1,307a3275c31f452eb9c7c66636c7bb27,2,60448167db014ef49dcfb65d89d69b3f,0.9677406971630621,0.9563441071251346,0.011396590037927479,0.01986267840207596,0.045412128886872655,-0.025549450484796694,0.025549450484796694,False,False,,
M2:A1,307a3275c31f452eb9c7c66636c7bb27,4,a82ac06abf0d4d5ea70af9e19e82305e,0.9504519857609993,0.9199274310703254,0.030524554690673944,0.03685235204348516,0.049350719299570155,-0.012498367256084997,0.012498367256084997,False,False,,
M2:A1,307a3275c31f452eb9c7c66636c7bb27,8,cb708f56b6104d638f93e3906cba5b82,0.6450479173818735,0.40525575502628136,0.23979216235559214,0.3156383065468288,1.2683408697854603,-0.9527025632386316,0.9527025632386316,False,False,,
M2:A1,307a3275c31f452eb9c7c66636c7bb27,9,fd6002d736cb405796fc4fbdd5af6f7f,0.5672756180374955,0.3677000321879386,0.19957558584955687,0.40501058201729245,1.2574061308724858,-0.8523955488551933,0.8523955488551933,False,False,,
M2:A1,307a3275c31f452eb9c7c66636c7bb27,10,7f769bb638214009813b92df0cfb501a,0.4881735990613741,0.3262010422628266,0.1619725567985475,0.5102474010673114,1.248310646633974,-0.7380632455666626,0.7380632455666626,False,False,,
M2:A1,307a3275c31f452eb9c7c66636c7bb27,12,770820077d44452a8428299e33808c0f,0.3840866542127808,0.2597206609488323,0.12436599326394854,0.6664604219685543,1.3259232345209548,-0.6594628125524006,0.6594628125524006,False,False,,
M2:A1,307a3275c31f452eb9c7c66636c7bb27,16,a07f902656eb4f0fb2e5a77f803fb37c,0.25396205784602455,0.17487620139493332,0.07908585645109123,0.8980009996513061,1.4479929488428018,-0.5499919491914957,0.5499919491914957,False,False,,
M2:A1,307a3275c31f452eb9c7c66636c7bb27,17,bec365d878c4413d85d5fbb3eb3b3f46,0.21877263983024944,0.15130636266924408,0.06746627716100537,0.9684313760010078,1.4807084140781197,-0.5122770380771119,0.5122770380771119,False,False,,
M2:A1,307a3275c31f452eb9c7c66636c7bb27,18,7ac804cee1cd4d48ac2ea0ac97726bc9,0.18532443603643967,0.12888924562163823,0.05643519041480144,1.0386261238049699,1.5078128899562109,-0.469186766151241,0.469186766151241,False,False,,
M2:A1,d71462c2ae74472bae3adbf7a41b2fc7,0,65e07a70e6b5404a87bf34e49d4c0924,0.9999999999999561,0.9999999999999561,0.0,0.0,0.0,0.0,0.0,False,False,,
M2:A1,d71462c2ae74472bae3adbf7a41b2fc7,1,9ab5069c183c492b82b0ab30133080c1,0.8983664583653632,0.8794398912143265,0.01892656715103669,0.06478023352554181,0.07938284996279954,-0.014602616437257729,0.014602616437257729,False,False,,
M2:A1,d71462c2ae74472bae3adbf7a41b2fc7,2,4258ba3b8b8142f48c3249d310a8c3d2,0.8764699599013448,0.8321934956140535,0.04427646428729126,0.08398766003563247,0.12232454948032548,-0.038336889444693004,0.038336889444693004,False,False,,
M2:A1,d71462c2ae74472bae3adbf7a41b2fc7,4,83f3eb36fc7144ab902e192db3a98c06,0.8504217983920449,0.8062741162288729,0.044147682163172,0.11100738473929297,0.15817269131694411,-0.04716530657765114,0.04716530657765114,False,False,,
M2:A1,d71462c2ae74472bae3adbf7a41b2fc7,8,cb440b4d1912467fb51d871f0ccf8e8a,0.8363858452583095,0.83760232307564,-0.0012164778173304747,0.13023307913782076,0.11784975279475823,0.012383326343062523,-0.012383326343062523,False,False,,
M2:A1,d71462c2ae74472bae3adbf7a41b2fc7,9,13546ea263ff48f49899cb30ac0004e9,0.7438322669300871,0.7376210337328389,0.006211233197248145,0.21055041732801577,0.21006814625349585,0.00048227107451992435,-0.00048227107451992435,False,False,,
M2:A1,d71462c2ae74472bae3adbf7a41b2fc7,10,9b77dad2bdcf4814b042fa47889f19f6,0.819993837435898,0.8527174040294813,-0.03272356659358322,0.13763158623204008,0.110022731709988,0.027608854522052084,-0.027608854522052084,False,False,,
M2:A1,d71462c2ae74472bae3adbf7a41b2fc7,12,097394612e494d1ebe1750ed54a27763,0.937567107148786,0.9449093435193069,-0.007342236370520894,0.07654028225799553,0.07027634407962967,0.00626393817836586,-0.00626393817836586,False,False,,
M2:A1,d71462c2ae74472bae3adbf7a41b2fc7,16,63d7813869b34ee9aa65064e93775e58,0.4118246326666868,0.3819487451516559,0.029875887515030897,0.6274628410933408,0.687338629470454,-0.05987578837711316,0.05987578837711316,False,False,,
M2:A1,d71462c2ae74472bae3adbf7a41b2fc7,17,3d5a6fe339f3490297e4b9d1f3949618,0.35093497655674194,0.32143749654570664,0.029497480011035304,0.7239668755373758,0.7832082259401276,-0.0592413504027518,0.0592413504027518,False,False,,
M2:A1,d71462c2ae74472bae3adbf7a41b2fc7,18,306e66375cf94c7881864ba03782d2d2,0.366410246893178,0.3292771852497043,0.03713306164347374,0.6963657640609755,0.7784064687667013,-0.08204070470572578,0.08204070470572578,False,False,,
M2:A1,d71462c2ae74472bae3adbf7a41b2fc7,20,60448167db014ef49dcfb65d89d69b3f,0.4003347313532957,0.34533091611352057,0.055003815239775156,0.6407934423248647,0.7759979223131656,-0.13520447998830087,0.13520447998830087,False,False,,
M2:A1,d71462c2ae74472bae3adbf7a41b2fc7,24,4734352144ac49a7b02960b99573fc14,0.4046678560464903,0.3549318416347309,0.0497360144117594,0.635064551105943,0.7333696146562766,-0.09830506355033364,0.09830506355033364,False,False,,
M2:A1,d71462c2ae74472bae3adbf7a41b2fc7,25,0ab9ec2730894df2b48df70d0d2e84a9,0.37163807866126886,0.32145383638108593,0.05018424228018292,0.6908601639157887,0.7936783729764397,-0.10281820906065098,0.10281820906065098,False,False,,
M2:A1,d71462c2ae74472bae3adbf7a41b2fc7,26,cb708f56b6104d638f93e3906cba5b82,0.33928967978989194,0.29006750729302533,0.04922217249686661,0.7476672200996387,0.8533110697113458,-0.10564384961170714,0.10564384961170714,False,False,,
M2:A1,d71462c2ae74472bae3adbf7a41b2fc7,28,7f769bb638214009813b92df0cfb501a,0.20602131821795847,0.1725707571243216,0.033450561093636866,1.0057831715022412,1.1048464988674702,-0.09906332736522905,0.09906332736522905,False,False,,
M2:A1,d71462c2ae74472bae3adbf7a41b2fc7,32,15f4465f9fe44b80ab54908983b1cf68,0.12732135344769727,0.10878198765275843,0.01853936579493884,1.174674277224539,1.238906566438465,-0.06423228921392599,0.06423228921392599,False,False,,
M2:A1,d71462c2ae74472bae3adbf7a41b2fc7,33,f94199c2a589484d8e32dd6bf4931d4f,0.09722512764633331,0.08477191016288055,0.012453217483452766,1.2808075209069165,1.3106257936280306,-0.029818272721114036,0.029818272721114036,False,False,,
M2:A1,d71462c2ae74472bae3adbf7a41b2fc7,34,a07f902656eb4f0fb2e5a77f803fb37c,0.05237293083133968,0.03753123143852096,0.014841699392818722,1.4159249979008912,1.4626177106850684,-0.04669271278417719,0.04669271278417719,False,False,,
M2:A1,d71462c2ae74472bae3adbf7a41b2fc7,36,7ac804cee1cd4d48ac2ea0ac97726bc9,0.011433722723618837,0.0,0.011433722723618837,1.5510919576321172,1.6132096376629754,-0.06211768003085827,0.06211768003085827,False,False,,
M2:A1,d71462c2ae74472bae3adbf7a41b2fc7,40,76c090ac27774e66a592f40998d5537c,0.0,0.0,0.0,1.7123241117217571,1.786198588001901,-0.07387447628014376,0.07387447628014376,False,False,,
M2:A1,6ad58d370ed542a9a68e1fcf5a4f2ee7,0,2b77a910c5e749f9a620d893361c1976,1.0000000000000018,1.0000000000000018,0.0,0.0,0.0,0.0,0.0,False,False,,
M2:A1,6ad58d370ed542a9a68e1fcf5a4f2ee7,1,097394612e494d1ebe1750ed54a27763,0.910364145658265,0.910364145658265,0.0,0.08000000000000007,0.08000000000000007,0.0,0.0,True,True,,
M2:A1,6ad58d370ed542a9a68e1fcf5a4f2ee7,2,20601ccb0ab0445db56bad84060c1323,0.828418230563004,0.828418230563004,0.0,0.16000000000000014,0.16000000000000014,0.0,0.0,True,True,,
M2:A1,6ad58d370ed542a9a68e1fcf5a4f2ee7,4,ef4fbe4064a74ce6b0a52cb3dd2e0bf0,0.6839506172839515,0.6839506172839515,0.0,0.3200000000000003,0.3200000000000003,0.0,0.0,True,True,,
M2:A1,6ad58d370ed542a9a68e1fcf5a4f2ee7,8,49cd09e4a07145258972fc4e6b18e42d,0.45510786071732584,0.4544171875966286,0.0006906731206972605,0.6302077863672473,0.6345160113472129,-0.004308224979965636,0.004308224979965636,False,False,,
M2:A1,6ad58d370ed542a9a68e1fcf5a4f2ee7,9,60448167db014ef49dcfb65d89d69b3f,0.4090197549228968,0.4114381593977659,-0.0024184044748690736,0.7012801435739067,0.7059313352556429,-0.004651191681736222,0.004651191681736222,False,False,,
M2:A1,6ad58d370ed542a9a68e1fcf5a4f2ee7,10,f0bb168a6bc34e0bba79dd122b6394b0,0.36627278175784506,0.3696311720025087,-0.003358390244663667,0.7734092281444456,0.7751577952339076,-0.0017485670894620275,0.0017485670894620275,False,False,,
M2:A1,6ad58d370ed542a9a68e1fcf5a4f2ee7,12,2a572213c61c4d40a1955c2aecee6104,0.3017514157505417,0.30347355269303616,-0.0017221369424944566,0.8976203275988758,0.9041705766128222,-0.006550249013946408,0.006550249013946408,False,False,,
M2:A1,6ad58d370ed542a9a68e1fcf5a4f2ee7,16,fd6002d736cb405796fc4fbdd5af6f7f,0.1931172537395001,0.19471206299115398,-0.0015948092516538948,1.1399742172067717,1.1408356869101934,-0.0008614697034217134,0.0008614697034217134,False,False,,
M2:A1,6ad58d370ed542a9a68e1fcf5a4f2ee7,17,7f769bb638214009813b92df0cfb501a,0.14667411135441802,0.1476688451243407,-0.0009947337699226788,1.2577448895851064,1.2584720659132071,-0.0007271763281007093,0.0007271763281007093,False,False,,
M2:A1,6ad58d370ed542a9a68e1fcf5a4f2ee7,18,f76469bb5b5747dbaedb1c59990b5579,0.10463153580127388,0.10393146650164733,0.0007000692996265434,1.3737276822553506,1.377022148176761,-0.003294465921410472,0.003294465921410472,False,False,,
M2:A1,6ad58d370ed542a9a68e1fcf5a4f2ee7,20,8a7007fd59cf4f39a3855b0e82136105,0.042351110287910644,0.041269298543773404,0.00108181174413724,1.5642478123063872,1.5663494208973794,-0.0021016085909921767,0.0021016085909921767,False,False,,
M2:A1,6ad58d370ed542a9a68e1fcf5a4f2ee7,24,bec365d878c4413d85d5fbb3eb3b3f46,0.0,0.0,0.0,1.8733918155928908,1.8704649582524524,0.0029268573404384046,-0.0029268573404384046,False,False,,
M2:A1,6ad58d370ed542a9a68e1fcf5a4f2ee7,25,7ac804cee1cd4d48ac2ea0ac97726bc9,0.0,0.0,0.0,1.960050209363317,1.9549041943140428,0.005146015049274144,-0.005146015049274144,False,False,,
M2:A1,6ad58d370ed542a9a68e1fcf5a4f2ee7,26,54259afa6c644e1d99422df9da1c8f35,0.0,0.0,0.0,2.021757004552791,2.0152864412425338,0.006470563310257305,-0.006470563310257305,False,False,,
M2:A1,6ad58d370ed542a9a68e1fcf5a4f2ee7,28,bc84a61f13f744cd8f5aa8e888ce879b,0.0,0.0,0.0,2.1336285356455766,2.131813068843551,0.0018154668020256004,-0.0018154668020256004,False,False,,
M2:A1,6ad58d370ed542a9a68e1fcf5a4f2ee7,29,76c090ac27774e66a592f40998d5537c,0.0,0.0,0.0,2.196113299411552,2.25174177847222,-0.055628479060668035,0.055628479060668035,False,False,,
M2:A1,55527032f0174fefa3b051a24707bf08,0,4258ba3b8b8142f48c3249d310a8c3d2,0.9999999999999701,0.9999999999999701,0.0,0.0,0.0,0.0,0.0,False,False,,
M2:A1,55527032f0174fefa3b051a24707bf08,1,8970a737ebee4443af37102473aaef8b,0.9654667408112034,0.9776814317802092,-0.012214690969005737,0.02399794366714382,0.015385590346925321,0.008612353320218499,-0.008612353320218499,False,False,,
M2:A1,55527032f0174fefa3b051a24707bf08,2,83f3eb36fc7144ab902e192db3a98c06,0.9245987739699707,0.945800216271301,-0.021201442301330253,0.053911841233232935,0.04067610382005426,0.013235737413178676,-0.013235737413178676,False,False,,
M2:A1,55527032f0174fefa3b051a24707bf08,4,ef823f39fe034fdc9651a363fc81327b,0.8700722494190217,0.8667179931293539,0.0033542562896677897,0.08664672250434849,0.12316576758206187,-0.03651904507771338,0.03651904507771338,False,False,,
M2:A1,55527032f0174fefa3b051a24707bf08,8,9b77dad2bdcf4814b042fa47889f19f6,0.6767117983600945,0.6715202277568086,0.0051915706032859,0.3382299925604121,0.4541847874917953,-0.11595479493138322,0.11595479493138322,False,False,,
M2:A1,55527032f0174fefa3b051a24707bf08,9,2b77a910c5e749f9a620d893361c1976,0.636516039580284,0.6299790411254138,0.006536998454870213,0.41005553499923053,0.5527345718833312,-0.14267903688410066,0.14267903688410066,False,False,,
M2:A1,55527032f0174fefa3b051a24707bf08,10,097394612e494d1ebe1750ed54a27763,0.6342588931709985,0.6237452667635769,0.010513626407421595,0.4363630736822037,0.6287610929166549,-0.19239801923445127,0.19239801923445127,False,False,,
M2:A1,55527032f0174fefa3b051a24707bf08,12,746857c6bd46430fa4b5b82186e716e0,0.6335246459095857,0.6143746427915713,0.019150003118014403,0.48206240899050407,0.7267639754192644,-0.24470156642876034,0.24470156642876034,False,False,,
M2:A1,55527032f0174fefa3b051a24707bf08,16,306e66375cf94c7881864ba03782d2d2,0.6373647845747328,0.6043395691015746,0.033025215473158176,0.5348454158344683,0.8319663001969141,-0.29712088436244577,0.29712088436244577,False,False,,
M2:A1,55527032f0174fefa3b051a24707bf08,17,49cd09e4a07145258972fc4e6b18e42d,0.6518855804034643,0.601149155033569,0.05073642536989531,0.4828961750241772,0.8373833169446284,-0.3544871419204512,0.3544871419204512,False,False,,
M2:A1,55527032f0174fefa3b051a24707bf08,18,60448167db014ef49dcfb65d89d69b3f,0.6563468388864667,0.5999180721555927,0.05642876673087405,0.45628666077844204,0.8633206744087331,-0.407034013630291,0.407034013630291,False,False,,
M2:A1,55527032f0174fefa3b051a24707bf08,20,a82ac06abf0d4d5ea70af9e19e82305e,0.6554138632454877,0.5970186763891062,0.058395186856381454,0.43285547526639784,0.8535798544244791,-0.4207243791580813,0.4207243791580813,False,False,,
M2:A1,55527032f0174fefa3b051a24707bf08,24,cb708f56b6104d638f93e3906cba5b82,0.6566334741563264,0.5519640667382237,0.10466940741810271,0.43958619096025314,0.909746827173917,-0.47016063621366383,0.47016063621366383,False,False,,
M2:A1,55527032f0174fefa3b051a24707bf08,25,fd6002d736cb405796fc4fbdd5af6f7f,0.5960699504736993,0.4937825615074718,0.10228738896622747,0.47334846218967935,0.9726488439333152,-0.49930038174363583,0.49930038174363583,False,False,,
M2:A1,55527032f0174fefa3b051a24707bf08,26,7f769bb638214009813b92df0cfb501a,0.5394067253644589,0.44597546549168776,0.09343125987277112,0.5209175216063845,1.0146925548459602,-0.4937750332395757,0.4937750332395757,False,False,,
M2:A1,55527032f0174fefa3b051a24707bf08,28,770820077d44452a8428299e33808c0f,0.43496856351116875,0.3577481800438422,0.07722038346732657,0.6416672394746393,1.1312993629988761,-0.4896321235242368,0.4896321235242368,False,False,,
M2:A1,55527032f0174fefa3b051a24707bf08,32,a07f902656eb4f0fb2e5a77f803fb37c,0.36929425641061525,0.29700086284090366,0.0722933935697116,0.7576551464715617,1.2423592702372985,-0.4847041237657368,0.4847041237657368,False,False,,
M2:A1,55527032f0174fefa3b051a24707bf08,33,bec365d878c4413d85d5fbb3eb3b3f46,0.3605179968409544,0.28343120238842867,0.07708679445252575,0.779573927367118,1.2840789114558708,-0.5045049840887529,0.5045049840887529,False,False,,
M2:A1,55527032f0174fefa3b051a24707bf08,34,7ac804cee1cd4d48ac2ea0ac97726bc9,0.3522320679272128,0.2654805933442806,0.0867514745829322,0.8003722218430832,1.3635792426039208,-0.5632070207608376,0.5632070207608376,False,False,,
M2:A1,55527032f0174fefa3b051a24707bf08,36,fa8abe51b4104eb68fc7f85ab1c475bb,0.2452442102807874,0.1815855134884794,0.06365869679230801,0.9828739867544793,1.5199518721244822,-0.5370778853700029,0.5370778853700029,False,False,,
M2:A1,55527032f0174fefa3b051a24707bf08,38,76c090ac27774e66a592f40998d5537c,0.15990687498581863,0.11152409061516885,0.04838278437064977,1.1788431584786492,1.7000882220309497,-0.5212450635523005,0.5212450635523005,False,False,,
M2:A1,fa6ddc168ffb4ab88b718f719357211e,0,ef823f39fe034fdc9651a363fc81327b,0.999999999999893,0.999999999999893,0.0,0.0,0.0,0.0,0.0,False,False,,
M2:A1,fa6ddc168ffb4ab88b718f719357211e,1,f8de967b00394c9e88558219feef8426,0.9822264890582495,0.9774319162369228,0.00479457282132667,0.015899946269712233,0.013201646451255843,0.0026982998184563907,-0.0026982998184563907,False,False,,
M2:A1,fa6ddc168ffb4ab88b718f719357211e,2,cb440b4d1912467fb51d871f0ccf8e8a,0.9637164154607119,0.9602282345176403,0.0034881809430715727,0.03360239351373301,0.022884780917989723,0.010717612595743286,-0.010717612595743286,False,False,,
M2:A1,fa6ddc168ffb4ab88b718f719357211e,4,9b77dad2bdcf4814b042fa47889f19f6,0.918462301103355,0.928575861379778,-0.010113560276422962,0.04010164048746825,0.04016078979201411,-5.914930454586215e-05,5.914930454586215e-05,False,False,,
M2:A1,fa6ddc168ffb4ab88b718f719357211e,8,746857c6bd46430fa4b5b82186e716e0,0.7627782958108059,0.778765604628932,-0.015987308818126045,0.1573275966528608,0.16898397976982577,-0.011656383116964958,0.011656383116964958,False,False,,
M2:A1,fa6ddc168ffb4ab88b718f719357211e,9,ef4fbe4064a74ce6b0a52cb3dd2e0bf0,0.7030959602670737,0.7173655031735315,-0.014269542906457877,0.20663330061588506,0.21667207437334066,-0.010038773757455599,0.010038773757455599,False,False,,
M2:A1,fa6ddc168ffb4ab88b718f719357211e,10,63d7813869b34ee9aa65064e93775e58,0.649489497577841,0.6826236685276151,-0.03313417094977411,0.2558966151921771,0.23319140114113948,0.02270521405103762,-0.02270521405103762,False,False,,
M2:A1,fa6ddc168ffb4ab88b718f719357211e,12,306e66375cf94c7881864ba03782d2d2,0.4953280150585947,0.5267849032748092,-0.03145688821621451,0.4619387005234571,0.4154345829971388,0.04650411752631828,-0.04650411752631828,False,False,,
M2:A1,fa6ddc168ffb4ab88b718f719357211e,16,a82ac06abf0d4d5ea70af9e19e82305e,0.5400703804739684,0.5888642015731439,-0.048793821099175516,0.39284905536131814,0.3232896591999288,0.06955939616138934,-0.06955939616138934,False,False,,
M2:A1,fa6ddc168ffb4ab88b718f719357211e,17,2a572213c61c4d40a1955c2aecee6104,0.6366868366798335,0.6376954867451581,-0.001008650065324579,0.30918340226031976,0.2748696872197615,0.034313715040558246,-0.034313715040558246,False,False,,
M2:A1,fa6ddc168ffb4ab88b718f719357211e,18,4734352144ac49a7b02960b99573fc14,0.6936241651737045,0.6946897040391093,-0.0010655388654048359,0.3193161116233291,0.23502089585245847,0.08429521577087065,-0.08429521577087065,False,False,,
M2:A1,fa6ddc168ffb4ab88b718f719357211e,20,cb708f56b6104d638f93e3906cba5b82,0.7840730500585801,0.7210210267862527,0.0630520232723274,0.290853557106425,0.2367715999883048,0.05408195711812022,-0.05408195711812022,False,False,,
M2:A1,fa6ddc168ffb4ab88b718f719357211e,24,770820077d44452a8428299e33808c0f,0.576841969171097,0.5368275303832838,0.04001443878781319,0.3827655883563736,0.3737433155093107,0.009022272847062862,-0.009022272847062862,False,False,,
M2:A1,fa6ddc168ffb4ab88b718f719357211e,25,8a7007fd59cf4f39a3855b0e82136105,0.5320593893151283,0.5021221806243904,0.029937208690737904,0.4332109739714254,0.4169038589691403,0.0163071150022851,-0.0163071150022851,False,False,,
M2:A1,fa6ddc168ffb4ab88b718f719357211e,26,15f4465f9fe44b80ab54908983b1cf68,0.48817418789854794,0.46580180249960607,0.022372385398941874,0.4924617355577153,0.4653889325669179,0.027072802990797395,-0.027072802990797395,False,False,,
M2:A1,fa6ddc168ffb4ab88b718f719357211e,28,a07f902656eb4f0fb2e5a77f803fb37c,0.4120001638721238,0.3929814617858207,0.019018702086303074,0.5988672427202566,0.5712278050863178,0.027639437633938835,-0.027639437633938835,False,False,,
M2:A1,fa6ddc168ffb4ab88b718f719357211e,32,fa8abe51b4104eb68fc7f85ab1c475bb,0.18999005338856204,0.18098199519917496,0.009008058189387075,1.0801589963378961,1.0628433556591599,0.017315640678736255,-0.017315640678736255,False,False,,
M2:A1,77268b95b44a4b89ad17df89479de81c,0,20601ccb0ab0445db56bad84060c1323,0.9999999999998592,0.9999999999998592,0.0,0.0,0.0,0.0,0.0,False,False,,
M2:A1,77268b95b44a4b89ad17df89479de81c,1,746857c6bd46430fa4b5b82186e716e0,0.7522885420134954,0.734987209775531,0.017301332237964373,0.21950529165067295,0.23099344457330387,-0.011488152922630918,0.011488152922630918,False,False,,
M2:A1,77268b95b44a4b89ad17df89479de81c,2,ef4fbe4064a74ce6b0a52cb3dd2e0bf0,0.5708017762758627,0.5407982020267761,0.030003574249086618,0.43399089551551717,0.4600412003921778,-0.0260503048766606,0.0260503048766606,False,False,,
M2:A1,77268b95b44a4b89ad17df89479de81c,4,3d5a6fe339f3490297e4b9d1f3949618,0.1566748206735454,0.14600065203218984,0.010674168641355564,1.1992462010777263,1.2169751199812882,-0.017728918903561874,0.017728918903561874,False,False,,
M2:A1,77268b95b44a4b89ad17df89479de81c,8,f0bb168a6bc34e0bba79dd122b6394b0,0.2115005807734623,0.18651775858627184,0.024982822187190445,1.06595206444701,1.1085044968731854,-0.04255243242617546,0.04255243242617546,False,False,,
M2:A1,77268b95b44a4b89ad17df89479de81c,9,a82ac06abf0d4d5ea70af9e19e82305e,0.18763918781742048,0.16401668267178313,0.02362250514563735,1.1204677002713592,1.1811870561948705,-0.0607193559235113,0.0607193559235113,False,False,,
M2:A1,77268b95b44a4b89ad17df89479de81c,10,2a572213c61c4d40a1955c2aecee6104,0.13001895019883278,0.14305169694165293,-0.01303274674282015,1.2977934619567528,1.2602592184040997,0.03753424355265311,-0.03753424355265311,False,False,,
M2:A1,77268b95b44a4b89ad17df89479de81c,12,0ab9ec2730894df2b48df70d0d2e84a9,0.10489139770864625,0.11015699045316367,-0.005265592744517419,1.3627608440007768,1.3845817533689042,-0.021820909368127417,0.021820909368127417,False,False,,
M2:A1,77268b95b44a4b89ad17df89479de81c,16,f76469bb5b5747dbaedb1c59990b5579,0.058195891629066195,0.07308537004832481,-0.014889478419258619,1.476478320651375,1.4798650201634787,-0.003386699512103686,0.003386699512103686,False,False,,
M2:A1,77268b95b44a4b89ad17df89479de81c,17,770820077d44452a8428299e33808c0f,0.04845434223072448,0.06367320795688863,-0.015218865726164155,1.500336484755002,1.5000900174711556,0.0002464672838464743,-0.0002464672838464743,False,False,,
M2:A1,77268b95b44a4b89ad17df89479de81c,18,8a7007fd59cf4f39a3855b0e82136105,0.0391729121247583,0.053771140030260955,-0.014598227905502657,1.527462093464618,1.5260438217545584,0.0014182717100594822,-0.0014182717100594822,False,False,,
M2:A1,77268b95b44a4b89ad17df89479de81c,20,f94199c2a589484d8e32dd6bf4931d4f,0.0,0.002165339605946706,-0.002165339605946706,1.7464682299879293,1.7999981123319548,-0.05352988234402556,0.05352988234402556,False,False,,
M2:A1,77268b95b44a4b89ad17df89479de81c,23,7ac804cee1cd4d48ac2ea0ac97726bc9,0.0,0.0006586702963142057,-0.0006586702963142057,1.734793256616369,1.8207872408079926,-0.08599398419162352,0.08599398419162352,False,False,,
M2:A1,e3f3d97fa9564422a37828d01c8a2f5f,0,83f3eb36fc7144ab902e192db3a98c06,1.0000000000001126,1.0000000000001126,0.0,0.0,0.0,0.0,0.0,False,False,,
M2:A1,e3f3d97fa9564422a37828d01c8a2f5f,1,0fc0a764b3ec4c8196ffa35598fbda5f,0.9323937936159467,0.9440548584541122,-0.011661064838165536,0.06891657434227376,0.03742724801066055,0.03148932633161321,-0.03148932633161321,False,False,,
M2:A1,e3f3d97fa9564422a37828d01c8a2f5f,2,ef823f39fe034fdc9651a363fc81327b,0.8667601976350292,0.8901396660369263,-0.023379468401897086,0.14692358232486072,0.07689721548975119,0.07002636683510953,-0.07002636683510953,False,False,,
M2:A1,e3f3d97fa9564422a37828d01c8a2f5f,4,cb440b4d1912467fb51d871f0ccf8e8a,0.7610619188909237,0.849328923885612,-0.08826700499468831,0.24446269795996833,0.12182339983080069,0.12263929812916764,-0.12263929812916764,False,False,,
M2:A1,e3f3d97fa9564422a37828d01c8a2f5f,8,097394612e494d1ebe1750ed54a27763,0.698547047695213,0.5698860002586272,0.1286610474365858,0.4151033289448664,0.39116336498393717,0.023939963960929234,-0.023939963960929234,False,False,,
M2:A1,e3f3d97fa9564422a37828d01c8a2f5f,9,20601ccb0ab0445db56bad84060c1323,0.6421450339947999,0.525670655306088,0.11647437868871191,0.40845950132900677,0.43363713769255485,-0.025177636363548084,0.025177636363548084,False,False,,
M2:A1,e3f3d97fa9564422a37828d01c8a2f5f,10,746857c6bd46430fa4b5b82186e716e0,0.5870539245291715,0.48443634364073235,0.10261758088843914,0.42497082698921995,0.4826176186259633,-0.057646791636743355,0.057646791636743355,False,False,,
M2:A1,e3f3d97fa9564422a37828d01c8a2f5f,12,63d7813869b34ee9aa65064e93775e58,0.4804958231978316,0.37188148190931924,0.10861434128851233,0.5217083039025657,0.6334563512970558,-0.11174804739449007,0.11174804739449007,False,False,,
M2:A1,e3f3d97fa9564422a37828d01c8a2f5f,16,60448167db014ef49dcfb65d89d69b3f,0.3897724926381652,0.278397798062239,0.11137469457592619,0.6148073927265758,0.7634617585773477,-0.14865436585077185,0.14865436585077185,False,False,,
M2:A1,e3f3d97fa9564422a37828d01c8a2f5f,17,f0bb168a6bc34e0bba79dd122b6394b0,0.3984184868862491,0.2920571823079263,0.10636130457832277,0.5892712189490841,0.7348645382945246,-0.1455933193454405,0.1455933193454405,False,False,,
M2:A1,e3f3d97fa9564422a37828d01c8a2f5f,18,a82ac06abf0d4d5ea70af9e19e82305e,0.411971777815194,0.303455695472937,0.10851608234225701,0.5603162758471043,0.7121340103524596,-0.1518177345053553,0.1518177345053553,False,False,,
M2:A1,e3f3d97fa9564422a37828d01c8a2f5f,20,4734352144ac49a7b02960b99573fc14,0.4672698831006888,0.31727733731536506,0.14999254578532373,0.46569578956987967,0.6719815001103892,-0.20628571054050948,0.20628571054050948,False,False,,
M2:A1,e3f3d97fa9564422a37828d01c8a2f5f,22,cb708f56b6104d638f93e3906cba5b82,0.5119704527166348,0.3273588210299847,0.18461163168665007,0.41172336785653857,0.6991743122412102,-0.2874509443846716,0.2874509443846716,False,False,,
M2:A1,ec221beba32448e4a9865e920aeefed5,0,f8de967b00394c9e88558219feef8426,1.0000000000000349,1.0000000000000349,0.0,0.0,0.0,0.0,0.0,False,False,,
M2:A1,ec221beba32448e4a9865e920aeefed5,1,cb440b4d1912467fb51d871f0ccf8e8a,0.8922473898777059,0.8776005293220841,0.01464686055562181,0.12234205343408583,0.1568386974601009,-0.03449664402601507,0.03449664402601507,False,False,,
M2:A1,ec221beba32448e4a9865e920aeefed5,2,13546ea263ff48f49899cb30ac0004e9,0.7957376730906829,0.7694217050277633,0.02631596806291958,0.24542402460281912,0.31729233313954575,-0.07186830853672663,0.07186830853672663,False,False,,
M2:A1,ec221beba32448e4a9865e920aeefed5,4,2b77a910c5e749f9a620d893361c1976,0.6418069761253015,0.6108924120553317,0.03091456406996973,0.48613719549739914,0.5972688844397128,-0.11113168894231368,0.11113168894231368,False,False,,
M2:A1,ec221beba32448e4a9865e920aeefed5,8,ef4fbe4064a74ce6b0a52cb3dd2e0bf0,0.7835717882008496,0.730826387246237,0.052745400954612554,0.4554595062125755,0.6261575317416683,-0.1706980255290928,0.1706980255290928,False,False,,
M2:A1,ec221beba32448e4a9865e920aeefed5,9,63d7813869b34ee9aa65064e93775e58,0.7524837744803939,0.6908438510844939,0.061639923395900076,0.43958443856227386,0.6497308293906202,-0.21014639082834635,0.21014639082834635,False,False,,
M2:A1,ec221beba32448e4a9865e920aeefed5,10,3d5a6fe339f3490297e4b9d1f3949618,0.6873573582144633,0.6226536084011902,0.06470374981327309,0.44224466634213777,0.6890334048538267,-0.24678873851168892,0.24678873851168892,False,False,,
M2:A1,ec221beba32448e4a9865e920aeefed5,12,49cd09e4a07145258972fc4e6b18e42d,0.5832461324858715,0.50537181163634,0.0778743208495315,0.46873611255596437,0.8048029990945847,-0.3360668865386204,0.3360668865386204,False,False,,
M2:A1,ec221beba32448e4a9865e920aeefed5,16,2a572213c61c4d40a1955c2aecee6104,0.3913405580119523,0.33185267705228394,0.05948788095966834,0.7199334251117467,1.0243821386347707,-0.30444871352302394,0.30444871352302394,False,False,,
M2:A1,ec221beba32448e4a9865e920aeefed5,17,4734352144ac49a7b02960b99573fc14,0.3514950869844668,0.2974066335458181,0.05408845343864871,0.7955044040310132,1.1004711509636855,-0.30496674693267234,0.30496674693267234,False,False,,
M2:A1,ec221beba32448e4a9865e920aeefed5,18,0ab9ec2730894df2b48df70d0d2e84a9,0.3129172741104321,0.26484194564508085,0.04807532846535123,0.8760454934586298,1.166696855127953,-0.29065136166932326,0.29065136166932326,False,False,,
M2:A1,ec221beba32448e4a9865e920aeefed5,20,fd6002d736cb405796fc4fbdd5af6f7f,0.23923834700034144,0.20255514541510197,0.03668320158523947,1.046906771280866,1.2939383783634446,-0.24703160708257865,0.24703160708257865,False,False,,
M2:A1,ec221beba32448e4a9865e920aeefed5,24,8a7007fd59cf4f39a3855b0e82136105,0.13420172796774127,0.10662677911154096,0.027574948856200307,1.3456509604062927,1.7359327490120149,-0.39028178860572216,0.39028178860572216,False,False,,
M2:A1,ec221beba32448e4a9865e920aeefed5,25,15f4465f9fe44b80ab54908983b1cf68,0.1241528267949011,0.09454350103809304,0.029609325756808053,1.376534459373083,1.8341646634159392,-0.45763020404285615,0.45763020404285615,False,False,,
M2:A1,ec221beba32448e4a9865e920aeefed5,26,f94199c2a589484d8e32dd6bf4931d4f,0.11387509621685286,0.08553324436590021,0.028341851850952657,1.4097822115781953,1.9063518524525045,-0.4965696408743092,0.4965696408743092,False,False,,
M2:A1,ec221beba32448e4a9865e920aeefed5,28,bec365d878c4413d85d5fbb3eb3b3f46,0.0938092261429463,0.07042519863655554,0.023384027506390764,1.4741233508640865,1.9978202994317438,-0.5236969485676572,0.5236969485676572,False,False,,
M2:A1,ec221beba32448e4a9865e920aeefed5,31,fa8abe51b4104eb68fc7f85ab1c475bb,0.07688229446330673,0.05774515522076584,0.019137139242540888,1.5146900111849033,2.017697793672802,-0.5030077824878989,0.5030077824878989,False,False,,
M2:A1,ca3f0ced132845b4afce73a6f27a953e,0,65e07a70e6b5404a87bf34e49d4c0924,0.999999999999952,0.999999999999952,0.0,0.0,0.0,0.0,0.0,False,False,,
M2:A1,ca3f0ced132845b4afce73a6f27a953e,1,9ab5069c183c492b82b0ab30133080c1,0.9778536776319385,0.9555216166246846,0.022332061007253934,0.01565109169506432,0.06540094861933589,-0.04974985692427157,0.04974985692427157,False,False,,
M2:A1,ca3f0ced132845b4afce73a6f27a953e,2,4258ba3b8b8142f48c3249d310a8c3d2,0.9531588583853096,0.9117266550482765,0.04143220333703301,0.033450937398076745,0.13136700821709146,-0.09791607081901471,0.09791607081901471,False,False,,
M2:A1,ca3f0ced132845b4afce73a6f27a953e,4,83f3eb36fc7144ab902e192db3a98c06,0.9138683928324752,0.8582148731360832,0.055653519696391984,0.06268003657009098,0.1984266313816196,-0.13574659481152862,0.13574659481152862,False,False,,
M2:A1,ca3f0ced132845b4afce73a6f27a953e,8,cb440b4d1912467fb51d871f0ccf8e8a,0.8307238652130927,0.7561446605420497,0.07457920467104306,0.13106524516378715,0.30341643568859256,-0.1723511905248054,0.1723511905248054,False,False,,
M2:A1,ca3f0ced132845b4afce73a6f27a953e,9,13546ea263ff48f49899cb30ac0004e9,0.8087361013786,0.7267334955542735,0.0820026058243265,0.15067240924019626,0.35623633181556663,-0.20556392257537037,0.20556392257537037,False,False,,
M2:A1,ca3f0ced132845b4afce73a6f27a953e,10,9b77dad2bdcf4814b042fa47889f19f6,0.7530703662869894,0.6794813498012328,0.07358901648575666,0.20370802754425324,0.4180439652515284,-0.2143359377072752,0.2143359377072752,False,False,,
M2:A1,ca3f0ced132845b4afce73a6f27a953e,12,097394612e494d1ebe1750ed54a27763,0.66990329413872,0.5990575250864806,0.07084576905223938,0.2902517687715455,0.4907137108815937,-0.2004619421100482,0.2004619421100482,False,False,,
M2:A1,ca3f0ced132845b4afce73a6f27a953e,14,746857c6bd46430fa4b5b82186e716e0,0.649087842859045,0.5831224284445439,0.0659654144145011,0.30491161644050496,0.5360843913120688,-0.2311727748715638,0.2311727748715638,False,False,,
M2:A1,fe050ab6b19d41d8bc2641f9835e9d1b,0,13546ea263ff48f49899cb30ac0004e9,0.9999999999999067,0.9999999999999067,0.0,0.0,0.0,0.0,0.0,False,False,,
M2:A1,fe050ab6b19d41d8bc2641f9835e9d1b,1,9b77dad2bdcf4814b042fa47889f19f6,0.7918381762451994,0.7918381762451994,0.0,0.2023585926023404,0.2023585926023404,0.0,0.0,True,True,,
M2:A1,fe050ab6b19d41d8bc2641f9835e9d1b,2,2b77a910c5e749f9a620d893361c1976,0.7691359701656372,0.7691359701656372,0.0,0.20472664701987678,0.20472664701987678,0.0,0.0,True,True,,
M2:A1,fe050ab6b19d41d8bc2641f9835e9d1b,4,20601ccb0ab0445db56bad84060c1323,0.7085634900459857,0.7085634900459857,0.0,0.23655231979424443,0.23655231979424443,0.0,0.0,True,True,,
M2:A1,fe050ab6b19d41d8bc2641f9835e9d1b,8,3d5a6fe339f3490297e4b9d1f3949618,0.5266120088120565,0.5266120088120565,0.0,0.5561870189064094,0.5561870189064094,0.0,0.0,True,True,,
M2:A1,fe050ab6b19d41d8bc2641f9835e9d1b,9,306e66375cf94c7881864ba03782d2d2,0.47650060284487455,0.47724954473160186,-0.0007489418867273057,0.6626498184543277,0.6605942265477603,0.0020555919065673445,-0.0020555919065673445,False,False,,
M2:A1,fe050ab6b19d41d8bc2641f9835e9d1b,10,49cd09e4a07145258972fc4e6b18e42d,0.4013591329048047,0.38510040844563487,0.016258724459169815,0.7715233639502367,0.800066546656072,-0.028543182705835335,0.028543182705835335,False,False,,
M2:A1,fe050ab6b19d41d8bc2641f9835e9d1b,12,f0bb168a6bc34e0bba79dd122b6394b0,0.3808553482746043,0.3731153420228378,0.007740006251766518,0.8022799361626649,0.8177184581540566,-0.01543852199139173,0.01543852199139173,False,False,,
M2:A1,fe050ab6b19d41d8bc2641f9835e9d1b,16,0ab9ec2730894df2b48df70d0d2e84a9,0.38815565626721027,0.38978675744450314,-0.0016311011772928707,0.6630446366037734,0.6597543114245554,0.003290325179218012,-0.003290325179218012,False,False,,
M2:A1,fe050ab6b19d41d8bc2641f9835e9d1b,17,cb708f56b6104d638f93e3906cba5b82,0.34402517578715175,0.35019046636168094,-0.006165290574529192,0.7555378477890402,0.7461569487743813,0.009380899014658883,-0.009380899014658883,False,False,,
M2:A1,fe050ab6b19d41d8bc2641f9835e9d1b,18,fd6002d736cb405796fc4fbdd5af6f7f,0.32171217541879976,0.3226380644865114,-0.0009258890677116272,0.8057737285304543,0.8011881457888884,0.004585582741565841,-0.004585582741565841,False,False,,
M2:A1,fe050ab6b19d41d8bc2641f9835e9d1b,20,f76469bb5b5747dbaedb1c59990b5579,0.2908718993322718,0.29916278306417177,-0.008290883731899956,0.9150153118304373,0.8967892275842272,0.018226084246210084,-0.018226084246210084,False,False,,
M2:A1,fe050ab6b19d41d8bc2641f9835e9d1b,24,f94199c2a589484d8e32dd6bf4931d4f,0.18308802379105388,0.18521573052076326,-0.0021277067297093832,1.2451612962827292,1.2277350063815848,0.017426289901144365,-0.017426289901144365,False,False,,
M2:A1,fe050ab6b19d41d8bc2641f9835e9d1b,25,a07f902656eb4f0fb2e5a77f803fb37c,0.1632255859542597,0.16472126619620822,-0.001495680241948516,1.2999982822926444,1.283202806396088,0.016795475896556278,-0.016795475896556278,False,False,,
M2:A1,fe050ab6b19d41d8bc2641f9835e9d1b,26,bec365d878c4413d85d5fbb3eb3b3f46,0.12687263986186684,0.1330553691848645,-0.006182729322997654,1.4056210627728993,1.3837901749491914,0.0218308878237079,-0.0218308878237079,False,False,,
M2:A1,fe050ab6b19d41d8bc2641f9835e9d1b,28,54259afa6c644e1d99422df9da1c8f35,0.04516857289310461,0.05422112916562198,-0.009052556272517373,1.6617279072661344,1.6394832879635082,0.022244619302626223,-0.022244619302626223,False,False,,
M2:A1,fe050ab6b19d41d8bc2641f9835e9d1b,31,76c090ac27774e66a592f40998d5537c,0.0,0.0,0.0,2.042729705838023,1.9990975361090009,0.043632169729022285,-0.043632169729022285,False,False,,
M2:A1,0b2ef8648d3c467989b67d5a3ce2a3df,0,2a572213c61c4d40a1955c2aecee6104,1.0000000000001374,1.0000000000001374,0.0,0.0,0.0,0.0,0.0,False,False,,
M2:A1,0b2ef8648d3c467989b67d5a3ce2a3df,1,4734352144ac49a7b02960b99573fc14,0.21631794154669312,0.7746595455094311,-0.5583416039627379,2.362356290533336,0.1948140321163767,2.1675422584169595,-2.1675422584169595,False,False,,
M2:A1,0b2ef8648d3c467989b67d5a3ce2a3df,2,0ab9ec2730894df2b48df70d0d2e84a9,0.0,0.6867500284299005,-0.6867500284299005,4.918615138796267,0.25150201835427444,4.667113120441993,-4.667113120441993,False,False,,
M2:A1,0b2ef8648d3c467989b67d5a3ce2a3df,4,fd6002d736cb405796fc4fbdd5af6f7f,0.0,0.5393968429859914,-0.5393968429859914,7.36246325134623,0.3876465491205185,6.974816702225712,-6.974816702225712,False,False,,
M2:A1,0b2ef8648d3c467989b67d5a3ce2a3df,8,8a7007fd59cf4f39a3855b0e82136105,0.0,0.2809236187139679,-0.2809236187139679,7.417448679848271,0.8021347797192604,6.615313900129011,-6.615313900129011,True,False,,
M2:A1,0b2ef8648d3c467989b67d5a3ce2a3df,9,15f4465f9fe44b80ab54908983b1cf68,0.0,0.22709679595192037,-0.22709679595192037,7.435839219486013,0.9124828003048987,6.523356419181114,-6.523356419181114,True,False,,
M2:A1,0b2ef8648d3c467989b67d5a3ce2a3df,10,f94199c2a589484d8e32dd6bf4931d4f,0.0,0.18262086923357132,-0.18262086923357132,7.4538700017283865,1.0136484851523302,6.440221516576056,-6.440221516576056,True,False,,
M2:A1,0b2ef8648d3c467989b67d5a3ce2a3df,12,bec365d878c4413d85d5fbb3eb3b3f46,0.0,0.09168945331479068,-0.09168945331479068,7.560580067392831,1.2557893820697192,6.304790685323112,-6.304790685323112,True,False,,
M2:A1,0b2ef8648d3c467989b67d5a3ce2a3df,16,bc84a61f13f744cd8f5aa8e888ce879b,0.0,0.01169612728858383,-0.01169612728858383,7.6466603580229835,1.5013909688216782,6.145269389201305,-6.145269389201305,True,False,,
M2:A1,0b2ef8648d3c467989b67d5a3ce2a3df,17,76c090ac27774e66a592f40998d5537c,0.0,0.0,0.0,7.712355927075068,1.6514892395497873,6.06086668752528,-6.06086668752528,True,False,,
M2:A1,8fba9861aa6d4d14b78c90fbb5372fb2,0,65e07a70e6b5404a87bf34e49d4c0924,1.0000000000001152,1.0000000000001152,0.0,0.0,0.0,0.0,0.0,False,False,,
M2:A1,8fba9861aa6d4d14b78c90fbb5372fb2,1,9ab5069c183c492b82b0ab30133080c1,0.9015247356178483,0.915142318839352,-0.013617583221503748,0.06544397864954503,0.06306162807583197,0.0023823505737130546,-0.0023823505737130546,False,False,,
M2:A1,8fba9861aa6d4d14b78c90fbb5372fb2,2,4258ba3b8b8142f48c3249d310a8c3d2,0.8137270370890837,0.8392358078836114,-0.025508770794527735,0.1319922432479837,0.12311364509998446,0.00887859814799924,-0.00887859814799924,False,False,,
M2:A1,8fba9861aa6d4d14b78c90fbb5372fb2,4,83f3eb36fc7144ab902e192db3a98c06,0.6885147167967867,0.7362936545073206,-0.047778937710533986,0.24322184946141945,0.20154689803666015,0.0416749514247593,-0.0416749514247593,False,False,,
M2:A1,8fba9861aa6d4d14b78c90fbb5372fb2,8,cb440b4d1912467fb51d871f0ccf8e8a,0.498026641498469,0.5773201608569787,-0.0792935193585097,0.43120441046326496,0.3096044215983474,0.12159998886491757,-0.12159998886491757,False,False,,
M2:A1,8fba9861aa6d4d14b78c90fbb5372fb2,9,13546ea263ff48f49899cb30ac0004e9,0.45525366464128375,0.5415365179245722,-0.0862828532832885,0.49367918968274205,0.3490467520830319,0.14463243759971017,-0.14463243759971017,False,False,,
M2:A1,8fba9861aa6d4d14b78c90fbb5372fb2,10,9b77dad2bdcf4814b042fa47889f19f6,0.4388028694072437,0.5350794082857532,-0.09627653887850945,0.5338052258935222,0.3539854338367139,0.17981979205680831,-0.17981979205680831,False,False,,
M2:A1,8fba9861aa6d4d14b78c90fbb5372fb2,12,097394612e494d1ebe1750ed54a27763,0.4088127859103284,0.5360172736633275,-0.12720448775299914,0.6225375540226947,0.37216882318466143,0.2503687308380333,-0.2503687308380333,False,False,,
M2:A1,8fba9861aa6d4d14b78c90fbb5372fb2,16,63d7813869b34ee9aa65064e93775e58,0.24731766029785962,0.35762997999819773,-0.11031231970033811,0.9913759311414125,0.7073141314707369,0.2840617996706757,-0.2840617996706757,False,False,,
M2:A1,8fba9861aa6d4d14b78c90fbb5372fb2,17,3d5a6fe339f3490297e4b9d1f3949618,0.21321927213975667,0.31263381952127184,-0.09941454738151517,1.0509504960070546,0.781918222897057,0.26903227310999756,-0.26903227310999756,False,False,,
M2:A1,8fba9861aa6d4d14b78c90fbb5372fb2,18,306e66375cf94c7881864ba03782d2d2,0.1773138876151025,0.25490401369152865,-0.07759012607642615,1.1132372722154211,0.8717380341269333,0.24149923808848783,-0.24149923808848783,False,False,,
M2:A1,8fba9861aa6d4d14b78c90fbb5372fb2,20,60448167db014ef49dcfb65d89d69b3f,0.16309896776950167,0.22921613149560802,-0.06611716372610635,1.126920606938178,0.9142397472759785,0.21268085966219963,-0.21268085966219963,False,False,,
M2:A1,8fba9861aa6d4d14b78c90fbb5372fb2,24,4734352144ac49a7b02960b99573fc14,0.2543844764886569,0.3332628760955239,-0.07887839960686699,0.9259247800367868,0.7010319659292947,0.22489281410749207,-0.22489281410749207,False,False,,
M2:A1,8fba9861aa6d4d14b78c90fbb5372fb2,25,0ab9ec2730894df2b48df70d0d2e84a9,0.2853103210057328,0.3611829970352881,-0.07587267602955533,0.8747301457515021,0.6514204790729582,0.2233096666785439,-0.2233096666785439,False,False,,
M2:A1,8fba9861aa6d4d14b78c90fbb5372fb2,26,cb708f56b6104d638f93e3906cba5b82,0.3158899643109458,0.39016963188918935,-0.07427966757824356,0.8283434196206625,0.6063206262169534,0.22202279340370912,-0.22202279340370912,False,False,,
M2:A1,8fba9861aa6d4d14b78c90fbb5372fb2,28,7f769bb638214009813b92df0cfb501a,0.37515701841024474,0.45253583829291477,-0.07737881988267004,0.7438779819316177,0.5166011518431702,0.22727683008844746,-0.22727683008844746,False,False,,
M2:A1,8fba9861aa6d4d14b78c90fbb5372fb2,32,15f4465f9fe44b80ab54908983b1cf68,0.5033185890202467,0.6042282060832066,-0.10090961706295987,0.6192484770818283,0.35770768703818445,0.26154079004364383,-0.26154079004364383,False,False,,
M2:A1,8fba9861aa6d4d14b78c90fbb5372fb2,33,f94199c2a589484d8e32dd6bf4931d4f,0.522259409175978,0.6254787607860035,-0.10321935161002549,0.6171413889552131,0.36786145468183495,0.24927993427337813,-0.24927993427337813,False,False,,
M2:A1,8fba9861aa6d4d14b78c90fbb5372fb2,34,a07f902656eb4f0fb2e5a77f803fb37c,0.54212028320458,0.6489663909015101,-0.10684610769693015,0.6104870120089494,0.3799982063970172,0.2304888056119322,-0.2304888056119322,False,False,,
M2:A1,8fba9861aa6d4d14b78c90fbb5372fb2,35,bec365d878c4413d85d5fbb3eb3b3f46,0.5592489326665582,0.6735185165605801,-0.11426958389402198,0.5986634249908813,0.3928598189417279,0.20580360604915343,-0.20580360604915343,False,False,,
M2:A1,3eb275ac391e46aa8fad54e18a7b5a8f,0,3d5a6fe339f3490297e4b9d1f3949618,1.0000000000000682,1.0000000000000682,0.0,0.0,0.0,0.0,0.0,False,False,,
M2:A1,3eb275ac391e46aa8fad54e18a7b5a8f,1,306e66375cf94c7881864ba03782d2d2,0.8564299142484908,0.8700052308303681,-0.013575316581877273,0.08263923151962757,0.08056064238444267,0.0020785891351848967,-0.0020785891351848967,False,False,,
M2:A1,3eb275ac391e46aa8fad54e18a7b5a8f,2,49cd09e4a07145258972fc4e6b18e42d,0.7381137270414796,0.7615714155698126,-0.023457688528332965,0.1644580564953826,0.15698173573695764,0.0074763207584249425,-0.0074763207584249425,False,False,,
M2:A1,3eb275ac391e46aa8fad54e18a7b5a8f,4,f0bb168a6bc34e0bba79dd122b6394b0,0.5565155198161834,0.5888537523816469,-0.03233823256546353,0.3252721387923997,0.30214362647805526,0.02312851231434443,-0.02312851231434443,False,False,,
M2:A1,3eb275ac391e46aa8fad54e18a7b5a8f,8,0ab9ec2730894df2b48df70d0d2e84a9,0.5630223612534151,0.5585696612946507,0.004452699958764406,0.4237892425508652,0.4146648543194051,0.009124388231460112,-0.009124388231460112,False,False,,
M2:A1,3eb275ac391e46aa8fad54e18a7b5a8f,9,cb708f56b6104d638f93e3906cba5b82,0.5535446633640275,0.4938375159043575,0.05970714745967004,0.4143988897706385,0.4362015251256394,-0.021802635355000932,0.021802635355000932,False,False,,
M2:A1,3eb275ac391e46aa8fad54e18a7b5a8f,10,fd6002d736cb405796fc4fbdd5af6f7f,0.505808079059679,0.4296933694139184,0.07611470964576056,0.42585165488265647,0.4955901884519893,-0.06973853356933285,0.06973853356933285,False,False,,
M2:A1,3eb275ac391e46aa8fad54e18a7b5a8f,12,f76469bb5b5747dbaedb1c59990b5579,0.408888168328135,0.33565830002540287,0.07322986830273215,0.555849115467671,0.6392655331674055,-0.08341641769973451,0.08341641769973451,False,False,,
M2:A1,3eb275ac391e46aa8fad54e18a7b5a8f,16,f94199c2a589484d8e32dd6bf4931d4f,0.20100775904020174,0.151197879474781,0.04980987956542074,0.9164696103265956,1.036977041265075,-0.12050743093847938,0.12050743093847938,False,False,,
M2:A1,3eb275ac391e46aa8fad54e18a7b5a8f,17,a07f902656eb4f0fb2e5a77f803fb37c,0.15846617568505045,0.10943927920965778,0.04902689647539267,1.0308567819917323,1.1751799991027387,-0.14432321711100649,0.14432321711100649,False,False,,
M2:A1,3eb275ac391e46aa8fad54e18a7b5a8f,18,bec365d878c4413d85d5fbb3eb3b3f46,0.12231964990930008,0.07442584585383827,0.047893804055461814,1.1459483970180564,1.317748619768459,-0.17180022275040252,0.17180022275040252,False,False,,
M2:A1,3eb275ac391e46aa8fad54e18a7b5a8f,20,54259afa6c644e1d99422df9da1c8f35,0.06327530948762079,0.024587135862565543,0.03868817362505525,1.3876092346946625,1.5801551551838395,-0.19254592048917707,0.19254592048917707,False,False,,
M2:A1,fd4ce422e0db4ad3ab978a811ba04d3a,0,0fc0a764b3ec4c8196ffa35598fbda5f,1.0000000000000326,1.0000000000000326,0.0,0.0,0.0,0.0,0.0,False,False,,
M2:A1,fd4ce422e0db4ad3ab978a811ba04d3a,1,ef823f39fe034fdc9651a363fc81327b,0.93352369702404,0.9185768677426509,0.014946829281389129,0.04773692761283869,0.1052519790014095,-0.05751505138857082,0.05751505138857082,False,False,,
M2:A1,fd4ce422e0db4ad3ab978a811ba04d3a,2,f8de967b00394c9e88558219feef8426,0.8739112332941863,0.8091427174884599,0.0647685158057264,0.09316124204588622,0.28163366748390656,-0.18847242543802034,0.18847242543802034,False,False,,
M2:A1,fd4ce422e0db4ad3ab978a811ba04d3a,4,13546ea263ff48f49899cb30ac0004e9,0.7792083526373231,0.7824929521406233,-0.0032845995033001785,0.16885673986681315,0.23727915875811392,-0.06842241889130077,0.06842241889130077,False,False,,
M2:A1,fd4ce422e0db4ad3ab978a811ba04d3a,8,20601ccb0ab0445db56bad84060c1323,0.6345709136889341,0.6257645051901701,0.008806408498764018,0.3141656061139392,0.43954618020954034,-0.12538057409560116,0.12538057409560116,False,False,,
M2:A1,fd4ce422e0db4ad3ab978a811ba04d3a,9,746857c6bd46430fa4b5b82186e716e0,0.6912716092498234,0.697674977075946,-0.006403367826122497,0.24865254217901195,0.36185717934549483,-0.11320463716648288,0.11320463716648288,False,False,,
M2:A1,fd4ce422e0db4ad3ab978a811ba04d3a,10,ef4fbe4064a74ce6b0a52cb3dd2e0bf0,0.8463431742888483,0.7924828661398646,0.05386030814898368,0.10293356551470614,0.2649978784053782,-0.16206431289067205,0.16206431289067205,False,False,,
M2:A1,fd4ce422e0db4ad3ab978a811ba04d3a,12,3d5a6fe339f3490297e4b9d1f3949618,0.7386513579210028,0.8587239030579085,-0.12007254513690568,0.200882467432764,0.12910683057456465,0.07177563685819935,-0.07177563685819935,False,False,,
M2:A1,fd4ce422e0db4ad3ab978a811ba04d3a,16,f0bb168a6bc34e0bba79dd122b6394b0,0.761192825284688,0.8000102901219008,-0.03881746483721282,0.15734380621052077,0.40868093674879874,-0.251337130538278,0.251337130538278,False,False,,
M2:A1,fd4ce422e0db4ad3ab978a811ba04d3a,17,a82ac06abf0d4d5ea70af9e19e82305e,0.7350238835637194,0.78766538165759,-0.05264149809387064,0.17994933188277176,0.38115872801767947,-0.2012093961349077,0.2012093961349077,False,False,,
M2:A1,fd4ce422e0db4ad3ab978a811ba04d3a,18,2a572213c61c4d40a1955c2aecee6104,0.6869594148294316,0.7561448371913109,-0.0691854223618793,0.2172238000511686,0.36157935224126186,-0.14435555219009327,0.14435555219009327,False,False,,
M2:A1,fd4ce422e0db4ad3ab978a811ba04d3a,20,0ab9ec2730894df2b48df70d0d2e84a9,0.5556915279125143,0.6043289153024258,-0.048637387389911524,0.3632783384387769,0.43267383992911485,-0.06939550149033796,0.06939550149033796,False,False,,
M2:A1,fd4ce422e0db4ad3ab978a811ba04d3a,24,f76469bb5b5747dbaedb1c59990b5579,0.34828353487747743,0.3839111999353798,-0.03562766505790238,0.6604830726253879,0.6439283719378569,0.016554700687530954,-0.016554700687530954,False,False,,
M2:A1,fd4ce422e0db4ad3ab978a811ba04d3a,25,770820077d44452a8428299e33808c0f,0.30643208761327856,0.34346156612311773,-0.037029478509839175,0.7311943376021551,0.695800936550452,0.03539340105170308,-0.03539340105170308,False,False,,
M2:A1,fd4ce422e0db4ad3ab978a811ba04d3a,26,8a7007fd59cf4f39a3855b0e82136105,0.2684236382522399,0.3062644994747817,-0.037840861222541766,0.8036544521819334,0.7510918123340257,0.052562639847907766,-0.052562639847907766,False,False,,
M2:A1,fd4ce422e0db4ad3ab978a811ba04d3a,28,f94199c2a589484d8e32dd6bf4931d4f,0.2247787576954485,0.263478771393295,-0.03870001369784651,0.9101877027440815,0.8312367084211136,0.07895099432296782,-0.07895099432296782,False,False,,
M2:A1,fd4ce422e0db4ad3ab978a811ba04d3a,32,54259afa6c644e1d99422df9da1c8f35,0.144351982530309,0.17786360560044703,-0.033511623070138025,1.1384748548725043,1.0460628687789393,0.09241198609356505,-0.09241198609356505,False,False,,
M2:A1,fd4ce422e0db4ad3ab978a811ba04d3a,33,fa8abe51b4104eb68fc7f85ab1c475bb,0.12324889806175583,0.1573363579086763,-0.03408745984692048,1.2017384698638276,1.1052260986985292,0.09651237116529843,-0.09651237116529843,False,False,,
M2:A1,fd4ce422e0db4ad3ab978a811ba04d3a,34,bc84a61f13f744cd8f5aa8e888ce879b,0.10257924500715818,0.1383401644633467,-0.035760919456188534,1.2682942100022057,1.1615282378387097,0.10676597216349593,-0.10676597216349593,False,False,,
M2:A1,fd4ce422e0db4ad3ab978a811ba04d3a,35,76c090ac27774e66a592f40998d5537c,0.08275753835891983,0.11958449308850133,-0.0368269547295815,1.3364745937207156,1.2187923288572897,0.11768226486342592,-0.11768226486342592,False,False,,
M2:A1,2e84949acbd84ea3857ca2a04e50b6a4,0,cb708f56b6104d638f93e3906cba5b82,0.9999999999998985,0.9999999999998985,0.0,0.0,0.0,0.0,0.0,False,False,,
M2:A1,2e84949acbd84ea3857ca2a04e50b6a4,1,fd6002d736cb405796fc4fbdd5af6f7f,0.9835758615039537,0.9543450099981329,0.029230851505820832,0.019044572226171372,0.067688183797303,-0.04864361157113163,0.04864361157113163,False,False,,
M2:A1,2e84949acbd84ea3857ca2a04e50b6a4,2,7f769bb638214009813b92df0cfb501a,0.7788298369777497,0.7173388055316801,0.0614910314460696,0.15032386255101282,0.23839061760522057,-0.08806675505420775,0.08806675505420775,False,False,,
M2:A1,2e84949acbd84ea3857ca2a04e50b6a4,4,770820077d44452a8428299e33808c0f,0.49422864736703126,0.4435438739354969,0.05068477343153438,0.4401310913401715,0.5244172400932291,-0.08428614875305762,0.08428614875305762,False,False,,
M2:A1,2e84949acbd84ea3857ca2a04e50b6a4,8,a07f902656eb4f0fb2e5a77f803fb37c,0.272750256877021,0.22861908697990388,0.0441311698971171,0.852842403824309,0.964879944256649,-0.11203754043234004,0.11203754043234004,False,False,,
M2:A1,2e84949acbd84ea3857ca2a04e50b6a4,9,bec365d878c4413d85d5fbb3eb3b3f46,0.2454587130537137,0.19599368737316852,0.04946502568054517,0.9259193522487247,1.091900841520578,-0.1659814892718533,0.1659814892718533,False,False,,
M2:A1,2e84949acbd84ea3857ca2a04e50b6a4,10,7ac804cee1cd4d48ac2ea0ac97726bc9,0.2169813531204774,0.16552401851850698,0.05145733460197041,1.0034803562911832,1.2187791987084247,-0.2152988424172415,0.2152988424172415,False,False,,
M2:A1,2e84949acbd84ea3857ca2a04e50b6a4,12,fa8abe51b4104eb68fc7f85ab1c475bb,0.1427723434198938,0.11364947464203282,0.029122868777860994,1.1852087413622925,1.3701760328796748,-0.18496729151738234,0.18496729151738234,False,False,,
M2:A1,2e84949acbd84ea3857ca2a04e50b6a4,14,76c090ac27774e66a592f40998d5537c,0.05862073251310556,0.05109813601252801,0.007522596500577551,1.4258412869533565,1.5052180627756262,-0.07937677582226965,0.07937677582226965,False,False,,
M2:A1,52770232202d4ad1a98ed07d5b4c20b9,0,65e07a70e6b5404a87bf34e49d4c0924,0.9999999999999167,0.9999999999999167,0.0,0.0,0.0,0.0,0.0,False,False,,
M2:A1,52770232202d4ad1a98ed07d5b4c20b9,1,9ab5069c183c492b82b0ab30133080c1,0.9928327101513801,0.8628320090505435,0.1300007011008366,0.004265613286814123,0.2260941531431643,-0.22182853985635018,0.22182853985635018,False,False,,
M2:A1,52770232202d4ad1a98ed07d5b4c20b9,2,4258ba3b8b8142f48c3249d310a8c3d2,0.9769539178122014,0.861570396004907,0.11538352180729439,0.024831724389073103,0.1998762451228123,-0.1750445207337392,0.1750445207337392,False,False,,
M2:A1,52770232202d4ad1a98ed07d5b4c20b9,4,83f3eb36fc7144ab902e192db3a98c06,0.9088910370882713,0.8666164499554035,0.0422745871328678,0.06362381935329517,0.1715293254763106,-0.10790550612301544,0.10790550612301544,False,False,,
M2:A1,52770232202d4ad1a98ed07d5b4c20b9,8,cb440b4d1912467fb51d871f0ccf8e8a,0.8788105036626163,0.857367774779116,0.021442728883500295,0.08728099340108651,0.14722966163126477,-0.05994866823017826,0.05994866823017826,False,False,,
M2:A1,52770232202d4ad1a98ed07d5b4c20b9,9,13546ea263ff48f49899cb30ac0004e9,0.8496614920094062,0.8482316464593023,0.0014298455501039475,0.11140580843702427,0.12959367856616155,-0.01818787012913728,0.01818787012913728,False,False,,
M2:A1,52770232202d4ad1a98ed07d5b4c20b9,10,9b77dad2bdcf4814b042fa47889f19f6,0.7778924229158275,0.7943676519337416,-0.016475229017914095,0.19062882549479365,0.17148304901768727,0.019145776477106385,-0.019145776477106385,False,False,,
M2:A1,52770232202d4ad1a98ed07d5b4c20b9,12,097394612e494d1ebe1750ed54a27763,0.6390276535972711,0.6844330512127899,-0.04540539761551876,0.34484317595985536,0.29018697398508225,0.05465620197477311,-0.05465620197477311,False,False,,
M2:A1,52770232202d4ad1a98ed07d5b4c20b9,16,63d7813869b34ee9aa65064e93775e58,0.5040931695116164,0.5336769403738001,-0.029583770862183667,0.6508092241109542,0.5855923085680566,0.06521691554289766,-0.06521691554289766,False,False,,
M2:A1,52770232202d4ad1a98ed07d5b4c20b9,17,3d5a6fe339f3490297e4b9d1f3949618,0.4938910650273929,0.5215356066041356,-0.027644541576742676,0.6547737546010376,0.5733120989152143,0.08146165568582331,-0.08146165568582331,False,False,,
M2:A1,52770232202d4ad1a98ed07d5b4c20b9,18,306e66375cf94c7881864ba03782d2d2,0.4814805253020958,0.5086431256759814,-0.02716260037388557,0.6581283333948761,0.560938204702521,0.0971901286923551,-0.0971901286923551,False,False,,
M2:A1,52770232202d4ad1a98ed07d5b4c20b9,20,60448167db014ef49dcfb65d89d69b3f,0.6077686050294879,0.5546646293570192,0.05310397567246872,0.49773002796492516,0.4960667590327481,0.0016632689321770533,-0.0016632689321770533,False,False,,
M2:A1,52770232202d4ad1a98ed07d5b4c20b9,24,4734352144ac49a7b02960b99573fc14,0.7087503651657101,0.6703330552190269,0.03841730994668324,0.4478735785672024,0.41584190425538603,0.03203167431181636,-0.03203167431181636,False,False,,
M2:A1,52770232202d4ad1a98ed07d5b4c20b9,25,0ab9ec2730894df2b48df70d0d2e84a9,0.7642898236087661,0.74777822263044,0.016511600978326046,0.43246126561038983,0.34796275978229974,0.0844985058280901,-0.0844985058280901,False,False,,
M2:A1,52770232202d4ad1a98ed07d5b4c20b9,26,cb708f56b6104d638f93e3906cba5b82,0.708851546394402,0.7177505143348205,-0.008898967940418556,0.4414272082958731,0.39069484846326574,0.05073235983260738,-0.05073235983260738,False,False,,
M2:A1,52770232202d4ad1a98ed07d5b4c20b9,28,7f769bb638214009813b92df0cfb501a,0.6240952641993828,0.6408656845657904,-0.016770420366407635,0.49139290052185886,0.426129211704968,0.06526368881689087,-0.06526368881689087,False,False,,
M2:A1,52770232202d4ad1a98ed07d5b4c20b9,32,15f4465f9fe44b80ab54908983b1cf68,0.47352579700342656,0.48696758389463224,-0.013441786891205676,0.6402446934218555,0.5739551503065259,0.06628954311532964,-0.06628954311532964,False,False,,
M2:A1,52770232202d4ad1a98ed07d5b4c20b9,33,f94199c2a589484d8e32dd6bf4931d4f,0.4353835062993337,0.44534485637943705,-0.009961350080103348,0.7039550273327189,0.6363210278690533,0.06763399946366555,-0.06763399946366555,False,False,,
M2:A1,52770232202d4ad1a98ed07d5b4c20b9,34,a07f902656eb4f0fb2e5a77f803fb37c,0.40608893979510746,0.4154490153074628,-0.009360075512355348,0.7427210431704582,0.6780924827768975,0.06462856039356069,-0.06462856039356069,True,True,,
M2:A1,52770232202d4ad1a98ed07d5b4c20b9,35,bec365d878c4413d85d5fbb3eb3b3f46,0.37796619615435556,0.3867648562544903,-0.008798660100134748,0.7835741288668342,0.7217938624626462,0.06178026640418799,-0.06178026640418799,True,True,,
M2:A1,ec5241e32939433baeb2b3955920b28c,0,65e07a70e6b5404a87bf34e49d4c0924,0.9999999999999792,0.9999999999999792,0.0,0.0,0.0,0.0,0.0,False,False,,
M2:A1,ec5241e32939433baeb2b3955920b28c,1,9ab5069c183c492b82b0ab30133080c1,0.9255998036282745,0.9417409857207042,-0.01614118209242965,0.05058053114129833,0.04661652360920467,0.003964007532093659,-0.003964007532093659,False,False,,
M2:A1,ec5241e32939433baeb2b3955920b28c,2,4258ba3b8b8142f48c3249d310a8c3d2,0.8637117239259637,0.8875769959248497,-0.023865271998885995,0.09024372304277185,0.09507797533680568,-0.004834252294033822,0.004834252294033822,False,False,,
M2:A1,ec5241e32939433baeb2b3955920b28c,4,83f3eb36fc7144ab902e192db3a98c06,0.8216074736896564,0.857369416834275,-0.03576194314461867,0.12258182656906184,0.09755168828875903,0.025030138280302816,-0.025030138280302816,False,False,,
M2:A1,ec5241e32939433baeb2b3955920b28c,8,cb440b4d1912467fb51d871f0ccf8e8a,0.7549953135036114,0.8173757371963027,-0.06238042369269137,0.23824811305917928,0.15061940025204748,0.0876287128071318,-0.0876287128071318,False,False,,
M2:A1,ec5241e32939433baeb2b3955920b28c,9,13546ea263ff48f49899cb30ac0004e9,0.7404162318054762,0.7891249403796752,-0.048708708574198956,0.27687706078239815,0.2153592878775906,0.06151777290480756,-0.06151777290480756,False,False,,
M2:A1,ec5241e32939433baeb2b3955920b28c,10,9b77dad2bdcf4814b042fa47889f19f6,0.7283677659135686,0.7653483338828554,-0.03698056796928684,0.3135935145798324,0.2947713456234296,0.01882216895640282,-0.01882216895640282,False,False,,
M2:A1,ec5241e32939433baeb2b3955920b28c,12,097394612e494d1ebe1750ed54a27763,0.5466361533620008,0.5667415939918351,-0.020105440629834326,0.5213786208303282,0.5317017317197702,-0.010323110889442044,0.010323110889442044,False,False,,
M2:A1,ec5241e32939433baeb2b3955920b28c,16,63d7813869b34ee9aa65064e93775e58,0.5284433829315909,0.5549274911178511,-0.026484108186260236,0.4514925988959555,0.42173034985464153,0.02976224904131397,-0.02976224904131397,False,False,,
M2:A1,ec5241e32939433baeb2b3955920b28c,17,3d5a6fe339f3490297e4b9d1f3949618,0.5265500986109432,0.5415903041249029,-0.015040205513959792,0.436693119750638,0.4259121186627047,0.01078100108793334,-0.01078100108793334,False,False,,
M2:A1,ec5241e32939433baeb2b3955920b28c,18,306e66375cf94c7881864ba03782d2d2,0.5239978611672101,0.5342520239862318,-0.010254162819021695,0.42763961147218094,0.42020369935432655,0.007435912117854382,-0.007435912117854382,False,False,,
M2:A1,ec5241e32939433baeb2b3955920b28c,20,60448167db014ef49dcfb65d89d69b3f,0.5094275738703804,0.5214818879720602,-0.012054314101679786,0.43213987789097996,0.425643373178249,0.006496504712730944,-0.006496504712730944,False,False,,
M2:A1,ec5241e32939433baeb2b3955920b28c,24,4734352144ac49a7b02960b99573fc14,0.5501454459626476,0.5622423528236177,-0.012096906860970091,0.35756620153760776,0.36205461310002496,-0.004488411562417194,0.004488411562417194,False,False,,
M2:A1,ec5241e32939433baeb2b3955920b28c,25,0ab9ec2730894df2b48df70d0d2e84a9,0.5660437354486457,0.5851997534298161,-0.019156017981170392,0.3383468863873428,0.3425100740466946,-0.004163187659351808,0.004163187659351808,False,False,,
M2:A1,ec5241e32939433baeb2b3955920b28c,26,cb708f56b6104d638f93e3906cba5b82,0.5831777009559859,0.6161188770910109,-0.03294117613502501,0.3221750088032831,0.31645569678574836,0.005719312017534728,-0.005719312017534728,False,False,,
M2:A1,ec5241e32939433baeb2b3955920b28c,28,7f769bb638214009813b92df0cfb501a,0.6344787893087651,0.6930211646424371,-0.058542375333672014,0.27848987032639866,0.25707149220085856,0.021418378125540094,-0.021418378125540094,False,False,,
M2:A1,ec5241e32939433baeb2b3955920b28c,30,770820077d44452a8428299e33808c0f,0.6885296166926388,0.7346870576472145,-0.046157440954575746,0.24965229654805055,0.224600568654458,0.025051727893592557,-0.025051727893592557,False,False,,
M2:A1,7a2612095f7840048f58d69a07e836a5,0,83f3eb36fc7144ab902e192db3a98c06,1.0000000000000258,1.0000000000000258,0.0,0.0,0.0,0.0,0.0,False,False,,
M2:A1,7a2612095f7840048f58d69a07e836a5,1,0fc0a764b3ec4c8196ffa35598fbda5f,0.9525443406826275,0.951267428802603,0.001276911880024545,0.04370012709818792,0.08748681999667086,-0.04378669289848294,0.04378669289848294,False,False,,
M2:A1,7a2612095f7840048f58d69a07e836a5,2,ef823f39fe034fdc9651a363fc81327b,0.9130684368878176,0.8995454942424674,0.013522942645350144,0.07678823842632276,0.17519275456692218,-0.09840451614059942,0.09840451614059942,False,False,,
M2:A1,7a2612095f7840048f58d69a07e836a5,4,cb440b4d1912467fb51d871f0ccf8e8a,0.840940000706591,0.8282805132386337,0.012659487467957309,0.15526013230190933,0.294120428943486,-0.13886029664157667,0.13886029664157667,False,False,,
M2:A1,7a2612095f7840048f58d69a07e836a5,8,097394612e494d1ebe1750ed54a27763,0.7055848275029458,0.6694684223958187,0.0361164051071271,0.406147009204075,0.6131630925005298,-0.20701608329645482,0.20701608329645482,False,False,,
M2:A1,7a2612095f7840048f58d69a07e836a5,9,20601ccb0ab0445db56bad84060c1323,0.6843609579725246,0.6218404283966292,0.06252052957589538,0.5509620173997888,0.7644224891554802,-0.21346047175569138,0.21346047175569138,False,False,,
M2:A1,7a2612095f7840048f58d69a07e836a5,10,746857c6bd46430fa4b5b82186e716e0,0.7147444660369583,0.5682797020029452,0.1464647640340131,0.5605479142005464,0.9134536239748564,-0.35290570977431,0.35290570977431,False,False,,
M2:A1,7a2612095f7840048f58d69a07e836a5,12,63d7813869b34ee9aa65064e93775e58,0.7481347937425518,0.5065206952034335,0.2416140985391183,0.551531379435006,1.083051527001579,-0.5315201475665731,0.5315201475665731,False,False,,
M2:A1,7a2612095f7840048f58d69a07e836a5,16,60448167db014ef49dcfb65d89d69b3f,0.7723629216289915,0.5286389831805224,0.24372393844846907,0.46962517168475576,1.0606969107628748,-0.591071739078119,0.591071739078119,False,False,,
M2:A1,7a2612095f7840048f58d69a07e836a5,17,f0bb168a6bc34e0bba79dd122b6394b0,0.7607153981204428,0.5311567335669116,0.22955866455353113,0.47052046499127115,1.1041041682031296,-0.6335837032118585,0.6335837032118585,False,False,,
M2:A1,7a2612095f7840048f58d69a07e836a5,18,a82ac06abf0d4d5ea70af9e19e82305e,0.7499942503604264,0.5328446584782937,0.2171495918821328,0.47141163750152554,1.1570261653721414,-0.6856145278706158,0.6856145278706158,False,False,,
M2:A1,7a2612095f7840048f58d69a07e836a5,20,4734352144ac49a7b02960b99573fc14,0.6775976695103924,0.4888005240535301,0.18879714545686227,0.4894578660448714,1.1949640850988992,-0.7055062190540278,0.7055062190540278,False,False,,
M2:A1,7a2612095f7840048f58d69a07e836a5,24,7f769bb638214009813b92df0cfb501a,0.5131281833113217,0.36871423573731016,0.14441394757401155,0.5874804593400217,1.2734280180390911,-0.6859475586990694,0.6859475586990694,False,False,,
M2:A1,7a2612095f7840048f58d69a07e836a5,25,f76469bb5b5747dbaedb1c59990b5579,0.470061226313673,0.3463163597932514,0.12374486652042155,0.6143193845303261,1.3158471715153635,-0.7015277869850374,0.7015277869850374,False,False,,
M2:A1,ec2a550c52b240d98c9c3bca3d06602f,0,f8de967b00394c9e88558219feef8426,1.0000000000000138,1.0000000000000138,0.0,0.0,0.0,0.0,0.0,False,False,,
M2:A1,ec2a550c52b240d98c9c3bca3d06602f,1,cb440b4d1912467fb51d871f0ccf8e8a,0.8633876892247966,0.8387789020221248,0.02460878720267179,0.330906907362621,0.354770704312339,-0.023863796949717964,0.023863796949717964,False,False,,
M2:A1,ec2a550c52b240d98c9c3bca3d06602f,2,13546ea263ff48f49899cb30ac0004e9,0.7724533058208634,0.7270488570487984,0.045404448772064954,0.32444185753363036,0.3824201795242305,-0.05797832199060016,0.05797832199060016,False,False,,
M2:A1,ec2a550c52b240d98c9c3bca3d06602f,4,2b77a910c5e749f9a620d893361c1976,0.6781426242036313,0.6330271476530254,0.04511547655060588,0.3527879847144087,0.4330800814362279,-0.0802920967218192,0.0802920967218192,False,False,,
M2:A1,ec2a550c52b240d98c9c3bca3d06602f,8,ef4fbe4064a74ce6b0a52cb3dd2e0bf0,0.8176056946763187,0.8209424181081263,-0.0033367234318075756,0.27029103233266527,0.3204186162180147,-0.050127583885349436,0.050127583885349436,False,False,,
M2:A1,ec2a550c52b240d98c9c3bca3d06602f,9,63d7813869b34ee9aa65064e93775e58,0.6631138283677753,0.5853242249157719,0.07778960345200348,0.3304932963446902,0.4403869630836057,-0.10989366673891549,0.10989366673891549,False,False,,
M2:A1,ec2a550c52b240d98c9c3bca3d06602f,10,3d5a6fe339f3490297e4b9d1f3949618,0.4413590266383319,0.3668380864633359,0.074520940174996,0.5705250709457177,0.7046349444061558,-0.13410987346043812,0.13410987346043812,False,False,,
M2:A1,ec2a550c52b240d98c9c3bca3d06602f,12,49cd09e4a07145258972fc4e6b18e42d,0.4224083966506727,0.3505197827712287,0.07188861387944401,0.597915451907283,0.7301849426991953,-0.1322694907919123,0.1322694907919123,True,True,,
M2:A1,ec2a550c52b240d98c9c3bca3d06602f,16,2a572213c61c4d40a1955c2aecee6104,0.3853517969658442,0.3184946941831811,0.0668571027826631,0.6540692142356873,0.7829083392006896,-0.12883912496500227,0.12883912496500227,True,True,,
M2:A1,ec2a550c52b240d98c9c3bca3d06602f,17,4734352144ac49a7b02960b99573fc14,0.37623644253892435,0.31059342926683875,0.0656430132720856,0.668423777386511,0.7964529824663092,-0.1280292050797982,0.1280292050797982,True,True,,
M2:A1,ec2a550c52b240d98c9c3bca3d06602f,18,0ab9ec2730894df2b48df70d0d2e84a9,0.3678363435721082,0.30330387956538857,0.06453246400671964,0.6818464402361897,0.8091409724246714,-0.12729453218848175,0.12729453218848175,True,True,,
M2:A1,ec2a550c52b240d98c9c3bca3d06602f,20,fd6002d736cb405796fc4fbdd5af6f7f,0.3518447656359131,0.28454452816451403,0.06730023747139907,0.7052988096560028,0.8402024133617602,-0.13490360370575738,0.13490360370575738,False,False,,
M2:A1,ec2a550c52b240d98c9c3bca3d06602f,24,8a7007fd59cf4f39a3855b0e82136105,0.2466580928350335,0.18707611230613433,0.05958198052889918,0.8946546306848547,1.0365686434754589,-0.14191401279060412,0.14191401279060412,False,False,,
M2:A1,ec2a550c52b240d98c9c3bca3d06602f,25,15f4465f9fe44b80ab54908983b1cf68,0.20672719568578196,0.1489596338211533,0.05776756186462867,0.9757570327340416,1.123259116541501,-0.14750208380745933,0.14750208380745933,False,False,,
M2:A1,ec2a550c52b240d98c9c3bca3d06602f,26,f94199c2a589484d8e32dd6bf4931d4f,0.18366416940729183,0.12219485620900193,0.061469313198289896,1.0256260713615952,1.1950534632106486,-0.16942739184905342,0.16942739184905342,False,False,,
M2:A1,ec2a550c52b240d98c9c3bca3d06602f,28,bec365d878c4413d85d5fbb3eb3b3f46,0.12889562952805145,0.07246474908010195,0.0564308804479495,1.1511931535254862,1.334874924753244,-0.18368177122775786,0.18368177122775786,False,False,,
M2:A1,ec2a550c52b240d98c9c3bca3d06602f,32,bc84a61f13f744cd8f5aa8e888ce879b,0.09813862527277886,0.0442994622898811,0.05383916298289776,1.2273051632198608,1.4282722441914464,-0.20096708097158555,0.20096708097158555,False,False,,
M2:A1,ec2a550c52b240d98c9c3bca3d06602f,33,76c090ac27774e66a592f40998d5537c,0.09756615285966444,0.04132518142592934,0.0562409714337351,1.2291754091532614,1.4490276339642472,-0.21985222481098576,0.21985222481098576,False,False,,
M2:A1,85269a87307a4ee3967e37b496e32280,0,f0bb168a6bc34e0bba79dd122b6394b0,1.0000000000000198,1.0000000000000198,0.0,0.0,0.0,0.0,0.0,False,False,,
M2:A1,85269a87307a4ee3967e37b496e32280,1,a82ac06abf0d4d5ea70af9e19e82305e,0.8868743783893325,0.8889733302284326,-0.0020989518391001383,0.06630177467117243,0.06805544311646167,-0.001753668445289236,0.001753668445289236,False,False,,
M2:A1,85269a87307a4ee3967e37b496e32280,2,2a572213c61c4d40a1955c2aecee6104,0.7934500340223378,0.799759027862143,-0.00630899383980521,0.12945308247069628,0.12908328502959684,0.0003697974410994398,-0.0003697974410994398,False,False,,
M2:A1,85269a87307a4ee3967e37b496e32280,4,0ab9ec2730894df2b48df70d0d2e84a9,0.6351281567303384,0.6408483884134765,-0.005720231683138066,0.2598162448950398,0.2587125440829599,0.0011037008120798886,-0.0011037008120798886,False,False,,
M2:A1,85269a87307a4ee3967e37b496e32280,8,f76469bb5b5747dbaedb1c59990b5579,0.40325027547484743,0.40574912462214513,-0.0024988491472976992,0.547147852789255,0.5432837867043127,0.003864066084942386,-0.003864066084942386,False,False,,
M2:A1,85269a87307a4ee3967e37b496e32280,9,770820077d44452a8428299e33808c0f,0.3599166900834834,0.36709108624895176,-0.007174396165468333,0.614853972435986,0.6148010041346992,5.296830128687091e-05,-5.296830128687091e-05,False,False,,
M2:A1,85269a87307a4ee3967e37b496e32280,10,8a7007fd59cf4f39a3855b0e82136105,0.31602575592413623,0.32920365195476153,-0.013177896030625302,0.6876670513237422,0.6826141826536574,0.005052868670084809,-0.005052868670084809,False,False,,
M2:A1,85269a87307a4ee3967e37b496e32280,12,f94199c2a589484d8e32dd6bf4931d4f,0.26629020063296927,0.2647908639194807,0.0014993367134885638,0.7989188313045168,0.8078325329196153,-0.008913701615098524,0.008913701615098524,False,False,,
M2:A1,85269a87307a4ee3967e37b496e32280,16,54259afa6c644e1d99422df9da1c8f35,0.1533520434890273,0.14601939097587843,0.0073326525131488796,1.0859240647976711,1.1068014619431847,-0.02087739714551362,0.02087739714551362,False,False,,
M2:A1,85269a87307a4ee3967e37b496e32280,17,fa8abe51b4104eb68fc7f85ab1c475bb,0.11490438957331196,0.11168220411235463,0.0032221854609573303,1.1920544939120747,1.204514584080853,-0.01246009016877836,0.01246009016877836,False,False,,
M2:A1,85269a87307a4ee3967e37b496e32280,18,bc84a61f13f744cd8f5aa8e888ce879b,0.07924232213948951,0.07969138387838241,-0.0004490617388929058,1.303296151578659,1.3007296863960125,0.0025664651826464713,-0.0025664651826464713,False,False,,
M2:A1,85269a87307a4ee3967e37b496e32280,19,76c090ac27774e66a592f40998d5537c,0.04253190022277941,0.05364715044033461,-0.011115250217555196,1.4448583765210758,1.3822342377707848,0.06262413875029105,-0.06262413875029105,False,False,,
