comparison,tracklet_key,source_frame_index,frame_token,left_iou,right_iou,iou_delta_left_minus_right,left_center_error,right_center_error,center_error_delta_left_minus_right,center_error_gain_left_over_right,left_empty_fallback,right_empty_fallback,left_path_center_gap,right_path_center_gap
M2:A1,8ce4fe54af77467d90c840465f69677f,0,274b134fb2324486ae253eb6e24f900d,1.0000000000000582,1.0000000000000582,0.0,0.0,0.0,0.0,0.0,False,False,,
M2:A1,8ce4fe54af77467d90c840465f69677f,1,a977b0e797694036a9c40ab80f9d0ebc,0.9833062903637779,0.9833062903637779,0.0,0.01920937271231659,0.01920937271231659,0.0,0.0,True,True,,
M2:A1,8ce4fe54af77467d90c840465f69677f,2,bfbb3ba599ea450181210aa6000bad7f,0.966242600221573,0.966242600221573,0.0,0.03894868418832327,0.03894868418832327,0.0,0.0,True,True,,
M2:A1,8ce4fe54af77467d90c840465f69677f,3,3e92d615685942dfab6edb5a0a7678e6,0.9504042468442836,0.9504042468442836,0.0,0.05815496539415917,0.05815496539415917,0.0,0.0,True,True,,
M2:A1,8ce4fe54af77467d90c840465f69677f,4,5b954ca864914a37aaaf0879249ace6a,0.9348811092979189,0.9348811092979189,0.0,0.07736278174934802,0.07736278174934802,0.0,0.0,True,True,,
M2:A1,8ce4fe54af77467d90c840465f69677f,5,9e10d5419ffa43ce9f70766b4a5a0292,0.9195112764778942,0.9195112764778942,0.0,0.09724710792613339,0.09724710792613339,0.0,0.0,True,True,,
M2:A1,8ce4fe54af77467d90c840465f69677f,6,12c5d6c3dc424561b9192b76b45af6fd,0.9044441930159578,0.9044441930159578,0.0,0.11645600027478475,0.11645600027478475,0.0,0.0,True,True,,
M2:A1,8ce4fe54af77467d90c840465f69677f,7,882819f68f5e4be698694e673c71c6ab,0.8894572183802109,0.8894572183802109,0.0,0.13619104228987347,0.13619104228987347,0.0,0.0,True,True,,
M2:A1,8ce4fe54af77467d90c840465f69677f,8,f6bf5986ca8a49c082c0e4d892de767c,0.8751226479166554,0.8751226479166554,0.0,0.15539948519858146,0.15539948519858146,0.0,0.0,True,True,,
M2:A1,8ce4fe54af77467d90c840465f69677f,9,69e5c0a974344a2b89e9e351a5b79461,0.8610614214077082,0.8610614214077082,0.0,0.1746081326857042,0.1746081326857042,0.0,0.0,True,True,,
M2:A1,8ce4fe54af77467d90c840465f69677f,10,519f1a02f21d43699ca1ada7ffd38726,0.8369798525785174,0.8545329402765357,-0.017553087698018333,0.2144277828632849,0.1759367958227435,0.03849098704054141,-0.03849098704054141,False,False,,
M2:A1,8ce4fe54af77467d90c840465f69677f,11,c71884fb34d046258c12cf018513d8cc,0.8104409372756066,0.7724441108409167,0.037996826434689934,0.2630681521324025,0.3267917614380582,-0.06372360930565574,0.06372360930565574,False,False,,
M2:A1,8ce4fe54af77467d90c840465f69677f,12,ee7d01fd902d4185a54112e1f1210e41,0.7861704711574695,0.7763363604477391,0.009834110709730393,0.306710462496397,0.2955304910308408,0.011179971465556215,-0.011179971465556215,False,False,,
M2:A1,8ce4fe54af77467d90c840465f69677f,13,df7d0426da5346deae21136ea3cba58b,0.7660720181421797,0.7612232415248598,0.004848776617319972,0.34495842546991123,0.3185950481955042,0.02636337727440702,-0.02636337727440702,False,False,,
M2:A1,8ce4fe54af77467d90c840465f69677f,14,ba7fb622e77447f6aa58ab1fff9ed0cf,0.7540754632564626,0.7492002128699855,0.00487525038647707,0.3639943202563093,0.33779610462583703,0.026198215630472255,-0.026198215630472255,True,True,,
M2:A1,8ce4fe54af77467d90c840465f69677f,15,5087c0b3f84741178f42d668fbdf506f,0.7324307858503855,0.742198483164202,-0.009767697313816548,0.4078289652979468,0.33749682290021094,0.07033214239773589,-0.07033214239773589,False,False,,
M2:A1,8ce4fe54af77467d90c840465f69677f,16,13055b928600455db08cf9ae57d8d4c7,0.7083803045602873,0.6906814654986467,0.017698839061640603,0.45972196111974917,0.4559261223061513,0.0037958388135978516,-0.0037958388135978516,False,False,,
M2:A1,8ce4fe54af77467d90c840465f69677f,17,220b431fd37e436f98aa1c868eee5828,0.6871937679469423,0.6899066734139219,-0.002712905466979554,0.5065431549082091,0.4267104910040551,0.079832663904154,-0.079832663904154,False,False,,
M2:A1,8ce4fe54af77467d90c840465f69677f,18,4abbc508bffb4f9b957a8ad2457db2e2,0.6695271070886706,0.685380362547647,-0.015853255458976423,0.5450794027004079,0.4202525495834491,0.12482685311695879,-0.12482685311695879,False,False,,
M2:A1,8ce4fe54af77467d90c840465f69677f,19,103914217786464998f1e48a2c20cef0,0.6523777619709695,0.6707492196734579,-0.01837145770248838,0.5830895771452512,0.435786881589151,0.1473026955561002,-0.1473026955561002,False,False,,
M2:A1,8ce4fe54af77467d90c840465f69677f,20,9f35db3dd17c41e4875c2f54bd71fc29,0.6584415005846026,0.6600812086644343,-0.0016397080798317143,0.6274946039850207,0.4583885426716836,0.16910606131333705,-0.16910606131333705,False,False,,
M2:A1,8ce4fe54af77467d90c840465f69677f,21,8da854b2bced46f7a59f39a4d42bbfd2,0.6467472311652895,0.6661503086749342,-0.01940307750964465,0.6691440173839279,0.4542457191411264,0.21489829824280154,-0.21489829824280154,False,False,,
M2:A1,8ce4fe54af77467d90c840465f69677f,22,1e46c82d6a804cf1aaa9d2d6b5b5ef27,0.6464237538706464,0.6792931501988402,-0.032869396328193745,0.6661585445013428,0.4178339142094234,0.24832463029191942,-0.24832463029191942,False,False,,
M2:A1,8ce4fe54af77467d90c840465f69677f,23,029f10e7436740a0a04feab4ab3aeddc,0.6460074932206501,0.6785470369901891,-0.03253954376953905,0.664800936503178,0.4049655276968208,0.25983540880635714,-0.25983540880635714,False,False,,
M2:A1,8ce4fe54af77467d90c840465f69677f,24,d364275322c4483fbf86df22f0e7a315,0.5662160939525892,0.664026800792107,-0.09781070683951776,0.6681713205019302,0.37589917814489937,0.2922721423570308,-0.2922721423570308,False,False,,
M2:A1,8ce4fe54af77467d90c840465f69677f,25,c98b06812964464093b23c3734532d06,0.6494858969678409,0.3138472485207912,0.33563864844704966,0.3432361894836491,2.161367558191623,-1.8181313687079739,1.8181313687079739,False,False,,
M2:A1,8ce4fe54af77467d90c840465f69677f,26,12f431b160be4858a51cced6955c37bd,0.6459152950314063,0.3293901493819282,0.31652514564947815,0.34884287261360947,2.075453102590789,-1.7266102299771797,1.7266102299771797,False,False,,
M2:A1,f4af7fd215ee47aa8b64bac0443d7be8,0,12c5d6c3dc424561b9192b76b45af6fd,0.9999999999999081,0.9999999999999081,0.0,0.0,0.0,0.0,0.0,False,False,,
M2:A1,f4af7fd215ee47aa8b64bac0443d7be8,1,882819f68f5e4be698694e673c71c6ab,0.9738579807364874,0.9707401386256506,0.003117842110836877,0.02188650693825634,0.034105993130656,-0.01221948619239966,0.01221948619239966,False,False,,
M2:A1,f4af7fd215ee47aa8b64bac0443d7be8,2,f6bf5986ca8a49c082c0e4d892de767c,0.933064736234417,0.9616749370054699,-0.028610200771052918,0.08226055293795065,0.04202663628596096,0.040233916651989686,-0.040233916651989686,False,False,,
M2:A1,f4af7fd215ee47aa8b64bac0443d7be8,3,69e5c0a974344a2b89e9e351a5b79461,0.8979323711565887,0.9278441304266928,-0.029911759270104032,0.13600051191486753,0.107650717704988,0.028349794209879528,-0.028349794209879528,False,False,,
M2:A1,f4af7fd215ee47aa8b64bac0443d7be8,4,519f1a02f21d43699ca1ada7ffd38726,0.8902871380416467,0.9210757154916659,-0.030788577450019172,0.14646928926500954,0.11144693131917784,0.03502235794583171,-0.03502235794583171,False,False,,
M2:A1,f4af7fd215ee47aa8b64bac0443d7be8,5,c71884fb34d046258c12cf018513d8cc,0.8756558042810085,0.9058570693198321,-0.030201265038823588,0.15099021058754217,0.09913308886031395,0.051857121727228214,-0.051857121727228214,False,False,,
M2:A1,f4af7fd215ee47aa8b64bac0443d7be8,6,ee7d01fd902d4185a54112e1f1210e41,0.9022528018394431,0.9415987303749306,-0.03934592853548746,0.138102540728423,0.07095235211761836,0.06715018861080466,-0.06715018861080466,False,False,,
M2:A1,f4af7fd215ee47aa8b64bac0443d7be8,7,df7d0426da5346deae21136ea3cba58b,0.9299313261816751,0.9284001605515717,0.0015311656301033594,0.12790596343544058,0.051808359869501344,0.07609760356593924,-0.07609760356593924,False,False,,
M2:A1,f4af7fd215ee47aa8b64bac0443d7be8,8,ba7fb622e77447f6aa58ab1fff9ed0cf,0.9314849786725198,0.8871588471162395,0.04432613155628029,0.12281148539958907,0.08404170285216954,0.03876978254741953,-0.03876978254741953,False,False,,
M2:A1,f4af7fd215ee47aa8b64bac0443d7be8,9,5087c0b3f84741178f42d668fbdf506f,0.9104995840023666,0.8425292699931766,0.06797031400919007,0.11886983561523606,0.13088489878698478,-0.012015063171748719,0.012015063171748719,False,False,,
M2:A1,f4af7fd215ee47aa8b64bac0443d7be8,10,13055b928600455db08cf9ae57d8d4c7,0.9269549022117533,0.8343165927365169,0.09263830947523632,0.10652326088096596,0.16436467497823468,-0.057841414097268715,0.057841414097268715,False,False,,
M2:A1,f4af7fd215ee47aa8b64bac0443d7be8,11,220b431fd37e436f98aa1c868eee5828,0.9402847962004893,0.8179932431780255,0.12229155302246386,0.10032690747153405,0.22617573847438388,-0.12584883100284983,0.12584883100284983,False,False,,
M2:A1,f4af7fd215ee47aa8b64bac0443d7be8,12,4abbc508bffb4f9b957a8ad2457db2e2,0.9297696552079675,0.8263615030607443,0.10340815214722321,0.14642850180772884,0.24020778896209635,-0.09377928715436751,0.09377928715436751,False,False,,
M2:A1,f4af7fd215ee47aa8b64bac0443d7be8,13,103914217786464998f1e48a2c20cef0,0.6638764637729532,0.6728287106876247,-0.008952246914671558,0.3446530905805515,0.34059803111509207,0.004055059465459421,-0.004055059465459421,False,False,,
M2:A1,f2d9e6f194ee446eafc7a79fcb32994a,0,ba7fb622e77447f6aa58ab1fff9ed0cf,0.999999999999963,0.999999999999963,0.0,0.0,0.0,0.0,0.0,False,False,,
M2:A1,f2d9e6f194ee446eafc7a79fcb32994a,1,5087c0b3f84741178f42d668fbdf506f,0.9671629652230249,0.9430498678871073,0.0241130973359176,0.026045469652432457,0.0540790798109933,-0.028033610158560845,0.028033610158560845,False,False,,
M2:A1,f2d9e6f194ee446eafc7a79fcb32994a,2,13055b928600455db08cf9ae57d8d4c7,0.9696210188746712,0.9245301776762797,0.045090841198391574,0.0220887655176009,0.07896241016261975,-0.056873644645018845,0.056873644645018845,False,False,,
M2:A1,f2d9e6f194ee446eafc7a79fcb32994a,3,220b431fd37e436f98aa1c868eee5828,0.9717349247521065,0.8965477555792543,0.07518716917285229,0.024779905676215252,0.13025275962188884,-0.10547285394567359,0.10547285394567359,False,False,,
M2:A1,f2d9e6f194ee446eafc7a79fcb32994a,4,4abbc508bffb4f9b957a8ad2457db2e2,0.8771947993339357,0.8749578044289622,0.0022369949049735327,0.09328549453620001,0.17414504796680025,-0.08085955343060024,0.08085955343060024,False,False,,
M2:A1,f2d9e6f194ee446eafc7a79fcb32994a,5,103914217786464998f1e48a2c20cef0,0.8757455582090795,0.8534543674769202,0.02229119073215935,0.09920836459274562,0.22078570732745734,-0.12157734273471171,0.12157734273471171,False,False,,
M2:A1,f2d9e6f194ee446eafc7a79fcb32994a,6,9f35db3dd17c41e4875c2f54bd71fc29,0.8649638074133608,0.8316764703654212,0.033287337047939514,0.11016204608734075,0.26938312883058496,-0.1592210827432442,0.1592210827432442,False,False,,
M2:A1,f2d9e6f194ee446eafc7a79fcb32994a,7,8da854b2bced46f7a59f39a4d42bbfd2,0.8339995665052018,0.8072830383425017,0.026716528162700093,0.13047535449618478,0.3325399989682244,-0.20206464447203962,0.20206464447203962,False,False,,
M2:A1,afff27c4b3934c59837d2294137735d5,0,d364275322c4483fbf86df22f0e7a315,1.000000000000115,1.000000000000115,0.0,0.0,0.0,0.0,0.0,False,False,,
M2:A1,afff27c4b3934c59837d2294137735d5,1,c98b06812964464093b23c3734532d06,0.9873552745061329,0.9792589953611721,0.008096279144960805,0.012727004938560028,0.014258185111787546,-0.0015311801732275174,0.0015311801732275174,False,False,,
M2:A1,afff27c4b3934c59837d2294137735d5,2,12f431b160be4858a51cced6955c37bd,0.9764439967511036,0.9727246240977709,0.0037193726533326643,0.019082786698298236,0.019222839417957275,-0.00014005271965903884,0.00014005271965903884,False,False,,
M2:A1,58ead1aad9b544b4b8126d8723f2764f,0,220b431fd37e436f98aa1c868eee5828,1.0000000000000768,1.0000000000000768,0.0,0.0,0.0,0.0,0.0,False,False,,
M2:A1,58ead1aad9b544b4b8126d8723f2764f,1,4abbc508bffb4f9b957a8ad2457db2e2,0.9267429807967011,0.8821372707036735,0.044605710093027606,0.06434245228618195,0.11006450431745893,-0.04572205203127698,0.04572205203127698,False,False,,
M2:A1,9e5f09bc19cd473dae219194ada64f3d,0,ab1f5ba71a2f42c89efefcbc6dffcfb7,1.0000000000000537,1.0000000000000537,0.0,0.0,0.0,0.0,0.0,False,False,,
M2:A1,9e5f09bc19cd473dae219194ada64f3d,1,c502570cba9749f7bd89494803a52c02,0.97547655998665,0.935619047749744,0.03985751223690592,0.023164301525950556,0.09000961501862423,-0.06684531349267367,0.06684531349267367,False,False,,
M2:A1,9e5f09bc19cd473dae219194ada64f3d,2,274b134fb2324486ae253eb6e24f900d,0.9545002545346062,0.864807127428731,0.08969312710587518,0.04616020170898056,0.19850583585174617,-0.1523456341427656,0.1523456341427656,False,False,,
M2:A1,9e5f09bc19cd473dae219194ada64f3d,3,a977b0e797694036a9c40ab80f9d0ebc,0.9380610692174886,0.8001761742887518,0.1378848949287368,0.06961303605278268,0.29875924021285327,-0.2291462041600706,0.2291462041600706,False,False,,
M2:A1,9e5f09bc19cd473dae219194ada64f3d,4,bfbb3ba599ea450181210aa6000bad7f,0.9185634388815365,0.7391126604348658,0.17945077844667068,0.09286968605667192,0.4023667892416831,-0.3094971031850112,0.3094971031850112,False,False,,
M2:A1,9e5f09bc19cd473dae219194ada64f3d,5,3e92d615685942dfab6edb5a0a7678e6,0.9085202231565983,0.6912876073517887,0.21723261580480957,0.11666497776239992,0.5033256992887323,-0.38666072152633235,0.38666072152633235,False,False,,
M2:A1,9e5f09bc19cd473dae219194ada64f3d,6,5b954ca864914a37aaaf0879249ace6a,0.8864068508711933,0.6606836524651364,0.22572319840605692,0.14027125704824095,0.5741611167713028,-0.4338898597230618,0.4338898597230618,False,False,,
M2:A1,9e5f09bc19cd473dae219194ada64f3d,7,9e10d5419ffa43ce9f70766b4a5a0292,0.8291503572342213,0.6317685668963616,0.19738179033785963,0.1717349912883434,0.653233347767961,-0.48149835647961764,0.48149835647961764,False,False,,
M2:A1,9e5f09bc19cd473dae219194ada64f3d,8,12c5d6c3dc424561b9192b76b45af6fd,0.7742169339211975,0.5743013316567096,0.1999156022644879,0.21332240160666202,0.732578118433235,-0.5192557168265729,0.5192557168265729,False,False,,
M2:A1,9e5f09bc19cd473dae219194ada64f3d,9,882819f68f5e4be698694e673c71c6ab,0.760071682381885,0.5456965143418604,0.21437516804002466,0.22915167702420486,0.8029039744246836,-0.5737522974004787,0.5737522974004787,False,False,,
M2:A1,9e5f09bc19cd473dae219194ada64f3d,10,f6bf5986ca8a49c082c0e4d892de767c,0.7421955377452678,0.5124856278253843,0.2297099099198835,0.29288370302815403,0.8888033006763374,-0.5959195976481834,0.5959195976481834,False,False,,
M2:A1,9e5f09bc19cd473dae219194ada64f3d,11,69e5c0a974344a2b89e9e351a5b79461,0.7154047235231127,0.48473642722130067,0.23066829630181201,0.3924330672855334,0.9642905855576261,-0.5718575182720927,0.5718575182720927,False,False,,
M2:A1,9e5f09bc19cd473dae219194ada64f3d,12,519f1a02f21d43699ca1ada7ffd38726,0.6725852028540503,0.47428247824492026,0.19830272460913007,0.5259668013491403,1.0268116817787403,-0.5008448804296,0.5008448804296,False,False,,
M2:A1,9e5f09bc19cd473dae219194ada64f3d,13,c71884fb34d046258c12cf018513d8cc,0.491737650875649,0.4667165735539977,0.02502107732165132,1.0212191390199323,1.0783493633754933,-0.05713022435556092,0.05713022435556092,False,False,,
M2:A1,9e5f09bc19cd473dae219194ada64f3d,14,ee7d01fd902d4185a54112e1f1210e41,0.4047984811717725,0.45800583638692616,-0.053207355215153684,1.3379674373946175,1.132597783221418,0.20536965417319952,-0.20536965417319952,False,False,,
M2:A1,9e5f09bc19cd473dae219194ada64f3d,15,df7d0426da5346deae21136ea3cba58b,0.2831675912984125,0.44188802922282533,-0.15872043792441282,1.789016108305033,1.1968540310672064,0.5921620772378267,-0.5921620772378267,False,False,,
M2:A1,9e5f09bc19cd473dae219194ada64f3d,16,ba7fb622e77447f6aa58ab1fff9ed0cf,0.16542415423818965,0.42714475923097234,-0.2617206049927827,2.353404917373076,1.2534875836778616,1.0999173336952144,-1.0999173336952144,False,False,,
M2:A1,9e5f09bc19cd473dae219194ada64f3d,17,5087c0b3f84741178f42d668fbdf506f,0.1597197031426913,0.413207806459114,-0.2534881033164227,2.3825881087418996,1.284211529609228,1.0983765791326716,-1.0983765791326716,False,False,,
M2:A1,9e5f09bc19cd473dae219194ada64f3d,18,13055b928600455db08cf9ae57d8d4c7,0.1249692287877565,0.39530847168379274,-0.2703392428960362,2.5847701689099254,1.3234986236348325,1.2612715452750929,-1.2612715452750929,False,False,,
M2:A1,9e5f09bc19cd473dae219194ada64f3d,19,220b431fd37e436f98aa1c868eee5828,0.11911136343581377,0.37355256932252545,-0.2544412058867117,2.613237448485676,1.3593367167390396,1.2539007317466364,-1.2539007317466364,False,False,,
M2:A1,9e5f09bc19cd473dae219194ada64f3d,20,4abbc508bffb4f9b957a8ad2457db2e2,0.11332761401400664,0.3551388319516335,-0.24181121793762683,2.6423672161191063,1.3944458190550182,1.2479213970640881,-1.2479213970640881,False,False,,
M2:A1,f5c0c1968ef0486cb3183e521841352f,0,5b954ca864914a37aaaf0879249ace6a,1.0000000000000167,1.0000000000000167,0.0,0.0,0.0,0.0,0.0,False,False,,
M2:A1,f5c0c1968ef0486cb3183e521841352f,1,9e10d5419ffa43ce9f70766b4a5a0292,0.9764344262295243,0.9764344262295243,0.0,0.02299999999999991,0.02299999999999991,0.0,0.0,True,True,,
M2:A1,f5c0c1968ef0486cb3183e521841352f,2,12c5d6c3dc424561b9192b76b45af6fd,0.9534177215190027,0.9534177215190027,0.0,0.04600000000000004,0.04600000000000004,0.0,0.0,True,True,,
M2:A1,f5c0c1968ef0486cb3183e521841352f,3,882819f68f5e4be698694e673c71c6ab,0.9318978467701703,0.9318978467701703,0.0,0.06800000000000006,0.06800000000000006,0.0,0.0,True,True,,
M2:A1,f5c0c1968ef0486cb3183e521841352f,4,f6bf5986ca8a49c082c0e4d892de767c,0.9099009900990244,0.9099009900990244,0.0,0.09099999999999997,0.09099999999999997,0.0,0.0,True,True,,
M2:A1,f5c0c1968ef0486cb3183e521841352f,5,69e5c0a974344a2b89e9e351a5b79461,0.8883994126285014,0.8883994126285014,0.0,0.1140000000000001,0.1140000000000001,0.0,0.0,True,True,,
M2:A1,f5c0c1968ef0486cb3183e521841352f,6,519f1a02f21d43699ca1ada7ffd38726,0.8682808716707158,0.8682808716707158,0.0,0.1359999999999999,0.1359999999999999,0.0,0.0,True,True,,
M2:A1,f5c0c1968ef0486cb3183e521841352f,7,c71884fb34d046258c12cf018513d8cc,0.9014292755051891,0.9014292755051891,0.0,0.10000000000000009,0.10000000000000009,0.0,0.0,True,True,,
M2:A1,f5c0c1968ef0486cb3183e521841352f,8,ee7d01fd902d4185a54112e1f1210e41,0.9014292755051891,0.9014292755051891,0.0,0.10000000000000009,0.10000000000000009,0.0,0.0,True,True,,
M2:A1,f5c0c1968ef0486cb3183e521841352f,9,df7d0426da5346deae21136ea3cba58b,0.9014292755051891,0.9014292755051891,0.0,0.10000000000000009,0.10000000000000009,0.0,0.0,True,True,,
M2:A1,f5c0c1968ef0486cb3183e521841352f,10,ba7fb622e77447f6aa58ab1fff9ed0cf,0.8968294597701634,0.8929122440829196,0.003917215687243791,0.09581940971353235,0.0959594917847569,-0.00014008207122455374,0.00014008207122455374,False,False,,
M2:A1,f5c0c1968ef0486cb3183e521841352f,11,5087c0b3f84741178f42d668fbdf506f,0.9626450161172891,0.9754899619464542,-0.012844945829165066,0.04330322098267298,0.016763511233717925,0.026539709748955056,-0.026539709748955056,False,False,,
M2:A1,f5c0c1968ef0486cb3183e521841352f,12,13055b928600455db08cf9ae57d8d4c7,0.9496111978589299,0.9600289102541181,-0.010417712395188183,0.054153387013389176,0.055269782772293795,-0.001116395758904619,0.001116395758904619,False,False,,
M2:A1,f5c0c1968ef0486cb3183e521841352f,13,220b431fd37e436f98aa1c868eee5828,0.9351836757988038,0.9459259450888106,-0.010742269290006767,0.06838331007910962,0.09639007416275917,-0.02800676408364955,0.02800676408364955,False,False,,
M2:A1,f5c0c1968ef0486cb3183e521841352f,14,4abbc508bffb4f9b957a8ad2457db2e2,0.9231189298588929,0.9258049359307045,-0.0026860060718115752,0.07825044802117075,0.10985102254591493,-0.031600574524744185,0.031600574524744185,False,False,,
M2:A1,f5c0c1968ef0486cb3183e521841352f,15,103914217786464998f1e48a2c20cef0,0.91155276946529,0.8992090991206051,0.012343670344684865,0.08730154625798342,0.17276134701658072,-0.0854598007585973,0.0854598007585973,False,False,,
M2:A1,f5c0c1968ef0486cb3183e521841352f,16,9f35db3dd17c41e4875c2f54bd71fc29,0.8536014943553505,0.9355715557915671,-0.08197006143621666,0.21718127160149547,0.06580805634955493,0.15137321525194053,-0.15137321525194053,False,False,,
M2:A1,f5c0c1968ef0486cb3183e521841352f,17,8da854b2bced46f7a59f39a4d42bbfd2,0.8533837220347967,0.9531268910021574,-0.09974316896736068,0.20690760206719422,0.03939453530484129,0.16751306676235292,-0.16751306676235292,False,False,,
M2:A1,f5c0c1968ef0486cb3183e521841352f,18,1e46c82d6a804cf1aaa9d2d6b5b5ef27,0.8089009891570951,0.8204030679752612,-0.011502078818166117,0.21834333555321175,0.15512703071879363,0.06321630483441812,-0.06321630483441812,False,False,,
M2:A1,f5c0c1968ef0486cb3183e521841352f,19,029f10e7436740a0a04feab4ab3aeddc,0.7355858692869883,0.7330460629383873,0.0025398063486010702,0.26976024313055563,0.24908844963304247,0.020671793497513163,-0.020671793497513163,False,False,,
M2:A1,f5c0c1968ef0486cb3183e521841352f,20,d364275322c4483fbf86df22f0e7a315,0.7861607338722176,0.7876981816518916,-0.0015374477796740171,0.2311120832648515,0.17936026496047713,0.051751818304374364,-0.051751818304374364,False,False,,
M2:A1,e561b60694dc4514b6dddcfc5a5b6a90,0,c71884fb34d046258c12cf018513d8cc,0.9999999999999216,0.9999999999999216,0.0,0.0,0.0,0.0,0.0,False,False,,
M2:A1,e561b60694dc4514b6dddcfc5a5b6a90,1,ee7d01fd902d4185a54112e1f1210e41,0.9929797884724012,0.9805487895193742,0.012430998953027017,0.006890239694543431,0.018935593523028555,-0.012045353828485124,0.012045353828485124,False,False,,
M2:A1,e561b60694dc4514b6dddcfc5a5b6a90,2,df7d0426da5346deae21136ea3cba58b,0.9482660953133769,0.9602752714675417,-0.012009176154164747,0.057113329095652615,0.03327777080997354,0.023835558285679077,-0.023835558285679077,False,False,,
M2:A1,e561b60694dc4514b6dddcfc5a5b6a90,3,ba7fb622e77447f6aa58ab1fff9ed0cf,0.9061619859169212,0.9268368042335171,-0.0206748183165959,0.10906491270049358,0.0673555568642832,0.04170935583621038,-0.04170935583621038,False,False,,
M2:A1,e561b60694dc4514b6dddcfc5a5b6a90,4,5087c0b3f84741178f42d668fbdf506f,0.9122759550704437,0.9254420982392264,-0.013166143168782729,0.08786062431912493,0.055384063698967784,0.03247656062015715,-0.03247656062015715,False,False,,
M2:A1,e561b60694dc4514b6dddcfc5a5b6a90,5,13055b928600455db08cf9ae57d8d4c7,0.9087327502530191,0.9133047369613233,-0.004571986708304165,0.08898859624916569,0.0618695420028485,0.027119054246317192,-0.027119054246317192,False,False,,
M2:A1,e561b60694dc4514b6dddcfc5a5b6a90,6,220b431fd37e436f98aa1c868eee5828,0.8733750410886947,0.8732357486170799,0.00013929247161481584,0.13045755279933383,0.09387784243588675,0.03657971036344708,-0.03657971036344708,False,False,,
M2:A1,e561b60694dc4514b6dddcfc5a5b6a90,7,4abbc508bffb4f9b957a8ad2457db2e2,0.8405199824156864,0.8253714916594185,0.015148490756267896,0.17064226404413352,0.16042166466026198,0.010220599383871543,-0.010220599383871543,False,False,,
M2:A1,e561b60694dc4514b6dddcfc5a5b6a90,8,103914217786464998f1e48a2c20cef0,0.8178408001043123,0.7819000770060043,0.03594072309830798,0.18932388515214882,0.22852759553534951,-0.039203710383200696,0.039203710383200696,False,False,,
M2:A1,e561b60694dc4514b6dddcfc5a5b6a90,9,9f35db3dd17c41e4875c2f54bd71fc29,0.7955258385910163,0.7691720020630259,0.026353836527990393,0.21013452517968798,0.21812700503525764,-0.007992479855569667,0.007992479855569667,False,False,,
M2:A1,e561b60694dc4514b6dddcfc5a5b6a90,10,8da854b2bced46f7a59f39a4d42bbfd2,0.7918627509030882,0.7785259679475741,0.013336782955514104,0.21364832152670815,0.18541626092925623,0.028232060597451925,-0.028232060597451925,False,False,,
M2:A1,e561b60694dc4514b6dddcfc5a5b6a90,11,1e46c82d6a804cf1aaa9d2d6b5b5ef27,0.7880964155122406,0.7896938139909695,-0.001597398478728862,0.21765560852316526,0.16219276141748065,0.05546284710568461,-0.05546284710568461,False,False,,
M2:A1,e561b60694dc4514b6dddcfc5a5b6a90,12,029f10e7436740a0a04feab4ab3aeddc,0.7842743623367749,0.7980068323373833,-0.013732470000608399,0.2209765855126563,0.1570981200044615,0.06387846550819481,-0.06387846550819481,False,False,,
M2:A1,e561b60694dc4514b6dddcfc5a5b6a90,13,d364275322c4483fbf86df22f0e7a315,0.7807056369346133,0.7754156448432276,0.005289992091385698,0.22360761200518767,0.17963668435946387,0.0439709276457238,-0.0439709276457238,False,False,,
M2:A1,e561b60694dc4514b6dddcfc5a5b6a90,14,c98b06812964464093b23c3734532d06,0.7768288826897117,0.7502556148388677,0.026573267850844018,0.22703628291955327,0.23196336423014777,-0.004927081310594494,0.004927081310594494,False,False,,
M2:A1,e561b60694dc4514b6dddcfc5a5b6a90,15,12f431b160be4858a51cced6955c37bd,0.7728558990988432,0.7297071395561525,0.04314875954269071,0.23070021921822123,0.26280168863748676,-0.03210146941926553,0.03210146941926553,False,False,,
M2:A1,c283b224a9984736bff67a2f347866fa,0,fdddd75ee1d94f14a09991988dab8b3e,0.9999999999999281,0.9999999999999281,0.0,0.0,0.0,0.0,0.0,False,False,,
M2:A1,c283b224a9984736bff67a2f347866fa,1,53121f39e1a0434d8431777a05de3eec,0.46438262450702017,0.2253794140381741,0.23900321046884607,1.2433742314335718,2.806766603471132,-1.56339237203756,1.56339237203756,False,False,,
M2:A1,c283b224a9984736bff67a2f347866fa,2,872aeb79742f4cd5b6e069c36b007ace,0.20911738830053092,0.0,0.20911738830053092,2.151456943023122,6.065272848399499,-3.9138159053763775,3.9138159053763775,False,False,,
M2:A1,c283b224a9984736bff67a2f347866fa,3,d2e315d29ed4468f802bf6ccfdbe6852,0.057105577677705195,0.0,0.057105577677705195,3.6073997632538486,9.784982255479044,-6.177582492225195,6.177582492225195,False,False,,
M2:A1,c283b224a9984736bff67a2f347866fa,4,79a411ec3dc943bf94886ad9e539481d,0.0,0.0,0.0,8.296431672347351,14.592921466047825,-6.296489793700474,6.296489793700474,False,False,,
M2:A1,c283b224a9984736bff67a2f347866fa,5,9181fe90f31b4740b36969e383506d40,0.0,0.0,0.0,11.72454736141557,18.11553429786393,-6.3909869364483605,6.3909869364483605,False,False,,
M2:A1,c283b224a9984736bff67a2f347866fa,6,139d5e756c1f461ba1f0c6ec46968e43,0.0,0.0,0.0,16.265133684189202,22.780716105261654,-6.515582421072452,6.515582421072452,False,False,,
M2:A1,c283b224a9984736bff67a2f347866fa,7,21912d2aad7f45c98a54fad3bbea311f,0.0,0.0,0.0,20.80641368185936,27.384514626166176,-6.578100944306815,6.578100944306815,False,False,,
M2:A1,c283b224a9984736bff67a2f347866fa,8,c4a4d1b455434dba879d5dcd1cc378d6,0.0,0.0,0.0,25.763961987791422,32.38914322412717,-6.625181236335745,6.625181236335745,False,False,,
M2:A1,c283b224a9984736bff67a2f347866fa,9,e3bdfba683484a1ea09b7bb86e6be648,0.0,0.0,0.0,30.720245370406552,37.40016260264116,-6.679917232234608,6.679917232234608,False,False,,
M2:A1,c283b224a9984736bff67a2f347866fa,10,e749c211df64486dafc86660a0b20eca,0.0,0.0,0.0,35.3278515236345,42.070777852636716,-6.742926329002216,6.742926329002216,False,False,,
M2:A1,c283b224a9984736bff67a2f347866fa,11,ab1f5ba71a2f42c89efefcbc6dffcfb7,0.0,0.0,0.0,41.38053289735185,48.1916620472988,-6.81112914994695,6.81112914994695,False,False,,
M2:A1,a6ca1e8c4eee458cb4981e02f58c954f,0,a977b0e797694036a9c40ab80f9d0ebc,0.9999999999999937,0.9999999999999937,0.0,0.0,0.0,0.0,0.0,False,False,,
M2:A1,a6ca1e8c4eee458cb4981e02f58c954f,1,bfbb3ba599ea450181210aa6000bad7f,0.9699412299265672,0.9342797567110389,0.03566147321552826,0.028787656021308564,0.09812526236519226,-0.0693376063438837,0.0693376063438837,False,False,,
M2:A1,a6ca1e8c4eee458cb4981e02f58c954f,2,3e92d615685942dfab6edb5a0a7678e6,0.9374354450691244,0.8560659298228789,0.08136951524624547,0.058002174729838776,0.22175610705629506,-0.1637539323264563,0.1637539323264563,False,False,,
M2:A1,a6ca1e8c4eee458cb4981e02f58c954f,3,5b954ca864914a37aaaf0879249ace6a,0.908434069581513,0.8079809377085171,0.10045313187299587,0.06890530949580567,0.29808081611314186,-0.22917550661733618,0.22917550661733618,False,False,,
M2:A1,a6ca1e8c4eee458cb4981e02f58c954f,4,9e10d5419ffa43ce9f70766b4a5a0292,0.8803860319750947,0.7556269673394045,0.1247590646356902,0.08339384716064431,0.3953011443392446,-0.31190729717860033,0.31190729717860033,False,False,,
M2:A1,a6ca1e8c4eee458cb4981e02f58c954f,5,12c5d6c3dc424561b9192b76b45af6fd,0.8470257250322435,0.7182587067394385,0.128767018292805,0.10445506891763327,0.46526906196606127,-0.360813993048428,0.360813993048428,False,False,,
M2:A1,a6ca1e8c4eee458cb4981e02f58c954f,6,882819f68f5e4be698694e673c71c6ab,0.8361878805643822,0.6724545871526109,0.16373329341177134,0.11115477006091883,0.5564595930429699,-0.44530482298205104,0.44530482298205104,False,False,,
M2:A1,a6ca1e8c4eee458cb4981e02f58c954f,7,f6bf5986ca8a49c082c0e4d892de767c,0.8166419856554212,0.6316983856172821,0.18494360003813914,0.12482220794450734,0.6465725414127925,-0.5217503334682851,0.5217503334682851,False,False,,
M2:A1,a6ca1e8c4eee458cb4981e02f58c954f,8,69e5c0a974344a2b89e9e351a5b79461,0.7555342977969471,0.5632401993133839,0.19229409848356327,0.17071932926893965,0.7480026297811303,-0.5772833005121907,0.5772833005121907,False,False,,
M2:A1,a6ca1e8c4eee458cb4981e02f58c954f,9,519f1a02f21d43699ca1ada7ffd38726,0.7050755933088793,0.5059933026971807,0.19908229061169858,0.21859869876054172,0.8422885882236616,-0.6236898894631199,0.6236898894631199,False,False,,
M2:A1,a6ca1e8c4eee458cb4981e02f58c954f,10,c71884fb34d046258c12cf018513d8cc,0.6269400420648306,0.4519256387499172,0.17501440331491336,0.31321631212897605,0.8615637437688932,-0.5483474316399172,0.5483474316399172,False,False,,
M2:A1,a6ca1e8c4eee458cb4981e02f58c954f,11,ee7d01fd902d4185a54112e1f1210e41,0.6080306678803393,0.43980777974424995,0.16822288813608938,0.3273290816674424,0.8799747736538778,-0.5526456919864353,0.5526456919864353,False,False,,
M2:A1,a6ca1e8c4eee458cb4981e02f58c954f,12,df7d0426da5346deae21136ea3cba58b,0.6373656584580193,0.4460205251491417,0.1913451333088776,0.2893351366067412,0.9172621717635333,-0.627927035156792,0.627927035156792,False,False,,
M2:A1,a6ca1e8c4eee458cb4981e02f58c954f,13,ba7fb622e77447f6aa58ab1fff9ed0cf,0.6435128726212765,0.4339855764152349,0.20952729620604166,0.27792925754267495,0.9705469128309521,-0.6926176552882771,0.6926176552882771,False,False,,
M2:A1,a6ca1e8c4eee458cb4981e02f58c954f,14,5087c0b3f84741178f42d668fbdf506f,0.6853067631697465,0.44317902686854294,0.24212773630120354,0.23197244301764855,1.0156155171859667,-0.7836430741683181,0.7836430741683181,False,False,,
M2:A1,a6ca1e8c4eee458cb4981e02f58c954f,15,13055b928600455db08cf9ae57d8d4c7,0.57378752487161,0.3663831602281509,0.20740436464345913,0.36654570890383337,1.122853441684147,-0.7563077327803136,0.7563077327803136,False,False,,
M2:A1,898c8b3c29d64d80806dd5e5fc6c02d3,0,882819f68f5e4be698694e673c71c6ab,0.9999999999999006,0.9999999999999006,0.0,0.0,0.0,0.0,0.0,False,False,,
M2:A1,898c8b3c29d64d80806dd5e5fc6c02d3,1,f6bf5986ca8a49c082c0e4d892de767c,0.9673646907972022,0.9220355541666223,0.045329136630579914,0.020589477926459723,0.11458569692824865,-0.09399621900178892,0.09399621900178892,False,False,,
M2:A1,898c8b3c29d64d80806dd5e5fc6c02d3,2,69e5c0a974344a2b89e9e351a5b79461,0.942308006752431,0.8518499382228782,0.09045806852955274,0.03815131763207954,0.2263414832895443,-0.18819016565746474,0.18819016565746474,False,False,,
M2:A1,898c8b3c29d64d80806dd5e5fc6c02d3,3,519f1a02f21d43699ca1ada7ffd38726,0.913124175589824,0.773206099202635,0.1399180763871889,0.05817123167284284,0.3678450241731944,-0.3096737925003516,0.3096737925003516,False,False,,
M2:A1,898c8b3c29d64d80806dd5e5fc6c02d3,4,c71884fb34d046258c12cf018513d8cc,0.8903008707334991,0.6896090962703587,0.20069177446314035,0.07409922021832509,0.47574389037296766,-0.40164467015464256,0.40164467015464256,False,False,,
M2:A1,898c8b3c29d64d80806dd5e5fc6c02d3,5,ee7d01fd902d4185a54112e1f1210e41,0.8472485174626778,0.6417395673564681,0.20550895010620973,0.10460642560735488,0.5467413449490363,-0.44213491934168136,0.44213491934168136,False,False,,
M2:A1,898c8b3c29d64d80806dd5e5fc6c02d3,6,df7d0426da5346deae21136ea3cba58b,0.8513122776324596,0.6256767358336585,0.2256355417988012,0.10511038009138288,0.6085563431995706,-0.5034459631081878,0.5034459631081878,False,False,,
M2:A1,19f5d51759454803ae8bbc45bfb92737,0,220b431fd37e436f98aa1c868eee5828,1.0000000000000446,1.0000000000000446,0.0,0.0,0.0,0.0,0.0,False,False,,
M2:A1,19f5d51759454803ae8bbc45bfb92737,1,4abbc508bffb4f9b957a8ad2457db2e2,0.7971532792786172,0.9007792976760958,-0.10362601839747854,0.1973445590548453,0.17517019704064046,0.022174362014204835,-0.022174362014204835,False,False,,
M2:A1,19f5d51759454803ae8bbc45bfb92737,2,103914217786464998f1e48a2c20cef0,0.6851663572397124,0.7859988436417404,-0.10083248640202802,0.32749509465436105,0.4435254055131172,-0.11603031085875615,0.11603031085875615,False,False,,
M2:A1,19f5d51759454803ae8bbc45bfb92737,3,9f35db3dd17c41e4875c2f54bd71fc29,0.6860255351520765,0.7898467076853397,-0.10382117253326317,0.3240946744138721,0.482429253387346,-0.15833457897347392,0.15833457897347392,False,False,,
M2:A1,19f5d51759454803ae8bbc45bfb92737,4,8da854b2bced46f7a59f39a4d42bbfd2,0.6754648054456518,0.7464308047744546,-0.07096599932880276,0.3514038680566655,0.6143795679647468,-0.2629756999080813,0.2629756999080813,False,False,,
M2:A1,19f5d51759454803ae8bbc45bfb92737,5,1e46c82d6a804cf1aaa9d2d6b5b5ef27,0.699223092217024,0.7439948761927624,-0.044771783975738444,0.3533402942879302,0.5808085848031547,-0.2274682905152245,0.2274682905152245,False,False,,
M2:A1,19f5d51759454803ae8bbc45bfb92737,6,029f10e7436740a0a04feab4ab3aeddc,0.7050640725633633,0.7523862994200499,-0.04732222685668652,0.3419791185021101,0.5325297521049895,-0.19055063360287944,0.19055063360287944,False,False,,
M2:A1,19f5d51759454803ae8bbc45bfb92737,7,d364275322c4483fbf86df22f0e7a315,0.7196760997442913,0.7419808018871435,-0.022304702142852295,0.3338872513372291,0.5161500447161634,-0.18226279337893436,0.18226279337893436,False,False,,
M2:A1,19f5d51759454803ae8bbc45bfb92737,8,c98b06812964464093b23c3734532d06,0.7217703696660421,0.7342841571587453,-0.012513787492703154,0.3264453800419333,0.5040216011623473,-0.177576221120414,0.177576221120414,False,False,,
M2:A1,19f5d51759454803ae8bbc45bfb92737,9,12f431b160be4858a51cced6955c37bd,0.683724126622847,0.7194421792225703,-0.03571805259972327,0.38511724175442147,0.49171264246253404,-0.10659540070811258,0.10659540070811258,False,False,,
M2:A1,aa8f809da9ce441ab1b01fac18e6f97b,0,c98b06812964464093b23c3734532d06,1.000000000000025,1.000000000000025,0.0,0.0,0.0,0.0,0.0,False,False,,
M2:A1,aa8f809da9ce441ab1b01fac18e6f97b,1,12f431b160be4858a51cced6955c37bd,0.6134065827331976,0.6159289024074316,-0.002522319674233997,1.1758390353421126,1.260432124186166,-0.08459308884405337,0.08459308884405337,False,False,,
M2:A1,dc762bf1bc694d3e8141bf592f9b1456,0,53121f39e1a0434d8431777a05de3eec,1.0000000000000957,1.0000000000000957,0.0,0.0,0.0,0.0,0.0,False,False,,
M2:A1,dc762bf1bc694d3e8141bf592f9b1456,1,872aeb79742f4cd5b6e069c36b007ace,0.9493985366097489,0.9493985366097489,0.0,0.033541019662480576,0.033541019662480576,0.0,0.0,True,True,,
M2:A1,dc762bf1bc694d3e8141bf592f9b1456,2,d2e315d29ed4468f802bf6ccfdbe6852,0.9027667170434958,0.8988492628483784,0.003917454195117354,0.06467938262415518,0.06790084592154828,-0.003221463297393104,0.003221463297393104,False,False,,
M2:A1,dc762bf1bc694d3e8141bf592f9b1456,3,79a411ec3dc943bf94886ad9e539481d,0.7519896064642148,0.716505285469116,0.035484320995098795,0.20304421936912664,0.23428608877373489,-0.03124186940460824,0.03124186940460824,False,False,,
M2:A1,dc762bf1bc694d3e8141bf592f9b1456,4,9181fe90f31b4740b36969e383506d40,0.6089650245268429,0.562984887589829,0.04598013693701386,0.35653128453094873,0.43912032497914505,-0.08258904044819632,0.08258904044819632,False,False,,
M2:A1,dc762bf1bc694d3e8141bf592f9b1456,5,139d5e756c1f461ba1f0c6ec46968e43,0.46181613972500596,0.41046434028426226,0.051351799440743695,0.5831366869290693,0.7744211103252925,-0.1912844233962232,0.1912844233962232,False,False,,
M2:A1,dc762bf1bc694d3e8141bf592f9b1456,6,21912d2aad7f45c98a54fad3bbea311f,0.34579060301250664,0.302534430579844,0.04325617243266261,0.8332220797505581,1.0732569492411776,-0.24003486949061958,0.24003486949061958,False,False,,
M2:A1,dc762bf1bc694d3e8141bf592f9b1456,7,c4a4d1b455434dba879d5dcd1cc378d6,0.2624316277378023,0.22113579772814015,0.041295830009662166,1.2806346375001847,1.6716741897198404,-0.3910395522196557,0.3910395522196557,False,False,,
M2:A1,dc762bf1bc694d3e8141bf592f9b1456,8,e3bdfba683484a1ea09b7bb86e6be648,0.19124912179984346,0.15565580017229047,0.03559332162755299,1.7905191503648672,2.264188568551497,-0.47366941818662966,0.47366941818662966,False,False,,
M2:A1,dc762bf1bc694d3e8141bf592f9b1456,9,e749c211df64486dafc86660a0b20eca,0.16948579267087108,0.13124856280390224,0.03823722986696884,2.129561190918003,2.6752167641729456,-0.5456555732549426,0.5456555732549426,False,False,,
M2:A1,dc762bf1bc694d3e8141bf592f9b1456,10,ab1f5ba71a2f42c89efefcbc6dffcfb7,0.13769408156405383,0.09809396391469845,0.03960011764935538,2.4870418645094667,3.1191886570646616,-0.6321467925551949,0.6321467925551949,False,False,,
M2:A1,dc762bf1bc694d3e8141bf592f9b1456,11,c502570cba9749f7bd89494803a52c02,0.10978982720111523,0.07228322249836668,0.03750660470274855,2.812428201291895,3.5293575666965853,-0.7169293654046904,0.7169293654046904,False,False,,
M2:A1,dc762bf1bc694d3e8141bf592f9b1456,12,274b134fb2324486ae253eb6e24f900d,0.08533696824264903,0.049469771095722884,0.03586719714692614,3.1515044656913296,3.951942265249951,-0.8004377995586216,0.8004377995586216,False,False,,
M2:A1,dc762bf1bc694d3e8141bf592f9b1456,13,a977b0e797694036a9c40ab80f9d0ebc,0.040654906963087364,0.008172449472885203,0.03248245749020216,4.0569244949970695,4.905951096481118,-0.8490266014840486,0.8490266014840486,False,False,,
M2:A1,dc762bf1bc694d3e8141bf592f9b1456,14,bfbb3ba599ea450181210aa6000bad7f,0.005451041535437879,0.0,0.005451041535437879,4.970713582521116,5.8840919335673645,-0.9133783510462488,0.9133783510462488,False,False,,
M2:A1,dc762bf1bc694d3e8141bf592f9b1456,15,3e92d615685942dfab6edb5a0a7678e6,0.0,0.0,0.0,6.724298128372752,7.6829152900160995,-0.9586171616433479,0.9586171616433479,False,False,,
M2:A1,dc762bf1bc694d3e8141bf592f9b1456,16,5b954ca864914a37aaaf0879249ace6a,0.0,0.0,0.0,8.444768856463066,9.433601093624269,-0.988832237161203,0.988832237161203,False,False,,
M2:A1,dc762bf1bc694d3e8141bf592f9b1456,17,9e10d5419ffa43ce9f70766b4a5a0292,0.0,0.0,0.0,10.111084721463472,11.133309362108854,-1.0222246406453817,1.0222246406453817,False,False,,
M2:A1,dc762bf1bc694d3e8141bf592f9b1456,18,12c5d6c3dc424561b9192b76b45af6fd,0.0,0.0,0.0,12.88807564426965,13.89677686559836,-1.0087012213287103,1.0087012213287103,False,False,,
M2:A1,dc762bf1bc694d3e8141bf592f9b1456,19,882819f68f5e4be698694e673c71c6ab,0.0,0.0,0.0,15.607183818497065,16.597790928905074,-0.9906071104080088,0.9906071104080088,False,False,,
M2:A1,dc762bf1bc694d3e8141bf592f9b1456,20,f6bf5986ca8a49c082c0e4d892de767c,0.0,0.0,0.0,18.240194906973763,19.19021191732454,-0.950017010350777,0.950017010350777,False,False,,
M2:A1,dc762bf1bc694d3e8141bf592f9b1456,21,69e5c0a974344a2b89e9e351a5b79461,0.0,0.0,0.0,21.155976081511685,22.0682528336793,-0.9122767521676138,0.9122767521676138,False,False,,
M2:A1,dc762bf1bc694d3e8141bf592f9b1456,22,519f1a02f21d43699ca1ada7ffd38726,0.0,0.0,0.0,25.00997599272297,25.877285348295445,-0.8673093555724734,0.8673093555724734,False,False,,
M2:A1,dc762bf1bc694d3e8141bf592f9b1456,23,c71884fb34d046258c12cf018513d8cc,0.0,0.0,0.0,28.968805671159902,29.80365777689225,-0.8348521057323488,0.8348521057323488,False,False,,
M2:A1,dc762bf1bc694d3e8141bf592f9b1456,24,ee7d01fd902d4185a54112e1f1210e41,0.0,0.0,0.0,33.11955510152503,33.91820503633114,-0.7986499348061074,0.7986499348061074,False,False,,
M2:A1,dc762bf1bc694d3e8141bf592f9b1456,25,df7d0426da5346deae21136ea3cba58b,0.0,0.0,0.0,37.65365724393136,38.41409844054911,-0.760441196617748,0.760441196617748,False,False,,
M2:A1,e73ba8faf67d40c8b6b653489393ef8b,0,e3bdfba683484a1ea09b7bb86e6be648,0.9999999999997302,0.9999999999997302,0.0,0.0,0.0,0.0,0.0,False,False,,
M2:A1,e73ba8faf67d40c8b6b653489393ef8b,1,e749c211df64486dafc86660a0b20eca,0.9583333333330801,0.9583333333330801,0.0,0.03600000000000003,0.03600000000000003,0.0,0.0,True,True,,
M2:A1,e73ba8faf67d40c8b6b653489393ef8b,2,ab1f5ba71a2f42c89efefcbc6dffcfb7,0.9183673469385377,0.9183673469385377,0.0,0.07200000000000006,0.07200000000000006,0.0,0.0,True,True,,
M2:A1,e73ba8faf67d40c8b6b653489393ef8b,3,c502570cba9749f7bd89494803a52c02,0.8810450250136729,0.8810450250136729,0.0,0.10699999999999998,0.10699999999999998,0.0,0.0,True,True,,
M2:A1,e73ba8faf67d40c8b6b653489393ef8b,4,274b134fb2324486ae253eb6e24f900d,0.8441416893730868,0.8441416893730868,0.0,0.14300000000000002,0.14300000000000002,0.0,0.0,True,True,,
M2:A1,e73ba8faf67d40c8b6b653489393ef8b,5,a977b0e797694036a9c40ab80f9d0ebc,0.8086584714054679,0.8086584714054679,0.0,0.17900000000000005,0.17900000000000005,0.0,0.0,True,True,,
M2:A1,e73ba8faf67d40c8b6b653489393ef8b,6,bfbb3ba599ea450181210aa6000bad7f,0.7754459601257324,0.7754459601257324,0.0,0.21399999999999997,0.21399999999999997,0.0,0.0,True,True,,
M2:A1,e73ba8faf67d40c8b6b653489393ef8b,7,3e92d615685942dfab6edb5a0a7678e6,0.7425334706486411,0.7425334706486411,0.0,0.25,0.25,0.0,0.0,True,True,,
M2:A1,e73ba8faf67d40c8b6b653489393ef8b,8,5b954ca864914a37aaaf0879249ace6a,0.7425334706486411,0.7425334706486411,0.0,0.25,0.25,0.0,0.0,True,True,,
M2:A1,e73ba8faf67d40c8b6b653489393ef8b,9,9e10d5419ffa43ce9f70766b4a5a0292,0.8371335504883918,0.8371335504883918,0.0,0.1499999999999999,0.1499999999999999,0.0,0.0,True,True,,
M2:A1,e73ba8faf67d40c8b6b653489393ef8b,10,12c5d6c3dc424561b9192b76b45af6fd,0.732315116603099,0.7566920366630628,-0.024376920059963836,0.2219310765100802,0.19418084946541914,0.02775022704466107,-0.02775022704466107,False,False,,
M2:A1,e73ba8faf67d40c8b6b653489393ef8b,11,882819f68f5e4be698694e673c71c6ab,0.7002722433466629,0.7342631283669095,-0.03399088502024661,0.263372155978221,0.21982037649509273,0.04355177948312827,-0.04355177948312827,False,False,,
M2:A1,e73ba8faf67d40c8b6b653489393ef8b,12,f6bf5986ca8a49c082c0e4d892de767c,0.6551600041935275,0.6889544568438669,-0.033794452650339424,0.32398877782648783,0.2832414665482456,0.040747311278242215,-0.040747311278242215,False,False,,
M2:A1,e73ba8faf67d40c8b6b653489393ef8b,13,69e5c0a974344a2b89e9e351a5b79461,0.65048798026663,0.721948941093606,-0.07146096082697595,0.34569954965142113,0.22771325052730132,0.11798629912411981,-0.11798629912411981,False,False,,
M2:A1,e73ba8faf67d40c8b6b653489393ef8b,14,519f1a02f21d43699ca1ada7ffd38726,0.6082002364281631,0.7223183219799987,-0.11411808555183556,0.4125529310061034,0.23011604725182772,0.1824368837542757,-0.1824368837542757,False,False,,
M2:A1,e73ba8faf67d40c8b6b653489393ef8b,15,c71884fb34d046258c12cf018513d8cc,0.6018734967641072,0.7254346580501622,-0.12356116128605499,0.4485074454159687,0.22640327901457538,0.22210416640139333,-0.22210416640139333,False,False,,
M2:A1,e73ba8faf67d40c8b6b653489393ef8b,16,ee7d01fd902d4185a54112e1f1210e41,0.5628485075058612,0.696414738774182,-0.1335662312683208,0.5172808115494373,0.25071203087529687,0.2665687806741404,-0.2665687806741404,False,False,,
M2:A1,e73ba8faf67d40c8b6b653489393ef8b,17,df7d0426da5346deae21136ea3cba58b,0.5554900967614428,0.7128105940899501,-0.15732049732850728,0.5641566634448345,0.23214289078039183,0.33201377266444265,-0.33201377266444265,False,False,,
M2:A1,e73ba8faf67d40c8b6b653489393ef8b,18,ba7fb622e77447f6aa58ab1fff9ed0cf,0.5799175452158168,0.7919790487196687,-0.2120615035038519,0.5859296106183817,0.1607795828814092,0.42515002773697247,-0.42515002773697247,False,False,,
M2:A1,e73ba8faf67d40c8b6b653489393ef8b,19,5087c0b3f84741178f42d668fbdf506f,0.5776559999448664,0.7986678507631745,-0.2210118508183081,0.6135037285931461,0.15041858364013644,0.4630851449530096,-0.4630851449530096,False,False,,
M2:A1,e73ba8faf67d40c8b6b653489393ef8b,20,13055b928600455db08cf9ae57d8d4c7,0.5555140175936385,0.783695197103613,-0.22818117950997452,0.6698666011066186,0.15888465544813926,0.5109819456584793,-0.5109819456584793,False,False,,
M2:A1,e73ba8faf67d40c8b6b653489393ef8b,21,220b431fd37e436f98aa1c868eee5828,0.5617084256519743,0.8124985054043165,-0.25079007975234213,0.7168594962968591,0.12843893547483165,0.5884205608220274,-0.5884205608220274,False,False,,
M2:A1,e73ba8faf67d40c8b6b653489393ef8b,22,4abbc508bffb4f9b957a8ad2457db2e2,0.5385506874996813,0.8039589385470103,-0.265408251047329,0.7806806204565108,0.13541746338435254,0.6452631570721582,-0.6452631570721582,False,False,,
M2:A1,e73ba8faf67d40c8b6b653489393ef8b,23,103914217786464998f1e48a2c20cef0,0.5166085466134028,0.8010667270616999,-0.28445818044829707,0.8665962529826134,0.13780743000081727,0.7287888229817961,-0.7287888229817961,False,False,,
M2:A1,e73ba8faf67d40c8b6b653489393ef8b,24,9f35db3dd17c41e4875c2f54bd71fc29,0.4905695661582783,0.7907438629023891,-0.3001742967441108,0.9700313535264992,0.1664804077093848,0.8035509458171144,-0.8035509458171144,False,False,,
M2:A1,e73ba8faf67d40c8b6b653489393ef8b,25,8da854b2bced46f7a59f39a4d42bbfd2,0.44136958078475996,0.7400378838157129,-0.29866830303095293,1.0339794766846755,0.18897320622318453,0.8450062704614909,-0.8450062704614909,False,False,,
M2:A1,e73ba8faf67d40c8b6b653489393ef8b,26,1e46c82d6a804cf1aaa9d2d6b5b5ef27,0.3963578952531855,0.7021733720415395,-0.305815476788354,1.1027931276754372,0.20488439546288656,0.8979087322125507,-0.8979087322125507,False,False,,
M2:A1,e73ba8faf67d40c8b6b653489393ef8b,27,029f10e7436740a0a04feab4ab3aeddc,0.42812156587131484,0.8039600689090651,-0.3758385030377503,1.1231566001216051,0.134592817816037,0.9885637823055682,-0.9885637823055682,False,False,,
M2:A1,e73ba8faf67d40c8b6b653489393ef8b,28,d364275322c4483fbf86df22f0e7a315,0.3868860422203953,0.7716278884611482,-0.38474184624075286,1.271426417467437,0.19032820239667925,1.0810982150707578,-1.0810982150707578,False,False,,
M2:A1,e73ba8faf67d40c8b6b653489393ef8b,29,c98b06812964464093b23c3734532d06,0.33534123781593433,0.7091444254400197,-0.3738031876240853,1.4050450081405366,0.25989304497716853,1.145151963163368,-1.145151963163368,False,False,,
M2:A1,e73ba8faf67d40c8b6b653489393ef8b,30,12f431b160be4858a51cced6955c37bd,0.34915845246181754,0.7684019464061045,-0.41924349394428695,1.4503219234338438,0.21317960504658645,1.2371423183872574,-1.2371423183872574,False,False,,
M2:A1,68dbf490d231446f92fa7dbd366c8b93,0,5b954ca864914a37aaaf0879249ace6a,0.9999999999999135,0.9999999999999135,0.0,0.0,0.0,0.0,0.0,False,False,,
M2:A1,68dbf490d231446f92fa7dbd366c8b93,1,9e10d5419ffa43ce9f70766b4a5a0292,0.9128919860626421,0.9128919860626421,0.0,0.09999999999999987,0.09999999999999987,0.0,0.0,True,True,,
M2:A1,68dbf490d231446f92fa7dbd366c8b93,2,12c5d6c3dc424561b9192b76b45af6fd,0.9339498018493275,0.9339498018493275,0.0,0.07499999999999996,0.07499999999999996,0.0,0.0,True,True,,
M2:A1,68dbf490d231446f92fa7dbd366c8b93,3,882819f68f5e4be698694e673c71c6ab,0.9152676778656957,0.9436415454098973,-0.02837386754420157,0.08080807962512049,0.054525783168386986,0.026282296456733502,-0.026282296456733502,False,False,,
M2:A1,68dbf490d231446f92fa7dbd366c8b93,4,f6bf5986ca8a49c082c0e4d892de767c,0.8656502907949432,0.8491337066818307,0.01651658411311241,0.1354927050893379,0.1732702596327745,-0.03777755454343662,0.03777755454343662,False,False,,
M2:A1,68dbf490d231446f92fa7dbd366c8b93,5,69e5c0a974344a2b89e9e351a5b79461,0.8292709490665977,0.8181159426029615,0.011155006463636208,0.170642328656209,0.21102661357462107,-0.04038428491841206,0.04038428491841206,False,False,,
M2:A1,68dbf490d231446f92fa7dbd366c8b93,6,519f1a02f21d43699ca1ada7ffd38726,0.8282536344018078,0.8231782560490715,0.005075378352736304,0.16940436431674888,0.21550872940136906,-0.04610436508462018,0.04610436508462018,False,False,,
M2:A1,68dbf490d231446f92fa7dbd366c8b93,7,c71884fb34d046258c12cf018513d8cc,0.8500484123293118,0.8445462355967154,0.005502176732596453,0.14682841140857858,0.2082881647211554,-0.06145975331257683,0.06145975331257683,True,True,,
M2:A1,68dbf490d231446f92fa7dbd366c8b93,8,ee7d01fd902d4185a54112e1f1210e41,0.8411301315754142,0.8353134390117797,0.005816692563634485,0.15648617885383542,0.21341253602775784,-0.056926357173922415,0.056926357173922415,True,True,,
M2:A1,68dbf490d231446f92fa7dbd366c8b93,9,df7d0426da5346deae21136ea3cba58b,0.8098207586890619,0.8054587372989981,0.004362021390063808,0.19118123265594547,0.23129602151970421,-0.040114788863758744,0.040114788863758744,True,True,,
M2:A1,68dbf490d231446f92fa7dbd366c8b93,10,ba7fb622e77447f6aa58ab1fff9ed0cf,0.8429978456405054,0.837818983947119,0.005178861693386438,0.15576830215361048,0.2170489413127373,-0.06128063915912682,0.06128063915912682,True,True,,
M2:A1,68dbf490d231446f92fa7dbd366c8b93,11,5087c0b3f84741178f42d668fbdf506f,0.9039132115115025,0.8599415930711476,0.04397161844035491,0.11447682559303023,0.2138653452070011,-0.09938851961397087,0.09938851961397087,True,True,,
M2:A1,68dbf490d231446f92fa7dbd366c8b93,12,13055b928600455db08cf9ae57d8d4c7,0.885944169575977,0.8745620458866419,0.01138212368933511,0.12482679502585772,0.21536105199615754,-0.09053425697029982,0.09053425697029982,True,True,,
M2:A1,68dbf490d231446f92fa7dbd366c8b93,13,220b431fd37e436f98aa1c868eee5828,0.907449902388352,0.8157468128927289,0.09170308949562311,0.11789259625015962,0.2331294092130623,-0.11523681296290268,0.11523681296290268,True,True,,
M2:A1,68dbf490d231446f92fa7dbd366c8b93,14,4abbc508bffb4f9b957a8ad2457db2e2,0.9081856667906011,0.8514745259087133,0.05671114088188778,0.1176968573204187,0.22049189767808522,-0.10279504035766653,0.10279504035766653,True,True,,
M2:A1,68dbf490d231446f92fa7dbd366c8b93,15,103914217786464998f1e48a2c20cef0,0.8170651326390592,0.7641932578723877,0.052871874766671545,0.17118103777442012,0.29594103993743626,-0.12476000216301614,0.12476000216301614,False,False,,
M2:A1,68dbf490d231446f92fa7dbd366c8b93,16,9f35db3dd17c41e4875c2f54bd71fc29,0.7699673272187948,0.6943122041821209,0.07565512303667388,0.22290332000423493,0.39452415893739073,-0.1716208389331558,0.1716208389331558,False,False,,
M2:A1,68dbf490d231446f92fa7dbd366c8b93,17,8da854b2bced46f7a59f39a4d42bbfd2,0.7991867575945588,0.7305051529807834,0.06868160461377537,0.20003341519169499,0.3489259221707105,-0.14889250697901552,0.14889250697901552,False,False,,
M2:A1,68dbf490d231446f92fa7dbd366c8b93,18,1e46c82d6a804cf1aaa9d2d6b5b5ef27,0.7317291815810358,0.6933293834623778,0.03839979811865801,0.2611797268962848,0.33945831127591813,-0.07827858437963331,0.07827858437963331,False,False,,
M2:A1,68dbf490d231446f92fa7dbd366c8b93,19,029f10e7436740a0a04feab4ab3aeddc,0.6939130658721805,0.6854769378681986,0.008436128003981858,0.30694671128785506,0.3442882567001076,-0.03734154541225254,0.03734154541225254,False,False,,
M2:A1,68dbf490d231446f92fa7dbd366c8b93,20,d364275322c4483fbf86df22f0e7a315,0.6490605597985853,0.6487962335634911,0.0002643262350942033,0.36647533280196115,0.39151533853404175,-0.025040005732080595,0.025040005732080595,False,False,,
M2:A1,68dbf490d231446f92fa7dbd366c8b93,21,c98b06812964464093b23c3734532d06,0.6014280029557338,0.6261525955563729,-0.024724592600639084,0.4381373115091792,0.4284223335409471,0.009714977968232064,-0.009714977968232064,False,False,,
M2:A1,68dbf490d231446f92fa7dbd366c8b93,22,12f431b160be4858a51cced6955c37bd,0.5640180051781093,0.5903575995125114,-0.02633959433440214,0.4967280105574842,0.4918903942302308,0.004837616327253436,-0.004837616327253436,False,False,,
M2:A1,713b6bedc51f4d1b9802a13aec39aaf3,0,69e5c0a974344a2b89e9e351a5b79461,1.0000000000000613,1.0000000000000613,0.0,0.0,0.0,0.0,0.0,False,False,,
M2:A1,713b6bedc51f4d1b9802a13aec39aaf3,1,519f1a02f21d43699ca1ada7ffd38726,0.9877420031822466,0.9794635069654823,0.008278496216764242,0.02032517698879553,0.028243140666826837,-0.007917963678031308,0.007917963678031308,False,False,,
M2:A1,713b6bedc51f4d1b9802a13aec39aaf3,2,c71884fb34d046258c12cf018513d8cc,0.9753334318028016,0.9663064082037931,0.009027023599008532,0.04123988072578644,0.03460632527035206,0.006633555455434377,-0.006633555455434377,False,False,,
M2:A1,713b6bedc51f4d1b9802a13aec39aaf3,3,ee7d01fd902d4185a54112e1f1210e41,0.9678769311484828,0.9515497472745169,0.016327183873965923,0.051577585984612574,0.04610222410219138,0.005475361882421197,-0.005475361882421197,False,False,,
M2:A1,713b6bedc51f4d1b9802a13aec39aaf3,4,df7d0426da5346deae21136ea3cba58b,0.9274248085808442,0.9299870894389939,-0.0025622808581496903,0.07685867360857268,0.04982730625777776,0.02703136735079492,-0.02703136735079492,False,False,,
M2:A1,713b6bedc51f4d1b9802a13aec39aaf3,5,ba7fb622e77447f6aa58ab1fff9ed0cf,0.8890822415824217,0.9045243235325839,-0.015442081950162279,0.1031180785355311,0.06778496881528155,0.03533310972024954,-0.03533310972024954,False,False,,
M2:A1,713b6bedc51f4d1b9802a13aec39aaf3,6,5087c0b3f84741178f42d668fbdf506f,0.8612135134459962,0.9128739363340629,-0.051660422888066715,0.15981560605713296,0.06210218880531755,0.09771341725181541,-0.09771341725181541,False,False,,
M2:A1,713b6bedc51f4d1b9802a13aec39aaf3,7,13055b928600455db08cf9ae57d8d4c7,0.7136816991611723,0.767481916690701,-0.05380021752952868,0.26858782256885955,0.17033002048155882,0.09825780208730073,-0.09825780208730073,False,False,,
M2:A1,713b6bedc51f4d1b9802a13aec39aaf3,8,220b431fd37e436f98aa1c868eee5828,0.6881940365679626,0.759081151634258,-0.07088711506629541,0.3281977020200827,0.17194389303405527,0.15625380898602742,-0.15625380898602742,False,False,,
M2:A1,713b6bedc51f4d1b9802a13aec39aaf3,9,4abbc508bffb4f9b957a8ad2457db2e2,0.6925929260823395,0.7640577776477498,-0.07146485156541038,0.31990646028413944,0.16444812906665687,0.15545833121748256,-0.15545833121748256,False,False,,
M2:A1,713b6bedc51f4d1b9802a13aec39aaf3,10,103914217786464998f1e48a2c20cef0,0.6976579522873637,0.7637517082116627,-0.066093755924299,0.3112458577141336,0.16638013947906297,0.14486571823507063,-0.14486571823507063,False,False,,
M2:A1,713b6bedc51f4d1b9802a13aec39aaf3,11,9f35db3dd17c41e4875c2f54bd71fc29,0.7010939856574028,0.7723265865033301,-0.07123260084592731,0.3035817002843872,0.15654921147855125,0.14703248880583594,-0.14703248880583594,False,False,,
M2:A1,713b6bedc51f4d1b9802a13aec39aaf3,12,8da854b2bced46f7a59f39a4d42bbfd2,0.703091706738927,0.779021415110614,-0.075929708371687,0.2973131757670309,0.1516907478689842,0.14562242789804672,-0.14562242789804672,False,False,,
M2:A1,713b6bedc51f4d1b9802a13aec39aaf3,13,1e46c82d6a804cf1aaa9d2d6b5b5ef27,0.6801765418292057,0.7431770919830741,-0.0630005501538684,0.31980244092936144,0.18034664737944803,0.13945579354991341,-0.13945579354991341,False,False,,
M2:A1,713b6bedc51f4d1b9802a13aec39aaf3,14,029f10e7436740a0a04feab4ab3aeddc,0.6559170707863874,0.7109061600218844,-0.05498908923549706,0.3439202510216224,0.21020424351618486,0.13371600750543752,-0.13371600750543752,False,False,,
M2:A1,713b6bedc51f4d1b9802a13aec39aaf3,15,d364275322c4483fbf86df22f0e7a315,0.6240164560223707,0.7118316904026661,-0.08781523438029548,0.37909609391778704,0.21528003326483705,0.16381606065294999,-0.16381606065294999,False,False,,
M2:A1,713b6bedc51f4d1b9802a13aec39aaf3,16,c98b06812964464093b23c3734532d06,0.6302554439862044,0.7206552623365332,-0.09039981835032884,0.37316225024961047,0.20931177595640463,0.16385047429320584,-0.16385047429320584,False,False,,
M2:A1,200c440c0e9b4627ad4f3047227016a2,0,fdddd75ee1d94f14a09991988dab8b3e,0.9999999999999162,0.9999999999999162,0.0,0.0,0.0,0.0,0.0,False,False,,
M2:A1,200c440c0e9b4627ad4f3047227016a2,1,53121f39e1a0434d8431777a05de3eec,0.011482450668704689,0.004978783738618784,0.006503666930085905,4.376857232167739,4.440571324532593,-0.06371409236485448,0.06371409236485448,False,False,,
M2:A1,200c440c0e9b4627ad4f3047227016a2,2,872aeb79742f4cd5b6e069c36b007ace,0.0,0.0,0.0,8.742361922657285,8.834788803302375,-0.09242688064509075,0.09242688064509075,False,False,,
M2:A1,200c440c0e9b4627ad4f3047227016a2,3,d2e315d29ed4468f802bf6ccfdbe6852,0.0,0.0,0.0,12.96272660389584,13.11349305048618,-0.15076644659034066,0.15076644659034066,False,False,,
M2:A1,200c440c0e9b4627ad4f3047227016a2,4,79a411ec3dc943bf94886ad9e539481d,0.0,0.0,0.0,16.953070221954658,17.15623013621317,-0.20315991425851365,0.20315991425851365,False,False,,
M2:A1,200c440c0e9b4627ad4f3047227016a2,5,9181fe90f31b4740b36969e383506d40,0.0,0.0,0.0,20.588393594247812,20.832656162486533,-0.24426256823872095,0.24426256823872095,False,False,,
M2:A1,200c440c0e9b4627ad4f3047227016a2,6,139d5e756c1f461ba1f0c6ec46968e43,0.0,0.0,0.0,23.66155296382124,23.926576161947864,-0.2650231981266238,0.2650231981266238,False,False,,
M2:A1,200c440c0e9b4627ad4f3047227016a2,7,21912d2aad7f45c98a54fad3bbea311f,0.0,0.0,0.0,26.641655478430096,26.906443418483583,-0.2647879400534876,0.2647879400534876,True,True,,
M2:A1,200c440c0e9b4627ad4f3047227016a2,8,c4a4d1b455434dba879d5dcd1cc378d6,0.0,0.0,0.0,29.21639773525976,29.481078618788995,-0.264680883529234,0.264680883529234,True,True,,
M2:A1,200c440c0e9b4627ad4f3047227016a2,9,e3bdfba683484a1ea09b7bb86e6be648,0.0,0.0,0.0,31.565772022650926,31.83088433594215,-0.2651123132912261,0.2651123132912261,True,True,,
M2:A1,200c440c0e9b4627ad4f3047227016a2,10,e749c211df64486dafc86660a0b20eca,0.0,0.0,0.0,33.81807741066745,34.08370282535023,-0.26562541468278056,0.26562541468278056,True,True,,
M2:A1,200c440c0e9b4627ad4f3047227016a2,11,ab1f5ba71a2f42c89efefcbc6dffcfb7,0.0,0.0,0.0,35.84093964579048,36.10695090942823,-0.2660112636377505,0.2660112636377505,True,True,,
M2:A1,200c440c0e9b4627ad4f3047227016a2,12,c502570cba9749f7bd89494803a52c02,0.0,0.0,0.0,37.650537211305334,37.916857400035326,-0.26632018872999197,0.26632018872999197,True,True,,
M2:A1,200c440c0e9b4627ad4f3047227016a2,13,274b134fb2324486ae253eb6e24f900d,0.0,0.0,0.0,38.540555128298806,38.80698389055085,-0.2664287622520476,0.2664287622520476,True,True,,
M2:A1,200c440c0e9b4627ad4f3047227016a2,14,a977b0e797694036a9c40ab80f9d0ebc,0.0,0.0,0.0,40.089394333614365,40.356157876681,-0.26676354306663796,0.26676354306663796,True,True,,
M2:A1,200c440c0e9b4627ad4f3047227016a2,15,bfbb3ba599ea450181210aa6000bad7f,0.0,0.0,0.0,40.8949977046583,41.16187927598202,-0.26688157132371515,0.26688157132371515,True,True,,
M2:A1,200c440c0e9b4627ad4f3047227016a2,16,3e92d615685942dfab6edb5a0a7678e6,0.0,0.0,0.0,41.51329056637744,41.780291276040174,-0.2670007096627316,0.2670007096627316,True,True,,
M2:A1,200c440c0e9b4627ad4f3047227016a2,17,5b954ca864914a37aaaf0879249ace6a,0.0,0.0,0.0,41.76688409016996,42.03384923998587,-0.2669651498159098,0.2669651498159098,True,True,,
M2:A1,200c440c0e9b4627ad4f3047227016a2,18,9e10d5419ffa43ce9f70766b4a5a0292,0.0,0.0,0.0,41.793548107409976,42.06045022462669,-0.2669021172167163,0.2669021172167163,True,True,,
M2:A1,200c440c0e9b4627ad4f3047227016a2,19,12c5d6c3dc424561b9192b76b45af6fd,0.0,0.0,0.0,41.82023703361253,42.08707782722584,-0.26684079361331214,0.26684079361331214,True,True,,
M2:A1,200c440c0e9b4627ad4f3047227016a2,20,882819f68f5e4be698694e673c71c6ab,0.0,0.0,0.0,41.78391104556668,42.05076024751683,-0.2668492019501443,0.2668492019501443,True,True,,
M2:A1,200c440c0e9b4627ad4f3047227016a2,21,f6bf5986ca8a49c082c0e4d892de767c,0.0,0.0,0.0,41.73274982678094,41.99966111201508,-0.2669112852341442,0.2669112852341442,True,True,,
M2:A1,200c440c0e9b4627ad4f3047227016a2,22,69e5c0a974344a2b89e9e351a5b79461,0.0,0.0,0.0,41.696530694995886,41.96336016660183,-0.26682947160594495,0.26682947160594495,True,True,,
M2:A1,200c440c0e9b4627ad4f3047227016a2,23,519f1a02f21d43699ca1ada7ffd38726,0.0,0.0,0.0,41.62260817017188,41.889412093734265,-0.26680392356238514,0.26680392356238514,True,True,,
M2:A1,200c440c0e9b4627ad4f3047227016a2,24,c71884fb34d046258c12cf018513d8cc,0.0,0.0,0.0,41.260842755815105,41.527636348126876,-0.266793592311771,0.266793592311771,True,True,,
M2:A1,200c440c0e9b4627ad4f3047227016a2,25,ee7d01fd902d4185a54112e1f1210e41,0.0,0.0,0.0,41.45195322114364,41.7187689480408,-0.26681572689715694,0.26681572689715694,True,True,,
M2:A1,200c440c0e9b4627ad4f3047227016a2,26,df7d0426da5346deae21136ea3cba58b,0.0,0.0,0.0,41.530336710381,41.79716647997591,-0.26682976959490645,0.26682976959490645,True,True,,
M2:A1,200c440c0e9b4627ad4f3047227016a2,27,ba7fb622e77447f6aa58ab1fff9ed0cf,0.0,0.0,0.0,41.613688762038095,41.88051857713915,-0.26682981510105463,0.26682981510105463,True,True,,
M2:A1,200c440c0e9b4627ad4f3047227016a2,28,5087c0b3f84741178f42d668fbdf506f,0.0,0.0,0.0,41.69669089757458,41.963521372600184,-0.266830475025607,0.266830475025607,True,True,,
M2:A1,200c440c0e9b4627ad4f3047227016a2,29,13055b928600455db08cf9ae57d8d4c7,0.0,0.0,0.0,41.70550618025008,41.97237240586919,-0.2668662256191041,0.2668662256191041,True,True,,
M2:A1,200c440c0e9b4627ad4f3047227016a2,30,220b431fd37e436f98aa1c868eee5828,0.0,0.0,0.0,41.715947010973956,41.98284044067455,-0.2668934297005947,0.2668934297005947,True,True,,
M2:A1,200c440c0e9b4627ad4f3047227016a2,31,4abbc508bffb4f9b957a8ad2457db2e2,0.0,0.0,0.0,41.726902726197466,41.9938254946959,-0.2669227684984321,0.2669227684984321,True,True,,
M2:A1,200c440c0e9b4627ad4f3047227016a2,32,103914217786464998f1e48a2c20cef0,0.0,0.0,0.0,41.80617114403749,42.07310727868728,-0.2669361346497894,0.2669361346497894,True,True,,
M2:A1,200c440c0e9b4627ad4f3047227016a2,33,9f35db3dd17c41e4875c2f54bd71fc29,0.0,0.0,0.0,41.80139300315548,42.068310673068375,-0.26691766991289256,0.26691766991289256,True,True,,
M2:A1,200c440c0e9b4627ad4f3047227016a2,34,8da854b2bced46f7a59f39a4d42bbfd2,0.0,0.0,0.0,41.81825993842737,42.08518773098854,-0.2669277925611695,0.2669277925611695,True,True,,
M2:A1,200c440c0e9b4627ad4f3047227016a2,35,1e46c82d6a804cf1aaa9d2d6b5b5ef27,0.0,0.0,0.0,41.80545947352815,42.0723030779833,-0.266843604455147,0.266843604455147,True,True,,
M2:A1,200c440c0e9b4627ad4f3047227016a2,36,029f10e7436740a0a04feab4ab3aeddc,0.0,0.0,0.0,41.81942550785056,42.08617241707792,-0.2667469092273578,0.2667469092273578,True,True,,
M2:A1,200c440c0e9b4627ad4f3047227016a2,37,d364275322c4483fbf86df22f0e7a315,0.0,0.0,0.0,41.8177400910718,42.0843048791778,-0.2665647881060025,0.2665647881060025,True,True,,
M2:A1,007842c92eaf4351b5a9678f7e7094f3,0,9f35db3dd17c41e4875c2f54bd71fc29,0.9999999999999931,0.9999999999999931,0.0,0.0,0.0,0.0,0.0,False,False,,
M2:A1,007842c92eaf4351b5a9678f7e7094f3,1,8da854b2bced46f7a59f39a4d42bbfd2,0.8999012403826304,0.873131388298495,0.026769852084135404,0.071719703875693,0.09973104480434779,-0.028011340928654788,0.028011340928654788,False,False,,
M2:A1,007842c92eaf4351b5a9678f7e7094f3,2,1e46c82d6a804cf1aaa9d2d6b5b5ef27,0.8166464807436534,0.7604490537281909,0.05619742701546249,0.1395390424283934,0.20968917044137234,-0.07015012801297893,0.07015012801297893,False,False,,
M2:A1,007842c92eaf4351b5a9678f7e7094f3,3,029f10e7436740a0a04feab4ab3aeddc,0.7428593676840126,0.6683480837474317,0.07451128393658091,0.20708915183137863,0.31425478300191095,-0.10716563117053232,0.10716563117053232,False,False,,
M2:A1,007842c92eaf4351b5a9678f7e7094f3,4,d364275322c4483fbf86df22f0e7a315,0.6734882892296687,0.5829011020679897,0.09058718716167902,0.2775364435074059,0.42953190533758284,-0.15199546183017693,0.15199546183017693,False,False,,
M2:A1,007842c92eaf4351b5a9678f7e7094f3,5,c98b06812964464093b23c3734532d06,0.6081385025506709,0.5165280141370326,0.09161048841363828,0.3516448805317755,0.5297785272223098,-0.17813364669053428,0.17813364669053428,False,False,,
M2:A1,1f8d7e8410ed435da374688590a13b0a,0,882819f68f5e4be698694e673c71c6ab,1.0000000000000837,1.0000000000000837,0.0,0.0,0.0,0.0,0.0,False,False,,
M2:A1,1f8d7e8410ed435da374688590a13b0a,1,f6bf5986ca8a49c082c0e4d892de767c,0.9390986601706001,0.9390986601706001,0.0,0.050000000000000044,0.050000000000000044,0.0,0.0,True,True,,
M2:A1,1f8d7e8410ed435da374688590a13b0a,2,69e5c0a974344a2b89e9e351a5b79461,0.7187936882558956,0.7149455831170182,0.0038481051388774556,0.2537803593240643,0.2583894987487604,-0.004609139424696096,0.004609139424696096,False,False,,
M2:A1,1f8d7e8410ed435da374688590a13b0a,3,519f1a02f21d43699ca1ada7ffd38726,0.5482037561701486,0.5379078412823768,0.010295914887771818,0.45798926057429784,0.4661692039201559,-0.008179943345858032,0.008179943345858032,False,False,,
M2:A1,1f8d7e8410ed435da374688590a13b0a,4,c71884fb34d046258c12cf018513d8cc,0.5363098172176791,0.5327999729075289,0.003509844310150223,0.4646162806098987,0.469846458228869,-0.005230177618970322,0.005230177618970322,False,False,,
M2:A1,1f8d7e8410ed435da374688590a13b0a,5,ee7d01fd902d4185a54112e1f1210e41,0.5107596852952719,0.5268004241083141,-0.016040738813042132,0.48227283350178796,0.4741610559579726,0.008111777543815368,-0.008111777543815368,False,False,,
M2:A1,1f8d7e8410ed435da374688590a13b0a,6,df7d0426da5346deae21136ea3cba58b,0.9031553935665744,0.9008161623704616,0.00233923119611279,0.07534182646924004,0.13346481482283715,-0.05812298835359711,0.05812298835359711,False,False,,
M2:A1,1f8d7e8410ed435da374688590a13b0a,7,ba7fb622e77447f6aa58ab1fff9ed0cf,0.803992889386981,0.7956602271842041,0.008332662202776842,0.14650038040012506,0.1911022446307462,-0.04460186423062115,0.04460186423062115,False,False,,
M2:A1,1f8d7e8410ed435da374688590a13b0a,8,5087c0b3f84741178f42d668fbdf506f,0.8310612469130769,0.8101180065564867,0.02094324035659023,0.13845341860114746,0.1912101770879331,-0.052756758486785627,0.052756758486785627,False,False,,
M2:A1,1f8d7e8410ed435da374688590a13b0a,9,13055b928600455db08cf9ae57d8d4c7,0.874156769312017,0.8434923779871748,0.030664391324842222,0.1346522146462554,0.19276719305966586,-0.058114978413410456,0.058114978413410456,False,False,,
M2:A1,1f8d7e8410ed435da374688590a13b0a,10,220b431fd37e436f98aa1c868eee5828,0.8431596658453476,0.8078091969144572,0.035350468930890444,0.14228126516085604,0.21352819531195302,-0.07124693015109698,0.07124693015109698,False,False,,
M2:A1,1f8d7e8410ed435da374688590a13b0a,11,4abbc508bffb4f9b957a8ad2457db2e2,0.8139177089128498,0.7670707575866016,0.046846951326248165,0.1662446201055185,0.25195734553755594,-0.08571272543203745,0.08571272543203745,False,False,,
M2:A1,1f8d7e8410ed435da374688590a13b0a,12,103914217786464998f1e48a2c20cef0,0.6774420984043725,0.6159429273121666,0.06149917109220593,0.2723807231965864,0.4021124082756412,-0.1297316850790548,0.1297316850790548,False,False,,
M2:A1,1f8d7e8410ed435da374688590a13b0a,13,9f35db3dd17c41e4875c2f54bd71fc29,0.6812196126807801,0.6029257346789193,0.07829387800186083,0.26677479793680203,0.44094224783424363,-0.1741674498974416,0.1741674498974416,False,False,,
M2:A1,1f8d7e8410ed435da374688590a13b0a,14,8da854b2bced46f7a59f39a4d42bbfd2,0.6444122743875415,0.5458120735880494,0.09860020079949205,0.30807770591885925,0.556769337728727,-0.2486916318098678,0.2486916318098678,False,False,,
M2:A1,1f8d7e8410ed435da374688590a13b0a,15,1e46c82d6a804cf1aaa9d2d6b5b5ef27,0.6040918194965939,0.4992313238854048,0.10486049561118904,0.35827800405533206,0.6415575954049685,-0.28327959134963643,0.28327959134963643,False,False,,
M2:A1,1f8d7e8410ed435da374688590a13b0a,16,029f10e7436740a0a04feab4ab3aeddc,0.6032628948637498,0.4842013560508648,0.11906153881288506,0.35994483678713396,0.7021873811260106,-0.3422425443388767,0.3422425443388767,False,False,,
M2:A1,1f8d7e8410ed435da374688590a13b0a,17,d364275322c4483fbf86df22f0e7a315,0.5637805395797086,0.4381043439309185,0.12567619564879012,0.41158239238496,0.7951479153847548,-0.3835655229997948,0.3835655229997948,False,False,,
M2:A1,1f8d7e8410ed435da374688590a13b0a,18,c98b06812964464093b23c3734532d06,0.5275334062449267,0.39692495875305334,0.1306084474918734,0.4626609158448165,0.8797739845995576,-0.4171130687547411,0.4171130687547411,False,False,,
M2:A1,1f8d7e8410ed435da374688590a13b0a,19,12f431b160be4858a51cced6955c37bd,0.4929242595250545,0.35749855250641005,0.13542570701864443,0.5137594277464274,0.9693438706585658,-0.4555844429121384,0.4555844429121384,False,False,,
M2:A1,7328a1bef88b4e84aa2ee0d837effd8d,0,220b431fd37e436f98aa1c868eee5828,1.0000000000000229,1.0000000000000229,0.0,0.0,0.0,0.0,0.0,False,False,,
M2:A1,7328a1bef88b4e84aa2ee0d837effd8d,1,4abbc508bffb4f9b957a8ad2457db2e2,0.9941970083962482,0.951231027808261,0.042965980587987285,0.005942717155993968,0.06218849570473471,-0.056245778548740744,0.056245778548740744,False,False,,
M2:A1,7328a1bef88b4e84aa2ee0d837effd8d,2,103914217786464998f1e48a2c20cef0,0.9897041501771879,0.9213584501639203,0.06834570001326767,0.008566628512143055,0.11251051792894033,-0.10394388941679727,0.10394388941679727,False,False,,
M2:A1,7328a1bef88b4e84aa2ee0d837effd8d,3,9f35db3dd17c41e4875c2f54bd71fc29,0.9847979823488734,0.8839084523816997,0.10088952996717371,0.012792646988778113,0.2253576589551636,-0.2125650119663855,0.2125650119663855,False,False,,
M2:A1,7328a1bef88b4e84aa2ee0d837effd8d,4,8da854b2bced46f7a59f39a4d42bbfd2,0.9785634566587718,0.8570554931840603,0.12150796347471149,0.02114351116629923,0.3002642275523577,-0.27912071638605845,0.27912071638605845,False,False,,
M2:A1,7328a1bef88b4e84aa2ee0d837effd8d,5,1e46c82d6a804cf1aaa9d2d6b5b5ef27,0.976370546514539,0.8385278503496449,0.13784269616489409,0.019269286395260606,0.36482043240183293,-0.34555114600657233,0.34555114600657233,False,False,,
M2:A1,7328a1bef88b4e84aa2ee0d837effd8d,6,029f10e7436740a0a04feab4ab3aeddc,0.9776523913209876,0.8232027513520147,0.15444963996897287,0.015782286611940127,0.39149564468022946,-0.3757133580682893,0.3757133580682893,False,False,,
M2:A1,7328a1bef88b4e84aa2ee0d837effd8d,7,d364275322c4483fbf86df22f0e7a315,0.970782787276977,0.7871976521155589,0.18358513516141806,0.022372445338248875,0.4707607241179356,-0.44838827877968673,0.44838827877968673,False,False,,
M2:A1,71cb36c9a35343b7961454d5c3695a9f,0,c98b06812964464093b23c3734532d06,0.9999999999999608,0.9999999999999608,0.0,0.0,0.0,0.0,0.0,False,False,,
M2:A1,71cb36c9a35343b7961454d5c3695a9f,1,12f431b160be4858a51cced6955c37bd,0.8302809323850616,0.8162301243598747,0.014050808025186878,0.1282208242161585,0.1638699154491412,-0.03564909123298271,0.03564909123298271,False,False,,
M2:A1,dce1fda2d70945c792dcc27074ec6aa9,0,79a411ec3dc943bf94886ad9e539481d,1.0000000000000306,1.0000000000000306,0.0,0.0,0.0,0.0,0.0,False,False,,
M2:A1,dce1fda2d70945c792dcc27074ec6aa9,1,9181fe90f31b4740b36969e383506d40,0.7379594687815202,0.7495332694250566,-0.011573800643536414,0.19291777295909102,0.18227557652476506,0.010642196434325957,-0.010642196434325957,False,False,,
M2:A1,dce1fda2d70945c792dcc27074ec6aa9,2,139d5e756c1f461ba1f0c6ec46968e43,0.5119061124022141,0.5255528577818254,-0.013646745379611303,0.4673997723795234,0.45229107620101544,0.015108696178507963,-0.015108696178507963,False,False,,
M2:A1,dce1fda2d70945c792dcc27074ec6aa9,3,21912d2aad7f45c98a54fad3bbea311f,0.3606714292715953,0.22142717655923413,0.13924425271236116,1.3298575812925,2.262762067926469,-0.9329044866339689,0.9329044866339689,False,False,,
M2:A1,dce1fda2d70945c792dcc27074ec6aa9,4,c4a4d1b455434dba879d5dcd1cc378d6,0.3743487621654832,0.24711715611015803,0.12723160605532516,1.1143516847361168,1.9527155233621076,-0.8383638386259908,0.8383638386259908,False,False,,
M2:A1,dce1fda2d70945c792dcc27074ec6aa9,5,e3bdfba683484a1ea09b7bb86e6be648,0.41576689541002443,0.2860514400411636,0.1297154553688608,0.9366481126021182,1.7051842544360234,-0.7685361418339052,0.7685361418339052,False,False,,
M2:A1,dce1fda2d70945c792dcc27074ec6aa9,6,e749c211df64486dafc86660a0b20eca,0.38072995650197805,0.26678977307640184,0.11394018342557621,1.1145956773070065,1.890690193433983,-0.7760945161269766,0.7760945161269766,False,False,,
M2:A1,dce1fda2d70945c792dcc27074ec6aa9,7,ab1f5ba71a2f42c89efefcbc6dffcfb7,0.3874442701330476,0.28200324365067336,0.10544102648237424,1.0072454388911536,1.7602145670529648,-0.7529691281618112,0.7529691281618112,False,False,,
M2:A1,dce1fda2d70945c792dcc27074ec6aa9,8,c502570cba9749f7bd89494803a52c02,0.38961171094040853,0.29323828949305203,0.0963734214473565,0.9312435505836911,1.6505541741875798,-0.7193106236038886,0.7193106236038886,False,False,,
M2:A1,dce1fda2d70945c792dcc27074ec6aa9,9,274b134fb2324486ae253eb6e24f900d,0.37736244058106494,0.2892733219205221,0.08808911866054286,0.9580954829291737,1.6513959486201877,-0.693300465691014,0.693300465691014,False,False,,
M2:A1,dce1fda2d70945c792dcc27074ec6aa9,10,a977b0e797694036a9c40ab80f9d0ebc,0.3774603011020311,0.2993024995583752,0.07815780154365592,0.9129621568732454,1.5545661695652362,-0.6416040126919907,0.6416040126919907,False,False,,
M2:A1,dce1fda2d70945c792dcc27074ec6aa9,11,bfbb3ba599ea450181210aa6000bad7f,0.3886541368921345,0.31507502369001844,0.07357911320211608,0.8368214622380331,1.4136529301187486,-0.5768314678807155,0.5768314678807155,False,False,,
M2:A1,dce1fda2d70945c792dcc27074ec6aa9,12,3e92d615685942dfab6edb5a0a7678e6,0.3990586319471661,0.32650644935078904,0.07255218259637708,0.7721246342938679,1.2927295595582171,-0.5206049252643492,0.5206049252643492,False,False,,
M2:A1,dce1fda2d70945c792dcc27074ec6aa9,13,5b954ca864914a37aaaf0879249ace6a,0.415658828879209,0.3412136975326615,0.07444513134654751,0.7423556282567215,1.240947354894417,-0.49859172663769546,0.49859172663769546,False,False,,
M2:A1,dce1fda2d70945c792dcc27074ec6aa9,14,9e10d5419ffa43ce9f70766b4a5a0292,0.4334233114134036,0.35708549427604125,0.07633781713736237,0.7028146934093465,1.1813255306802242,-0.4785108372708776,0.4785108372708776,False,False,,
M2:A1,dce1fda2d70945c792dcc27074ec6aa9,15,12c5d6c3dc424561b9192b76b45af6fd,0.4437962626560932,0.36686202757731395,0.07693423507877922,0.6846204110488249,1.1606659526719652,-0.4760455416231403,0.4760455416231403,False,False,,
M2:A1,dce1fda2d70945c792dcc27074ec6aa9,16,882819f68f5e4be698694e673c71c6ab,0.44032244349389515,0.36732938613201455,0.07299305736188061,0.685893591760585,1.1543048866069976,-0.46841129484641264,0.46841129484641264,False,False,,
M2:A1,dce1fda2d70945c792dcc27074ec6aa9,17,f6bf5986ca8a49c082c0e4d892de767c,0.44540037394677445,0.37798550666332625,0.0674148672834482,0.6497588671905712,1.086370098203298,-0.4366112310127268,0.4366112310127268,False,False,,
M2:A1,dce1fda2d70945c792dcc27074ec6aa9,18,69e5c0a974344a2b89e9e351a5b79461,0.4305822321701628,0.36872060143612273,0.06186163073404005,0.6778581521613044,1.1162082513671545,-0.4383500992058501,0.4383500992058501,False,False,,
M2:A1,dce1fda2d70945c792dcc27074ec6aa9,19,519f1a02f21d43699ca1ada7ffd38726,0.4205496421854078,0.36506665594186133,0.05548298624354647,0.6903339806651426,1.1133294041847461,-0.4229954235196035,0.4229954235196035,False,False,,
M2:A1,dce1fda2d70945c792dcc27074ec6aa9,20,c71884fb34d046258c12cf018513d8cc,0.42623723736650065,0.37510045812036474,0.05113677924613591,0.674162453078041,1.0762912556170967,-0.4021288025390557,0.4021288025390557,False,False,,
M2:A1,dce1fda2d70945c792dcc27074ec6aa9,21,ee7d01fd902d4185a54112e1f1210e41,0.4410942402845684,0.3977284474192316,0.043365792865336816,0.6313348445144219,0.9734985377723749,-0.34216369325795304,0.34216369325795304,False,False,,
M2:A1,dce1fda2d70945c792dcc27074ec6aa9,22,df7d0426da5346deae21136ea3cba58b,0.430375373128877,0.3942650898214513,0.03611028330742572,0.6461972616554942,0.9638965791942747,-0.31769931753878056,0.31769931753878056,False,False,,
M2:A1,dce1fda2d70945c792dcc27074ec6aa9,23,ba7fb622e77447f6aa58ab1fff9ed0cf,0.4197843560015478,0.39547132082580605,0.024313035175741737,0.6623184987568541,0.9346640922735419,-0.27234559351668775,0.27234559351668775,False,False,,
M2:A1,dce1fda2d70945c792dcc27074ec6aa9,24,5087c0b3f84741178f42d668fbdf506f,0.42290813540178085,0.40415946215617826,0.018748673245602587,0.655658129635288,0.9093792576102725,-0.2537211279749845,0.2537211279749845,False,False,,
M2:A1,dce1fda2d70945c792dcc27074ec6aa9,25,13055b928600455db08cf9ae57d8d4c7,0.4259481172287761,0.4132213597225431,0.012726757506233033,0.6483613156980343,0.8779797905718912,-0.2296184748738569,0.2296184748738569,False,False,,
M2:A1,dce1fda2d70945c792dcc27074ec6aa9,26,220b431fd37e436f98aa1c868eee5828,0.44360617148374026,0.4360471941503445,0.007558977333395778,0.6268961650043834,0.8523722325714285,-0.22547606756704508,0.22547606756704508,False,False,,
M2:A1,dce1fda2d70945c792dcc27074ec6aa9,27,4abbc508bffb4f9b957a8ad2457db2e2,0.638079223427061,0.4540309261467849,0.1840482972802761,0.3447240018371533,0.8518090683426068,-0.5070850665054536,0.5070850665054536,False,False,,
M2:A1,dce1fda2d70945c792dcc27074ec6aa9,28,103914217786464998f1e48a2c20cef0,0.7370980376142141,0.4587830888279917,0.2783149487862224,0.2407441776238859,0.8450779948850672,-0.6043338172611813,0.6043338172611813,False,False,,
M2:A1,dce1fda2d70945c792dcc27074ec6aa9,29,9f35db3dd17c41e4875c2f54bd71fc29,0.6497681638551567,0.6168128413820657,0.032955322473090964,0.6029473022253944,0.3524914456996759,0.2504558565257185,-0.2504558565257185,False,False,,
M2:A1,dce1fda2d70945c792dcc27074ec6aa9,30,8da854b2bced46f7a59f39a4d42bbfd2,0.6587459729167436,0.6381183542960025,0.02062761862074114,0.6788084653179183,0.3317319370222963,0.34707652829562197,-0.34707652829562197,False,False,,
M2:A1,dce1fda2d70945c792dcc27074ec6aa9,31,1e46c82d6a804cf1aaa9d2d6b5b5ef27,0.38464139608541686,0.388268978771034,-0.0036275826856171367,1.7629890307391023,1.3703980217007785,0.3925910090383238,-0.3925910090383238,False,False,,
M2:A1,dce1fda2d70945c792dcc27074ec6aa9,32,029f10e7436740a0a04feab4ab3aeddc,0.09810015022505585,0.11603869224708462,-0.01793854202202877,3.453633999842628,3.1312170081980617,0.3224169916445665,-0.3224169916445665,False,False,,
M2:A1,dce1fda2d70945c792dcc27074ec6aa9,33,d364275322c4483fbf86df22f0e7a315,0.0,0.0,0.0,5.118551933171434,4.880962238710051,0.23758969446138334,-0.23758969446138334,False,False,,
M2:A1,dce1fda2d70945c792dcc27074ec6aa9,34,c98b06812964464093b23c3734532d06,0.0,0.0,0.0,6.873700866620246,6.731802106062029,0.1418987605582176,-0.1418987605582176,False,False,,
M2:A1,dce1fda2d70945c792dcc27074ec6aa9,35,12f431b160be4858a51cced6955c37bd,0.0,0.0,0.0,8.68230852551504,8.542338834934323,0.13996969058071684,-0.13996969058071684,True,False,,
M2:A1,2a42fd0e123c455fbaeb1c5f03dba0b2,0,5b954ca864914a37aaaf0879249ace6a,1.00000000000011,1.00000000000011,0.0,0.0,0.0,0.0,0.0,False,False,,
M2:A1,2a42fd0e123c455fbaeb1c5f03dba0b2,1,9e10d5419ffa43ce9f70766b4a5a0292,0.990863115779144,0.9111924308930652,0.07967068488607876,0.01003540781054735,0.13787012719801284,-0.1278347193874655,0.1278347193874655,False,False,,
M2:A1,2a42fd0e123c455fbaeb1c5f03dba0b2,2,12c5d6c3dc424561b9192b76b45af6fd,0.9817978605562372,0.8478971456830218,0.13390071487321542,0.019924028563628824,0.25818513310197916,-0.23826110453835034,0.23826110453835034,False,False,,
M2:A1,2a42fd0e123c455fbaeb1c5f03dba0b2,3,882819f68f5e4be698694e673c71c6ab,0.9719230104599544,0.7851103958229891,0.1868126146369653,0.030116090540059138,0.38303803219459825,-0.3529219416545391,0.3529219416545391,False,False,,
M2:A1,2a42fd0e123c455fbaeb1c5f03dba0b2,4,f6bf5986ca8a49c082c0e4d892de767c,0.8918169059332508,0.7193797902004199,0.17243711573283094,0.11240014990638106,0.5269696700804374,-0.41456952017405635,0.41456952017405635,False,False,,
M2:A1,2a42fd0e123c455fbaeb1c5f03dba0b2,5,69e5c0a974344a2b89e9e351a5b79461,0.8847643310841062,0.6659652432438908,0.2187990878402154,0.12128547698925699,0.657180032271189,-0.5358945552819321,0.5358945552819321,False,False,,
M2:A1,2a42fd0e123c455fbaeb1c5f03dba0b2,6,519f1a02f21d43699ca1ada7ffd38726,0.8402387088044125,0.5948449571073848,0.2453937516970277,0.12845314177416656,0.8676186973135936,-0.7391655555394271,0.7391655555394271,False,False,,
M2:A1,2a42fd0e123c455fbaeb1c5f03dba0b2,7,c71884fb34d046258c12cf018513d8cc,0.8338491170656279,0.5501346501147656,0.28371446695086233,0.13637325023268104,0.9947751891193122,-0.8584019388866311,0.8584019388866311,False,False,,
M2:A1,2a42fd0e123c455fbaeb1c5f03dba0b2,8,ee7d01fd902d4185a54112e1f1210e41,0.8282966720772877,0.5209177853231544,0.3073788867541334,0.14455844681208543,1.0906731419940336,-0.9461146951819482,0.9461146951819482,False,False,,
M2:A1,2a42fd0e123c455fbaeb1c5f03dba0b2,9,df7d0426da5346deae21136ea3cba58b,0.8222703918038068,0.4798838717533651,0.3423865200504417,0.1530702833094098,1.2162380139668214,-1.0631677306574117,1.0631677306574117,False,False,,
M2:A1,2a42fd0e123c455fbaeb1c5f03dba0b2,10,ba7fb622e77447f6aa58ab1fff9ed0cf,0.8110495825207701,0.4496811658037398,0.3613684167170303,0.18532324331246242,1.3331763603186293,-1.147853117006167,1.147853117006167,False,False,,
M2:A1,2a42fd0e123c455fbaeb1c5f03dba0b2,11,5087c0b3f84741178f42d668fbdf506f,0.8102308852207624,0.4293063920078771,0.38092449321288524,0.19386263586349137,1.4091413781275972,-1.2152787422641058,1.2152787422641058,False,False,,
M2:A1,2a42fd0e123c455fbaeb1c5f03dba0b2,12,13055b928600455db08cf9ae57d8d4c7,0.8037227858697441,0.40642786766285577,0.39729491820688834,0.2036052809827347,1.4995349203657955,-1.2959296393830608,1.2959296393830608,False,False,,
M2:A1,2a42fd0e123c455fbaeb1c5f03dba0b2,13,220b431fd37e436f98aa1c868eee5828,0.7759209061787803,0.38305871595417057,0.3928621902246097,0.21505715961008218,1.5954255595160258,-1.3803683999059437,1.3803683999059437,False,False,,
M2:A1,2a42fd0e123c455fbaeb1c5f03dba0b2,14,4abbc508bffb4f9b957a8ad2457db2e2,0.7583753237685404,0.3576866337994646,0.40068868996907586,0.23667949019287907,1.6690645987882173,-1.4323851085953383,1.4323851085953383,False,False,,
M2:A1,2a42fd0e123c455fbaeb1c5f03dba0b2,15,103914217786464998f1e48a2c20cef0,0.7392206826556682,0.33988046981776954,0.39934021283789867,0.26013088735810946,1.7294639118022537,-1.4693330244441443,1.4693330244441443,False,False,,
M2:A1,2a42fd0e123c455fbaeb1c5f03dba0b2,16,9f35db3dd17c41e4875c2f54bd71fc29,0.719244207113004,0.32258181521800755,0.3966623918949964,0.28473593554182813,1.7947887842718715,-1.5100528487300433,1.5100528487300433,False,False,,
M2:A1,2a42fd0e123c455fbaeb1c5f03dba0b2,17,8da854b2bced46f7a59f39a4d42bbfd2,0.6756546973769948,0.31532223194908365,0.36033246542791114,0.3097426172499587,1.8581566127866573,-1.5484139955366987,1.5484139955366987,False,False,,
M2:A1,2a42fd0e123c455fbaeb1c5f03dba0b2,18,1e46c82d6a804cf1aaa9d2d6b5b5ef27,0.6619649893247416,0.30776560347213533,0.35419938585260624,0.3219742311111619,1.9271461453902956,-1.6051719142791336,1.6051719142791336,False,False,,
M2:A1,2a42fd0e123c455fbaeb1c5f03dba0b2,19,029f10e7436740a0a04feab4ab3aeddc,0.6884567272308804,0.30495698580476954,0.3834997414261108,0.29090626810113096,1.9958187090227553,-1.7049124409216243,1.7049124409216243,False,False,,
M2:A1,2a42fd0e123c455fbaeb1c5f03dba0b2,20,d364275322c4483fbf86df22f0e7a315,0.7056320317691547,0.30259992064256325,0.40303211112659143,0.25159054307804235,1.9780781440999844,-1.726487601021942,1.726487601021942,False,False,,
M2:A1,2a42fd0e123c455fbaeb1c5f03dba0b2,21,c98b06812964464093b23c3734532d06,0.776374729537166,0.33170426722098517,0.44467046231618085,0.1627951440298009,1.8879644364246038,-1.7251692923948028,1.7251692923948028,False,False,,
M2:A1,2a42fd0e123c455fbaeb1c5f03dba0b2,22,12f431b160be4858a51cced6955c37bd,0.77046959296834,0.31751267326297883,0.4529569197053611,0.1681294871921235,1.9560262568589972,-1.7878967696668737,1.7878967696668737,False,False,,
M2:A1,f3995943006145ca8a7bc375527f0aba,0,fdddd75ee1d94f14a09991988dab8b3e,1.0000000000000604,1.0000000000000604,0.0,0.0,0.0,0.0,0.0,False,False,,
M2:A1,f3995943006145ca8a7bc375527f0aba,1,53121f39e1a0434d8431777a05de3eec,0.044619673272251435,0.044619673272251435,0.0,4.080478648394084,4.080478648394084,0.0,0.0,True,True,,
M2:A1,f3995943006145ca8a7bc375527f0aba,2,872aeb79742f4cd5b6e069c36b007ace,0.0,0.0,0.0,8.161734497029313,8.161734497029313,0.0,0.0,True,True,,
M2:A1,f3995943006145ca8a7bc375527f0aba,3,d2e315d29ed4468f802bf6ccfdbe6852,0.0,0.0,0.0,12.241580045075944,12.241580045075944,0.0,0.0,True,True,,
M2:A1,f3995943006145ca8a7bc375527f0aba,4,79a411ec3dc943bf94886ad9e539481d,0.0,0.0,0.0,16.64324118073164,16.64324118073164,0.0,0.0,True,True,,
M2:A1,f3995943006145ca8a7bc375527f0aba,5,9181fe90f31b4740b36969e383506d40,0.0,0.0,0.0,21.045789578915787,21.045789578915787,0.0,0.0,True,True,,
M2:A1,f3995943006145ca8a7bc375527f0aba,6,139d5e756c1f461ba1f0c6ec46968e43,0.0,0.0,0.0,25.44854418232993,25.44854418232993,0.0,0.0,True,True,,
M2:A1,f3995943006145ca8a7bc375527f0aba,7,21912d2aad7f45c98a54fad3bbea311f,0.0,0.0,0.0,30.50719513491857,30.50719513491857,0.0,0.0,True,True,,
M2:A1,f3995943006145ca8a7bc375527f0aba,8,c4a4d1b455434dba879d5dcd1cc378d6,0.0,0.0,0.0,35.56675231167445,35.56675231167445,0.0,0.0,True,True,,
M2:A1,f3995943006145ca8a7bc375527f0aba,9,e3bdfba683484a1ea09b7bb86e6be648,0.0,0.0,0.0,40.659191443658855,40.6832651872227,-0.024073743563846506,0.024073743563846506,False,False,,
M2:A1,f3995943006145ca8a7bc375527f0aba,10,e749c211df64486dafc86660a0b20eca,0.0,0.0,0.0,45.43928948071499,45.49769634230932,-0.05840686159432806,0.05840686159432806,False,False,,
M2:A1,f3995943006145ca8a7bc375527f0aba,11,ab1f5ba71a2f42c89efefcbc6dffcfb7,0.0,0.0,0.0,50.205190548986515,50.28571585906445,-0.08052531007793817,0.08052531007793817,False,False,,
M2:A1,f3995943006145ca8a7bc375527f0aba,12,c502570cba9749f7bd89494803a52c02,0.0,0.0,0.0,55.04924123777842,55.168110698210484,-0.11886946043206592,0.11886946043206592,False,False,,
M2:A1,f3995943006145ca8a7bc375527f0aba,13,274b134fb2324486ae253eb6e24f900d,0.0,0.0,0.0,58.886985573019075,59.01132468589019,-0.12433911287111243,0.12433911287111243,False,False,,
M2:A1,f3995943006145ca8a7bc375527f0aba,14,a977b0e797694036a9c40ab80f9d0ebc,0.0,0.0,0.0,64.15238420375739,64.3028473825337,-0.150463178776306,0.150463178776306,False,False,,
M2:A1,f3995943006145ca8a7bc375527f0aba,15,bfbb3ba599ea450181210aa6000bad7f,0.0,0.0,0.0,69.42843824722372,69.63191223780946,-0.203473990585735,0.203473990585735,False,False,,
M2:A1,2cc84e32d40647b185276f8d7baf5322,0,8da854b2bced46f7a59f39a4d42bbfd2,0.9999999999998277,0.9999999999998277,0.0,0.0,0.0,0.0,0.0,False,False,,
M2:A1,2cc84e32d40647b185276f8d7baf5322,1,1e46c82d6a804cf1aaa9d2d6b5b5ef27,0.5785456847342435,0.5696773024018464,0.008868382332397062,0.5721678089361761,0.8130350536872771,-0.240867244751101,0.240867244751101,False,False,,
M2:A1,2cc84e32d40647b185276f8d7baf5322,2,029f10e7436740a0a04feab4ab3aeddc,0.5601371072564758,0.5881381516017595,-0.02800104434528372,0.3338367881317207,0.5035379227526978,-0.16970113462097713,0.16970113462097713,False,False,,
M2:A1,2cc84e32d40647b185276f8d7baf5322,3,d364275322c4483fbf86df22f0e7a315,0.5067634937071355,0.4830835750468522,0.023679918660283295,0.39984076661165024,0.46424241281576006,-0.06440164620410982,0.06440164620410982,False,False,,
M2:A1,2cc84e32d40647b185276f8d7baf5322,4,c98b06812964464093b23c3734532d06,0.46213293576563186,0.36272548943738414,0.09940744632824772,0.4874020321504084,0.5884332346188251,-0.10103120246841674,0.10103120246841674,False,False,,
M2:A1,2cc84e32d40647b185276f8d7baf5322,5,12f431b160be4858a51cced6955c37bd,0.4850299170990809,0.27201723081448825,0.21301268628459263,0.5396190050532548,0.8414569955712478,-0.301837990517993,0.301837990517993,False,False,,
M2:A1,d0f5aace57684923b8a44b554b006fb2,0,872aeb79742f4cd5b6e069c36b007ace,1.0000000000000515,1.0000000000000515,0.0,0.0,0.0,0.0,0.0,False,False,,
M2:A1,d0f5aace57684923b8a44b554b006fb2,1,d2e315d29ed4468f802bf6ccfdbe6852,0.7758335588556698,0.7758335588556698,0.0,0.1880664776083491,0.1880664776083491,0.0,0.0,True,True,,
M2:A1,d0f5aace57684923b8a44b554b006fb2,2,79a411ec3dc943bf94886ad9e539481d,0.735019629143712,0.7363585746621724,-0.001338945518460366,0.2537983676943689,0.29550098620431925,-0.04170261850995033,0.04170261850995033,False,False,,
M2:A1,d0f5aace57684923b8a44b554b006fb2,3,9181fe90f31b4740b36969e383506d40,0.618861347204796,0.5537913374878431,0.06507000971695287,0.3747829924045962,0.4881980605577652,-0.11341506815316899,0.11341506815316899,False,False,,
M2:A1,d0f5aace57684923b8a44b554b006fb2,4,139d5e756c1f461ba1f0c6ec46968e43,0.45665435161118717,0.40504109294577834,0.051613258665408834,0.591417951912226,0.7395192659169901,-0.14810131400476412,0.14810131400476412,False,False,,
M2:A1,d0f5aace57684923b8a44b554b006fb2,5,21912d2aad7f45c98a54fad3bbea311f,0.4223617201718905,0.37722624824735607,0.04513547192453443,0.6336801006053382,0.7955301570769524,-0.1618500564716142,0.1618500564716142,False,False,,
M2:A1,d0f5aace57684923b8a44b554b006fb2,6,c4a4d1b455434dba879d5dcd1cc378d6,0.3882634720112598,0.34474666767998824,0.043516804331271586,0.6780588236762891,0.8799685457040027,-0.20190972202771362,0.20190972202771362,False,False,,
M2:A1,d0f5aace57684923b8a44b554b006fb2,7,e3bdfba683484a1ea09b7bb86e6be648,0.3581429935849897,0.31547578652000136,0.04266720706498833,0.7244772568606477,0.9390048445350424,-0.21452758767439473,0.21452758767439473,False,False,,
M2:A1,d0f5aace57684923b8a44b554b006fb2,8,e749c211df64486dafc86660a0b20eca,0.3514549751526685,0.30753081299742446,0.04392416215524403,0.7160724280502815,0.945087475434109,-0.2290150473838275,0.2290150473838275,False,False,,
M2:A1,d0f5aace57684923b8a44b554b006fb2,9,ab1f5ba71a2f42c89efefcbc6dffcfb7,0.3441465775512377,0.30159695963821836,0.04254961791301931,0.7157927042993193,0.9398120747213788,-0.22401937042205955,0.22401937042205955,False,False,,
M2:A1,d0f5aace57684923b8a44b554b006fb2,10,c502570cba9749f7bd89494803a52c02,0.3355306973061286,0.2953994945192893,0.04013120278683929,0.7230721573830917,0.9157514745590102,-0.19267931717591846,0.19267931717591846,False,False,,
M2:A1,d0f5aace57684923b8a44b554b006fb2,11,274b134fb2324486ae253eb6e24f900d,0.33667241880786986,0.2968114740675644,0.03986094474030544,0.7234255255541325,0.8976404899379932,-0.17421496438386064,0.17421496438386064,False,False,,
M2:A1,d0f5aace57684923b8a44b554b006fb2,12,a977b0e797694036a9c40ab80f9d0ebc,0.3367924632206185,0.2959753857980627,0.0408170774225558,0.7254811816331133,0.8951759237389344,-0.16969474210582114,0.16969474210582114,False,False,,
M2:A1,d0f5aace57684923b8a44b554b006fb2,13,bfbb3ba599ea450181210aa6000bad7f,0.3351438277882393,0.2923207569468432,0.04282307084139614,0.7304690128790944,0.8995339711797549,-0.16906495830066048,0.16906495830066048,False,False,,
M2:A1,d0f5aace57684923b8a44b554b006fb2,14,3e92d615685942dfab6edb5a0a7678e6,0.33227156075383607,0.2873560121880879,0.0449155485657482,0.7369350073719451,0.9123698658665752,-0.17543485849463014,0.17543485849463014,False,False,,
M2:A1,d0f5aace57684923b8a44b554b006fb2,15,5b954ca864914a37aaaf0879249ace6a,0.32082191871781035,0.27405404454331256,0.04676787417449779,0.7510306654935113,0.9898542717468677,-0.2388236062533564,0.2388236062533564,False,False,,
M2:A1,d0f5aace57684923b8a44b554b006fb2,16,9e10d5419ffa43ce9f70766b4a5a0292,0.3089359387723729,0.2639259927498289,0.04500994602254399,0.769299215193168,1.0625646720005368,-0.2932654568073688,0.2932654568073688,False,False,,
M2:A1,d0f5aace57684923b8a44b554b006fb2,17,12c5d6c3dc424561b9192b76b45af6fd,0.2977733105059907,0.2503284901502561,0.04744482035573461,0.7898639975537584,1.1677790339709655,-0.37791503641720714,0.37791503641720714,False,False,,
M2:A1,d0f5aace57684923b8a44b554b006fb2,18,882819f68f5e4be698694e673c71c6ab,0.30267868501382983,0.2517673847357701,0.050911300278059735,0.7808066729047788,1.2143516780414878,-0.433545005136709,0.433545005136709,False,False,,
M2:A1,d0f5aace57684923b8a44b554b006fb2,19,f6bf5986ca8a49c082c0e4d892de767c,0.30734318437691255,0.25144151986497687,0.05590166451193568,0.7724221654395872,1.273768853491211,-0.5013466880516239,0.5013466880516239,False,False,,
M2:A1,d0f5aace57684923b8a44b554b006fb2,20,69e5c0a974344a2b89e9e351a5b79461,0.3135933627628969,0.25162242899923837,0.06197093376365853,0.762830774362832,1.3343833539875962,-0.5715525796247642,0.5715525796247642,False,False,,
M2:A1,d0f5aace57684923b8a44b554b006fb2,21,519f1a02f21d43699ca1ada7ffd38726,0.31838867888040956,0.25352110586794013,0.06486757301246943,0.7548517243220219,1.3744834887153108,-0.6196317643932889,0.6196317643932889,False,False,,
M2:A1,d0f5aace57684923b8a44b554b006fb2,22,c71884fb34d046258c12cf018513d8cc,0.31488796893224125,0.2475172269333258,0.06737074199891543,0.7585368766360422,1.4244933450135915,-0.6659564683775493,0.6659564683775493,False,False,,
M2:A1,d0f5aace57684923b8a44b554b006fb2,23,ee7d01fd902d4185a54112e1f1210e41,0.31278051758321007,0.2424706580587459,0.07030985952446417,0.7594804654391102,1.4687954805211205,-0.7093150150820103,0.7093150150820103,False,False,,
M2:A1,d0f5aace57684923b8a44b554b006fb2,24,df7d0426da5346deae21136ea3cba58b,0.30948608016808726,0.23688504987119327,0.07260103029689399,0.7642665687727599,1.5184818649495788,-0.7542152961768189,0.7542152961768189,False,False,,
M2:A1,d0f5aace57684923b8a44b554b006fb2,25,ba7fb622e77447f6aa58ab1fff9ed0cf,0.3069338783227942,0.23246561986396733,0.07446825845882685,0.7681311897701355,1.555371558368566,-0.7872403685984306,0.7872403685984306,False,False,,
M2:A1,d0f5aace57684923b8a44b554b006fb2,26,5087c0b3f84741178f42d668fbdf506f,0.32466199754563707,0.24076668826397624,0.08389530928166083,0.7362986816340992,1.5977463159074805,-0.8614476342733813,0.8614476342733813,False,False,,
M2:A1,d0f5aace57684923b8a44b554b006fb2,27,13055b928600455db08cf9ae57d8d4c7,0.3434570665381177,0.24821232667494014,0.09524473986317755,0.7049322357030208,1.633808912438847,-0.9288766767358263,0.9288766767358263,False,False,,
M2:A1,d0f5aace57684923b8a44b554b006fb2,28,220b431fd37e436f98aa1c868eee5828,0.3624418196059453,0.2552388913621484,0.1072029282437969,0.6737102034179091,1.6933165997970192,-1.01960639637911,1.01960639637911,False,False,,
M2:A1,d0f5aace57684923b8a44b554b006fb2,29,4abbc508bffb4f9b957a8ad2457db2e2,0.38435351215836244,0.2662549547633425,0.11809855739501995,0.6412142561242407,1.71396761663933,-1.0727533605150894,1.0727533605150894,False,False,,
M2:A1,d0f5aace57684923b8a44b554b006fb2,30,103914217786464998f1e48a2c20cef0,0.38879949874279846,0.2614470078992797,0.12735249084351874,0.6344425000274476,1.7860932237009544,-1.1516507236735067,1.1516507236735067,False,False,,
M2:A1,d0f5aace57684923b8a44b554b006fb2,31,9f35db3dd17c41e4875c2f54bd71fc29,0.39332873251720024,0.25687957313292215,0.1364491593842781,0.6276790583367964,1.8308893879380492,-1.2032103296012528,1.2032103296012528,False,False,,
M2:A1,d0f5aace57684923b8a44b554b006fb2,32,8da854b2bced46f7a59f39a4d42bbfd2,0.39702854345189403,0.2557339342215284,0.14129460923036563,0.6214375432451238,1.8459654980757865,-1.2245279548306627,1.2245279548306627,False,False,,
M2:A1,d0f5aace57684923b8a44b554b006fb2,33,1e46c82d6a804cf1aaa9d2d6b5b5ef27,0.38666878046302977,0.2466016054128755,0.14006717505015426,0.6389761185207107,1.8710701480559766,-1.2320940295352658,1.2320940295352658,False,False,,
M2:A1,d0f5aace57684923b8a44b554b006fb2,34,029f10e7436740a0a04feab4ab3aeddc,0.37592654042895257,0.23408549809907064,0.14184104232988193,0.6574160020148336,1.9275863019355703,-1.2701702999207367,1.2701702999207367,False,False,,
M2:A1,d0f5aace57684923b8a44b554b006fb2,35,d364275322c4483fbf86df22f0e7a315,0.38112869645856007,0.23466897662387226,0.1464597198346878,0.6496778629757549,1.9369356821111947,-1.2872578191354398,1.2872578191354398,False,False,,
M2:A1,d0f5aace57684923b8a44b554b006fb2,36,c98b06812964464093b23c3734532d06,0.38815007226139747,0.23167468040797434,0.15647539185342313,0.641438864042559,1.9344078689421746,-1.2929690048996156,1.2929690048996156,False,False,,
M2:A1,6f1f46b67f3d430cbf417e750fcec3c7,0,12f431b160be4858a51cced6955c37bd,0.9999999999998873,0.9999999999998873,0.0,0.0,0.0,0.0,0.0,False,False,,
M2:A1,84755505e70547af890aff9db860f692,0,c502570cba9749f7bd89494803a52c02,0.9999999999999859,0.9999999999999859,0.0,0.0,0.0,0.0,0.0,False,False,,
M2:A1,84755505e70547af890aff9db860f692,1,274b134fb2324486ae253eb6e24f900d,0.9999999999999859,0.9999999999999859,0.0,0.0,0.0,0.0,0.0,True,True,,
M2:A1,84755505e70547af890aff9db860f692,2,a977b0e797694036a9c40ab80f9d0ebc,0.9752842313395812,0.9752842313395812,0.0,0.025000000000000133,0.025000000000000133,0.0,0.0,True,True,,
M2:A1,84755505e70547af890aff9db860f692,3,bfbb3ba599ea450181210aa6000bad7f,0.9511718749999871,0.9511718749999871,0.0,0.050000000000000044,0.050000000000000044,0.0,0.0,True,True,,
M2:A1,84755505e70547af890aff9db860f692,4,3e92d615685942dfab6edb5a0a7678e6,0.8638059701492423,0.8638059701492423,0.0,0.14600000000000013,0.14600000000000013,0.0,0.0,True,True,,
M2:A1,84755505e70547af890aff9db860f692,5,5b954ca864914a37aaaf0879249ace6a,0.8751759737212462,0.8751759737212462,0.0,0.133,0.133,0.0,0.0,True,True,,
M2:A1,84755505e70547af890aff9db860f692,6,9e10d5419ffa43ce9f70766b4a5a0292,0.8866855524079205,0.8866855524079205,0.0,0.1200000000000001,0.1200000000000001,0.0,0.0,True,True,,
M2:A1,84755505e70547af890aff9db860f692,7,12c5d6c3dc424561b9192b76b45af6fd,0.8992395437262236,0.8992395437262236,0.0,0.1060000000000001,0.1060000000000001,0.0,0.0,True,True,,
M2:A1,84755505e70547af890aff9db860f692,8,882819f68f5e4be698694e673c71c6ab,0.9110473457675633,0.9110473457675633,0.0,0.09299999999999997,0.09299999999999997,0.0,0.0,True,True,,
M2:A1,84755505e70547af890aff9db860f692,9,f6bf5986ca8a49c082c0e4d892de767c,0.9230028873917105,0.9230028873917105,0.0,0.08000000000000007,0.08000000000000007,0.0,0.0,True,True,,
M2:A1,84755505e70547af890aff9db860f692,10,69e5c0a974344a2b89e9e351a5b79461,0.9312285052672531,0.9225826234779254,0.00864588178932768,0.06465007113541263,0.06599402491893509,-0.001343953783522464,0.001343953783522464,False,False,,
M2:A1,84755505e70547af890aff9db860f692,11,519f1a02f21d43699ca1ada7ffd38726,0.9392459014641554,0.9370853955684604,0.002160505895695053,0.06480832668104719,0.046342814228458665,0.018465512452588526,-0.018465512452588526,False,False,,
M2:A1,84755505e70547af890aff9db860f692,12,c71884fb34d046258c12cf018513d8cc,0.946140057912034,0.9450234440253011,0.0011166138867328979,0.08231299398027363,0.10321154515813809,-0.02089855117786446,0.02089855117786446,False,False,,
M2:A1,84755505e70547af890aff9db860f692,13,ee7d01fd902d4185a54112e1f1210e41,0.9523163969622344,0.9226994521705062,0.02961694479172816,0.10240074443080671,0.16120570426434497,-0.058804959833538256,0.058804959833538256,False,False,,
M2:A1,84755505e70547af890aff9db860f692,14,df7d0426da5346deae21136ea3cba58b,0.9402882411739674,0.91114738978034,0.02914085139362732,0.10334054259793603,0.16281524384487048,-0.05947470124693445,0.05947470124693445,True,True,,
M2:A1,84755505e70547af890aff9db860f692,15,ba7fb622e77447f6aa58ab1fff9ed0cf,0.9145279511239158,0.8866501199293297,0.02787783119458609,0.12370052067559022,0.18846720326196345,-0.06476668258637323,0.06476668258637323,False,False,,
M2:A1,84755505e70547af890aff9db860f692,16,5087c0b3f84741178f42d668fbdf506f,0.884407988983296,0.8660745661528371,0.018333422830458912,0.15501846460167729,0.1667636384327946,-0.011745173831117312,0.011745173831117312,False,False,,
M2:A1,84755505e70547af890aff9db860f692,17,13055b928600455db08cf9ae57d8d4c7,0.8576748393159913,0.8458216802142703,0.011853159101721022,0.1820688327379389,0.18632253369221882,-0.004253700954279932,0.004253700954279932,False,False,,
M2:A1,84755505e70547af890aff9db860f692,18,220b431fd37e436f98aa1c868eee5828,0.8324967554716833,0.8288525600606197,0.0036441954110636443,0.2062102950665322,0.20275824088184527,0.0034520541846869424,-0.0034520541846869424,False,False,,
M2:A1,84755505e70547af890aff9db860f692,19,4abbc508bffb4f9b957a8ad2457db2e2,0.5652249983305819,0.814983265959308,-0.2497582676287261,1.2396939205242532,0.2183945375490424,1.0212993829752108,-1.0212993829752108,False,False,,
M2:A1,84755505e70547af890aff9db860f692,20,103914217786464998f1e48a2c20cef0,0.24593346117447012,0.7939428897062207,-0.5480094285317506,2.7598150430830684,0.21317687046410222,2.546638172618966,-2.546638172618966,False,False,,
M2:A1,84755505e70547af890aff9db860f692,21,9f35db3dd17c41e4875c2f54bd71fc29,0.20954097714074618,0.8201949168442422,-0.610653939703496,3.025110074618915,0.13967447049074574,2.885435604128169,-2.885435604128169,False,False,,
M2:A1,84755505e70547af890aff9db860f692,22,8da854b2bced46f7a59f39a4d42bbfd2,0.2024526910111927,0.794173634156094,-0.5917209431449013,3.080187861129176,0.16986244017727303,2.910325420951903,-2.910325420951903,False,False,,
M2:A1,84755505e70547af890aff9db860f692,23,1e46c82d6a804cf1aaa9d2d6b5b5ef27,0.20088814320212484,0.7923855526288301,-0.5914974094267054,3.089815219818673,0.1673154603517643,2.9224997594669087,-2.9224997594669087,False,False,,
M2:A1,84755505e70547af890aff9db860f692,24,029f10e7436740a0a04feab4ab3aeddc,0.2016142681357419,0.8014081264067064,-0.5997938582709645,3.0822048638680726,0.1562160512288277,2.925988812639245,-2.925988812639245,False,False,,
M2:A1,84755505e70547af890aff9db860f692,25,d364275322c4483fbf86df22f0e7a315,0.1838478690962932,0.7657440077813895,-0.5818961386850963,3.2272601500670217,0.21143765394407665,3.015822496122945,-3.015822496122945,False,False,,
M2:A1,84755505e70547af890aff9db860f692,26,c98b06812964464093b23c3734532d06,0.17406854729989446,0.7489388180544442,-0.5748702707545497,3.307108369283937,0.24907929199061796,3.058029077293319,-3.058029077293319,False,False,,
M2:A1,84755505e70547af890aff9db860f692,27,12f431b160be4858a51cced6955c37bd,0.13495582475273607,0.6632152960245592,-0.5282594712718232,3.6507450742263305,0.5479153724743735,3.102829701751957,-3.102829701751957,False,False,,
M2:A1,349232409f354033b215b5e37c3312ab,0,882819f68f5e4be698694e673c71c6ab,0.9999999999999817,0.9999999999999817,0.0,0.0,0.0,0.0,0.0,False,False,,
M2:A1,349232409f354033b215b5e37c3312ab,1,f6bf5986ca8a49c082c0e4d892de767c,0.9934506753990814,0.9934506753990814,0.0,0.008000000000000007,0.008000000000000007,0.0,0.0,True,True,,
M2:A1,349232409f354033b215b5e37c3312ab,2,69e5c0a974344a2b89e9e351a5b79461,0.9991789819375845,0.9991789819375845,0.0,0.001000000000000112,0.001000000000000112,0.0,0.0,True,True,,
M2:A1,349232409f354033b215b5e37c3312ab,3,519f1a02f21d43699ca1ada7ffd38726,0.9926350245499003,0.9926350245499003,0.0,0.009000000000000119,0.009000000000000119,0.0,0.0,True,True,,
M2:A1,349232409f354033b215b5e37c3312ab,4,c71884fb34d046258c12cf018513d8cc,0.9853240929473933,0.9853240929473933,0.0,0.018000000000000016,0.018000000000000016,0.0,0.0,True,True,,
M2:A1,349232409f354033b215b5e37c3312ab,5,ee7d01fd902d4185a54112e1f1210e41,0.9780666125101366,0.9780666125101366,0.0,0.027000000000000135,0.027000000000000135,0.0,0.0,True,True,,
M2:A1,349232409f354033b215b5e37c3312ab,6,df7d0426da5346deae21136ea3cba58b,0.9645018152480666,0.9645018152480666,0.0,0.04400000000000004,0.04400000000000004,0.0,0.0,True,True,,
M2:A1,349232409f354033b215b5e37c3312ab,7,ba7fb622e77447f6aa58ab1fff9ed0cf,0.9837067209775788,0.9837067209775788,0.0,0.020000000000000018,0.020000000000000018,0.0,0.0,True,True,,
M2:A1,349232409f354033b215b5e37c3312ab,8,5087c0b3f84741178f42d668fbdf506f,0.9472211115553607,0.9472211115553607,0.0,0.06600000000000006,0.06600000000000006,0.0,0.0,True,True,,
M2:A1,349232409f354033b215b5e37c3312ab,9,13055b928600455db08cf9ae57d8d4c7,0.9023437499999842,0.9023437499999842,0.0,0.125,0.125,0.0,0.0,True,True,,
M2:A1,349232409f354033b215b5e37c3312ab,10,220b431fd37e436f98aa1c868eee5828,0.8839458413926349,0.8839458413926349,0.0,0.15000000000000013,0.15000000000000013,0.0,0.0,True,True,,
M2:A1,349232409f354033b215b5e37c3312ab,11,4abbc508bffb4f9b957a8ad2457db2e2,0.8659003831417476,0.8659003831417476,0.0,0.17500000000000004,0.17500000000000004,0.0,0.0,True,True,,
M2:A1,349232409f354033b215b5e37c3312ab,12,103914217786464998f1e48a2c20cef0,0.7775417233255503,0.40029988405898687,0.3772418392665634,0.29103192167199254,1.5217886049093103,-1.2307566832373178,1.2307566832373178,False,False,,
M2:A1,349232409f354033b215b5e37c3312ab,13,9f35db3dd17c41e4875c2f54bd71fc29,0.7723264411549438,0.08781840414108369,0.6845080370138601,0.2847454436997116,3.6065708263268967,-3.321825382627185,3.321825382627185,False,False,,
M2:A1,349232409f354033b215b5e37c3312ab,14,8da854b2bced46f7a59f39a4d42bbfd2,0.7570048636947687,0.0,0.7570048636947687,0.2964191352825786,6.077289145063725,-5.780870009781147,5.780870009781147,False,False,,
M2:A1,349232409f354033b215b5e37c3312ab,15,1e46c82d6a804cf1aaa9d2d6b5b5ef27,0.7312207639608299,0.0,0.7312207639608299,0.32896474991268454,7.774434310393438,-7.4454695604807535,7.4454695604807535,False,False,,
M2:A1,349232409f354033b215b5e37c3312ab,16,029f10e7436740a0a04feab4ab3aeddc,0.6774518428168053,0.0,0.6774518428168053,0.4107110492466473,9.863620974054593,-9.452909924807946,9.452909924807946,False,False,,
M2:A1,349232409f354033b215b5e37c3312ab,17,d364275322c4483fbf86df22f0e7a315,0.6664307707469516,0.0,0.6664307707469516,0.4208143655898852,12.16801163844518,-11.747197272855294,11.747197272855294,False,False,,
M2:A1,349232409f354033b215b5e37c3312ab,18,c98b06812964464093b23c3734532d06,0.6572800564865998,0.0,0.6572800564865998,0.42918247566951706,15.893898074567273,-15.464715598897756,15.464715598897756,False,False,,
M2:A1,349232409f354033b215b5e37c3312ab,19,12f431b160be4858a51cced6955c37bd,0.6494318213122228,0.0,0.6494318213122228,0.4360255292240306,17.31010319302713,-16.8740776638031,16.8740776638031,False,False,,
M2:A1,f7f666bf92c049bea8fabc42a8831005,0,12c5d6c3dc424561b9192b76b45af6fd,1.0000000000000264,1.0000000000000264,0.0,0.0,0.0,0.0,0.0,False,False,,
M2:A1,f7f666bf92c049bea8fabc42a8831005,1,882819f68f5e4be698694e673c71c6ab,0.9926524958331403,0.9264646208548042,0.06618787497833611,0.004702077916621634,0.10920610398166501,-0.10450402606504337,0.10450402606504337,False,False,,
M2:A1,f7f666bf92c049bea8fabc42a8831005,2,f6bf5986ca8a49c082c0e4d892de767c,0.9879152992878362,0.8843327611950763,0.10358253809275986,0.007966589709778373,0.2080037035857336,-0.20003711387595524,0.20003711387595524,False,False,,
M2:A1,f7f666bf92c049bea8fabc42a8831005,3,69e5c0a974344a2b89e9e351a5b79461,0.9800845901044056,0.8988151793272519,0.08126941077715377,0.012717730276453842,0.19071676545704327,-0.17799903518058943,0.17799903518058943,False,False,,
M2:A1,f7f666bf92c049bea8fabc42a8831005,4,519f1a02f21d43699ca1ada7ffd38726,0.9715451642685958,0.8779914791618089,0.09355368510678697,0.019312403831793938,0.23013466168113864,-0.2108222578493447,0.2108222578493447,False,False,,
M2:A1,f7f666bf92c049bea8fabc42a8831005,5,c71884fb34d046258c12cf018513d8cc,0.963749771570439,0.8352841951931259,0.12846557637731304,0.028008853103425706,0.3085703375430415,-0.28056148443961576,0.28056148443961576,False,False,,
M2:A1,f7f666bf92c049bea8fabc42a8831005,6,ee7d01fd902d4185a54112e1f1210e41,0.9566614239207837,0.8192473017705997,0.137414122150184,0.032862980051673436,0.3560302132768856,-0.3231672332252122,0.3231672332252122,False,False,,
M2:A1,f7f666bf92c049bea8fabc42a8831005,7,df7d0426da5346deae21136ea3cba58b,0.9494870447541488,0.7850624248136786,0.1644246199404702,0.03801531312989188,0.42364869001530375,-0.3856333768854119,0.3856333768854119,False,False,,
M2:A1,f7f666bf92c049bea8fabc42a8831005,8,ba7fb622e77447f6aa58ab1fff9ed0cf,0.9457419257440465,0.7456452894156247,0.20009663632842178,0.038569100033466655,0.5045989098036812,-0.4660298097702145,0.4660298097702145,False,False,,
M2:A1,f7f666bf92c049bea8fabc42a8831005,9,5087c0b3f84741178f42d668fbdf506f,0.9381102142525842,0.7309304775232742,0.20717973672931,0.044700022104531646,0.5719543278546687,-0.5272543057501371,0.5272543057501371,False,False,,
M2:A1,f7f666bf92c049bea8fabc42a8831005,10,13055b928600455db08cf9ae57d8d4c7,0.9295537312796786,0.7199058641462376,0.20964786713344097,0.052685314085920566,0.6158837900583461,-0.5631984759724256,0.5631984759724256,False,False,,
M2:A1,f7f666bf92c049bea8fabc42a8831005,11,220b431fd37e436f98aa1c868eee5828,0.9214506756562583,0.7126219393634454,0.20882873629281284,0.06000572256831195,0.6547527913572352,-0.5947470687889232,0.5947470687889232,False,False,,
M2:A1,f7f666bf92c049bea8fabc42a8831005,12,4abbc508bffb4f9b957a8ad2457db2e2,0.9149552495216464,0.6889996987211467,0.22595555080049967,0.06469688964358186,0.7130431087434835,-0.6483462190999016,0.6483462190999016,False,False,,
M2:A1,f7f666bf92c049bea8fabc42a8831005,13,103914217786464998f1e48a2c20cef0,0.9074801832250674,0.6831480592444705,0.22433212398059688,0.0711940841146738,0.7501158293131033,-0.6789217451984295,0.6789217451984295,False,False,,
M2:A1,f7f666bf92c049bea8fabc42a8831005,14,9f35db3dd17c41e4875c2f54bd71fc29,0.8993015374465272,0.6663784069070647,0.23292313053946245,0.07924970988701338,0.811325811170053,-0.7320761012830396,0.7320761012830396,False,False,,
M2:A1,f7f666bf92c049bea8fabc42a8831005,15,8da854b2bced46f7a59f39a4d42bbfd2,0.896143771483239,0.6556003691942393,0.24054340228899973,0.07910383036395045,0.851416903578637,-0.7723130732146866,0.7723130732146866,False,False,,
M2:A1,f7f666bf92c049bea8fabc42a8831005,16,1e46c82d6a804cf1aaa9d2d6b5b5ef27,0.8888554728088639,0.6422747843980812,0.24658068841078273,0.0856036274092505,0.8962044463274103,-0.8106008189181597,0.8106008189181597,False,False,,
M2:A1,f7f666bf92c049bea8fabc42a8831005,17,029f10e7436740a0a04feab4ab3aeddc,0.899168894017734,0.625646998447556,0.27352189557017803,0.14172184401122245,0.9197583908375474,-0.778036546826325,0.778036546826325,False,False,,
M2:A1,f7f666bf92c049bea8fabc42a8831005,18,d364275322c4483fbf86df22f0e7a315,0.9087443288510212,0.6261133443609705,0.28263098449005064,0.12268380978060558,0.9067219593173693,-0.7840381495367638,0.7840381495367638,False,False,,
M2:A1,f7f666bf92c049bea8fabc42a8831005,19,c98b06812964464093b23c3734532d06,0.905346364717327,0.6123182857205675,0.29302807899675953,0.13344729569423122,0.943333829719581,-0.8098865340253498,0.8098865340253498,False,False,,
M2:A1,ba7ec913a8d8494e98ff60579a32acce,0,4abbc508bffb4f9b957a8ad2457db2e2,1.0000000000000828,1.0000000000000828,0.0,0.0,0.0,0.0,0.0,False,False,,
M2:A1,b9df4a8540da4a3a94d7911ead8c1bc8,0,df7d0426da5346deae21136ea3cba58b,1.0000000000000526,1.0000000000000526,0.0,0.0,0.0,0.0,0.0,False,False,,
M2:A1,b9df4a8540da4a3a94d7911ead8c1bc8,1,ba7fb622e77447f6aa58ab1fff9ed0cf,0.6849503684742849,0.8494622177602653,-0.1645118492859804,0.4901879472144427,0.13909229448837,0.3510956527260727,-0.3510956527260727,False,False,,
M2:A1,b9df4a8540da4a3a94d7911ead8c1bc8,2,5087c0b3f84741178f42d668fbdf506f,0.6422653045153703,0.8911774229860456,-0.2489121184706753,0.635003457025094,0.09211166993275864,0.5428917870923353,-0.5428917870923353,False,False,,
M2:A1,b9df4a8540da4a3a94d7911ead8c1bc8,3,13055b928600455db08cf9ae57d8d4c7,0.5316666292143393,0.9314511347951914,-0.3997845055808521,0.7241607298587894,0.09561374265080982,0.6285469872079796,-0.6285469872079796,False,False,,
M2:A1,b9df4a8540da4a3a94d7911ead8c1bc8,4,220b431fd37e436f98aa1c868eee5828,0.5093172535550019,0.8766758593409643,-0.36735860578596236,0.7240046696394022,0.16315211618250497,0.5608525534568973,-0.5608525534568973,False,False,,
M2:A1,b9df4a8540da4a3a94d7911ead8c1bc8,5,4abbc508bffb4f9b957a8ad2457db2e2,0.5075051901653043,0.8573078056625782,-0.349802615497274,0.726878031381337,0.19674119643892574,0.5301368349424113,-0.5301368349424113,False,False,,
M2:A1,b9df4a8540da4a3a94d7911ead8c1bc8,6,103914217786464998f1e48a2c20cef0,0.5058560080433874,0.8228331479196144,-0.316977139876227,0.7298070597642998,0.2552562232731257,0.47455083649117413,-0.47455083649117413,False,False,,
M2:A1,b9df4a8540da4a3a94d7911ead8c1bc8,7,9f35db3dd17c41e4875c2f54bd71fc29,0.5017345239548044,0.7873668051096033,-0.2856322811547989,0.7235081263314472,0.3139128740913429,0.40959525224010435,-0.40959525224010435,False,False,,
M2:A1,b9df4a8540da4a3a94d7911ead8c1bc8,8,8da854b2bced46f7a59f39a4d42bbfd2,0.4976227213557427,0.7468682178578192,-0.2492454965020765,0.7176932317125386,0.37812573504577573,0.3395674966667629,-0.3395674966667629,False,False,,
M2:A1,b9df4a8540da4a3a94d7911ead8c1bc8,9,1e46c82d6a804cf1aaa9d2d6b5b5ef27,0.45875268732960794,0.7287578241455392,-0.2700051368159313,0.7315906463862067,0.4250022911963965,0.30658835518981026,-0.30658835518981026,False,False,,
M2:A1,5cba59926dd04bcfaf994ab682e07460,0,12f431b160be4858a51cced6955c37bd,1.0000000000000147,1.0000000000000147,0.0,0.0,0.0,0.0,0.0,False,False,,
M2:A1,ab820b691d3446ea889a70cd429cd931,0,1e46c82d6a804cf1aaa9d2d6b5b5ef27,0.9999999999999591,0.9999999999999591,0.0,0.0,0.0,0.0,0.0,False,False,,
M2:A1,ab820b691d3446ea889a70cd429cd931,1,029f10e7436740a0a04feab4ab3aeddc,0.8349917077017862,0.837551309198715,-0.0025596014969287983,0.11545662283406413,0.11255314080924164,0.00290348202482249,-0.00290348202482249,False,False,,
M2:A1,ab820b691d3446ea889a70cd429cd931,2,d364275322c4483fbf86df22f0e7a315,0.7960725236640347,0.8105325517545775,-0.014460028090542809,0.17409913771252628,0.16147084822719232,0.012628289485333954,-0.012628289485333954,False,False,,
M2:A1,ab820b691d3446ea889a70cd429cd931,3,c98b06812964464093b23c3734532d06,0.6036273665344019,0.6128660393829657,-0.009238672848563834,0.3516477416980781,0.3413679490356465,0.01027979266243162,-0.01027979266243162,False,False,,
M2:A1,06ff24b7f1e8479b934f1b74348028bc,0,21912d2aad7f45c98a54fad3bbea311f,0.9999999999999767,0.9999999999999767,0.0,0.0,0.0,0.0,0.0,False,False,,
M2:A1,06ff24b7f1e8479b934f1b74348028bc,1,c4a4d1b455434dba879d5dcd1cc378d6,0.90350279190442,0.8728202976104538,0.03068249429396619,0.07894409089637562,0.10181641140578303,-0.022872320509407407,0.022872320509407407,False,False,,
M2:A1,06ff24b7f1e8479b934f1b74348028bc,2,e3bdfba683484a1ea09b7bb86e6be648,0.5457543621912936,0.5076696712125908,0.03808469097870282,0.5546583194608402,0.8377779360024936,-0.2831196165416534,0.2831196165416534,False,False,,
M2:A1,06ff24b7f1e8479b934f1b74348028bc,3,e749c211df64486dafc86660a0b20eca,0.37948860317413785,0.3590553774694259,0.020433225704711955,0.9499430052493024,1.3034875368120138,-0.3535445315627114,0.3535445315627114,False,False,,
M2:A1,06ff24b7f1e8479b934f1b74348028bc,4,ab1f5ba71a2f42c89efefcbc6dffcfb7,0.20373565763973786,0.16228533574996962,0.041450321889768243,1.7321419352916128,2.2644066942548395,-0.5322647589632268,0.5322647589632268,False,False,,
M2:A1,06ff24b7f1e8479b934f1b74348028bc,5,c502570cba9749f7bd89494803a52c02,0.16658234039511385,0.10740986489261256,0.05917247550250129,1.9536630296218034,2.641196230039529,-0.6875332004177257,0.6875332004177257,False,False,,
M2:A1,06ff24b7f1e8479b934f1b74348028bc,6,274b134fb2324486ae253eb6e24f900d,0.11964080505256447,0.038511182547000714,0.08112962250556376,2.3536157830505875,3.1712906015994458,-0.8176748185488583,0.8176748185488583,False,False,,
M2:A1,06ff24b7f1e8479b934f1b74348028bc,7,a977b0e797694036a9c40ab80f9d0ebc,0.0793929893498915,0.012322981635503192,0.06707000771438831,2.6963075747182805,3.387739714288389,-0.6914321395701086,0.6914321395701086,False,False,,
M2:A1,06ff24b7f1e8479b934f1b74348028bc,8,bfbb3ba599ea450181210aa6000bad7f,0.07227661209031691,0.007696907758878814,0.0645797043314381,2.7642737632512437,3.425736903606278,-0.6614631403550342,0.6614631403550342,False,False,,
M2:A1,06ff24b7f1e8479b934f1b74348028bc,9,3e92d615685942dfab6edb5a0a7678e6,0.06322771279284653,0.007696907758878814,0.05553080503396771,2.8522040078264768,3.425736903606278,-0.5735328957798012,0.5735328957798012,False,True,,
M2:A1,06ff24b7f1e8479b934f1b74348028bc,10,5b954ca864914a37aaaf0879249ace6a,0.05516518642762661,0.007696907758878814,0.047468278668747796,2.932374373155907,3.425736903606278,-0.49336253045037104,0.49336253045037104,False,True,,
M2:A1,06ff24b7f1e8479b934f1b74348028bc,11,9e10d5419ffa43ce9f70766b4a5a0292,0.028266326600729853,0.0,0.028266326600729853,3.2122608871070835,3.633149679835257,-0.4208887927281735,0.4208887927281735,False,False,,
M2:A1,06ff24b7f1e8479b934f1b74348028bc,12,12c5d6c3dc424561b9192b76b45af6fd,0.020481352236698117,0.0,0.020481352236698117,3.305077269884768,3.653925490289767,-0.34884822040499897,0.34884822040499897,False,False,,
M2:A1,06ff24b7f1e8479b934f1b74348028bc,13,882819f68f5e4be698694e673c71c6ab,0.0132538533633415,0.0,0.0132538533633415,3.3880185452848663,3.7830889548814755,-0.3950704095966091,0.3950704095966091,False,False,,
M2:A1,06ff24b7f1e8479b934f1b74348028bc,14,f6bf5986ca8a49c082c0e4d892de767c,0.004312486636915142,0.0,0.004312486636915142,3.4849681805046386,3.8191154455182734,-0.3341472650136348,0.3341472650136348,False,False,,
M2:A1,06ff24b7f1e8479b934f1b74348028bc,15,69e5c0a974344a2b89e9e351a5b79461,0.0,0.0,0.0,3.561152726185008,3.8726179083734116,-0.3114651821884036,0.3114651821884036,False,False,,
M2:A1,06ff24b7f1e8479b934f1b74348028bc,16,519f1a02f21d43699ca1ada7ffd38726,0.0,0.0,0.0,3.639338345727723,3.9118754720898212,-0.27253712636209837,0.27253712636209837,False,False,,
M2:A1,06ff24b7f1e8479b934f1b74348028bc,17,c71884fb34d046258c12cf018513d8cc,0.0,0.0,0.0,3.712851395796904,3.9478601872103565,-0.23500879141345266,0.23500879141345266,False,False,,
M2:A1,06ff24b7f1e8479b934f1b74348028bc,18,ee7d01fd902d4185a54112e1f1210e41,0.0,0.0,0.0,3.769568758297961,3.903368026511262,-0.13379926821330113,0.13379926821330113,False,False,,
M2:A1,06ff24b7f1e8479b934f1b74348028bc,19,df7d0426da5346deae21136ea3cba58b,0.0,0.0,0.0,3.851306740819085,3.901990123075182,-0.050683382256097254,0.050683382256097254,False,False,,
M2:A1,06ff24b7f1e8479b934f1b74348028bc,20,ba7fb622e77447f6aa58ab1fff9ed0cf,0.0,0.0,0.0,4.062878204808918,4.148828100123212,-0.08594989531429409,0.08594989531429409,False,False,,
M2:A1,06ff24b7f1e8479b934f1b74348028bc,21,5087c0b3f84741178f42d668fbdf506f,0.0,0.0,0.0,4.26402196222667,4.296996588876686,-0.032974626650015715,0.032974626650015715,False,False,,
M2:A1,06ff24b7f1e8479b934f1b74348028bc,22,13055b928600455db08cf9ae57d8d4c7,0.0,0.0,0.0,4.607794901780657,4.514370117529993,0.09342478425066414,-0.09342478425066414,False,False,,
M2:A1,06ff24b7f1e8479b934f1b74348028bc,23,220b431fd37e436f98aa1c868eee5828,0.0,0.0,0.0,5.26652428414031,4.7585095250279075,0.5080147591124025,-0.5080147591124025,False,False,,
M2:A1,06ff24b7f1e8479b934f1b74348028bc,24,4abbc508bffb4f9b957a8ad2457db2e2,0.0,0.0,0.0,6.063816279144047,4.972493148188601,1.0913231309554456,-1.0913231309554456,False,False,,
M2:A1,06ff24b7f1e8479b934f1b74348028bc,25,103914217786464998f1e48a2c20cef0,0.0,0.0,0.0,7.215559395753569,5.123725593985189,2.09183380176838,-2.09183380176838,False,False,,
M2:A1,06ff24b7f1e8479b934f1b74348028bc,26,9f35db3dd17c41e4875c2f54bd71fc29,0.0,0.0,0.0,8.39040574148119,5.333362329186342,3.057043412294848,-3.057043412294848,False,False,,
M2:A1,06ff24b7f1e8479b934f1b74348028bc,27,8da854b2bced46f7a59f39a4d42bbfd2,0.0,0.0,0.0,9.973542863965818,5.612598794757063,4.360944069208755,-4.360944069208755,False,False,,
M2:A1,06ff24b7f1e8479b934f1b74348028bc,28,1e46c82d6a804cf1aaa9d2d6b5b5ef27,0.0,0.0,0.0,11.5652522788849,6.168712431484371,5.396539847400529,-5.396539847400529,False,False,,
M2:A1,06ff24b7f1e8479b934f1b74348028bc,29,029f10e7436740a0a04feab4ab3aeddc,0.0,0.0,0.0,12.815923563997018,7.170754586085034,5.645168977911983,-5.645168977911983,False,False,,
M2:A1,06ff24b7f1e8479b934f1b74348028bc,30,d364275322c4483fbf86df22f0e7a315,0.0,0.0,0.0,14.358960747726204,8.148440527760064,6.21052021996614,-6.21052021996614,False,False,,
M2:A1,06ff24b7f1e8479b934f1b74348028bc,31,c98b06812964464093b23c3734532d06,0.0,0.0,0.0,16.380983421387562,9.260542242261007,7.120441179126555,-7.120441179126555,False,False,,
M2:A1,06ff24b7f1e8479b934f1b74348028bc,32,12f431b160be4858a51cced6955c37bd,0.0,0.0,0.0,18.095190209999306,10.365841607017463,7.729348602981842,-7.729348602981842,False,False,,
M2:A1,96c353e8f14d4a63ba2b844d43cffc42,0,5b954ca864914a37aaaf0879249ace6a,1.0000000000000637,1.0000000000000637,0.0,0.0,0.0,0.0,0.0,False,False,,
M2:A1,96c353e8f14d4a63ba2b844d43cffc42,1,9e10d5419ffa43ce9f70766b4a5a0292,0.9670641958565089,0.9418407555845659,0.02522344027194301,0.028276291833477303,0.08119542144508222,-0.05291912961160492,0.05291912961160492,False,False,,
M2:A1,96c353e8f14d4a63ba2b844d43cffc42,2,12c5d6c3dc424561b9192b76b45af6fd,0.8868397423123475,0.844805820229959,0.04203392208238854,0.10596841324281837,0.16540286408494345,-0.05943445084212508,0.05943445084212508,False,False,,
M2:A1,96c353e8f14d4a63ba2b844d43cffc42,3,882819f68f5e4be698694e673c71c6ab,0.9527886397581258,0.87459606890627,0.07819257085185582,0.04000998998154507,0.23799263248798078,-0.1979826425064357,0.1979826425064357,False,False,,
M2:A1,96c353e8f14d4a63ba2b844d43cffc42,4,f6bf5986ca8a49c082c0e4d892de767c,0.9151466287057416,0.8628260875477002,0.05232054115804141,0.07131415777179519,0.1947838055679049,-0.12346964779610971,0.12346964779610971,False,False,,
M2:A1,96c353e8f14d4a63ba2b844d43cffc42,5,69e5c0a974344a2b89e9e351a5b79461,0.9071316174194934,0.8380238424266284,0.06910777499286502,0.07838890320172733,0.2645087229032056,-0.18611981970147828,0.18611981970147828,False,False,,
M2:A1,96c353e8f14d4a63ba2b844d43cffc42,6,519f1a02f21d43699ca1ada7ffd38726,0.9445487995250291,0.8245322150794082,0.12001658444562091,0.051173003603526925,0.33833850629430995,-0.287165502690783,0.287165502690783,False,False,,
M2:A1,96c353e8f14d4a63ba2b844d43cffc42,7,c71884fb34d046258c12cf018513d8cc,0.9395821037457681,0.8285264752545963,0.11105562849117179,0.05862007770961018,0.4183204435385535,-0.3597003658289433,0.3597003658289433,False,False,,
M2:A1,96c353e8f14d4a63ba2b844d43cffc42,8,ee7d01fd902d4185a54112e1f1210e41,0.9420574308414076,0.8011162202411319,0.14094121060027565,0.05274822679696463,0.5048370882240603,-0.45208886142709565,0.45208886142709565,False,False,,
M2:A1,96c353e8f14d4a63ba2b844d43cffc42,9,df7d0426da5346deae21136ea3cba58b,0.9236116889667828,0.7556937874552884,0.16791790151149444,0.06701762313158158,0.5946377235837468,-0.5276201004521652,0.5276201004521652,False,False,,
M2:A1,96c353e8f14d4a63ba2b844d43cffc42,10,ba7fb622e77447f6aa58ab1fff9ed0cf,0.8955210633628926,0.7159508180832372,0.17957024527965537,0.08879672565242912,0.6847226664790914,-0.5959259408266623,0.5959259408266623,False,False,,
M2:A1,96c353e8f14d4a63ba2b844d43cffc42,11,5087c0b3f84741178f42d668fbdf506f,0.814104015390902,0.6478241854355655,0.16627982995533652,0.16081146508085328,0.7678156892491209,-0.6070042241682676,0.6070042241682676,False,False,,
M2:A1,96c353e8f14d4a63ba2b844d43cffc42,12,13055b928600455db08cf9ae57d8d4c7,0.840367746909094,0.6470008940441181,0.1933668528649759,0.13318315526366586,0.8137722243377207,-0.6805890690740548,0.6805890690740548,False,False,,
M2:A1,96c353e8f14d4a63ba2b844d43cffc42,13,220b431fd37e436f98aa1c868eee5828,0.779427005428448,0.5910311851743714,0.18839582025407664,0.207654486377311,0.8693687104708969,-0.6617142240935859,0.6617142240935859,False,False,,
M2:A1,96c353e8f14d4a63ba2b844d43cffc42,14,4abbc508bffb4f9b957a8ad2457db2e2,0.7300853051249896,0.5483786754108251,0.1817066297141645,0.26224879695276526,0.9394108308708429,-0.6771620339180776,0.6771620339180776,False,False,,
M2:A1,96c353e8f14d4a63ba2b844d43cffc42,15,103914217786464998f1e48a2c20cef0,0.6858592692117071,0.5084079548522955,0.17745131435941164,0.3172995734497259,1.0175903635358134,-0.7002907900860875,0.7002907900860875,False,False,,
M2:A1,96c353e8f14d4a63ba2b844d43cffc42,16,9f35db3dd17c41e4875c2f54bd71fc29,0.6442115498341546,0.46509739038451847,0.17911415944963616,0.3731305654747644,1.1175146832150769,-0.7443841177403124,0.7443841177403124,False,False,,
M2:A1,96c353e8f14d4a63ba2b844d43cffc42,17,8da854b2bced46f7a59f39a4d42bbfd2,0.5987488851489801,0.4288123741232591,0.16993651102572094,0.4327710278379539,1.1997808161045793,-0.7670097882666254,0.7670097882666254,False,False,,
M2:A1,96c353e8f14d4a63ba2b844d43cffc42,18,1e46c82d6a804cf1aaa9d2d6b5b5ef27,0.5941669616698705,0.41494860610613665,0.17921835556373383,0.4388251995717937,1.2617007176282216,-0.8228755180564278,0.8228755180564278,False,False,,
M2:A1,96c353e8f14d4a63ba2b844d43cffc42,19,029f10e7436740a0a04feab4ab3aeddc,0.5893228778208215,0.40080967704346676,0.18851320077735473,0.44524597301915464,1.3273073127457067,-0.882061339726552,0.882061339726552,False,False,,
M2:A1,96c353e8f14d4a63ba2b844d43cffc42,20,d364275322c4483fbf86df22f0e7a315,0.5727392594016184,0.37615812787958675,0.19658113152203166,0.47657487105169055,1.4606658246301774,-0.9840909535784867,0.9840909535784867,False,False,,
M2:A1,96c353e8f14d4a63ba2b844d43cffc42,21,c98b06812964464093b23c3734532d06,0.5570069751750342,0.35601099236652584,0.20099598280850833,0.5154816776627655,1.578867682326676,-1.0633860046639105,1.0633860046639105,False,False,,
M2:A1,96c353e8f14d4a63ba2b844d43cffc42,22,12f431b160be4858a51cced6955c37bd,0.5423877584895053,0.3375670312152503,0.204820727274255,0.559222302950369,1.6947943118906124,-1.1355720089402435,1.1355720089402435,False,False,,
M2:A1,eaaf60765ee8478f8e0bd4942571c6fb,0,53121f39e1a0434d8431777a05de3eec,1.0000000000001101,1.0000000000001101,0.0,0.0,0.0,0.0,0.0,False,False,,
M2:A1,eaaf60765ee8478f8e0bd4942571c6fb,1,872aeb79742f4cd5b6e069c36b007ace,0.8374331722470394,0.8331490765364108,0.004284095710628599,0.13687806920722057,0.1408679620745747,-0.003989892867354128,0.003989892867354128,False,False,,
M2:A1,eaaf60765ee8478f8e0bd4942571c6fb,2,d2e315d29ed4468f802bf6ccfdbe6852,0.9456127900244731,0.971772348407937,-0.026159558383463954,0.04336754074747061,0.020294961927256692,0.023072578820213917,-0.023072578820213917,False,False,,
M2:A1,eaaf60765ee8478f8e0bd4942571c6fb,3,79a411ec3dc943bf94886ad9e539481d,0.6710353250794835,0.7015830733979216,-0.030547748318438095,0.2875000124228643,0.27351049321219334,0.013989519210670986,-0.013989519210670986,False,False,,
M2:A1,eaaf60765ee8478f8e0bd4942571c6fb,4,9181fe90f31b4740b36969e383506d40,0.6068201757967155,0.6373235518647137,-0.030503376067998134,0.3527130796567808,0.3408300870048216,0.01188299265195919,-0.01188299265195919,False,False,,
M2:A1,eaaf60765ee8478f8e0bd4942571c6fb,5,139d5e756c1f461ba1f0c6ec46968e43,0.45917911631123176,0.47387476899067654,-0.014695652679444782,0.5628020614763853,0.556895563709486,0.005906497766899332,-0.005906497766899332,False,False,,
M2:A1,eaaf60765ee8478f8e0bd4942571c6fb,6,21912d2aad7f45c98a54fad3bbea311f,0.362284636195477,0.3692938858187778,-0.007009249623300795,0.7229515502241566,0.7299449055283006,-0.006993355304144022,0.006993355304144022,False,False,,
M2:A1,eaaf60765ee8478f8e0bd4942571c6fb,7,c4a4d1b455434dba879d5dcd1cc378d6,0.320026372832868,0.3097447349979621,0.010281637834905877,0.8623161738645947,0.9912959284693725,-0.12897975460477784,0.12897975460477784,False,False,,
M2:A1,eaaf60765ee8478f8e0bd4942571c6fb,8,e3bdfba683484a1ea09b7bb86e6be648,0.348598798578993,0.3332117468192749,0.015387051759718107,0.7824476081747285,0.9369456440626501,-0.15449803588792166,0.15449803588792166,False,False,,
M2:A1,eaaf60765ee8478f8e0bd4942571c6fb,9,e749c211df64486dafc86660a0b20eca,0.3427733385955771,0.35095019367263625,-0.00817685507705912,0.8005421928612118,0.8422253922529526,-0.04168319939174081,0.04168319939174081,False,False,,
M2:A1,eaaf60765ee8478f8e0bd4942571c6fb,10,ab1f5ba71a2f42c89efefcbc6dffcfb7,0.3181703358487623,0.3372660084238622,-0.019095672575099865,0.8419099910159812,0.8359480404183757,0.005961950597605514,-0.005961950597605514,False,False,,
M2:A1,eaaf60765ee8478f8e0bd4942571c6fb,11,c502570cba9749f7bd89494803a52c02,0.2965384384099164,0.32603960614893635,-0.02950116773901995,0.8808683855197023,0.8262005666421982,0.05466781887750405,-0.05466781887750405,False,False,,
M2:A1,eaaf60765ee8478f8e0bd4942571c6fb,12,274b134fb2324486ae253eb6e24f900d,0.2918930345916128,0.3374227193944214,-0.04552968480280861,0.9008578455478989,0.7858208167906046,0.11503702875729438,-0.11503702875729438,False,False,,
M2:A1,eaaf60765ee8478f8e0bd4942571c6fb,13,a977b0e797694036a9c40ab80f9d0ebc,0.27939977574658514,0.36100897898424256,-0.08160920323765741,0.9864405360677244,0.7398420847377173,0.24659845133000713,-0.24659845133000713,False,False,,
M2:A1,eaaf60765ee8478f8e0bd4942571c6fb,14,bfbb3ba599ea450181210aa6000bad7f,0.26765283017724645,0.3542883785604961,-0.08663554838324966,1.0836425357105715,0.7457978143047573,0.3378447214058141,-0.3378447214058141,False,False,,
M2:A1,eaaf60765ee8478f8e0bd4942571c6fb,15,3e92d615685942dfab6edb5a0a7678e6,0.2568435708385278,0.33961237740977107,-0.08276880657124325,1.1746388881987222,0.7928336358264285,0.3818052523722937,-0.3818052523722937,False,False,,
M2:A1,eaaf60765ee8478f8e0bd4942571c6fb,16,5b954ca864914a37aaaf0879249ace6a,0.24691947160778174,0.3191361935560436,-0.07221672194826187,1.2714806199577162,0.899975265928778,0.37150535402893825,-0.37150535402893825,False,False,,
M2:A1,eaaf60765ee8478f8e0bd4942571c6fb,17,9e10d5419ffa43ce9f70766b4a5a0292,0.24465563218634048,0.306154069097448,-0.06149843691110754,1.3511900335039277,1.0222640096150302,0.3289260238888976,-0.3289260238888976,False,False,,
M2:A1,eaaf60765ee8478f8e0bd4942571c6fb,18,12c5d6c3dc424561b9192b76b45af6fd,0.24673573799750992,0.30355931200937547,-0.05682357401186555,1.32740115855655,1.058466099436207,0.268935059120343,-0.268935059120343,False,False,,
M2:A1,eaaf60765ee8478f8e0bd4942571c6fb,19,882819f68f5e4be698694e673c71c6ab,0.24883828724322618,0.30439794955001553,-0.055559662306789354,1.3052960268284164,1.0703105747533355,0.23498545207508093,-0.23498545207508093,False,False,,
M2:A1,eaaf60765ee8478f8e0bd4942571c6fb,20,f6bf5986ca8a49c082c0e4d892de767c,0.25751530476810763,0.312954853380406,-0.055439548612298384,1.2136124913341062,1.0255371972023954,0.18807529413171076,-0.18807529413171076,False,False,,
M2:A1,eaaf60765ee8478f8e0bd4942571c6fb,21,69e5c0a974344a2b89e9e351a5b79461,0.26571746706089516,0.3193125400127845,-0.05359507295188931,1.1259841980364624,0.9848859733553632,0.14109822468109923,-0.14109822468109923,False,False,,
M2:A1,eaaf60765ee8478f8e0bd4942571c6fb,22,519f1a02f21d43699ca1ada7ffd38726,0.25875961963563754,0.3043734223190667,-0.04561380268342918,1.1742526456919211,1.0868457109213046,0.08740693477061656,-0.08740693477061656,False,False,,
M2:A1,eaaf60765ee8478f8e0bd4942571c6fb,23,c71884fb34d046258c12cf018513d8cc,0.25175008056728837,0.29095792090494804,-0.03920784033765967,1.2256776096739472,1.155984909999215,0.06969269967473224,-0.06969269967473224,False,False,,
M2:A1,eaaf60765ee8478f8e0bd4942571c6fb,24,ee7d01fd902d4185a54112e1f1210e41,0.24459914137789607,0.28044373512778037,-0.0358445937498843,1.2785742205963642,1.2424277152405776,0.03614650535578656,-0.03614650535578656,False,False,,
M2:A1,eaaf60765ee8478f8e0bd4942571c6fb,25,df7d0426da5346deae21136ea3cba58b,0.2551716943564776,0.2893476824270159,-0.03417598807053834,1.1631827098521204,1.1709448842324026,-0.007762174380282261,0.007762174380282261,False,False,,
M2:A1,eaaf60765ee8478f8e0bd4942571c6fb,26,ba7fb622e77447f6aa58ab1fff9ed0cf,0.2516575888578028,0.28495962885154924,-0.033302039993746424,1.1954248646389267,1.2300107452419002,-0.03458588060297352,0.03458588060297352,False,False,,
M2:A1,eaaf60765ee8478f8e0bd4942571c6fb,27,5087c0b3f84741178f42d668fbdf506f,0.24854950194793915,0.27862705198547666,-0.03007755003753751,1.2269782358582229,1.3051714513832735,-0.07819321552505065,0.07819321552505065,False,False,,
M2:A1,eaaf60765ee8478f8e0bd4942571c6fb,28,13055b928600455db08cf9ae57d8d4c7,0.24514983388685418,0.27263376036181824,-0.02748392647496406,1.2606782397590697,1.3806244209695064,-0.11994618121043676,0.11994618121043676,False,False,,
M2:A1,eaaf60765ee8478f8e0bd4942571c6fb,29,220b431fd37e436f98aa1c868eee5828,0.24976656439782693,0.2766056146897099,-0.026839050291882965,1.2133682478600494,1.3659225300052895,-0.15255428214524014,0.15255428214524014,False,False,,
M2:A1,eaaf60765ee8478f8e0bd4942571c6fb,30,4abbc508bffb4f9b957a8ad2457db2e2,0.2542634205060515,0.28180837227662925,-0.027544951770577752,1.1679705293439022,1.3442392855823118,-0.17626875623840954,0.17626875623840954,False,False,,
M2:A1,eaaf60765ee8478f8e0bd4942571c6fb,31,103914217786464998f1e48a2c20cef0,0.2588058500679004,0.2874030291744463,-0.02859717910654591,1.1230386326439532,1.3165436205605445,-0.19350498791659132,0.19350498791659132,False,False,,
M2:A1,eaaf60765ee8478f8e0bd4942571c6fb,32,9f35db3dd17c41e4875c2f54bd71fc29,0.26337711752908693,0.2917626091426861,-0.028385491613599156,1.0802295526226326,1.2991262081774952,-0.2188966555548626,0.2188966555548626,False,False,,
M2:A1,eaaf60765ee8478f8e0bd4942571c6fb,33,8da854b2bced46f7a59f39a4d42bbfd2,0.2687376381910159,0.29523996256158286,-0.026502324370566932,1.0357628080895793,1.2876250716030697,-0.2518622635134904,0.2518622635134904,False,False,,
M2:A1,eaaf60765ee8478f8e0bd4942571c6fb,34,1e46c82d6a804cf1aaa9d2d6b5b5ef27,0.2651095837229813,0.28860882488155465,-0.023499241158573325,1.0655100853192239,1.3624873364254328,-0.296977251106209,0.296977251106209,False,False,,
M2:A1,eaaf60765ee8478f8e0bd4942571c6fb,35,029f10e7436740a0a04feab4ab3aeddc,0.26159769809810646,0.2818919027065491,-0.020294204608442667,1.0966671443482987,1.4418377621034355,-0.3451706177551368,0.3451706177551368,False,False,,
M2:A1,eaaf60765ee8478f8e0bd4942571c6fb,36,d364275322c4483fbf86df22f0e7a315,0.2579113957724327,0.27435627017800857,-0.01644487440557585,1.1278233015520305,1.525356001360641,-0.3975326998086106,0.3975326998086106,False,False,,
M2:A1,eaaf60765ee8478f8e0bd4942571c6fb,37,c98b06812964464093b23c3734532d06,0.25347551489226233,0.2667569867077834,-0.013281471815521084,1.1602588676403658,1.6073301573365129,-0.44707128969614707,0.44707128969614707,False,False,,
M2:A1,eaaf60765ee8478f8e0bd4942571c6fb,38,12f431b160be4858a51cced6955c37bd,0.2629395582432925,0.27693041194996737,-0.013990853706674855,1.0683629675096458,1.528263063511085,-0.4599000960014392,0.4599000960014392,False,False,,
M2:A1,802bbdc22d21477f8803a39a5e7e98bf,0,69e5c0a974344a2b89e9e351a5b79461,0.9999999999999631,0.9999999999999631,0.0,0.0,0.0,0.0,0.0,False,False,,
M2:A1,802bbdc22d21477f8803a39a5e7e98bf,1,519f1a02f21d43699ca1ada7ffd38726,0.6148940058398288,0.6148940058398288,0.0,0.7602657430135493,0.7602657430135493,0.0,0.0,True,True,,
M2:A1,802bbdc22d21477f8803a39a5e7e98bf,2,c71884fb34d046258c12cf018513d8cc,0.6645599288882117,0.6743744386150199,-0.009814509726808196,0.5695267096833841,0.5555461292067184,0.013980580476665727,-0.013980580476665727,False,False,,
M2:A1,802bbdc22d21477f8803a39a5e7e98bf,3,ee7d01fd902d4185a54112e1f1210e41,0.7143380243381542,0.6958878943814868,0.018450129956667394,0.3952033519153505,0.476850750871764,-0.08164739895641349,0.08164739895641349,False,False,,
M2:A1,802bbdc22d21477f8803a39a5e7e98bf,4,df7d0426da5346deae21136ea3cba58b,0.7669634779212803,0.7664750889014968,0.0004883890197834306,0.2377791175231615,0.2738069755367439,-0.03602785801358238,0.03602785801358238,False,False,,
M2:A1,802bbdc22d21477f8803a39a5e7e98bf,5,ba7fb622e77447f6aa58ab1fff9ed0cf,0.7679346123826565,0.7778112951230115,-0.009876682740355025,0.18838714046794658,0.17480462057879761,0.013582519889148964,-0.013582519889148964,False,False,,
M2:A1,802bbdc22d21477f8803a39a5e7e98bf,6,5087c0b3f84741178f42d668fbdf506f,0.693893363756515,0.7824130756326795,-0.08851971187616448,0.2933925668464334,0.18558297849005728,0.10780958835637611,-0.10780958835637611,False,False,,
M2:A1,802bbdc22d21477f8803a39a5e7e98bf,7,13055b928600455db08cf9ae57d8d4c7,0.791346314205854,0.8599253877403631,-0.0685790735345091,0.2941114230736782,0.176700116891494,0.1174113061821842,-0.1174113061821842,False,False,,
M2:A1,ebb251e1e8b144c697dc28c22bb44b13,0,9f35db3dd17c41e4875c2f54bd71fc29,0.9999999999999625,0.9999999999999625,0.0,0.0,0.0,0.0,0.0,False,False,,
M2:A1,ebb251e1e8b144c697dc28c22bb44b13,1,8da854b2bced46f7a59f39a4d42bbfd2,0.8560194656719999,0.8560194656719999,0.0,0.14968299836667684,0.14968299836667684,0.0,0.0,True,True,,
M2:A1,ebb251e1e8b144c697dc28c22bb44b13,2,1e46c82d6a804cf1aaa9d2d6b5b5ef27,0.9227067545142791,0.9227067545142791,0.0,0.08670063436901676,0.08670063436901676,0.0,0.0,True,True,,
M2:A1,ebb251e1e8b144c697dc28c22bb44b13,3,029f10e7436740a0a04feab4ab3aeddc,0.738055049778422,0.7338392430865562,0.00421580669186572,0.28130374180442613,0.2806310888195951,0.0006726529848310459,-0.0006726529848310459,False,False,,
M2:A1,ebb251e1e8b144c697dc28c22bb44b13,4,d364275322c4483fbf86df22f0e7a315,0.6704345977112409,0.6324985747424724,0.037936022968768524,0.2551757905519644,0.29271320320320354,-0.037537412651239166,0.037537412651239166,False,False,,
M2:A1,ebb251e1e8b144c697dc28c22bb44b13,5,c98b06812964464093b23c3734532d06,0.5733492431549214,0.5469281796801966,0.026421063474724837,0.37164178508827345,0.39857356961401513,-0.026931784525741687,0.026931784525741687,False,False,,
M2:A1,c7bb896c68f748c9b735ca9df26435de,0,21912d2aad7f45c98a54fad3bbea311f,0.9999999999999651,0.9999999999999651,0.0,0.0,0.0,0.0,0.0,False,False,,
M2:A1,c7bb896c68f748c9b735ca9df26435de,1,c4a4d1b455434dba879d5dcd1cc378d6,0.6495082091852253,0.6464732587301417,0.003034950455083618,0.30936897023223514,0.30916727218884993,0.00020169804338521224,-0.00020169804338521224,False,False,,
M2:A1,c7bb896c68f748c9b735ca9df26435de,2,e3bdfba683484a1ea09b7bb86e6be648,0.603763656284615,0.5947896835511162,0.00897397273349887,0.40691748861701305,0.4030844393131872,0.0038330493038258306,-0.0038330493038258306,False,False,,
M2:A1,c7bb896c68f748c9b735ca9df26435de,3,e749c211df64486dafc86660a0b20eca,0.6707683017614051,0.5823938067557303,0.08837449500567485,0.3173627558603855,0.40932297362067943,-0.09196021776029395,0.09196021776029395,False,False,,
M2:A1,c7bb896c68f748c9b735ca9df26435de,4,ab1f5ba71a2f42c89efefcbc6dffcfb7,0.6579929596298674,0.5687369288464768,0.08925603078339062,0.3180996518156222,0.410838485905334,-0.09273883408971179,0.09273883408971179,False,False,,
M2:A1,377df4ee88ec46c9be892080557263f6,0,3e92d615685942dfab6edb5a0a7678e6,0.9999999999998641,0.9999999999998641,0.0,0.0,0.0,0.0,0.0,False,False,,
M2:A1,377df4ee88ec46c9be892080557263f6,1,5b954ca864914a37aaaf0879249ace6a,0.9841112214497183,0.9841112214497183,0.0,0.016000000000000014,0.016000000000000014,0.0,0.0,True,True,,
M2:A1,377df4ee88ec46c9be892080557263f6,2,9e10d5419ffa43ce9f70766b4a5a0292,0.9920239282152195,0.9920239282152195,0.0,0.008000000000000007,0.008000000000000007,0.0,0.0,True,True,,
M2:A1,377df4ee88ec46c9be892080557263f6,3,12c5d6c3dc424561b9192b76b45af6fd,0.9999999999998641,0.9999999999998641,0.0,0.0,0.0,0.0,0.0,True,True,,
M2:A1,377df4ee88ec46c9be892080557263f6,4,882819f68f5e4be698694e673c71c6ab,0.9511718749998737,0.9511718749998737,0.0,0.050000000000000044,0.050000000000000044,0.0,0.0,True,True,,
M2:A1,377df4ee88ec46c9be892080557263f6,5,f6bf5986ca8a49c082c0e4d892de767c,0.9363701899018396,0.9310667663835893,0.005303423518250305,0.06006597927686715,0.06689776327749025,-0.006831784000623099,0.006831784000623099,False,False,,
M2:A1,377df4ee88ec46c9be892080557263f6,6,69e5c0a974344a2b89e9e351a5b79461,0.956484419003558,0.9408553963860616,0.015629022617496324,0.05548309151056322,0.07141135629681146,-0.015928264786248238,0.015928264786248238,False,False,,
M2:A1,377df4ee88ec46c9be892080557263f6,7,519f1a02f21d43699ca1ada7ffd38726,0.9436018275873411,0.9649552631453145,-0.02135343555797342,0.07995971995211043,0.02452991330925705,0.05542980664285338,-0.05542980664285338,False,False,,
M2:A1,377df4ee88ec46c9be892080557263f6,8,c71884fb34d046258c12cf018513d8cc,0.9307121601221272,0.974971121729192,-0.04425896160706477,0.10115690693991443,0.02075335162377587,0.08040355531613856,-0.08040355531613856,False,False,,
M2:A1,377df4ee88ec46c9be892080557263f6,9,ee7d01fd902d4185a54112e1f1210e41,0.9274923483032075,0.9219426535808384,0.005549694722369103,0.1143269521189936,0.06016440126857004,0.05416255085042356,-0.05416255085042356,False,False,,
M2:A1,377df4ee88ec46c9be892080557263f6,10,df7d0426da5346deae21136ea3cba58b,0.8743748271867811,0.842462141315681,0.03191268587110008,0.1480444124586328,0.14284733150392467,0.005197080954708139,-0.005197080954708139,False,False,,
M2:A1,377df4ee88ec46c9be892080557263f6,11,ba7fb622e77447f6aa58ab1fff9ed0cf,0.9072815138668933,0.8959621156309806,0.011319398235912659,0.1453036943132686,0.08345596143630983,0.06184773287695876,-0.06184773287695876,False,False,,
M2:A1,377df4ee88ec46c9be892080557263f6,12,5087c0b3f84741178f42d668fbdf506f,0.7767164978294492,0.7787785343243196,-0.0020620364948704673,0.24072817301434762,0.21449155077035795,0.026236622243989677,-0.026236622243989677,False,False,,
M2:A1,377df4ee88ec46c9be892080557263f6,13,13055b928600455db08cf9ae57d8d4c7,0.8885859338073665,0.8775657423735919,0.01102019143377464,0.1728619798383618,0.11872833069452378,0.05413364914383802,-0.05413364914383802,False,False,,
M2:A1,377df4ee88ec46c9be892080557263f6,14,220b431fd37e436f98aa1c868eee5828,0.7616978726305529,0.751715292836298,0.009982579794254876,0.2630758103967893,0.24695469810307047,0.01612111229371882,-0.01612111229371882,False,False,,
M2:A1,377df4ee88ec46c9be892080557263f6,15,4abbc508bffb4f9b957a8ad2457db2e2,0.70077376469792,0.6849656792895991,0.015808085408320904,0.32927991242591165,0.3324291575712793,-0.0031492451453676296,0.0031492451453676296,False,False,,
M2:A1,377df4ee88ec46c9be892080557263f6,16,103914217786464998f1e48a2c20cef0,0.6947895616282069,0.6741395117168835,0.020650049911323465,0.3350895411781344,0.3437346489304392,-0.008645107752304815,0.008645107752304815,False,False,,
M2:A1,377df4ee88ec46c9be892080557263f6,17,9f35db3dd17c41e4875c2f54bd71fc29,0.654843679002984,0.6325778802739522,0.022265798729031783,0.3857667080156702,0.3996226326501342,-0.013855924634464,0.013855924634464,False,False,,
M2:A1,377df4ee88ec46c9be892080557263f6,18,8da854b2bced46f7a59f39a4d42bbfd2,0.650577392035551,0.6414693068558474,0.009108085179703629,0.39096181056787993,0.3842847285018853,0.006677082065994655,-0.006677082065994655,False,False,,
M2:A1,377df4ee88ec46c9be892080557263f6,19,1e46c82d6a804cf1aaa9d2d6b5b5ef27,0.6140734234037024,0.6192776047860625,-0.005204181382360118,0.44209065236042033,0.4133146451623144,0.028776007198105913,-0.028776007198105913,False,False,,
M2:A1,377df4ee88ec46c9be892080557263f6,20,029f10e7436740a0a04feab4ab3aeddc,0.5818690046205286,0.5934324198847489,-0.011563415264220334,0.4837694928413113,0.44939176265723385,0.03437773018407747,-0.03437773018407747,False,False,,
M2:A1,377df4ee88ec46c9be892080557263f6,21,d364275322c4483fbf86df22f0e7a315,0.5523968343831044,0.5700657924602162,-0.017668958077111774,0.5243202672968033,0.48243553737723616,0.0418847299195671,-0.0418847299195671,False,False,,
M2:A1,377df4ee88ec46c9be892080557263f6,22,c98b06812964464093b23c3734532d06,0.5237124686112838,0.5418018581873447,-0.018089389576060877,0.5656305680354875,0.5259781443593728,0.039652423676114656,-0.039652423676114656,False,False,,
M2:A1,377df4ee88ec46c9be892080557263f6,23,12f431b160be4858a51cced6955c37bd,0.4964633882742266,0.5204977511559726,-0.02403436288174604,0.6077403118405158,0.5583943619309873,0.04934594990952845,-0.04934594990952845,False,False,,
M2:A1,749bf5675a3d435a987f0b8582e93509,0,12f431b160be4858a51cced6955c37bd,0.999999999999955,0.999999999999955,0.0,0.0,0.0,0.0,0.0,False,False,,
M2:A1,9c5151b34911482f8155ab55c3f5d32f,0,53121f39e1a0434d8431777a05de3eec,0.9999999999999899,0.9999999999999899,0.0,0.0,0.0,0.0,0.0,False,False,,
M2:A1,9c5151b34911482f8155ab55c3f5d32f,1,872aeb79742f4cd5b6e069c36b007ace,0.1387678088961536,0.13641314717458877,0.002354661721564816,3.679138017483924,3.7031911269212814,-0.02405310943735728,0.02405310943735728,False,False,,
M2:A1,9c5151b34911482f8155ab55c3f5d32f,2,d2e315d29ed4468f802bf6ccfdbe6852,0.0,0.0,0.0,8.240727719195903,8.299372451548678,-0.05864473235277501,0.05864473235277501,False,False,,
M2:A1,9c5151b34911482f8155ab55c3f5d32f,3,79a411ec3dc943bf94886ad9e539481d,0.0,0.0,0.0,12.81357327928131,12.922364553437827,-0.10879127415651624,0.10879127415651624,False,False,,
M2:A1,9c5151b34911482f8155ab55c3f5d32f,4,9181fe90f31b4740b36969e383506d40,0.0,0.0,0.0,17.326909771668838,17.48292028473803,-0.1560105130691909,0.1560105130691909,False,False,,
M2:A1,9c5151b34911482f8155ab55c3f5d32f,5,139d5e756c1f461ba1f0c6ec46968e43,0.0,0.0,0.0,22.233540346016092,22.443389392878338,-0.2098490468622458,0.2098490468622458,False,False,,
M2:A1,9c5151b34911482f8155ab55c3f5d32f,6,21912d2aad7f45c98a54fad3bbea311f,0.0,0.0,0.0,27.01726705083297,27.288356417053038,-0.2710893662200675,0.2710893662200675,False,False,,
M2:A1,9c5151b34911482f8155ab55c3f5d32f,7,c4a4d1b455434dba879d5dcd1cc378d6,0.0,0.0,0.0,31.95786040167385,32.27592600721457,-0.3180656055407205,0.3180656055407205,False,False,,
M2:A1,9c5151b34911482f8155ab55c3f5d32f,8,e3bdfba683484a1ea09b7bb86e6be648,0.0,0.0,0.0,36.8587519186139,37.22137289363721,-0.3626209750233116,0.3626209750233116,False,False,,
M2:A1,9c5151b34911482f8155ab55c3f5d32f,9,e749c211df64486dafc86660a0b20eca,0.0,0.0,0.0,41.95774450923444,42.35866260425173,-0.40091809501728903,0.40091809501728903,False,False,,
M2:A1,9c5151b34911482f8155ab55c3f5d32f,10,ab1f5ba71a2f42c89efefcbc6dffcfb7,0.0,0.0,0.0,47.47735350614958,47.91531202403147,-0.43795851788188855,0.43795851788188855,False,False,,
M2:A1,8096b5ad8e334c2eabffca9cf3bbf08a,0,fdddd75ee1d94f14a09991988dab8b3e,0.9999999999999476,0.9999999999999476,0.0,0.0,0.0,0.0,0.0,False,False,,
M2:A1,8096b5ad8e334c2eabffca9cf3bbf08a,1,53121f39e1a0434d8431777a05de3eec,0.7284484091407967,0.7379014927083538,-0.009453083567557141,0.39162853787313084,0.2768162832677465,0.11481225460538436,-0.11481225460538436,False,False,,
M2:A1,8096b5ad8e334c2eabffca9cf3bbf08a,2,872aeb79742f4cd5b6e069c36b007ace,0.5068944705263464,0.5423831559197045,-0.035488685393358144,0.7043612542789391,0.6080594921938202,0.09630176208511898,-0.09630176208511898,False,False,,
M2:A1,8096b5ad8e334c2eabffca9cf3bbf08a,3,d2e315d29ed4468f802bf6ccfdbe6852,0.4074511638174885,0.4546430011878187,-0.04719183737033017,0.8620522119937752,0.6776885640005093,0.184363647993266,-0.184363647993266,False,False,,
M2:A1,3620feb00d744241a94855f3a8913a78,0,79a411ec3dc943bf94886ad9e539481d,0.999999999999944,0.999999999999944,0.0,0.0,0.0,0.0,0.0,False,False,,
M2:A1,3620feb00d744241a94855f3a8913a78,1,9181fe90f31b4740b36969e383506d40,0.8559305245308029,0.869183742336272,-0.013253217805469175,0.09862814056710359,0.08884029937606355,0.009787841191040036,-0.009787841191040036,False,False,,
M2:A1,3620feb00d744241a94855f3a8913a78,2,139d5e756c1f461ba1f0c6ec46968e43,0.6799763282892355,0.6780256636519736,0.0019506646372619008,0.2737895870520444,0.278801229673272,-0.005011642621227552,0.005011642621227552,False,False,,
M2:A1,3620feb00d744241a94855f3a8913a78,3,21912d2aad7f45c98a54fad3bbea311f,0.5185704638344382,0.5200646607620663,-0.0014941969276280886,0.4608922630731191,0.45968332256665045,0.0012089405064686365,-0.0012089405064686365,False,False,,
M2:A1,3620feb00d744241a94855f3a8913a78,4,c4a4d1b455434dba879d5dcd1cc378d6,0.5309340470306575,0.49062576619688436,0.040308280833773136,0.4583271855968862,0.5055355506758373,-0.04720836507895115,0.04720836507895115,False,False,,
M2:A1,3620feb00d744241a94855f3a8913a78,5,e3bdfba683484a1ea09b7bb86e6be648,0.5291552498968438,0.46526965021419364,0.06388559968265017,0.4566230088863199,0.5787110982437523,-0.12208808935743243,0.12208808935743243,False,False,,
M2:A1,3620feb00d744241a94855f3a8913a78,6,e749c211df64486dafc86660a0b20eca,0.5000647334469636,0.4368672748326777,0.06319745861428588,0.48627282320692655,0.6263315091214149,-0.14005868591448833,0.14005868591448833,False,False,,
M2:A1,3620feb00d744241a94855f3a8913a78,7,ab1f5ba71a2f42c89efefcbc6dffcfb7,0.49140133387852564,0.4331253163787376,0.05827601749978806,0.505873664982174,0.6762116610236028,-0.17033799604142874,0.17033799604142874,False,False,,
M2:A1,3620feb00d744241a94855f3a8913a78,8,c502570cba9749f7bd89494803a52c02,0.4765835614591621,0.41525451017186876,0.061329051287293324,0.5401897162770738,0.7550869592042135,-0.21489724292713974,0.21489724292713974,False,False,,
M2:A1,3620feb00d744241a94855f3a8913a78,9,274b134fb2324486ae253eb6e24f900d,0.46374706104397484,0.39964210834604935,0.06410495269792549,0.5761934977479702,0.8524470012178736,-0.2762535034699034,0.2762535034699034,False,False,,
M2:A1,3620feb00d744241a94855f3a8913a78,10,a977b0e797694036a9c40ab80f9d0ebc,0.4507176515510254,0.3861069206285615,0.06461073092246389,0.6151590106392762,0.9264569638981479,-0.31129795325887166,0.31129795325887166,False,False,,
M2:A1,3620feb00d744241a94855f3a8913a78,11,bfbb3ba599ea450181210aa6000bad7f,0.432187503240261,0.36372506894272444,0.06846243429753657,0.6374209437993483,0.9863652157758624,-0.3489442719765141,0.3489442719765141,False,False,,
M2:A1,3620feb00d744241a94855f3a8913a78,12,3e92d615685942dfab6edb5a0a7678e6,0.44456448269969595,0.3722507525115013,0.07231373018819465,0.6027703292757832,0.9603550944138728,-0.35758476513808957,0.35758476513808957,False,False,,
M2:A1,3620feb00d744241a94855f3a8913a78,13,5b954ca864914a37aaaf0879249ace6a,0.45747727193070975,0.3755211955251586,0.08195607640555114,0.5706339456636828,0.9746123573933505,-0.40397841172966775,0.40397841172966775,False,False,,
M2:A1,3620feb00d744241a94855f3a8913a78,14,9e10d5419ffa43ce9f70766b4a5a0292,0.5219993180185575,0.41836310805760807,0.10363620996094941,0.4719646675937507,0.9392591641422862,-0.46729449654853544,0.46729449654853544,False,False,,
M2:A1,3620feb00d744241a94855f3a8913a78,15,12c5d6c3dc424561b9192b76b45af6fd,0.5074125302215882,0.403973231098234,0.10343929912335414,0.4906891463873849,0.981095044773129,-0.4904058983857441,0.4904058983857441,False,False,,
M2:A1,3620feb00d744241a94855f3a8913a78,16,882819f68f5e4be698694e673c71c6ab,0.49331210635902395,0.39357305540809345,0.0997390509509305,0.5089150332447303,1.0213431059174243,-0.512428072672694,0.512428072672694,False,False,,
M2:A1,3620feb00d744241a94855f3a8913a78,17,f6bf5986ca8a49c082c0e4d892de767c,0.48086884452211365,0.38033078206289933,0.10053806245921432,0.524155035148512,1.057440729088909,-0.5332856939403969,0.5332856939403969,False,False,,
M2:A1,3620feb00d744241a94855f3a8913a78,18,69e5c0a974344a2b89e9e351a5b79461,0.4671967131110539,0.37434779244490735,0.09284892066614653,0.5426048280709259,1.0905325218958832,-0.5479276938249573,0.5479276938249573,False,False,,
M2:A1,3620feb00d744241a94855f3a8913a78,19,519f1a02f21d43699ca1ada7ffd38726,0.4623769553102422,0.37282196397394496,0.08955499133629724,0.5603657907397576,1.1609313170486237,-0.6005655263088662,0.6005655263088662,False,False,,
M2:A1,3620feb00d744241a94855f3a8913a78,20,c71884fb34d046258c12cf018513d8cc,0.45748311477627696,0.37121695286621814,0.08626616191005881,0.5816557896887867,1.2338428289661778,-0.6521870392773911,0.6521870392773911,False,False,,
M2:A1,3620feb00d744241a94855f3a8913a78,21,ee7d01fd902d4185a54112e1f1210e41,0.4524818733241787,0.3651559226444026,0.08732595067977611,0.60645626210683,1.317279652063183,-0.7108233899563531,0.7108233899563531,False,False,,
M2:A1,3620feb00d744241a94855f3a8913a78,22,df7d0426da5346deae21136ea3cba58b,0.4476306219151712,0.3581865813383444,0.08944404057682681,0.6330460827657082,1.4033228932133042,-0.770276810447596,0.770276810447596,False,False,,
M2:A1,3620feb00d744241a94855f3a8913a78,23,ba7fb622e77447f6aa58ab1fff9ed0cf,0.44298073873044536,0.3506879060091616,0.09229283272128375,0.6607339917956883,1.4858401538667898,-0.8251061620711015,0.8251061620711015,False,False,,
M2:A1,3620feb00d744241a94855f3a8913a78,24,5087c0b3f84741178f42d668fbdf506f,0.45402967206249006,0.35843888459037004,0.09559078747212002,0.6254146169222158,1.4645485061722652,-0.8391338892500494,0.8391338892500494,False,False,,
M2:A1,3620feb00d744241a94855f3a8913a78,25,13055b928600455db08cf9ae57d8d4c7,0.47345844833759293,0.36957319366228947,0.10388525467530346,0.6129162875649944,1.4861220619061979,-0.8732057743412035,0.8732057743412035,False,False,,
M2:A1,3620feb00d744241a94855f3a8913a78,26,220b431fd37e436f98aa1c868eee5828,0.49348273705983825,0.3810870776566379,0.11239565940320034,0.6026462213888404,1.506595350291614,-0.9039491289027737,0.9039491289027737,False,False,,
M2:A1,3620feb00d744241a94855f3a8913a78,27,4abbc508bffb4f9b957a8ad2457db2e2,0.5136552203279373,0.3908462677799173,0.12280895254801999,0.5950451491683547,1.538770583176549,-0.9437254340081943,0.9437254340081943,False,False,,
M2:A1,3620feb00d744241a94855f3a8913a78,28,103914217786464998f1e48a2c20cef0,0.5151837677750294,0.38682685086862834,0.12835691690640105,0.5973054431773365,1.5592854260209954,-0.9619799828436589,0.9619799828436589,False,False,,
M2:A1,3620feb00d744241a94855f3a8913a78,29,9f35db3dd17c41e4875c2f54bd71fc29,0.5911424057636696,0.3802021755386491,0.2109402302250205,0.5074048411884046,1.5937079429970362,-1.0863031018086318,1.0863031018086318,False,False,,
M2:A1,3620feb00d744241a94855f3a8913a78,30,8da854b2bced46f7a59f39a4d42bbfd2,0.5879539201440424,0.3741028936434343,0.21385102650060805,0.5116714860236009,1.6316346023345392,-1.1199631163109383,1.1199631163109383,False,False,,
M2:A1,3620feb00d744241a94855f3a8913a78,31,1e46c82d6a804cf1aaa9d2d6b5b5ef27,0.5782097705941812,0.3654448376860192,0.212764932908162,0.5372259564070795,1.6814847446905101,-1.1442587882834307,1.1442587882834307,False,False,,
M2:A1,3620feb00d744241a94855f3a8913a78,32,029f10e7436740a0a04feab4ab3aeddc,0.7027751425797639,0.3550981304440268,0.3476770121357371,0.4345371330958981,1.735566389868552,-1.301029256772654,1.301029256772654,False,False,,
M2:A1,3620feb00d744241a94855f3a8913a78,33,d364275322c4483fbf86df22f0e7a315,0.7029002689878356,0.3404286879287554,0.36247158105908023,0.4344593533955859,1.7767967431226752,-1.3423373897270894,1.3423373897270894,False,False,,
M2:A1,3620feb00d744241a94855f3a8913a78,34,c98b06812964464093b23c3734532d06,0.7365377688756897,0.3497670856360583,0.3867706832396314,0.33146370976357314,1.7199558699105253,-1.3884921601469522,1.3884921601469522,False,False,,
M2:A1,f1335e8d0b7c40988d9ab522b5993d3d,0,21912d2aad7f45c98a54fad3bbea311f,1.0000000000000242,1.0000000000000242,0.0,0.0,0.0,0.0,0.0,False,False,,
M2:A1,f1335e8d0b7c40988d9ab522b5993d3d,1,c4a4d1b455434dba879d5dcd1cc378d6,0.8042031714217454,0.7900126079072022,0.014190563514543175,0.18050109883866142,0.18842576040283895,-0.007924661564177538,0.007924661564177538,False,False,,
M2:A1,f1335e8d0b7c40988d9ab522b5993d3d,2,e3bdfba683484a1ea09b7bb86e6be648,0.6480121596322421,0.6187726863962887,0.02923947323595344,0.3627132814362169,0.3934737980102716,-0.030760516574054708,0.030760516574054708,False,False,,
M2:A1,f1335e8d0b7c40988d9ab522b5993d3d,3,e749c211df64486dafc86660a0b20eca,0.6461355209804321,0.6084396372730251,0.03769588370740706,0.3622146863392187,0.412052008231702,-0.0498373218924833,0.0498373218924833,False,False,,
M2:A1,6346de1c47584b34833d6df500d2ed6c,0,c502570cba9749f7bd89494803a52c02,0.9999999999998533,0.9999999999998533,0.0,0.0,0.0,0.0,0.0,False,False,,
M2:A1,6346de1c47584b34833d6df500d2ed6c,1,274b134fb2324486ae253eb6e24f900d,0.9716016184993201,0.9584087267088104,0.013192891790509753,0.042835571817440556,0.028396636113672546,0.014438935703768009,-0.014438935703768009,False,False,,
M2:A1,6346de1c47584b34833d6df500d2ed6c,2,a977b0e797694036a9c40ab80f9d0ebc,0.9450331956383091,0.9187301500536588,0.026303045584650353,0.08328565586913378,0.0695694509839309,0.013716204885202879,-0.013716204885202879,False,False,,
M2:A1,6346de1c47584b34833d6df500d2ed6c,3,bfbb3ba599ea450181210aa6000bad7f,0.9764140453154918,0.8533667748481344,0.12304727046735742,0.015766295472050766,0.19017055557494086,-0.1744042601028901,0.1744042601028901,False,False,,
M2:A1,6346de1c47584b34833d6df500d2ed6c,4,3e92d615685942dfab6edb5a0a7678e6,0.953211680666472,0.8332403419826229,0.11997133868384913,0.03913613068202741,0.2004783147328487,-0.1613421840508213,0.1613421840508213,False,False,,
M2:A1,6346de1c47584b34833d6df500d2ed6c,5,5b954ca864914a37aaaf0879249ace6a,0.9315360621437032,0.820767508178356,0.11076855396534724,0.06684798062894588,0.21006450176675964,-0.14321652113781375,0.14321652113781375,False,False,,
M2:A1,6346de1c47584b34833d6df500d2ed6c,6,9e10d5419ffa43ce9f70766b4a5a0292,0.914714625394552,0.8091000633187948,0.10561456207575715,0.0861927176633005,0.22836913833943395,-0.14217642067613345,0.14217642067613345,False,False,,
M2:A1,6346de1c47584b34833d6df500d2ed6c,7,12c5d6c3dc424561b9192b76b45af6fd,0.8994072151821223,0.7978983261273452,0.10150888905477706,0.10342852423432679,0.2512163211519721,-0.14778779691764532,0.14778779691764532,False,False,,
M2:A1,6346de1c47584b34833d6df500d2ed6c,8,882819f68f5e4be698694e673c71c6ab,0.8099153960497737,0.724147874218091,0.08576752183168268,0.15282435711597628,0.30307628990948593,-0.15025193279350965,0.15025193279350965,False,False,,
M2:A1,6346de1c47584b34833d6df500d2ed6c,9,f6bf5986ca8a49c082c0e4d892de767c,0.7547899644342498,0.6880267566248787,0.06676320780937117,0.19841162065160503,0.3219915311376446,-0.12357991048603958,0.12357991048603958,False,False,,
M2:A1,6346de1c47584b34833d6df500d2ed6c,10,69e5c0a974344a2b89e9e351a5b79461,0.7032260301646761,0.6456588113740837,0.057567218790592456,0.2503696191729783,0.3685273246461077,-0.11815770547312943,0.11815770547312943,False,False,,
M2:A1,6346de1c47584b34833d6df500d2ed6c,11,519f1a02f21d43699ca1ada7ffd38726,0.6560287600468468,0.6070109998407077,0.04901776020613913,0.3048650187007365,0.4164720445529928,-0.11160702585225629,0.11160702585225629,False,False,,
M2:A1,6346de1c47584b34833d6df500d2ed6c,12,c71884fb34d046258c12cf018513d8cc,0.6112866196894796,0.5655845915054812,0.04570202818399838,0.3612209440089218,0.46908778725036804,-0.10786684324144624,0.10786684324144624,False,False,,
M2:A1,6346de1c47584b34833d6df500d2ed6c,13,ee7d01fd902d4185a54112e1f1210e41,0.5979605839710459,0.571526186474716,0.02643439749632992,0.3899206845397352,0.4579054521385564,-0.06798476759882116,0.06798476759882116,False,False,,
M2:A1,6346de1c47584b34833d6df500d2ed6c,14,df7d0426da5346deae21136ea3cba58b,0.5804510953088802,0.5543446919309059,0.02610640337797432,0.4345132738791241,0.4878141786461321,-0.053300904767007995,0.053300904767007995,False,False,,
M2:A1,6346de1c47584b34833d6df500d2ed6c,15,ba7fb622e77447f6aa58ab1fff9ed0cf,0.5633078786620421,0.5764830758223004,-0.013175197160258278,0.4813710293983335,0.41780091326516644,0.06357011613316704,-0.06357011613316704,False,False,,
M2:A1,6346de1c47584b34833d6df500d2ed6c,16,5087c0b3f84741178f42d668fbdf506f,0.629230748217919,0.5718335897586515,0.05739715845926752,0.3922466226758332,0.4242942613623353,-0.03204763868650207,0.03204763868650207,False,False,,
M2:A1,6346de1c47584b34833d6df500d2ed6c,17,13055b928600455db08cf9ae57d8d4c7,0.7178316920210452,0.5657585286435991,0.15207316337744614,0.297795868212301,0.4383382515433131,-0.1405423833310121,0.1405423833310121,False,False,,
M2:A1,6346de1c47584b34833d6df500d2ed6c,18,220b431fd37e436f98aa1c868eee5828,0.686901638011704,0.5455694223341122,0.1413322156775918,0.35871152809629914,0.5197388407722002,-0.1610273126759011,0.1610273126759011,False,False,,
M2:A1,6346de1c47584b34833d6df500d2ed6c,19,4abbc508bffb4f9b957a8ad2457db2e2,0.6547976800585505,0.5446766929386877,0.11012098711986285,0.4758677481883741,0.512240288824244,-0.03637254063586992,0.03637254063586992,False,False,,
M2:A1,6346de1c47584b34833d6df500d2ed6c,20,103914217786464998f1e48a2c20cef0,0.6416755346975925,0.5425283366122788,0.09914719808531369,0.5197354636589532,0.5066152309005969,0.013120232758356276,-0.013120232758356276,False,False,,
M2:A1,6346de1c47584b34833d6df500d2ed6c,21,9f35db3dd17c41e4875c2f54bd71fc29,0.6215900594237842,0.5532252723239653,0.06836478709981886,0.5591011388686029,0.5031233274239434,0.05597781144465952,-0.05597781144465952,False,False,,
M2:A1,6346de1c47584b34833d6df500d2ed6c,22,8da854b2bced46f7a59f39a4d42bbfd2,0.5621993436021029,0.6028926994414494,-0.04069335583934652,0.5858730648731416,0.4834431518251491,0.10242991304799254,-0.10242991304799254,False,False,,
M2:A1,6346de1c47584b34833d6df500d2ed6c,23,1e46c82d6a804cf1aaa9d2d6b5b5ef27,0.6117532331451763,0.596746329590638,0.015006903554538265,0.6039155984880611,0.4616911989728072,0.1422243995152539,-0.1422243995152539,False,False,,
M2:A1,db7d65690f2e412e887468596e2ddabf,0,9e10d5419ffa43ce9f70766b4a5a0292,1.0000000000001728,1.0000000000001728,0.0,0.0,0.0,0.0,0.0,False,False,,
M2:A1,db7d65690f2e412e887468596e2ddabf,1,12c5d6c3dc424561b9192b76b45af6fd,0.9850168379728217,0.9547701455069996,0.030246692465822123,0.011823267905447781,0.07851504598587415,-0.06669177808042637,0.06669177808042637,False,False,,
M2:A1,db7d65690f2e412e887468596e2ddabf,2,882819f68f5e4be698694e673c71c6ab,0.9727021017078962,0.9259530231757563,0.04674907853213983,0.02314004786715766,0.13846768081264899,-0.11532763294549132,0.11532763294549132,False,False,,
M2:A1,db7d65690f2e412e887468596e2ddabf,3,f6bf5986ca8a49c082c0e4d892de767c,0.9599026899460661,0.894348770822356,0.06555391912371011,0.035227729922251094,0.2025372477948281,-0.167309517872577,0.167309517872577,False,False,,
M2:A1,db7d65690f2e412e887468596e2ddabf,4,69e5c0a974344a2b89e9e351a5b79461,0.9417924213438376,0.8632067548663291,0.07858566647750842,0.044942910046453254,0.2757117622963141,-0.23076885224986085,0.23076885224986085,False,False,,
M2:A1,db7d65690f2e412e887468596e2ddabf,5,519f1a02f21d43699ca1ada7ffd38726,0.784520224315012,0.806860339909578,-0.022340115594565946,0.3561586680303622,0.33645798777940056,0.019700680250961666,-0.019700680250961666,False,False,,
M2:A1,db7d65690f2e412e887468596e2ddabf,6,c71884fb34d046258c12cf018513d8cc,0.6672378239568975,0.2333133326227432,0.4339244913341542,0.5829351964050313,2.6483844510349437,-2.0654492546299124,2.0654492546299124,False,False,,
M2:A1,db7d65690f2e412e887468596e2ddabf,7,ee7d01fd902d4185a54112e1f1210e41,0.6017014139803201,0.23680465622548147,0.3648967577548386,0.6089497882177213,2.583800563086699,-1.9748507748689779,1.9748507748689779,False,False,,
M2:A1,db7d65690f2e412e887468596e2ddabf,8,df7d0426da5346deae21136ea3cba58b,0.5713348623723411,0.24455231997831292,0.32678254239402815,0.6310912122552198,2.528663159179813,-1.8975719469245935,1.8975719469245935,False,False,,
M2:A1,db7d65690f2e412e887468596e2ddabf,9,ba7fb622e77447f6aa58ab1fff9ed0cf,0.5655262150793677,0.2524748300892617,0.31305138499010604,0.6422317268884626,2.4820156045732564,-1.839783877684794,1.839783877684794,False,False,,
M2:A1,db7d65690f2e412e887468596e2ddabf,10,5087c0b3f84741178f42d668fbdf506f,0.5065967805842221,0.24675019794415728,0.25984658264006477,0.6804054568766424,2.3880086422788946,-1.7076031854022522,1.7076031854022522,False,False,,
M2:A1,db7d65690f2e412e887468596e2ddabf,11,13055b928600455db08cf9ae57d8d4c7,0.503976479849638,0.2593132285989263,0.2446632512507117,0.6896266650296737,2.2694109057955814,-1.5797842407659077,1.5797842407659077,False,False,,
M2:A1,db7d65690f2e412e887468596e2ddabf,12,220b431fd37e436f98aa1c868eee5828,0.4906071757225127,0.2657519654688519,0.22485521025366084,0.7067340458076418,2.160001202795138,-1.4532671569874962,1.4532671569874962,False,False,,
M2:A1,db7d65690f2e412e887468596e2ddabf,13,4abbc508bffb4f9b957a8ad2457db2e2,0.4535187214849834,0.2562433053089161,0.1972754161760673,0.7475935961946817,2.108985079170158,-1.3613914829754763,1.3613914829754763,False,False,,
M2:A1,db7d65690f2e412e887468596e2ddabf,14,103914217786464998f1e48a2c20cef0,0.43291445064799955,0.24915396211108876,0.1837604885369108,0.7688671509565421,2.0703714093466696,-1.3015042583901275,1.3015042583901275,False,False,,
M2:A1,db7d65690f2e412e887468596e2ddabf,15,9f35db3dd17c41e4875c2f54bd71fc29,0.41269876722865806,0.2407231264710608,0.17197564075759725,0.7925434452223691,2.0449052268406875,-1.2523617816183186,1.2523617816183186,False,False,,
M2:A1,db7d65690f2e412e887468596e2ddabf,16,8da854b2bced46f7a59f39a4d42bbfd2,0.39289864447572503,0.2336253801479317,0.15927326432779335,0.8193316914238298,2.0103196530217633,-1.1909879615979335,1.1909879615979335,False,False,,
M2:A1,db7d65690f2e412e887468596e2ddabf,17,1e46c82d6a804cf1aaa9d2d6b5b5ef27,0.4020991631942198,0.2418798165721123,0.1602193466221075,0.8122662997733003,1.9611366842407358,-1.1488703844674355,1.1488703844674355,False,False,,
M2:A1,db7d65690f2e412e887468596e2ddabf,18,029f10e7436740a0a04feab4ab3aeddc,0.4123422044231323,0.25004812801875254,0.16229407640437976,0.8028355773022674,1.9268571518213125,-1.1240215745190452,1.1240215745190452,False,False,,
M2:A1,db7d65690f2e412e887468596e2ddabf,19,d364275322c4483fbf86df22f0e7a315,0.4017195782531595,0.2583300274670088,0.14338955078615073,0.8474280013514732,1.8353948076032431,-0.9879668062517699,0.9879668062517699,False,False,,
M2:A1,db7d65690f2e412e887468596e2ddabf,20,c98b06812964464093b23c3734532d06,0.39260770655807453,0.26473391662737855,0.12787378993069598,0.8814488741819139,1.7487622851095284,-0.8673134109276145,0.8673134109276145,False,False,,
M2:A1,db7d65690f2e412e887468596e2ddabf,21,12f431b160be4858a51cced6955c37bd,0.38383908275522094,0.27117535665224934,0.1126637261029716,0.9181890257966228,1.6628144835047758,-0.744625457708153,0.744625457708153,False,False,,
M2:A1,0bfc7d407d09490cba7ac57897fcb100,0,274b134fb2324486ae253eb6e24f900d,1.0000000000000284,1.0000000000000284,0.0,0.0,0.0,0.0,0.0,False,False,,
M2:A1,0bfc7d407d09490cba7ac57897fcb100,1,a977b0e797694036a9c40ab80f9d0ebc,0.9935233366726715,0.956286116654565,0.037237220018106476,0.0058565369283451905,0.06791833680653282,-0.062061799878187635,0.062061799878187635,False,False,,
M2:A1,0bfc7d407d09490cba7ac57897fcb100,2,bfbb3ba599ea450181210aa6000bad7f,0.986731266054289,0.9202286803284593,0.06650258572582968,0.01051960029830149,0.123229576587875,-0.11270997628957352,0.11270997628957352,False,False,,
M2:A1,0bfc7d407d09490cba7ac57897fcb100,3,3e92d615685942dfab6edb5a0a7678e6,0.8596730635746395,0.8520186010998273,0.007654462474812163,0.11039866795153941,0.12514030370637172,-0.01474163575483231,0.01474163575483231,False,False,,
M2:A1,0bfc7d407d09490cba7ac57897fcb100,4,5b954ca864914a37aaaf0879249ace6a,0.866151502716247,0.9653676403856086,-0.09921613766936166,0.14205965882841298,0.019422447062882982,0.12263721176553,-0.12263721176553,False,False,,
M2:A1,0bfc7d407d09490cba7ac57897fcb100,5,9e10d5419ffa43ce9f70766b4a5a0292,0.768950821240841,0.8872355834945503,-0.11828476225370932,0.3308842265010098,0.15538216357575374,0.17550206292525605,-0.17550206292525605,False,False,,
M2:A1,0bfc7d407d09490cba7ac57897fcb100,6,12c5d6c3dc424561b9192b76b45af6fd,0.7772030795863805,0.8043982685634118,-0.027195188977031326,0.32091017877487854,0.15228220226285868,0.16862797651201986,-0.16862797651201986,False,False,,
M2:A1,0bfc7d407d09490cba7ac57897fcb100,7,882819f68f5e4be698694e673c71c6ab,0.817736300470904,0.8596458245607564,-0.04190952408985249,0.3144789941998116,0.09953639569696424,0.2149425985028474,-0.2149425985028474,False,False,,
M2:A1,0bfc7d407d09490cba7ac57897fcb100,8,f6bf5986ca8a49c082c0e4d892de767c,0.7453159041534291,0.7662501362700782,-0.020934232116649132,0.32575859029471615,0.18088879575010147,0.14486979454461468,-0.14486979454461468,False,False,,
M2:A1,0bfc7d407d09490cba7ac57897fcb100,9,69e5c0a974344a2b89e9e351a5b79461,0.7470180366139214,0.7730931722345514,-0.02607513562063002,0.33225933541094194,0.17482094091162026,0.15743839449932168,-0.15743839449932168,False,False,,
M2:A1,0bfc7d407d09490cba7ac57897fcb100,10,519f1a02f21d43699ca1ada7ffd38726,0.7452812162971987,0.7295499648849081,0.015731251412290592,0.34660546028341105,0.20782241181270028,0.13878304847071077,-0.13878304847071077,False,False,,
M2:A1,0bfc7d407d09490cba7ac57897fcb100,11,c71884fb34d046258c12cf018513d8cc,0.7468385448186803,0.734696045833688,0.012142498984992312,0.35326376760651745,0.20230320627397272,0.15096056133254473,-0.15096056133254473,False,False,,
M2:A1,0bfc7d407d09490cba7ac57897fcb100,12,ee7d01fd902d4185a54112e1f1210e41,0.7465426624044779,0.6957228544999405,0.05081980790453733,0.36423624908100255,0.23724198268783264,0.1269942663931699,-0.1269942663931699,False,False,,
M2:A1,0bfc7d407d09490cba7ac57897fcb100,13,df7d0426da5346deae21136ea3cba58b,0.7510264405158001,0.6796004432941644,0.07142599722163578,0.3576355754413636,0.24670510092566603,0.11093047451569757,-0.11093047451569757,False,False,,
M2:A1,0bfc7d407d09490cba7ac57897fcb100,14,ba7fb622e77447f6aa58ab1fff9ed0cf,0.7600699167958127,0.689570380756778,0.0704995360390347,0.3600648065937188,0.24513540192625574,0.11492940466746307,-0.11492940466746307,False,False,,
M2:A1,0bfc7d407d09490cba7ac57897fcb100,15,5087c0b3f84741178f42d668fbdf506f,0.7383128488624349,0.7010416923297728,0.03727115653266211,0.35645566526321953,0.24807369501815335,0.10838197024506618,-0.10838197024506618,False,False,,
M2:A1,0bfc7d407d09490cba7ac57897fcb100,16,13055b928600455db08cf9ae57d8d4c7,0.7160157854626782,0.7038438837418275,0.012171901720850697,0.415695134646251,0.2407476461957328,0.17494748845051822,-0.17494748845051822,False,False,,
M2:A1,0bfc7d407d09490cba7ac57897fcb100,17,220b431fd37e436f98aa1c868eee5828,0.7899112650888057,0.6305619322543882,0.15934933283441755,0.20641591596862727,0.40193552659144166,-0.1955196106228144,0.1955196106228144,False,False,,
M2:A1,0bfc7d407d09490cba7ac57897fcb100,18,4abbc508bffb4f9b957a8ad2457db2e2,0.8417943213651252,0.5614320341119188,0.28036228725320644,0.10371092721803546,0.6331639033078047,-0.5294529760897693,0.5294529760897693,False,False,,
M2:A1,0bfc7d407d09490cba7ac57897fcb100,19,103914217786464998f1e48a2c20cef0,0.8340125440212394,0.5473928217609769,0.28661972226026244,0.11074216585215137,0.6764655588438918,-0.5657233929917405,0.5657233929917405,False,False,,
M2:A1,0bfc7d407d09490cba7ac57897fcb100,20,9f35db3dd17c41e4875c2f54bd71fc29,0.8262337287250135,0.5372808627733883,0.2889528659516253,0.11964041307202929,0.7105659218219209,-0.5909255087498916,0.5909255087498916,False,False,,
M2:A1,0bfc7d407d09490cba7ac57897fcb100,21,8da854b2bced46f7a59f39a4d42bbfd2,0.8235233357964099,0.5311265053360995,0.2923968304603104,0.12193493877388373,0.7303515020903999,-0.6084165633165162,0.6084165633165162,False,False,,
M2:A1,0bfc7d407d09490cba7ac57897fcb100,22,1e46c82d6a804cf1aaa9d2d6b5b5ef27,0.8203327002231856,0.526992791129629,0.29333990909355656,0.1257118227343106,0.7380678463844589,-0.6123560236501483,0.6123560236501483,False,False,,
M2:A1,0bfc7d407d09490cba7ac57897fcb100,23,029f10e7436740a0a04feab4ab3aeddc,0.8172031081696332,0.5274948986081472,0.2897082095614859,0.1314124094054316,0.7293035950981435,-0.5978911856927118,0.5978911856927118,False,False,,
M2:A1,0bfc7d407d09490cba7ac57897fcb100,24,d364275322c4483fbf86df22f0e7a315,0.8159870786228316,0.5181845834191116,0.29780249520372004,0.13678382697058564,0.7484951480968006,-0.611711321126215,0.611711321126215,False,False,,
M2:A1,045cd82a77a1472499e8c15100cb5ff3,0,9181fe90f31b4740b36969e383506d40,1.0000000000000862,1.0000000000000862,0.0,0.0,0.0,0.0,0.0,False,False,,
M2:A1,045cd82a77a1472499e8c15100cb5ff3,1,139d5e756c1f461ba1f0c6ec46968e43,0.27738118282708674,0.27738118282708674,0.0,2.234194709509468,2.234194709509468,0.0,0.0,True,True,,
M2:A1,045cd82a77a1472499e8c15100cb5ff3,2,21912d2aad7f45c98a54fad3bbea311f,0.021820799122386447,0.021820799122386447,0.0,4.4509232750071686,4.4509232750071686,0.0,0.0,True,True,,
M2:A1,045cd82a77a1472499e8c15100cb5ff3,3,c4a4d1b455434dba879d5dcd1cc378d6,0.0,0.0,0.0,6.671308267498897,6.671308267498897,0.0,0.0,True,True,,
M2:A1,045cd82a77a1472499e8c15100cb5ff3,4,e3bdfba683484a1ea09b7bb86e6be648,0.0,0.0,0.0,8.891730540226662,8.891730540226662,0.0,0.0,True,True,,
M2:A1,045cd82a77a1472499e8c15100cb5ff3,5,e749c211df64486dafc86660a0b20eca,0.0,0.0,0.0,9.333342005948333,9.333342005948333,0.0,0.0,True,True,,
M2:A1,045cd82a77a1472499e8c15100cb5ff3,6,ab1f5ba71a2f42c89efefcbc6dffcfb7,0.0,0.0,0.0,9.775111150263252,9.775111150263252,0.0,0.0,True,True,,
M2:A1,045cd82a77a1472499e8c15100cb5ff3,7,c502570cba9749f7bd89494803a52c02,0.0,0.0,0.0,10.216171396369653,10.216171396369653,0.0,0.0,True,True,,
M2:A1,045cd82a77a1472499e8c15100cb5ff3,8,274b134fb2324486ae253eb6e24f900d,0.0,0.0,0.0,10.16419053426676,10.217530500716935,-0.05333996645017436,0.05333996645017436,False,False,,
M2:A1,045cd82a77a1472499e8c15100cb5ff3,9,a977b0e797694036a9c40ab80f9d0ebc,0.0,0.0,0.0,10.108746832723645,10.183178725993063,-0.07443189326941813,0.07443189326941813,False,False,,
M2:A1,045cd82a77a1472499e8c15100cb5ff3,10,bfbb3ba599ea450181210aa6000bad7f,0.0,0.0,0.0,10.057811005156008,10.234613238030208,-0.17680223287420027,0.17680223287420027,False,False,,
M2:A1,045cd82a77a1472499e8c15100cb5ff3,11,3e92d615685942dfab6edb5a0a7678e6,0.0,0.0,0.0,10.088545158283283,10.303221962572934,-0.21467680428965075,0.21467680428965075,False,False,,
M2:A1,045cd82a77a1472499e8c15100cb5ff3,12,5b954ca864914a37aaaf0879249ace6a,0.0,0.0,0.0,10.621607119809145,10.893070691162468,-0.27146357135332266,0.27146357135332266,False,False,,
M2:A1,045cd82a77a1472499e8c15100cb5ff3,13,9e10d5419ffa43ce9f70766b4a5a0292,0.0,0.0,0.0,11.194282121134057,11.466371860458572,-0.27208973932451563,0.27208973932451563,True,True,,
M2:A1,045cd82a77a1472499e8c15100cb5ff3,14,12c5d6c3dc424561b9192b76b45af6fd,0.0,0.0,0.0,11.766719452802025,12.05607100143344,-0.289351548631414,0.289351548631414,False,False,,
M2:A1,045cd82a77a1472499e8c15100cb5ff3,15,882819f68f5e4be698694e673c71c6ab,0.0,0.0,0.0,12.338805260727662,12.671595342668779,-0.33279008194111626,0.33279008194111626,False,False,,
M2:A1,045cd82a77a1472499e8c15100cb5ff3,16,f6bf5986ca8a49c082c0e4d892de767c,0.0,0.0,0.0,12.861413116568755,7.645329664920046,5.216083451648709,-5.216083451648709,False,False,,
M2:A1,045cd82a77a1472499e8c15100cb5ff3,17,69e5c0a974344a2b89e9e351a5b79461,0.0,0.020927461642561252,-0.020927461642561252,13.141885537544566,4.401292537137874,8.74059300040669,-8.74059300040669,False,False,,
M2:A1,045cd82a77a1472499e8c15100cb5ff3,18,519f1a02f21d43699ca1ada7ffd38726,0.0,0.1199508377421953,-0.1199508377421953,13.41681027858143,1.457012808466677,11.959797470114752,-11.959797470114752,False,False,,
M2:A1,045cd82a77a1472499e8c15100cb5ff3,19,c71884fb34d046258c12cf018513d8cc,0.0,0.0,0.0,13.690133797207043,4.879572740936515,8.810561056270528,-8.810561056270528,False,False,,
M2:A1,045cd82a77a1472499e8c15100cb5ff3,20,ee7d01fd902d4185a54112e1f1210e41,0.0,0.0,0.0,13.733580564740398,8.93574045019223,4.797840114548169,-4.797840114548169,False,False,,
M2:A1,045cd82a77a1472499e8c15100cb5ff3,21,df7d0426da5346deae21136ea3cba58b,0.0,0.0,0.0,13.786978673662738,13.166303538100282,0.6206751355624558,-0.6206751355624558,False,False,,
M2:A1,045cd82a77a1472499e8c15100cb5ff3,22,ba7fb622e77447f6aa58ab1fff9ed0cf,0.0,0.0,0.0,13.836294906613599,16.337883948976106,-2.5015890423625073,2.5015890423625073,False,False,,
M2:A1,045cd82a77a1472499e8c15100cb5ff3,23,5087c0b3f84741178f42d668fbdf506f,0.0,0.0,0.0,13.888502688264563,19.531669039466536,-5.643166351201973,5.643166351201973,False,False,,
M2:A1,045cd82a77a1472499e8c15100cb5ff3,24,13055b928600455db08cf9ae57d8d4c7,0.0,0.0,0.0,13.942650998735964,22.180629270324072,-8.237978271588108,8.237978271588108,False,False,,
M2:A1,045cd82a77a1472499e8c15100cb5ff3,25,220b431fd37e436f98aa1c868eee5828,0.0,0.0,0.0,13.993804620648113,24.576222629045617,-10.582418008397504,10.582418008397504,False,False,,
M2:A1,045cd82a77a1472499e8c15100cb5ff3,26,4abbc508bffb4f9b957a8ad2457db2e2,0.0,0.0,0.0,14.275452714145848,26.403426251525925,-12.127973537380077,12.127973537380077,False,False,,
M2:A1,045cd82a77a1472499e8c15100cb5ff3,27,103914217786464998f1e48a2c20cef0,0.0,0.0,0.0,14.557179038029622,28.499616361670984,-13.942437323641363,13.942437323641363,False,False,,
M2:A1,045cd82a77a1472499e8c15100cb5ff3,28,9f35db3dd17c41e4875c2f54bd71fc29,0.0,0.0,0.0,14.833821838501635,30.710964651541097,-15.877142813039463,15.877142813039463,False,False,,
M2:A1,045cd82a77a1472499e8c15100cb5ff3,29,8da854b2bced46f7a59f39a4d42bbfd2,0.0,0.0,0.0,15.667121730085546,30.08822915681894,-14.421107426733395,14.421107426733395,False,True,,
M2:A1,045cd82a77a1472499e8c15100cb5ff3,30,1e46c82d6a804cf1aaa9d2d6b5b5ef27,0.0,0.0,0.0,16.44097567778128,29.604498852085133,-13.163523174303851,13.163523174303851,False,True,,
M2:A1,045cd82a77a1472499e8c15100cb5ff3,31,029f10e7436740a0a04feab4ab3aeddc,0.0,0.0,0.0,17.173238198751076,29.271953760716375,-12.0987155619653,12.0987155619653,False,True,,
M2:A1,045cd82a77a1472499e8c15100cb5ff3,32,d364275322c4483fbf86df22f0e7a315,0.0,0.0,0.0,18.315119435705753,28.901551301290084,-10.58643186558433,10.58643186558433,False,True,,
M2:A1,48d06a263b314b48bd41343ea5f5d158,0,c502570cba9749f7bd89494803a52c02,1.0000000000001705,1.0000000000001705,0.0,0.0,0.0,0.0,0.0,False,False,,
M2:A1,48d06a263b314b48bd41343ea5f5d158,1,274b134fb2324486ae253eb6e24f900d,0.8577305538536631,0.8434294274939576,0.014301126359705596,0.13840913822928683,0.144791082148697,-0.00638194391941016,0.00638194391941016,False,False,,
M2:A1,48d06a263b314b48bd41343ea5f5d158,2,a977b0e797694036a9c40ab80f9d0ebc,0.8759456574302524,0.8655308815384924,0.010414775891759986,0.12279508489749644,0.11612652069201759,0.006668564205478844,-0.006668564205478844,False,False,,
M2:A1,48d06a263b314b48bd41343ea5f5d158,3,bfbb3ba599ea450181210aa6000bad7f,0.7811042934242031,0.7322331555106445,0.04887113791355857,0.22373473262300106,0.2545251194677953,-0.030790386844794265,0.030790386844794265,False,False,,
M2:A1,48d06a263b314b48bd41343ea5f5d158,4,3e92d615685942dfab6edb5a0a7678e6,0.8406696675745258,0.7892235765356033,0.0514460910389225,0.18433205113762854,0.18915484659605375,-0.004822795458425205,0.004822795458425205,True,True,,
M2:A1,48d06a263b314b48bd41343ea5f5d158,5,5b954ca864914a37aaaf0879249ace6a,0.8826437698039364,0.8293472239251686,0.053296545878767865,0.1717819006950916,0.1506449546380408,0.0211369460570508,-0.0211369460570508,True,True,,
M2:A1,48d06a263b314b48bd41343ea5f5d158,6,9e10d5419ffa43ce9f70766b4a5a0292,0.8973544566002157,0.8434023532990995,0.05395210330111622,0.1706706329705106,0.13922564463028514,0.031444988340225466,-0.031444988340225466,True,True,,
M2:A1,48d06a263b314b48bd41343ea5f5d158,7,12c5d6c3dc424561b9192b76b45af6fd,0.8681594396323419,0.8155048010746017,0.05265463855774022,0.17454964295088632,0.16303994784431314,0.011509695106573181,-0.011509695106573181,True,True,,
M2:A1,48d06a263b314b48bd41343ea5f5d158,8,882819f68f5e4be698694e673c71c6ab,0.8826437698039364,0.8293472239251686,0.053296545878767865,0.1717819006950916,0.1506449546380408,0.0211369460570508,-0.0211369460570508,True,True,,
M2:A1,48d06a263b314b48bd41343ea5f5d158,9,f6bf5986ca8a49c082c0e4d892de767c,0.8084743498245757,0.7589177478726913,0.04955660195188438,0.19984223938139029,0.22271395207890224,-0.022871712697511953,0.022871712697511953,True,True,,
M2:A1,48d06a263b314b48bd41343ea5f5d158,10,69e5c0a974344a2b89e9e351a5b79461,0.8841416418180718,0.8306569109273305,0.05348473089074124,0.16306083545551595,0.1466094298791764,0.016451405576339534,-0.016451405576339534,True,True,,
M2:A1,48d06a263b314b48bd41343ea5f5d158,11,519f1a02f21d43699ca1ada7ffd38726,0.8501865941511835,0.9077496982033204,-0.05756310405213694,0.17025609284651416,0.09646687763718283,0.07378921520933134,-0.07378921520933134,True,True,,
M2:A1,48d06a263b314b48bd41343ea5f5d158,12,c71884fb34d046258c12cf018513d8cc,0.7812813377378377,0.8696916335689534,-0.0884102958311157,0.21610093746509276,0.11170992567998926,0.1043910117851035,-0.1043910117851035,True,True,,
M2:A1,48d06a263b314b48bd41343ea5f5d158,13,ee7d01fd902d4185a54112e1f1210e41,0.7167136368433704,0.7973898753847056,-0.08067623854133521,0.2839639600226111,0.17792112852133246,0.10604283150127863,-0.10604283150127863,True,True,,
M2:A1,48d06a263b314b48bd41343ea5f5d158,14,df7d0426da5346deae21136ea3cba58b,0.6418030390018697,0.720236635397021,-0.07843359639515124,0.38444029843132044,0.2715361420407923,0.11290415639052814,-0.11290415639052814,False,False,,
M2:A1,48d06a263b314b48bd41343ea5f5d158,15,ba7fb622e77447f6aa58ab1fff9ed0cf,0.7553800620084479,0.7674482868605275,-0.01206822485207959,0.2839225627636892,0.20807193765814636,0.07585062510554286,-0.07585062510554286,False,False,,
M2:A1,48d06a263b314b48bd41343ea5f5d158,16,5087c0b3f84741178f42d668fbdf506f,0.779189123363958,0.7726405780531389,0.006548545310819054,0.3068309918584165,0.21471090882361896,0.09212008303479755,-0.09212008303479755,False,False,,
M2:A1,48d06a263b314b48bd41343ea5f5d158,17,13055b928600455db08cf9ae57d8d4c7,0.8279567009842331,0.8150879582475471,0.012868742736686034,0.26264784415599673,0.23395023643367213,0.028697607722324603,-0.028697607722324603,False,False,,
M2:A1,48d06a263b314b48bd41343ea5f5d158,18,220b431fd37e436f98aa1c868eee5828,0.8057569336163518,0.7935905540350716,0.012166379581280196,0.28464236025221157,0.2015750596357081,0.08306730061650347,-0.08306730061650347,False,False,,
M2:A1,48d06a263b314b48bd41343ea5f5d158,19,4abbc508bffb4f9b957a8ad2457db2e2,0.8100655056386022,0.7617517422921289,0.048313763346473304,0.30891898259766226,0.2953942055529259,0.013524777044736369,-0.013524777044736369,False,False,,
M2:A1,48d06a263b314b48bd41343ea5f5d158,20,103914217786464998f1e48a2c20cef0,0.7615773348168142,0.8739912078398255,-0.11241387302301131,0.34913466119187014,0.18311556679418103,0.1660190943976891,-0.1660190943976891,False,False,,
M2:A1,48d06a263b314b48bd41343ea5f5d158,21,9f35db3dd17c41e4875c2f54bd71fc29,0.7556291462121071,0.2302089817267013,0.5254201644854057,0.2058961233141491,2.3559479688640645,-2.1500518455499154,2.1500518455499154,False,False,,
M2:A1,48d06a263b314b48bd41343ea5f5d158,22,8da854b2bced46f7a59f39a4d42bbfd2,0.711931786865729,0.2358998235326691,0.47603196333305986,0.25625258843046,2.2760733570353113,-2.0198207686048515,2.0198207686048515,False,False,,
M2:A1,48d06a263b314b48bd41343ea5f5d158,23,1e46c82d6a804cf1aaa9d2d6b5b5ef27,0.7205114639237424,0.25041557147480953,0.4700958924489329,0.2445871878221927,2.225852713029457,-1.9812655252072644,1.9812655252072644,False,False,,
M2:A1,48d06a263b314b48bd41343ea5f5d158,24,029f10e7436740a0a04feab4ab3aeddc,0.7057494226590364,0.2653195866392579,0.4404298360197785,0.26211925762511085,2.1251341788582243,-1.8630149212331135,1.8630149212331135,False,False,,
M2:A1,48d06a263b314b48bd41343ea5f5d158,25,d364275322c4483fbf86df22f0e7a315,0.6606054414675159,0.27027012759837765,0.3903353138691382,0.3239272217211196,2.0295407917395627,-1.7056135700184432,1.7056135700184432,False,False,,
M2:A1,48d06a263b314b48bd41343ea5f5d158,26,c98b06812964464093b23c3734532d06,0.6252621048547334,0.26652174055251177,0.35874036430222167,0.36436893654408153,1.9919046133585914,-1.6275356768145097,1.6275356768145097,False,False,,
M2:A1,48d06a263b314b48bd41343ea5f5d158,27,12f431b160be4858a51cced6955c37bd,0.6369561917125526,0.25101429286193394,0.38594189885061864,0.3428244631718431,2.057897998470998,-1.7150735352991548,1.7150735352991548,False,False,,
M2:A1,1377fe4255444b1495d0ccb972d8ef98,0,5087c0b3f84741178f42d668fbdf506f,1.0000000000001077,1.0000000000001077,0.0,0.0,0.0,0.0,0.0,False,False,,
M2:A1,1377fe4255444b1495d0ccb972d8ef98,1,13055b928600455db08cf9ae57d8d4c7,0.9635832275737481,0.9216601476855255,0.041923079888222636,0.02926884308542604,0.08400631507987819,-0.05473747199445214,0.05473747199445214,False,False,,
M2:A1,1377fe4255444b1495d0ccb972d8ef98,2,220b431fd37e436f98aa1c868eee5828,0.9607027027776586,0.8784283149421173,0.08227438783554131,0.030126313103867344,0.15424921871812486,-0.12412290561425751,0.12412290561425751,False,False,,
M2:A1,1377fe4255444b1495d0ccb972d8ef98,3,4abbc508bffb4f9b957a8ad2457db2e2,0.9468950947725958,0.8365454376146024,0.11034965715799339,0.048156238860960834,0.2339394387237775,-0.18578319986281666,0.18578319986281666,False,False,,
M2:A1,1377fe4255444b1495d0ccb972d8ef98,4,103914217786464998f1e48a2c20cef0,0.9388126125736133,0.7968196236988101,0.14199298887480316,0.07636158153762568,0.3083556780999775,-0.23199409656235181,0.23199409656235181,False,False,,
M2:A1,7581fd7e9c0f426cb0efb9ea1f3f2830,0,5b954ca864914a37aaaf0879249ace6a,1.0000000000001146,1.0000000000001146,0.0,0.0,0.0,0.0,0.0,False,False,,
M2:A1,7581fd7e9c0f426cb0efb9ea1f3f2830,1,9e10d5419ffa43ce9f70766b4a5a0292,0.9943979784486089,0.9575884744654937,0.03680950398311522,0.008022891037450647,0.07737842365159772,-0.06935553261414708,0.06935553261414708,False,False,,
M2:A1,7581fd7e9c0f426cb0efb9ea1f3f2830,2,12c5d6c3dc424561b9192b76b45af6fd,0.989524268160218,0.9440322326751205,0.045492035485097504,0.015458717806097371,0.0944404199111977,-0.07898170210510033,0.07898170210510033,False,False,,
M2:A1,7581fd7e9c0f426cb0efb9ea1f3f2830,3,882819f68f5e4be698694e673c71c6ab,0.9771663441385744,0.9151292855697262,0.062037058568848225,0.03737157704396852,0.15887940584031954,-0.12150782879635103,0.12150782879635103,False,False,,
M2:A1,7581fd7e9c0f426cb0efb9ea1f3f2830,4,f6bf5986ca8a49c082c0e4d892de767c,0.9785709223321922,0.8830842743891484,0.09548664794304385,0.028255986586613904,0.2184933358376958,-0.1902373492510819,0.1902373492510819,False,False,,
M2:A1,7581fd7e9c0f426cb0efb9ea1f3f2830,5,69e5c0a974344a2b89e9e351a5b79461,0.9806426919001197,0.8577236138062783,0.1229190780938414,0.0213108672854196,0.2520373677761272,-0.2307265004907076,0.2307265004907076,False,False,,
M2:A1,7581fd7e9c0f426cb0efb9ea1f3f2830,6,519f1a02f21d43699ca1ada7ffd38726,0.9807203903555137,0.8346322308194034,0.14608815953611032,0.018495944141493647,0.28752551118037967,-0.26902956703888603,0.26902956703888603,False,False,,
M2:A1,7581fd7e9c0f426cb0efb9ea1f3f2830,7,c71884fb34d046258c12cf018513d8cc,0.9715797321932947,0.8115952785652982,0.15998445362799651,0.0335181008468725,0.3343043452433889,-0.3007862443965164,0.3007862443965164,False,False,,
M2:A1,7581fd7e9c0f426cb0efb9ea1f3f2830,8,ee7d01fd902d4185a54112e1f1210e41,0.9611888775159334,0.8036744594566146,0.15751441805931876,0.04913890239705382,0.350544929136357,-0.30140602673930317,0.30140602673930317,False,False,,
M2:A1,7581fd7e9c0f426cb0efb9ea1f3f2830,9,df7d0426da5346deae21136ea3cba58b,0.966169846819628,0.7658080504247357,0.20036179639489238,0.02876445891357307,0.4274735243948508,-0.3987090654812777,0.3987090654812777,False,False,,
M2:A1,7581fd7e9c0f426cb0efb9ea1f3f2830,10,ba7fb622e77447f6aa58ab1fff9ed0cf,0.9651104234430594,0.757132851024124,0.20797757241893544,0.02591717944505475,0.447576248836272,-0.4216590693912173,0.4216590693912173,False,False,,
M2:A1,7581fd7e9c0f426cb0efb9ea1f3f2830,11,5087c0b3f84741178f42d668fbdf506f,0.9360944236891198,0.7720598939444622,0.1640345297446576,0.07956919158660172,0.43009378221309935,-0.35052459062649766,0.35052459062649766,False,False,,
M2:A1,7581fd7e9c0f426cb0efb9ea1f3f2830,12,13055b928600455db08cf9ae57d8d4c7,0.9169645309096801,0.7750992558334387,0.14186527507624136,0.11983162077600673,0.4169753729463771,-0.29714375217037037,0.29714375217037037,False,False,,
M2:A1,7581fd7e9c0f426cb0efb9ea1f3f2830,13,220b431fd37e436f98aa1c868eee5828,0.9063364808227573,0.773946574357436,0.13238990646532134,0.1345156228089867,0.44972119611093386,-0.31520557330194715,0.31520557330194715,False,False,,
M2:A1,7581fd7e9c0f426cb0efb9ea1f3f2830,14,4abbc508bffb4f9b957a8ad2457db2e2,0.9040569156361713,0.7484167921960161,0.1556401234401552,0.08293465366753364,0.5489190063492082,-0.4659843526816746,0.4659843526816746,False,False,,
M2:A1,7581fd7e9c0f426cb0efb9ea1f3f2830,15,103914217786464998f1e48a2c20cef0,0.8971633669807609,0.7364507639389487,0.16071260304181223,0.08912735328243222,0.5933029363491794,-0.5041755830667471,0.5041755830667471,False,False,,
M2:A1,7581fd7e9c0f426cb0efb9ea1f3f2830,16,9f35db3dd17c41e4875c2f54bd71fc29,0.8994117928981263,0.7165406010364244,0.18287119186170198,0.08238576473823098,0.6496804454650266,-0.5672946807267956,0.5672946807267956,False,False,,
M2:A1,7581fd7e9c0f426cb0efb9ea1f3f2830,17,8da854b2bced46f7a59f39a4d42bbfd2,0.9045946670507006,0.6706647369397505,0.2339299301109501,0.07272590314224521,0.8215726752641939,-0.7488467721219486,0.7488467721219486,False,False,,
M2:A1,7581fd7e9c0f426cb0efb9ea1f3f2830,18,1e46c82d6a804cf1aaa9d2d6b5b5ef27,0.9002690935784708,0.6482225398454803,0.25204655373299056,0.07995640621612016,0.8778052615551736,-0.7978488553390535,0.7978488553390535,False,False,,
M2:A1,7581fd7e9c0f426cb0efb9ea1f3f2830,19,029f10e7436740a0a04feab4ab3aeddc,0.8968815813463382,0.636402665063149,0.2604789162831892,0.08813633266107236,0.8958927767480105,-0.8077564440869381,0.8077564440869381,False,False,,
M2:A1,7581fd7e9c0f426cb0efb9ea1f3f2830,20,d364275322c4483fbf86df22f0e7a315,0.897571793664851,0.6365133814080695,0.2610584122567815,0.09687698889802973,0.8511127835444694,-0.7542357946464396,0.7542357946464396,False,False,,
M2:A1,7581fd7e9c0f426cb0efb9ea1f3f2830,21,c98b06812964464093b23c3734532d06,0.8775993639214658,0.6189306471048065,0.25866871681665926,0.10894017105896023,0.8832042198311726,-0.7742640487722123,0.7742640487722123,False,False,,
M2:A1,1e4a740fd22b44dda3eed861e6e3f170,0,ee7d01fd902d4185a54112e1f1210e41,0.9999999999999889,0.9999999999999889,0.0,0.0,0.0,0.0,0.0,False,False,,
M2:A1,1e4a740fd22b44dda3eed861e6e3f170,1,df7d0426da5346deae21136ea3cba58b,0.9423631123919205,0.9423631123919205,0.0,0.050000000000000044,0.050000000000000044,0.0,0.0,True,True,,
M2:A1,1e4a740fd22b44dda3eed861e6e3f170,2,ba7fb622e77447f6aa58ab1fff9ed0cf,0.9147727272727174,0.9147727272727174,0.0,0.07499999999999996,0.07499999999999996,0.0,0.0,True,True,,
M2:A1,1e4a740fd22b44dda3eed861e6e3f170,3,5087c0b3f84741178f42d668fbdf506f,0.9999999999999889,0.9999999999999889,0.0,0.0,0.0,0.0,0.0,True,True,,
M2:A1,1e4a740fd22b44dda3eed861e6e3f170,4,13055b928600455db08cf9ae57d8d4c7,0.9999999999999889,0.9999999999999889,0.0,0.0,0.0,0.0,0.0,True,True,,
M2:A1,1e4a740fd22b44dda3eed861e6e3f170,5,220b431fd37e436f98aa1c868eee5828,0.9423631123919205,0.9423631123919205,0.0,0.050000000000000044,0.050000000000000044,0.0,0.0,True,True,,
M2:A1,1e4a740fd22b44dda3eed861e6e3f170,6,4abbc508bffb4f9b957a8ad2457db2e2,0.8708675175248317,0.8620826278906839,0.008784889634147808,0.10732358052896737,0.11394914348129631,-0.0066255629523289394,0.0066255629523289394,False,False,,
M2:A1,1e4a740fd22b44dda3eed861e6e3f170,7,103914217786464998f1e48a2c20cef0,0.7514405853283571,0.7244665355577591,0.02697404977059803,0.20980535572091133,0.263516107878456,-0.053710752157544644,0.053710752157544644,False,False,,
M2:A1,1e4a740fd22b44dda3eed861e6e3f170,8,9f35db3dd17c41e4875c2f54bd71fc29,0.6126668820719209,0.6201487605655734,-0.007481878493652561,0.4799025432478292,0.4549652403713394,0.02493730287648982,-0.02493730287648982,False,False,,
M2:A1,1e4a740fd22b44dda3eed861e6e3f170,9,8da854b2bced46f7a59f39a4d42bbfd2,0.5724180305545172,0.5376855245648542,0.03473250598966304,0.6564378244791808,0.7186223767206853,-0.06218455224150454,0.06218455224150454,False,False,,
M2:A1,1e4a740fd22b44dda3eed861e6e3f170,10,1e46c82d6a804cf1aaa9d2d6b5b5ef27,0.5353658888902273,0.4300112198740734,0.10535466901615387,0.6962495665856713,1.0159297266380167,-0.31968016005234545,0.31968016005234545,False,False,,
M2:A1,1e4a740fd22b44dda3eed861e6e3f170,11,029f10e7436740a0a04feab4ab3aeddc,0.5052480330567081,0.37133370265995763,0.13391433039675044,0.7212155061947713,1.1883328224645242,-0.46711731626975295,0.46711731626975295,False,False,,
M2:A1,1e4a740fd22b44dda3eed861e6e3f170,12,d364275322c4483fbf86df22f0e7a315,0.49494745118974515,0.3328859887635596,0.16206146242618552,0.7338839880602377,1.3604469374747792,-0.6265629494145415,0.6265629494145415,False,False,,
M2:A1,1e4a740fd22b44dda3eed861e6e3f170,13,c98b06812964464093b23c3734532d06,0.4866881658520033,0.3335351282352476,0.1531530376167557,0.7395172871463213,1.3316774869799368,-0.5921601998336156,0.5921601998336156,False,False,,
M2:A1,1e4a740fd22b44dda3eed861e6e3f170,14,12f431b160be4858a51cced6955c37bd,0.4768297552281367,0.3053397741668801,0.17148998106125662,0.7543783440561783,1.4734437707439414,-0.7190654266877631,0.7190654266877631,False,False,,
M2:A1,2ef4b4d20b064d34b754f68e48f5a5c2,0,c502570cba9749f7bd89494803a52c02,0.9999999999999917,0.9999999999999917,0.0,0.0,0.0,0.0,0.0,False,False,,
M2:A1,2ef4b4d20b064d34b754f68e48f5a5c2,1,274b134fb2324486ae253eb6e24f900d,0.9307705820466078,0.9096678473427127,0.02110273470389512,0.06328967867472238,0.11645819946427236,-0.05316852078954998,0.05316852078954998,False,False,,
M2:A1,2ef4b4d20b064d34b754f68e48f5a5c2,2,a977b0e797694036a9c40ab80f9d0ebc,0.9379540593951772,0.8848604135903376,0.05309364580483955,0.08773021393684927,0.20622036504651892,-0.11849015110966965,0.11849015110966965,False,False,,
M2:A1,2ef4b4d20b064d34b754f68e48f5a5c2,3,bfbb3ba599ea450181210aa6000bad7f,0.9085506176975273,0.8425757605577726,0.0659748571397547,0.10027656575496384,0.2787931998816431,-0.17851663412667923,0.17851663412667923,False,False,,
M2:A1,2ef4b4d20b064d34b754f68e48f5a5c2,4,3e92d615685942dfab6edb5a0a7678e6,0.8663876575593352,0.7979467603560687,0.06844089720326652,0.12913122613205336,0.36230758609345204,-0.23317635996139868,0.23317635996139868,False,False,,
M2:A1,2ef4b4d20b064d34b754f68e48f5a5c2,5,5b954ca864914a37aaaf0879249ace6a,0.8137172546194548,0.7661057843807819,0.04761147023867285,0.1719083475633234,0.4317747963476065,-0.2598664487842831,0.2598664487842831,False,False,,
M2:A1,2ef4b4d20b064d34b754f68e48f5a5c2,6,9e10d5419ffa43ce9f70766b4a5a0292,0.7671390556976345,0.7314972714838198,0.0356417842138147,0.21341316026976095,0.5131792065295651,-0.2997660462598041,0.2997660462598041,False,False,,
M2:A1,2ef4b4d20b064d34b754f68e48f5a5c2,7,12c5d6c3dc424561b9192b76b45af6fd,0.7324590086524869,0.6918345285899324,0.04062448006255448,0.2639240049771804,0.616135886116295,-0.3522118811391146,0.3522118811391146,False,False,,
M2:A1,2ef4b4d20b064d34b754f68e48f5a5c2,8,882819f68f5e4be698694e673c71c6ab,0.6822337401897997,0.6600468664203618,0.022186873769437843,0.33119628920171873,0.7089763912743676,-0.3777801020726489,0.3777801020726489,False,False,,
M2:A1,2ef4b4d20b064d34b754f68e48f5a5c2,9,f6bf5986ca8a49c082c0e4d892de767c,0.6374666125346812,0.6268194420727436,0.010647170461937527,0.39634263180731083,0.8111903091561886,-0.4148476773488778,0.4148476773488778,False,False,,
M2:A1,2ef4b4d20b064d34b754f68e48f5a5c2,10,69e5c0a974344a2b89e9e351a5b79461,0.5994648262296719,0.600162054212996,-0.0006972279833240558,0.44443305069868094,0.8942304798689475,-0.4497974291702666,0.4497974291702666,False,False,,
M2:A1,2ef4b4d20b064d34b754f68e48f5a5c2,11,519f1a02f21d43699ca1ada7ffd38726,0.5630471519894542,0.5758803210490804,-0.01283316905962617,0.4719847022923529,0.9743324714857236,-0.5023477691933707,0.5023477691933707,False,False,,
M2:A1,2ef4b4d20b064d34b754f68e48f5a5c2,12,c71884fb34d046258c12cf018513d8cc,0.5608599409271409,0.5574729913859982,0.003386949541142714,0.48915562818436026,1.0585773381152972,-0.5694217099309369,0.5694217099309369,False,False,,
M2:A1,2ef4b4d20b064d34b754f68e48f5a5c2,13,ee7d01fd902d4185a54112e1f1210e41,0.5625822667446924,0.5347604150716095,0.02782185167308282,0.5049268850363734,1.1522452670997552,-0.6473183820633818,0.6473183820633818,False,False,,
M2:A1,2ef4b4d20b064d34b754f68e48f5a5c2,14,df7d0426da5346deae21136ea3cba58b,0.5331156510316423,0.4989200550487496,0.03419559598289268,0.5250782713802211,1.2094105273286972,-0.6843322559484761,0.6843322559484761,False,False,,
M2:A1,2ef4b4d20b064d34b754f68e48f5a5c2,15,ba7fb622e77447f6aa58ab1fff9ed0cf,0.5065754221091042,0.47014162699292056,0.036433795116183665,0.5494799075391946,1.2546685354940297,-0.7051886279548351,0.7051886279548351,False,False,,
M2:A1,2ef4b4d20b064d34b754f68e48f5a5c2,16,5087c0b3f84741178f42d668fbdf506f,0.49591066845097775,0.4541342129940059,0.04177645545697184,0.5610668430989894,1.2859123423235843,-0.724845499224595,0.724845499224595,False,False,,
M2:A1,2ef4b4d20b064d34b754f68e48f5a5c2,17,13055b928600455db08cf9ae57d8d4c7,0.484836321964867,0.4380546572530362,0.04678166471183076,0.5741895164618681,1.3199940006808257,-0.7458044842189576,0.7458044842189576,False,False,,
M2:A1,2ef4b4d20b064d34b754f68e48f5a5c2,18,220b431fd37e436f98aa1c868eee5828,0.47732883673465876,0.42125446520502713,0.05607437152963163,0.5833379147371555,1.3602569156764794,-0.776919000939324,0.776919000939324,False,False,,
M2:A1,2ef4b4d20b064d34b754f68e48f5a5c2,19,4abbc508bffb4f9b957a8ad2457db2e2,0.4823479834271229,0.4199115650364154,0.06243641839070746,0.5472243684118098,1.3169487849981123,-0.7697244165863025,0.7697244165863025,False,False,,
M2:A1,2ef4b4d20b064d34b754f68e48f5a5c2,20,103914217786464998f1e48a2c20cef0,0.4859207361325332,0.42065944840516023,0.065261287727373,0.5225075448592479,1.2659045245438356,-0.7433969796845877,0.7433969796845877,False,False,,
M2:A1,2ef4b4d20b064d34b754f68e48f5a5c2,21,9f35db3dd17c41e4875c2f54bd71fc29,0.4880059624618806,0.4223372501505504,0.0656687123113302,0.5107936064096453,1.2098508106781427,-0.6990572042684974,0.6990572042684974,False,False,,
M2:A1,2ef4b4d20b064d34b754f68e48f5a5c2,22,8da854b2bced46f7a59f39a4d42bbfd2,0.4752265431004891,0.4076040284376548,0.06762251466283431,0.531620464209666,1.2342860867928684,-0.7026656225832024,0.7026656225832024,False,False,,
M2:A1,2ef4b4d20b064d34b754f68e48f5a5c2,23,1e46c82d6a804cf1aaa9d2d6b5b5ef27,0.4621430232022346,0.38747339077544046,0.07466963242679414,0.5538822663238054,1.2833407944658206,-0.7294585281420152,0.7294585281420152,False,False,,
M2:A1,2ef4b4d20b064d34b754f68e48f5a5c2,24,029f10e7436740a0a04feab4ab3aeddc,0.4656369801885516,0.37980076960767356,0.08583621058087804,0.5473076408580165,1.3535039921237213,-0.8061963512657048,0.8061963512657048,False,False,,
M2:A1,2ef4b4d20b064d34b754f68e48f5a5c2,25,d364275322c4483fbf86df22f0e7a315,0.46935562017495513,0.3726740438886087,0.09668157628634644,0.5423811804020184,1.427354043545911,-0.8849728631438927,0.8849728631438927,False,False,,
M2:A1,2ef4b4d20b064d34b754f68e48f5a5c2,26,c98b06812964464093b23c3734532d06,0.46295630349070305,0.35780702675201187,0.10514927673869118,0.5512007929992135,1.494086143440309,-0.9428853504410954,0.9428853504410954,False,False,,
M2:A1,2ef4b4d20b064d34b754f68e48f5a5c2,27,12f431b160be4858a51cced6955c37bd,0.4546887199373501,0.34718541443859285,0.10750330549875725,0.5629871247188911,1.542217702880368,-0.979230578161477,0.979230578161477,False,False,,
M2:A1,143ecd5e93614768bdb3da695e76c409,0,5b954ca864914a37aaaf0879249ace6a,1.0000000000001918,1.0000000000001918,0.0,0.0,0.0,0.0,0.0,False,False,,
M2:A1,143ecd5e93614768bdb3da695e76c409,1,9e10d5419ffa43ce9f70766b4a5a0292,0.8774798786307162,0.71125626876499,0.16622360986572615,0.11655038187136202,0.5837905059490196,-0.4672401240776576,0.4672401240776576,False,False,,
M2:A1,143ecd5e93614768bdb3da695e76c409,2,12c5d6c3dc424561b9192b76b45af6fd,0.3752363583136542,0.7166720887918371,-0.3414357304781829,1.3354990350407365,0.5801812020375766,0.7553178330031599,-0.7553178330031599,False,False,,
M2:A1,143ecd5e93614768bdb3da695e76c409,3,882819f68f5e4be698694e673c71c6ab,0.37854103199742056,0.7283456554753917,-0.3498046234779711,1.3366344119649443,0.5481354714220874,0.7884989405428569,-0.7884989405428569,False,False,,
M2:A1,143ecd5e93614768bdb3da695e76c409,4,f6bf5986ca8a49c082c0e4d892de767c,0.382717447302969,0.7402310063287983,-0.3575135590258293,1.3331682153442113,0.5298892846035139,0.8032789307406973,-0.8032789307406973,False,False,,
M2:A1,143ecd5e93614768bdb3da695e76c409,5,69e5c0a974344a2b89e9e351a5b79461,0.386297277883076,0.7771027279771969,-0.39080545009412093,1.3337498209073702,0.42392383948864315,0.9098259814187271,-0.9098259814187271,False,False,,
M2:A1,143ecd5e93614768bdb3da695e76c409,6,519f1a02f21d43699ca1ada7ffd38726,0.38453799537846456,0.8009246196351881,-0.41638662425672357,1.3386235737508059,0.3389064785001596,0.9997170952506462,-0.9997170952506462,False,False,,
M2:A1,143ecd5e93614768bdb3da695e76c409,7,c71884fb34d046258c12cf018513d8cc,0.3674171759547388,0.7867455614413393,-0.41932838548660056,1.3497580852525761,0.26282322329222174,1.0869348619603545,-1.0869348619603545,False,False,,
M2:A1,143ecd5e93614768bdb3da695e76c409,8,ee7d01fd902d4185a54112e1f1210e41,0.3658291992161526,0.7943701533028138,-0.4285409540866612,1.3541781566967532,0.22607868938163853,1.1280994673151148,-1.1280994673151148,False,False,,
M2:A1,143ecd5e93614768bdb3da695e76c409,9,df7d0426da5346deae21136ea3cba58b,0.3646843836373058,0.8109840392884868,-0.446299655651181,1.3567239584686956,0.17156178455735535,1.1851621739113403,-1.1851621739113403,False,False,,
M2:A1,143ecd5e93614768bdb3da695e76c409,10,ba7fb622e77447f6aa58ab1fff9ed0cf,0.34865245109375503,0.7846542872984696,-0.4360018362047146,1.3646412234888263,0.17936165398271248,1.1852795695061138,-1.1852795695061138,False,False,,
M2:A1,143ecd5e93614768bdb3da695e76c409,11,5087c0b3f84741178f42d668fbdf506f,0.3499801430579776,0.7896479705585402,-0.4396678275005626,1.348695581534796,0.1767536683833378,1.1719419131514583,-1.1719419131514583,False,False,,
M2:A1,143ecd5e93614768bdb3da695e76c409,12,13055b928600455db08cf9ae57d8d4c7,0.3278956227657711,0.7170815636822724,-0.38918594091650127,1.3542889537369864,0.25931351876572306,1.0949754349712633,-1.0949754349712633,False,False,,
M2:A1,143ecd5e93614768bdb3da695e76c409,13,220b431fd37e436f98aa1c868eee5828,0.3060145840353002,0.649610483950525,-0.3435958999152248,1.3675292690179437,0.3423195744516729,1.0252096945662708,-1.0252096945662708,False,False,,
M2:A1,143ecd5e93614768bdb3da695e76c409,14,4abbc508bffb4f9b957a8ad2457db2e2,0.3023129388914089,0.6316338651598324,-0.3293209262684235,1.3895660896418232,0.3664412191581418,1.0231248704836813,-1.0231248704836813,False,False,,
M2:A1,143ecd5e93614768bdb3da695e76c409,15,103914217786464998f1e48a2c20cef0,0.29998479585508186,0.6125791029722473,-0.3125943071171654,1.3965539529918087,0.4042938101064543,0.9922601428853544,-0.9922601428853544,False,False,,
M2:A1,143ecd5e93614768bdb3da695e76c409,16,9f35db3dd17c41e4875c2f54bd71fc29,0.29709964874549843,0.594410805602266,-0.29731115685676757,1.4117089225447002,0.4484228303044767,0.9632860922402234,-0.9632860922402234,False,False,,
M2:A1,143ecd5e93614768bdb3da695e76c409,17,8da854b2bced46f7a59f39a4d42bbfd2,0.29453760713836263,0.5756931178838722,-0.2811555107455096,1.4184137586257346,0.5030901157854403,0.9153236428402943,-0.9153236428402943,False,False,,
M2:A1,143ecd5e93614768bdb3da695e76c409,18,1e46c82d6a804cf1aaa9d2d6b5b5ef27,0.2822574153247691,0.5402148241749007,-0.25795740885013163,1.5073643571846609,0.6336930647486034,0.8736712924360575,-0.8736712924360575,False,False,,
M2:A1,143ecd5e93614768bdb3da695e76c409,19,029f10e7436740a0a04feab4ab3aeddc,0.27018994281575665,0.506480502403958,-0.2362905595882014,1.5989836721102109,0.77280910219593,0.8261745699142808,-0.8261745699142808,False,False,,
M2:A1,143ecd5e93614768bdb3da695e76c409,20,d364275322c4483fbf86df22f0e7a315,0.2580883869468319,0.4744630134402768,-0.2163746264934449,1.695184067750012,0.9178464288204289,0.7773376389295832,-0.7773376389295832,False,False,,
M2:A1,143ecd5e93614768bdb3da695e76c409,21,c98b06812964464093b23c3734532d06,0.25877879039149376,0.46481114086378794,-0.20603235047229418,1.6830617860895543,0.9478789641228557,0.7351828219666986,-0.7351828219666986,False,False,,
M2:A1,143ecd5e93614768bdb3da695e76c409,22,12f431b160be4858a51cced6955c37bd,0.25902633069603764,0.462035468164136,-0.20300913746809834,1.672565936810123,0.9468673470432578,0.7256985897668653,-0.7256985897668653,False,False,,
M2:A1,4a8058d0441a46d381995e1af1086039,0,c71884fb34d046258c12cf018513d8cc,0.9999999999998561,0.9999999999998561,0.0,0.0,0.0,0.0,0.0,False,False,,
M2:A1,4a8058d0441a46d381995e1af1086039,1,ee7d01fd902d4185a54112e1f1210e41,0.9910323168440013,0.9729679502573582,0.01806436658664312,0.006460979975555483,0.045199681652069106,-0.03873870167651362,0.03873870167651362,False,False,,
M2:A1,4a8058d0441a46d381995e1af1086039,2,df7d0426da5346deae21136ea3cba58b,0.9741285804754651,0.920212901882887,0.053915678592578176,0.019546360406935297,0.12365098959065132,-0.10410462918371602,0.10410462918371602,False,False,,
M2:A1,4a8058d0441a46d381995e1af1086039,3,ba7fb622e77447f6aa58ab1fff9ed0cf,0.9494641980978316,0.8772147255719224,0.07224947252590919,0.04046107211730601,0.19331009385734524,-0.15284902174003923,0.15284902174003923,False,False,,
M2:A1,4a8058d0441a46d381995e1af1086039,4,5087c0b3f84741178f42d668fbdf506f,0.949369675582048,0.8546674701089272,0.0947022054731208,0.038749574130624534,0.26693369944864925,-0.22818412531802473,0.22818412531802473,False,False,,
M2:A1,4a8058d0441a46d381995e1af1086039,5,13055b928600455db08cf9ae57d8d4c7,0.9233828328488488,0.7952480323805734,0.1281348004682754,0.09598495189532814,0.41736925645024947,-0.32138430455492134,0.32138430455492134,False,False,,
M2:A1,4a8058d0441a46d381995e1af1086039,6,220b431fd37e436f98aa1c868eee5828,0.8904636631991002,0.7503601026672292,0.140103560531871,0.19083775618246512,0.5713461136176713,-0.38050835743520617,0.38050835743520617,False,False,,
M2:A1,4a8058d0441a46d381995e1af1086039,7,4abbc508bffb4f9b957a8ad2457db2e2,0.8580082183181399,0.7024421037440938,0.15556611457404612,0.29000845356405286,0.7266836406515698,-0.4366751870875169,0.4366751870875169,False,False,,
M2:A1,4a8058d0441a46d381995e1af1086039,8,103914217786464998f1e48a2c20cef0,0.864435123972079,0.6869421556139278,0.1774929683581512,0.27840688067590313,0.7764742341776829,-0.4980673535017798,0.4980673535017798,False,False,,
M2:A1,4a8058d0441a46d381995e1af1086039,9,9f35db3dd17c41e4875c2f54bd71fc29,0.8509895948827713,0.6651785976086206,0.18581099727415062,0.3167710177617385,0.8676945654935282,-0.5509235477317898,0.5509235477317898,False,False,,
M2:A1,4a8058d0441a46d381995e1af1086039,10,8da854b2bced46f7a59f39a4d42bbfd2,0.8403132465467128,0.654329774270838,0.18598347227587475,0.3505225221562648,0.9092762929028557,-0.5587537707465909,0.5587537707465909,False,False,,
M2:A1,4a8058d0441a46d381995e1af1086039,11,1e46c82d6a804cf1aaa9d2d6b5b5ef27,0.8536385708705347,0.6559143802436221,0.1977241906269126,0.2973107159898623,0.8769239564343676,-0.5796132404445054,0.5796132404445054,False,False,,
M2:A1,4a8058d0441a46d381995e1af1086039,12,029f10e7436740a0a04feab4ab3aeddc,0.8663411152979398,0.676660316491504,0.18968079880643574,0.24350709102364312,0.7834171251592267,-0.5399100341355836,0.5399100341355836,False,False,,
M2:A1,4a8058d0441a46d381995e1af1086039,13,d364275322c4483fbf86df22f0e7a315,0.8609878229614981,0.6759535958851003,0.18503422707639783,0.24255826520990548,0.7626592323943171,-0.5201009671844117,0.5201009671844117,False,False,,
M2:A1,4a8058d0441a46d381995e1af1086039,14,c98b06812964464093b23c3734532d06,0.8560340837708137,0.6529024022647277,0.20313168150608596,0.2395203034392837,0.8092631152290064,-0.5697428117897227,0.5697428117897227,False,False,,
M2:A1,4a8058d0441a46d381995e1af1086039,15,12f431b160be4858a51cced6955c37bd,0.7869741032048302,0.6704549241444252,0.11651917906040499,0.23653177368497566,0.7491800805384616,-0.512648306853486,0.512648306853486,False,False,,
M2:A1,b673cf89298845398bf0252c52e5affd,0,1e46c82d6a804cf1aaa9d2d6b5b5ef27,1.0000000000000955,1.0000000000000955,0.0,0.0,0.0,0.0,0.0,False,False,,
M2:A1,b673cf89298845398bf0252c52e5affd,1,029f10e7436740a0a04feab4ab3aeddc,0.989513860181675,0.9496502872022238,0.0398635729794512,0.010969736305143607,0.06617518913606028,-0.05520545283091668,0.05520545283091668,False,False,,
M2:A1,b673cf89298845398bf0252c52e5affd,2,d364275322c4483fbf86df22f0e7a315,0.9809087509210181,0.8985553776906623,0.08235337323035585,0.023075004198927145,0.1313370205460292,-0.10826201634710204,0.10826201634710204,False,False,,
M2:A1,34daad97663c4e8ea00f842adc581ab5,0,65e07a70e6b5404a87bf34e49d4c0924,0.9999999999999338,0.9999999999999338,0.0,0.0,0.0,0.0,0.0,False,False,,
M2:A1,34daad97663c4e8ea00f842adc581ab5,1,9ab5069c183c492b82b0ab30133080c1,0.8720348265079724,0.8331676016111885,0.03886722489678385,0.08400043964250462,0.1239115659714262,-0.03991112632892159,0.03991112632892159,False,False,,
M2:A1,34daad97663c4e8ea00f842adc581ab5,2,4258ba3b8b8142f48c3249d310a8c3d2,0.8730077738846069,0.8311277027928364,0.0418800710917705,0.1117259172740957,0.14605107452889685,-0.03432515725480115,0.03432515725480115,False,False,,
M2:A1,34daad97663c4e8ea00f842adc581ab5,3,8970a737ebee4443af37102473aaef8b,0.8301471524503996,0.7760330288532964,0.054114123597103214,0.15422163638284417,0.20248632893389,-0.04826469255104582,0.04826469255104582,False,False,,
M2:A1,34daad97663c4e8ea00f842adc581ab5,4,83f3eb36fc7144ab902e192db3a98c06,0.8112853121373922,0.7070613534233412,0.10422395871405099,0.16811531447825268,0.3066276959427918,-0.13851238146453915,0.13851238146453915,False,False,,
M2:A1,34daad97663c4e8ea00f842adc581ab5,5,0fc0a764b3ec4c8196ffa35598fbda5f,0.8160045866642663,0.7134453709732405,0.10255921569102588,0.16442187282285037,0.29754347850497337,-0.133121605682123,0.133121605682123,False,False,,
M2:A1,34daad97663c4e8ea00f842adc581ab5,6,ef823f39fe034fdc9651a363fc81327b,0.7957542744739504,0.6962344816348566,0.09951979283909385,0.19918631770286396,0.3119350332781862,-0.11274871557532226,0.11274871557532226,False,False,,
M2:A1,34daad97663c4e8ea00f842adc581ab5,7,f8de967b00394c9e88558219feef8426,0.7931528128331431,0.6670349574487345,0.12611785538440856,0.19456919608855433,0.37090419729793167,-0.17633500120937734,0.17633500120937734,False,False,,
M2:A1,34daad97663c4e8ea00f842adc581ab5,8,cb440b4d1912467fb51d871f0ccf8e8a,0.7725371389470301,0.6495707372573083,0.12296640168972184,0.2358352558688906,0.39277513175351797,-0.15693987588462738,0.15693987588462738,False,False,,
M2:A1,34daad97663c4e8ea00f842adc581ab5,9,13546ea263ff48f49899cb30ac0004e9,0.7350437407512395,0.6466714433368338,0.08837229741440566,0.33475641724102995,0.3611466540592748,-0.026390236818244872,0.026390236818244872,False,False,,
M2:A1,34daad97663c4e8ea00f842adc581ab5,10,9b77dad2bdcf4814b042fa47889f19f6,0.6799943221848517,0.7278933823485761,-0.04789906016372447,0.41215009372140254,0.331071414538017,0.08107867918338557,-0.08107867918338557,False,False,,
M2:A1,34daad97663c4e8ea00f842adc581ab5,11,2b77a910c5e749f9a620d893361c1976,0.726537234617594,0.7966933386660723,-0.07015610404847827,0.4643559397120609,0.26429675101314676,0.20005918869891415,-0.20005918869891415,False,False,,
M2:A1,34daad97663c4e8ea00f842adc581ab5,12,097394612e494d1ebe1750ed54a27763,0.6258581875412573,0.8012407384361409,-0.17538255089488353,0.6503411319781073,0.16042221451364977,0.4899189174644575,-0.4899189174644575,False,False,,
M2:A1,34daad97663c4e8ea00f842adc581ab5,13,20601ccb0ab0445db56bad84060c1323,0.5156667722125982,0.7220432093965276,-0.2063764371839294,0.8127993332517841,0.1982926721321875,0.6145066611195966,-0.6145066611195966,False,False,,
M2:A1,34daad97663c4e8ea00f842adc581ab5,14,746857c6bd46430fa4b5b82186e716e0,0.4743329016506438,0.6598844645972834,-0.18555156294663966,0.8326601370750195,0.2570034660442488,0.5756566710307707,-0.5756566710307707,False,False,,
M2:A1,34daad97663c4e8ea00f842adc581ab5,15,ef4fbe4064a74ce6b0a52cb3dd2e0bf0,0.504191137491275,0.6931442257938064,-0.18895308830253144,0.8122102830802885,0.24067812981756206,0.5715321532627264,-0.5715321532627264,False,False,,
M2:A1,34daad97663c4e8ea00f842adc581ab5,16,63d7813869b34ee9aa65064e93775e58,0.5181658954604362,0.7516900650614836,-0.23352416960104738,0.8750751520405585,0.20640561766975438,0.6686695343708041,-0.6686695343708041,False,False,,
M2:A1,34daad97663c4e8ea00f842adc581ab5,17,3d5a6fe339f3490297e4b9d1f3949618,0.5209763437350445,0.6979203029134853,-0.17694395917844075,0.7983341987302035,0.3462879560323267,0.4520462426978768,-0.4520462426978768,False,False,,
M2:A1,34daad97663c4e8ea00f842adc581ab5,18,306e66375cf94c7881864ba03782d2d2,0.6952898616948847,0.7147277608844631,-0.01943789918957839,0.6937054963537462,0.4490477298289786,0.24465776652476762,-0.24465776652476762,False,False,,
M2:A1,34daad97663c4e8ea00f842adc581ab5,19,49cd09e4a07145258972fc4e6b18e42d,0.7160074012208654,0.6832987548917501,0.0327086463291153,0.6267521118099936,0.5703769496570821,0.056375162152911495,-0.056375162152911495,False,False,,
M2:A1,34daad97663c4e8ea00f842adc581ab5,20,60448167db014ef49dcfb65d89d69b3f,0.7261354966493414,0.6404543838025161,0.08568111284682534,0.5282443313904374,0.7420128921949092,-0.21376856080447182,0.21376856080447182,False,False,,
M2:A1,34daad97663c4e8ea00f842adc581ab5,21,f0bb168a6bc34e0bba79dd122b6394b0,0.6793856040171601,0.6606754444959352,0.0187101595212249,0.5687150494785947,0.7792388394458879,-0.21052378996729315,0.21052378996729315,False,False,,
M2:A1,34daad97663c4e8ea00f842adc581ab5,22,a82ac06abf0d4d5ea70af9e19e82305e,0.7023537363457438,0.6447021916163036,0.05765154472944023,0.5649755788728971,0.8324603076138789,-0.26748472874098184,0.26748472874098184,False,False,,
M2:A1,34daad97663c4e8ea00f842adc581ab5,23,2a572213c61c4d40a1955c2aecee6104,0.6626616051826669,0.5912971849883666,0.07136442019430034,0.5669765004893293,0.9240954794596528,-0.3571189789703234,0.3571189789703234,False,False,,
M2:A1,34daad97663c4e8ea00f842adc581ab5,24,4734352144ac49a7b02960b99573fc14,0.690292978910238,0.5357897310861389,0.15450324782409908,0.5615217295023985,1.0135492530629968,-0.4520275235605983,0.4520275235605983,False,False,,
M2:A1,34daad97663c4e8ea00f842adc581ab5,25,0ab9ec2730894df2b48df70d0d2e84a9,0.7068583029329276,0.485805983835608,0.2210523190973196,0.5486260337520426,1.08588181102777,-0.5372557772757274,0.5372557772757274,False,False,,
M2:A1,34daad97663c4e8ea00f842adc581ab5,26,cb708f56b6104d638f93e3906cba5b82,0.6349596632735844,0.46744005734994554,0.1675196059236389,0.6806412855968417,1.0527132520152078,-0.37207196641836615,0.37207196641836615,False,False,,
M2:A1,ca5b3ca5aea745ee8fe12b0f74d77f8e,0,65e07a70e6b5404a87bf34e49d4c0924,1.0000000000000049,1.0000000000000049,0.0,0.0,0.0,0.0,0.0,False,False,,
M2:A1,ca5b3ca5aea745ee8fe12b0f74d77f8e,1,9ab5069c183c492b82b0ab30133080c1,0.9437690656124355,0.9035840348054975,0.040185030806937916,0.035016238029694495,0.08651919588348728,-0.05150295785379278,0.05150295785379278,False,False,,
M2:A1,ca5b3ca5aea745ee8fe12b0f74d77f8e,2,4258ba3b8b8142f48c3249d310a8c3d2,0.8935435542371987,0.8213421976127603,0.07220135662443838,0.06863199292026514,0.17008141105772878,-0.10144941813746364,0.10144941813746364,False,False,,
M2:A1,ca5b3ca5aea745ee8fe12b0f74d77f8e,3,8970a737ebee4443af37102473aaef8b,0.8576056117229046,0.7518792127570164,0.1057263989658882,0.09448608174621552,0.24867732916190205,-0.15419124741568652,0.15419124741568652,False,False,,
M2:A1,ca5b3ca5aea745ee8fe12b0f74d77f8e,4,83f3eb36fc7144ab902e192db3a98c06,0.7044611253386204,0.6908430444587655,0.013618080879854833,0.21972103293752007,0.3267373198490988,-0.10701628691157875,0.10701628691157875,False,False,,
M2:A1,ca5b3ca5aea745ee8fe12b0f74d77f8e,5,0fc0a764b3ec4c8196ffa35598fbda5f,0.670539929494169,0.6416870225802176,0.02885290691395137,0.2516712221299148,0.3840905241714529,-0.13241930204153812,0.13241930204153812,False,False,,
M2:A1,ca5b3ca5aea745ee8fe12b0f74d77f8e,6,ef823f39fe034fdc9651a363fc81327b,0.7093467550715947,0.6783262396646764,0.031020515406918303,0.23885275557585756,0.37641086309013744,-0.13755810751427988,0.13755810751427988,False,False,,
M2:A1,ca5b3ca5aea745ee8fe12b0f74d77f8e,7,f8de967b00394c9e88558219feef8426,0.7477505627091371,0.7085026305487941,0.039247932160342947,0.2555813754544938,0.3977635951095434,-0.14218221965504962,0.14218221965504962,False,False,,
M2:A1,ca5b3ca5aea745ee8fe12b0f74d77f8e,8,cb440b4d1912467fb51d871f0ccf8e8a,0.6997966212998353,0.6854262472007279,0.014370374099107464,0.2970875435820155,0.4250180035622777,-0.1279304599802622,0.1279304599802622,False,False,,
M2:A1,ca5b3ca5aea745ee8fe12b0f74d77f8e,9,13546ea263ff48f49899cb30ac0004e9,0.6077545791696289,0.6220412953880271,-0.014286716218398166,0.3939446350834859,0.42778979366827186,-0.033845158584785984,0.033845158584785984,False,False,,
M2:A1,ca5b3ca5aea745ee8fe12b0f74d77f8e,10,9b77dad2bdcf4814b042fa47889f19f6,0.5314363625019107,0.5647052128250362,-0.03326885032312543,0.49593119883596626,0.451366004090494,0.04456519474547227,-0.04456519474547227,False,False,,
M2:A1,ca5b3ca5aea745ee8fe12b0f74d77f8e,11,2b77a910c5e749f9a620d893361c1976,0.4648768842090272,0.5107302311438653,-0.04585334693483811,0.6011924667049053,0.48905815227053934,0.112134314434366,-0.112134314434366,False,False,,
M2:A1,ca5b3ca5aea745ee8fe12b0f74d77f8e,12,097394612e494d1ebe1750ed54a27763,0.40671585416744144,0.46549881790147574,-0.0587829637340343,0.7077660595790901,0.5232902787654069,0.1844757808136832,-0.1844757808136832,False,False,,
M2:A1,ca5b3ca5aea745ee8fe12b0f74d77f8e,13,20601ccb0ab0445db56bad84060c1323,0.3955860255383526,0.4607004140351852,-0.0651143884968326,0.7366423557474243,0.5360417405597067,0.20060061518771766,-0.20060061518771766,False,False,,
M2:A1,ca5b3ca5aea745ee8fe12b0f74d77f8e,14,746857c6bd46430fa4b5b82186e716e0,0.38267616081782463,0.45502091137215667,-0.07234475055433204,0.7706921544715656,0.5514294396948601,0.21926271477670545,-0.21926271477670545,False,False,,
M2:A1,ca5b3ca5aea745ee8fe12b0f74d77f8e,15,ef4fbe4064a74ce6b0a52cb3dd2e0bf0,0.3697286462925726,0.44762149775196636,-0.07789285145939373,0.8063615648423663,0.5756415020802506,0.23072006276211576,-0.23072006276211576,False,False,,
M2:A1,ca5b3ca5aea745ee8fe12b0f74d77f8e,16,63d7813869b34ee9aa65064e93775e58,0.3561526853821622,0.4383514265924391,-0.08219874121027687,0.8464900597150765,0.6086273545254284,0.23786270518964814,-0.23786270518964814,False,False,,
M2:A1,ca5b3ca5aea745ee8fe12b0f74d77f8e,17,3d5a6fe339f3490297e4b9d1f3949618,0.3417308388682277,0.429597862630248,-0.08786702376202032,0.8898975010720411,0.6385556402248976,0.2513418608471435,-0.2513418608471435,False,False,,
M2:A1,ca5b3ca5aea745ee8fe12b0f74d77f8e,18,306e66375cf94c7881864ba03782d2d2,0.3420928525771401,0.4183810533577588,-0.07628820078061871,0.8738880885160447,0.7119991442102924,0.1618889443057523,-0.1618889443057523,False,False,,
M2:A1,ca5b3ca5aea745ee8fe12b0f74d77f8e,19,49cd09e4a07145258972fc4e6b18e42d,0.3410466855558429,0.40375137843243647,-0.06270469287659358,0.864742605598833,0.8011703485776251,0.06357225702120783,-0.06357225702120783,False,False,,
M2:A1,ca5b3ca5aea745ee8fe12b0f74d77f8e,20,60448167db014ef49dcfb65d89d69b3f,0.3392063532917463,0.38720369693663204,-0.047997343644885726,0.8630065564176786,0.8873799787176077,-0.024373422299929004,0.024373422299929004,False,False,,
M2:A1,ca5b3ca5aea745ee8fe12b0f74d77f8e,21,f0bb168a6bc34e0bba79dd122b6394b0,0.33631234795824605,0.3602938669292907,-0.02398151897104467,0.8661289918082312,0.9741223189056017,-0.10799332709737053,0.10799332709737053,False,False,,
M2:A1,ca5b3ca5aea745ee8fe12b0f74d77f8e,22,a82ac06abf0d4d5ea70af9e19e82305e,0.3568297027663253,0.3830911519450944,-0.026261449178769103,0.8234304894191413,0.9611125597459612,-0.1376820703268199,0.1376820703268199,False,False,,
M2:A1,ca5b3ca5aea745ee8fe12b0f74d77f8e,23,2a572213c61c4d40a1955c2aecee6104,0.3778132496493249,0.40505975214689893,-0.027246502497574043,0.782859083529615,0.9654607751982863,-0.18260169166867135,0.18260169166867135,False,False,,
M2:A1,ca5b3ca5aea745ee8fe12b0f74d77f8e,24,4734352144ac49a7b02960b99573fc14,0.39890183592023276,0.4298172142426607,-0.03091537832242791,0.7421566699731235,0.9562563274835747,-0.21409965751045124,0.21409965751045124,False,False,,
M2:A1,ca5b3ca5aea745ee8fe12b0f74d77f8e,25,0ab9ec2730894df2b48df70d0d2e84a9,0.4202528153530521,0.45528954587905834,-0.035036730526006254,0.7024249891581459,0.9553058789769822,-0.2528808898188363,0.2528808898188363,False,False,,
M2:A1,ca5b3ca5aea745ee8fe12b0f74d77f8e,26,cb708f56b6104d638f93e3906cba5b82,0.4419629491901161,0.4780047151620347,-0.036041765971918605,0.6637075889458882,0.9776135697615648,-0.31390598081567656,0.31390598081567656,False,False,,
M2:A1,ca5b3ca5aea745ee8fe12b0f74d77f8e,27,fd6002d736cb405796fc4fbdd5af6f7f,0.47827974754167996,0.5096749557155186,-0.03139520817383862,0.6173718896908789,0.9792819089011936,-0.36191001921031474,0.36191001921031474,False,False,,
M2:A1,ca5b3ca5aea745ee8fe12b0f74d77f8e,28,7f769bb638214009813b92df0cfb501a,0.5166698151585011,0.5396609666591852,-0.022991151500684093,0.5731678888784209,0.9980760970906568,-0.42490820821223596,0.42490820821223596,False,False,,
M2:A1,ca5b3ca5aea745ee8fe12b0f74d77f8e,29,f76469bb5b5747dbaedb1c59990b5579,0.5571244072978986,0.568611528933058,-0.011487121635159414,0.5311055188163439,1.0198109606280619,-0.48870544181171793,0.48870544181171793,False,False,,
M2:A1,ca5b3ca5aea745ee8fe12b0f74d77f8e,30,770820077d44452a8428299e33808c0f,0.6007630789993239,0.5955606060132606,0.005202472986063356,0.4946968871648953,1.0551760130241825,-0.5604791258592872,0.5604791258592872,False,False,,
M2:A1,ca5b3ca5aea745ee8fe12b0f74d77f8e,31,8a7007fd59cf4f39a3855b0e82136105,0.6460935496075739,0.5952298563208657,0.050863693286708256,0.4612766175331066,1.1083784846347733,-0.6471018671016666,0.6471018671016666,False,False,,
M2:A1,ca5b3ca5aea745ee8fe12b0f74d77f8e,32,15f4465f9fe44b80ab54908983b1cf68,0.7000924936629038,0.5367792804992298,0.16331321316367398,0.4305361398615559,1.1565017919499345,-0.7259656520883786,0.7259656520883786,False,False,,
M2:A1,ca5b3ca5aea745ee8fe12b0f74d77f8e,33,f94199c2a589484d8e32dd6bf4931d4f,0.7605590650680538,0.4746581853015771,0.2859008797664767,0.41110800819780624,1.2447989596147053,-0.8336909514168991,0.8336909514168991,False,False,,
M2:A1,ca5b3ca5aea745ee8fe12b0f74d77f8e,34,a07f902656eb4f0fb2e5a77f803fb37c,0.8224236038429154,0.42366436217728193,0.3987592416656334,0.4105416070332533,1.3242933097904217,-0.9137517027571684,0.9137517027571684,False,False,,
M2:A1,ca5b3ca5aea745ee8fe12b0f74d77f8e,35,bec365d878c4413d85d5fbb3eb3b3f46,0.7671616406356698,0.37723429332108993,0.3899273473145799,0.41663152646666063,1.4125798437660042,-0.9959483172993435,0.9959483172993435,False,False,,
M2:A1,ca5b3ca5aea745ee8fe12b0f74d77f8e,36,7ac804cee1cd4d48ac2ea0ac97726bc9,0.7045764181081001,0.3371401128100163,0.3674363052980838,0.43465721086251935,1.486363834705517,-1.0517066238429977,1.0517066238429977,False,False,,
M2:A1,ca5b3ca5aea745ee8fe12b0f74d77f8e,37,54259afa6c644e1d99422df9da1c8f35,0.4758195746444342,0.2208853329798214,0.25493424166461276,0.6362728850521249,1.6691194752786114,-1.0328465902264865,1.0328465902264865,False,False,,
M2:A1,ca5b3ca5aea745ee8fe12b0f74d77f8e,38,fa8abe51b4104eb68fc7f85ab1c475bb,0.3045822004171829,0.12552487756682565,0.17905732285035728,0.9168422051883537,1.9002563856182577,-0.983414180429904,0.983414180429904,False,False,,
M2:A1,ca5b3ca5aea745ee8fe12b0f74d77f8e,39,bc84a61f13f744cd8f5aa8e888ce879b,0.16958016865873607,0.045573980482776735,0.12400618817595933,1.2238781926051283,2.165724342275744,-0.9418461496706159,0.9418461496706159,False,False,,
M2:A1,720ca55c654a4ac8bfe9babd1c1072be,0,4258ba3b8b8142f48c3249d310a8c3d2,0.9999999999999929,0.9999999999999929,0.0,0.0,0.0,0.0,0.0,False,False,,
M2:A1,720ca55c654a4ac8bfe9babd1c1072be,1,8970a737ebee4443af37102473aaef8b,0.899608818664129,0.8526863683101545,0.046922450353974465,0.06009922903979526,0.1224774609583898,-0.06237823191859453,0.06237823191859453,False,False,,
M2:A1,720ca55c654a4ac8bfe9babd1c1072be,2,83f3eb36fc7144ab902e192db3a98c06,0.9232421198671974,0.8303144057712215,0.09292771409597589,0.053318217268495484,0.21000302465068993,-0.15668480738219445,0.15668480738219445,False,False,,
M2:A1,720ca55c654a4ac8bfe9babd1c1072be,3,0fc0a764b3ec4c8196ffa35598fbda5f,0.886400386887637,0.7690558775003389,0.11734450938729812,0.0688382580223009,0.2708051103937996,-0.20196685237149872,0.20196685237149872,False,False,,
M2:A1,720ca55c654a4ac8bfe9babd1c1072be,4,ef823f39fe034fdc9651a363fc81327b,0.8551668791231503,0.7288852035390869,0.12628167558406334,0.09182141914737778,0.29035642626275465,-0.19853500711537686,0.19853500711537686,False,False,,
M2:A1,720ca55c654a4ac8bfe9babd1c1072be,5,f8de967b00394c9e88558219feef8426,0.8641302708531069,0.695064575444083,0.16906569540902394,0.08707422565315015,0.3653598445848041,-0.27828561893165393,0.27828561893165393,False,False,,
M2:A1,720ca55c654a4ac8bfe9babd1c1072be,6,cb440b4d1912467fb51d871f0ccf8e8a,0.8104521836507917,0.8124632143383222,-0.0020110306875305017,0.18290484452442723,0.23718459018501228,-0.05427974566058505,0.05427974566058505,False,False,,
M2:A1,720ca55c654a4ac8bfe9babd1c1072be,7,13546ea263ff48f49899cb30ac0004e9,0.6435919375911293,0.765970386349567,-0.12237844875843773,0.38922138702739245,0.15423103013025785,0.2349903568971346,-0.2349903568971346,False,False,,
M2:A1,720ca55c654a4ac8bfe9babd1c1072be,8,9b77dad2bdcf4814b042fa47889f19f6,0.5127207908315293,0.6384169988506159,-0.12569620801908654,0.6029787288699833,0.26888630927365853,0.33409241959632474,-0.33409241959632474,False,False,,
M2:A1,720ca55c654a4ac8bfe9babd1c1072be,9,2b77a910c5e749f9a620d893361c1976,0.48033706527806697,0.6164419067520956,-0.13610484147402868,0.627773007661401,0.2855184696541989,0.34225453800720207,-0.34225453800720207,False,False,,
M2:A1,720ca55c654a4ac8bfe9babd1c1072be,10,097394612e494d1ebe1750ed54a27763,0.4490660148901683,0.5903034900563262,-0.14123747516615792,0.6556976274538504,0.31508409830969464,0.34061352914415577,-0.34061352914415577,False,False,,
M2:A1,720ca55c654a4ac8bfe9babd1c1072be,11,20601ccb0ab0445db56bad84060c1323,0.44396198776436296,0.600996706726077,-0.157034718961714,0.6804496501762933,0.3047117874301271,0.3757378627461662,-0.3757378627461662,False,False,,
M2:A1,720ca55c654a4ac8bfe9babd1c1072be,12,746857c6bd46430fa4b5b82186e716e0,0.47858231623960434,0.6525084121726296,-0.17392609593302522,0.6472914398496343,0.25289606979009743,0.3943953700595369,-0.3943953700595369,False,False,,
M2:A1,720ca55c654a4ac8bfe9babd1c1072be,13,ef4fbe4064a74ce6b0a52cb3dd2e0bf0,0.5161001705188172,0.6980825974143088,-0.1819824268954916,0.6165248950610852,0.2065746837552167,0.4099502113058685,-0.4099502113058685,False,False,,
M2:A1,720ca55c654a4ac8bfe9babd1c1072be,14,63d7813869b34ee9aa65064e93775e58,0.5603027324169939,0.7259996428477371,-0.1656969104307432,0.5613593035325583,0.19828495785140884,0.3630743456811494,-0.3630743456811494,False,False,,
M2:A1,720ca55c654a4ac8bfe9babd1c1072be,15,3d5a6fe339f3490297e4b9d1f3949618,0.6097002746883097,0.7909267898594142,-0.18122651517110455,0.5663607215365615,0.18074694558794394,0.38561377594861757,-0.38561377594861757,False,False,,
M2:A1,720ca55c654a4ac8bfe9babd1c1072be,16,306e66375cf94c7881864ba03782d2d2,0.6333379762004098,0.7456120883859843,-0.11227411218557448,0.47440954198132673,0.31346706568846805,0.16094247629285868,-0.16094247629285868,False,False,,
M2:A1,720ca55c654a4ac8bfe9babd1c1072be,17,49cd09e4a07145258972fc4e6b18e42d,0.6305810682316942,0.7416886153602577,-0.11110754712856341,0.5002632707784116,0.326748795008839,0.17351447576957257,-0.17351447576957257,False,False,,
M2:A1,720ca55c654a4ac8bfe9babd1c1072be,18,60448167db014ef49dcfb65d89d69b3f,0.6330621089953579,0.7292103169507654,-0.09614820795540757,0.4977565689460151,0.37364528496508376,0.12411128398093135,-0.12411128398093135,False,False,,
M2:A1,720ca55c654a4ac8bfe9babd1c1072be,19,f0bb168a6bc34e0bba79dd122b6394b0,0.6348749616415066,0.7133688940010288,-0.07849393235952218,0.49576554349488083,0.4204218421827927,0.07534370131208812,-0.07534370131208812,False,False,,
M2:A1,720ca55c654a4ac8bfe9babd1c1072be,20,a82ac06abf0d4d5ea70af9e19e82305e,0.5401556350467857,0.5941651306279925,-0.05400949558120682,0.5348368108040362,0.5177386709038391,0.01709813990019715,-0.01709813990019715,False,False,,
M2:A1,720ca55c654a4ac8bfe9babd1c1072be,21,2a572213c61c4d40a1955c2aecee6104,0.5916583839380628,0.5986879757840747,-0.007029591846011929,0.4809378815417419,0.6193329288194649,-0.138395047277723,0.138395047277723,False,False,,
M2:A1,720ca55c654a4ac8bfe9babd1c1072be,22,4734352144ac49a7b02960b99573fc14,0.6375179002099572,0.4897591192563591,0.14775878095359812,0.4667776689894714,0.7100351134602918,-0.24325744447082043,0.24325744447082043,False,False,,
M2:A1,720ca55c654a4ac8bfe9babd1c1072be,23,0ab9ec2730894df2b48df70d0d2e84a9,0.6048993996537586,0.4098616043992141,0.1950377952545445,0.4888501596976321,0.7967777724455094,-0.3079276127478773,0.3079276127478773,False,False,,
M2:A1,720ca55c654a4ac8bfe9babd1c1072be,24,cb708f56b6104d638f93e3906cba5b82,0.67767587749092,0.42322907941238036,0.2544467980785396,0.4135722291322302,0.8812612103451526,-0.4676889812129224,0.4676889812129224,False,False,,
M2:A1,63510eb8f6ed4b3189002b1f2648ea1f,0,ef4fbe4064a74ce6b0a52cb3dd2e0bf0,0.999999999999978,0.999999999999978,0.0,0.0,0.0,0.0,0.0,False,False,,
M2:A1,63510eb8f6ed4b3189002b1f2648ea1f,1,63d7813869b34ee9aa65064e93775e58,0.910221544034271,0.910221544034271,0.0,0.07708436936239402,0.07708436936239402,0.0,0.0,True,True,,
M2:A1,63510eb8f6ed4b3189002b1f2648ea1f,2,3d5a6fe339f3490297e4b9d1f3949618,0.822528969410435,0.7969404669264456,0.02558850248398936,0.17002116984059037,0.1983476459953498,-0.028326476154759417,0.028326476154759417,False,False,,
M2:A1,63510eb8f6ed4b3189002b1f2648ea1f,3,306e66375cf94c7881864ba03782d2d2,0.7378734351880786,0.7114148442372717,0.026458590950806826,0.2792721292476707,0.3216295637975343,-0.042357434549863626,0.042357434549863626,False,False,,
M2:A1,63510eb8f6ed4b3189002b1f2648ea1f,4,49cd09e4a07145258972fc4e6b18e42d,0.6771031814630645,0.6586365856519284,0.018466595811136077,0.42192753685064394,0.4309508225635694,-0.009023285712925488,0.009023285712925488,False,False,,
M2:A1,63510eb8f6ed4b3189002b1f2648ea1f,5,60448167db014ef49dcfb65d89d69b3f,0.6262838749117134,0.6235231741520989,0.0027607007596145428,0.552568429510527,0.4999399642330686,0.0526284652774584,-0.0526284652774584,False,False,,
M2:A1,63510eb8f6ed4b3189002b1f2648ea1f,6,f0bb168a6bc34e0bba79dd122b6394b0,0.5751040518296912,0.5955915463704031,-0.02048749454071197,0.6972010877447884,0.5682328297094836,0.12896825803530476,-0.12896825803530476,False,False,,
M2:A1,63510eb8f6ed4b3189002b1f2648ea1f,7,a82ac06abf0d4d5ea70af9e19e82305e,0.5627542788838591,0.5859134508139048,-0.023159171930045686,0.6109730906321947,0.4630894441329329,0.14788364649926183,-0.14788364649926183,False,False,,
M2:A1,63510eb8f6ed4b3189002b1f2648ea1f,8,2a572213c61c4d40a1955c2aecee6104,0.5454025150849297,0.5793085495850255,-0.03390603450009588,0.549915685958684,0.3881780048977816,0.16173768106090242,-0.16173768106090242,False,False,,
M2:A1,63510eb8f6ed4b3189002b1f2648ea1f,9,4734352144ac49a7b02960b99573fc14,0.5286290230885423,0.5536806249496693,-0.025051601861126982,0.5008174325141416,0.4106706404009021,0.09014679211323945,-0.09014679211323945,False,False,,
M2:A1,63510eb8f6ed4b3189002b1f2648ea1f,10,0ab9ec2730894df2b48df70d0d2e84a9,0.48615911457580097,0.5046315561040163,-0.018472441528215366,0.5597791125337401,0.4915613369867297,0.06821777554701042,-0.06821777554701042,False,False,,
M2:A1,63510eb8f6ed4b3189002b1f2648ea1f,11,cb708f56b6104d638f93e3906cba5b82,0.44566773228527146,0.4637433105471292,-0.01807557826185774,0.6243055487795074,0.5666571902536305,0.05764835852587691,-0.05764835852587691,False,False,,
M2:A1,63510eb8f6ed4b3189002b1f2648ea1f,12,fd6002d736cb405796fc4fbdd5af6f7f,0.4058621439294799,0.40509029819616754,0.0007718457333123485,0.6947788846123125,0.6541998831570136,0.04057900145529891,-0.04057900145529891,False,False,,
M2:A1,63510eb8f6ed4b3189002b1f2648ea1f,13,7f769bb638214009813b92df0cfb501a,0.3690742626491645,0.3491541793395651,0.01992008330959938,0.7614438008270858,0.7435447280957133,0.01789907273137259,-0.01789907273137259,False,False,,
M2:A1,63510eb8f6ed4b3189002b1f2648ea1f,14,f76469bb5b5747dbaedb1c59990b5579,0.3332181994677855,0.3007145453714242,0.0325036540963613,0.8314701929983175,0.8297640478419303,0.0017061451563872287,-0.0017061451563872287,False,False,,
M2:A1,63510eb8f6ed4b3189002b1f2648ea1f,15,770820077d44452a8428299e33808c0f,0.29918036004502924,0.2537704424029034,0.04540991764212582,0.9010495523826451,0.9199227701379333,-0.018873217755288274,0.018873217755288274,False,False,,
M2:A1,63510eb8f6ed4b3189002b1f2648ea1f,16,8a7007fd59cf4f39a3855b0e82136105,0.26045269335825594,0.21567613103926814,0.0447765623189878,0.9733575929709738,1.0012350420184004,-0.027877449047426617,0.027877449047426617,False,False,,
M2:A1,63510eb8f6ed4b3189002b1f2648ea1f,17,15f4465f9fe44b80ab54908983b1cf68,0.2239334085659372,0.1779025542554287,0.04603085431050849,1.047660682846743,1.0875175479413617,-0.03985686509461872,0.03985686509461872,False,False,,
M2:A1,63510eb8f6ed4b3189002b1f2648ea1f,18,f94199c2a589484d8e32dd6bf4931d4f,0.19054193443449133,0.14338379437570942,0.04715814005878191,1.1213514366278434,1.1747081634572325,-0.05335672682938908,0.05335672682938908,False,False,,
M2:A1,63510eb8f6ed4b3189002b1f2648ea1f,19,a07f902656eb4f0fb2e5a77f803fb37c,0.16073820489863577,0.11243499466926274,0.048303210229373034,1.1964419350872362,1.263283232392087,-0.06684129730485089,0.06684129730485089,False,False,,
M2:A1,63510eb8f6ed4b3189002b1f2648ea1f,20,bec365d878c4413d85d5fbb3eb3b3f46,0.13282878756375896,0.08438307765820699,0.04844570990555197,1.2708378893780938,1.352391954028075,-0.08155406464998127,0.08155406464998127,False,False,,
M2:A1,63510eb8f6ed4b3189002b1f2648ea1f,21,7ac804cee1cd4d48ac2ea0ac97726bc9,0.10622656275649711,0.05906057790745199,0.04716598484904512,1.34738539497692,1.4399272739636726,-0.0925418789867527,0.0925418789867527,False,False,,
M2:A1,63510eb8f6ed4b3189002b1f2648ea1f,22,54259afa6c644e1d99422df9da1c8f35,0.08083709046663747,0.03491920690085837,0.0459178835657791,1.426247548517325,1.5331052238519893,-0.10685767533466439,0.10685767533466439,False,False,,
M2:A1,63510eb8f6ed4b3189002b1f2648ea1f,23,fa8abe51b4104eb68fc7f85ab1c475bb,0.04743250650877336,0.006262815986455278,0.041169690522318086,1.6489801857513349,1.6298966762938716,0.019083509457463288,-0.019083509457463288,False,False,,
M2:A1,63510eb8f6ed4b3189002b1f2648ea1f,24,bc84a61f13f744cd8f5aa8e888ce879b,0.02083329876273788,0.0,0.02083329876273788,1.7837029001349962,1.7282477396301963,0.05545516050479993,-0.05545516050479993,False,False,,
M2:A1,63510eb8f6ed4b3189002b1f2648ea1f,25,76c090ac27774e66a592f40998d5537c,0.0,0.0,0.0,1.9200883230656365,1.828461120954061,0.09162720211157538,-0.09162720211157538,False,False,,
M2:A1,6dafc154a9ef43ff8fd680620dc90433,0,65e07a70e6b5404a87bf34e49d4c0924,0.999999999999955,0.999999999999955,0.0,0.0,0.0,0.0,0.0,False,False,,
M2:A1,6dafc154a9ef43ff8fd680620dc90433,1,9ab5069c183c492b82b0ab30133080c1,0.9227332992294691,0.9063953926177003,0.016337906611768815,0.07242198583123394,0.09037507917908275,-0.01795309334784881,0.01795309334784881,False,False,,
M2:A1,6dafc154a9ef43ff8fd680620dc90433,2,4258ba3b8b8142f48c3249d310a8c3d2,0.91524121253953,0.8778958798650875,0.0373453326744424,0.0690161510930671,0.1311771661358633,-0.06216101504279621,0.06216101504279621,False,False,,
M2:A1,6dafc154a9ef43ff8fd680620dc90433,3,8970a737ebee4443af37102473aaef8b,0.901669300643034,0.8436874359814739,0.05798186466156008,0.06934188654469144,0.20661153763104753,-0.13726965108635608,0.13726965108635608,False,False,,
M2:A1,6dafc154a9ef43ff8fd680620dc90433,4,83f3eb36fc7144ab902e192db3a98c06,0.8810000930932393,0.7901016497271522,0.0908984433660871,0.08013066811718973,0.27570450145711767,-0.19557383333992795,0.19557383333992795,False,False,,
M2:A1,6dafc154a9ef43ff8fd680620dc90433,5,0fc0a764b3ec4c8196ffa35598fbda5f,0.8615857383810388,0.7662950635062052,0.09529067487483356,0.09748704596628856,0.31761018275410585,-0.2201231367878173,0.2201231367878173,False,False,,
M2:A1,6dafc154a9ef43ff8fd680620dc90433,6,ef823f39fe034fdc9651a363fc81327b,0.8428158462667464,0.7207798437333321,0.12203600253341429,0.11607064308466718,0.4278908088105612,-0.311820165725894,0.311820165725894,False,False,,
M2:A1,6dafc154a9ef43ff8fd680620dc90433,7,f8de967b00394c9e88558219feef8426,0.8245808696227832,0.6914934524351339,0.13308741718764927,0.13893291780521833,0.49890810304220323,-0.3599751852369849,0.3599751852369849,False,False,,
M2:A1,6dafc154a9ef43ff8fd680620dc90433,8,cb440b4d1912467fb51d871f0ccf8e8a,0.8079577559296304,0.6669053251142696,0.14105243081536079,0.15475218658773252,0.5536490822749891,-0.3988968956872566,0.3988968956872566,False,False,,
M2:A1,6dafc154a9ef43ff8fd680620dc90433,9,13546ea263ff48f49899cb30ac0004e9,0.7904108318279123,0.6447308290709229,0.14568000275698934,0.16922106875603674,0.6014653436645842,-0.43224427490854744,0.43224427490854744,False,False,,
M2:A1,6dafc154a9ef43ff8fd680620dc90433,10,9b77dad2bdcf4814b042fa47889f19f6,0.7732565450346125,0.6179341922859405,0.155322352748672,0.18607504138478184,0.6654761765019233,-0.47940113511714144,0.47940113511714144,False,False,,
M2:A1,6dafc154a9ef43ff8fd680620dc90433,11,2b77a910c5e749f9a620d893361c1976,0.7561700673032554,0.5968166071377771,0.15935346016547836,0.20201348449311057,0.7153048811241158,-0.5132913966310053,0.5132913966310053,False,False,,
M2:A1,6dafc154a9ef43ff8fd680620dc90433,12,097394612e494d1ebe1750ed54a27763,0.755720027933742,0.5880845745822514,0.16763545335149066,0.19859933193228943,0.7666223567956958,-0.5680230248634064,0.5680230248634064,False,False,,
M2:A1,6dafc154a9ef43ff8fd680620dc90433,13,20601ccb0ab0445db56bad84060c1323,0.7588362462765357,0.5804747717282168,0.17836147454831885,0.19466085967163868,0.8180251128452305,-0.6233642531735918,0.6233642531735918,False,False,,
M2:A1,6dafc154a9ef43ff8fd680620dc90433,14,746857c6bd46430fa4b5b82186e716e0,0.7609961899578106,0.5752620471390435,0.1857341428187671,0.19049928505712763,0.8626075094174219,-0.6721082243602943,0.6721082243602943,False,False,,
M2:A1,6dafc154a9ef43ff8fd680620dc90433,15,ef4fbe4064a74ce6b0a52cb3dd2e0bf0,0.7612056007719022,0.5747596294710537,0.1864459713008485,0.18603550412607933,0.8862798799646538,-0.7002443758385746,0.7002443758385746,False,False,,
M2:A1,6dafc154a9ef43ff8fd680620dc90433,16,63d7813869b34ee9aa65064e93775e58,0.8457653922477893,0.6265565782753112,0.21920881397247816,0.10981227787041219,0.911064100198217,-0.8012518223278049,0.8012518223278049,False,False,,
M2:A1,6dafc154a9ef43ff8fd680620dc90433,17,3d5a6fe339f3490297e4b9d1f3949618,0.8966475754779879,0.6544897166611346,0.24215785881685326,0.0853752317160357,0.9411470066234976,-0.8557717749074619,0.8557717749074619,False,False,,
M2:A1,6dafc154a9ef43ff8fd680620dc90433,18,306e66375cf94c7881864ba03782d2d2,0.7945313017318795,0.5825493404905253,0.21198196124135416,0.1466264820949835,0.9887704776379891,-0.8421439955430056,0.8421439955430056,False,False,,
M2:A1,6dafc154a9ef43ff8fd680620dc90433,19,49cd09e4a07145258972fc4e6b18e42d,0.693744505727096,0.5112763810864945,0.18246812464060147,0.2403626914776984,1.0633075945688182,-0.8229449030911198,0.8229449030911198,False,False,,
M2:A1,6dafc154a9ef43ff8fd680620dc90433,20,60448167db014ef49dcfb65d89d69b3f,0.6197126654328123,0.4521820007823695,0.16753066465044286,0.3268743424422743,1.1456835092951003,-0.818809166852826,0.818809166852826,False,False,,
M2:A1,6dafc154a9ef43ff8fd680620dc90433,21,f0bb168a6bc34e0bba79dd122b6394b0,0.6463336336571699,0.46710406795754383,0.17922956569962606,0.290826839480027,1.177169897895618,-0.8863430584155909,0.8863430584155909,False,False,,
M2:A1,6dafc154a9ef43ff8fd680620dc90433,22,a82ac06abf0d4d5ea70af9e19e82305e,0.6814933357777159,0.4822591559830475,0.19923417979466834,0.2504626790572103,1.2125899007785124,-0.962127221721302,0.962127221721302,False,False,,
M2:A1,6dafc154a9ef43ff8fd680620dc90433,23,2a572213c61c4d40a1955c2aecee6104,0.6745936874193406,0.46464029313726063,0.20995339428207993,0.2572815475368868,1.2752546797904405,-1.0179731322535537,1.0179731322535537,False,False,,
M2:A1,6dafc154a9ef43ff8fd680620dc90433,24,4734352144ac49a7b02960b99573fc14,0.6693496299872838,0.4459747051371957,0.22337492485008803,0.2628259190602463,1.352200727815063,-1.0893748087548167,1.0893748087548167,False,False,,
M2:A1,6dafc154a9ef43ff8fd680620dc90433,25,0ab9ec2730894df2b48df70d0d2e84a9,0.6652916084093269,0.4316150527280868,0.23367655568124007,0.26744579825393244,1.4153146957095846,-1.1478688974556521,1.1478688974556521,False,False,,
M2:A1,6dafc154a9ef43ff8fd680620dc90433,26,cb708f56b6104d638f93e3906cba5b82,0.5865632327826477,0.3755811663244167,0.21098206645823098,0.3643444366588677,1.5086618059044914,-1.1443173692456237,1.1443173692456237,False,False,,
M2:A1,e2878e5b8aa849a18e39baee3f3440bd,0,65e07a70e6b5404a87bf34e49d4c0924,0.9999999999999304,0.9999999999999304,0.0,0.0,0.0,0.0,0.0,False,False,,
M2:A1,e2878e5b8aa849a18e39baee3f3440bd,1,9ab5069c183c492b82b0ab30133080c1,0.9933311533968483,0.9684083056527554,0.024922847744092924,0.0051528443036095856,0.061340780904383135,-0.05618793660077355,0.05618793660077355,False,False,,
M2:A1,e2878e5b8aa849a18e39baee3f3440bd,2,4258ba3b8b8142f48c3249d310a8c3d2,0.9877959352725584,0.9339889431458046,0.05380699212675377,0.008583623853010838,0.1466066048524112,-0.13802298099940036,0.13802298099940036,False,False,,
M2:A1,e2878e5b8aa849a18e39baee3f3440bd,3,8970a737ebee4443af37102473aaef8b,0.983082724853874,0.9062316312265999,0.07685109362727416,0.012216774625039372,0.20694898786542196,-0.1947322132403826,0.1947322132403826,False,False,,
M2:A1,e2878e5b8aa849a18e39baee3f3440bd,4,83f3eb36fc7144ab902e192db3a98c06,0.976864277716678,0.8792537970672266,0.09761048064945144,0.018396913954251953,0.27589216549112616,-0.2574952515368742,0.2574952515368742,False,False,,
M2:A1,e2878e5b8aa849a18e39baee3f3440bd,5,0fc0a764b3ec4c8196ffa35598fbda5f,0.9710522328679483,0.8522519475984687,0.11880028526947961,0.024803826450575262,0.34959515496123594,-0.32479132851066067,0.32479132851066067,False,False,,
M2:A1,e2878e5b8aa849a18e39baee3f3440bd,6,ef823f39fe034fdc9651a363fc81327b,0.9750748786968542,0.830277429460885,0.14479744923596916,0.017933766827743964,0.3793503205234178,-0.3614165536956739,0.3614165536956739,False,False,,
M2:A1,e2878e5b8aa849a18e39baee3f3440bd,7,f8de967b00394c9e88558219feef8426,0.9655458022218463,0.8205567543300477,0.14498904789179856,0.029612020227693978,0.3861306249569618,-0.35651860472926783,0.35651860472926783,False,False,,
M2:A1,e2878e5b8aa849a18e39baee3f3440bd,8,cb440b4d1912467fb51d871f0ccf8e8a,0.9589108058701147,0.8091176221332362,0.14979318373687844,0.03605395108720418,0.38668639612109085,-0.3506324450338867,0.3506324450338867,False,False,,
M2:A1,e2878e5b8aa849a18e39baee3f3440bd,9,13546ea263ff48f49899cb30ac0004e9,0.9687058195296765,0.8226562743456852,0.14604954518399127,0.032040730682380524,0.3438863848794446,-0.3118456541970641,0.3118456541970641,False,False,,
M2:A1,e2878e5b8aa849a18e39baee3f3440bd,10,9b77dad2bdcf4814b042fa47889f19f6,0.8809491865110898,0.752480164959424,0.12846902155166573,0.10928770641082301,0.3853448961190965,-0.2760571897082735,0.2760571897082735,False,False,,
M2:A1,e2878e5b8aa849a18e39baee3f3440bd,11,2b77a910c5e749f9a620d893361c1976,0.8009783894674758,0.6786946318143432,0.1222837576531326,0.19763676177948936,0.4812468995768502,-0.28361013779736083,0.28361013779736083,False,False,,
M2:A1,e2878e5b8aa849a18e39baee3f3440bd,12,097394612e494d1ebe1750ed54a27763,0.7286252066135763,0.6129562130336697,0.11566899357990668,0.28745338931953557,0.5711239868919561,-0.2836705975724205,0.2836705975724205,False,False,,
M2:A1,e2878e5b8aa849a18e39baee3f3440bd,13,20601ccb0ab0445db56bad84060c1323,0.6594486534291225,0.5550183221414802,0.10443033128764234,0.37405925815820873,0.6553855588329973,-0.2813263006747886,0.2813263006747886,False,False,,
M2:A1,e2878e5b8aa849a18e39baee3f3440bd,14,746857c6bd46430fa4b5b82186e716e0,0.7609071013770474,0.637056461542646,0.12385063983440148,0.22048357548564188,0.6088381963246238,-0.38835462083898187,0.38835462083898187,False,False,,
M2:A1,e2878e5b8aa849a18e39baee3f3440bd,15,ef4fbe4064a74ce6b0a52cb3dd2e0bf0,0.8682363438162257,0.7217021099321017,0.146534233884124,0.10588565902525546,0.6220409253544064,-0.5161552663291509,0.5161552663291509,False,False,,
M2:A1,e2878e5b8aa849a18e39baee3f3440bd,16,63d7813869b34ee9aa65064e93775e58,0.7917501545270281,0.6826901503780395,0.10906000414898864,0.16662400201412203,0.6944205905458218,-0.5277965885316998,0.5277965885316998,False,False,,
M2:A1,e2878e5b8aa849a18e39baee3f3440bd,17,3d5a6fe339f3490297e4b9d1f3949618,0.6711444369679563,0.5824707813658986,0.08867365560205775,0.3037714564801861,0.7804728070650094,-0.4767013505848233,0.4767013505848233,False,False,,
M2:A1,e2878e5b8aa849a18e39baee3f3440bd,18,306e66375cf94c7881864ba03782d2d2,0.5011795091992525,0.4415296271777664,0.05964988202148608,0.5716607121940258,0.9436980287982911,-0.3720373166042653,0.3720373166042653,False,False,,
M2:A1,e2878e5b8aa849a18e39baee3f3440bd,19,49cd09e4a07145258972fc4e6b18e42d,0.5238611616602034,0.45568518564215205,0.06817597601805131,0.528101435182631,0.9601269958088351,-0.4320255606262041,0.4320255606262041,False,False,,
M2:A1,e2878e5b8aa849a18e39baee3f3440bd,20,60448167db014ef49dcfb65d89d69b3f,0.5486761735745324,0.4658950132459812,0.08278116032855115,0.4837502871323192,0.9963246470976692,-0.5125743599653501,0.5125743599653501,False,False,,
M2:A1,e2878e5b8aa849a18e39baee3f3440bd,21,f0bb168a6bc34e0bba79dd122b6394b0,0.5335808247896715,0.4485521712806875,0.08502865350898403,0.5097162214502091,1.049257933461317,-0.5395417120111079,0.5395417120111079,False,False,,
M2:A1,e2878e5b8aa849a18e39baee3f3440bd,22,a82ac06abf0d4d5ea70af9e19e82305e,0.5182491523283086,0.424367613436392,0.09388153889191658,0.5356695841302561,1.1280297505767545,-0.5923601664464984,0.5923601664464984,False,False,,
M2:A1,e2878e5b8aa849a18e39baee3f3440bd,23,2a572213c61c4d40a1955c2aecee6104,0.5007377813303329,0.4048905752571433,0.09584720607318958,0.5644826825385117,1.1873001454090466,-0.6228174628705349,0.6228174628705349,False,False,,
M2:A1,e2878e5b8aa849a18e39baee3f3440bd,24,4734352144ac49a7b02960b99573fc14,0.5283144269502295,0.4199009694613264,0.10841345748890308,0.512390953809175,1.2091370680996458,-0.6967461142904708,0.6967461142904708,False,False,,
M2:A1,e2878e5b8aa849a18e39baee3f3440bd,25,0ab9ec2730894df2b48df70d0d2e84a9,0.5602058301944791,0.42764701384329556,0.13255881635118355,0.4583743985931489,1.2697981863884926,-0.8114237877953437,0.8114237877953437,False,False,,
M2:A1,e2878e5b8aa849a18e39baee3f3440bd,26,cb708f56b6104d638f93e3906cba5b82,0.5222533614251813,0.39356376989887026,0.12868959152631104,0.5235411946204533,1.3462590564864503,-0.8227178618659969,0.8227178618659969,False,False,,
M2:A1,e2878e5b8aa849a18e39baee3f3440bd,27,fd6002d736cb405796fc4fbdd5af6f7f,0.4859410341585692,0.3590756254318521,0.1268654087267171,0.589625991905902,1.4328092412637194,-0.8431832493578174,0.8431832493578174,False,False,,
M2:A1,e2878e5b8aa849a18e39baee3f3440bd,28,7f769bb638214009813b92df0cfb501a,0.4496934264832609,0.3286839608619458,0.1210094656213151,0.6577467656842093,1.514477327662736,-0.8567305619785266,0.8567305619785266,False,False,,
M2:A1,e2878e5b8aa849a18e39baee3f3440bd,29,f76469bb5b5747dbaedb1c59990b5579,0.41669445710423647,0.3024611949038357,0.11423326220040075,0.7247887738455779,1.5863131253333316,-0.8615243514877536,0.8615243514877536,False,False,,
M2:A1,e2878e5b8aa849a18e39baee3f3440bd,30,770820077d44452a8428299e33808c0f,0.370830875574176,0.26645094387834334,0.10437993169583265,0.8259088680179232,1.6884792488124956,-0.8625703807945724,0.8625703807945724,False,False,,
M2:A1,e2878e5b8aa849a18e39baee3f3440bd,31,8a7007fd59cf4f39a3855b0e82136105,0.3480555295832377,0.2490326456260439,0.0990228839571938,0.8793268660598906,1.7487285248208946,-0.869401658761004,0.869401658761004,False,False,,
M2:A1,e2878e5b8aa849a18e39baee3f3440bd,32,15f4465f9fe44b80ab54908983b1cf68,0.3252413583345535,0.22645493746934753,0.09878642086520595,0.9339456825366425,1.8378140168875774,-0.9038683343509349,0.9038683343509349,False,False,,
M2:A1,e2878e5b8aa849a18e39baee3f3440bd,33,f94199c2a589484d8e32dd6bf4931d4f,0.30316565776742194,0.20829731225999254,0.0948683455074294,0.988712836325723,1.8991530831648367,-0.9104402468391136,0.9104402468391136,False,False,,
M2:A1,e2878e5b8aa849a18e39baee3f3440bd,34,a07f902656eb4f0fb2e5a77f803fb37c,0.29132737284382715,0.19122919804512392,0.10009817479870323,1.0436253813804646,1.9701373900259438,-0.9265120086454792,0.9265120086454792,False,False,,
M2:A1,e2878e5b8aa849a18e39baee3f3440bd,35,bec365d878c4413d85d5fbb3eb3b3f46,0.2697138099074634,0.17341286260512712,0.09630094730233629,1.0994004742085914,2.057467834561936,-0.9580673603533445,0.9580673603533445,False,False,,
M2:A1,e2878e5b8aa849a18e39baee3f3440bd,36,7ac804cee1cd4d48ac2ea0ac97726bc9,0.24874271373070353,0.1591089246024334,0.08963378912827014,1.1552229880344074,2.111318760712551,-0.9560957726781436,0.9560957726781436,False,False,,
M2:A1,e2878e5b8aa849a18e39baee3f3440bd,37,54259afa6c644e1d99422df9da1c8f35,0.24357797722111618,0.1544996703517264,0.08907830686938978,1.16889869872009,2.1369869716761083,-0.9680882729560183,0.9680882729560183,False,False,,
M2:A1,e2878e5b8aa849a18e39baee3f3440bd,38,fa8abe51b4104eb68fc7f85ab1c475bb,0.2381411126342851,0.14815389400746667,0.08998721862681844,1.1829783056616794,2.188019248256454,-1.0050409425947748,1.0050409425947748,False,False,,
M2:A1,e2878e5b8aa849a18e39baee3f3440bd,39,bc84a61f13f744cd8f5aa8e888ce879b,0.23331273139884154,0.14308287807632267,0.09022985332251887,1.1963820521366892,2.2354891153845604,-1.0391070632478712,1.0391070632478712,False,False,,
M2:A1,e2878e5b8aa849a18e39baee3f3440bd,40,76c090ac27774e66a592f40998d5537c,0.22848573976418657,0.14036815215741855,0.08811758760676802,1.2100296958599575,2.2629480097955894,-1.052918313935632,1.052918313935632,False,False,,
M2:A1,11a08ff383a6451bbda6b9af56cfa6e2,0,65e07a70e6b5404a87bf34e49d4c0924,1.0000000000000082,1.0000000000000082,0.0,0.0,0.0,0.0,0.0,False,False,,
M2:A1,11a08ff383a6451bbda6b9af56cfa6e2,1,9ab5069c183c492b82b0ab30133080c1,0.9463518044132144,0.9199040593607849,0.026447745052429528,0.03685436162725875,0.07644685923964974,-0.03959249761239099,0.03959249761239099,False,False,,
M2:A1,11a08ff383a6451bbda6b9af56cfa6e2,2,4258ba3b8b8142f48c3249d310a8c3d2,0.8969242342072541,0.8461709935396478,0.050753240667606336,0.07340486814589675,0.15647083535336478,-0.08306596720746803,0.08306596720746803,False,False,,
M2:A1,11a08ff383a6451bbda6b9af56cfa6e2,3,8970a737ebee4443af37102473aaef8b,0.8566205435208263,0.7950452528800104,0.061575290640815905,0.10482995345726301,0.22156346503822955,-0.11673351158096654,0.11673351158096654,False,False,,
M2:A1,11a08ff383a6451bbda6b9af56cfa6e2,4,83f3eb36fc7144ab902e192db3a98c06,0.8085300511090912,0.7420011635578874,0.06652888755120379,0.14331597954222602,0.2853460254043515,-0.14203004586212548,0.14203004586212548,False,False,,
M2:A1,11a08ff383a6451bbda6b9af56cfa6e2,5,0fc0a764b3ec4c8196ffa35598fbda5f,0.7669519702522977,0.7550839020324582,0.011868068219839434,0.1965478098781407,0.224505966466399,-0.027958156588258315,0.027958156588258315,False,False,,
M2:A1,11a08ff383a6451bbda6b9af56cfa6e2,6,ef823f39fe034fdc9651a363fc81327b,0.7926377749121922,0.7252963585810909,0.06734141633110136,0.18509475547597773,0.26065382305726004,-0.07555906758128231,0.07555906758128231,False,False,,
M2:A1,11a08ff383a6451bbda6b9af56cfa6e2,7,f8de967b00394c9e88558219feef8426,0.8023168540038965,0.6974103752969071,0.10490647870698944,0.17436729641122584,0.30213263407158936,-0.12776533766036352,0.12776533766036352,False,False,,
M2:A1,11a08ff383a6451bbda6b9af56cfa6e2,8,cb440b4d1912467fb51d871f0ccf8e8a,0.8334578314666988,0.6966101304711503,0.13684770099554855,0.17888088407046668,0.36682976190623806,-0.18794887783577138,0.18794887783577138,False,False,,
M2:A1,11a08ff383a6451bbda6b9af56cfa6e2,9,13546ea263ff48f49899cb30ac0004e9,0.8672527044105551,0.7077582193134279,0.15949448509712727,0.19059234606389877,0.4236315886072021,-0.23303924254330335,0.23303924254330335,False,False,,
M2:A1,11a08ff383a6451bbda6b9af56cfa6e2,10,9b77dad2bdcf4814b042fa47889f19f6,0.795508771105108,0.710133358870019,0.08537541223508893,0.23451293558953443,0.4972090214483629,-0.2626960858588284,0.2626960858588284,False,False,,
M2:A1,11a08ff383a6451bbda6b9af56cfa6e2,11,2b77a910c5e749f9a620d893361c1976,0.7176026633760519,0.6613746225908005,0.056228040785251454,0.28621765772220875,0.5702270033467121,-0.2840093456245033,0.2840093456245033,False,False,,
M2:A1,11a08ff383a6451bbda6b9af56cfa6e2,12,097394612e494d1ebe1750ed54a27763,0.6352219153820603,0.5814772847723995,0.05374463060966084,0.38841163112567206,0.7050208176746926,-0.31660918654902054,0.31660918654902054,False,False,,
M2:A1,11a08ff383a6451bbda6b9af56cfa6e2,13,20601ccb0ab0445db56bad84060c1323,0.5649640738692876,0.5213180933922746,0.04364598047701296,0.4859915369032286,0.8258629267694924,-0.33987138986626375,0.33987138986626375,False,False,,
M2:A1,11a08ff383a6451bbda6b9af56cfa6e2,14,746857c6bd46430fa4b5b82186e716e0,0.5158032643248359,0.47599383135362133,0.03980943297121459,0.6462157334661005,1.0179668413264935,-0.371751107860393,0.371751107860393,False,False,,
M2:A1,11a08ff383a6451bbda6b9af56cfa6e2,15,ef4fbe4064a74ce6b0a52cb3dd2e0bf0,0.5333784229901122,0.4977249532895269,0.035653469700585305,0.5455076070904629,0.9282757850816984,-0.3827681779912355,0.3827681779912355,False,False,,
M2:A1,11a08ff383a6451bbda6b9af56cfa6e2,16,63d7813869b34ee9aa65064e93775e58,0.5273032473991143,0.48660293979992963,0.04070030759918464,0.6111987612467354,1.0284254683606175,-0.4172267071138821,0.4172267071138821,False,False,,
M2:A1,11a08ff383a6451bbda6b9af56cfa6e2,17,3d5a6fe339f3490297e4b9d1f3949618,0.47652059676933467,0.4439145065395157,0.032606090229818974,0.664708649825306,1.1025794877338932,-0.4378708379085873,0.4378708379085873,False,False,,
M2:A1,11a08ff383a6451bbda6b9af56cfa6e2,18,306e66375cf94c7881864ba03782d2d2,0.5097382275013703,0.4640879675655278,0.04565025993584254,0.6584502017072813,1.1599280209292788,-0.5014778192219975,0.5014778192219975,False,False,,
M2:A1,11a08ff383a6451bbda6b9af56cfa6e2,19,49cd09e4a07145258972fc4e6b18e42d,0.4726039154608067,0.44750412463653205,0.02509979082427466,0.653867838234405,1.1642831146685995,-0.5104152764341945,0.5104152764341945,False,False,,
M2:A1,11a08ff383a6451bbda6b9af56cfa6e2,20,60448167db014ef49dcfb65d89d69b3f,0.43302453128165036,0.43229594561658663,0.0007285856650637301,0.6589938765969272,1.1387331128103455,-0.4797392362134183,0.4797392362134183,False,False,,
M2:A1,11a08ff383a6451bbda6b9af56cfa6e2,21,f0bb168a6bc34e0bba79dd122b6394b0,0.45365907958478136,0.45853929014092515,-0.004880210556143794,0.6232955080079715,1.1196670980209336,-0.49637159001296205,0.49637159001296205,False,False,,
M2:A1,11a08ff383a6451bbda6b9af56cfa6e2,22,a82ac06abf0d4d5ea70af9e19e82305e,0.47472978507176766,0.47885847587107405,-0.004128690799306389,0.5864509186473394,1.1280389339242671,-0.5415880152769277,0.5415880152769277,False,False,,
M2:A1,11a08ff383a6451bbda6b9af56cfa6e2,23,2a572213c61c4d40a1955c2aecee6104,0.49722549284681133,0.4994690668195414,-0.002243573972730062,0.5500556181590655,1.1425277286420594,-0.592472110482994,0.592472110482994,False,False,,
M2:A1,11a08ff383a6451bbda6b9af56cfa6e2,24,4734352144ac49a7b02960b99573fc14,0.5193631626733886,0.5228464630001279,-0.0034833003267393803,0.514919902191423,1.1514794349570614,-0.6365595327656384,0.6365595327656384,False,False,,
M2:A1,11a08ff383a6451bbda6b9af56cfa6e2,25,0ab9ec2730894df2b48df70d0d2e84a9,0.5544143568791983,0.5492388328782745,0.0051755240009238035,0.5026442375987257,1.1803472862874405,-0.6777030486887148,0.6777030486887148,False,False,,
M2:A1,11a08ff383a6451bbda6b9af56cfa6e2,26,cb708f56b6104d638f93e3906cba5b82,0.5912998957547894,0.5314698120084566,0.05983008374633281,0.4947889380271092,1.2144499661989931,-0.7196610281718839,0.7196610281718839,False,False,,
M2:A1,11a08ff383a6451bbda6b9af56cfa6e2,27,fd6002d736cb405796fc4fbdd5af6f7f,0.6294824133967032,0.4941325540100134,0.1353498593866898,0.4932405237057631,1.2306725891599335,-0.7374320654541704,0.7374320654541704,False,False,,
M2:A1,11a08ff383a6451bbda6b9af56cfa6e2,28,7f769bb638214009813b92df0cfb501a,0.669729797463257,0.4551742676311674,0.2145555298320896,0.4981401252086209,1.2573867040871638,-0.759246578878543,0.759246578878543,False,False,,
M2:A1,11a08ff383a6451bbda6b9af56cfa6e2,29,f76469bb5b5747dbaedb1c59990b5579,0.6496242423075382,0.4376084894949389,0.21201575281259932,0.5477043529428631,1.2959897324956833,-0.7482853795528202,0.7482853795528202,False,False,,
M2:A1,11a08ff383a6451bbda6b9af56cfa6e2,30,770820077d44452a8428299e33808c0f,0.629321629690332,0.41541030092305886,0.21391132876727315,0.6015435000556322,1.3502617817271205,-0.7487182816714884,0.7487182816714884,False,False,,
M2:A1,0cfdfb5bbe8a41268271e24f2edefb9c,0,65e07a70e6b5404a87bf34e49d4c0924,1.0000000000000913,1.0000000000000913,0.0,0.0,0.0,0.0,0.0,False,False,,
M2:A1,0cfdfb5bbe8a41268271e24f2edefb9c,1,9ab5069c183c492b82b0ab30133080c1,0.9727710061611874,0.9543996264539439,0.01837137970724345,0.025126945780814727,0.028911446209646287,-0.00378450042883156,0.00378450042883156,False,False,,
M2:A1,0cfdfb5bbe8a41268271e24f2edefb9c,2,4258ba3b8b8142f48c3249d310a8c3d2,0.9486431688532202,0.8726329270286765,0.07601024182454375,0.049082088033653194,0.11299405819670538,-0.0639119701630522,0.0639119701630522,False,False,,
M2:A1,0cfdfb5bbe8a41268271e24f2edefb9c,3,8970a737ebee4443af37102473aaef8b,0.9258410686866323,0.7910864945726456,0.13475457411398672,0.07820702036509117,0.22025396589543594,-0.14204694553034478,0.14204694553034478,False,False,,
M2:A1,0cfdfb5bbe8a41268271e24f2edefb9c,4,83f3eb36fc7144ab902e192db3a98c06,0.9158922689114527,0.7827377785645558,0.13315449034689686,0.0665869897299282,0.205229280175017,-0.1386422904450888,0.1386422904450888,True,True,,
M2:A1,0cfdfb5bbe8a41268271e24f2edefb9c,5,0fc0a764b3ec4c8196ffa35598fbda5f,0.9076049975293737,0.7757510680902455,0.13185392943912821,0.06404186737671134,0.19138712435310146,-0.1273452569763901,0.1273452569763901,True,True,,
M2:A1,0cfdfb5bbe8a41268271e24f2edefb9c,6,ef823f39fe034fdc9651a363fc81327b,0.894908095284191,0.767434667819205,0.12747342746498602,0.07430242219470795,0.18258773046575125,-0.1082853082710433,0.1082853082710433,True,True,,
M2:A1,0cfdfb5bbe8a41268271e24f2edefb9c,7,f8de967b00394c9e88558219feef8426,0.8707145900233673,0.7608319762479496,0.10988261377541764,0.09116147120050173,0.1762960855892653,-0.08513461438876356,0.08513461438876356,True,True,,
M2:A1,0cfdfb5bbe8a41268271e24f2edefb9c,8,cb440b4d1912467fb51d871f0ccf8e8a,0.8461416529516423,0.7533220014970338,0.09281965145460858,0.113275875585671,0.1750306439714346,-0.06175476838576362,0.06175476838576362,True,True,,
M2:A1,0cfdfb5bbe8a41268271e24f2edefb9c,9,13546ea263ff48f49899cb30ac0004e9,0.8231099795985939,0.7459472374989983,0.07716274209959562,0.13657037338228717,0.1779426543019953,-0.041372280919708126,0.041372280919708126,True,True,,
M2:A1,0cfdfb5bbe8a41268271e24f2edefb9c,10,9b77dad2bdcf4814b042fa47889f19f6,0.8002234334478397,0.7384518495779141,0.06177158386992565,0.1621495514766444,0.18530786479534817,-0.02315831331870377,0.02315831331870377,True,True,,
M2:A1,0cfdfb5bbe8a41268271e24f2edefb9c,11,2b77a910c5e749f9a620d893361c1976,0.7979716384852684,0.7122182157871044,0.085753422698164,0.15656352528405154,0.208410606558534,-0.051847081274482454,0.051847081274482454,False,False,,
M2:A1,0cfdfb5bbe8a41268271e24f2edefb9c,12,097394612e494d1ebe1750ed54a27763,0.7949560664637757,0.6875147605382491,0.10744130592552659,0.15650739968400545,0.23205406026459424,-0.07554666058058879,0.07554666058058879,False,False,,
M2:A1,0cfdfb5bbe8a41268271e24f2edefb9c,13,20601ccb0ab0445db56bad84060c1323,0.7917169405018785,0.6266880413828131,0.16502889911906538,0.16231855656653105,0.2920311659435423,-0.12971260937701123,0.12971260937701123,False,False,,
M2:A1,0cfdfb5bbe8a41268271e24f2edefb9c,14,746857c6bd46430fa4b5b82186e716e0,0.7854556515899656,0.5611898253203846,0.22426582626958091,0.1732053559052737,0.3992805784927527,-0.22607522258747903,0.22607522258747903,False,False,,
M2:A1,0cfdfb5bbe8a41268271e24f2edefb9c,15,ef4fbe4064a74ce6b0a52cb3dd2e0bf0,0.7708423304438806,0.557494305912031,0.21334802453184964,0.18582106473871804,0.39408457025015653,-0.2082635055114385,0.2082635055114385,True,True,,
M2:A1,0cfdfb5bbe8a41268271e24f2edefb9c,16,63d7813869b34ee9aa65064e93775e58,0.7538309532149355,0.5533514976657624,0.20047945554917312,0.2013797891101802,0.3911810605989146,-0.1898012714887344,0.1898012714887344,True,True,,
M2:A1,0cfdfb5bbe8a41268271e24f2edefb9c,17,3d5a6fe339f3490297e4b9d1f3949618,0.7480352885827491,0.5277753025803403,0.22025998600240881,0.20981852472308324,0.4206981249146464,-0.21087960019156318,0.21087960019156318,False,False,,
M2:A1,0cfdfb5bbe8a41268271e24f2edefb9c,18,306e66375cf94c7881864ba03782d2d2,0.7342322911037551,0.5176965531508338,0.21653573795292125,0.22167025821347475,0.4269934903394039,-0.20532323212592918,0.20532323212592918,False,False,,
M2:A1,0cfdfb5bbe8a41268271e24f2edefb9c,19,49cd09e4a07145258972fc4e6b18e42d,0.7089688307210104,0.5316072285818872,0.1773616021391231,0.2353364203724817,0.3980201619771702,-0.16268374160468851,0.16268374160468851,False,False,,
M2:A1,0cfdfb5bbe8a41268271e24f2edefb9c,20,60448167db014ef49dcfb65d89d69b3f,0.6866936161416536,0.5324006126822778,0.1542930034593758,0.24747775799246463,0.3956558171379661,-0.14817805914550147,0.14817805914550147,False,False,,
M2:A1,0cfdfb5bbe8a41268271e24f2edefb9c,21,f0bb168a6bc34e0bba79dd122b6394b0,0.6698893542044905,0.5282886787808674,0.1416006754236231,0.25494609143841485,0.4071766033854006,-0.15223051194698578,0.15223051194698578,False,False,,
M2:A1,0cfdfb5bbe8a41268271e24f2edefb9c,22,a82ac06abf0d4d5ea70af9e19e82305e,0.647306815318626,0.5277506623081681,0.11955615301045786,0.2859332466910184,0.4206890231896564,-0.134755776498638,0.134755776498638,False,False,,
M2:A1,0cfdfb5bbe8a41268271e24f2edefb9c,23,2a572213c61c4d40a1955c2aecee6104,0.6279728324534646,0.5204181615988271,0.10755467085463744,0.31533190116359705,0.4313021499760034,-0.11597024881240636,0.11597024881240636,False,False,,
M2:A1,0cfdfb5bbe8a41268271e24f2edefb9c,24,4734352144ac49a7b02960b99573fc14,0.603875767687247,0.5155447503728462,0.08833101731440085,0.35165843998312585,0.4468472085991052,-0.09518876861597936,0.09518876861597936,False,False,,
M2:A1,0cfdfb5bbe8a41268271e24f2edefb9c,25,0ab9ec2730894df2b48df70d0d2e84a9,0.5785423169899405,0.5189224975004315,0.05961981948950901,0.3875324175187916,0.4540440643829383,-0.06651164686414673,0.06651164686414673,False,False,,
M2:A1,0cfdfb5bbe8a41268271e24f2edefb9c,26,cb708f56b6104d638f93e3906cba5b82,0.5639057243707256,0.49712766228227034,0.06677806208845527,0.39579424036907046,0.4829160151820324,-0.08712177481296196,0.08712177481296196,False,False,,
M2:A1,0cfdfb5bbe8a41268271e24f2edefb9c,27,fd6002d736cb405796fc4fbdd5af6f7f,0.546834625005943,0.4942278235758701,0.05260680143007296,0.40472233895234294,0.49134061565584525,-0.0866182767035023,0.0866182767035023,False,False,,
M2:A1,0cfdfb5bbe8a41268271e24f2edefb9c,28,7f769bb638214009813b92df0cfb501a,0.5279616887759818,0.49150390872905353,0.03645778004692829,0.4202504211727771,0.4983280544192748,-0.07807763324649769,0.07807763324649769,False,False,,
M2:A1,0cfdfb5bbe8a41268271e24f2edefb9c,29,f76469bb5b5747dbaedb1c59990b5579,0.4788751747096606,0.4524047996412383,0.026470375068422314,0.48892128471638097,0.5575632207026349,-0.0686419359862539,0.0686419359862539,False,False,,
M2:A1,0cfdfb5bbe8a41268271e24f2edefb9c,30,770820077d44452a8428299e33808c0f,0.43355410003610384,0.4109044595753593,0.022649640460744525,0.5589983236217977,0.6234585601602951,-0.06446023653849742,0.06446023653849742,False,False,,
M2:A1,0cfdfb5bbe8a41268271e24f2edefb9c,31,8a7007fd59cf4f39a3855b0e82136105,0.3916140253059676,0.3717181489986767,0.019895876307290894,0.6309023498933677,0.6889270757881053,-0.05802472589473762,0.05802472589473762,False,False,,
M2:A1,0cfdfb5bbe8a41268271e24f2edefb9c,32,15f4465f9fe44b80ab54908983b1cf68,0.35139775751557745,0.3349284477241973,0.01646930979138017,0.7082048745456179,0.7536794609765481,-0.045474586430930275,0.045474586430930275,False,False,,
M2:A1,0cfdfb5bbe8a41268271e24f2edefb9c,33,f94199c2a589484d8e32dd6bf4931d4f,0.30418419559046983,0.2888087911872223,0.015375404403247528,0.8056950044930922,0.8416427107122664,-0.0359477062191742,0.0359477062191742,False,False,,
M2:A1,0cfdfb5bbe8a41268271e24f2edefb9c,34,a07f902656eb4f0fb2e5a77f803fb37c,0.26016339298431745,0.24574563283558287,0.014417760148734582,0.9076304570247038,0.9300594703442636,-0.02242901331955982,0.02242901331955982,False,False,,
M2:A1,0cfdfb5bbe8a41268271e24f2edefb9c,35,bec365d878c4413d85d5fbb3eb3b3f46,0.2206986144393799,0.2064749105514823,0.01422370388789762,1.009848186274361,1.0170159932089158,-0.007167806934554877,0.007167806934554877,False,False,,
M2:A1,0cfdfb5bbe8a41268271e24f2edefb9c,36,7ac804cee1cd4d48ac2ea0ac97726bc9,0.18411365709725463,0.16857837750214646,0.01553527959510817,1.1146317058189248,1.1075172996536187,0.00711440616530612,-0.00711440616530612,False,False,,
M2:A1,0cfdfb5bbe8a41268271e24f2edefb9c,37,54259afa6c644e1d99422df9da1c8f35,0.1516946404213825,0.13344568606223747,0.01824895435914503,1.2168462741650636,1.1976603567083268,0.019185917456736812,-0.019185917456736812,False,False,,
M2:A1,0cfdfb5bbe8a41268271e24f2edefb9c,38,fa8abe51b4104eb68fc7f85ab1c475bb,0.12176360999287382,0.09997666565736336,0.021786944335510455,1.320244727298785,1.2896613428009394,0.03058338449784559,-0.03058338449784559,False,False,,
M2:A1,0cfdfb5bbe8a41268271e24f2edefb9c,39,bc84a61f13f744cd8f5aa8e888ce879b,0.09461545417292312,0.07011580516489682,0.0244996490080263,1.4228638784750054,1.3774133868197627,0.04545049165524273,-0.04545049165524273,False,False,,
M2:A1,0cfdfb5bbe8a41268271e24f2edefb9c,40,76c090ac27774e66a592f40998d5537c,0.06958752517162425,0.04126776835421304,0.028319756817411217,1.52623274080431,1.468402797021145,0.05782994378316486,-0.05782994378316486,False,False,,
M2:A1,1a018f3bcdea44f9ab60912938495032,0,4258ba3b8b8142f48c3249d310a8c3d2,0.9999999999999052,0.9999999999999052,0.0,0.0,0.0,0.0,0.0,False,False,,
M2:A1,1a018f3bcdea44f9ab60912938495032,1,8970a737ebee4443af37102473aaef8b,0.0,0.0,0.0,7.602989587525451,7.5988764615000814,0.004113126025369951,-0.004113126025369951,False,False,,
M2:A1,1a018f3bcdea44f9ab60912938495032,2,83f3eb36fc7144ab902e192db3a98c06,0.0,0.0,0.0,14.445182391784353,14.056696293762132,0.3884860980222218,-0.3884860980222218,False,False,,
M2:A1,1a018f3bcdea44f9ab60912938495032,3,0fc0a764b3ec4c8196ffa35598fbda5f,0.0,0.0,0.0,21.673877255512583,20.45263522200204,1.221242033510542,-1.221242033510542,False,False,,
M2:A1,1a018f3bcdea44f9ab60912938495032,4,ef823f39fe034fdc9651a363fc81327b,0.0,0.0,0.0,21.643110766401517,20.421932375637024,1.2211783907644929,-1.2211783907644929,True,True,,
M2:A1,1a018f3bcdea44f9ab60912938495032,5,f8de967b00394c9e88558219feef8426,0.0,0.0,0.0,21.58241402138163,20.361190275359764,1.2212237460218667,-1.2212237460218667,True,True,,
M2:A1,1a018f3bcdea44f9ab60912938495032,6,cb440b4d1912467fb51d871f0ccf8e8a,0.0,0.0,0.0,21.713263388052027,20.492051657691736,1.2212117303602916,-1.2212117303602916,True,True,,
M2:A1,1a018f3bcdea44f9ab60912938495032,7,13546ea263ff48f49899cb30ac0004e9,0.0,0.0,0.0,21.843435119218984,20.62222748828672,1.2212076309322661,-1.2212076309322661,True,True,,
M2:A1,1a018f3bcdea44f9ab60912938495032,8,9b77dad2bdcf4814b042fa47889f19f6,0.0,0.0,0.0,21.97501994967103,20.753816900585356,1.2212030490856733,-1.2212030490856733,True,True,,
M2:A1,1a018f3bcdea44f9ab60912938495032,9,2b77a910c5e749f9a620d893361c1976,0.0,0.0,0.0,22.105195329052066,20.88399561613186,1.2211997129202068,-1.2211997129202068,True,True,,
M2:A1,1a018f3bcdea44f9ab60912938495032,10,097394612e494d1ebe1750ed54a27763,0.0,0.0,0.0,22.236780264158202,21.015585032517862,1.2211952316403405,-1.2211952316403405,True,True,,
M2:A1,1a018f3bcdea44f9ab60912938495032,11,20601ccb0ab0445db56bad84060c1323,0.0,0.0,0.0,22.366952214485277,21.145760891869884,1.2211913226153932,-1.2211913226153932,True,True,,
M2:A1,1a018f3bcdea44f9ab60912938495032,12,746857c6bd46430fa4b5b82186e716e0,0.0,0.0,0.0,22.497124220968256,21.275936762767355,1.2211874582009017,-1.2211874582009017,True,True,,
M2:A1,1a018f3bcdea44f9ab60912938495032,13,ef4fbe4064a74ce6b0a52cb3dd2e0bf0,0.0,0.0,0.0,22.497695172247383,21.276454981466117,1.2212401907812662,-1.2212401907812662,True,True,,
M2:A1,1a018f3bcdea44f9ab60912938495032,14,63d7813869b34ee9aa65064e93775e58,0.0,0.0,0.0,22.498710583343435,21.2774431740149,1.2212674093285365,-1.2212674093285365,True,True,,
M2:A1,1a018f3bcdea44f9ab60912938495032,15,3d5a6fe339f3490297e4b9d1f3949618,0.0,0.0,0.0,22.500170394082275,21.278901274936917,1.221269119145358,-1.221269119145358,True,True,,
M2:A1,1a018f3bcdea44f9ab60912938495032,16,306e66375cf94c7881864ba03782d2d2,0.0,0.0,0.0,22.502074517973295,21.28082918764189,1.2212453303314064,-1.2212453303314064,True,True,,
M2:A1,1a018f3bcdea44f9ab60912938495032,17,49cd09e4a07145258972fc4e6b18e42d,0.0,0.0,0.0,22.50442284223503,21.283226784457984,1.2211960577770462,-1.2211960577770462,True,True,,
M2:A1,1a018f3bcdea44f9ab60912938495032,18,60448167db014ef49dcfb65d89d69b3f,0.0,0.0,0.0,22.50576353707985,21.28460166602159,1.2211618710582606,-1.2211618710582606,True,True,,
M2:A1,1a018f3bcdea44f9ab60912938495032,19,f0bb168a6bc34e0bba79dd122b6394b0,0.0,0.0,0.0,22.507215227828524,21.286093906674108,1.221121321154417,-1.221121321154417,True,True,,
M2:A1,1a018f3bcdea44f9ab60912938495032,20,a82ac06abf0d4d5ea70af9e19e82305e,0.0,0.0,0.0,22.5087778930052,21.287703481735367,1.2210744112698322,-1.2210744112698322,True,True,,
M2:A1,1a018f3bcdea44f9ab60912938495032,21,2a572213c61c4d40a1955c2aecee6104,0.0,0.0,0.0,22.516137811268006,21.29531456486252,1.2208232464054873,-1.2208232464054873,True,True,,
M2:A1,1a018f3bcdea44f9ab60912938495032,22,4734352144ac49a7b02960b99573fc14,0.0,0.0,0.0,22.51718253686359,21.29639782399163,1.2207847128719607,-1.2207847128719607,True,True,,
M2:A1,1a018f3bcdea44f9ab60912938495032,23,0ab9ec2730894df2b48df70d0d2e84a9,0.0,0.0,0.0,22.51825496926563,21.297510374195973,1.2207445950696574,-1.2207445950696574,True,True,,
M2:A1,1a018f3bcdea44f9ab60912938495032,24,cb708f56b6104d638f93e3906cba5b82,0.0,0.0,0.0,22.51825496926563,21.297510374195973,1.2207445950696574,-1.2207445950696574,True,True,,
M2:A1,1a018f3bcdea44f9ab60912938495032,25,fd6002d736cb405796fc4fbdd5af6f7f,0.0,0.0,0.0,22.516046062254475,21.266529112215935,1.2495169500385401,-1.2495169500385401,False,False,,
M2:A1,1a018f3bcdea44f9ab60912938495032,26,7f769bb638214009813b92df0cfb501a,0.0,0.0,0.0,22.586934612327443,21.303542669996688,1.2833919423307556,-1.2833919423307556,False,False,,
M2:A1,1a018f3bcdea44f9ab60912938495032,27,f76469bb5b5747dbaedb1c59990b5579,0.0,0.0,0.0,22.65499711255852,21.346687507679892,1.3083096048786267,-1.3083096048786267,False,False,,
M2:A1,1a018f3bcdea44f9ab60912938495032,28,770820077d44452a8428299e33808c0f,0.0,0.0,0.0,20.87937559281457,21.336576512378908,-0.4572009195643396,0.4572009195643396,False,False,,
M2:A1,1a018f3bcdea44f9ab60912938495032,29,8a7007fd59cf4f39a3855b0e82136105,0.0,0.0,0.0,20.948987615016435,21.341101618899327,-0.39211400388289164,0.39211400388289164,False,False,,
M2:A1,1a018f3bcdea44f9ab60912938495032,30,15f4465f9fe44b80ab54908983b1cf68,0.0,0.0,0.0,21.024151325068225,21.367604880158424,-0.3434535550901998,0.3434535550901998,False,False,,
M2:A1,1a018f3bcdea44f9ab60912938495032,31,f94199c2a589484d8e32dd6bf4931d4f,0.0,0.0,0.0,21.039350799562694,21.382222845317745,-0.34287204575505115,0.34287204575505115,True,True,,
M2:A1,1a018f3bcdea44f9ab60912938495032,32,a07f902656eb4f0fb2e5a77f803fb37c,0.0,0.0,0.0,21.080887631092804,21.419102548728485,-0.3382149176356819,0.3382149176356819,False,False,,
M2:A1,1a018f3bcdea44f9ab60912938495032,33,bec365d878c4413d85d5fbb3eb3b3f46,0.0,0.0,0.0,21.12447301306444,21.55668055147242,-0.4322075384079831,0.4322075384079831,False,False,,
M2:A1,1a018f3bcdea44f9ab60912938495032,34,7ac804cee1cd4d48ac2ea0ac97726bc9,0.0,0.0,0.0,21.094132854192495,21.65089745067513,-0.5567645964826369,0.5567645964826369,False,False,,
M2:A1,1a018f3bcdea44f9ab60912938495032,35,54259afa6c644e1d99422df9da1c8f35,0.0,0.0,0.0,20.50464842215194,21.547883686590886,-1.0432352644389447,1.0432352644389447,False,False,,
M2:A1,1a018f3bcdea44f9ab60912938495032,36,fa8abe51b4104eb68fc7f85ab1c475bb,0.0,0.0,0.0,20.251247767413155,21.410689117846125,-1.1594413504329708,1.1594413504329708,False,False,,
M2:A1,1a018f3bcdea44f9ab60912938495032,37,bc84a61f13f744cd8f5aa8e888ce879b,0.0,0.0,0.0,20.250383017298457,21.35865837536905,-1.1082753580705926,1.1082753580705926,False,False,,
M2:A1,1a018f3bcdea44f9ab60912938495032,38,76c090ac27774e66a592f40998d5537c,0.0,0.0,0.0,19.807171025854206,21.37265186126196,-1.5654808354077545,1.5654808354077545,False,False,,
M2:A1,f987ba5f8e6243889a731f8cffe1934b,0,4258ba3b8b8142f48c3249d310a8c3d2,1.0000000000000693,1.0000000000000693,0.0,0.0,0.0,0.0,0.0,False,False,,
M2:A1,f987ba5f8e6243889a731f8cffe1934b,1,8970a737ebee4443af37102473aaef8b,0.9905632252011792,0.9787044198942622,0.011858805306917075,0.00546039121869952,0.017285444269321677,-0.011825053050622158,0.011825053050622158,False,False,,
M2:A1,f987ba5f8e6243889a731f8cffe1934b,2,83f3eb36fc7144ab902e192db3a98c06,0.9740937317527569,0.9438354807018677,0.030258251050889196,0.01614443767045093,0.05210353127517039,-0.03595909360471946,0.03595909360471946,False,False,,
M2:A1,f987ba5f8e6243889a731f8cffe1934b,3,0fc0a764b3ec4c8196ffa35598fbda5f,0.9565537794107043,0.9399516300859633,0.016602149324741022,0.035604526712959286,0.056908307360153634,-0.021303780647194348,0.021303780647194348,False,False,,
M2:A1,f987ba5f8e6243889a731f8cffe1934b,4,ef823f39fe034fdc9651a363fc81327b,0.9125551076467353,0.6815808703080602,0.23097423733867506,0.07878868212120826,0.6090606176835169,-0.5302719355623087,0.5302719355623087,False,False,,
M2:A1,f987ba5f8e6243889a731f8cffe1934b,5,f8de967b00394c9e88558219feef8426,0.9013229284033991,0.6806563963165382,0.22066653208686093,0.11184308115980678,0.5962759115240628,-0.484432830364256,0.484432830364256,False,False,,
M2:A1,f987ba5f8e6243889a731f8cffe1934b,6,cb440b4d1912467fb51d871f0ccf8e8a,0.8967088245294632,0.6806527702696757,0.21605605425978747,0.13348774202451277,0.5900297332290536,-0.45654199120454086,0.45654199120454086,False,False,,
M2:A1,f987ba5f8e6243889a731f8cffe1934b,7,13546ea263ff48f49899cb30ac0004e9,0.9087587476511617,0.6521874217104983,0.25657132594066345,0.12624708756490147,0.639652946814823,-0.5134058592499215,0.5134058592499215,False,False,,
M2:A1,f987ba5f8e6243889a731f8cffe1934b,8,9b77dad2bdcf4814b042fa47889f19f6,0.8456398761745993,0.6867374433995417,0.15890243277505767,0.13340744976700922,0.6210133413630304,-0.4876058915960212,0.4876058915960212,False,False,,
M2:A1,f987ba5f8e6243889a731f8cffe1934b,9,2b77a910c5e749f9a620d893361c1976,0.7818544316272434,0.6531235036158383,0.12873092801140518,0.16812210397812394,0.5836806642536867,-0.41555856027556276,0.41555856027556276,False,False,,
M2:A1,f987ba5f8e6243889a731f8cffe1934b,10,097394612e494d1ebe1750ed54a27763,0.7214481261998582,0.6322830412687518,0.08916508493110642,0.2175727992684059,0.5210322453644618,-0.3034594460960559,0.3034594460960559,False,False,,
M2:A1,f987ba5f8e6243889a731f8cffe1934b,11,20601ccb0ab0445db56bad84060c1323,0.7967908369442347,0.72936649835845,0.06742433858578467,0.15366267244580423,0.4135024697109395,-0.2598397972651353,0.2598397972651353,False,False,,
M2:A1,f987ba5f8e6243889a731f8cffe1934b,12,746857c6bd46430fa4b5b82186e716e0,0.8835313856304154,0.7209667248973733,0.1625646607330421,0.09902491259424967,0.351499408982472,-0.25247449638822234,0.25247449638822234,False,False,,
M2:A1,f987ba5f8e6243889a731f8cffe1934b,13,ef4fbe4064a74ce6b0a52cb3dd2e0bf0,0.9197755382497759,0.6677971064431888,0.2519784318065871,0.081622676521369,0.3312193242037725,-0.24959664768240347,0.24959664768240347,False,False,,
M2:A1,f987ba5f8e6243889a731f8cffe1934b,14,63d7813869b34ee9aa65064e93775e58,0.8184330539900357,0.6158528192807029,0.20258023470933284,0.13376138531654821,0.33948055533829535,-0.20571917002174714,0.20571917002174714,False,False,,
M2:A1,f987ba5f8e6243889a731f8cffe1934b,15,3d5a6fe339f3490297e4b9d1f3949618,0.7062743434623915,0.5636356733043628,0.14263867015802867,0.21583237870106764,0.3729381581859811,-0.15710577948491344,0.15710577948491344,False,False,,
M2:A1,f987ba5f8e6243889a731f8cffe1934b,16,306e66375cf94c7881864ba03782d2d2,0.4956654274595338,0.03059370027659754,0.46507172718293627,0.5935601084582575,4.187513164986851,-3.5939530565285933,3.5939530565285933,False,False,,
M2:A1,f987ba5f8e6243889a731f8cffe1934b,17,49cd09e4a07145258972fc4e6b18e42d,0.4160243522125403,0.0,0.4160243522125403,0.7562103847583307,7.083909386787159,-6.327699002028829,6.327699002028829,False,False,,
M2:A1,f987ba5f8e6243889a731f8cffe1934b,18,60448167db014ef49dcfb65d89d69b3f,0.37603828072543,0.0,0.37603828072543,0.8000137094038948,9.980723122359821,-9.180709412955926,9.180709412955926,False,False,,
M2:A1,f987ba5f8e6243889a731f8cffe1934b,19,f0bb168a6bc34e0bba79dd122b6394b0,0.2633489353486207,0.0,0.2633489353486207,1.2600176147990363,9.985945735845032,-8.725928121045996,8.725928121045996,False,True,,
M2:A1,f987ba5f8e6243889a731f8cffe1934b,20,a82ac06abf0d4d5ea70af9e19e82305e,0.23951077952372896,0.0,0.23951077952372896,1.2870208296461734,9.991642128963347,-8.704621299317173,8.704621299317173,False,True,,
M2:A1,f987ba5f8e6243889a731f8cffe1934b,21,2a572213c61c4d40a1955c2aecee6104,0.22866408533228827,0.0,0.22866408533228827,1.3024377209244227,9.994444523576886,-8.692006802652465,8.692006802652465,False,True,,
M2:A1,f987ba5f8e6243889a731f8cffe1934b,22,4734352144ac49a7b02960b99573fc14,0.2175142619891688,0.0,0.2175142619891688,1.3196033620825454,9.99744094829328,-8.677837586210734,8.677837586210734,False,True,,
M2:A1,f987ba5f8e6243889a731f8cffe1934b,23,0ab9ec2730894df2b48df70d0d2e84a9,0.2021707698803739,0.0,0.2021707698803739,1.347766880147698,9.978372971367927,-8.630606091220228,8.630606091220228,False,False,,
M2:A1,f987ba5f8e6243889a731f8cffe1934b,24,cb708f56b6104d638f93e3906cba5b82,0.18929083585068376,0.0,0.18929083585068376,1.3741835745676652,9.988458948302828,-8.614275373735163,8.614275373735163,False,False,,
M2:A1,f987ba5f8e6243889a731f8cffe1934b,25,fd6002d736cb405796fc4fbdd5af6f7f,0.1794738052374949,0.0,0.1794738052374949,1.3854967367082314,9.977019065020869,-8.591522328312637,8.591522328312637,False,False,,
M2:A1,f987ba5f8e6243889a731f8cffe1934b,26,7f769bb638214009813b92df0cfb501a,0.17023237733938062,0.0,0.17023237733938062,1.389543083245794,9.942501207337354,-8.55295812409156,8.55295812409156,False,False,,
M2:A1,f987ba5f8e6243889a731f8cffe1934b,27,f76469bb5b5747dbaedb1c59990b5579,0.16006077188354553,0.0,0.16006077188354553,1.4099963178373227,9.906505647423907,-8.496509329586585,8.496509329586585,False,False,,
M2:A1,f987ba5f8e6243889a731f8cffe1934b,28,770820077d44452a8428299e33808c0f,0.13505191232495523,0.0,0.13505191232495523,1.4616276041963816,9.883732945435852,-8.42210534123947,8.42210534123947,False,False,,
M2:A1,f987ba5f8e6243889a731f8cffe1934b,29,8a7007fd59cf4f39a3855b0e82136105,0.1105372028320426,0.0,0.1105372028320426,1.5192294739659316,9.854209937133316,-8.334980463167383,8.334980463167383,False,False,,
M2:A1,f987ba5f8e6243889a731f8cffe1934b,30,15f4465f9fe44b80ab54908983b1cf68,0.08683767472061962,0.0,0.08683767472061962,1.5827193461885853,9.829052630353308,-8.246333284164724,8.246333284164724,False,False,,
M2:A1,f987ba5f8e6243889a731f8cffe1934b,31,f94199c2a589484d8e32dd6bf4931d4f,0.053372451694334314,0.0,0.053372451694334314,1.6789546708173126,9.814526473404923,-8.135571802587611,8.135571802587611,False,False,,
M2:A1,f987ba5f8e6243889a731f8cffe1934b,32,a07f902656eb4f0fb2e5a77f803fb37c,0.022125435006348722,0.0,0.022125435006348722,1.77649227996284,9.80185166775788,-8.02535938779504,8.02535938779504,False,False,,
M2:A1,64b22104a573415a8c860fc22214619c,0,20601ccb0ab0445db56bad84060c1323,1.000000000000035,1.000000000000035,0.0,0.0,0.0,0.0,0.0,False,False,,
M2:A1,64b22104a573415a8c860fc22214619c,1,746857c6bd46430fa4b5b82186e716e0,0.8594309011713914,0.8445139795479438,0.014916921623447599,0.11965855358217037,0.12510163212449626,-0.0054430785423258965,0.0054430785423258965,False,False,,
M2:A1,64b22104a573415a8c860fc22214619c,2,ef4fbe4064a74ce6b0a52cb3dd2e0bf0,0.7436330104369433,0.7113718290236412,0.03226118141330214,0.23542348658814977,0.2541345935823701,-0.01871110699422035,0.01871110699422035,False,False,,
M2:A1,64b22104a573415a8c860fc22214619c,3,63d7813869b34ee9aa65064e93775e58,0.6438639477421416,0.5967335523746831,0.047130395367458555,0.34968865089634527,0.38160629771857546,-0.031917646822230195,0.031917646822230195,False,False,,
M2:A1,64b22104a573415a8c860fc22214619c,4,3d5a6fe339f3490297e4b9d1f3949618,0.5565520997402477,0.5066395419825676,0.04991255775768011,0.4636734208723427,0.5035019160176207,-0.03982849514527803,0.03982849514527803,False,False,,
M2:A1,64b22104a573415a8c860fc22214619c,5,306e66375cf94c7881864ba03782d2d2,0.4772371450324332,0.4315615697391169,0.045675575293316284,0.5793564953971593,0.6278227708842571,-0.04846627548709781,0.04846627548709781,False,False,,
M2:A1,64b22104a573415a8c860fc22214619c,6,49cd09e4a07145258972fc4e6b18e42d,0.4063773697844118,0.37279502299717576,0.03358234678723604,0.6952887278370882,0.73628268265834,-0.04099395482125179,0.04099395482125179,False,False,,
M2:A1,64b22104a573415a8c860fc22214619c,7,60448167db014ef49dcfb65d89d69b3f,0.34175098760237266,0.32064718491643,0.02110380268594264,0.8127591309383542,0.8412635561816364,-0.028504425243282228,0.028504425243282228,False,False,,
M2:A1,64b22104a573415a8c860fc22214619c,8,f0bb168a6bc34e0bba79dd122b6394b0,0.2884617712467737,0.26974907113332697,0.018712700113446723,0.921319710199189,0.9496938366260609,-0.02837412642687187,0.02837412642687187,True,True,,
M2:A1,64b22104a573415a8c860fc22214619c,9,a82ac06abf0d4d5ea70af9e19e82305e,0.2391416015952696,0.22284277433542568,0.016298827259843912,1.0303323490923122,1.0587923844027818,-0.02846003531046959,0.02846003531046959,True,True,,
M2:A1,64b22104a573415a8c860fc22214619c,10,2a572213c61c4d40a1955c2aecee6104,0.19078330494736018,0.17731860148647005,0.013464703460890126,1.1457769754956633,1.1732068362514112,-0.027429860755747937,0.027429860755747937,False,False,,
M2:A1,64b22104a573415a8c860fc22214619c,11,4734352144ac49a7b02960b99573fc14,0.1470233026229352,0.13386313526315724,0.013160167359777958,1.2596163161739415,1.2895588522928179,-0.029942536118876317,0.029942536118876317,False,False,,
M2:A1,64b22104a573415a8c860fc22214619c,12,0ab9ec2730894df2b48df70d0d2e84a9,0.1352281858587255,0.12057782283865132,0.014650363020074192,1.2921427826494516,1.3298973471437465,-0.03775456449429493,0.03775456449429493,False,False,,
M2:A1,64b22104a573415a8c860fc22214619c,13,cb708f56b6104d638f93e3906cba5b82,0.12380251295412606,0.11295021938909379,0.01085229356503227,1.322943137358336,1.355637871066934,-0.03269473370859788,0.03269473370859788,False,False,,
M2:A1,64b22104a573415a8c860fc22214619c,14,fd6002d736cb405796fc4fbdd5af6f7f,0.11218181011215586,0.10413570810983082,0.008046102002325042,1.355894078854251,1.3847108146319738,-0.028816735777722702,0.028816735777722702,False,False,,
M2:A1,64b22104a573415a8c860fc22214619c,15,7f769bb638214009813b92df0cfb501a,0.0920150338205191,0.09321735800872398,-0.0012023241882048868,1.4367765112682707,1.4251918945469737,0.011584616721296959,-0.011584616721296959,False,False,,
M2:A1,64b22104a573415a8c860fc22214619c,16,f76469bb5b5747dbaedb1c59990b5579,0.08505188030413349,0.0854296806486411,-0.0003778003445076006,1.505619039550538,1.4534483680089765,0.05217067154156152,-0.05217067154156152,False,False,,
M2:A1,64b22104a573415a8c860fc22214619c,17,770820077d44452a8428299e33808c0f,0.0777664799851714,0.07604411841142437,0.0017223615737470277,1.6382066674486735,1.488999631035395,0.14920703641327848,-0.14920703641327848,False,False,,
M2:A1,64b22104a573415a8c860fc22214619c,18,8a7007fd59cf4f39a3855b0e82136105,0.06887526144827258,0.06905667968059596,-0.0001814182323233854,1.9012700169631203,1.5148864491922653,0.3863835677708549,-0.3863835677708549,False,False,,
M2:A1,64b22104a573415a8c860fc22214619c,19,15f4465f9fe44b80ab54908983b1cf68,0.051259164233608434,0.04597027201858535,0.005288892215023086,2.289450525451501,1.5963399868235664,0.6931105386279346,-0.6931105386279346,False,False,,
M2:A1,64b22104a573415a8c860fc22214619c,20,f94199c2a589484d8e32dd6bf4931d4f,0.03602650359986098,0.02631139814956512,0.009715105450295861,2.6845087301304624,1.670470934772538,1.0140377953579245,-1.0140377953579245,False,False,,
M2:A1,64b22104a573415a8c860fc22214619c,21,a07f902656eb4f0fb2e5a77f803fb37c,0.01230870220763304,0.006249284103137251,0.006059418104495789,3.5860702172636816,1.7601814903077053,1.8258887269559763,-1.8258887269559763,False,False,,
M2:A1,64b22104a573415a8c860fc22214619c,22,bec365d878c4413d85d5fbb3eb3b3f46,0.0,0.0,0.0,5.314418110492879,1.8354636236270059,3.478954486865873,-3.478954486865873,False,False,,
M2:A1,64b22104a573415a8c860fc22214619c,23,7ac804cee1cd4d48ac2ea0ac97726bc9,0.0,0.0,0.0,7.374645589897814,2.2886916180327317,5.085953971865083,-5.085953971865083,False,False,,
M2:A1,64b22104a573415a8c860fc22214619c,24,54259afa6c644e1d99422df9da1c8f35,0.0,0.0,0.0,9.481775437487116,4.033169432468731,5.448606005018385,-5.448606005018385,False,False,,
M2:A1,64b22104a573415a8c860fc22214619c,25,fa8abe51b4104eb68fc7f85ab1c475bb,0.0,0.0,0.0,11.659779969676832,6.3561452192267245,5.303634750450107,-5.303634750450107,False,False,,
M2:A1,64b22104a573415a8c860fc22214619c,26,bc84a61f13f744cd8f5aa8e888ce879b,0.0,0.0,0.0,13.964680984878635,8.766799218448769,5.197881766429866,-5.197881766429866,False,False,,
M2:A1,64b22104a573415a8c860fc22214619c,27,76c090ac27774e66a592f40998d5537c,0.0,0.0,0.0,16.456755247169106,11.365422361948006,5.0913328852210995,-5.0913328852210995,False,False,,
M2:A1,98eef3fdea464efd92fb6aaf0ebe8c9a,0,20601ccb0ab0445db56bad84060c1323,0.9999999999998564,0.9999999999998564,0.0,0.0,0.0,0.0,0.0,False,False,,
M2:A1,98eef3fdea464efd92fb6aaf0ebe8c9a,1,746857c6bd46430fa4b5b82186e716e0,0.592283060814031,0.592283060814031,0.0,0.31191665553472964,0.31191665553472964,0.0,0.0,True,True,,
M2:A1,98eef3fdea464efd92fb6aaf0ebe8c9a,2,ef4fbe4064a74ce6b0a52cb3dd2e0bf0,0.2960235819751758,0.2960235819751758,0.0,0.7480815463570148,0.7480815463570148,0.0,0.0,True,True,,
M2:A1,98eef3fdea464efd92fb6aaf0ebe8c9a,3,63d7813869b34ee9aa65064e93775e58,0.19290294425376717,0.19290294425376717,0.0,0.9932396488259536,0.9932396488259536,0.0,0.0,True,True,,
M2:A1,98eef3fdea464efd92fb6aaf0ebe8c9a,4,3d5a6fe339f3490297e4b9d1f3949618,0.11307732523493524,0.10958510947478088,0.003492215760154363,1.2361391324332083,1.2476264285516072,-0.011487296118398937,0.011487296118398937,False,False,,
M2:A1,98eef3fdea464efd92fb6aaf0ebe8c9a,5,306e66375cf94c7881864ba03782d2d2,0.1411533846836432,0.13441728164031508,0.006736103043328112,1.1508965467491428,1.1746940726852575,-0.023797525936114727,0.023797525936114727,False,False,,
M2:A1,98eef3fdea464efd92fb6aaf0ebe8c9a,6,49cd09e4a07145258972fc4e6b18e42d,0.14174853810451382,0.1345422934405136,0.0072062446640002165,1.1649987303930605,1.1793042504992104,-0.014305520106149938,0.014305520106149938,False,False,,
M2:A1,98eef3fdea464efd92fb6aaf0ebe8c9a,7,60448167db014ef49dcfb65d89d69b3f,0.09903253952956342,0.08651753826468342,0.012515001264880005,1.331629413276326,1.3860345922011803,-0.0544051789248543,0.0544051789248543,False,False,,
M2:A1,98eef3fdea464efd92fb6aaf0ebe8c9a,8,f0bb168a6bc34e0bba79dd122b6394b0,0.12939512380801543,0.1134453843126082,0.015949739495407234,1.2065712572982903,1.2639718468729257,-0.05740058957463545,0.05740058957463545,True,True,,
M2:A1,98eef3fdea464efd92fb6aaf0ebe8c9a,9,a82ac06abf0d4d5ea70af9e19e82305e,0.13561711904545568,0.11882805879413794,0.01678906025131774,1.1785381281651655,1.2368254374228802,-0.05828730925771475,0.05828730925771475,True,True,,
M2:A1,98eef3fdea464efd92fb6aaf0ebe8c9a,10,2a572213c61c4d40a1955c2aecee6104,0.13582414330321466,0.11956789098178945,0.016256252321425205,1.1676135812665485,1.227610731422228,-0.059997150155679524,0.059997150155679524,False,False,,
M2:A1,98eef3fdea464efd92fb6aaf0ebe8c9a,11,4734352144ac49a7b02960b99573fc14,0.12211859405138789,0.10066055616258572,0.02145803788880217,1.211243788424765,1.3095198973741502,-0.0982761089493851,0.0982761089493851,False,False,,
M2:A1,98eef3fdea464efd92fb6aaf0ebe8c9a,12,0ab9ec2730894df2b48df70d0d2e84a9,0.10782332533244775,0.0847396646351996,0.023083660697248154,1.2612833098820058,1.3901377040206029,-0.12885439413859712,0.12885439413859712,False,False,,
M2:A1,98eef3fdea464efd92fb6aaf0ebe8c9a,13,cb708f56b6104d638f93e3906cba5b82,0.09547505363483591,0.07387810191044555,0.021596951724390356,1.3108735415231556,1.4431969459320861,-0.13232340440893053,0.13232340440893053,False,False,,
M2:A1,98eef3fdea464efd92fb6aaf0ebe8c9a,14,fd6002d736cb405796fc4fbdd5af6f7f,0.07251114539813541,0.053404153336412186,0.019106992061723227,1.4075523590901668,1.52763625163281,-0.12008389254264307,0.12008389254264307,False,False,,
M2:A1,98eef3fdea464efd92fb6aaf0ebe8c9a,15,7f769bb638214009813b92df0cfb501a,0.06336045410953979,0.04126557335587506,0.022094880753664732,1.4471745073190905,1.5934618611397018,-0.1462873538206113,0.1462873538206113,False,False,,
M2:A1,98eef3fdea464efd92fb6aaf0ebe8c9a,16,f76469bb5b5747dbaedb1c59990b5579,0.04184296680289411,0.019902391073042817,0.02194057572985129,1.55705995799038,1.7411397097461567,-0.18407975175577662,0.18407975175577662,False,False,,
M2:A1,98eef3fdea464efd92fb6aaf0ebe8c9a,17,770820077d44452a8428299e33808c0f,0.032281404589119975,0.011102789572325118,0.021178615016794855,1.6020693405173838,1.7746155910597694,-0.1725462505423856,0.1725462505423856,False,False,,
M2:A1,98eef3fdea464efd92fb6aaf0ebe8c9a,18,8a7007fd59cf4f39a3855b0e82136105,0.012917999427584518,0.0,0.012917999427584518,1.711063831459863,1.8645104001082573,-0.15344656864839434,0.15344656864839434,False,False,,
M2:A1,98eef3fdea464efd92fb6aaf0ebe8c9a,19,15f4465f9fe44b80ab54908983b1cf68,0.0,0.0,0.0,1.857948608675433,2.0014495401200474,-0.1435009314446143,0.1435009314446143,False,False,,
M2:A1,98eef3fdea464efd92fb6aaf0ebe8c9a,20,f94199c2a589484d8e32dd6bf4931d4f,0.0,0.0,0.0,1.9584205553886413,2.0943343611722267,-0.13591380578358536,0.13591380578358536,False,False,,
M2:A1,98eef3fdea464efd92fb6aaf0ebe8c9a,21,a07f902656eb4f0fb2e5a77f803fb37c,0.0,0.0,0.0,1.9623618036941084,2.0928023390536774,-0.130440535359569,0.130440535359569,False,False,,
M2:A1,98eef3fdea464efd92fb6aaf0ebe8c9a,22,bec365d878c4413d85d5fbb3eb3b3f46,0.0,0.0,0.0,2.056225235844849,2.172229251758198,-0.11600401591334908,0.11600401591334908,False,False,,
M2:A1,98eef3fdea464efd92fb6aaf0ebe8c9a,23,7ac804cee1cd4d48ac2ea0ac97726bc9,0.0,0.0,0.0,2.045451428995559,5.0454079035440635,-2.9999564745485046,2.9999564745485046,False,False,,
M2:A1,98eef3fdea464efd92fb6aaf0ebe8c9a,24,54259afa6c644e1d99422df9da1c8f35,0.0,0.0,0.0,2.1802904919355584,8.42586248460775,-6.2455719926721915,6.2455719926721915,False,False,,
M2:A1,98eef3fdea464efd92fb6aaf0ebe8c9a,25,fa8abe51b4104eb68fc7f85ab1c475bb,0.0,0.0,0.0,2.3154218029670477,12.89063674864617,-10.575214945679122,10.575214945679122,False,False,,
M2:A1,98eef3fdea464efd92fb6aaf0ebe8c9a,26,bc84a61f13f744cd8f5aa8e888ce879b,0.0,0.0,0.0,2.4374522980099727,16.493577442457575,-14.056125144447602,14.056125144447602,False,False,,
M2:A1,98eef3fdea464efd92fb6aaf0ebe8c9a,27,76c090ac27774e66a592f40998d5537c,0.0,0.0,0.0,2.6177908216498746,19.124035652188525,-16.506244830538648,16.506244830538648,False,False,,
M2:A1,e5cabb9d6b474377a206feab4ec64d3f,0,8a7007fd59cf4f39a3855b0e82136105,0.9999999999999649,0.9999999999999649,0.0,0.0,0.0,0.0,0.0,False,False,,
M2:A1,e5cabb9d6b474377a206feab4ec64d3f,1,15f4465f9fe44b80ab54908983b1cf68,0.8943445888000204,0.8979934803044349,-0.0036488915044144976,0.09853447411016551,0.06981630697964263,0.028718167130522887,-0.028718167130522887,False,False,,
M2:A1,e5cabb9d6b474377a206feab4ec64d3f,2,f94199c2a589484d8e32dd6bf4931d4f,0.729725850204478,0.7347520313366925,-0.0050261811322145356,0.23626420114977734,0.17133423317732277,0.06492996797245457,-0.06492996797245457,False,False,,
M2:A1,e5cabb9d6b474377a206feab4ec64d3f,3,a07f902656eb4f0fb2e5a77f803fb37c,0.5997568592815055,0.6042542951110705,-0.004497435829565077,0.3181147374921923,0.27772247620635493,0.040392261285837394,-0.040392261285837394,False,False,,
M2:A1,e5cabb9d6b474377a206feab4ec64d3f,4,bec365d878c4413d85d5fbb3eb3b3f46,0.49467476835838214,0.47949399127606424,0.015180777082317909,0.4305414281693871,0.41420876336654555,0.016332664802841568,-0.016332664802841568,False,False,,
M2:A1,e5cabb9d6b474377a206feab4ec64d3f,5,7ac804cee1cd4d48ac2ea0ac97726bc9,0.42076830368371176,0.3960251284189653,0.024743175264746453,0.5134461016768167,0.5087536373358312,0.004692464340985469,-0.004692464340985469,False,False,,
M2:A1,e5cabb9d6b474377a206feab4ec64d3f,6,54259afa6c644e1d99422df9da1c8f35,0.5723545231231325,0.4862665158150201,0.08608800730811239,0.3388395532142536,0.42094843679525534,-0.08210888358100177,0.08210888358100177,False,False,,
M2:A1,e5cabb9d6b474377a206feab4ec64d3f,7,fa8abe51b4104eb68fc7f85ab1c475bb,0.5734990376255216,0.4640167829613788,0.10948225466414274,0.34536813997527,0.4714510312171607,-0.1260828912418907,0.1260828912418907,False,False,,
M2:A1,e5cabb9d6b474377a206feab4ec64d3f,8,bc84a61f13f744cd8f5aa8e888ce879b,0.6785738424609709,0.5108983281535068,0.16767551430746408,0.2860330341695218,0.4929208597706968,-0.20688782560117497,0.20688782560117497,False,False,,
M2:A1,e5cabb9d6b474377a206feab4ec64d3f,9,76c090ac27774e66a592f40998d5537c,0.5406364626228459,0.3413882851923619,0.199248177430484,0.34340474132618315,0.7800947267825468,-0.4366899854563636,0.4366899854563636,False,False,,
M2:A1,64ce64c25d424c3088db384021d8dbb3,0,bec365d878c4413d85d5fbb3eb3b3f46,0.9999999999999152,0.9999999999999152,0.0,0.0,0.0,0.0,0.0,False,False,,
M2:A1,64ce64c25d424c3088db384021d8dbb3,1,7ac804cee1cd4d48ac2ea0ac97726bc9,0.9907988231719751,0.9275393759519043,0.06325944722007082,0.009689145267219696,0.10844841307570025,-0.09875926780848054,0.09875926780848054,False,False,,
M2:A1,64ce64c25d424c3088db384021d8dbb3,2,54259afa6c644e1d99422df9da1c8f35,0.8145549675975382,0.7705461320977672,0.04400883549977097,0.1458350598667367,0.22891726314047375,-0.08308220327373705,0.08308220327373705,False,False,,
M2:A1,64ce64c25d424c3088db384021d8dbb3,3,fa8abe51b4104eb68fc7f85ab1c475bb,0.7565074827392805,0.7073160905972093,0.04919139214207113,0.1652895820299916,0.31562085269851514,-0.15033127066852353,0.15033127066852353,False,False,,
M2:A1,64ce64c25d424c3088db384021d8dbb3,4,bc84a61f13f744cd8f5aa8e888ce879b,0.7094787346057041,0.6610914515872072,0.04838728301849693,0.20733650416410437,0.3766245575105173,-0.16928805334641295,0.16928805334641295,False,False,,
M2:A1,64ce64c25d424c3088db384021d8dbb3,5,76c090ac27774e66a592f40998d5537c,0.7926340998742287,0.653623826518399,0.13901027335582972,0.1461595586732921,0.420377929530796,-0.2742183708575039,0.2742183708575039,False,False,,
M2:A1,3eff2b1ecf29497e9967dd21509431fe,0,fd6002d736cb405796fc4fbdd5af6f7f,0.9999999999999994,0.9999999999999994,0.0,0.0,0.0,0.0,0.0,False,False,,
M2:A1,3eff2b1ecf29497e9967dd21509431fe,1,7f769bb638214009813b92df0cfb501a,0.8653083212281609,0.847058556349967,0.018249764878193964,0.09387563203548473,0.11267003822059561,-0.018794406185110885,0.018794406185110885,False,False,,
M2:A1,3eff2b1ecf29497e9967dd21509431fe,2,f76469bb5b5747dbaedb1c59990b5579,0.7500625524410229,0.7114026688875528,0.038659883553470165,0.18806775466264997,0.24035799897887558,-0.052290244316225615,0.052290244316225615,False,False,,
M2:A1,3eff2b1ecf29497e9967dd21509431fe,3,770820077d44452a8428299e33808c0f,0.6597969063242731,0.6127893933670512,0.04700751295722194,0.27457028278712486,0.3554500612504124,-0.08087977846328753,0.08087977846328753,False,False,,
M2:A1,3eff2b1ecf29497e9967dd21509431fe,4,8a7007fd59cf4f39a3855b0e82136105,0.5665980479611837,0.5191192776982089,0.04747877026297487,0.37821749999236254,0.4529785638054521,-0.07476106381308956,0.07476106381308956,False,False,,
M2:A1,3eff2b1ecf29497e9967dd21509431fe,5,15f4465f9fe44b80ab54908983b1cf68,0.524555430230079,0.46658476658507114,0.05797066364500786,0.4455637123381086,0.5529041422105869,-0.10734042987247833,0.10734042987247833,False,False,,
M2:A1,3eff2b1ecf29497e9967dd21509431fe,6,f94199c2a589484d8e32dd6bf4931d4f,0.48335725680261965,0.412280143490729,0.07107711331189065,0.5178196494741412,0.6977504660682872,-0.179930816594146,0.179930816594146,False,False,,
M2:A1,3eff2b1ecf29497e9967dd21509431fe,7,a07f902656eb4f0fb2e5a77f803fb37c,0.42184871716121225,0.3603455192023768,0.061503197958835465,0.6012654644624832,0.7450373882845506,-0.14377192382206738,0.14377192382206738,False,False,,
M2:A1,3eff2b1ecf29497e9967dd21509431fe,8,bec365d878c4413d85d5fbb3eb3b3f46,0.3140432546800881,0.2622872065533745,0.05175604812671358,0.788740125888694,0.9221339756518432,-0.13339384976314916,0.13339384976314916,False,False,,
M2:A1,3eff2b1ecf29497e9967dd21509431fe,9,7ac804cee1cd4d48ac2ea0ac97726bc9,0.34277763521717264,0.27997878806143184,0.0627988471557408,0.7358564429697656,0.8794864024769105,-0.14362995950714486,0.14362995950714486,False,False,,
M2:A1,3eff2b1ecf29497e9967dd21509431fe,10,54259afa6c644e1d99422df9da1c8f35,0.485317143806868,0.40204897130078887,0.08326817250607915,0.5246567641144815,0.6734658124599453,-0.14880904834546382,0.14880904834546382,False,False,,
M2:A1,3eff2b1ecf29497e9967dd21509431fe,11,fa8abe51b4104eb68fc7f85ab1c475bb,0.5709501149093066,0.46151363530642386,0.10943647960288272,0.4041050359083995,0.604262648423811,-0.20015761251541153,0.20015761251541153,False,False,,
M2:A1,3eff2b1ecf29497e9967dd21509431fe,12,bc84a61f13f744cd8f5aa8e888ce879b,0.4725595277568784,0.3991544932788007,0.07340503447807767,0.5522852321479624,0.7192681739589022,-0.16698294181093976,0.16698294181093976,False,False,,
M2:A1,3eff2b1ecf29497e9967dd21509431fe,13,76c090ac27774e66a592f40998d5537c,0.350083509078347,0.28438127049148454,0.06570223858686247,0.7515647256391884,0.9287224700976903,-0.17715774445850185,0.17715774445850185,False,False,,
M2:A1,65acd0cbce474d9cb2eef362a1b279be,0,65e07a70e6b5404a87bf34e49d4c0924,1.0000000000000564,1.0000000000000564,0.0,0.0,0.0,0.0,0.0,False,False,,
M2:A1,65acd0cbce474d9cb2eef362a1b279be,1,9ab5069c183c492b82b0ab30133080c1,0.9285030183957605,0.9285030183957605,0.0,0.1733262819078531,0.1733262819078531,0.0,0.0,True,True,,
M2:A1,65acd0cbce474d9cb2eef362a1b279be,2,4258ba3b8b8142f48c3249d310a8c3d2,0.8620081507721925,0.8620081507721925,0.0,0.3459855488311037,0.3459855488311037,0.0,0.0,True,True,,
M2:A1,65acd0cbce474d9cb2eef362a1b279be,3,8970a737ebee4443af37102473aaef8b,0.8125008397874345,0.8125008397874345,0.0,0.48464213601374234,0.48464213601374234,0.0,0.0,True,True,,
M2:A1,65acd0cbce474d9cb2eef362a1b279be,4,83f3eb36fc7144ab902e192db3a98c06,0.7489046796320428,0.7421811734910476,0.00672350614099515,0.6747485556763273,0.6675017465755843,0.007246809100743046,-0.007246809100743046,False,False,,
M2:A1,65acd0cbce474d9cb2eef362a1b279be,5,0fc0a764b3ec4c8196ffa35598fbda5f,0.611700920417465,0.6272317164980857,-0.01553079608062069,0.8697844029790719,0.7819837166901672,0.0878006862889047,-0.0878006862889047,False,False,,
M2:A1,65acd0cbce474d9cb2eef362a1b279be,6,ef823f39fe034fdc9651a363fc81327b,0.5764784099628627,0.6035376139440738,-0.02705920398121109,0.9204885771637412,0.7838732752727816,0.1366153018909596,-0.1366153018909596,False,False,,
M2:A1,65acd0cbce474d9cb2eef362a1b279be,7,f8de967b00394c9e88558219feef8426,0.6367652315902498,0.681723464615347,-0.04495823302509727,0.872013543008009,0.6830259350881657,0.18898760791984337,-0.18898760791984337,False,False,,
M2:A1,65acd0cbce474d9cb2eef362a1b279be,8,cb440b4d1912467fb51d871f0ccf8e8a,0.6398677565052846,0.7050031822052505,-0.06513542569996589,0.806924303742992,0.5684718922829528,0.23845241146003915,-0.23845241146003915,False,False,,
M2:A1,65acd0cbce474d9cb2eef362a1b279be,9,13546ea263ff48f49899cb30ac0004e9,0.5766950372237941,0.6593823570231606,-0.0826873197993665,0.8825560679529627,0.5869645210523934,0.2955915469005693,-0.2955915469005693,False,False,,
M2:A1,65acd0cbce474d9cb2eef362a1b279be,10,9b77dad2bdcf4814b042fa47889f19f6,0.5301921816605509,0.6171987140910343,-0.0870065324304834,0.9905364516431678,0.6582380960433533,0.3322983555998146,-0.3322983555998146,False,False,,
M2:A1,65acd0cbce474d9cb2eef362a1b279be,11,2b77a910c5e749f9a620d893361c1976,0.5066542321843539,0.5964992774335196,-0.0898450452491657,0.9994445242801065,0.6394458062857079,0.35999871799439864,-0.35999871799439864,False,False,,
M2:A1,65acd0cbce474d9cb2eef362a1b279be,12,097394612e494d1ebe1750ed54a27763,0.4584973061214317,0.5602874633327375,-0.1017901572113058,1.0603900757426967,0.6703871097293764,0.3900029660133203,-0.3900029660133203,False,False,,
M2:A1,65acd0cbce474d9cb2eef362a1b279be,13,20601ccb0ab0445db56bad84060c1323,0.4249149400701433,0.5206879556618118,-0.09577301559166851,1.1690749491472807,0.7689159952350689,0.4001589539122118,-0.4001589539122118,False,False,,
M2:A1,65acd0cbce474d9cb2eef362a1b279be,14,746857c6bd46430fa4b5b82186e716e0,0.4922862157421888,0.614494950257232,-0.12220873451504322,0.9982601065560831,0.5507569611356091,0.447503145420474,-0.447503145420474,False,False,,
M2:A1,65acd0cbce474d9cb2eef362a1b279be,15,ef4fbe4064a74ce6b0a52cb3dd2e0bf0,0.636860415966984,0.7689775307057412,-0.1321171147387572,1.0332310392341821,0.5225683444870856,0.5106626947470966,-0.5106626947470966,False,False,,
M2:A1,65acd0cbce474d9cb2eef362a1b279be,16,63d7813869b34ee9aa65064e93775e58,0.603297264941047,0.7279370820082242,-0.1246398170671772,1.0331529712027936,0.48025101341118354,0.5529019577916101,-0.5529019577916101,False,False,,
M2:A1,65acd0cbce474d9cb2eef362a1b279be,17,3d5a6fe339f3490297e4b9d1f3949618,0.5917853419268264,0.7140808623032338,-0.12229552037640734,1.0637473903983377,0.4737588615369199,0.5899885288614177,-0.5899885288614177,False,False,,
M2:A1,65acd0cbce474d9cb2eef362a1b279be,18,306e66375cf94c7881864ba03782d2d2,0.6573473238485393,0.792359797900884,-0.13501247405234462,0.8520445060332962,0.2366131434027871,0.615431362630509,-0.615431362630509,False,False,,
M2:A1,65acd0cbce474d9cb2eef362a1b279be,19,49cd09e4a07145258972fc4e6b18e42d,0.6782489626252647,0.8345247513473035,-0.15627578872203884,0.8436811451371865,0.17210111747206722,0.6715800276651193,-0.6715800276651193,False,False,,
M2:A1,65acd0cbce474d9cb2eef362a1b279be,20,60448167db014ef49dcfb65d89d69b3f,0.6822198091760042,0.8563434712153871,-0.1741236620393829,0.8383652975380174,0.12060852024451274,0.7177567772935046,-0.7177567772935046,False,False,,
M2:A1,65acd0cbce474d9cb2eef362a1b279be,21,f0bb168a6bc34e0bba79dd122b6394b0,0.6660136289329878,0.8520543403074768,-0.18604071137448908,0.8345110100189652,0.10817125480282007,0.7263397552161451,-0.7263397552161451,False,False,,
M2:A1,65acd0cbce474d9cb2eef362a1b279be,22,a82ac06abf0d4d5ea70af9e19e82305e,0.6335140954962998,0.8159342426841433,-0.1824201471878435,0.865656992617372,0.1449898804105332,0.7206671122068388,-0.7206671122068388,False,False,,
M2:A1,65acd0cbce474d9cb2eef362a1b279be,23,2a572213c61c4d40a1955c2aecee6104,0.6020913680944803,0.7697047617832748,-0.16761339368879458,0.8997544929066132,0.19840279977657257,0.7013516931300406,-0.7013516931300406,False,False,,
M2:A1,65acd0cbce474d9cb2eef362a1b279be,24,4734352144ac49a7b02960b99573fc14,0.5800300242675456,0.7154958636596582,-0.13546583939211265,0.9014689393059293,0.27821811409295183,0.6232508252129775,-0.6232508252129775,False,False,,
M2:A1,65acd0cbce474d9cb2eef362a1b279be,25,0ab9ec2730894df2b48df70d0d2e84a9,0.5278055978008847,0.6410964297073172,-0.11329083190643252,0.9508805538229936,0.3852729145453385,0.5656076392776551,-0.5656076392776551,False,False,,
M2:A1,65acd0cbce474d9cb2eef362a1b279be,26,cb708f56b6104d638f93e3906cba5b82,0.5292062324744667,0.6391379673621382,-0.1099317348876715,0.948447523646263,0.3958643037102951,0.5525832199359679,-0.5525832199359679,False,False,,
M2:A1,65acd0cbce474d9cb2eef362a1b279be,27,fd6002d736cb405796fc4fbdd5af6f7f,0.5122667850559154,0.6043253071674264,-0.092058522111511,0.9349255075823018,0.4532639769784931,0.4816615306038087,-0.4816615306038087,False,False,,
M2:A1,65acd0cbce474d9cb2eef362a1b279be,28,7f769bb638214009813b92df0cfb501a,0.5097422969563596,0.6070318768069343,-0.09728957985057463,0.9455841215316673,0.46298033667090716,0.4826037848607601,-0.4826037848607601,False,False,,
M2:A1,65acd0cbce474d9cb2eef362a1b279be,29,f76469bb5b5747dbaedb1c59990b5579,0.47566505637337014,0.5561940448367392,-0.08052898846336903,0.9764454499207716,0.5476095828164922,0.42883586710427946,-0.42883586710427946,False,False,,
M2:A1,65acd0cbce474d9cb2eef362a1b279be,30,770820077d44452a8428299e33808c0f,0.44288648332918423,0.517515952005575,-0.07462946867639075,1.0133402778086273,0.617090272729748,0.3962500050788793,-0.3962500050788793,False,False,,
M2:A1,65acd0cbce474d9cb2eef362a1b279be,31,8a7007fd59cf4f39a3855b0e82136105,0.40301127507608375,0.46960759933858276,-0.06659632426249901,1.0620724458895188,0.7027992845320222,0.35927316135749654,-0.35927316135749654,False,False,,
M2:A1,65acd0cbce474d9cb2eef362a1b279be,32,15f4465f9fe44b80ab54908983b1cf68,0.386123329606479,0.44317835939436906,-0.057055029787890066,1.0810798874160672,0.7609132629867045,0.3201666244293627,-0.3201666244293627,False,False,,
M2:A1,65acd0cbce474d9cb2eef362a1b279be,33,f94199c2a589484d8e32dd6bf4931d4f,0.36515266381841954,0.42974159502237774,-0.0645889312039582,1.1305261049623483,0.7724272498083554,0.35809885515399287,-0.35809885515399287,False,False,,
M2:A1,65acd0cbce474d9cb2eef362a1b279be,34,a07f902656eb4f0fb2e5a77f803fb37c,0.32596893759686696,0.3843234925534844,-0.058354554956617455,1.2180319936065163,0.8643891652169001,0.35364282838961614,-0.35364282838961614,False,False,,
M2:A1,65acd0cbce474d9cb2eef362a1b279be,35,bec365d878c4413d85d5fbb3eb3b3f46,0.30422389031509867,0.367845110340508,-0.06362122002540932,1.285547663279066,0.8936687710667431,0.39187889221232297,-0.39187889221232297,False,False,,
M2:A1,65acd0cbce474d9cb2eef362a1b279be,36,7ac804cee1cd4d48ac2ea0ac97726bc9,0.2652477110855641,0.33735102944779005,-0.07210331836222594,1.4111901754095089,0.9495544483307903,0.4616357270787186,-0.4616357270787186,False,False,,
M2:A1,65acd0cbce474d9cb2eef362a1b279be,37,54259afa6c644e1d99422df9da1c8f35,0.2494019944249314,0.31736374974548504,-0.06796175532055362,1.4517697224520913,0.9984168788800906,0.4533528435720008,-0.4533528435720008,False,False,,
M2:A1,65acd0cbce474d9cb2eef362a1b279be,38,fa8abe51b4104eb68fc7f85ab1c475bb,0.24749609045481133,0.3231671393519084,-0.07567104889709705,1.4745506907414776,0.9790891123872023,0.4954615783542753,-0.4954615783542753,False,False,,
M2:A1,65acd0cbce474d9cb2eef362a1b279be,39,bc84a61f13f744cd8f5aa8e888ce879b,0.21619345034832554,0.28157963201171887,-0.06538618166339333,1.522042707594636,1.085868145010026,0.43617456258460985,-0.43617456258460985,False,False,,
M2:A1,65acd0cbce474d9cb2eef362a1b279be,40,76c090ac27774e66a592f40998d5537c,0.2237348018097246,0.2737667120219222,-0.050031910212197606,1.4464987045701776,1.1363107804294175,0.31018792414076013,-0.31018792414076013,False,False,,
M2:A1,a9916751b03c494dafa2eddc4496e702,0,65e07a70e6b5404a87bf34e49d4c0924,1.0000000000000107,1.0000000000000107,0.0,0.0,0.0,0.0,0.0,False,False,,
M2:A1,a9916751b03c494dafa2eddc4496e702,1,9ab5069c183c492b82b0ab30133080c1,0.9910276378831336,0.9598756905124711,0.031151947370662514,0.006640629537056043,0.06905356862024925,-0.06241293908319321,0.06241293908319321,False,False,,
M2:A1,a9916751b03c494dafa2eddc4496e702,2,4258ba3b8b8142f48c3249d310a8c3d2,0.9822004134322566,0.9212488210390841,0.06095159239317249,0.013252903353893989,0.13916638362682007,-0.1259134802729261,0.1259134802729261,False,False,,
M2:A1,a9916751b03c494dafa2eddc4496e702,3,8970a737ebee4443af37102473aaef8b,0.9780660244528738,0.8894828632865124,0.08858316116636145,0.019005677335192955,0.20508241984240566,-0.1860767425072127,0.1860767425072127,False,False,,
M2:A1,a9916751b03c494dafa2eddc4496e702,4,83f3eb36fc7144ab902e192db3a98c06,0.9704870505620017,0.8563929911927904,0.11409405936921124,0.02684174529842278,0.27327701950197325,-0.24643527420355046,0.24643527420355046,False,False,,
M2:A1,a9916751b03c494dafa2eddc4496e702,5,0fc0a764b3ec4c8196ffa35598fbda5f,0.9698179276289719,0.8179714583269281,0.15184646930204382,0.021894102736848445,0.33514209695991976,-0.3132479942230713,0.3132479942230713,False,False,,
M2:A1,a9916751b03c494dafa2eddc4496e702,6,ef823f39fe034fdc9651a363fc81327b,0.9647584274525428,0.795781665103778,0.1689767623487648,0.025689674883314702,0.3896576240800728,-0.3639679491967581,0.3639679491967581,False,False,,
M2:A1,a9916751b03c494dafa2eddc4496e702,7,f8de967b00394c9e88558219feef8426,0.9534148208104044,0.7822443617384272,0.17117045907197725,0.0387938588928848,0.4498555252155721,-0.4110616663226873,0.4110616663226873,False,False,,
M2:A1,a9916751b03c494dafa2eddc4496e702,8,cb440b4d1912467fb51d871f0ccf8e8a,0.9564453451459304,0.752614279725824,0.20383106542010643,0.033038260998978504,0.5306359524227094,-0.49759769142373095,0.49759769142373095,False,False,,
M2:A1,a9916751b03c494dafa2eddc4496e702,9,13546ea263ff48f49899cb30ac0004e9,0.9435916638826212,0.7085023138862196,0.23508934999640152,0.04162840801857248,0.5969134823920209,-0.5552850743734484,0.5552850743734484,False,False,,
M2:A1,a9916751b03c494dafa2eddc4496e702,10,9b77dad2bdcf4814b042fa47889f19f6,0.9182792621545883,0.6638669095329398,0.2544123526216485,0.06739232701628779,0.6764332945982977,-0.6090409675820099,0.6090409675820099,False,False,,
M2:A1,a9916751b03c494dafa2eddc4496e702,11,2b77a910c5e749f9a620d893361c1976,0.8892148359689633,0.6231586595643372,0.2660561764046261,0.09573658849950296,0.7553797384493733,-0.6596431499498704,0.6596431499498704,False,False,,
M2:A1,a9916751b03c494dafa2eddc4496e702,12,097394612e494d1ebe1750ed54a27763,0.8576568320599021,0.5835336464370146,0.2741231856228875,0.12588348256043758,0.8311603913578788,-0.7052769087974412,0.7052769087974412,False,False,,
M2:A1,a9916751b03c494dafa2eddc4496e702,13,20601ccb0ab0445db56bad84060c1323,0.7214861453801239,0.4889967528519253,0.2324893925281986,0.2787940501799301,0.9243847544904755,-0.6455907043105454,0.6455907043105454,False,False,,
M2:A1,a9916751b03c494dafa2eddc4496e702,14,746857c6bd46430fa4b5b82186e716e0,0.8293987954614876,0.5439353202014628,0.2854634752600248,0.14774190438959156,0.9240466701802951,-0.7763047657907035,0.7763047657907035,False,False,,
M2:A1,a9916751b03c494dafa2eddc4496e702,15,ef4fbe4064a74ce6b0a52cb3dd2e0bf0,0.9436029564939661,0.6004532938815567,0.3431496626124094,0.056350889378486715,0.9510009319215064,-0.8946500425430196,0.8946500425430196,False,False,,
M2:A1,a9916751b03c494dafa2eddc4496e702,16,63d7813869b34ee9aa65064e93775e58,0.8145273568920938,0.632515322044229,0.18201203484786477,0.1487153597984569,0.9807059421139647,-0.8319905823155078,0.8319905823155078,False,False,,
M2:A1,a9916751b03c494dafa2eddc4496e702,17,3d5a6fe339f3490297e4b9d1f3949618,0.69288964207109,0.5472302421393359,0.14565939993175414,0.2813568556438315,1.0442418327494707,-0.7628849771056392,0.7628849771056392,False,False,,
M2:A1,a9916751b03c494dafa2eddc4496e702,18,306e66375cf94c7881864ba03782d2d2,0.621664783251867,0.49469346170583717,0.12697132154602986,0.3688562547607008,1.1198446726340623,-0.7509884178733615,0.7509884178733615,False,False,,
M2:A1,a9916751b03c494dafa2eddc4496e702,19,49cd09e4a07145258972fc4e6b18e42d,0.5546105399883565,0.44950549641399085,0.10510504357436568,0.45824395744514484,1.188786643081035,-0.7305426856358901,0.7305426856358901,False,False,,
M2:A1,a9916751b03c494dafa2eddc4496e702,20,60448167db014ef49dcfb65d89d69b3f,0.38970520774920875,0.39925264765772334,-0.009547439908514588,0.862236510687713,1.306155647290098,-0.4439191366023849,0.4439191366023849,False,False,,
M2:A1,a9916751b03c494dafa2eddc4496e702,21,f0bb168a6bc34e0bba79dd122b6394b0,0.35424563425612243,0.3638689922287353,-0.009623357972612878,0.9247175996974503,1.385382751957028,-0.4606651522595778,0.4606651522595778,False,False,,
M2:A1,a9916751b03c494dafa2eddc4496e702,22,a82ac06abf0d4d5ea70af9e19e82305e,0.3950440516366418,0.3834988584177797,0.011545193218862104,0.8801906298915815,1.4168048009654346,-0.5366141710738531,0.5366141710738531,False,False,,
M2:A1,a9916751b03c494dafa2eddc4496e702,23,2a572213c61c4d40a1955c2aecee6104,0.3975743658817585,0.3663210011119767,0.0312533647697818,0.8632634424639114,1.470749738025775,-0.6074862955618636,0.6074862955618636,False,False,,
M2:A1,a9916751b03c494dafa2eddc4496e702,24,4734352144ac49a7b02960b99573fc14,0.38376171599549297,0.3486618990432844,0.035099816952208596,0.8584901697987365,1.519970582538652,-0.6614804127399155,0.6614804127399155,False,False,,
M2:A1,a9916751b03c494dafa2eddc4496e702,25,0ab9ec2730894df2b48df70d0d2e84a9,0.35667035834646843,0.324712741779498,0.03195761656697044,0.9068796261570603,1.5914113786801756,-0.6845317525231153,0.6845317525231153,False,False,,
M2:A1,bbe3bc5ca1434a2ea802f5ed5062785e,0,65e07a70e6b5404a87bf34e49d4c0924,0.999999999999945,0.999999999999945,0.0,0.0,0.0,0.0,0.0,False,False,,
M2:A1,bbe3bc5ca1434a2ea802f5ed5062785e,1,9ab5069c183c492b82b0ab30133080c1,0.9846242699860599,0.956393575134012,0.028230694852047877,0.009732443401458247,0.07107466772978548,-0.06134222432832723,0.06134222432832723,False,False,,
M2:A1,bbe3bc5ca1434a2ea802f5ed5062785e,2,4258ba3b8b8142f48c3249d310a8c3d2,0.9695338032126968,0.9159666685796667,0.05356713463303009,0.019465266706192197,0.13810418413086067,-0.11863891742466848,0.11863891742466848,False,False,,
M2:A1,bbe3bc5ca1434a2ea802f5ed5062785e,3,8970a737ebee4443af37102473aaef8b,0.959005728608876,0.8817984345874932,0.07720729402138282,0.025801233683694125,0.20906808303398683,-0.1832668493502927,0.1832668493502927,False,False,,
M2:A1,bbe3bc5ca1434a2ea802f5ed5062785e,4,83f3eb36fc7144ab902e192db3a98c06,0.9438377063260114,0.8392386932139726,0.10459901311203879,0.03570130375334267,0.2896432589536491,-0.25394195520030644,0.25394195520030644,False,False,,
M2:A1,bbe3bc5ca1434a2ea802f5ed5062785e,5,0fc0a764b3ec4c8196ffa35598fbda5f,0.9274237826525491,0.8020758629057099,0.12534791974683923,0.046117916226960466,0.3623970616658527,-0.31627914543889224,0.31627914543889224,False,False,,
M2:A1,bbe3bc5ca1434a2ea802f5ed5062785e,6,ef823f39fe034fdc9651a363fc81327b,0.8690586907637937,0.7933495824884745,0.07570910827531918,0.08732652108310893,0.40038405944045413,-0.3130575383573452,0.3130575383573452,False,False,,
M2:A1,bbe3bc5ca1434a2ea802f5ed5062785e,7,f8de967b00394c9e88558219feef8426,0.849719824151293,0.7921872629695703,0.057532561181722675,0.10212660507527066,0.4171392363571181,-0.3150126312818474,0.3150126312818474,False,False,,
M2:A1,bbe3bc5ca1434a2ea802f5ed5062785e,8,cb440b4d1912467fb51d871f0ccf8e8a,0.8316284644594572,0.7759599184571819,0.05566854600227522,0.1207082562193973,0.44374468696213554,-0.32303643074273825,0.32303643074273825,False,False,,
M2:A1,bbe3bc5ca1434a2ea802f5ed5062785e,9,13546ea263ff48f49899cb30ac0004e9,0.8250486458734004,0.7609411078715677,0.06410753800183278,0.12241967338899122,0.4493029673939623,-0.32688329400497107,0.32688329400497107,False,False,,
M2:A1,bbe3bc5ca1434a2ea802f5ed5062785e,10,9b77dad2bdcf4814b042fa47889f19f6,0.8182575000974815,0.7510756876339589,0.06718181246352262,0.12513353819788345,0.4472799697962618,-0.3221464315983783,0.3221464315983783,False,False,,
M2:A1,bbe3bc5ca1434a2ea802f5ed5062785e,11,2b77a910c5e749f9a620d893361c1976,0.753315058756421,0.6768522631744835,0.07646279558193747,0.1776533610516602,0.4901973264826362,-0.31254396543097596,0.31254396543097596,False,False,,
M2:A1,bbe3bc5ca1434a2ea802f5ed5062785e,12,097394612e494d1ebe1750ed54a27763,0.6934119347885601,0.6112125780458023,0.0821993567427578,0.24073783444914237,0.5410243868606939,-0.3002865524115515,0.3002865524115515,False,False,,
M2:A1,bbe3bc5ca1434a2ea802f5ed5062785e,13,20601ccb0ab0445db56bad84060c1323,0.635611912838539,0.552973908125021,0.08263800471351801,0.3087495548241737,0.598153790313514,-0.2894042354893403,0.2894042354893403,False,False,,
M2:A1,bbe3bc5ca1434a2ea802f5ed5062785e,14,746857c6bd46430fa4b5b82186e716e0,0.7383105162389347,0.6226115356200448,0.11569898061888995,0.19984168394670582,0.5933692917494647,-0.3935276078027589,0.3935276078027589,False,False,,
M2:A1,bbe3bc5ca1434a2ea802f5ed5062785e,15,ef4fbe4064a74ce6b0a52cb3dd2e0bf0,0.8605009114460423,0.7005532261630693,0.1599476852829731,0.09209422657636637,0.5979279789260735,-0.5058337523497072,0.5058337523497072,False,False,,
M2:A1,bbe3bc5ca1434a2ea802f5ed5062785e,16,63d7813869b34ee9aa65064e93775e58,0.9296475781670619,0.6862626116391837,0.24338496652787822,0.04373467984835289,0.6261339094712245,-0.5823992296228716,0.5823992296228716,False,False,,
M2:A1,bbe3bc5ca1434a2ea802f5ed5062785e,17,3d5a6fe339f3490297e4b9d1f3949618,0.7314040242319058,0.5267666054221192,0.2046374188097866,0.23161712305334142,0.7466004318950978,-0.5149833088417564,0.5149833088417564,False,False,,
M2:A1,bbe3bc5ca1434a2ea802f5ed5062785e,18,306e66375cf94c7881864ba03782d2d2,0.5631138279306681,0.4081805893697625,0.15493323856090563,0.42746326992799166,0.8699915692184923,-0.44252829929050064,0.44252829929050064,False,False,,
M2:A1,bbe3bc5ca1434a2ea802f5ed5062785e,19,49cd09e4a07145258972fc4e6b18e42d,0.5741443811815586,0.4081377073184437,0.16600667386311496,0.41284368544708283,0.9131224507916774,-0.5002787653445946,0.5002787653445946,False,False,,
M2:A1,bbe3bc5ca1434a2ea802f5ed5062785e,20,60448167db014ef49dcfb65d89d69b3f,0.5865343948564136,0.4064134818085634,0.18012091304785016,0.39621968138733693,0.9711898586250538,-0.5749701772377169,0.5749701772377169,False,False,,
M2:A1,bbe3bc5ca1434a2ea802f5ed5062785e,21,f0bb168a6bc34e0bba79dd122b6394b0,0.5991914471273856,0.4014181109089061,0.19777333621847948,0.38071815442024864,1.0405075463883346,-0.659789391968086,0.659789391968086,False,False,,
M2:A1,bbe3bc5ca1434a2ea802f5ed5062785e,22,a82ac06abf0d4d5ea70af9e19e82305e,0.6070721171758418,0.4000207237151754,0.20705139346066637,0.366308816533252,0.9955835810718748,-0.6292747645386229,0.6292747645386229,False,False,,
M2:A1,bbe3bc5ca1434a2ea802f5ed5062785e,23,2a572213c61c4d40a1955c2aecee6104,0.613861026813668,0.41027445907181154,0.20358656774185652,0.3528490907867507,0.8621161433466524,-0.5092670525599017,0.5092670525599017,False,False,,
M2:A1,bbe3bc5ca1434a2ea802f5ed5062785e,24,4734352144ac49a7b02960b99573fc14,0.6055184914317636,0.3921552819185395,0.21336320951322413,0.36104225727047046,0.9396673801133361,-0.5786251228428656,0.5786251228428656,False,False,,
M2:A1,6786acf4f6b644639d550c608785320f,0,65e07a70e6b5404a87bf34e49d4c0924,0.9999999999998824,0.9999999999998824,0.0,0.0,0.0,0.0,0.0,False,False,,
M2:A1,6786acf4f6b644639d550c608785320f,1,9ab5069c183c492b82b0ab30133080c1,0.8711367234546468,0.8747450161197734,-0.0036082926651266334,0.08864854512537072,0.1052480329193202,-0.01659948779394947,0.01659948779394947,False,False,,
M2:A1,6786acf4f6b644639d550c608785320f,2,4258ba3b8b8142f48c3249d310a8c3d2,0.7625070373771927,0.7684539755247413,-0.005946938147548542,0.17631829372579697,0.21028467723221417,-0.0339663835064172,0.0339663835064172,False,False,,
M2:A1,6786acf4f6b644639d550c608785320f,3,8970a737ebee4443af37102473aaef8b,0.6853921897428068,0.6944652189085642,-0.009073029165757363,0.24894333856689393,0.29148760617159264,-0.042544267604698704,0.042544267604698704,False,False,,
M2:A1,6786acf4f6b644639d550c608785320f,4,83f3eb36fc7144ab902e192db3a98c06,0.6043426674632926,0.6188980557372292,-0.014555388273936654,0.3373026188957548,0.35697073128758106,-0.019668112391826253,0.019668112391826253,False,False,,
M2:A1,6786acf4f6b644639d550c608785320f,5,0fc0a764b3ec4c8196ffa35598fbda5f,0.5328316911384653,0.5483415484018789,-0.015509857263413585,0.4256642294315257,0.45435066708924554,-0.028686437657719832,0.028686437657719832,False,False,,
M2:A1,6786acf4f6b644639d550c608785320f,6,ef823f39fe034fdc9651a363fc81327b,0.46860990960301935,0.48661972029479206,-0.01800981069177271,0.5145661908224104,0.5539021118848523,-0.03933592106244188,0.03933592106244188,False,False,,
M2:A1,6786acf4f6b644639d550c608785320f,7,f8de967b00394c9e88558219feef8426,0.4597697076030328,0.4787662652738942,-0.01899655767086139,0.5490323956165611,0.6125170194227564,-0.06348462380619524,0.06348462380619524,False,False,,
M2:A1,6786acf4f6b644639d550c608785320f,8,cb440b4d1912467fb51d871f0ccf8e8a,0.4501247253530491,0.4695188308974903,-0.01939410554444121,0.5892679584813848,0.7115866780915221,-0.1223187196101373,0.1223187196101373,False,False,,
M2:A1,6786acf4f6b644639d550c608785320f,9,13546ea263ff48f49899cb30ac0004e9,0.44016038540050334,0.45513065154532106,-0.014970266144817723,0.6349572345917619,0.823838561019009,-0.1888813264272471,0.1888813264272471,False,False,,
M2:A1,6786acf4f6b644639d550c608785320f,10,9b77dad2bdcf4814b042fa47889f19f6,0.38316539058405097,0.39950880998681565,-0.01634341940276468,0.7278629981478254,0.9411533391548608,-0.21329034100703537,0.21329034100703537,False,False,,
M2:A1,6786acf4f6b644639d550c608785320f,11,2b77a910c5e749f9a620d893361c1976,0.33222016904047297,0.3510431182217667,-0.018822949181293736,0.8247937241401843,1.054011433840251,-0.22921770970006683,0.22921770970006683,False,False,,
M2:A1,6786acf4f6b644639d550c608785320f,12,097394612e494d1ebe1750ed54a27763,0.34123792815197257,0.3080651792014288,0.033172748950543784,0.8108229670910071,1.175669300902207,-0.3648463338111999,0.3648463338111999,False,False,,
M2:A1,6786acf4f6b644639d550c608785320f,13,20601ccb0ab0445db56bad84060c1323,0.29186844924429345,0.26810179722469846,0.02376665201959499,0.9138022427946852,1.297000279935638,-0.3831980371409527,0.3831980371409527,False,False,,
M2:A1,6786acf4f6b644639d550c608785320f,14,746857c6bd46430fa4b5b82186e716e0,0.2475646585842914,0.23497092105031442,0.012593737533976995,1.0156654859720562,1.3937936335207397,-0.3781281475486835,0.3781281475486835,False,False,,
M2:A1,6786acf4f6b644639d550c608785320f,15,ef4fbe4064a74ce6b0a52cb3dd2e0bf0,0.1991535078168292,0.20287586219188705,-0.003722354375057857,1.1248079754080302,1.499770478623483,-0.37496250321545266,0.37496250321545266,False,False,,
M2:A1,6786acf4f6b644639d550c608785320f,16,63d7813869b34ee9aa65064e93775e58,0.1483688459028711,0.17165908777498853,-0.023290241872117423,1.2377757367966111,1.6088964240968064,-0.3711206873001953,0.3711206873001953,False,False,,
M2:A1,6786acf4f6b644639d550c608785320f,17,3d5a6fe339f3490297e4b9d1f3949618,0.11467707421748098,0.16199899705576848,-0.0473219228382875,1.3024912970846856,1.6747191443747136,-0.372227847290028,0.372227847290028,False,False,,
M2:A1,6786acf4f6b644639d550c608785320f,18,306e66375cf94c7881864ba03782d2d2,0.0852225383167786,0.13779668042259885,-0.052574142105820246,1.3779688218488644,1.7491489223284276,-0.3711801004795632,0.3711801004795632,False,False,,
M2:A1,6786acf4f6b644639d550c608785320f,19,49cd09e4a07145258972fc4e6b18e42d,0.060724132513654445,0.11198526985857057,-0.05126113734491613,1.460110642265463,1.830256926047941,-0.37014628378247805,0.37014628378247805,False,False,,
M2:A1,6786acf4f6b644639d550c608785320f,20,60448167db014ef49dcfb65d89d69b3f,0.06289176313917666,0.11490933110895367,-0.05201756796977701,1.4552764464171606,1.8762190822212517,-0.4209426358040911,0.4209426358040911,False,False,,
M2:A1,6786acf4f6b644639d550c608785320f,21,f0bb168a6bc34e0bba79dd122b6394b0,0.06493201732462296,0.11822199708300242,-0.05328997975837946,1.4505113572598205,1.9091836316850428,-0.4586722744252223,0.4586722744252223,False,False,,
M2:A1,6786acf4f6b644639d550c608785320f,22,a82ac06abf0d4d5ea70af9e19e82305e,0.0861805684013712,0.13842169277226135,-0.05224112437089015,1.383955599955439,1.912066287772093,-0.5281106878166542,0.5281106878166542,False,False,,
M2:A1,6786acf4f6b644639d550c608785320f,23,2a572213c61c4d40a1955c2aecee6104,0.10781469781588005,0.1584123343658196,-0.05059763654993957,1.319732206022325,1.920994243927153,-0.6012620379048279,0.6012620379048279,False,False,,
M2:A1,6786acf4f6b644639d550c608785320f,24,4734352144ac49a7b02960b99573fc14,0.12977378478069107,0.1774350235599869,-0.04766123877929582,1.2588400865874363,1.9431264220998206,-0.6842863355123843,0.6842863355123843,False,False,,
M2:A1,6786acf4f6b644639d550c608785320f,25,0ab9ec2730894df2b48df70d0d2e84a9,0.14074227497535752,0.1859679163239377,-0.045225641348580176,1.231590032796091,1.9818843954171261,-0.7502943626210352,0.7502943626210352,False,False,,
M2:A1,6786acf4f6b644639d550c608785320f,26,cb708f56b6104d638f93e3906cba5b82,0.15174790171371488,0.19320136450532635,-0.04145346279161147,1.205427054262882,2.032208397917915,-0.8267813436550329,0.8267813436550329,False,False,,
M2:A1,6786acf4f6b644639d550c608785320f,27,fd6002d736cb405796fc4fbdd5af6f7f,0.16235544449362332,0.2005298505129016,-0.03817440601927827,1.1815241705092918,2.075676157635297,-0.8941519871260051,0.8941519871260051,False,False,,
M2:A1,6786acf4f6b644639d550c608785320f,28,7f769bb638214009813b92df0cfb501a,0.15947031697570122,0.1939292724333294,-0.0344589554576282,1.206108003398079,2.162041712677456,-0.9559337092793769,0.9559337092793769,False,False,,
M2:A1,6786acf4f6b644639d550c608785320f,29,f76469bb5b5747dbaedb1c59990b5579,0.1569978609329584,0.1908100101673481,-0.033812149234389716,1.2306266060438318,2.220772263420299,-0.9901456573764673,0.9901456573764673,False,False,,
M2:A1,6786acf4f6b644639d550c608785320f,30,770820077d44452a8428299e33808c0f,0.17008960852588498,0.19127530028114323,-0.02118569175525825,1.212025515903165,2.3278712951723883,-1.1158457792692233,1.1158457792692233,False,False,,
M2:A1,6786acf4f6b644639d550c608785320f,31,8a7007fd59cf4f39a3855b0e82136105,0.18293620564006027,0.1944337312437755,-0.011497525603715225,1.1956898578038582,2.392184561733578,-1.19649470392972,1.19649470392972,False,False,,
M2:A1,6786acf4f6b644639d550c608785320f,32,15f4465f9fe44b80ab54908983b1cf68,0.19631832072420738,0.1973682309446352,-0.0010499102204278299,1.1771768342701792,2.4771740115586462,-1.299997177288467,1.299997177288467,False,False,,
M2:A1,6786acf4f6b644639d550c608785320f,33,f94199c2a589484d8e32dd6bf4931d4f,0.20963625529095975,0.20453649274946933,0.005099762541490416,1.1626758169290545,2.517474979077938,-1.3547991621488833,1.3547991621488833,False,False,,
M2:A1,6786acf4f6b644639d550c608785320f,34,a07f902656eb4f0fb2e5a77f803fb37c,0.2231167718630773,0.2146398068823304,0.008476964980746904,1.1499226562336882,2.5389016655374315,-1.3889790093037433,1.3889790093037433,False,False,,
M2:A1,856aeb4fa2024f1284c6290a44e9dec5,0,83f3eb36fc7144ab902e192db3a98c06,0.999999999999993,0.999999999999993,0.0,0.0,0.0,0.0,0.0,False,False,,
M2:A1,856aeb4fa2024f1284c6290a44e9dec5,1,0fc0a764b3ec4c8196ffa35598fbda5f,0.956054815247467,0.9436246850246038,0.012430130222863212,0.02690297961720068,0.06729735816684997,-0.040394378549649286,0.040394378549649286,False,False,,
M2:A1,856aeb4fa2024f1284c6290a44e9dec5,2,ef823f39fe034fdc9651a363fc81327b,0.9136892965315452,0.8943470324665812,0.019342264064963977,0.054470619887493264,0.12650754701728464,-0.07203692712979137,0.07203692712979137,False,False,,
M2:A1,856aeb4fa2024f1284c6290a44e9dec5,3,f8de967b00394c9e88558219feef8426,0.8735970311132877,0.84368063262481,0.029916398488477713,0.08203839450368106,0.19257229325157174,-0.11053389874789069,0.11053389874789069,False,False,,
M2:A1,856aeb4fa2024f1284c6290a44e9dec5,4,cb440b4d1912467fb51d871f0ccf8e8a,0.8372055922533151,0.7997980983156027,0.03740749393771248,0.10761702140737006,0.25642099913632505,-0.14880397772895498,0.14880397772895498,False,False,,
M2:A1,856aeb4fa2024f1284c6290a44e9dec5,5,13546ea263ff48f49899cb30ac0004e9,0.7677716260635679,0.7257253956325173,0.0420462304310506,0.16016316321337742,0.34959498624511787,-0.18943182303174044,0.18943182303174044,False,False,,
M2:A1,856aeb4fa2024f1284c6290a44e9dec5,6,9b77dad2bdcf4814b042fa47889f19f6,0.7001119554285808,0.661910595338926,0.0382013600896548,0.2321209945814745,0.43032596670222006,-0.19820497212074556,0.19820497212074556,False,False,,
M2:A1,856aeb4fa2024f1284c6290a44e9dec5,7,2b77a910c5e749f9a620d893361c1976,0.6366857990370485,0.6001112797740152,0.036574519263033234,0.3105865472558275,0.5051310623083757,-0.19454451505254816,0.19454451505254816,False,False,,
M2:A1,856aeb4fa2024f1284c6290a44e9dec5,8,097394612e494d1ebe1750ed54a27763,0.6309188231329931,0.586773569239637,0.04414525389335611,0.3288918578584808,0.5382292031524973,-0.20933734529401654,0.20933734529401654,False,False,,
M2:A1,856aeb4fa2024f1284c6290a44e9dec5,9,20601ccb0ab0445db56bad84060c1323,0.6272903786136763,0.5688385033887249,0.05845187522495143,0.34850522958208136,0.5673252171298564,-0.21881998754777504,0.21881998754777504,False,False,,
M2:A1,856aeb4fa2024f1284c6290a44e9dec5,10,746857c6bd46430fa4b5b82186e716e0,0.6118345622774671,0.5408089713237251,0.07102559095374206,0.37015587358877383,0.5867755799854502,-0.21661970639667633,0.21661970639667633,False,False,,
M2:A1,856aeb4fa2024f1284c6290a44e9dec5,11,ef4fbe4064a74ce6b0a52cb3dd2e0bf0,0.5905765619616068,0.5171481444549108,0.07342841750669604,0.3959702079703648,0.6056097091118945,-0.20963950114152968,0.20963950114152968,False,False,,
M2:A1,856aeb4fa2024f1284c6290a44e9dec5,12,63d7813869b34ee9aa65064e93775e58,0.5873018955478576,0.5166358347599375,0.07066606078792015,0.4005949946281728,0.627754864807273,-0.22715987017910028,0.22715987017910028,False,False,,
M2:A1,856aeb4fa2024f1284c6290a44e9dec5,13,3d5a6fe339f3490297e4b9d1f3949618,0.5800401507330893,0.5198539268891856,0.06018622384390371,0.40144488723378846,0.6533687126694641,-0.2519238254356756,0.2519238254356756,False,False,,
M2:A1,856aeb4fa2024f1284c6290a44e9dec5,14,306e66375cf94c7881864ba03782d2d2,0.5728715091181925,0.5196673595879844,0.053204149530208134,0.4033068009965076,0.6716221449380049,-0.26831534394149725,0.26831534394149725,False,False,,
M2:A1,856aeb4fa2024f1284c6290a44e9dec5,15,49cd09e4a07145258972fc4e6b18e42d,0.5655265707253574,0.5173234115634457,0.048203159161911646,0.40474764599049096,0.6928314352111019,-0.28808378922061095,0.28808378922061095,False,False,,
M2:A1,856aeb4fa2024f1284c6290a44e9dec5,16,60448167db014ef49dcfb65d89d69b3f,0.5581528379303496,0.5142784767434999,0.04387436118684973,0.40931983202546707,0.7090432088847937,-0.2997233768593266,0.2997233768593266,False,False,,
M2:A1,856aeb4fa2024f1284c6290a44e9dec5,17,f0bb168a6bc34e0bba79dd122b6394b0,0.5834819031826394,0.5521947008793007,0.0312872023033387,0.3661450092382829,0.7073916997217562,-0.3412466904834733,0.3412466904834733,False,False,,
M2:A1,856aeb4fa2024f1284c6290a44e9dec5,18,a82ac06abf0d4d5ea70af9e19e82305e,0.6079725617643106,0.5892257650845115,0.01874679667979906,0.3273836381840549,0.7246413681845626,-0.3972577300005077,0.3972577300005077,False,False,,
M2:A1,856aeb4fa2024f1284c6290a44e9dec5,19,2a572213c61c4d40a1955c2aecee6104,0.6241016045143518,0.6330283091547882,-0.008926704640436434,0.29413862980649014,0.7141518877003825,-0.4200132578938924,0.4200132578938924,False,False,,
M2:A1,856aeb4fa2024f1284c6290a44e9dec5,20,4734352144ac49a7b02960b99573fc14,0.6503658891685515,0.675504749949215,-0.02513886078066352,0.26063370894034543,0.6922164185471734,-0.431582709606828,0.431582709606828,False,False,,
M2:A1,856aeb4fa2024f1284c6290a44e9dec5,21,0ab9ec2730894df2b48df70d0d2e84a9,0.6766531056019616,0.7191929183476153,-0.04253981274565377,0.23237660281543066,0.6959245533670643,-0.4635479505516336,0.4635479505516336,False,False,,
M2:A1,856aeb4fa2024f1284c6290a44e9dec5,22,cb708f56b6104d638f93e3906cba5b82,0.7066775545624725,0.7015292935790571,0.005148260983415365,0.20868259996771335,0.7242634435968158,-0.5155808436291025,0.5155808436291025,False,False,,
M2:A1,856aeb4fa2024f1284c6290a44e9dec5,23,fd6002d736cb405796fc4fbdd5af6f7f,0.7352420904828616,0.6444494754003713,0.09079261508249026,0.19510836480792906,0.7693328107371006,-0.5742244459291715,0.5742244459291715,False,False,,
M2:A1,856aeb4fa2024f1284c6290a44e9dec5,24,7f769bb638214009813b92df0cfb501a,0.7635796040690352,0.5994818575860839,0.1640977464829514,0.19286321868425357,0.7948485858723711,-0.6019853671881175,0.6019853671881175,False,False,,
M2:A1,856aeb4fa2024f1284c6290a44e9dec5,25,f76469bb5b5747dbaedb1c59990b5579,0.7486796099455147,0.5777107270824613,0.17096888286305345,0.21448419908855665,0.8130568929306817,-0.5985726938421251,0.5985726938421251,False,False,,
M2:A1,856aeb4fa2024f1284c6290a44e9dec5,26,770820077d44452a8428299e33808c0f,0.7350496084196535,0.5590474373623406,0.17600217105731286,0.2350054444749351,0.8235101437454273,-0.5885046992704922,0.5885046992704922,False,False,,
M2:A1,856aeb4fa2024f1284c6290a44e9dec5,27,8a7007fd59cf4f39a3855b0e82136105,0.7197909996246654,0.5412529272103405,0.17853807241432496,0.25967572485840407,0.8352943628110231,-0.575618637952619,0.575618637952619,False,False,,
M2:A1,856aeb4fa2024f1284c6290a44e9dec5,28,15f4465f9fe44b80ab54908983b1cf68,0.704289364923179,0.5279057504512635,0.17638361447191542,0.2840839381412559,0.8338458672634157,-0.5497619291221598,0.5497619291221598,False,False,,
M2:A1,856aeb4fa2024f1284c6290a44e9dec5,29,f94199c2a589484d8e32dd6bf4931d4f,0.6765491399616232,0.5122062801791364,0.16434285978248686,0.3106844237053501,0.8362367755337964,-0.5255523518284463,0.5255523518284463,False,False,,
M2:A1,856aeb4fa2024f1284c6290a44e9dec5,30,a07f902656eb4f0fb2e5a77f803fb37c,0.5629749222529296,0.43333153939720936,0.1296433828557202,0.36984524667016694,0.9307097966692649,-0.560864549999098,0.560864549999098,False,False,,
M2:A1,856aeb4fa2024f1284c6290a44e9dec5,31,bec365d878c4413d85d5fbb3eb3b3f46,0.4752183402455854,0.3535549459822604,0.12166339426332501,0.46224645190671726,1.085673714120884,-0.6234272622141668,0.6234272622141668,False,False,,
M2:A1,856aeb4fa2024f1284c6290a44e9dec5,32,7ac804cee1cd4d48ac2ea0ac97726bc9,0.4039934820555616,0.2845252486444869,0.11946823341107471,0.56849934404595,1.246168621054026,-0.6776692770080759,0.6776692770080759,False,False,,
M2:A1,856aeb4fa2024f1284c6290a44e9dec5,33,54259afa6c644e1d99422df9da1c8f35,0.338151537496804,0.22627142890400392,0.11188010859280006,0.6930195813536878,1.3929211895698284,-0.6999016082161406,0.6999016082161406,False,False,,
M2:A1,856aeb4fa2024f1284c6290a44e9dec5,34,fa8abe51b4104eb68fc7f85ab1c475bb,0.2771287050050416,0.178879605966536,0.09824909903850562,0.829662926299272,1.5111347504511836,-0.6814718241519117,0.6814718241519117,False,False,,
M2:A1,856aeb4fa2024f1284c6290a44e9dec5,35,bc84a61f13f744cd8f5aa8e888ce879b,0.23739172929260838,0.13844089034120224,0.09895083895140613,0.9089150171496394,1.5888274565884324,-0.679912439438793,0.679912439438793,False,False,,
M2:A1,856aeb4fa2024f1284c6290a44e9dec5,36,76c090ac27774e66a592f40998d5537c,0.20030852589770395,0.09876539143961556,0.1015431344580884,0.9972941121741409,1.6885902645752127,-0.6912961524010718,0.6912961524010718,False,False,,
M2:A1,29d3fb54f8b746118133456815b12eeb,0,8970a737ebee4443af37102473aaef8b,0.9999999999998054,0.9999999999998054,0.0,0.0,0.0,0.0,0.0,False,False,,
M2:A1,29d3fb54f8b746118133456815b12eeb,1,83f3eb36fc7144ab902e192db3a98c06,0.9963355885124894,0.9682804594335704,0.02805512907891894,0.0025070344991709797,0.07323618875645976,-0.07072915425728879,0.07072915425728879,False,False,,
M2:A1,29d3fb54f8b746118133456815b12eeb,2,0fc0a764b3ec4c8196ffa35598fbda5f,0.9618119467932003,0.927778410771504,0.03403353602169623,0.028400513243269424,0.11016082036533342,-0.081760307122064,0.081760307122064,False,False,,
M2:A1,29d3fb54f8b746118133456815b12eeb,3,ef823f39fe034fdc9651a363fc81327b,0.9480764015000424,0.9349257572297976,0.013150644270244705,0.05112268647529818,0.11127432989903961,-0.06015164342374143,0.06015164342374143,False,False,,
M2:A1,29d3fb54f8b746118133456815b12eeb,4,f8de967b00394c9e88558219feef8426,0.9586187719575772,0.9193049243107951,0.03931384764678203,0.0765068009762042,0.09908754370520416,-0.02258074272899996,0.02258074272899996,False,False,,
M2:A1,29d3fb54f8b746118133456815b12eeb,5,cb440b4d1912467fb51d871f0ccf8e8a,0.8654817426554097,0.8686794271141367,-0.0031976844587270348,0.11581696587956423,0.14187728807838637,-0.026060322198822136,0.026060322198822136,False,False,,
M2:A1,29d3fb54f8b746118133456815b12eeb,6,13546ea263ff48f49899cb30ac0004e9,0.6908176458758214,0.6950483511775529,-0.00423070530173153,0.27586647782529417,0.28335577909574616,-0.007489301270451998,0.007489301270451998,False,False,,
M2:A1,29d3fb54f8b746118133456815b12eeb,7,9b77dad2bdcf4814b042fa47889f19f6,0.6539242194923175,0.6749572954936283,-0.02103307600131077,0.2945677215368208,0.30997271714705676,-0.01540499561023595,0.01540499561023595,False,False,,
M2:A1,29d3fb54f8b746118133456815b12eeb,8,2b77a910c5e749f9a620d893361c1976,0.6145817070094687,0.6354238575931785,-0.020842150583709862,0.33967520658416644,0.3628992155493416,-0.02322400896517518,0.02322400896517518,False,False,,
M2:A1,29d3fb54f8b746118133456815b12eeb,9,097394612e494d1ebe1750ed54a27763,0.6267381473598763,0.6498305171549514,-0.02309236979507512,0.3172050695306823,0.36153586065405496,-0.04433079112337268,0.04433079112337268,False,False,,
M2:A1,29d3fb54f8b746118133456815b12eeb,10,20601ccb0ab0445db56bad84060c1323,0.5004724880759494,0.5606153203665548,-0.060142832290605464,0.48295666858761005,0.4299914883339205,0.05296518025368957,-0.05296518025368957,False,False,,
M2:A1,29d3fb54f8b746118133456815b12eeb,11,746857c6bd46430fa4b5b82186e716e0,0.5389926944545651,0.5836742265739134,-0.04468153211934833,0.4218049207556419,0.4253960402637353,-0.0035911195080933767,0.0035911195080933767,False,False,,
M2:A1,29d3fb54f8b746118133456815b12eeb,12,ef4fbe4064a74ce6b0a52cb3dd2e0bf0,0.5814606895076689,0.6136277103079584,-0.032167020800289436,0.36365585884576107,0.42676603155612525,-0.06311017271036418,0.06311017271036418,False,False,,
M2:A1,29d3fb54f8b746118133456815b12eeb,13,63d7813869b34ee9aa65064e93775e58,0.7387510682609119,0.7284513550649611,0.0102997131959508,0.18890253516662084,0.4475245475811814,-0.2586220124145605,0.2586220124145605,False,False,,
M2:A1,29d3fb54f8b746118133456815b12eeb,14,3d5a6fe339f3490297e4b9d1f3949618,0.8694719338287985,0.7409572497559354,0.12851468407286315,0.10927217010042141,0.5484933775601555,-0.4392212074597341,0.4392212074597341,False,False,,
M2:A1,29d3fb54f8b746118133456815b12eeb,15,306e66375cf94c7881864ba03782d2d2,0.864402053376761,0.7314627704537736,0.1329392829229874,0.11000154672130635,0.5713366532332743,-0.46133510651196796,0.46133510651196796,False,False,,
M2:A1,29d3fb54f8b746118133456815b12eeb,16,49cd09e4a07145258972fc4e6b18e42d,0.860347481030465,0.7220388383637029,0.13830864266676213,0.11262560416953288,0.5921008352450007,-0.4794752310754678,0.4794752310754678,False,False,,
M2:A1,29d3fb54f8b746118133456815b12eeb,17,60448167db014ef49dcfb65d89d69b3f,0.853686611049735,0.6920587063892146,0.16162790466052035,0.11644222845251663,0.6869768485216595,-0.5705346200691429,0.5705346200691429,False,False,,
M2:A1,29d3fb54f8b746118133456815b12eeb,18,f0bb168a6bc34e0bba79dd122b6394b0,0.8428345588530526,0.6718976791320015,0.1709368797210511,0.12618501876808316,0.7476129965565395,-0.6214279777884563,0.6214279777884563,False,False,,
M2:A1,29d3fb54f8b746118133456815b12eeb,19,a82ac06abf0d4d5ea70af9e19e82305e,0.847973181308451,0.6521876725731782,0.19578550873527278,0.11904050290622475,0.8006733041117006,-0.6816328012054758,0.6816328012054758,False,False,,
M2:A1,29d3fb54f8b746118133456815b12eeb,20,2a572213c61c4d40a1955c2aecee6104,0.8535485355449534,0.634338446691834,0.21921008885311932,0.1145532112947276,0.8565981017184136,-0.7420448904236859,0.7420448904236859,False,False,,
M2:A1,29d3fb54f8b746118133456815b12eeb,21,4734352144ac49a7b02960b99573fc14,0.8698499079282923,0.6549646826807729,0.2148852252475194,0.10939416294107056,0.893053788506309,-0.7836596255652385,0.7836596255652385,False,False,,
M2:A1,2197057ff31949819b309f2c7ec9a113,0,83f3eb36fc7144ab902e192db3a98c06,0.9999999999998992,0.9999999999998992,0.0,0.0,0.0,0.0,0.0,False,False,,
M2:A1,2197057ff31949819b309f2c7ec9a113,1,0fc0a764b3ec4c8196ffa35598fbda5f,0.9791545876280996,0.9331148331401597,0.046039754487939843,0.03713771401939955,0.12732115726630694,-0.09018344324690739,0.09018344324690739,False,False,,
M2:A1,2197057ff31949819b309f2c7ec9a113,2,ef823f39fe034fdc9651a363fc81327b,0.9755853656754613,0.8874016263506168,0.08818373932484447,0.03950903208903511,0.2088297498820499,-0.16932071779301477,0.16932071779301477,False,False,,
M2:A1,2197057ff31949819b309f2c7ec9a113,3,f8de967b00394c9e88558219feef8426,0.8996846496323726,0.8045488960839865,0.0951357535483861,0.09623445381318535,0.29063084565113434,-0.194396391837949,0.194396391837949,False,False,,
M2:A1,2197057ff31949819b309f2c7ec9a113,4,cb440b4d1912467fb51d871f0ccf8e8a,0.8120570732753394,0.7674864711444631,0.04457060213087627,0.15870442923603817,0.32085972899732046,-0.1621552997612823,0.1621552997612823,False,False,,
M2:A1,2197057ff31949819b309f2c7ec9a113,5,13546ea263ff48f49899cb30ac0004e9,0.8317847301140127,0.7989954690996497,0.03278926101436297,0.13234299640336833,0.24665867204608527,-0.11431567564271694,0.11431567564271694,False,False,,
M2:A1,2197057ff31949819b309f2c7ec9a113,6,9b77dad2bdcf4814b042fa47889f19f6,0.7894776008292586,0.7564665378144259,0.0330110630148327,0.1509319964408412,0.3231515278407334,-0.1722195313998922,0.1722195313998922,False,False,,
M2:A1,2197057ff31949819b309f2c7ec9a113,7,2b77a910c5e749f9a620d893361c1976,0.7081286907019477,0.6911328622425997,0.016995828459347995,0.23027330791609457,0.3284348451250782,-0.09816153720898363,0.09816153720898363,False,False,,
M2:A1,2197057ff31949819b309f2c7ec9a113,8,097394612e494d1ebe1750ed54a27763,0.6171249965092729,0.6217435051614012,-0.004618508652128317,0.32271405817591436,0.38066025128753656,-0.05794619311162219,0.05794619311162219,False,False,,
M2:A1,2197057ff31949819b309f2c7ec9a113,9,20601ccb0ab0445db56bad84060c1323,0.472941669943851,0.4909945944553344,-0.01805292451148338,0.5133413822045884,0.5369311107690221,-0.023589728564433754,0.023589728564433754,False,False,,
M2:A1,2197057ff31949819b309f2c7ec9a113,10,746857c6bd46430fa4b5b82186e716e0,0.49925579556788613,0.5258899848326866,-0.026634189264800434,0.4671539709911385,0.4954406863454385,-0.028286715354299996,0.028286715354299996,False,False,,
M2:A1,2197057ff31949819b309f2c7ec9a113,11,ef4fbe4064a74ce6b0a52cb3dd2e0bf0,0.5684020633104339,0.6603782745239553,-0.0919762112135214,0.4058415676818383,0.3115096191181086,0.09433194856372973,-0.09433194856372973,False,False,,
M2:A1,2197057ff31949819b309f2c7ec9a113,12,63d7813869b34ee9aa65064e93775e58,0.8070850958991974,0.764816343630961,0.042268752268236454,0.16019784425384298,0.5553869778616896,-0.3951891336078466,0.3951891336078466,False,False,,
M2:A1,2197057ff31949819b309f2c7ec9a113,13,3d5a6fe339f3490297e4b9d1f3949618,0.7840462784994867,0.7323530423437338,0.05169323615575294,0.17055426668627216,0.6164481705299277,-0.44589390384365557,0.44589390384365557,False,False,,
M2:A1,2197057ff31949819b309f2c7ec9a113,14,306e66375cf94c7881864ba03782d2d2,0.7611051589015063,0.6975683400510346,0.06353681885047169,0.18377050738252354,0.6865454879858408,-0.5027749806033173,0.5027749806033173,False,False,,
M2:A1,2197057ff31949819b309f2c7ec9a113,15,49cd09e4a07145258972fc4e6b18e42d,0.7696026779651122,0.689052994340946,0.08054968362416615,0.1729492206966604,0.7310993207716604,-0.558150100075,0.558150100075,False,False,,
M2:A1,2197057ff31949819b309f2c7ec9a113,16,60448167db014ef49dcfb65d89d69b3f,0.792321550500445,0.689798222707396,0.10252332779304896,0.16168501892725712,0.7900497780800082,-0.628364759152751,0.628364759152751,False,False,,
M2:A1,2197057ff31949819b309f2c7ec9a113,17,f0bb168a6bc34e0bba79dd122b6394b0,0.812663238851459,0.6947884175823661,0.11787482126909288,0.1587075380526404,0.8363320580921143,-0.6776245200394739,0.6776245200394739,False,False,,
M2:A1,2197057ff31949819b309f2c7ec9a113,18,a82ac06abf0d4d5ea70af9e19e82305e,0.8390337583222276,0.6570112989023532,0.18202245941987438,0.15452589343781278,0.8991836176604112,-0.7446577242225985,0.7446577242225985,False,False,,
M2:A1,2197057ff31949819b309f2c7ec9a113,19,2a572213c61c4d40a1955c2aecee6104,0.7606831481014444,0.5606134808285187,0.20006966727292574,0.2849735890777908,1.21295344750199,-0.9279798584241993,0.9279798584241993,False,False,,
M2:A1,2197057ff31949819b309f2c7ec9a113,20,4734352144ac49a7b02960b99573fc14,0.7536178665427129,0.5498108230181097,0.20380704352460322,0.25913566550134565,1.2188423424099764,-0.9597066769086307,0.9597066769086307,False,False,,
M2:A1,2197057ff31949819b309f2c7ec9a113,21,0ab9ec2730894df2b48df70d0d2e84a9,0.8200450714765105,0.6354721986399078,0.18457287283660273,0.16227660638896824,0.9925096182811801,-0.8302330118922119,0.8302330118922119,False,False,,
M2:A1,2197057ff31949819b309f2c7ec9a113,22,cb708f56b6104d638f93e3906cba5b82,0.7218108512109103,0.5101359501319292,0.21167490107898101,0.2846572785794521,1.329525498484436,-1.044868219904984,1.044868219904984,False,False,,
M2:A1,2197057ff31949819b309f2c7ec9a113,23,fd6002d736cb405796fc4fbdd5af6f7f,0.6758769575643204,0.4668772850749223,0.2089996724893981,0.2786373479364113,1.3356054071211376,-1.0569680591847264,1.0569680591847264,False,False,,
M2:A1,2197057ff31949819b309f2c7ec9a113,24,7f769bb638214009813b92df0cfb501a,0.5401280781944657,0.3706344130054581,0.16949366518900766,0.3937568445869668,1.4250785390681535,-1.0313216944811867,1.0313216944811867,False,False,,
M2:A1,2197057ff31949819b309f2c7ec9a113,25,f76469bb5b5747dbaedb1c59990b5579,0.5729870063443528,0.38172880276687404,0.1912582035774788,0.35389968664440724,1.3975221406241507,-1.0436224539797434,1.0436224539797434,False,False,,
M2:A1,2197057ff31949819b309f2c7ec9a113,26,770820077d44452a8428299e33808c0f,0.5656922801693927,0.36174566014232606,0.2039466200270666,0.36123834324906234,1.5066631997664077,-1.1454248565173453,1.1454248565173453,False,False,,
M2:A1,2197057ff31949819b309f2c7ec9a113,27,8a7007fd59cf4f39a3855b0e82136105,0.5106738560367782,0.33029175062028604,0.18038210541649213,0.43427815717215196,1.542087125081655,-1.1078089679095031,1.1078089679095031,False,False,,
M2:A1,2197057ff31949819b309f2c7ec9a113,28,15f4465f9fe44b80ab54908983b1cf68,0.4606736545262514,0.28772334599712457,0.17295030852912685,0.5093598949900493,1.671517645374158,-1.1621577503841087,1.1621577503841087,False,False,,
M2:A1,2197057ff31949819b309f2c7ec9a113,29,f94199c2a589484d8e32dd6bf4931d4f,0.4101441148235155,0.2541175905770064,0.1560265242465091,0.5911150900937284,1.7509421546386539,-1.1598270645449253,1.1598270645449253,False,False,,
M2:A1,2197057ff31949819b309f2c7ec9a113,30,a07f902656eb4f0fb2e5a77f803fb37c,0.36760941160894856,0.22755191763603475,0.1400574939729138,0.6684687013486903,1.7902649406743694,-1.121796239325679,1.121796239325679,False,False,,
M2:A1,2197057ff31949819b309f2c7ec9a113,31,bec365d878c4413d85d5fbb3eb3b3f46,0.3269237300655627,0.20048473534243014,0.12643899472313255,0.7477405041444666,1.850278079513642,-1.1025375753691753,1.1025375753691753,False,False,,
M2:A1,2197057ff31949819b309f2c7ec9a113,32,7ac804cee1cd4d48ac2ea0ac97726bc9,0.3296436801653836,0.2011872866093798,0.1284563935560038,0.7475829719658612,1.826553299186828,-1.0789703272209668,1.0789703272209668,False,False,,
M2:A1,2197057ff31949819b309f2c7ec9a113,33,54259afa6c644e1d99422df9da1c8f35,0.29826255809049945,0.1652012954906046,0.13306126259989484,0.844411128787685,2.1340624497224425,-1.2896513209347575,1.2896513209347575,False,False,,
M2:A1,29f69a7cb2c544c8a5ef26437a48e021,0,f8de967b00394c9e88558219feef8426,1.000000000000046,1.000000000000046,0.0,0.0,0.0,0.0,0.0,False,False,,
M2:A1,29f69a7cb2c544c8a5ef26437a48e021,1,cb440b4d1912467fb51d871f0ccf8e8a,0.962577746591671,0.9645831488479808,-0.0020054022563098517,0.036050673994723344,0.05564931419746458,-0.019598640202741234,0.019598640202741234,False,False,,
M2:A1,29f69a7cb2c544c8a5ef26437a48e021,2,13546ea263ff48f49899cb30ac0004e9,0.9240462104935814,0.9373929196004884,-0.013346709106907051,0.08111635243824315,0.10121412179788114,-0.020097769359637987,0.020097769359637987,False,False,,
M2:A1,29f69a7cb2c544c8a5ef26437a48e021,3,9b77dad2bdcf4814b042fa47889f19f6,0.8884434182758733,0.9129829493936098,-0.024539531117736546,0.12081981585514955,0.15180209436956177,-0.030982278514412223,0.030982278514412223,False,False,,
M2:A1,29f69a7cb2c544c8a5ef26437a48e021,4,2b77a910c5e749f9a620d893361c1976,0.8492119000779976,0.9025604007242859,-0.053348500646288266,0.17662251033532636,0.14385928723720381,0.032763223098122546,-0.032763223098122546,False,False,,
M2:A1,29f69a7cb2c544c8a5ef26437a48e021,5,097394612e494d1ebe1750ed54a27763,0.7783859127481443,0.8289203597072684,-0.050534446959124124,0.21425808603319194,0.18220265384985948,0.032055432183332455,-0.032055432183332455,False,False,,
M2:A1,29f69a7cb2c544c8a5ef26437a48e021,6,20601ccb0ab0445db56bad84060c1323,0.7060668544838988,0.7570813464357472,-0.05101449195184837,0.2807186700530715,0.2377289981381414,0.04298967191493008,-0.04298967191493008,False,False,,
M2:A1,29f69a7cb2c544c8a5ef26437a48e021,7,746857c6bd46430fa4b5b82186e716e0,0.6448311941326286,0.6937802914480764,-0.04894909731544783,0.337720681214053,0.31114287707517635,0.02657780413887667,-0.02657780413887667,False,False,,
M2:A1,29f69a7cb2c544c8a5ef26437a48e021,8,ef4fbe4064a74ce6b0a52cb3dd2e0bf0,0.5887384359040715,0.64711214818177,-0.0583737122776985,0.39675124868098255,0.3576836547542722,0.03906759392671033,-0.03906759392671033,False,False,,
M2:A1,29f69a7cb2c544c8a5ef26437a48e021,9,63d7813869b34ee9aa65064e93775e58,0.5430220490449948,0.6908206605556425,-0.14779861151064766,0.4767090615444225,0.28439672273221756,0.19231233881220494,-0.19231233881220494,False,False,,
M2:A1,29f69a7cb2c544c8a5ef26437a48e021,10,3d5a6fe339f3490297e4b9d1f3949618,0.5011107025600927,0.7104414620171156,-0.20933075945702284,0.5731356478959235,0.22295938324595055,0.350176264649973,-0.350176264649973,False,False,,
M2:A1,29f69a7cb2c544c8a5ef26437a48e021,11,306e66375cf94c7881864ba03782d2d2,0.42342470318770264,0.519921054682973,-0.09649635149527036,0.5666996632612361,0.4720245592983661,0.09467510396286999,-0.09467510396286999,False,False,,
M2:A1,29f69a7cb2c544c8a5ef26437a48e021,12,49cd09e4a07145258972fc4e6b18e42d,0.34849210345169146,0.3812430073191301,-0.03275090386743862,0.6670874678376184,0.7335772711825304,-0.06648980334491195,0.06648980334491195,False,False,,
M2:A1,29f69a7cb2c544c8a5ef26437a48e021,13,60448167db014ef49dcfb65d89d69b3f,0.37109702816439843,0.4073221519237913,-0.03622512375939285,0.6193776587306263,0.7109017200349748,-0.09152406130434843,0.09152406130434843,False,False,,
M2:A1,29f69a7cb2c544c8a5ef26437a48e021,14,f0bb168a6bc34e0bba79dd122b6394b0,0.3937104441362227,0.4351251821161819,-0.041414737979959204,0.5735585063291947,0.6822310274583783,-0.10867252112918357,0.10867252112918357,False,False,,
M2:A1,29f69a7cb2c544c8a5ef26437a48e021,15,a82ac06abf0d4d5ea70af9e19e82305e,0.41587382473870005,0.4603970207051988,-0.04452319596649873,0.531139555550781,0.6782602430862679,-0.1471206875354869,0.1471206875354869,False,False,,
M2:A1,29f69a7cb2c544c8a5ef26437a48e021,16,2a572213c61c4d40a1955c2aecee6104,0.4369783457309485,0.4861997981958998,-0.0492214524649513,0.4936296472229959,0.6694426813665305,-0.1758130341435346,0.1758130341435346,False,False,,
M2:A1,29f69a7cb2c544c8a5ef26437a48e021,17,4734352144ac49a7b02960b99573fc14,0.45935864408526494,0.5129132459150483,-0.05355460182978333,0.4591222206991778,0.6547465540133168,-0.19562433331413903,0.19562433331413903,False,False,,
M2:A1,29f69a7cb2c544c8a5ef26437a48e021,18,0ab9ec2730894df2b48df70d0d2e84a9,0.48227407176923465,0.5354418498169259,-0.05316777804769124,0.42731683160786554,0.66220918855806,-0.23489235695019445,0.23489235695019445,False,False,,
M2:A1,29f69a7cb2c544c8a5ef26437a48e021,19,cb708f56b6104d638f93e3906cba5b82,0.5047020227597315,0.52842676681482,-0.02372474405508851,0.40219220409317014,0.6896466750472191,-0.28745447095404897,0.28745447095404897,False,False,,
M2:A1,29f69a7cb2c544c8a5ef26437a48e021,20,fd6002d736cb405796fc4fbdd5af6f7f,0.5283263093312484,0.48212328169032886,0.04620302764091949,0.3826314346027423,0.6978373134351494,-0.31520587883240714,0.31520587883240714,False,False,,
M2:A1,29f69a7cb2c544c8a5ef26437a48e021,21,7f769bb638214009813b92df0cfb501a,0.5517849926278601,0.43754048858001465,0.11424450404784542,0.37145150151858336,0.7262402042455147,-0.35478870272693136,0.35478870272693136,False,False,,
M2:A1,29f69a7cb2c544c8a5ef26437a48e021,22,f76469bb5b5747dbaedb1c59990b5579,0.5751660562744908,0.39503034027959294,0.18013571599489786,0.3693504403752563,0.7703738632639929,-0.40102342288873666,0.40102342288873666,False,False,,
M2:A1,29f69a7cb2c544c8a5ef26437a48e021,23,770820077d44452a8428299e33808c0f,0.5919327644903021,0.3639975772621421,0.22793518722815997,0.37830339742630154,0.7923758175415768,-0.4140724201152753,0.4140724201152753,False,False,,
M2:A1,29f69a7cb2c544c8a5ef26437a48e021,24,8a7007fd59cf4f39a3855b0e82136105,0.5997879685564445,0.3354168003642765,0.26437116819216794,0.3888883657946423,0.8188194953481646,-0.42993112955352225,0.42993112955352225,False,False,,
M2:A1,29f69a7cb2c544c8a5ef26437a48e021,25,15f4465f9fe44b80ab54908983b1cf68,0.5616447113228283,0.3067178553638966,0.2549268559589317,0.40335049077079393,0.8577011100806414,-0.4543506193098475,0.4543506193098475,False,False,,
M2:A1,29f69a7cb2c544c8a5ef26437a48e021,26,f94199c2a589484d8e32dd6bf4931d4f,0.5243022257474086,0.27954254303701775,0.24475968271039084,0.42706536691975056,0.9042752666213352,-0.4772098997015846,0.4772098997015846,False,False,,
M2:A1,29f69a7cb2c544c8a5ef26437a48e021,27,a07f902656eb4f0fb2e5a77f803fb37c,0.4918274669160158,0.2538921347168194,0.23793533219919644,0.4491716909064928,0.9549392301855412,-0.5057675392790484,0.5057675392790484,False,False,,
M2:A1,29f69a7cb2c544c8a5ef26437a48e021,28,bec365d878c4413d85d5fbb3eb3b3f46,0.4598894459896578,0.23089096464386227,0.22899848134579553,0.4782134498832523,0.9985601435703674,-0.5203466936871151,0.5203466936871151,False,False,,
M2:A1,29f69a7cb2c544c8a5ef26437a48e021,29,7ac804cee1cd4d48ac2ea0ac97726bc9,0.278399880416353,0.12374944002826946,0.15465044038808354,0.7564086096261545,1.293059278171575,-0.5366506685454205,0.5366506685454205,False,False,,
M2:A1,29f69a7cb2c544c8a5ef26437a48e021,30,54259afa6c644e1d99422df9da1c8f35,0.1582525138649594,0.05407651945213522,0.10417599441282417,1.0611450352282226,1.6049458690292184,-0.5438008338009959,0.5438008338009959,False,False,,
M2:A1,a661e4cd1f644266a8307b4948082ae7,0,cb440b4d1912467fb51d871f0ccf8e8a,0.99999999999994,0.99999999999994,0.0,0.0,0.0,0.0,0.0,False,False,,
M2:A1,a661e4cd1f644266a8307b4948082ae7,1,13546ea263ff48f49899cb30ac0004e9,0.9326197378718772,0.9262598528756208,0.006359884996256393,0.04649532128244037,0.06384692563970694,-0.01735160435726657,0.01735160435726657,False,False,,
M2:A1,a661e4cd1f644266a8307b4948082ae7,2,9b77dad2bdcf4814b042fa47889f19f6,0.870446378876873,0.860902980012316,0.009543398864557018,0.09291113952204619,0.12605799578826846,-0.03314685626622227,0.03314685626622227,False,False,,
M2:A1,a661e4cd1f644266a8307b4948082ae7,3,2b77a910c5e749f9a620d893361c1976,0.8116592803266368,0.8157735572331563,-0.004114276906519443,0.13902166208397124,0.16773523753054598,-0.02871357544657474,0.02871357544657474,False,False,,
M2:A1,a661e4cd1f644266a8307b4948082ae7,4,097394612e494d1ebe1750ed54a27763,0.7575546377130887,0.7740017153930328,-0.016447077679944022,0.18516761098453188,0.2054873286607193,-0.020319717676187427,0.020319717676187427,False,False,,
M2:A1,a661e4cd1f644266a8307b4948082ae7,5,20601ccb0ab0445db56bad84060c1323,0.7081479069184697,0.7298383800308919,-0.021690473112422115,0.23178682335879983,0.2528791418769091,-0.02109231851810925,0.02109231851810925,False,False,,
M2:A1,a661e4cd1f644266a8307b4948082ae7,6,746857c6bd46430fa4b5b82186e716e0,0.7580459070806216,0.7367459305389092,0.02129997654171234,0.16117060941092967,0.27327170269538303,-0.11210109328445336,0.11210109328445336,False,False,,
M2:A1,a661e4cd1f644266a8307b4948082ae7,7,ef4fbe4064a74ce6b0a52cb3dd2e0bf0,0.751054463338834,0.737502657039674,0.013551806299159974,0.16879939373119182,0.2765961670555579,-0.10779677332436607,0.10779677332436607,False,False,,
M2:A1,a661e4cd1f644266a8307b4948082ae7,8,63d7813869b34ee9aa65064e93775e58,0.7443163241833924,0.7308899533911496,0.013426370792242848,0.17740213202587596,0.32292991202437865,-0.1455277799985027,0.1455277799985027,False,False,,
M2:A1,a661e4cd1f644266a8307b4948082ae7,9,3d5a6fe339f3490297e4b9d1f3949618,0.7374589085793092,0.737059436110403,0.00039947246890614796,0.18147842631104516,0.31505311265756775,-0.1335746863465226,0.1335746863465226,False,False,,
M2:A1,a661e4cd1f644266a8307b4948082ae7,10,306e66375cf94c7881864ba03782d2d2,0.7049262011786409,0.7320346205761256,-0.02710841939748465,0.21880585425671442,0.2952063124831761,-0.07640045822646166,0.07640045822646166,False,False,,
M2:A1,a661e4cd1f644266a8307b4948082ae7,11,49cd09e4a07145258972fc4e6b18e42d,0.6734055088290725,0.7262898147881928,-0.052884305959120304,0.2591501431052914,0.27105426523559495,-0.011904122130303563,0.011904122130303563,False,False,,
M2:A1,a661e4cd1f644266a8307b4948082ae7,12,60448167db014ef49dcfb65d89d69b3f,0.6419641755872373,0.7188842724638684,-0.07692009687663115,0.3029146435917759,0.25447483585962943,0.048439807732146456,-0.048439807732146456,False,False,,
M2:A1,a661e4cd1f644266a8307b4948082ae7,13,f0bb168a6bc34e0bba79dd122b6394b0,0.6656927929291773,0.7733965502532919,-0.10770375732411464,0.28474725757482133,0.2582636259656271,0.026483631609194258,-0.026483631609194258,False,False,,
M2:A1,a661e4cd1f644266a8307b4948082ae7,14,a82ac06abf0d4d5ea70af9e19e82305e,0.6796638025603172,0.8264291967279277,-0.14676539416761047,0.27670643326806005,0.27153978888238534,0.005166644385674712,-0.005166644385674712,False,False,,
M2:A1,a661e4cd1f644266a8307b4948082ae7,15,2a572213c61c4d40a1955c2aecee6104,0.6927275855606355,0.7877831190551315,-0.09505553349449603,0.27766986874326927,0.31996473680104665,-0.04229486805777738,0.04229486805777738,False,False,,
M2:A1,a661e4cd1f644266a8307b4948082ae7,16,4734352144ac49a7b02960b99573fc14,0.7033751314451607,0.7031664900505611,0.00020864139459964015,0.2886489266858307,0.37584486836644465,-0.08719594168061395,0.08719594168061395,False,False,,
M2:A1,a661e4cd1f644266a8307b4948082ae7,17,0ab9ec2730894df2b48df70d0d2e84a9,0.6703231779791947,0.6409781700808485,0.029345007898346265,0.2956218335037806,0.42336990876192604,-0.12774807525814547,0.12774807525814547,False,False,,
M2:A1,a661e4cd1f644266a8307b4948082ae7,18,cb708f56b6104d638f93e3906cba5b82,0.6243386018627213,0.5848388755403362,0.039499726322385076,0.3119235500226304,0.46953412075599266,-0.15761057073336227,0.15761057073336227,False,False,,
M2:A1,a661e4cd1f644266a8307b4948082ae7,19,fd6002d736cb405796fc4fbdd5af6f7f,0.5786384336905512,0.5252630285297298,0.0533754051608214,0.342509620309593,0.5501020813369157,-0.20759246102732276,0.20759246102732276,False,False,,
M2:A1,a661e4cd1f644266a8307b4948082ae7,20,7f769bb638214009813b92df0cfb501a,0.5373069786192224,0.46871192413620083,0.06859505448302156,0.3763948497335613,0.6397234361580113,-0.26332858642445,0.26332858642445,False,False,,
M2:A1,a661e4cd1f644266a8307b4948082ae7,21,f76469bb5b5747dbaedb1c59990b5579,0.49912221743005075,0.4245615743267518,0.07456064310329896,0.4129780751898813,0.7044223922655912,-0.29144431707570995,0.29144431707570995,False,False,,
M2:A1,a661e4cd1f644266a8307b4948082ae7,22,770820077d44452a8428299e33808c0f,0.4623746771361989,0.3942673013350136,0.06810737580118531,0.4557054290181613,0.7296081066127724,-0.2739026775946111,0.2739026775946111,False,False,,
M2:A1,a661e4cd1f644266a8307b4948082ae7,23,8a7007fd59cf4f39a3855b0e82136105,0.42576703441529856,0.36136281250286034,0.06440422191243822,0.5034207079995882,0.7687440823569379,-0.26532337435734976,0.26532337435734976,False,False,,
M2:A1,a661e4cd1f644266a8307b4948082ae7,24,15f4465f9fe44b80ab54908983b1cf68,0.39080987029420544,0.330894659701525,0.05991521059268046,0.5541075338427169,0.8074047438264655,-0.2532972099837486,0.2532972099837486,False,False,,
M2:A1,a661e4cd1f644266a8307b4948082ae7,25,f94199c2a589484d8e32dd6bf4931d4f,0.3586443659711592,0.2980587800622058,0.060585585908953354,0.6055162723766584,0.8615158052692558,-0.25599953289259736,0.25599953289259736,False,False,,
M2:A1,a661e4cd1f644266a8307b4948082ae7,26,a07f902656eb4f0fb2e5a77f803fb37c,0.3273774279187491,0.26451246071356904,0.06286496720518003,0.6600748657121112,0.9246917176373202,-0.264616851925209,0.264616851925209,False,False,,
M2:A1,a661e4cd1f644266a8307b4948082ae7,27,bec365d878c4413d85d5fbb3eb3b3f46,0.2995287258338226,0.23288314685843936,0.06664557897538326,0.7127580333781439,0.9874541473776975,-0.2746961139995536,0.2746961139995536,False,False,,
M2:A1,a661e4cd1f644266a8307b4948082ae7,28,7ac804cee1cd4d48ac2ea0ac97726bc9,0.28205554687967627,0.19974114305311683,0.08231440382655944,0.7517544916350356,1.0723780526230582,-0.3206235609880226,0.3206235609880226,False,False,,
M2:A1,a661e4cd1f644266a8307b4948082ae7,29,54259afa6c644e1d99422df9da1c8f35,0.25669425008770697,0.1720436228928572,0.08465062719484975,0.805434134081687,1.1632223449794108,-0.35778821089772384,0.35778821089772384,False,False,,
M2:A1,a661e4cd1f644266a8307b4948082ae7,30,fa8abe51b4104eb68fc7f85ab1c475bb,0.2328879673772701,0.14671630795078253,0.08617165942648758,0.8595870491486834,1.2485359306147499,-0.38894888146606643,0.38894888146606643,False,False,,
M2:A1,a661e4cd1f644266a8307b4948082ae7,31,bc84a61f13f744cd8f5aa8e888ce879b,0.20936568107679587,0.12153150149230907,0.0878341795844868,0.9168768298744144,1.3419013282048626,-0.4250244983304482,0.4250244983304482,False,False,,
M2:A1,a661e4cd1f644266a8307b4948082ae7,32,76c090ac27774e66a592f40998d5537c,0.18533832952065527,0.09839368722162997,0.0869446422990253,0.9779289109516851,1.3962694802266715,-0.4183405692749864,0.4183405692749864,False,False,,
M2:A1,9ca01ff2a1b54d2eafaed768e58783ad,0,f8de967b00394c9e88558219feef8426,0.9999999999998023,0.9999999999998023,0.0,0.0,0.0,0.0,0.0,False,False,,
M2:A1,9ca01ff2a1b54d2eafaed768e58783ad,1,cb440b4d1912467fb51d871f0ccf8e8a,0.9032793906031058,0.9051011203469279,-0.0018217297438221092,0.06999528405518712,0.07638414364086342,-0.006388859585676296,0.006388859585676296,False,False,,
M2:A1,9ca01ff2a1b54d2eafaed768e58783ad,2,13546ea263ff48f49899cb30ac0004e9,0.8140458071222116,0.8198993019518689,-0.0058534948296572464,0.13868225196621342,0.15235564753897302,-0.013673395572759595,0.013673395572759595,False,False,,
M2:A1,9ca01ff2a1b54d2eafaed768e58783ad,3,9b77dad2bdcf4814b042fa47889f19f6,0.736847225162542,0.7431408978423194,-0.006293672679777429,0.2102723880909392,0.2259518755476336,-0.015679487456694396,0.015679487456694396,False,False,,
M2:A1,9ca01ff2a1b54d2eafaed768e58783ad,4,2b77a910c5e749f9a620d893361c1976,0.7721691167216282,0.7566306430391116,0.015538473682516596,0.1660668154109376,0.2565248549615704,-0.09045803955063281,0.09045803955063281,False,False,,
M2:A1,9ca01ff2a1b54d2eafaed768e58783ad,5,097394612e494d1ebe1750ed54a27763,0.8072823600157857,0.7647420859408215,0.04254027407496419,0.12764057912574828,0.31174332071548083,-0.18410274158973255,0.18410274158973255,False,False,,
M2:A1,9ca01ff2a1b54d2eafaed768e58783ad,6,20601ccb0ab0445db56bad84060c1323,0.8316375075296097,0.7715357923146888,0.060101715214920914,0.10601113104129292,0.3779753831347363,-0.2719642520934433,0.2719642520934433,False,False,,
M2:A1,9ca01ff2a1b54d2eafaed768e58783ad,7,746857c6bd46430fa4b5b82186e716e0,0.8941616780480978,0.7807967745097266,0.11336490353837114,0.09033727876459384,0.4518419838338703,-0.36150470506927646,0.36150470506927646,False,False,,
M2:A1,9ca01ff2a1b54d2eafaed768e58783ad,8,ef4fbe4064a74ce6b0a52cb3dd2e0bf0,0.8420835645025637,0.7310363761604473,0.11104718834211647,0.10894925989849989,0.5232787459807254,-0.41432948608222553,0.41432948608222553,False,False,,
M2:A1,9ca01ff2a1b54d2eafaed768e58783ad,9,63d7813869b34ee9aa65064e93775e58,0.8379328967363947,0.7369304599528097,0.101002436783585,0.11900062290891371,0.5060709443376143,-0.3870703214287006,0.3870703214287006,False,False,,
M2:A1,9ca01ff2a1b54d2eafaed768e58783ad,10,3d5a6fe339f3490297e4b9d1f3949618,0.8301371986582536,0.7131685249617702,0.11696867369648345,0.13650750446395216,0.546054950466867,-0.40954744600291487,0.40954744600291487,False,False,,
M2:A1,9ca01ff2a1b54d2eafaed768e58783ad,11,306e66375cf94c7881864ba03782d2d2,0.8168086298265382,0.7021448456377627,0.11466378418877554,0.16156700327595788,0.5506452730884427,-0.38907826981248483,0.38907826981248483,False,False,,
M2:A1,9ca01ff2a1b54d2eafaed768e58783ad,12,49cd09e4a07145258972fc4e6b18e42d,0.794061722167193,0.7098873878880612,0.08417433427913179,0.19240450736779777,0.5152155101798872,-0.3228110028120894,0.3228110028120894,False,False,,
M2:A1,9ca01ff2a1b54d2eafaed768e58783ad,13,60448167db014ef49dcfb65d89d69b3f,0.7590516761516752,0.7008772508097172,0.05817442534195805,0.22719592675388264,0.5138521196251038,-0.2866561928712211,0.2866561928712211,False,False,,
M2:A1,9ca01ff2a1b54d2eafaed768e58783ad,14,f0bb168a6bc34e0bba79dd122b6394b0,0.7318560453557732,0.6282232575209051,0.10363278783486807,0.219374414885556,0.5955244523619295,-0.37615003747637354,0.37615003747637354,False,False,,
M2:A1,9ca01ff2a1b54d2eafaed768e58783ad,15,a82ac06abf0d4d5ea70af9e19e82305e,0.6858135270219532,0.5612839943565467,0.12452953266540645,0.24072523752880692,0.6875482269341652,-0.44682298940535825,0.44682298940535825,False,False,,
M2:A1,9ca01ff2a1b54d2eafaed768e58783ad,16,2a572213c61c4d40a1955c2aecee6104,0.6459386381515578,0.5044659839891193,0.14147265416243848,0.2706301047516896,0.7742004518292496,-0.50357034707756,0.50357034707756,False,False,,
M2:A1,9ca01ff2a1b54d2eafaed768e58783ad,17,4734352144ac49a7b02960b99573fc14,0.5840138854392187,0.4581148553731243,0.12589903006609443,0.3226808194254442,0.8435739612646328,-0.5208931418391887,0.5208931418391887,False,False,,
M2:A1,9ca01ff2a1b54d2eafaed768e58783ad,18,0ab9ec2730894df2b48df70d0d2e84a9,0.530082551100147,0.41459132094138124,0.11549123015876578,0.38056212254160965,0.9196277724764809,-0.5390656499348712,0.5390656499348712,False,False,,
M2:A1,9ca01ff2a1b54d2eafaed768e58783ad,19,cb708f56b6104d638f93e3906cba5b82,0.47727749938158814,0.36685769896976367,0.11041980041182448,0.44290520653846316,0.9783458619806004,-0.5354406554421371,0.5354406554421371,False,False,,
M2:A1,9ca01ff2a1b54d2eafaed768e58783ad,20,fd6002d736cb405796fc4fbdd5af6f7f,0.42950585613711284,0.324865763811446,0.10464009232566684,0.5073308035773658,1.0322133801362174,-0.5248825765588516,0.5248825765588516,False,False,,
M2:A1,9ca01ff2a1b54d2eafaed768e58783ad,21,7f769bb638214009813b92df0cfb501a,0.38539472854035534,0.2902300358398443,0.09516469270051103,0.5741837269647286,1.071382946994678,-0.49719922002994943,0.49719922002994943,False,False,,
M2:A1,9ca01ff2a1b54d2eafaed768e58783ad,22,f76469bb5b5747dbaedb1c59990b5579,0.34674060980746674,0.254915944930475,0.09182466487699176,0.6391291494049732,1.1392076171457384,-0.5000784677407651,0.5000784677407651,False,False,,
M2:A1,9ca01ff2a1b54d2eafaed768e58783ad,23,770820077d44452a8428299e33808c0f,0.3116820860437145,0.224397392021404,0.08728469402231051,0.7037713549966448,1.1966113690199205,-0.4928400140232757,0.4928400140232757,False,False,,
M2:A1,9ca01ff2a1b54d2eafaed768e58783ad,24,8a7007fd59cf4f39a3855b0e82136105,0.27246449942892886,0.19297904693586063,0.07948545249306824,0.7827585597417945,1.2525107729532963,-0.46975221321150173,0.46975221321150173,False,False,,
M2:A1,9ca01ff2a1b54d2eafaed768e58783ad,25,15f4465f9fe44b80ab54908983b1cf68,0.23636280787109618,0.16308884198548174,0.07327396588561444,0.8630927079474102,1.3137315754601442,-0.45063886751273396,0.45063886751273396,False,False,,
M2:A1,9ca01ff2a1b54d2eafaed768e58783ad,26,f94199c2a589484d8e32dd6bf4931d4f,0.20340453498603586,0.13525148883831045,0.06815304614772541,0.9438513222009979,1.3740837534723085,-0.4302324312713106,0.4302324312713106,False,False,,
M2:A1,9ca01ff2a1b54d2eafaed768e58783ad,27,a07f902656eb4f0fb2e5a77f803fb37c,0.17308339125546593,0.10985241113445648,0.06323098012100944,1.0253657256275248,1.428764669211806,-0.4033989435842811,0.4033989435842811,False,False,,
M2:A1,9ca01ff2a1b54d2eafaed768e58783ad,28,bec365d878c4413d85d5fbb3eb3b3f46,0.14471457517687059,0.08500060541326653,0.05971396976360406,1.1091066759760888,1.4952360365046093,-0.38612936052852054,0.38612936052852054,False,False,,
M2:A1,9ca01ff2a1b54d2eafaed768e58783ad,29,7ac804cee1cd4d48ac2ea0ac97726bc9,0.12686645918106174,0.06605991537690277,0.060806543804158966,1.1639150976690067,1.5419269825907036,-0.3780118849216969,0.3780118849216969,False,False,,
M2:A1,9ca01ff2a1b54d2eafaed768e58783ad,30,54259afa6c644e1d99422df9da1c8f35,0.10918407651342417,0.0457977601256392,0.06338631638778497,1.2201219163754118,1.6106088546004815,-0.39048693822506975,0.39048693822506975,False,False,,
M2:A1,9ca01ff2a1b54d2eafaed768e58783ad,31,fa8abe51b4104eb68fc7f85ab1c475bb,0.09191578951451156,0.02648193788792504,0.06543385162658652,1.2765474296182764,1.6678347196225967,-0.3912872900043203,0.3912872900043203,False,False,,
M2:A1,9ca01ff2a1b54d2eafaed768e58783ad,32,bc84a61f13f744cd8f5aa8e888ce879b,0.07456918309990399,0.007293275719732373,0.06727590738017161,1.334990581386525,1.7303988588279486,-0.3954082774414236,0.3954082774414236,False,False,,
M2:A1,9ca01ff2a1b54d2eafaed768e58783ad,33,76c090ac27774e66a592f40998d5537c,0.058964741095332444,0.0,0.058964741095332444,1.3843567392967921,1.8021514912077266,-0.4177947519109344,0.4177947519109344,False,False,,
M2:A1,a1cc58fdb3fa4a0097a315a77ce1be90,0,2a572213c61c4d40a1955c2aecee6104,1.000000000000094,1.000000000000094,0.0,0.0,0.0,0.0,0.0,False,False,,
M2:A1,a1cc58fdb3fa4a0097a315a77ce1be90,1,4734352144ac49a7b02960b99573fc14,0.8068760743398888,0.8813172315234387,-0.07444115718354982,0.1576783080595228,0.13581034430829106,0.021867963751231734,-0.021867963751231734,False,False,,
M2:A1,a1cc58fdb3fa4a0097a315a77ce1be90,2,0ab9ec2730894df2b48df70d0d2e84a9,0.871815959072806,0.7876645626988769,0.0841513963739291,0.10073692157911388,0.25439387748723624,-0.15365695590812237,0.15365695590812237,False,False,,
M2:A1,a1cc58fdb3fa4a0097a315a77ce1be90,3,cb708f56b6104d638f93e3906cba5b82,0.772958664910181,0.6937660649337756,0.07919259997640538,0.18275438754672188,0.3996441508303203,-0.2168897632835984,0.2168897632835984,False,False,,
M2:A1,a1cc58fdb3fa4a0097a315a77ce1be90,4,fd6002d736cb405796fc4fbdd5af6f7f,0.7019389790247176,0.6185729873461019,0.08336599167861569,0.24437248330449485,0.535229807427089,-0.2908573241225942,0.2908573241225942,False,False,,
M2:A1,a1cc58fdb3fa4a0097a315a77ce1be90,5,7f769bb638214009813b92df0cfb501a,0.7273870761076107,0.5537576815263807,0.17362939458122995,0.22130382934727244,0.6638094932025244,-0.4425056638552519,0.4425056638552519,False,False,,
M2:A1,a1cc58fdb3fa4a0097a315a77ce1be90,6,f76469bb5b5747dbaedb1c59990b5579,0.840765818155092,0.4853316177553572,0.3554342003997348,0.10906908683244093,0.7175346787015728,-0.608465591869132,0.608465591869132,False,False,,
M2:A1,a1cc58fdb3fa4a0097a315a77ce1be90,7,770820077d44452a8428299e33808c0f,0.9241281754468309,0.42087402653986905,0.5032541489069619,0.04894093919095809,0.7777939716091834,-0.7288530324182253,0.7288530324182253,False,False,,
M2:A1,a1cc58fdb3fa4a0097a315a77ce1be90,8,8a7007fd59cf4f39a3855b0e82136105,0.7743429814631798,0.3745948381893175,0.3997481432738623,0.1591178032373488,0.8166610177137376,-0.6575432144763887,0.6575432144763887,False,False,,
M2:A1,a1cc58fdb3fa4a0097a315a77ce1be90,9,15f4465f9fe44b80ab54908983b1cf68,0.6673523066828633,0.32128617493920486,0.3460661317436584,0.2668508352483215,0.8980876237995222,-0.6312367885512007,0.6312367885512007,False,False,,
M2:A1,a1cc58fdb3fa4a0097a315a77ce1be90,10,f94199c2a589484d8e32dd6bf4931d4f,0.5721628061876048,0.2804369328373427,0.2917258733502621,0.3842078133785553,0.9509581256990007,-0.5667503123204454,0.5667503123204454,False,False,,
M2:A1,a1cc58fdb3fa4a0097a315a77ce1be90,11,a07f902656eb4f0fb2e5a77f803fb37c,0.5406633966461591,0.26010740353594325,0.2805559931102159,0.42619973144674356,0.9938545677087145,-0.5676548362619709,0.5676548362619709,False,False,,
M2:A1,a1cc58fdb3fa4a0097a315a77ce1be90,12,bec365d878c4413d85d5fbb3eb3b3f46,0.5119552495075771,0.24107556967278823,0.2708796798347889,0.46518737771589636,1.0449810863207114,-0.579793708604815,0.579793708604815,False,False,,
M2:A1,a1cc58fdb3fa4a0097a315a77ce1be90,13,7ac804cee1cd4d48ac2ea0ac97726bc9,0.48270865687967773,0.22292384712219354,0.2597848097574842,0.5067725269301342,1.0969289730065084,-0.5901564460763742,0.5901564460763742,False,False,,
M2:A1,a1cc58fdb3fa4a0097a315a77ce1be90,14,54259afa6c644e1d99422df9da1c8f35,0.4489017287273579,0.20032863410411206,0.24857309462324584,0.5569372790036163,1.159823361723216,-0.6028860827195998,0.6028860827195998,False,False,,
M2:A1,a1cc58fdb3fa4a0097a315a77ce1be90,15,fa8abe51b4104eb68fc7f85ab1c475bb,0.41634350794738045,0.17774037546905178,0.23860313247832868,0.6084266786535829,1.225491543743096,-0.6170648650895131,0.6170648650895131,False,False,,
M2:A1,a1cc58fdb3fa4a0097a315a77ce1be90,16,bc84a61f13f744cd8f5aa8e888ce879b,0.38615175346424135,0.15553338181938844,0.2306183716448529,0.658714742642255,1.2916836507602059,-0.6329689081179508,0.6329689081179508,False,False,,
M2:A1,a1cc58fdb3fa4a0097a315a77ce1be90,17,76c090ac27774e66a592f40998d5537c,0.3564290808948746,0.13419402410092232,0.22223505679395225,0.7110772858607434,1.3620802363574407,-0.6510029504966973,0.6510029504966973,False,False,,
M2:A1,307a3275c31f452eb9c7c66636c7bb27,0,306e66375cf94c7881864ba03782d2d2,1.0000000000000038,1.0000000000000038,0.0,0.0,0.0,0.0,0.0,False,False,,
M2:A1,307a3275c31f452eb9c7c66636c7bb27,1,49cd09e4a07145258972fc4e6b18e42d,0.9846774515676157,0.9621451303658898,0.02253232120172588,0.009473127577644454,0.05859283658747287,-0.04911970900982841,0.04911970900982841,False,False,,
M2:A1,307a3275c31f452eb9c7c66636c7bb27,2,60448167db014ef49dcfb65d89d69b3f,0.967423867113049,0.956403820748534,0.011020046364514924,0.02005202845980859,0.0446057167643393,-0.024553688304530707,0.024553688304530707,False,False,,
M2:A1,307a3275c31f452eb9c7c66636c7bb27,3,f0bb168a6bc34e0bba79dd122b6394b0,0.9527124602208236,0.9444747580852595,0.008237702135564073,0.02978545948511271,0.03912364443588409,-0.009338184950771381,0.009338184950771381,False,False,,
M2:A1,307a3275c31f452eb9c7c66636c7bb27,4,a82ac06abf0d4d5ea70af9e19e82305e,0.7042659277123814,0.26179426966638947,0.4424716580459919,0.552530257116908,2.5598888184129995,-2.0073585612960914,2.0073585612960914,False,False,,
M2:A1,307a3275c31f452eb9c7c66636c7bb27,5,2a572213c61c4d40a1955c2aecee6104,0.6605163205732036,0.2481961265688355,0.41232019400436815,0.5392020331900327,2.5406560305223995,-2.0014539973323666,2.0014539973323666,False,False,,
M2:A1,307a3275c31f452eb9c7c66636c7bb27,6,4734352144ac49a7b02960b99573fc14,0.6188734130316637,0.23299807986473656,0.3858753331669271,0.528359556671613,2.5442980344189357,-2.015938477747323,2.015938477747323,False,False,,
M2:A1,307a3275c31f452eb9c7c66636c7bb27,7,0ab9ec2730894df2b48df70d0d2e84a9,0.55232408530748,0.22046201794669695,0.33186206736078305,0.5735088881797733,2.504155144741806,-1.9306462565620328,1.9306462565620328,False,False,,
M2:A1,307a3275c31f452eb9c7c66636c7bb27,8,cb708f56b6104d638f93e3906cba5b82,0.49222589986557724,0.20771308066678823,0.284512819198789,0.623046993264721,2.4494391726490305,-1.8263921793843094,1.8263921793843094,False,False,,
M2:A1,307a3275c31f452eb9c7c66636c7bb27,9,fd6002d736cb405796fc4fbdd5af6f7f,0.4351556317172252,0.19190107138871568,0.24325456032850953,0.6743729121912982,2.421135115287251,-1.7467622030959526,1.7467622030959526,False,False,,
M2:A1,307a3275c31f452eb9c7c66636c7bb27,10,7f769bb638214009813b92df0cfb501a,0.3766788898286819,0.1743121189359815,0.20236677089270041,0.7446369088765146,2.366254711170582,-1.6216178022940675,1.6216178022940675,False,False,,
M2:A1,307a3275c31f452eb9c7c66636c7bb27,11,f76469bb5b5747dbaedb1c59990b5579,0.31917510797539955,0.1547950477847519,0.16438006019064766,0.834352491224182,2.343007973248272,-1.5086554820240898,1.5086554820240898,False,False,,
M2:A1,307a3275c31f452eb9c7c66636c7bb27,12,770820077d44452a8428299e33808c0f,0.2899023999340705,0.14583006366140372,0.1440723362726668,0.8860605742225504,2.2967782241272467,-1.4107176499046963,1.4107176499046963,False,False,,
M2:A1,307a3275c31f452eb9c7c66636c7bb27,13,8a7007fd59cf4f39a3855b0e82136105,0.2622977906705544,0.13553930210619505,0.12675848856435937,0.9366803600055865,2.267492610658066,-1.3308122506524795,1.3308122506524795,False,False,,
M2:A1,307a3275c31f452eb9c7c66636c7bb27,14,15f4465f9fe44b80ab54908983b1cf68,0.23572722674658125,0.1251338703083081,0.11059335643827314,0.9885360089359178,2.2364732307830173,-1.2479372218470997,1.2479372218470997,False,False,,
M2:A1,307a3275c31f452eb9c7c66636c7bb27,15,f94199c2a589484d8e32dd6bf4931d4f,0.20485344724161964,0.11045961700497697,0.09439383023664266,1.049019562263276,2.231048021114758,-1.1820284588514818,1.1820284588514818,False,False,,
M2:A1,307a3275c31f452eb9c7c66636c7bb27,16,a07f902656eb4f0fb2e5a77f803fb37c,0.17569003782058962,0.09599861068222822,0.0796914271383614,1.108225719182245,2.2269078542735956,-1.1186821350913505,1.1186821350913505,False,False,,
M2:A1,307a3275c31f452eb9c7c66636c7bb27,17,bec365d878c4413d85d5fbb3eb3b3f46,0.14738964271356,0.08145580963277493,0.06593383308078507,1.1703772457614001,2.2214565044266936,-1.0510792586652935,1.0510792586652935,False,False,,
M2:A1,307a3275c31f452eb9c7c66636c7bb27,18,7ac804cee1cd4d48ac2ea0ac97726bc9,0.12061092117594914,0.06681683398047632,0.05379408719547282,1.2313734375541237,2.224297743814858,-0.9929243062607345,0.9929243062607345,False,False,,
M2:A1,d71462c2ae74472bae3adbf7a41b2fc7,0,65e07a70e6b5404a87bf34e49d4c0924,0.9999999999999561,0.9999999999999561,0.0,0.0,0.0,0.0,0.0,False,False,,
M2:A1,d71462c2ae74472bae3adbf7a41b2fc7,1,9ab5069c183c492b82b0ab30133080c1,0.8984038936077211,0.8792109963264081,0.019192897281313015,0.06475990668148704,0.07931561871089088,-0.014555712029403839,0.014555712029403839,False,False,,
M2:A1,d71462c2ae74472bae3adbf7a41b2fc7,2,4258ba3b8b8142f48c3249d310a8c3d2,0.876526249579853,0.8334795207511905,0.04304672882866256,0.08392172080882793,0.12102105551046792,-0.037099334701639994,0.037099334701639994,False,False,,
M2:A1,d71462c2ae74472bae3adbf7a41b2fc7,3,8970a737ebee4443af37102473aaef8b,0.8559349463324214,0.8125421053694033,0.0433928409630181,0.10697136524444383,0.154017764357592,-0.04704639911314819,0.04704639911314819,False,False,,
M2:A1,d71462c2ae74472bae3adbf7a41b2fc7,4,83f3eb36fc7144ab902e192db3a98c06,0.8325381957205776,0.832428156469657,0.00011003925092067934,0.13615459617719575,0.12060377186759015,0.015550824309605596,-0.015550824309605596,False,False,,
M2:A1,d71462c2ae74472bae3adbf7a41b2fc7,5,0fc0a764b3ec4c8196ffa35598fbda5f,0.8114912776250979,0.8157593807195398,-0.004268103094441922,0.16348413069677784,0.1362075730847769,0.02727655761200093,-0.02727655761200093,False,False,,
M2:A1,d71462c2ae74472bae3adbf7a41b2fc7,6,ef823f39fe034fdc9651a363fc81327b,0.9072838963485625,0.9316257302510734,-0.02434183390251088,0.14007827850938237,0.04230198853698989,0.09777628997239249,-0.09777628997239249,False,False,,
M2:A1,d71462c2ae74472bae3adbf7a41b2fc7,7,f8de967b00394c9e88558219feef8426,0.9024331915328532,0.957364428311616,-0.05493123677876277,0.1513453210338676,0.04897124186024172,0.1023740791736259,-0.1023740791736259,False,False,,
M2:A1,d71462c2ae74472bae3adbf7a41b2fc7,8,cb440b4d1912467fb51d871f0ccf8e8a,0.8531803378484901,0.9099093068995848,-0.0567289690510947,0.17028811690607787,0.08440875709715646,0.0858793598089214,-0.0858793598089214,False,False,,
M2:A1,d71462c2ae74472bae3adbf7a41b2fc7,9,13546ea263ff48f49899cb30ac0004e9,0.7620386792045944,0.7945011531072339,-0.032462473902639455,0.21501009321174971,0.176604406940569,0.03840568627118071,-0.03840568627118071,False,False,,
M2:A1,d71462c2ae74472bae3adbf7a41b2fc7,10,9b77dad2bdcf4814b042fa47889f19f6,0.8384624308027879,0.8444309032971524,-0.005968472494364496,0.1347313117547433,0.16603949734583895,-0.03130818559109566,0.03130818559109566,False,False,,
M2:A1,d71462c2ae74472bae3adbf7a41b2fc7,11,2b77a910c5e749f9a620d893361c1976,0.9217610018625666,0.9112033491137059,0.010557652748860669,0.06067248730020591,0.11702586903636826,-0.05635338173616235,0.05635338173616235,False,False,,
M2:A1,d71462c2ae74472bae3adbf7a41b2fc7,12,097394612e494d1ebe1750ed54a27763,0.959981982592008,0.8273924792563713,0.13258950333563668,0.037247338411995096,0.20254901479727236,-0.16530167638527726,0.16530167638527726,True,True,,
M2:A1,d71462c2ae74472bae3adbf7a41b2fc7,13,20601ccb0ab0445db56bad84060c1323,0.8680648743528874,0.7318929513012246,0.1361719230516628,0.11052344342921841,0.3216566870247645,-0.2111332435955461,0.2111332435955461,False,False,,
M2:A1,d71462c2ae74472bae3adbf7a41b2fc7,14,746857c6bd46430fa4b5b82186e716e0,0.7877972859570316,0.6635501257732275,0.1242471601838041,0.1848787824760434,0.3571697036142775,-0.17229092113823413,0.17229092113823413,False,False,,
M2:A1,d71462c2ae74472bae3adbf7a41b2fc7,15,ef4fbe4064a74ce6b0a52cb3dd2e0bf0,0.527149526190332,0.4385224831670066,0.08862704302332536,0.4526483501589781,0.6039919754290831,-0.15134362527010503,0.15134362527010503,False,False,,
M2:A1,d71462c2ae74472bae3adbf7a41b2fc7,16,63d7813869b34ee9aa65064e93775e58,0.38945762611336276,0.3171451774702782,0.07231244864308456,0.6535043143822585,0.7987732804224692,-0.14526896604021067,0.14526896604021067,False,False,,
M2:A1,d71462c2ae74472bae3adbf7a41b2fc7,17,3d5a6fe339f3490297e4b9d1f3949618,0.3277708773906516,0.25777334424884846,0.06999753314180313,0.7581347902030983,0.9159720536438659,-0.15783726344076765,0.15783726344076765,False,False,,
M2:A1,d71462c2ae74472bae3adbf7a41b2fc7,18,306e66375cf94c7881864ba03782d2d2,0.3412984260825552,0.26023018776056556,0.08106823832198962,0.734394218387311,0.9270908712418335,-0.19269665285452253,0.19269665285452253,False,False,,
M2:A1,d71462c2ae74472bae3adbf7a41b2fc7,19,49cd09e4a07145258972fc4e6b18e42d,0.35566692731945204,0.26276873499605363,0.09289819232339841,0.7114101342741502,0.9568887039520017,-0.24547856967785142,0.24547856967785142,False,False,,
M2:A1,d71462c2ae74472bae3adbf7a41b2fc7,20,60448167db014ef49dcfb65d89d69b3f,0.3701292674604154,0.27718603402660325,0.09294323343381217,0.6903540480921881,0.8997618122226811,-0.209407764130493,0.209407764130493,False,False,,
M2:A1,d71462c2ae74472bae3adbf7a41b2fc7,21,f0bb168a6bc34e0bba79dd122b6394b0,0.38831638717816713,0.29131467778139675,0.09700170939677039,0.6603981214591036,0.8739865180882691,-0.2135883966291655,0.2135883966291655,True,True,,
M2:A1,d71462c2ae74472bae3adbf7a41b2fc7,22,a82ac06abf0d4d5ea70af9e19e82305e,0.4069928345260696,0.30575940942877117,0.10123342509729844,0.6304463862503732,0.8484889798140394,-0.21804259356366618,0.21804259356366618,True,True,,
M2:A1,d71462c2ae74472bae3adbf7a41b2fc7,23,2a572213c61c4d40a1955c2aecee6104,0.39596080369539816,0.30199005498102777,0.09397074871437039,0.6418453966409369,0.8447820526758034,-0.20293665603486655,0.20293665603486655,False,False,,
M2:A1,d71462c2ae74472bae3adbf7a41b2fc7,24,4734352144ac49a7b02960b99573fc14,0.35476972445800153,0.27379940851247797,0.08097031594552356,0.7056581137309815,0.8878552445177884,-0.18219713078680688,0.18219713078680688,False,False,,
M2:A1,d71462c2ae74472bae3adbf7a41b2fc7,25,0ab9ec2730894df2b48df70d0d2e84a9,0.3186119721011647,0.24490280887172783,0.07370916322943688,0.7673899034602164,0.9565579922774297,-0.18916808881721325,0.18916808881721325,False,False,,
M2:A1,d71462c2ae74472bae3adbf7a41b2fc7,26,cb708f56b6104d638f93e3906cba5b82,0.28551018615874324,0.2191799502463341,0.06633023591240914,0.828005595581929,1.0087186778463484,-0.1807130822644194,0.1807130822644194,False,False,,
M2:A1,d71462c2ae74472bae3adbf7a41b2fc7,27,fd6002d736cb405796fc4fbdd5af6f7f,0.23111547041127087,0.17438073491855866,0.05673473549271221,0.9372061493238142,1.1178619261084137,-0.18065577678459954,0.18065577678459954,False,False,,
M2:A1,d71462c2ae74472bae3adbf7a41b2fc7,28,7f769bb638214009813b92df0cfb501a,0.16071806388093893,0.11504931744575621,0.04566874643518272,1.0957296244056003,1.2712990121244008,-0.17556938771880048,0.17556938771880048,False,False,,
M2:A1,d71462c2ae74472bae3adbf7a41b2fc7,29,f76469bb5b5747dbaedb1c59990b5579,0.0804559130965191,0.04393304849911266,0.03652286459740644,1.30495594796153,1.4823536266930004,-0.1773976787314704,0.1773976787314704,False,False,,
M2:A1,d71462c2ae74472bae3adbf7a41b2fc7,30,770820077d44452a8428299e33808c0f,0.0950621672193356,0.052168434333870195,0.0428937328854654,1.2863324039256643,1.4732982671207195,-0.18696586319505526,0.18696586319505526,False,False,,
M2:A1,d71462c2ae74472bae3adbf7a41b2fc7,31,8a7007fd59cf4f39a3855b0e82136105,0.07960868884375905,0.045247477450407886,0.03436121139335116,1.5346564601910049,1.5107020731279721,0.023954387063032767,-0.023954387063032767,False,False,,
M2:A1,d71462c2ae74472bae3adbf7a41b2fc7,32,15f4465f9fe44b80ab54908983b1cf68,0.06536846409083628,0.039389339110922295,0.02597912497991399,1.98903053806314,1.502527302735223,0.48650323532791684,-0.48650323532791684,False,False,,
M2:A1,d71462c2ae74472bae3adbf7a41b2fc7,33,f94199c2a589484d8e32dd6bf4931d4f,0.04088701994764004,0.020038598936246554,0.020848421011393486,2.635731696980323,1.5804667570446187,1.0552649399357044,-1.0552649399357044,False,False,,
M2:A1,d71462c2ae74472bae3adbf7a41b2fc7,34,a07f902656eb4f0fb2e5a77f803fb37c,0.015401236266600489,0.0,0.015401236266600489,3.31759528168411,1.7374568958341075,1.5801383858500027,-1.5801383858500027,False,False,,
M2:A1,d71462c2ae74472bae3adbf7a41b2fc7,35,bec365d878c4413d85d5fbb3eb3b3f46,0.0017949717921252953,0.0,0.0017949717921252953,4.061635872705905,1.9016338608117274,2.1600020118941776,-2.1600020118941776,False,False,,
M2:A1,d71462c2ae74472bae3adbf7a41b2fc7,36,7ac804cee1cd4d48ac2ea0ac97726bc9,1.0836346417134779e-05,0.0,1.0836346417134779e-05,4.796719148178349,1.94089292996016,2.855826218218189,-2.855826218218189,False,False,,
M2:A1,d71462c2ae74472bae3adbf7a41b2fc7,37,54259afa6c644e1d99422df9da1c8f35,7.149512025784351e-06,0.0,7.149512025784351e-06,4.80539479870922,1.9326744237380258,2.8727203749711947,-2.8727203749711947,False,False,,
M2:A1,d71462c2ae74472bae3adbf7a41b2fc7,38,fa8abe51b4104eb68fc7f85ab1c475bb,3.5508507041839017e-09,0.0,3.5508507041839017e-09,4.8479106971065615,1.9183338516113948,2.9295768454951667,-2.9295768454951667,False,False,,
M2:A1,d71462c2ae74472bae3adbf7a41b2fc7,39,bc84a61f13f744cd8f5aa8e888ce879b,0.0,0.0,0.0,4.903702118351344,2.0320832808328935,2.8716188375184504,-2.8716188375184504,False,False,,
M2:A1,d71462c2ae74472bae3adbf7a41b2fc7,40,76c090ac27774e66a592f40998d5537c,0.0,0.0,0.0,4.93777112659713,2.0313022250887283,2.9064689015084015,-2.9064689015084015,False,False,,
M2:A1,6ad58d370ed542a9a68e1fcf5a4f2ee7,0,2b77a910c5e749f9a620d893361c1976,1.0000000000000018,1.0000000000000018,0.0,0.0,0.0,0.0,0.0,False,False,,
M2:A1,6ad58d370ed542a9a68e1fcf5a4f2ee7,1,097394612e494d1ebe1750ed54a27763,0.910364145658265,0.910364145658265,0.0,0.08000000000000007,0.08000000000000007,0.0,0.0,True,True,,
M2:A1,6ad58d370ed542a9a68e1fcf5a4f2ee7,2,20601ccb0ab0445db56bad84060c1323,0.828418230563004,0.828418230563004,0.0,0.16000000000000014,0.16000000000000014,0.0,0.0,True,True,,
M2:A1,6ad58d370ed542a9a68e1fcf5a4f2ee7,3,746857c6bd46430fa4b5b82186e716e0,0.7532133676092555,0.7532133676092555,0.0,0.2400000000000002,0.2400000000000002,0.0,0.0,True,True,,
M2:A1,6ad58d370ed542a9a68e1fcf5a4f2ee7,4,ef4fbe4064a74ce6b0a52cb3dd2e0bf0,0.6839506172839515,0.6839506172839515,0.0,0.3200000000000003,0.3200000000000003,0.0,0.0,True,True,,
M2:A1,6ad58d370ed542a9a68e1fcf5a4f2ee7,5,63d7813869b34ee9aa65064e93775e58,0.6199524940617585,0.6199524940617585,0.0,0.40000000000000036,0.40000000000000036,0.0,0.0,True,True,,
M2:A1,6ad58d370ed542a9a68e1fcf5a4f2ee7,6,3d5a6fe339f3490297e4b9d1f3949618,0.5613553113553117,0.5613553113553117,0.0,0.47900000000000054,0.47900000000000054,0.0,0.0,True,True,,
M2:A1,6ad58d370ed542a9a68e1fcf5a4f2ee7,7,306e66375cf94c7881864ba03782d2d2,0.4937706366583859,0.35324822648808374,0.14052241017030215,0.5701292706660299,1.0742064317054911,-0.5040771610394612,0.5040771610394612,False,False,,
M2:A1,6ad58d370ed542a9a68e1fcf5a4f2ee7,8,49cd09e4a07145258972fc4e6b18e42d,0.4436859450187889,0.3271040955688602,0.11658184944992867,0.6428267840130121,1.0822342887215644,-0.4394075047085523,0.4394075047085523,False,False,,
M2:A1,6ad58d370ed542a9a68e1fcf5a4f2ee7,9,60448167db014ef49dcfb65d89d69b3f,0.3990514209140418,0.291006352688937,0.10804506822510479,0.7142601023861571,1.1541479275974202,-0.43988782521126313,0.43988782521126313,False,False,,
M2:A1,6ad58d370ed542a9a68e1fcf5a4f2ee7,10,f0bb168a6bc34e0bba79dd122b6394b0,0.3587619090161245,0.269957626582396,0.08880428243372845,0.7842516906421982,1.1561404887983613,-0.37188879815616305,0.37188879815616305,False,False,,
M2:A1,6ad58d370ed542a9a68e1fcf5a4f2ee7,11,a82ac06abf0d4d5ea70af9e19e82305e,0.3233515408481763,0.2462107967836,0.0771407440645763,0.8508510608982595,1.1802092871431016,-0.3293582262448421,0.3293582262448421,False,False,,
M2:A1,6ad58d370ed542a9a68e1fcf5a4f2ee7,12,2a572213c61c4d40a1955c2aecee6104,0.2899316485089445,0.22666457367012868,0.0632670748388158,0.9172524295541509,1.1840116974146402,-0.2667592678604893,0.2667592678604893,False,False,,
M2:A1,6ad58d370ed542a9a68e1fcf5a4f2ee7,13,4734352144ac49a7b02960b99573fc14,0.2579689799075136,0.20622911965277752,0.05173986025473609,0.984554235981734,1.2046963604425238,-0.22014212446078985,0.22014212446078985,False,False,,
M2:A1,6ad58d370ed542a9a68e1fcf5a4f2ee7,14,0ab9ec2730894df2b48df70d0d2e84a9,0.22841226494491879,0.183264239052939,0.045148025891979776,1.0503726814559045,1.2469742958685217,-0.19660161441261725,0.19660161441261725,False,False,,
M2:A1,6ad58d370ed542a9a68e1fcf5a4f2ee7,15,cb708f56b6104d638f93e3906cba5b82,0.19974433085059073,0.1606838646662984,0.03906046618429235,1.1175452404113912,1.2953297012947185,-0.17778446088332722,0.17778446088332722,False,False,,
M2:A1,6ad58d370ed542a9a68e1fcf5a4f2ee7,16,fd6002d736cb405796fc4fbdd5af6f7f,0.17279497882734435,0.14068810552460131,0.03210687330274303,1.1843499448486943,1.3266676872235972,-0.1423177423749029,0.1423177423749029,False,False,,
M2:A1,6ad58d370ed542a9a68e1fcf5a4f2ee7,17,7f769bb638214009813b92df0cfb501a,0.1287422216678285,0.10212010715419151,0.026622114513636996,1.3018094704740555,1.4328323164019237,-0.13102284592786817,0.13102284592786817,False,False,,
M2:A1,6ad58d370ed542a9a68e1fcf5a4f2ee7,18,f76469bb5b5747dbaedb1c59990b5579,0.08880534433362766,0.06641326088485225,0.022392083448775413,1.4172448505227724,1.5425708757321843,-0.12532602520941194,0.12532602520941194,False,False,,
M2:A1,6ad58d370ed542a9a68e1fcf5a4f2ee7,19,770820077d44452a8428299e33808c0f,0.05135521175492302,0.03469161569107739,0.016663596063845626,1.5341106282962786,1.6409250454376643,-0.10681441714138562,0.10681441714138562,False,False,,
M2:A1,6ad58d370ed542a9a68e1fcf5a4f2ee7,20,8a7007fd59cf4f39a3855b0e82136105,0.02609892517543202,0.01307960988149715,0.013019315293934871,1.6183540757963717,1.7089909639292327,-0.09063688813286097,0.09063688813286097,False,False,,
M2:A1,6ad58d370ed542a9a68e1fcf5a4f2ee7,21,15f4465f9fe44b80ab54908983b1cf68,0.002134320253329524,0.0,0.002134320253329524,1.7029490784663746,1.7767017014046078,-0.07375262293823326,0.07375262293823326,False,False,,
M2:A1,6ad58d370ed542a9a68e1fcf5a4f2ee7,22,f94199c2a589484d8e32dd6bf4931d4f,0.0,0.0,0.0,1.7888706038517665,1.8475003879762424,-0.05862978412447584,0.05862978412447584,False,False,,
M2:A1,6ad58d370ed542a9a68e1fcf5a4f2ee7,23,a07f902656eb4f0fb2e5a77f803fb37c,0.0,0.0,0.0,1.8752873037731146,1.920962265339102,-0.04567496156598749,0.04567496156598749,False,False,,
M2:A1,6ad58d370ed542a9a68e1fcf5a4f2ee7,24,bec365d878c4413d85d5fbb3eb3b3f46,0.0,0.0,0.0,1.9624086757147894,1.9996743859973154,-0.03726571028252601,0.03726571028252601,False,False,,
M2:A1,6ad58d370ed542a9a68e1fcf5a4f2ee7,25,7ac804cee1cd4d48ac2ea0ac97726bc9,0.0,0.0,0.0,2.0495521770982537,2.0758748740161934,-0.02632269691793976,0.02632269691793976,False,False,,
M2:A1,6ad58d370ed542a9a68e1fcf5a4f2ee7,26,54259afa6c644e1d99422df9da1c8f35,0.0,0.0,0.0,2.1119395256348965,2.1381587857483364,-0.02621926011343989,0.02621926011343989,False,False,,
M2:A1,6ad58d370ed542a9a68e1fcf5a4f2ee7,27,fa8abe51b4104eb68fc7f85ab1c475bb,0.0,0.0,0.0,2.1748690416525194,2.1935292530013166,-0.01866021134879725,0.01866021134879725,False,False,,
M2:A1,6ad58d370ed542a9a68e1fcf5a4f2ee7,28,bc84a61f13f744cd8f5aa8e888ce879b,0.0,0.0,0.0,2.238139458951818,2.2506672244405443,-0.01252776548872614,0.01252776548872614,False,False,,
M2:A1,6ad58d370ed542a9a68e1fcf5a4f2ee7,29,76c090ac27774e66a592f40998d5537c,0.0,0.0,0.0,2.301206686930949,2.333088966636254,-0.031882279705305105,0.031882279705305105,False,False,,
M2:A1,55527032f0174fefa3b051a24707bf08,0,4258ba3b8b8142f48c3249d310a8c3d2,0.9999999999999701,0.9999999999999701,0.0,0.0,0.0,0.0,0.0,False,False,,
M2:A1,55527032f0174fefa3b051a24707bf08,1,8970a737ebee4443af37102473aaef8b,0.9654333336816794,0.9777560850071241,-0.012322751325444692,0.024031173808810168,0.015442250822440239,0.008588922986369929,-0.008588922986369929,False,False,,
M2:A1,55527032f0174fefa3b051a24707bf08,2,83f3eb36fc7144ab902e192db3a98c06,0.9245317612786271,0.9454325897579048,-0.020900828479277656,0.053957932696222406,0.04236988779740587,0.011588044898816534,-0.011588044898816534,False,False,,
M2:A1,55527032f0174fefa3b051a24707bf08,3,0fc0a764b3ec4c8196ffa35598fbda5f,0.8856236921770001,0.9220948098177784,-0.03647111764077826,0.0833554501819196,0.0540070641370193,0.029348386044900303,-0.029348386044900303,False,False,,
M2:A1,55527032f0174fefa3b051a24707bf08,4,ef823f39fe034fdc9651a363fc81327b,0.8681606671896702,0.85061109773581,0.017549569453860214,0.08719705278991857,0.17820293771279241,-0.09100588492287384,0.09100588492287384,False,False,,
M2:A1,55527032f0174fefa3b051a24707bf08,5,f8de967b00394c9e88558219feef8426,0.8115732199598408,0.795588987183114,0.01598423277672678,0.14060947944874377,0.2780314736093005,-0.1374219941605567,0.1374219941605567,False,False,,
M2:A1,55527032f0174fefa3b051a24707bf08,6,cb440b4d1912467fb51d871f0ccf8e8a,0.7604436081577371,0.7346281866095025,0.025815421548234685,0.20748021254033855,0.4194461345745354,-0.21196592203419684,0.21196592203419684,False,False,,
M2:A1,55527032f0174fefa3b051a24707bf08,7,13546ea263ff48f49899cb30ac0004e9,0.7133674503264082,0.6784304463920191,0.034937003934389144,0.27788112475856896,0.544302670242723,-0.2664215454841541,0.2664215454841541,False,False,,
M2:A1,55527032f0174fefa3b051a24707bf08,8,9b77dad2bdcf4814b042fa47889f19f6,0.6718455445856625,0.6241013287682052,0.04774421581745725,0.34670001632454855,0.6933925486409719,-0.34669253231642333,0.34669253231642333,False,False,,
M2:A1,55527032f0174fefa3b051a24707bf08,9,2b77a910c5e749f9a620d893361c1976,0.6309520269516244,0.5740225919157483,0.05692943503587611,0.42028253698103163,0.8320631305055369,-0.4117805935245053,0.4117805935245053,False,False,,
M2:A1,55527032f0174fefa3b051a24707bf08,10,097394612e494d1ebe1750ed54a27763,0.628902932127007,0.5664838791776705,0.06241905294933647,0.4475815240998029,0.9296510112631993,-0.48206948716339637,0.48206948716339637,False,False,,
M2:A1,55527032f0174fefa3b051a24707bf08,11,20601ccb0ab0445db56bad84060c1323,0.6273352182154317,0.5561963968610588,0.07113882135437288,0.4761252995327734,1.0398660723358395,-0.5637407728030661,0.5637407728030661,False,False,,
M2:A1,55527032f0174fefa3b051a24707bf08,12,746857c6bd46430fa4b5b82186e716e0,0.6285388253080281,0.5470622814168605,0.08147654389116754,0.4950967157447029,1.1401196788215286,-0.6450229630768258,0.6450229630768258,False,False,,
M2:A1,55527032f0174fefa3b051a24707bf08,13,ef4fbe4064a74ce6b0a52cb3dd2e0bf0,0.6323250664449054,0.5431494712130641,0.08917559523184126,0.5103247994085296,1.2062064396221326,-0.695881640213603,0.695881640213603,False,False,,
M2:A1,55527032f0174fefa3b051a24707bf08,14,63d7813869b34ee9aa65064e93775e58,0.6355590369019001,0.5301059967449663,0.1054530401569338,0.5295189787542395,1.2834294550273062,-0.7539104762730667,0.7539104762730667,False,False,,
M2:A1,55527032f0174fefa3b051a24707bf08,15,3d5a6fe339f3490297e4b9d1f3949618,0.6299652225937132,0.5150576828370542,0.11490753975665902,0.5712451231050673,1.371805538698379,-0.8005604155933117,0.8005604155933117,False,False,,
M2:A1,55527032f0174fefa3b051a24707bf08,16,306e66375cf94c7881864ba03782d2d2,0.6324245538130209,0.5169617891214969,0.11546276469152394,0.5469564007123777,1.3772741975801246,-0.8303177968677469,0.8303177968677469,False,False,,
M2:A1,55527032f0174fefa3b051a24707bf08,17,49cd09e4a07145258972fc4e6b18e42d,0.6375399398422835,0.5130712630330444,0.12446867680923912,0.5203283492320526,1.4023064781305743,-0.8819781288985217,0.8819781288985217,False,False,,
M2:A1,55527032f0174fefa3b051a24707bf08,18,60448167db014ef49dcfb65d89d69b3f,0.6422186257310445,0.5119616026249407,0.13025702310610376,0.4935936264052692,1.3934874362469603,-0.8998938098416911,0.8998938098416911,False,False,,
M2:A1,55527032f0174fefa3b051a24707bf08,19,f0bb168a6bc34e0bba79dd122b6394b0,0.6459810034597646,0.5104955208685836,0.13548548259118098,0.46750232460279856,1.3766587294835855,-0.909156404880787,0.909156404880787,False,False,,
M2:A1,55527032f0174fefa3b051a24707bf08,20,a82ac06abf0d4d5ea70af9e19e82305e,0.6432699844036682,0.5064946932040177,0.13677529119965048,0.4717156696828729,1.396006132286508,-0.9242904626036352,0.9242904626036352,False,False,,
M2:A1,55527032f0174fefa3b051a24707bf08,21,2a572213c61c4d40a1955c2aecee6104,0.6402597412067119,0.4989900138285579,0.14126972737815402,0.4746648152896809,1.4346052182175673,-0.9599404029278864,0.9599404029278864,False,False,,
M2:A1,55527032f0174fefa3b051a24707bf08,22,4734352144ac49a7b02960b99573fc14,0.6905286540212635,0.4834554178643965,0.207073236156867,0.4627163714519326,1.4714472008985755,-1.0087308294466428,1.0087308294466428,False,False,,
M2:A1,55527032f0174fefa3b051a24707bf08,23,0ab9ec2730894df2b48df70d0d2e84a9,0.6977338362699452,0.43063559630821063,0.2670982399617346,0.4618540598047583,1.5380333996429112,-1.076179339838153,1.076179339838153,False,False,,
M2:A1,55527032f0174fefa3b051a24707bf08,24,cb708f56b6104d638f93e3906cba5b82,0.6331369607411844,0.3836896093509122,0.24944735139027224,0.4799365268565581,1.6050845762115216,-1.1251480493549635,1.1251480493549635,False,False,,
M2:A1,55527032f0174fefa3b051a24707bf08,25,fd6002d736cb405796fc4fbdd5af6f7f,0.5740620266076799,0.34673285134311616,0.22732917526456375,0.5174864814248581,1.6582044732854206,-1.1407179918605626,1.1407179918605626,False,False,,
M2:A1,55527032f0174fefa3b051a24707bf08,26,7f769bb638214009813b92df0cfb501a,0.5203299877078029,0.3166760976135545,0.20365389009424845,0.5592732337081492,1.6790159947454237,-1.1197427610372745,1.1197427610372745,False,False,,
M2:A1,55527032f0174fefa3b051a24707bf08,27,f76469bb5b5747dbaedb1c59990b5579,0.4696649132763046,0.287717094341786,0.1819478189345186,0.607516466063172,1.708655034046995,-1.101138567983823,1.101138567983823,False,False,,
M2:A1,55527032f0174fefa3b051a24707bf08,28,770820077d44452a8428299e33808c0f,0.42192023067949963,0.2586777869467913,0.16324244373270835,0.6674585435637359,1.7498974362914146,-1.0824388927276787,1.0824388927276787,False,False,,
M2:A1,55527032f0174fefa3b051a24707bf08,29,8a7007fd59cf4f39a3855b0e82136105,0.37659939686765204,0.22944409397106427,0.14715530289658776,0.734860766011784,1.808425406827153,-1.073564640815369,1.073564640815369,False,False,,
M2:A1,55527032f0174fefa3b051a24707bf08,30,15f4465f9fe44b80ab54908983b1cf68,0.3712680542381787,0.2178233552625397,0.153444698975639,0.7491208786825687,1.8462540958510592,-1.0971332171684904,1.0971332171684904,False,False,,
M2:A1,55527032f0174fefa3b051a24707bf08,31,f94199c2a589484d8e32dd6bf4931d4f,0.3640342775766193,0.20569430929211013,0.1583399682845092,0.7684360973054855,1.8847598421644467,-1.1163237448589611,1.1163237448589611,False,False,,
M2:A1,55527032f0174fefa3b051a24707bf08,32,a07f902656eb4f0fb2e5a77f803fb37c,0.35791102079079595,0.1960985200677976,0.16181250072299835,0.7845052371321019,1.9099342065129128,-1.125428969380811,1.125428969380811,False,False,,
M2:A1,55527032f0174fefa3b051a24707bf08,33,bec365d878c4413d85d5fbb3eb3b3f46,0.350464030604097,0.18483201296702678,0.1656320176370702,0.8041667033519284,1.9460045842474782,-1.1418378808955498,1.1418378808955498,False,False,,
M2:A1,55527032f0174fefa3b051a24707bf08,34,7ac804cee1cd4d48ac2ea0ac97726bc9,0.3425685484342034,0.1732217421612512,0.16934680627295223,0.8243678045604519,1.9810437925267477,-1.1566759879662958,1.1566759879662958,False,False,,
M2:A1,55527032f0174fefa3b051a24707bf08,35,54259afa6c644e1d99422df9da1c8f35,0.2886075478914918,0.14759685977892684,0.14101068811256495,0.9064402976733272,2.0578495247696074,-1.1514092270962801,1.1514092270962801,False,False,,
M2:A1,55527032f0174fefa3b051a24707bf08,36,fa8abe51b4104eb68fc7f85ab1c475bb,0.23950570906705626,0.1205884951572194,0.11891721390983687,0.9928179158068086,2.1532449987107527,-1.160427082903944,1.160427082903944,False,False,,
M2:A1,55527032f0174fefa3b051a24707bf08,37,bc84a61f13f744cd8f5aa8e888ce879b,0.1950179960534832,0.09340363055042064,0.10161436550306255,1.0928302998428017,2.235395611643565,-1.1425653118007635,1.1425653118007635,False,False,,
M2:A1,55527032f0174fefa3b051a24707bf08,38,76c090ac27774e66a592f40998d5537c,0.15534624217262105,0.06651945579813588,0.08882678637448517,1.1934489483151296,2.3287493019966448,-1.1353003536815152,1.1353003536815152,False,False,,
M2:A1,fa6ddc168ffb4ab88b718f719357211e,0,ef823f39fe034fdc9651a363fc81327b,0.999999999999893,0.999999999999893,0.0,0.0,0.0,0.0,0.0,False,False,,
M2:A1,fa6ddc168ffb4ab88b718f719357211e,1,f8de967b00394c9e88558219feef8426,0.9820337109842797,0.9770183256247832,0.005015385359496527,0.01611217050761917,0.01356491908805736,0.002547251419561811,-0.002547251419561811,False,False,,
M2:A1,fa6ddc168ffb4ab88b718f719357211e,2,cb440b4d1912467fb51d871f0ccf8e8a,0.9638613690725901,0.9598761599369598,0.003985209135630274,0.03341397012727688,0.02332499639033819,0.010088973736938688,-0.010088973736938688,False,False,,
M2:A1,fa6ddc168ffb4ab88b718f719357211e,3,13546ea263ff48f49899cb30ac0004e9,0.9427359618271499,0.932730654497872,0.010005307329277957,0.03655362855284261,0.04228283319280438,-0.005729204639961773,0.005729204639961773,False,False,,
M2:A1,fa6ddc168ffb4ab88b718f719357211e,4,9b77dad2bdcf4814b042fa47889f19f6,0.9126324418778632,0.9330769093457153,-0.020444467467852112,0.04442909951499515,0.03102212718862987,0.013406972326365282,-0.013406972326365282,False,False,,
M2:A1,fa6ddc168ffb4ab88b718f719357211e,5,2b77a910c5e749f9a620d893361c1976,0.8819014527095287,0.8978290993463148,-0.01592764663678614,0.05609633945794985,0.051900490882486265,0.004195848575463582,-0.004195848575463582,False,False,,
M2:A1,fa6ddc168ffb4ab88b718f719357211e,6,097394612e494d1ebe1750ed54a27763,0.852303157738186,0.8650436404722891,-0.012740482734103109,0.09223490517254408,0.08262383336652684,0.009611071806017238,-0.009611071806017238,False,False,,
M2:A1,fa6ddc168ffb4ab88b718f719357211e,7,20601ccb0ab0445db56bad84060c1323,0.7965118221464238,0.8417254873481028,-0.04521366520167902,0.13628646918140797,0.11036913238037407,0.02591733680103389,-0.02591733680103389,False,False,,
M2:A1,fa6ddc168ffb4ab88b718f719357211e,8,746857c6bd46430fa4b5b82186e716e0,0.7348986711864932,0.7711350807776285,-0.03623640959113528,0.18306805742383234,0.16685759475068662,0.016210462673145715,-0.016210462673145715,False,False,,
M2:A1,fa6ddc168ffb4ab88b718f719357211e,9,ef4fbe4064a74ce6b0a52cb3dd2e0bf0,0.6784743248288841,0.7034502855872554,-0.024975960758371274,0.23139125976590283,0.22387559123725986,0.007515668528642966,-0.007515668528642966,False,False,,
M2:A1,fa6ddc168ffb4ab88b718f719357211e,10,63d7813869b34ee9aa65064e93775e58,0.6270780242376798,0.6519321797759736,-0.024854155538293843,0.28008967682430763,0.2722458123730222,0.007843864451285432,-0.007843864451285432,False,False,,
M2:A1,fa6ddc168ffb4ab88b718f719357211e,11,3d5a6fe339f3490297e4b9d1f3949618,0.546142684886031,0.5777859940139194,-0.031643309127888375,0.38500652001034996,0.345108412820088,0.03989810719026199,-0.03989810719026199,False,False,,
M2:A1,fa6ddc168ffb4ab88b718f719357211e,12,306e66375cf94c7881864ba03782d2d2,0.47185677054434916,0.5045956833207098,-0.03273891277636065,0.5003529741983168,0.45486305435791197,0.04548991984040485,-0.04548991984040485,False,False,,
M2:A1,fa6ddc168ffb4ab88b718f719357211e,13,49cd09e4a07145258972fc4e6b18e42d,0.40447977988794903,0.4426552932223395,-0.038175513334390454,0.6198332924565316,0.5626602444740788,0.05717304798245282,-0.05717304798245282,False,False,,
M2:A1,fa6ddc168ffb4ab88b718f719357211e,14,60448167db014ef49dcfb65d89d69b3f,0.4396405103346478,0.467948501728775,-0.028307991394127208,0.5534261064537167,0.5267517670708928,0.02667433938282393,-0.02667433938282393,False,False,,
M2:A1,fa6ddc168ffb4ab88b718f719357211e,15,f0bb168a6bc34e0bba79dd122b6394b0,0.47744698578295786,0.5080284627847905,-0.03058147700183267,0.48781028333719,0.47951600024004754,0.008294283097142474,-0.008294283097142474,False,False,,
M2:A1,fa6ddc168ffb4ab88b718f719357211e,16,a82ac06abf0d4d5ea70af9e19e82305e,0.5156967077606336,0.5334143236096973,-0.017717615849063728,0.4242814867619512,0.45911616556976287,-0.03483467880781166,0.03483467880781166,False,False,,
M2:A1,fa6ddc168ffb4ab88b718f719357211e,17,2a572213c61c4d40a1955c2aecee6104,0.6069964761943004,0.5582409245219443,0.04875555167235612,0.309420852116549,0.45760371780659387,-0.14818286569004485,0.14818286569004485,False,False,,
M2:A1,fa6ddc168ffb4ab88b718f719357211e,18,4734352144ac49a7b02960b99573fc14,0.6880128703419934,0.5810662621029997,0.10694660823899371,0.2282464396712198,0.47039462102125984,-0.24214818135004004,0.24214818135004004,False,False,,
M2:A1,fa6ddc168ffb4ab88b718f719357211e,19,0ab9ec2730894df2b48df70d0d2e84a9,0.7338458170499554,0.5881419833674852,0.1457038336824702,0.18713919497891823,0.5032173070436294,-0.3160781120647112,0.3160781120647112,False,False,,
M2:A1,fa6ddc168ffb4ab88b718f719357211e,20,cb708f56b6104d638f93e3906cba5b82,0.7466950589811526,0.5827791559911585,0.16391590298999414,0.18065592187870538,0.5408384973126755,-0.36018257543397014,0.36018257543397014,False,False,,
M2:A1,fa6ddc168ffb4ab88b718f719357211e,21,fd6002d736cb405796fc4fbdd5af6f7f,0.7585441949594088,0.574914316445277,0.18362987851413182,0.18582371421742924,0.5795095085117036,-0.3936857942942743,0.3936857942942743,False,False,,
M2:A1,fa6ddc168ffb4ab88b718f719357211e,22,7f769bb638214009813b92df0cfb501a,0.7655024871155778,0.5286581902858587,0.23684429682971908,0.2056586523744849,0.6256052275750396,-0.4199465752005547,0.4199465752005547,False,False,,
M2:A1,fa6ddc168ffb4ab88b718f719357211e,23,f76469bb5b5747dbaedb1c59990b5579,0.7102226233943618,0.4895564534536907,0.22066616994067112,0.23436723938666687,0.6636366135919325,-0.4292693742052656,0.4292693742052656,False,False,,
M2:A1,fa6ddc168ffb4ab88b718f719357211e,24,770820077d44452a8428299e33808c0f,0.6573073298535352,0.4546417508191873,0.20266557903434795,0.268217380291519,0.7029701002257627,-0.4347527199342437,0.4347527199342437,False,False,,
M2:A1,fa6ddc168ffb4ab88b718f719357211e,25,8a7007fd59cf4f39a3855b0e82136105,0.6065395198647133,0.4222463879180106,0.18429313194670272,0.3118260400712133,0.7444203615696365,-0.43259432149842325,0.43259432149842325,False,False,,
M2:A1,fa6ddc168ffb4ab88b718f719357211e,26,15f4465f9fe44b80ab54908983b1cf68,0.5569447826936603,0.38874957048636155,0.16819521220729877,0.3652554441980888,0.7936644469490596,-0.42840900275097077,0.42840900275097077,False,False,,
M2:A1,fa6ddc168ffb4ab88b718f719357211e,27,f94199c2a589484d8e32dd6bf4931d4f,0.5112365833424718,0.35807656175917413,0.15316002158329767,0.42175059091685824,0.844052259736145,-0.4223016688192867,0.4223016688192867,False,False,,
M2:A1,fa6ddc168ffb4ab88b718f719357211e,28,a07f902656eb4f0fb2e5a77f803fb37c,0.47028133981977394,0.3306461585168994,0.13963518130287456,0.47756742108249767,0.8965962229109183,-0.41902880182842067,0.41902880182842067,False,False,,
M2:A1,fa6ddc168ffb4ab88b718f719357211e,29,bec365d878c4413d85d5fbb3eb3b3f46,0.40233464179308986,0.2859126052652045,0.11642203652788535,0.5779813985034983,0.9557626052498511,-0.37778120674635285,0.37778120674635285,False,False,,
M2:A1,fa6ddc168ffb4ab88b718f719357211e,30,7ac804cee1cd4d48ac2ea0ac97726bc9,0.3401796549507659,0.2504060340399935,0.0897736209107724,0.6928462976685849,0.9964734699227917,-0.3036271722542069,0.3036271722542069,False,False,,
M2:A1,fa6ddc168ffb4ab88b718f719357211e,31,54259afa6c644e1d99422df9da1c8f35,0.31112641439583016,0.21319213506194584,0.09793427933388432,0.7598897291964671,1.0746318305886158,-0.31474210139214864,0.31474210139214864,False,False,,
M2:A1,fa6ddc168ffb4ab88b718f719357211e,32,fa8abe51b4104eb68fc7f85ab1c475bb,0.2569918127177053,0.1806680505788476,0.07632376213885772,0.8876910089893402,1.164927709623392,-0.2772367006340519,0.2772367006340519,False,False,,
M2:A1,77268b95b44a4b89ad17df89479de81c,0,20601ccb0ab0445db56bad84060c1323,0.9999999999998592,0.9999999999998592,0.0,0.0,0.0,0.0,0.0,False,False,,
M2:A1,77268b95b44a4b89ad17df89479de81c,1,746857c6bd46430fa4b5b82186e716e0,0.7471696961504247,0.7354855432807466,0.011684152869678166,0.2216883265389472,0.2301846785624598,-0.008496352023512593,0.008496352023512593,False,False,,
M2:A1,77268b95b44a4b89ad17df89479de81c,2,ef4fbe4064a74ce6b0a52cb3dd2e0bf0,0.5675948312222657,0.5412241866667448,0.02637064455552096,0.43575059966594326,0.4591057546114631,-0.023355154945519818,0.023355154945519818,False,False,,
M2:A1,77268b95b44a4b89ad17df89479de81c,3,63d7813869b34ee9aa65064e93775e58,0.2636648580820323,0.24583693351510547,0.01782792456692686,0.9525343286807804,0.9741287179297007,-0.02159438924892032,0.02159438924892032,False,False,,
M2:A1,77268b95b44a4b89ad17df89479de81c,4,3d5a6fe339f3490297e4b9d1f3949618,0.1602273557369464,0.14201452571578696,0.01821283002115945,1.191636030320584,1.227241010666968,-0.03560498034638404,0.03560498034638404,False,False,,
M2:A1,77268b95b44a4b89ad17df89479de81c,5,306e66375cf94c7881864ba03782d2d2,0.2595500438805042,0.23349900827034104,0.026051035610163142,0.952820109130477,1.0029113785584713,-0.050091269427994356,0.050091269427994356,False,False,,
M2:A1,77268b95b44a4b89ad17df89479de81c,6,49cd09e4a07145258972fc4e6b18e42d,0.23900126550354595,0.20753563920843351,0.03146562629511243,0.995273570722507,1.0832163209905576,-0.08794275026805065,0.08794275026805065,False,False,,
M2:A1,77268b95b44a4b89ad17df89479de81c,7,60448167db014ef49dcfb65d89d69b3f,0.16562046823029872,0.183900205565886,-0.01827973733558727,1.2197820945688762,1.1658858542464818,0.05389624032239437,-0.05389624032239437,False,False,,
M2:A1,77268b95b44a4b89ad17df89479de81c,8,f0bb168a6bc34e0bba79dd122b6394b0,0.15560980238420882,0.16158150057065293,-0.005971698186444108,1.2447806130346755,1.2581053118615795,-0.013324698826904013,0.013324698826904013,False,False,,
M2:A1,77268b95b44a4b89ad17df89479de81c,9,a82ac06abf0d4d5ea70af9e19e82305e,0.14466107630167438,0.1409758895685826,0.0036851867330917887,1.2748471230094736,1.353998504785769,-0.07915138177629544,0.07915138177629544,False,False,,
M2:A1,77268b95b44a4b89ad17df89479de81c,10,2a572213c61c4d40a1955c2aecee6104,0.13468725418895822,0.12225697612365322,0.012430278065305,1.3009639359386764,1.4513007857467322,-0.15033684980805573,0.15033684980805573,False,False,,
M2:A1,77268b95b44a4b89ad17df89479de81c,11,4734352144ac49a7b02960b99573fc14,0.12442653907892488,0.10518821393078129,0.019238325148143595,1.3283396021957488,1.5458452219686698,-0.21750561977292104,0.21750561977292104,False,False,,
M2:A1,77268b95b44a4b89ad17df89479de81c,12,0ab9ec2730894df2b48df70d0d2e84a9,0.114021899438922,0.0896811441128631,0.024340755326058908,1.357357761222367,1.6302899677666274,-0.2729322065442603,0.2729322065442603,False,False,,
M2:A1,77268b95b44a4b89ad17df89479de81c,13,cb708f56b6104d638f93e3906cba5b82,0.10367222157524339,0.081423338536244,0.022248883038999384,1.3822222023372948,1.6647125461086274,-0.28249034377133264,0.28249034377133264,False,False,,
M2:A1,77268b95b44a4b89ad17df89479de81c,14,fd6002d736cb405796fc4fbdd5af6f7f,0.09378340640390377,0.07162726136067449,0.022156145043229283,1.397383376905073,1.6985923161426355,-0.30120893923756253,0.30120893923756253,False,False,,
M2:A1,77268b95b44a4b89ad17df89479de81c,15,7f769bb638214009813b92df0cfb501a,0.08352084292204039,0.06529882565450121,0.01822201726753918,1.4118832150922886,1.7127322202810187,-0.30084900518873003,0.30084900518873003,False,False,,
M2:A1,77268b95b44a4b89ad17df89479de81c,16,f76469bb5b5747dbaedb1c59990b5579,0.07363676109934567,0.05557340575664888,0.018063355342696784,1.4309095573224258,1.7438842107901023,-0.3129746534676765,0.3129746534676765,False,False,,
M2:A1,77268b95b44a4b89ad17df89479de81c,17,770820077d44452a8428299e33808c0f,0.06359420723790196,0.04754598984483342,0.01604821739306854,1.4528015692033556,1.7597650404719636,-0.306963471268608,0.306963471268608,False,False,,
M2:A1,77268b95b44a4b89ad17df89479de81c,18,8a7007fd59cf4f39a3855b0e82136105,0.053947134747172894,0.03808831127174996,0.01585882347542293,1.4806044480997649,1.7834846429979863,-0.3028801948982214,0.3028801948982214,False,False,,
M2:A1,77268b95b44a4b89ad17df89479de81c,19,15f4465f9fe44b80ab54908983b1cf68,0.028314958252640163,0.015678921919010737,0.012636036333629426,1.5858204580955555,1.9435165602752003,-0.35769610217964476,0.35769610217964476,False,False,,
M2:A1,77268b95b44a4b89ad17df89479de81c,20,f94199c2a589484d8e32dd6bf4931d4f,0.0036942507281422865,0.0,0.0036942507281422865,1.69720787395144,2.103174057385485,-0.4059661834340449,0.4059661834340449,False,False,,
M2:A1,77268b95b44a4b89ad17df89479de81c,21,a07f902656eb4f0fb2e5a77f803fb37c,0.004898203504342412,0.0,0.004898203504342412,1.6904875058620998,2.145928661286481,-0.45544115542438135,0.45544115542438135,False,False,,
M2:A1,77268b95b44a4b89ad17df89479de81c,22,bec365d878c4413d85d5fbb3eb3b3f46,0.005626263945115325,0.0,0.005626263945115325,1.6862766056751082,2.1925193352703576,-0.5062427295952494,0.5062427295952494,False,False,,
M2:A1,77268b95b44a4b89ad17df89479de81c,23,7ac804cee1cd4d48ac2ea0ac97726bc9,0.006266271275199914,0.0,0.006266271275199914,1.682649403614566,2.231047767175607,-0.5483983635610408,0.5483983635610408,False,False,,
M2:A1,486ade171d7a40e9b071de6d07f307aa,0,bc84a61f13f744cd8f5aa8e888ce879b,0.9999999999999722,0.9999999999999722,0.0,0.0,0.0,0.0,0.0,False,False,,
M2:A1,486ade171d7a40e9b071de6d07f307aa,1,76c090ac27774e66a592f40998d5537c,0.37759256225380655,0.3744748575467632,0.0031177047070433672,1.6704393294131508,1.51769832390689,0.1527410055062608,-0.1527410055062608,False,False,,
M2:A1,e3f3d97fa9564422a37828d01c8a2f5f,0,83f3eb36fc7144ab902e192db3a98c06,1.0000000000001126,1.0000000000001126,0.0,0.0,0.0,0.0,0.0,False,False,,
M2:A1,e3f3d97fa9564422a37828d01c8a2f5f,1,0fc0a764b3ec4c8196ffa35598fbda5f,0.9339809749604526,0.9445197857895042,-0.010538810829051615,0.06633596390331237,0.037381604183382086,0.02895435971993028,-0.02895435971993028,False,False,,
M2:A1,e3f3d97fa9564422a37828d01c8a2f5f,2,ef823f39fe034fdc9651a363fc81327b,0.8688075435673022,0.8909090156560627,-0.022101472088760565,0.14301252854358973,0.07649746953942994,0.06651505900415979,-0.06651505900415979,False,False,,
M2:A1,e3f3d97fa9564422a37828d01c8a2f5f,3,f8de967b00394c9e88558219feef8426,0.6547930145345704,0.841611025155952,-0.1868180106213816,0.2832224528812919,0.11123295808414689,0.17198949479714498,-0.17198949479714498,False,False,,
M2:A1,e3f3d97fa9564422a37828d01c8a2f5f,4,cb440b4d1912467fb51d871f0ccf8e8a,0.7188906924859946,0.9059504515723514,-0.18705975908635686,0.29038780880505405,0.06273118462999346,0.2276566241750606,-0.2276566241750606,False,False,,
M2:A1,e3f3d97fa9564422a37828d01c8a2f5f,5,13546ea263ff48f49899cb30ac0004e9,0.7897256090451069,0.8693441022419195,-0.07961849319681258,0.321297006794096,0.08879293840505181,0.2325040683890442,-0.2325040683890442,False,False,,
M2:A1,e3f3d97fa9564422a37828d01c8a2f5f,6,9b77dad2bdcf4814b042fa47889f19f6,0.8043999993380183,0.8044027273436541,-2.728005635832531e-06,0.37095036088170824,0.146877094464018,0.22407326641769024,-0.22407326641769024,False,False,,
M2:A1,e3f3d97fa9564422a37828d01c8a2f5f,7,2b77a910c5e749f9a620d893361c1976,0.6980205654383584,0.7124706098045769,-0.01445004436621844,0.43356002658004333,0.21500652029809122,0.2185535062819521,-0.2185535062819521,False,False,,
M2:A1,e3f3d97fa9564422a37828d01c8a2f5f,8,097394612e494d1ebe1750ed54a27763,0.6081651859591795,0.6350554442629879,-0.026890258303808423,0.5049338544189054,0.2805185297029972,0.2244153247159082,-0.2244153247159082,False,False,,
M2:A1,e3f3d97fa9564422a37828d01c8a2f5f,9,20601ccb0ab0445db56bad84060c1323,0.5559352969158156,0.5917848718146574,-0.035849574898841885,0.520011683991406,0.3235233531753316,0.19648833081607436,-0.19648833081607436,False,False,,
M2:A1,e3f3d97fa9564422a37828d01c8a2f5f,10,746857c6bd46430fa4b5b82186e716e0,0.5049796838511119,0.5456627487873329,-0.04068306493622098,0.5524342956718312,0.3894581652415657,0.16297613043026554,-0.16297613043026554,False,False,,
M2:A1,e3f3d97fa9564422a37828d01c8a2f5f,11,ef4fbe4064a74ce6b0a52cb3dd2e0bf0,0.45430473780633046,0.49291498309794457,-0.03861024529161411,0.5997208433300097,0.46623172012552383,0.13348912320448592,-0.13348912320448592,False,False,,
M2:A1,e3f3d97fa9564422a37828d01c8a2f5f,12,63d7813869b34ee9aa65064e93775e58,0.39887280149431265,0.4340709902088042,-0.03519818871449154,0.658357085580049,0.5482172788504017,0.1101398067296473,-0.1101398067296473,False,False,,
M2:A1,e3f3d97fa9564422a37828d01c8a2f5f,13,3d5a6fe339f3490297e4b9d1f3949618,0.4024871780855209,0.36842924548003314,0.034057932605487784,0.6317308469634112,0.635802748385561,-0.0040719014221497485,0.0040719014221497485,False,False,,
M2:A1,e3f3d97fa9564422a37828d01c8a2f5f,14,306e66375cf94c7881864ba03782d2d2,0.3440387047203995,0.30778470760930543,0.03625399711109406,0.701731977459508,0.7258550675950439,-0.02412309013553593,0.02412309013553593,False,False,,
M2:A1,e3f3d97fa9564422a37828d01c8a2f5f,15,49cd09e4a07145258972fc4e6b18e42d,0.3549239728671521,0.3131722192545012,0.04175175361265088,0.672095743385639,0.7067431727067872,-0.03464742932114817,0.03464742932114817,False,False,,
M2:A1,e3f3d97fa9564422a37828d01c8a2f5f,16,60448167db014ef49dcfb65d89d69b3f,0.3656086062361402,0.317441853927169,0.04816675230897122,0.6434802476439004,0.6922932579555459,-0.04881301031164542,0.04881301031164542,False,False,,
M2:A1,e3f3d97fa9564422a37828d01c8a2f5f,17,f0bb168a6bc34e0bba79dd122b6394b0,0.37762730915944565,0.320996996978737,0.05663031218070863,0.6147415226491224,0.6811266007405723,-0.06638507809144989,0.06638507809144989,False,False,,
M2:A1,e3f3d97fa9564422a37828d01c8a2f5f,18,a82ac06abf0d4d5ea70af9e19e82305e,0.39006790272176933,0.3248947703884511,0.06517313233331823,0.5865888221746074,0.6700395305727459,-0.0834507083981385,0.0834507083981385,False,False,,
M2:A1,e3f3d97fa9564422a37828d01c8a2f5f,19,2a572213c61c4d40a1955c2aecee6104,0.4030923877891026,0.3281728396145351,0.07491954817456753,0.5585754952198192,0.6639456776785034,-0.10537018245868424,0.10537018245868424,False,False,,
M2:A1,e3f3d97fa9564422a37828d01c8a2f5f,20,4734352144ac49a7b02960b99573fc14,0.45142377976075904,0.3324559555259267,0.11896782423483232,0.479319382161226,0.6969894894799775,-0.21767010731875153,0.21767010731875153,False,False,,
M2:A1,e3f3d97fa9564422a37828d01c8a2f5f,21,0ab9ec2730894df2b48df70d0d2e84a9,0.49817408540313335,0.3351116420634796,0.16306244333965375,0.4274195632189595,0.7575099800758526,-0.33009041685689305,0.33009041685689305,False,False,,
M2:A1,e3f3d97fa9564422a37828d01c8a2f5f,22,cb708f56b6104d638f93e3906cba5b82,0.5089897800503476,0.3371538268048451,0.17183595324550244,0.4098350430844019,0.8389623200199074,-0.42912727693550556,0.42912727693550556,False,False,,
M2:A1,ec221beba32448e4a9865e920aeefed5,0,f8de967b00394c9e88558219feef8426,1.0000000000000349,1.0000000000000349,0.0,0.0,0.0,0.0,0.0,False,False,,
M2:A1,ec221beba32448e4a9865e920aeefed5,1,cb440b4d1912467fb51d871f0ccf8e8a,0.8923081229730097,0.8778206389133071,0.014487484059702571,0.12231503342702826,0.15628249751913262,-0.033967464092104355,0.033967464092104355,False,False,,
M2:A1,ec221beba32448e4a9865e920aeefed5,2,13546ea263ff48f49899cb30ac0004e9,0.7958020278471786,0.7698820054437227,0.025920022403455922,0.2453730653622953,0.31598135155253204,-0.07060828619023674,0.07060828619023674,False,False,,
M2:A1,ec221beba32448e4a9865e920aeefed5,3,9b77dad2bdcf4814b042fa47889f19f6,0.7132166467925458,0.6769712461868331,0.036245400605712685,0.3678207903027159,0.4805892101727155,-0.11276841986999958,0.11276841986999958,False,False,,
M2:A1,ec221beba32448e4a9865e920aeefed5,4,2b77a910c5e749f9a620d893361c1976,0.6388529533180908,0.5974498552457596,0.041403098072331224,0.49052032432996784,0.642502519729666,-0.15198219539969815,0.15198219539969815,False,False,,
M2:A1,ec221beba32448e4a9865e920aeefed5,5,097394612e494d1ebe1750ed54a27763,0.5728418208975968,0.5296613861357073,0.043180434761889486,0.6139411828054699,0.7999990134167586,-0.18605783061128867,0.18605783061128867,False,False,,
M2:A1,ec221beba32448e4a9865e920aeefed5,6,20601ccb0ab0445db56bad84060c1323,0.6303570580078737,0.5762310094103013,0.05412604859757242,0.5570553274310786,0.8006317324846582,-0.2435764050535797,0.2435764050535797,False,False,,
M2:A1,ec221beba32448e4a9865e920aeefed5,7,746857c6bd46430fa4b5b82186e716e0,0.6911981662696646,0.6197129056270423,0.07148526064262228,0.5104397945018337,0.8239542093330816,-0.31351441483124787,0.31351441483124787,False,False,,
M2:A1,ec221beba32448e4a9865e920aeefed5,8,ef4fbe4064a74ce6b0a52cb3dd2e0bf0,0.7559053210143173,0.6587832707953271,0.09712205021899023,0.4777982145897116,0.8693827575137775,-0.39158454292406586,0.39158454292406586,False,False,,
M2:A1,ec221beba32448e4a9865e920aeefed5,9,63d7813869b34ee9aa65064e93775e58,0.7050228846050984,0.5948206317638818,0.11020225284121665,0.46444304574168277,0.932803440694068,-0.4683603949523852,0.4683603949523852,False,False,,
M2:A1,ec221beba32448e4a9865e920aeefed5,10,3d5a6fe339f3490297e4b9d1f3949618,0.6478559050690894,0.538301263771001,0.10955464129808845,0.4675261624854447,0.9743716528893769,-0.5068454904039321,0.5068454904039321,False,False,,
M2:A1,ec221beba32448e4a9865e920aeefed5,11,306e66375cf94c7881864ba03782d2d2,0.6025570605036533,0.4945516163780787,0.10800544412557461,0.4622521110815963,1.013906770118457,-0.5516546590368607,0.5516546590368607,False,False,,
M2:A1,ec221beba32448e4a9865e920aeefed5,12,49cd09e4a07145258972fc4e6b18e42d,0.5584719244168851,0.45789346561209493,0.10057845880479016,0.4795551067326949,1.0407537799364814,-0.5611986732037866,0.5611986732037866,False,False,,
M2:A1,ec221beba32448e4a9865e920aeefed5,13,60448167db014ef49dcfb65d89d69b3f,0.514891429603949,0.4181983266428575,0.09669310296109146,0.5143027142462934,1.0624674182374874,-0.548164703991194,0.548164703991194,False,False,,
M2:A1,ec221beba32448e4a9865e920aeefed5,14,f0bb168a6bc34e0bba79dd122b6394b0,0.4704911740657386,0.3935981246405142,0.0768930494252244,0.5751584008664958,1.025819485950929,-0.45066108508443325,0.45066108508443325,False,False,,
M2:A1,ec221beba32448e4a9865e920aeefed5,15,a82ac06abf0d4d5ea70af9e19e82305e,0.4290727568818183,0.3566653975216255,0.07240735936019277,0.6400682583546338,1.0615987379776513,-0.4215304796230175,0.4215304796230175,False,False,,
M2:A1,ec221beba32448e4a9865e920aeefed5,16,2a572213c61c4d40a1955c2aecee6104,0.37600523138009634,0.3217334932076079,0.054271738172488426,0.7308309261980441,1.0986440710448984,-0.36781314484685423,0.36781314484685423,False,False,,
M2:A1,ec221beba32448e4a9865e920aeefed5,17,4734352144ac49a7b02960b99573fc14,0.337504200614884,0.27813294048895215,0.05937126012593186,0.8095091181544611,1.232719533105922,-0.42321041495146083,0.42321041495146083,False,False,,
M2:A1,ec221beba32448e4a9865e920aeefed5,18,0ab9ec2730894df2b48df70d0d2e84a9,0.30067588501628806,0.24753558673812473,0.05314029827816333,0.8913413878765247,1.2887636820435027,-0.39742229416697794,0.39742229416697794,False,False,,
M2:A1,ec221beba32448e4a9865e920aeefed5,19,cb708f56b6104d638f93e3906cba5b82,0.26530283946007743,0.21915166463759927,0.04615117482247816,0.9751971996744051,1.3608952555882958,-0.3856980559138907,0.3856980559138907,False,False,,
M2:A1,ec221beba32448e4a9865e920aeefed5,20,fd6002d736cb405796fc4fbdd5af6f7f,0.23040902184289527,0.19177074298671198,0.03863827885618329,1.059936913594177,1.4258556909311884,-0.3659187773370114,0.3659187773370114,False,False,,
M2:A1,ec221beba32448e4a9865e920aeefed5,21,7f769bb638214009813b92df0cfb501a,0.16192216733919063,0.12630876266408977,0.03561340467510085,1.2477080232681248,1.7538517311269841,-0.5061437078588593,0.5061437078588593,False,False,,
M2:A1,ec221beba32448e4a9865e920aeefed5,22,f76469bb5b5747dbaedb1c59990b5579,0.1512926714360943,0.11870498405754938,0.03258768737854491,1.277234130438791,1.8113948903726667,-0.5341607599338756,0.5341607599338756,False,False,,
M2:A1,ec221beba32448e4a9865e920aeefed5,23,770820077d44452a8428299e33808c0f,0.1401078284044528,0.10754605976964704,0.032561768634805754,1.310642702117773,1.8940308850194663,-0.5833881829016934,0.5833881829016934,False,False,,
M2:A1,ec221beba32448e4a9865e920aeefed5,24,8a7007fd59cf4f39a3855b0e82136105,0.12155645394711208,0.09568597623481596,0.025870477712296114,1.3724339758134465,1.9998468581047626,-0.6274128822913161,0.6274128822913161,False,False,,
M2:A1,ec221beba32448e4a9865e920aeefed5,25,15f4465f9fe44b80ab54908983b1cf68,0.11138080421789157,0.08848849534906077,0.0228923088688308,1.4028623310696668,2.062734369620544,-0.659872038550877,0.659872038550877,False,False,,
M2:A1,ec221beba32448e4a9865e920aeefed5,26,f94199c2a589484d8e32dd6bf4931d4f,0.10108024284653053,0.07890800870664483,0.0221722341398857,1.4337683061714463,2.1445842511363544,-0.7108159449649081,0.7108159449649081,False,False,,
M2:A1,ec221beba32448e4a9865e920aeefed5,27,a07f902656eb4f0fb2e5a77f803fb37c,0.09123315657083489,0.0720970690337868,0.019136087537048083,1.463031315864726,2.204686825875067,-0.7416555100103412,0.7416555100103412,False,False,,
M2:A1,ec221beba32448e4a9865e920aeefed5,28,bec365d878c4413d85d5fbb3eb3b3f46,0.0812977486762198,0.06580756673641966,0.015490181939800146,1.493393901257685,2.2572288573463406,-0.7638349560886557,0.7638349560886557,False,False,,
M2:A1,ec221beba32448e4a9865e920aeefed5,29,7ac804cee1cd4d48ac2ea0ac97726bc9,0.07179552645197904,0.058709575514917366,0.01308595093706167,1.5229964876379138,2.3158386573463186,-0.7928421697084047,0.7928421697084047,False,False,,
M2:A1,ec221beba32448e4a9865e920aeefed5,30,54259afa6c644e1d99422df9da1c8f35,0.06250600110549423,0.05195145010088027,0.010554551004613957,1.5543752583687542,2.375208760344179,-0.8208335019754247,0.8208335019754247,False,False,,
M2:A1,ec221beba32448e4a9865e920aeefed5,31,fa8abe51b4104eb68fc7f85ab1c475bb,0.06496672687070572,0.05277226654484932,0.012194460325856402,1.5391859039777025,2.324485581465485,-0.7852996774877823,0.7852996774877823,False,False,,
M2:A1,ca3f0ced132845b4afce73a6f27a953e,0,65e07a70e6b5404a87bf34e49d4c0924,0.999999999999952,0.999999999999952,0.0,0.0,0.0,0.0,0.0,False,False,,
M2:A1,ca3f0ced132845b4afce73a6f27a953e,1,9ab5069c183c492b82b0ab30133080c1,0.9773281239527823,0.9552803745832057,0.022047749369576652,0.01590017645993816,0.0694625876688729,-0.053562411208934735,0.053562411208934735,False,False,,
M2:A1,ca3f0ced132845b4afce73a6f27a953e,2,4258ba3b8b8142f48c3249d310a8c3d2,0.9528646008334072,0.9126075512086387,0.040257049624768504,0.03354520574670682,0.1373475906432821,-0.10380238489657528,0.10380238489657528,False,False,,
M2:A1,ca3f0ced132845b4afce73a6f27a953e,3,8970a737ebee4443af37102473aaef8b,0.9326174389465627,0.8739814852487499,0.058635953697812826,0.04894811747170247,0.2035531291332405,-0.15460501166153803,0.15460501166153803,False,False,,
M2:A1,ca3f0ced132845b4afce73a6f27a953e,4,83f3eb36fc7144ab902e192db3a98c06,0.9140310103636061,0.8413230632651203,0.07270794709848583,0.06297539412017066,0.26767459534871924,-0.20469920122854857,0.20469920122854857,False,False,,
M2:A1,ca3f0ced132845b4afce73a6f27a953e,5,0fc0a764b3ec4c8196ffa35598fbda5f,0.8985212450684099,0.805798725629311,0.09272251943909893,0.07616032691020999,0.35011401156260147,-0.27395368465239145,0.27395368465239145,False,False,,
M2:A1,ca3f0ced132845b4afce73a6f27a953e,6,ef823f39fe034fdc9651a363fc81327b,0.8247160621413033,0.7876878102587047,0.03702825188259862,0.11749608962531828,0.369967683598894,-0.2524715939735757,0.2524715939735757,False,False,,
M2:A1,ca3f0ced132845b4afce73a6f27a953e,7,f8de967b00394c9e88558219feef8426,0.8007723515423876,0.7825234900979258,0.018248861444461806,0.14002411120076255,0.3778250986098787,-0.23780098740911612,0.23780098740911612,False,False,,
M2:A1,ca3f0ced132845b4afce73a6f27a953e,8,cb440b4d1912467fb51d871f0ccf8e8a,0.7792093785184465,0.7642088818474218,0.015000496671024766,0.1617403020993859,0.3924883181186612,-0.2307480160192753,0.2307480160192753,False,False,,
M2:A1,ca3f0ced132845b4afce73a6f27a953e,9,13546ea263ff48f49899cb30ac0004e9,0.771557492593229,0.7745240707372577,-0.0029665781440286754,0.1658469821992508,0.34795192985025897,-0.18210494765100818,0.18210494765100818,False,False,,
M2:A1,ca3f0ced132845b4afce73a6f27a953e,10,9b77dad2bdcf4814b042fa47889f19f6,0.7342672340172323,0.729213245774902,0.005053988242330276,0.19408576984057982,0.3775437721667278,-0.18345800232614798,0.18345800232614798,False,False,,
M2:A1,ca3f0ced132845b4afce73a6f27a953e,11,2b77a910c5e749f9a620d893361c1976,0.7008924097135902,0.6861836251302548,0.014708784583335466,0.22635018000841103,0.4289938399207611,-0.2026436599123501,0.2026436599123501,False,False,,
M2:A1,ca3f0ced132845b4afce73a6f27a953e,12,097394612e494d1ebe1750ed54a27763,0.666741236788282,0.6449864775270615,0.021754759261220502,0.26361995364580876,0.48225697775541526,-0.2186370241096065,0.2186370241096065,False,False,,
M2:A1,ca3f0ced132845b4afce73a6f27a953e,13,20601ccb0ab0445db56bad84060c1323,0.6715280609211286,0.634827074916708,0.03670098600442062,0.2643134694524706,0.5389898179612626,-0.27467634850879197,0.27467634850879197,False,False,,
M2:A1,ca3f0ced132845b4afce73a6f27a953e,14,746857c6bd46430fa4b5b82186e716e0,0.6719228357664401,0.6261540735974803,0.04576876216895975,0.2680113297423895,0.5817537806571688,-0.31374245091477926,0.31374245091477926,False,False,,
M2:A1,fe050ab6b19d41d8bc2641f9835e9d1b,0,13546ea263ff48f49899cb30ac0004e9,0.9999999999999067,0.9999999999999067,0.0,0.0,0.0,0.0,0.0,False,False,,
M2:A1,fe050ab6b19d41d8bc2641f9835e9d1b,1,9b77dad2bdcf4814b042fa47889f19f6,0.7918381762451994,0.7918381762451994,0.0,0.2023585926023404,0.2023585926023404,0.0,0.0,True,True,,
M2:A1,fe050ab6b19d41d8bc2641f9835e9d1b,2,2b77a910c5e749f9a620d893361c1976,0.7691359701656372,0.7691359701656372,0.0,0.20472664701987678,0.20472664701987678,0.0,0.0,True,True,,
M2:A1,fe050ab6b19d41d8bc2641f9835e9d1b,3,097394612e494d1ebe1750ed54a27763,0.736534862078479,0.736534862078479,0.0,0.2518908493772648,0.2518908493772648,0.0,0.0,True,True,,
M2:A1,fe050ab6b19d41d8bc2641f9835e9d1b,4,20601ccb0ab0445db56bad84060c1323,0.7085634900459857,0.7085634900459857,0.0,0.23655231979424443,0.23655231979424443,0.0,0.0,True,True,,
M2:A1,fe050ab6b19d41d8bc2641f9835e9d1b,5,746857c6bd46430fa4b5b82186e716e0,0.664877125369206,0.664877125369206,0.0,0.2773102955175352,0.2773102955175352,0.0,0.0,True,True,,
M2:A1,fe050ab6b19d41d8bc2641f9835e9d1b,6,ef4fbe4064a74ce6b0a52cb3dd2e0bf0,0.6193237730215921,0.6193237730215921,0.0,0.3552590604052265,0.3552590604052265,0.0,0.0,True,True,,
M2:A1,fe050ab6b19d41d8bc2641f9835e9d1b,7,63d7813869b34ee9aa65064e93775e58,0.5732116808060324,0.5732116808060324,0.0,0.45148975625155024,0.45148975625155024,0.0,0.0,True,True,,
M2:A1,fe050ab6b19d41d8bc2641f9835e9d1b,8,3d5a6fe339f3490297e4b9d1f3949618,0.5266120088120565,0.5266120088120565,0.0,0.5561870189064094,0.5561870189064094,0.0,0.0,True,True,,
M2:A1,fe050ab6b19d41d8bc2641f9835e9d1b,9,306e66375cf94c7881864ba03782d2d2,0.47650060284487455,0.47724954473160186,-0.0007489418867273057,0.6626498184543277,0.6605942265477603,0.0020555919065673445,-0.0020555919065673445,False,False,,
M2:A1,fe050ab6b19d41d8bc2641f9835e9d1b,10,49cd09e4a07145258972fc4e6b18e42d,0.4013623155546149,0.3850585338083055,0.016303781746309365,0.7715123402554918,0.8001172930010186,-0.02860495274552688,0.02860495274552688,False,False,,
M2:A1,fe050ab6b19d41d8bc2641f9835e9d1b,11,60448167db014ef49dcfb65d89d69b3f,0.39361548984052164,0.3680480778672875,0.025567411973234144,0.7842755442158251,0.8275317556456883,-0.043256211429863134,0.043256211429863134,False,False,,
M2:A1,fe050ab6b19d41d8bc2641f9835e9d1b,12,f0bb168a6bc34e0bba79dd122b6394b0,0.3846580613931989,0.3659607344418433,0.01869732695135562,0.7962745163400968,0.838827401527892,-0.04255288518779521,0.04255288518779521,False,False,,
M2:A1,fe050ab6b19d41d8bc2641f9835e9d1b,13,a82ac06abf0d4d5ea70af9e19e82305e,0.4085697673307887,0.39418524310359027,0.014384524227198436,0.6893905071599391,0.7330011804174886,-0.043610673257549526,0.043610673257549526,False,False,,
M2:A1,fe050ab6b19d41d8bc2641f9835e9d1b,14,2a572213c61c4d40a1955c2aecee6104,0.4246949963036316,0.4061427735738041,0.01855222272982754,0.6110326213172221,0.6583697259231761,-0.04733710460595397,0.04733710460595397,False,False,,
M2:A1,fe050ab6b19d41d8bc2641f9835e9d1b,15,4734352144ac49a7b02960b99573fc14,0.3691408024104962,0.3506477277938546,0.01849307461664157,0.6845595736329585,0.7341818591595284,-0.04962228552656989,0.04962228552656989,False,False,,
M2:A1,fe050ab6b19d41d8bc2641f9835e9d1b,16,0ab9ec2730894df2b48df70d0d2e84a9,0.3800790571713368,0.35166703226366913,0.028412024907667643,0.6784145587112186,0.7232892919392769,-0.04487473322805835,0.04487473322805835,False,False,,
M2:A1,fe050ab6b19d41d8bc2641f9835e9d1b,17,cb708f56b6104d638f93e3906cba5b82,0.3484250657045018,0.31940661017960886,0.02901845552489296,0.7559413857728197,0.7998811878853683,-0.043939802112548665,0.043939802112548665,False,False,,
M2:A1,fe050ab6b19d41d8bc2641f9835e9d1b,18,fd6002d736cb405796fc4fbdd5af6f7f,0.3257471939966244,0.30704029165055574,0.018706902346068643,0.8077754988886453,0.8402941500578989,-0.032518651169253565,0.032518651169253565,False,False,,
M2:A1,fe050ab6b19d41d8bc2641f9835e9d1b,19,7f769bb638214009813b92df0cfb501a,0.3504652144425994,0.31625044878708164,0.03421476565551779,0.7731931952681184,0.8253012983987135,-0.05210810313059511,0.05210810313059511,False,False,,
M2:A1,fe050ab6b19d41d8bc2641f9835e9d1b,20,f76469bb5b5747dbaedb1c59990b5579,0.3065501901998331,0.27433374507117064,0.03221644512866245,0.9083755702821119,0.941106231045991,-0.032730660763879094,0.032730660763879094,False,False,,
M2:A1,fe050ab6b19d41d8bc2641f9835e9d1b,21,770820077d44452a8428299e33808c0f,0.23267172033333455,0.2486103560723429,-0.015938635739008333,1.0698814093474982,1.0734527997025014,-0.003571390355003201,0.003571390355003201,False,False,,
M2:A1,fe050ab6b19d41d8bc2641f9835e9d1b,22,8a7007fd59cf4f39a3855b0e82136105,0.23813842967029086,0.23805874281487674,7.96868554141239e-05,1.0643683859513982,1.1038469310104668,-0.03947854505906867,0.03947854505906867,False,False,,
M2:A1,fe050ab6b19d41d8bc2641f9835e9d1b,23,15f4465f9fe44b80ab54908983b1cf68,0.202320298215791,0.19159918787453015,0.010721110341260859,1.1672200670183988,1.2286622871705843,-0.06144222015218559,0.06144222015218559,False,False,,
M2:A1,fe050ab6b19d41d8bc2641f9835e9d1b,24,f94199c2a589484d8e32dd6bf4931d4f,0.16775581479707277,0.15165597040704804,0.016099844390024737,1.2709118443760428,1.3452815530718647,-0.07436970869582193,0.07436970869582193,False,False,,
M2:A1,fe050ab6b19d41d8bc2641f9835e9d1b,25,a07f902656eb4f0fb2e5a77f803fb37c,0.1479237960795611,0.13490642686271961,0.01301736921684149,1.3278965790114081,1.4097555504841024,-0.08185897147269428,0.08185897147269428,False,False,,
M2:A1,fe050ab6b19d41d8bc2641f9835e9d1b,26,bec365d878c4413d85d5fbb3eb3b3f46,0.11086707696670361,0.10653233830813488,0.004334738658568732,1.4372743112619983,1.5196179835185037,-0.0823436722565054,0.0823436722565054,False,False,,
M2:A1,fe050ab6b19d41d8bc2641f9835e9d1b,27,7ac804cee1cd4d48ac2ea0ac97726bc9,0.0806713944428605,0.0760854125356367,0.004585981907223799,1.5416472193784712,1.6347031357437154,-0.09305591636524424,0.09305591636524424,False,False,,
M2:A1,fe050ab6b19d41d8bc2641f9835e9d1b,28,54259afa6c644e1d99422df9da1c8f35,0.037826050565587216,0.03786437575658078,-3.832519099356696e-05,1.692562722540426,1.8008726801770256,-0.10830995763659956,0.10830995763659956,False,False,,
M2:A1,fe050ab6b19d41d8bc2641f9835e9d1b,29,fa8abe51b4104eb68fc7f85ab1c475bb,0.022594370200704237,0.027269565878746193,-0.004675195678041956,1.750001907221395,1.8619063786218581,-0.11190447140046311,0.11190447140046311,False,False,,
M2:A1,fe050ab6b19d41d8bc2641f9835e9d1b,30,bc84a61f13f744cd8f5aa8e888ce879b,0.0,0.0,0.0,1.914300691095931,2.0008887645553757,-0.08658807345944464,0.08658807345944464,False,False,,
M2:A1,fe050ab6b19d41d8bc2641f9835e9d1b,31,76c090ac27774e66a592f40998d5537c,0.0,0.0,0.0,2.0868605973639665,2.1504889306558184,-0.06362833329185191,0.06362833329185191,False,False,,
M2:A1,0b2ef8648d3c467989b67d5a3ce2a3df,0,2a572213c61c4d40a1955c2aecee6104,1.0000000000001374,1.0000000000001374,0.0,0.0,0.0,0.0,0.0,False,False,,
M2:A1,0b2ef8648d3c467989b67d5a3ce2a3df,1,4734352144ac49a7b02960b99573fc14,0.21632217918315697,0.7746625251856544,-0.5583403460024974,2.362361697906455,0.19481029924483959,2.1675513986616153,-2.1675513986616153,False,False,,
M2:A1,0b2ef8648d3c467989b67d5a3ce2a3df,2,0ab9ec2730894df2b48df70d0d2e84a9,0.0,0.6867594749887191,-0.6867594749887191,4.918900471712852,0.2515021590573125,4.667398312655539,-4.667398312655539,False,False,,
M2:A1,0b2ef8648d3c467989b67d5a3ce2a3df,3,cb708f56b6104d638f93e3906cba5b82,0.0,0.6082724385547221,-0.6082724385547221,7.371802459272235,0.3156967811256497,7.056105678146586,-7.056105678146586,False,False,,
M2:A1,0b2ef8648d3c467989b67d5a3ce2a3df,4,fd6002d736cb405796fc4fbdd5af6f7f,0.0,0.5470859287747256,-0.5470859287747256,7.378698958952879,0.3995195742338368,6.979179384719042,-6.979179384719042,True,False,,
M2:A1,0b2ef8648d3c467989b67d5a3ce2a3df,5,7f769bb638214009813b92df0cfb501a,0.0,0.4804224815365501,-0.4804224815365501,7.386827367699866,0.47726436516710735,6.909563002532759,-6.909563002532759,True,False,,
M2:A1,0b2ef8648d3c467989b67d5a3ce2a3df,6,f76469bb5b5747dbaedb1c59990b5579,0.0,0.41995752696482763,-0.41995752696482763,7.395240725528809,0.5531122173790909,6.842128508149718,-6.842128508149718,True,False,,
M2:A1,0b2ef8648d3c467989b67d5a3ce2a3df,7,770820077d44452a8428299e33808c0f,0.0,0.36700003781786755,-0.36700003781786755,7.405754434627836,0.63239382395373,6.773360610674106,-6.773360610674106,True,False,,
M2:A1,0b2ef8648d3c467989b67d5a3ce2a3df,8,8a7007fd59cf4f39a3855b0e82136105,0.0,0.27145680034399866,-0.27145680034399866,7.4335101772013505,0.8229156465579792,6.610594530643372,-6.610594530643372,True,False,,
M2:A1,0b2ef8648d3c467989b67d5a3ce2a3df,9,15f4465f9fe44b80ab54908983b1cf68,0.0,0.21887393584402998,-0.21887393584402998,7.451849229670706,0.9283909855857335,6.523458244084972,-6.523458244084972,True,False,,
M2:A1,0b2ef8648d3c467989b67d5a3ce2a3df,10,f94199c2a589484d8e32dd6bf4931d4f,0.0,0.17568693198209814,-0.17568693198209814,7.469828847235294,1.0282417632255147,6.441587084009779,-6.441587084009779,True,False,,
M2:A1,0b2ef8648d3c467989b67d5a3ce2a3df,11,a07f902656eb4f0fb2e5a77f803fb37c,0.0,0.15980941580126162,-0.15980941580126162,7.506629444414437,1.073378796324329,6.433250648090108,-6.433250648090108,True,False,,
M2:A1,0b2ef8648d3c467989b67d5a3ce2a3df,12,bec365d878c4413d85d5fbb3eb3b3f46,0.0,0.0867776117536261,-0.0867776117536261,7.576410670252741,1.2703283798518215,6.30608229040092,-6.30608229040092,True,False,,
M2:A1,0b2ef8648d3c467989b67d5a3ce2a3df,13,7ac804cee1cd4d48ac2ea0ac97726bc9,0.0,0.08701814068740746,-0.08701814068740746,7.576410670252741,1.2697984308181325,6.3066122394346085,-6.3066122394346085,True,False,,
M2:A1,0b2ef8648d3c467989b67d5a3ce2a3df,14,54259afa6c644e1d99422df9da1c8f35,0.0,0.0868373642416667,-0.0868373642416667,7.575745933340106,1.2704265784095894,6.305319354930517,-6.305319354930517,True,False,,
M2:A1,0b2ef8648d3c467989b67d5a3ce2a3df,15,fa8abe51b4104eb68fc7f85ab1c475bb,0.0,0.08535445549872675,-0.08535445549872675,7.575745933340106,1.2731630420321074,6.302582891307999,-6.302582891307999,True,False,,
M2:A1,0b2ef8648d3c467989b67d5a3ce2a3df,16,bc84a61f13f744cd8f5aa8e888ce879b,0.0,0.007463916667690776,-0.007463916667690776,7.6623493600161225,1.5190689817926128,6.14328037822351,-6.14328037822351,True,False,,
M2:A1,0b2ef8648d3c467989b67d5a3ce2a3df,17,76c090ac27774e66a592f40998d5537c,0.0,0.0,0.0,7.727955511579074,1.6665068829249334,6.061448628654141,-6.061448628654141,True,False,,
M2:A1,8fba9861aa6d4d14b78c90fbb5372fb2,0,65e07a70e6b5404a87bf34e49d4c0924,1.0000000000001152,1.0000000000001152,0.0,0.0,0.0,0.0,0.0,False,False,,
M2:A1,8fba9861aa6d4d14b78c90fbb5372fb2,1,9ab5069c183c492b82b0ab30133080c1,0.901321988488141,0.9131114801769981,-0.011789491688857012,0.06392071319519958,0.0644261590923818,-0.0005054458971822107,0.0005054458971822107,False,False,,
M2:A1,8fba9861aa6d4d14b78c90fbb5372fb2,2,4258ba3b8b8142f48c3249d310a8c3d2,0.8136255786349348,0.8340290543745288,-0.020403475739594,0.1304379501690115,0.12975883098379712,0.0006791191852143774,-0.0006791191852143774,False,False,,
M2:A1,8fba9861aa6d4d14b78c90fbb5372fb2,3,8970a737ebee4443af37102473aaef8b,0.7492287033095717,0.7770922767554957,-0.02786357344592405,0.18360892605941442,0.18738815991305327,-0.003779233853638847,0.003779233853638847,False,False,,
M2:A1,8fba9861aa6d4d14b78c90fbb5372fb2,4,83f3eb36fc7144ab902e192db3a98c06,0.6786617083300664,0.7093866319373793,-0.030724923607312826,0.24991215086402171,0.2551982108102732,-0.0052860599462515034,0.0052860599462515034,False,False,,
M2:A1,8fba9861aa6d4d14b78c90fbb5372fb2,5,0fc0a764b3ec4c8196ffa35598fbda5f,0.6155052495210193,0.6587663887685024,-0.043261139247483094,0.3161448703350831,0.30123835427790707,0.014906516057176022,-0.014906516057176022,False,False,,
M2:A1,8fba9861aa6d4d14b78c90fbb5372fb2,6,ef823f39fe034fdc9651a363fc81327b,0.6196664721168319,0.6283934994096303,-0.008727027292798395,0.30328653168915976,0.3098541508026156,-0.006567619113455825,0.006567619113455825,False,False,,
M2:A1,8fba9861aa6d4d14b78c90fbb5372fb2,7,f8de967b00394c9e88558219feef8426,0.5646078540693775,0.5863042945514582,-0.021696440482080637,0.3656664970757118,0.35087662086999427,0.014789876205717534,-0.014789876205717534,False,False,,
M2:A1,8fba9861aa6d4d14b78c90fbb5372fb2,8,cb440b4d1912467fb51d871f0ccf8e8a,0.5149756024443758,0.5503328515319454,-0.03535724908756965,0.4298406351771676,0.3893011200969642,0.04053951508020337,-0.04053951508020337,False,False,,
M2:A1,8fba9861aa6d4d14b78c90fbb5372fb2,9,13546ea263ff48f49899cb30ac0004e9,0.4703992790511725,0.5217615078616581,-0.05136222881048558,0.49421140850290296,0.4161774504095804,0.07803395809332259,-0.07803395809332259,False,False,,
M2:A1,8fba9861aa6d4d14b78c90fbb5372fb2,10,9b77dad2bdcf4814b042fa47889f19f6,0.4556215918449284,0.5274895001232146,-0.07186790827828621,0.5249157960905836,0.4004976778655514,0.12441811822503218,-0.12441811822503218,False,False,,
M2:A1,8fba9861aa6d4d14b78c90fbb5372fb2,11,2b77a910c5e749f9a620d893361c1976,0.43931642783813885,0.5317187952670263,-0.09240236742888741,0.5647317967874923,0.3917813517121761,0.1729504450753162,-0.1729504450753162,False,False,,
M2:A1,8fba9861aa6d4d14b78c90fbb5372fb2,12,097394612e494d1ebe1750ed54a27763,0.4224950994651871,0.5344610073098198,-0.11196590784463273,0.6117750156929586,0.3938852110959062,0.21788980459705237,-0.21788980459705237,False,False,,
M2:A1,8fba9861aa6d4d14b78c90fbb5372fb2,13,20601ccb0ab0445db56bad84060c1323,0.38021294580440174,0.5028844414213531,-0.1226714956169514,0.697316479643409,0.4491011690824376,0.24821531056097146,-0.24821531056097146,False,False,,
M2:A1,8fba9861aa6d4d14b78c90fbb5372fb2,14,746857c6bd46430fa4b5b82186e716e0,0.33984329542729014,0.4711352040358887,-0.13129190860859857,0.7873663433767127,0.5138015322092051,0.27356481116750764,-0.27356481116750764,False,False,,
M2:A1,8fba9861aa6d4d14b78c90fbb5372fb2,15,ef4fbe4064a74ce6b0a52cb3dd2e0bf0,0.29959035752077307,0.43674545565397666,-0.1371550981332036,0.885216280579676,0.5825206656794997,0.3026956149001764,-0.3026956149001764,False,False,,
M2:A1,8fba9861aa6d4d14b78c90fbb5372fb2,16,63d7813869b34ee9aa65064e93775e58,0.25671982392325315,0.38224132309951153,-0.12552149917625838,0.9874316684653826,0.6619343238956172,0.3254973445697653,-0.3254973445697653,False,False,,
M2:A1,8fba9861aa6d4d14b78c90fbb5372fb2,17,3d5a6fe339f3490297e4b9d1f3949618,0.22867404837921168,0.3242843280695599,-0.09561027969034824,1.0330836873035736,0.762047296135309,0.2710363911682646,-0.2710363911682646,False,False,,
M2:A1,8fba9861aa6d4d14b78c90fbb5372fb2,18,306e66375cf94c7881864ba03782d2d2,0.1968801460292793,0.2668625596313992,-0.0699824136021199,1.0875784639810286,0.8662753364819932,0.22130312749903547,-0.22130312749903547,False,False,,
M2:A1,8fba9861aa6d4d14b78c90fbb5372fb2,19,49cd09e4a07145258972fc4e6b18e42d,0.16373366147246213,0.2184490624451115,-0.054715400972649375,1.148006833101154,0.9753286660004498,0.17267816710070416,-0.17267816710070416,False,False,,
M2:A1,8fba9861aa6d4d14b78c90fbb5372fb2,20,60448167db014ef49dcfb65d89d69b3f,0.1847615096763202,0.2403082087648145,-0.0555466990884943,1.1007644037502495,0.9368173688096358,0.1639470349406137,-0.1639470349406137,False,False,,
M2:A1,8fba9861aa6d4d14b78c90fbb5372fb2,21,f0bb168a6bc34e0bba79dd122b6394b0,0.20654987482278922,0.26242526439554786,-0.055875389572758644,1.0543151538641231,0.8982776996403754,0.1560374542237477,-0.1560374542237477,False,False,,
M2:A1,8fba9861aa6d4d14b78c90fbb5372fb2,22,a82ac06abf0d4d5ea70af9e19e82305e,0.2304988209231466,0.28648946803248954,-0.05599064710934293,1.0056630027688276,0.854268040498776,0.15139496227005156,-0.15139496227005156,False,False,,
M2:A1,8fba9861aa6d4d14b78c90fbb5372fb2,23,2a572213c61c4d40a1955c2aecee6104,0.25423493254195956,0.3101943352978374,-0.05595940275587785,0.9598144047135404,0.8257249516109151,0.13408945310262532,-0.13408945310262532,False,False,,
M2:A1,8fba9861aa6d4d14b78c90fbb5372fb2,24,4734352144ac49a7b02960b99573fc14,0.27875457336430126,0.3355572758196367,-0.05680270245533542,0.9142681101459385,0.7973132244314394,0.11695488571449908,-0.11695488571449908,False,False,,
M2:A1,8fba9861aa6d4d14b78c90fbb5372fb2,25,0ab9ec2730894df2b48df70d0d2e84a9,0.3047675113325934,0.3609682412685717,-0.0562007299359783,0.8698237607729866,0.7709176381724964,0.09890612260049025,-0.09890612260049025,False,False,,
M2:A1,8fba9861aa6d4d14b78c90fbb5372fb2,26,cb708f56b6104d638f93e3906cba5b82,0.32911554625358547,0.38604796627995613,-0.05693242002637067,0.8322568372853184,0.760686793690716,0.0715700435946024,-0.0715700435946024,False,False,,
M2:A1,8fba9861aa6d4d14b78c90fbb5372fb2,27,fd6002d736cb405796fc4fbdd5af6f7f,0.3549087432833332,0.412993092446641,-0.05808434916330779,0.7927230549266084,0.7457184693085284,0.047004585618080075,-0.047004585618080075,False,False,,
M2:A1,8fba9861aa6d4d14b78c90fbb5372fb2,28,7f769bb638214009813b92df0cfb501a,0.3785902386463713,0.43918077002856903,-0.06059053138219772,0.7623740791052678,0.7449144898177543,0.017459589287513455,-0.017459589287513455,False,False,,
M2:A1,8fba9861aa6d4d14b78c90fbb5372fb2,29,f76469bb5b5747dbaedb1c59990b5579,0.4068981125396828,0.4715317452661871,-0.0646336327265043,0.7288417509182208,0.742108247472571,-0.013266496554350193,0.013266496554350193,False,False,,
M2:A1,8fba9861aa6d4d14b78c90fbb5372fb2,30,770820077d44452a8428299e33808c0f,0.4356639125139369,0.5028769421844529,-0.06721302967051601,0.6871056890616355,0.758087967027881,-0.07098227796624546,0.07098227796624546,False,False,,
M2:A1,8fba9861aa6d4d14b78c90fbb5372fb2,31,8a7007fd59cf4f39a3855b0e82136105,0.463149494044686,0.5374767018680067,-0.07432720782332064,0.6648502170693756,0.773428075254285,-0.10857785818490939,0.10857785818490939,False,False,,
M2:A1,8fba9861aa6d4d14b78c90fbb5372fb2,32,15f4465f9fe44b80ab54908983b1cf68,0.47147306651232046,0.5511478733786841,-0.07967480686636363,0.6710202345455712,0.7926733464757345,-0.12165311193016326,0.12165311193016326,False,False,,
M2:A1,8fba9861aa6d4d14b78c90fbb5372fb2,33,f94199c2a589484d8e32dd6bf4931d4f,0.4801841081922119,0.5222360406319067,-0.04205193243969474,0.6821140471847786,0.8154814490551869,-0.1333674018704083,0.1333674018704083,False,False,,
M2:A1,8fba9861aa6d4d14b78c90fbb5372fb2,34,a07f902656eb4f0fb2e5a77f803fb37c,0.48530588082226056,0.49255194952207254,-0.0072460686998119805,0.6859421087314793,0.8529184676115338,-0.16697635888005447,0.16697635888005447,False,False,,
M2:A1,8fba9861aa6d4d14b78c90fbb5372fb2,35,bec365d878c4413d85d5fbb3eb3b3f46,0.49252765724108294,0.4674538281936121,0.025073829047470853,0.6857201566325389,0.884982283476814,-0.19926212684427502,0.19926212684427502,False,False,,
M2:A1,3eb275ac391e46aa8fad54e18a7b5a8f,0,3d5a6fe339f3490297e4b9d1f3949618,1.0000000000000682,1.0000000000000682,0.0,0.0,0.0,0.0,0.0,False,False,,
M2:A1,3eb275ac391e46aa8fad54e18a7b5a8f,1,306e66375cf94c7881864ba03782d2d2,0.8557512237466247,0.8704906019957386,-0.014739378249113866,0.08308845050841004,0.07905348250058977,0.004034968007820272,-0.004034968007820272,False,False,,
M2:A1,3eb275ac391e46aa8fad54e18a7b5a8f,2,49cd09e4a07145258972fc4e6b18e42d,0.7373632682254716,0.7617654364217674,-0.024402168196295815,0.16504464573969427,0.15760022213905997,0.007444423600634298,-0.007444423600634298,False,False,,
M2:A1,3eb275ac391e46aa8fad54e18a7b5a8f,3,60448167db014ef49dcfb65d89d69b3f,0.6375142590795299,0.6669475658246519,-0.029433306745122012,0.24706085363390792,0.23684351643683021,0.010217337197077708,-0.010217337197077708,False,False,,
M2:A1,3eb275ac391e46aa8fad54e18a7b5a8f,4,f0bb168a6bc34e0bba79dd122b6394b0,0.553275155841316,0.587273469255867,-0.03399831341455095,0.3282358938157903,0.31573019421898135,0.012505699596808972,-0.012505699596808972,False,False,,
M2:A1,3eb275ac391e46aa8fad54e18a7b5a8f,5,a82ac06abf0d4d5ea70af9e19e82305e,0.556932150713073,0.5971569908121628,-0.040224840099089776,0.3352373816373818,0.34255848916158105,-0.007321107524199233,0.007321107524199233,False,False,,
M2:A1,3eb275ac391e46aa8fad54e18a7b5a8f,6,2a572213c61c4d40a1955c2aecee6104,0.5569974412979555,0.6040872337962169,-0.047089792498261396,0.3547576026754519,0.3909287229811727,-0.03617112030572078,0.03617112030572078,False,False,,
M2:A1,3eb275ac391e46aa8fad54e18a7b5a8f,7,4734352144ac49a7b02960b99573fc14,0.553709541206657,0.5665832262381627,-0.012873685031505655,0.38596794308092736,0.4448128807175478,-0.058844937636620465,0.058844937636620465,False,False,,
M2:A1,3eb275ac391e46aa8fad54e18a7b5a8f,8,0ab9ec2730894df2b48df70d0d2e84a9,0.5486541496664619,0.49097352478809164,0.057680624878370224,0.424758967377264,0.5193768488970089,-0.09461788151974487,0.09461788151974487,False,False,,
M2:A1,3eb275ac391e46aa8fad54e18a7b5a8f,9,cb708f56b6104d638f93e3906cba5b82,0.5773651578713264,0.4324177485582078,0.14494740931311856,0.40835754293242715,0.5708381982742978,-0.16248065534187067,0.16248065534187067,False,False,,
M2:A1,3eb275ac391e46aa8fad54e18a7b5a8f,10,fd6002d736cb405796fc4fbdd5af6f7f,0.5283589993870216,0.3805128461085037,0.14784615327851786,0.41355767910499414,0.6286525655434194,-0.21509488643842528,0.21509488643842528,False,False,,
M2:A1,3eb275ac391e46aa8fad54e18a7b5a8f,11,7f769bb638214009813b92df0cfb501a,0.47698585059372944,0.3314739159135182,0.14551193468021123,0.4773221085093943,0.7073768781665712,-0.23005476965717692,0.23005476965717692,False,False,,
M2:A1,3eb275ac391e46aa8fad54e18a7b5a8f,12,f76469bb5b5747dbaedb1c59990b5579,0.43086364890650536,0.28836241009596375,0.1425012388105416,0.541869839720388,0.7878142671009285,-0.24594442738054045,0.24594442738054045,False,False,,
M2:A1,3eb275ac391e46aa8fad54e18a7b5a8f,13,770820077d44452a8428299e33808c0f,0.38916376933603647,0.2493719227231942,0.13979184661284227,0.6063009672091464,0.8719224043322484,-0.26562143712310204,0.26562143712310204,False,False,,
M2:A1,3eb275ac391e46aa8fad54e18a7b5a8f,14,8a7007fd59cf4f39a3855b0e82136105,0.3274257066560582,0.19681271474057277,0.13061299191548542,0.6872652611817153,0.9877591572764893,-0.30049389609477406,0.30049389609477406,False,False,,
M2:A1,3eb275ac391e46aa8fad54e18a7b5a8f,15,15f4465f9fe44b80ab54908983b1cf68,0.2746618354372876,0.15158346975659034,0.12307836568069727,0.7733225541617677,1.1185973375935685,-0.34527478343180085,0.34527478343180085,False,False,,
M2:A1,3eb275ac391e46aa8fad54e18a7b5a8f,16,f94199c2a589484d8e32dd6bf4931d4f,0.22193936670317646,0.11146068662316885,0.11047868008000761,0.8788225681676695,1.2509868496254266,-0.37216428145775715,0.37216428145775715,False,False,,
M2:A1,3eb275ac391e46aa8fad54e18a7b5a8f,17,a07f902656eb4f0fb2e5a77f803fb37c,0.17687752442437768,0.07756807209001106,0.09930945233436662,0.9892687403142377,1.384519149492873,-0.3952504091786353,0.3952504091786353,False,False,,
M2:A1,3eb275ac391e46aa8fad54e18a7b5a8f,18,bec365d878c4413d85d5fbb3eb3b3f46,0.13824268117633748,0.05004100870473516,0.08820167247160232,1.1030299863588082,1.5134041684293105,-0.41037418207050225,0.41037418207050225,False,False,,
M2:A1,3eb275ac391e46aa8fad54e18a7b5a8f,19,7ac804cee1cd4d48ac2ea0ac97726bc9,0.10514291536275543,0.026468111194620315,0.0786748041681351,1.2192537744718435,1.656600547949898,-0.4373467734780545,0.4373467734780545,False,False,,
M2:A1,3eb275ac391e46aa8fad54e18a7b5a8f,20,54259afa6c644e1d99422df9da1c8f35,0.07674548626567602,0.007246770074523007,0.06949871619115301,1.3373470165175219,1.8034728123828205,-0.4661257958652987,0.4661257958652987,False,False,,
M2:A1,fd4ce422e0db4ad3ab978a811ba04d3a,0,0fc0a764b3ec4c8196ffa35598fbda5f,1.0000000000000326,1.0000000000000326,0.0,0.0,0.0,0.0,0.0,False,False,,
M2:A1,fd4ce422e0db4ad3ab978a811ba04d3a,1,ef823f39fe034fdc9651a363fc81327b,0.9335495675573315,0.9185336575415112,0.015015910015820366,0.04771705387691906,0.10529468618698726,-0.0575776323100682,0.0575776323100682,False,False,,
M2:A1,fd4ce422e0db4ad3ab978a811ba04d3a,2,f8de967b00394c9e88558219feef8426,0.8739117539364802,0.8090991916561044,0.0648125622803758,0.09315456618003203,0.2817206346081988,-0.18856606842816676,0.18856606842816676,False,False,,
M2:A1,fd4ce422e0db4ad3ab978a811ba04d3a,3,cb440b4d1912467fb51d871f0ccf8e8a,0.8170675979595445,0.8113055456056553,0.005762052353889269,0.1394711299633734,0.24423668414959723,-0.10476555418622382,0.10476555418622382,False,False,,
M2:A1,fd4ce422e0db4ad3ab978a811ba04d3a,4,13546ea263ff48f49899cb30ac0004e9,0.7643115442240992,0.7427773914126953,0.021534152811403917,0.18802316119998355,0.38871228178084605,-0.2006891205808625,0.2006891205808625,False,False,,
M2:A1,fd4ce422e0db4ad3ab978a811ba04d3a,5,9b77dad2bdcf4814b042fa47889f19f6,0.7190307555148577,0.6697328664977685,0.0492978890170892,0.2297088449007468,0.5426953310171658,-0.312986486116419,0.312986486116419,False,False,,
M2:A1,fd4ce422e0db4ad3ab978a811ba04d3a,6,2b77a910c5e749f9a620d893361c1976,0.678573589745736,0.6210419760928819,0.057531613652854086,0.2691734249600497,0.618679830265904,-0.3495064053058543,0.3495064053058543,False,False,,
M2:A1,fd4ce422e0db4ad3ab978a811ba04d3a,7,097394612e494d1ebe1750ed54a27763,0.6371264374822224,0.5851490750757155,0.051977362406506966,0.3133744924892328,0.6658710071463951,-0.3524965146571623,0.3524965146571623,False,False,,
M2:A1,fd4ce422e0db4ad3ab978a811ba04d3a,8,20601ccb0ab0445db56bad84060c1323,0.5998211201788782,0.5705602734147097,0.029260846764168513,0.3559472521294239,0.6881537445412464,-0.33220649241182254,0.33220649241182254,False,False,,
M2:A1,fd4ce422e0db4ad3ab978a811ba04d3a,9,746857c6bd46430fa4b5b82186e716e0,0.6154286095121827,0.22167919168231437,0.39374941782986833,0.3213173702910434,2.4924584252762587,-2.1711410549852155,2.1711410549852155,False,False,,
M2:A1,fd4ce422e0db4ad3ab978a811ba04d3a,10,ef4fbe4064a74ce6b0a52cb3dd2e0bf0,0.762836289869932,0.04165222358228713,0.7211840662876449,0.18815901893363157,3.8378734449755014,-3.6497144260418697,3.6497144260418697,False,False,,
M2:A1,fd4ce422e0db4ad3ab978a811ba04d3a,11,63d7813869b34ee9aa65064e93775e58,0.8119705142027306,0.0,0.8119705142027306,0.1235650756638725,7.212686215607059,-7.089121139943186,7.089121139943186,False,False,,
M2:A1,fd4ce422e0db4ad3ab978a811ba04d3a,12,3d5a6fe339f3490297e4b9d1f3949618,0.7620773488082105,0.0,0.7620773488082105,0.1608129058043452,10.224655033552075,-10.06384212774773,10.06384212774773,False,False,,
M2:A1,fd4ce422e0db4ad3ab978a811ba04d3a,13,306e66375cf94c7881864ba03782d2d2,0.6903816658025325,0.0,0.6903816658025325,0.22448935443890194,14.302302942403674,-14.077813587964773,14.077813587964773,False,False,,
M2:A1,fd4ce422e0db4ad3ab978a811ba04d3a,14,49cd09e4a07145258972fc4e6b18e42d,0.6894079058977748,0.0,0.6894079058977748,0.23554645853655898,17.866815186452605,-17.631268727916048,17.631268727916048,False,False,,
M2:A1,fd4ce422e0db4ad3ab978a811ba04d3a,15,60448167db014ef49dcfb65d89d69b3f,0.690029784283541,0.0,0.690029784283541,0.29878748887407636,21.797335474673876,-21.4985479857998,21.4985479857998,False,False,,
M2:A1,fd4ce422e0db4ad3ab978a811ba04d3a,16,f0bb168a6bc34e0bba79dd122b6394b0,0.6748571593336498,0.0,0.6748571593336498,0.2728651760279889,26.469164423707426,-26.196299247679438,26.196299247679438,False,False,,
M2:A1,fd4ce422e0db4ad3ab978a811ba04d3a,17,a82ac06abf0d4d5ea70af9e19e82305e,0.6566765640755782,0.0,0.6566765640755782,0.2638021433588811,30.488379259680165,-30.224577116321285,30.224577116321285,False,False,,
M2:A1,fd4ce422e0db4ad3ab978a811ba04d3a,18,2a572213c61c4d40a1955c2aecee6104,0.6362182656181864,0.0,0.6362182656181864,0.2705483023408491,34.68568982206656,-34.41514151972571,34.41514151972571,False,False,,
M2:A1,fd4ce422e0db4ad3ab978a811ba04d3a,19,4734352144ac49a7b02960b99573fc14,0.5686755454544282,0.0,0.5686755454544282,0.34568481493220754,39.53318482003562,-39.187500005103416,39.187500005103416,False,False,,
M2:A1,fd4ce422e0db4ad3ab978a811ba04d3a,20,0ab9ec2730894df2b48df70d0d2e84a9,0.5072884701442757,0.0,0.5072884701442757,0.424984213056559,39.539524164582424,-39.11453995152586,39.11453995152586,False,True,,
M2:A1,fd4ce422e0db4ad3ab978a811ba04d3a,21,cb708f56b6104d638f93e3906cba5b82,0.4510730415124353,0.0,0.4510730415124353,0.5063914472900145,39.54594763435663,-39.039556187066616,39.039556187066616,False,True,,
M2:A1,fd4ce422e0db4ad3ab978a811ba04d3a,22,fd6002d736cb405796fc4fbdd5af6f7f,0.400583078446122,0.0,0.400583078446122,0.5772137223120907,39.54413088206983,-38.96691715975774,38.96691715975774,False,True,,
M2:A1,fd4ce422e0db4ad3ab978a811ba04d3a,23,7f769bb638214009813b92df0cfb501a,0.3540460555159752,0.0,0.3540460555159752,0.6517014276942521,39.54310363663464,-38.89140220894039,38.89140220894039,False,True,,
M2:A1,fd4ce422e0db4ad3ab978a811ba04d3a,24,f76469bb5b5747dbaedb1c59990b5579,0.3116052494858176,0.0,0.3116052494858176,0.7291798897342444,39.542216063556594,-38.81303617382235,38.81303617382235,False,True,,
M2:A1,fd4ce422e0db4ad3ab978a811ba04d3a,25,770820077d44452a8428299e33808c0f,0.2737471194562875,0.0,0.2737471194562875,0.8073018639206688,39.540815041371786,-38.733513177451115,38.733513177451115,False,True,,
M2:A1,fd4ce422e0db4ad3ab978a811ba04d3a,26,8a7007fd59cf4f39a3855b0e82136105,0.23947966787003563,0.0,0.23947966787003563,0.8869051744624943,39.54020602039588,-38.65330084593339,38.65330084593339,False,True,,
M2:A1,fd4ce422e0db4ad3ab978a811ba04d3a,27,15f4465f9fe44b80ab54908983b1cf68,0.218594684469798,0.0,0.218594684469798,0.9412346724030828,39.51784850430702,-38.576613831903934,38.576613831903934,False,True,,
M2:A1,fd4ce422e0db4ad3ab978a811ba04d3a,28,f94199c2a589484d8e32dd6bf4931d4f,0.1993051494770012,0.0,0.1993051494770012,0.9935526665424274,39.49634000477237,-38.50278733822994,38.50278733822994,False,True,,
M2:A1,fd4ce422e0db4ad3ab978a811ba04d3a,29,a07f902656eb4f0fb2e5a77f803fb37c,0.18070263933270292,0.0,0.18070263933270292,1.0466479088596286,39.47351432246959,-38.426866413609964,38.426866413609964,False,True,,
M2:A1,fd4ce422e0db4ad3ab978a811ba04d3a,30,bec365d878c4413d85d5fbb3eb3b3f46,0.1629955873743546,0.0,0.1629955873743546,1.0994416381230312,39.4521918317528,-38.35275019362977,38.35275019362977,False,True,,
M2:A1,fd4ce422e0db4ad3ab978a811ba04d3a,31,7ac804cee1cd4d48ac2ea0ac97726bc9,0.1456936143398535,0.0,0.1456936143398535,1.153723320928536,39.43020665179735,-38.276483330868814,38.276483330868814,False,True,,
M2:A1,fd4ce422e0db4ad3ab978a811ba04d3a,32,54259afa6c644e1d99422df9da1c8f35,0.13017494175400485,0.0,0.13017494175400485,1.2242885056553898,39.43799098821896,-38.21370248256357,38.21370248256357,False,True,,
M2:A1,fd4ce422e0db4ad3ab978a811ba04d3a,33,fa8abe51b4104eb68fc7f85ab1c475bb,0.11411529400040496,0.0,0.11411529400040496,1.2988037157629058,39.44590868227296,-38.14710496651005,38.14710496651005,False,True,,
M2:A1,fd4ce422e0db4ad3ab978a811ba04d3a,34,bc84a61f13f744cd8f5aa8e888ce879b,0.09627626627777777,0.0,0.09627626627777777,1.400581394409224,39.453993168271204,-38.05341177386198,38.05341177386198,False,True,,
M2:A1,fd4ce422e0db4ad3ab978a811ba04d3a,35,76c090ac27774e66a592f40998d5537c,0.08237612163470918,0.0,0.08237612163470918,1.5135897959618076,39.46221451051313,-37.94862471455132,37.94862471455132,False,True,,
M2:A1,2e84949acbd84ea3857ca2a04e50b6a4,0,cb708f56b6104d638f93e3906cba5b82,0.9999999999998985,0.9999999999998985,0.0,0.0,0.0,0.0,0.0,False,False,,
M2:A1,2e84949acbd84ea3857ca2a04e50b6a4,1,fd6002d736cb405796fc4fbdd5af6f7f,0.9826603524764229,0.9555245783556163,0.02713577412080659,0.021983669608382578,0.07145148306822374,-0.049467813459841165,0.049467813459841165,False,False,,
M2:A1,2e84949acbd84ea3857ca2a04e50b6a4,2,7f769bb638214009813b92df0cfb501a,0.7789627903474846,0.7205252969523029,0.05843749339518167,0.15019002715399754,0.23616679925503536,-0.08597677210103782,0.08597677210103782,False,False,,
M2:A1,2e84949acbd84ea3857ca2a04e50b6a4,3,f76469bb5b5747dbaedb1c59990b5579,0.6153920653083172,0.5684338680798939,0.046958197228423315,0.29855044617011134,0.3683861485612222,-0.06983570239111087,0.06983570239111087,False,False,,
M2:A1,2e84949acbd84ea3857ca2a04e50b6a4,4,770820077d44452a8428299e33808c0f,0.4871265428048799,0.45002936100529933,0.03709718179958055,0.4474965721351783,0.5125187440885521,-0.06502217195337384,0.06502217195337384,False,False,,
M2:A1,2e84949acbd84ea3857ca2a04e50b6a4,5,8a7007fd59cf4f39a3855b0e82136105,0.38770124127385014,0.3475908690246865,0.04011037224916364,0.5909752320266873,0.6785156559279681,-0.0875404239012808,0.0875404239012808,False,False,,
M2:A1,2e84949acbd84ea3857ca2a04e50b6a4,6,15f4465f9fe44b80ab54908983b1cf68,0.30513465894125824,0.26598262594637845,0.03915203299487979,0.7369461100406933,0.8473284865206561,-0.11038237647996274,0.11038237647996274,False,False,,
M2:A1,2e84949acbd84ea3857ca2a04e50b6a4,7,f94199c2a589484d8e32dd6bf4931d4f,0.28944386927955185,0.23413254834886316,0.05531132093068869,0.7855149972846396,0.9684287868665084,-0.18291378958186877,0.18291378958186877,False,False,,
M2:A1,2e84949acbd84ea3857ca2a04e50b6a4,8,a07f902656eb4f0fb2e5a77f803fb37c,0.2697230009478184,0.20210107565373275,0.06762192529408567,0.8466683275604041,1.1084210593577728,-0.2617527317973687,0.2617527317973687,False,False,,
M2:A1,2e84949acbd84ea3857ca2a04e50b6a4,9,bec365d878c4413d85d5fbb3eb3b3f46,0.24733920595821085,0.173024065483841,0.07431514047436985,0.9157678219163816,1.246185481472646,-0.33041765955626445,0.33041765955626445,False,False,,
M2:A1,2e84949acbd84ea3857ca2a04e50b6a4,10,7ac804cee1cd4d48ac2ea0ac97726bc9,0.22261111143961065,0.14961241600260705,0.0729986954370036,0.9909963102810182,1.3596572247557863,-0.3686609144747681,0.3686609144747681,False,False,,
M2:A1,2e84949acbd84ea3857ca2a04e50b6a4,11,54259afa6c644e1d99422df9da1c8f35,0.1958781920379502,0.12692316590684136,0.06895502613110885,1.0708601069152557,1.4757828721419837,-0.404922765226728,0.404922765226728,False,False,,
M2:A1,2e84949acbd84ea3857ca2a04e50b6a4,12,fa8abe51b4104eb68fc7f85ab1c475bb,0.14441598062375868,0.10539669007247539,0.039019290551283295,1.1783784618385111,1.5140452354502683,-0.3356667736117571,0.3356667736117571,False,False,,
M2:A1,2e84949acbd84ea3857ca2a04e50b6a4,13,bc84a61f13f744cd8f5aa8e888ce879b,0.0978793035375699,0.07581873050092881,0.022060573036641093,1.3038975876186358,1.564076088417511,-0.26017850079887506,0.26017850079887506,False,False,,
M2:A1,2e84949acbd84ea3857ca2a04e50b6a4,14,76c090ac27774e66a592f40998d5537c,0.06068328628512355,0.049558988284481534,0.011124298000642019,1.4442273732780357,1.6221670214667285,-0.1779396481886928,0.1779396481886928,False,False,,
M2:A1,52770232202d4ad1a98ed07d5b4c20b9,0,65e07a70e6b5404a87bf34e49d4c0924,0.9999999999999167,0.9999999999999167,0.0,0.0,0.0,0.0,0.0,False,False,,
M2:A1,52770232202d4ad1a98ed07d5b4c20b9,1,9ab5069c183c492b82b0ab30133080c1,0.9925784755635781,0.8628370927110737,0.12974138285250447,0.004530298347240175,0.22679479718952547,-0.2222644988422853,0.2222644988422853,False,False,,
M2:A1,52770232202d4ad1a98ed07d5b4c20b9,2,4258ba3b8b8142f48c3249d310a8c3d2,0.9771302757141801,0.8630828804871071,0.11404739522707297,0.02439306109512859,0.2009768397917757,-0.1765837786966471,0.1765837786966471,False,False,,
M2:A1,52770232202d4ad1a98ed07d5b4c20b9,3,8970a737ebee4443af37102473aaef8b,0.9484130609773104,0.8646910534911316,0.08372200748617875,0.04883550414244748,0.17370723046276904,-0.12487172632032156,0.12487172632032156,False,False,,
M2:A1,52770232202d4ad1a98ed07d5b4c20b9,4,83f3eb36fc7144ab902e192db3a98c06,0.9058555641320585,0.8807242411145764,0.02513132301748211,0.06895475453025873,0.15184288690468217,-0.08288813237442344,0.08288813237442344,False,False,,
M2:A1,52770232202d4ad1a98ed07d5b4c20b9,5,0fc0a764b3ec4c8196ffa35598fbda5f,0.903047121039616,0.899227033062218,0.003820087977398079,0.07317990267576267,0.11770251517398574,-0.04452261249822306,0.04452261249822306,False,False,,
M2:A1,52770232202d4ad1a98ed07d5b4c20b9,6,ef823f39fe034fdc9651a363fc81327b,0.8989076260161474,0.9167555352133302,-0.01784790919718282,0.0799322809061048,0.0854189907233641,-0.005486709817259308,0.005486709817259308,False,False,,
M2:A1,52770232202d4ad1a98ed07d5b4c20b9,7,f8de967b00394c9e88558219feef8426,0.8940136810205416,0.9274852219529548,-0.033471540932413224,0.08810357403259021,0.05897073315388343,0.02913284087870678,-0.02913284087870678,False,False,,
M2:A1,52770232202d4ad1a98ed07d5b4c20b9,8,cb440b4d1912467fb51d871f0ccf8e8a,0.8650229655113626,0.917507403291482,-0.05248443778011935,0.10380792071184307,0.05209889902095286,0.05170902169089021,-0.05170902169089021,False,False,,
M2:A1,52770232202d4ad1a98ed07d5b4c20b9,9,13546ea263ff48f49899cb30ac0004e9,0.835384050483066,0.8865578515689876,-0.05117380108592162,0.12506100105591686,0.07027465858868319,0.05478634246723367,-0.05478634246723367,False,False,,
M2:A1,52770232202d4ad1a98ed07d5b4c20b9,10,9b77dad2bdcf4814b042fa47889f19f6,0.7669189764904921,0.8421599835057803,-0.07524100701528813,0.1982188909459892,0.09675209161213429,0.10146679933385493,-0.10146679933385493,False,False,,
M2:A1,52770232202d4ad1a98ed07d5b4c20b9,11,2b77a910c5e749f9a620d893361c1976,0.7034070342462061,0.7951001541173521,-0.09169311987114603,0.27485517184152547,0.13622609616141507,0.1386290756801104,-0.1386290756801104,False,False,,
M2:A1,52770232202d4ad1a98ed07d5b4c20b9,12,097394612e494d1ebe1750ed54a27763,0.6278386891760915,0.7447874697124472,-0.11694878053635571,0.3522323553556611,0.17191067300261262,0.1803216823530485,-0.1803216823530485,False,False,,
M2:A1,52770232202d4ad1a98ed07d5b4c20b9,13,20601ccb0ab0445db56bad84060c1323,0.554923746740499,0.6635596777849369,-0.1086359310444378,0.5045923127654934,0.2712424969479377,0.23334981581755576,-0.23334981581755576,False,False,,
M2:A1,52770232202d4ad1a98ed07d5b4c20b9,14,746857c6bd46430fa4b5b82186e716e0,0.4907285218081075,0.5918665565556519,-0.1011380347475444,0.6605734039164983,0.39375816046120404,0.2668152434552943,-0.2668152434552943,False,False,,
M2:A1,52770232202d4ad1a98ed07d5b4c20b9,15,ef4fbe4064a74ce6b0a52cb3dd2e0bf0,0.48655835904407074,0.5940429709647601,-0.10748461192068937,0.677433816378428,0.39521104038467586,0.2822227759937522,-0.2822227759937522,False,False,,
M2:A1,52770232202d4ad1a98ed07d5b4c20b9,16,63d7813869b34ee9aa65064e93775e58,0.5036594290324256,0.6070926980554926,-0.10343326902306704,0.6403578519704398,0.3495280472919359,0.29082980467850394,-0.29082980467850394,False,False,,
M2:A1,52770232202d4ad1a98ed07d5b4c20b9,17,3d5a6fe339f3490297e4b9d1f3949618,0.49757341527655613,0.5929395820611781,-0.09536616678462201,0.642282673699874,0.346088003599458,0.296194670100416,-0.296194670100416,False,False,,
M2:A1,52770232202d4ad1a98ed07d5b4c20b9,18,306e66375cf94c7881864ba03782d2d2,0.4894197707464912,0.584826459447339,-0.09540668870084784,0.6439481492826127,0.33736431033131337,0.3065838389512993,-0.3065838389512993,False,False,,
M2:A1,52770232202d4ad1a98ed07d5b4c20b9,19,49cd09e4a07145258972fc4e6b18e42d,0.49867178510843385,0.5985084318038562,-0.0998366466954223,0.6357258210743074,0.32193539623195994,0.3137904248423475,-0.3137904248423475,False,False,,
M2:A1,52770232202d4ad1a98ed07d5b4c20b9,20,60448167db014ef49dcfb65d89d69b3f,0.5463078540619742,0.6522167986939871,-0.10590894463201284,0.5863529875011149,0.26185892267666816,0.3244940648244467,-0.3244940648244467,False,False,,
M2:A1,52770232202d4ad1a98ed07d5b4c20b9,21,f0bb168a6bc34e0bba79dd122b6394b0,0.5614164362394842,0.6684038418309353,-0.10698740559145103,0.5723811711975934,0.24822059155622098,0.32416057964137235,-0.32416057964137235,False,False,,
M2:A1,52770232202d4ad1a98ed07d5b4c20b9,22,a82ac06abf0d4d5ea70af9e19e82305e,0.6255199354208948,0.7976696664699354,-0.17214973104904063,0.524716235347503,0.13885200134494688,0.3858642340025561,-0.3858642340025561,False,False,,
M2:A1,52770232202d4ad1a98ed07d5b4c20b9,23,2a572213c61c4d40a1955c2aecee6104,0.6613370390640719,0.8201324071138352,-0.15879536804976324,0.49802433772986754,0.1390308453278618,0.35899349240200573,-0.35899349240200573,False,False,,
M2:A1,52770232202d4ad1a98ed07d5b4c20b9,24,4734352144ac49a7b02960b99573fc14,0.6333802156043286,0.7756714707681192,-0.1422912551637906,0.5013651077337139,0.17897418789573688,0.322390919837977,-0.322390919837977,False,False,,
M2:A1,52770232202d4ad1a98ed07d5b4c20b9,25,0ab9ec2730894df2b48df70d0d2e84a9,0.6942889686738413,0.7640237831905895,-0.06973481451674823,0.4704313549643598,0.18971730511711352,0.28071404984724624,-0.28071404984724624,False,False,,
M2:A1,52770232202d4ad1a98ed07d5b4c20b9,26,cb708f56b6104d638f93e3906cba5b82,0.7480897901934792,0.7254908095115444,0.022598980681934777,0.4933750397296811,0.16872669202191592,0.3246483477077652,-0.3246483477077652,False,False,,
M2:A1,52770232202d4ad1a98ed07d5b4c20b9,27,fd6002d736cb405796fc4fbdd5af6f7f,0.7193049381784326,0.689496502333858,0.0298084358445746,0.5080907012268494,0.20174358264861023,0.30634711857823915,-0.30634711857823915,False,False,,
M2:A1,52770232202d4ad1a98ed07d5b4c20b9,28,7f769bb638214009813b92df0cfb501a,0.6632332232511302,0.6411932292297519,0.02203999402137835,0.5530685379668501,0.25807856090960124,0.29498997705724883,-0.29498997705724883,False,False,,
M2:A1,52770232202d4ad1a98ed07d5b4c20b9,29,f76469bb5b5747dbaedb1c59990b5579,0.6126090280914233,0.5934870124310334,0.019122015660389846,0.5993680517472327,0.3177088808940416,0.28165917085319114,-0.28165917085319114,False,False,,
M2:A1,52770232202d4ad1a98ed07d5b4c20b9,30,770820077d44452a8428299e33808c0f,0.5638585875551674,0.5443444274997696,0.019514160055397745,0.6557313743534301,0.3854202539102577,0.2703111204431724,-0.2703111204431724,False,False,,
M2:A1,52770232202d4ad1a98ed07d5b4c20b9,31,8a7007fd59cf4f39a3855b0e82136105,0.5299630556219472,0.5080408646682334,0.021922190953713838,0.6763915674470182,0.4403166403548899,0.23607492709212835,-0.23607492709212835,True,True,,
M2:A1,52770232202d4ad1a98ed07d5b4c20b9,32,15f4465f9fe44b80ab54908983b1cf68,0.4969385908453123,0.47280086127434257,0.024137729570969713,0.7013985546909891,0.49644655221084655,0.20495200248014256,-0.20495200248014256,True,True,,
M2:A1,52770232202d4ad1a98ed07d5b4c20b9,33,f94199c2a589484d8e32dd6bf4931d4f,0.46585304843799547,0.4397470011177005,0.02610604732029498,0.729477792482132,0.5517654853750883,0.17771230710704367,-0.17771230710704367,True,True,,
M2:A1,52770232202d4ad1a98ed07d5b4c20b9,34,a07f902656eb4f0fb2e5a77f803fb37c,0.43603229095878054,0.40814422074412876,0.027888070214651783,0.760649569070147,0.6072092905254141,0.15344027854473297,-0.15344027854473297,True,True,,
M2:A1,52770232202d4ad1a98ed07d5b4c20b9,35,bec365d878c4413d85d5fbb3eb3b3f46,0.40740066652865176,0.3778990179362777,0.02950164859237403,0.7945499884391138,0.6627466289235627,0.1318033595155511,-0.1318033595155511,True,True,,
M2:A1,ec5241e32939433baeb2b3955920b28c,0,65e07a70e6b5404a87bf34e49d4c0924,0.9999999999999792,0.9999999999999792,0.0,0.0,0.0,0.0,0.0,False,False,,
M2:A1,ec5241e32939433baeb2b3955920b28c,1,9ab5069c183c492b82b0ab30133080c1,0.9255927552340818,0.9416739228498282,-0.016081167615746406,0.05057957929119965,0.046422907236819556,0.004156672054380091,-0.004156672054380091,False,False,,
M2:A1,ec5241e32939433baeb2b3955920b28c,2,4258ba3b8b8142f48c3249d310a8c3d2,0.8642379517418662,0.8869170531797961,-0.02267910143792984,0.08994121531579671,0.09408538351021023,-0.004144168194413517,0.004144168194413517,False,False,,
M2:A1,ec5241e32939433baeb2b3955920b28c,3,8970a737ebee4443af37102473aaef8b,0.8413516051190439,0.87017373834593,-0.028822133226886093,0.10566020148905701,0.10397141976747713,0.0016887817215798795,-0.0016887817215798795,False,False,,
M2:A1,ec5241e32939433baeb2b3955920b28c,4,83f3eb36fc7144ab902e192db3a98c06,0.8163384727185065,0.847043961851047,-0.030705489132540564,0.12749625171108867,0.09942185272091739,0.02807439899017128,-0.02807439899017128,False,False,,
M2:A1,ec5241e32939433baeb2b3955920b28c,5,0fc0a764b3ec4c8196ffa35598fbda5f,0.7933872060017341,0.8278922096329271,-0.03450500363119302,0.15026569985838395,0.1099981744612117,0.04026752539717225,-0.04026752539717225,False,False,,
M2:A1,ec5241e32939433baeb2b3955920b28c,6,ef823f39fe034fdc9651a363fc81327b,0.7798561199967863,0.8382352476026842,-0.05837912760589792,0.15852815783726512,0.10573441328417868,0.05279374455308644,-0.05279374455308644,False,False,,
M2:A1,ec5241e32939433baeb2b3955920b28c,7,f8de967b00394c9e88558219feef8426,0.771884005442219,0.875051930555264,-0.10316792511304496,0.17826022372530595,0.07776186268216885,0.1004983610431371,-0.1004983610431371,False,False,,
M2:A1,ec5241e32939433baeb2b3955920b28c,8,cb440b4d1912467fb51d871f0ccf8e8a,0.7629978509572763,0.8991061302610486,-0.13610827930377223,0.20299657343023295,0.042107529357033685,0.16088904407319926,-0.16088904407319926,False,False,,
M2:A1,ec5241e32939433baeb2b3955920b28c,9,13546ea263ff48f49899cb30ac0004e9,0.7440831524644662,0.865035030497425,-0.12095187803295882,0.24817358050929897,0.09393152589537065,0.15424205461392831,-0.15424205461392831,False,False,,
M2:A1,ec5241e32939433baeb2b3955920b28c,10,9b77dad2bdcf4814b042fa47889f19f6,0.7256902352469357,0.8295614875968378,-0.10387125234990213,0.2962736712172496,0.17907375486181631,0.11719991635543331,-0.11719991635543331,False,False,,
M2:A1,ec5241e32939433baeb2b3955920b28c,11,2b77a910c5e749f9a620d893361c1976,0.6281727812450425,0.7113025160680614,-0.08312973482301889,0.40296844108098123,0.3111523060713082,0.091816135009673,-0.091816135009673,False,False,,
M2:A1,ec5241e32939433baeb2b3955920b28c,12,097394612e494d1ebe1750ed54a27763,0.5391454019388181,0.6083738634907769,-0.06922846155195883,0.5141690354162596,0.44859267853608037,0.06557635688017921,-0.06557635688017921,False,False,,
M2:A1,ec5241e32939433baeb2b3955920b28c,13,20601ccb0ab0445db56bad84060c1323,0.45923568991905767,0.5198307502743054,-0.0605950603552477,0.6258575351088917,0.5846770536385886,0.041180481470303176,-0.041180481470303176,False,False,,
M2:A1,ec5241e32939433baeb2b3955920b28c,14,746857c6bd46430fa4b5b82186e716e0,0.47247459335221803,0.5262773487869374,-0.05380275543471941,0.605977927229207,0.5861222906630044,0.019855636566202595,-0.019855636566202595,False,False,,
M2:A1,ec5241e32939433baeb2b3955920b28c,15,ef4fbe4064a74ce6b0a52cb3dd2e0bf0,0.4727996353391406,0.5305236494402068,-0.0577240141010662,0.5851004378383554,0.597013557926957,-0.01191312008860157,0.01191312008860157,False,False,,
M2:A1,ec5241e32939433baeb2b3955920b28c,16,63d7813869b34ee9aa65064e93775e58,0.4718315845780144,0.5294764239899664,-0.05764483941195203,0.5647073762793221,0.6185737691595633,-0.0538663928802412,0.0538663928802412,False,False,,
M2:A1,ec5241e32939433baeb2b3955920b28c,17,3d5a6fe339f3490297e4b9d1f3949618,0.46431318542406486,0.5272683093744239,-0.06295512395035907,0.5609665578195192,0.6407518246300299,-0.07978526681051068,0.07978526681051068,False,False,,
M2:A1,ec5241e32939433baeb2b3955920b28c,18,306e66375cf94c7881864ba03782d2d2,0.4570188280326879,0.5250983942963792,-0.06807956626369127,0.5577849296943032,0.6603920568332773,-0.10260712713897413,0.10260712713897413,False,False,,
M2:A1,ec5241e32939433baeb2b3955920b28c,19,49cd09e4a07145258972fc4e6b18e42d,0.4491155547077271,0.5250392815052196,-0.07592372679749249,0.5569458507595049,0.6696500247295791,-0.11270417397007426,0.11270417397007426,False,False,,
M2:A1,ec5241e32939433baeb2b3955920b28c,20,60448167db014ef49dcfb65d89d69b3f,0.4415127819052631,0.5305137124287853,-0.0890009305235222,0.5572342406778339,0.6564558148538729,-0.09922157417603905,0.09922157417603905,False,False,,
M2:A1,ec5241e32939433baeb2b3955920b28c,21,f0bb168a6bc34e0bba79dd122b6394b0,0.4340116152371647,0.5294290328365632,-0.09541741759939848,0.5576051317402866,0.6619314525555857,-0.10432632081529913,0.10432632081529913,False,False,,
M2:A1,ec5241e32939433baeb2b3955920b28c,22,a82ac06abf0d4d5ea70af9e19e82305e,0.44755255436010827,0.5486886892546639,-0.10113613489455558,0.5301699194406966,0.6725362981597679,-0.14236637871907132,0.14236637871907132,False,False,,
M2:A1,ec5241e32939433baeb2b3955920b28c,23,2a572213c61c4d40a1955c2aecee6104,0.4605956191313749,0.5641694175894116,-0.10357379845803671,0.5055696368873194,0.7001492559252499,-0.19457961903793053,0.19457961903793053,False,False,,
M2:A1,ec5241e32939433baeb2b3955920b28c,24,4734352144ac49a7b02960b99573fc14,0.4759286783671213,0.5738587761872685,-0.09793009782014722,0.47628503772566555,0.7531957519188394,-0.2769107141931738,0.2769107141931738,False,False,,
M2:A1,ec5241e32939433baeb2b3955920b28c,25,0ab9ec2730894df2b48df70d0d2e84a9,0.49037987092330415,0.5823562257802992,-0.09197635485699507,0.4512771363453228,0.812915079089842,-0.36163794274451916,0.36163794274451916,False,False,,
M2:A1,ec5241e32939433baeb2b3955920b28c,26,cb708f56b6104d638f93e3906cba5b82,0.5052198903218588,0.5775847227341745,-0.07236483241231573,0.42817579654371873,0.8466116132457449,-0.4184358167020261,0.4184358167020261,False,False,,
M2:A1,ec5241e32939433baeb2b3955920b28c,27,fd6002d736cb405796fc4fbdd5af6f7f,0.5248258705674089,0.5622245395672666,-0.037398668999857665,0.40731239671310127,0.8364272948017595,-0.4291148980886582,0.4291148980886582,False,False,,
M2:A1,ec5241e32939433baeb2b3955920b28c,28,7f769bb638214009813b92df0cfb501a,0.5478863687420797,0.5322959551262499,0.015590413615829801,0.3818579504271838,0.8949262821184043,-0.5130683316912206,0.5130683316912206,False,False,,
M2:A1,ec5241e32939433baeb2b3955920b28c,29,f76469bb5b5747dbaedb1c59990b5579,0.5719597866551546,0.5029607688094374,0.06899901784571716,0.3562044351509255,0.9553811257005901,-0.5991766905496646,0.5991766905496646,False,False,,
M2:A1,ec5241e32939433baeb2b3955920b28c,30,770820077d44452a8428299e33808c0f,0.5966870754774799,0.4807064453705786,0.1159806301069013,0.33320554738930275,0.9953104772607461,-0.6621049298714433,0.6621049298714433,False,False,,
M2:A1,7a2612095f7840048f58d69a07e836a5,0,83f3eb36fc7144ab902e192db3a98c06,1.0000000000000258,1.0000000000000258,0.0,0.0,0.0,0.0,0.0,False,False,,
M2:A1,7a2612095f7840048f58d69a07e836a5,1,0fc0a764b3ec4c8196ffa35598fbda5f,0.9525041448362017,0.9513827757864844,0.001121369049717269,0.04376092281322024,0.0872551095915399,-0.043494186778319656,0.043494186778319656,False,False,,
M2:A1,7a2612095f7840048f58d69a07e836a5,2,ef823f39fe034fdc9651a363fc81327b,0.9143018757577365,0.900143932535503,0.014157943222233516,0.07444664491835534,0.17560168621821357,-0.10115504129985822,0.10115504129985822,False,False,,
M2:A1,7a2612095f7840048f58d69a07e836a5,3,f8de967b00394c9e88558219feef8426,0.8786934993356332,0.8723038149873833,0.0063896843482499355,0.10747323892161931,0.21838565053198178,-0.11091241161036247,0.11091241161036247,False,False,,
M2:A1,7a2612095f7840048f58d69a07e836a5,4,cb440b4d1912467fb51d871f0ccf8e8a,0.8429542815131034,0.8243435175732088,0.01861076393989458,0.14086155737215128,0.3293067342994316,-0.1884451769272803,0.1884451769272803,False,False,,
M2:A1,7a2612095f7840048f58d69a07e836a5,5,13546ea263ff48f49899cb30ac0004e9,0.8029255053742632,0.7842190774444396,0.018706427929823577,0.1870785994627084,0.4251382498099147,-0.2380596503472063,0.2380596503472063,False,False,,
M2:A1,7a2612095f7840048f58d69a07e836a5,6,9b77dad2bdcf4814b042fa47889f19f6,0.7633470157358458,0.7507996292569364,0.012547386478909406,0.234626524003339,0.5260028056442034,-0.29137628164086443,0.29137628164086443,False,False,,
M2:A1,7a2612095f7840048f58d69a07e836a5,7,2b77a910c5e749f9a620d893361c1976,0.7225534847525258,0.6922773836679857,0.03027610108454004,0.3242700950922615,0.6813900176477643,-0.3571199225555028,0.3571199225555028,False,False,,
M2:A1,7a2612095f7840048f58d69a07e836a5,8,097394612e494d1ebe1750ed54a27763,0.6826296073812089,0.6334145555654065,0.049215051815802435,0.415821074732877,0.8351560398986038,-0.41933496516572677,0.41933496516572677,False,False,,
M2:A1,7a2612095f7840048f58d69a07e836a5,9,20601ccb0ab0445db56bad84060c1323,0.5702635249542537,0.5780241821398769,-0.007760657185623243,0.5718919153256343,0.9860226419457172,-0.4141307266200829,0.4141307266200829,False,False,,
M2:A1,7a2612095f7840048f58d69a07e836a5,10,746857c6bd46430fa4b5b82186e716e0,0.5357218857073993,0.5294959948470269,0.006225890860372396,0.6427784034318733,1.0899461258403755,-0.4471677224085022,0.4471677224085022,False,False,,
M2:A1,7a2612095f7840048f58d69a07e836a5,11,ef4fbe4064a74ce6b0a52cb3dd2e0bf0,0.5275912915976064,0.4915993805476365,0.035991911049969905,0.5784818844060101,1.1860536874623004,-0.6075718030562903,0.6075718030562903,False,False,,
M2:A1,7a2612095f7840048f58d69a07e836a5,12,63d7813869b34ee9aa65064e93775e58,0.5072137635268167,0.46521787203719256,0.041995891489624126,0.6280889009449674,1.2839813661102932,-0.6558924651653258,0.6558924651653258,False,False,,
M2:A1,7a2612095f7840048f58d69a07e836a5,13,3d5a6fe339f3490297e4b9d1f3949618,0.4834392773553609,0.4414386859403127,0.042000591415048194,0.6987870547041811,1.3969377536348015,-0.6981506989306204,0.6981506989306204,False,False,,
M2:A1,7a2612095f7840048f58d69a07e836a5,14,306e66375cf94c7881864ba03782d2d2,0.4959910038555398,0.4596629125057829,0.0363280913497569,0.6007899235517549,1.3246364894152587,-0.7238465658635038,0.7238465658635038,False,False,,
M2:A1,7a2612095f7840048f58d69a07e836a5,15,49cd09e4a07145258972fc4e6b18e42d,0.5047909714708909,0.4665209059401439,0.03827006553074702,0.6002121898790823,1.358306691649118,-0.7580945017700357,0.7580945017700357,False,False,,
M2:A1,7a2612095f7840048f58d69a07e836a5,16,60448167db014ef49dcfb65d89d69b3f,0.5131318514250836,0.47101216529332274,0.042119686131760814,0.6007474386654725,1.3972402443697516,-0.796492805704279,0.796492805704279,False,False,,
M2:A1,7a2612095f7840048f58d69a07e836a5,17,f0bb168a6bc34e0bba79dd122b6394b0,0.522092906017497,0.47547491743788434,0.04661798857961269,0.600451713581289,1.431693200896468,-0.831241487315179,0.831241487315179,False,False,,
M2:A1,7a2612095f7840048f58d69a07e836a5,18,a82ac06abf0d4d5ea70af9e19e82305e,0.5937175263770322,0.44917417090455075,0.14454335547248148,0.5588414544524626,1.4939705316187124,-0.9351290771662498,0.9351290771662498,False,False,,
M2:A1,7a2612095f7840048f58d69a07e836a5,19,2a572213c61c4d40a1955c2aecee6104,0.6164104233500912,0.4008116174754601,0.2155988058746311,0.5586952328971073,1.5471184060125478,-0.9884231731154405,0.9884231731154405,False,False,,
M2:A1,7a2612095f7840048f58d69a07e836a5,20,4734352144ac49a7b02960b99573fc14,0.658413701833408,0.359168277852925,0.299245423980483,0.5261933573392317,1.5974164076624,-1.0712230503231683,1.0712230503231683,False,False,,
M2:A1,7a2612095f7840048f58d69a07e836a5,21,0ab9ec2730894df2b48df70d0d2e84a9,0.6148032833103811,0.3204703989191774,0.29433288439120375,0.5329111513375527,1.6591932639663145,-1.1262821126287617,1.1262821126287617,False,False,,
M2:A1,7a2612095f7840048f58d69a07e836a5,22,cb708f56b6104d638f93e3906cba5b82,0.5731342004514045,0.28780469822990323,0.2853295022215013,0.5491102437837884,1.7044781599237426,-1.1553679161399542,1.1553679161399542,False,False,,
M2:A1,7a2612095f7840048f58d69a07e836a5,23,fd6002d736cb405796fc4fbdd5af6f7f,0.533734500640103,0.25967625745492934,0.27405824318517363,0.5693441230820337,1.7431915608218722,-1.1738474377398385,1.1738474377398385,False,False,,
M2:A1,7a2612095f7840048f58d69a07e836a5,24,7f769bb638214009813b92df0cfb501a,0.5269110024857244,0.2449005929315266,0.2820104095541978,0.573961981747957,1.7802973581613755,-1.2063353764134184,1.2063353764134184,False,False,,
M2:A1,7a2612095f7840048f58d69a07e836a5,25,f76469bb5b5747dbaedb1c59990b5579,0.5177051489615403,0.22900705727333448,0.2886980916882058,0.588077235802756,1.8243371250997575,-1.2362598892970016,1.2362598892970016,False,False,,
M2:A1,ec2a550c52b240d98c9c3bca3d06602f,0,f8de967b00394c9e88558219feef8426,1.0000000000000138,1.0000000000000138,0.0,0.0,0.0,0.0,0.0,False,False,,
M2:A1,ec2a550c52b240d98c9c3bca3d06602f,1,cb440b4d1912467fb51d871f0ccf8e8a,0.8632747001413618,0.837026978239446,0.02624772190191571,0.3310499507425717,0.3590400343962203,-0.02799008365364858,0.02799008365364858,False,False,,
M2:A1,ec2a550c52b240d98c9c3bca3d06602f,2,13546ea263ff48f49899cb30ac0004e9,0.7722362800222076,0.7254157834758704,0.04682049654633713,0.32487233152443173,0.38059480956295677,-0.055722478038525036,0.055722478038525036,False,False,,
M2:A1,ec2a550c52b240d98c9c3bca3d06602f,3,9b77dad2bdcf4814b042fa47889f19f6,0.6865103414531798,0.6996920751456156,-0.013181733692435804,0.3470749761847748,0.3619039605634507,-0.014828984378675913,0.014828984378675913,False,False,,
M2:A1,ec2a550c52b240d98c9c3bca3d06602f,4,2b77a910c5e749f9a620d893361c1976,0.6867032787304634,0.7012807899498631,-0.014577511219399653,0.3291371316507341,0.37297541304767556,-0.04383828139694146,0.04383828139694146,False,False,,
M2:A1,ec2a550c52b240d98c9c3bca3d06602f,5,097394612e494d1ebe1750ed54a27763,0.6861192077307164,0.6934196956517251,-0.00730048792100868,0.3138075161043946,0.3973196053001406,-0.08351208919574599,0.08351208919574599,False,False,,
M2:A1,ec2a550c52b240d98c9c3bca3d06602f,6,20601ccb0ab0445db56bad84060c1323,0.6617394685207698,0.5776782524447394,0.08406121607603045,0.30175509343224144,0.4950120514208762,-0.19325695798863474,0.19325695798863474,False,False,,
M2:A1,ec2a550c52b240d98c9c3bca3d06602f,7,746857c6bd46430fa4b5b82186e716e0,0.7625860032492258,0.6541055709768998,0.10848043227232596,0.20818131134109247,0.45198517757791246,-0.24380386623682,0.24380386623682,False,False,,
M2:A1,ec2a550c52b240d98c9c3bca3d06602f,8,ef4fbe4064a74ce6b0a52cb3dd2e0bf0,0.6173263487403698,0.7601162829936121,-0.14278993425324227,0.7170954818783376,0.4703289359380115,0.2467665459403261,-0.2467665459403261,False,False,,
M2:A1,ec2a550c52b240d98c9c3bca3d06602f,9,63d7813869b34ee9aa65064e93775e58,0.41728944585800076,0.5017130407132553,-0.08442359485525452,0.8598728789000158,0.6158831928681412,0.24398968603187465,-0.24398968603187465,False,False,,
M2:A1,ec2a550c52b240d98c9c3bca3d06602f,10,3d5a6fe339f3490297e4b9d1f3949618,0.2619902816344417,0.3129812345281676,-0.050990952893725905,1.0784541374387615,0.849714505822227,0.22873963161653454,-0.22873963161653454,False,False,,
M2:A1,ec2a550c52b240d98c9c3bca3d06602f,11,306e66375cf94c7881864ba03782d2d2,0.25539869497100015,0.30551186600187574,-0.05011317103087559,1.0889327572082657,0.8617210450699881,0.2272117121382775,-0.2272117121382775,True,True,,
M2:A1,ec2a550c52b240d98c9c3bca3d06602f,12,49cd09e4a07145258972fc4e6b18e42d,0.24930837117851726,0.29861672523562927,-0.04930835405711201,1.0988073950149078,0.873010700442742,0.22579669457216578,-0.22579669457216578,True,True,,
M2:A1,ec2a550c52b240d98c9c3bca3d06602f,13,60448167db014ef49dcfb65d89d69b3f,0.24284825926843193,0.29130944330476266,-0.048461184036330734,1.1094858784598658,0.88519269156457,0.22429318689529576,-0.22429318689529576,True,True,,
M2:A1,ec2a550c52b240d98c9c3bca3d06602f,14,f0bb168a6bc34e0bba79dd122b6394b0,0.23645461350469907,0.28408393698859363,-0.047629323483894564,1.1202634233359012,0.897460037723758,0.2228033856121432,-0.2228033856121432,True,True,,
M2:A1,ec2a550c52b240d98c9c3bca3d06602f,15,a82ac06abf0d4d5ea70af9e19e82305e,0.2305462774391523,0.27741270618246644,-0.04686642874331415,1.1304093414699492,0.9089835217880154,0.22142581968193376,-0.22142581968193376,True,True,,
M2:A1,ec2a550c52b240d98c9c3bca3d06602f,16,2a572213c61c4d40a1955c2aecee6104,0.22427825748002642,0.2703414552807944,-0.04606319780076798,1.1413704492604217,0.9214062410218116,0.21996420823861018,-0.21996420823861018,True,True,,
M2:A1,ec2a550c52b240d98c9c3bca3d06602f,17,4734352144ac49a7b02960b99573fc14,0.2180737686011777,0.2633480606871574,-0.04527429208597969,1.152422546467809,0.9339046413342991,0.21851790513351,-0.21851790513351,True,True,,
M2:A1,ec2a550c52b240d98c9c3bca3d06602f,18,0ab9ec2730894df2b48df70d0d2e84a9,0.20845532748578544,0.25689000756763203,-0.04843468008184659,1.1910088726283978,0.9456354491434636,0.24537342348493418,-0.24537342348493418,False,True,,
M2:A1,ec2a550c52b240d98c9c3bca3d06602f,19,cb708f56b6104d638f93e3906cba5b82,0.19956924480906407,0.24278140840919146,-0.04321216360012739,1.2254089456145103,0.9737375451898538,0.2516714004246565,-0.2516714004246565,False,False,,
M2:A1,ec2a550c52b240d98c9c3bca3d06602f,20,fd6002d736cb405796fc4fbdd5af6f7f,0.19108269522885438,0.2303317685538268,-0.03924907332497243,1.2585304957953602,0.9958487642492961,0.2626817315460641,-0.2626817315460641,False,False,,
M2:A1,ec2a550c52b240d98c9c3bca3d06602f,21,7f769bb638214009813b92df0cfb501a,0.18370541519836528,0.2211241478203135,-0.037418732621948225,1.2871929006515317,1.0136801700214755,0.2735127306300562,-0.2735127306300562,False,False,,
M2:A1,ec2a550c52b240d98c9c3bca3d06602f,22,f76469bb5b5747dbaedb1c59990b5579,0.17513976880216192,0.21623075219521776,-0.041090983393055835,1.3230554155198273,1.0190039286302677,0.30405148688955963,-0.30405148688955963,False,False,,
M2:A1,ec2a550c52b240d98c9c3bca3d06602f,23,770820077d44452a8428299e33808c0f,0.14317733330153115,0.17779662348248568,-0.034619290180954526,1.4051793210744261,1.1065367121023635,0.29864260897206263,-0.29864260897206263,False,False,,
M2:A1,ec2a550c52b240d98c9c3bca3d06602f,24,8a7007fd59cf4f39a3855b0e82136105,0.11284346830079069,0.14346686810842793,-0.030623399807637244,1.4903318787605468,1.1918596261836365,0.29847225257691035,-0.29847225257691035,False,False,,
M2:A1,ec2a550c52b240d98c9c3bca3d06602f,25,15f4465f9fe44b80ab54908983b1cf68,0.08493085735655197,0.1131221871288475,-0.028191329772295534,1.5747722083107145,1.2680182548635026,0.3067539534472119,-0.3067539534472119,False,False,,
M2:A1,ec2a550c52b240d98c9c3bca3d06602f,26,f94199c2a589484d8e32dd6bf4931d4f,0.06814965839679711,0.08958402868714747,-0.021434370290350363,1.6373611151837582,1.3430812665721654,0.29427984861159273,-0.29427984861159273,False,False,,
M2:A1,ec2a550c52b240d98c9c3bca3d06602f,27,a07f902656eb4f0fb2e5a77f803fb37c,0.03836613824798443,0.05350915950508722,-0.01514302125710279,1.7367911073743345,1.4586359081383344,0.2781551992360001,-0.2781551992360001,False,False,,
M2:A1,ec2a550c52b240d98c9c3bca3d06602f,28,bec365d878c4413d85d5fbb3eb3b3f46,0.03093067475665347,0.04166185318155437,-0.010731178424900897,1.7707530408281604,1.5160127481265206,0.2547402927016398,-0.2547402927016398,False,False,,
M2:A1,ec2a550c52b240d98c9c3bca3d06602f,29,7ac804cee1cd4d48ac2ea0ac97726bc9,0.02415935599257289,0.03236943493442612,-0.008210078941853233,1.796331965511518,1.5613480185542887,0.23498394695722924,-0.23498394695722924,False,False,,
M2:A1,ec2a550c52b240d98c9c3bca3d06602f,30,54259afa6c644e1d99422df9da1c8f35,0.01692625730926932,0.022293562115765133,-0.005367304806495814,1.834039815572987,1.617574515153252,0.216465300419735,-0.216465300419735,False,False,,
M2:A1,ec2a550c52b240d98c9c3bca3d06602f,31,fa8abe51b4104eb68fc7f85ab1c475bb,0.00953193128725745,0.014594469898991743,-0.0050625386117342935,1.8790770558787426,1.6599189147758557,0.2191581411028869,-0.2191581411028869,False,False,,
M2:A1,ec2a550c52b240d98c9c3bca3d06602f,32,bc84a61f13f744cd8f5aa8e888ce879b,0.00866649604527784,0.010824114725857672,-0.002157618680579832,1.902915369599885,1.701905814134789,0.20100955546509613,-0.20100955546509613,False,False,,
M2:A1,ec2a550c52b240d98c9c3bca3d06602f,33,76c090ac27774e66a592f40998d5537c,0.007890098991849193,0.008374041431199334,-0.0004839424393501407,1.9255628766676993,1.7401774519615811,0.18538542470611818,-0.18538542470611818,False,False,,
M2:A1,85269a87307a4ee3967e37b496e32280,0,f0bb168a6bc34e0bba79dd122b6394b0,1.0000000000000198,1.0000000000000198,0.0,0.0,0.0,0.0,0.0,False,False,,
M2:A1,85269a87307a4ee3967e37b496e32280,1,a82ac06abf0d4d5ea70af9e19e82305e,0.8910172314972216,0.8958001933396487,-0.0047829618424271025,0.06381391255562646,0.062469822045518195,0.0013440905101082673,-0.0013440905101082673,False,False,,
M2:A1,85269a87307a4ee3967e37b496e32280,2,2a572213c61c4d40a1955c2aecee6104,0.7972113159625559,0.8017106792446481,-0.004499363282092217,0.1271568472305571,0.12702604689232716,0.00013080033822993054,-0.00013080033822993054,False,False,,
M2:A1,85269a87307a4ee3967e37b496e32280,3,4734352144ac49a7b02960b99573fc14,0.7141627152850798,0.7175544524268236,-0.003391737141743789,0.19083188271564924,0.1936858359540492,-0.002853953238399959,0.002853953238399959,False,False,,
M2:A1,85269a87307a4ee3967e37b496e32280,4,0ab9ec2730894df2b48df70d0d2e84a9,0.6483967458567523,0.661633469194334,-0.013236723337581635,0.2506019151158116,0.2429176283639505,0.007684286751861086,-0.007684286751861086,False,False,,
M2:A1,85269a87307a4ee3967e37b496e32280,5,cb708f56b6104d638f93e3906cba5b82,0.5898634437360643,0.6096666645867103,-0.01980322085064601,0.31244015929832875,0.3002257269310679,0.01221443236726083,-0.01221443236726083,False,False,,
M2:A1,85269a87307a4ee3967e37b496e32280,6,fd6002d736cb405796fc4fbdd5af6f7f,0.5098489703732756,0.5367696588340489,-0.026920688460773334,0.39471666231844327,0.37753812389149366,0.017178538426949608,-0.017178538426949608,False,False,,
M2:A1,85269a87307a4ee3967e37b496e32280,7,7f769bb638214009813b92df0cfb501a,0.4365242832101393,0.47103603680535383,-0.03451175359521452,0.486214598817244,0.4568514715900354,0.029363127227208574,-0.029363127227208574,False,False,,
M2:A1,85269a87307a4ee3967e37b496e32280,8,f76469bb5b5747dbaedb1c59990b5579,0.3867534741111269,0.42293431132586634,-0.036180837214739414,0.5619328757944059,0.5297840851971525,0.032148790597253396,-0.032148790597253396,False,False,,
M2:A1,85269a87307a4ee3967e37b496e32280,9,770820077d44452a8428299e33808c0f,0.3409323859669788,0.3764144946431531,-0.035482108676174295,0.6419403889644023,0.6039069865035731,0.0380334024608292,-0.0380334024608292,False,False,,
M2:A1,85269a87307a4ee3967e37b496e32280,10,8a7007fd59cf4f39a3855b0e82136105,0.30011716079423895,0.33336047666618435,-0.0332433158719454,0.7225516896665395,0.6742334854806655,0.04831820418587396,-0.04831820418587396,False,False,,
M2:A1,85269a87307a4ee3967e37b496e32280,11,15f4465f9fe44b80ab54908983b1cf68,0.2748871367861521,0.30098358833263905,-0.026096451546486932,0.7769189701512073,0.7338329625251555,0.04308600762605175,-0.04308600762605175,False,False,,
M2:A1,85269a87307a4ee3967e37b496e32280,12,f94199c2a589484d8e32dd6bf4931d4f,0.24985017680202995,0.27108961663271414,-0.021239439830684187,0.8347478524495279,0.7960461854374016,0.038701667012126295,-0.038701667012126295,False,False,,
M2:A1,85269a87307a4ee3967e37b496e32280,13,a07f902656eb4f0fb2e5a77f803fb37c,0.22572746106520555,0.24531390702914316,-0.019586445963937604,0.8938167809863067,0.8553377731834984,0.03847900780280833,-0.03847900780280833,False,False,,
M2:A1,85269a87307a4ee3967e37b496e32280,14,bec365d878c4413d85d5fbb3eb3b3f46,0.20191217169643455,0.21866045386328545,-0.016748282166850897,0.9554954302140052,0.9237036745968487,0.031791755617156525,-0.031791755617156525,False,False,,
M2:A1,85269a87307a4ee3967e37b496e32280,15,7ac804cee1cd4d48ac2ea0ac97726bc9,0.1792129497969396,0.1946900060290545,-0.0154770562321149,1.0170920135592618,0.9913832077585193,0.02570880580074253,-0.02570880580074253,False,False,,
M2:A1,85269a87307a4ee3967e37b496e32280,16,54259afa6c644e1d99422df9da1c8f35,0.1406564498741396,0.1630457885625326,-0.02238933868839299,1.1384187949883446,1.0710496879336426,0.067369107054702,-0.067369107054702,False,False,,
M2:A1,85269a87307a4ee3967e37b496e32280,17,fa8abe51b4104eb68fc7f85ab1c475bb,0.10549134082322735,0.12823087750844497,-0.022739536685217623,1.262845918420015,1.1659640053814049,0.09688191303861005,-0.09688191303861005,False,False,,
M2:A1,85269a87307a4ee3967e37b496e32280,18,bc84a61f13f744cd8f5aa8e888ce879b,0.0737085767518253,0.095601669631633,-0.021893092879807702,1.388063087138435,1.2591240035211706,0.12893908361726436,-0.12893908361726436,False,False,,
M2:A1,85269a87307a4ee3967e37b496e32280,19,76c090ac27774e66a592f40998d5537c,0.03929956717336839,0.06881495874635928,-0.029515391572990886,1.5718104257796963,1.3376879766888639,0.23412244909083246,-0.23412244909083246,False,False,,
