frame_id,b2_version,candidate_id,base_target_count,expansion_target_count,pool_target_count,sampled_target_count,extension_pool_count,sampled_count,target_in_support,current_target_points,recursive_age,recursive_age_valid,support_actual_length,support_actual_width,support_volume,available,structural_available,recovery_positive,recovery_fallback,query_delta_t,gap_ratio,endpoint_foreground_count,tube_foreground_count,foreground_count,extension_foreground_count,search_valid,search_geometry_valid,search_new_support_valid,search_available,search_geometry_source_id,search_quality_valid,search_coverage_need,search_total_point_count,search_extension_count,search_extension_voxels,observation_error,observation_iou,observation_distance,kinematic_error,learned_motion_error,learned_error_parallel,learned_error_perpendicular,learned_cv_disagreement,b1_valid,b1_nll,b1_mahalanobis_sq,b1_coverage_50,b1_coverage_80,b1_coverage_95,raw_search_error,raw_search_iou,raw_search_distance,selective_error,selective_iou,selective_distance,raw_obs_error,raw_motion_error,raw_alpha_error,alpha_counterfactual_uplift,alpha_motion_helpful,alpha_motion_harmful,alpha_ambiguous,final_error,final_iou,final_distance,query_gate,query_gate_applied,query_shift_norm,router_gate,action_score,helpful_probability,harmful_probability,expected_center_gain,expected_iou_gain,center_gain,iou_gain,bounded_action_error,bounded_action_iou,b3_calibrated,router_applied_gate,router_evidence_valid,router_radius,residual_unit_parallel,residual_unit_perpendicular,target_residual_unit_parallel,target_residual_unit_perpendicular,residual_recoverable_parallel,residual_recoverable_perpendicular,residual_saturation,sigma_parallel,sigma_perpendicular,targetness_mean,targetness_max,targetness_entropy,normalized_ess,extension_mass_ratio,extension_vote_rms,presence_probability,presence_score,presence_target,acquisition_schema_version,global_target_count_exact,global_target_count_label,global_raw_point_count,base_raw_target_count,base_sampled_target_count,base_raw_point_count,base_sampled_point_count,endpoint_raw_target_count,tube_raw_target_count,endpoint_raw_point_count,tube_raw_point_count,support_union_target_count,support_union_raw_point_count,support_union_background_count,support_xy_target_count,support_xyz_target_count,support_z_clip_target_count,endpoint_target_center_inside_xy,endpoint_target_center_inside_xyz,tube_target_center_inside_xy,tube_target_center_inside_xyz,active_endpoint_error_xy,active_endpoint_error_z,active_tube_error_xy,active_tube_error_z,active_prior_source,active_support_truncated,active_endpoint_width,active_endpoint_length,active_endpoint_height,active_tube_width,active_tube_length,active_tube_height,pool_background_count,sampled_background_count,pool_endpoint_only_target_count,sampled_endpoint_only_target_count,pool_tube_only_target_count,sampled_tube_only_target_count,pool_overlap_target_count,sampled_overlap_target_count,cf_learned_2_1_z0_valid,cf_learned_2_1_z0_xy_target_count,cf_learned_2_1_z0_xyz_target_count,cf_learned_2_1_z0_target_bearing,cf_learned_2_1_z0_raw_point_count,cf_learned_2_1_z0_background_count,cf_learned_2_1_z0_support_volume,cf_learned_2_1_z0_truncated,cf_learned_2_1_z0_endpoint_error_xy,cf_learned_2_1_z0_endpoint_error_z,cf_learned_2_1_z05_valid,cf_learned_2_1_z05_xy_target_count,cf_learned_2_1_z05_xyz_target_count,cf_learned_2_1_z05_target_bearing,cf_learned_2_1_z05_raw_point_count,cf_learned_2_1_z05_background_count,cf_learned_2_1_z05_support_volume,cf_learned_2_1_z05_truncated,cf_learned_2_1_z05_endpoint_error_xy,cf_learned_2_1_z05_endpoint_error_z,cf_learned_2_1_z10_valid,cf_learned_2_1_z10_xy_target_count,cf_learned_2_1_z10_xyz_target_count,cf_learned_2_1_z10_target_bearing,cf_learned_2_1_z10_raw_point_count,cf_learned_2_1_z10_background_count,cf_learned_2_1_z10_support_volume,cf_learned_2_1_z10_truncated,cf_learned_2_1_z10_endpoint_error_xy,cf_learned_2_1_z10_endpoint_error_z,cf_learned_3_1p5_z0_valid,cf_learned_3_1p5_z0_xy_target_count,cf_learned_3_1p5_z0_xyz_target_count,cf_learned_3_1p5_z0_target_bearing,cf_learned_3_1p5_z0_raw_point_count,cf_learned_3_1p5_z0_background_count,cf_learned_3_1p5_z0_support_volume,cf_learned_3_1p5_z0_truncated,cf_learned_3_1p5_z0_endpoint_error_xy,cf_learned_3_1p5_z0_endpoint_error_z,cf_learned_4_2_z0_valid,cf_learned_4_2_z0_xy_target_count,cf_learned_4_2_z0_xyz_target_count,cf_learned_4_2_z0_target_bearing,cf_learned_4_2_z0_raw_point_count,cf_learned_4_2_z0_background_count,cf_learned_4_2_z0_support_volume,cf_learned_4_2_z0_truncated,cf_learned_4_2_z0_endpoint_error_xy,cf_learned_4_2_z0_endpoint_error_z,cf_learned_6_3_z0_valid,cf_learned_6_3_z0_xy_target_count,cf_learned_6_3_z0_xyz_target_count,cf_learned_6_3_z0_target_bearing,cf_learned_6_3_z0_raw_point_count,cf_learned_6_3_z0_background_count,cf_learned_6_3_z0_support_volume,cf_learned_6_3_z0_truncated,cf_learned_6_3_z0_endpoint_error_xy,cf_learned_6_3_z0_endpoint_error_z,cf_cv_2_1_z0_valid,cf_cv_2_1_z0_xy_target_count,cf_cv_2_1_z0_xyz_target_count,cf_cv_2_1_z0_target_bearing,cf_cv_2_1_z0_raw_point_count,cf_cv_2_1_z0_background_count,cf_cv_2_1_z0_support_volume,cf_cv_2_1_z0_truncated,cf_cv_2_1_z0_endpoint_error_xy,cf_cv_2_1_z0_endpoint_error_z,cf_learned_plus_cv_endpoint_valid,cf_learned_plus_cv_endpoint_xy_target_count,cf_learned_plus_cv_endpoint_xyz_target_count,cf_learned_plus_cv_endpoint_target_bearing,cf_learned_plus_cv_endpoint_raw_point_count,cf_learned_plus_cv_endpoint_background_count,cf_learned_plus_cv_endpoint_support_volume,cf_learned_plus_cv_endpoint_truncated,cf_learned_plus_cv_endpoint_endpoint_error_xy,cf_learned_plus_cv_endpoint_endpoint_error_z,tracklet_id,tracklet_key,partition,epoch
1,ct_joint_full,0,2,0,0,0,0,0,0,2,-1.0,0,0.0,0.0,0.0,0,0,0,0,0.5009880065917969,1.0,0,0,0,0,0,0,0,0,0,0,1,0.0,0.0,0.0,0.01976961400033653,0.9801922371315597,0.02128255674497344,0.01486606874728816,0.01486606874728816,0.0,0.0,0.0,0,0.0,0.0,0,0,0,0.01976961400033653,0.9801922371315597,0.02128255674497344,0.01976961400033653,0.9801922371315597,0.02128255674497344,0.01976961400033653,0.01976961400033653,0.01976961400033653,0.0,0,0,1,0.01976961400033653,0.9801922371315597,0.02128255674497344,0.0,0.0,0.0,0.0,0.0,0.0,0.0,0.0,0.0,0.0,0.0,0.01976961400033653,0.9801922371315597,0.0,0.0,0.0,0.0,-0.0,0.0,0.03960407526366774,-0.0013668955026458287,1,1,0.0,2.0836470127105713,2.0836470127105713,0.0,0.0,0.0,0.0,0.0,0.0,0.0,0.0,0,2,2,2,34752,2,338,6,1024,0,0,0,0,0,0,0,0,0,0,0,0,0,0,0.0,0.0,0.0,0.0,base_only,0,0.0,0.0,0.0,0.0,0.0,0.0,0,0,0,0,0,0,0,0,0,0,0,0,0,0,0.0,0,0.0,0.0,0,0,0,0,0,0,0.0,0,0.0,0.0,0,0,0,0,0,0,0.0,0,0.0,0.0,0,0,0,0,0,0,0.0,0,0.0,0.0,0,0,0,0,0,0,0.0,0,0.0,0.0,0,0,0,0,0,0,0.0,0,0.0,0.0,0,0,0,0,0,0,0.0,0,0.0,0.0,0,0,0,0,0,0,0.0,0,0.0,0.0,0,nuscenes_mf/v1.0-mini/mini_val/fcbccedd61424f1b85dcbf8f897f9754/afff27c4b3934c59837d2294137735d5,dev,60
2,ct_joint_full,0,10,10,0,0,0,0,1,10,-1.0,0,8.23095417022705,3.684999942779541,56.35512118572997,0,0,0,0,0.4993109703063965,0.9966525435447693,0,0,0,0,0,1,0,0,1,0,1,0.0,0.0,0.0,0.005002085393004889,0.9722709818890668,0.020934898061928078,0.03888908732191828,0.014598895346163794,-0.01379048157588168,0.0047906526578565915,0.02489044442579416,1,0.16155409950994043,0.00018134989306508534,1,1,1,0.005002085393004889,0.9722709818890668,0.020934898061928078,0.005002085393004889,0.9722709818890668,0.020934898061928078,0.005002085393004889,0.005002085393004889,0.005002085393004889,0.0,0,0,1,0.005002085393004889,0.9722709818890668,0.020934898061928078,0.0,0.0,0.0,0.0,0.0,0.0,0.0,0.0,0.0,0.0,0.0,0.005002085393004889,0.9722709818890668,0.0,0.0,0.0,0.0,-0.06638000905513763,-0.0024848412722349167,-0.10317152750661315,0.014942264808906579,1,1,0.0,1.0840799808502197,1.0840799808502197,0.0,0.0,0.0,0.0,0.0,0.0,0.0,0.0,0,2,10,10,34720,10,460,22,1024,10,10,10,10,10,10,0,7,7,0,1,1,1,1,0.014598895346117373,0.007880963385105133,0.024174516333578,0.007880963385105133,b1,0,3.685,8.211,1.858,3.685,8.23095388817347,1.858,0,0,0,0,0,0,0,0,1,7,7,1,11,4,56.50723834316246,0,0.014598895346117373,0.007880963385105133,1,7,7,1,11,4,86.92017609513366,0,0.014598895346117373,0.007880963385105133,1,7,7,1,11,4,117.33311384710484,0,0.014598895346117373,0.007880963385105133,1,10,10,1,14,4,89.24686325988267,0,0.014598895346117373,0.007880963385105133,1,10,10,1,14,4,129.41848818006366,0,0.014598895346117373,0.007880963385105133,1,10,10,1,30,20,232.0577380169649,0,0.014598895346117373,0.007880963385105133,1,7,7,1,11,4,56.340331541271766,0,0.03888908760799713,0.015735545576675003,1,7,7,1,11,4,56.59333634751818,0,0.014598895346117373,0.007880963385105133,0,nuscenes_mf/v1.0-mini/mini_val/fcbccedd61424f1b85dcbf8f897f9754/afff27c4b3934c59837d2294137735d5,dev,60
1,ct_joint_full,0,1,0,0,0,0,0,0,1,-1.0,0,0.0,0.0,0.0,0,0,0,0,0.4993109703063965,1.0,0,0,0,0,0,0,0,0,0,0,1,0.0,0.0,0.0,1.2418771691640724,0.6227316081539986,1.2418781750133725,1.1556145551178796,1.1556145551178796,0.0,0.0,0.0,0,0.0,0.0,0,0,0,1.2418771691640724,0.6227316081539986,1.2418781750133725,1.2418771691640724,0.6227316081539986,1.2418781750133725,1.2418771691640724,1.2418771691640724,1.2418771691640724,0.0,0,0,1,1.2418771691640724,0.6227316081539986,1.2418781750133725,0.0,0.0,0.0,0.0,0.0,0.0,0.0,0.0,0.0,0.0,0.0,1.2418771691640724,0.6227316081539986,0.0,0.0,0.0,0.0,-0.0,0.0,3.083054992259489,-0.0006090848708122244,0,1,0.0,2.0823721885681152,2.0823721885681152,0.0,0.0,0.0,0.0,0.0,0.0,0.0,0.0,0,2,1,1,34720,1,13,39,1024,0,0,0,0,0,0,0,0,0,0,0,0,0,0,0.0,0.0,0.0,0.0,base_only,0,0.0,0.0,0.0,0.0,0.0,0.0,0,0,0,0,0,0,0,0,0,0,0,0,0,0,0.0,0,0.0,0.0,0,0,0,0,0,0,0.0,0,0.0,0.0,0,0,0,0,0,0,0.0,0,0.0,0.0,0,0,0,0,0,0,0.0,0,0.0,0.0,0,0,0,0,0,0,0.0,0,0.0,0.0,0,0,0,0,0,0,0.0,0,0.0,0.0,0,0,0,0,0,0,0.0,0,0.0,0.0,0,0,0,0,0,0,0.0,0,0.0,0.0,1,nuscenes_mf/v1.0-mini/mini_val/fcbccedd61424f1b85dcbf8f897f9754/aa8f809da9ce441ab1b01fac18e6f97b,dev,60
10,ct_joint_full,0,4,4,0,0,0,0,1,4,-1.0,0,8.155580520629883,3.4820001125335693,48.04896392942405,0,0,0,0,0.5004091262817383,1.0528911352157593,0,0,0,0,0,1,0,0,1,0,1,0.0,0.0,0.0,0.0306787729338342,0.766395816174218,0.193085807607002,0.026400757564832303,0.3226988915828103,0.3216045142328422,0.026553927276994765,0.3225802935507042,1,3.268418249521584,0.003971928425492042,1,1,1,0.0306787729338342,0.766395816174218,0.193085807607002,0.0306787729338342,0.766395816174218,0.193085807607002,0.0306787729338342,0.0306787729338342,0.0306787729338342,0.0,0,0,1,0.0306787729338342,0.766395816174218,0.193085807607002,0.0,0.0,0.0,0.0,0.0,0.0,0.0,0.0,0.0,0.0,0.0,0.0306787729338342,0.766395816174218,0.0,0.0,0.0,0.0,-0.8599794507026672,-0.0006224310491234064,-0.002601247533125086,0.09591576107900207,1,1,0.0,5.1203155517578125,5.1203155517578125,0.0,0.0,0.0,0.0,0.0,0.0,0.0,0.0,0,2,4,4,34784,4,831,5,1024,4,4,5,5,4,5,1,4,4,0,1,1,1,1,0.3226988915827497,0.19999999999999996,0.16248469425629608,0.19999999999999996,b1,0,3.482,7.833,1.692,3.482,8.155580293550704,1.692,0,0,0,0,0,0,0,0,1,4,4,1,4,0,50.18660848124138,0,0.3226988915827497,0.19999999999999996,1,4,4,1,4,0,79.84772460490652,0,0.3226988915827497,0.19999999999999996,1,4,4,1,4,0,109.50884072857164,0,0.3226988915827497,0.19999999999999996,1,4,4,1,5,1,79.69874411851353,0,0.3226988915827497,0.19999999999999996,1,4,4,1,10,6,115.97887975420987,0,0.3226988915827497,0.19999999999999996,1,4,4,1,13,9,208.84315102717835,0,0.3226988915827497,0.19999999999999996,1,4,4,1,4,0,46.14846415178104,0,0.026400757564832292,0.19999999999999996,1,4,4,1,4,0,50.18660848124138,0,0.3226988915827497,0.19999999999999996,2,nuscenes_mf/v1.0-mini/mini_val/fcbccedd61424f1b85dcbf8f897f9754/e73ba8faf67d40c8b6b653489393ef8b,dev,60
11,ct_joint_full,0,4,4,0,0,0,0,1,4,-1.0,0,7.878481388092041,3.4820001125335693,46.416422114588634,0,0,0,0,0.500432014465332,1.0000100135803223,0,0,0,0,0,1,0,0,1,0,1,0.0,0.0,0.0,0.032151895751355804,0.7713005954961608,0.18833253771390604,0.039121723576415364,0.038010702896953186,0.028307380131495564,-0.02536741650360189,0.058043954817410835,1,0.8607412862343953,0.0006111239519447592,1,1,1,0.032151895751355804,0.7713005954961608,0.18833253771390604,0.032151895751355804,0.7713005954961608,0.18833253771390604,0.032151895751355804,0.032151895751355804,0.032151895751355804,0.0,0,0,1,0.032151895751355804,0.7713005954961608,0.18833253771390604,0.0,0.0,0.0,0.0,0.0,0.0,0.0,0.0,0.0,0.0,0.0,0.032151895751355804,0.7713005954961608,0.0,0.0,0.0,0.0,-0.1526937037706375,-0.0001944328541867435,-0.07822668244244545,-0.09158306372417875,1,1,0.0,1.5375924110412598,1.5375924110412598,0.0,0.0,0.0,0.0,0.0,0.0,0.0,0.0,0,2,4,4,34752,4,1024,4,1024,4,4,4,4,4,4,0,4,4,0,1,1,1,1,0.03801070289697971,0.19063300341367717,0.025997396107046572,0.19063300341367717,b1,0,3.482,7.833,1.692,3.482,7.878481236455205,1.692,0,0,0,0,0,0,0,0,1,4,4,1,4,0,46.717809973580756,0,0.03801070289697971,0.19063300341367717,1,4,4,1,4,0,74.32880877593347,0,0.03801070289697971,0.19063300341367717,1,4,4,1,4,0,101.93980757828616,0,0.03801070289697971,0.19063300341367717,1,4,4,1,4,0,75.29224242447316,0,0.03801070289697971,0.19063300341367717,1,4,4,1,10,6,110.63467487378975,0,0.03801070289697971,0.19063300341367717,1,4,4,1,10,6,201.62353977242296,0,0.03801070289697971,0.19063300341367717,1,4,4,1,4,0,46.288992772676295,0,0.039121723245623664,0.17892369870478553,1,4,4,1,4,0,46.78432474923344,0,0.03801070289697971,0.19063300341367717,2,nuscenes_mf/v1.0-mini/mini_val/fcbccedd61424f1b85dcbf8f897f9754/e73ba8faf67d40c8b6b653489393ef8b,dev,60
12,ct_joint_full,0,3,3,0,0,0,0,1,3,-1.0,0,7.840807914733887,3.4820001125335693,46.19446717736459,0,0,0,0,0.5502018928527832,1.0994789600372314,0,0,0,0,0,1,0,0,1,0,1,0.0,0.0,0.0,0.7333501661812496,0.5434487779811326,0.7564347936908029,0.06716554071840329,0.03676303866319467,-0.02404384415883298,0.02781033481447669,0.03712059843430329,1,0.2149372773970979,0.0010907208136354564,1,1,1,0.7333501661812496,0.5434487779811326,0.7564347936908029,0.7333501661812496,0.5434487779811326,0.7564347936908029,0.7333501661812496,0.7333501661812496,0.7333501661812496,0.0,0,0,1,0.7333501661812496,0.5434487779811326,0.7564347936908029,0.0,0.0,0.0,0.0,0.0,0.0,0.0,0.0,0.0,0.0,0.0,0.7333501661812496,0.5434487779811326,0.0,0.0,0.0,0.0,-0.09065414220094681,-0.00020162708824500442,-0.14937296697390448,0.09455499636575597,1,1,0.0,1.1131523847579956,1.1131523847579956,0.0,0.0,0.0,0.0,0.0,0.0,0.0,0.0,0,2,3,3,34752,3,605,5,1024,3,3,4,4,3,4,1,3,3,0,1,1,1,1,0.036763038663151795,0.21056777834892282,0.03431315236962013,0.21056777834892282,b1,0,3.482,7.833,1.692,3.482,7.840807760379653,1.692,0,0,0,0,0,0,0,0,1,3,3,1,3,0,46.24620225607417,0,0.036763038663151795,0.21056777834892282,1,3,3,1,3,0,73.57847309299746,0,0.036763038663151795,0.21056777834892282,1,3,3,1,3,0,100.91074392992073,0,0.036763038663151795,0.21056777834892282,1,3,3,1,4,1,74.69314733826555,0,0.036763038663151795,0.21056777834892282,1,3,3,1,9,6,109.90809242045691,0,0.036763038663151795,0.21056777834892282,1,3,3,1,12,9,200.64198258090016,0,0.036763038663151795,0.21056777834892282,1,3,3,1,3,0,46.445565557029084,0,0.06716554267318851,0.2062989504507362,1,3,3,1,3,0,46.28156403342728,0,0.036763038663151795,0.21056777834892282,2,nuscenes_mf/v1.0-mini/mini_val/fcbccedd61424f1b85dcbf8f897f9754/e73ba8faf67d40c8b6b653489393ef8b,dev,60
13,ct_joint_full,0,4,4,0,0,0,0,1,4,-1.0,0,7.984444618225098,3.4820001125335693,47.04070917908754,0,0,0,0,0.5019419193267822,0.955502986907959,0,0,0,0,0,1,0,0,1,0,1,0.0,0.0,0.0,0.6217302858400472,0.6005350093178761,0.6414277243567105,1.5328479487065825,0.8847788457860911,-0.8843310392758782,0.028147533709893688,0.6483136097408749,1,3.475216222432935,0.009161139781641004,1,1,1,0.6217302858400472,0.6005350093178761,0.6414277243567105,0.6217302858400472,0.6005350093178761,0.6414277243567105,0.6217302858400472,0.6217302858400472,0.6217302858400472,0.0,0,0,1,0.6217302858400472,0.6005350093178761,0.6414277243567105,0.0,0.0,0.0,0.0,0.0,0.0,0.0,0.0,0.0,0.0,0.0,0.6217302858400472,0.6005350093178761,0.0,0.0,0.0,0.0,-0.9447835087776184,-0.006524993572384119,-2.2335260730436133,0.05883604444556353,0,1,0.0,9.272722244262695,3.46793270111084,0.0,0.0,0.0,0.0,0.0,0.0,0.0,0.0,0,2,4,4,34752,4,700,6,1024,4,4,4,4,4,4,0,4,4,0,1,1,1,1,0.8847788457861154,0.16044845879077907,0.8090637539851765,0.16044845879077907,b1,0,3.482,7.833,1.692,3.482,7.984444750082356,1.692,0,0,0,0,0,0,0,0,1,4,4,1,4,0,48.044116447113446,0,0.8847788457861154,0.16044845879077907,1,4,4,1,4,0,76.43898432365805,0,0.8847788457861154,0.16044845879077907,1,4,4,1,4,0,104.83385220020264,0,0.8847788457861154,0.16044845879077907,1,4,4,1,7,3,76.97708536913058,0,0.8847788457861154,0.16044845879077907,1,4,4,1,12,8,112.67805429193562,0,0.8847788457861154,0.16044845879077907,1,4,4,1,14,10,204.3839921367578,0,0.8847788457861154,0.16044845879077907,1,4,4,1,5,1,51.37799565776667,0,1.5328478976529545,0.13327196324821355,1,4,4,1,4,0,49.05530376653548,0,0.8847788457861154,0.16044845879077907,2,nuscenes_mf/v1.0-mini/mini_val/fcbccedd61424f1b85dcbf8f897f9754/e73ba8faf67d40c8b6b653489393ef8b,dev,60
14,ct_joint_full,0,3,3,0,0,0,0,1,3,-1.0,0,7.853761672973633,3.4820001125335693,46.270784817885406,0,0,0,0,0.49837207794189453,0.9473459124565125,0,0,0,0,0,1,0,0,1,0,1,0.0,0.0,0.0,4.25050953829527,0.0,4.253486183404163,0.34027196524514114,0.6021879553666128,0.5851227674886461,-0.1423436450866256,0.2750096841199423,1,1.6098617280117216,0.049711339591253005,1,1,1,4.25050953829527,0.0,4.253486183404163,4.25050953829527,0.0,4.253486183404163,4.25050953829527,4.25050953829527,4.25050953829527,0.0,0,0,1,4.25050953829527,0.0,4.253486183404163,0.0,0.0,0.0,0.0,0.0,0.0,0.0,0.0,0.0,0.0,0.0,4.25050953829527,0.0,0.0,0.0,0.0,0.0,-0.3643416166305542,0.004973509348928928,0.4108751456097486,-0.30123911830561756,1,1,0.0,2.8242409229278564,1.727657675743103,0.0,0.0,0.0,0.0,0.0,0.0,0.0,0.0,0,2,3,3,34720,3,1024,3,1024,3,3,3,3,3,3,0,3,3,0,1,1,1,1,0.6021879553666553,0.18273705095052728,0.6119490807609702,0.18273705095052728,b1,0,3.482,7.833,1.692,3.482,7.853761841486613,1.692,0,0,0,0,0,0,0,0,1,3,3,1,3,0,46.40751064353435,0,0.6021879553666553,0.18273705095052728,1,3,3,1,3,0,73.83511740685255,0,0.6021879553666553,0.18273705095052728,1,3,3,1,3,0,101.26272417017073,0,0.6021879553666553,0.18273705095052728,1,3,3,1,5,2,74.89807423419131,0,0.6021879553666553,0.18273705095052728,1,3,3,1,8,5,110.15663782642407,0,0.6021879553666553,0.18273705095052728,1,3,3,1,8,5,200.977765007738,0,0.6021879553666553,0.18273705095052728,1,3,3,1,3,0,47.90520275943414,0,0.34027198181359763,0.1847960843218437,1,3,3,1,3,0,46.473288730739874,0,0.6021879553666553,0.18273705095052728,2,nuscenes_mf/v1.0-mini/mini_val/fcbccedd61424f1b85dcbf8f897f9754/e73ba8faf67d40c8b6b653489393ef8b,dev,60
15,ct_joint_full,0,5,5,0,0,1,1,1,5,-1.0,0,10.293000221252441,3.4820001125335693,60.64166678331258,0,0,0,0,0.4998610019683838,0.9994081854820251,0,0,0,0,0,1,0,0,1,0,1,1.0,1.0,1.0,3.9171698943681994,0.0,3.9185860787552955,8.391212377013591,6.710457042270484,-6.710174884104091,0.06153811846968433,1.6809058795674392,1,3.0341859156433486,1.6796533454544826,0,1,1,3.9171698943681994,0.0,3.9185860787552955,3.9171698943681994,0.0,3.9185860787552955,3.9171698943681994,3.9171698943681994,3.9171698943681994,0.0,0,0,1,3.9171698943681994,0.0,3.9185860787552955,0.0,0.0,0.0,0.0,0.0,0.0,0.0,0.0,0.0,0.0,0.0,3.9171698943681994,0.0,0.0,0.0,0.0,0.0,-0.7463828921318054,-0.008028111420571804,-3.725992812484198,0.0426826589741259,0,1,0.0,5.179491996765137,1.7326505184173584,0.0,0.0,0.0,0.0,0.0,0.0,0.0,0.0,0,2,5,5,34688,5,337,16,1024,0,5,1,6,5,6,1,0,0,0,0,0,0,0,6.710457042270526,0.1341017827391624,5.480477374582946,0.1341017827391624,b1,0,3.482,7.833,1.692,3.482,10.293000221409002,1.692,1,1,0,0,0,0,0,0,1,0,0,0,13,13,76.94326360817067,0,6.710457042270526,0.1341017827391624,1,0,0,0,24,24,122.41800569337794,0,6.710457042270526,0.1341017827391624,1,0,0,0,41,41,167.89274777858517,0,6.710457042270526,0.1341017827391624,1,0,0,0,22,22,113.6883957174774,0,6.710457042270526,0.1341017827391624,1,0,0,0,23,23,157.20152782914786,0,6.710457042270526,0.1341017827391624,1,0,0,0,33,33,264.5317920477613,0,6.710457042270526,0.1341017827391624,1,0,0,0,18,18,76.72830336279796,0,8.391212406653342,0.10759977906313645,1,0,0,0,13,13,81.58647577388733,0,6.710457042270526,0.1341017827391624,2,nuscenes_mf/v1.0-mini/mini_val/fcbccedd61424f1b85dcbf8f897f9754/e73ba8faf67d40c8b6b653489393ef8b,dev,60
16,ct_joint_full,0,4,4,0,0,0,0,1,4,-1.0,0,8.015286445617676,3.4820001125335693,47.22241517146355,0,0,0,0,0.49933600425720215,1.0004397630691528,0,0,0,0,0,1,0,0,1,0,1,0.0,0.0,0.0,7.702338992949499,0.0,7.702938522868535,3.086138383672455,4.097126708379158,4.091777571055919,0.2092935253641786,1.0142884518777457,1,2.526598730523757,1.5133311328080725,0,1,1,7.702338992949499,0.0,7.702938522868535,7.702338992949499,0.0,7.702938522868535,7.702338992949499,7.702338992949499,7.702338992949499,0.0,0,0,1,7.702338992949499,0.0,7.702938522868535,0.0,0.0,0.0,0.0,0.0,0.0,0.0,0.0,0.0,0.0,0.0,7.702338992949499,0.0,0.0,0.0,0.0,0.0,-0.42970922589302063,0.015124926343560219,1.3041060720551179,0.18025118628507794,0,1,0.0,3.3418850898742676,1.75663161277771,0.0,0.0,0.0,0.0,0.0,0.0,0.0,0.0,0,2,4,4,34688,4,234,18,1024,4,4,4,4,4,4,0,0,0,0,0,0,0,0,4.097126708379094,0.1303417071700097,4.007121974739115,0.1303417071700097,b1,0,3.482,7.833,1.692,3.482,8.015286614896242,1.692,0,0,0,0,0,0,0,0,1,0,0,0,9,9,48.42367713679745,0,4.097126708379094,0.1303417071700097,1,0,0,0,12,12,77.04287166209147,0,4.097126708379094,0.1303417071700097,1,0,0,0,18,18,105.66206618738548,0,4.097126708379094,0.1303417071700097,1,0,0,0,15,15,77.45934868254884,0,4.097126708379094,0.1303417071700097,1,4,4,1,32,28,113.26302022751233,0,4.097126708379094,0.1303417071700097,1,4,4,1,46,42,205.17436332059088,0,4.097126708379094,0.1303417071700097,1,0,0,0,8,8,51.64938910776799,0,3.086138390786099,0.1009776938795679,1,0,0,0,9,9,50.30564066710181,0,4.097126708379094,0.1303417071700097,2,nuscenes_mf/v1.0-mini/mini_val/fcbccedd61424f1b85dcbf8f897f9754/e73ba8faf67d40c8b6b653489393ef8b,dev,60
17,ct_joint_full,0,0,0,0,0,0,0,0,0,-1.0,0,10.627161026000977,3.4820001125335693,62.610389967808786,0,0,0,0,0.49987292289733887,1.00054931640625,0,0,0,0,0,1,0,0,1,0,1,0.0,0.0,0.0,7.38469369293177,0.0,7.384866780211756,11.993798495376865,10.495045349793479,-10.492164261018578,-0.24590394417629305,1.4989123350165197,1,4.930796740155904,6.44159948369163,0,0,0,7.38469369293177,0.0,7.384866780211756,7.38469369293177,0.0,7.384866780211756,7.38469369293177,7.38469369293177,7.38469369293177,0.0,0,0,1,7.38469369293177,0.0,7.384866780211756,0.0,0.0,0.0,0.0,0.0,0.0,0.0,0.0,0.0,0.0,0.0,7.38469369293177,0.0,0.0,0.0,0.0,0.0,-0.6144784688949585,-0.009004366584122181,-4.915868724342299,-0.19713068179313842,0,1,0.0,4.144927024841309,1.3339065313339233,0.0,0.0,0.0,0.0,0.0,0.0,0.0,0.0,0,2,5,8,34688,0,0,15,1024,0,0,0,8,0,8,8,0,0,0,0,0,0,0,10.495045349793521,0.07110371887683864,9.098580503233935,0.07110371887683864,b1,0,3.482,7.833,1.692,3.482,10.627161236891544,1.692,0,0,0,0,0,0,0,0,1,0,0,0,2,2,81.12634231616276,0,10.495045349793521,0.07110371887683864,1,0,0,0,8,8,129.07335314131808,0,10.495045349793521,0.07110371887683864,1,0,0,0,8,8,177.02036396647338,0,10.495045349793521,0.07110371887683864,1,0,0,0,14,14,119.00226599867081,0,10.495045349793521,0.07110371887683864,1,0,0,0,30,30,163.6461896823607,0,10.495045349793521,0.07110371887683864,1,0,0,0,44,44,273.2380370465889,0,10.495045349793521,0.07110371887683864,1,0,0,0,0,0,77.83875104007862,0,11.993798741360566,0.03616146309723223,1,0,0,0,2,2,85.13984115488593,0,10.495045349793521,0.07110371887683864,2,nuscenes_mf/v1.0-mini/mini_val/fcbccedd61424f1b85dcbf8f897f9754/e73ba8faf67d40c8b6b653489393ef8b,dev,60
18,ct_joint_full,0,0,0,0,0,0,0,0,0,-1.0,0,8.035379409790039,3.4820001125335693,47.34079376000314,0,0,0,0,0.49988412857055664,1.0005598068237305,0,0,0,0,0,1,0,0,1,0,1,0.0,0.0,0.0,10.746120435989196,0.0,10.746355381904184,6.5677487810581034,7.585064080659552,7.578345731812131,0.31917071457007834,1.019528849061585,1,4.46675679148837,5.49224251631109,0,0,1,10.746120435989196,0.0,10.746355381904184,10.746120435989196,0.0,10.746355381904184,10.746120435989196,10.746120435989196,10.746120435989196,0.0,0,0,1,10.746120435989196,0.0,10.746355381904184,0.0,0.0,0.0,0.0,0.0,0.0,0.0,0.0,0.0,0.0,0.0,10.746120435989196,0.0,0.0,0.0,0.0,0.0,-0.41936102509498596,0.015048281289637089,2.698403127145138,0.2600278157719681,0,1,0.0,3.243851661682129,1.7226676940917969,0.0,0.0,0.0,0.0,0.0,0.0,0.0,0.0,0,2,1,9,34752,0,0,8,1024,0,0,0,0,0,0,0,0,0,0,0,0,0,0,7.585064080659515,0.024438917636871338,7.4848653768165745,0.024438917636871338,b1,0,3.482,7.833,1.692,3.482,8.035378991012196,1.692,0,0,0,0,0,0,0,0,1,0,0,0,17,17,48.67558947151991,0,7.585064080659515,0.024438917636871338,1,0,0,0,18,18,77.44366835539695,0,7.585064080659515,0.024438917636871338,1,0,0,0,20,20,106.21174723927398,0,7.585064080659515,0.024438917636871338,1,0,0,0,30,30,77.77935337761696,0,7.585064080659515,0.024438917636871338,1,0,0,0,47,47,113.65111728410794,0,7.585064080659515,0.024438917636871338,1,0,0,0,63,63,205.6986450947262,0,7.585064080659515,0.024438917636871338,1,0,0,0,22,22,51.501193355683334,0,6.567748850679447,0.04331276261565353,1,0,0,0,17,17,50.509720012968295,0,7.585064080659515,0.024438917636871338,2,nuscenes_mf/v1.0-mini/mini_val/fcbccedd61424f1b85dcbf8f897f9754/e73ba8faf67d40c8b6b653489393ef8b,dev,60
19,ct_joint_full,0,0,0,0,0,0,0,0,0,-1.0,0,9.979279518127441,3.4820001125335693,58.79336736302773,0,0,0,0,0.44955992698669434,0.8993383646011353,0,0,0,0,0,1,0,0,1,0,1,0.0,0.0,0.0,10.769713486281098,0.0,10.770272563504026,14.174920110243583,12.890492928932538,-12.883070779769108,-0.4373686354548299,1.2848321951970063,1,6.330537588358964,9.104145707609346,0,0,0,10.769713486281098,0.0,10.770272563504026,10.769713486281098,0.0,10.770272563504026,10.769713486281098,10.769713486281098,10.769713486281098,0.0,0,0,1,10.769713486281098,0.0,10.770272563504026,0.0,0.0,0.0,0.0,0.0,0.0,0.0,0.0,0.0,0.0,0.0,10.769713486281098,0.0,0.0,0.0,0.0,0.0,-0.6363862156867981,-0.008917790837585926,-7.017644061963623,-0.4080914905754824,0,1,0.0,4.293509483337402,1.379002332687378,0.0,0.0,0.0,0.0,0.0,0.0,0.0,0.0,0,2,3,4,34720,0,0,42,1024,0,0,0,0,0,0,0,0,0,0,0,0,0,0,12.890492928932584,0.09606032222509375,11.818220145015603,0.09606032222509375,b1,0,3.482,7.833,1.692,3.482,9.979279377685259,1.692,0,0,0,0,0,0,0,0,1,0,0,0,0,0,73.0160043361103,0,12.890492928932584,0.09606032222509375,1,0,0,0,36,36,116.16967120142375,0,12.890492928932584,0.09606032222509375,1,0,0,0,36,36,159.32333806673716,0,12.890492928932584,0.09606032222509375,1,0,0,0,0,0,108.6995001172358,0,12.890492928932584,0.09606032222509375,1,0,0,0,0,0,151.15099589717946,0,12.890492928932584,0.09606032222509375,1,0,0,0,8,8,256.35798745943043,0,12.890492928932584,0.09606032222509375,1,0,0,0,0,0,71.20307795241537,0,14.174919900134656,0.14084968424290922,1,0,0,0,0,0,76.29235750984749,0,12.890492928932584,0.09606032222509375,2,nuscenes_mf/v1.0-mini/mini_val/fcbccedd61424f1b85dcbf8f897f9754/e73ba8faf67d40c8b6b653489393ef8b,dev,60
20,ct_joint_full,0,0,0,0,0,0,0,0,0,-1.0,0,7.927600383758545,3.4820001125335693,46.70580885352884,0,0,0,0,0.5501871109008789,1.1589668989181519,0,0,0,0,0,1,0,0,1,0,1,0.0,0.0,0.0,13.416218977681721,0.0,13.417362162804364,10.193814662588327,10.863859589293824,10.847147901201327,0.6023523180277293,0.6713936121049817,1,19.48918633166239,36.63882264501423,0,0,0,13.416218977681721,0.0,13.417362162804364,13.416218977681721,0.0,13.417362162804364,13.416218977681721,13.416218977681721,13.416218977681721,0.0,0,0,1,13.416218977681721,0.0,13.417362162804364,0.0,0.0,0.0,0.0,0.0,0.0,0.0,0.0,0.0,0.0,0.0,13.416218977681721,0.0,0.0,0.0,0.0,0.0,-0.3016867935657501,0.0033149521332234144,4.572501183630684,0.5046619069610028,0,1,0.0,1.7947889566421509,1.7947889566421509,0.0,0.0,0.0,0.0,0.0,0.0,0.0,0.0,0,2,9,15,34720,0,0,49,1024,0,0,0,0,0,0,0,0,0,0,0,0,0,0,10.863859589293861,0.1097383961081504,10.816785547437881,0.1097383961081504,b1,0,3.482,7.833,1.692,3.482,7.9276001475079445,1.692,0,0,0,0,0,0,0,0,1,0,0,0,5,5,47.332137745555485,0,10.863859589293861,0.1097383961081504,1,0,0,0,45,45,75.30621442732588,0,10.863859589293861,0.1097383961081504,1,0,0,0,45,45,103.28029110909627,0,10.863859589293861,0.1097383961081504,1,0,0,0,8,8,76.07264672270044,0,10.863859589293861,0.1097383961081504,1,0,0,0,8,8,111.58115570023934,0,10.863859589293861,0.1097383961081504,1,0,0,0,22,22,202.90217365374133,0,10.863859589293861,0.1097383961081504,1,0,0,0,5,5,49.98882164048783,0,10.193814675438853,0.12078376494978049,1,0,0,0,5,5,48.50248153666035,0,10.863859589293861,0.1097383961081504,2,nuscenes_mf/v1.0-mini/mini_val/fcbccedd61424f1b85dcbf8f897f9754/e73ba8faf67d40c8b6b653489393ef8b,dev,60
21,ct_joint_full,0,0,0,0,0,0,0,0,0,-1.0,0,9.430495262145996,3.4820001125335693,55.560180607776154,0,0,0,0,0.4998970031738281,1.000046968460083,0,0,0,0,0,1,0,0,1,0,0,0.0,0.0,0.0,12.995708857588529,0.0,12.997852702139546,16.32165784925512,15.010749480380229,-14.988653357920912,-0.814182176332761,1.312429500569948,1,5.5033414473184035,5.750126145292936,0,0,1,12.995708857588529,0.0,12.997852702139546,12.995708857588529,0.0,12.997852702139546,12.995708857588529,12.995708857588529,12.995708857588529,0.0,0,0,1,12.995708857588529,0.0,12.997852702139546,0.0,0.0,0.0,0.0,0.0,0.0,0.0,0.0,0.0,0.0,0.0,12.995708857588529,0.0,0.0,0.0,0.0,0.0,-0.8374525308609009,-0.006110724527388811,-10.40169107202068,-0.9407969592655634,0,1,0.0,6.327211380004883,2.1889426708221436,0.0,0.0,0.0,0.0,0.0,0.0,0.0,0.0,0,2,6,11,34688,0,0,100,1024,0,0,0,0,0,0,0,0,0,0,0,0,0,0,15.010749480380168,0.2251449421048164,14.213401012306688,0.2251449421048164,b1,0,3.482,7.833,1.692,3.482,9.430494880466824,1.692,0,0,0,0,0,0,0,0,1,0,0,0,0,0,66.14626484274677,0,15.010749480380168,0.2251449421048164,1,0,0,0,103,103,105.23980198385009,0,15.010749480380168,0.2251449421048164,1,0,0,0,103,103,144.33333912495337,0,15.010749480380168,0.2251449421048164,1,0,0,0,13,13,99.97269651461205,0,15.010749480380168,0.2251449421048164,1,0,0,0,25,25,140.56712818450757,0,15.010749480380168,0.2251449421048164,1,0,0,0,40,40,242.05999152587444,0,15.010749480380168,0.2251449421048164,1,0,0,0,5,5,67.30277900600399,0,16.32165783437968,0.29384173772653965,1,0,0,0,0,0,69.66327456690615,0,15.010749480380168,0.2251449421048164,2,nuscenes_mf/v1.0-mini/mini_val/fcbccedd61424f1b85dcbf8f897f9754/e73ba8faf67d40c8b6b653489393ef8b,dev,60
22,ct_joint_full,0,0,0,0,0,0,0,0,0,-1.0,0,7.848198413848877,3.4820001125335693,46.23800863029959,0,0,0,0,0.4998588562011719,0.9520358443260193,0,0,0,0,0,1,0,0,1,0,0,0.0,0.0,0.0,16.95134964433365,0.0,16.952970491487,12.077295257709762,13.002043584086142,12.942372870147674,1.2442396800211282,0.9308020554925036,1,7.459238917421493,10.861031831882778,0,0,0,16.95134964433365,0.0,16.952970491487,16.95134964433365,0.0,16.952970491487,16.95134964433365,16.95134964433365,16.95134964433365,0.0,0,0,1,16.95134964433365,0.0,16.952970491487,0.0,0.0,0.0,0.0,0.0,0.0,0.0,0.0,0.0,0.0,0.0,16.95134964433365,0.0,0.0,0.0,0.0,0.0,-0.5195335149765015,0.013366209343075752,6.705060650965757,1.2788499328802896,0,0,0.0,4.00726842880249,1.8976441621780396,0.0,0.0,0.0,0.0,0.0,0.0,0.0,0.0,0,2,22,26,34688,0,0,184,1024,0,0,1,1,0,1,1,0,0,0,0,0,0,0,13.002043584086202,0.23606387972831722,12.998874385410975,0.23606387972831722,b1,0,3.482,7.833,1.692,3.482,7.848198571653445,1.692,0,0,0,0,0,0,0,0,1,0,0,0,0,0,46.28860035051125,0,13.002043584086202,0.23606387972831722,1,0,0,0,111,111,73.64592916287016,0,13.002043584086202,0.23606387972831722,1,0,0,0,111,111,101.00325797522906,0,13.002043584086202,0.23606387972831722,1,0,0,0,0,0,74.74775828202813,0,13.002043584086202,0.23606387972831722,1,0,0,0,1,1,109.97491621315105,0,13.002043584086202,0.23606387972831722,1,0,0,0,16,16,200.73323207697268,0,13.002043584086202,0.23606387972831722,1,0,0,0,0,0,52.28356118742038,0,12.077295258541877,0.23842583978894827,1,0,0,0,0,0,48.33791247067431,0,13.002043584086202,0.23606387972831722,2,nuscenes_mf/v1.0-mini/mini_val/fcbccedd61424f1b85dcbf8f897f9754/e73ba8faf67d40c8b6b653489393ef8b,dev,60
23,ct_joint_full,0,0,0,0,0,0,0,0,0,-1.0,0,10.682580947875977,3.4820001125335693,62.936898892637316,0,0,0,0,0.49987316131591797,0.9999904632568359,0,0,0,0,0,1,0,0,1,0,1,0.0,0.0,0.0,17.03851055775318,0.0,17.04077822165359,21.47220619024683,19.851579969517122,-19.797641657358724,1.462402538541112,1.6256356938168903,1,12.700512431184592,21.788676246245984,0,0,0,17.03851055775318,0.0,17.04077822165359,17.03851055775318,0.0,17.04077822165359,17.03851055775318,17.03851055775318,17.03851055775318,0.0,0,0,1,17.03851055775318,0.0,17.04077822165359,0.0,0.0,0.0,0.0,0.0,0.0,0.0,0.0,0.0,0.0,0.0,17.03851055775318,0.0,0.0,0.0,0.0,0.0,-0.6327372789382935,-0.009408307261765003,-8.33870711416571,1.0564345992282782,0,0,0.0,4.351858139038086,1.3987394571304321,0.0,0.0,0.0,0.0,0.0,0.0,0.0,0.0,0,2,24,32,34752,0,0,169,1024,0,0,32,32,0,32,32,0,0,0,0,0,0,0,19.851579969517037,0.2594220995903016,18.430463317054663,0.2594220995903016,b1,0,3.482,7.833,1.692,3.482,10.682580743834038,1.692,0,0,0,0,0,0,0,0,1,0,0,0,131,131,81.82006873385141,0,19.851579969517037,0.2594220995903016,1,0,0,0,198,198,130.17708335196693,0,19.851579969517037,0.2594220995903016,1,0,0,0,202,202,178.53409797008243,0,19.851579969517037,0.2594220995903016,1,0,0,0,150,150,119.88352449918071,0,19.851579969517037,0.2594220995903016,1,0,0,0,189,189,164.7149802637221,0,19.851579969517037,0.2594220995903016,1,0,0,0,229,229,274.68189179241097,0,19.851579969517037,0.2594220995903016,1,0,0,0,97,97,79.7828133513042,0,21.472206069072353,0.25634990052026874,1,0,0,0,131,131,86.04504461180615,0,19.851579969517037,0.2594220995903016,2,nuscenes_mf/v1.0-mini/mini_val/fcbccedd61424f1b85dcbf8f897f9754/e73ba8faf67d40c8b6b653489393ef8b,dev,60
24,ct_joint_full,0,0,0,0,0,0,0,0,0,-1.0,0,8.018035888671875,3.4820001125335693,47.238613637017664,0,0,0,0,0.5004467964172363,1.0011619329452515,0,0,0,0,0,1,0,0,1,0,0,0.0,0.0,0.0,20.02058642526537,0.0,20.023735524772704,16.626886993418093,17.28153819818215,17.200506568358538,-1.6715737311954426,0.6575834178959454,1,54.18107467415763,106.29605041986372,0,0,0,20.02058642526537,0.0,20.023735524772704,20.02058642526537,0.0,20.023735524772704,20.02058642526537,20.02058642526537,20.02058642526537,0.0,0,0,1,20.02058642526537,0.0,20.023735524772704,0.0,0.0,0.0,0.0,0.0,0.0,0.0,0.0,0.0,0.0,0.0,20.02058642526537,0.0,0.0,0.0,0.0,0.0,-0.279704749584198,0.0021963207982480526,7.036638957093321,-1.321302061882955,0,0,0.0,1.676192283630371,1.676192283630371,0.0,0.0,0.0,0.0,0.0,0.0,0.0,0.0,0,2,47,49,34784,0,0,203,1024,0,0,55,55,0,55,55,0,0,0,0,0,0,0,17.281538198182194,0.3029934763908386,17.189331878824902,0.3029934763908386,b1,0,3.482,7.833,1.692,3.482,8.018035979328499,1.692,0,0,0,0,0,0,0,0,1,0,0,0,91,91,48.46465522744506,0,17.281538198182194,0.3029934763908386,1,0,0,0,156,156,77.10806848243624,0,17.281538198182194,0.3029934763908386,1,0,0,0,158,158,105.75148173742741,0,17.281538198182194,0.3029934763908386,1,0,0,0,136,136,77.51130579727234,0,17.281538198182194,0.3029934763908386,1,0,0,0,152,152,113.32595636867543,0,17.281538198182194,0.3029934763908386,1,0,0,0,174,174,205.25925751187555,0,17.281538198182194,0.3029934763908386,1,0,0,0,80,80,49.06076711978148,0,16.62688702697602,0.3241511993770012,1,0,0,0,91,91,48.89057571205296,0,17.281538198182194,0.3029934763908386,2,nuscenes_mf/v1.0-mini/mini_val/fcbccedd61424f1b85dcbf8f897f9754/e73ba8faf67d40c8b6b653489393ef8b,dev,60
25,ct_joint_full,0,0,0,0,0,0,0,0,0,-1.0,0,9.836771965026855,3.4820001125335693,57.95377780085249,0,0,0,0,0.500432014465332,1.0005439519882202,0,0,0,0,0,1,0,0,1,0,1,0.0,0.0,0.0,20.075865941454403,0.0,20.0787909812709,23.481643963667633,22.0204750594823,-21.722919433785815,-3.6077813734328017,1.4788805174024917,1,11.282452588566297,17.725039850251186,0,0,0,20.075865941454403,0.0,20.0787909812709,20.075865941454403,0.0,20.0787909812709,20.075865941454403,20.075865941454403,20.075865941454403,0.0,0,0,1,20.075865941454403,0.0,20.0787909812709,0.0,0.0,0.0,0.0,0.0,0.0,0.0,0.0,0.0,0.0,0.0,20.075865941454403,0.0,0.0,0.0,0.0,0.0,-0.7985732555389404,-0.006653772201389074,-12.528745310297294,-3.5665443431743262,0,0,0.0,5.737020492553711,1.9600942134857178,0.0,0.0,0.0,0.0,0.0,0.0,0.0,0.0,0,2,58,65,34688,0,0,116,1024,0,0,17,36,0,36,36,0,0,0,0,0,0,0,22.02047505948232,0.33011062294244775,21.03335196216629,0.33011062294244775,b1,0,3.482,7.833,1.692,3.482,9.836771970484499,1.692,0,0,0,0,0,0,0,0,1,0,0,0,20,20,71.2321314760968,0,22.02047505948232,0.33011062294244775,1,0,0,0,32,32,113.3314999607876,0,22.02047505948232,0.33011062294244775,1,0,0,0,35,35,155.43086844547838,0,22.02047505948232,0.33011062294244775,1,0,0,0,29,29,106.43340062601304,0,22.02047505948232,0.33011062294244775,1,0,0,0,42,42,148.40266977592927,0,22.02047505948232,0.33011062294244775,1,0,0,0,73,73,252.6452080753678,0,22.02047505948232,0.33011062294244775,1,0,0,0,9,9,71.63750074969305,0,23.481643991910506,0.38791115073712445,1,0,0,0,20,20,75.26598352689045,0,22.02047505948232,0.33011062294244775,2,nuscenes_mf/v1.0-mini/mini_val/fcbccedd61424f1b85dcbf8f897f9754/e73ba8faf67d40c8b6b653489393ef8b,dev,60
26,ct_joint_full,0,0,0,0,0,0,0,0,0,-1.0,0,7.868656158447266,3.4820001125335693,46.35853633887887,0,0,0,0,0.5999610424041748,1.1988685131072998,0,0,0,0,0,1,0,0,1,0,0,0.0,0.0,0.0,21.760929696143382,0.0,21.763545307817104,19.428358674676012,20.06679775173074,19.700338778305582,3.817464593567869,0.6513877050009412,1,65.1909098763958,128.0910358706505,0,0,0,21.760929696143382,0.0,21.763545307817104,21.760929696143382,0.0,21.763545307817104,21.760929696143382,21.760929696143382,21.760929696143382,0.0,0,0,1,21.760929696143382,0.0,21.763545307817104,0.0,0.0,0.0,0.0,0.0,0.0,0.0,0.0,0.0,0.0,0.0,21.760929696143382,0.0,0.0,0.0,0.0,0.0,-0.3000567555427551,0.002811267739161849,8.774869582771837,3.250539813630107,0,0,0.0,1.7730406522750854,1.7730406522750854,0.0,0.0,0.0,0.0,0.0,0.0,0.0,0.0,0,2,21,23,34720,0,0,100,1024,0,0,28,28,0,28,28,0,0,0,0,0,0,0,20.066797751730817,0.3177155822515487,20.08453934951606,0.3177155822515487,b1,0,3.482,7.833,1.692,3.482,7.868656212865234,1.692,0,0,0,0,0,0,0,0,1,0,0,0,11,11,46.59380110011901,0,20.066797751730817,0.3177155822515487,1,0,0,0,29,29,74.13150860609953,0,20.066797751730817,0.3177155822515487,1,0,0,0,31,31,101.66921611208004,0,20.066797751730817,0.3177155822515487,1,0,0,0,30,30,75.13472608686145,0,20.066797751730817,0.3177155822515487,1,0,0,0,37,37,110.44365107478572,0,20.066797751730817,0.3177155822515487,1,0,0,0,65,65,201.36550104905848,0,20.066797751730817,0.3177155822515487,1,0,0,0,21,21,50.91805879960467,0,19.428358630176742,0.3231991156537073,1,0,0,0,11,11,48.16399870788282,0,20.066797751730817,0.3177155822515487,2,nuscenes_mf/v1.0-mini/mini_val/fcbccedd61424f1b85dcbf8f897f9754/e73ba8faf67d40c8b6b653489393ef8b,dev,60
27,ct_joint_full,0,0,0,0,0,0,0,0,0,-1.0,0,8.339156150817871,3.4820001125335693,49.130507887075105,0,0,0,0,0.4003429412841797,0.7276362776756287,0,0,0,0,0,1,0,0,1,0,1,0.0,0.0,0.0,21.78835490450271,0.0,21.791170439267578,23.064086655242967,22.258863826422626,-22.01320222435729,-3.297873848074238,0.8133937943516247,1,7.886189390767393,9.716833213068599,0,0,0,21.78835490450271,0.0,21.791170439267578,21.78835490450271,0.0,21.791170439267578,21.78835490450271,21.78835490450271,21.78835490450271,0.0,0,0,1,21.78835490450271,0.0,21.791170439267578,0.0,0.0,0.0,0.0,0.0,0.0,0.0,0.0,0.0,0.0,0.0,21.78835490450271,0.0,0.0,0.0,0.0,0.0,-0.904832124710083,-0.006521617993712425,-25.39289024572795,-6.176807179995023,0,0,0.0,7.681739330291748,2.688347816467285,0.0,0.0,0.0,0.0,0.0,0.0,0.0,0.0,0,2,102,108,34752,0,0,29,1024,0,0,6,6,0,6,6,0,0,0,0,0,0,0,22.258863826422672,0.3374064683914184,22.008877946420103,0.3374064683914184,b1,0,3.482,7.833,1.692,3.482,8.339156192972816,1.692,0,0,0,0,0,0,0,0,1,0,0,0,4,4,52.48458045382238,0,22.258863826422672,0.3374064683914184,1,0,0,0,9,9,83.50383604118787,0,22.258863826422672,0.3374064683914184,1,0,0,0,9,9,114.52309162855335,0,22.258863826422672,0.3374064683914184,1,0,0,0,11,11,82.61791670318784,0,22.258863826422672,0.3374064683914184,1,0,0,0,14,14,119.51925295294726,0,22.258863826422672,0.3374064683914184,1,0,0,0,21,21,213.62592545207215,0,22.258863826422672,0.3374064683914184,1,0,0,0,7,7,54.682399169121425,0,23.06408657949851,0.35110165043354336,1,0,0,0,4,4,53.62690757879795,0,22.258863826422672,0.3374064683914184,2,nuscenes_mf/v1.0-mini/mini_val/fcbccedd61424f1b85dcbf8f897f9754/e73ba8faf67d40c8b6b653489393ef8b,dev,60
28,ct_joint_full,0,0,0,0,0,0,0,0,0,-1.0,0,7.847611427307129,3.4820001125335693,46.234550373085376,0,0,0,0,0.4998791217803955,0.9994544386863708,0,0,0,0,0,1,0,0,1,0,1,0.0,0.0,0.0,21.99795732361224,0.0,22.000771790606496,21.593123824389746,21.906298193266455,21.504523297561615,4.176286885225041,0.31943793534037646,1,67.76269920861414,132.95837394785266,0,0,0,21.99795732361224,0.0,22.000771790606496,21.99795732361224,0.0,22.000771790606496,21.99795732361224,21.99795732361224,21.99795732361224,0.0,0,0,1,21.99795732361224,0.0,22.000771790606496,0.0,0.0,0.0,0.0,0.0,0.0,0.0,0.0,0.0,0.0,0.0,21.99795732361224,0.0,0.0,0.0,0.0,0.0,-0.30242234468460083,0.0026444962713867426,20.056876350531294,6.786490705909302,0,0,0.0,1.8998143672943115,1.8998143672943115,0.0,0.0,0.0,0.0,0.0,0.0,0.0,0.0,0,2,34,38,34720,0,0,14,1024,0,0,4,4,0,4,4,0,0,0,0,0,0,0,21.90629819326647,0.3502851247787475,21.899326341946463,0.3502851247787475,b1,0,3.482,7.833,1.692,3.482,7.847611585072361,1.692,0,0,0,0,0,0,0,0,1,0,0,0,4,4,46.3307729092827,0,21.90629819326647,0.3502851247787475,1,0,0,0,4,4,73.71302640176658,0,21.90629819326647,0.3502851247787475,1,0,0,0,4,4,101.09527989425045,0,21.90629819326647,0.3502851247787475,1,0,0,0,9,9,74.8005885770386,0,21.90629819326647,0.3502851247787475,1,0,0,0,10,10,110.03840424518845,0,21.90629819326647,0.3502851247787475,1,0,0,0,16,16,200.81803557951838,0,21.90629819326647,0.3502851247787475,1,0,0,0,4,4,48.22870362686888,0,21.59312380777037,0.36628442894923463,1,0,0,0,4,4,46.837454588067956,0,21.90629819326647,0.3502851247787475,2,nuscenes_mf/v1.0-mini/mini_val/fcbccedd61424f1b85dcbf8f897f9754/e73ba8faf67d40c8b6b653489393ef8b,dev,60
29,ct_joint_full,0,0,0,0,0,0,0,0,0,-1.0,0,7.840272903442383,3.4820001125335693,46.191315134639694,0,0,0,0,0.5009880065917969,1.1130321025848389,0,0,0,0,0,1,0,0,1,0,1,0.0,0.0,0.0,22.140952086166376,0.0,22.144110435257975,22.228069022306947,22.110221537012116,-21.966078309692204,2.5205860856236377,0.11865383156785689,1,56.48927501138287,110.86563575856363,0,0,0,22.140952086166376,0.0,22.144110435257975,22.140952086166376,0.0,22.144110435257975,22.140952086166376,22.140952086166376,22.140952086166376,0.0,0,0,1,22.140952086166376,0.0,22.144110435257975,0.0,0.0,0.0,0.0,0.0,0.0,0.0,0.0,0.0,0.0,0.0,22.140952086166376,0.0,0.0,0.0,0.0,0.0,-0.28936007618904114,-0.0010997683275491,-53.85803556394534,8.614757015817613,0,0,0.0,2.1194281578063965,1.3570468425750732,0.0,0.0,0.0,0.0,0.0,0.0,0.0,0.0,0,2,44,45,34752,0,0,9,1024,0,0,5,5,0,5,5,0,0,0,0,0,0,0,22.110221537012208,0.35189909189939494,22.106593957400253,0.35189909189939494,b1,0,3.482,7.833,1.692,3.482,7.840272972024458,1.692,0,0,0,0,0,0,0,0,1,0,0,0,1,1,46.23946193897444,0,22.110221537012208,0.35189909189939494,1,0,0,0,1,1,73.5677491369499,0,22.110221537012208,0.35189909189939494,1,0,0,0,1,1,100.89603633492534,0,22.110221537012208,0.35189909189939494,1,0,0,0,4,4,74.68458562779797,0,22.110221537012208,0.35189909189939494,1,0,0,0,6,6,109.89770931780336,0,22.110221537012208,0.35189909189939494,1,0,0,0,11,11,200.62795669899597,0,22.110221537012208,0.35189909189939494,1,0,0,0,1,1,46.90405191598042,0,22.228069030079215,0.34948224140364004,1,0,0,0,1,1,46.25319087271627,0,22.110221537012208,0.35189909189939494,2,nuscenes_mf/v1.0-mini/mini_val/fcbccedd61424f1b85dcbf8f897f9754/e73ba8faf67d40c8b6b653489393ef8b,dev,60
30,ct_joint_full,0,0,0,0,0,0,0,0,0,-1.0,0,7.851906776428223,3.4820001125335693,46.25985661271623,0,0,0,0,0.4993109703063965,0.9977567791938782,0,0,0,0,0,1,0,0,1,0,1,0.0,0.0,0.0,22.361543576582605,0.0,22.364728412633493,22.16317033988879,22.123303542227017,-22.100499799186963,-1.0042379369520096,0.039913099968174104,1,207.56802370592425,414.8051388749375,0,0,0,22.361543576582605,0.0,22.364728412633493,22.361543576582605,0.0,22.364728412633493,22.361543576582605,22.361543576582605,22.361543576582605,0.0,0,0,1,22.361543576582605,0.0,22.364728412633493,0.0,0.0,0.0,0.0,0.0,0.0,0.0,0.0,0.0,0.0,0.0,22.361543576582605,0.0,0.0,0.0,0.0,0.0,-0.09757350385189056,0.0003837680269498378,-54.1257370222416,-3.438665152571007,0,0,0.0,1.0862452983856201,1.0862452983856201,0.0,0.0,0.0,0.0,0.0,0.0,0.0,0.0,0,2,9,11,34720,0,0,7,1024,0,0,5,5,0,5,5,0,0,0,0,0,0,0,22.123303542226953,0.3739888861775398,22.132744441185405,0.3739888861775398,b1,0,3.482,7.833,1.692,3.482,7.851906694649681,1.692,0,0,0,0,0,0,0,0,1,0,0,0,1,1,46.38514090796559,0,22.123303542226953,0.3739888861775398,1,0,0,0,1,1,73.7995267873779,0,22.123303542226953,0.3739888861775398,1,0,0,0,1,1,101.2139126667902,0,22.123303542226953,0.3739888861775398,1,0,0,0,2,2,74.86964460076857,0,22.123303542226953,0.3739888861775398,1,0,0,0,3,3,110.12214829317757,0,22.123303542226953,0.3739888861775398,1,0,0,0,9,9,200.93115567917746,0,22.123303542226953,0.3739888861775398,1,0,0,0,1,1,46.433957405290165,0,22.163170335240967,0.4010942224013614,1,0,0,0,1,1,46.54928196416606,0,22.123303542226953,0.3739888861775398,2,nuscenes_mf/v1.0-mini/mini_val/fcbccedd61424f1b85dcbf8f897f9754/e73ba8faf67d40c8b6b653489393ef8b,dev,60
1,ct_joint_full,0,3,0,0,0,0,0,0,3,-1.0,0,0.0,0.0,0.0,0,0,0,0,0.4993109703063965,1.0,0,0,0,0,0,0,0,0,0,0,1,0.0,0.0,0.0,0.14822784436569408,0.8256093802297099,0.15405587908095394,0.10344563789732766,0.10344563789732766,0.0,0.0,0.0,0,0.0,0.0,0,0,0,0.14822784436569408,0.8256093802297099,0.15405587908095394,0.14822784436569408,0.8256093802297099,0.15405587908095394,0.14822784436569408,0.14822784436569408,0.14822784436569408,0.0,0,0,1,0.14822784436569408,0.8256093802297099,0.15405587908095394,0.0,0.0,0.0,0.0,0.0,0.0,0.0,0.0,0.0,0.0,0.0,0.14822784436569408,0.8256093802297099,0.0,0.0,0.0,0.0,-0.0,0.0,0.15158713836918553,0.31446060075621035,1,1,0.0,2.0823721885681152,2.0823721885681152,0.0,0.0,0.0,0.0,0.0,0.0,0.0,0.0,0,2,3,3,34720,3,304,10,1024,0,0,0,0,0,0,0,0,0,0,0,0,0,0,0.0,0.0,0.0,0.0,base_only,0,0.0,0.0,0.0,0.0,0.0,0.0,0,0,0,0,0,0,0,0,0,0,0,0,0,0,0.0,0,0.0,0.0,0,0,0,0,0,0,0.0,0,0.0,0.0,0,0,0,0,0,0,0.0,0,0.0,0.0,0,0,0,0,0,0,0.0,0,0.0,0.0,0,0,0,0,0,0,0.0,0,0.0,0.0,0,0,0,0,0,0,0.0,0,0.0,0.0,0,0,0,0,0,0,0.0,0,0.0,0.0,0,0,0,0,0,0,0.0,0,0.0,0.0,3,nuscenes_mf/v1.0-mini/mini_val/fcbccedd61424f1b85dcbf8f897f9754/71cb36c9a35343b7961454d5c3695a9f,dev,60
2,ct_joint_full,0,1,1,0,0,0,0,1,1,-1.0,0,9.130768775939941,3.927999973297119,54.69512989470929,0,0,0,0,0.5004231929779053,1.0010950565338135,0,0,0,0,0,1,0,0,1,0,1,0.0,0.0,0.0,0.26252370959429494,0.7296077628860829,0.296169416116321,0.24798790293071413,0.544633216701107,0.5426130070708355,0.04686646233438595,0.2987691917159324,1,2.8284557730408504,0.017687493652501378,1,1,1,0.26252370959429494,0.7296077628860829,0.296169416116321,0.26252370959429494,0.7296077628860829,0.296169416116321,0.26252370959429494,0.26252370959429494,0.26252370959429494,0.0,0,0,1,0.26252370959429494,0.7296077628860829,0.296169416116321,0.0,0.0,0.0,0.0,0.0,0.0,0.0,0.0,0.0,0.0,0.0,0.26252370959429494,0.7296077628860829,0.0,0.0,0.0,0.0,-0.7964794635772705,-0.0063538881950080395,0.6500803997242331,0.16403027733230496,1,1,0.0,4.095160961151123,4.095160961151123,0.0,0.0,0.0,0.0,0.0,0.0,0.0,0.0,0,2,1,1,34784,1,80,13,1024,1,1,1,1,1,1,0,0,0,0,1,1,1,1,0.5446332167010324,0.15,0.3959114962809794,0.15,b1,0,3.928,8.832,1.525,3.928,9.130769191715931,1.525,0,0,0,0,0,0,0,0,1,0,0,0,0,0,56.70713043047581,0,0.5446332167010324,0.15,1,0,0,0,0,0,93.89213399144354,0,0.5446332167010324,0.15,1,0,0,0,0,0,131.0771375524113,0,0.5446332167010324,0.15,1,0,0,0,0,0,86.1175686705741,0,0.5446332167010324,0.15,1,1,1,1,14,13,121.628006908542,0,0.5446332167010324,0.15,1,1,1,1,25,24,210.94888338802846,0,0.5446332167010324,0.15,1,0,0,0,0,0,52.90544640081934,0,0.24798790293071407,0.15,1,0,0,0,0,0,56.70713043047581,0,0.5446332167010324,0.15,4,nuscenes_mf/v1.0-mini/mini_val/fcbccedd61424f1b85dcbf8f897f9754/d0f5aace57684923b8a44b554b006fb2,dev,60
3,ct_joint_full,0,9,9,0,0,0,0,1,9,-1.0,0,8.868020057678223,3.927999973297119,53.1212125578842,0,0,0,0,0.5004379749298096,1.0005768537521362,0,0,0,0,0,1,0,0,1,0,1,0.0,0.0,0.0,0.3117835081894077,0.5573851827639834,0.45016929491886565,0.40469564300572675,0.3553581164876499,-0.30035751577976755,-0.18990723084054265,0.05697884940586033,1,0.8661212524648931,0.05457989392209578,1,1,1,0.3117835081894077,0.5573851827639834,0.45016929491886565,0.3117835081894077,0.5573851827639834,0.45016929491886565,0.3117835081894077,0.3117835081894077,0.3117835081894077,0.0,0,0,1,0.3117835081894077,0.5573851827639834,0.45016929491886565,0.0,0.0,0.0,0.0,0.0,0.0,0.0,0.0,0.0,0.0,0.0,0.3117835081894077,0.5573851827639834,0.0,0.0,0.0,0.0,-0.14857889711856842,-0.00023150566266849637,-0.9317961351180049,-0.6802763042518711,1,1,0.0,1.5210723876953125,1.5210723876953125,0.0,0.0,0.0,0.0,0.0,0.0,0.0,0.0,0,2,6,9,34720,9,657,14,1024,9,9,9,9,9,9,0,3,3,0,1,1,1,1,0.35535811648767873,0.32910443079471585,0.37072224909696416,0.32910443079471585,b1,0,3.928,8.832,1.525,3.928,8.86802030675669,1.525,0,0,0,0,0,0,0,0,1,3,3,1,14,11,53.363790003582835,0,0.35535811648767873,0.32910443079471585,1,3,3,1,14,11,88.3564391862601,0,0.35535811648767873,0.32910443079471585,1,3,3,1,14,11,123.34908836893737,0,0.35535811648767873,0.32910443079471585,1,6,6,1,27,21,81.9728518537362,0,0.35535811648767873,0.32910443079471585,1,9,9,1,49,40,116.68191369820852,0,0.35535811648767873,0.32910443079471585,1,9,9,1,60,51,204.40003739354432,0,0.35535811648767873,0.32910443079471585,1,3,3,1,14,11,53.181184605783315,0,0.4046956438500513,0.31298263353925204,1,3,3,1,14,11,53.513982215208415,0,0.35535811648767873,0.32910443079471585,4,nuscenes_mf/v1.0-mini/mini_val/fcbccedd61424f1b85dcbf8f897f9754/d0f5aace57684923b8a44b554b006fb2,dev,60
4,ct_joint_full,0,14,14,0,0,0,0,1,14,-1.0,0,8.870100975036621,3.927999973297119,53.133677668764854,0,0,0,0,0.5004358291625977,1.0000104904174805,0,0,0,0,0,1,0,0,1,0,1,0.0,0.0,0.0,0.4727399944748745,0.400416390974502,0.699491632429407,0.33913215748414666,0.3978482836261057,0.3942940300985276,0.053061074020201354,0.05929782650045836,1,0.427453560904293,0.1090097691131209,1,1,1,0.4727399944748745,0.400416390974502,0.699491632429407,0.4727399944748745,0.400416390974502,0.699491632429407,0.4727399944748745,0.4727399944748745,0.4727399944748745,0.0,0,0,1,0.4727399944748745,0.400416390974502,0.699491632429407,0.0,0.0,0.0,0.0,0.0,0.0,0.0,0.0,0.0,0.0,0.0,0.4727399944748745,0.400416390974502,0.0,0.0,0.0,0.0,-0.14108587801456451,-0.0008790192077867687,0.7970574820463836,0.17738355670613545,1,1,0.0,1.204993724822998,1.204993724822998,0.0,0.0,0.0,0.0,0.0,0.0,0.0,0.0,0,2,14,14,34688,14,242,59,1024,14,14,40,40,14,40,26,4,4,0,1,1,1,1,0.39784828362604024,0.5157205538749695,0.4167192484948804,0.5157205538749695,b1,0,3.928,8.832,1.525,3.928,8.870100986697098,1.525,0,0,0,0,0,0,0,0,1,4,4,1,4,0,53.39026016521966,0,0.39784828362604024,0.5157205538749695,1,4,4,1,4,0,88.40026683093747,0,0.39784828362604024,0.5157205538749695,1,4,4,1,4,0,123.41027349665528,0,0.39784828362604024,0.5157205538749695,1,6,6,1,12,6,82.00566680363845,0,0.39784828362604024,0.5157205538749695,1,14,14,1,55,41,116.72107344418764,0,0.39784828362604024,0.5157205538749695,1,14,14,1,95,81,204.4518867231556,0,0.39784828362604024,0.5157205538749695,1,4,4,1,4,0,53.92083710327093,0,0.33913215670782904,0.5134647272339667,1,4,4,1,4,0,53.808557270699936,0,0.39784828362604024,0.5157205538749695,4,nuscenes_mf/v1.0-mini/mini_val/fcbccedd61424f1b85dcbf8f897f9754/d0f5aace57684923b8a44b554b006fb2,dev,60
5,ct_joint_full,0,20,14,0,0,0,0,1,20,-1.0,0,8.859842300415039,3.927999973297119,53.07222615742514,0,0,0,0,0.49986720085144043,0.9988616108894348,0,0,0,0,0,1,0,0,1,0,1,0.0,0.0,0.0,1.3757161518624494,0.25647365882459566,1.4946876874190007,0.526524494211877,0.48943176491082047,-0.48931446050694644,-0.010714831704969112,0.03710283044368792,1,0.32048249234485815,0.19131258109665297,1,1,1,1.3757161518624494,0.25647365882459566,1.4946876874190007,1.3757161518624494,0.25647365882459566,1.4946876874190007,1.3757161518624494,1.3757161518624494,1.3757161518624494,0.0,0,0,1,1.3757161518624494,0.25647365882459566,1.4946876874190007,0.0,0.0,0.0,0.0,0.0,0.0,0.0,0.0,0.0,0.0,0.0,1.3757161518624494,0.25647365882459566,0.0,0.0,0.0,0.0,-0.08612058311700821,0.00028283364372327924,-1.2218872275254866,-0.03509036766600717,0,1,0.0,1.1189749240875244,1.1189749240875244,0.0,0.0,0.0,0.0,0.0,0.0,0.0,0.0,0,2,11,20,34688,20,420,48,1024,14,14,17,17,14,17,3,6,0,6,1,1,1,1,0.48943176491089213,0.5825632274150848,0.47551293960033797,0.5825632274150848,b1,0,3.928,8.832,1.525,3.928,8.859842724112852,1.525,0,0,0,0,0,0,0,0,1,6,0,0,13,13,53.25973304013023,0,0.48943176491089213,0.5825632274150848,1,6,6,1,19,13,88.18414814841235,0,0.48943176491089213,0.5825632274150848,1,6,6,1,19,13,123.10856325669447,0,0.48943176491089213,0.5825632274150848,1,7,1,1,40,39,81.8438531467691,0,0.48943176491089213,0.5825632274150848,1,18,12,1,88,76,116.52797325482824,0,0.48943176491089213,0.5825632274150848,1,20,14,1,151,137,204.19621346952624,0,0.48943176491089213,0.5825632274150848,1,6,0,0,14,14,53.483647754735685,0,0.526524493851462,0.5834603105071776,1,6,0,0,13,13,53.44139859774962,0,0.48943176491089213,0.5825632274150848,4,nuscenes_mf/v1.0-mini/mini_val/fcbccedd61424f1b85dcbf8f897f9754/d0f5aace57684923b8a44b554b006fb2,dev,60
6,ct_joint_full,0,55,47,0,0,0,0,1,55,-1.0,0,9.192567825317383,3.927999973297119,55.06531855198593,0,0,0,0,0.4998908042907715,0.9994787573814392,0,0,0,0,0,1,0,0,1,0,0,0.0,0.0,0.0,1.1049396130630749,0.2611673603390453,1.2760696394210944,2.4999735179926565,1.7249347915000939,-1.7243010198745952,-0.046757441477173034,0.7751779126128234,1,3.4980699053185953,0.03343372161741508,1,1,1,1.1049396130630749,0.2611673603390453,1.2760696394210944,1.1049396130630749,0.2611673603390453,1.2760696394210944,1.1049396130630749,1.1049396130630749,1.1049396130630749,0.0,0,0,1,1.1049396130630749,0.2611673603390453,1.2760696394210944,0.0,0.0,0.0,0.0,0.0,0.0,0.0,0.0,0.0,0.0,0.0,1.1049396130630749,0.2611673603390453,0.0,0.0,0.0,0.0,-0.9516190886497498,-0.00673000980168581,-3.068414616581053,-0.1012300121566043,0,1,0.0,9.456401824951172,3.43721342086792,0.0,0.0,0.0,0.0,0.0,0.0,0.0,0.0,0,2,48,55,34720,55,462,126,1024,47,47,64,64,47,64,17,12,12,0,1,1,1,1,1.7249347915001052,0.6513768924474717,1.5447836688043783,0.6513768924474717,b1,0,3.928,8.832,1.525,3.928,9.192568154604928,1.525,0,0,0,0,0,0,0,0,1,12,12,1,44,32,57.49342838758602,0,1.7249347915001052,0.6513768924474717,1,12,12,1,44,32,95.19403716633096,0,1.7249347915001052,0.6513768924474717,1,12,12,1,44,32,132.8946459450759,0,1.7249347915001052,0.6513768924474717,1,13,13,1,68,55,87.09233780922368,0,1.7249347915001052,0.6513768924474717,1,24,16,1,123,107,122.79124723228159,0,1.7249347915001052,0.6513768924474717,1,55,47,1,216,169,212.48906607697717,0,1.7249347915001052,0.6513768924474717,1,12,12,1,41,29,61.008695994806736,0,2.499973582844997,0.6536831127268121,1,12,12,1,44,32,59.441345313110936,0,1.7249347915001052,0.6513768924474717,4,nuscenes_mf/v1.0-mini/mini_val/fcbccedd61424f1b85dcbf8f897f9754/d0f5aace57684923b8a44b554b006fb2,dev,60
7,ct_joint_full,0,141,117,0,0,0,0,1,141,-1.0,0,8.855053901672363,3.927999973297119,53.043542691920194,0,0,0,0,0.4993271827697754,0.9988961219787598,0,0,0,0,0,1,0,0,1,0,0,0.0,0.0,0.0,1.525311550923208,0.19839593020922067,1.6827836448308773,0.5452320730726363,1.0700531741878194,1.0630665236738257,0.12207940525913652,0.532793227937314,1,2.3095426667979257,0.06239440227566106,1,1,1,1.525311550923208,0.19839593020922067,1.6827836448308773,1.525311550923208,0.19839593020922067,1.6827836448308773,1.525311550923208,1.525311550923208,1.525311550923208,0.0,0,0,1,1.525311550923208,0.19839593020922067,1.6827836448308773,0.0,0.0,0.0,0.0,0.0,0.0,0.0,0.0,0.0,0.0,0.0,1.525311550923208,0.19839593020922067,0.0,0.0,0.0,0.0,-0.5532940626144409,0.008215872570872307,0.5507196620648089,0.22278986634959377,1,1,0.0,4.361114501953125,2.2380785942077637,0.0,0.0,0.0,0.0,0.0,0.0,0.0,0.0,0,2,100,141,34720,141,424,321,1024,117,117,167,167,117,167,50,53,47,6,1,1,1,1,1.0700531741877677,0.7043276401162147,1.0815341136554544,0.7043276401162147,b1,0,3.928,8.832,1.525,3.928,8.855053856134301,1.525,0,0,0,0,0,0,0,0,1,53,47,1,123,76,53.19557273738319,0,1.0700531741877677,0.7043276401162147,1,53,53,1,129,76,88.07791551599512,0,1.0700531741877677,0.7043276401162147,1,53,53,1,129,76,122.96025829460704,0,1.0700531741877677,0.7043276401162147,1,79,62,1,194,132,81.76435675559333,0,1.0700531741877677,0.7043276401162147,1,115,91,1,313,222,116.43314077238318,0,1.0700531741877677,0.7043276401162147,1,141,117,1,564,447,204.0707088059629,0,1.0700531741877677,0.7043276401162147,1,58,50,1,152,102,57.09598497498327,0,0.5452320342607107,0.687585636612705,1,53,47,1,123,76,54.656032094402605,0,1.0700531741877677,0.7043276401162147,4,nuscenes_mf/v1.0-mini/mini_val/fcbccedd61424f1b85dcbf8f897f9754/d0f5aace57684923b8a44b554b006fb2,dev,60
8,ct_joint_full,0,333,266,0,0,0,0,1,333,-1.0,0,8.842745780944824,3.927999973297119,52.96981458879197,0,0,0,0,0.49986886978149414,1.00052011013031,0,0,0,0,0,1,0,0,1,0,0,0.0,0.0,0.0,1.1589138115153936,0.2197873305341213,1.3682279305716372,2.0543709556545595,1.4373836076825903,-1.4352990895117748,-0.0773826795619858,0.6176203692714075,1,3.0444453401578575,0.040391572954875075,1,1,1,1.1589138115153936,0.2197873305341213,1.3682279305716372,1.1589138115153936,0.2197873305341213,1.3682279305716372,1.1589138115153936,1.1589138115153936,1.1589138115153936,0.0,0,0,1,1.1589138115153936,0.2197873305341213,1.3682279305716372,0.0,0.0,0.0,0.0,0.0,0.0,0.0,0.0,0.0,0.0,0.0,1.1589138115153936,0.2197873305341213,0.0,0.0,0.0,0.0,-0.8550812602043152,0.00038031526491977274,-2.842220042808503,-0.17210098197781187,0,1,0.0,7.207461833953857,2.8551735877990723,0.0,0.0,0.0,0.0,0.0,0.0,0.0,0.0,0,2,255,333,34720,333,491,702,1024,266,266,369,371,266,371,105,150,94,56,1,1,1,1,1.4373836076825985,0.7447640029788017,1.4427432580077275,0.7447640029788017,b1,0,3.928,8.832,1.525,3.928,8.84274532464866,1.525,0,0,0,0,0,0,0,0,1,150,94,1,253,159,53.04216723470017,0,1.4373836076825985,0.7447640029788017,1,150,135,1,294,159,87.82391624106094,0,1.4373836076825985,0.7447640029788017,1,150,150,1,309,159,122.60566524742171,0,1.4373836076825985,0.7447640029788017,1,187,121,1,392,271,81.57413840855006,0,1.4373836076825985,0.7447640029788017,1,209,143,1,645,502,116.20610958239995,0,1.4373836076825985,0.7447640029788017,1,319,253,1,1363,1110,203.77005193152,0,1.4373836076825985,0.7447640029788017,1,132,82,1,238,156,57.27158067966108,0,2.054370960521305,0.7560828892135901,1,150,94,1,253,159,54.52207124982781,0,1.4373836076825985,0.7447640029788017,4,nuscenes_mf/v1.0-mini/mini_val/fcbccedd61424f1b85dcbf8f897f9754/d0f5aace57684923b8a44b554b006fb2,dev,60
9,ct_joint_full,0,636,457,0,0,0,0,1,636,-1.0,0,8.852167129516602,3.927999973297119,53.02625034974066,0,0,0,0,0.49987006187438965,1.000544548034668,0,0,0,0,0,1,0,0,1,0,0,0.0,0.0,0.0,1.2416191210143297,0.2002838734326155,1.4556256430183456,0.6205378151796126,1.1015312455090263,1.0847665004592422,0.19144920985103597,0.4950942111380064,1,2.5652083589036843,0.04882570771367954,1,1,1,1.2416191210143297,0.2002838734326155,1.4556256430183456,1.2416191210143297,0.2002838734326155,1.4556256430183456,1.2416191210143297,1.2416191210143297,1.2416191210143297,0.0,0,0,1,1.2416191210143297,0.2002838734326155,1.4556256430183456,0.0,0.0,0.0,0.0,0.0,0.0,0.0,0.0,0.0,0.0,0.0,1.2416191210143297,0.2002838734326155,0.0,0.0,0.0,0.0,-0.6709824204444885,0.003970013000071049,0.799170315319147,0.42342234385908234,1,1,0.0,5.260173797607422,2.4124224185943604,0.0,0.0,0.0,0.0,0.0,0.0,0.0,0.0,0,2,463,636,34688,636,431,1465,1024,457,457,689,693,457,693,236,379,251,128,1,1,1,1,1.1015312455090867,0.7603007957339287,1.0918017469951247,0.7603007957339287,b1,0,3.928,8.832,1.525,3.928,8.852167571364202,1.525,0,0,0,0,0,0,0,0,1,379,251,1,695,444,53.161521364876535,0,1.1015312455090867,0.7603007957339287,1,379,353,1,797,444,88.02153537463164,0,1.1015312455090867,0.7603007957339287,1,379,379,1,823,444,122.88154938438674,0,1.1015312455090867,0.7603007957339287,1,442,295,1,1159,864,81.72210806752554,0,1.1015312455090867,0.7603007957339287,1,515,345,1,1762,1417,116.3826947666239,0,1.1015312455090867,0.7603007957339287,1,628,449,1,3044,2595,204.00386816837124,0,1.1015312455090867,0.7603007957339287,1,402,272,1,809,537,56.66208687465555,0,0.6205377992950872,0.736857640125833,1,379,254,1,698,444,54.60315061839976,0,1.1015312455090867,0.7603007957339287,4,nuscenes_mf/v1.0-mini/mini_val/fcbccedd61424f1b85dcbf8f897f9754/d0f5aace57684923b8a44b554b006fb2,dev,60
10,ct_joint_full,0,879,620,0,0,0,0,1,879,-1.0,0,8.84028148651123,3.927999973297119,52.955052972606985,0,0,0,0,0.4998760223388672,1.0000131130218506,0,0,0,0,0,1,0,0,1,0,0,0.0,0.0,0.0,0.8911657174688956,0.2191416148349447,1.180813506175934,1.4361552857148834,1.1731462402232158,-1.1705570030114412,-0.07790054177699449,0.2635275327128587,1,1.738966746457868,0.14190432097207112,1,1,1,0.8911657174688956,0.2191416148349447,1.180813506175934,0.8911657174688956,0.2191416148349447,1.180813506175934,0.8911657174688956,0.8911657174688956,0.8911657174688956,0.0,0,0,1,0.8911657174688956,0.2191416148349447,1.180813506175934,0.0,0.0,0.0,0.0,0.0,0.0,0.0,0.0,0.0,0.0,0.0,0.8911657174688956,0.2191416148349447,0.0,0.0,0.0,0.0,-0.43880724906921387,0.002021104795858264,-2.387944102049933,-0.19887120068664182,0,1,0.0,3.1308162212371826,1.6933703422546387,0.0,0.0,0.0,0.0,0.0,0.0,0.0,0.0,0,2,655,879,34688,879,430,2093,1024,620,620,1000,1001,620,1001,381,559,362,197,1,0,1,0,1.1731462402232247,0.7927552046179772,1.1690073495220725,0.7927552046179772,b1,0,3.928,8.832,1.525,3.928,8.840281116197055,1.525,0,0,0,0,0,0,0,0,1,559,362,1,1323,961,53.01056997550185,0,1.1731462402232247,0.7927552046179772,1,559,523,1,1484,961,87.77159946763422,0,1.1731462402232247,0.7927552046179772,1,559,559,1,1520,961,122.53262895976658,0,1.1731462402232247,0.7927552046179772,1,690,460,1,2061,1601,81.53497069700387,0,1.1731462402232247,0.7927552046179772,1,767,515,1,2710,2195,116.15937141708564,0,1.1731462402232247,0.7927552046179772,1,869,610,1,3916,3306,203.7081728586694,0,1.1731462402232247,0.7927552046179772,1,534,346,1,1357,1011,54.83565433940074,0,1.436155294233979,0.7964391273474289,1,559,362,1,1323,961,53.47431568940151,0,1.1731462402232247,0.7927552046179772,4,nuscenes_mf/v1.0-mini/mini_val/fcbccedd61424f1b85dcbf8f897f9754/d0f5aace57684923b8a44b554b006fb2,dev,60
11,ct_joint_full,0,894,594,0,0,0,0,1,894,-1.0,0,8.88975715637207,3.927999973297119,53.25142212355921,0,0,0,0,0.3992588520050049,0.7987205386161804,0,0,0,0,0,1,0,0,1,0,0,0.0,0.0,0.0,1.038591402143156,0.19859424979062146,1.3011523052202807,0.5739290525973163,0.9078892318753101,0.8781603678289603,0.2304282537810807,0.3525207067633,1,2.301184414347671,0.0463937491589042,1,1,1,1.038591402143156,0.19859424979062146,1.3011523052202807,1.038591402143156,0.19859424979062146,1.3011523052202807,1.038591402143156,1.038591402143156,1.038591402143156,0.0,0,0,1,1.038591402143156,0.19859424979062146,1.3011523052202807,0.0,0.0,0.0,0.0,0.0,0.0,0.0,0.0,0.0,0.0,0.0,1.038591402143156,0.19859424979062146,0.0,0.0,0.0,0.0,-0.6712214946746826,1.8452410586178303e-06,1.0008508753993015,0.6629561746730955,0,1,0.0,4.791596412658691,2.036278486251831,0.0,0.0,0.0,0.0,0.0,0.0,0.0,0.0,0,2,699,894,34688,894,409,2272,1024,594,594,1020,1024,594,1024,430,750,476,274,1,0,1,0,0.9078892318753353,0.7876897445917129,0.8799867100539416,0.7876897445917129,b1,0,3.928,8.832,1.525,3.928,8.889757533661726,1.525,0,0,0,0,0,0,0,0,1,750,476,1,1819,1343,53.64038791349157,0,0.9078892318753353,0.7876897445917129,1,750,704,1,2047,1343,88.81441277479753,0,0.9078892318753353,0.7876897445917129,1,750,750,1,2093,1343,123.98843763610348,0,0.9078892318753353,0.7876897445917129,1,820,524,1,2534,2010,82.31574838974046,0,0.9078892318753353,0.7876897445917129,1,860,560,1,2970,2410,117.09110886740963,0,0.9078892318753353,0.7876897445917129,1,894,594,1,3644,3050,204.94182982345808,0,0.9078892318753353,0.7876897445917129,1,759,486,1,1888,1402,55.0301218498147,0,0.5739290353635516,0.7704663752278014,1,750,485,1,1828,1343,54.24254731884872,0,0.9078892318753353,0.7876897445917129,4,nuscenes_mf/v1.0-mini/mini_val/fcbccedd61424f1b85dcbf8f897f9754/d0f5aace57684923b8a44b554b006fb2,dev,60
12,ct_joint_full,0,727,467,0,0,0,0,1,727,-1.0,0,8.861180305480957,3.927999973297119,53.08024107519121,0,0,0,0,0.4998741149902344,1.1119002103805542,0,0,0,0,0,1,0,0,1,0,0,0.0,0.0,0.0,0.7706503623080114,0.22074504388005847,1.095501440134985,1.374169679325896,0.9716934209018866,-0.9650727333380963,-0.11323780048047287,0.4044676748779943,1,2.356774837302986,0.044419230079300445,1,1,1,0.7706503623080114,0.22074504388005847,1.095501440134985,0.7706503623080114,0.22074504388005847,1.095501440134985,0.7706503623080114,0.7706503623080114,0.7706503623080114,0.0,0,0,1,0.7706503623080114,0.22074504388005847,1.095501440134985,0.0,0.0,0.0,0.0,0.0,0.0,0.0,0.0,0.0,0.0,0.0,0.7706503623080114,0.22074504388005847,0.0,0.0,0.0,0.0,-0.6411293148994446,0.0013219978427514434,-2.1708855656864916,-0.27971365185532965,0,1,0.0,4.724001407623291,2.185640811920166,0.0,0.0,0.0,0.0,0.0,0.0,0.0,0.0,0,2,557,727,34720,727,336,2143,1024,467,467,893,897,467,897,430,612,370,242,1,0,1,0,0.9716934209019303,0.7957890154719353,0.986152875265463,0.7957890154719353,b1,0,3.928,8.832,1.525,3.928,8.861180725314831,1.525,0,0,0,0,0,0,0,0,1,612,370,1,1457,1087,53.276726714277174,0,0.9716934209019303,0.7957890154719353,1,612,575,1,1662,1087,88.21228521544253,0,0.9716934209019303,0.7957890154719353,1,612,612,1,1699,1087,123.1478437166079,0,0.9716934209019303,0.7957890154719353,1,672,418,1,2261,1843,81.8649205107591,0,0.9716934209019303,0.7957890154719353,1,704,444,1,2706,2262,116.5531143086613,0,0.9716934209019303,0.7957890154719353,1,727,467,1,3450,2983,204.2295019044657,0,0.9716934209019303,0.7957890154719353,1,591,359,1,1620,1261,55.36625537193343,0,1.3741696559187708,0.7945694548455451,1,612,370,1,1475,1105,53.792159724379054,0,0.9716934209019303,0.7957890154719353,4,nuscenes_mf/v1.0-mini/mini_val/fcbccedd61424f1b85dcbf8f897f9754/d0f5aace57684923b8a44b554b006fb2,dev,60
13,ct_joint_full,0,626,418,0,0,0,0,1,626,-1.0,0,8.84445571899414,3.927999973297119,52.980057459465215,0,0,0,0,0.49988603591918945,1.1119290590286255,0,0,0,0,0,1,0,0,1,0,0,0.0,0.0,0.0,0.9528220358575008,0.20123529327913364,1.233236654970203,0.3836678807352783,0.7455300901148162,0.7326016761711057,0.13823868815001578,0.37479016924568576,1,2.224685824353847,0.0317142733720009,1,1,1,0.9528220358575008,0.20123529327913364,1.233236654970203,0.9528220358575008,0.20123529327913364,1.233236654970203,0.9528220358575008,0.9528220358575008,0.9528220358575008,0.0,0,0,1,0.9528220358575008,0.20123529327913364,1.233236654970203,0.0,0.0,0.0,0.0,0.0,0.0,0.0,0.0,0.0,0.0,0.0,0.9528220358575008,0.20123529327913364,0.0,0.0,0.0,0.0,-0.6163419485092163,0.0005722949281334877,0.5884207339722004,0.3536352882605744,1,1,0.0,4.445404529571533,2.0481925010681152,0.0,0.0,0.0,0.0,0.0,0.0,0.0,0.0,0,2,473,626,34688,626,365,1881,1024,418,418,803,804,418,804,386,549,349,200,1,0,1,0,0.7455300901148354,0.7916022247672081,0.7394329831991472,0.7916022247672081,b1,0,3.928,8.832,1.525,3.928,8.844455908013588,1.525,0,0,0,0,0,0,0,0,1,549,349,1,1064,715,53.063929272547824,0,0.7455300901148354,0.7916022247672081,1,549,514,1,1229,715,87.85994846766116,0,0.7455300901148354,0.7916022247672081,1,549,549,1,1264,715,122.65596766277449,0,0.7455300901148354,0.7916022247672081,1,599,391,1,1833,1442,81.60111671896884,0,0.7455300901148354,0.7916022247672081,1,611,403,1,2301,1898,116.23830416396959,0,0.7455300901148354,0.7916022247672081,1,626,418,1,3143,2725,203.8126790546812,0,0.7455300901148354,0.7916022247672081,1,550,370,1,1122,752,55.453170009081184,0,0.38366790193176814,0.7709949107170535,1,549,372,1,1087,715,53.706689410376775,0,0.7455300901148354,0.7916022247672081,4,nuscenes_mf/v1.0-mini/mini_val/fcbccedd61424f1b85dcbf8f897f9754/d0f5aace57684923b8a44b554b006fb2,dev,60
14,ct_joint_full,0,532,350,0,0,0,0,1,532,-1.0,0,8.848820686340332,3.927999973297119,53.006204486275834,0,0,0,0,0.4998509883880615,0.9999418258666992,0,0,0,0,0,1,0,0,1,0,0,0.0,0.0,0.0,0.6929094554193613,0.224980631181529,1.0399024768705585,1.249091181460442,0.8989979350017903,-0.8814597195539996,-0.17670899451860442,0.35512012596344683,1,2.1294739482859932,0.052545713992945886,1,1,1,0.6929094554193613,0.224980631181529,1.0399024768705585,0.6929094554193613,0.224980631181529,1.0399024768705585,0.6929094554193613,0.6929094554193613,0.6929094554193613,0.0,0,0,1,0.6929094554193613,0.224980631181529,1.0399024768705585,0.0,0.0,0.0,0.0,0.0,0.0,0.0,0.0,0.0,0.0,0.0,0.6929094554193613,0.224980631181529,0.0,0.0,0.0,0.0,-0.5885539054870605,0.0009208547999151051,-2.049430879979228,-0.4531281743066098,0,1,0.0,4.1829986572265625,1.9584879875183105,0.0,0.0,0.0,0.0,0.0,0.0,0.0,0.0,0,2,409,532,34720,532,325,1742,1024,350,350,733,734,350,734,384,457,289,168,1,0,1,0,0.8989979350017724,0.7949449630379677,0.9072091636681534,0.7949449630379677,b1,0,3.928,8.832,1.525,3.928,8.848821116430301,1.525,0,0,0,0,0,0,0,0,1,457,289,1,896,607,53.119462665915485,0,0.8989979350017724,0.7949449630379677,1,457,431,1,1038,607,87.95189720094204,0,0.8989979350017724,0.7949449630379677,1,457,457,1,1064,607,122.78433173596859,0,0.8989979350017724,0.7949449630379677,1,504,326,1,1569,1243,81.66996124738361,0,0.8989979350017724,0.7949449630379677,1,524,342,1,2078,1736,116.32045983169228,0,0.8989979350017724,0.7949449630379677,1,532,350,1,2929,2579,203.92145699462853,0,0.8989979350017724,0.7949449630379677,1,454,288,1,990,702,55.20357007997841,0,1.2490912065866395,0.7884205194020598,1,461,293,1,908,615,53.6501205544504,0,0.8989979350017724,0.7949449630379677,4,nuscenes_mf/v1.0-mini/mini_val/fcbccedd61424f1b85dcbf8f897f9754/d0f5aace57684923b8a44b554b006fb2,dev,60
15,ct_joint_full,0,476,315,0,0,0,0,1,476,-1.0,0,8.859864234924316,3.927999973297119,53.072357549519666,0,0,0,0,0.45009803771972656,0.9004328846931458,0,0,0,0,0,1,0,0,1,0,0,0.0,0.0,0.0,0.9765225981071991,0.19890309269679793,1.250154732272862,0.45918719663441826,0.772572327060385,0.7592713817588135,0.14274102020693638,0.3229534454943382,1,2.0422169548812263,0.04155444752032673,1,1,1,0.9765225981071991,0.19890309269679793,1.250154732272862,0.9765225981071991,0.19890309269679793,1.250154732272862,0.9765225981071991,0.9765225981071991,0.9765225981071991,0.0,0,0,1,0.9765225981071991,0.19890309269679793,1.250154732272862,0.0,0.0,0.0,0.0,0.0,0.0,0.0,0.0,0.0,0.0,0.0,0.9765225981071991,0.19890309269679793,0.0,0.0,0.0,0.0,-0.5713009834289551,0.0009898432763293386,0.7718423291274304,0.3879271161419033,1,1,0.0,4.013054847717285,1.8811569213867188,0.0,0.0,0.0,0.0,0.0,0.0,0.0,0.0,0,2,363,476,34720,476,327,1505,1024,315,315,647,647,315,647,332,421,267,154,1,0,1,0,0.7725723270603586,0.7924183696508408,0.7589200455290301,0.7924183696508408,b1,0,3.928,8.832,1.525,3.928,8.859864090843098,1.525,0,0,0,0,0,0,0,0,1,421,267,1,733,466,53.25998969585635,0,0.7725723270603586,0.7924183696508408,1,421,392,1,858,466,88.18457310297526,0,0.7725723270603586,0.7924183696508408,1,421,421,1,887,466,123.10915651009418,0,0.7725723270603586,0.7924183696508408,1,452,293,1,1287,994,81.84417152516544,0,0.7725723270603586,0.7924183696508408,1,468,307,1,1782,1475,116.52835335234413,0,0.7725723270603586,0.7924183696508408,1,476,315,1,2643,2328,204.19671700954203,0,0.7725723270603586,0.7924183696508408,1,419,268,1,749,481,54.89353885998634,0,0.4591871919474245,0.7726320090911074,1,421,271,1,737,466,53.612640965238576,0,0.7725723270603586,0.7924183696508408,4,nuscenes_mf/v1.0-mini/mini_val/fcbccedd61424f1b85dcbf8f897f9754/d0f5aace57684923b8a44b554b006fb2,dev,60
16,ct_joint_full,0,401,268,0,0,0,0,1,401,-1.0,0,8.865200996398926,3.927999973297119,53.10432581738776,0,0,0,0,0.5004448890686035,1.0536247491836548,0,0,0,0,0,1,0,0,1,0,0,0.0,0.0,0.0,0.8392305320829594,0.2099538864611166,1.1497853359934898,1.4182960183115858,0.9970356436869643,-0.9818629948373941,-0.1732776168204239,0.42583334188105854,1,2.4382438143432745,0.043957726228358314,1,1,1,0.8392305320829594,0.2099538864611166,1.1497853359934898,0.8392305320829594,0.2099538864611166,1.1497853359934898,0.8392305320829594,0.8392305320829594,0.8392305320829594,0.0,0,0,1,0.8392305320829594,0.2099538864611166,1.1497853359934898,0.0,0.0,0.0,0.0,0.0,0.0,0.0,0.0,0.0,0.0,0.0,0.8392305320829594,0.2099538864611166,0.0,0.0,0.0,0.0,-0.6867333650588989,0.0005111467326059937,-2.270165338227048,-0.43534841017656467,0,1,0.0,5.045594692230225,2.2205379009246826,0.0,0.0,0.0,0.0,0.0,0.0,0.0,0.0,0,2,295,401,34784,401,295,1359,1024,268,268,603,606,268,606,338,357,232,125,1,0,1,0,0.9970356436869507,0.7975706053972245,1.0133698317253934,0.7975706053972245,b1,0,3.928,8.832,1.525,3.928,8.865200752058215,1.525,0,0,0,0,0,0,0,0,1,357,232,1,641,409,53.32790850067977,0,0.9970356436869507,0.7975706053972245,1,357,329,1,738,409,88.29702882899437,0,0.9970356436869507,0.7975706053972245,1,357,357,1,766,409,123.26614915730897,0,0.9970356436869507,0.7975706053972245,1,387,256,1,1062,806,81.92836984776659,0,0.9970356436869507,0.7975706053972245,1,398,265,1,1573,1308,116.62883119201287,0,0.9970356436869507,0.7975706053972245,1,401,268,1,2341,2073,204.32975388334597,0,0.9970356436869507,0.7975706053972245,1,344,227,1,726,499,55.593455721286325,0,1.418296008643459,0.7860772597443653,1,357,235,1,656,421,53.99933415162027,0,0.9970356436869507,0.7975706053972245,4,nuscenes_mf/v1.0-mini/mini_val/fcbccedd61424f1b85dcbf8f897f9754/d0f5aace57684923b8a44b554b006fb2,dev,60
17,ct_joint_full,0,328,236,0,0,0,0,1,328,-1.0,0,8.832833290100098,3.927999973297119,52.910436787465855,0,0,0,0,0.5004091262817383,1.0528911352157593,0,0,0,0,0,1,0,0,1,0,0,0.0,0.0,0.0,1.1424708910501113,0.1855502521392411,1.3876374512241412,0.5853907147561973,0.8919832424698121,0.8839189585231677,0.11967224840875831,0.31098655510041856,1,1.928728202089453,0.06287689825849561,1,1,1,1.1424708910501113,0.1855502521392411,1.3876374512241412,1.1424708910501113,0.1855502521392411,1.3876374512241412,1.1424708910501113,1.1424708910501113,1.1424708910501113,0.0,0,0,1,1.1424708910501113,0.1855502521392411,1.3876374512241412,0.0,0.0,0.0,0.0,0.0,0.0,0.0,0.0,0.0,0.0,0.0,1.1424708910501113,0.1855502521392411,0.0,0.0,0.0,0.0,-0.5159645676612854,0.0011685009812936187,0.9505661372641325,0.3089088076480934,1,1,0.0,3.6520395278930664,1.8257739543914795,0.0,0.0,0.0,0.0,0.0,0.0,0.0,0.0,0,2,243,328,34784,328,303,1095,1024,236,236,499,499,236,499,263,287,198,89,1,0,1,0,0.8919832424697984,0.8019379319548607,0.8923598051096981,0.8019379319548607,b1,0,3.928,8.832,1.525,3.928,8.832833244967466,1.525,0,0,0,0,0,0,0,0,1,287,198,1,523,325,52.915141279203816,0,0.8919832424697984,0.8019379319548607,1,287,269,1,594,325,87.61359457704238,0,0.8919832424697984,0.8019379319548607,1,287,287,1,612,325,122.31204787488095,0,0.8919832424697984,0.8019379319548607,1,308,216,1,820,604,81.41667709860485,0,0.8919832424697984,0.8019379319548607,1,319,227,1,1281,1054,116.01821291729574,0,0.8919832424697984,0.8019379319548607,1,328,236,1,2034,1798,203.52128455751807,0,0.8919832424697984,0.8019379319548607,1,283,193,1,520,327,54.973619429280916,0,0.5853907283485417,0.7907115166825458,1,287,198,1,523,325,53.28576598348054,0,0.8919832424697984,0.8019379319548607,4,nuscenes_mf/v1.0-mini/mini_val/fcbccedd61424f1b85dcbf8f897f9754/d0f5aace57684923b8a44b554b006fb2,dev,60
18,ct_joint_full,0,282,193,0,0,0,0,1,282,-1.0,0,8.857173919677734,3.927999973297119,53.056242023491095,0,0,0,0,0.500432014465332,1.0000100135803223,0,0,0,0,0,1,0,0,1,0,0,0.0,0.0,0.0,0.9517830240312622,0.20368916375530066,1.2253894990671166,1.5190017280948593,1.1312742177828738,-1.1155164204982326,-0.18816089829764254,0.3917956477268096,1,2.3060683884692117,0.06486314107416555,1,1,1,0.9517830240312622,0.20368916375530066,1.2253894990671166,0.9517830240312622,0.20368916375530066,1.2253894990671166,0.9517830240312622,0.9517830240312622,0.9517830240312622,0.0,0,0,1,0.9517830240312622,0.20368916375530066,1.2253894990671166,0.0,0.0,0.0,0.0,0.0,0.0,0.0,0.0,0.0,0.0,0.0,0.9517830240312622,0.20368916375530066,0.0,0.0,0.0,0.0,-0.6548711061477661,0.000191467406693846,-2.519413302016866,-0.48645211667882815,0,1,0.0,4.688121795654297,2.0721874237060547,0.0,0.0,0.0,0.0,0.0,0.0,0.0,0.0,0,2,212,282,34752,282,318,966,1024,193,193,446,448,193,448,255,243,160,83,1,0,1,0,1.1312742177829016,0.7795899689197541,1.1436814757282312,0.7795899689197541,b1,0,3.928,8.832,1.525,3.928,8.857173619642317,1.525,0,0,0,0,0,0,0,0,1,243,160,1,445,285,53.22576990738744,0,1.1312742177829016,0.7795899689197541,1,243,234,1,519,285,88.12791410895296,0,1.1312742177829016,0.7795899689197541,1,243,243,1,528,285,123.0300583105185,0,1.1312742177829016,0.7795899689197541,1,264,178,1,663,485,81.80174928189953,0,1.1312742177829016,0.7795899689197541,1,279,190,1,1044,854,116.47772865499137,0,1.1312742177829016,0.7795899689197541,1,282,193,1,1770,1577,204.1296874025953,0,1.1312742177829016,0.7795899689197541,1,238,160,1,485,325,55.46354550574101,0,1.5190017612673676,0.7645622815501748,1,243,162,1,458,296,53.885807055228646,0,1.1312742177829016,0.7795899689197541,4,nuscenes_mf/v1.0-mini/mini_val/fcbccedd61424f1b85dcbf8f897f9754/d0f5aace57684923b8a44b554b006fb2,dev,60
19,ct_joint_full,0,217,158,0,0,0,0,1,217,-1.0,0,8.832813262939453,3.927999973297119,52.91031682077085,0,0,0,0,0.5502018928527832,1.0994789600372314,0,0,0,0,0,1,0,0,1,0,0,0.0,0.0,0.0,1.2186368766743834,0.18926159344880794,1.4314975183285905,0.6127664328401162,0.9648859451730115,0.9342871459969966,0.24106507786618192,0.37111295377814796,1,2.133005954729604,0.0660826720934855,1,1,1,1.2186368766743834,0.18926159344880794,1.4314975183285905,1.2186368766743834,0.18926159344880794,1.4314975183285905,1.2186368766743834,1.2186368766743834,1.2186368766743834,0.0,0,0,1,1.2186368766743834,0.18926159344880794,1.4314975183285905,0.0,0.0,0.0,0.0,0.0,0.0,0.0,0.0,0.0,0.0,0.0,1.2186368766743834,0.18926159344880794,0.0,0.0,0.0,0.0,-0.5768401622772217,0.0010343404719606042,0.8753718410683213,0.5883785995498315,1,1,0.0,4.127590656280518,1.9783650636672974,0.0,0.0,0.0,0.0,0.0,0.0,0.0,0.0,0,2,165,217,34752,217,312,701,1024,158,158,344,344,158,344,186,195,139,56,1,0,1,0,0.9648859451729956,0.7638085899949074,0.9652746613515139,0.7638085899949074,b1,0,3.928,8.832,1.525,3.928,8.83281298503659,1.525,0,0,0,0,0,0,0,0,1,195,139,1,338,199,52.91498559451429,0,0.9648859451729956,0.7638085899949074,1,195,193,1,392,199,87.61333680403186,0,0.9648859451729956,0.7638085899949074,1,195,195,1,394,199,122.31168801354943,0,0.9648859451729956,0.7638085899949074,1,207,148,1,492,344,81.41648274501784,0,0.9648859451729956,0.7638085899949074,1,210,151,1,726,575,116.01797989623155,0,0.9648859451729956,0.7638085899949074,1,217,158,1,1293,1135,203.52097419652853,0,0.9648859451729956,0.7638085899949074,1,194,138,1,333,195,55.641425836011216,0,0.6127664402210029,0.7572379864826094,1,195,140,1,339,199,53.73916714777114,0,0.9648859451729956,0.7638085899949074,4,nuscenes_mf/v1.0-mini/mini_val/fcbccedd61424f1b85dcbf8f897f9754/d0f5aace57684923b8a44b554b006fb2,dev,60
20,ct_joint_full,0,160,116,0,0,0,0,1,160,-1.0,0,8.847184181213379,3.927999973297119,52.996401493484264,0,0,0,0,0.5019419193267822,0.955502986907959,0,0,0,0,0,1,0,0,1,0,0,0.0,0.0,0.0,0.997789811684882,0.21311398011657853,1.235990620677675,1.5703154645351227,1.2170031989851362,-1.1916608082928548,-0.24706547857753056,0.3591505217241133,1,2.1623636401662045,0.09492157240089008,1,1,1,0.997789811684882,0.21311398011657853,1.235990620677675,0.997789811684882,0.21311398011657853,1.235990620677675,0.997789811684882,0.997789811684882,0.997789811684882,0.0,0,0,1,0.997789811684882,0.21311398011657853,1.235990620677675,0.0,0.0,0.0,0.0,0.0,0.0,0.0,0.0,0.0,0.0,0.0,0.997789811684882,0.21311398011657853,0.0,0.0,0.0,0.0,-0.5991488099098206,0.0008676685974933207,-2.5871244549151626,-0.6371063788716049,0,1,0.0,4.24138879776001,1.9542609453201294,0.0,0.0,0.0,0.0,0.0,0.0,0.0,0.0,0,2,129,160,34752,160,287,557,1024,116,116,275,275,116,275,159,140,99,41,1,1,1,1,1.2170031989851606,0.7420721055865288,1.2244025664098106,0.7420721055865288,b1,0,3.928,8.832,1.525,3.928,8.847184411516047,1.525,0,0,0,0,0,0,0,0,1,140,99,1,252,153,53.098636919865385,0,1.2170031989851606,0.7420721055865288,1,140,140,1,293,153,87.91741522797383,0,1.2170031989851606,0.7420721055865288,1,140,140,1,293,153,122.73619353608228,0,1.2170031989851606,0.7420721055865288,1,145,102,1,372,270,81.64414370550075,0,1.2170031989851606,0.7420721055865288,1,159,115,1,589,474,116.28965049042598,0,1.2170031989851606,0.7420721055865288,1,160,116,1,1029,913,203.88066405814607,0,1.2170031989851606,0.7420721055865288,1,138,98,1,266,168,55.33664486809962,0,1.5703154261524996,0.7295415948263224,1,140,99,1,252,153,53.74387582047946,0,1.2170031989851606,0.7420721055865288,4,nuscenes_mf/v1.0-mini/mini_val/fcbccedd61424f1b85dcbf8f897f9754/d0f5aace57684923b8a44b554b006fb2,dev,60
21,ct_joint_full,0,127,100,0,0,0,0,1,127,-1.0,0,8.853239059448242,3.927999973297119,53.03267142427313,0,0,0,0,0.49837207794189453,0.9473459124565125,0,0,0,0,0,1,0,0,1,0,0,0.0,0.0,0.0,1.2654487184448593,0.19864145899397367,1.4465466881764204,0.6733056188857585,1.0316393837049895,1.0136584350819524,0.1917718352577252,0.36836162804304473,1,2.1891784259970866,0.06420425361313037,1,1,1,1.2654487184448593,0.19864145899397367,1.4465466881764204,1.2654487184448593,0.19864145899397367,1.4465466881764204,1.2654487184448593,1.2654487184448593,1.2654487184448593,0.0,0,0,1,1.2654487184448593,0.19864145899397367,1.4465466881764204,0.0,0.0,0.0,0.0,0.0,0.0,0.0,0.0,0.0,0.0,0.0,1.2654487184448593,0.19864145899397367,0.0,0.0,0.0,0.0,-0.6038823127746582,0.0010338715510442853,1.0578835877884456,0.48968223291757423,0,1,0.0,4.321643829345703,2.000586748123169,0.0,0.0,0.0,0.0,0.0,0.0,0.0,0.0,0,2,99,127,34720,127,318,407,1024,100,100,206,206,100,206,106,119,92,27,1,1,1,1,1.0316393837050248,0.7214438334107399,1.021246844728104,0.7214438334107399,b1,0,3.928,8.832,1.525,3.928,8.853239123912394,1.525,0,0,0,0,0,0,0,0,1,119,92,1,205,113,53.175679652218236,0,1.0316393837050248,0.7214438334107399,1,119,119,1,232,113,88.04497778482036,0,1.0316393837050248,0.7214438334107399,1,119,119,1,232,113,122.91427591742249,0,1.0316393837050248,0.7214438334107399,1,123,96,1,306,210,81.73965306940954,0,1.0316393837050248,0.7214438334107399,1,127,100,1,428,328,116.40362648731097,0,1.0316393837050248,0.7214438334107399,1,127,100,1,699,599,204.03157331956317,0,1.0316393837050248,0.7214438334107399,1,116,89,1,208,119,55.25281446529467,0,0.6733056094879408,0.7086681185900834,1,119,92,1,205,113,53.68623902122981,0,1.0316393837050248,0.7214438334107399,4,nuscenes_mf/v1.0-mini/mini_val/fcbccedd61424f1b85dcbf8f897f9754/d0f5aace57684923b8a44b554b006fb2,dev,60
22,ct_joint_full,0,72,66,0,0,0,0,1,72,-1.0,0,8.85672664642334,3.927999973297119,53.05356276730272,0,0,0,0,0.4998610019683838,0.9994081854820251,0,0,0,0,0,1,0,0,1,0,0,0.0,0.0,0.0,0.9711252985224174,0.21946168374899766,1.1973697904430831,1.6294880905627225,1.225201107305184,-1.2068441429674068,-0.21129360745198,0.4089283829003256,1,2.368299622375944,0.07289627996917353,1,1,1,0.9711252985224174,0.21946168374899766,1.1973697904430831,0.9711252985224174,0.21946168374899766,1.1973697904430831,0.9711252985224174,0.9711252985224174,0.9711252985224174,0.0,0,0,1,0.9711252985224174,0.21946168374899766,1.1973697904430831,0.0,0.0,0.0,0.0,0.0,0.0,0.0,0.0,0.0,0.0,0.0,0.9711252985224174,0.21946168374899766,0.0,0.0,0.0,0.0,-0.6561803817749023,0.0007950150175020099,-2.5927241617741648,-0.5286381817026832,0,1,0.0,4.800901412963867,2.144803285598755,0.0,0.0,0.0,0.0,0.0,0.0,0.0,0.0,0,2,51,72,34688,72,238,319,1024,66,66,146,146,66,146,80,60,54,6,1,1,1,1,1.2252011073051776,0.7138115738630295,1.237353078313319,0.7138115738630295,b1,0,3.928,8.832,1.525,3.928,8.856726912457322,1.525,0,0,0,0,0,0,0,0,1,60,54,1,128,74,53.22007276155054,0,1.2252011073051776,0.7138115738630295,1,60,56,1,130,74,88.1184811297804,0,1.2252011073051776,0.7138115738630295,1,60,60,1,134,74,123.01688949801027,0,1.2252011073051776,0.7138115738630295,1,62,56,1,191,135,81.79468673972877,0,1.2252011073051776,0.7138115738630295,1,66,60,1,326,266,116.46930071790702,0,1.2252011073051776,0.7138115738630295,1,72,66,1,495,429,204.1185286742635,0,1.2252011073051776,0.7138115738630295,1,60,54,1,135,81,55.591485438810224,0,1.6294881127593033,0.6910893796486719,1,60,54,1,128,74,53.89491133385428,0,1.2252011073051776,0.7138115738630295,4,nuscenes_mf/v1.0-mini/mini_val/fcbccedd61424f1b85dcbf8f897f9754/d0f5aace57684923b8a44b554b006fb2,dev,60
23,ct_joint_full,0,51,42,0,0,0,0,1,51,-1.0,0,8.863969802856445,3.927999973297119,53.09695072199503,0,0,0,0,0.49933600425720215,1.0004397630691528,0,0,0,0,0,1,0,0,1,0,0,0.0,0.0,0.0,1.2183683925359117,0.1982028871804534,1.402917392260958,0.56392217664608,0.9849280386115489,0.9406328997029189,0.29204982683173847,0.4585069690962313,1,2.53764600985172,0.047023086407236285,1,1,1,1.2183683925359117,0.1982028871804534,1.402917392260958,1.2183683925359117,0.1982028871804534,1.402917392260958,1.2183683925359117,1.2183683925359117,1.2183683925359117,0.0,0,0,1,1.2183683925359117,0.1982028871804534,1.402917392260958,0.0,0.0,0.0,0.0,0.0,0.0,0.0,0.0,0.0,0.0,0.0,1.2183683925359117,0.1982028871804534,0.0,0.0,0.0,0.0,-0.7061887979507446,0.0011188886128365993,0.7425672282246077,0.7097745794140315,1,1,0.0,5.328827857971191,2.3186919689178467,0.0,0.0,0.0,0.0,0.0,0.0,0.0,0.0,0,2,46,51,34688,51,283,192,1024,42,42,102,102,42,102,60,49,40,9,1,1,1,1,0.9849280386115732,0.7124356284737587,0.9697445397604644,0.7124356284737587,b1,0,3.928,8.832,1.525,3.928,8.863970056030169,1.525,0,0,0,0,0,0,0,0,1,49,40,1,99,59,53.312230179761535,0,0.9849280386115732,0.7124356284737587,1,49,49,1,108,59,88.27106964190024,0,0.9849280386115732,0.7124356284737587,1,49,49,1,108,59,123.22990910403895,0,0.9849280386115732,0.7124356284737587,1,50,41,1,171,130,81.90893377893372,0,0.9849280386115732,0.7124356284737587,1,51,42,1,240,198,116.60563737881603,0,0.9849280386115732,0.7124356284737587,1,51,42,1,355,313,204.29904457716037,0,0.9849280386115732,0.7124356284737587,1,49,40,1,101,61,55.84429321080247,0,0.5639221778146655,0.7009021024198762,1,49,40,1,99,59,54.088006122733475,0,0.9849280386115732,0.7124356284737587,4,nuscenes_mf/v1.0-mini/mini_val/fcbccedd61424f1b85dcbf8f897f9754/d0f5aace57684923b8a44b554b006fb2,dev,60
24,ct_joint_full,0,57,46,0,0,0,0,1,57,-1.0,0,8.854226112365723,3.927999973297119,53.03858406852679,0,0,0,0,0.49987292289733887,1.00054931640625,0,0,0,0,0,1,0,0,1,0,0,0.0,0.0,0.0,0.9461729366554743,0.21036283676612244,1.177766151725221,1.6058946239104523,1.1809011421928677,-1.1558486759758306,-0.24195329747493483,0.4318115041677174,1,2.43455947510608,0.06639375432745491,1,1,1,0.9461729366554743,0.21036283676612244,1.177766151725221,0.9461729366554743,0.21036283676612244,1.177766151725221,0.9461729366554743,0.9461729366554743,0.9461729366554743,0.0,0,0,1,0.9461729366554743,0.21036283676612244,1.177766151725221,0.0,0.0,0.0,0.0,0.0,0.0,0.0,0.0,0.0,0.0,0.0,0.9461729366554743,0.21036283676612244,0.0,0.0,0.0,0.0,-0.6598066687583923,0.0015324954874813557,-2.4259419325754914,-0.5818779483143629,0,1,0.0,4.944422721862793,2.2324562072753906,0.0,0.0,0.0,0.0,0.0,0.0,0.0,0.0,0,2,36,57,34688,57,377,166,1024,46,46,71,75,46,75,29,48,37,11,1,1,1,1,1.1809011421928923,0.7085254629254342,1.191711736762912,0.7085254629254342,b1,0,3.928,8.832,1.525,3.928,8.854226211451133,1.525,0,0,0,0,0,0,0,0,1,48,37,1,84,47,53.18820484208408,0,1.1809011421928923,0.7085254629254342,1,48,48,1,95,47,88.06571621394251,0,1.1809011421928923,0.7085254629254342,1,48,48,1,95,47,122.94322758580093,0,1.1809011421928923,0.7085254629254342,1,48,37,1,115,78,81.75518092653947,0,1.1809011421928923,0.7085254629254342,1,51,40,1,193,153,116.42215701099485,0,1.1809011421928923,0.7085254629254342,1,57,46,1,279,233,204.0561091799056,0,1.1809011421928923,0.7085254629254342,1,48,38,1,85,47,55.66267193240263,0,1.6058946147452164,0.6907086056724427,1,48,38,1,85,47,53.784742781891126,0,1.1809011421928923,0.7085254629254342,4,nuscenes_mf/v1.0-mini/mini_val/fcbccedd61424f1b85dcbf8f897f9754/d0f5aace57684923b8a44b554b006fb2,dev,60
25,ct_joint_full,0,25,25,0,0,0,0,1,25,-1.0,0,8.867683410644531,3.927999973297119,53.11919597486821,0,0,0,0,0.49988412857055664,1.0005598068237305,0,0,0,0,0,1,0,0,1,0,0,0.0,0.0,0.0,1.1438365579018235,0.19802540874771832,1.337949547988164,0.6090457268428399,0.9601087579470858,0.8198717833737957,0.4996189802281664,0.472319515587271,1,2.5977512073271045,0.06681944365353804,1,1,1,1.1438365579018235,0.19802540874771832,1.337949547988164,1.1438365579018235,0.19802540874771832,1.337949547988164,1.1438365579018235,1.1438365579018235,1.1438365579018235,0.0,0,0,1,1.1438365579018235,0.19802540874771832,1.337949547988164,0.0,0.0,0.0,0.0,0.0,0.0,0.0,0.0,0.0,0.0,0.0,1.1438365579018235,0.19802540874771832,0.0,0.0,0.0,0.0,-0.7203103303909302,0.0012638256885111332,0.5300349394591202,1.204135254708388,1,0,0.0,5.483211040496826,2.3694326877593994,0.0,0.0,0.0,0.0,0.0,0.0,0.0,0.0,0,2,15,25,34752,25,250,105,1024,25,25,62,62,25,62,37,24,24,0,1,1,1,1,0.9601087579470645,0.7133486166596413,0.945058995070383,0.7133486166596413,b1,0,3.928,8.832,1.525,3.928,8.867683739292719,1.525,0,0,0,0,0,0,0,0,1,24,24,1,71,47,53.35948170481715,0,0.9601087579470645,0.7133486166596413,1,24,24,1,71,47,88.34930577354972,0,0.9601087579470645,0.7133486166596413,1,24,24,1,71,47,123.33912984228228,0,0.9601087579470645,0.7133486166596413,1,25,25,1,87,62,81.96751122188289,0,0.9601087579470645,0.7133486166596413,1,25,25,1,121,96,116.67554073894861,0,0.9601087579470645,0.7133486166596413,1,25,25,1,197,172,204.39159977023954,0,0.9601087579470645,0.7133486166596413,1,24,24,1,75,51,56.13110445808208,0,0.6090457321262298,0.7086109043960331,1,24,24,1,71,47,54.444495362726045,0,0.9601087579470645,0.7133486166596413,4,nuscenes_mf/v1.0-mini/mini_val/fcbccedd61424f1b85dcbf8f897f9754/d0f5aace57684923b8a44b554b006fb2,dev,60
26,ct_joint_full,0,24,15,0,0,0,0,1,24,-1.0,0,8.862580299377441,3.927999973297119,53.08862731844181,0,0,0,0,0.44955992698669434,0.8993383646011353,0,0,0,0,0,1,0,0,1,0,0,0.0,0.0,0.0,0.9429490657567976,0.21670858450636016,1.1569557168866267,1.4329101948285383,1.1067103769764084,-1.0121904261301042,-0.44752475747963305,0.34930892063920915,1,2.1838971491796926,0.10789349002503472,1,1,1,0.9429490657567976,0.21670858450636016,1.1569557168866267,0.9429490657567976,0.21670858450636016,1.1569557168866267,0.9429490657567976,0.9429490657567976,0.9429490657567976,0.0,0,0,1,0.9429490657567976,0.21670858450636016,1.1569557168866267,0.0,0.0,0.0,0.0,0.0,0.0,0.0,0.0,0.0,0.0,0.0,0.9429490657567976,0.21670858450636016,0.0,0.0,0.0,0.0,-0.5809998512268066,0.0020948578603565693,-2.264564304224946,-1.1547531629837746,0,0,0.0,4.22338342666626,1.9923478364944458,0.0,0.0,0.0,0.0,0.0,0.0,0.0,0.0,0,2,21,24,34720,24,263,97,1024,15,15,46,46,15,46,31,20,11,9,1,1,1,1,1.10671037697634,0.6690799102187157,1.1205451234733297,0.6690799102187157,b1,0,3.928,8.832,1.525,3.928,8.86258047595065,1.525,0,0,0,0,0,0,0,0,1,20,11,1,17,6,53.2944983992842,0,1.10671037697634,0.6690799102187157,1,20,20,1,26,6,88.24171046438859,0,1.10671037697634,0.6690799102187157,1,20,20,1,26,6,123.18892252949298,0,1.10671037697634,0.6690799102187157,1,21,12,1,34,22,81.88695247175637,0,1.10671037697634,0.6690799102187157,1,21,12,1,78,66,116.57940654635894,0,1.10671037697634,0.6690799102187157,1,24,15,1,177,162,204.26431469272356,0,1.10671037697634,0.6690799102187157,1,20,11,1,19,8,55.16987172204772,0,1.4329101993735096,0.6493060750538322,1,20,11,1,17,6,53.88498954051708,0,1.10671037697634,0.6690799102187157,4,nuscenes_mf/v1.0-mini/mini_val/fcbccedd61424f1b85dcbf8f897f9754/d0f5aace57684923b8a44b554b006fb2,dev,60
27,ct_joint_full,0,14,14,0,0,0,0,1,14,-1.0,0,8.84976863861084,3.927999973297119,53.01188290983925,0,0,0,0,0.5501871109008789,1.1589668989181519,0,0,0,0,0,1,0,0,1,0,1,0.0,0.0,0.0,0.8923567406742856,0.23232392475112762,1.0952848019876615,0.6213481143353036,0.9467195691268818,0.79427606391694,0.5151732443664718,0.44731688466923214,1,2.4665064243954604,0.07729042142275706,1,1,1,0.8923567406742856,0.23232392475112762,1.0952848019876615,0.8923567406742856,0.23232392475112762,1.0952848019876615,0.8923567406742856,0.8923567406742856,0.8923567406742856,0.0,0,0,1,0.8923567406742856,0.23232392475112762,1.0952848019876615,0.0,0.0,0.0,0.0,0.0,0.0,0.0,0.0,0.0,0.0,0.0,0.8923567406742856,0.23232392475112762,0.0,0.0,0.0,0.0,-0.6838253140449524,0.0006749798194505274,0.5304059937779988,1.2395957558158013,1,0,0.0,5.038101673126221,2.2497787475585938,0.0,0.0,0.0,0.0,0.0,0.0,0.0,0.0,0,2,8,14,34720,14,279,50,1024,14,14,23,23,14,23,9,13,13,0,1,1,1,1,0.9467195691268911,0.6453682497143746,0.9393561569687815,0.6453682497143746,b1,0,3.928,8.832,1.525,3.928,8.849768683013508,1.525,0,0,0,0,0,0,0,0,1,13,13,1,49,36,53.13153085436206,0,0.9467195691268911,0.6453682497143746,1,13,13,1,49,36,87.97187895558308,0,0.9467195691268911,0.6453682497143746,1,13,13,1,49,36,122.8122270568041,0,0.9467195691268911,0.6453682497143746,1,14,14,1,58,44,81.68492195784347,0,0.9467195691268911,0.6453682497143746,1,14,14,1,82,68,116.3383130599046,0,0.9467195691268911,0.6453682497143746,1,14,14,1,117,103,203.94509526544715,0,0.9467195691268911,0.6453682497143746,1,14,14,1,53,39,56.286211454062745,0,0.6213481023208842,0.6535465608242894,1,13,13,1,50,37,54.382599274779395,0,0.9467195691268911,0.6453682497143746,4,nuscenes_mf/v1.0-mini/mini_val/fcbccedd61424f1b85dcbf8f897f9754/d0f5aace57684923b8a44b554b006fb2,dev,60
28,ct_joint_full,0,16,15,0,0,0,0,1,16,-1.0,0,8.874805450439453,3.927999973297119,53.16185841669075,0,0,0,0,0.4998970031738281,1.000046968460083,0,0,0,0,0,1,0,0,1,0,1,0.0,0.0,0.0,0.69956686740891,0.2511291530521455,0.9307653518957967,0.8867922635175571,0.8569684072611365,-0.4700851495208282,-0.7165297269332378,0.052701516420333945,1,0.5644998639521275,0.5497185170049019,1,1,1,0.69956686740891,0.2511291530521455,0.9307653518957967,0.69956686740891,0.2511291530521455,0.9307653518957967,0.69956686740891,0.69956686740891,0.69956686740891,0.0,0,0,1,0.69956686740891,0.2511291530521455,0.9307653518957967,0.0,0.0,0.0,0.0,0.0,0.0,0.0,0.0,0.0,0.0,0.0,0.69956686740891,0.2511291530521455,0.0,0.0,0.0,0.0,-0.11007698625326157,0.0006825613672845066,-1.0919466921366263,-2.1913438074656053,0,0,0.0,1.1558318138122559,1.1558318138122559,0.0,0.0,0.0,0.0,0.0,0.0,0.0,0.0,0,2,15,16,34688,16,454,35,1024,15,15,23,23,15,23,8,16,16,0,1,1,1,1,0.8569684072611503,0.6100970357656479,0.8688008676568666,0.6100970357656479,b1,0,3.928,8.832,1.525,3.928,8.874805360838753,1.525,0,0,0,0,0,0,0,0,1,16,16,1,30,14,53.450123577495106,0,0.8569684072611503,0.6100970357656479,1,16,16,1,30,14,88.49938493978698,0,0.8569684072611503,0.6100970357656479,1,16,16,1,30,14,123.54864630207885,0,0.8569684072611503,0.6100970357656479,1,16,16,1,38,22,82.07987904342589,0,0.8569684072611503,0.6100970357656479,1,16,16,1,52,36,116.80963450580602,0,0.8569684072611503,0.6100970357656479,1,16,16,1,69,53,204.56914543269667,0,0.8569684072611503,0.6100970357656479,1,16,16,1,29,13,54.41750917947158,0,0.8867922620578307,0.5980732996196657,1,16,16,1,31,15,54.862810835850304,0,0.8569684072611503,0.6100970357656479,4,nuscenes_mf/v1.0-mini/mini_val/fcbccedd61424f1b85dcbf8f897f9754/d0f5aace57684923b8a44b554b006fb2,dev,60
29,ct_joint_full,0,11,11,0,0,0,0,1,11,-1.0,0,8.842741012573242,3.927999973297119,52.96978602529315,0,0,0,0,0.4998588562011719,0.9520358443260193,0,0,0,0,0,1,0,0,1,0,1,0.0,0.0,0.0,0.8917443025316844,0.24826348475928658,1.0605207724942436,0.5656118869170567,0.6956106416626388,0.4124876310003829,0.5601143918957449,0.32855968364849236,1,2.308865417676347,0.08195386258200284,1,1,1,0.8917443025316844,0.24826348475928658,1.0605207724942436,0.8917443025316844,0.24826348475928658,1.0605207724942436,0.8917443025316844,0.8917443025316844,0.8917443025316844,0.0,0,0,1,0.8917443025316844,0.24826348475928658,1.0605207724942436,0.0,0.0,0.0,0.0,0.0,0.0,0.0,0.0,0.0,0.0,0.0,0.8917443025316844,0.24826348475928658,0.0,0.0,0.0,0.0,-0.6756058931350708,-0.0023108196910470724,0.1725804131182595,1.6916429273447704,1,0,0.0,4.698905944824219,2.055581569671631,0.0,0.0,0.0,0.0,0.0,0.0,0.0,0.0,0,2,3,11,34688,11,441,25,1024,11,11,19,19,11,19,8,6,6,0,1,1,1,1,0.6956106416626989,0.5889465272426605,0.692138482542604,0.5889465272426605,b1,0,3.928,8.832,1.525,3.928,8.842741118846929,1.525,0,0,0,0,0,0,0,0,1,6,6,1,9,3,53.04193958721589,0,0.6956106416626989,0.5889465272426605,1,6,6,1,9,3,87.82353931653779,0,0.6956106416626989,0.5889465272426605,1,6,6,1,9,3,122.60513904585969,0,0.6956106416626989,0.5889465272426605,1,9,9,1,20,11,81.57385850234422,0,0.6956106416626989,0.5889465272426605,1,11,11,1,38,27,116.20577741676243,0,0.6956106416626989,0.5889465272426605,1,11,11,1,56,45,203.76961524630894,0,0.6956106416626989,0.5889465272426605,1,4,4,1,7,3,55.569019875661205,0,0.5656118897774342,0.5959328864291635,1,6,6,1,9,3,54.040284716377606,0,0.6956106416626989,0.5889465272426605,4,nuscenes_mf/v1.0-mini/mini_val/fcbccedd61424f1b85dcbf8f897f9754/d0f5aace57684923b8a44b554b006fb2,dev,60
30,ct_joint_full,0,4,4,0,0,0,0,1,4,-1.0,0,8.855717658996582,3.927999973297119,53.04751873095454,0,0,0,0,0.49987316131591797,0.9999904632568359,0,0,0,0,0,1,0,0,1,0,1,0.0,0.0,0.0,0.7596509808850923,0.2567559795786972,0.9553844076296146,1.2237612341412574,0.8622159264370423,-0.6958188752918436,-0.5091683375921424,0.4172794002038711,1,2.397210395436446,0.07495648880990377,1,1,1,0.7596509808850923,0.2567559795786972,0.9553844076296146,0.7596509808850923,0.2567559795786972,0.9553844076296146,0.7596509808850923,0.7596509808850923,0.7596509808850923,0.0,0,0,1,0.7596509808850923,0.2567559795786972,0.9553844076296146,0.0,0.0,0.0,0.0,0.0,0.0,0.0,0.0,0.0,0.0,0.0,0.7596509808850923,0.2567559795786972,0.0,0.0,0.0,0.0,-0.6541663408279419,0.0015654809540137649,-1.7449986185549657,-1.2511975789305907,0,0,0.0,4.848365306854248,2.183852434158325,0.0,0.0,0.0,0.0,0.0,0.0,0.0,0.0,0,2,4,4,34752,4,298,13,1024,4,4,9,9,4,9,5,4,4,0,1,1,1,1,0.8622159264370707,0.5740177765488624,0.8716251871379829,0.5740177765488624,b1,0,3.928,8.832,1.525,3.928,8.855718002739795,1.525,0,0,0,0,0,0,0,0,1,4,4,1,4,0,53.20719101296272,0,0.8622159264370707,0.5740177765488624,1,4,4,1,4,0,88.09715233293828,0,0.8622159264370707,0.5740177765488624,1,4,4,1,4,0,122.98711365291383,0,0.8622159264370707,0.5740177765488624,1,4,4,1,4,0,81.7787179039209,0,0.8622159264370707,0.5740177765488624,1,4,4,1,7,3,116.45024479629937,0,0.8622159264370707,0.5740177765488624,1,4,4,1,18,14,204.0932985767955,0,0.8622159264370707,0.5740177765488624,1,4,4,1,4,0,55.83942290790284,0,1.2237612086805136,0.5543940219491799,1,4,4,1,4,0,54.153551164066414,0,0.8622159264370707,0.5740177765488624,4,nuscenes_mf/v1.0-mini/mini_val/fcbccedd61424f1b85dcbf8f897f9754/d0f5aace57684923b8a44b554b006fb2,dev,60
31,ct_joint_full,0,4,4,0,0,0,0,1,4,-1.0,0,8.84160041809082,3.927999973297119,52.96295363637782,0,0,0,0,0.5004467964172363,1.0011619329452515,0,0,0,0,0,1,0,0,1,0,1,0.0,0.0,0.0,0.7137747590242578,0.2693322408583269,0.9047323733043517,0.5827270196022875,0.7429905383362713,0.5528667695270816,0.4963600803227303,0.24859116316556662,1,1.6603169450874842,0.12524950697336973,1,1,1,0.7137747590242578,0.2693322408583269,0.9047323733043517,0.7137747590242578,0.2693322408583269,0.9047323733043517,0.7137747590242578,0.7137747590242578,0.7137747590242578,0.0,0,0,1,0.7137747590242578,0.2693322408583269,0.9047323733043517,0.0,0.0,0.0,0.0,0.0,0.0,0.0,0.0,0.0,0.0,0.0,0.7137747590242578,0.2693322408583269,0.0,0.0,0.0,0.0,-0.42611464858055115,0.001628383994102478,0.5215672870672767,1.310576081313212,1,0,0.0,3.0126941204071045,1.6402642726898193,0.0,0.0,0.0,0.0,0.0,0.0,0.0,0.0,0,2,4,4,34784,4,369,11,1024,4,4,5,5,4,5,1,4,4,0,1,1,1,1,0.7429905383362837,0.5793873950839042,0.7467670813178632,0.5793873950839042,b1,0,3.928,8.832,1.525,3.928,8.841600117961079,1.525,0,0,0,0,0,0,0,0,1,4,4,1,4,0,53.027470184722915,0,0.7429905383362837,0.5793873950839042,1,4,4,1,4,0,87.79958178126253,0,0.7429905383362837,0.5793873950839042,1,4,4,1,4,0,122.57169337780215,0,0.7429905383362837,0.5793873950839042,1,4,4,1,4,0,81.55592022783821,0,0.7429905383362837,0.5793873950839042,1,4,4,1,4,0,116.18437027166364,0,0.7429905383362837,0.5793873950839042,1,4,4,1,9,5,203.7412703593145,0,0.7429905383362837,0.5793873950839042,1,4,4,1,4,0,54.82687683167954,0,0.5827270229950118,0.5898496012215311,1,4,4,1,4,0,53.543912976477245,0,0.7429905383362837,0.5793873950839042,4,nuscenes_mf/v1.0-mini/mini_val/fcbccedd61424f1b85dcbf8f897f9754/d0f5aace57684923b8a44b554b006fb2,dev,60
32,ct_joint_full,0,5,5,0,0,0,0,1,5,-1.0,0,8.856729507446289,3.927999973297119,53.05357990540201,0,0,0,0,0.500432014465332,1.0005439519882202,0,0,0,0,0,1,0,0,1,0,1,0.0,0.0,0.0,0.6107842903439858,0.27914828811359704,0.8253288146342852,0.6874542155614437,0.7264524831631647,0.6407133464306259,0.34237350937965805,0.04467857528408617,1,0.41744540056872237,0.43129535359716153,1,1,1,0.6107842903439858,0.27914828811359704,0.8253288146342852,0.6107842903439858,0.27914828811359704,0.8253288146342852,0.6107842903439858,0.6107842903439858,0.6107842903439858,0.0,0,0,1,0.6107842903439858,0.27914828811359704,0.8253288146342852,0.0,0.0,0.0,0.0,0.0,0.0,0.0,0.0,0.0,0.0,0.0,0.6107842903439858,0.27914828811359704,0.0,0.0,0.0,0.0,-0.10414214432239532,0.0005600531585514545,1.3893196475377814,1.1341835673740888,0,0,0.0,1.106164813041687,1.106164813041687,0.0,0.0,0.0,0.0,0.0,0.0,0.0,0.0,0,2,5,5,34688,5,1024,5,1024,5,5,5,5,5,5,0,5,5,0,1,1,1,1,0.7264524831631701,0.5559372812509537,0.7156116182693193,0.5559372812509537,b1,0,3.928,8.832,1.525,3.928,8.856729293087074,1.525,0,0,0,0,0,0,0,0,1,5,5,1,5,0,53.22011286775814,0,0.7264524831631701,0.5559372812509537,1,5,5,1,5,0,88.11854753514054,0,0.7264524831631701,0.5559372812509537,1,5,5,1,5,0,123.01698220252293,0,0.7264524831631701,0.5559372812509537,1,5,5,1,5,0,81.79473632976878,0,0.7264524831631701,0.5559372812509537,1,5,5,1,5,0,116.46935978964902,0,0.7264524831631701,0.5559372812509537,1,5,5,1,5,0,204.1186067136703,0,0.7264524831631701,0.5559372812509537,1,5,5,1,5,0,53.31057591900441,0,0.6874542164285092,0.5252776798887792,1,5,5,1,5,0,53.505740657367056,0,0.7264524831631701,0.5559372812509537,4,nuscenes_mf/v1.0-mini/mini_val/fcbccedd61424f1b85dcbf8f897f9754/d0f5aace57684923b8a44b554b006fb2,dev,60
33,ct_joint_full,0,4,4,0,0,0,0,1,4,-1.0,0,8.859984397888184,3.927999973297119,53.073077349689676,0,0,0,0,0.5999610424041748,1.1988685131072998,0,0,0,0,0,1,0,0,1,0,1,0.0,0.0,0.0,0.5906835484793541,0.2795688398149139,0.8136022973738853,0.512833272772434,0.5840321741415913,0.3032949450720234,0.49910498365769534,0.18236731140420734,1,1.5005288900644467,0.11601463590281888,1,1,1,0.5906835484793541,0.2795688398149139,0.8136022973738853,0.5906835484793541,0.2795688398149139,0.8136022973738853,0.5906835484793541,0.5906835484793541,0.5906835484793541,0.0,0,0,1,0.5906835484793541,0.2795688398149139,0.8136022973738853,0.0,0.0,0.0,0.0,0.0,0.0,0.0,0.0,0.0,0.0,0.0,0.5906835484793541,0.2795688398149139,0.0,0.0,0.0,0.0,-0.3967088460922241,-0.002293266588822007,0.2630626753329913,1.558153338690127,1,0,0.0,2.729682683944702,1.5501259565353394,0.0,0.0,0.0,0.0,0.0,0.0,0.0,0.0,0,2,4,4,34720,4,1024,4,1024,4,4,4,4,4,4,0,4,4,0,1,1,1,1,0.5840321741415755,0.5800767540931702,0.5911072701989409,0.5800767540931702,b1,0,3.928,8.832,1.525,3.928,8.859984160845912,1.525,0,0,0,0,0,0,0,0,1,4,4,1,4,0,53.261468905990476,0,0.5840321741415755,0.5800767540931702,1,4,4,1,4,0,88.18702228696783,0,0.5840321741415755,0.5800767540931702,1,4,4,1,4,0,123.1125756679452,0,0.5840321741415755,0.5800767540931702,1,4,4,1,4,0,81.84600593340582,0,0.5840321741415755,0.5800767540931702,1,4,4,1,4,0,116.53054296153131,0,0.5840321741415755,0.5800767540931702,1,4,4,1,4,0,204.1996170184924,0,0.5840321741415755,0.5800767540931702,1,3,3,1,3,0,54.90695744733277,0,0.5128332708459954,0.5871618733839687,1,4,4,1,4,0,54.05904918872022,0,0.5840321741415755,0.5800767540931702,4,nuscenes_mf/v1.0-mini/mini_val/fcbccedd61424f1b85dcbf8f897f9754/d0f5aace57684923b8a44b554b006fb2,dev,60
34,ct_joint_full,0,5,5,0,0,0,0,1,5,-1.0,0,8.865697860717773,3.927999973297119,53.107302133963756,0,0,0,0,0.4003429412841797,0.7276362776756287,0,0,0,0,0,1,0,0,1,0,1,0.0,0.0,0.0,0.48919764949823863,0.28531159747756396,0.7591172768634953,0.5853810603665625,0.5481693611625692,-0.5174198207939823,-0.18101488268104013,0.03938058197429795,1,0.2762987723961223,0.2595321756630637,1,1,1,0.48919764949823863,0.28531159747756396,0.7591172768634953,0.48919764949823863,0.28531159747756396,0.7591172768634953,0.48919764949823863,0.48919764949823863,0.48919764949823863,0.0,0,0,1,0.48919764949823863,0.28531159747756396,0.7591172768634953,0.0,0.0,0.0,0.0,0.0,0.0,0.0,0.0,0.0,0.0,0.0,0.48919764949823863,0.28531159747756396,0.0,0.0,0.0,0.0,-0.09815122187137604,0.0011665431084111333,-1.3878022434577961,-0.6326098235080682,0,1,0.0,1.0760170221328735,1.0760170221328735,0.0,0.0,0.0,0.0,0.0,0.0,0.0,0.0,0,2,5,5,34752,5,1024,5,1024,5,5,5,5,5,5,0,5,5,0,1,1,1,1,0.5481693611625469,0.5845012456178665,0.5640462947926153,0.5845012456178665,b1,0,3.928,8.832,1.525,3.928,8.865697691743446,1.525,0,0,0,0,0,0,0,0,1,5,5,1,5,0,53.334224956040266,0,0.5481693611625469,0.5845012456178665,1,5,5,1,5,0,88.30748722229619,0,0.5481693611625469,0.5845012456178665,1,5,5,1,5,0,123.2807494885521,0,0.5481693611625469,0.5845012456178665,1,5,5,1,5,0,81.93620040353852,0,0.5481693611625469,0.5845012456178665,1,5,5,1,5,0,116.63817585103679,0,0.5481693611625469,0.5845012456178665,1,5,5,1,5,0,204.34212674745356,0,0.5481693611625469,0.5845012456178665,1,5,5,1,5,0,53.08949703403609,0,0.5853810599680341,0.5683992683808421,1,5,5,1,5,0,53.484232521761214,0,0.5481693611625469,0.5845012456178665,4,nuscenes_mf/v1.0-mini/mini_val/fcbccedd61424f1b85dcbf8f897f9754/d0f5aace57684923b8a44b554b006fb2,dev,60
35,ct_joint_full,0,0,0,0,0,0,0,0,0,-1.0,0,8.844221115112305,3.927999973297119,52.97865213532376,0,0,0,0,0.4998791217803955,0.9994544386863708,0,0,0,0,0,1,0,0,1,0,1,0.0,0.0,0.0,0.4906577065768343,0.2937861162171785,0.7425109975087089,0.6692681055892464,0.49148905763754497,0.022597751921938372,0.49096930047494836,0.47945612579958197,1,2.9821059935834535,0.03124050965836231,1,1,1,0.4906577065768343,0.2937861162171785,0.7425109975087089,0.4906577065768343,0.2937861162171785,0.7425109975087089,0.4906577065768343,0.4906577065768343,0.4906577065768343,0.0,0,0,1,0.4906577065768343,0.2937861162171785,0.7425109975087089,0.0,0.0,0.0,0.0,0.0,0.0,0.0,0.0,0.0,0.0,0.0,0.4906577065768343,0.2937861162171785,0.0,0.0,0.0,0.0,-0.8640973567962646,-0.005164931993931532,-0.8233703635345978,1.340226963199725,1,0,0.0,6.9913411140441895,2.778228282928467,0.0,0.0,0.0,0.0,0.0,0.0,0.0,0.0,0,2,0,0,34720,0,1024,1,1024,0,0,1,1,0,1,1,0,0,0,1,1,1,1,0.49148905763745193,0.5804693788290024,0.4903066177721231,0.5804693788290024,b1,0,3.928,8.832,1.525,3.928,8.844220899286164,1.525,0,0,0,0,0,0,0,0,1,0,0,0,0,0,53.05996773266233,0,0.49148905763745193,0.5804693788290024,1,0,0,0,0,0,87.8533891967032,0,0.49148905763745193,0.5804693788290024,1,0,0,0,0,0,122.64681066074408,0,0.49148905763745193,0.5804693788290024,1,0,0,0,0,0,81.59621848464012,0,0.49148905763745193,0.5804693788290024,1,0,0,0,0,0,116.23246923945844,0,0.49148905763745193,0.5804693788290024,1,0,0,0,1,1,203.80497074483426,0,0.49148905763745193,0.5804693788290024,1,0,0,0,0,0,56.04592378873198,0,0.6692681258329725,0.5784606598580859,1,0,0,0,0,0,53.840200231652524,0,0.49148905763745193,0.5804693788290024,4,nuscenes_mf/v1.0-mini/mini_val/fcbccedd61424f1b85dcbf8f897f9754/d0f5aace57684923b8a44b554b006fb2,dev,60
36,ct_joint_full,0,2,2,0,0,0,0,1,2,-1.0,0,8.841052055358887,3.927999973297119,52.95966883401467,0,0,0,0,0.5009880065917969,1.1130321025848389,0,0,0,0,0,1,0,0,1,0,1,0.0,0.0,0.0,1.6796825745819397,0.1709641248471567,1.770142662970768,0.49694956736514934,0.4910665031078216,0.009031643550271116,-0.4909834664570363,0.08786046319751532,1,0.6636140188449731,0.13270696816327365,1,1,1,1.6796825745819397,0.1709641248471567,1.770142662970768,1.6796825745819397,0.1709641248471567,1.770142662970768,1.6796825745819397,1.6796825745819397,1.6796825745819397,0.0,0,0,1,1.6796825745819397,0.1709641248471567,1.770142662970768,0.0,0.0,0.0,0.0,0.0,0.0,0.0,0.0,0.0,0.0,0.0,1.6796825745819397,0.1709641248471567,0.0,0.0,0.0,0.0,-0.15857654809951782,0.0008935244404710829,-0.1422755163526994,-1.3459220780448147,1,0,0.0,1.3480111360549927,1.3480111360549927,0.0,0.0,0.0,0.0,0.0,0.0,0.0,0.0,0,2,2,2,34752,2,1024,2,1024,2,2,2,2,2,2,0,1,1,0,1,1,1,1,0.4910665031078603,0.5572948917746544,0.49084128032295193,0.5572948917746544,b1,0,3.928,8.832,1.525,3.928,8.841052133406357,1.525,0,0,0,0,0,0,0,0,1,1,1,1,1,0,53.020591696363404,0,0.4910665031078603,0.5572948917746544,1,1,1,1,1,0,87.78819280873286,0,0.4910665031078603,0.5572948917746544,1,1,1,1,1,0,122.5557939211023,0,0.4910665031078603,0.5572948917746544,1,2,2,1,2,0,81.54739176000002,0,0.4910665031078603,0.5572948917746544,1,2,2,1,6,4,116.17419183002784,0,0.4910665031078603,0.5572948917746544,1,2,2,1,6,4,203.72779196156188,0,0.4910665031078603,0.5572948917746544,1,1,1,1,1,0,53.75307380041677,0,0.496949567213836,0.5290101466544328,1,1,1,1,1,0,53.4121524243158,0,0.4910665031078603,0.5572948917746544,4,nuscenes_mf/v1.0-mini/mini_val/fcbccedd61424f1b85dcbf8f897f9754/d0f5aace57684923b8a44b554b006fb2,dev,60
12,ct_joint_full,0,1,1,0,0,0,0,1,1,-1.0,0,8.715705871582031,4.061999797821045,86.20677898806247,0,0,0,0,0.49987316131591797,0.9999904632568359,0,0,0,0,0,1,0,0,1,0,1,0.0,0.0,0.0,0.3720303101043996,0.6427154799223268,0.4853519538973105,0.0,0.32170610185235704,0.32170599699020386,0.0002597490674816072,0.32170610185235704,1,3.2492956194773543,0.004023844698116925,1,1,1,0.3720303101043996,0.6427154799223268,0.4853519538973105,0.3720303101043996,0.6427154799223268,0.4853519538973105,0.3720303101043996,0.3720303101043996,0.3720303101043996,0.0,0,0,1,0.3720303101043996,0.6427154799223268,0.4853519538973105,0.0,0.0,0.0,0.0,0.0,0.0,0.0,0.0,0.0,0.0,0.0,0.3720303101043996,0.6427154799223268,0.0,0.0,0.0,0.0,-0.8579552173614502,-0.000944607425481081,0.0,0.0,1,1,0.0,5.071526050567627,5.071526050567627,0.0,0.0,0.0,0.0,0.0,0.0,0.0,0.0,0,2,1,1,34752,1,320,3,1024,1,1,1,1,1,1,0,1,1,0,1,1,1,1,0.32170610185244264,0.30000000000000004,0.16085305092610622,0.30000000000000004,b1,0,4.061999999999999,8.394,2.435,4.061999999999999,8.715706101852357,2.435,0,0,0,0,0,0,0,0,1,1,1,1,1,0,89.49452474974096,0,0.32170610185244264,0.30000000000000004,1,1,1,1,1,0,126.2479230042547,0,0.32170610185244264,0.30000000000000004,1,1,1,1,1,0,163.00132125876846,0,0.32170610185244264,0.30000000000000004,1,1,1,1,1,0,136.1525632117223,0,0.32170610185244264,0.30000000000000004,1,1,1,1,1,0,192.55060167256977,0,0.32170610185244264,0.30000000000000004,1,1,1,1,1,0,332.04310844310095,1,0.32170610185244264,0.30000000000000004,1,1,1,1,1,0,83.02480217976263,0,0.0,0.30000000000000004,1,1,1,1,1,0,89.49452474974096,0,0.32170610185244264,0.30000000000000004,5,nuscenes_mf/v1.0-mini/mini_val/fcbccedd61424f1b85dcbf8f897f9754/349232409f354033b215b5e37c3312ab,dev,60
13,ct_joint_full,0,0,0,0,0,0,0,0,0,-1.0,0,8.45163631439209,4.061999797821045,83.59487511136399,0,0,0,0,0.5004467964172363,1.0011619329452515,0,0,0,0,0,1,0,0,1,0,1,0.0,0.0,0.0,0.43723634830415625,0.6193444287514875,0.5420902663661695,0.8377100503751058,0.3144225208016848,-0.3144180543911664,0.0016763554489890363,0.5232946834515262,1,3.5583818712370183,0.0011836605343396105,1,1,1,0.43723634830415625,0.6193444287514875,0.5420902663661695,0.43723634830415625,0.6193444287514875,0.5420902663661695,0.43723634830415625,0.43723634830415625,0.43723634830415625,0.0,0,0,1,0.43723634830415625,0.6193444287514875,0.5420902663661695,0.0,0.0,0.0,0.0,0.0,0.0,0.0,0.0,0.0,0.0,0.0,0.43723634830415625,0.6193444287514875,0.0,0.0,0.0,0.0,-0.9322187900543213,-0.004553067032247782,-1.4923389768386273,6.924262686642642e-09,0,1,0.0,9.13963508605957,3.8388376235961914,0.0,0.0,0.0,0.0,0.0,0.0,0.0,0.0,0,2,0,0,34784,0,1024,2,1024,0,0,1,1,0,1,1,0,0,0,1,1,1,1,0.3144225208016783,0.31170493662357335,0.343225204494044,0.31170493662357335,b1,0,4.061999999999999,8.394,2.435,4.061999999999999,8.451636641536634,2.435,0,0,0,0,0,0,0,0,1,0,0,0,0,0,84.1836641790811,0,0.3144225208016783,0.31170493662357335,1,0,0,0,0,0,118.75601086453536,0,0.3144225208016783,0.31170493662357335,1,0,0,0,0,0,153.32835754998962,0,0.3144225208016783,0.31170493662357335,1,0,0,0,2,2,129.55562524846755,0,0.3144225208016783,0.31170493662357335,1,0,0,0,2,2,184.6675863189879,0,0.3144225208016783,0.31170493662357335,1,0,0,0,3,3,321.62780487803974,1,0.3144225208016783,0.31170493662357335,1,0,0,0,0,0,88.1141634984593,0,0.8377100455000631,0.32635630142273997,1,0,0,0,0,0,85.32552485981147,0,0.3144225208016783,0.31170493662357335,5,nuscenes_mf/v1.0-mini/mini_val/fcbccedd61424f1b85dcbf8f897f9754/349232409f354033b215b5e37c3312ab,dev,60
14,ct_joint_full,0,0,0,0,0,0,0,0,0,-1.0,0,8.462623596191406,4.061999797821045,83.7035499780597,0,0,0,0,0.500432014465332,1.0005439519882202,0,0,0,0,0,1,0,0,1,0,1,0.0,0.0,0.0,0.7511953154659236,0.528984069439506,0.831992037808836,0.42560407904603503,0.5042501941135387,0.49394943046295303,0.10140130950837309,0.08059094068414108,1,0.6343152780790018,0.14497511773484675,1,1,1,0.7511953154659236,0.528984069439506,0.831992037808836,0.7511953154659236,0.528984069439506,0.831992037808836,0.7511953154659236,0.7511953154659236,0.7511953154659236,0.0,0,0,1,0.7511953154659236,0.528984069439506,0.831992037808836,0.0,0.0,0.0,0.0,0.0,0.0,0.0,0.0,0.0,0.0,0.0,0.7511953154659236,0.528984069439506,0.0,0.0,0.0,0.0,-0.1524219810962677,-0.00012106745271012187,0.7817867199745878,0.2880501853749451,1,1,0.0,1.324339509010315,1.324339509010315,0.0,0.0,0.0,0.0,0.0,0.0,0.0,0.0,0,2,0,0,34688,0,0,4,1024,0,0,1,1,0,1,1,0,0,0,1,1,1,1,0.5042501941134738,0.3374469263553621,0.4706852880811745,0.3374469263553621,b1,0,4.061999999999999,8.394,2.435,4.061999999999999,8.46262363601359,2.435,0,0,0,0,0,0,0,0,1,0,0,0,0,0,84.40486900100484,0,0.5042501941134738,0.3374469263553621,1,0,0,0,0,0,119.06805955583229,0,0.5042501941134738,0.3374469263553621,1,0,0,0,0,0,153.73125011065977,0,0.5042501941134738,0.3374469263553621,1,0,0,0,2,2,129.83039607428947,0,0.5042501941134738,0.3374469263553621,1,0,0,0,3,3,184.99592315097573,0,0.5042501941134738,0.3374469263553621,1,0,0,0,3,3,322.06161500927294,1,0.5042501941134738,0.3374469263553621,1,0,0,0,0,0,84.19721319385647,0,0.42560408760890206,0.34544418039411684,1,0,0,0,0,0,85.40066957991384,0,0.5042501941134738,0.3374469263553621,5,nuscenes_mf/v1.0-mini/mini_val/fcbccedd61424f1b85dcbf8f897f9754/349232409f354033b215b5e37c3312ab,dev,60
15,ct_joint_full,0,2,0,0,0,0,0,0,2,-1.0,0,8.416993141174316,4.061999797821045,83.25222054946931,0,0,0,0,0.5999610424041748,1.1988685131072998,0,0,0,0,0,1,0,0,1,0,1,0.0,0.0,0.0,0.7877742111502595,0.5061846595604153,0.8845627998291321,1.218052549586685,0.7741886667793707,-0.7724932487843971,0.05120865160899812,0.4445453972672476,1,2.797436055028843,0.015810244251106647,1,1,1,0.7877742111502595,0.5061846595604153,0.8845627998291321,0.7877742111502595,0.5061846595604153,0.8845627998291321,0.7877742111502595,0.7877742111502595,0.7877742111502595,0.0,0,0,1,0.7877742111502595,0.5061846595604153,0.8845627998291321,0.0,0.0,0.0,0.0,0.0,0.0,0.0,0.0,0.0,0.0,0.0,0.7877742111502595,0.5061846595604153,0.0,0.0,0.0,0.0,-0.8084509968757629,-0.004002269357442856,-2.213316302348263,0.13632076890558445,0,1,0.0,6.21943473815918,2.616537570953369,0.0,0.0,0.0,0.0,0.0,0.0,0.0,0.0,0,2,0,2,34720,2,173,11,1024,0,0,5,5,0,5,5,2,0,2,1,1,1,1,0.7741886667793235,0.3996539514660835,0.7626919905052028,0.3996539514660835,b1,0,4.061999999999999,8.394,2.435,4.061999999999999,8.416993433239456,2.435,0,0,0,0,0,0,0,0,1,2,0,0,0,0,83.48674086053623,0,0.7741886667793235,0.3996539514660835,1,2,0,0,0,0,117.77287673755316,0,0.7741886667793235,0.3996539514660835,1,2,2,1,2,0,152.05901261457012,0,0.7741886667793235,0.3996539514660835,1,2,0,0,5,5,128.68993581000018,0,0.7741886667793235,0.3996539514660835,1,2,0,0,5,5,183.63313076286576,0,0.7741886667793235,0.3996539514660835,1,2,0,0,10,10,320.2610471640015,1,0.7741886667793235,0.3996539514660835,1,2,0,0,1,1,88.79989463276479,0,1.2180525833992988,0.4279996617290469,1,2,0,0,0,0,85.33683436717902,0,0.7741886667793235,0.3996539514660835,5,nuscenes_mf/v1.0-mini/mini_val/fcbccedd61424f1b85dcbf8f897f9754/349232409f354033b215b5e37c3312ab,dev,60
16,ct_joint_full,0,3,3,0,0,0,0,1,3,-1.0,0,8.437832832336426,4.061999797821045,83.45834529445975,0,0,0,0,0.4003429412841797,0.7276362776756287,0,0,0,0,0,1,0,0,1,0,1,0.0,0.0,0.0,1.1850752601536663,0.40041365048815913,1.2880152529677003,0.770868855505992,0.8313103347375982,0.826018939593852,0.09364626888974774,0.060861567149546596,1,0.620702167734789,0.4698871183103068,1,1,1,1.1850752601536663,0.40041365048815913,1.2880152529677003,1.1850752601536663,0.40041365048815913,1.2880152529677003,1.1850752601536663,1.1850752601536663,1.1850752601536663,0.0,0,0,1,1.1850752601536663,0.40041365048815913,1.2880152529677003,0.0,0.0,0.0,0.0,0.0,0.0,0.0,0.0,0.0,0.0,0.0,1.1850752601536663,0.40041365048815913,0.0,0.0,0.0,0.0,-0.13122427463531494,5.722214700654149e-05,1.649764009679146,0.2955574111175489,0,1,0.0,1.2127363681793213,1.2127363681793213,0.0,0.0,0.0,0.0,0.0,0.0,0.0,0.0,0,2,3,3,34752,3,241,13,1024,3,3,10,10,3,10,7,3,3,0,1,1,1,1,0.8313103347375838,0.49332218319177645,0.8095382711633987,0.49332218319177645,b1,0,4.061999999999999,8.394,2.435,4.061999999999999,8.437832760320692,2.435,0,0,0,0,0,0,0,0,1,3,3,1,4,1,83.90630810059375,0,0.8313103347375838,0.49332218319177645,1,3,3,1,4,1,118.36475085237763,0,0.8313103347375838,0.49332218319177645,1,3,3,1,8,5,152.8231936041615,0,0.8313103347375838,0.49332218319177645,1,3,3,1,11,8,129.21110363345127,0,0.8313103347375838,0.49332218319177645,1,3,3,1,13,10,184.25589916857658,0,0.8313103347375838,0.49332218319177645,1,3,3,1,17,14,321.0838706222433,1,0.8313103347375838,0.49332218319177645,1,3,3,1,3,0,83.53210556139727,0,0.7708688580472374,0.49248587396956167,1,3,3,1,4,1,84.22971661703974,0,0.8313103347375838,0.49332218319177645,5,nuscenes_mf/v1.0-mini/mini_val/fcbccedd61424f1b85dcbf8f897f9754/349232409f354033b215b5e37c3312ab,dev,60
17,ct_joint_full,0,2,2,0,0,0,0,1,2,-1.0,0,8.446359634399414,4.061999797821045,83.54268363168103,0,0,0,0,0.4998791217803955,0.9994544386863708,0,0,0,0,0,1,0,0,1,0,1,0.0,0.0,0.0,0.7590473563700205,0.4440165160842849,0.9260504917085461,1.7981384858086975,1.2374350575255146,-1.23587396684505,0.0621373952802007,0.5612817952924775,1,3.318110217492989,0.02188871272645672,1,1,1,0.7590473563700205,0.4440165160842849,0.9260504917085461,0.7590473563700205,0.4440165160842849,0.9260504917085461,0.7590473563700205,0.7590473563700205,0.7590473563700205,0.0,0,0,1,0.7590473563700205,0.4440165160842849,0.9260504917085461,0.0,0.0,0.0,0.0,0.0,0.0,0.0,0.0,0.0,0.0,0.0,0.7590473563700205,0.4440165160842849,0.0,0.0,0.0,0.0,-0.9229710698127747,-0.006449537351727486,-2.9552613492468547,0.15224381695182182,0,1,0.0,8.424428939819336,3.2414801120758057,0.0,0.0,0.0,0.0,0.0,0.0,0.0,0.0,0,2,2,2,34720,2,57,34,1024,2,2,19,19,2,19,17,2,2,0,1,1,1,1,1.237435057525441,0.5215591339468957,1.211255157673932,0.5215591339468957,b1,0,4.061999999999999,8.394,2.435,4.061999999999999,8.446359905229071,2.435,0,0,0,0,0,0,0,0,1,2,2,1,3,1,84.0771719512879,0,1.237435057525441,0.5215591339468957,1,2,2,1,3,1,118.60578466228908,0,1.237435057525441,0.5215591339468957,1,2,2,1,3,1,153.13439737329028,0,1.237435057525441,0.5215591339468957,1,2,2,1,17,15,129.42334631492383,0,1.237435057525441,0.5215591339468957,1,2,2,1,20,18,184.50952067289037,0,1.237435057525441,0.5215591339468957,1,2,2,1,42,40,321.41896243944996,1,1.237435057525441,0.5215591339468957,1,2,2,1,9,7,89.92704076748181,0,1.7981385152097082,0.5385401943630892,1,2,2,1,3,1,85.72066524682343,0,1.237435057525441,0.5215591339468957,5,nuscenes_mf/v1.0-mini/mini_val/fcbccedd61424f1b85dcbf8f897f9754/349232409f354033b215b5e37c3312ab,dev,60
18,ct_joint_full,0,20,6,0,0,0,0,1,20,-1.0,0,9.640132904052734,4.061999797821045,95.35025836345436,0,0,0,0,0.5009880065917969,1.1130321025848389,0,0,0,0,0,1,0,0,1,0,1,0.0,0.0,0.0,0.7829179392903197,0.4327653582058853,0.9574513668245642,3.201194845046564,2.0028369716400056,-2.001715610384394,-0.06701446276051765,1.1986739196529064,1,2.3454631319654387,0.1363310319209899,1,1,1,0.7829179392903197,0.4327653582058853,0.9574513668245642,0.7829179392903197,0.4327653582058853,0.9574513668245642,0.7829179392903197,0.7829179392903197,0.7829179392903197,0.0,0,0,1,0.7829179392903197,0.4327653582058853,0.9574513668245642,0.0,0.0,0.0,0.0,0.0,0.0,0.0,0.0,0.0,0.0,0.0,0.7829179392903197,0.4327653582058853,0.0,0.0,0.0,0.0,-0.7511705756187439,-0.006000933237373829,-2.0055940076445715,-0.08169034648938406,0,1,0.0,5.449429035186768,1.7892324924468994,0.0,0.0,0.0,0.0,0.0,0.0,0.0,0.0,0,2,11,20,34752,20,480,41,1024,6,6,6,8,6,8,2,3,2,1,1,1,1,1,2.0028369716399883,0.5474871572256088,1.3804138382062616,0.5474871572256088,b1,0,4.061999999999999,8.394,2.435,4.061999999999999,9.640133295244107,2.435,0,0,0,0,0,0,0,0,1,3,2,1,7,5,108.08525567004457,0,2.0028369716399883,0.5474871572256088,1,3,3,1,11,8,152.47345101708547,0,2.0028369716399883,0.5474871572256088,1,3,3,1,11,8,196.8616463641264,0,2.0028369716399883,0.5474871572256088,1,7,4,1,10,6,159.24522723477102,0,2.0028369716399883,0.5474871572256088,1,15,6,1,12,6,220.14519880063133,0,2.0028369716399883,0.5474871572256088,1,20,6,1,23,17,368.50201100945475,1,2.0028369716399883,0.5474871572256088,1,3,2,1,7,5,112.24035592326786,0,3.2011948628012377,0.5553832894367354,1,3,2,1,7,5,112.95569412807887,0,2.0028369716399883,0.5474871572256088,5,nuscenes_mf/v1.0-mini/mini_val/fcbccedd61424f1b85dcbf8f897f9754/349232409f354033b215b5e37c3312ab,dev,60
19,ct_joint_full,0,34,11,0,0,0,0,1,34,-1.0,0,8.464874267578125,4.061999797821045,83.72581129959445,0,0,0,0,0.4993109703063965,0.9977567791938782,0,0,0,0,0,1,0,0,1,0,0,0.0,0.0,0.0,2.4899153991101723,0.19231909164816777,2.5564240775239204,0.3338126708030516,0.7121957227143207,0.7092586403324896,0.06461364943626417,0.3820750715889547,1,1.1676846352285672,0.17195693792234465,1,1,1,2.4899153991101723,0.19231909164816777,2.5564240775239204,2.4899153991101723,0.19231909164816777,2.5564240775239204,2.4899153991101723,2.4899153991101723,2.4899153991101723,0.0,0,0,1,2.4899153991101723,0.19231909164816777,2.5564240775239204,0.0,0.0,0.0,0.0,0.0,0.0,0.0,0.0,0.0,0.0,0.0,2.4899153991101723,0.19231909164816777,0.0,0.0,0.0,0.0,-0.2870675027370453,0.002079439116641879,0.24582991862114,0.08789268127977952,1,1,0.0,1.7174712419509888,1.7174712419509888,0.0,0.0,0.0,0.0,0.0,0.0,0.0,0.0,0,2,22,34,34720,34,456,79,1024,11,11,17,17,11,17,6,15,8,7,1,1,1,1,0.7121957227142885,0.5671375691890717,0.7475532246053742,0.5671375691890717,b1,0,4.061999999999999,8.394,2.435,4.061999999999999,8.46487453533495,2.435,0,0,0,0,0,0,0,0,1,15,8,1,14,6,84.44995944862254,0,0.7121957227142885,0.5671375691890717,1,15,13,1,22,9,119.13166764107532,0,0.7121957227142885,0.5671375691890717,1,15,15,1,34,19,153.81337583352814,0,0.7121957227142885,0.5671375691890717,1,23,11,1,22,11,129.88640631975142,0,0.7121957227142885,0.5671375691890717,1,32,11,1,30,19,185.06285318634474,0,0.7121957227142885,0.5671375691890717,1,34,11,1,54,43,322.15004481832733,1,0.7121957227142885,0.5671375691890717,1,17,8,1,15,7,87.95513470170476,0,0.3338126560330347,0.5694588015738526,1,17,8,1,14,6,85.27929522383555,0,0.7121957227142885,0.5671375691890717,5,nuscenes_mf/v1.0-mini/mini_val/fcbccedd61424f1b85dcbf8f897f9754/349232409f354033b215b5e37c3312ab,dev,60
1,ct_joint_full,0,0,0,0,0,0,0,0,0,-1.0,0,0.0,0.0,0.0,0,0,0,0,0.49986815452575684,1.0,0,0,0,0,0,0,0,0,0,0,1,0.0,0.0,0.0,0.08423025131503145,0.7557960425328742,0.19492697876101864,0.01627882059611982,0.01627882059611982,0.0,0.0,0.0,0,0.0,0.0,0,0,0,0.08423025131503145,0.7557960425328742,0.19492697876101864,0.08423025131503145,0.7557960425328742,0.19492697876101864,0.08423025131503145,0.08423025131503145,0.08423025131503145,0.0,0,0,1,0.08423025131503145,0.7557960425328742,0.19492697876101864,0.0,0.0,0.0,0.0,0.0,0.0,0.0,0.0,0.0,0.0,0.0,0.08423025131503145,0.7557960425328742,0.0,0.0,0.0,0.0,-0.0,0.0,-0.04340544955698972,0.0011751721182025002,1,1,0.0,2.082796096801758,2.082796096801758,0.0,0.0,0.0,0.0,0.0,0.0,0.0,0.0,0,2,0,0,34752,0,0,6,1024,0,0,0,0,0,0,0,0,0,0,0,0,0,0,0.0,0.0,0.0,0.0,base_only,0,0.0,0.0,0.0,0.0,0.0,0.0,0,0,0,0,0,0,0,0,0,0,0,0,0,0,0.0,0,0.0,0.0,0,0,0,0,0,0,0.0,0,0.0,0.0,0,0,0,0,0,0,0.0,0,0.0,0.0,0,0,0,0,0,0,0.0,0,0.0,0.0,0,0,0,0,0,0,0.0,0,0.0,0.0,0,0,0,0,0,0,0.0,0,0.0,0.0,0,0,0,0,0,0,0.0,0,0.0,0.0,0,0,0,0,0,0,0.0,0,0.0,0.0,6,nuscenes_mf/v1.0-mini/mini_val/fcbccedd61424f1b85dcbf8f897f9754/eaaf60765ee8478f8e0bd4942571c6fb,dev,60
2,ct_joint_full,0,0,0,0,0,0,0,0,0,-1.0,0,8.719396591186523,3.8259999752044678,54.34410803178451,0,0,0,0,0.4998757839202881,1.0000152587890625,0,0,0,0,0,1,0,0,1,0,1,0.0,0.0,0.0,2.90267645888655,0.2028477250933164,2.903068348339885,0.1691264537302434,0.12401859738920556,-0.12291753796638893,0.016489149991996507,0.04549414803549307,1,0.4585245078395088,0.009771491207734607,1,1,1,2.90267645888655,0.2028477250933164,2.903068348339885,2.90267645888655,0.2028477250933164,2.903068348339885,2.90267645888655,2.90267645888655,2.90267645888655,0.0,0,0,1,2.90267645888655,0.2028477250933164,2.903068348339885,0.0,0.0,0.0,0.0,0.0,0.0,0.0,0.0,0.0,0.0,0.0,2.90267645888655,0.2028477250933164,0.0,0.0,0.0,0.0,-0.12130572646856308,-0.003153557190671563,-0.4491129824812059,0.05681104454597626,1,1,0.0,1.2546032667160034,1.2546032667160034,0.0,0.0,0.0,0.0,0.0,0.0,0.0,0.0,0,2,0,0,34720,0,0,4,1024,0,0,1,1,0,1,1,0,0,0,1,1,1,1,0.12401859738921613,0.009789054870605496,0.11188477564565236,0.009789054870605496,b1,0,3.826,8.695,1.629,3.826,8.719396907993467,1.629,0,0,0,0,0,0,0,0,1,0,0,0,0,0,54.51678369138529,0,0.12401859738921613,0.009789054870605496,1,0,0,0,0,0,87.98319479720807,0,0.12401859738921613,0.009789054870605496,1,0,0,0,4,4,121.44960590303086,0,0.12401859738921613,0.009789054870605496,1,0,0,0,1,1,84.48350670329249,0,0.12401859738921613,0.009789054870605496,1,0,0,0,1,1,120.96622971595824,0,0.12401859738921613,0.009789054870605496,1,0,0,0,7,7,213.47967574128975,0,0.12401859738921613,0.009789054870605496,1,0,0,0,0,0,57.104568395669794,0,0.1691264542613407,0.05157874755977135,1,0,0,0,0,0,56.95723717252867,0,0.12401859738921613,0.009789054870605496,6,nuscenes_mf/v1.0-mini/mini_val/fcbccedd61424f1b85dcbf8f897f9754/eaaf60765ee8478f8e0bd4942571c6fb,dev,60
3,ct_joint_full,0,0,0,0,0,0,0,0,0,-1.0,0,10.69051456451416,3.8259999752044678,66.62920677292718,0,0,0,0,0.5004231929779053,1.0011026859283447,0,0,0,0,0,1,0,0,1,0,1,0.0,0.0,0.0,2.921286989809018,0.1628748263041914,2.936471427145166,6.404403579386997,4.898153137429137,-4.8979780502213,0.04145719344725462,1.506353735700349,1,2.7552554197252586,0.7534343376042033,1,1,1,2.921286989809018,0.1628748263041914,2.936471427145166,2.921286989809018,0.1628748263041914,2.936471427145166,2.921286989809018,2.921286989809018,2.921286989809018,0.0,0,0,1,2.921286989809018,0.1628748263041914,2.936471427145166,0.0,0.0,0.0,0.0,0.0,0.0,0.0,0.0,0.0,0.0,0.0,2.921286989809018,0.1628748263041914,0.0,0.0,0.0,0.0,-0.7898917198181152,-0.0071295783855021,-3.3582920561358196,0.03269410938016004,0,1,0.0,5.644555568695068,1.9114208221435547,0.0,0.0,0.0,0.0,0.0,0.0,0.0,0.0,0,2,0,1,34784,0,0,4,1024,0,0,0,0,0,0,0,0,0,0,0,0,0,0,4.8981531374292215,0.3226991630792618,3.9004099504500154,0.3226991630792618,b1,0,3.826,8.695,1.629,3.826,10.690514580023052,1.629,0,0,0,0,0,0,0,0,1,0,0,0,0,0,80.76150056544738,0,4.8981531374292215,0.3226991630792618,1,0,0,0,1,1,130.33884897885892,0,4.8981531374292215,0.3226991630792618,1,0,0,0,1,1,179.91619739227045,0,4.8981531374292215,0.3226991630792618,1,0,0,0,0,0,117.15012758129463,0,4.8981531374292215,0.3226991630792618,1,0,0,0,0,0,160.054754598659,0,4.8981531374292215,0.3226991630792618,1,0,0,0,1,1,265.41200863338776,0,4.8981531374292215,0.3226991630792618,1,0,0,0,0,0,82.6099168594714,0,6.404403546176476,0.39649720863665694,1,0,0,0,0,0,86.2876726710342,0,4.8981531374292215,0.3226991630792618,6,nuscenes_mf/v1.0-mini/mini_val/fcbccedd61424f1b85dcbf8f897f9754/eaaf60765ee8478f8e0bd4942571c6fb,dev,60
4,ct_joint_full,0,0,0,0,0,0,0,0,0,-1.0,0,8.751256942749023,3.8259999752044678,54.54267938579234,0,0,0,0,0.5004379749298096,1.0005768537521362,0,0,0,0,0,1,0,0,1,0,1,0.0,0.0,0.0,4.243359114134684,0.03777377918192937,4.255045281934128,2.43904762858026,2.977499528143414,2.9773954029775904,-0.02490999811680251,0.5384556616352064,1,2.600866528023913,3.1005684766563464,0,1,1,4.243359114134684,0.03777377918192937,4.255045281934128,4.243359114134684,0.03777377918192937,4.255045281934128,4.243359114134684,4.243359114134684,4.243359114134684,0.0,0,0,1,4.243359114134684,0.03777377918192937,4.255045281934128,0.0,0.0,0.0,0.0,0.0,0.0,0.0,0.0,0.0,0.0,0.0,4.243359114134684,0.03777377918192937,0.0,0.0,0.0,0.0,-0.2885039150714874,0.0026286777574568987,1.3068008373526894,-0.021776483882572868,0,1,0.0,1.6909511089324951,1.6909511089324951,0.0,0.0,0.0,0.0,0.0,0.0,0.0,0.0,0,2,0,0,34720,0,0,6,1024,0,0,1,1,0,1,1,0,0,0,0,0,0,0,2.977499528143468,0.37323944342136384,2.9493930474533214,0.37323944342136384,b1,0,3.826,8.695,1.629,3.826,8.751256914054006,1.629,0,0,0,0,0,0,0,0,1,0,0,0,1,1,54.94064373146323,0,2.977499528143468,0.37323944342136384,1,0,0,0,1,1,88.66725130142225,0,2.977499528143468,0.37323944342136384,1,0,0,0,2,2,122.39385887138128,0,2.977499528143468,0.37323944342136384,1,0,0,0,1,1,85.01108747267257,0,2.977499528143468,0.37323944342136384,1,0,0,0,3,3,121.59753121312335,0,2.977499528143468,0.37323944342136384,1,0,0,0,3,3,214.31841869705914,0,2.977499528143468,0.37323944342136384,1,0,0,0,1,1,58.02402733594812,0,2.4390476564087606,0.3350057171820886,1,0,0,0,1,1,56.35391950009488,0,2.977499528143468,0.37323944342136384,6,nuscenes_mf/v1.0-mini/mini_val/fcbccedd61424f1b85dcbf8f897f9754/eaaf60765ee8478f8e0bd4942571c6fb,dev,60
5,ct_joint_full,0,0,0,0,0,0,0,0,0,-1.0,0,9.391229629516602,3.8259999752044678,58.53134356265093,0,0,0,0,0.5004358291625977,1.0000104904174805,0,0,0,0,0,1,0,0,1,0,1,0.0,0.0,0.0,3.891932601089969,0.05810447049090509,3.9246355422766674,5.89358345483397,4.9382405700891745,-4.931539649015089,-0.25717465418953694,0.9562672137893116,1,3.388295520673128,0.3530971791941565,1,1,1,3.891932601089969,0.05810447049090509,3.9246355422766674,3.891932601089969,0.05810447049090509,3.9246355422766674,3.891932601089969,3.891932601089969,3.891932601089969,0.0,0,0,1,3.891932601089969,0.05810447049090509,3.9246355422766674,0.0,0.0,0.0,0.0,0.0,0.0,0.0,0.0,0.0,0.0,0.0,3.891932601089969,0.05810447049090509,0.0,0.0,0.0,0.0,-0.9295578002929688,-0.006453721784055233,-5.72339501656298,-0.4337440927897399,0,1,0.0,8.389420509338379,2.958775043487549,0.0,0.0,0.0,0.0,0.0,0.0,0.0,0.0,0,2,0,0,34688,0,0,5,1024,0,0,0,0,0,0,0,0,0,0,0,0,0,0,4.938240570089133,0.5311408888101578,4.590748793641705,0.5311408888101578,b1,0,3.826,8.695,1.629,3.826,9.391229167643981,1.629,0,0,0,0,0,0,0,0,1,0,0,0,1,1,63.46201509853732,0,4.938240570089133,0.5311408888101578,1,0,0,0,1,1,102.41966709272843,0,4.938240570089133,0.5311408888101578,1,0,0,0,1,1,141.37731908691956,0,4.938240570089133,0.5311408888101578,1,0,0,0,2,2,95.61757507618563,0,4.938240570089133,0.5311408888101578,1,0,0,0,2,2,134.28913505231682,0,4.938240570089133,0.5311408888101578,1,0,0,0,2,2,231.18025500533776,0,4.938240570089133,0.5311408888101578,1,0,0,0,1,1,67.27255134316928,0,5.893583351770659,0.464633003117697,1,0,0,0,1,1,66.75356186072536,0,4.938240570089133,0.5311408888101578,6,nuscenes_mf/v1.0-mini/mini_val/fcbccedd61424f1b85dcbf8f897f9754/eaaf60765ee8478f8e0bd4942571c6fb,dev,60
6,ct_joint_full,0,0,0,0,0,0,0,0,0,-1.0,0,8.760239601135254,3.8259999752044678,54.59866428711536,0,0,0,0,0.49986720085144043,0.9988616108894348,0,0,0,0,0,1,0,0,1,0,1,0.0,0.0,0.0,4.210793522843435,0.029450473869154035,4.261366625289857,3.12350473785961,3.8268273359144596,3.822635498898817,0.17907082887877496,0.7047310265969771,1,2.6799332638742306,0.6996429244998646,1,1,1,4.210793522843435,0.029450473869154035,4.261366625289857,4.210793522843435,0.029450473869154035,4.261366625289857,4.210793522843435,4.210793522843435,4.210793522843435,0.0,0,0,1,4.210793522843435,0.029450473869154035,4.261366625289857,0.0,0.0,0.0,0.0,0.0,0.0,0.0,0.0,0.0,0.0,0.0,4.210793522843435,0.029450473869154035,0.0,0.0,0.0,0.0,-0.5811392068862915,0.010470828041434288,2.5712712509129423,0.2685722395215656,0,1,0.0,4.591125965118408,2.2389039993286133,0.0,0.0,0.0,0.0,0.0,0.0,0.0,0.0,0,2,0,0,34688,0,0,4,1024,0,0,1,1,0,1,1,0,0,0,0,0,0,0,3.8268273359144773,0.6725934812426566,3.8593794005839723,0.6725934812426566,b1,0,3.826,8.695,1.629,3.826,8.76023978884449,1.629,0,0,0,0,0,0,0,0,1,0,0,0,2,2,55.05782734066481,0,3.8268273359144773,0.6725934812426566,1,0,0,0,2,2,88.85637082787463,0,3.8268273359144773,0.6725934812426566,1,0,0,0,2,2,122.65491431508448,0,3.8268273359144773,0.6725934812426566,1,0,0,0,2,2,85.1569806318744,0,3.8268273359144773,0.6725934812426566,1,0,0,0,3,3,121.77213392460114,0,3.8268273359144773,0.6725934812426566,1,0,0,0,3,3,214.55044050853746,0,3.8268273359144773,0.6725934812426566,1,0,0,0,2,2,60.13070957802017,0,3.1235047445498823,0.6551943266705202,1,0,0,0,2,2,57.17443711701052,0,3.8268273359144773,0.6725934812426566,6,nuscenes_mf/v1.0-mini/mini_val/fcbccedd61424f1b85dcbf8f897f9754/eaaf60765ee8478f8e0bd4942571c6fb,dev,60
7,ct_joint_full,0,0,0,0,0,0,0,0,0,-1.0,0,8.723368644714355,3.8259999752044678,54.36886406894455,0,0,0,0,0.4998908042907715,0.9994787573814392,0,0,0,0,0,1,0,0,1,0,1,0.0,0.0,0.0,4.256524951683819,0.02624301671805592,4.307900552469146,4.697124582160524,4.182525275355934,-4.179586144933141,-0.1567711959922926,0.5149676717663353,1,2.9214222023414425,0.5445301909301383,1,1,1,4.256524951683819,0.02624301671805592,4.307900552469146,4.256524951683819,0.02624301671805592,4.307900552469146,4.256524951683819,4.256524951683819,4.256524951683819,0.0,0,0,1,4.256524951683819,0.02624301671805592,4.307900552469146,0.0,0.0,0.0,0.0,0.0,0.0,0.0,0.0,0.0,0.0,0.0,4.256524951683819,0.02624301671805592,0.0,0.0,0.0,0.0,-0.7251430749893188,0.003019836265593767,-6.610576406452411,-0.35120437793538123,0,1,0.0,5.684754848480225,2.4877259731292725,0.0,0.0,0.0,0.0,0.0,0.0,0.0,0.0,0,2,0,0,34720,0,0,4,1024,0,0,0,0,0,0,0,0,0,0,0,0,0,0,4.182525275355975,0.6715711749792099,4.196659229008686,0.6715711749792099,b1,0,3.826,8.695,1.629,3.826,8.723369073421486,1.629,0,0,0,0,0,0,0,0,1,0,0,0,0,0,54.56955770442635,0,4.182525275355975,0.6715711749792099,1,0,0,0,0,0,88.06836538056284,0,4.182525275355975,0.6715711749792099,1,0,0,0,0,0,121.56717305669933,0,4.182525275355975,0.6715711749792099,1,0,0,0,0,0,84.54919583161454,0,4.182525275355975,0.6715711749792099,1,0,0,0,0,0,121.04483396031986,0,4.182525275355975,0.6715711749792099,1,0,0,0,0,0,213.5841102162134,0,4.182525275355975,0.6715711749792099,1,0,0,0,0,0,58.03609094583772,0,4.697124603591093,0.6554211474617908,1,0,0,0,0,0,55.97762293666418,0,4.182525275355975,0.6715711749792099,6,nuscenes_mf/v1.0-mini/mini_val/fcbccedd61424f1b85dcbf8f897f9754/eaaf60765ee8478f8e0bd4942571c6fb,dev,60
8,ct_joint_full,0,1,1,0,0,0,0,1,1,-1.0,0,8.740460395812988,3.8259999752044678,54.47538932656333,0,0,0,0,0.4993271827697754,0.9988961219787598,0,0,0,0,0,1,0,0,1,0,1,0.0,0.0,0.0,4.148591763457707,0.03528581418042735,4.190823018996946,4.169663292981688,4.236596249004953,4.149072227727082,0.8567080444233837,0.06839987943427606,1,6.229180168555197,11.58227052578532,0,0,0,4.148591763457707,0.03528581418042735,4.190823018996946,4.148591763457707,0.03528581418042735,4.190823018996946,4.148591763457707,4.148591763457707,4.148591763457707,0.0,0,0,1,4.148591763457707,0.03528581418042735,4.190823018996946,0.0,0.0,0.0,0.0,0.0,0.0,0.0,0.0,0.0,0.0,0.0,4.148591763457707,0.03528581418042735,0.0,0.0,0.0,0.0,-0.13374367356300354,0.00043595911120064557,7.979041696486431,2.496707081969904,0,0,0.0,1.244859218597412,1.244859218597412,0.0,0.0,0.0,0.0,0.0,0.0,0.0,0.0,0,2,1,1,34720,1,170,6,1024,1,1,1,1,1,1,0,0,0,0,0,0,0,0,4.236596249005002,0.6133268467783928,4.214353404135918,0.6133268467783928,b1,0,3.826,8.695,1.629,3.826,8.7404605329437,1.629,0,0,0,0,0,0,0,0,1,0,0,0,0,0,54.797345530990974,0,4.236596249005002,0.6133268467783928,1,0,0,0,3,3,88.43598612705665,0,4.236596249005002,0.6133268467783928,1,0,0,0,3,3,122.07462672312232,0,4.236596249005002,0.6133268467783928,1,0,0,0,0,0,84.83271854444314,0,4.236596249005002,0.6133268467783928,1,1,1,1,1,0,121.38409156168811,0,4.236596249005002,0.6133268467783928,1,1,1,1,2,1,214.03483759238523,0,4.236596249005002,0.6133268467783928,1,0,0,0,0,0,55.32292874144049,0,4.169663303393488,0.6075310691683071,1,0,0,0,0,0,55.755664211411684,0,4.236596249005002,0.6133268467783928,6,nuscenes_mf/v1.0-mini/mini_val/fcbccedd61424f1b85dcbf8f897f9754/eaaf60765ee8478f8e0bd4942571c6fb,dev,60
9,ct_joint_full,0,1,1,0,0,0,0,1,1,-1.0,0,8.721073150634766,3.8259999752044678,54.35455727868183,0,0,0,0,0.49986886978149414,1.00052011013031,0,0,0,0,0,1,0,0,1,0,1,0.0,0.0,0.0,4.221316284021798,0.030548050734299875,4.261716933708616,4.114568202627307,4.1544137422513066,4.15237772517238,-0.13005287838555457,0.0398659065116766,1,7.071276286557809,13.677349466712267,0,0,0,4.221316284021798,0.030548050734299875,4.261716933708616,4.221316284021798,0.030548050734299875,4.261716933708616,4.221316284021798,4.221316284021798,4.221316284021798,0.0,0,0,1,4.221316284021798,0.030548050734299875,4.261716933708616,0.0,0.0,0.0,0.0,0.0,0.0,0.0,0.0,0.0,0.0,0.0,4.221316284021798,0.030548050734299875,0.0,0.0,0.0,0.0,-0.09500076621770859,-6.743351696059108e-05,9.800149076321688,-0.43749114246351284,0,1,0.0,1.1233336925506592,1.1233336925506592,0.0,0.0,0.0,0.0,0.0,0.0,0.0,0.0,0,2,1,1,34720,1,76,14,1024,1,1,1,1,1,1,0,0,0,0,0,0,0,0,4.154413742251345,0.5934508882164955,4.167444456655755,0.5934508882164955,b1,0,3.826,8.695,1.629,3.826,8.721073549865416,1.629,0,0,0,0,0,0,0,0,1,0,0,0,1,1,54.539216685038994,0,4.154413742251345,0.5934508882164955,1,0,0,0,1,1,88.01939881213475,0,4.154413742251345,0.5934508882164955,1,0,0,0,3,3,121.49958093923051,0,4.154413742251345,0.5934508882164955,1,0,0,0,1,1,84.51142729774257,0,4.154413742251345,0.5934508882164955,1,0,0,0,1,1,120.99963791044615,0,4.154413742251345,0.5934508882164955,1,1,1,1,2,1,213.52405913509475,0,4.154413742251345,0.5934508882164955,1,0,0,0,1,1,55.10338221343195,0,4.114568201216527,0.5706384635609584,1,0,0,0,1,1,55.03026566462483,0,4.154413742251345,0.5934508882164955,6,nuscenes_mf/v1.0-mini/mini_val/fcbccedd61424f1b85dcbf8f897f9754/eaaf60765ee8478f8e0bd4942571c6fb,dev,60
10,ct_joint_full,0,0,0,0,0,0,0,0,0,-1.0,0,8.718597412109375,3.8259999752044678,54.33912710522026,0,0,0,0,0.49987006187438965,1.000544548034668,0,0,0,0,0,1,0,0,1,0,1,0.0,0.0,0.0,4.541734642379235,0.009252445130472488,4.584785044498046,4.2832753508132635,4.244865848878005,-4.236158533688214,0.271747118126475,0.03848841310364301,1,7.447912298425006,14.455074743000601,0,0,0,4.541734642379235,0.009252445130472488,4.584785044498046,4.541734642379235,0.009252445130472488,4.584785044498046,4.541734642379235,4.541734642379235,4.541734642379235,0.0,0,0,1,4.541734642379235,0.009252445130472488,4.584785044498046,0.0,0.0,0.0,0.0,0.0,0.0,0.0,0.0,0.0,0.0,0.0,4.541734642379235,0.009252445130472488,0.0,0.0,0.0,0.0,-0.09224776923656464,-3.5625824239104986e-05,-10.245334437768411,0.9176845801896227,0,1,0.0,1.1164873838424683,1.1164873838424683,0.0,0.0,0.0,0.0,0.0,0.0,0.0,0.0,0,2,1,1,34688,0,0,7,1024,0,0,0,0,0,0,0,0,0,0,0,0,0,0,4.244865848878014,0.6354229695796967,4.233090999626215,0.6354229695796967,b1,0,3.826,8.695,1.629,3.826,8.718597562836255,1.629,0,0,0,0,0,0,0,0,1,0,0,0,1,1,54.50624986681575,0,4.244865848878014,0.6354229695796967,1,0,0,0,1,1,87.96619453643868,0,4.244865848878014,0.6354229695796967,1,0,0,0,7,7,121.4261392060616,0,4.244865848878014,0.6354229695796967,1,0,0,0,1,1,84.47039372236189,0,4.244865848878014,0.6354229695796967,1,0,0,0,1,1,120.95053757790802,0,4.244865848878014,0.6354229695796967,1,0,0,0,1,1,213.45882529127599,0,4.244865848878014,0.6354229695796967,1,0,0,0,1,1,54.8505108580192,0,4.283275350177211,0.6303640551637724,1,0,0,0,1,1,54.7710028744818,0,4.244865848878014,0.6354229695796967,6,nuscenes_mf/v1.0-mini/mini_val/fcbccedd61424f1b85dcbf8f897f9754/eaaf60765ee8478f8e0bd4942571c6fb,dev,60
11,ct_joint_full,0,1,1,0,0,0,0,1,1,-1.0,0,8.70954418182373,3.8259999752044678,54.282702360740004,0,0,0,0,0.4998760223388672,1.0000131130218506,0,0,0,0,0,1,0,0,1,0,1,0.0,0.0,0.0,4.210911584517443,0.02807011791029626,4.26367690797794,4.932052726256527,4.527249187221638,-4.527235011057838,0.01136759062410466,0.4048094810073308,1,2.958115484265471,0.5894473114569676,1,1,1,4.210911584517443,0.02807011791029626,4.26367690797794,4.210911584517443,0.02807011791029626,4.26367690797794,4.210911584517443,4.210911584517443,4.210911584517443,0.0,0,0,1,4.210911584517443,0.02807011791029626,4.26367690797794,0.0,0.0,0.0,0.0,0.0,0.0,0.0,0.0,0.0,0.0,0.0,4.210911584517443,0.02807011791029626,0.0,0.0,0.0,0.0,-0.7863991260528564,-0.003690748242661357,-9.581230743646529,0.029270523015784717,0,1,0.0,5.896829128265381,2.4326395988464355,0.0,0.0,0.0,0.0,0.0,0.0,0.0,0.0,0,2,1,1,34688,1,76,13,1024,1,1,4,4,1,4,3,0,0,0,0,0,0,0,4.527249187221734,0.6768176309466363,4.5344918677,0.6768176309466363,b1,0,3.826,8.695,1.629,3.826,8.709544312400787,1.629,0,0,0,0,0,0,0,0,1,0,0,0,3,3,54.38531398020219,0,4.527249187221734,0.6768176309466363,1,0,0,0,4,4,87.77101930874865,0,4.527249187221734,0.6768176309466363,1,0,0,0,13,13,121.15672463729511,0,4.527249187221734,0.6768176309466363,1,0,0,0,3,3,84.31987144545279,0,4.527249187221734,0.6768176309466363,1,0,0,0,4,4,120.77042890842772,0,4.527249187221734,0.6768176309466363,1,1,1,1,14,13,213.21954383968747,0,4.527249187221734,0.6768176309466363,1,0,0,0,3,3,57.164966460392705,0,4.932052708676215,0.6680678358758613,1,0,0,0,3,3,55.30841126402084,0,4.527249187221734,0.6768176309466363,6,nuscenes_mf/v1.0-mini/mini_val/fcbccedd61424f1b85dcbf8f897f9754/eaaf60765ee8478f8e0bd4942571c6fb,dev,60
12,ct_joint_full,0,3,1,0,0,0,0,1,3,-1.0,0,8.756844520568848,3.8259999752044678,54.577504264956964,0,0,0,0,0.3992588520050049,0.7987205386161804,0,0,0,0,0,1,0,0,1,0,1,0.0,0.0,0.0,4.664745455235079,0.0019362833640442874,4.710322334585271,3.8753368716553243,4.305267734660966,4.305261845902419,0.007193025253744026,0.42993549732656233,1,2.8565410524841868,0.6294273436539813,1,1,1,4.664745455235079,0.0019362833640442874,4.710322334585271,4.664745455235079,0.0019362833640442874,4.710322334585271,4.664745455235079,4.664745455235079,4.664745455235079,0.0,0,0,1,4.664745455235079,0.0019362833640442874,4.710322334585271,0.0,0.0,0.0,0.0,0.0,0.0,0.0,0.0,0.0,0.0,0.0,4.664745455235079,0.0019362833640442874,0.0,0.0,0.0,0.0,-0.7049312591552734,0.0030149524100124836,6.354092944703366,0.02146196952578516,0,1,0.0,5.4266276359558105,2.340839147567749,0.0,0.0,0.0,0.0,0.0,0.0,0.0,0.0,0,2,3,3,34688,3,205,14,1024,1,1,2,2,1,2,1,0,0,0,0,0,0,0,4.305267734660903,0.6687035239934922,4.274351917536405,0.6687035239934922,b1,0,3.826,8.695,1.629,3.826,8.756844955101268,1.629,0,0,0,0,0,0,0,0,1,0,0,0,1,1,55.0154206773662,0,4.305267734660903,0.6687035239934922,1,0,0,0,5,5,88.78793183597037,0,4.305267734660903,0.6687035239934922,1,0,0,0,14,14,122.56044299457454,0,4.305267734660903,0.6687035239934922,1,0,0,0,1,1,85.10415633677691,0,4.305267734660903,0.6687035239934922,1,1,1,1,3,2,121.70889199694619,0,4.305267734660903,0.6687035239934922,1,2,1,1,14,13,214.46636331728473,0,4.305267734660903,0.6687035239934922,1,0,0,0,1,1,56.69506481821389,0,3.8753368711006786,0.662301020731955,1,0,0,0,1,1,55.53390339140718,0,4.305267734660903,0.6687035239934922,6,nuscenes_mf/v1.0-mini/mini_val/fcbccedd61424f1b85dcbf8f897f9754/eaaf60765ee8478f8e0bd4942571c6fb,dev,60
13,ct_joint_full,0,0,0,0,0,0,0,0,0,-1.0,0,8.742473602294922,3.8259999752044678,54.48793674419715,0,0,0,0,0.4998741149902344,1.1119002103805542,0,0,0,0,0,1,0,0,1,0,1,0.0,0.0,0.0,4.467172666999596,0.013287392508055367,4.512298677781547,5.559779336665422,4.841161827541595,-4.840803353545642,-0.058918688533371774,0.7186651744098063,1,3.4086517411327177,0.3653259908866507,1,1,1,4.467172666999596,0.013287392508055367,4.512298677781547,4.467172666999596,0.013287392508055367,4.512298677781547,4.467172666999596,4.467172666999596,4.467172666999596,0.0,0,0,1,4.467172666999596,0.013287392508055367,4.512298677781547,0.0,0.0,0.0,0.0,0.0,0.0,0.0,0.0,0.0,0.0,0.0,4.467172666999596,0.013287392508055367,0.0,0.0,0.0,0.0,-0.893703818321228,0.0002525540185160935,-6.9135367172902376,-0.12009573918427226,0,1,0.0,8.012834548950195,3.142265558242798,0.0,0.0,0.0,0.0,0.0,0.0,0.0,0.0,0,2,1,1,34720,0,0,17,1024,0,0,3,3,0,3,3,0,0,0,0,0,0,0,4.84116182754166,0.6536714262962342,4.8174261546307235,0.6536714262962342,b1,0,3.826,8.695,1.629,3.826,8.742473528720957,1.629,0,0,0,0,0,0,0,0,1,0,0,0,4,4,54.824148430257104,0,4.84116182754166,0.6536714262962342,1,0,0,0,8,8,88.4792426170325,0,4.84116182754166,0.6536714262962342,1,0,0,0,9,9,122.13433680380788,0,4.84116182754166,0.6536714262962342,1,0,0,0,4,4,84.86607992426259,0,4.84116182754166,0.6536714262962342,1,0,0,0,5,5,121.42401142054378,0,4.84116182754166,0.6536714262962342,1,0,0,0,13,13,214.0878744077962,0,4.84116182754166,0.6536714262962342,1,0,0,0,4,4,59.965584823234984,0,5.559779339492302,0.631875110691341,1,0,0,0,4,4,56.77470466390234,0,4.84116182754166,0.6536714262962342,6,nuscenes_mf/v1.0-mini/mini_val/fcbccedd61424f1b85dcbf8f897f9754/eaaf60765ee8478f8e0bd4942571c6fb,dev,60
14,ct_joint_full,0,0,0,0,0,0,0,0,0,-1.0,0,8.697861671447754,3.8259999752044678,54.20989048673989,0,0,0,0,0.49988603591918945,1.1119290590286255,0,0,0,0,0,1,0,0,1,0,1,0.0,0.0,0.0,4.9963459103146715,0.0,5.035260456110193,4.032188376916936,4.597570975938123,4.5974734283983665,0.02993656104734188,0.5654205711173683,1,3.007376390361859,0.6592340820313963,1,1,1,4.9963459103146715,0.0,5.035260456110193,4.9963459103146715,0.0,5.035260456110193,4.9963459103146715,4.9963459103146715,4.9963459103146715,0.0,0,0,1,4.9963459103146715,0.0,5.035260456110193,0.0,0.0,0.0,0.0,0.0,0.0,0.0,0.0,0.0,0.0,0.0,4.9963459103146715,0.0,0.0,0.0,0.0,0.0,-0.704998254776001,0.005025707185268402,5.027444664772976,0.06630809936708368,0,1,0.0,5.662967205047607,2.5697567462921143,0.0,0.0,0.0,0.0,0.0,0.0,0.0,0.0,0,2,2,2,34688,0,0,9,1024,0,0,1,1,0,1,1,0,0,0,0,0,0,0,4.597570975938085,0.6365592829585076,4.596844458251528,0.6365592829585076,b1,0,3.826,8.695,1.629,3.826,8.6978611988125,1.629,0,0,0,0,0,0,0,0,1,0,0,0,1,1,54.22029588995408,0,4.597570975938085,0.6365592829585076,1,0,0,0,1,1,87.50470097893756,0,4.597570975938085,0.6365592829585076,1,0,0,0,1,1,120.78910606792104,0,4.597570975938085,0.6365592829585076,1,0,0,0,1,1,84.11461340432474,0,4.597570975938085,0.6365592829585076,1,0,0,0,1,1,120.52493092400535,0,4.597570975938085,0.6365592829585076,1,0,0,0,4,4,212.8935659580566,0,4.597570975938085,0.6365592829585076,1,0,0,0,1,1,58.42090183711166,0,4.032188388369171,0.6199215697809413,1,0,0,0,1,1,55.60870406859846,0,4.597570975938085,0.6365592829585076,6,nuscenes_mf/v1.0-mini/mini_val/fcbccedd61424f1b85dcbf8f897f9754/eaaf60765ee8478f8e0bd4942571c6fb,dev,60
15,ct_joint_full,0,0,0,0,0,0,0,0,0,-1.0,0,8.71829891204834,3.8259999752044678,54.33726668754172,0,0,0,0,0.4998509883880615,0.9999418258666992,0,0,0,0,0,1,0,0,1,0,1,0.0,0.0,0.0,4.773966964489949,0.0,4.813682342467236,5.691563467503482,5.086420458575628,-5.0856932609275844,-0.08601365653993527,0.6052364323600292,1,3.211925262766028,0.5675210844614988,1,1,1,4.773966964489949,0.0,4.813682342467236,4.773966964489949,0.0,4.813682342467236,4.773966964489949,4.773966964489949,4.773966964489949,0.0,0,0,1,4.773966964489949,0.0,4.813682342467236,0.0,0.0,0.0,0.0,0.0,0.0,0.0,0.0,0.0,0.0,0.0,4.773966964489949,0.0,0.0,0.0,0.0,0.0,-0.819719135761261,0.002220277674496174,-7.707682249201969,-0.18612991973979465,0,1,0.0,6.756617069244385,2.7666642665863037,0.0,0.0,0.0,0.0,0.0,0.0,0.0,0.0,0,2,0,0,34720,0,0,13,1024,0,0,0,0,0,0,0,0,0,0,0,0,0,0,5.086420458575589,0.6248002923727036,5.098048645562938,0.6248002923727036,b1,0,3.826,8.695,1.629,3.826,8.718298824163778,1.629,0,0,0,0,0,0,0,0,1,0,0,0,5,5,54.502115966603625,0,5.086420458575589,0.6248002923727036,1,0,0,0,5,5,87.95952294426085,0,5.086420458575589,0.6248002923727036,1,0,0,0,13,13,121.41692992191808,0,5.086420458575589,0.6248002923727036,1,0,0,0,7,7,84.46525057860883,0,5.086420458575589,0.6248002923727036,1,0,0,0,11,11,120.94438519137259,0,5.086420458575589,0.6248002923727036,1,0,0,0,28,28,213.45065441614156,0,5.086420458575589,0.6248002923727036,1,0,0,0,3,3,58.50359787594856,0,5.691563454040331,0.6143803447231356,1,0,0,0,5,5,55.93259552297773,0,5.086420458575589,0.6248002923727036,6,nuscenes_mf/v1.0-mini/mini_val/fcbccedd61424f1b85dcbf8f897f9754/eaaf60765ee8478f8e0bd4942571c6fb,dev,60
16,ct_joint_full,0,1,0,0,0,0,0,0,1,-1.0,0,8.73731803894043,3.8259999752044678,54.45580441841391,0,0,0,0,0.45009803771972656,0.9004328846931458,0,0,0,0,0,1,0,0,1,0,1,0.0,0.0,0.0,5.2805259983504635,0.0,5.314008278212167,4.436329357621703,4.929068135006778,4.896428711536052,0.5663023637806845,0.4966226276932386,1,3.0385633297000814,0.8066140785285814,1,1,1,5.2805259983504635,0.0,5.314008278212167,5.2805259983504635,0.0,5.314008278212167,5.2805259983504635,5.2805259983504635,5.2805259983504635,0.0,0,0,1,5.2805259983504635,0.0,5.314008278212167,0.0,0.0,0.0,0.0,0.0,0.0,0.0,0.0,0.0,0.0,0.0,5.2805259983504635,0.0,0.0,0.0,0.0,0.0,-0.7148376107215881,0.00406309450045228,6.333116341747241,1.3100576341677403,0,0,0.0,5.638127326965332,2.4736735820770264,0.0,0.0,0.0,0.0,0.0,0.0,0.0,0.0,0,2,27,28,34720,1,40,23,1024,0,0,0,0,0,0,0,0,0,0,0,0,0,0,4.929068135006808,0.6170714027881623,4.9081695407043195,0.6170714027881623,b1,0,3.826,8.695,1.629,3.826,8.737318503051753,1.629,0,0,0,0,0,0,0,0,1,0,0,0,6,6,54.755252457321156,0,4.929068135006808,0.6170714027881623,1,0,0,0,10,10,88.36805322915735,0,4.929068135006808,0.6170714027881623,1,0,0,0,18,18,121.98085400099355,0,4.929068135006808,0.6170714027881623,1,0,0,0,7,7,84.78032937126467,0,4.929068135006808,0.6170714027881623,1,0,0,0,9,9,121.3214062867253,0,4.929068135006808,0.6170714027881623,1,0,0,0,14,14,213.9515601108195,0,4.929068135006808,0.6170714027881623,1,0,0,0,7,7,57.58207195465867,0,4.436329361559462,0.610928554786976,1,0,0,0,6,6,55.84560885557415,0,4.929068135006808,0.6170714027881623,6,nuscenes_mf/v1.0-mini/mini_val/fcbccedd61424f1b85dcbf8f897f9754/eaaf60765ee8478f8e0bd4942571c6fb,dev,60
17,ct_joint_full,0,13,11,0,0,0,0,1,13,-1.0,0,8.69774055480957,3.8259999752044678,54.20913562078087,0,0,0,0,0.5004448890686035,1.0536247491836548,0,0,0,0,0,1,0,0,1,0,1,0.0,0.0,0.0,5.072542200805559,0.0,5.10641715000244,6.019508371098037,5.37576647473709,-5.34154824489553,-0.6055823801874192,0.6475147205210368,1,3.3268544050940037,0.6017826741711619,1,1,1,5.072542200805559,0.0,5.10641715000244,5.072542200805559,0.0,5.10641715000244,5.072542200805559,5.072542200805559,5.072542200805559,0.0,0,0,1,5.072542200805559,0.0,5.10641715000244,0.0,0.0,0.0,0.0,0.0,0.0,0.0,0.0,0.0,0.0,0.0,5.072542200805559,0.0,0.0,0.0,0.0,0.0,-0.8469634056091309,0.0019586971029639244,-7.833832629941196,-1.2871526115250351,0,0,0.0,7.153138160705566,2.8817903995513916,0.0,0.0,0.0,0.0,0.0,0.0,0.0,0.0,0,2,39,40,34784,13,418,30,1024,11,11,13,13,11,13,2,0,0,0,0,0,0,0,5.375766474737038,0.5955914385318757,5.376997190243729,0.5955914385318757,b1,0,3.826,8.695,1.629,3.826,8.697740532644435,1.629,0,0,0,0,0,0,0,0,1,0,0,0,5,5,54.22741956612747,0,5.375766474737038,0.5955914385318757,1,0,0,0,11,11,87.51619769143592,0,5.375766474737038,0.5955914385318757,1,0,0,0,20,20,120.80497581674437,0,5.375766474737038,0.5955914385318757,1,0,0,0,7,7,84.12335207391344,0,5.375766474737038,0.5955914385318757,1,0,0,0,8,8,120.53528458018228,0,5.375766474737038,0.5955914385318757,1,5,4,1,15,11,212.90714959575422,0,5.375766474737038,0.5955914385318757,1,0,0,0,4,4,59.29281054205968,0,6.019508399164141,0.5674561946613512,1,0,0,0,5,5,56.21408287093943,0,5.375766474737038,0.5955914385318757,6,nuscenes_mf/v1.0-mini/mini_val/fcbccedd61424f1b85dcbf8f897f9754/eaaf60765ee8478f8e0bd4942571c6fb,dev,60
18,ct_joint_full,0,5,1,0,0,0,0,1,5,-1.0,0,8.708789825439453,3.8259999752044678,54.27800079401885,0,0,0,0,0.5004091262817383,1.0528911352157593,0,0,0,0,0,1,0,0,1,0,1,0.0,0.0,0.0,5.4785688106998025,0.0,5.5081865214102,4.538835029013516,5.053651410302912,5.052987141601875,0.08194583894019423,0.5149288327701249,1,3.0274562376017684,0.8658787284841764,1,1,1,5.4785688106998025,0.0,5.5081865214102,5.4785688106998025,0.0,5.5081865214102,5.4785688106998025,5.4785688106998025,5.4785688106998025,0.0,0,0,1,5.4785688106998025,0.0,5.5081865214102,0.0,0.0,0.0,0.0,0.0,0.0,0.0,0.0,0.0,0.0,0.0,5.4785688106998025,0.0,0.0,0.0,0.0,0.0,-0.689160943031311,0.0040092808194458485,6.073606936427975,0.18172785674553968,0,1,0.0,5.433718681335449,2.464264154434204,0.0,0.0,0.0,0.0,0.0,0.0,0.0,0.0,0,2,29,47,34784,5,132,36,1024,1,1,1,1,1,1,0,0,0,0,0,0,0,0,5.05365141030292,0.5872067190408707,5.046834733923365,0.5872067190408707,b1,0,3.826,8.695,1.629,3.826,8.70878981820086,1.629,0,0,0,0,0,0,0,0,1,0,0,0,5,5,54.37478180095414,0,5.05365141030292,0.5872067190408707,1,0,0,0,12,12,87.75402170332009,0,5.05365141030292,0.5872067190408707,1,0,0,0,21,21,121.13326160568604,0,5.05365141030292,0.5872067190408707,1,0,0,0,7,7,84.30676925051864,0,5.05365141030292,0.5872067190408707,1,1,0,0,9,9,120.75475670235883,0,5.05365141030292,0.5872067190408707,1,1,0,0,30,30,213.19873160072927,0,5.05365141030292,0.5872067190408707,1,0,0,0,6,6,57.815918054181175,0,4.538835069652151,0.5829017183452126,1,0,0,0,5,5,55.43405623846549,0,5.05365141030292,0.5872067190408707,6,nuscenes_mf/v1.0-mini/mini_val/fcbccedd61424f1b85dcbf8f897f9754/eaaf60765ee8478f8e0bd4942571c6fb,dev,60
19,ct_joint_full,0,1,0,0,0,0,0,0,1,-1.0,0,8.705253601074219,3.8259999752044678,54.255961085546005,0,0,0,0,0.500432014465332,1.0000100135803223,0,0,0,0,0,1,0,0,1,0,1,0.0,0.0,0.0,5.5029200157116795,0.0,5.531826490887921,6.071809524771264,5.436527385399996,-5.415191614805573,-0.48117859491925835,0.6375638833325139,1,3.3300564651615847,0.590126825357959,1,1,1,5.5029200157116795,0.0,5.531826490887921,5.5029200157116795,0.0,5.531826490887921,5.5029200157116795,5.5029200157116795,5.5029200157116795,0.0,0,0,1,5.5029200157116795,0.0,5.531826490887921,0.0,0.0,0.0,0.0,0.0,0.0,0.0,0.0,0.0,0.0,0.0,5.5029200157116795,0.0,0.0,0.0,0.0,0.0,-0.8525484800338745,0.0011379264760762453,-8.093728325717393,-1.0416670572375375,0,0,0.0,7.222080230712891,2.880171775817871,0.0,0.0,0.0,0.0,0.0,0.0,0.0,0.0,0,2,24,32,34752,1,51,20,1024,0,0,0,0,0,0,0,0,0,0,0,0,0,0,5.436527385399898,0.5704406551718713,5.441604297755655,0.5704406551718713,b1,0,3.826,8.695,1.629,3.826,8.705253845476204,1.629,0,0,0,0,0,0,0,0,1,0,0,0,3,3,54.32848793250276,0,5.436527385399898,0.5704406551718713,1,0,0,0,9,9,87.67930925386725,0,5.436527385399898,0.5704406551718713,1,0,0,0,18,18,121.03013057523174,0,5.436527385399898,0.5704406551718713,1,0,0,0,4,4,84.24913604784385,0,5.436527385399898,0.5704406551718713,1,0,0,0,9,9,120.6857841639435,0,5.436527385399898,0.5704406551718713,1,0,0,0,50,50,213.10708039234999,0,5.436527385399898,0.5704406551718713,1,0,0,0,2,2,59.00400667290908,0,6.0718095665054,0.5515782217375058,1,0,0,0,3,3,56.08565239611024,0,5.436527385399898,0.5704406551718713,6,nuscenes_mf/v1.0-mini/mini_val/fcbccedd61424f1b85dcbf8f897f9754/eaaf60765ee8478f8e0bd4942571c6fb,dev,60
20,ct_joint_full,0,6,0,0,0,0,0,0,6,-1.0,0,8.744215965270996,3.8259999752044678,54.498796115119454,0,0,0,0,0.5502018928527832,1.0994789600372314,0,0,0,0,0,1,0,0,1,0,1,0.0,0.0,0.0,5.671428942081443,0.0,5.699257897385603,5.335809187854882,5.438172396219244,5.37210849936757,0.8450848569029995,0.10366666149688429,1,8.078936877578277,14.769187694251098,0,0,0,5.671428942081443,0.0,5.699257897385603,5.671428942081443,0.0,5.699257897385603,5.671428942081443,5.671428942081443,5.671428942081443,0.0,0,0,1,5.671428942081443,0.0,5.699257897385603,0.0,0.0,0.0,0.0,0.0,0.0,0.0,0.0,0.0,0.0,0.0,5.671428942081443,0.0,0.0,0.0,0.0,0.0,-0.1730395406484604,0.000320318213198334,8.794046496303842,2.176685623146287,0,0,0.0,1.4150593280792236,1.4150593280792236,0.0,0.0,0.0,0.0,0.0,0.0,0.0,0.0,0,2,14,14,34752,6,221,27,1024,0,0,0,0,0,0,0,0,0,0,0,0,0,0,5.438172396219197,0.5647792719006539,5.413874312113488,0.5647792719006539,b1,0,3.826,8.695,1.629,3.826,8.74421632862446,1.629,0,0,0,0,0,0,0,0,1,0,0,0,9,9,54.84735319575062,0,5.438172396219197,0.5647792719006539,1,0,0,0,15,15,88.51669217411195,0,5.438172396219197,0.5647792719006539,1,0,0,0,21,21,122.18603115247329,0,5.438172396219197,0.5647792719006539,1,0,0,0,16,16,84.89496273822198,0,5.438172396219197,0.5647792719006539,1,0,0,0,26,26,121.45857228221045,0,5.438172396219197,0.5647792719006539,1,2,0,0,47,47,214.1337913663946,0,5.438172396219197,0.5647792719006539,1,0,0,0,9,9,55.37472265715559,0,5.335809176364138,0.5619109818083192,1,0,0,0,9,9,55.67593424159005,0,5.438172396219197,0.5647792719006539,6,nuscenes_mf/v1.0-mini/mini_val/fcbccedd61424f1b85dcbf8f897f9754/eaaf60765ee8478f8e0bd4942571c6fb,dev,60
21,ct_joint_full,0,0,0,0,0,0,0,0,0,-1.0,0,8.696778297424316,3.8259999752044678,54.20313829989384,0,0,0,0,0.5019419193267822,0.955502986907959,0,0,0,0,0,1,0,0,1,0,1,0.0,0.0,0.0,5.613945931527911,0.0,5.641741267497172,5.863975774403859,5.557017887127253,-5.526508451908741,-0.5815104794801971,0.30849886191424114,1,2.9998959179625553,1.5982907763929444,0,1,1,5.613945931527911,0.0,5.641741267497172,5.613945931527911,0.0,5.641741267497172,5.613945931527911,5.613945931527911,5.613945931527911,0.0,0,0,1,5.613945931527911,0.0,5.641741267497172,0.0,0.0,0.0,0.0,0.0,0.0,0.0,0.0,0.0,0.0,0.0,5.613945931527911,0.0,0.0,0.0,0.0,0.0,-0.6473738551139832,-0.001998035702854395,-12.244580081208461,-1.7867716822511899,0,0,0.0,4.490421295166016,2.011345863342285,0.0,0.0,0.0,0.0,0.0,0.0,0.0,0.0,0,2,3,3,34752,0,0,32,1024,0,0,2,2,0,2,2,0,0,0,0,0,0,0,5.557017887127304,0.5625249646306039,5.557874883128024,0.5625249646306039,b1,0,3.826,8.695,1.629,3.826,8.69677838074524,1.629,0,0,0,0,0,0,0,0,1,0,0,0,19,19,54.21486133238068,0,5.557017887127304,0.5625249646306039,1,0,0,0,30,30,87.49593029025709,0,5.557017887127304,0.5625249646306039,1,0,0,0,31,31,120.7769992481335,0,5.557017887127304,0.5625249646306039,1,0,0,0,25,25,84.10771722096624,0,5.557017887127304,0.5625249646306039,1,0,0,0,36,36,120.51657310803468,0,5.557017887127304,0.5625249646306039,1,0,0,0,57,57,212.8822848852058,0,5.557017887127304,0.5625249646306039,1,0,0,0,19,19,56.6580336854665,0,5.863975777762632,0.5613335715809487,1,0,0,0,19,19,54.999865900909185,0,5.557017887127304,0.5625249646306039,6,nuscenes_mf/v1.0-mini/mini_val/fcbccedd61424f1b85dcbf8f897f9754/eaaf60765ee8478f8e0bd4942571c6fb,dev,60
22,ct_joint_full,0,0,0,0,0,0,0,0,0,-1.0,0,8.744902610778809,3.8259999752044678,54.50307567016272,0,0,0,0,0.49837207794189453,0.9473459124565125,0,0,0,0,0,1,0,0,1,0,1,0.0,0.0,0.0,5.852959503364131,0.0,5.879104827407686,5.666608052192497,5.609656221052614,-5.577074711448064,0.6037224331003999,0.0572668094457928,1,11.496621278614098,22.30489760178386,0,0,0,5.852959503364131,0.0,5.879104827407686,5.852959503364131,0.0,5.879104827407686,5.852959503364131,5.852959503364131,5.852959503364131,0.0,0,0,1,5.852959503364131,0.0,5.879104827407686,0.0,0.0,0.0,0.0,0.0,0.0,0.0,0.0,0.0,0.0,0.0,5.852959503364131,0.0,0.0,0.0,0.0,0.0,-0.12044283747673035,0.00041678795241750777,-11.850108950562031,1.856921524448724,0,0,0.0,1.1877802610397339,1.1877802610397339,0.0,0.0,0.0,0.0,0.0,0.0,0.0,0.0,0,2,0,0,34720,0,0,53,1024,0,0,11,11,0,11,11,0,0,0,0,0,0,0,5.609656221052595,0.5593349687457085,5.634470594807215,0.5593349687457085,b1,0,3.826,8.695,1.629,3.826,8.744902969593188,1.629,0,0,0,0,0,0,0,0,1,0,0,0,12,12,54.85649537796993,0,5.609656221052595,0.5593349687457085,1,0,0,0,17,17,88.53144650011231,0,5.609656221052595,0.5593349687457085,1,0,0,0,28,28,122.20639762225468,0,5.609656221052595,0.5593349687457085,1,0,0,0,23,23,84.90634195157932,0,5.609656221052595,0.5593349687457085,1,0,0,0,36,36,121.47218852670584,0,5.609656221052595,0.5593349687457085,1,0,0,0,71,71,214.15188167771743,0,5.609656221052595,0.5593349687457085,1,0,0,0,12,12,54.301224673459224,0,5.666608047323597,0.5559011339593204,1,0,0,0,12,12,54.91883589191719,0,5.609656221052595,0.5593349687457085,6,nuscenes_mf/v1.0-mini/mini_val/fcbccedd61424f1b85dcbf8f897f9754/eaaf60765ee8478f8e0bd4942571c6fb,dev,60
23,ct_joint_full,0,4,2,0,0,0,0,1,4,-1.0,0,8.704187393188477,3.8259999752044678,54.24931588757603,0,0,0,0,0.4998610019683838,0.9994081854820251,0,0,0,0,0,1,0,0,1,0,0,0.0,0.0,0.0,5.951758950864374,0.0,5.9772208878818,6.128269966831387,5.90821864469944,-5.847874231280537,0.8422679541589473,0.22232692642016935,1,3.384500670866497,3.2924195298280874,0,0,1,5.951758950864374,0.0,5.9772208878818,5.951758950864374,0.0,5.9772208878818,5.951758950864374,5.951758950864374,5.951758950864374,0.0,0,0,1,5.951758950864374,0.0,5.9772208878818,0.0,0.0,0.0,0.0,0.0,0.0,0.0,0.0,0.0,0.0,0.0,5.951758950864374,0.0,0.0,0.0,0.0,0.0,-0.4982130229473114,-0.0020134118385612965,-13.602782620259047,2.7095567590011274,0,0,0.0,3.350555896759033,1.6975136995315552,0.0,0.0,0.0,0.0,0.0,0.0,0.0,0.0,0,2,14,14,34688,4,60,85,1024,2,2,28,28,2,28,26,0,0,0,0,0,0,0,5.908218644699479,0.5538398898839951,5.9036379030367465,0.5538398898839951,b1,0,3.826,8.695,1.629,3.826,8.704187275831442,1.629,0,0,0,0,0,0,0,0,1,0,0,0,33,33,54.314231294595636,0,5.908218644699479,0.5538398898839951,1,0,0,0,38,38,87.65630084315036,0,5.908218644699479,0.5538398898839951,1,0,0,0,51,51,120.99837039170508,0,5.908218644699479,0.5538398898839951,1,0,0,0,43,43,84.2313917251015,0,5.908218644699479,0.5538398898839951,1,0,0,0,61,61,120.66455215257314,0,5.908218644699479,0.5538398898839951,1,2,1,1,103,102,213.07887301055064,0,5.908218644699479,0.5538398898839951,1,0,0,0,31,31,55.71846314262396,0,6.1282699630599184,0.5477450582857126,1,0,0,0,33,33,54.47226528096076,0,5.908218644699479,0.5538398898839951,6,nuscenes_mf/v1.0-mini/mini_val/fcbccedd61424f1b85dcbf8f897f9754/eaaf60765ee8478f8e0bd4942571c6fb,dev,60
24,ct_joint_full,0,21,0,0,0,0,0,0,21,-1.0,0,8.723451614379883,3.8259999752044678,54.36938118184561,0,0,0,0,0.49933600425720215,1.0004397630691528,0,0,0,0,0,1,0,0,1,0,0,0.0,0.0,0.0,6.162824165583332,0.0,6.186785954877601,6.014384240441596,5.973933921627948,-4.874737260752379,-3.4532340819144682,0.049580392221802196,1,13.987392964580366,27.449887161689418,0,0,0,6.162824165583332,0.0,6.186785954877601,6.162824165583332,0.0,6.186785954877601,6.162824165583332,6.162824165583332,6.162824165583332,0.0,0,0,1,6.162824165583332,0.0,6.186785954877601,0.0,0.0,0.0,0.0,0.0,0.0,0.0,0.0,0.0,0.0,0.0,6.162824165583332,0.0,0.0,0.0,0.0,0.0,-0.11088059842586517,0.00042264864896424115,-11.012683678997615,-11.101145560651805,0,0,0.0,1.1402239799499512,1.1402239799499512,0.0,0.0,0.0,0.0,0.0,0.0,0.0,0.0,0,2,38,38,34688,21,142,133,1024,0,0,58,58,0,58,58,0,0,0,0,0,0,0,5.973933921628025,0.5511215232014657,5.985509789161039,0.5511215232014657,b1,0,3.826,8.695,1.629,3.826,8.723451592460911,1.629,0,0,0,0,0,0,0,0,1,0,0,0,55,55,54.5708773470833,0,5.973933921628025,0.5511215232014657,1,0,0,0,57,57,88.07049511693185,0,5.973933921628025,0.5511215232014657,1,0,0,0,65,65,121.57011288678041,0,5.973933921628025,0.5511215232014657,1,0,0,0,85,85,84.55083514150093,0,5.973933921628025,0.5511215232014657,1,5,2,1,137,135,121.04679293591855,0,5.973933921628025,0.5511215232014657,1,24,11,1,254,243,213.58670852171954,0,5.973933921628025,0.5511215232014657,1,0,0,0,59,59,56.32337702275233,0,6.014384244114051,0.5491038671892593,1,0,0,0,59,59,56.52690648231301,0,5.973933921628025,0.5511215232014657,6,nuscenes_mf/v1.0-mini/mini_val/fcbccedd61424f1b85dcbf8f897f9754/eaaf60765ee8478f8e0bd4942571c6fb,dev,60
25,ct_joint_full,0,21,6,0,0,0,0,1,21,-1.0,0,8.703636169433594,3.8259999752044678,54.24588035588852,0,0,0,0,0.49987292289733887,1.00054931640625,0,0,0,0,0,1,0,0,1,0,0,0.0,0.0,0.0,5.717312159022215,0.0,5.741926867486566,6.209032921414315,6.023282663150812,-5.994781640411606,-0.5852594496777572,0.1865519227422095,1,3.709729889583371,4.377778608703179,0,0,1,5.717312159022215,0.0,5.741926867486566,5.717312159022215,0.0,5.741926867486566,5.717312159022215,5.717312159022215,5.717312159022215,0.0,0,0,1,5.717312159022215,0.0,5.741926867486566,0.0,0.0,0.0,0.0,0.0,0.0,0.0,0.0,0.0,0.0,0.0,5.717312159022215,0.0,0.0,0.0,0.0,0.0,-0.4319624602794647,-0.0019406505161896348,-14.31299545287511,-1.930745591674292,0,0,0.0,2.9116294384002686,1.5716524124145508,0.0,0.0,0.0,0.0,0.0,0.0,0.0,0.0,0,2,118,124,34688,21,122,180,1024,6,6,80,80,6,80,74,0,0,0,0,0,0,0,6.02328266315089,0.5439841501116753,6.019023798230812,0.5439841501116753,b1,0,3.826,8.695,1.629,3.826,8.703635898677591,1.629,0,0,0,0,0,0,0,0,1,0,0,0,70,70,54.30689849267481,0,6.02328266315089,0.5439841501116753,1,0,0,0,93,93,87.64446662814123,0,6.02328266315089,0.5439841501116753,1,0,0,0,111,111,120.98203476360766,0,6.02328266315089,0.5439841501116753,1,0,0,0,85,85,84.22226450931514,0,6.02328266315089,0.5439841501116753,1,0,0,0,178,178,120.65363052443834,0,6.02328266315089,0.5439841501116753,1,1,1,1,262,261,213.06436255468475,0,6.02328266315089,0.5439841501116753,1,0,0,0,72,72,55.874561785076054,0,6.209032930776662,0.5357318405523311,1,0,0,0,71,71,54.85339447342147,0,6.02328266315089,0.5439841501116753,6,nuscenes_mf/v1.0-mini/mini_val/fcbccedd61424f1b85dcbf8f897f9754/eaaf60765ee8478f8e0bd4942571c6fb,dev,60
26,ct_joint_full,0,73,33,0,0,0,0,1,73,-1.0,0,8.728135108947754,3.8259999752044678,54.3985713135366,0,0,0,0,0.49988412857055664,1.0005598068237305,0,0,0,0,0,1,0,0,1,0,0,0.0,0.0,0.0,5.991188263454299,0.0,6.014070638393742,5.337216815846576,5.782557244333544,5.704546228492469,0.9466369944890087,0.4519198082989887,1,3.156322869294624,1.2450717143888086,1,1,1,5.991188263454299,0.0,6.014070638393742,5.991188263454299,0.0,6.014070638393742,5.991188263454299,5.991188263454299,5.991188263454299,0.0,0,0,1,5.991188263454299,0.0,6.014070638393742,0.0,0.0,0.0,0.0,0.0,0.0,0.0,0.0,0.0,0.0,0.0,5.991188263454299,0.0,0.0,0.0,0.0,0.0,-0.7420024871826172,-0.00043387096957303584,8.624233876382966,2.4143070468740953,0,0,0.0,5.504281997680664,2.2893333435058594,0.0,0.0,0.0,0.0,0.0,0.0,0.0,0.0,0,2,268,288,34752,73,256,292,1024,31,33,154,156,33,156,123,0,0,0,0,0,0,0,5.78255724433359,0.5310986987948418,5.766199948978803,0.5310986987948418,b1,0,3.826,8.695,1.629,3.826,8.728135396742775,1.629,0,0,0,0,0,0,0,0,1,0,0,0,145,145,54.63323953673523,0,5.78255724433359,0.5310986987948418,1,0,0,0,170,170,88.17113980483543,0,5.78255724433359,0.5310986987948418,1,0,0,0,197,197,121.70904007293564,0,5.78255724433359,0.5310986987948418,1,0,0,0,197,197,84.62845694611826,0,5.78255724433359,0.5310986987948418,1,0,0,0,274,274,121.13967435929412,0,5.78255724433359,0.5310986987948418,1,12,8,1,523,515,213.710109181853,0,5.78255724433359,0.5310986987948418,1,0,0,0,163,163,57.55943554381313,0,5.337216814892438,0.5167770221905915,1,0,0,0,146,146,55.857773527689034,0,5.78255724433359,0.5310986987948418,6,nuscenes_mf/v1.0-mini/mini_val/fcbccedd61424f1b85dcbf8f897f9754/eaaf60765ee8478f8e0bd4942571c6fb,dev,60
27,ct_joint_full,0,102,40,0,0,0,0,1,102,-1.0,0,8.727668762207031,3.8259999752044678,54.39566478240304,0,0,0,0,0.44955992698669434,0.8993383646011353,0,0,0,0,0,1,0,0,1,0,0,0.0,0.0,0.0,5.771675567849463,0.0,5.794453013154107,6.349128920641299,5.990593390760368,-5.971100238213516,-0.4828766359951354,0.3597066190579249,1,3.151496603362543,1.949052242979969,0,1,1,5.771675567849463,0.0,5.794453013154107,5.771675567849463,0.0,5.794453013154107,5.771675567849463,5.771675567849463,5.771675567849463,0.0,0,0,1,5.771675567849463,0.0,5.794453013154107,0.0,0.0,0.0,0.0,0.0,0.0,0.0,0.0,0.0,0.0,0.0,5.771675567849463,0.0,0.0,0.0,0.0,0.0,-0.5931652784347534,0.0022231903858482838,-10.439688467349974,-1.2376783370827429,0,0,0.0,4.340374946594238,2.031978130340576,0.0,0.0,0.0,0.0,0.0,0.0,0.0,0.0,0,2,370,425,34720,102,198,464,1024,40,40,232,232,40,232,192,0,0,0,0,0,0,0,5.990593390760379,0.5241267360448838,6.006834198258499,0.5241267360448838,b1,0,3.826,8.695,1.629,3.826,8.727668636004566,1.629,0,0,0,0,0,0,0,0,1,0,0,0,256,256,54.62694661061559,0,5.990593390760379,0.5241267360448838,1,0,0,0,313,313,88.16098381786887,0,5.990593390760379,0.5241267360448838,1,0,0,0,352,352,121.69502102512214,0,5.990593390760379,0.5241267360448838,1,0,0,0,335,335,84.62062533415155,0,5.990593390760379,0.5241267360448838,1,0,0,0,457,457,121.1303040561704,0,5.990593390760379,0.5241267360448838,1,26,23,1,863,840,213.6976615017252,0,5.990593390760379,0.5241267360448838,1,0,0,0,261,261,56.48156457494761,0,6.349128909594619,0.5190524192494108,1,0,0,0,260,260,55.1484093621283,0,5.990593390760379,0.5241267360448838,6,nuscenes_mf/v1.0-mini/mini_val/fcbccedd61424f1b85dcbf8f897f9754/eaaf60765ee8478f8e0bd4942571c6fb,dev,60
28,ct_joint_full,0,169,96,0,0,0,0,1,169,-1.0,0,8.717336654663086,3.8259999752044678,54.331269366654695,0,0,0,0,0.5501871109008789,1.1589668989181519,0,0,0,0,0,1,0,0,1,0,0,0.0,0.0,0.0,5.9961189040325324,0.0,6.017494685012379,5.331961750408287,5.826991332823548,5.758231678467567,0.892523951669987,0.5015518000008599,1,3.206900584541021,1.181342100783702,1,1,1,5.9961189040325324,0.0,6.017494685012379,5.9961189040325324,0.0,6.017494685012379,5.9961189040325324,5.9961189040325324,5.9961189040325324,0.0,0,0,1,5.9961189040325324,0.0,6.017494685012379,0.0,0.0,0.0,0.0,0.0,0.0,0.0,0.0,0.0,0.0,0.0,5.9961189040325324,0.0,0.0,0.0,0.0,0.0,-0.7416744232177734,0.0007028143736533821,7.773365579548963,2.0915305537776168,0,0,0.0,5.6286797523498535,2.431126117706299,0.0,0.0,0.0,0.0,0.0,0.0,0.0,0.0,0,2,468,523,34720,169,179,859,1024,94,96,454,456,96,456,360,0,0,0,0,0,0,0,5.826991332823553,0.5132707483768464,5.815979151357983,0.5132707483768464,b1,0,3.826,8.695,1.629,3.826,8.717336477170115,1.629,0,0,0,0,0,0,0,0,1,0,0,0,474,474,54.48944472225476,0,5.826991332823553,0.5132707483768464,1,0,0,0,580,580,87.93907315826137,0,5.826991332823553,0.5132707483768464,1,0,0,0,624,624,121.38870159426797,0,5.826991332823553,0.5132707483768464,1,0,0,0,725,725,84.44947668423784,0,5.826991332823553,0.5132707483768464,1,0,0,0,1086,1086,120.92550864318665,0,5.826991332823553,0.5132707483768464,1,60,56,1,2127,2071,213.42557256487711,0,5.826991332823553,0.5132707483768464,1,0,0,0,521,521,58.10894500478013,0,5.331961755553763,0.4983586687339777,1,0,0,0,489,489,56.00818187095809,0,5.826991332823553,0.5132707483768464,6,nuscenes_mf/v1.0-mini/mini_val/fcbccedd61424f1b85dcbf8f897f9754/eaaf60765ee8478f8e0bd4942571c6fb,dev,60
29,ct_joint_full,0,227,121,0,0,0,0,1,227,-1.0,0,8.706890106201172,3.8259999752044678,54.266160691732466,0,0,0,0,0.4998970031738281,1.000046968460083,0,0,0,0,0,1,0,0,1,0,0,0.0,0.0,0.0,5.664591820918423,0.0,5.686142242465382,6.217939344517426,5.942831989105512,-5.928181123161464,-0.4170386686448062,0.27580745538025625,1,3.4094797223291264,3.373542994157765,0,0,1,5.664591820918423,0.0,5.686142242465382,5.664591820918423,0.0,5.686142242465382,5.664591820918423,5.664591820918423,5.664591820918423,0.0,0,0,1,5.664591820918423,0.0,5.686142242465382,0.0,0.0,0.0,0.0,0.0,0.0,0.0,0.0,0.0,0.0,0.0,5.664591820918423,0.0,0.0,0.0,0.0,0.0,-0.45726391673088074,0.0018906210316345096,-10.285690119960247,-1.0699654327139176,0,0,0.0,3.256093978881836,1.7197518348693848,0.0,0.0,0.0,0.0,0.0,0.0,0.0,0.0,0,2,436,486,34688,227,186,1279,1024,120,121,637,638,121,638,517,0,0,0,0,0,0,0,5.942831989105596,0.5067547462582589,5.936886975380677,0.5067547462582589,b1,0,3.826,8.695,1.629,3.826,8.706890440177219,1.629,0,0,0,0,0,0,0,0,1,0,0,0,688,688,54.35021255722409,0,5.942831989105596,0.5067547462582589,1,0,0,0,797,797,87.71437005091599,0,5.942831989105596,0.5067547462582589,1,0,0,0,901,901,121.07852754460788,0,5.942831989105596,0.5067547462582589,1,0,0,0,1168,1168,84.27617750962358,0,5.942831989105596,0.5067547462582589,1,0,0,0,1968,1968,120.7181424612645,0,5.942831989105596,0.5067547462582589,1,83,77,1,3334,3257,213.15007236302924,0,5.942831989105596,0.5067547462582589,1,0,0,0,713,713,56.29133019405164,0,6.217939364175496,0.5023721958487442,1,0,0,0,706,706,54.84084460004795,0,5.942831989105596,0.5067547462582589,6,nuscenes_mf/v1.0-mini/mini_val/fcbccedd61424f1b85dcbf8f897f9754/eaaf60765ee8478f8e0bd4942571c6fb,dev,60
30,ct_joint_full,0,218,141,0,0,0,0,1,218,-1.0,0,8.726140022277832,3.8259999752044678,54.38613682860531,0,0,0,0,0.4998588562011719,0.9520358443260193,0,0,0,0,0,1,0,0,1,0,0,0.0,0.0,0.0,5.812779607363054,0.0,5.832913466955551,5.23016855422372,5.630692453678542,5.512826858823832,1.1460542777828973,0.4097644578012248,1,3.120610212155958,1.5310537315781505,0,1,1,5.812779607363054,0.0,5.832913466955551,5.812779607363054,0.0,5.832913466955551,5.812779607363054,5.812779607363054,5.812779607363054,0.0,0,0,1,5.812779607363054,0.0,5.832913466955551,0.0,0.0,0.0,0.0,0.0,0.0,0.0,0.0,0.0,0.0,0.0,5.812779607363054,0.0,0.0,0.0,0.0,0.0,-0.6858282089233398,-2.315844176337123e-05,8.541063845638737,2.967235264659484,0,0,0.0,4.947472095489502,2.1301801204681396,0.0,0.0,0.0,0.0,0.0,0.0,0.0,0.0,0,2,330,359,34688,218,151,1561,1024,140,141,849,850,141,850,709,0,0,0,0,0,0,0,5.630692453678528,0.4945837683677674,5.615448264743649,0.4945837683677674,b1,0,3.826,8.695,1.629,3.826,8.726140191830297,1.629,0,0,0,0,0,0,0,0,1,0,0,0,895,895,54.60667720031133,0,5.630692453678528,0.4945837683677674,1,0,0,0,983,983,88.12827155286585,0,5.630692453678528,0.4945837683677674,1,0,0,0,1097,1097,121.64986590542038,0,5.630692453678528,0.4945837683677674,1,0,0,0,1599,1599,84.5953949419884,0,5.630692453678528,0.4945837683677674,1,11,11,1,2690,2679,121.10011268669972,0,5.630692453678528,0.4945837683677674,1,112,101,1,3860,3759,213.657548171571,0,5.630692453678528,0.4945837683677674,1,0,0,0,927,927,57.26014593294724,0,5.230168565961284,0.4809261401561246,1,0,0,0,903,903,55.70107541996292,0,5.630692453678528,0.4945837683677674,6,nuscenes_mf/v1.0-mini/mini_val/fcbccedd61424f1b85dcbf8f897f9754/eaaf60765ee8478f8e0bd4942571c6fb,dev,60
31,ct_joint_full,0,153,100,0,0,0,0,1,153,-1.0,0,8.709158897399902,3.8259999752044678,54.28030105485461,0,0,0,0,0.49987316131591797,0.9999904632568359,0,0,0,0,0,1,0,0,1,0,0,0.0,0.0,0.0,5.441633080802891,0.0,5.4620245737101,6.080388106452882,5.733829052342068,-5.636290482730469,-1.053102771467369,0.3523251224216101,1,3.1751369242259626,2.1967732915061244,0,1,1,5.441633080802891,0.0,5.4620245737101,5.441633080802891,0.0,5.4620245737101,5.441633080802891,5.441633080802891,5.441633080802891,0.0,0,0,1,5.441633080802891,0.0,5.4620245737101,0.0,0.0,0.0,0.0,0.0,0.0,0.0,0.0,0.0,0.0,0.0,5.441633080802891,0.0,0.0,0.0,0.0,0.0,-0.5688502788543701,0.0016918517649173737,-9.668999654265122,-2.649770988894224,0,0,0.0,4.0820536613464355,1.9545305967330933,0.0,0.0,0.0,0.0,0.0,0.0,0.0,0.0,0,2,209,234,34752,153,114,1456,1024,100,100,720,721,100,721,621,0,0,0,0,0,0,0,5.733829052342073,0.484223862707615,5.740718934425782,0.484223862707615,b1,0,3.826,8.695,1.629,3.826,8.709159265135927,1.629,0,0,0,0,0,0,0,0,1,0,0,0,579,579,54.380469440680926,0,5.733829052342073,0.484223862707615,1,0,0,0,626,626,87.76320083459187,0,5.733829052342073,0.484223862707615,1,0,0,0,690,690,121.14593222850282,0,5.733829052342073,0.484223862707615,1,0,0,0,974,974,84.31383733849275,0,5.733829052342073,0.484223862707615,1,1,1,1,1694,1693,120.76320523402886,0,5.733829052342073,0.484223862707615,1,84,72,1,2916,2844,213.20994102813538,0,5.733829052342073,0.484223862707615,1,0,0,0,664,664,56.8963345916752,0,6.0803880877525245,0.4743162050651803,1,0,0,0,628,628,55.27076729231756,0,5.733829052342073,0.484223862707615,6,nuscenes_mf/v1.0-mini/mini_val/fcbccedd61424f1b85dcbf8f897f9754/eaaf60765ee8478f8e0bd4942571c6fb,dev,60
32,ct_joint_full,0,98,85,0,0,0,0,1,98,-1.0,0,8.729535102844238,3.8259999752044678,54.407296850763714,0,0,0,0,0.5004467964172363,1.0011619329452515,0,0,0,0,0,1,0,0,1,0,0,0.0,0.0,0.0,5.607223485867725,0.0,5.6257758696848335,4.943171116162009,5.411582533381591,5.288683172333984,1.146759018519325,0.48043318328572426,1,3.1591229254504567,1.0878564942877536,1,1,1,5.607223485867725,0.0,5.6257758696848335,5.607223485867725,0.0,5.6257758696848335,5.607223485867725,5.607223485867725,5.607223485867725,0.0,0,0,1,5.607223485867725,0.0,5.6257758696848335,0.0,0.0,0.0,0.0,0.0,0.0,0.0,0.0,0.0,0.0,0.0,5.607223485867725,0.0,0.0,0.0,0.0,0.0,-0.7508053779602051,0.000659249781165272,7.514177842590593,2.815093159675089,0,0,0.0,5.70757532119751,2.395040988922119,0.0,0.0,0.0,0.0,0.0,0.0,0.0,0.0,0,2,123,137,34784,98,125,885,1024,84,85,472,473,85,473,388,0,0,0,0,0,0,0,5.411582533381679,0.47153139632940305,5.394737281941339,0.47153139632940305,b1,0,3.826,8.695,1.629,3.826,8.729535423269404,1.629,0,0,0,0,0,0,0,0,1,0,0,0,284,284,54.65187606596807,0,5.411582533381679,0.47153139632940305,1,0,0,0,318,318,88.20121680627996,0,5.411582533381679,0.47153139632940305,1,0,0,0,362,362,121.75055754659185,0,5.411582533381679,0.47153139632940305,1,0,0,0,437,437,84.65165377401654,0,5.411582533381679,0.47153139632940305,1,0,0,0,668,668,121.16743148130644,0,5.411582533381679,0.47153139632940305,1,76,75,1,1483,1408,213.74698689436912,0,5.411582533381679,0.47153139632940305,1,0,0,0,252,252,57.69442377616756,0,4.943171120509228,0.4582399511708735,1,0,0,0,284,284,55.89483750605392,0,5.411582533381679,0.47153139632940305,6,nuscenes_mf/v1.0-mini/mini_val/fcbccedd61424f1b85dcbf8f897f9754/eaaf60765ee8478f8e0bd4942571c6fb,dev,60
33,ct_joint_full,0,55,47,0,0,0,0,1,55,-1.0,0,8.710947036743164,3.8259999752044678,54.291445729446465,0,0,0,0,0.500432014465332,1.0005439519882202,0,0,0,0,0,1,0,0,1,0,0,0.0,0.0,0.0,5.22412275015637,0.0,5.242910649844644,5.905775265960767,5.526490652333112,-5.454351697572695,-0.8900278551948616,0.3841083801679498,1,3.0742141526672615,1.7459586703247576,0,1,1,5.22412275015637,0.0,5.242910649844644,5.22412275015637,0.0,5.242910649844644,5.22412275015637,5.22412275015637,5.22412275015637,0.0,0,0,1,5.22412275015637,0.0,5.242910649844644,0.0,0.0,0.0,0.0,0.0,0.0,0.0,0.0,0.0,0.0,0.0,5.22412275015637,0.0,0.0,0.0,0.0,0.0,-0.5931214094161987,0.002144093858078122,-9.015487297061702,-2.161728723222393,0,0,0.0,4.365474224090576,2.069916009902954,0.0,0.0,0.0,0.0,0.0,0.0,0.0,0.0,0,2,64,78,34688,55,116,494,1024,47,47,259,259,47,259,212,0,0,0,0,0,0,0,5.526490652333151,0.45650730055570615,5.534277528309959,0.45650730055570615,b1,0,3.826,8.695,1.629,3.826,8.710947498644005,1.629,0,0,0,0,0,0,0,0,1,0,0,0,133,133,54.40421927486267,0,5.526490652333151,0.45650730055570615,1,0,0,0,167,167,87.80153006360587,0,5.526490652333151,0.45650730055570615,1,0,0,0,204,204,121.19884085234906,0,5.526490652333151,0.45650730055570615,1,0,0,0,226,226,84.34339947148506,0,5.526490652333151,0.45650730055570615,1,0,0,0,348,348,120.79857967190026,0,5.526490652333151,0.45650730055570615,1,45,43,1,667,624,213.25694006742071,0,5.526490652333151,0.45650730055570615,1,0,0,0,171,171,57.03871450622749,0,5.905775277275764,0.4409040846115916,1,0,0,0,146,146,55.299724684479955,0,5.526490652333151,0.45650730055570615,6,nuscenes_mf/v1.0-mini/mini_val/fcbccedd61424f1b85dcbf8f897f9754/eaaf60765ee8478f8e0bd4942571c6fb,dev,60
34,ct_joint_full,0,33,28,0,0,0,0,1,33,-1.0,0,8.697248458862305,3.8259999752044678,54.20606860633319,0,0,0,0,0.5999610424041748,1.1988685131072998,0,0,0,0,0,1,0,0,1,0,0,0.0,0.0,0.0,5.526343618220998,0.0,5.5430000039229474,4.681467552166122,5.2537769366296825,5.097786222302846,1.2707281846595246,0.5921070466582076,1,3.263488359761336,0.8668311983587317,1,1,1,5.526343618220998,0.0,5.5430000039229474,5.526343618220998,0.0,5.5430000039229474,5.526343618220998,5.526343618220998,5.526343618220998,0.0,0,0,1,5.526343618220998,0.0,5.5430000039229474,0.0,0.0,0.0,0.0,0.0,0.0,0.0,0.0,0.0,0.0,0.0,5.526343618220998,0.0,0.0,0.0,0.0,0.0,-0.8051969408988953,0.00021109270164743066,6.127201258876549,2.7766822878483355,0,0,0.0,6.383705139160156,2.654680013656616,0.0,0.0,0.0,0.0,0.0,0.0,0.0,0.0,0,2,36,38,34720,33,211,174,1024,28,28,97,97,28,97,69,0,0,0,0,0,0,0,5.2537769366296905,0.4434563941955568,5.254878370381856,0.4434563941955568,b1,0,3.826,8.695,1.629,3.826,8.697248259002713,1.629,0,0,0,0,0,0,0,0,1,0,0,0,73,73,54.221977062614634,0,5.2537769366296905,0.4434563941955568,1,0,0,0,93,93,87.50741417901405,0,5.2537769366296905,0.4434563941955568,1,0,0,0,112,112,120.79285129541346,0,5.2537769366296905,0.4434563941955568,1,0,0,0,110,110,84.11656150441664,0,5.2537769366296905,0.4434563941955568,1,2,2,1,160,158,120.52714595304569,0,5.2537769366296905,0.4434563941955568,1,27,27,1,254,227,212.89631484120108,0,5.2537769366296905,0.4434563941955568,1,0,0,0,69,69,59.200412944210946,0,4.681467516453919,0.42851870274146286,1,0,0,0,73,73,56.39611133571827,0,5.2537769366296905,0.4434563941955568,6,nuscenes_mf/v1.0-mini/mini_val/fcbccedd61424f1b85dcbf8f897f9754/eaaf60765ee8478f8e0bd4942571c6fb,dev,60
35,ct_joint_full,0,23,15,0,0,0,0,1,23,-1.0,0,8.733525276184082,3.8259999752044678,54.43216582062628,0,0,0,0,0.4003429412841797,0.7276362776756287,0,0,0,0,0,1,0,0,1,0,0,0.0,0.0,0.0,5.267107607732502,0.0,5.283892197469613,5.8196368175563125,5.522172574237099,-5.40342106582535,-1.1390487209367715,0.3038904822800931,1,3.147741825921725,2.345828238215825,0,1,1,5.267107607732502,0.0,5.283892197469613,5.267107607732502,0.0,5.283892197469613,5.267107607732502,5.267107607732502,5.267107607732502,0.0,0,0,1,5.267107607732502,0.0,5.283892197469613,0.0,0.0,0.0,0.0,0.0,0.0,0.0,0.0,0.0,0.0,0.0,5.267107607732502,0.0,0.0,0.0,0.0,0.0,-0.5300065875053406,0.003116869367659092,-9.954025856263973,-3.061378822716749,0,0,0.0,3.843238353729248,1.8748195171356201,0.0,0.0,0.0,0.0,0.0,0.0,0.0,0.0,0,2,30,31,34752,23,198,125,1024,15,15,56,56,15,56,41,0,0,0,0,0,0,0,5.522172574237073,0.42938940000534076,5.540895038102493,0.42938940000534076,b1,0,3.826,8.695,1.629,3.826,8.733525700067556,1.629,0,0,0,0,0,0,0,0,1,0,0,0,43,43,54.704889138381,0,5.522172574237073,0.42938940000534076,1,0,0,0,55,55,88.28677320122998,0,5.522172574237073,0.42938940000534076,1,0,0,0,68,68,121.86865726407896,0,5.522172574237073,0.42938940000534076,1,0,0,0,53,53,84.71764048857987,0,5.522172574237073,0.42938940000534076,1,0,0,0,76,76,121.24639183802017,0,5.522172574237073,0.42938940000534076,1,14,8,1,137,129,213.85189453386656,0,5.522172574237073,0.42938940000534076,1,0,0,0,44,44,56.04704466780776,0,5.819636836650734,0.4201944880540008,1,0,0,0,43,43,55.08835701860114,0,5.522172574237073,0.42938940000534076,6,nuscenes_mf/v1.0-mini/mini_val/fcbccedd61424f1b85dcbf8f897f9754/eaaf60765ee8478f8e0bd4942571c6fb,dev,60
36,ct_joint_full,0,8,8,0,0,0,0,1,8,-1.0,0,8.738883972167969,3.8259999752044678,54.465564181443156,0,0,0,0,0.4998791217803955,0.9994544386863708,0,0,0,0,0,1,0,0,1,0,1,0.0,0.0,0.0,5.5809942053418755,0.0,5.595811019114654,4.787296464796468,5.34224831562361,5.269309330537486,0.8797713231002082,0.5635450804751313,1,3.2778022679395913,0.706429321111727,1,1,1,5.5809942053418755,0.0,5.595811019114654,5.5809942053418755,0.0,5.595811019114654,5.5809942053418755,5.5809942053418755,5.5809942053418755,0.0,0,0,1,5.5809942053418755,0.0,5.595811019114654,0.0,0.0,0.0,0.0,0.0,0.0,0.0,0.0,0.0,0.0,0.0,5.5809942053418755,0.0,0.0,0.0,0.0,0.0,-0.8351250290870667,-8.19208798930049e-06,6.973535157317987,2.0705358754762178,0,0,0.0,6.780918121337891,2.746905565261841,0.0,0.0,0.0,0.0,0.0,0.0,0.0,0.0,0,2,10,10,34720,8,138,63,1024,8,8,27,27,8,27,19,0,0,0,0,0,0,0,5.342248315623631,0.42082562071084995,5.320606816642412,0.42082562071084995,b1,0,3.826,8.695,1.629,3.826,8.738884037412436,1.629,0,0,0,0,0,0,0,0,1,0,0,0,29,29,54.77635681404546,0,5.342248315623631,0.42082562071084995,1,0,0,0,32,32,88.40211299209669,0,5.342248315623631,0.42082562071084995,1,0,0,0,42,42,122.02786917014792,0,5.342248315623631,0.42082562071084995,1,0,0,0,38,38,84.80659400993865,0,5.342248315623631,0.42082562071084995,1,0,0,0,52,52,121.35283120279759,0,5.342248315623631,0.42082562071084995,1,7,7,1,82,75,213.99330558851548,0,5.342248315623631,0.42082562071084995,1,0,0,0,25,25,57.973459203899026,0,4.787296457874792,0.41038937545097953,1,0,0,0,29,29,55.9397979387609,0,5.342248315623631,0.42082562071084995,6,nuscenes_mf/v1.0-mini/mini_val/fcbccedd61424f1b85dcbf8f897f9754/eaaf60765ee8478f8e0bd4942571c6fb,dev,60
37,ct_joint_full,0,2,1,0,0,0,0,1,2,-1.0,0,8.710468292236328,3.8259999752044678,54.28846192856908,0,0,0,0,0.5009880065917969,1.1130321025848389,0,0,0,0,0,1,0,0,1,0,1,0.0,0.0,0.0,5.3444837565272945,0.0,5.358919673708525,6.077593659478803,5.598079184337517,-5.466471682533188,-1.2067225868190252,0.49037096625881593,1,3.2112634364652903,1.2658006318188255,1,1,1,5.3444837565272945,0.0,5.358919673708525,5.3444837565272945,0.0,5.358919673708525,5.3444837565272945,5.3444837565272945,5.3444837565272945,0.0,0,0,1,5.3444837565272945,0.0,5.358919673708525,0.0,0.0,0.0,0.0,0.0,0.0,0.0,0.0,0.0,0.0,0.0,5.3444837565272945,0.0,0.0,0.0,0.0,0.0,-0.6947420835494995,0.002813144354149699,-8.439490823979575,-2.7370019031639323,0,0,0.0,5.4124321937561035,2.4343130588531494,0.0,0.0,0.0,0.0,0.0,0.0,0.0,0.0,0,2,3,3,34752,2,45,48,1024,1,1,16,16,1,16,15,0,0,0,0,0,0,0,5.598079184337493,0.4069455019831659,5.605474008815312,0.4069455019831659,b1,0,3.826,8.695,1.629,3.826,8.710467995048354,1.629,0,0,0,0,0,0,0,0,1,0,0,0,15,15,54.39765567553137,0,5.598079184337493,0.4069455019831659,1,0,0,0,24,24,87.79093724430446,0,5.598079184337493,0.4069455019831659,1,0,0,0,25,25,121.18421881307755,0,5.598079184337493,0.4069455019831659,1,0,0,0,22,22,84.33523243619268,0,5.598079184337493,0.4069455019831659,1,0,0,0,34,34,120.78880919533688,0,5.598079184337493,0.4069455019831659,1,2,1,1,53,52,213.2439627174181,0,5.598079184337493,0.4069455019831659,1,0,0,0,19,19,57.81714899205488,0,6.077593684276404,0.39214577551773766,1,0,0,0,15,15,55.5987383895295,0,5.598079184337493,0.4069455019831659,6,nuscenes_mf/v1.0-mini/mini_val/fcbccedd61424f1b85dcbf8f897f9754/eaaf60765ee8478f8e0bd4942571c6fb,dev,60
38,ct_joint_full,0,1,1,0,0,0,0,1,1,-1.0,0,8.720346450805664,3.8259999752044678,54.35002808292771,0,0,0,0,0.4993109703063965,0.9977567791938782,0,0,0,0,0,1,0,0,1,0,1,0.0,0.0,0.0,5.482803959940205,0.0,5.496007862102989,4.812358109005165,5.240249673298788,5.12898369692641,1.0741242491329392,0.43821377372551756,1,3.0623125701037615,1.266915851610416,1,1,1,5.482803959940205,0.0,5.496007862102989,5.482803959940205,0.0,5.496007862102989,5.482803959940205,5.482803959940205,5.482803959940205,0.0,0,0,1,5.482803959940205,0.0,5.496007862102989,0.0,0.0,0.0,0.0,0.0,0.0,0.0,0.0,0.0,0.0,0.0,5.482803959940205,0.0,0.0,0.0,0.0,0.0,-0.6678965091705322,0.0019242474809288979,7.149374109496312,2.586828054016207,0,0,0.0,5.0287322998046875,2.256211042404175,0.0,0.0,0.0,0.0,0.0,0.0,0.0,0.0,0,2,1,1,34720,1,39,29,1024,1,1,8,8,1,8,7,0,0,0,0,0,0,0,5.240249673298739,0.3930819831490519,5.227934457335479,0.3930819831490519,b1,0,3.826,8.695,1.629,3.826,8.720346567495302,1.629,0,0,0,0,0,0,0,0,1,0,0,0,8,8,54.52944789324235,0,5.240249673298739,0.3930819831490519,1,0,0,0,8,8,88.00363321751635,0,5.240249673298739,0.3930819831490519,1,0,0,0,16,16,121.47781854179036,0,5.240249673298739,0.3930819831490519,1,0,0,0,11,11,84.49926945817704,0,5.240249673298739,0.3930819831490519,1,0,0,0,15,15,120.98509102614597,0,5.240249673298739,0.3930819831490519,1,1,1,1,34,33,213.50473415829103,0,5.240249673298739,0.3930819831490519,1,0,0,0,3,3,57.305548268562355,0,4.812358084476665,0.3792766532748244,1,0,0,0,8,8,55.49537312774468,0,5.240249673298739,0.3930819831490519,6,nuscenes_mf/v1.0-mini/mini_val/fcbccedd61424f1b85dcbf8f897f9754/eaaf60765ee8478f8e0bd4942571c6fb,dev,60
1,ct_joint_full,0,9,0,0,0,0,0,0,9,-1.0,0,0.0,0.0,0.0,0,0,0,0,0.4998750686645508,1.0,0,0,0,0,0,0,0,0,0,0,1,0.0,0.0,0.0,0.07957727183631835,0.9361358264287203,0.08105461868998715,0.02529822128146783,0.02529822128146783,0.0,0.0,0.0,0,0.0,0.0,0,0,0,0.07957727183631835,0.9361358264287203,0.08105461868998715,0.07957727183631835,0.9361358264287203,0.08105461868998715,0.07957727183631835,0.07957727183631835,0.07957727183631835,0.0,0,0,1,0.07957727183631835,0.9361358264287203,0.08105461868998715,0.0,0.0,0.0,0.0,0.0,0.0,0.0,0.0,0.0,0.0,0.0,0.07957727183631835,0.9361358264287203,0.0,0.0,0.0,0.0,-0.0,0.0,-0.02744157685472634,-0.08404596706805277,1,1,0.0,2.082801342010498,2.082801342010498,0.0,0.0,0.0,0.0,0.0,0.0,0.0,0.0,0,2,8,9,34720,9,287,30,1024,0,0,0,0,0,0,0,0,0,0,0,0,0,0,0.0,0.0,0.0,0.0,base_only,0,0.0,0.0,0.0,0.0,0.0,0.0,0,0,0,0,0,0,0,0,0,0,0,0,0,0,0.0,0,0.0,0.0,0,0,0,0,0,0,0.0,0,0.0,0.0,0,0,0,0,0,0,0.0,0,0.0,0.0,0,0,0,0,0,0,0.0,0,0.0,0.0,0,0,0,0,0,0,0.0,0,0.0,0.0,0,0,0,0,0,0,0.0,0,0.0,0.0,0,0,0,0,0,0,0.0,0,0.0,0.0,0,0,0,0,0,0,0.0,0,0.0,0.0,7,nuscenes_mf/v1.0-mini/mini_val/325cef682f064c55a255f2625c533b75/ca5b3ca5aea745ee8fe12b0f74d77f8e,dev,60
2,ct_joint_full,0,7,7,0,0,0,0,1,7,-1.0,0,9.000434875488281,3.743000030517578,56.9000930684189,0,0,0,0,0.5004169940948486,1.0010840892791748,0,0,0,0,0,1,0,0,1,0,1,0.0,0.0,0.0,0.3646358155069212,0.7994160528075537,0.367842597238039,0.15924705853328025,0.09577601304482926,-0.0845040056775554,0.045079021109412594,0.06850943551557061,1,0.6541741692058642,0.004780213640610175,1,1,1,0.3646358155069212,0.7994160528075537,0.367842597238039,0.3646358155069212,0.7994160528075537,0.367842597238039,0.3646358155069212,0.3646358155069212,0.3646358155069212,0.0,0,0,1,0.3646358155069212,0.7994160528075537,0.367842597238039,0.0,0.0,0.0,0.0,0.0,0.0,0.0,0.0,0.0,0.0,0.0,0.3646358155069212,0.7994160528075537,0.0,0.0,0.0,0.0,-0.1826239377260208,-0.0034082243219017982,-0.4079053463546881,0.16047820703735194,1,1,0.0,1.385265827178955,1.385265827178955,0.0,0.0,0.0,0.0,0.0,0.0,0.0,0.0,0,2,6,7,34752,7,273,25,1024,7,7,7,7,7,7,0,1,1,0,1,1,1,1,0.09577601304482582,0.036404837489128115,0.08666132890627049,0.036404837489128115,b1,0,3.7430000000000003,8.98,1.689,3.7430000000000003,9.00043465626047,1.689,0,0,0,0,0,0,0,0,1,1,1,1,9,8,57.05489616600238,0,0.09577601304482582,0.036404837489128115,1,1,1,1,9,8,90.83517808785103,0,0.09577601304482582,0.036404837489128115,1,1,1,1,11,10,124.61546000969969,0,0.09577601304482582,0.036404837489128115,1,7,7,1,19,12,88.31296209349763,0,0.09577601304482582,0.036404837489128115,1,7,7,1,20,13,126.32702802177938,0,0.09577601304482582,0.036404837489128115,1,7,7,1,54,47,222.6231598807024,0,0.09577601304482582,0.036404837489128115,1,1,1,1,9,8,57.90266492448294,0,0.15924705984163512,0.03080360914092733,1,1,1,1,9,8,57.622869032568126,0,0.09577601304482582,0.036404837489128115,7,nuscenes_mf/v1.0-mini/mini_val/325cef682f064c55a255f2625c533b75/ca5b3ca5aea745ee8fe12b0f74d77f8e,dev,60
3,ct_joint_full,0,4,4,0,0,0,0,1,4,-1.0,0,9.012166023254395,3.743000030517578,56.97425652928778,0,0,0,0,0.40035295486450195,0.8004721403121948,0,0,0,0,0,1,0,0,1,0,1,0.0,0.0,0.0,0.07815841438976365,0.8544528847392747,0.10804830013118005,0.6269550457844736,0.3271326950537534,-0.32169030028951767,0.059423552982154626,0.3024910773048524,1,2.4111725577422067,0.004791595281776811,1,1,1,0.07815841438976365,0.8544528847392747,0.10804830013118005,0.07815841438976365,0.8544528847392747,0.10804830013118005,0.07815841438976365,0.07815841438976365,0.07815841438976365,0.0,0,0,1,0.07815841438976365,0.8544528847392747,0.10804830013118005,0.0,0.0,0.0,0.0,0.0,0.0,0.0,0.0,0.0,0.0,0.0,0.07815841438976365,0.8544528847392747,0.0,0.0,0.0,0.0,-0.6984033584594727,-0.0016916573513299227,-1.4411356605108625,0.19535723611499028,0,1,0.0,5.045797348022461,2.203883647918701,0.0,0.0,0.0,0.0,0.0,0.0,0.0,0.0,0,2,3,4,34752,4,144,30,1024,4,4,9,9,4,9,5,0,0,0,1,1,1,1,0.3271326950537994,0.06546543502807617,0.34291467608465076,0.06546543502807617,b1,0,3.7430000000000003,8.98,1.689,3.7430000000000003,9.012166410190812,1.689,0,0,0,0,0,0,0,0,1,0,0,0,5,5,57.21816498627048,0,0.3271326950537994,0.06546543502807617,1,0,0,0,9,9,91.09511287630629,0,0.3271326950537994,0.06546543502807617,1,0,0,0,10,10,124.9720607663421,0,0.3271326950537994,0.06546543502807617,1,3,3,1,9,6,88.51589028773597,0,0.3271326950537994,0.06546543502807617,1,4,4,1,22,18,126.56961558684195,0,0.3271326950537994,0.06546543502807617,1,4,4,1,45,41,222.94506618819992,0,0.3271326950537994,0.06546543502807617,1,0,0,0,5,5,58.80827443619021,0,0.6269550539408828,0.0779420762314292,1,0,0,0,5,5,57.76939022462745,0,0.3271326950537994,0.06546543502807617,7,nuscenes_mf/v1.0-mini/mini_val/325cef682f064c55a255f2625c533b75/ca5b3ca5aea745ee8fe12b0f74d77f8e,dev,60
4,ct_joint_full,0,0,0,0,0,0,0,0,0,-1.0,0,9.013082504272461,3.743000030517578,56.98005045546411,0,0,0,0,0.4999210834503174,1.1099861860275269,0,0,0,0,0,1,0,0,1,0,1,0.0,0.0,0.0,0.34857617699197874,0.7443943964411613,0.35801320711174106,0.4885458343124879,0.11014300406242715,0.0906948214781303,-0.06249745774664384,0.575299673455516,1,2.9078868457101983,0.0007011549518911544,1,1,1,0.34857617699197874,0.7443943964411613,0.35801320711174106,0.34857617699197874,0.7443943964411613,0.35801320711174106,0.34857617699197874,0.34857617699197874,0.34857617699197874,0.0,0,0,1,0.34857617699197874,0.7443943964411613,0.35801320711174106,0.0,0.0,0.0,0.0,0.0,0.0,0.0,0.0,0.0,0.0,0.0,0.34857617699197874,0.7443943964411613,0.0,0.0,0.0,0.0,-0.8183721303939819,0.0012906254269182682,-0.6893574473461302,-0.14107644860217972,1,1,0.0,6.650247097015381,2.753525733947754,0.0,0.0,0.0,0.0,0.0,0.0,0.0,0.0,0,2,0,0,34688,0,0,36,1024,0,0,3,3,0,3,3,0,0,0,1,1,1,1,0.11014300406238667,0.09660360193252564,0.0967971965510501,0.09660360193252564,b1,0,3.7430000000000003,8.98,1.689,3.7430000000000003,9.013082725525436,1.689,0,0,0,0,0,0,0,0,1,0,0,0,6,6,57.230900729185436,0,0.11014300406238667,0.09660360193252564,1,0,0,0,14,14,91.11538902355218,0,0.11014300406238667,0.09660360193252564,1,0,0,0,16,16,124.99987731791893,0,0.11014300406238667,0.09660360193252564,1,0,0,0,6,6,88.53171998131927,0,0.11014300406238667,0.09660360193252564,1,0,0,0,6,6,126.58853923423962,0,0.11014300406238667,0.09660360193252564,1,0,0,0,54,54,222.9701777385073,0,0.11014300406238667,0.09660360193252564,1,0,0,0,6,6,61.332691916113006,0,0.4885458166565943,0.10783744923414831,1,0,0,0,6,6,59.15715764904729,0,0.11014300406238667,0.09660360193252564,7,nuscenes_mf/v1.0-mini/mini_val/325cef682f064c55a255f2625c533b75/ca5b3ca5aea745ee8fe12b0f74d77f8e,dev,60
5,ct_joint_full,0,2,2,0,0,0,0,1,2,-1.0,0,8.993000030517578,3.743000030517578,56.85309052058264,0,0,0,0,0.499255895614624,1.1091198921203613,0,0,0,0,0,1,0,0,1,0,1,0.0,0.0,0.0,0.08265741139089668,0.7975156440245793,0.1388466629111358,0.8001569826939781,0.33113500747264796,-0.32037995335964936,0.08370834844080144,0.47525634391101973,1,2.5385965823881333,0.0049028634533299816,1,1,1,0.08265741139089668,0.7975156440245793,0.1388466629111358,0.08265741139089668,0.7975156440245793,0.1388466629111358,0.08265741139089668,0.08265741139089668,0.08265741139089668,0.0,0,0,1,0.08265741139089668,0.7975156440245793,0.1388466629111358,0.0,0.0,0.0,0.0,0.0,0.0,0.0,0.0,0.0,0.0,0.0,0.08265741139089668,0.7975156440245793,0.0,0.0,0.0,0.0,-0.6822376251220703,0.0028516966849565506,-1.1421494773333705,0.19493704698409764,0,1,0.0,5.283658504486084,2.390557050704956,0.0,0.0,0.0,0.0,0.0,0.0,0.0,0.0,0,2,2,2,34688,2,73,29,1024,2,2,4,4,2,4,2,2,2,0,1,1,1,1,0.3311350074726424,0.10265846741199494,0.33755396394986525,0.10265846741199494,b1,0,3.7430000000000003,8.98,1.689,3.7430000000000003,8.993000435826607,1.689,0,0,0,0,0,0,0,0,1,2,2,1,7,5,56.95123102007434,0,0.3311350074726424,0.10265846741199494,1,2,2,1,12,10,90.67013630134986,0,0.3311350074726424,0.10265846741199494,1,2,2,1,13,11,124.38904158262537,0,0.3311350074726424,0.10265846741199494,1,2,2,1,12,10,88.18411994064041,0,0.3311350074726424,0.10265846741199494,1,2,2,1,19,17,126.17300886041997,0,0.3311350074726424,0.10265846741199494,1,2,2,1,75,73,222.4187866976196,0,0.3311350074726424,0.10265846741199494,1,2,2,1,7,5,60.893599484063344,0,0.8001569488827642,0.08043495989375751,1,2,2,1,7,5,58.705129960038484,0,0.3311350074726424,0.10265846741199494,7,nuscenes_mf/v1.0-mini/mini_val/325cef682f064c55a255f2625c533b75/ca5b3ca5aea745ee8fe12b0f74d77f8e,dev,60
6,ct_joint_full,0,7,7,0,0,0,0,1,7,-1.0,0,9.011412620544434,3.743000030517578,56.96949357228539,0,0,0,0,0.4998891353607178,1.0006017684936523,0,0,0,0,0,1,0,0,1,0,1,0.0,0.0,0.0,0.34700418593551624,0.7685313898350572,0.35111994703861693,0.484837379251019,0.0918008208603432,0.01572424888980905,-0.09044412111009337,0.4922059809942368,1,2.617719489128463,0.0013946648261399526,1,1,1,0.34700418593551624,0.7685313898350572,0.35111994703861693,0.34700418593551624,0.7685313898350572,0.35111994703861693,0.34700418593551624,0.34700418593551624,0.34700418593551624,0.0,0,0,1,0.34700418593551624,0.7685313898350572,0.35111994703861693,0.0,0.0,0.0,0.0,0.0,0.0,0.0,0.0,0.0,0.0,0.0,0.34700418593551624,0.7685313898350572,0.0,0.0,0.0,0.0,-0.7314237952232361,0.0019261373672634363,-0.7080573674099206,-0.2114016205336722,1,1,0.0,5.638957500457764,2.428619384765625,0.0,0.0,0.0,0.0,0.0,0.0,0.0,0.0,0,2,7,7,34720,7,216,33,1024,7,7,11,11,7,11,4,7,7,0,1,1,1,1,0.09180082086027326,0.03856230610609055,0.09003581210504613,0.03856230610609055,b1,0,3.7430000000000003,8.98,1.689,3.7430000000000003,9.011412561540883,1.689,0,0,0,0,0,0,0,0,1,7,7,1,18,11,57.207632485324986,0,0.09180082086027326,0.03856230610609055,1,7,7,1,20,13,91.07834443637589,0,0.09180082086027326,0.03856230610609055,1,7,7,1,20,13,124.9490563874268,0,0.09180082086027326,0.03856230610609055,1,7,7,1,30,23,88.50280018638354,0,0.09180082086027326,0.03856230610609055,1,7,7,1,34,27,126.5539678898016,0,0.09180082086027326,0.03856230610609055,1,7,7,1,77,70,222.92430329270522,0,0.09180082086027326,0.03856230610609055,1,6,6,1,22,16,60.857779277166486,0,0.48483735426310226,0.05344585555735245,1,7,7,1,18,11,58.962564409077274,0,0.09180082086027326,0.03856230610609055,7,nuscenes_mf/v1.0-mini/mini_val/325cef682f064c55a255f2625c533b75/ca5b3ca5aea745ee8fe12b0f74d77f8e,dev,60
7,ct_joint_full,0,14,14,0,0,0,0,1,14,-1.0,0,9.009123802185059,3.743000030517578,56.955023829493314,0,0,0,0,0.49931883811950684,0.9994922280311584,0,0,0,0,0,1,0,0,1,0,1,0.0,0.0,0.0,0.15947325038065943,0.8423996333126352,0.15961535623853715,0.835473651374321,0.2824142991406297,-0.26958607585704847,0.08414982056584382,0.5615424822723908,1,2.8222931120296253,0.002817768553879864,1,1,1,0.15947325038065943,0.8423996333126352,0.15961535623853715,0.15947325038065943,0.8423996333126352,0.15961535623853715,0.15947325038065943,0.15947325038065943,0.15947325038065943,0.0,0,0,1,0.15947325038065943,0.8423996333126352,0.15961535623853715,0.0,0.0,0.0,0.0,0.0,0.0,0.0,0.0,0.0,0.0,0.0,0.15947325038065943,0.8423996333126352,0.0,0.0,0.0,0.0,-0.7889623641967773,0.0021551563404500484,-1.1677291445866047,0.19195687304445616,0,1,0.0,6.339136123657227,2.648892879486084,0.0,0.0,0.0,0.0,0.0,0.0,0.0,0.0,0,2,13,14,34720,14,241,55,1024,14,14,17,17,14,17,3,13,13,0,1,1,1,1,0.2824142991405442,0.018396715104579922,0.29647519492858226,0.018396715104579922,b1,0,3.7430000000000003,8.98,1.689,3.7430000000000003,9.00912417282672,1.689,0,0,0,0,0,0,0,0,1,13,13,1,24,11,57.175772820951416,0,0.2824142991405442,0.018396715104579922,1,13,13,1,27,14,91.02762173803337,0,0.2824142991405442,0.018396715104579922,1,13,13,1,29,16,124.87947065511533,0,0.2824142991405442,0.018396715104579922,1,14,14,1,32,18,88.46320179698523,0,0.2824142991405442,0.018396715104579922,1,14,14,1,45,31,126.50663077301905,0,0.2824142991405442,0.018396715104579922,1,14,14,1,87,73,222.86148872194067,0,0.2824142991405442,0.018396715104579922,1,10,10,1,15,5,60.897225901836705,0,0.835473568046859,0.0018439580237785275,1,13,13,1,24,11,58.64502879332978,0,0.2824142991405442,0.018396715104579922,7,nuscenes_mf/v1.0-mini/mini_val/325cef682f064c55a255f2625c533b75/ca5b3ca5aea745ee8fe12b0f74d77f8e,dev,60
8,ct_joint_full,0,20,20,0,0,0,0,1,20,-1.0,0,8.98438549041748,3.743000030517578,56.79863002614896,0,0,0,0,0.5004479885101318,1.0016893148422241,0,0,0,0,0,1,0,0,1,0,0,0.0,0.0,0.0,0.33454750907289427,0.7376526032149221,0.3400988439726955,0.264351088327851,0.134144687929162,0.07039527435549223,-0.11418977097548688,0.30929934272519044,1,1.8570332607060798,0.004286066776539156,1,1,1,0.33454750907289427,0.7376526032149221,0.3400988439726955,0.33454750907289427,0.7376526032149221,0.3400988439726955,0.33454750907289427,0.33454750907289427,0.33454750907289427,0.0,0,0,1,0.33454750907289427,0.7376526032149221,0.3400988439726955,0.0,0.0,0.0,0.0,0.0,0.0,0.0,0.0,0.0,0.0,0.0,0.33454750907289427,0.7376526032149221,0.0,0.0,0.0,0.0,-0.47848600149154663,0.002486148616299033,-0.36958396609435523,-0.2755401744864864,1,1,0.0,3.4854047298431396,1.8336454629898071,0.0,0.0,0.0,0.0,0.0,0.0,0.0,0.0,0,2,18,20,34752,20,331,65,1024,20,20,20,20,20,20,0,11,11,0,1,1,1,1,0.13414468792918552,0.07973382210731506,0.1348452514889515,0.07973382210731506,b1,0,3.7430000000000003,8.98,1.689,3.7430000000000003,8.984385514901367,1.689,0,0,0,0,0,0,0,0,1,11,11,1,35,24,56.830973357075365,0,0.13414468792918552,0.07973382210731506,1,11,11,1,35,24,90.47867812739825,0,0.13414468792918552,0.07973382210731506,1,11,11,1,37,26,124.12638289772114,0,0.13414468792918552,0.07973382210731506,1,20,20,1,49,29,88.03465805293992,0,0.13414468792918552,0.07973382210731506,1,20,20,1,71,51,125.99434274959098,0,0.13414468792918552,0.07973382210731506,1,20,20,1,143,123,222.18171214289313,0,0.13414468792918552,0.07973382210731506,1,12,12,1,37,25,59.07372508123734,0,0.26435109848962846,0.06888810917406592,1,11,11,1,35,24,57.38997276395769,0,0.13414468792918552,0.07973382210731506,7,nuscenes_mf/v1.0-mini/mini_val/325cef682f064c55a255f2625c533b75/ca5b3ca5aea745ee8fe12b0f74d77f8e,dev,60
9,ct_joint_full,0,32,30,0,0,0,0,1,32,-1.0,0,8.998822212219238,3.743000030517578,56.88989792880998,0,0,0,0,0.5004181861877441,1.0010697841644287,0,0,0,0,0,1,0,0,1,0,0,0.0,0.0,0.0,0.11082420070203051,0.726223611595546,0.1684848228933989,0.5932826350481849,0.25869206557786995,-0.2203354306152327,0.13555029657626408,0.3572441404607949,1,2.1287934296170477,0.007472775943994932,1,1,1,0.11082420070203051,0.726223611595546,0.1684848228933989,0.11082420070203051,0.726223611595546,0.1684848228933989,0.11082420070203051,0.11082420070203051,0.11082420070203051,0.0,0,0,1,0.11082420070203051,0.726223611595546,0.1684848228933989,0.0,0.0,0.0,0.0,0.0,0.0,0.0,0.0,0.0,0.0,0.0,0.11082420070203051,0.726223611595546,0.0,0.0,0.0,0.0,-0.6144310235977173,0.00011939747491851449,-0.9933901476591575,0.3585077651117069,1,1,0.0,4.3016228675842285,1.9465619325637817,0.0,0.0,0.0,0.0,0.0,0.0,0.0,0.0,0,2,30,32,34720,32,384,84,1024,30,30,30,30,30,30,0,15,14,1,1,1,1,1,0.2586920655779158,0.1341979398727417,0.26676472544902025,0.1341979398727417,b1,0,3.7430000000000003,8.98,1.689,3.7430000000000003,8.998822018184534,1.689,0,0,0,0,0,0,0,0,1,15,14,1,42,28,57.032634318193885,0,0.2586920655779158,0.1341979398727417,1,15,15,1,46,31,90.79973574992502,0,0.2586920655779158,0.1341979398727417,1,15,15,1,46,31,124.56683718165615,0,0.2586920655779158,0.1341979398727417,1,24,22,1,57,35,88.28528900476825,0,0.2586920655779158,0.1341979398727417,1,32,30,1,89,59,126.2939436913426,0,0.2586920655779158,0.1341979398727417,1,32,30,1,180,150,222.5792530621318,0,0.2586920655779158,0.1341979398727417,1,15,13,1,42,29,59.40010200387133,0,0.5932826450428419,0.11394977864844467,1,15,14,1,42,28,57.83484140780803,0,0.2586920655779158,0.1341979398727417,7,nuscenes_mf/v1.0-mini/mini_val/325cef682f064c55a255f2625c533b75/ca5b3ca5aea745ee8fe12b0f74d77f8e,dev,60
10,ct_joint_full,0,32,32,0,0,0,0,1,32,-1.0,0,8.998531341552734,3.743000030517578,56.888059065663484,0,0,0,0,0.5004160404205322,0.9999659061431885,0,0,0,0,0,1,0,0,1,0,0,0.0,0.0,0.0,0.2040949532828369,0.6288821808816701,0.2814451843224758,0.41349453780135137,0.14179351012529298,-0.030380901679583742,-0.13850054543771267,0.35937108067742723,1,2.124980141035511,0.004976132138160489,1,1,1,0.2040949532828369,0.6288821808816701,0.2814451843224758,0.2040949532828369,0.6288821808816701,0.2814451843224758,0.2040949532828369,0.2040949532828369,0.2040949532828369,0.0,0,0,1,0.2040949532828369,0.6288821808816701,0.2814451843224758,0.0,0.0,0.0,0.0,0.0,0.0,0.0,0.0,0.0,0.0,0.0,0.2040949532828369,0.6288821808816701,0.0,0.0,0.0,0.0,-0.5936905145645142,0.0010294629028066993,-0.6438806780566761,-0.3539465145199761,1,1,0.0,4.231751441955566,1.9736332893371582,0.0,0.0,0.0,0.0,0.0,0.0,0.0,0.0,0,2,32,32,34752,32,305,121,1024,32,32,48,48,32,48,16,17,17,0,1,1,1,1,0.1417935101252181,0.19890599703788756,0.1438697423302352,0.19890599703788756,b1,0,3.7430000000000003,8.98,1.689,3.7430000000000003,8.998531710002108,1.689,0,0,0,0,0,0,0,0,1,17,17,1,55,38,57.02856482358417,0,0.1417935101252181,0.19890599703788756,1,17,17,1,58,41,90.79325684465235,0,0.1417935101252181,0.19890599703788756,1,17,17,1,60,43,124.55794886572053,0,0.1417935101252181,0.19890599703788756,1,32,32,1,94,62,88.28023158746353,0,0.1417935101252181,0.19890599703788756,1,32,32,1,114,82,126.28789835055639,0,0.1417935101252181,0.19890599703788756,1,32,32,1,242,210,222.57123187752862,0,0.1417935101252181,0.19890599703788756,1,20,20,1,64,44,59.53910074419002,0,0.4134945517007958,0.19442468656478157,1,19,19,1,57,38,57.963778287270266,0,0.1417935101252181,0.19890599703788756,7,nuscenes_mf/v1.0-mini/mini_val/325cef682f064c55a255f2625c533b75/ca5b3ca5aea745ee8fe12b0f74d77f8e,dev,60
11,ct_joint_full,0,54,45,0,0,0,0,1,54,-1.0,0,8.99336051940918,3.743000030517578,56.85536950507239,0,0,0,0,0.5004408359527588,1.0000474452972412,0,0,0,0,0,1,0,0,1,0,0,0.0,0.0,0.0,0.16082806733935828,0.5820808783114447,0.30606613749153205,0.4437985067953075,0.16555546318886416,-0.07014343577923289,0.14996170359244168,0.34741896339999684,1,2.0719006930342414,0.006327564428468456,1,1,1,0.16082806733935828,0.5820808783114447,0.30606613749153205,0.16082806733935828,0.5820808783114447,0.30606613749153205,0.16082806733935828,0.16082806733935828,0.16082806733935828,0.0,0,0,1,0.16082806733935828,0.5820808783114447,0.30606613749153205,0.0,0.0,0.0,0.0,0.0,0.0,0.0,0.0,0.0,0.0,0.0,0.16082806733935828,0.5820808783114447,0.0,0.0,0.0,0.0,-0.5802954435348511,0.000950436107814312,-0.6974564524606076,0.3885911388424954,1,1,0.0,4.100108623504639,1.9303927421569824,0.0,0.0,0.0,0.0,0.0,0.0,0.0,0.0,0,2,44,54,34784,54,352,151,1024,45,45,58,58,45,58,13,45,36,9,1,1,1,1,0.16555546318886666,0.2667953606843948,0.1686569544496258,0.2667953606843948,b1,0,3.7430000000000003,8.98,1.689,3.7430000000000003,8.993360448646943,1.689,0,0,0,0,0,0,0,0,1,45,36,1,76,40,56.95665029668529,0,0.16555546318886666,0.2667953606843948,1,45,45,1,88,43,90.67876414907444,0,0.16555546318886666,0.2667953606843948,1,45,45,1,90,45,124.4008780014636,0,0.16555546318886666,0.2667953606843948,1,54,45,1,116,71,88.1908473461112,0,0.16555546318886666,0.2667953606843948,1,54,45,1,173,128,126.18104439396411,0,0.16555546318886666,0.2667953606843948,1,54,45,1,320,275,222.42943849281596,0,0.16555546318886666,0.2667953606843948,1,42,33,1,73,40,59.16377321264628,0,0.4437984823784258,0.2622298427761709,1,45,36,1,76,40,57.525686977560156,0,0.16555546318886666,0.2667953606843948,7,nuscenes_mf/v1.0-mini/mini_val/325cef682f064c55a255f2625c533b75/ca5b3ca5aea745ee8fe12b0f74d77f8e,dev,60
12,ct_joint_full,0,64,64,0,0,0,0,1,64,-1.0,0,8.996798515319824,3.743000030517578,56.877104264557985,0,0,0,0,0.5004229545593262,0.9999890327453613,0,0,0,0,0,1,0,0,1,0,0,0.0,0.0,0.0,0.11116415927853121,0.5338250606121695,0.3413250203500804,0.5278145072433685,0.22531517552451508,-0.15959855962231606,-0.1590447443800997,0.3437942814414481,1,2.060800386593787,0.008415844293531044,1,1,1,0.11116415927853121,0.5338250606121695,0.3413250203500804,0.11116415927853121,0.5338250606121695,0.3413250203500804,0.11116415927853121,0.11116415927853121,0.11116415927853121,0.0,0,0,1,0.11116415927853121,0.5338250606121695,0.3413250203500804,0.0,0.0,0.0,0.0,0.0,0.0,0.0,0.0,0.0,0.0,0.0,0.11116415927853121,0.5338250606121695,0.0,0.0,0.0,0.0,-0.5792251825332642,0.0009110817336477339,-0.8481172256450783,-0.4129647794317786,1,1,0.0,4.079525947570801,1.9167128801345825,0.0,0.0,0.0,0.0,0.0,0.0,0.0,0.0,0,2,44,64,34720,64,385,174,1024,64,64,85,85,64,85,21,44,44,0,1,1,1,1,0.22531517552439917,0.33340509456396106,0.2312190417282743,0.33340509456396106,b1,0,3.7430000000000003,8.98,1.689,3.7430000000000003,8.996798612307956,1.689,0,0,0,0,0,0,0,0,1,44,44,1,96,52,57.00447051440366,0,0.22531517552439917,0.33340509456396106,1,44,44,1,98,54,90.75489710670897,0,0.22531517552439917,0.33340509456396106,1,44,44,1,101,57,124.50532369901427,0,0.22531517552439917,0.33340509456396106,1,64,64,1,152,88,88.2502840618249,0,0.22531517552439917,0.33340509456396106,1,64,64,1,220,156,126.25209761317866,0,0.22531517552439917,0.33340509456396106,1,64,64,1,383,319,222.52372471038066,0,0.22531517552439917,0.33340509456396106,1,54,54,1,108,54,59.73735537322579,0,0.5278144873992738,0.32669522757512504,1,45,45,1,97,52,58.18891650061556,0,0.22531517552439917,0.33340509456396106,7,nuscenes_mf/v1.0-mini/mini_val/325cef682f064c55a255f2625c533b75/ca5b3ca5aea745ee8fe12b0f74d77f8e,dev,60
13,ct_joint_full,0,61,60,0,0,0,0,1,61,-1.0,0,8.981289863586426,3.743000030517578,56.77905969902268,0,0,0,0,0.4998810291290283,0.9988992214202881,0,0,0,0,0,1,0,0,1,0,0,0.0,0.0,0.0,0.2611560871047196,0.4840614209565868,0.44647858850687805,0.2608749502759178,0.07921170196877543,0.03742916579277169,0.06981082496776964,0.2886865489840299,1,1.8001626673322635,0.0017210131847295177,1,1,1,0.2611560871047196,0.4840614209565868,0.44647858850687805,0.2611560871047196,0.4840614209565868,0.44647858850687805,0.2611560871047196,0.2611560871047196,0.2611560871047196,0.0,0,0,1,0.2611560871047196,0.4840614209565868,0.44647858850687805,0.0,0.0,0.0,0.0,0.0,0.0,0.0,0.0,0.0,0.0,0.0,0.2611560871047196,0.4840614209565868,0.0,0.0,0.0,0.0,-0.5013701319694519,0.0009901697048917413,-0.43636576266255184,0.18695676409509224,1,1,0.0,3.46885347366333,1.7427738904953003,0.0,0.0,0.0,0.0,0.0,0.0,0.0,0.0,0,2,59,61,34688,61,299,213,1024,60,60,104,104,60,104,44,41,40,1,1,1,1,1,0.07921170196884343,0.36971550816297527,0.07908626262823937,0.36971550816297527,b1,0,3.7430000000000003,8.98,1.689,3.7430000000000003,8.981289632068878,1.689,0,0,0,0,0,0,0,0,1,41,40,1,107,67,56.78842245128844,0,0.07921170196884343,0.36971550816297527,1,41,41,1,112,71,90.4109342637742,0,0.07921170196884343,0.36971550816297527,1,41,41,1,116,75,124.03344607625995,0,0.07921170196884343,0.36971550816297527,1,59,58,1,173,115,87.98176039200509,0,0.07921170196884343,0.36971550816297527,1,59,58,1,262,204,125.93109833508124,0,0.07921170196884343,0.36971550816297527,1,61,60,1,510,450,222.09777421730107,0,0.07921170196884343,0.36971550816297527,1,35,34,1,102,68,58.856746322532715,0,0.26087493344317164,0.35796495670096945,1,41,40,1,107,67,57.259296339667486,0,0.07921170196884343,0.36971550816297527,7,nuscenes_mf/v1.0-mini/mini_val/325cef682f064c55a255f2625c533b75/ca5b3ca5aea745ee8fe12b0f74d77f8e,dev,60
14,ct_joint_full,0,89,88,0,0,0,0,1,89,-1.0,0,8.99622631072998,3.743000030517578,56.87348682885997,0,0,0,0,0.4998750686645508,0.9994463324546814,0,0,0,0,0,1,0,0,1,0,0,0.0,0.0,0.0,0.12513218577827,0.4738887396684916,0.4252337477362853,0.5973008969303791,0.26038714719260586,-0.25863648764348296,-0.030143521477712508,0.337910344794959,1,2.031581101094685,0.004338139841958016,1,1,1,0.12513218577827,0.4738887396684916,0.4252337477362853,0.12513218577827,0.4738887396684916,0.4252337477362853,0.12513218577827,0.12513218577827,0.12513218577827,0.0,0,0,1,0.12513218577827,0.4738887396684916,0.4252337477362853,0.0,0.0,0.0,0.0,0.0,0.0,0.0,0.0,0.0,0.0,0.0,0.12513218577827,0.4738887396684916,0.0,0.0,0.0,0.0,-0.5840505361557007,0.0003690577868837863,-1.0310826514790592,-0.07963421276062503,0,1,0.0,4.048648834228516,1.879543423652649,0.0,0.0,0.0,0.0,0.0,0.0,0.0,0.0,0,2,76,89,34720,89,284,290,1024,88,88,148,148,88,148,60,56,55,1,1,1,1,1,0.2603871471925885,0.410133439719677,0.26843930537192995,0.410133439719677,b1,0,3.7430000000000003,8.98,1.689,3.7430000000000003,8.996226312491121,1.689,0,0,0,0,0,0,0,0,1,56,55,1,160,105,56.99653553041024,0,0.2603871471925885,0.410133439719677,1,56,56,1,169,113,90.74226408601133,0,0.2603871471925885,0.410133439719677,1,56,56,1,173,117,124.48799264161242,0,0.2603871471925885,0.410133439719677,1,82,81,1,251,170,88.24042100850028,0,0.2603871471925885,0.410133439719677,1,89,88,1,330,242,126.2403064865903,0,0.2603871471925885,0.410133439719677,1,89,88,1,688,600,222.50807743962434,0,0.2603871471925885,0.410133439719677,1,72,71,1,185,114,59.13897687497027,0,0.5973009144814528,0.4033250093788726,1,56,55,1,160,105,57.61375055930919,0,0.2603871471925885,0.410133439719677,7,nuscenes_mf/v1.0-mini/mini_val/325cef682f064c55a255f2625c533b75/ca5b3ca5aea745ee8fe12b0f74d77f8e,dev,60
15,ct_joint_full,0,98,93,0,0,0,0,1,98,-1.0,0,8.994852066040039,3.743000030517578,56.86479895412523,0,0,0,0,0.4993269443511963,0.9988974928855896,0,0,0,0,0,1,0,0,1,0,0,0.0,0.0,0.0,0.44933657492392187,0.4170427604927229,0.62961382822227,0.11003124384086868,0.13482297349827133,0.127528987997833,-0.043744630455151,0.2286556532706021,1,1.4899503722805416,0.002805677060014878,1,1,1,0.44933657492392187,0.4170427604927229,0.62961382822227,0.44933657492392187,0.4170427604927229,0.62961382822227,0.44933657492392187,0.44933657492392187,0.44933657492392187,0.0,0,0,1,0.44933657492392187,0.4170427604927229,0.62961382822227,0.0,0.0,0.0,0.0,0.0,0.0,0.0,0.0,0.0,0.0,0.0,0.44933657492392187,0.4170427604927229,0.0,0.0,0.0,0.0,-0.4084116220474243,0.001039115129970014,-0.18062635915078734,-0.11802121485595837,1,1,0.0,2.836519479751587,1.5620040893554688,0.0,0.0,0.0,0.0,0.0,0.0,0.0,0.0,0,2,81,98,34688,98,264,383,1024,93,93,161,163,93,163,70,69,65,4,1,1,1,1,0.1348229734982486,0.45340580248832696,0.14180641566559096,0.45340580248832696,b1,0,3.7430000000000003,8.98,1.689,3.7430000000000003,8.994851603945058,1.689,0,0,0,0,0,0,0,0,1,69,65,1,212,147,56.97738676571567,0,0.1348229734982486,0.45340580248832696,1,69,69,1,225,156,90.71177798283566,0,0.1348229734982486,0.45340580248832696,1,69,69,1,228,159,124.44616919995565,0,0.1348229734982486,0.45340580248832696,1,90,85,1,332,247,88.21662119552354,0,0.1348229734982486,0.45340580248832696,1,98,93,1,458,365,126.2118556237584,0,0.1348229734982486,0.45340580248832696,1,98,93,1,961,868,222.47032448101464,0,0.1348229734982486,0.45340580248832696,1,65,61,1,208,147,58.37205830306985,0,0.11003124475457751,0.4506437201371952,1,69,65,1,212,147,57.124007200954075,0,0.1348229734982486,0.45340580248832696,7,nuscenes_mf/v1.0-mini/mini_val/325cef682f064c55a255f2625c533b75/ca5b3ca5aea745ee8fe12b0f74d77f8e,dev,60
16,ct_joint_full,0,167,145,0,0,0,0,1,167,-1.0,0,9.015310287475586,3.743000030517578,56.9941343384484,0,0,0,0,0.5004410743713379,1.0016814470291138,0,0,0,0,0,1,0,0,1,0,0,0.0,0.0,0.0,0.3179714540056912,0.4049562228918684,0.5757003696115729,0.8906742522736475,0.4438979237733325,-0.44085844312301736,0.05185766254178202,0.44833169139768786,1,2.5349865782233794,0.0068955874388851365,1,1,1,0.3179714540056912,0.4049562228918684,0.5757003696115729,0.3179714540056912,0.4049562228918684,0.5757003696115729,0.3179714540056912,0.3179714540056912,0.3179714540056912,0.0,0,0,1,0.3179714540056912,0.4049562228918684,0.5757003696115729,0.0,0.0,0.0,0.0,0.0,0.0,0.0,0.0,0.0,0.0,0.0,0.3179714540056912,0.4049562228918684,0.0,0.0,0.0,0.0,-0.7482008934020996,-0.0011817830381914973,-1.4839304978163939,0.1327767181457099,0,1,0.0,5.520613670349121,2.277434825897217,0.0,0.0,0.0,0.0,0.0,0.0,0.0,0.0,0,2,152,167,34752,167,260,643,1024,145,145,293,294,145,294,149,139,119,20,1,1,1,1,0.4438979237732852,0.4890331224799156,0.4614094572425907,0.4890331224799156,b1,0,3.7430000000000003,8.98,1.689,3.7430000000000003,9.015309872232702,1.689,0,0,0,0,0,0,0,0,1,139,119,1,330,211,57.26188471963071,0,0.4438979237732852,0.4890331224799156,1,139,139,1,366,227,91.16471759093366,0,0.4438979237732852,0.4890331224799156,1,139,139,1,369,230,125.06755046223662,0,0.4438979237732852,0.4890331224799156,1,162,140,1,558,418,88.57023046160722,0,0.4438979237732852,0.4890331224799156,1,167,145,1,706,561,126.63457620358375,0,0.4438979237732852,0.4890331224799156,1,167,145,1,1344,1199,223.03126768832328,0,0.4438979237732852,0.4890331224799156,1,154,134,1,403,269,60.16670163957346,0,0.8906742159898348,0.47446208464315864,1,139,119,1,347,228,58.530318979183676,0,0.4438979237732852,0.4890331224799156,7,nuscenes_mf/v1.0-mini/mini_val/325cef682f064c55a255f2625c533b75/ca5b3ca5aea745ee8fe12b0f74d77f8e,dev,60
17,ct_joint_full,0,225,211,0,0,0,0,1,225,-1.0,0,8.98934555053711,3.743000030517578,56.82998716459129,0,0,0,0,0.49985289573669434,0.9999377727508545,0,0,0,0,0,1,0,0,1,0,0,0.0,0.0,0.0,0.5967792883637619,0.3570261726171902,0.7898325166911455,0.19848986162702797,0.3486821697988507,0.2862069711422707,-0.19916032301866238,0.28997597690419535,1,1.7980786080195914,0.019851111379148856,1,1,1,0.5967792883637619,0.3570261726171902,0.7898325166911455,0.5967792883637619,0.3570261726171902,0.7898325166911455,0.5967792883637619,0.5967792883637619,0.5967792883637619,0.0,0,0,1,0.5967792883637619,0.3570261726171902,0.7898325166911455,0.0,0.0,0.0,0.0,0.0,0.0,0.0,0.0,0.0,0.0,0.0,0.5967792883637619,0.3570261726171902,0.0,0.0,0.0,0.0,-0.4726924002170563,0.0017914294730871916,-0.006142524033011301,-0.5034052195929071,1,1,0.0,3.3807504177093506,1.7683649063110352,0.0,0.0,0.0,0.0,0.0,0.0,0.0,0.0,0,2,191,225,34720,225,209,1011,1024,211,211,399,399,211,399,188,149,138,11,1,1,1,1,0.3486821697989133,0.5279219415783882,0.3523172272005219,0.5279219415783882,b1,0,3.7430000000000003,8.98,1.689,3.7430000000000003,8.989345128614662,1.689,0,0,0,0,0,0,0,0,1,149,138,1,475,337,56.90065083028749,0,0.3486821697989133,0.5279219415783882,1,149,149,1,534,385,90.58960928516463,0,0.3486821697989133,0.5279219415783882,1,149,149,1,538,389,124.27856774004177,0,0.3486821697989133,0.5279219415783882,1,207,193,1,825,632,88.12124753996311,0,0.3486821697989133,0.5279219415783882,1,225,211,1,1173,962,126.09784424806573,0,0.3486821697989133,0.5279219415783882,1,225,211,1,2481,2270,222.31903766505746,0,0.3486821697989133,0.5279219415783882,1,132,120,1,463,343,58.80178159030868,0,0.19848985365773747,0.5196427281304026,1,149,138,1,475,337,57.185411676252876,0,0.3486821697989133,0.5279219415783882,7,nuscenes_mf/v1.0-mini/mini_val/325cef682f064c55a255f2625c533b75/ca5b3ca5aea745ee8fe12b0f74d77f8e,dev,60
18,ct_joint_full,0,388,298,0,0,0,0,1,388,-1.0,0,9.006245613098145,3.743000030517578,56.93682812793228,0,0,0,0,0.49991798400878906,0.9995421171188354,0,0,0,0,0,1,0,0,1,0,0,0.0,0.0,0.0,0.39554364381818546,0.3544571215361637,0.6767884520372826,0.9079671995244094,0.5416568962794099,-0.5063977944479844,0.1922328716506661,0.38100076667579214,1,2.245793574008478,0.02106474429991471,1,1,1,0.39554364381818546,0.3544571215361637,0.6767884520372826,0.39554364381818546,0.3544571215361637,0.6767884520372826,0.39554364381818546,0.39554364381818546,0.39554364381818546,0.0,0,0,1,0.39554364381818546,0.3544571215361637,0.6767884520372826,0.0,0.0,0.0,0.0,0.0,0.0,0.0,0.0,0.0,0.0,0.0,0.39554364381818546,0.3544571215361637,0.0,0.0,0.0,0.0,-0.6485234498977661,-0.00017210067017003894,-1.5104925167073395,0.5040548921253588,0,1,0.0,4.600490093231201,2.032158136367798,0.0,0.0,0.0,0.0,0.0,0.0,0.0,0.0,0,2,303,388,34688,388,204,1964,1024,298,298,845,853,298,853,555,317,232,85,1,1,1,1,0.5416568962793429,0.554387558221817,0.5539336805212746,0.554387558221817,b1,0,3.7430000000000003,8.98,1.689,3.7430000000000003,9.00624571945475,1.689,0,0,0,0,0,0,0,0,1,317,232,1,792,560,57.13586466148217,0,0.5416568962793429,0.554387558221817,1,317,290,1,919,629,90.96408530179131,0,0.5416568962793429,0.554387558221817,1,317,317,1,952,635,124.79230594210047,0,0.5416568962793429,0.554387558221817,1,370,280,1,1269,989,88.41359656362282,0,0.5416568962793429,0.554387558221817,1,388,298,1,1823,1525,126.44732846340398,0,0.5416568962793429,0.554387558221817,1,388,298,1,3305,3007,222.7827922700448,0,0.5416568962793429,0.554387558221817,1,341,259,1,941,682,59.658085167052974,0,0.9079671925471328,0.5434934428565064,1,317,234,1,823,589,58.138249565690266,0,0.5416568962793429,0.554387558221817,7,nuscenes_mf/v1.0-mini/mini_val/325cef682f064c55a255f2625c533b75/ca5b3ca5aea745ee8fe12b0f74d77f8e,dev,60
19,ct_joint_full,0,655,511,0,0,0,0,1,655,-1.0,0,8.987238883972168,3.743000030517578,56.816668972163086,0,0,0,0,0.49929308891296387,0.9988150000572205,0,0,0,0,0,1,0,0,1,0,0,0.0,0.0,0.0,0.6131340190790919,0.31560611329262495,0.8402745880746417,0.26824928184301616,0.39260449285984195,0.2872888789177977,-0.26758810588626447,0.31212835687527707,1,1.9152276698974044,0.027719057446176212,1,1,1,0.6131340190790919,0.31560611329262495,0.8402745880746417,0.6131340190790919,0.31560611329262495,0.8402745880746417,0.6131340190790919,0.6131340190790919,0.6131340190790919,0.0,0,0,1,0.6131340190790919,0.31560611329262495,0.8402745880746417,0.0,0.0,0.0,0.0,0.0,0.0,0.0,0.0,0.0,0.0,0.0,0.6131340190790919,0.31560611329262495,0.0,0.0,0.0,0.0,-0.5235129594802856,0.0012741656973958015,-0.041661084369567086,-0.6926937819658116,1,1,0.0,3.6789627075195312,1.8198192119598389,0.0,0.0,0.0,0.0,0.0,0.0,0.0,0.0,0,2,512,656,34688,655,218,2998,1024,511,511,1389,1388,511,1389,878,385,248,137,1,1,1,1,0.39260449285981364,0.5871701326966285,0.38980140945719965,0.5871701326966285,b1,0,3.7430000000000003,8.98,1.689,3.7430000000000003,8.987238626716087,1.689,0,0,0,0,0,0,0,0,1,385,248,1,1046,798,56.871434864685405,0,0.39260449285981364,0.5871701326966285,1,385,352,1,1273,921,90.54309553057375,0,0.39260449285981364,0.5871701326966285,1,385,385,1,1327,942,124.21475619646209,0,0.39260449285981364,0.5871701326966285,1,587,443,1,1888,1445,88.08493275043973,0,0.39260449285981364,0.5871701326966285,1,652,508,1,2675,2167,126.05443063934008,0,0.39260449285981364,0.5871701326966285,1,656,512,1,4539,4027,222.26142641478125,0,0.39260449285981364,0.5871701326966285,1,338,216,1,850,634,59.07726846083795,0,0.2682492816969991,0.5832855757975584,1,385,249,1,1047,798,57.50563560640492,0,0.39260449285981364,0.5871701326966285,7,nuscenes_mf/v1.0-mini/mini_val/325cef682f064c55a255f2625c533b75/ca5b3ca5aea745ee8fe12b0f74d77f8e,dev,60
20,ct_joint_full,0,861,730,0,0,0,0,1,861,-1.0,0,9.00652027130127,3.743000030517578,56.938564497067325,0,0,0,0,0.49930906295776367,0.9994065761566162,0,0,0,0,0,1,0,0,1,0,0,0.0,0.0,0.0,0.4283401620709377,0.3125848025721883,0.7399326284393691,0.9377180384927981,0.5753621348750978,-0.49577431531455995,0.29197500783479646,0.3952758321256566,1,2.3089858897012876,0.030439735945544125,1,1,1,0.4283401620709377,0.3125848025721883,0.7399326284393691,0.4283401620709377,0.3125848025721883,0.7399326284393691,0.4283401620709377,0.4283401620709377,0.4283401620709377,0.0,0,0,1,0.4283401620709377,0.3125848025721883,0.7399326284393691,0.0,0.0,0.0,0.0,0.0,0.0,0.0,0.0,0.0,0.0,0.0,0.4283401620709377,0.3125848025721883,0.0,0.0,0.0,0.0,-0.6591236591339111,0.0004216379311401397,-1.485828853886144,0.7542318383261715,0,1,0.0,4.741539478302002,2.090501546859741,0.0,0.0,0.0,0.0,0.0,0.0,0.0,0.0,0,2,602,861,34688,861,210,3868,1024,730,730,2326,2326,730,2326,1596,616,486,130,1,1,1,1,0.5753621348750882,0.611567714035511,0.5868670837233987,0.611567714035511,b1,0,3.7430000000000003,8.98,1.689,3.7430000000000003,9.006520374073773,1.689,0,0,0,0,0,0,0,0,1,616,486,1,1781,1295,57.13968068776047,0,0.5753621348750882,0.611567714035511,1,616,593,1,2007,1414,90.97016066867253,0,0.5753621348750882,0.611567714035511,1,616,616,1,2046,1430,124.8006406495846,0,0.5753621348750882,0.611567714035511,1,786,656,1,2549,1893,88.41833966330253,0,0.5753621348750882,0.611567714035511,1,849,719,1,3467,2748,126.45299863727158,0,0.5753621348750882,0.611567714035511,1,861,731,1,5383,4652,222.7903165867827,0,0.5753621348750882,0.611567714035511,1,692,562,1,2083,1521,59.932415829194234,0,0.9377180367851966,0.5971180509324759,1,616,486,1,1872,1386,58.347425519239614,0,0.5753621348750882,0.611567714035511,7,nuscenes_mf/v1.0-mini/mini_val/325cef682f064c55a255f2625c533b75/ca5b3ca5aea745ee8fe12b0f74d77f8e,dev,60
21,ct_joint_full,0,1057,925,0,0,0,0,1,1057,-1.0,0,8.999519348144531,3.743000030517578,56.894305171302065,0,0,0,0,0.49988698959350586,1.001173496246338,0,0,0,0,0,1,0,0,1,0,0,0.0,0.0,0.0,0.6668272478934648,0.26950525602114994,0.9176969960798287,0.4387857074059488,0.45450244385574207,0.2127763426784655,-0.40162011235622963,0.3906860965175041,1,2.2716932905737615,0.03915417453131148,1,1,1,0.6668272478934648,0.26950525602114994,0.9176969960798287,0.6668272478934648,0.26950525602114994,0.9176969960798287,0.6668272478934648,0.6668272478934648,0.6668272478934648,0.0,0,0,1,0.6668272478934648,0.26950525602114994,0.9176969960798287,0.0,0.0,0.0,0.0,0.0,0.0,0.0,0.0,0.0,0.0,0.0,0.6668272478934648,0.26950525602114994,0.0,0.0,0.0,0.0,-0.6244723796844482,0.0012994534336030483,-0.2843705623486711,-1.001973703159643,1,0,0.0,4.551822662353516,2.0887973308563232,0.0,0.0,0.0,0.0,0.0,0.0,0.0,0.0,0,2,714,1057,34720,1057,302,3696,1024,925,925,2272,2272,925,2272,1347,459,327,132,1,1,1,1,0.4545024438557533,0.641344843506813,0.44978544809366383,0.641344843506813,b1,0,3.7430000000000003,8.98,1.689,3.7430000000000003,8.99951971094458,1.689,0,0,0,0,0,0,0,0,1,459,327,1,1471,1144,57.04228394793207,0,0.4545024438557533,0.641344843506813,1,459,427,1,1664,1237,90.81509860034893,0,0.4545024438557533,0.641344843506813,1,459,459,1,1724,1265,124.58791325276579,0,0.4545024438557533,0.641344843506813,1,850,718,1,2507,1789,88.29728382276836,0,0.4545024438557533,0.641344843506813,1,1040,908,1,3462,2554,126.30828369603167,0,0.4545024438557533,0.641344843506813,1,1057,925,1,5695,4770,222.59828344413125,0,0.4545024438557533,0.641344843506813,1,335,203,1,1244,1041,59.51091871512181,0,0.4387857165139678,0.6342099970423183,1,459,327,1,1471,1144,57.80124857239268,0,0.4545024438557533,0.641344843506813,7,nuscenes_mf/v1.0-mini/mini_val/325cef682f064c55a255f2625c533b75/ca5b3ca5aea745ee8fe12b0f74d77f8e,dev,60
22,ct_joint_full,0,732,659,0,0,0,0,1,732,-1.0,0,9.015721321105957,3.743000030517578,56.996732863091474,0,0,0,0,0.5004210472106934,1.0016473531723022,0,0,0,0,0,1,0,0,1,0,0,0.0,0.0,0.0,0.492963090276086,0.30823060037709243,0.7584892937771123,1.054377944594821,0.632159190298599,-0.511315923095782,0.3717274483660048,0.4752063362475298,1,2.600476790529682,0.032840826237587016,1,1,1,0.492963090276086,0.30823060037709243,0.7584892937771123,0.492963090276086,0.30823060037709243,0.7584892937771123,0.492963090276086,0.492963090276086,0.492963090276086,0.0,0,0,1,0.492963090276086,0.30823060037709243,0.7584892937771123,0.0,0.0,0.0,0.0,0.0,0.0,0.0,0.0,0.0,0.0,0.0,0.492963090276086,0.30823060037709243,0.0,0.0,0.0,0.0,-0.7328270077705383,0.0009983727941289544,-1.5213398452406883,0.9038223300802626,0,1,0.0,5.569614887237549,2.379119396209717,0.0,0.0,0.0,0.0,0.0,0.0,0.0,0.0,0,2,539,732,34720,732,304,2556,1024,659,659,1430,1435,659,1435,776,586,532,54,1,1,1,1,0.6321591902986169,0.5804833051562309,0.6468082410713618,0.5804833051562309,b1,0,3.7430000000000003,8.98,1.689,3.7430000000000003,9.015721659137307,1.689,0,0,0,0,0,0,0,0,1,586,532,1,1833,1301,57.267615376282016,0,0.6321591902986169,0.5804833051562309,1,586,578,1,1967,1389,91.17384117633058,0,0.6321591902986169,0.5804833051562309,1,586,586,1,2035,1449,125.08006697637914,0,0.6321591902986169,0.5804833051562309,1,689,629,1,2774,2145,88.57735314406408,0,0.6321591902986169,0.5804833051562309,1,713,652,1,3675,3023,126.64309091577866,0,0.6321591902986169,0.5804833051562309,1,732,671,1,5181,4510,223.04256645370228,0,0.6321591902986169,0.5804833051562309,1,605,561,1,2125,1564,60.42478206304269,0,1.0543779172044156,0.5689510890810943,1,586,536,1,1862,1326,58.68576864233388,0,0.6321591902986169,0.5804833051562309,7,nuscenes_mf/v1.0-mini/mini_val/325cef682f064c55a255f2625c533b75/ca5b3ca5aea745ee8fe12b0f74d77f8e,dev,60
23,ct_joint_full,0,520,464,0,0,0,0,1,520,-1.0,0,8.991225242614746,3.743000030517578,56.84187044085928,0,0,0,0,0.49987292289733887,0.9994379878044128,0,0,0,0,0,1,0,0,1,0,0,0.0,0.0,0.0,0.711062069906111,0.3041494327939476,0.8755858276719136,0.3355743922786669,0.4965710121008416,0.36564637795586347,-0.3359843697170733,0.3492151847138297,1,2.0687602809519356,0.0382491452397481,1,1,1,0.711062069906111,0.3041494327939476,0.8755858276719136,0.711062069906111,0.3041494327939476,0.8755858276719136,0.711062069906111,0.711062069906111,0.711062069906111,0.0,0,0,1,0.711062069906111,0.3041494327939476,0.8755858276719136,0.0,0.0,0.0,0.0,0.0,0.0,0.0,0.0,0.0,0.0,0.0,0.711062069906111,0.3041494327939476,0.0,0.0,0.0,0.0,-0.5532355308532715,0.0020156828686594963,0.026032279198902806,-0.8314698043405573,1,1,0.0,3.9942681789398193,1.9440536499023438,0.0,0.0,0.0,0.0,0.0,0.0,0.0,0.0,0,2,405,520,34752,520,311,1625,1024,464,464,779,779,464,779,315,408,360,48,1,1,1,1,0.49657101210084953,0.526448957324028,0.49218653347314356,0.526448957324028,b1,0,3.7430000000000003,8.98,1.689,3.7430000000000003,8.991225203570826,1.689,0,0,0,0,0,0,0,0,1,408,360,1,1006,646,56.92677363408264,0,0.49657101210084953,0.526448957324028,1,408,408,1,1111,703,90.6311985210469,0,0.49657101210084953,0.526448957324028,1,408,408,1,1136,728,124.33562340801116,0,0.49657101210084953,0.526448957324028,1,479,425,1,1730,1305,88.15371663635597,0,0.49657101210084953,0.526448957324028,1,501,447,1,2564,2117,126.1366596378428,0,0.49657101210084953,0.526448957324028,1,520,466,1,4227,3761,222.37054564474897,0,0.49657101210084953,0.526448957324028,1,384,334,1,983,649,59.80463955465257,0,0.3355743919886687,0.5241258945413327,1,422,373,1,1029,656,58.12325518550087,0,0.49657101210084953,0.526448957324028,7,nuscenes_mf/v1.0-mini/mini_val/325cef682f064c55a255f2625c533b75/ca5b3ca5aea745ee8fe12b0f74d77f8e,dev,60
24,ct_joint_full,0,295,261,0,0,0,0,1,295,-1.0,0,9.007286071777344,3.743000030517578,56.94340583184318,0,0,0,0,0.5006210803985596,1.0009479522705078,0,0,0,0,0,1,0,0,1,0,0,0.0,0.0,0.0,0.5428021911098524,0.3429232181038256,0.7088694469438994,1.0693531361799997,0.6818428827752429,-0.599943833247409,0.32400177606228164,0.41903503133759307,1,2.4027849453468666,0.036624077514717246,1,1,1,0.5428021911098524,0.3429232181038256,0.7088694469438994,0.5428021911098524,0.3429232181038256,0.7088694469438994,0.5428021911098524,0.5428021911098524,0.5428021911098524,0.0,0,0,1,0.5428021911098524,0.3429232181038256,0.7088694469438994,0.0,0.0,0.0,0.0,0.0,0.0,0.0,0.0,0.0,0.0,0.0,0.5428021911098524,0.3429232181038256,0.0,0.0,0.0,0.0,-0.6803322434425354,0.0008634443511255085,-1.654382696147238,0.820127693827057,0,1,0.0,4.982995986938477,2.1780753135681152,0.0,0.0,0.0,0.0,0.0,0.0,0.0,0.0,0,2,210,295,34752,295,370,873,1024,261,261,460,460,261,460,199,246,217,29,1,1,1,1,0.6818428827752683,0.46092198461294176,0.6939562508071845,0.46092198461294176,b1,0,3.7430000000000003,8.98,1.689,3.7430000000000003,9.007286011176383,1.689,0,0,0,0,0,0,0,0,1,246,217,1,568,351,57.150314892055,0,0.6818428827752683,0.46092198461294176,1,246,246,1,634,388,90.98709102707869,0,0.6818428827752683,0.46092198461294176,1,246,246,1,651,405,124.82386716210237,0,0.6818428827752683,0.46092198461294176,1,279,246,1,949,703,88.43155743043218,0,0.6818428827752683,0.46092198461294176,1,290,256,1,1404,1148,126.46879996566335,0,0.6818428827752683,0.46092198461294176,1,295,261,1,2591,2330,222.8112850400582,0,0.6818428827752683,0.46092198461294176,1,237,211,1,613,402,60.32756339756644,0,1.0693531414503974,0.4424904812843379,1,246,217,1,570,353,58.648079146956626,0,0.6818428827752683,0.46092198461294176,7,nuscenes_mf/v1.0-mini/mini_val/325cef682f064c55a255f2625c533b75/ca5b3ca5aea745ee8fe12b0f74d77f8e,dev,60
25,ct_joint_full,0,217,190,0,0,0,0,1,217,-1.0,0,8.989737510681152,3.743000030517578,56.83246510804443,0,0,0,0,0.5002570152282715,1.0000200271606445,0,0,0,0,0,1,0,0,1,0,0,0.0,0.0,0.0,0.7713014140513379,0.3329707618747358,0.867013031812993,0.35782494299473105,0.544915193838565,0.4208880939015844,-0.34610082651822865,0.32766229064611513,1,1.9851558485232133,0.04654639534201961,1,1,1,0.7713014140513379,0.3329707618747358,0.867013031812993,0.7713014140513379,0.3329707618747358,0.867013031812993,0.7713014140513379,0.7713014140513379,0.7713014140513379,0.0,0,0,1,0.7713014140513379,0.3329707618747358,0.867013031812993,0.0,0.0,0.0,0.0,0.0,0.0,0.0,0.0,0.0,0.0,0.0,0.7713014140513379,0.3329707618747358,0.0,0.0,0.0,0.0,-0.5366128087043762,0.0016132763121277094,0.1526772711416905,-0.8794721275717693,1,1,0.0,3.807629346847534,1.8680140972137451,0.0,0.0,0.0,0.0,0.0,0.0,0.0,0.0,0,2,142,217,34752,217,396,564,1024,190,190,299,299,190,299,109,184,158,26,1,1,1,1,0.5449151938386056,0.40591849505901334,0.5409687840022201,0.40591849505901334,b1,0,3.7430000000000003,8.98,1.689,3.7430000000000003,8.989737522742416,1.689,0,0,0,0,0,0,0,0,1,184,158,1,325,167,56.90615339509165,0,0.5449151938386056,0.40591849505901334,1,184,184,1,368,184,90.59836973321578,0,0.5449151938386056,0.40591849505901334,1,184,184,1,382,198,124.2905860713399,0,0.5449151938386056,0.40591849505901334,1,195,168,1,493,325,88.12808588231542,0,0.5449151938386056,0.40591849505901334,1,200,173,1,698,525,126.10601836796617,0,0.5449151938386056,0.40591849505901334,1,217,190,1,1409,1219,222.3298833400542,0,0.5449151938386056,0.40591849505901334,1,179,152,1,317,165,59.49701941689266,0,0.3578249437876094,0.4035534600296893,1,187,160,1,327,167,57.889302861640346,0,0.5449151938386056,0.40591849505901334,7,nuscenes_mf/v1.0-mini/mini_val/325cef682f064c55a255f2625c533b75/ca5b3ca5aea745ee8fe12b0f74d77f8e,dev,60
26,ct_joint_full,0,119,113,0,0,0,0,1,119,-1.0,0,9.00715160369873,3.743000030517578,56.94255573445414,0,0,0,0,0.5004239082336426,0.9999697208404541,0,0,0,0,0,1,0,0,1,0,0,0.0,0.0,0.0,0.5737561725439361,0.38024435712847304,0.6647727281424789,1.1289687975276956,0.7417101966524055,-0.6726828899391505,0.312460826779017,0.41211726227338624,1,2.3800369995664523,0.03976056930044652,1,1,1,0.5737561725439361,0.38024435712847304,0.6647727281424789,0.5737561725439361,0.38024435712847304,0.6647727281424789,0.5737561725439361,0.5737561725439361,0.5737561725439361,0.0,0,0,1,0.5737561725439361,0.38024435712847304,0.6647727281424789,0.0,0.0,0.0,0.0,0.0,0.0,0.0,0.0,0.0,0.0,0.0,0.5737561725439361,0.38024435712847304,0.0,0.0,0.0,0.0,-0.6766767501831055,0.0006022093584761024,-1.7811900355268029,0.7976430333937266,0,1,0.0,4.924413204193115,2.151040554046631,0.0,0.0,0.0,0.0,0.0,0.0,0.0,0.0,0,2,75,119,34784,119,400,296,1024,113,113,181,181,113,181,68,93,90,3,1,1,1,1,0.7417101966524628,0.34598702758550637,0.7540926851647578,0.34598702758550637,b1,0,3.7430000000000003,8.98,1.689,3.7430000000000003,9.007151552483585,1.689,0,0,0,0,0,0,0,0,1,93,90,1,200,110,57.148453594376804,0,0.7417101966524628,0.34598702758550637,1,93,93,1,213,120,90.98412771774969,0,0.7417101966524628,0.34598702758550637,1,93,93,1,219,126,124.81980184112257,0,0.7417101966524628,0.34598702758550637,1,99,96,1,304,208,88.42924380527856,0,0.7417101966524628,0.34598702758550637,1,110,104,1,348,244,126.46603401539382,0,0.7417101966524628,0.34598702758550637,1,119,113,1,659,546,222.80761443798386,0,0.7417101966524628,0.34598702758550637,1,90,87,1,190,103,60.26481320168027,0,1.128968798423318,0.3348189686784038,1,93,90,1,200,110,58.613009728921156,0,0.7417101966524628,0.34598702758550637,7,nuscenes_mf/v1.0-mini/mini_val/325cef682f064c55a255f2625c533b75/ca5b3ca5aea745ee8fe12b0f74d77f8e,dev,60
27,ct_joint_full,0,96,96,0,0,0,0,1,96,-1.0,0,8.996953010559082,3.743000030517578,56.87808097219645,0,0,0,0,0.500432014465332,1.0001829862594604,0,0,0,0,0,1,0,0,1,0,0,0.0,0.0,0.0,0.814546350147311,0.36689296306817065,0.8571605660359198,0.37670794673268443,0.5989201068466807,0.47763199775392307,-0.36134881510704764,0.36902476200285916,1,2.176970516980378,0.044629047991212346,1,1,1,0.814546350147311,0.36689296306817065,0.8571605660359198,0.814546350147311,0.36689296306817065,0.8571605660359198,0.814546350147311,0.814546350147311,0.814546350147311,0.0,0,0,1,0.814546350147311,0.36689296306817065,0.8571605660359198,0.0,0.0,0.0,0.0,0.0,0.0,0.0,0.0,0.0,0.0,0.0,0.814546350147311,0.36689296306817065,0.0,0.0,0.0,0.0,-0.5922744870185852,0.0015955888666212559,0.17431273057676164,-0.9039446547343909,1,1,0.0,4.282351016998291,2.0140624046325684,0.0,0.0,0.0,0.0,0.0,0.0,0.0,0.0,0,2,74,96,34784,96,584,167,1024,96,96,133,133,96,133,37,79,79,0,1,1,1,1,0.5989201068466818,0.27574787348508834,0.5919929222446554,0.27574787348508834,b1,0,3.7430000000000003,8.98,1.689,3.7430000000000003,8.996952722298385,1.689,0,0,0,0,0,0,0,0,1,79,79,1,119,40,57.006550460400526,0,0.5989201068466818,0.27574787348508834,1,79,79,1,126,47,90.75820851866017,0,0.5989201068466818,0.27574787348508834,1,79,79,1,129,50,124.5098665769198,0,0.5989201068466818,0.27574787348508834,1,88,88,1,159,71,88.25287055437965,0,0.5989201068466818,0.27574787348508834,1,96,96,1,231,135,126.25519064835879,0,0.5989201068466818,0.27574787348508834,1,96,96,1,384,288,222.52783083631704,0,0.5989201068466818,0.27574787348508834,1,77,77,1,125,48,59.82595897830368,0,0.376707947783441,0.2654324450306308,1,80,80,1,120,40,58.16856249218426,0,0.5989201068466818,0.27574787348508834,7,nuscenes_mf/v1.0-mini/mini_val/325cef682f064c55a255f2625c533b75/ca5b3ca5aea745ee8fe12b0f74d77f8e,dev,60
28,ct_joint_full,0,54,54,0,0,0,0,1,54,-1.0,0,9.006206512451172,3.743000030517578,56.936580936492916,0,0,0,0,0.5010008811950684,1.0011448860168457,0,0,0,0,0,1,0,0,1,0,0,0.0,0.0,0.0,0.5983117393275487,0.4203355338050197,0.6285336676857699,1.1849813355710737,0.7995805667643501,-0.7125985622520121,0.36267396928066575,0.41538139857709283,1,2.3874804715953863,0.04913944813462012,1,1,1,0.5983117393275487,0.4203355338050197,0.6285336676857699,0.5983117393275487,0.4203355338050197,0.6285336676857699,0.5983117393275487,0.5983117393275487,0.5983117393275487,0.0,0,0,1,0.5983117393275487,0.4203355338050197,0.6285336676857699,0.0,0.0,0.0,0.0,0.0,0.0,0.0,0.0,0.0,0.0,0.0,0.5983117393275487,0.4203355338050197,0.0,0.0,0.0,0.0,-0.6676233410835266,0.0010719310957938433,-1.8129507939946765,0.9109083766771978,0,1,0.0,4.899472236633301,2.1679527759552,0.0,0.0,0.0,0.0,0.0,0.0,0.0,0.0,0,2,54,54,34720,54,555,103,1024,54,54,55,55,54,55,1,46,46,0,1,1,1,1,0.7995805667643304,0.2069053754210472,0.8113739753045752,0.2069053754210472,b1,0,3.7430000000000003,8.98,1.689,3.7430000000000003,9.006206159264128,1.689,0,0,0,0,0,0,0,0,1,46,46,1,82,36,57.13528875882598,0,0.7995805667643304,0.2069053754210472,1,46,46,1,84,38,90.96316842657374,0,0.7995805667643304,0.2069053754210472,1,46,46,1,87,41,124.79104809432151,0,0.7995805667643304,0.2069053754210472,1,48,48,1,93,45,88.4128812802434,0,0.7995805667643304,0.2069053754210472,1,53,53,1,119,66,126.44647380323383,0,0.7995805667643304,0.2069053754210472,1,54,54,1,201,147,222.78165884685518,0,0.7995805667643304,0.2069053754210472,1,46,46,1,81,35,60.14063121244298,0,1.184981332058819,0.19840282831602146,1,46,46,1,82,36,58.46043170750272,0,0.7995805667643304,0.2069053754210472,7,nuscenes_mf/v1.0-mini/mini_val/325cef682f064c55a255f2625c533b75/ca5b3ca5aea745ee8fe12b0f74d77f8e,dev,60
29,ct_joint_full,0,38,38,0,0,0,0,1,38,-1.0,0,9.007109642028809,3.743000030517578,56.942290455836286,0,0,0,0,0.4998331069946289,0.998235821723938,0,0,0,0,0,1,0,0,1,0,0,0.0,0.0,0.0,0.8908217150163511,0.3891591892260429,0.8998702794949716,0.42551034050448333,0.6304086017979925,0.46508846107588425,-0.4255675229608881,0.44288673395892425,1,2.478156377596767,0.04335103377324554,1,1,1,0.8908217150163511,0.3891591892260429,0.8998702794949716,0.8908217150163511,0.3891591892260429,0.8998702794949716,0.8908217150163511,0.8908217150163511,0.8908217150163511,0.0,0,0,1,0.8908217150163511,0.3891591892260429,0.8998702794949716,0.0,0.0,0.0,0.0,0.0,0.0,0.0,0.0,0.0,0.0,0.0,0.8908217150163511,0.3891591892260429,0.0,0.0,0.0,0.0,-0.684303343296051,0.0015490505611523986,0.034304592630934085,-1.033644147169134,1,0,0.0,5.139251708984375,2.26953125,0.0,0.0,0.0,0.0,0.0,0.0,0.0,0.0,0,2,34,38,34688,38,473,80,1024,38,38,57,57,38,57,19,35,35,0,1,1,1,1,0.6304086017979632,0.13255553483963012,0.6202603929292081,0.13255553483963012,b1,0,3.7430000000000003,8.98,1.689,3.7430000000000003,9.007109363298257,1.689,0,0,0,0,0,0,0,0,1,35,35,1,45,10,57.147817984427796,0,0.6304086017979632,0.13255553483963012,1,35,35,1,49,14,90.98311578456266,0,0.6304086017979632,0.13255553483963012,1,35,35,1,51,16,124.81841358469752,0,0.6304086017979632,0.13255553483963012,1,37,37,1,77,40,88.42845478026615,0,0.6304086017979632,0.13255553483963012,1,38,38,1,91,53,126.46509157531803,0,0.6304086017979632,0.13255553483963012,1,38,38,1,116,78,222.80636516306225,0,0.6304086017979632,0.13255553483963012,1,36,36,1,45,9,60.12213790851999,0,0.4255103487467166,0.11687044160193916,1,36,36,1,46,10,58.34672537430405,0,0.6304086017979632,0.13255553483963012,7,nuscenes_mf/v1.0-mini/mini_val/325cef682f064c55a255f2625c533b75/ca5b3ca5aea745ee8fe12b0f74d77f8e,dev,60
30,ct_joint_full,0,22,18,0,0,0,0,1,22,-1.0,0,9.015360832214355,3.743000030517578,56.99445387860172,0,0,0,0,0.49988508224487305,0.9989370703697205,0,0,0,0,0,1,0,0,1,0,1,0.0,0.0,0.0,0.7259180333348216,0.42716181082632554,0.7280722673866813,1.3447875062347545,0.8680650720532198,-0.7688169585988799,0.4030602083062841,0.5139284734246206,1,2.717947871285885,0.04274231354039795,1,1,1,0.7259180333348216,0.42716181082632554,0.7280722673866813,0.7259180333348216,0.42716181082632554,0.7280722673866813,0.7259180333348216,0.7259180333348216,0.7259180333348216,0.0,0,0,1,0.7259180333348216,0.42716181082632554,0.7280722673866813,0.0,0.0,0.0,0.0,0.0,0.0,0.0,0.0,0.0,0.0,0.0,0.7259180333348216,0.42716181082632554,0.0,0.0,0.0,0.0,-0.7578803896903992,0.001631236867979169,-1.8916406940101413,0.946554646631178,0,1,0.0,5.914942264556885,2.5070202350616455,0.0,0.0,0.0,0.0,0.0,0.0,0.0,0.0,0,2,18,22,34720,22,424,55,1024,18,18,18,18,18,18,0,21,17,4,1,1,1,1,0.8680650720531672,0.06729175925254821,0.8839178084507162,0.06729175925254821,b1,0,3.7430000000000003,8.98,1.689,3.7430000000000003,9.01536074394371,1.689,0,0,0,0,0,0,0,0,1,21,17,1,33,16,57.26256267169677,0,0.8680650720531672,0.06729175925254821,1,21,21,1,40,19,91.16579693557881,0,0.8680650720531672,0.06729175925254821,1,21,21,1,42,21,125.06903119946085,0,0.8680650720531672,0.06729175925254821,1,21,17,1,35,18,88.57107370176958,0,0.8680650720531672,0.06729175925254821,1,22,18,1,38,20,126.63558473026939,0,0.8680650720531672,0.06729175925254821,1,22,18,1,72,54,223.03260678962852,0,0.8680650720531672,0.06729175925254821,1,21,17,1,31,14,60.73738325329545,0,1.344787499572233,0.06428842010455238,1,21,17,1,33,16,58.84058176140676,0,0.8680650720531672,0.06729175925254821,7,nuscenes_mf/v1.0-mini/mini_val/325cef682f064c55a255f2625c533b75/ca5b3ca5aea745ee8fe12b0f74d77f8e,dev,60
31,ct_joint_full,0,20,20,0,0,0,0,1,20,-1.0,0,8.995006561279297,3.743000030517578,56.86577566176369,0,0,0,0,0.49932098388671875,0.9989234805107117,0,0,0,0,0,1,0,0,1,0,1,0.0,0.0,0.0,0.9883903876862764,0.3871544310963678,0.9883993092568045,0.5685791282331637,0.7484267224261664,0.49410397156130886,-0.5621422154999478,0.4030039912026676,1,2.3157766267533395,0.0809057563295556,1,1,1,0.9883903876862764,0.3871544310963678,0.9883993092568045,0.9883903876862764,0.3871544310963678,0.9883993092568045,0.9883903876862764,0.9883903876862764,0.9883903876862764,0.0,0,0,1,0.9883903876862764,0.3871544310963678,0.9883993092568045,0.0,0.0,0.0,0.0,0.0,0.0,0.0,0.0,0.0,0.0,0.0,0.9883903876862764,0.3871544310963678,0.0,0.0,0.0,0.0,-0.6109625697135925,0.00217801658436656,0.13811138462158687,-1.344938649281941,1,0,0.0,4.5510478019714355,2.138204336166382,0.0,0.0,0.0,0.0,0.0,0.0,0.0,0.0,0,2,20,20,34688,20,520,40,1024,20,20,20,20,20,20,0,20,20,0,1,1,1,1,0.7484267224261214,0.004033622443675999,0.7431598292184693,0.004033622443675999,b1,0,3.7430000000000003,8.98,1.689,3.7430000000000003,8.995007008235635,1.689,0,0,0,0,0,0,0,0,1,20,20,1,26,6,56.97937605635589,0,0.7484267224261214,0.004033622443675999,1,20,20,1,29,9,90.7149450654476,0,0.7484267224261214,0.004033622443675999,1,20,20,1,31,11,124.4505140745393,0,0.7484267224261214,0.004033622443675999,1,20,20,1,26,6,88.21909720028937,0,0.7484267224261214,0.004033622443675999,1,20,20,1,29,9,126.21481834736886,0,0.7484267224261214,0.004033622443675999,1,20,20,1,40,20,222.47426063916834,0,0.7484267224261214,0.004033622443675999,1,20,20,1,26,6,59.6047866391011,0,0.5685791295837274,0.016858149343737083,1,20,20,1,26,6,57.72176769444154,0,0.7484267224261214,0.004033622443675999,7,nuscenes_mf/v1.0-mini/mini_val/325cef682f064c55a255f2625c533b75/ca5b3ca5aea745ee8fe12b0f74d77f8e,dev,60
32,ct_joint_full,0,19,19,0,0,0,0,1,19,-1.0,0,9.014978408813477,3.743000030517578,56.99203622574355,0,0,0,0,0.4998810291290283,1.000556468963623,0,0,0,0,0,1,0,0,1,0,1,0.0,0.0,0.0,0.7922223802570534,0.38258252760876277,0.7972070991729258,1.3846637856167991,0.96737500416448,-0.8378952997411057,0.4834727674674933,0.4594717296962695,1,2.5633351450053548,0.06731765367342919,1,1,1,0.7922223802570534,0.38258252760876277,0.7972070991729258,0.7922223802570534,0.38258252760876277,0.7972070991729258,0.7922223802570534,0.7922223802570534,0.7922223802570534,0.0,0,0,1,0.7922223802570534,0.38258252760876277,0.7972070991729258,0.0,0.0,0.0,0.0,0.0,0.0,0.0,0.0,0.0,0.0,0.0,0.7922223802570534,0.38258252760876277,0.0,0.0,0.0,0.0,-0.7160604000091553,0.000980259501375258,-2.02187274706449,1.1850047968681936,0,0,0.0,5.394598007202148,2.326298475265503,0.0,0.0,0.0,0.0,0.0,0.0,0.0,0.0,0,2,18,19,34720,19,546,36,1024,19,19,19,19,19,19,0,18,18,0,1,1,1,1,0.967375004164457,0.07419953197240833,0.9826596689565542,0.07419953197240833,b1,0,3.7430000000000003,8.98,1.689,3.7430000000000003,9.014978304386021,1.689,0,0,0,0,0,0,0,0,1,18,18,1,21,3,57.25727919722535,0,0.967375004164457,0.07419953197240833,1,18,18,1,21,3,91.15738529386557,0,0.967375004164457,0.07419953197240833,1,18,18,1,24,6,125.0574913905058,0,0.967375004164457,0.07419953197240833,1,19,19,1,25,6,88.56450604191609,0,0.967375004164457,0.07419953197240833,1,19,19,1,28,9,126.62773288346082,0,0.967375004164457,0.07419953197240833,1,19,19,1,33,14,223.0221865736288,0,0.967375004164457,0.07419953197240833,1,18,18,1,19,1,60.34266153571431,0,1.3846638106365794,0.07157427668559083,1,18,18,1,21,3,58.653380636059715,0,0.967375004164457,0.07419953197240833,7,nuscenes_mf/v1.0-mini/mini_val/325cef682f064c55a255f2625c533b75/ca5b3ca5aea745ee8fe12b0f74d77f8e,dev,60
33,ct_joint_full,0,15,11,0,0,0,0,1,15,-1.0,0,9.004761695861816,3.743000030517578,56.92744691135542,0,0,0,0,0.49987077713012695,1.000540018081665,0,0,0,0,0,1,0,0,1,0,1,0.0,0.0,0.0,1.0071341117259152,0.32103890065736834,1.0199778537077215,0.6099877500549421,0.8209660203516855,0.5597498415948368,-0.600554212663445,0.4485406043788065,1,2.507566511038319,0.08043646693900357,1,1,1,1.0071341117259152,0.32103890065736834,1.0199778537077215,1.0071341117259152,0.32103890065736834,1.0199778537077215,1.0071341117259152,1.0071341117259152,1.0071341117259152,0.0,0,0,1,1.0071341117259152,0.32103890065736834,1.0199778537077215,0.0,0.0,0.0,0.0,0.0,0.0,0.0,0.0,0.0,0.0,0.0,1.0071341117259152,0.32103890065736834,0.0,0.0,0.0,0.0,-0.6792029142379761,0.0018907076446339488,0.1683999675646287,-1.4358994232295708,1,0,0.0,5.141859531402588,2.293166160583496,0.0,0.0,0.0,0.0,0.0,0.0,0.0,0.0,0,2,14,15,34720,15,408,37,1024,11,11,11,11,11,11,0,15,11,4,1,1,1,1,0.8209660203516661,0.15901044428348543,0.8122874686656933,0.15901044428348543,b1,0,3.7430000000000003,8.98,1.689,3.7430000000000003,9.00476165775145,1.689,0,0,0,0,0,0,0,0,1,15,11,1,16,5,57.11513307898818,0,0.8209660203516661,0.15901044428348543,1,15,15,1,21,6,90.93107924772008,0,0.8209660203516661,0.15901044428348543,1,15,15,1,24,9,124.74702541645198,0,0.8209660203516661,0.15901044428348543,1,15,11,1,16,5,88.38783068226138,0,0.8209660203516661,0.15901044428348543,1,15,11,1,17,6,126.4165282863211,0,0.8209660203516661,0.15901044428348543,1,15,11,1,20,9,222.7419234928675,0,0.8209660203516661,0.15901044428348543,1,15,11,1,16,5,60.04977283123731,0,0.6099877332187132,0.17748415883386198,1,15,11,1,16,5,58.186693100707316,0,0.8209660203516661,0.15901044428348543,7,nuscenes_mf/v1.0-mini/mini_val/325cef682f064c55a255f2625c533b75/ca5b3ca5aea745ee8fe12b0f74d77f8e,dev,60
34,ct_joint_full,0,12,11,0,0,0,0,1,12,-1.0,0,9.00503921508789,3.743000030517578,56.92920136766895,0,0,0,0,0.4993250370025635,0.9988979697227478,0,0,0,0,0,1,0,0,1,0,1,0.0,0.0,0.0,0.7214288978708542,0.34070419996578694,0.7633108103156236,1.356350604456923,0.9973935751999508,-0.8158816545530396,0.5736995490025296,0.41287115114945677,1,2.3858384312956833,0.09923490321026365,1,1,1,0.7214288978708542,0.34070419996578694,0.7633108103156236,0.7214288978708542,0.34070419996578694,0.7633108103156236,0.7214288978708542,0.7214288978708542,0.7214288978708542,0.0,0,0,1,0.7214288978708542,0.34070419996578694,0.7633108103156236,0.0,0.0,0.0,0.0,0.0,0.0,0.0,0.0,0.0,0.0,0.0,0.7214288978708542,0.34070419996578694,0.0,0.0,0.0,0.0,-0.6430426239967346,0.0015430230414494872,-1.9137715244085105,1.4059064262788223,0,0,0.0,4.767886161804199,2.169112205505371,0.0,0.0,0.0,0.0,0.0,0.0,0.0,0.0,0,2,11,12,34720,12,508,25,1024,11,11,11,11,11,11,0,12,11,1,1,1,1,1,0.9973935751999233,0.23135582745075228,1.0078366896747712,0.23135582745075228,b1,0,3.7430000000000003,8.98,1.689,3.7430000000000003,9.005039119705735,1.689,0,0,0,0,0,0,0,0,1,12,11,1,12,1,57.119026686601806,0,0.9973935751999233,0.23135582745075228,1,12,12,1,19,7,90.93727812923166,0,0.9973935751999233,0.23135582745075228,1,12,12,1,22,10,124.7555295718615,0,0.9973935751999233,0.23135582745075228,1,12,11,1,13,2,88.39266942843888,0,0.9973935751999233,0.23135582745075228,1,12,11,1,14,3,126.42231217342196,0,0.9973935751999233,0.23135582745075228,1,12,11,1,19,8,222.74959766024213,0,0.9973935751999233,0.23135582745075228,1,12,11,1,11,0,59.86979536516977,0,1.3563506107150225,0.2305891763740608,1,12,11,1,12,1,58.18753887348848,0,0.9973935751999233,0.23135582745075228,7,nuscenes_mf/v1.0-mini/mini_val/325cef682f064c55a255f2625c533b75/ca5b3ca5aea745ee8fe12b0f74d77f8e,dev,60
35,ct_joint_full,0,6,4,0,0,0,0,1,6,-1.0,0,9.012353897094727,3.743000030517578,56.97544425400863,0,0,0,0,0.49987196922302246,1.0005486011505127,0,0,0,0,0,1,0,0,1,0,1,0.0,0.0,0.0,0.6976043996893002,0.319007632469103,0.7690375080780231,0.507192509132295,0.7575221711704512,0.5623707320421651,-0.5075224004265604,0.5503618684073747,1,2.8502607176627484,0.04489871460711296,1,1,1,0.6976043996893002,0.319007632469103,0.7690375080780231,0.6976043996893002,0.319007632469103,0.7690375080780231,0.6976043996893002,0.6976043996893002,0.6976043996893002,0.0,0,0,1,0.6976043996893002,0.319007632469103,0.7690375080780231,0.0,0.0,0.0,0.0,0.0,0.0,0.0,0.0,0.0,0.0,0.0,0.6976043996893002,0.319007632469103,0.0,0.0,0.0,0.0,-0.8046804666519165,0.001099231420084834,0.017558395663610525,-1.1806364011558952,1,0,0.0,6.429929256439209,2.6296420097351074,0.0,0.0,0.0,0.0,0.0,0.0,0.0,0.0,0,2,5,6,34720,6,307,20,1024,4,4,4,4,4,4,0,6,6,0,1,1,1,1,0.7575221711704201,0.31936667472124103,0.7454320346457949,0.31936667472124103,b1,0,3.7430000000000003,8.98,1.689,3.7430000000000003,9.01235402752225,1.689,0,0,0,0,0,0,0,0,1,6,6,1,8,2,57.22077846606542,0,0.7575221711704201,0.31936667472124103,1,6,6,1,10,4,91.0992737094434,0,0.7575221711704201,0.31936667472124103,1,6,6,1,10,4,124.97776895282138,0,0.7575221711704201,0.31936667472124103,1,6,6,1,10,4,88.5191385540124,0,0.7575221711704201,0.31936667472124103,1,6,6,1,10,4,126.57349864117289,0,0.7575221711704201,0.31936667472124103,1,6,6,1,14,8,222.95021881549388,0,0.7575221711704201,0.31936667472124103,1,6,6,1,10,4,61.26039376020067,0,0.5071925094392791,0.3413206977781161,1,6,6,1,8,2,59.16016193635952,0,0.7575221711704201,0.31936667472124103,7,nuscenes_mf/v1.0-mini/mini_val/325cef682f064c55a255f2625c533b75/ca5b3ca5aea745ee8fe12b0f74d77f8e,dev,60
36,ct_joint_full,0,7,6,0,0,0,0,1,7,-1.0,0,9.035076141357422,3.743000030517578,57.11909262557696,0,0,0,0,0.49993014335632324,1.0006637573242188,0,0,0,0,0,1,0,0,1,0,1,0.0,0.0,0.0,0.5072476094677764,0.3261333987263584,0.6520723758261283,0.7301597720259942,0.6645720073314871,-0.5512738945744875,0.37115104746122896,0.07749348559394878,1,0.6553632502015914,0.26134476746250895,1,1,1,0.5072476094677764,0.3261333987263584,0.6520723758261283,0.5072476094677764,0.3261333987263584,0.6520723758261283,0.5072476094677764,0.5072476094677764,0.5072476094677764,0.0,0,0,1,0.5072476094677764,0.3261333987263584,0.6520723758261283,0.0,0.0,0.0,0.0,0.0,0.0,0.0,0.0,0.0,0.0,0.0,0.5072476094677764,0.3261333987263584,0.0,0.0,0.0,0.0,-0.14648200571537018,0.00012187502579763532,-1.1885272367279203,1.0544874719265942,0,0,0.0,1.2999756336212158,1.2999756336212158,0.0,0.0,0.0,0.0,0.0,0.0,0.0,0.0,0,2,7,7,34720,7,526,13,1024,6,6,6,6,6,6,0,7,7,0,1,1,1,1,0.6645720073315565,0.3936769846081734,0.6875988812089422,0.3936769846081734,b1,0,3.7430000000000003,8.98,1.689,3.7430000000000003,9.035076093173332,1.689,0,0,0,0,0,0,0,0,1,7,7,1,7,0,57.53676698529767,0,0.6645720073315565,0.3936769846081734,1,7,7,1,7,0,91.60234838571074,0,0.6645720073315565,0.3936769846081734,1,7,7,1,8,1,125.6679297861238,0,0.6645720073315565,0.3936769846081734,1,7,7,1,7,0,88.91188799898467,0,0.6645720073315565,0.3936769846081734,1,7,7,1,10,3,127.04300901345816,0,0.6645720073315565,0.3936769846081734,1,7,7,1,20,13,223.57325104319165,0,0.6645720073315565,0.3936769846081734,1,7,7,1,7,0,58.95813872265495,0,0.7301597743736902,0.3945550533866311,1,7,7,1,7,0,59.520684012307356,0,0.6645720073315565,0.3936769846081734,7,nuscenes_mf/v1.0-mini/mini_val/325cef682f064c55a255f2625c533b75/ca5b3ca5aea745ee8fe12b0f74d77f8e,dev,60
37,ct_joint_full,0,3,0,0,0,0,0,0,3,-1.0,0,9.000571250915527,3.743000030517578,56.90095522392692,0,0,0,0,0.4998440742492676,0.9998860359191895,0,0,0,0,0,1,0,0,1,0,1,0.0,0.0,0.0,0.5042809657782648,0.22026721082468476,0.9038453125279544,0.6592069048546683,0.4989405593386983,0.06700335585324112,-0.49442113478270094,0.5008356980500929,1,3.1633300476124644,0.026655612955641214,1,1,1,0.5042809657782648,0.22026721082468476,0.9038453125279544,0.5042809657782648,0.22026721082468476,0.9038453125279544,0.5042809657782648,0.5042809657782648,0.5042809657782648,0.0,0,0,1,0.5042809657782648,0.22026721082468476,0.9038453125279544,0.0,0.0,0.0,0.0,0.0,0.0,0.0,0.0,0.0,0.0,0.0,0.5042809657782648,0.22026721082468476,0.0,0.0,0.0,0.0,-0.8920722603797913,-0.005192296579480171,-0.7727272921991972,-1.347966127409087,1,0,0.0,7.694977760314941,3.032642364501953,0.0,0.0,0.0,0.0,0.0,0.0,0.0,0.0,0,2,3,3,34720,3,310,10,1024,0,0,0,0,0,0,0,3,0,3,1,1,1,1,0.49894055933865117,0.7427538846731186,0.5013632372161633,0.7427538846731186,b1,0,3.7430000000000003,8.98,1.689,3.7430000000000003,9.000571043370776,1.689,0,0,0,0,0,0,0,0,1,3,0,0,2,2,57.05628065633309,0,0.49894055933865117,0.7427538846731186,1,3,3,1,7,4,90.83738228826505,0,0.49894055933865117,0.7427538846731186,1,3,3,1,7,4,124.61848392019701,0,0.49894055933865117,0.7427538846731186,1,3,0,0,2,2,88.31469326207461,0,0.49894055933865117,0.7427538846731186,1,3,0,0,2,2,126.32910586309713,0,0.49894055933865117,0.7427538846731186,1,3,0,0,6,6,222.6259310730072,0,0.49894055933865117,0.7427538846731186,1,3,0,0,2,2,61.41834338308811,0,0.6592069116288722,0.7617686973850021,1,3,0,0,2,2,59.018742756248365,0,0.49894055933865117,0.7427538846731186,7,nuscenes_mf/v1.0-mini/mini_val/325cef682f064c55a255f2625c533b75/ca5b3ca5aea745ee8fe12b0f74d77f8e,dev,60
38,ct_joint_full,0,3,0,0,0,0,0,0,3,-1.0,0,9.046433448791504,3.743000030517578,57.19089269512314,0,0,0,0,0.4998798370361328,0.9999854564666748,0,0,0,0,0,1,0,0,1,0,1,0.0,0.0,0.0,0.5739138658531723,0.125144379070071,1.239626966954874,0.5108403661237358,0.47619093558958364,-0.1406754295453342,0.45493763124914305,0.09176045634026597,1,0.6978116437937381,0.11981876793415595,1,1,1,0.5739138658531723,0.125144379070071,1.239626966954874,0.5739138658531723,0.125144379070071,1.239626966954874,0.5739138658531723,0.5739138658531723,0.5739138658531723,0.0,0,0,1,0.5739138658531723,0.125144379070071,1.239626966954874,0.0,0.0,0.0,0.0,0.0,0.0,0.0,0.0,0.0,0.0,0.0,0.5739138658531723,0.125144379070071,0.0,0.0,0.0,0.0,-0.16512225568294525,-0.00011066551087424159,-0.418266678040461,1.2450892754734926,1,0,0.0,1.375684142112732,1.375684142112732,0.0,0.0,0.0,0.0,0.0,0.0,0.0,0.0,0,2,3,3,34720,3,166,17,1024,0,0,0,0,0,0,0,3,0,3,1,0,1,0,0.4761909355896843,1.083091365456581,0.48701983800951276,1.083091365456581,b1,0,3.7430000000000003,8.98,1.689,3.7430000000000003,9.046433489106075,1.689,0,0,0,0,0,0,0,0,1,3,0,0,2,2,57.6946977061769,0,0.4761909355896843,1.083091365456581,1,3,3,1,7,4,91.85378456596192,0,0.4761909355896843,1.083091365456581,1,3,3,1,7,4,126.01287142574694,0,0.4761909355896843,1.083091365456581,1,3,0,0,6,6,89.10818401189847,0,0.4761909355896843,1.083091365456581,1,3,0,0,11,11,127.27767031997955,0,0.4761909355896843,1.083091365456581,1,3,0,0,14,14,223.8846429298497,0,0.4761909355896843,1.083091365456581,1,3,0,0,2,2,59.68512970049137,0,0.5108403664630516,1.088245083862461,1,3,0,0,2,2,60.34315338502321,0,0.4761909355896843,1.083091365456581,7,nuscenes_mf/v1.0-mini/mini_val/325cef682f064c55a255f2625c533b75/ca5b3ca5aea745ee8fe12b0f74d77f8e,dev,60
39,ct_joint_full,0,3,3,0,0,0,0,1,3,-1.0,0,8.987985610961914,3.743000030517578,56.821389725749,0,0,0,0,0.5004220008850098,1.0011204481124878,0,0,0,0,0,1,0,0,1,0,1,0.0,0.0,0.0,0.6050702809417039,0.049831196438410795,1.5576138954700123,0.7745891684062576,0.5606342907653017,-0.26200631738901387,-0.4956445498024077,0.33259437749698145,1,2.4004031145741234,0.054992024932243276,1,1,1,0.6050702809417039,0.049831196438410795,1.5576138954700123,0.6050702809417039,0.049831196438410795,1.5576138954700123,0.6050702809417039,0.6050702809417039,0.6050702809417039,0.0,0,0,1,0.6050702809417039,0.049831196438410795,1.5576138954700123,0.0,0.0,0.0,0.0,0.0,0.0,0.0,0.0,0.0,0.0,0.0,0.6050702809417039,0.049831196438410795,0.0,0.0,0.0,0.0,-0.6956841945648193,-0.002395333256572485,-1.2437216509600255,-1.5202114857924525,0,0,0.0,4.944705009460449,2.1697018146514893,0.0,0.0,0.0,0.0,0.0,0.0,0.0,0.0,0,2,3,3,34720,3,251,12,1024,3,3,3,3,3,3,0,3,3,0,1,0,1,0,0.5606342907652839,1.432771082520485,0.5628468829712489,1.432771082520485,b1,0,3.7430000000000003,8.98,1.689,3.7430000000000003,8.987985429861022,1.689,0,0,0,0,0,0,0,0,1,3,3,1,7,4,56.88165492695896,0,0.5606342907652839,1.432771082520485,1,3,3,1,7,4,90.55936654742015,0,0.5606342907652839,1.432771082520485,1,3,3,1,10,7,124.23707816788135,0,0.5606342907652839,1.432771082520485,1,3,3,1,11,8,88.09763884773804,0,0.5606342907652839,1.432771082520485,1,3,3,1,12,9,126.06962277009012,0,0.5606342907652839,1.432771082520485,1,3,3,1,12,9,222.28159061164828,0,0.5606342907652839,1.432771082520485,1,3,3,1,8,5,59.681142072705164,0,0.7745891431574778,1.4505578343255179,1,3,3,1,7,4,58.0133616256388,0,0.5606342907652839,1.432771082520485,7,nuscenes_mf/v1.0-mini/mini_val/325cef682f064c55a255f2625c533b75/ca5b3ca5aea745ee8fe12b0f74d77f8e,dev,60
1,ct_joint_full,0,3,0,0,0,0,0,0,3,-1.0,0,0.0,0.0,0.0,0,0,0,0,0.4998750686645508,1.0,0,0,0,0,0,0,0,0,0,0,1,0.0,0.0,0.0,0.04502509979409878,0.9400098105659964,0.051247935550427774,0.025632011235958554,0.025632011235958554,0.0,0.0,0.0,0,0.0,0.0,0,0,0,0.04502509979409878,0.9400098105659964,0.051247935550427774,0.04502509979409878,0.9400098105659964,0.051247935550427774,0.04502509979409878,0.04502509979409878,0.04502509979409878,0.0,0,0,1,0.04502509979409878,0.9400098105659964,0.051247935550427774,0.0,0.0,0.0,0.0,0.0,0.0,0.0,0.0,0.0,0.0,0.0,0.04502509979409878,0.9400098105659964,0.0,0.0,0.0,0.0,-0.0,0.0,0.06303450346537283,-0.03606318124552002,1,1,0.0,2.082801342010498,2.082801342010498,0.0,0.0,0.0,0.0,0.0,0.0,0.0,0.0,0,2,3,3,34720,3,197,16,1024,0,0,0,0,0,0,0,0,0,0,0,0,0,0,0.0,0.0,0.0,0.0,base_only,0,0.0,0.0,0.0,0.0,0.0,0.0,0,0,0,0,0,0,0,0,0,0,0,0,0,0,0.0,0,0.0,0.0,0,0,0,0,0,0,0.0,0,0.0,0.0,0,0,0,0,0,0,0.0,0,0.0,0.0,0,0,0,0,0,0,0.0,0,0.0,0.0,0,0,0,0,0,0,0.0,0,0.0,0.0,0,0,0,0,0,0,0.0,0,0.0,0.0,0,0,0,0,0,0,0.0,0,0.0,0.0,0,0,0,0,0,0,0.0,0,0.0,0.0,8,nuscenes_mf/v1.0-mini/mini_val/325cef682f064c55a255f2625c533b75/11a08ff383a6451bbda6b9af56cfa6e2,dev,60
2,ct_joint_full,0,3,3,0,0,0,0,1,3,-1.0,0,8.595616340637207,3.694000005722046,47.279034761351745,0,0,0,0,0.5004169940948486,1.0010840892791748,0,0,0,0,0,1,0,0,1,0,1,0.0,0.0,0.0,0.3185084404998501,0.7856681861108629,0.32509904307310794,0.09007518180636101,0.06765694613163521,-0.05015177975204356,0.045412131120262364,0.028046914855330445,1,0.21502578488584154,0.00369865162364228,1,1,1,0.3185084404998501,0.7856681861108629,0.32509904307310794,0.3185084404998501,0.7856681861108629,0.32509904307310794,0.3185084404998501,0.3185084404998501,0.3185084404998501,0.0,0,0,1,0.3185084404998501,0.7856681861108629,0.32509904307310794,0.0,0.0,0.0,0.0,0.0,0.0,0.0,0.0,0.0,0.0,0.0,0.3185084404998501,0.7856681861108629,0.0,0.0,0.0,0.0,-0.07474818825721741,-0.0025178154464811087,-0.20844910174002848,0.162579648908515,1,1,0.0,1.112476110458374,1.112476110458374,0.0,0.0,0.0,0.0,0.0,0.0,0.0,0.0,0,2,3,3,34752,3,128,24,1024,3,3,3,3,3,3,0,3,3,0,1,1,1,1,0.06765694613157315,0.0494763413667679,0.06796991789114021,0.0494763413667679,b1,0,3.694,8.594000000000001,1.489,3.694,8.595616348353714,1.489,0,0,0,0,0,0,0,0,1,3,3,1,4,1,47.288380282300984,0,0.06765694613157315,0.0494763413667679,1,3,3,1,4,1,79.04686267471267,0,0.06765694613157315,0.0494763413667679,1,3,3,1,4,1,110.80534506712435,0,0.06765694613157315,0.0494763413667679,1,3,3,1,11,8,74.068159652045,0,0.06765694613157315,0.0494763413667679,1,3,3,1,15,12,106.80393902040225,0,0.06765694613157315,0.0494763413667679,1,3,3,1,34,31,190.1434977591969,0,0.06765694613157315,0.0494763413667679,1,3,3,1,4,1,47.428203925678,0,0.09007518320743922,0.047951030902083885,1,3,3,1,4,1,47.30025060761786,0,0.06765694613157315,0.0494763413667679,8,nuscenes_mf/v1.0-mini/mini_val/325cef682f064c55a255f2625c533b75/11a08ff383a6451bbda6b9af56cfa6e2,dev,60
3,ct_joint_full,0,4,4,0,0,0,0,1,4,-1.0,0,8.627965927124023,3.694000005722046,47.45696932280894,0,0,0,0,0.40035295486450195,0.8004721403121948,0,0,0,0,0,1,0,0,1,0,1,0.0,0.0,0.0,0.21565152484843372,0.7931443724555999,0.22951310007420633,0.5747812217964806,0.30371936457388105,-0.3037136389878326,0.0018664057192145315,0.2710663894064664,1,2.05004883950395,0.005313657630335879,1,1,1,0.21565152484843372,0.7931443724555999,0.22951310007420633,0.21565152484843372,0.7931443724555999,0.22951310007420633,0.21565152484843372,0.21565152484843372,0.21565152484843372,0.0,0,0,1,0.21565152484843372,0.7931443724555999,0.22951310007420633,0.0,0.0,0.0,0.0,0.0,0.0,0.0,0.0,0.0,0.0,0.0,0.21565152484843372,0.7931443724555999,0.0,0.0,0.0,0.0,-0.6125138998031616,-0.0016018261667340994,-1.2988001369756952,0.004491912090956244,0,1,0.0,4.166858196258545,1.859355092048645,0.0,0.0,0.0,0.0,0.0,0.0,0.0,0.0,0,2,2,4,34752,4,73,62,1024,4,4,20,22,4,22,18,1,1,0,1,1,1,1,0.3037193645739168,0.08612880420684815,0.32069908312325995,0.08612880420684815,b1,0,3.694,8.594000000000001,1.489,3.694,8.627966255455279,1.489,0,0,0,0,0,0,0,0,1,1,1,1,2,1,47.67427358460426,0,0.3037193645739168,0.08612880420684815,1,1,1,1,2,1,79.69191870522499,0,0.3037193645739168,0.08612880420684815,1,1,1,1,2,1,111.70956382584572,0,0.3037193645739168,0.08612880420684815,1,2,2,1,12,10,74.55061781771946,0,0.3037193645739168,0.08612880420684815,1,4,4,1,22,18,107.38296205152803,0,0.3037193645739168,0.08612880420684815,1,4,4,1,53,49,190.91565051706507,0,0.3037193645739168,0.08612880420684815,1,2,2,1,5,3,48.97160011461502,0,0.5747812126693679,0.1014015787422558,1,1,1,1,2,1,48.22166237277333,0,0.3037193645739168,0.08612880420684815,8,nuscenes_mf/v1.0-mini/mini_val/325cef682f064c55a255f2625c533b75/11a08ff383a6451bbda6b9af56cfa6e2,dev,60
4,ct_joint_full,0,8,8,0,0,0,0,1,8,-1.0,0,8.61280345916748,3.694000005722046,47.3735702015387,0,0,0,0,0.4999210834503174,1.1099861860275269,0,0,0,0,0,1,0,0,1,0,0,0.0,0.0,0.0,0.7352371237441577,0.5884662478669618,0.7448556595789878,0.0634334531945892,0.2577707675800726,0.252024621523885,-0.05412352143979814,0.28585088117845997,1,1.8352168009509078,0.006156763599203209,1,1,1,0.7352371237441577,0.5884662478669618,0.7448556595789878,0.7352371237441577,0.5884662478669618,0.7448556595789878,0.7352371237441577,0.7352371237441577,0.7352371237441577,0.0,0,0,1,0.7352371237441577,0.5884662478669618,0.7448556595789878,0.0,0.0,0.0,0.0,0.0,0.0,0.0,0.0,0.0,0.0,0.0,0.7352371237441577,0.5884662478669618,0.0,0.0,0.0,0.0,-0.4953276216983795,0.0012272425228729844,-0.058614176630901266,-0.1427010809311164,1,1,0.0,3.47879695892334,1.7958022356033325,0.0,0.0,0.0,0.0,0.0,0.0,0.0,0.0,0,2,7,8,34688,8,110,68,1024,8,8,26,26,8,26,18,7,7,0,1,1,1,1,0.2577707675800754,0.10455369460582734,0.24853904425063178,0.10455369460582734,b1,0,3.694,8.594000000000001,1.489,3.694,8.61280353912942,1.489,0,0,0,0,0,0,0,0,1,7,7,1,25,18,47.493844935284926,0,0.2577707675800754,0.10455369460582734,1,7,7,1,28,21,79.39031567758508,0,0.2577707675800754,0.10455369460582734,1,7,7,1,28,21,111.28678641988523,0,0.2577707675800754,0.10455369460582734,1,7,7,1,32,25,74.32503144070132,0,0.2577707675800754,0.10455369460582734,1,8,8,1,36,28,107.11221794542436,0,0.2577707675800754,0.10455369460582734,1,8,8,1,56,48,190.5545909576439,0,0.2577707675800754,0.10455369460582734,1,3,3,1,19,16,49.239164460908675,0,0.06343344762424069,0.08813059630211509,1,7,7,1,25,18,48.16590132404694,0,0.2577707675800754,0.10455369460582734,8,nuscenes_mf/v1.0-mini/mini_val/325cef682f064c55a255f2625c533b75/11a08ff383a6451bbda6b9af56cfa6e2,dev,60
5,ct_joint_full,0,10,10,0,0,0,0,1,10,-1.0,0,8.633462905883789,3.694000005722046,47.48720471717347,0,0,0,0,0.499255895614624,1.1091198921203613,0,0,0,0,0,1,0,0,1,0,1,0.0,0.0,0.0,0.5660925108502188,0.59056443525749,0.5826636315287496,1.4170350242797398,0.779386974268064,-0.7791274733993985,0.02011144806200705,0.6377891799850199,1,3.2621440182030197,0.008967258512973187,1,1,1,0.5660925108502188,0.59056443525749,0.5826636315287496,0.5660925108502188,0.59056443525749,0.5826636315287496,0.5660925108502188,0.5660925108502188,0.5660925108502188,0.0,0,0,1,0.5660925108502188,0.59056443525749,0.5826636315287496,0.0,0.0,0.0,0.0,0.0,0.0,0.0,0.0,0.0,0.0,0.0,0.5660925108502188,0.59056443525749,0.0,0.0,0.0,0.0,-0.9108275771141052,-0.0037321962881833315,-2.02350432726672,0.042226794492828866,0,1,0.0,8.246451377868652,3.151496648788452,0.0,0.0,0.0,0.0,0.0,0.0,0.0,0.0,0,2,9,10,34688,10,200,51,1024,10,10,22,22,10,22,12,9,9,0,1,1,1,1,0.7793869742679723,0.11831607383489609,0.7596579797760793,0.11831607383489609,b1,0,3.694,8.594000000000001,1.489,3.694,8.633462909353053,1.489,0,0,0,0,0,0,0,0,1,9,9,1,37,28,47.739482413170855,0,0.7793869742679723,0.11831607383489609,1,9,9,1,37,28,79.80092124001496,0,0.7793869742679723,0.11831607383489609,1,9,9,1,37,28,111.86236006685905,0,0.7793869742679723,0.11831607383489609,1,10,10,1,50,40,74.63215061552775,0,0.7793869742679723,0.11831607383489609,1,10,10,1,64,54,107.48081881788465,0,0.7793869742679723,0.11831607383489609,1,10,10,1,114,104,191.0461552191316,0,0.7793869742679723,0.11831607383489609,1,9,9,1,35,26,51.827869647648356,0,1.4170350254169706,0.13976598985168612,1,9,9,1,37,28,49.296454085389,0,0.7793869742679723,0.11831607383489609,8,nuscenes_mf/v1.0-mini/mini_val/325cef682f064c55a255f2625c533b75/11a08ff383a6451bbda6b9af56cfa6e2,dev,60
6,ct_joint_full,0,10,7,0,0,0,0,1,10,-1.0,0,9.277172088623047,3.694000005722046,51.02784073684423,0,0,0,0,0.4998891353607178,1.0006017684936523,0,0,0,0,0,1,0,0,1,0,1,0.0,0.0,0.0,0.11384997676270804,0.7087520550307777,0.19696389772494147,2.2966155104101316,1.236583434882114,-1.2347739111946503,-0.06687383291936087,1.0607967441610104,1,2.6994307602523806,0.03655754826049822,1,1,1,0.11384997676270804,0.7087520550307777,0.19696389772494147,0.11384997676270804,0.7087520550307777,0.19696389772494147,0.11384997676270804,0.11384997676270804,0.11384997676270804,0.0,0,0,1,0.11384997676270804,0.7087520550307777,0.19696389772494147,0.0,0.0,0.0,0.0,0.0,0.0,0.0,0.0,0.0,0.0,0.0,0.11384997676270804,0.7087520550307777,0.0,0.0,0.0,0.0,-0.8347727656364441,-0.0034498246386647224,-1.8064559545484353,-0.09596061158977762,0,1,0.0,6.538707733154297,2.2331483364105225,0.0,0.0,0.0,0.0,0.0,0.0,0.0,0.0,0,2,5,10,34720,10,244,44,1024,7,7,15,21,7,21,14,5,2,3,1,1,1,1,1.2365834348820746,0.13797165167331696,0.8957840644300699,0.13797165167331696,b1,0,3.694,8.594000000000001,1.489,3.694,9.277171955576225,1.489,0,0,0,0,0,0,0,0,1,5,2,1,22,20,55.39890542916208,0,1.2365834348820746,0.13797165167331696,1,5,5,1,31,26,92.60434896788746,0,1.2365834348820746,0.13797165167331696,1,5,5,1,31,26,129.80979250661284,0,1.2365834348820746,0.13797165167331696,1,5,2,1,36,34,84.20858273512404,0,1.2365834348820746,0.13797165167331696,1,7,4,1,42,38,118.97426004247274,0,1.2365834348820746,0.13797165167331696,1,10,7,1,82,75,206.37361465509002,0,1.2365834348820746,0.13797165167331696,1,5,2,1,13,11,59.10607680980961,0,2.2966156292726785,0.1588826681846187,1,5,2,1,22,20,58.338671413768154,0,1.2365834348820746,0.13797165167331696,8,nuscenes_mf/v1.0-mini/mini_val/325cef682f064c55a255f2625c533b75/11a08ff383a6451bbda6b9af56cfa6e2,dev,60
7,ct_joint_full,0,24,21,0,0,0,0,1,24,-1.0,0,8.705734252929688,3.694000005722046,47.884723567925185,0,0,0,0,0.49931883811950684,0.9994922280311584,0,0,0,0,0,1,0,0,1,0,0,0.0,0.0,0.0,1.7420525834950646,0.31588886180908754,1.7495224803769023,0.9736571648857059,0.13002134070234195,-0.0984787777996021,0.0848968836132836,0.8708403539168532,1,2.521495260608499,0.0016783035045959951,1,1,1,1.7420525834950646,0.31588886180908754,1.7495224803769023,1.7420525834950646,0.31588886180908754,1.7495224803769023,1.7420525834950646,1.7420525834950646,1.7420525834950646,0.0,0,0,1,1.7420525834950646,0.31588886180908754,1.7495224803769023,0.0,0.0,0.0,0.0,0.0,0.0,0.0,0.0,0.0,0.0,0.0,1.7420525834950646,0.31588886180908754,0.0,0.0,0.0,0.0,-0.6775405406951904,0.009898772463202477,-0.7541626924979982,0.1261785053095989,1,1,0.0,5.3653244972229,2.3179874420166016,0.0,0.0,0.0,0.0,0.0,0.0,0.0,0.0,0,2,19,24,34720,24,164,134,1024,21,21,33,33,21,33,12,4,2,2,1,1,1,1,0.13002134070236493,0.15972635066509247,0.09828446901094415,0.15972635066509247,b1,0,3.694,8.594000000000001,1.489,3.694,8.705734323961458,1.489,0,0,0,0,0,0,0,0,1,4,2,1,20,18,48.59813026848668,0,0.13002134070236493,0.15972635066509247,1,4,4,1,45,41,81.2362298443676,0,0.13002134070236493,0.15972635066509247,1,4,4,1,45,41,113.87432942024851,0,0.13002134070236493,0.15972635066509247,1,23,21,1,50,29,75.70572469084942,0,0.13002134070236493,0.15972635066509247,1,24,21,1,64,43,108.76931911321216,0,0.13002134070236493,0.15972635066509247,1,24,21,1,151,130,192.76450795863101,0,0.13002134070236493,0.15972635066509247,1,21,21,1,39,18,53.928869405141505,0,0.9736571933853652,0.18322237107270192,1,12,10,1,28,18,51.0164513540692,0,0.13002134070236493,0.15972635066509247,8,nuscenes_mf/v1.0-mini/mini_val/325cef682f064c55a255f2625c533b75/11a08ff383a6451bbda6b9af56cfa6e2,dev,60
8,ct_joint_full,0,29,23,0,0,0,0,1,29,-1.0,0,9.674910545349121,3.694000005722046,53.21554776985548,0,0,0,0,0.5004479885101318,1.0016893148422241,0,0,0,0,0,1,0,0,1,0,0,0.0,0.0,0.0,1.4178258768822307,0.3913907632337941,1.4235550812775712,3.927406994756036,2.7828329228771587,-2.781729114558178,-0.0783770085504336,1.1448119740875218,1,2.452060920763121,0.25086959753057564,1,1,1,1.4178258768822307,0.3913907632337941,1.4235550812775712,1.4178258768822307,0.3913907632337941,1.4235550812775712,1.4178258768822307,1.4178258768822307,1.4178258768822307,0.0,0,0,1,1.4178258768822307,0.3913907632337941,1.4235550812775712,0.0,0.0,0.0,0.0,0.0,0.0,0.0,0.0,0.0,0.0,0.0,1.4178258768822307,0.3913907632337941,0.0,0.0,0.0,0.0,-0.7625752687454224,-0.005392919294536114,-2.6155388298679054,-0.09890733845833005,0,1,0.0,5.574052810668945,1.8376796245574951,0.0,0.0,0.0,0.0,0.0,0.0,0.0,0.0,0,2,12,29,34752,29,400,75,1024,12,23,12,23,23,23,0,7,6,1,0,0,0,0,2.7828329228772084,0.11049831479787828,2.2427283253755883,0.11049831479787828,b1,0,3.694,8.594000000000001,1.489,3.694,9.674910989882072,1.489,0,0,0,0,0,0,0,0,1,7,6,1,12,6,60.131411361867556,0,2.7828329228772084,0.11049831479787828,1,7,7,1,54,47,100.51516647393443,0,2.7828329228772084,0.11049831479787828,1,7,7,1,54,47,140.89892158600128,0,2.7828329228772084,0.11049831479787828,1,7,6,1,13,7,90.1255482179611,0,2.7828329228772084,0.11049831479787828,1,8,7,1,17,10,126.07568507336126,0,2.7828329228772084,0.11049831479787828,1,14,12,1,56,44,215.84395878554832,0,2.7828329228772084,0.11049831479787828,1,5,4,1,7,3,62.418051477838766,0,3.9274069937302802,0.10760297893952062,1,7,6,1,12,6,63.16331308849878,0,2.7828329228772084,0.11049831479787828,8,nuscenes_mf/v1.0-mini/mini_val/325cef682f064c55a255f2625c533b75/11a08ff383a6451bbda6b9af56cfa6e2,dev,60
9,ct_joint_full,0,31,26,0,0,0,0,1,31,-1.0,0,8.710143089294434,3.694000005722046,47.90897378099722,0,0,0,0,0.5004181861877441,1.0010697841644287,0,0,0,0,0,1,0,0,1,0,0,0.0,0.0,0.0,4.082371674747785,0.05416447246751269,4.083434801003637,0.5933584241556853,1.261915366861092,1.2610438755697915,0.04689136435615818,0.6703779608355477,1,2.100429972658213,0.10932831098567641,1,1,1,4.082371674747785,0.05416447246751269,4.083434801003637,4.082371674747785,0.05416447246751269,4.083434801003637,4.082371674747785,4.082371674747785,4.082371674747785,0.0,0,0,1,4.082371674747785,0.05416447246751269,4.083434801003637,0.0,0.0,0.0,0.0,0.0,0.0,0.0,0.0,0.0,0.0,0.0,4.082371674747785,0.05416447246751269,0.0,0.0,0.0,0.0,-0.4856886863708496,0.011501831002533436,0.4280185964031954,0.07180602433273692,1,1,0.0,3.823256731033325,2.023165225982666,0.0,0.0,0.0,0.0,0.0,0.0,0.0,0.0,0,2,13,31,34720,31,271,121,1024,26,26,37,37,26,37,11,12,7,5,1,1,1,1,1.261915366861001,0.07658860558271408,1.3199427517314037,0.07658860558271408,b1,0,3.694,8.594000000000001,1.489,3.694,8.710143203792294,1.489,0,0,0,0,0,0,0,0,1,12,7,1,58,51,48.64988030249579,0,1.261915366861001,0.07658860558271408,1,12,12,1,71,59,81.32273477025656,0,1.261915366861001,0.07658860558271408,1,12,12,1,71,59,113.99558923801733,0,1.261915366861001,0.07658860558271408,1,16,11,1,74,63,75.77043926333683,0,1.261915366861001,0.07658860558271408,1,22,17,1,115,98,108.84699822556459,0,1.261915366861001,0.07658860558271408,1,31,26,1,233,207,192.86811614724667,0,1.261915366861001,0.07658860558271408,1,18,13,1,72,59,52.37668024048413,0,0.5933584159375486,0.09749342394808908,1,18,13,1,64,51,50.08382636671807,0,1.261915366861001,0.07658860558271408,8,nuscenes_mf/v1.0-mini/mini_val/325cef682f064c55a255f2625c533b75/11a08ff383a6451bbda6b9af56cfa6e2,dev,60
10,ct_joint_full,0,16,12,0,0,3,3,1,16,-1.0,0,10.454017639160156,3.694000005722046,57.50092183860749,0,0,0,0,0.5004160404205322,0.9999659061431885,0,0,0,0,0,1,0,0,1,0,1,3.0,3.0,2.0,3.7292307082730023,0.09809188010985634,3.7297333602742837,7.263180456384647,5.903178575171605,-5.899346863216885,-0.21265946986719925,1.3605051785820188,1,2.8070338205970877,1.3807830485656962,1,1,1,3.7292307082730023,0.09809188010985634,3.7297333602742837,3.7292307082730023,0.09809188010985634,3.7297333602742837,3.7292307082730023,3.7292307082730023,3.7292307082730023,0.0,0,0,1,3.7292307082730023,0.09809188010985634,3.7297333602742837,0.0,0.0,0.0,0.0,0.0,0.0,0.0,0.0,0.0,0.0,0.0,3.7292307082730023,0.09809188010985634,0.0,0.0,0.0,0.0,-0.7251100540161133,-0.007772137876600027,-3.8693457415353065,-0.21511708858102793,0,1,0.0,5.051138877868652,1.643829584121704,0.0,0.0,0.0,0.0,0.0,0.0,0.0,0.0,0,2,30,56,34752,16,117,136,1024,4,12,14,26,12,26,14,0,0,0,0,0,0,0,5.903178575171584,0.04317340427637101,4.974066977287319,0.04317340427637101,b1,0,3.694,8.594000000000001,1.489,3.694,10.454017267041799,1.489,3,3,0,0,0,0,0,0,1,0,0,0,0,0,69.40163570915628,0,5.903178575171584,0.04317340427637101,1,0,0,0,99,99,116.0111962928744,0,5.903178575171584,0.04317340427637101,1,0,0,0,99,99,162.6207568765925,0,5.903178575171584,0.04317340427637101,1,0,0,0,0,0,101.71593969533639,0,5.903178575171584,0.04317340427637101,1,2,0,0,0,0,139.98624368290322,0,5.903178575171584,0.04317340427637101,1,11,9,1,47,38,234.39485165665016,0,5.903178575171584,0.04317340427637101,1,0,0,0,0,0,69.9649887948417,0,7.263180396156939,0.05967397702153049,1,0,0,0,0,0,73.45742446541536,0,5.903178575171584,0.04317340427637101,8,nuscenes_mf/v1.0-mini/mini_val/325cef682f064c55a255f2625c533b75/11a08ff383a6451bbda6b9af56cfa6e2,dev,60
11,ct_joint_full,0,53,27,0,0,0,0,1,53,-1.0,0,8.617506980895996,3.694000005722046,47.39944129192833,0,0,0,0,0.5004408359527588,1.0000474452972412,0,0,0,0,0,1,0,0,1,0,0,0.0,0.0,0.0,8.073531496305568,0.0,8.073641682954069,2.8767432219329794,3.709069951916388,3.6998547494882352,0.26129342405022166,0.8365531787534455,1,2.415905752572588,1.185813742465123,1,1,1,8.073531496305568,0.0,8.073641682954069,8.073531496305568,0.0,8.073641682954069,8.073531496305568,8.073531496305568,8.073531496305568,0.0,0,0,1,8.073531496305568,0.0,8.073641682954069,0.0,0.0,0.0,0.0,0.0,0.0,0.0,0.0,0.0,0.0,0.0,8.073531496305568,0.0,0.0,0.0,0.0,0.0,-0.44167688488960266,0.014570871368050575,1.5120610208416998,0.2671803980720644,0,1,0.0,3.428030014038086,1.805816888809204,0.0,0.0,0.0,0.0,0.0,0.0,0.0,0.0,0,2,63,107,34784,53,239,247,1024,27,27,45,45,27,45,18,1,1,0,0,0,0,0,3.709069951916319,0.010231227457523362,3.7006123922338854,0.010231227457523362,b1,0,3.694,8.594000000000001,1.489,3.694,8.617507179672302,1.489,0,0,0,0,0,0,0,0,1,1,1,1,6,5,47.514865459151096,0,3.709069951916319,0.010231227457523362,1,1,1,1,99,98,79.42545341022638,0,3.709069951916319,0.010231227457523362,1,1,1,1,99,98,111.33604136130167,0,3.709069951916319,0.010231227457523362,1,9,9,1,22,13,74.3519267047001,0,3.709069951916319,0.010231227457523362,1,17,13,1,36,23,107.14498795232922,0,3.709069951916319,0.010231227457523362,1,24,19,1,104,85,190.59911044620068,0,3.709069951916319,0.010231227457523362,1,13,13,1,21,8,52.976870088581244,0,2.876743273426332,0.02853289068953002,1,13,13,1,18,5,49.99651750689749,0,3.709069951916319,0.010231227457523362,8,nuscenes_mf/v1.0-mini/mini_val/325cef682f064c55a255f2625c533b75/11a08ff383a6451bbda6b9af56cfa6e2,dev,60
12,ct_joint_full,0,0,0,0,0,6,6,0,0,-1.0,0,11.915731430053711,3.694000005722046,65.54088248739565,0,0,0,0,0.5004229545593262,0.9999890327453613,0,0,0,0,0,1,0,0,1,0,1,6.0,6.0,4.0,7.554263319112264,0.0,7.554264726279368,12.871165005443759,11.310309417965406,-11.310205464297068,-0.04852200085377953,1.5608666932606285,1,5.925772617112665,8.736873735688267,0,0,0,7.554263319112264,0.0,7.554264726279368,7.554263319112264,0.0,7.554264726279368,7.554263319112264,7.554263319112264,7.554263319112264,0.0,0,0,1,7.554263319112264,0.0,7.554264726279368,0.0,0.0,0.0,0.0,0.0,0.0,0.0,0.0,0.0,0.0,0.0,7.554263319112264,0.0,0.0,0.0,0.0,0.0,-0.572912335395813,-0.00895182229578495,-4.7244388937278154,-0.042422547495425005,0,1,0.0,3.826753616333008,1.2402573823928833,0.0,0.0,0.0,0.0,0.0,0.0,0.0,0.0,0,2,100,160,34720,0,0,331,1024,0,0,43,43,0,43,43,0,0,0,0,0,0,0,11.310309417965367,0.008819401443004582,9.64950913017235,0.008819401443004582,b1,0,3.694,8.594000000000001,1.489,3.694,11.915731373453259,1.489,6,6,0,0,0,0,0,0,1,0,0,0,161,161,86.79393280691559,0,11.310309417965367,0.008819401443004582,1,0,0,0,292,292,145.0840152830174,0,11.310309417965367,0.008819401443004582,1,0,0,0,292,292,203.37409775911922,0,11.310309417965367,0.008819401443004582,1,0,0,0,178,178,123.46120909250108,0,11.310309417965367,0.008819401443004582,1,0,0,0,206,206,166.08448537531308,0,11.310309417965367,0.008819401443004582,1,0,0,0,254,254,269.1990379444039,0,11.310309417965367,0.008819401443004582,1,0,0,0,157,157,82.1802917909187,0,12.871165033294938,0.02460948232618504,1,0,0,0,161,161,91.69183670968744,0,11.310309417965367,0.008819401443004582,8,nuscenes_mf/v1.0-mini/mini_val/325cef682f064c55a255f2625c533b75/11a08ff383a6451bbda6b9af56cfa6e2,dev,60
13,ct_joint_full,0,1,0,0,0,0,0,0,1,-1.0,0,8.898726463317871,3.694000005722046,48.94625133533792,0,0,0,0,0.4998810291290283,0.9988992214202881,0,0,0,0,0,1,0,0,1,0,0,0.0,0.0,0.0,12.047896827587765,0.0,12.047921587226668,6.535749115652874,7.773123176282925,7.773043943049233,0.03507509719526177,1.2378003635028154,1,4.308514504616411,5.109480915437045,0,0,1,12.047896827587765,0.0,12.047921587226668,12.047896827587765,0.0,12.047921587226668,12.047896827587765,12.047896827587765,12.047896827587765,0.0,0,0,1,12.047896827587765,0.0,12.047921587226668,0.0,0.0,0.0,0.0,0.0,0.0,0.0,0.0,0.0,0.0,0.0,12.047896827587765,0.0,0.0,0.0,0.0,0.0,-0.44509416818618774,0.016377773135900497,2.3505085736725424,0.04011366676855652,0,1,0.0,3.4389138221740723,1.6797055006027222,0.0,0.0,0.0,0.0,0.0,0.0,0.0,0.0,0,2,194,261,34688,1,3,503,1024,0,0,163,177,0,178,178,0,0,0,0,0,0,0,7.773123176282921,0.04538911896944042,7.621308078331519,0.04538911896944042,b1,0,3.694,8.594000000000001,1.489,3.694,8.89872653922471,1.489,0,0,0,0,0,0,0,0,1,0,0,0,97,97,50.889805408260315,0,7.773123176282921,0.04538911896944042,1,0,0,0,232,232,85.06697492354596,0,7.773123176282921,0.04538911896944042,1,0,0,0,232,232,119.2441444388316,0,7.773123176282921,0.04538911896944042,1,0,0,0,197,197,78.571045741925,0,7.773123176282921,0.04538911896944042,1,0,0,0,313,313,112.20828607489634,0,7.773123176282921,0.04538911896944042,1,0,0,0,554,554,197.35076674153234,0,7.773123176282921,0.04538911896944042,1,0,0,0,97,97,53.61061251539319,0,6.535749105848075,0.033894937249289936,1,0,0,0,109,109,54.098779521567835,0,7.773123176282921,0.04538911896944042,8,nuscenes_mf/v1.0-mini/mini_val/325cef682f064c55a255f2625c533b75/11a08ff383a6451bbda6b9af56cfa6e2,dev,60
14,ct_joint_full,0,0,0,0,0,0,0,0,0,-1.0,0,12.196860313415527,3.694000005722046,67.08719420282733,0,0,0,0,0.4998750686645508,0.9994463324546814,0,0,0,0,0,1,0,0,1,0,1,0.0,0.0,0.0,11.911678885359771,0.0,11.91168602792881,16.96440699963829,15.485107491225573,-15.480038308956622,0.39621400432028303,1.480136344403733,1,11.247936296418711,19.750405347258656,0,0,0,11.911678885359771,0.0,11.91168602792881,11.911678885359771,0.0,11.91168602792881,11.911678885359771,11.911678885359771,11.911678885359771,0.0,0,0,1,11.911678885359771,0.0,11.91168602792881,0.0,0.0,0.0,0.0,0.0,0.0,0.0,0.0,0.0,0.0,0.0,11.911678885359771,0.0,0.0,0.0,0.0,0.0,-0.5133612751960754,-0.009301457554101944,-5.88260887985836,0.24982399244872272,0,1,0.0,3.4941494464874268,1.1293514966964722,0.0,0.0,0.0,0.0,0.0,0.0,0.0,0.0,0,2,202,277,34720,0,0,493,1024,0,0,30,89,0,89,89,0,0,0,0,0,0,0,15.48510749122565,0.02657452636957175,13.684154922539173,0.02657452636957175,b1,0,3.694,8.594000000000001,1.489,3.694,12.196859912399885,1.489,0,0,0,0,0,0,0,0,1,0,0,0,89,89,90.13895114772535,0,15.48510749122565,0.02657452636957175,1,0,0,0,185,185,150.67552008508284,0,15.48510749122565,0.02657452636957175,1,0,0,0,219,219,211.21208902244035,0,15.48510749122565,0.02657452636957175,1,0,0,0,179,179,127.64342416833621,0,15.48510749122565,0.02657452636957175,1,0,0,0,266,266,171.1038971882537,0,15.48510749122565,0.02657452636957175,1,0,0,0,540,540,275.89284322878206,0,15.48510749122565,0.02657452636957175,1,0,0,0,133,133,83.82953680998986,0,16.964406824285955,0.04885797577362416,1,0,0,0,103,103,94.8978986871201,0,15.48510749122565,0.02657452636957175,8,nuscenes_mf/v1.0-mini/mini_val/325cef682f064c55a255f2625c533b75/11a08ff383a6451bbda6b9af56cfa6e2,dev,60
15,ct_joint_full,0,0,0,0,0,0,0,0,0,-1.0,0,8.869646072387695,3.694000005722046,48.786298545546515,0,0,0,0,0.4993269443511963,0.9988974928855896,0,0,0,0,0,1,0,0,1,0,0,0.0,0.0,0.0,14.631857310327662,0.0,14.631857509082938,11.568237515270893,12.313993349796462,12.310365649210153,-0.29889738863455795,0.7458931327747382,1,29.031417404151064,56.07320577807447,0,0,0,14.631857310327662,0.0,14.631857509082938,14.631857310327662,0.0,14.631857509082938,14.631857310327662,14.631857310327662,14.631857310327662,0.0,0,0,1,14.631857310327662,0.0,14.631857509082938,0.0,0.0,0.0,0.0,0.0,0.0,0.0,0.0,0.0,0.0,0.0,14.631857310327662,0.0,0.0,0.0,0.0,0.0,-0.2814963459968567,0.0029987674206495285,4.364449060463375,-0.20863491524487968,0,1,0.0,1.6444520950317383,1.6444520950317383,0.0,0.0,0.0,0.0,0.0,0.0,0.0,0.0,0,2,355,462,34688,0,0,684,1024,0,0,132,138,0,138,138,0,0,0,0,0,0,0,12.313993349796426,0.039044540226459645,12.176176017548567,0.039044540226459645,b1,0,3.694,8.594000000000001,1.489,3.694,8.869645729502723,1.489,0,0,0,0,0,0,0,0,1,0,0,0,195,195,50.54973521267297,0,12.313993349796426,0.039044540226459645,1,0,0,0,257,257,84.49851641661719,0,12.313993349796426,0.039044540226459645,1,0,0,0,257,257,118.44729762056143,0,12.313993349796426,0.039044540226459645,1,0,0,0,337,337,78.14575774535025,0,12.313993349796426,0.039044540226459645,1,0,0,0,457,457,111.69778027664078,0,12.313993349796426,0.039044540226459645,1,0,0,0,822,822,196.6698253406086,0,12.313993349796426,0.039044540226459645,1,0,0,0,268,268,50.365887829375296,0,11.568237478875224,0.03169137052714577,1,0,0,0,223,223,51.86493570346815,0,12.313993349796426,0.039044540226459645,8,nuscenes_mf/v1.0-mini/mini_val/325cef682f064c55a255f2625c533b75/11a08ff383a6451bbda6b9af56cfa6e2,dev,60
16,ct_joint_full,0,0,0,0,0,0,0,0,0,-1.0,0,10.310232162475586,3.694000005722046,56.7100491098878,0,0,0,0,0.5004410743713379,1.0016814470291138,0,0,0,0,0,1,0,0,1,0,0,0.0,0.0,0.0,14.295168821710199,0.0,14.295171879176117,17.672378632109243,16.28668145272214,-16.277662755192416,0.5419405577859959,1.3866161077636507,1,6.015220267826849,6.82988091956483,0,0,0,14.295168821710199,0.0,14.295171879176117,14.295168821710199,0.0,14.295171879176117,14.295168821710199,14.295168821710199,14.295168821710199,0.0,0,0,1,14.295168821710199,0.0,14.295171879176117,0.0,0.0,0.0,0.0,0.0,0.0,0.0,0.0,0.0,0.0,0.0,14.295168821710199,0.0,0.0,0.0,0.0,0.0,-0.8343819379806519,-0.007013026159256697,-10.629403698235022,0.5830622518367152,0,1,0.0,6.257644176483154,2.1521682739257812,0.0,0.0,0.0,0.0,0.0,0.0,0.0,0.0,0,2,282,496,34752,0,0,762,1024,0,0,35,140,0,140,140,0,0,0,0,0,0,0,16.28668145272213,0.027411704361438805,15.428960269028543,0.027411704361438805,b1,0,3.694,8.594000000000001,1.489,3.694,10.310232121544033,1.489,0,0,0,0,0,0,0,0,1,0,0,0,95,95,67.69082587744622,0,16.28668145272213,0.027411704361438805,1,0,0,0,179,179,113.15142082536174,0,16.28668145272213,0.027411704361438805,1,0,0,0,259,259,158.61201577327725,0,16.28668145272213,0.027411704361438805,1,0,0,0,174,174,99.57694514058112,0,16.28668145272213,0.027411704361438805,1,0,0,0,264,264,137.41906440302265,0,16.28668145272213,0.027411704361438805,1,0,0,0,565,565,230.9713029258256,0,16.28668145272213,0.027411704361438805,1,0,0,0,141,141,69.0979573747577,0,17.67237851142973,0.013812429367184076,1,0,0,0,95,95,71.78674659744527,0,16.28668145272213,0.027411704361438805,8,nuscenes_mf/v1.0-mini/mini_val/325cef682f064c55a255f2625c533b75/11a08ff383a6451bbda6b9af56cfa6e2,dev,60
17,ct_joint_full,0,0,0,0,0,0,0,0,0,-1.0,0,8.607954025268555,3.694000005722046,47.346896540826755,0,0,0,0,0.49985289573669434,0.9999377727508545,0,0,0,0,0,1,0,0,1,0,0,0.0,0.0,0.0,15.95453519449449,0.0,15.954579571844887,13.495442444652525,14.2760055244336,14.269895287230499,0.41767514508384157,0.7814227028889199,1,10.861472229134927,18.086328466677447,0,0,0,15.95453519449449,0.0,15.954579571844887,15.95453519449449,0.0,15.954579571844887,15.95453519449449,15.95453519449449,15.95453519449449,0.0,0,0,1,15.95453519449449,0.0,15.954579571844887,0.0,0.0,0.0,0.0,0.0,0.0,0.0,0.0,0.0,0.0,0.0,15.95453519449449,0.0,0.0,0.0,0.0,0.0,-0.4312419295310974,0.012858589179813862,7.444904563382937,0.4333131553833297,0,1,0.0,3.3602333068847656,1.833630084991455,0.0,0.0,0.0,0.0,0.0,0.0,0.0,0.0,0,2,466,751,34720,0,0,1223,1024,0,0,365,371,0,371,371,0,0,0,0,0,0,0,14.276005524433616,0.060349544942379096,14.273386237680555,0.060349544942379096,b1,0,3.694,8.594000000000001,1.489,3.694,8.607954293092163,1.489,0,0,0,0,0,0,0,0,1,0,0,0,105,105,47.38284200573526,0,14.276005524433616,0.060349544942379096,1,0,0,0,161,161,79.20476410495303,0,14.276005524433616,0.060349544942379096,1,0,0,0,228,228,111.0266862041708,0,14.276005524433616,0.060349544942379096,1,0,0,0,177,177,74.18718259427138,0,14.276005524433616,0.060349544942379096,1,0,0,0,381,381,106.94752318142076,0,14.276005524433616,0.060349544942379096,1,0,0,0,990,990,190.33620435779963,0,14.276005524433616,0.060349544942379096,1,0,0,0,143,143,52.34903123699349,0,13.495442401458156,0.045548319196874076,1,0,0,0,118,118,49.21865672879671,0,14.276005524433616,0.060349544942379096,8,nuscenes_mf/v1.0-mini/mini_val/325cef682f064c55a255f2625c533b75/11a08ff383a6451bbda6b9af56cfa6e2,dev,60
18,ct_joint_full,0,0,0,0,0,0,0,0,0,-1.0,0,9.623344421386719,3.694000005722046,52.93191522150633,0,0,0,0,0.49991798400878906,0.9995421171188354,0,0,0,0,0,1,0,0,1,0,0,0.0,0.0,0.0,15.699418145360976,0.0,15.699443730900475,18.107006877215742,16.96101846697112,-16.947998698894516,-0.6644487556518632,1.1466524068060526,1,6.055676405287464,6.75513757200376,0,0,0,15.699418145360976,0.0,15.699443730900475,15.699418145360976,0.0,15.699443730900475,15.699418145360976,15.699418145360976,15.699418145360976,0.0,0,0,1,15.699418145360976,0.0,15.699443730900475,0.0,0.0,0.0,0.0,0.0,0.0,0.0,0.0,0.0,0.0,0.0,15.699418145360976,0.0,0.0,0.0,0.0,0.0,-0.8454154133796692,-0.006021097302436829,-13.34110690266923,-0.8738423447942735,0,1,0.0,6.564573764801025,2.21758770942688,0.0,0.0,0.0,0.0,0.0,0.0,0.0,0.0,0,2,433,656,34688,0,0,839,1024,0,0,42,115,0,115,115,0,0,0,0,0,0,0,16.96101846697108,0.011369666934013312,16.44685200337662,0.011369666934013312,b1,0,3.694,8.594000000000001,1.489,3.694,9.623344692197954,1.489,0,0,0,0,0,0,0,0,1,0,0,0,116,116,59.517839075587695,0,16.96101846697108,0.011369666934013312,1,0,0,0,244,244,99.48952414985746,0,16.96101846697108,0.011369666934013312,1,0,0,0,374,374,139.46120922412723,0,16.96101846697108,0.011369666934013312,1,0,0,0,129,129,89.3584101978927,0,16.96101846697108,0.011369666934013312,1,0,0,0,160,160,125.1549813201977,0,16.96101846697108,0.011369666934013312,1,0,0,0,424,424,214.61612356342098,0,16.96101846697108,0.011369666934013312,1,0,0,0,29,29,62.19761570389468,0,18.107006947310914,0.03526102422746502,1,0,0,0,116,116,62.702907719162106,0,16.96101846697108,0.011369666934013312,8,nuscenes_mf/v1.0-mini/mini_val/325cef682f064c55a255f2625c533b75/11a08ff383a6451bbda6b9af56cfa6e2,dev,60
19,ct_joint_full,0,0,0,0,0,0,0,0,0,-1.0,0,8.707808494567871,3.694000005722046,47.89613265584032,0,0,0,0,0.49929308891296387,0.9988150000572205,0,0,0,0,0,1,0,0,1,0,0,0.0,0.0,0.0,15.831323170195388,0.0,15.831325318448815,15.033056658532226,15.630348468927338,15.60823243287101,0.83118824149456,0.5986929898919117,1,11.90824725688843,19.973422218587952,0,0,0,15.831323170195388,0.0,15.831325318448815,15.831323170195388,0.0,15.831325318448815,15.831323170195388,15.831323170195388,15.831323170195388,0.0,0,0,1,15.831323170195388,0.0,15.831325318448815,0.0,0.0,0.0,0.0,0.0,0.0,0.0,0.0,0.0,0.0,0.0,15.831323170195388,0.0,0.0,0.0,0.0,0.0,-0.448995977640152,0.011038346216082573,11.257689837489538,1.1132347961763485,0,0,0.0,3.508469343185425,1.947129487991333,0.0,0.0,0.0,0.0,0.0,0.0,0.0,0.0,0,2,404,440,34688,0,0,1172,1024,0,0,261,261,0,261,261,0,0,0,0,0,0,0,15.63034846892734,0.021656450152397255,15.68724146307446,0.021656450152397255,b1,0,3.694,8.594000000000001,1.489,3.694,8.707808677698477,1.489,0,0,0,0,0,0,0,0,1,0,0,0,170,170,48.622358811984306,0,15.63034846892734,0.021656450152397255,1,0,0,0,302,302,81.27673007590928,0,15.63034846892734,0.021656450152397255,1,0,0,0,421,421,113.93110133983427,0,15.63034846892734,0.021656450152397255,1,0,0,0,204,204,75.73602515424928,0,15.63034846892734,0.021656450152397255,1,0,0,0,239,239,108.80569149512752,0,15.63034846892734,0.021656450152397255,1,0,0,0,515,515,192.8130241789641,0,15.63034846892734,0.021656450152397255,1,0,0,0,193,193,51.91068204714147,0,15.033056651911288,0.00613735925065384,1,0,0,0,181,181,49.89457571870352,0,15.63034846892734,0.021656450152397255,8,nuscenes_mf/v1.0-mini/mini_val/325cef682f064c55a255f2625c533b75/11a08ff383a6451bbda6b9af56cfa6e2,dev,60
20,ct_joint_full,0,0,0,0,0,0,0,0,0,-1.0,0,8.615982055664062,3.694000005722046,47.391053645226584,0,0,0,0,0.49930906295776367,0.9994065761566162,0,0,0,0,0,1,0,0,1,0,0,0.0,0.0,0.0,15.915939917664025,0.0,15.916008887851065,16.042514644315858,15.897276151453287,-15.820011477718127,-1.5654487142474,0.14600729183565542,1,47.141656740156314,92.26811977952222,0,0,0,15.915939917664025,0.0,15.916008887851065,15.915939917664025,0.0,15.916008887851065,15.915939917664025,15.915939917664025,15.915939917664025,0.0,0,0,1,15.915939917664025,0.0,15.916008887851065,0.0,0.0,0.0,0.0,0.0,0.0,0.0,0.0,0.0,0.0,0.0,15.915939917664025,0.0,0.0,0.0,0.0,0.0,-0.2726871073246002,0.0018507945351302624,-29.81886293883273,-4.405387323774322,0,0,0.0,1.6549956798553467,1.6549956798553467,0.0,0.0,0.0,0.0,0.0,0.0,0.0,0.0,0,2,513,647,34688,0,0,1099,1024,0,0,205,210,0,210,210,0,0,0,0,0,0,0,15.897276151453271,0.05824738693237319,15.886311212639667,0.05824738693237319,b1,0,3.694,8.594000000000001,1.489,3.694,8.615981799218144,1.489,0,0,0,0,0,0,0,0,1,0,0,0,147,147,47.531635107687215,0,15.897276151453271,0.05824738693237319,1,0,0,0,255,255,79.45348541506613,0,15.897276151453271,0.05824738693237319,1,0,0,0,392,392,111.37533572244504,0,15.897276151453271,0.05824738693237319,1,0,0,0,163,163,74.37228026589285,0,15.897276151453271,0.05824738693237319,1,0,0,0,284,284,107.1689254220184,0,15.897276151453271,0.05824738693237319,1,0,0,0,660,660,190.63021573565624,0,15.897276151453271,0.05824738693237319,1,0,0,0,150,150,48.61663878668014,0,16.04251465484648,0.04572329793631269,1,0,0,0,149,149,47.99103775817002,0,15.897276151453271,0.05824738693237319,8,nuscenes_mf/v1.0-mini/mini_val/325cef682f064c55a255f2625c533b75/11a08ff383a6451bbda6b9af56cfa6e2,dev,60
21,ct_joint_full,0,0,0,0,0,0,0,0,0,-1.0,0,8.605219841003418,3.694000005722046,47.33185752700942,0,0,0,0,0.49988698959350586,1.001173496246338,0,0,0,0,0,1,0,0,1,0,0,0.0,0.0,0.0,16.090748131843267,0.0,16.090749046124994,15.965884270406324,15.925703659578927,-15.910254896855939,0.7013086522644512,0.040216792199231764,1,105.9222906394136,211.48111516502144,0,0,0,16.090748131843267,0.0,16.090749046124994,16.090748131843267,0.0,16.090749046124994,16.090748131843267,16.090748131843267,16.090748131843267,0.0,0,0,1,16.090748131843267,0.0,16.090749046124994,0.0,0.0,0.0,0.0,0.0,0.0,0.0,0.0,0.0,0.0,0.0,16.090748131843267,0.0,0.0,0.0,0.0,0.0,-0.10086436569690704,0.00022087531397119164,-40.00409123170612,2.445017509532973,0,0,0.0,1.0951229333877563,1.0951229333877563,0.0,0.0,0.0,0.0,0.0,0.0,0.0,0.0,0,2,347,513,34720,0,0,809,1024,0,0,169,169,0,169,169,0,0,0,0,0,0,0,15.925703659578959,0.008855687618255725,15.931309671269183,0.008855687618255725,b1,0,3.694,8.594000000000001,1.489,3.694,8.605220293478364,1.489,0,0,0,0,0,0,0,0,1,0,0,0,83,83,47.40365003329609,0,15.925703659578959,0.008855687618255725,1,0,0,0,169,169,79.23954663053993,0,15.925703659578959,0.008855687618255725,1,0,0,0,285,285,111.07544322778378,0,15.925703659578959,0.008855687618255725,1,0,0,0,188,188,74.21226180041256,0,15.925703659578959,0.008855687618255725,1,0,0,0,318,318,106.97687356752903,0,15.925703659578959,0.008855687618255725,1,0,0,0,612,612,190.37409710245535,0,15.925703659578959,0.008855687618255725,1,0,0,0,104,104,47.572178464273726,0,15.965884271295952,0.002043572308876307,1,0,0,0,102,102,47.54762501732709,0,15.925703659578959,0.008855687618255725,8,nuscenes_mf/v1.0-mini/mini_val/325cef682f064c55a255f2625c533b75/11a08ff383a6451bbda6b9af56cfa6e2,dev,60
22,ct_joint_full,0,0,0,0,0,0,0,0,0,-1.0,0,8.603631973266602,3.694000005722046,47.32312367350197,0,0,0,0,0.5004210472106934,1.0016473531723022,0,0,0,0,0,1,0,0,1,0,0,0.0,0.0,0.0,15.81622981747019,0.0,15.816288579845635,16.29479372190663,16.12183392318599,-15.962897375329373,-2.2581945865516797,0.1745826565013217,1,19.76960538283421,36.719811706849605,0,0,0,15.81622981747019,0.0,15.816288579845635,15.81622981747019,0.0,15.816288579845635,15.81622981747019,15.81622981747019,15.81622981747019,0.0,0,0,1,15.81622981747019,0.0,15.816288579845635,0.0,0.0,0.0,0.0,0.0,0.0,0.0,0.0,0.0,0.0,0.0,15.81622981747019,0.0,0.0,0.0,0.0,0.0,-0.40353599190711975,-0.0019205978605896235,-37.300898825320516,-7.434460883943608,0,0,0.0,2.718823194503784,1.5060652494430542,0.0,0.0,0.0,0.0,0.0,0.0,0.0,0.0,0,2,193,273,34720,0,0,506,1024,0,0,83,83,0,83,83,0,0,0,0,0,0,0,16.121833923185967,0.031575707077979964,16.117115183228037,0.031575707077979964,b1,0,3.694,8.594000000000001,1.489,3.694,8.603631744477862,1.489,0,0,0,0,0,0,0,0,1,0,0,0,104,104,47.384636471368374,0,16.121833923185967,0.031575707077979964,1,0,0,0,155,155,79.2077637187615,0,16.121833923185967,0.031575707077979964,1,0,0,0,267,267,111.03089096615463,0,16.121833923185967,0.031575707077979964,1,0,0,0,238,238,74.18849146123883,0,16.121833923185967,0.031575707077979964,1,0,0,0,334,334,106.94834645249603,0,16.121833923185967,0.031575707077979964,1,0,0,0,1016,1016,190.33605643431704,0,16.121833923185967,0.031575707077979964,1,0,0,0,114,114,48.69678378729924,0,16.294793720993283,0.03301197827916824,1,0,0,0,104,104,47.86106291178872,0,16.121833923185967,0.031575707077979964,8,nuscenes_mf/v1.0-mini/mini_val/325cef682f064c55a255f2625c533b75/11a08ff383a6451bbda6b9af56cfa6e2,dev,60
23,ct_joint_full,0,0,0,0,0,0,0,0,0,-1.0,0,8.626571655273438,3.694000005722046,47.4493003175069,0,0,0,0,0.49987292289733887,0.9994379878044128,0,0,0,0,0,1,0,0,1,0,0,0.0,0.0,0.0,16.02953930763791,0.0,16.029777835323266,15.429307957792142,15.869404251750456,15.66019471346035,2.568328173887709,0.44610354671069835,1,7.263543768256881,9.491827097594694,0,0,0,16.02953930763791,0.0,16.029777835323266,16.02953930763791,0.0,16.029777835323266,16.02953930763791,16.02953930763791,16.02953930763791,0.0,0,0,1,16.02953930763791,0.0,16.029777835323266,0.0,0.0,0.0,0.0,0.0,0.0,0.0,0.0,0.0,0.0,0.0,16.02953930763791,0.0,0.0,0.0,0.0,0.0,-0.7404367923736572,-0.0006618525949306786,25.25215239214669,6.606134937596863,0,0,0.0,5.465372085571289,2.268679618835449,0.0,0.0,0.0,0.0,0.0,0.0,0.0,0.0,0,2,95,123,34752,0,0,374,1024,0,0,42,43,0,43,43,0,0,0,0,0,0,0,15.869404251750522,0.08111382520198807,15.853313158188593,0.08111382520198807,b1,0,3.694,8.594000000000001,1.489,3.694,8.6265713424393,1.489,0,0,0,0,0,0,0,0,1,0,0,0,87,87,47.65769224555977,0,15.869404251750522,0.08111382520198807,1,0,0,0,171,171,79.66420147696323,0,15.869404251750522,0.08111382520198807,1,0,0,0,216,216,111.6707107083667,0,15.869404251750522,0.08111382520198807,1,0,0,0,173,173,74.52988619048102,0,15.869404251750522,0.08111382520198807,1,0,0,0,334,334,107.35808013401554,0,15.869404251750522,0.08111382520198807,1,0,0,0,999,999,190.88246802177792,0,15.869404251750522,0.08111382520198807,1,0,0,0,124,124,50.174165158850535,0,15.42930795811282,0.09466171354912967,1,0,0,0,87,87,48.70039802708611,0,15.869404251750522,0.08111382520198807,8,nuscenes_mf/v1.0-mini/mini_val/325cef682f064c55a255f2625c533b75/11a08ff383a6451bbda6b9af56cfa6e2,dev,60
24,ct_joint_full,0,0,0,0,0,0,0,0,0,-1.0,0,8.600160598754883,3.694000005722046,47.30402984361181,0,0,0,0,0.5006210803985596,1.0009479522705078,0,0,0,0,0,1,0,0,1,0,0,0.0,0.0,0.0,15.80658058727961,0.0,15.80705230597902,16.36624897276905,16.045310228236616,-15.822816849521926,-2.662790794333615,0.32549442684183105,1,11.908933453344641,19.932988390492078,0,0,0,15.80658058727961,0.0,15.80705230597902,15.80658058727961,0.0,15.80705230597902,15.80658058727961,15.80658058727961,15.80658058727961,0.0,0,0,1,15.80658058727961,0.0,15.80705230597902,0.0,0.0,0.0,0.0,0.0,0.0,0.0,0.0,0.0,0.0,0.0,15.80658058727961,0.0,0.0,0.0,0.0,0.0,-0.5224798321723938,0.0020083191338926554,-25.921155281121422,-6.671576737253157,0,0,0.0,3.740469455718994,1.864938497543335,0.0,0.0,0.0,0.0,0.0,0.0,0.0,0.0,0,2,46,59,34752,0,0,232,1024,0,0,31,31,0,31,31,0,0,0,0,0,0,0,16.04531022823667,0.12444732534885394,16.04825566682713,0.12444732534885394,b1,0,3.694,8.594000000000001,1.489,3.694,8.600160850526766,1.489,0,0,0,0,0,0,0,0,1,0,0,0,39,39,47.34311603746936,0,16.04531022823667,0.12444732534885394,1,0,0,0,71,71,79.13835850722715,0,16.04531022823667,0.12444732534885394,1,0,0,0,134,134,110.93360097698495,0,16.04531022823667,0.12444732534885394,1,0,0,0,139,139,74.13658312261664,0,16.04531022823667,0.12444732534885394,1,0,0,0,254,254,106.88605020707055,0,16.04531022823667,0.12444732534885394,1,0,0,0,732,732,190.2529843773651,0,16.04531022823667,0.12444732534885394,1,0,0,0,55,55,49.540405543339524,0,16.366248961800085,0.12948913489315983,1,0,0,0,39,39,48.08917668009353,0,16.04531022823667,0.12444732534885394,8,nuscenes_mf/v1.0-mini/mini_val/325cef682f064c55a255f2625c533b75/11a08ff383a6451bbda6b9af56cfa6e2,dev,60
25,ct_joint_full,0,0,0,0,0,0,0,0,0,-1.0,0,8.61589527130127,3.694000005722046,47.39057629947933,0,0,0,0,0.5002570152282715,1.0000200271606445,0,0,0,0,0,1,0,0,1,0,0,0.0,0.0,0.0,15.719030646383924,0.0,15.720006271088453,15.436567168859685,15.811917369165712,15.712009502609014,1.7746868235818296,0.37782830383887483,1,8.630376308878851,12.825727044980908,0,0,0,15.719030646383924,0.0,15.720006271088453,15.719030646383924,0.0,15.720006271088453,15.719030646383924,15.719030646383924,15.719030646383924,0.0,0,0,1,15.719030646383924,0.0,15.720006271088453,0.0,0.0,0.0,0.0,0.0,0.0,0.0,0.0,0.0,0.0,0.0,15.719030646383924,0.0,0.0,0.0,0.0,0.0,-0.6345303058624268,0.0007318881689570844,25.752453358962768,4.607566214243954,0,0,0.0,4.5240797996521,2.03012752532959,0.0,0.0,0.0,0.0,0.0,0.0,0.0,0.0,0,2,28,42,34752,0,0,174,1024,0,0,26,26,0,26,26,0,0,0,0,0,0,0,15.81191736916578,0.17211773741245262,15.801055583897636,0.17211773741245262,b1,0,3.694,8.594000000000001,1.489,3.694,8.615895486054907,1.489,0,0,0,0,0,0,0,0,1,0,0,0,39,39,47.53065939790616,0,15.81191736916578,0.17211773741245262,1,0,0,0,70,70,79.45185442672157,0,15.81191736916578,0.17211773741245262,1,0,0,0,115,115,111.37304945553699,0,15.81191736916578,0.17211773741245262,1,0,0,0,97,97,74.37105945132487,0,15.81191736916578,0.17211773741245262,1,0,0,0,175,175,107.16745950543695,0,15.81191736916578,0.17211773741245262,1,0,0,0,443,443,190.62825961574123,0,15.81191736916578,0.17211773741245262,1,0,0,0,50,50,49.615685372334724,0,15.436567190444187,0.16762323512696153,1,0,0,0,39,39,48.219300410945145,0,15.81191736916578,0.17211773741245262,8,nuscenes_mf/v1.0-mini/mini_val/325cef682f064c55a255f2625c533b75/11a08ff383a6451bbda6b9af56cfa6e2,dev,60
26,ct_joint_full,0,0,0,0,0,0,0,0,0,-1.0,0,8.625052452087402,3.694000005722046,47.440944144151125,0,0,0,0,0.5004239082336426,0.9999697208404541,0,0,0,0,0,1,0,0,1,0,0,0.0,0.0,0.0,15.419833905180136,0.0,15.421327929091998,15.676212446200823,15.73508271562994,15.716441303866464,0.7657003331635551,0.058940554516173825,1,84.61789762457443,168.46568815867568,0,0,0,15.419833905180136,0.0,15.421327929091998,15.419833905180136,0.0,15.421327929091998,15.419833905180136,15.419833905180136,15.419833905180136,0.0,0,0,1,15.419833905180136,0.0,15.421327929091998,0.0,0.0,0.0,0.0,0.0,0.0,0.0,0.0,0.0,0.0,0.0,15.419833905180136,0.0,0.0,0.0,0.0,0.0,-0.12749096751213074,1.2586999218910933e-05,33.86784992408871,2.4028399223599344,0,0,0.0,1.2123088836669922,1.2123088836669922,0.0,0.0,0.0,0.0,0.0,0.0,0.0,0.0,0,2,17,28,34784,0,0,169,1024,0,0,33,34,0,34,34,0,0,0,0,0,0,0,15.735082715629925,0.22513623583316794,15.71957504074486,0.22513623583316794,b1,0,3.694,8.594000000000001,1.489,3.694,8.625052369343866,1.489,0,0,0,0,0,0,0,0,1,0,0,0,54,54,47.63962509369152,0,15.735082715629925,0.22513623583316794,1,0,0,0,90,90,79.63400057635874,0,15.735082715629925,0.22513623583316794,1,0,0,0,111,111,111.62837605902598,0,15.735082715629925,0.22513623583316794,1,0,0,0,70,70,74.5072970488132,0,15.735082715629925,0.22513623583316794,1,0,0,0,107,107,107.33096900462826,0,15.735082715629925,0.22513623583316794,1,0,0,0,212,212,190.846312915565,0,15.735082715629925,0.22513623583316794,1,0,0,0,54,54,47.59405813537178,0,15.676212441751648,0.22949274478272902,1,0,0,0,54,54,47.80775706239544,0,15.735082715629925,0.22513623583316794,8,nuscenes_mf/v1.0-mini/mini_val/325cef682f064c55a255f2625c533b75/11a08ff383a6451bbda6b9af56cfa6e2,dev,60
27,ct_joint_full,0,0,0,0,0,0,0,0,0,-1.0,0,8.603439331054688,3.694000005722046,47.32206407085422,0,0,0,0,0.500432014465332,1.0001829862594604,0,0,0,0,0,1,0,0,1,0,0,0.0,0.0,0.0,15.644262798303497,0.0,15.646722030336253,15.066790397532259,15.41348846286483,15.11435016475014,3.021928117224083,0.35354099119571764,1,7.435469800670948,9.881633985916784,0,0,0,15.644262798303497,0.0,15.646722030336253,15.644262798303497,0.0,15.646722030336253,15.644262798303497,15.644262798303497,15.644262798303497,0.0,0,0,1,15.644262798303497,0.0,15.646722030336253,0.0,0.0,0.0,0.0,0.0,0.0,0.0,0.0,0.0,0.0,0.0,15.644262798303497,0.0,0.0,0.0,0.0,0.0,-0.7298662066459656,-0.0027070939540863037,30.472987850199264,9.162821917640295,0,0,0.0,5.299138069152832,2.2866976261138916,0.0,0.0,0.0,0.0,0.0,0.0,0.0,0.0,0,2,9,9,34784,0,0,140,1024,0,0,34,34,0,34,34,0,0,0,0,0,0,0,15.413488462864764,0.26465654718875875,15.408793549069403,0.26465654718875875,b1,0,3.694,8.594000000000001,1.489,3.694,8.60343952182133,1.489,0,0,0,0,0,0,0,0,1,0,0,0,43,43,47.38219189749146,0,15.413488462864764,0.26465654718875875,1,0,0,0,62,62,79.20367738942662,0,15.413488462864764,0.26465654718875875,1,0,0,0,76,76,111.02516288136178,0,15.413488462864764,0.26465654718875875,1,0,0,0,68,68,74.18543782174821,0,15.413488462864764,0.26465654718875875,1,0,0,0,87,87,106.94468374461822,0,15.413488462864764,0.26465654718875875,1,0,0,0,138,138,190.3311755931317,0,15.413488462864764,0.26465654718875875,1,0,0,0,46,46,49.766279442746175,0,15.066790359326063,0.2508012180656647,1,0,0,0,43,43,48.25680528334721,0,15.413488462864764,0.26465654718875875,8,nuscenes_mf/v1.0-mini/mini_val/325cef682f064c55a255f2625c533b75/11a08ff383a6451bbda6b9af56cfa6e2,dev,60
28,ct_joint_full,0,0,0,0,0,0,0,0,0,-1.0,0,8.612510681152344,3.694000005722046,47.371959815336425,0,0,0,0,0.5010008811950684,1.0011448860168457,0,0,0,0,0,1,0,0,1,0,0,0.0,0.0,0.0,15.314190425387865,0.0,15.317766648926389,16.00046880309652,15.610328574904601,-15.04855291015996,-4.150111981911019,0.4045527581567099,1,9.454750167318265,14.325309727565607,0,0,0,15.314190425387865,0.0,15.317766648926389,15.314190425387865,0.0,15.317766648926389,15.314190425387865,15.314190425387865,15.314190425387865,0.0,0,0,1,15.314190425387865,0.0,15.317766648926389,0.0,0.0,0.0,0.0,0.0,0.0,0.0,0.0,0.0,0.0,0.0,15.314190425387865,0.0,0.0,0.0,0.0,0.0,-0.6268951892852783,0.0020150651689618826,-23.946189505661273,-10.11556658390494,0,0,0.0,4.633111953735352,2.1358540058135986,0.0,0.0,0.0,0.0,0.0,0.0,0.0,0.0,0,2,8,19,34720,0,0,116,1024,0,0,27,27,0,27,27,0,0,0,0,0,0,0,15.610328574904608,0.3274018605351447,15.619132556967353,0.3274018605351447,b1,0,3.694,8.594000000000001,1.489,3.694,8.612511155155417,1.489,0,0,0,0,0,0,0,0,1,0,0,0,28,28,47.49028408687655,0,15.610328574904608,0.3274018605351447,1,0,0,0,46,46,79.38436339303944,0,15.610328574904608,0.3274018605351447,1,0,0,0,46,46,111.27844269920233,0,15.610328574904608,0.3274018605351447,1,0,0,0,46,46,74.3205808159737,0,15.610328574904608,0.3274018605351447,1,0,0,0,53,53,107.1068775457642,0,15.610328574904608,0.3274018605351447,1,0,0,0,85,85,190.5474710018784,0,15.610328574904608,0.3274018605351447,1,0,0,0,34,34,50.23565855047895,0,16.000468791493702,0.34598121032839196,1,0,0,0,30,30,48.68477103597519,0,15.610328574904608,0.3274018605351447,8,nuscenes_mf/v1.0-mini/mini_val/325cef682f064c55a255f2625c533b75/11a08ff383a6451bbda6b9af56cfa6e2,dev,60
29,ct_joint_full,0,0,0,0,0,0,0,0,0,-1.0,0,8.626777648925781,3.694000005722046,47.45043335796192,0,0,0,0,0.4998331069946289,0.998235821723938,0,0,0,0,0,1,0,0,1,0,0,0.0,0.0,0.0,15.208349759946508,0.0,15.212640678812415,14.816490375316699,15.299218011982669,15.073828024195276,2.616450148569964,0.4902922800388854,1,6.680904168673045,8.098421849385275,0,0,0,15.208349759946508,0.0,15.212640678812415,15.208349759946508,0.0,15.212640678812415,15.208349759946508,15.208349759946508,15.208349759946508,0.0,0,0,1,15.208349759946508,0.0,15.212640678812415,0.0,0.0,0.0,0.0,0.0,0.0,0.0,0.0,0.0,0.0,0.0,15.208349759946508,0.0,0.0,0.0,0.0,0.0,-0.7453964352607727,0.0014136533718556166,22.171518752245095,6.285280410173618,0,0,0.0,5.722986221313477,2.4283270835876465,0.0,0.0,0.0,0.0,0.0,0.0,0.0,0.0,0,2,3,3,34688,0,0,105,1024,0,0,20,20,0,20,20,0,0,0,0,0,0,0,15.299218011982584,0.35597843724489203,15.28312403616586,0.35597843724489203,b1,0,3.694,8.594000000000001,1.489,3.694,8.626777329960152,1.489,0,0,0,0,0,0,0,0,1,0,0,0,18,18,47.66011589076696,0,15.299218011982584,0.35597843724489203,1,0,0,0,34,34,79.6682528221081,0,15.299218011982584,0.35597843724489203,1,0,0,0,34,34,111.67638975344924,0,15.299218011982584,0.35597843724489203,1,0,0,0,31,31,74.53291690994428,0,15.299218011982584,0.35597843724489203,1,0,0,0,37,37,107.36171792912158,0,15.299218011982584,0.35597843724489203,1,0,0,0,62,62,190.88731996678283,0,15.299218011982584,0.35597843724489203,1,0,0,0,18,18,50.27657247538625,0,14.816490355630163,0.3572602631220196,1,0,0,0,18,18,48.63323226826829,0,15.299218011982584,0.35597843724489203,8,nuscenes_mf/v1.0-mini/mini_val/325cef682f064c55a255f2625c533b75/11a08ff383a6451bbda6b9af56cfa6e2,dev,60
30,ct_joint_full,0,0,0,0,0,0,0,0,0,-1.0,0,8.654423713684082,3.694000005722046,47.60249682902948,0,0,0,0,0.49988508224487305,0.9989370703697205,0,0,0,0,0,1,0,0,1,0,0,0.0,0.0,0.0,14.901105272731021,0.0,14.906074021968777,15.165365196201426,15.117709304891063,-10.723134198619746,-10.656431331165557,0.06714360959469087,1,73.39000047878187,145.8821314302238,0,0,0,14.901105272731021,0.0,14.906074021968777,14.901105272731021,0.0,14.906074021968777,14.901105272731021,14.901105272731021,14.901105272731021,0.0,0,0,1,14.901105272731021,0.0,14.906074021968777,0.0,0.0,0.0,0.0,0.0,0.0,0.0,0.0,0.0,0.0,0.0,14.901105272731021,0.0,0.0,0.0,0.0,0.0,-0.13326774537563324,0.00018256664043292403,-21.4167299608465,-31.396794410133705,0,0,0.0,1.25165593624115,1.25165593624115,0.0,0.0,0.0,0.0,0.0,0.0,0.0,0.0,0,2,3,3,34720,0,0,86,1024,0,0,13,13,0,13,13,0,0,0,0,0,0,0,15.117709304891038,0.38629489588737476,15.139132002694227,0.38629489588737476,b1,0,3.694,8.594000000000001,1.489,3.694,8.654423664541067,1.489,0,0,0,0,0,0,0,0,1,0,0,0,12,12,47.98910215359508,0,15.117709304891038,0.38629489588737476,1,0,0,0,27,27,80.21818351934058,0,15.117709304891038,0.38629489588737476,1,0,0,0,27,27,112.4472648850861,0,15.117709304891038,0.38629489588737476,1,0,0,0,17,17,74.94424178122124,0,15.117709304891038,0.38629489588737476,1,0,0,0,31,31,107.85538140607393,0,15.117709304891038,0.38629489588737476,1,0,0,0,44,44,191.54566065716605,0,15.117709304891038,0.38629489588737476,1,0,0,0,14,14,49.36971042630048,0,15.165365194694521,0.3920485428284233,1,0,0,0,13,13,49.97380210396858,0,15.117709304891038,0.38629489588737476,8,nuscenes_mf/v1.0-mini/mini_val/325cef682f064c55a255f2625c533b75/11a08ff383a6451bbda6b9af56cfa6e2,dev,60
1,ct_joint_full,0,1,0,0,0,0,0,0,1,-1.0,0,0.0,0.0,0.0,0,0,0,0,0.499255895614624,1.0,0,0,0,0,0,0,0,0,0,0,1,0.0,0.0,0.0,0.06912523963573153,0.9397381215512338,0.07079923658036816,0.020615528128168824,0.020615528128168824,0.0,0.0,0.0,0,0.0,0.0,0,0,0,0.06912523963573153,0.9397381215512338,0.07079923658036816,0.06912523963573153,0.9397381215512338,0.07079923658036816,0.06912523963573153,0.06912523963573153,0.06912523963573153,0.0,0,0,1,0.06912523963573153,0.9397381215512338,0.07079923658036816,0.0,0.0,0.0,0.0,0.0,0.0,0.0,0.0,0.0,0.0,0.0,0.06912523963573153,0.9397381215512338,0.0,0.0,0.0,0.0,-0.0,0.0,-0.005521187608765108,-0.07461718917333247,1,1,0.0,2.0823299884796143,2.0823299884796143,0.0,0.0,0.0,0.0,0.0,0.0,0.0,0.0,0,2,1,1,34688,1,166,6,1024,0,0,0,0,0,0,0,0,0,0,0,0,0,0,0.0,0.0,0.0,0.0,base_only,0,0.0,0.0,0.0,0.0,0.0,0.0,0,0,0,0,0,0,0,0,0,0,0,0,0,0,0.0,0,0.0,0.0,0,0,0,0,0,0,0.0,0,0.0,0.0,0,0,0,0,0,0,0.0,0,0.0,0.0,0,0,0,0,0,0,0.0,0,0.0,0.0,0,0,0,0,0,0,0.0,0,0.0,0.0,0,0,0,0,0,0,0.0,0,0.0,0.0,0,0,0,0,0,0,0.0,0,0.0,0.0,0,0,0,0,0,0,0.0,0,0.0,0.0,9,nuscenes_mf/v1.0-mini/mini_val/325cef682f064c55a255f2625c533b75/856aeb4fa2024f1284c6290a44e9dec5,dev,60
2,ct_joint_full,0,0,0,0,0,0,0,0,0,-1.0,0,8.674036026000977,3.688999891281128,51.517614368329234,0,0,0,0,0.4998891353607178,1.0012683868408203,0,0,0,0,0,1,0,0,1,0,1,0.0,0.0,0.0,0.05550577447642791,0.9244464274880033,0.05660057688969912,0.13776855803507404,0.09100334803868979,-0.0808773338760315,0.04171889240328034,0.05069902145487854,1,0.4838443631942272,0.00511793991231914,1,1,1,0.05550577447642791,0.9244464274880033,0.05660057688969912,0.05550577447642791,0.9244464274880033,0.05660057688969912,0.05550577447642791,0.05550577447642791,0.05550577447642791,0.0,0,0,1,0.05550577447642791,0.9244464274880033,0.05660057688969912,0.0,0.0,0.0,0.0,0.0,0.0,0.0,0.0,0.0,0.0,0.0,0.05550577447642791,0.9244464274880033,0.0,0.0,0.0,0.0,-0.13518808782100677,-0.0031144493259489536,-0.35087692160947226,0.14859978645292488,1,1,0.0,1.272066354751587,1.272066354751587,0.0,0.0,0.0,0.0,0.0,0.0,0.0,0.0,0,2,0,0,34720,0,0,17,1024,0,0,0,0,0,0,0,0,0,0,1,1,1,1,0.0910033480386207,0.026304677248001118,0.08201994283584783,0.026304677248001118,b1,0,3.689,8.654,1.61,3.689,8.674035893356454,1.61,0,0,0,0,0,0,0,0,1,0,0,0,16,16,51.65706652278547,0,0.0910033480386207,0.026304677248001118,1,0,0,0,16,16,83.74220100898762,0,0.0910033480386207,0.026304677248001118,1,0,0,0,16,16,115.82733549518977,0,0.0910033480386207,0.026304677248001118,1,0,0,0,33,33,80.7530726157781,0,0.0910033480386207,0.026304677248001118,1,0,0,0,40,40,116.28907871027013,0,0.0910033480386207,0.026304677248001118,1,0,0,0,45,45,206.68109089850452,0,0.0910033480386207,0.026304677248001118,1,0,0,0,17,17,52.07153963098036,0,0.13776855150799575,0.03061481440694469,1,0,0,0,16,16,51.90779706838697,0,0.0910033480386207,0.026304677248001118,9,nuscenes_mf/v1.0-mini/mini_val/325cef682f064c55a255f2625c533b75/856aeb4fa2024f1284c6290a44e9dec5,dev,60
3,ct_joint_full,0,10,9,0,0,0,0,1,10,-1.0,0,8.672558784484863,3.688999891281128,51.508840602745614,0,0,0,0,0.49931883811950684,0.9994922280311584,0,0,0,0,0,1,0,0,1,0,1,0.0,0.0,0.0,0.12218144943041145,0.8561553186724635,0.12338498906276991,0.08000156528618799,0.06981996829767285,-0.0018005025685271959,-0.06979674764421669,0.03743602109648296,1,0.23368223614864292,0.0038664461647022045,1,1,1,0.12218144943041145,0.8561553186724635,0.12338498906276991,0.12218144943041145,0.8561553186724635,0.12338498906276991,0.12218144943041145,0.12218144943041145,0.12218144943041145,0.0,0,0,1,0.12218144943041145,0.8561553186724635,0.12338498906276991,0.0,0.0,0.0,0.0,0.0,0.0,0.0,0.0,0.0,0.0,0.0,0.12218144943041145,0.8561553186724635,0.0,0.0,0.0,0.0,-0.08800403773784637,0.00025869818637147546,-0.09223663852105499,-0.2322596342193215,1,1,0.0,1.1228550672531128,1.1228550672531128,0.0,0.0,0.0,0.0,0.0,0.0,0.0,0.0,0,2,9,10,34720,10,293,33,1024,9,9,10,10,9,10,1,8,7,1,1,1,1,1,0.06981996829763316,0.022078551530838042,0.07015766569857776,0.022078551530838042,b1,0,3.689,8.654,1.61,3.689,8.672558501721435,1.61,0,0,0,0,0,0,0,0,1,8,7,1,33,26,51.63812609565911,0,0.06981996829763316,0.022078551530838042,1,8,8,1,34,26,83.7114963414101,0,0.06981996829763316,0.022078551530838042,1,8,8,1,34,26,115.78486658716109,0,0.06981996829763316,0.022078551530838042,1,10,9,1,43,34,80.72940420978239,0,0.06981996829763316,0.022078551530838042,1,10,9,1,50,41,116.26068232465538,0,0.06981996829763316,0.022078551530838042,1,10,9,1,78,69,206.64323855290195,0,0.06981996829763316,0.022078551530838042,1,8,7,1,33,26,51.91068744844967,0,0.08000156612572644,0.001993779999975742,1,8,7,1,33,26,51.8188575530213,0,0.06981996829763316,0.022078551530838042,9,nuscenes_mf/v1.0-mini/mini_val/325cef682f064c55a255f2625c533b75/856aeb4fa2024f1284c6290a44e9dec5,dev,60
4,ct_joint_full,0,25,25,0,0,0,0,1,25,-1.0,0,8.663349151611328,3.688999891281128,51.45414192344218,0,0,0,0,0.5004479885101318,1.0016893148422241,0,0,0,0,0,1,0,0,1,0,1,0.0,0.0,0.0,0.16619315674296908,0.8310764513124244,0.16627112044431736,0.26998664294318914,0.14634522294361846,-0.11684933185733194,-0.0881088009331283,0.13818968246384775,1,1.1394356717444545,0.006768153066850826,1,1,1,0.16619315674296908,0.8310764513124244,0.16627112044431736,0.16619315674296908,0.8310764513124244,0.16627112044431736,0.16619315674296908,0.16619315674296908,0.16619315674296908,0.0,0,0,1,0.16619315674296908,0.8310764513124244,0.16627112044431736,0.0,0.0,0.0,0.0,0.0,0.0,0.0,0.0,0.0,0.0,0.0,0.16619315674296908,0.8310764513124244,0.0,0.0,0.0,0.0,-0.32753250002861023,-0.00161478272639215,-0.6044866134792662,-0.2968206835577542,1,1,0.0,2.265604257583618,1.3746650218963623,0.0,0.0,0.0,0.0,0.0,0.0,0.0,0.0,0,2,20,25,34752,25,430,57,1024,25,25,28,28,25,28,3,15,15,0,1,1,1,1,0.146345222943581,0.028191536903381387,0.1427943797976456,0.028191536903381387,b1,0,3.689,8.654,1.61,3.689,8.663349294132821,1.61,0,0,0,0,0,0,0,0,1,15,15,1,39,24,51.51918880947401,0,0.146345222943581,0.028191536903381387,1,15,15,1,39,24,83.5186849644268,0,0.146345222943581,0.028191536903381387,1,15,15,1,39,24,115.51818111937959,0,0.146345222943581,0.028191536903381387,1,25,25,1,74,49,80.58079352349044,0,0.146345222943581,0.028191536903381387,1,25,25,1,93,68,116.08239823675717,0,0.146345222943581,0.028191536903381387,1,25,25,1,119,94,206.4056076625409,0,0.146345222943581,0.028191536903381387,1,15,15,1,36,21,52.4378565617725,0,0.26998664308509257,0.02588411041451577,1,15,15,1,39,24,51.72787605562307,0,0.146345222943581,0.028191536903381387,9,nuscenes_mf/v1.0-mini/mini_val/325cef682f064c55a255f2625c533b75/856aeb4fa2024f1284c6290a44e9dec5,dev,60
5,ct_joint_full,0,25,25,0,0,0,0,1,25,-1.0,0,8.685050964355469,3.688999891281128,51.58303528020194,0,0,0,0,0.5004181861877441,1.0010697841644287,0,0,0,0,0,1,0,0,1,0,0,0.0,0.0,0.0,0.32034168055150297,0.7118302522626823,0.3304761470030384,0.15364334539383961,0.12209279770884633,-0.0834111813839736,-0.08915843328850448,0.041855788759537875,1,0.18067349030547422,0.012520840445619453,1,1,1,0.32034168055150297,0.7118302522626823,0.3304761470030384,0.32034168055150297,0.7118302522626823,0.3304761470030384,0.32034168055150297,0.32034168055150297,0.32034168055150297,0.0,0,0,1,0.32034168055150297,0.7118302522626823,0.3304761470030384,0.0,0.0,0.0,0.0,0.0,0.0,0.0,0.0,0.0,0.0,0.0,0.32034168055150297,0.7118302522626823,0.0,0.0,0.0,0.0,-0.09955278038978577,0.0006533618434332311,-0.2979460137200203,-0.2988100639145676,1,1,0.0,1.091122031211853,1.091122031211853,0.0,0.0,0.0,0.0,0.0,0.0,0.0,0.0,0,2,17,25,34720,25,396,64,1024,25,25,44,44,25,44,19,18,18,0,1,1,1,1,0.12209279770887653,0.08209118312597274,0.13311746885606762,0.08209118312597274,b1,0,3.689,8.654,1.61,3.689,8.685050613735847,1.61,0,0,0,0,0,0,0,0,1,18,18,1,36,18,51.79934318318964,0,0.12209279770887653,0.08209118312597274,1,18,18,1,36,18,83.97284826591611,0,0.12209279770887653,0.08209118312597274,1,18,18,1,36,18,116.14635334864259,0,0.12209279770887653,0.08209118312597274,1,25,25,1,76,51,80.9308451786032,0,0.12209279770887653,0.08209118312597274,1,25,25,1,108,83,116.50234717401678,0,0.12209279770887653,0.08209118312597274,1,25,25,1,137,112,206.96535116559363,0,0.12209279770887653,0.08209118312597274,1,16,16,1,32,16,51.975250972151194,0,0.1536433505784051,0.05443703617037832,1,18,18,1,36,18,52.300527003780765,0,0.12209279770887653,0.08209118312597274,9,nuscenes_mf/v1.0-mini/mini_val/325cef682f064c55a255f2625c533b75/856aeb4fa2024f1284c6290a44e9dec5,dev,60
6,ct_joint_full,0,18,18,0,0,0,0,1,18,-1.0,0,8.65677547454834,3.688999891281128,51.415098949802484,0,0,0,0,0.5004160404205322,0.9999659061431885,0,0,0,0,0,1,0,0,1,0,0,0.0,0.0,0.0,0.3493144085484543,0.6521921687041529,0.38173144247637375,0.5282507600414521,0.30125585448324,-0.2907549852253374,-0.07884566367311105,0.23147782529529795,1,1.7446138906239854,0.009561786603805316,1,1,1,0.3493144085484543,0.6521921687041529,0.38173144247637375,0.3493144085484543,0.6521921687041529,0.38173144247637375,0.3493144085484543,0.3493144085484543,0.3493144085484543,0.0,0,0,1,0.3493144085484543,0.6521921687041529,0.38173144247637375,0.0,0.0,0.0,0.0,0.0,0.0,0.0,0.0,0.0,0.0,0.0,0.3493144085484543,0.6521921687041529,0.0,0.0,0.0,0.0,-0.5082412958145142,-0.0021263619419187307,-1.146636393818571,-0.2522444149440771,0,1,0.0,3.3887264728546143,1.680983304977417,0.0,0.0,0.0,0.0,0.0,0.0,0.0,0.0,0,2,14,18,34752,18,236,73,1024,18,18,39,39,18,39,21,8,8,0,1,1,1,1,0.30125585448326886,0.15821386235952384,0.3000444578045359,0.15821386235952384,b1,0,3.689,8.654,1.61,3.689,8.656775790337543,1.61,0,0,0,0,0,0,0,0,1,8,8,1,17,9,51.43386706034188,0,0.30125585448326886,0.15821386235952384,1,8,8,1,20,12,83.38036834005733,0,0.30125585448326886,0.15821386235952384,1,8,8,1,20,12,115.32686961977278,0,0.30125585448326886,0.15821386235952384,1,17,17,1,48,31,80.47419284697158,0,0.30125585448326886,0.15821386235952384,1,18,18,1,87,69,115.95451863285156,0,0.30125585448326886,0.15821386235952384,1,18,18,1,139,121,206.23517020536124,0,0.30125585448326886,0.15821386235952384,1,6,6,1,15,9,53.18795000152652,0,0.5282507782868772,0.16289174663166273,1,8,8,1,17,9,51.9615362351008,0,0.30125585448326886,0.15821386235952384,9,nuscenes_mf/v1.0-mini/mini_val/325cef682f064c55a255f2625c533b75/856aeb4fa2024f1284c6290a44e9dec5,dev,60
7,ct_joint_full,0,10,10,0,0,0,0,1,10,-1.0,0,8.687018394470215,3.688999891281128,51.5947204179676,0,0,0,0,0.5004408359527588,1.0000474452972412,0,0,0,0,0,1,0,0,1,0,1,0.0,0.0,0.0,0.49330003651494037,0.5703188527890876,0.5427116309931335,0.34374600925469756,0.2946686219236236,-0.29415475259264956,0.017395102103893795,0.049142905363637156,1,0.2902768671205931,0.06717201465195279,1,1,1,0.49330003651494037,0.5703188527890876,0.5427116309931335,0.49330003651494037,0.5703188527890876,0.5427116309931335,0.49330003651494037,0.49330003651494037,0.49330003651494037,0.0,0,0,1,0.49330003651494037,0.5703188527890876,0.5427116309931335,0.0,0.0,0.0,0.0,0.0,0.0,0.0,0.0,0.0,0.0,0.0,0.49330003651494037,0.5703188527890876,0.0,0.0,0.0,0.0,-0.1100558489561081,0.0005194826517254114,-0.7688209099745352,0.05649308187181812,1,1,0.0,1.1369456052780151,1.1369456052780151,0.0,0.0,0.0,0.0,0.0,0.0,0.0,0.0,0,2,9,10,34784,10,159,63,1024,10,10,21,21,10,21,11,5,5,0,1,1,1,1,0.29466862192355936,0.23094264566898348,0.31115473979634567,0.23094264566898348,b1,0,3.689,8.654,1.61,3.689,8.687018113019509,1.61,0,0,0,0,0,0,0,0,1,5,5,1,11,6,51.824736752370384,0,0.29466862192355936,0.23094264566898348,1,5,5,1,11,6,84.01401423831472,0,0.29466862192355936,0.23094264566898348,1,5,5,1,11,6,116.20329172425905,0,0.29466862192355936,0.23094264566898348,1,10,10,1,32,22,80.96257444253659,0,0.29466862192355936,0.23094264566898348,1,10,10,1,90,80,116.54041213045365,0,0.29466862192355936,0.23094264566898348,1,10,10,1,175,165,207.01608750553805,0,0.29466862192355936,0.23094264566898348,1,5,5,1,11,6,51.534632440487755,0,0.3437460100602033,0.2258226601524862,1,5,5,1,11,6,51.8649829419901,0,0.29466862192355936,0.23094264566898348,9,nuscenes_mf/v1.0-mini/mini_val/325cef682f064c55a255f2625c533b75/856aeb4fa2024f1284c6290a44e9dec5,dev,60
8,ct_joint_full,0,13,2,0,0,0,0,1,13,-1.0,0,8.662578582763672,3.688999891281128,51.4495652916852,0,0,0,0,0.5004229545593262,0.9999890327453613,0,0,0,0,0,1,0,0,1,0,1,0.0,0.0,0.0,0.5424931130172264,0.5586273813733177,0.5896476521373603,0.7073907681955185,0.5184785886129009,-0.5133649165511408,-0.07263965976936743,0.19022506002487485,1,1.5538447344241388,0.032450108515788924,1,1,1,0.5424931130172264,0.5586273813733177,0.5896476521373603,0.5424931130172264,0.5586273813733177,0.5896476521373603,0.5424931130172264,0.5424931130172264,0.5424931130172264,0.0,0,0,1,0.5424931130172264,0.5586273813733177,0.5896476521373603,0.0,0.0,0.0,0.0,0.0,0.0,0.0,0.0,0.0,0.0,0.0,0.5424931130172264,0.5586273813733177,0.0,0.0,0.0,0.0,-0.4380566477775574,-0.0019728713668882847,-1.620256477438581,-0.24042236214324003,0,1,0.0,2.9475948810577393,1.578744649887085,0.0,0.0,0.0,0.0,0.0,0.0,0.0,0.0,0,2,13,13,34720,13,293,44,1024,2,2,10,11,2,11,9,13,2,11,1,1,1,1,0.5184785886127881,0.24525425606966023,0.5142849325249068,0.24525425606966023,b1,0,3.689,8.654,1.61,3.689,8.662578557928661,1.61,0,0,0,0,0,0,0,0,1,13,2,1,5,3,51.50918162627147,0,0.5184785886127881,0.24525425606966023,1,13,13,1,19,6,83.50246213948355,0,0.5184785886127881,0.24525425606966023,1,13,13,1,19,6,115.49574265269564,0,0.5184785886127881,0.24525425606966023,1,13,2,1,16,14,80.5682906458527,0,0.5184785886127881,0.24525425606966023,1,13,2,1,79,77,116.06739966543394,0,0.5184785886127881,0.24525425606966023,1,13,2,1,113,111,206.3856177045964,0,0.5184785886127881,0.24525425606966023,1,13,2,1,3,1,53.0401096388066,0,0.7073907708703671,0.24046179854169103,1,13,2,1,5,3,52.052703091117756,0,0.5184785886127881,0.24525425606966023,9,nuscenes_mf/v1.0-mini/mini_val/325cef682f064c55a255f2625c533b75/856aeb4fa2024f1284c6290a44e9dec5,dev,60
9,ct_joint_full,0,14,0,0,0,3,3,0,14,-1.0,0,8.691976547241211,3.688999891281128,51.62416832453263,0,0,0,0,0.4998810291290283,0.9988992214202881,0,0,0,0,0,1,0,0,1,0,0,3.0,3.0,3.0,2.6206039936544427,0.20376124738676052,2.6334805862971242,0.5575578872301638,0.5673030993047335,0.14521631402072302,0.5484022822199918,0.046050621860335615,1,0.34333100276268436,0.2600058785493555,1,1,1,2.6206039936544427,0.20376124738676052,2.6334805862971242,2.6206039936544427,0.20376124738676052,2.6334805862971242,2.6206039936544427,2.6206039936544427,2.6206039936544427,0.0,0,0,1,2.6206039936544427,0.20376124738676052,2.6334805862971242,0.0,0.0,0.0,0.0,0.0,0.0,0.0,0.0,0.0,0.0,0.0,2.6206039936544427,0.20376124738676052,0.0,0.0,0.0,0.0,-0.10379617661237717,0.0008598222048021853,0.22352077221956076,1.7737580240478974,1,0,0.0,1.1125603914260864,1.1125603914260864,0.0,0.0,0.0,0.0,0.0,0.0,0.0,0.0,0,2,13,14,34688,14,210,74,1024,0,0,3,3,0,3,3,14,1,13,1,1,1,1,0.5673030993048175,0.25005318868160253,0.5628716664702792,0.25005318868160253,b1,0,3.689,8.654,1.61,3.689,8.691976743643496,1.61,3,3,0,0,0,0,0,0,1,14,1,1,18,17,51.888727909778254,0,0.5673030993048175,0.25005318868160253,1,14,14,1,31,17,84.11775145622437,0,0.5673030993048175,0.25005318868160253,1,14,14,1,32,18,116.34677500267048,0,0.5673030993048175,0.25005318868160253,1,14,1,1,35,34,81.04253152735998,0,0.5673030993048175,0.25005318868160253,1,14,1,1,95,94,116.63633514119314,0,0.5673030993048175,0.25005318868160253,1,14,1,1,131,130,207.14394237185832,0,0.5673030993048175,0.25005318868160253,1,14,1,1,18,17,53.23942062085868,0,0.5575578852835775,0.23349447929944578,1,14,1,1,18,17,53.63702460277839,0,0.5673030993048175,0.25005318868160253,9,nuscenes_mf/v1.0-mini/mini_val/325cef682f064c55a255f2625c533b75/856aeb4fa2024f1284c6290a44e9dec5,dev,60
10,ct_joint_full,0,3,1,0,0,9,9,1,3,-1.0,0,10.011695861816406,3.688999891281128,59.46236389103939,0,0,0,0,0.4998750686645508,0.9994463324546814,0,0,0,0,0,1,0,0,1,0,0,9.0,9.0,7.0,2.2997599474608403,0.23927655716858606,2.315870838260953,5.2037820564534325,3.9967018224029847,-3.9963232384089897,-0.055009212038080096,1.2071226436305509,1,2.9498126441371997,0.3451495039726419,1,1,1,2.2997599474608403,0.23927655716858606,2.315870838260953,2.2997599474608403,0.23927655716858606,2.315870838260953,2.2997599474608403,2.2997599474608403,2.2997599474608403,0.0,0,0,1,2.2997599474608403,0.23927655716858606,2.315870838260953,0.0,0.0,0.0,0.0,0.0,0.0,0.0,0.0,0.0,0.0,0.0,2.2997599474608403,0.23927655716858606,0.0,0.0,0.0,0.0,-0.8674119710922241,-0.0064710890874266624,-3.7391081659151326,-0.07669777588924198,0,1,0.0,6.80767297744751,2.361241340637207,0.0,0.0,0.0,0.0,0.0,0.0,0.0,0.0,0,2,3,4,34720,3,52,72,1024,1,1,55,55,1,55,54,0,0,0,0,0,0,0,3.996701822402944,0.2781051841974259,3.317979094104278,0.2781051841974259,b1,0,3.689,8.654,1.61,3.689,10.011695808638292,1.61,9,9,0,0,0,0,0,0,1,0,0,0,67,67,68.92064600161744,0,3.996701822402944,0.2781051841974259,1,0,0,0,67,67,111.72850066100715,0,3.996701822402944,0.2781051841974259,1,0,0,0,67,67,154.53635532039684,0,3.996701822402944,0.2781051841974259,1,1,1,1,115,114,102.32393127066551,0,3.996701822402944,0.2781051841974259,1,1,1,1,155,154,142.16721654196272,0,3.996701822402944,0.2781051841974259,1,3,1,1,197,196,241.17378708005887,0,3.996701822402944,0.2781051841974259,1,0,0,0,85,85,70.76584945426562,0,5.203782111051695,0.29411415964625054,1,0,0,0,72,72,72.75255778331518,0,3.996701822402944,0.2781051841974259,9,nuscenes_mf/v1.0-mini/mini_val/325cef682f064c55a255f2625c533b75/856aeb4fa2024f1284c6290a44e9dec5,dev,60
11,ct_joint_full,0,16,11,0,0,0,0,1,16,-1.0,0,8.713357925415039,3.688999891281128,51.75115852749246,0,0,0,0,0.4993269443511963,0.9988974928855896,0,0,0,0,0,1,0,0,1,0,0,0.0,0.0,0.0,6.977795708061064,0.0,6.982738764571076,1.480800839055481,2.258920043898848,2.256364884866688,0.10741338475527255,0.7803800253983311,1,2.208641447925271,0.3402601049417294,1,1,1,6.977795708061064,0.0,6.982738764571076,6.977795708061064,0.0,6.982738764571076,6.977795708061064,6.977795708061064,6.977795708061064,0.0,0,0,1,6.977795708061064,0.0,6.982738764571076,0.0,0.0,0.0,0.0,0.0,0.0,0.0,0.0,0.0,0.0,0.0,6.977795708061064,0.0,0.0,0.0,0.0,0.0,-0.49507418274879456,0.012520264834165573,0.93650813107462,0.1352013172719681,1,1,0.0,3.8850505352020264,1.9765944480895996,0.0,0.0,0.0,0.0,0.0,0.0,0.0,0.0,0,2,14,16,34688,16,141,115,1024,11,11,61,61,11,61,50,11,11,0,0,0,0,0,2.258920043898875,0.29169382750988004,2.288319723383744,0.29169382750988004,b1,0,3.689,8.654,1.61,3.689,8.713357803940077,1.61,0,0,0,0,0,0,0,0,1,11,11,1,67,56,52.1575603579078,0,2.258920043898875,0.29169382750988004,1,11,11,1,67,56,84.55356058021077,0,2.258920043898875,0.29169382750988004,1,11,11,1,67,56,116.94956080251374,0,2.258920043898875,0.29169382750988004,1,13,11,1,128,117,81.37856865514071,0,2.258920043898875,0.29169382750988004,1,16,11,1,220,209,117.03957694787535,0,2.258920043898875,0.29169382750988004,1,16,11,1,330,319,207.68159353409433,0,2.258920043898875,0.29169382750988004,1,12,11,1,53,42,57.42994425438278,0,1.4808007674050332,0.2830825656249163,1,11,11,1,67,56,54.32369597162948,0,2.258920043898875,0.29169382750988004,9,nuscenes_mf/v1.0-mini/mini_val/325cef682f064c55a255f2625c533b75/856aeb4fa2024f1284c6290a44e9dec5,dev,60
12,ct_joint_full,0,5,1,0,0,35,35,1,5,-1.0,0,12.247161865234375,3.688999891281128,72.73944449715862,0,0,0,0,0.5004410743713379,1.0016814470291138,0,0,0,0,0,1,0,0,1,1,1,35.0,35.0,26.0,6.652699009360054,0.0,6.657178590392091,12.151912808892282,10.568021585984072,-10.566279597946432,-0.1918859876601479,1.5839507999508275,1,5.612647566736869,8.267519570472105,0,0,0,6.652699009360054,0.0,6.657178590392091,6.652699009360054,0.0,6.657178590392091,6.652699009360054,6.652699009360054,6.652699009360054,0.0,0,0,1,6.652699009360054,0.0,6.657178590392091,0.0,0.0,0.0,0.0,0.0,0.0,0.0,0.0,0.0,0.0,0.0,6.652699009360054,0.0,0.0,0.0,0.0,0.0,-0.5492686033248901,-0.009173874743282795,-4.213494482888522,-0.1346447295710219,0,1,0.0,3.680577278137207,1.1922212839126587,0.0,0.0,0.0,0.0,0.0,0.0,0.0,0.0,0,2,23,26,34752,5,18,291,1024,0,1,118,178,1,178,177,0,0,0,0,0,0,0,10.568021585984084,0.26269318759441374,8.771967666933916,0.26269318759441374,b1,0,3.689,8.654,1.61,3.689,12.247161403393891,1.61,35,35,0,0,0,0,0,0,1,0,0,0,219,219,97.77090355767405,0,10.568021585984084,0.26269318759441374,1,0,0,0,267,267,158.4981728481548,0,10.568021585984084,0.26269318759441374,1,0,0,0,273,273,219.22544213863557,0,10.568021585984084,0.26269318759441374,1,0,0,0,308,308,138.3723591764644,0,10.568021585984084,0.26269318759441374,1,0,0,0,427,427,185.4138147982536,0,10.568021585984084,0.26269318759441374,1,0,0,0,675,675,298.8167260380835,0,10.568021585984084,0.26269318759441374,1,0,0,0,211,211,91.44286112781562,0,12.151913163999092,0.2312669271721478,1,0,0,0,220,220,103.2256291056365,0,10.568021585984084,0.26269318759441374,9,nuscenes_mf/v1.0-mini/mini_val/325cef682f064c55a255f2625c533b75/856aeb4fa2024f1284c6290a44e9dec5,dev,60
13,ct_joint_full,0,16,8,0,0,0,0,1,16,-1.0,0,9.007124900817871,3.688999891281128,53.495925750915085,0,0,0,0,0.49985289573669434,0.9999377727508545,0,0,0,0,0,1,0,0,1,0,0,0.0,0.0,0.0,12.371922743079933,0.0,12.373503512580317,5.8277913497630465,7.002266880273762,7.001648077645662,0.093090123972461,1.175280704731274,1,4.137597704552887,4.9605408204064325,0,0,1,12.371922743079933,0.0,12.373503512580317,12.371922743079933,0.0,12.373503512580317,12.371922743079933,12.371922743079933,12.371922743079933,0.0,0,0,1,12.371922743079933,0.0,12.373503512580317,0.0,0.0,0.0,0.0,0.0,0.0,0.0,0.0,0.0,0.0,0.0,12.371922743079933,0.0,0.0,0.0,0.0,0.0,-0.40916767716407776,0.015795299783349037,2.0289296258120597,0.07690292014077382,0,1,0.0,3.144649028778076,1.6679996252059937,0.0,0.0,0.0,0.0,0.0,0.0,0.0,0.0,0,2,33,41,34720,16,48,365,1024,2,8,179,185,8,185,177,0,0,0,0,0,0,0,7.002266880273815,0.2441775485873222,6.826305670128512,0.2441775485873222,b1,0,3.689,8.654,1.61,3.689,9.007124468665767,1.61,0,0,0,0,0,0,0,0,1,0,0,0,197,197,55.95023746092339,0,7.002266880273815,0.2441775485873222,1,0,0,0,197,197,90.7019377472112,0,7.002266880273815,0.2441775485873222,1,0,0,0,197,197,125.45363803349902,0,7.002266880273815,0.2441775485873222,1,0,0,0,362,362,86.11749681788498,0,7.002266880273815,0.2441775485873222,1,0,0,0,591,591,122.72475617184772,0,7.002266880273815,0.2441775485873222,1,0,0,0,1383,1383,215.2592748850212,0,7.002266880273815,0.2441775485873222,1,0,0,0,209,209,57.454818636886344,0,5.827791300671004,0.22673813048749536,1,0,0,0,206,206,59.116900666224055,0,7.002266880273815,0.2441775485873222,9,nuscenes_mf/v1.0-mini/mini_val/325cef682f064c55a255f2625c533b75/856aeb4fa2024f1284c6290a44e9dec5,dev,60
14,ct_joint_full,0,0,0,0,0,0,0,0,0,-1.0,0,13.097830772399902,3.688999891281128,77.79181372679002,0,0,0,0,0.49991798400878906,0.9995421171188354,0,0,0,0,0,1,0,0,1,0,1,0.0,0.0,0.0,12.40162107989439,0.0,12.403031942084484,18.592863441209623,16.813587419567238,-16.812937590349428,-0.14785238689580896,1.7792765398578754,1,12.861622086358663,22.940675449753993,0,0,0,12.40162107989439,0.0,12.403031942084484,12.40162107989439,0.0,12.403031942084484,12.40162107989439,12.40162107989439,12.40162107989439,0.0,0,0,1,12.40162107989439,0.0,12.403031942084484,0.0,0.0,0.0,0.0,0.0,0.0,0.0,0.0,0.0,0.0,0.0,12.40162107989439,0.0,0.0,0.0,0.0,0.0,-0.5235866904258728,-0.009557146579027176,-5.471347980084511,-0.0923160816678457,0,1,0.0,3.5115463733673096,1.1447975635528564,0.0,0.0,0.0,0.0,0.0,0.0,0.0,0.0,0,2,64,79,34688,0,0,443,1024,0,0,97,237,0,237,237,0,0,0,0,0,0,0,16.81358741956716,0.1977797135710716,14.591876272441821,0.1977797135710716,b1,0,3.689,8.654,1.61,3.689,13.097831076713003,1.61,0,0,0,0,0,0,0,0,1,0,0,0,130,130,108.7494045037823,0,16.81358741956716,0.1977797135710716,1,0,0,0,161,161,176.29561848128682,0,16.81358741956716,0.1977797135710716,1,0,0,0,189,189,243.84183245879134,0,16.81358741956716,0.1977797135710716,1,0,0,0,185,185,152.09000776002188,0,16.81358741956716,0.1977797135710716,1,0,0,0,261,261,201.87061101626142,0,16.81358741956716,0.1977797135710716,1,0,0,0,617,617,320.75181753024,0,16.81358741956716,0.1977797135710716,1,0,0,0,101,101,99.5335919111449,0,18.592863372041645,0.14906873960970235,1,0,0,0,130,130,115.02469581860517,0,16.81358741956716,0.1977797135710716,9,nuscenes_mf/v1.0-mini/mini_val/325cef682f064c55a255f2625c533b75/856aeb4fa2024f1284c6290a44e9dec5,dev,60
15,ct_joint_full,0,0,0,0,0,0,0,0,0,-1.0,0,9.084431648254395,3.688999891281128,53.955072933445386,0,0,0,0,0.49929308891296387,0.9988150000572205,0,0,0,0,0,1,0,0,1,0,0,0.0,0.0,0.0,16.55820618310394,0.0,16.55850003090068,11.932033899654545,12.829399376149501,12.826769816111286,0.259742830271032,0.8977059272186086,1,32.254157647650565,62.574059456906966,0,0,0,16.55820618310394,0.0,16.55850003090068,16.55820618310394,0.0,16.55850003090068,16.55820618310394,16.55820618310394,16.55820618310394,0.0,0,0,1,16.55820618310394,0.0,16.55850003090068,0.0,0.0,0.0,0.0,0.0,0.0,0.0,0.0,0.0,0.0,0.0,16.55820618310394,0.0,0.0,0.0,0.0,0.0,-0.27903011441230774,0.003341556992381811,3.707939602060962,0.1564856120387001,0,1,0.0,1.6218442916870117,1.6218442916870117,0.0,0.0,0.0,0.0,0.0,0.0,0.0,0.0,0,2,132,153,34688,0,0,736,1024,0,0,367,388,0,388,388,0,0,0,0,0,0,0,12.829399376149489,0.18707203716039655,12.614305545997592,0.18707203716039655,b1,0,3.689,8.654,1.61,3.689,9.08443203391379,1.61,0,0,0,0,0,0,0,0,1,0,0,0,301,301,56.95340824031738,0,12.829399376149489,0.18707203716039655,1,0,0,0,324,324,92.32819596722257,0,12.829399376149489,0.18707203716039655,1,0,0,0,341,341,127.70298369412777,0,12.829399376149489,0.18707203716039655,1,0,0,0,427,427,87.3708593159728,0,12.829399376149489,0.18707203716039655,1,0,0,0,665,665,124.22831038937906,0,12.829399376149489,0.18707203716039655,1,0,0,0,1754,1754,217.26321253619162,0,12.829399376149489,0.18707203716039655,1,0,0,0,350,350,54.92243133493056,0,11.932033870338609,0.17950463405516615,1,0,0,0,310,310,58.89224212190623,0,12.829399376149489,0.18707203716039655,9,nuscenes_mf/v1.0-mini/mini_val/325cef682f064c55a255f2625c533b75/856aeb4fa2024f1284c6290a44e9dec5,dev,60
16,ct_joint_full,0,0,0,0,0,0,0,0,0,-1.0,0,11.509228706359863,3.688999891281128,68.35664555621082,0,0,0,0,0.49930906295776367,0.9994065761566162,0,0,0,0,0,1,0,0,1,0,1,0.0,0.0,0.0,16.304944510201747,0.0,16.30512131450352,21.213563689896127,19.410847958713354,-19.410436381211397,-0.1265289686826763,1.8027168260031479,1,9.496063910539094,14.654943034281617,0,0,0,16.304944510201747,0.0,16.30512131450352,16.304944510201747,0.0,16.30512131450352,16.304944510201747,16.304944510201747,16.304944510201747,0.0,0,0,1,16.304944510201747,0.0,16.30512131450352,0.0,0.0,0.0,0.0,0.0,0.0,0.0,0.0,0.0,0.0,0.0,16.304944510201747,0.0,0.0,0.0,0.0,0.0,-0.7391681671142578,-0.007402313873171806,-8.698145527645018,-0.10421930958805084,0,1,0.0,5.071342945098877,1.7245852947235107,0.0,0.0,0.0,0.0,0.0,0.0,0.0,0.0,0,2,236,283,34688,0,0,629,1024,0,0,99,301,0,301,301,0,0,0,0,0,0,0,19.410847958713376,0.09864720553159712,17.98330929479722,0.09864720553159712,b1,0,3.689,8.654,1.61,3.689,11.509228558568633,1.61,0,0,0,0,0,0,0,0,1,0,0,0,5,5,88.24739601193929,0,19.410847958713376,0.09864720553159712,1,0,0,0,42,42,143.05944322432393,0,19.410847958713376,0.09864720553159712,1,0,0,0,111,111,197.87149043670857,0,19.410847958713376,0.09864720553159712,1,0,0,0,39,39,126.47272558402739,0,19.410847958713376,0.09864720553159712,1,0,0,0,255,255,171.13805515611548,0,19.410847958713376,0.09864720553159712,1,0,0,0,532,532,279.7887143025408,0,19.410847958713376,0.09864720553159712,1,0,0,0,4,4,87.54316963381821,0,21.213563382835318,0.0008301336375453605,1,0,0,0,5,5,94.80707907264141,0,19.410847958713376,0.09864720553159712,9,nuscenes_mf/v1.0-mini/mini_val/325cef682f064c55a255f2625c533b75/856aeb4fa2024f1284c6290a44e9dec5,dev,60
17,ct_joint_full,0,0,0,0,0,0,0,0,0,-1.0,0,8.913270950317383,3.688999891281128,52.93849993272217,0,0,0,0,0.49988698959350586,1.001173496246338,0,0,0,0,0,1,0,0,1,0,0,0.0,0.0,0.0,18.18952886326734,0.0,18.189542878851185,15.532265227693669,16.541016980935165,16.534565308285778,0.4619579388110046,1.0099201526384758,1,17.159911150290565,31.128734816221385,0,0,0,18.18952886326734,0.0,18.189542878851185,18.18952886326734,0.0,18.189542878851185,18.18952886326734,18.18952886326734,18.18952886326734,0.0,0,0,1,18.18952886326734,0.0,18.189542878851185,0.0,0.0,0.0,0.0,0.0,0.0,0.0,0.0,0.0,0.0,0.0,18.18952886326734,0.0,0.0,0.0,0.0,0.0,-0.3909711241722107,0.013684515841305256,6.0111845990661985,0.3487218957015445,0,1,0.0,2.967233657836914,1.661820411682129,0.0,0.0,0.0,0.0,0.0,0.0,0.0,0.0,0,2,521,675,34720,0,0,1027,1024,0,0,482,520,0,521,521,0,0,0,0,0,0,0,16.54101698093511,0.02593154758214955,16.412044490680124,0.02593154758214955,b1,0,3.689,8.654,1.61,3.689,8.913270664561232,1.61,0,0,0,0,0,0,0,0,1,0,0,0,514,514,54.739911212790766,0,16.54101698093511,0.02593154758214955,1,0,0,0,547,547,88.73985606545584,0,16.54101698093511,0.02593154758214955,1,0,0,0,612,612,122.7398009181209,0,16.54101698093511,0.02593154758214955,1,0,0,0,690,690,84.60517588530203,0,16.54101698093511,0.02593154758214955,1,0,0,0,760,760,120.9104405578133,0,16.54101698093511,0.02593154758214955,1,0,0,0,948,948,212.8409699013364,0,16.54101698093511,0.02593154758214955,1,0,0,0,612,612,56.956639161871266,0,15.53226525343164,0.010636126825488867,1,0,0,0,553,553,57.484177718575175,0,16.54101698093511,0.02593154758214955,9,nuscenes_mf/v1.0-mini/mini_val/325cef682f064c55a255f2625c533b75/856aeb4fa2024f1284c6290a44e9dec5,dev,60
18,ct_joint_full,0,0,0,0,0,0,0,0,0,-1.0,0,9.868841171264648,3.688999891281128,58.61390847345848,0,0,0,0,0.5004210472106934,1.0016473531723022,0,0,0,0,0,1,0,0,1,0,0,0.0,0.0,0.0,18.205491155970268,0.0,18.205522573311935,20.575496070964522,19.380859594666113,-19.378864531701417,-0.27805637937995015,1.1946913502570484,1,7.486766425614342,9.886302645692796,0,0,0,18.205491155970268,0.0,18.205522573311935,18.205491155970268,0.0,18.205522573311935,18.205491155970268,18.205491155970268,18.205491155970268,0.0,0,0,1,18.205491155970268,0.0,18.205522573311935,0.0,0.0,0.0,0.0,0.0,0.0,0.0,0.0,0.0,0.0,0.0,18.205491155970268,0.0,0.0,0.0,0.0,0.0,-0.8209468722343445,-0.006554184481501579,-14.137506217071985,-0.3476718462300351,0,1,0.0,6.168943405151367,2.062847852706909,0.0,0.0,0.0,0.0,0.0,0.0,0.0,0.0,0,2,1045,1302,34720,0,0,952,1024,0,0,257,395,0,395,395,0,0,0,0,0,0,0,19.380859594666052,0.02741961181163788,18.773549023323614,0.02741961181163788,b1,0,3.689,8.654,1.61,3.689,9.868841478043853,1.61,0,0,0,0,0,0,0,0,1,0,0,0,31,31,67.07698637461756,0,19.380859594666052,0.02741961181163788,1,0,0,0,63,63,108.73971083090176,0,19.380859594666052,0.02741961181163788,1,0,0,0,130,130,150.40243528718597,0,19.380859594666052,0.02741961181163788,1,0,0,0,35,35,100.02027701954825,0,19.380859594666052,0.02741961181163788,1,0,0,0,49,49,139.40356766597836,0,19.380859594666052,0.02741961181163788,1,0,0,0,718,718,237.4901489595883,0,19.380859594666052,0.02741961181163788,1,0,0,0,17,17,69.48035732729208,0,20.575496149256566,0.026273960350002734,1,0,0,0,31,31,70.80761669518719,0,19.380859594666052,0.02741961181163788,9,nuscenes_mf/v1.0-mini/mini_val/325cef682f064c55a255f2625c533b75/856aeb4fa2024f1284c6290a44e9dec5,dev,60
19,ct_joint_full,0,0,0,0,0,0,0,0,0,-1.0,0,8.713698387145996,3.688999891281128,51.75318062840489,0,0,0,0,0.49987292289733887,0.9994379878044128,0,0,0,0,0,1,0,0,1,0,0,0.0,0.0,0.0,18.673945406957387,0.0,18.674268527456203,17.75633275189925,18.123949690945164,18.118591956143643,0.44068465566179144,0.3677621000106487,1,57.95720807152363,113.7942631927604,0,0,0,18.673945406957387,0.0,18.674268527456203,18.673945406957387,0.0,18.674268527456203,18.673945406957387,18.673945406957387,18.673945406957387,0.0,0,0,1,18.673945406957387,0.0,18.674268527456203,0.0,0.0,0.0,0.0,0.0,0.0,0.0,0.0,0.0,0.0,0.0,18.673945406957387,0.0,0.0,0.0,0.0,0.0,-0.2810162305831909,0.0017320126062259078,13.563937665145444,0.5957778858042277,0,1,0.0,1.6989972591400146,1.6989972591400146,0.0,0.0,0.0,0.0,0.0,0.0,0.0,0.0,0,2,1136,1270,34752,0,0,1061,1024,0,0,466,466,0,466,466,0,0,0,0,0,0,0,18.123949690945253,0.08382214158773416,18.153798594474075,0.08382214158773416,b1,0,3.689,8.654,1.61,3.689,8.71369803951954,1.61,0,0,0,0,0,0,0,0,1,0,0,0,42,42,52.16896789341234,0,18.123949690945253,0.08382214158773416,1,0,0,0,99,99,84.57205354149454,0,18.123949690945253,0.08382214158773416,1,0,0,0,167,167,116.97513918957674,0,18.123949690945253,0.08382214158773416,1,0,0,0,68,68,81.39269331705758,0,18.123949690945253,0.08382214158773416,1,0,0,0,403,403,117.05641874070281,0,18.123949690945253,0.08382214158773416,1,0,0,0,1010,1010,207.7038695872436,0,18.123949690945253,0.08382214158773416,1,0,0,0,44,44,54.556247460542885,0,17.756332720054964,0.09097834370177982,1,0,0,0,42,42,53.075631555061506,0,18.123949690945253,0.08382214158773416,9,nuscenes_mf/v1.0-mini/mini_val/325cef682f064c55a255f2625c533b75/856aeb4fa2024f1284c6290a44e9dec5,dev,60
20,ct_joint_full,0,0,0,0,0,0,0,0,0,-1.0,0,8.70682430267334,3.688999891281128,51.71235344807775,0,0,0,0,0.5006210803985596,1.0009479522705078,0,0,0,0,0,1,0,0,1,0,0,0.0,0.0,0.0,18.304709121997767,0.0,18.30556140306889,19.277712723157258,18.725947382308924,-18.661545598002913,-1.551725827384386,0.5534341238344621,1,5.890141390307898,5.178465411154735,0,0,1,18.304709121997767,0.0,18.30556140306889,18.304709121997767,0.0,18.30556140306889,18.304709121997767,18.304709121997767,18.304709121997767,0.0,0,0,1,18.304709121997767,0.0,18.30556140306889,0.0,0.0,0.0,0.0,0.0,0.0,0.0,0.0,0.0,0.0,0.0,18.304709121997767,0.0,0.0,0.0,0.0,0.0,-0.9192646741867065,-0.005904199089854956,-31.916717709140883,-3.9997118869667094,0,0,0.0,8.38913345336914,3.234814167022705,0.0,0.0,0.0,0.0,0.0,0.0,0.0,0.0,0,2,844,1238,34752,0,0,698,1024,0,0,220,220,0,220,220,0,0,0,0,0,0,0,18.725947382308952,0.15985432863235471,18.699746014382264,0.15985432863235471,b1,0,3.689,8.654,1.61,3.689,8.70682475656545,1.61,0,0,0,0,0,0,0,0,1,0,0,0,70,70,52.08001213106793,0,18.725947382308952,0.15985432863235471,1,0,0,0,134,134,84.42784575284925,0,18.725947382308952,0.15985432863235471,1,0,0,0,195,195,116.77567937463057,0,18.725947382308952,0.15985432863235471,1,0,0,0,91,91,81.28154761679006,0,18.725947382308952,0.15985432863235471,1,0,0,0,188,188,116.92308310326192,0,18.725947382308952,0.15985432863235471,1,0,0,0,830,830,207.5261540717073,0,18.725947382308952,0.15985432863235471,1,0,0,0,65,65,55.96174826052307,0,19.27771274589156,0.19084665341550489,1,0,0,0,70,70,53.666558276774225,0,18.725947382308952,0.15985432863235471,9,nuscenes_mf/v1.0-mini/mini_val/325cef682f064c55a255f2625c533b75/856aeb4fa2024f1284c6290a44e9dec5,dev,60
21,ct_joint_full,0,0,0,0,0,0,0,0,0,-1.0,0,8.668773651123047,3.688999891281128,51.48635959848391,0,0,0,0,0.5002570152282715,1.0000200271606445,0,0,0,0,0,1,0,0,1,0,0,0.0,0.0,0.0,18.55596038088385,0.0,18.55745473697567,17.721717591840896,18.319409646762438,18.285240696840837,1.1183701893675424,0.599006743238668,1,7.4637496393848135,9.396081670508519,0,0,0,18.55596038088385,0.0,18.55745473697567,18.55596038088385,0.0,18.55745473697567,18.55596038088385,18.55596038088385,18.55596038088385,0.0,0,0,1,18.55596038088385,0.0,18.55745473697567,0.0,0.0,0.0,0.0,0.0,0.0,0.0,0.0,0.0,0.0,0.0,18.55596038088385,0.0,0.0,0.0,0.0,0.0,-0.743424654006958,0.004993570502847433,21.950496887049745,2.2856461062915923,0,0,0.0,6.023104667663574,2.638223886489868,0.0,0.0,0.0,0.0,0.0,0.0,0.0,0.0,0,2,448,722,34752,0,0,423,1024,0,0,66,67,0,67,67,0,0,0,0,0,0,0,18.31940964676251,0.2266415596008301,18.312213533550715,0.2266415596008301,b1,0,3.689,8.654,1.61,3.689,8.668773394098517,1.61,0,0,0,0,0,0,0,0,1,0,0,0,63,63,51.58785392655992,0,18.31940964676251,0.2266415596008301,1,0,0,0,114,114,83.62999922255986,0,18.31940964676251,0.2266415596008301,1,0,0,0,181,181,115.6721445185598,0,18.31940964676251,0.2266415596008301,1,0,0,0,102,102,80.66661524909084,0,18.31940964676251,0.2266415596008301,1,0,0,0,342,342,116.18537657087205,0,18.31940964676251,0.2266415596008301,1,0,0,0,740,740,206.54289921368476,0,18.31940964676251,0.2266415596008301,1,0,0,0,73,73,55.75820357629351,0,17.72171758800444,0.2410972443120577,1,0,0,0,65,65,53.260493990757,0,18.31940964676251,0.2266415596008301,9,nuscenes_mf/v1.0-mini/mini_val/325cef682f064c55a255f2625c533b75/856aeb4fa2024f1284c6290a44e9dec5,dev,60
22,ct_joint_full,0,0,0,0,0,0,0,0,0,-1.0,0,8.670740127563477,3.688999891281128,51.49803907210135,0,0,0,0,0.5004239082336426,0.9999697208404541,0,0,0,0,0,1,0,0,1,0,0,0.0,0.0,0.0,18.22050471030852,0.0,18.222865654640476,18.961535782415133,18.53899171527541,-18.50954344506107,-1.0445238382862614,0.4232745841407034,1,10.29573473424597,15.93469995440808,0,0,0,18.22050471030852,0.0,18.222865654640476,18.22050471030852,0.0,18.222865654640476,18.22050471030852,18.22050471030852,18.22050471030852,0.0,0,0,1,18.22050471030852,0.0,18.222865654640476,0.0,0.0,0.0,0.0,0.0,0.0,0.0,0.0,0.0,0.0,0.0,18.22050471030852,0.0,0.0,0.0,0.0,0.0,-0.6175245046615601,0.0030053723603487015,-27.621628544521283,-2.4248335514280894,0,0,0.0,4.67009162902832,2.197249174118042,0.0,0.0,0.0,0.0,0.0,0.0,0.0,0.0,0,2,334,404,34784,0,0,343,1024,0,0,34,34,0,34,34,0,0,0,0,0,0,0,18.538991715275465,0.28550086617469783,18.54728697043003,0.28550086617469783,b1,0,3.689,8.654,1.61,3.689,8.670739815035478,1.61,0,0,0,0,0,0,0,0,1,0,0,0,57,57,51.61430729839952,0,18.538991715275465,0.28550086617469783,1,0,0,0,99,99,83.67288326013835,0,18.538991715275465,0.28550086617469783,1,0,0,0,163,163,115.73145922187717,0,18.538991715275465,0.28550086617469783,1,0,0,0,64,64,80.69964898431675,0,18.538991715275465,0.28550086617469783,1,0,0,0,146,146,116.22499067248313,0,18.538991715275465,0.28550086617469783,1,0,0,0,398,398,206.59567404656676,0,18.538991715275465,0.28550086617469783,1,0,0,0,56,56,54.47606285562379,0,18.961535811208282,0.29238359896342014,1,0,0,0,57,57,52.695147139925446,0,18.538991715275465,0.28550086617469783,9,nuscenes_mf/v1.0-mini/mini_val/325cef682f064c55a255f2625c533b75/856aeb4fa2024f1284c6290a44e9dec5,dev,60
23,ct_joint_full,0,0,0,0,0,0,0,0,0,-1.0,0,8.688358306884766,3.688999891281128,51.60267854620839,0,0,0,0,0.500432014465332,1.0001829862594604,0,0,0,0,0,1,0,0,1,0,0,0.0,0.0,0.0,18.380087351153836,0.0,18.383415866469125,17.73857675689389,18.254403205453176,18.21960566585551,1.1265885794180788,0.5168766022740598,1,7.383660102769965,9.327363778919446,0,0,0,18.380087351153836,0.0,18.383415866469125,18.380087351153836,0.0,18.383415866469125,18.380087351153836,18.380087351153836,18.380087351153836,0.0,0,0,1,18.380087351153836,0.0,18.383415866469125,0.0,0.0,0.0,0.0,0.0,0.0,0.0,0.0,0.0,0.0,0.0,18.380087351153836,0.0,0.0,0.0,0.0,0.0,-0.772983968257904,0.0013384198537096381,26.474273821199443,2.671934172982865,0,0,0.0,6.030787944793701,2.517082929611206,0.0,0.0,0.0,0.0,0.0,0.0,0.0,0.0,0,2,186,196,34784,0,0,264,1024,0,0,29,29,0,29,29,0,0,0,0,0,0,0,18.25440320545319,0.3433270677924156,18.237276367425473,0.3433270677924156,b1,0,3.689,8.654,1.61,3.689,8.688358747181537,1.61,0,0,0,0,0,0,0,0,1,0,0,0,47,47,51.84200908459258,0,18.25440320545319,0.3433270677924156,1,0,0,0,85,85,84.04201472719667,0,18.25440320545319,0.3433270677924156,1,0,0,0,128,128,116.24202036980076,0,18.25440320545319,0.3433270677924156,1,0,0,0,52,52,80.98415678170045,0,18.25440320545319,0.3433270677924156,1,0,0,0,79,79,116.5663044773089,0,18.25440320545319,0.3433270677924156,1,0,0,0,174,174,207.05059987077493,0,18.25440320545319,0.3433270677924156,1,0,0,0,49,49,54.97845600774725,0,17.738576779144648,0.350894329455988,1,0,0,0,47,47,53.147790129394934,0,18.25440320545319,0.3433270677924156,9,nuscenes_mf/v1.0-mini/mini_val/325cef682f064c55a255f2625c533b75/856aeb4fa2024f1284c6290a44e9dec5,dev,60
24,ct_joint_full,0,0,0,0,0,0,0,0,0,-1.0,0,8.662123680114746,3.688999891281128,51.44686349298708,0,0,0,0,0.5010008811950684,1.0011448860168457,0,0,0,0,0,1,0,0,1,0,0,0.0,0.0,0.0,18.06105093989149,0.0,18.06554127398084,18.664616092630883,18.388570137498732,-18.340605038963464,-1.3273044016666944,0.2768322228729897,1,18.349806075619785,33.261259447191414,0,0,0,18.06105093989149,0.0,18.06554127398084,18.06105093989149,0.0,18.06554127398084,18.06105093989149,18.06105093989149,18.06105093989149,0.0,0,0,1,18.06105093989149,0.0,18.06554127398084,0.0,0.0,0.0,0.0,0.0,0.0,0.0,0.0,0.0,0.0,0.0,18.06105093989149,0.0,0.0,0.0,0.0,0.0,-0.4439351260662079,0.002570442156866193,-29.855592831202177,-3.3213709272731644,0,0,0.0,3.2083401679992676,1.739195466041565,0.0,0.0,0.0,0.0,0.0,0.0,0.0,0.0,0,2,82,100,34720,0,0,158,1024,0,0,12,12,0,12,12,0,0,0,0,0,0,0,18.38857013749871,0.3998112112283706,18.38451454777061,0.3998112112283706,b1,0,3.689,8.654,1.61,3.689,8.662123221527098,1.61,0,0,0,0,0,0,0,0,1,0,0,0,29,29,51.50299843247981,0,18.38857013749871,0.3998112112283706,1,0,0,0,68,68,83.4924384526536,0,18.38857013749871,0.3998112112283706,1,0,0,0,99,99,115.48187847282739,0,18.38857013749871,0.3998112112283706,1,0,0,0,29,29,80.56057038179135,0,18.38857013749871,0.3998112112283706,1,0,0,0,32,32,116.05814233035318,0,18.38857013749871,0.3998112112283706,1,0,0,0,85,85,206.37328622897624,0,18.38857013749871,0.3998112112283706,1,0,0,0,29,29,53.68371502914968,0,18.664616101400817,0.40596641326086713,1,0,0,0,29,29,52.275448049319216,0,18.38857013749871,0.3998112112283706,9,nuscenes_mf/v1.0-mini/mini_val/325cef682f064c55a255f2625c533b75/856aeb4fa2024f1284c6290a44e9dec5,dev,60
25,ct_joint_full,0,0,0,0,0,0,0,0,0,-1.0,0,8.687999725341797,3.688999891281128,51.600548826479894,0,0,0,0,0.4998331069946289,0.998235821723938,0,0,0,0,0,1,0,0,1,0,0,0.0,0.0,0.0,18.29870598829258,0.0,18.303515951760232,17.62252344576964,18.094503243744487,18.07283245586285,0.885312998717008,0.4725473045097456,1,7.549642865252663,9.857916363859513,0,0,0,18.29870598829258,0.0,18.303515951760232,18.29870598829258,0.0,18.303515951760232,18.29870598829258,18.29870598829258,18.29870598829258,0.0,0,0,1,18.29870598829258,0.0,18.303515951760232,0.0,0.0,0.0,0.0,0.0,0.0,0.0,0.0,0.0,0.0,0.0,18.29870598829258,0.0,0.0,0.0,0.0,0.0,-0.7689626216888428,-0.0006901987944729626,28.640441933755824,2.24197887923783,0,0,0.0,5.797313690185547,2.370948076248169,0.0,0.0,0.0,0.0,0.0,0.0,0.0,0.0,0,2,49,51,34688,0,0,135,1024,0,0,1,1,0,1,1,0,0,0,0,0,0,0,18.094503243744533,0.41276602208614344,18.07751741915725,0.41276602208614344,b1,0,3.689,8.654,1.61,3.689,8.688000155878605,1.61,0,0,0,0,0,0,0,0,1,0,0,0,34,34,51.83740590622649,0,18.094503243744533,0.41276602208614344,1,0,0,0,58,58,84.034552431833,0,18.094503243744533,0.41276602208614344,1,0,0,0,87,87,116.23169895743952,0,18.094503243744533,0.41276602208614344,1,0,0,0,34,34,80.97840465135408,0,18.094503243744533,0.41276602208614344,1,0,0,0,37,37,116.55940339423253,0,18.094503243744533,0.41276602208614344,1,0,0,0,65,65,207.04140088223858,0,18.094503243744533,0.41276602208614344,1,0,0,0,34,34,54.566035667524694,0,17.622523429964325,0.41483338686431315,1,0,0,0,34,34,52.89638866509435,0,18.094503243744533,0.41276602208614344,9,nuscenes_mf/v1.0-mini/mini_val/325cef682f064c55a255f2625c533b75/856aeb4fa2024f1284c6290a44e9dec5,dev,60
26,ct_joint_full,0,0,0,0,0,0,0,0,0,-1.0,0,8.67168140411377,3.688999891281128,51.503629586388655,0,0,0,0,0.49988508224487305,0.9989370703697205,0,0,0,0,0,1,0,0,1,0,0,0.0,0.0,0.0,17.984600604291376,0.0,17.9899074838855,18.676193969093354,18.281393006037337,-18.218006847009047,-1.5210407323314394,0.39622400799939506,1,10.739124096741767,16.978813007097425,0,0,0,17.984600604291376,0.0,17.9899074838855,17.984600604291376,0.0,17.9899074838855,17.984600604291376,17.984600604291376,17.984600604291376,0.0,0,0,1,17.984600604291376,0.0,17.9899074838855,0.0,0.0,0.0,0.0,0.0,0.0,0.0,0.0,0.0,0.0,0.0,17.984600604291376,0.0,0.0,0.0,0.0,0.0,-0.6058316230773926,0.0022874718997627497,-28.4614771623064,-3.6672517484572222,0,0,0.0,4.4903693199157715,2.1123108863830566,0.0,0.0,0.0,0.0,0.0,0.0,0.0,0.0,0,2,20,20,34720,0,0,118,1024,0,0,6,6,0,6,6,0,0,0,0,0,0,0,18.28139300603732,0.4295895022153854,18.290151095393675,0.4295895022153854,b1,0,3.689,8.654,1.61,3.689,8.671681647524256,1.61,0,0,0,0,0,0,0,0,1,0,0,0,34,34,51.6266335275164,0,18.28139300603732,0.4295895022153854,1,0,0,0,60,60,83.69286553218497,0,18.28139300603732,0.4295895022153854,1,0,0,0,86,86,115.75909753685353,0,18.28139300603732,0.4295895022153854,1,0,0,0,36,36,80.7150474721892,0,18.28139300603732,0.4295895022153854,1,0,0,0,38,38,116.24346141686199,0,18.28139300603732,0.4295895022153854,1,0,0,0,57,57,206.62028930845673,0,18.28139300603732,0.4295895022153854,1,0,0,0,34,34,54.2874655821236,0,18.676193967595875,0.4373816518074648,1,0,0,0,34,34,52.63328254755634,0,18.28139300603732,0.4295895022153854,9,nuscenes_mf/v1.0-mini/mini_val/325cef682f064c55a255f2625c533b75/856aeb4fa2024f1284c6290a44e9dec5,dev,60
27,ct_joint_full,0,0,0,0,0,0,0,0,0,-1.0,0,8.688257217407227,3.688999891281128,51.602078146497696,0,0,0,0,0.49932098388671875,0.9989234805107117,0,0,0,0,0,1,0,0,1,0,0,0.0,0.0,0.0,17.932994095062206,0.0,17.938804740588758,17.533144420563392,18.01899053926,17.980159911885966,1.1823211384599464,0.48695838497843874,1,7.686736875312756,10.118463026557825,0,0,0,17.932994095062206,0.0,17.938804740588758,17.932994095062206,0.0,17.938804740588758,17.932994095062206,17.932994095062206,17.932994095062206,0.0,0,0,1,17.932994095062206,0.0,17.938804740588758,0.0,0.0,0.0,0.0,0.0,0.0,0.0,0.0,0.0,0.0,0.0,17.932994095062206,0.0,0.0,0.0,0.0,0.0,-0.747410774230957,0.0012019629357382655,26.849550218573587,2.8622577110406113,0,0,0.0,5.720357894897461,2.4192895889282227,0.0,0.0,0.0,0.0,0.0,0.0,0.0,0.0,0,2,10,20,34688,0,0,105,1024,0,0,5,5,0,5,5,0,0,0,0,0,0,0,18.01899053925996,0.4469352158904075,18.001917120372937,0.4469352158904075,b1,0,3.689,8.654,1.61,3.689,8.688256951088071,1.61,0,0,0,0,0,0,0,0,1,0,0,0,31,31,51.84070256208071,0,18.01899053925996,0.4469352158904075,1,0,0,0,54,54,84.03989670001903,0,18.01899053925996,0.4469352158904075,1,0,0,0,75,75,116.23909083795735,0,18.01899053925996,0.4469352158904075,1,0,0,0,36,36,80.98252414530145,0,18.01899053925996,0.4469352158904075,1,0,0,0,39,39,116.56434573077134,0,18.01899053925996,0.4469352158904075,1,0,0,0,69,69,207.0479889002117,0,18.01899053925996,0.4469352158904075,1,0,0,0,34,34,54.70432959700747,0,17.533144412742853,0.4544027339221648,1,0,0,0,31,31,52.97984351705902,0,18.01899053925996,0.4469352158904075,9,nuscenes_mf/v1.0-mini/mini_val/325cef682f064c55a255f2625c533b75/856aeb4fa2024f1284c6290a44e9dec5,dev,60
28,ct_joint_full,0,0,0,0,0,0,0,0,0,-1.0,0,8.706323623657227,3.688999891281128,51.70937977026536,0,0,0,0,0.4998810291290283,1.000556468963623,0,0,0,0,0,1,0,0,1,0,0,0.0,0.0,0.0,17.667164631439547,0.0,17.673423451874136,17.94625042825507,17.883396535940577,-16.804645226561643,-6.117171181423713,0.06691353051419277,1,103.86505953333723,206.85870005412792,0,0,0,17.667164631439547,0.0,17.673423451874136,17.667164631439547,0.0,17.673423451874136,17.667164631439547,17.667164631439547,17.667164631439547,0.0,0,0,1,17.667164631439547,0.0,17.673423451874136,0.0,0.0,0.0,0.0,0.0,0.0,0.0,0.0,0.0,0.0,0.0,17.667164631439547,0.0,0.0,0.0,0.0,0.0,-0.13210609555244446,0.00032569345785304904,-33.30923915605272,-17.951569908051567,0,0,0.0,1.2434065341949463,1.2434065341949463,0.0,0.0,0.0,0.0,0.0,0.0,0.0,0.0,0,2,6,6,34720,0,0,77,1024,0,0,4,4,0,4,4,0,0,0,0,0,0,0,17.88339653594062,0.466550443470478,17.907963284083202,0.466550443470478,b1,0,3.689,8.654,1.61,3.689,8.706323257790897,1.61,0,0,0,0,0,0,0,0,1,0,0,0,34,34,52.073886247714995,0,17.88339653594062,0.466550443470478,1,0,0,0,49,49,84.4179149730038,0,17.88339653594062,0.466550443470478,1,0,0,0,68,68,116.76194369829261,0,17.88339653594062,0.466550443470478,1,0,0,0,38,38,81.27388694829774,0,17.88339653594062,0.466550443470478,1,0,0,0,41,41,116.91388764738107,0,17.88339653594062,0.466550443470478,1,0,0,0,69,69,207.51388905229516,0,17.88339653594062,0.466550443470478,1,0,0,0,34,34,52.77557834178681,0,17.94625042851996,0.47674686234726793,1,0,0,0,34,34,53.320497847254906,0,17.88339653594062,0.466550443470478,9,nuscenes_mf/v1.0-mini/mini_val/325cef682f064c55a255f2625c533b75/856aeb4fa2024f1284c6290a44e9dec5,dev,60
29,ct_joint_full,0,0,0,0,0,0,0,0,0,-1.0,0,8.662118911743164,3.688999891281128,51.44683517224601,0,0,0,0,0.49987077713012695,1.000540018081665,0,0,0,0,0,1,0,0,1,0,1,0.0,0.0,0.0,17.61874622799576,0.0,17.625565458939157,17.34867702778367,17.6754946705784,17.666823933335845,-0.5535894785542571,0.3270064879958937,1,9.226998145491365,13.857015838445193,0,0,0,17.61874622799576,0.0,17.625565458939157,17.61874622799576,0.0,17.625565458939157,17.61874622799576,17.61874622799576,17.61874622799576,0.0,0,0,1,17.61874622799576,0.0,17.625565458939157,0.0,0.0,0.0,0.0,0.0,0.0,0.0,0.0,0.0,0.0,0.0,17.61874622799576,0.0,0.0,0.0,0.0,0.0,-0.678752064704895,-0.0023364766966551542,35.991551189089456,-1.688135130269746,0,0,0.0,4.757978916168213,2.093143939971924,0.0,0.0,0.0,0.0,0.0,0.0,0.0,0.0,0,2,4,4,34720,0,0,62,1024,0,0,5,5,0,5,5,0,0,0,0,0,0,0,17.67549467057842,0.4793088292479515,17.671467549416572,0.4793088292479515,b1,0,3.689,8.654,1.61,3.689,8.662118589096204,1.61,0,0,0,0,0,0,0,0,1,0,0,0,19,19,51.503139082700955,0,17.67549467057842,0.4793088292479515,1,0,0,0,38,38,83.49266646326055,0,17.67549467057842,0.4793088292479515,1,0,0,0,56,56,115.48219384382014,0,17.67549467057842,0.4793088292479515,1,0,0,0,28,28,80.56074243606069,0,17.67549467057842,0.4793088292479515,1,0,0,0,34,34,116.05834579316901,0,17.67549467057842,0.4793088292479515,1,0,0,0,45,45,206.37355250213764,0,17.67549467057842,0.4793088292479515,1,0,0,0,20,20,53.53639610403848,0,17.348677032955997,0.4815994693639901,1,0,0,0,19,19,51.98947551487303,0,17.67549467057842,0.4793088292479515,9,nuscenes_mf/v1.0-mini/mini_val/325cef682f064c55a255f2625c533b75/856aeb4fa2024f1284c6290a44e9dec5,dev,60
30,ct_joint_full,0,0,0,0,0,0,0,0,0,-1.0,0,8.704410552978516,3.688999891281128,51.6980174889479,0,0,0,0,0.4993250370025635,0.9988979697227478,0,0,0,0,0,1,0,0,1,0,1,0.0,0.0,0.0,17.633893053852987,0.0,17.644908830419144,17.559778797217426,17.513508419299946,-14.146861057197377,10.324209614884111,0.05710000681077086,1,108.57928020058031,216.4614957630228,0,0,0,17.633893053852987,0.0,17.644908830419144,17.633893053852987,0.0,17.644908830419144,17.633893053852987,17.633893053852987,17.633893053852987,0.0,0,0,1,17.633893053852987,0.0,17.644908830419144,0.0,0.0,0.0,0.0,0.0,0.0,0.0,0.0,0.0,0.0,0.0,17.633893053852987,0.0,0.0,0.0,0.0,0.0,-0.11818043142557144,0.0005933590000495315,-29.398242398109918,31.375301187946807,0,0,0.0,1.190372347831726,1.190372347831726,0.0,0.0,0.0,0.0,0.0,0.0,0.0,0.0,0,2,2,2,34720,0,0,47,1024,0,0,14,14,0,14,14,0,0,0,0,0,0,0,17.51350841930005,0.6202439197301864,17.533932226892023,0.6202439197301864,b1,0,3.689,8.654,1.61,3.689,8.704410930997177,1.61,0,0,0,0,0,0,0,0,1,0,0,0,22,22,52.049204402915215,0,17.51350841930005,0.6202439197301864,1,0,0,0,22,22,84.37790278981906,0,17.51350841930005,0.6202439197301864,1,0,0,0,31,31,116.70660117672291,0,17.51350841930005,0.6202439197301864,1,0,0,0,29,29,81.24304699141068,0,17.51350841930005,0.6202439197301864,1,0,0,0,34,34,116.87688957990615,0,17.51350841930005,0.6202439197301864,1,0,0,0,38,38,207.46457475914625,0,17.51350841930005,0.6202439197301864,1,0,0,0,20,20,51.538279384480525,0,17.55977878962881,0.6329573332476375,1,0,0,0,22,22,52.14913953748877,0,17.51350841930005,0.6202439197301864,9,nuscenes_mf/v1.0-mini/mini_val/325cef682f064c55a255f2625c533b75/856aeb4fa2024f1284c6290a44e9dec5,dev,60
31,ct_joint_full,0,0,0,0,0,0,0,0,0,-1.0,0,8.703935623168945,3.688999891281128,51.69519674313728,0,0,0,0,0.49987196922302246,1.0005486011505127,0,0,0,0,0,1,0,0,1,0,1,0.0,0.0,0.0,17.782358446999,0.0,17.79880465671808,17.68122180935864,17.619401477476075,-17.60526726787768,-0.7056037679657705,0.0618614539508356,1,103.6171608443694,206.41812673720452,0,0,0,17.782358446999,0.0,17.79880465671808,17.782358446999,0.0,17.79880465671808,17.782358446999,17.782358446999,17.782358446999,0.0,0,0,1,17.782358446999,0.0,17.79880465671808,0.0,0.0,0.0,0.0,0.0,0.0,0.0,0.0,0.0,0.0,0.0,17.782358446999,0.0,0.0,0.0,0.0,0.0,-0.14086012542247772,-0.000711031083483249,-40.22875810185832,-2.2984949721740633,0,0,0.0,1.2263579368591309,1.2263579368591309,0.0,0.0,0.0,0.0,0.0,0.0,0.0,0.0,0,2,2,2,34720,0,0,32,1024,0,0,4,4,0,4,4,0,0,0,0,0,0,0,17.619401477476107,0.7533966627120972,17.59445829673368,0.7533966627120972,b1,0,3.689,8.654,1.61,3.689,8.70393571085833,1.61,0,0,0,0,0,0,0,0,1,0,0,0,21,21,52.043070634813056,0,17.619401477476107,0.7533966627120972,1,0,0,0,21,21,84.36795922786465,0,17.619401477476107,0.7533966627120972,1,0,0,0,35,35,116.69284782091623,0,17.619401477476107,0.7533966627120972,1,0,0,0,24,24,81.23538285473829,0,17.619401477476107,0.7533966627120972,1,0,0,0,24,24,116.86769507466352,0,17.619401477476107,0.7533966627120972,1,0,0,0,35,35,207.4523195152637,0,17.619401477476107,0.7533966627120972,1,0,0,0,21,21,52.357072823844206,0,17.68122180020471,0.7546070621566586,1,0,0,0,21,21,52.3222330659031,0,17.619401477476107,0.7533966627120972,9,nuscenes_mf/v1.0-mini/mini_val/325cef682f064c55a255f2625c533b75/856aeb4fa2024f1284c6290a44e9dec5,dev,60
32,ct_joint_full,0,0,0,0,0,0,0,0,0,-1.0,0,8.65895938873291,3.688999891281128,51.42806984921274,0,0,0,0,0.49993014335632324,1.0006637573242188,0,0,0,0,0,1,0,0,1,0,1,0.0,0.0,0.0,17.788620476717075,0.0,17.8113297986156,17.9648737553781,17.723602432225672,-17.722680495199842,-0.1808518233687026,0.24127931088070823,1,13.151348233185386,22.443920612260055,0,0,0,17.788620476717075,0.0,17.8113297986156,17.788620476717075,0.0,17.8113297986156,17.788620476717075,17.788620476717075,17.788620476717075,0.0,0,0,1,17.788620476717075,0.0,17.8113297986156,0.0,0.0,0.0,0.0,0.0,0.0,0.0,0.0,0.0,0.0,0.0,17.788620476717075,0.0,0.0,0.0,0.0,0.0,-0.5463660359382629,-0.00157455715816468,-40.6786522329714,-0.5881814910078086,0,1,0.0,3.741739273071289,1.8401321172714233,0.0,0.0,0.0,0.0,0.0,0.0,0.0,0.0,0,2,1,10,34720,0,0,32,1024,0,0,1,1,0,1,1,0,0,0,0,0,0,0,17.72360243222571,0.8949674963355064,17.7211371000584,0.8949674963355064,b1,0,3.689,8.654,1.61,3.689,8.658959692374285,1.61,0,0,0,0,0,0,0,0,1,0,0,0,12,12,51.46245836277493,0,17.72360243222571,0.8949674963355064,1,0,0,0,24,24,83.42671821543017,0,17.72360243222571,0.8949674963355064,1,0,0,0,32,32,115.3909780680854,0,17.72360243222571,0.8949674963355064,1,0,0,0,13,13,80.50991023160053,0,17.72360243222571,0.8949674963355064,1,0,0,0,13,13,115.99736210267527,0,17.72360243222571,0.8949674963355064,1,0,0,0,18,18,206.2922658410762,0,17.72360243222571,0.8949674963355064,1,0,0,0,12,12,53.209600540555726,0,17.964873742507294,0.9086449772965725,1,0,0,0,12,12,51.95352812557785,0,17.72360243222571,0.8949674963355064,9,nuscenes_mf/v1.0-mini/mini_val/325cef682f064c55a255f2625c533b75/856aeb4fa2024f1284c6290a44e9dec5,dev,60
33,ct_joint_full,0,0,0,0,0,0,0,0,0,-1.0,0,8.675594329833984,3.688999891281128,51.526869586511054,0,0,0,0,0.4998440742492676,0.9998860359191895,0,0,0,0,0,1,0,0,1,0,1,0.0,0.0,0.0,17.843034334224406,0.0,17.873252763983857,17.7584597652288,17.702708964679953,-17.652729418589793,-1.3293111152324666,0.05590841366377526,1,111.15237278254676,221.61172855917312,0,0,0,17.843034334224406,0.0,17.873252763983857,17.843034334224406,0.0,17.873252763983857,17.843034334224406,17.843034334224406,17.843034334224406,0.0,0,0,1,17.843034334224406,0.0,17.873252763983857,0.0,0.0,0.0,0.0,0.0,0.0,0.0,0.0,0.0,0.0,0.0,17.843034334224406,0.0,0.0,0.0,0.0,0.0,-0.1252404749393463,1.13049172796309e-05,-39.6691340132358,-4.278423159173832,0,0,0.0,1.1891683340072632,1.1891683340072632,0.0,0.0,0.0,0.0,0.0,0.0,0.0,0.0,0,2,2,2,34720,0,0,35,1024,0,0,4,4,0,4,4,0,0,0,0,0,0,0,17.70270896467998,1.0291388826966286,17.713475706431854,1.0291388826966286,b1,0,3.689,8.654,1.61,3.689,8.675594678571942,1.61,0,0,0,0,0,0,0,0,1,0,0,0,22,22,51.6773113972135,0,17.70270896467998,1.0291388826966286,1,0,0,0,22,22,83.77502033958213,0,17.70270896467998,1.0291388826966286,1,0,0,0,32,32,115.87272928195075,0,17.70270896467998,1.0291388826966286,1,0,0,0,26,26,80.77836626148785,0,17.70270896467998,1.0291388826966286,1,0,0,0,26,26,116.31942112426276,0,17.70270896467998,1.0291388826966286,1,0,0,0,31,31,206.72153085431088,0,17.70270896467998,1.0291388826966286,1,0,0,0,22,22,51.951748372947144,0,17.758459768098092,1.0314598818349885,1,0,0,0,22,22,52.02288890072507,0,17.70270896467998,1.0291388826966286,9,nuscenes_mf/v1.0-mini/mini_val/325cef682f064c55a255f2625c533b75/856aeb4fa2024f1284c6290a44e9dec5,dev,60
34,ct_joint_full,0,0,0,0,0,0,0,0,0,-1.0,0,8.663851737976074,3.688999891281128,51.457126929551,0,0,0,0,0.4998798370361328,0.9999854564666748,0,0,0,0,0,1,0,0,1,0,1,0.0,0.0,0.0,17.84296789460814,0.0,17.881257041719387,17.910362611090097,17.789196510809322,-17.788575006758702,0.14871854200591467,0.12117335659762701,1,34.08000988649998,65.94222732161828,0,0,0,17.84296789460814,0.0,17.881257041719387,17.84296789460814,0.0,17.881257041719387,17.84296789460814,17.84296789460814,17.84296789460814,0.0,0,0,1,17.84296789460814,0.0,17.881257041719387,0.0,0.0,0.0,0.0,0.0,0.0,0.0,0.0,0.0,0.0,0.0,17.84296789460814,0.0,0.0,0.0,0.0,0.0,-0.30335405468940735,-0.0011057432275265455,-44.83670135651961,0.5166823027252058,0,1,0.0,2.1907730102539062,1.3835347890853882,0.0,0.0,0.0,0.0,0.0,0.0,0.0,0.0,0,2,3,3,34720,0,0,33,1024,0,0,2,2,0,2,2,0,0,0,0,0,0,0,17.789196510809237,1.1688888838291167,17.784272079713045,1.1688888838291167,b1,0,3.689,8.654,1.61,3.689,8.663851672410106,1.61,0,0,0,0,0,0,0,0,1,0,0,0,17,17,51.52572330906523,0,17.789196510809237,1.1688888838291167,1,0,0,0,30,30,83.5292781594163,0,17.789196510809237,1.1688888838291167,1,0,0,0,38,38,115.53283300976736,0,17.789196510809237,1.1688888838291167,1,0,0,0,19,19,80.58895744995216,0,17.789196510809237,1.1688888838291167,1,0,0,0,21,21,116.0921915915888,0,17.789196510809237,1.1688888838291167,1,0,0,0,26,26,206.4186598741124,0,17.789196510809237,1.1688888838291167,1,0,0,0,17,17,52.41517950803883,0,17.910362607057728,1.1800344952907826,1,0,0,0,17,17,51.79786661725009,0,17.789196510809237,1.1688888838291167,9,nuscenes_mf/v1.0-mini/mini_val/325cef682f064c55a255f2625c533b75/856aeb4fa2024f1284c6290a44e9dec5,dev,60
35,ct_joint_full,0,0,0,0,0,0,0,0,0,-1.0,0,8.6542387008667,3.688999891281128,51.40003231555301,0,0,0,0,0.5004220008850098,1.0011204481124878,0,0,0,0,0,1,0,0,1,0,1,0.0,0.0,0.0,18.125065703809867,0.0,18.17185417824001,17.956875229202634,17.906770875058303,-17.8849327662933,-0.8841103414417656,0.05016388646054281,1,124.00736550559205,247.49681069591844,0,0,0,18.125065703809867,0.0,18.17185417824001,18.125065703809867,0.0,18.17185417824001,18.125065703809867,18.125065703809867,18.125065703809867,0.0,0,0,1,18.125065703809867,0.0,18.17185417824001,0.0,0.0,0.0,0.0,0.0,0.0,0.0,0.0,0.0,0.0,0.0,18.125065703809867,0.0,0.0,0.0,0.0,0.0,-0.12455356866121292,-0.00010441936319693923,-44.53164787624466,-3.0605247558334905,0,0,0.0,1.138236403465271,1.138236403465271,0.0,0.0,0.0,0.0,0.0,0.0,0.0,0.0,0,2,1,1,34720,0,0,11,1024,0,0,0,0,0,0,0,0,0,0,0,0,0,0,17.90677087505827,1.3005512404441832,17.906889826727774,1.3005512404441832,b1,0,3.689,8.654,1.61,3.689,8.65423861707821,1.61,0,0,0,0,0,0,0,0,1,0,0,0,12,12,51.40168185743039,0,17.90677087505827,1.3005512404441832,1,0,0,0,16,16,83.32819232788404,0,17.90677087505827,1.3005512404441832,1,0,0,0,16,16,115.25470279833769,0,17.90677087505827,1.3005512404441832,1,0,0,0,12,12,80.43396712213291,0,17.90677087505827,1.3005512404441832,1,0,0,0,12,12,115.90625238683543,0,17.90677087505827,1.3005512404441832,1,0,0,0,12,12,206.17082291923933,0,17.90677087505827,1.3005512404441832,1,0,0,0,12,12,51.96275223579884,0,17.95687522529776,1.2989372172334939,1,0,0,0,12,12,51.675382933308484,0,17.90677087505827,1.3005512404441832,9,nuscenes_mf/v1.0-mini/mini_val/325cef682f064c55a255f2625c533b75/856aeb4fa2024f1284c6290a44e9dec5,dev,60
36,ct_joint_full,0,0,0,0,0,0,0,0,0,-1.0,0,8.654781341552734,3.688999891281128,51.40325521588682,0,0,0,0,0.500452995300293,1.0006039142608643,0,0,0,0,0,1,0,0,1,0,1,0.0,0.0,0.0,17.909815812377623,0.0,17.967642477688358,18.445294424179323,18.1888723132702,-17.926372177801124,-3.0790037807274464,0.2600244287671192,1,13.96017877954547,23.967324946290343,0,0,0,17.909815812377623,0.0,17.967642477688358,17.909815812377623,0.0,17.967642477688358,17.909815812377623,17.909815812377623,17.909815812377623,0.0,0,0,1,17.909815812377623,0.0,17.967642477688358,0.0,0.0,0.0,0.0,0.0,0.0,0.0,0.0,0.0,0.0,0.0,17.909815812377623,0.0,0.0,0.0,0.0,0.0,-0.5725178718566895,-0.0018749694572761655,-40.042640589539204,-9.78894252883592,0,0,0.0,3.892439126968384,1.8542500734329224,0.0,0.0,0.0,0.0,0.0,0.0,0.0,0.0,0,2,3,3,34752,0,0,25,1024,0,0,1,1,0,1,1,0,0,0,0,0,0,0,18.18887231327026,1.433179768025875,18.188669974303775,1.433179768025875,b1,0,3.689,8.654,1.61,3.689,8.654781028918961,1.61,0,0,0,0,0,0,0,0,1,0,0,0,8,8,51.4068207211746,0,18.18887231327026,1.433179768025875,1,0,0,0,13,13,83.33652303246316,0,18.18887231327026,1.433179768025875,1,0,0,0,18,18,115.26622534375173,0,18.18887231327026,1.433179768025875,1,0,0,0,9,9,80.44042237613351,0,18.18887231327026,1.433179768025875,1,0,0,0,9,9,115.91402402884329,0,18.18887231327026,1.433179768025875,1,0,0,0,15,15,206.1812273380114,0,18.18887231327026,1.433179768025875,1,0,0,0,8,8,53.57401991658972,0,18.445294437743463,1.4363001487756082,1,0,0,0,8,8,52.19752503401796,0,18.18887231327026,1.433179768025875,9,nuscenes_mf/v1.0-mini/mini_val/325cef682f064c55a255f2625c533b75/856aeb4fa2024f1284c6290a44e9dec5,dev,60
1,ct_joint_full,0,11,0,0,0,0,0,0,11,-1.0,0,0.0,0.0,0.0,0,0,0,0,0.499255895614624,1.0,0,0,0,0,0,0,0,0,0,0,0,0.0,0.0,0.0,0.15271410720580297,0.9324862488208211,0.152714176940842,0.03324154027728563,0.03324154027728563,0.0,0.0,0.0,0,0.0,0.0,0,0,0,0.15271410720580297,0.9324862488208211,0.152714176940842,0.15271410720580297,0.9324862488208211,0.152714176940842,0.15271410720580297,0.15271410720580297,0.15271410720580297,0.0,0,0,1,0.15271410720580297,0.9324862488208211,0.152714176940842,0.0,0.0,0.0,0.0,0.0,0.0,0.0,0.0,0.0,0.0,0.0,0.15271410720580297,0.9324862488208211,0.0,0.0,0.0,0.0,-0.0,0.0,0.08868368139362164,0.0012074958024461042,1,1,0.0,2.0823299884796143,2.0823299884796143,0.0,0.0,0.0,0.0,0.0,0.0,0.0,0.0,0,2,11,11,34688,11,174,66,1024,0,0,0,0,0,0,0,0,0,0,0,0,0,0,0.0,0.0,0.0,0.0,base_only,0,0.0,0.0,0.0,0.0,0.0,0.0,0,0,0,0,0,0,0,0,0,0,0,0,0,0,0.0,0,0.0,0.0,0,0,0,0,0,0,0.0,0,0.0,0.0,0,0,0,0,0,0,0.0,0,0.0,0.0,0,0,0,0,0,0,0.0,0,0.0,0.0,0,0,0,0,0,0,0.0,0,0.0,0.0,0,0,0,0,0,0,0.0,0,0.0,0.0,0,0,0,0,0,0,0.0,0,0.0,0.0,0,0,0,0,0,0,0.0,0,0.0,0.0,10,nuscenes_mf/v1.0-mini/mini_val/325cef682f064c55a255f2625c533b75/2197057ff31949819b309f2c7ec9a113,dev,60
2,ct_joint_full,0,7,7,0,0,0,0,1,7,-1.0,0,8.8812894821167,3.8580000400543213,55.74755181191218,0,0,0,0,0.4998891353607178,1.0012683868408203,0,0,0,0,0,1,0,0,1,0,0,0.0,0.0,0.0,0.43006963473338977,0.8035409046501695,0.43013085369762183,0.2723577978005482,0.1709854679674797,-0.17096854087909089,0.002406164072689079,0.10139102214666589,1,0.9450122617994006,0.007455746991287877,1,1,1,0.43006963473338977,0.8035409046501695,0.43013085369762183,0.43006963473338977,0.8035409046501695,0.43013085369762183,0.43006963473338977,0.43006963473338977,0.43006963473338977,0.0,0,0,1,0.43006963473338977,0.8035409046501695,0.43013085369762183,0.0,0.0,0.0,0.0,0.0,0.0,0.0,0.0,0.0,0.0,0.0,0.43006963473338977,0.8035409046501695,0.0,0.0,0.0,0.0,-0.2703820765018463,-0.003747162874788046,-0.7263318946149515,0.005003054263823985,1,1,0.0,1.9804840087890625,1.2942653894424438,0.0,0.0,0.0,0.0,0.0,0.0,0.0,0.0,0,2,7,7,34720,7,94,78,1024,7,7,24,24,7,24,17,4,4,0,1,1,1,1,0.1709854679675023,0.00014594197273254395,0.16184927043522238,0.00014594197273254395,b1,0,3.858,8.863,1.627,3.858,8.881289675494376,1.627,0,0,0,0,0,0,0,0,1,4,4,1,35,31,55.87921337020724,0,0.1709854679675023,0.00014594197273254395,1,4,4,1,46,42,90.22415090567571,0,0.1709854679675023,0.00014594197273254395,1,4,4,1,46,42,124.5690884411442,0,0.1709854679675023,0.00014594197273254395,1,5,5,1,56,51,86.16671371226852,0,0.1709854679675023,0.00014594197273254395,1,7,7,1,71,64,122.96221405281455,0,0.1709854679675023,0.00014594197273254395,1,7,7,1,111,104,216.07721473845237,0,0.1709854679675023,0.00014594197273254395,1,4,4,1,35,31,56.88490377716891,0,0.2723577993108228,0.0002920690534599091,1,4,4,1,35,31,56.39390645966109,0,0.1709854679675023,0.00014594197273254395,10,nuscenes_mf/v1.0-mini/mini_val/325cef682f064c55a255f2625c533b75/2197057ff31949819b309f2c7ec9a113,dev,60
3,ct_joint_full,0,7,7,0,0,0,0,1,7,-1.0,0,8.86490249633789,3.8580000400543213,55.64469125989609,0,0,0,0,0.49931883811950684,0.9994922280311584,0,0,0,0,0,1,0,0,1,0,0,0.0,0.0,0.0,0.17729276657386603,0.8435425276276357,0.18355683256547978,0.7797510009148375,0.46508775461850627,-0.46493717015469044,0.011833868981754689,0.314732534701607,1,2.453208544188329,0.008489565717357156,1,1,1,0.17729276657386603,0.8435425276276357,0.18355683256547978,0.17729276657386603,0.8435425276276357,0.18355683256547978,0.17729276657386603,0.17729276657386603,0.17729276657386603,0.0,0,0,1,0.17729276657386603,0.8435425276276357,0.18355683256547978,0.0,0.0,0.0,0.0,0.0,0.0,0.0,0.0,0.0,0.0,0.0,0.17729276657386603,0.8435425276276357,0.0,0.0,0.0,0.0,-0.693670928478241,-0.0017261687899008393,-1.7183947054359294,0.035920229675790845,0,1,0.0,5.054001331329346,2.2905306816101074,0.0,0.0,0.0,0.0,0.0,0.0,0.0,0.0,0,2,7,7,34720,7,97,75,1024,7,7,27,27,7,27,20,4,4,0,1,1,1,1,0.4650877546184689,0.04274323880672459,0.4641695601396403,0.04274323880672459,b1,0,3.858,8.863,1.627,3.858,8.864902331126926,1.627,0,0,0,0,0,0,0,0,1,4,4,1,29,25,55.65783665055922,0,0.4650877546184689,0.04274323880672459,1,4,4,1,37,33,89.86670982238417,0,0.4650877546184689,0.04274323880672459,1,4,4,1,37,33,124.07558299420913,0,0.4650877546184689,0.04274323880672459,1,5,5,1,41,36,85.89193126064913,0,0.4650877546184689,0.04274323880672459,1,7,7,1,57,50,122.6340258722543,0,0.4650877546184689,0.04274323880672459,1,7,7,1,113,106,215.64221509319174,0,0.4650877546184689,0.04274323880672459,1,3,3,1,26,23,58.12218248013962,0,0.7797509879048062,0.03346488365965683,1,4,4,1,29,25,56.40543588679419,0,0.4650877546184689,0.04274323880672459,10,nuscenes_mf/v1.0-mini/mini_val/325cef682f064c55a255f2625c533b75/2197057ff31949819b309f2c7ec9a113,dev,60
4,ct_joint_full,0,7,7,0,0,0,0,1,7,-1.0,0,8.892961502075195,3.8580000400543213,55.82081668394412,0,0,0,0,0.5004479885101318,1.0016893148422241,0,0,0,0,0,1,0,0,1,0,0,0.0,0.0,0.0,0.3115751801611048,0.7086746832826005,0.34336471806377145,0.2629315922123587,0.206386263818989,0.20232424912595842,0.04074545903943746,0.4619634121648928,1,2.520822813644868,0.001748423844300764,1,1,1,0.3115751801611048,0.7086746832826005,0.34336471806377145,0.3115751801611048,0.7086746832826005,0.34336471806377145,0.3115751801611048,0.3115751801611048,0.3115751801611048,0.0,0,0,1,0.3115751801611048,0.7086746832826005,0.34336471806377145,0.0,0.0,0.0,0.0,0.0,0.0,0.0,0.0,0.0,0.0,0.0,0.3115751801611048,0.7086746832826005,0.0,0.0,0.0,0.0,-0.7014322280883789,0.0017691499087959528,-0.3942284295228765,0.09952441917130447,1,1,0.0,5.324992656707764,2.3338921070098877,0.0,0.0,0.0,0.0,0.0,0.0,0.0,0.0,0,2,7,7,34752,7,80,70,1024,7,7,30,30,7,30,23,3,3,0,1,1,1,1,0.2063862638190034,0.15245648622512809,0.19180609563675363,0.15245648622512809,b1,0,3.858,8.863,1.627,3.858,8.892961920021918,1.627,0,0,0,0,0,0,0,0,1,3,3,1,31,28,56.03678113308643,0,0.2063862638190034,0.15245648622512809,1,3,3,1,32,29,90.47856425114813,0,0.2063862638190034,0.15245648622512809,1,3,3,1,35,32,124.92034736920985,0,0.2063862638190034,0.15245648622512809,1,7,7,1,50,43,86.36229545399641,0,0.2063862638190034,0.15245648622512809,1,7,7,1,59,52,123.19580977642165,0,0.2063862638190034,0.15245648622512809,1,7,7,1,101,94,216.38683841899925,0,0.2063862638190034,0.15245648622512809,1,5,5,1,35,30,59.18177862949484,0,0.26293159287994977,0.14458466685711702,1,4,4,1,32,28,57.36990947918246,0,0.2063862638190034,0.15245648622512809,10,nuscenes_mf/v1.0-mini/mini_val/325cef682f064c55a255f2625c533b75/2197057ff31949819b309f2c7ec9a113,dev,60
5,ct_joint_full,0,4,4,0,0,0,0,1,4,-1.0,0,8.877341270446777,3.8580000400543213,55.72276902163419,0,0,0,0,0.5004181861877441,1.0010697841644287,0,0,0,0,0,1,0,0,1,0,1,0.0,0.0,0.0,0.08948859008097886,0.78005334248101,0.16108609357320533,0.4525323298784783,0.22685204316354238,-0.22299824069749005,-0.04163693581552188,0.2276912894425367,1,1.4947335690626964,0.00709413893410858,1,1,1,0.08948859008097886,0.78005334248101,0.16108609357320533,0.08948859008097886,0.78005334248101,0.16108609357320533,0.08948859008097886,0.08948859008097886,0.08948859008097886,0.0,0,0,1,0.08948859008097886,0.78005334248101,0.16108609357320533,0.0,0.0,0.0,0.0,0.0,0.0,0.0,0.0,0.0,0.0,0.0,0.08948859008097886,0.78005334248101,0.0,0.0,0.0,0.0,-0.38731664419174194,0.0021569514647126198,-0.7666526003425183,-0.10699947030369363,1,1,0.0,2.7846646308898926,1.5952954292297363,0.0,0.0,0.0,0.0,0.0,0.0,0.0,0.0,0,2,4,4,34720,4,61,62,1024,4,4,23,23,4,23,19,2,2,0,1,1,1,1,0.22685204316356067,0.14429219216108313,0.21974106881465766,0.14429219216108313,b1,0,3.858,8.863,1.627,3.858,8.87734155898703,1.627,0,0,0,0,0,0,0,0,1,2,2,1,20,18,55.826004203303725,0,0.22685204316356067,0.14429219216108313,1,2,2,1,22,20,90.13823788695689,0,0.22685204316356067,0.14429219216108313,1,2,2,1,31,29,124.45047157061006,0,0.22685204316356067,0.14429219216108313,1,3,3,1,27,24,86.10066620768096,0,0.22685204316356067,0.14429219216108313,1,4,4,1,39,35,122.88332821205819,0,0.22685204316356067,0.14429219216108313,1,4,4,1,81,77,215.97265221778213,0,0.22685204316356067,0.14429219216108313,1,1,1,1,19,18,57.77667981808831,0,0.4525323174770813,0.135289246505634,1,2,2,1,20,18,56.56815363542805,0,0.22685204316356067,0.14429219216108313,10,nuscenes_mf/v1.0-mini/mini_val/325cef682f064c55a255f2625c533b75/2197057ff31949819b309f2c7ec9a113,dev,60
6,ct_joint_full,0,2,2,0,0,0,0,1,2,-1.0,0,8.893516540527344,3.8580000400543213,55.824300641417985,0,0,0,0,0.5004160404205322,0.9999659061431885,0,0,0,0,0,1,0,0,1,0,0,0.0,0.0,0.0,0.19172205342252863,0.7493595595507313,0.2338056927328024,0.4045401410731828,0.02079804879943366,0.01886561653538193,0.008754846833330455,0.423319549711974,1,2.434552204506886,2.911070444564009e-05,1,1,1,0.19172205342252863,0.7493595595507313,0.2338056927328024,0.19172205342252863,0.7493595595507313,0.2338056927328024,0.19172205342252863,0.19172205342252863,0.19172205342252863,0.0,0,0,1,0.19172205342252863,0.7493595595507313,0.2338056927328024,0.0,0.0,0.0,0.0,0.0,0.0,0.0,0.0,0.0,0.0,0.0,0.19172205342252863,0.7493595595507313,0.0,0.0,0.0,0.0,-0.7218379974365234,-0.0010369032388553023,-0.6896685904714034,0.021957770899540017,1,1,0.0,5.227077960968018,2.1829674243927,0.0,0.0,0.0,0.0,0.0,0.0,0.0,0.0,0,2,2,2,34752,2,32,64,1024,2,2,14,14,2,14,12,1,1,0,1,1,1,1,0.02079804879937388,0.1339422330260276,0.009287278409603498,0.1339422330260276,b1,0,3.858,8.863,1.627,3.858,8.893516168469729,1.627,0,0,0,0,0,0,0,0,1,1,1,1,22,21,56.044303314805504,0,0.02079804879937388,0.1339422330260276,1,1,1,1,31,30,90.49070977750094,0,0.02079804879937388,0.1339422330260276,1,1,1,1,39,38,124.93711624019639,0,0.02079804879937388,0.1339422330260276,1,2,2,1,26,24,86.37163177157566,0,0.02079804879937388,0.1339422330260276,1,2,2,1,31,29,123.20696022758821,0,0.02079804879937388,0.1339422330260276,1,2,2,1,63,61,216.4016171418862,0,0.02079804879937388,0.1339422330260276,1,2,2,1,22,20,58.81165998157684,0,0.40454012308019455,0.12304580141565191,1,2,2,1,23,21,57.17276779008169,0,0.02079804879937388,0.1339422330260276,10,nuscenes_mf/v1.0-mini/mini_val/325cef682f064c55a255f2625c533b75/2197057ff31949819b309f2c7ec9a113,dev,60
7,ct_joint_full,0,0,0,0,0,0,0,0,0,-1.0,0,8.873066902160645,3.8580000400543213,55.695938957376725,0,0,0,0,0.5004408359527588,1.0000474452972412,0,0,0,0,0,1,0,0,1,0,1,0.0,0.0,0.0,0.1625676675295476,0.676055107900959,0.2763328658663566,0.46682308790500404,0.13081199892314482,-0.1306342072562071,-0.00681777899510883,0.33614980392279553,1,1.9947240693157913,0.0011506761682037485,1,1,1,0.1625676675295476,0.676055107900959,0.2763328658663566,0.1625676675295476,0.676055107900959,0.2763328658663566,0.1625676675295476,0.1625676675295476,0.1625676675295476,0.0,0,0,1,0.1625676675295476,0.676055107900959,0.2763328658663566,0.0,0.0,0.0,0.0,0.0,0.0,0.0,0.0,0.0,0.0,0.0,0.1625676675295476,0.676055107900959,0.0,0.0,0.0,0.0,-0.5418281555175781,0.0018074862891808152,-0.7523932868495096,-0.015335101786229256,1,1,0.0,3.872864246368408,1.8967736959457397,0.0,0.0,0.0,0.0,0.0,0.0,0.0,0.0,0,2,0,0,34784,0,0,53,1024,0,0,10,10,0,10,10,0,0,0,1,1,1,1,0.13081199892307074,0.2338198646903038,0.13580844379639595,0.2338198646903038,b1,0,3.858,8.863,1.627,3.858,8.873066865518503,1.627,0,0,0,0,0,0,0,0,1,0,0,0,14,14,55.7683363496787,0,0.13081199892307074,0.2338198646903038,1,0,0,0,23,23,90.04512574714562,0,0.13081199892307074,0.2338198646903038,1,0,0,0,33,33,124.32191514461255,0,0.13081199892307074,0.2338198646903038,1,0,0,0,16,16,86.02908511917806,0,0.13081199892307074,0.2338198646903038,1,0,0,0,17,17,122.79783388640453,0,0.13081199892307074,0.2338198646903038,1,0,0,0,51,51,215.85933142388802,0,0.13081199892307074,0.2338198646903038,1,0,0,0,16,16,58.33278237212201,0,0.46682307919376803,0.23625462480650283,1,0,0,0,16,16,56.690695833687805,0,0.13081199892307074,0.2338198646903038,10,nuscenes_mf/v1.0-mini/mini_val/325cef682f064c55a255f2625c533b75/2197057ff31949819b309f2c7ec9a113,dev,60
8,ct_joint_full,0,2,2,0,0,0,0,1,2,-1.0,0,8.895337104797363,3.8580000400543213,55.8357282613795,0,0,0,0,0.5004229545593262,0.9999890327453613,0,0,0,0,0,1,0,0,1,0,1,0.0,0.0,0.0,0.04291199407311429,0.6218332191962932,0.32280560271949194,0.6383803049874383,0.17905660071866433,-0.17846728308340074,0.014515394390974249,0.4597433998608974,1,2.543955185560133,0.001097040469936707,1,1,1,0.04291199407311429,0.6218332191962932,0.32280560271949194,0.04291199407311429,0.6218332191962932,0.32280560271949194,0.04291199407311429,0.04291199407311429,0.04291199407311429,0.0,0,0,1,0.04291199407311429,0.6218332191962932,0.32280560271949194,0.0,0.0,0.0,0.0,0.0,0.0,0.0,0.0,0.0,0.0,0.0,0.04291199407311429,0.6218332191962932,0.0,0.0,0.0,0.0,-0.732852578163147,0.0005033802008256316,-1.0173378949785488,0.03668534846366303,0,1,0.0,5.48714542388916,2.318681001663208,0.0,0.0,0.0,0.0,0.0,0.0,0.0,0.0,0,2,2,2,34720,2,44,46,1024,2,2,8,8,2,8,6,1,1,0,1,1,1,1,0.17905660071866172,0.32345381230115877,0.1951836920041407,0.32345381230115877,b1,0,3.858,8.863,1.627,3.858,8.89533736887153,1.627,0,0,0,0,0,0,0,0,1,1,1,1,7,6,56.068879738103604,0,0.17905660071866172,0.32345381230115877,1,1,1,1,17,16,90.53039156238361,0,0.17905660071866172,0.32345381230115877,1,1,1,1,21,20,124.99190338666364,0,0.17905660071866172,0.32345381230115877,1,1,1,1,11,10,86.40213751062939,0,0.17905660071866172,0.32345381230115877,1,2,2,1,18,16,123.24339528391279,0,0.17905660071866172,0.32345381230115877,1,2,2,1,53,51,216.44991082896436,0,0.17905660071866172,0.32345381230115877,1,0,0,0,7,7,59.32694870670478,0,0.638380265493365,0.3105273303729975,1,1,1,1,7,6,57.56752526518956,0,0.17905660071866172,0.32345381230115877,10,nuscenes_mf/v1.0-mini/mini_val/325cef682f064c55a255f2625c533b75/2197057ff31949819b309f2c7ec9a113,dev,60
9,ct_joint_full,0,3,3,0,0,0,0,1,3,-1.0,0,8.880132675170898,3.8580000400543213,55.740290574084355,0,0,0,0,0.4998810291290283,0.9988992214202881,0,0,0,0,0,1,0,0,1,0,1,0.0,0.0,0.0,0.05762867890381749,0.47938202925222095,0.5205565449575086,0.3620893168740356,0.04309324215495761,0.025160216173296814,-0.03498558522737153,0.3856370590771044,1,2.2138629640636736,0.0003167560692419863,1,1,1,0.05762867890381749,0.47938202925222095,0.5205565449575086,0.05762867890381749,0.47938202925222095,0.5205565449575086,0.05762867890381749,0.05762867890381749,0.05762867890381749,0.0,0,0,1,0.05762867890381749,0.47938202925222095,0.5205565449575086,0.0,0.0,0.0,0.0,0.0,0.0,0.0,0.0,0.0,0.0,0.0,0.05762867890381749,0.47938202925222095,0.0,0.0,0.0,0.0,-0.6000856161117554,0.002059725346043706,-0.5609339833726443,-0.0835183895456524,1,1,0.0,4.408722400665283,2.075328826904297,0.0,0.0,0.0,0.0,0.0,0.0,0.0,0.0,0,2,2,3,34688,3,60,48,1024,3,3,12,12,3,12,9,1,1,0,1,1,1,1,0.04309324215497609,0.519940647482872,0.03834589504173154,0.519940647482872,b1,0,3.858,8.863,1.627,3.858,8.88013277935951,1.627,0,0,0,0,0,0,0,0,1,1,1,1,6,5,55.86367045229162,0,0.04309324215497609,0.519940647482872,1,1,1,1,13,12,90.19905487287649,0,0.04309324215497609,0.519940647482872,1,1,1,1,19,18,124.53443929346138,0,0.04309324215497609,0.519940647482872,1,2,2,1,15,13,86.14741982885172,0,0.04309324215497609,0.519940647482872,1,3,3,1,23,20,122.93916920616945,0,0.04309324215497609,0.519940647482872,1,3,3,1,57,54,216.04666795853203,0,0.04309324215497609,0.519940647482872,1,2,2,1,9,7,58.58370598367763,0,0.3620893251055161,0.5181406775416113,1,1,1,1,6,5,56.854345499154284,0,0.04309324215497609,0.519940647482872,10,nuscenes_mf/v1.0-mini/mini_val/325cef682f064c55a255f2625c533b75/2197057ff31949819b309f2c7ec9a113,dev,60
10,ct_joint_full,0,5,5,0,0,0,0,1,5,-1.0,0,8.909875869750977,3.8580000400543213,55.926987594178506,0,0,0,0,0.4998750686645508,0.9994463324546814,0,0,0,0,0,1,0,0,1,0,1,0.0,0.0,0.0,0.0636068905155493,0.5126858269181155,0.4665027429573489,0.04059184720232655,0.04568975453491063,0.03120700328110241,-0.03337179490663979,0.05453037591375911,1,0.32152830255575204,0.0015147068609242657,1,1,1,0.0636068905155493,0.5126858269181155,0.4665027429573489,0.0636068905155493,0.5126858269181155,0.4665027429573489,0.0636068905155493,0.0636068905155493,0.0636068905155493,0.0,0,0,1,0.0636068905155493,0.5126858269181155,0.4665027429573489,0.0,0.0,0.0,0.0,0.0,0.0,0.0,0.0,0.0,0.0,0.0,0.0636068905155493,0.5126858269181155,0.0,0.0,0.0,0.0,-0.11703427881002426,0.0004661816929001361,-0.05005688127791172,-0.10366983056799114,1,1,0.0,1.1739633083343506,1.1739633083343506,0.0,0.0,0.0,0.0,0.0,0.0,0.0,0.0,0,2,5,5,34720,5,82,60,1024,5,5,13,13,5,13,8,2,2,0,1,1,1,1,0.045689754534941146,0.4673567935824394,0.03419150751846538,0.4673567935824394,b1,0,3.858,8.863,1.627,3.858,8.909875581251388,1.627,0,0,0,0,0,0,0,0,1,2,2,1,10,8,56.26495967973769,0,0.045689754534941146,0.4673567935824394,1,2,2,1,22,20,90.84698775579035,0,0.045689754534941146,0.4673567935824394,1,2,2,1,36,34,125.42901583184302,0,0.045689754534941146,0.4673567935824394,1,5,5,1,27,22,86.64552543273197,0,0.045689754534941146,0.4673567935824394,1,5,5,1,37,32,123.53409118799914,0,0.045689754534941146,0.4673567935824394,1,5,5,1,53,48,216.83522269550295,0,0.045689754534941146,0.4673567935824394,1,2,2,1,11,9,55.819007277134915,0,0.04059184426093965,0.46500421622313726,1,2,2,1,10,8,56.395013311747164,0,0.045689754534941146,0.4673567935824394,10,nuscenes_mf/v1.0-mini/mini_val/325cef682f064c55a255f2625c533b75/2197057ff31949819b309f2c7ec9a113,dev,60
11,ct_joint_full,0,7,7,0,0,0,0,1,7,-1.0,0,8.907837867736816,3.8580000400543213,55.91419512489733,0,0,0,0,0.4993269443511963,0.9988974928855896,0,0,0,0,0,1,0,0,1,0,1,0.0,0.0,0.0,0.3908032437545461,0.550712894852195,0.5000336794853946,0.32189940250694826,0.27002942448166994,-0.26600888108860976,0.04642378754493444,0.05254249345379071,1,0.364414144160946,0.05198124766866319,1,1,1,0.3908032437545461,0.550712894852195,0.5000336794853946,0.3908032437545461,0.550712894852195,0.5000336794853946,0.3908032437545461,0.3908032437545461,0.3908032437545461,0.0,0,0,1,0.3908032437545461,0.550712894852195,0.5000336794853946,0.0,0.0,0.0,0.0,0.0,0.0,0.0,0.0,0.0,0.0,0.0,0.3908032437545461,0.550712894852195,0.0,0.0,0.0,0.0,-0.12079454958438873,-0.0003831269277725369,-0.7323472679852233,0.15184115089188793,1,1,0.0,1.1843708753585815,1.1843708753585815,0.0,0.0,0.0,0.0,0.0,0.0,0.0,0.0,0,2,6,7,34688,7,111,62,1024,7,7,18,18,7,18,11,3,3,0,1,1,1,1,0.27002942448163697,0.3131460512280464,0.2479635232973647,0.3131460512280464,b1,0,3.858,8.863,1.627,3.858,8.907837601851064,1.627,0,0,0,0,0,0,0,0,1,3,3,1,21,18,56.23747403630988,0,0.27002942448163697,0.3131460512280464,1,3,3,1,36,33,90.80260866219177,0,0.27002942448163697,0.3131460512280464,1,3,3,1,36,33,125.36774328807368,0,0.27002942448163697,0.3131460512280464,1,6,6,1,38,32,86.611408344402,0,0.27002942448163697,0.3131460512280464,1,7,7,1,55,48,123.49334265400937,0,0.27002942448163697,0.3131460512280464,1,7,7,1,71,64,216.78121127170886,0,0.27002942448163697,0.3131460512280464,1,3,3,1,21,18,56.55466591910073,0,0.32189940592773664,0.30728573610997567,1,3,3,1,21,18,56.53369449250085,0,0.27002942448163697,0.3131460512280464,10,nuscenes_mf/v1.0-mini/mini_val/325cef682f064c55a255f2625c533b75/2197057ff31949819b309f2c7ec9a113,dev,60
12,ct_joint_full,0,3,3,0,0,0,0,1,3,-1.0,0,8.874424934387207,3.8580000400543213,55.70446327944335,0,0,0,0,0.5004410743713379,1.0016814470291138,0,0,0,0,0,1,0,0,1,0,1,0.0,0.0,0.0,0.09545974508574966,0.8264116068341921,0.10682579968226547,0.24869065563362222,0.067815602898062,-0.06603381590613783,0.015443160182630396,0.1822100832100987,1,1.5293515161394056,0.000610914969240829,1,1,1,0.09545974508574966,0.8264116068341921,0.10682579968226547,0.09545974508574966,0.8264116068341921,0.10682579968226547,0.09545974508574966,0.09545974508574966,0.09545974508574966,0.0,0,0,1,0.09545974508574966,0.8264116068341921,0.10682579968226547,0.0,0.0,0.0,0.0,0.0,0.0,0.0,0.0,0.0,0.0,0.0,0.09545974508574966,0.8264116068341921,0.0,0.0,0.0,0.0,-0.42814120650291443,-0.001766036031767726,-0.5833022993825401,0.04965936924943738,1,1,0.0,2.9061546325683594,1.5875868797302246,0.0,0.0,0.0,0.0,0.0,0.0,0.0,0.0,0,2,3,3,34752,3,55,50,1024,3,3,7,7,3,7,4,3,3,0,1,1,1,1,0.06781560289802889,0.061939906537532785,0.062207734107930464,0.061939906537532785,b1,0,3.858,8.863,1.627,3.858,8.874424556134048,1.627,0,0,0,0,0,0,0,0,1,3,3,1,29,26,55.78674403221487,0,0.06781560289802889,0.061939906537532785,1,3,3,1,43,40,90.07484730954421,0,0.06781560289802889,0.061939906537532785,1,3,3,1,43,40,124.36295058687357,0,0.06781560289802889,0.061939906537532785,1,3,3,1,38,35,86.05193249993214,0,0.06781560289802889,0.061939906537532785,1,3,3,1,42,39,122.82512096764941,0,0.06781560289802889,0.061939906537532785,1,3,3,1,54,51,215.89549790308394,0,0.06781560289802889,0.061939906537532785,1,3,3,1,27,24,56.99905838937415,0,0.24869065485854291,0.06173470701226358,1,3,3,1,29,26,56.022250339475754,0,0.06781560289802889,0.061939906537532785,10,nuscenes_mf/v1.0-mini/mini_val/325cef682f064c55a255f2625c533b75/2197057ff31949819b309f2c7ec9a113,dev,60
13,ct_joint_full,0,1,1,0,0,0,0,1,1,-1.0,0,8.899534225463867,3.8580000400543213,55.862073444957616,0,0,0,0,0.49985289573669434,0.9999377727508545,0,0,0,0,0,1,0,0,1,0,1,0.0,0.0,0.0,0.27215907088231933,0.7442374840923294,0.2819912297382783,0.10282793736265966,0.059123591687726476,-0.05865328846187154,-0.007442499199170766,0.04392186045780904,1,0.19918930643732186,0.002868386386530273,1,1,1,0.27215907088231933,0.7442374840923294,0.2819912297382783,0.27215907088231933,0.7442374840923294,0.2819912297382783,0.27215907088231933,0.27215907088231933,0.27215907088231933,0.0,0,0,1,0.27215907088231933,0.7442374840923294,0.2819912297382783,0.0,0.0,0.0,0.0,0.0,0.0,0.0,0.0,0.0,0.0,0.0,0.27215907088231933,0.7442374840923294,0.0,0.0,0.0,0.0,-0.09996578097343445,0.000743114564102143,-0.23346196154050722,-0.023485518107232563,1,1,0.0,1.103931188583374,1.103931188583374,0.0,0.0,0.0,0.0,0.0,0.0,0.0,0.0,0,2,1,1,34720,1,29,41,1024,1,1,12,12,1,12,11,0,0,0,1,1,1,1,0.059123591687708456,0.07294985449314118,0.07726832792359747,0.07294985449314118,b1,0,3.858,8.863,1.627,3.858,8.899534176484277,1.627,0,0,0,0,0,0,0,0,1,0,0,0,11,11,56.125481557301256,0,0.059123591687708456,0.07294985449314118,1,0,0,0,20,20,90.62178245299961,0,0.059123591687708456,0.07294985449314118,1,0,0,0,20,20,125.11808334869798,0,0.059123591687708456,0.07294985449314118,1,1,1,1,15,14,86.47239560811921,0,0.059123591687708456,0.07294985449314118,1,1,1,1,16,15,123.3273096574219,0,0.059123591687708456,0.07294985449314118,1,1,1,1,45,44,216.5611377583002,0,0.059123591687708456,0.07294985449314118,1,0,0,0,10,10,56.6045018991111,0,0.10282794428217731,0.05578489536496456,1,0,0,0,11,11,57.02618223568417,0,0.059123591687708456,0.07294985449314118,10,nuscenes_mf/v1.0-mini/mini_val/325cef682f064c55a255f2625c533b75/2197057ff31949819b309f2c7ec9a113,dev,60
14,ct_joint_full,0,3,3,0,0,0,0,1,3,-1.0,0,8.870400428771973,3.8580000400543213,55.67920159466725,0,0,0,0,0.49991798400878906,0.9995421171188354,0,0,0,0,0,1,0,0,1,0,1,0.0,0.0,0.0,0.31331089774646365,0.7209312365060029,0.32495888702332093,0.48352512962306293,0.279547858105348,-0.2793769821809015,0.009772960226285094,0.2040633249935798,1,1.5950204625928959,0.008317449729553986,1,1,1,0.31331089774646365,0.7209312365060029,0.32495888702332093,0.31331089774646365,0.7209312365060029,0.32495888702332093,0.31331089774646365,0.31331089774646365,0.31331089774646365,0.0,0,0,1,0.31331089774646365,0.7209312365060029,0.32495888702332093,0.0,0.0,0.0,0.0,0.0,0.0,0.0,0.0,0.0,0.0,0.0,0.31331089774646365,0.7209312365060029,0.0,0.0,0.0,0.0,-0.45979276299476624,-0.0021311447490006685,-1.0892845283927388,0.029455190996102113,0,1,0.0,3.0702483654022217,1.598560094833374,0.0,0.0,0.0,0.0,0.0,0.0,0.0,0.0,0,2,3,3,34688,3,62,46,1024,3,3,10,10,3,10,7,3,3,0,1,1,1,1,0.2795478581054196,0.09881391322612754,0.275853389533857,0.09881391322612754,b1,0,3.858,8.863,1.627,3.858,8.870399972987945,1.627,0,0,0,0,0,0,0,0,1,3,3,1,20,17,55.73234097687901,0,0.2795478581054196,0.09881391322612754,1,3,3,1,36,33,89.98700660495459,0,0.2795478581054196,0.09881391322612754,1,3,3,1,36,33,124.24167223303019,0,0.2795478581054196,0.09881391322612754,1,3,3,1,20,17,85.98440559445974,0,0.2795478581054196,0.09881391322612754,1,3,3,1,20,17,122.74447021658627,0,0.2795478581054196,0.09881391322612754,1,3,3,1,37,34,215.78859945174776,0,0.2795478581054196,0.09881391322612754,1,3,3,1,20,17,57.28753269817372,0,0.4835251506942726,0.10338628584671472,1,3,3,1,20,17,56.1622204756663,0,0.2795478581054196,0.09881391322612754,10,nuscenes_mf/v1.0-mini/mini_val/325cef682f064c55a255f2625c533b75/2197057ff31949819b309f2c7ec9a113,dev,60
15,ct_joint_full,0,9,9,0,0,0,0,1,9,-1.0,0,8.90079402923584,3.8580000400543213,55.86998119035791,0,0,0,0,0.49929308891296387,0.9988150000572205,0,0,0,0,0,1,0,0,1,0,1,0.0,0.0,0.0,0.5225682475102285,0.6607289735960314,0.5299838618529152,0.35449608505938807,0.31130758598992603,-0.29367390994305514,0.10328625051519248,0.04537283278769931,1,0.2506792952860313,0.07844116493958572,1,1,1,0.5225682475102285,0.6607289735960314,0.5299838618529152,0.5225682475102285,0.6607289735960314,0.5299838618529152,0.5225682475102285,0.5225682475102285,0.5225682475102285,0.0,0,0,1,0.5225682475102285,0.6607289735960314,0.5299838618529152,0.0,0.0,0.0,0.0,0.0,0.0,0.0,0.0,0.0,0.0,0.0,0.5225682475102285,0.6607289735960314,0.0,0.0,0.0,0.0,-0.10250142216682434,0.0007378621376119554,-0.765946306962237,0.33520607774694744,1,1,0.0,1.1115210056304932,1.1115210056304932,0.0,0.0,0.0,0.0,0.0,0.0,0.0,0.0,0,2,9,9,34688,9,170,50,1024,9,9,21,21,9,21,12,8,8,0,1,1,1,1,0.31130758598982483,0.08622389233112326,0.32922947295366645,0.08622389233112326,b1,0,3.858,8.863,1.627,3.858,8.900794293183438,1.627,0,0,0,0,0,0,0,0,1,8,8,1,18,10,56.14247696277872,0,0.31130758598982483,0.08622389233112326,1,8,8,1,33,25,90.64922371310368,0,0.31130758598982483,0.08622389233112326,1,8,8,1,33,25,125.15597046342864,0,0.31130758598982483,0.08622389233112326,1,9,9,1,19,10,86.4934914742387,0,0.31130758598982483,0.08622389233112326,1,9,9,1,22,13,123.35250598721395,0,0.31130758598982483,0.08622389233112326,1,9,9,1,30,21,216.5945350101339,0,0.31130758598982483,0.08622389233112326,1,7,7,1,17,10,55.82425222241507,0,0.35449608871389754,0.07029424601877587,1,8,8,1,18,10,56.28640854927573,0,0.31130758598982483,0.08622389233112326,10,nuscenes_mf/v1.0-mini/mini_val/325cef682f064c55a255f2625c533b75/2197057ff31949819b309f2c7ec9a113,dev,60
16,ct_joint_full,0,0,0,0,0,0,0,0,0,-1.0,0,8.8699312210083,3.8580000400543213,55.67625639350378,0,0,0,0,0.49930906295776367,0.9994065761566162,0,0,0,0,0,1,0,0,1,0,1,0.0,0.0,0.0,0.5846686644041306,0.6688240369997314,0.5870008497731583,0.753373849811112,0.5513850444792454,-0.551320488738045,-0.0084386075411036,0.2019996157580116,1,1.6004026138553644,0.03260413880539451,1,1,1,0.5846686644041306,0.6688240369997314,0.5870008497731583,0.5846686644041306,0.6688240369997314,0.5870008497731583,0.5846686644041306,0.5846686644041306,0.5846686644041306,0.0,0,0,1,0.5846686644041306,0.6688240369997314,0.5870008497731583,0.0,0.0,0.0,0.0,0.0,0.0,0.0,0.0,0.0,0.0,0.0,0.5846686644041306,0.6688240369997314,0.0,0.0,0.0,0.0,-0.4570066034793854,-0.0021030819043517113,-1.704327877579724,-0.029458116829366318,0,1,0.0,3.054597854614258,1.5959235429763794,0.0,0.0,0.0,0.0,0.0,0.0,0.0,0.0,0,2,0,0,34688,0,0,35,1024,0,0,1,1,0,1,1,0,0,0,1,1,1,1,0.5513850444791574,0.06934772503376008,0.5479399150093888,0.06934772503376008,b1,0,3.858,8.863,1.627,3.858,8.869931682916764,1.627,0,0,0,0,0,0,0,0,1,0,0,0,17,17,55.726017999888406,0,0.5513850444791574,0.06934772503376008,1,0,0,0,26,26,89.97679734831395,0,0.5513850444791574,0.06934772503376008,1,0,0,0,26,26,124.22757669673952,0,0.5513850444791574,0.06934772503376008,1,0,0,0,22,22,85.97655719050627,0,0.5513850444791574,0.06934772503376008,1,0,0,0,22,22,122.73509638112412,0,0.5513850444791574,0.06934772503376008,1,0,0,0,25,25,215.7761747638751,0,0.5513850444791574,0.06934772503376008,1,0,0,0,16,16,57.38205137163254,0,0.7533738355157066,0.07514409168712133,1,0,0,0,17,17,56.26171839002255,0,0.5513850444791574,0.06934772503376008,10,nuscenes_mf/v1.0-mini/mini_val/325cef682f064c55a255f2625c533b75/2197057ff31949819b309f2c7ec9a113,dev,60
17,ct_joint_full,0,0,0,0,0,0,0,0,0,-1.0,0,8.901216506958008,3.8580000400543213,55.872633068641285,0,0,0,0,0.49988698959350586,1.001173496246338,0,0,0,0,0,1,0,0,1,0,1,0.0,0.0,0.0,0.7232824074582159,0.6337401545109197,0.7242882580052806,0.6129622536762421,0.573498722244582,-0.4900776781185331,0.2978668547597891,0.04551662780900531,1,0.3454057834942764,0.26595526186617746,1,1,1,0.7232824074582159,0.6337401545109197,0.7242882580052806,0.7232824074582159,0.6337401545109197,0.7242882580052806,0.7232824074582159,0.7232824074582159,0.7232824074582159,0.0,0,0,1,0.7232824074582159,0.6337401545109197,0.7242882580052806,0.0,0.0,0.0,0.0,0.0,0.0,0.0,0.0,0.0,0.0,0.0,0.7232824074582159,0.6337401545109197,0.0,0.0,0.0,0.0,-0.10282174497842789,0.0007467266987077892,-1.2099180481718583,0.9652418236805355,0,1,0.0,1.1120599508285522,1.1120599508285522,0.0,0.0,0.0,0.0,0.0,0.0,0.0,0.0,0,2,0,0,34720,0,0,42,1024,0,0,1,1,0,1,1,0,0,0,1,1,1,1,0.5734987222446204,0.03427380317449569,0.5899688920595,0.03427380317449569,b1,0,3.858,8.863,1.627,3.858,8.901216460684996,1.627,0,0,0,0,0,0,0,0,1,0,0,0,25,25,56.14817067577597,0,0.5734987222446204,0.03427380317449569,1,0,0,0,45,45,90.65841694238688,0,0.5734987222446204,0.03427380317449569,1,0,0,0,45,45,125.1686632089978,0,0.5734987222446204,0.03427380317449569,1,0,0,0,27,27,86.50055890921504,0,0.5734987222446204,0.03427380317449569,1,0,0,0,28,28,123.36094713886597,0,0.5734987222446204,0.03427380317449569,1,0,0,0,34,34,216.60572360119832,0,0.5734987222446204,0.03427380317449569,1,0,0,0,25,25,55.876488865496555,0,0.6129622551045647,0.01236946976257669,1,0,0,0,25,25,56.34608627196999,0,0.5734987222446204,0.03427380317449569,10,nuscenes_mf/v1.0-mini/mini_val/325cef682f064c55a255f2625c533b75/2197057ff31949819b309f2c7ec9a113,dev,60
18,ct_joint_full,0,45,45,0,0,0,0,1,45,-1.0,0,8.874401092529297,3.8580000400543213,55.70431362491269,0,0,0,0,0.5004210472106934,1.0016473531723022,0,0,0,0,0,1,0,0,1,0,0,0.0,0.0,0.0,0.7920317547169723,0.6337959548606593,0.7920902771575642,0.8822826733114238,0.7572213150495087,-0.7495646475019716,0.10741042601721186,0.12620850576378786,1,1.1328624196993249,0.12704521579482925,1,1,1,0.7920317547169723,0.6337959548606593,0.7920902771575642,0.7920317547169723,0.6337959548606593,0.7920902771575642,0.7920317547169723,0.7920317547169723,0.7920317547169723,0.0,0,0,1,0.7920317547169723,0.6337959548606593,0.7920902771575642,0.0,0.0,0.0,0.0,0.0,0.0,0.0,0.0,0.0,0.0,0.0,0.7920317547169723,0.6337959548606593,0.0,0.0,0.0,0.0,-0.3047488033771515,-0.001450151321478188,-2.114692078700837,0.3631732238422525,0,1,0.0,2.1573498249053955,1.3504788875579834,0.0,0.0,0.0,0.0,0.0,0.0,0.0,0.0,0,2,45,45,34720,45,345,134,1024,45,45,58,59,45,59,14,11,11,0,1,1,1,1,0.7572213150495146,0.01915808886289594,0.751552096087297,0.01915808886289594,b1,0,3.858,8.863,1.627,3.858,8.874401527774594,1.627,0,0,0,0,0,0,0,0,1,11,11,1,25,14,55.786464530048434,0,0.7572213150495146,0.01915808886289594,1,11,11,1,40,29,90.0743960174783,0,0.7572213150495146,0.01915808886289594,1,11,11,1,40,29,124.3623275049082,0,0.7572213150495146,0.01915808886289594,1,18,18,1,52,34,86.05158507539659,0,0.7572213150495146,0.01915808886289594,1,37,37,1,74,37,122.82470562301764,0,0.7572213150495146,0.01915808886289594,1,45,45,1,100,55,215.89494671598686,0,0.7572213150495146,0.01915808886289594,1,8,8,1,21,13,56.59473088257991,0,0.8822826688746404,0.028305268624016944,1,11,11,1,25,14,55.911365504229344,0,0.7572213150495146,0.01915808886289594,10,nuscenes_mf/v1.0-mini/mini_val/325cef682f064c55a255f2625c533b75/2197057ff31949819b309f2c7ec9a113,dev,60
19,ct_joint_full,0,29,29,0,0,0,0,1,29,-1.0,0,8.877053260803223,3.8580000400543213,55.72096119490377,0,0,0,0,0.49987292289733887,0.9994379878044128,0,0,0,0,0,1,0,0,1,0,0,0.0,0.0,0.0,0.4955610347397651,0.7107521350808071,0.4956094820156215,0.586564744779343,0.5444851941759947,-0.5325576492201651,-0.11334229858927827,0.042969739828697645,1,0.30802782367425646,0.2464399435273307,1,1,1,0.4955610347397651,0.7107521350808071,0.4956094820156215,0.4955610347397651,0.7107521350808071,0.4956094820156215,0.4955610347397651,0.4955610347397651,0.4955610347397651,0.0,0,0,1,0.4955610347397651,0.7107521350808071,0.4956094820156215,0.0,0.0,0.0,0.0,0.0,0.0,0.0,0.0,0.0,0.0,0.0,0.4955610347397651,0.7107521350808071,0.0,0.0,0.0,0.0,-0.10445625334978104,0.0003002836019732058,-1.3990671393970615,-0.38629684045927104,0,1,0.0,1.0968077182769775,1.0968077182769775,0.0,0.0,0.0,0.0,0.0,0.0,0.0,0.0,0,2,29,29,34752,29,170,179,1024,29,29,50,50,29,50,21,18,18,0,1,1,1,1,0.5444851941760915,0.009371568799018903,0.5513507145017645,0.009371568799018903,b1,0,3.858,8.863,1.627,3.858,8.87705337902812,1.627,0,0,0,0,0,0,0,0,1,18,18,1,85,67,55.822285823508174,0,0.5444851941760915,0.009371568799018903,1,18,18,1,103,85,90.1322340862667,0,0.5444851941760915,0.009371568799018903,1,18,18,1,103,85,124.44218234902526,0,0.5444851941760915,0.009371568799018903,1,28,28,1,112,84,86.09604807071482,0,0.5444851941760915,0.009371568799018903,1,29,29,1,181,152,122.87781031792147,0,0.5444851941760915,0.009371568799018903,1,29,29,1,206,177,215.96533481233476,0,0.5444851941760915,0.009371568799018903,1,17,17,1,83,66,56.64739718316587,0,0.58656474228244,0.02223975413039203,1,18,18,1,85,67,56.64913079648577,0,0.5444851941760915,0.009371568799018903,10,nuscenes_mf/v1.0-mini/mini_val/325cef682f064c55a255f2625c533b75/2197057ff31949819b309f2c7ec9a113,dev,60
20,ct_joint_full,0,12,12,0,0,0,0,1,12,-1.0,0,8.902837753295898,3.8580000400543213,55.882809576726444,0,0,0,0,0.5006210803985596,1.0009479522705078,0,0,0,0,0,1,0,0,1,0,0,0.0,0.0,0.0,0.5800298347233552,0.6725392109996721,0.5806167531485925,0.43878958872810403,0.4890186456973472,0.48757118151354606,0.037597466959852235,0.05038608011824131,1,0.40473200723146896,0.17404929488133397,1,1,1,0.5800298347233552,0.6725392109996721,0.5806167531485925,0.5800298347233552,0.6725392109996721,0.5806167531485925,0.5800298347233552,0.5800298347233552,0.5800298347233552,0.0,0,0,1,0.5800298347233552,0.6725392109996721,0.5806167531485925,0.0,0.0,0.0,0.0,0.0,0.0,0.0,0.0,0.0,0.0,0.0,0.5800298347233552,0.6725392109996721,0.0,0.0,0.0,0.0,-0.11725794523954391,-0.0003607726248446852,1.0174150863895992,0.12398325131091766,0,1,0.0,1.1721664667129517,1.1721664667129517,0.0,0.0,0.0,0.0,0.0,0.0,0.0,0.0,0,2,12,12,34752,12,94,116,1024,12,12,36,36,12,36,24,12,12,0,1,1,1,1,0.4890186456973527,0.025929611206054748,0.5088765624663473,0.025929611206054748,b1,0,3.858,8.863,1.627,3.858,8.902837342859357,1.627,0,0,0,0,0,0,0,0,1,12,12,1,58,46,56.17003548196657,0,0.4890186456973527,0.025929611206054748,1,12,12,1,83,71,90.69372047395585,0,0.4890186456973527,0.025929611206054748,1,12,12,1,83,71,125.21740546594513,0,0.4890186456973527,0.025929611206054748,1,12,12,1,67,55,86.52769895020967,0,0.4890186456973527,0.025929611206054748,1,12,12,1,122,110,123.39336242375617,0,0.4890186456973527,0.025929611206054748,1,12,12,1,159,147,216.64868936403053,0,0.4890186456973527,0.025929611206054748,1,12,12,1,58,46,56.568153559636144,0,0.4387895848155319,0.020486390115689423,1,12,12,1,58,46,56.52444641363258,0,0.4890186456973527,0.025929611206054748,10,nuscenes_mf/v1.0-mini/mini_val/325cef682f064c55a255f2625c533b75/2197057ff31949819b309f2c7ec9a113,dev,60
21,ct_joint_full,0,37,31,0,0,0,0,1,37,-1.0,0,8.899991989135742,3.8580000400543213,55.86494681194637,0,0,0,0,0.5002570152282715,1.0000200271606445,0,0,0,0,0,1,0,0,1,0,0,0.0,0.0,0.0,1.0804149129819849,0.5349489279269343,1.080782059365143,0.9268294787410243,0.884021406114786,-0.883916980580316,-0.013588863178384957,0.042812812725524355,1,0.5647018644484401,0.5996366328542471,1,1,1,1.0804149129819849,0.5349489279269343,1.080782059365143,1.0804149129819849,0.5349489279269343,1.080782059365143,1.0804149129819849,1.0804149129819849,1.0804149129819849,0.0,0,0,1,1.0804149129819849,0.5349489279269343,1.080782059365143,0.0,0.0,0.0,0.0,0.0,0.0,0.0,0.0,0.0,0.0,0.0,1.0804149129819849,0.5349489279269343,0.0,0.0,0.0,0.0,-0.09907401353120804,-1.9096012692898512e-05,-2.1445646761879082,-0.04478244441113985,0,1,0.0,1.1416125297546387,1.1416125297546387,0.0,0.0,0.0,0.0,0.0,0.0,0.0,0.0,0,2,31,37,34752,37,338,107,1024,31,31,37,39,31,39,8,6,0,6,1,1,1,1,0.8840214061147338,0.023900098323822005,0.8655275284452056,0.023900098323822005,b1,0,3.858,8.863,1.627,3.858,8.899992310873163,1.627,0,0,0,0,0,0,0,0,1,6,0,0,9,9,56.13166556129559,0,0.8840214061147338,0.023900098323822005,1,6,6,1,21,15,90.63176731992839,0,0.8840214061147338,0.023900098323822005,1,6,6,1,21,15,125.1318690785612,0,0.8840214061147338,0.023900098323822005,1,8,2,1,21,19,86.48007154042554,0,0.8840214061147338,0.023900098323822005,1,22,16,1,49,33,123.3364775195555,0,0.8840214061147338,0.023900098323822005,1,37,31,1,115,84,216.57328947630015,0,0.8840214061147338,0.023900098323822005,1,6,0,0,10,10,56.37647506174,0,0.9268294818747245,0.023076418468610416,1,6,0,0,9,9,56.362186809527465,0,0.8840214061147338,0.023900098323822005,10,nuscenes_mf/v1.0-mini/mini_val/325cef682f064c55a255f2625c533b75/2197057ff31949819b309f2c7ec9a113,dev,60
22,ct_joint_full,0,20,18,0,0,0,0,1,20,-1.0,0,8.864622116088867,3.8580000400543213,55.64293132261548,0,0,0,0,0.5004239082336426,0.9999697208404541,0,0,0,0,0,1,0,0,1,0,0,0.0,0.0,0.0,0.8966927455464873,0.5666191942967764,0.8972809132750167,1.0967504183078678,0.8183690468524271,-0.8183354861872566,0.007412694929674613,0.27839519455746936,1,2.053388593239405,0.04083263405724017,1,1,1,0.8966927455464873,0.5666191942967764,0.8972809132750167,0.8966927455464873,0.5666191942967764,0.8972809132750167,0.8966927455464873,0.8966927455464873,0.8966927455464873,0.0,0,0,1,0.8966927455464873,0.5666191942967764,0.8972809132750167,0.0,0.0,0.0,0.0,0.0,0.0,0.0,0.0,0.0,0.0,0.0,0.8966927455464873,0.5666191942967764,0.0,0.0,0.0,0.0,-0.5965821743011475,-0.0021505141630768776,-2.3502252435300925,0.020953844674756188,0,1,0.0,4.050512313842773,1.8853791952133179,0.0,0.0,0.0,0.0,0.0,0.0,0.0,0.0,0,2,9,20,34784,20,189,116,1024,18,18,23,23,18,23,5,7,5,2,1,1,1,1,0.8183690468523489,0.021831300139427245,0.8176319958372943,0.021831300139427245,b1,0,3.858,8.863,1.627,3.858,8.864622108458743,1.627,0,0,0,0,0,0,0,0,1,7,5,1,15,10,55.65351630951558,0,0.8183690468523489,0.021831300139427245,1,7,7,1,23,16,89.85973407811764,0,0.8183690468523489,0.021831300139427245,1,7,7,1,23,16,124.06595184671971,0,0.8183690468523489,0.021831300139427245,1,12,10,1,33,23,85.88657700266783,0,0.8183690468523489,0.021831300139427245,1,20,18,1,61,43,122.62763769506246,0,0.8183690468523489,0.021831300139427245,1,20,18,1,175,157,215.6337590798517,0,0.8183690468523489,0.021831300139427245,1,7,5,1,16,11,57.51955329883881,0,1.0967504308223972,0.016451245866333508,1,7,5,1,15,10,55.92931193126223,0,0.8183690468523489,0.021831300139427245,10,nuscenes_mf/v1.0-mini/mini_val/325cef682f064c55a255f2625c533b75/2197057ff31949819b309f2c7ec9a113,dev,60
23,ct_joint_full,0,8,8,0,0,0,0,1,8,-1.0,0,8.877866744995117,3.8580000400543213,55.726067407490035,0,0,0,0,0.500432014465332,1.0001829862594604,0,0,0,0,0,1,0,0,1,0,0,0.0,0.0,0.0,1.2640334331290033,0.4498432842010589,1.266848741385321,1.0081514659043243,0.9539498811554471,-0.8368128220700201,-0.45800076693813746,0.06124274597995383,1,0.7117765706431127,0.6041006171010448,1,1,1,1.2640334331290033,0.4498432842010589,1.266848741385321,1.2640334331290033,0.4498432842010589,1.266848741385321,1.2640334331290033,1.2640334331290033,1.2640334331290033,0.0,0,0,1,1.2640334331290033,0.4498432842010589,1.266848741385321,0.0,0.0,0.0,0.0,0.0,0.0,0.0,0.0,0.0,0.0,0.0,1.2640334331290033,0.4498432842010589,0.0,0.0,0.0,0.0,-0.13523200154304504,-0.00035144243156537414,-1.9830272614779776,-1.4592020710785836,0,0,0.0,1.227357029914856,1.227357029914856,0.0,0.0,0.0,0.0,0.0,0.0,0.0,0.0,0,2,8,8,34784,8,88,96,1024,8,8,33,33,8,33,25,1,1,0,1,1,1,1,0.9539498811553542,0.08248318660259246,0.9605034171697704,0.08248318660259246,b1,0,3.858,8.863,1.627,3.858,8.877867112735146,1.627,0,0,0,0,0,0,0,0,1,1,1,1,14,13,55.833259700456175,0,0.9539498811553542,0.08248318660259246,1,1,1,1,22,21,90.14995281690126,0,0.9539498811553542,0.08248318660259246,1,1,1,1,22,21,124.46664593334636,0,0.9539498811553542,0.08248318660259246,1,4,4,1,34,30,86.10966961920589,0,0.9539498811553542,0.08248318660259246,1,7,7,1,54,47,122.89407953871323,0,0.9539498811553542,0.08248318660259246,1,8,8,1,102,94,215.986899375455,0,0.9539498811553542,0.08248318660259246,1,0,0,0,12,12,57.41247126570102,0,1.0081514646310397,0.0968664666758201,1,1,1,1,14,13,57.31545305200555,0,0.9539498811553542,0.08248318660259246,10,nuscenes_mf/v1.0-mini/mini_val/325cef682f064c55a255f2625c533b75/2197057ff31949819b309f2c7ec9a113,dev,60
24,ct_joint_full,0,3,3,0,0,0,0,1,3,-1.0,0,8.869186401367188,3.8580000400543213,55.67158118596583,0,0,0,0,0.5010008811950684,1.0011448860168457,0,0,0,0,0,1,0,0,1,0,0,0.0,0.0,0.0,0.8703146710693005,0.40999133964834183,0.9205583458665413,1.6168845923717416,1.2578509163992944,-1.2503860256589931,-0.13683477072530417,0.3606223199748807,1,2.5861232215489536,0.055505858724433255,1,1,1,0.8703146710693005,0.40999133964834183,0.9205583458665413,0.8703146710693005,0.40999133964834183,0.9205583458665413,0.8703146710693005,0.8703146710693005,0.8703146710693005,0.0,0,0,1,0.8703146710693005,0.40999133964834183,0.9205583458665413,0.0,0.0,0.0,0.0,0.0,0.0,0.0,0.0,0.0,0.0,0.0,0.8703146710693005,0.40999133964834183,0.0,0.0,0.0,0.0,-0.7442766427993774,-0.00273694540373981,-3.324915658957973,-0.4176544643617889,0,1,0.0,5.475956916809082,2.3584465980529785,0.0,0.0,0.0,0.0,0.0,0.0,0.0,0.0,0,2,3,3,34720,3,17,192,1024,3,3,24,24,3,24,21,0,0,0,1,1,1,1,1.257850916399365,0.284410979628563,1.260942169480895,0.284410979628563,b1,0,3.858,8.863,1.627,3.858,8.869186825368189,1.627,0,0,0,0,0,0,0,0,1,0,0,0,30,30,55.715714197480594,0,1.257850916399365,0.284410979628563,1,0,0,0,34,34,89.96016053889458,0,1.257850916399365,0.284410979628563,1,0,0,0,34,34,124.20460688030859,0,1.257850916399365,0.284410979628563,1,0,0,0,39,39,85.96377142483136,0,1.257850916399365,0.284410979628563,1,3,3,1,82,79,122.7198286536974,0,1.257850916399365,0.284410979628563,1,3,3,1,172,169,215.75594311067186,0,1.257850916399365,0.284410979628563,1,0,0,0,27,27,58.20554304088913,0,1.616884544534437,0.2841549183957438,1,0,0,0,30,30,56.376657871438724,0,1.257850916399365,0.284410979628563,10,nuscenes_mf/v1.0-mini/mini_val/325cef682f064c55a255f2625c533b75/2197057ff31949819b309f2c7ec9a113,dev,60
25,ct_joint_full,0,37,25,0,0,0,0,1,37,-1.0,0,8.884111404418945,3.8580000400543213,55.76526492216159,0,0,0,0,0.4998331069946289,0.998235821723938,0,0,0,0,0,1,0,0,1,0,0,0.0,0.0,0.0,1.5519811889186703,0.3041123926897775,1.5850795375293745,0.43827806421052495,0.9829167439100469,0.9391082758473112,0.29017405617142206,0.6112294623576531,1,2.987699748673,0.028857949570731144,1,1,1,1.5519811889186703,0.3041123926897775,1.5850795375293745,1.5519811889186703,0.3041123926897775,1.5850795375293745,1.5519811889186703,1.5519811889186703,1.5519811889186703,0.0,0,0,1,1.5519811889186703,0.3041123926897775,1.5850795375293745,0.0,0.0,0.0,0.0,0.0,0.0,0.0,0.0,0.0,0.0,0.0,1.5519811889186703,0.3041123926897775,0.0,0.0,0.0,0.0,-0.8371440768241882,0.001452546683140099,0.44906578138535014,0.6426305736892413,1,1,0.0,6.966294765472412,2.807199239730835,0.0,0.0,0.0,0.0,0.0,0.0,0.0,0.0,0,2,27,37,34688,37,313,119,1024,25,25,55,55,25,55,30,6,0,6,1,1,1,1,0.9829167439101649,0.2999667339324952,0.9729394064769422,0.2999667339324952,b1,0,3.858,8.863,1.627,3.858,8.884111544532093,1.627,0,0,0,0,0,0,0,0,1,6,0,0,7,7,55.917407599299686,0,0.9829167439101649,0.2999667339324952,1,6,6,1,13,7,90.28582038313476,0,0.9829167439101649,0.2999667339324952,1,6,6,1,13,7,124.65423316696985,0,0.9829167439101649,0.2999667339324952,1,12,4,1,16,12,86.21412090905105,0,0.9829167439101649,0.2999667339324952,1,16,5,1,35,30,123.01883421880241,0,0.9829167439101649,0.2999667339324952,1,37,25,1,74,49,216.15226083830515,0,0.9829167439101649,0.2999667339324952,1,11,4,1,16,12,60.35563490642242,0,0.43827805519139895,0.31887873656640253,1,7,0,0,10,10,57.76493376440282,0,0.9829167439101649,0.2999667339324952,10,nuscenes_mf/v1.0-mini/mini_val/325cef682f064c55a255f2625c533b75/2197057ff31949819b309f2c7ec9a113,dev,60
26,ct_joint_full,0,1,1,0,0,0,0,1,1,-1.0,0,8.939621925354004,3.8580000400543213,56.11370257281633,0,0,0,0,0.49988508224487305,0.9989370703697205,0,0,0,0,0,1,0,0,1,0,1,0.0,0.0,0.0,1.1390745824778066,0.33766102259044045,1.1892257735896241,2.3594916001954847,1.5950216374956536,-1.5834020002898597,-0.19217783194531599,0.7683263347541464,1,3.1600403521164937,0.04639429523640593,1,1,1,1.1390745824778066,0.33766102259044045,1.1892257735896241,1.1390745824778066,0.33766102259044045,1.1892257735896241,1.1390745824778066,1.1390745824778066,1.1390745824778066,0.0,0,0,1,1.1390745824778066,0.33766102259044045,1.1892257735896241,0.0,0.0,0.0,0.0,0.0,0.0,0.0,0.0,0.0,0.0,0.0,1.1390745824778066,0.33766102259044045,0.0,0.0,0.0,0.0,-0.8758023977279663,0.0017595388926565647,-2.680697225702353,-0.36350158849684355,0,1,0.0,7.702051162719727,2.990248441696167,0.0,0.0,0.0,0.0,0.0,0.0,0.0,0.0,0,2,1,1,34720,1,27,40,1024,1,1,12,12,1,12,11,0,0,0,1,1,1,1,1.5950216374957327,0.3222290017008782,1.5569424336752917,0.3222290017008782,b1,0,3.858,8.863,1.627,3.858,8.939621699419154,1.627,0,0,0,0,0,0,0,0,1,0,0,0,10,10,56.66610745749204,0,1.5950216374957327,0.3222290017008782,1,0,0,0,10,10,91.49469225005014,0,1.5950216374957327,0.3222290017008782,1,0,0,0,10,10,126.32327704260824,0,1.5950216374957327,0.3222290017008782,1,0,0,0,14,14,87.14345836646577,0,1.5950216374957327,0.3222290017008782,1,0,0,0,57,57,124.12880927619712,0,1.5950216374957327,0.3222290017008782,1,1,1,1,88,87,217.623511099448,0,1.5950216374957327,0.3222290017008782,1,0,0,0,5,5,61.922425973613414,0,2.3594915919078217,0.3461776607558862,1,0,0,0,10,10,58.64108664627673,0,1.5950216374957327,0.3222290017008782,10,nuscenes_mf/v1.0-mini/mini_val/325cef682f064c55a255f2625c533b75/2197057ff31949819b309f2c7ec9a113,dev,60
27,ct_joint_full,0,0,0,0,0,0,0,0,0,-1.0,0,8.871230125427246,3.8580000400543213,55.68440957233436,0,0,0,0,0.49932098388671875,0.9989234805107117,0,0,0,0,0,1,0,0,1,0,1,0.0,0.0,0.0,1.377013062539688,0.2792920608209187,1.4417169075310095,0.5859630579029823,1.152134435544162,1.0778493785260514,0.40700693591706105,0.6592288004686794,1,2.8497745516008535,0.052648091734726905,1,1,1,1.377013062539688,0.2792920608209187,1.4417169075310095,1.377013062539688,0.2792920608209187,1.4417169075310095,1.377013062539688,1.377013062539688,1.377013062539688,0.0,0,0,1,1.377013062539688,0.2792920608209187,1.4417169075310095,0.0,0.0,0.0,0.0,0.0,0.0,0.0,0.0,0.0,0.0,0.0,1.377013062539688,0.2792920608209187,0.0,0.0,0.0,0.0,-0.7563286423683167,0.005728801246732473,0.4802932380230871,0.783518015373307,1,1,0.0,6.217473030090332,2.70766544342041,0.0,0.0,0.0,0.0,0.0,0.0,0.0,0.0,0,2,0,0,34688,0,0,44,1024,0,0,0,0,0,0,0,0,0,0,1,1,1,1,1.152134435544097,0.4217119197845459,1.1490819435288768,0.4217119197845459,b1,0,3.858,8.863,1.627,3.858,8.871230195774698,1.627,0,0,0,0,0,0,0,0,1,0,0,0,7,7,55.73967396452139,0,1.152134435544097,0.4217119197845459,1,0,0,0,7,7,89.99884665322536,0,1.152134435544097,0.4217119197845459,1,0,0,0,7,7,124.25801934192934,0,1.152134435544097,0.4217119197845459,1,0,0,0,14,14,85.99356813347853,0,1.152134435544097,0.4217119197845459,1,0,0,0,51,51,122.7554623031933,0,1.152134435544097,0.4217119197845459,1,0,0,0,88,88,215.8032506441381,0,1.152134435544097,0.4217119197845459,1,0,0,0,11,11,60.792329753972005,0,0.5859630536818666,0.44047896862766867,1,0,0,0,7,7,57.75924276362229,0,1.152134435544097,0.4217119197845459,10,nuscenes_mf/v1.0-mini/mini_val/325cef682f064c55a255f2625c533b75/2197057ff31949819b309f2c7ec9a113,dev,60
28,ct_joint_full,0,0,0,0,0,0,0,0,0,-1.0,0,8.875821113586426,3.8580000400543213,55.71322704875905,0,0,0,0,0.4998810291290283,1.000556468963623,0,0,0,0,0,1,0,0,1,0,0,0.0,0.0,0.0,1.0709499091458436,0.27645786804427586,1.1904821718487748,1.7729762664740376,1.3727025941016449,-1.325731605080862,-0.35601716678512846,0.4114323177039983,1,2.3211128023962018,0.11548588826255746,1,1,1,1.0709499091458436,0.27645786804427586,1.1904821718487748,1.0709499091458436,0.27645786804427586,1.1904821718487748,1.0709499091458436,1.0709499091458436,1.0709499091458436,0.0,0,0,1,1.0709499091458436,0.27645786804427586,1.1904821718487748,0.0,0.0,0.0,0.0,0.0,0.0,0.0,0.0,0.0,0.0,0.0,1.0709499091458436,0.27645786804427586,0.0,0.0,0.0,0.0,-0.591171383857727,0.0033377278596162796,-2.496076338104657,-0.8141990619830706,0,1,0.0,4.465142726898193,2.153444528579712,0.0,0.0,0.0,0.0,0.0,0.0,0.0,0.0,0,2,0,0,34720,0,0,65,1024,0,0,0,0,0,0,0,0,0,0,1,1,1,1,1.3727025941015938,0.5070628373622894,1.378667363617193,0.5070628373622894,b1,0,3.858,8.863,1.627,3.858,8.87582102869064,1.627,0,0,0,0,0,0,0,0,1,0,0,0,7,7,55.8050711263083,0,1.3727025941015938,0.5070628373622894,1,0,0,0,7,7,90.1044387515746,0,1.3727025941015938,0.5070628373622894,1,0,0,0,11,11,124.40380637684092,0,1.3727025941015938,0.5070628373622894,1,0,0,0,13,13,86.07468927257463,0,1.3727025941015938,0.5070628373622894,1,0,0,0,31,31,122.85230741732569,0,1.3727025941015938,0.5070628373622894,1,0,0,0,64,64,215.93154370758546,0,1.3727025941015938,0.5070628373622894,1,0,0,0,4,4,58.64510152350984,0,1.7729762706552568,0.508886331359607,1,0,0,0,7,7,56.717800451795235,0,1.3727025941015938,0.5070628373622894,10,nuscenes_mf/v1.0-mini/mini_val/325cef682f064c55a255f2625c533b75/2197057ff31949819b309f2c7ec9a113,dev,60
29,ct_joint_full,0,0,0,0,0,0,0,0,0,-1.0,0,8.899408340454102,3.8580000400543213,55.86128326903571,0,0,0,0,0.49987077713012695,1.000540018081665,0,0,0,0,0,1,0,0,1,0,1,0.0,0.0,0.0,1.0056929020555838,0.25560809963875475,1.171468693982472,0.6663198781898246,1.1120455763739583,1.0261039803981855,0.42866768978732955,0.5162833523328629,1,2.759406948485741,0.05733375628544665,1,1,1,1.0056929020555838,0.25560809963875475,1.171468693982472,1.0056929020555838,0.25560809963875475,1.171468693982472,1.0056929020555838,1.0056929020555838,1.0056929020555838,0.0,0,0,1,1.0056929020555838,0.25560809963875475,1.171468693982472,0.0,0.0,0.0,0.0,0.0,0.0,0.0,0.0,0.0,0.0,0.0,1.0056929020555838,0.25560809963875475,0.0,0.0,0.0,0.0,-0.7798399925231934,0.0008607991621829569,0.7700785095474267,1.0251185591129695,1,0,0.0,6.084558486938477,2.5218327045440674,0.0,0.0,0.0,0.0,0.0,0.0,0.0,0.0,0,2,0,0,34720,0,0,62,1024,0,0,2,2,0,2,2,0,0,0,1,1,1,1,1.112045576373978,0.5999173911213875,1.0953421650780302,0.5999173911213875,b1,0,3.858,8.863,1.627,3.858,8.899408156132136,1.627,0,0,0,0,0,0,0,0,1,0,0,0,8,8,56.12377420951846,0,1.112045576373978,0.5999173911213875,1,0,0,0,8,8,90.61902572120772,0,1.112045576373978,0.5999173911213875,1,0,0,0,8,8,125.114277232897,0,1.112045576373978,0.5999173911213875,1,0,0,0,15,15,86.47027645005286,0,1.112045576373978,0.5999173911213875,1,0,0,0,22,22,123.32477868982964,0,1.112045576373978,0.5999173911213875,1,0,0,0,41,41,216.5577831693832,0,1.112045576373978,0.5999173911213875,1,0,0,0,11,11,59.44491026786742,0,0.6663198908824327,0.6146470635434297,1,0,0,0,8,8,57.52101999233245,0,1.112045576373978,0.5999173911213875,10,nuscenes_mf/v1.0-mini/mini_val/325cef682f064c55a255f2625c533b75/2197057ff31949819b309f2c7ec9a113,dev,60
30,ct_joint_full,0,0,0,0,0,0,0,0,0,-1.0,0,8.919608116149902,3.8580000400543213,55.98807657359561,0,0,0,0,0.4993250370025635,0.9988979697227478,0,0,0,0,0,1,0,0,1,0,1,0.0,0.0,0.0,1.048538172250529,0.2216368729542486,1.2619788448568086,0.9980357423236731,1.0649463443924212,0.9804595788429803,0.4157040139175971,0.07307834926301893,1,0.8638122994288813,0.6675025857657214,1,1,1,1.048538172250529,0.2216368729542486,1.2619788448568086,1.048538172250529,0.2216368729542486,1.2619788448568086,1.048538172250529,1.048538172250529,1.048538172250529,0.0,0,0,1,1.048538172250529,0.2216368729542486,1.2619788448568086,0.0,0.0,0.0,0.0,0.0,0.0,0.0,0.0,0.0,0.0,0.0,1.048538172250529,0.2216368729542486,0.0,0.0,0.0,0.0,-0.14538121223449707,-0.0002669535460881889,1.8051350151714578,1.226662731441844,0,0,0.0,1.3034708499908447,1.3034708499908447,0.0,0.0,0.0,0.0,0.0,0.0,0.0,0.0,0,2,0,0,34720,0,0,46,1024,0,0,3,3,0,3,3,0,0,0,1,1,1,1,1.064946344392436,0.6807667498588563,1.038928638614372,0.6807667498588563,b1,0,3.858,8.863,1.627,3.858,8.919607721002397,1.627,0,0,0,0,0,0,0,0,1,0,0,0,7,7,56.39621840454499,0,1.064946344392436,0.6807667498588563,1,0,0,0,7,7,91.05892178779328,0,1.064946344392436,0.6807667498588563,1,0,0,0,7,7,125.72162517104158,0,1.064946344392436,0.6807667498588563,1,0,0,0,15,15,86.80845281080065,0,1.064946344392436,0.6807667498588563,1,0,0,0,20,20,123.72868721781393,0,1.064946344392436,0.6807667498588563,1,0,0,0,33,33,217.0931560295676,0,1.064946344392436,0.6807667498588563,1,0,0,0,8,8,56.18434166107206,0,0.9980357360681134,0.6786205288493445,1,0,0,0,7,7,56.82267992965862,0,1.064946344392436,0.6807667498588563,10,nuscenes_mf/v1.0-mini/mini_val/325cef682f064c55a255f2625c533b75/2197057ff31949819b309f2c7ec9a113,dev,60
31,ct_joint_full,0,1,0,0,0,0,0,0,1,-1.0,0,8.893839836120605,3.8580000400543213,55.82632995685379,0,0,0,0,0.49987196922302246,1.0005486011505127,0,0,0,0,0,1,0,0,1,0,1,0.0,0.0,0.0,0.9954188947552544,0.20157032827551943,1.2667472705435425,1.119269492475841,1.0840177698232216,-0.9886867454076226,-0.4445145186327811,0.03856682432882154,1,0.7035129871811748,0.9220781737260582,1,1,1,0.9954188947552544,0.20157032827551943,1.2667472705435425,0.9954188947552544,0.20157032827551943,1.2667472705435425,0.9954188947552544,0.9954188947552544,0.9954188947552544,0.0,0,0,1,0.9954188947552544,0.20157032827551943,1.2667472705435425,0.0,0.0,0.0,0.0,0.0,0.0,0.0,0.0,0.0,0.0,0.0,0.9954188947552544,0.20157032827551943,0.0,0.0,0.0,0.0,-0.08868281543254852,0.00028971192659810185,-2.3621330401584038,-1.4574278984260052,0,0,0.0,1.128892421722412,1.128892421722412,0.0,0.0,0.0,0.0,0.0,0.0,0.0,0.0,0,2,1,1,34720,1,30,30,1024,0,0,3,3,0,3,3,0,0,0,1,1,1,1,1.0840177698231566,0.7822523095011712,1.0699541154938015,0.7822523095011712,b1,0,3.858,8.863,1.627,3.858,8.893840256247863,1.627,0,0,0,0,0,0,0,0,1,0,0,0,4,4,56.04869179035491,0,1.0840177698231566,0.7822523095011712,1,0,0,0,4,4,90.49779553365846,0,1.0840177698231566,0.7822523095011712,1,0,0,0,4,4,124.94689927696203,0,1.0840177698231566,0.7822523095011712,1,0,0,0,7,7,86.37707877797588,0,1.0840177698231566,0.7822523095011712,1,0,0,0,22,22,123.21346576635447,0,1.0840177698231566,0.7822523095011712,1,1,0,0,30,30,216.4102397438693,0,1.0840177698231566,0.7822523095011712,1,0,0,0,3,3,56.819103006607904,0,1.1192694952165618,0.8089291697409501,1,0,0,0,4,4,56.78292398547151,0,1.0840177698231566,0.7822523095011712,10,nuscenes_mf/v1.0-mini/mini_val/325cef682f064c55a255f2625c533b75/2197057ff31949819b309f2c7ec9a113,dev,60
32,ct_joint_full,0,1,0,0,0,0,0,0,1,-1.0,0,8.902456283569336,3.8580000400543213,55.880415104235816,0,0,0,0,0.49993014335632324,1.0006637573242188,0,0,0,0,0,1,0,0,1,0,1,0.0,0.0,0.0,1.107666005132104,0.1871703879327978,1.369679946201046,0.9893968186318697,1.0372476680185243,0.955955927906702,0.40253082106584975,0.05208242321169889,1,0.716123274671501,0.7742546632040861,1,1,1,1.107666005132104,0.1871703879327978,1.369679946201046,1.107666005132104,0.1871703879327978,1.369679946201046,1.107666005132104,1.107666005132104,1.107666005132104,0.0,0,0,1,1.107666005132104,0.1871703879327978,1.369679946201046,0.0,0.0,0.0,0.0,0.0,0.0,0.0,0.0,0.0,0.0,0.0,1.107666005132104,0.1871703879327978,0.0,0.0,0.0,0.0,-0.1218729242682457,-0.00046439646393992007,2.1150729698412856,1.3360807014890241,0,0,0.0,1.1788012981414795,1.1788012981414795,0.0,0.0,0.0,0.0,0.0,0.0,0.0,0.0,0,2,1,1,34720,1,52,23,1024,0,0,0,0,0,0,0,0,0,0,1,1,1,1,1.0372476680185423,0.7834474273324014,1.0554305321756792,0.7834474273324014,b1,0,3.858,8.863,1.627,3.858,8.902456030840229,1.627,0,0,0,0,0,0,0,0,1,0,0,0,4,4,56.164892009785405,0,1.0372476680185423,0.7834474273324014,1,0,0,0,4,4,90.68541567898355,0,1.0372476680185423,0.7834474273324014,1,0,0,0,4,4,125.2059393481817,0,1.0372476680185423,0.7834474273324014,1,0,0,0,10,10,86.52131453086716,0,1.0372476680185423,0.7834474273324014,1,0,0,0,27,27,123.38573705119128,0,1.0372476680185423,0.7834474273324014,1,1,0,0,32,32,216.63858209487006,0,1.0372476680185423,0.7834474273324014,1,0,0,0,4,4,56.60645455769408,0,0.9893968223714124,0.7795602276910092,1,0,0,0,4,4,56.54865415590652,0,1.0372476680185423,0.7834474273324014,10,nuscenes_mf/v1.0-mini/mini_val/325cef682f064c55a255f2625c533b75/2197057ff31949819b309f2c7ec9a113,dev,60
33,ct_joint_full,0,1,0,0,0,0,0,0,1,-1.0,0,8.888468742370605,3.8580000400543213,55.79261578418577,0,0,0,0,0.4998440742492676,0.9998860359191895,0,0,0,0,0,1,0,0,1,0,1,0.0,0.0,0.0,1.1169825447804838,0.17742294692227398,1.4127453868127373,0.920780616582618,0.8871837574944571,-0.7941978765645976,-0.3954045606019509,0.037383954818048036,1,0.5374855614412923,0.630132092378358,1,1,1,1.1169825447804838,0.17742294692227398,1.4127453868127373,1.1169825447804838,0.17742294692227398,1.4127453868127373,1.1169825447804838,1.1169825447804838,1.1169825447804838,0.0,0,0,1,1.1169825447804838,0.17742294692227398,1.4127453868127373,0.0,0.0,0.0,0.0,0.0,0.0,0.0,0.0,0.0,0.0,0.0,1.1169825447804838,0.17742294692227398,0.0,0.0,0.0,0.0,-0.08770895004272461,0.00015188177349045873,-1.9510299040025803,-1.3151903336331352,0,0,0.0,1.1176292896270752,1.1176292896270752,0.0,0.0,0.0,0.0,0.0,0.0,0.0,0.0,0,2,1,1,34720,1,36,32,1024,0,0,2,2,0,2,2,0,0,0,1,0,1,0,0.8871837574944494,0.8556669138669968,0.875792218700598,0.8556669138669968,b1,0,3.858,8.863,1.627,3.858,8.888468655338766,1.627,0,0,0,0,0,0,0,0,1,0,0,0,4,4,55.97624553735136,0,0.8871837574944494,0.8556669138669968,1,0,0,0,4,4,90.38082177419913,0,0.8871837574944494,0.8556669138669968,1,0,0,0,4,4,124.78539801104692,0,0.8871837574944494,0.8556669138669968,1,0,0,0,9,9,86.28715347519379,0,0.8871837574944494,0.8556669138669968,1,1,0,0,24,24,123.10606141379384,0,0.8871837574944494,0.8556669138669968,1,1,0,0,33,33,216.26787729023633,0,0.8871837574944494,0.8556669138669968,1,0,0,0,4,4,56.70608300251747,0,0.9207806140672874,0.8831371285369503,1,0,0,0,4,4,56.64321249256969,0,0.8871837574944494,0.8556669138669968,10,nuscenes_mf/v1.0-mini/mini_val/325cef682f064c55a255f2625c533b75/2197057ff31949819b309f2c7ec9a113,dev,60
1,ct_joint_full,0,0,0,0,0,0,0,0,0,-1.0,0,0.0,0.0,0.0,0,0,0,0,0.4998750686645508,1.0,0,0,0,0,0,0,0,0,0,0,1,0.0,0.0,0.0,0.07753196495521845,0.7320800674441218,0.2317229252424135,0.00670820393254411,0.00670820393254411,0.0,0.0,0.0,0,0.0,0.0,0,0,0,0.07753196495521845,0.7320800674441218,0.2317229252424135,0.07753196495521845,0.7320800674441218,0.2317229252424135,0.07753196495521845,0.07753196495521845,0.07753196495521845,0.0,0,0,1,0.07753196495521845,0.7320800674441218,0.2317229252424135,0.0,0.0,0.0,0.0,0.0,0.0,0.0,0.0,0.0,0.0,0.0,0.07753196495521845,0.7320800674441218,0.0,0.0,0.0,0.0,-0.0,0.0,0.00524186992968407,0.0233244508611098,1,1,0.0,2.082801342010498,2.082801342010498,0.0,0.0,0.0,0.0,0.0,0.0,0.0,0.0,0,2,0,0,34720,0,0,3,1024,0,0,0,0,0,0,0,0,0,0,0,0,0,0,0.0,0.0,0.0,0.0,base_only,0,0.0,0.0,0.0,0.0,0.0,0.0,0,0,0,0,0,0,0,0,0,0,0,0,0,0,0.0,0,0.0,0.0,0,0,0,0,0,0,0.0,0,0.0,0.0,0,0,0,0,0,0,0.0,0,0.0,0.0,0,0,0,0,0,0,0.0,0,0.0,0.0,0,0,0,0,0,0,0.0,0,0.0,0.0,0,0,0,0,0,0,0.0,0,0.0,0.0,0,0,0,0,0,0,0.0,0,0.0,0.0,0,0,0,0,0,0,0.0,0,0.0,0.0,11,nuscenes_mf/v1.0-mini/mini_val/325cef682f064c55a255f2625c533b75/77268b95b44a4b89ad17df89479de81c,dev,60
2,ct_joint_full,0,2,2,0,0,0,0,1,2,-1.0,0,8.221619606018066,3.619999885559082,49.197019055226086,0,0,0,0,0.4993269443511963,0.9989034533500671,0,0,0,0,0,1,0,0,1,0,1,0.0,0.0,0.0,0.3006737301621439,0.49755979384290117,0.5394273168587549,0.15498221449685026,0.10006637096896792,-0.09939676344435759,-0.011556885901789129,0.0550926004529798,1,0.5272617368106005,0.005927568317245872,1,1,1,0.3006737301621439,0.49755979384290117,0.5394273168587549,0.3006737301621439,0.49755979384290117,0.5394273168587549,0.3006737301621439,0.3006737301621439,0.3006737301621439,0.0,0,0,1,0.3006737301621439,0.49755979384290117,0.5394273168587549,0.0,0.0,0.0,0.0,0.0,0.0,0.0,0.0,0.0,0.0,0.0,0.3006737301621439,0.49755979384290117,0.0,0.0,0.0,0.0,-0.1469607651233673,-0.003204483538866043,-0.41213778011425944,-0.04524495475406844,1,1,0.0,1.2997201681137085,1.2997201681137085,0.0,0.0,0.0,0.0,0.0,0.0,0.0,0.0,0,2,2,2,34688,2,142,14,1024,2,2,5,5,2,5,3,1,1,0,1,1,1,1,0.10006637096890274,0.4303673704862594,0.09039664021429994,0.4303673704862594,b1,0,3.62,8.202,1.653,3.62,8.221619384746516,1.653,0,0,0,0,0,0,0,0,1,1,1,1,1,0,49.329884126173795,0,0.10006637096890274,0.4303673704862594,1,1,1,1,1,0,79.17252425090082,0,0.10006637096890274,0.4303673704862594,1,1,1,1,1,0,109.01516437562786,0,0.10006637096890274,0.4303673704862594,1,2,2,1,2,0,78.22633910576579,0,0.10006637096890274,0.4303673704862594,1,2,2,1,2,0,113.73479408381831,0,0.10006637096890274,0.4303673704862594,1,2,2,1,4,2,204.58770404377205,0,0.10006637096890274,0.4303673704862594,1,1,1,1,1,0,49.65697587196424,0,0.1549822103535804,0.436727759006835,1,1,1,1,1,0,49.46264437176038,0,0.10006637096890274,0.4303673704862594,11,nuscenes_mf/v1.0-mini/mini_val/325cef682f064c55a255f2625c533b75/77268b95b44a4b89ad17df89479de81c,dev,60
3,ct_joint_full,0,1,0,0,0,0,0,0,1,-1.0,0,8.20356273651123,3.619999885559082,49.08896927966176,0,0,0,0,0.5004410743713379,1.0016814470291138,0,0,0,0,0,1,0,0,1,0,1,0.0,0.0,0.0,0.036451191530557314,0.24641630511659499,0.9828297479293632,0.5612008057877179,0.3047506845696535,-0.30393694578543407,-0.02225596324357887,0.25680135592769393,1,1.9990148351254473,0.006162127984048848,1,1,1,0.036451191530557314,0.24641630511659499,0.9828297479293632,0.036451191530557314,0.24641630511659499,0.9828297479293632,0.036451191530557314,0.036451191530557314,0.036451191530557314,0.0,0,0,1,0.036451191530557314,0.24641630511659499,0.9828297479293632,0.0,0.0,0.0,0.0,0.0,0.0,0.0,0.0,0.0,0.0,0.0,0.036451191530557314,0.24641630511659499,0.0,0.0,0.0,0.0,-0.5725888013839722,-0.0017254537669941783,-1.2502772313786914,-0.07311440610176866,0,1,0.0,3.916694164276123,1.8788987398147583,0.0,0.0,0.0,0.0,0.0,0.0,0.0,0.0,0,2,1,1,34752,1,85,11,1024,0,0,2,2,0,2,2,1,0,1,1,0,1,0,0.3047506845696518,0.9688583907485007,0.30403861967934964,0.9688583907485007,b1,0,3.62,8.202,1.653,3.62,8.203563146130978,1.653,0,0,0,0,0,0,0,0,1,1,0,0,0,0,49.09892266048863,0,0.3047506845696518,0.9688583907485007,1,1,1,1,1,0,78.80184018044545,0,0.3047506845696518,0.9688583907485007,1,1,1,1,1,0,108.50475770040228,0,0.3047506845696518,0.9688583907485007,1,1,0,0,0,0,77.9355586053282,0,0.3047506845696518,0.9688583907485007,1,1,0,0,0,0,113.3841945509375,0,0.3047506845696518,0.9688583907485007,1,1,0,0,1,1,204.11746644369558,0,0.3047506845696518,0.9688583907485007,1,1,0,0,0,0,50.945342878960595,0,0.5612008211353149,0.9891819942825446,1,1,0,0,0,0,49.57509602825931,0,0.3047506845696518,0.9688583907485007,11,nuscenes_mf/v1.0-mini/mini_val/325cef682f064c55a255f2625c533b75/77268b95b44a4b89ad17df89479de81c,dev,60
4,ct_joint_full,0,0,0,0,0,0,0,0,0,-1.0,0,8.234021186828613,3.619999885559082,49.27122837610062,0,0,0,0,0.49985289573669434,0.9999377727508545,0,0,0,0,0,1,0,0,1,0,1,0.0,0.0,0.0,0.3783657667961087,0.12226104964862358,1.303225276689384,0.4097047162646634,0.059129053947465905,0.043798931267676235,0.039722771504261144,0.4515358170169872,1,2.5059901984884387,0.00036726640741953793,1,1,1,0.3783657667961087,0.12226104964862358,1.303225276689384,0.3783657667961087,0.12226104964862358,1.303225276689384,0.3783657667961087,0.3783657667961087,0.3783657667961087,0.0,0,0,1,0.3783657667961087,0.12226104964862358,1.303225276689384,0.0,0.0,0.0,0.0,0.0,0.0,0.0,0.0,0.0,0.0,0.0,0.3783657667961087,0.12226104964862358,0.0,0.0,0.0,0.0,-0.7153196930885315,0.0009577895980328321,-0.6459336764494137,0.09949748516195013,1,1,0.0,5.343687534332275,2.2930679321289062,0.0,0.0,0.0,0.0,0.0,0.0,0.0,0.0,0,2,0,0,34720,0,0,12,1024,0,0,2,2,0,2,2,0,0,0,1,0,1,0,0.059129053947562946,1.2281535643935202,0.04863679518549975,1.2281535643935202,b1,0,3.62,8.202,1.653,3.62,8.234020875857377,1.653,0,0,0,0,0,0,0,0,1,0,0,0,0,0,49.488280391422094,0,0.059129053947562946,1.2281535643935202,1,0,0,0,0,0,79.42674402809608,0,0.059129053947562946,1.2281535643935202,1,0,0,0,0,0,109.36520766477007,0,0.059129053947562946,1.2281535643935202,1,0,0,0,0,0,78.42576355907599,0,0.059129053947562946,1.2281535643935202,1,0,0,0,0,0,113.97524672672989,0,0.059129053947562946,1.2281535643935202,1,0,0,0,5,5,204.91021306126794,0,0.059129053947562946,1.2281535643935202,1,0,0,0,0,0,51.98378835896573,0,0.4097047555279687,1.240375703677929,1,0,0,0,0,0,50.287854441384816,0,0.059129053947562946,1.2281535643935202,11,nuscenes_mf/v1.0-mini/mini_val/325cef682f064c55a255f2625c533b75/77268b95b44a4b89ad17df89479de81c,dev,60
5,ct_joint_full,0,0,0,0,0,0,0,0,0,-1.0,0,8.23288631439209,3.619999885559082,49.26443745854905,0,0,0,0,0.49991798400878906,0.9995421171188354,0,0,0,0,0,1,0,0,1,0,1,0.0,0.0,0.0,0.12209670224433215,0.22951229013833913,1.0073130700565682,0.9085884570821835,0.35049118068072205,-0.34732409933882746,-0.047011007566469754,0.5600913679485516,1,2.8296696908390784,0.0032693877053784413,1,1,1,0.12209670224433215,0.22951229013833913,1.0073130700565682,0.12209670224433215,0.22951229013833913,1.0073130700565682,0.12209670224433215,0.12209670224433215,0.12209670224433215,0.0,0,0,1,0.12209670224433215,0.22951229013833913,1.0073130700565682,0.0,0.0,0.0,0.0,0.0,0.0,0.0,0.0,0.0,0.0,0.0,0.12209670224433215,0.22951229013833913,0.0,0.0,0.0,0.0,-0.7964097857475281,0.0019241743721067905,-1.290280174400064,-0.10513003172345192,0,1,0.0,6.3906121253967285,2.6464126110076904,0.0,0.0,0.0,0.0,0.0,0.0,0.0,0.0,0,2,0,0,34688,0,0,12,1024,0,0,2,2,0,2,2,0,0,0,1,0,1,0,0.3504911806806604,0.9920908019542694,0.3657410690945286,0.9920908019542694,b1,0,3.62,8.202,1.653,3.62,8.232886720151072,1.653,0,0,0,0,0,0,0,0,1,0,0,0,0,0,49.47374278960749,0,0.3504911806806604,0.9920908019542694,1,0,0,0,0,0,79.40341174883767,0,0.3504911806806604,0.9920908019542694,1,0,0,0,0,0,109.33308070806785,0,0.3504911806806604,0.9920908019542694,1,0,0,0,0,0,78.4074611751032,0,0.3504911806806604,0.9920908019542694,1,0,0,0,0,0,113.95317956367785,0,0.3504911806806604,0.9920908019542694,1,0,0,0,3,3,204.88061634082717,0,0.3504911806806604,0.9920908019542694,1,0,0,0,0,0,52.79553515125075,0,0.9085884603630078,1.0124444644024004,1,0,0,0,0,0,50.60964407818324,0,0.3504911806806604,0.9920908019542694,11,nuscenes_mf/v1.0-mini/mini_val/325cef682f064c55a255f2625c533b75/77268b95b44a4b89ad17df89479de81c,dev,60
6,ct_joint_full,0,0,0,0,0,0,0,0,0,-1.0,0,8.221022605895996,3.619999885559082,49.193446690194754,0,0,0,0,0.49929308891296387,0.9988150000572205,0,0,0,0,0,1,0,0,1,0,1,0.0,0.0,0.0,0.08943189853703731,0.20471293265292823,1.0651603844632258,0.2924771825982446,0.14392551516707824,0.14219925991868262,0.022224416967545728,0.4337361305499911,1,2.372791905509791,0.000977077697438621,1,1,1,0.08943189853703731,0.20471293265292823,1.0651603844632258,0.08943189853703731,0.20471293265292823,1.0651603844632258,0.08943189853703731,0.08943189853703731,0.08943189853703731,0.0,0,0,1,0.08943189853703731,0.20471293265292823,1.0651603844632258,0.0,0.0,0.0,0.0,0.0,0.0,0.0,0.0,0.0,0.0,0.0,0.08943189853703731,0.20471293265292823,0.0,0.0,0.0,0.0,-0.6317977905273438,0.0028587556444108486,-0.42466369627152917,0.05445507789003328,1,1,0.0,4.798591613769531,2.2344183921813965,0.0,0.0,0.0,0.0,0.0,0.0,0.0,0.0,0,2,0,0,34688,0,0,7,1024,0,0,0,0,0,0,0,0,0,0,1,0,1,0,0.14392551516708585,1.0408860017061232,0.13465899473445497,1.0408860017061232,b1,0,3.62,8.202,1.653,3.62,8.221022704777699,1.653,0,0,0,0,0,0,0,0,1,0,0,0,0,0,49.32213249010406,0,0.14392551516708585,1.0408860017061232,1,0,0,0,0,0,79.16008317982218,0,0.14392551516708585,1.0408860017061232,1,0,0,0,0,0,108.99803386954031,0,0.14392551516708585,1.0408860017061232,1,0,0,0,0,0,78.21658160377247,0,0.14392551516708585,1.0408860017061232,1,0,0,0,0,0,113.72303071821061,0,0.14392551516708585,1.0408860017061232,1,0,0,0,0,0,204.57192894631714,0,0.14392551516708585,1.0408860017061232,1,0,0,0,0,0,51.824290581197175,0,0.2924771558687582,1.0458921115682895,1,0,0,0,0,0,49.931960205930196,0,0.14392551516708585,1.0408860017061232,11,nuscenes_mf/v1.0-mini/mini_val/325cef682f064c55a255f2625c533b75/77268b95b44a4b89ad17df89479de81c,dev,60
7,ct_joint_full,0,0,0,0,0,0,0,0,0,-1.0,0,8.239195823669434,3.619999885559082,49.30219267747445,0,0,0,0,0.49930906295776367,0.9994065761566162,0,0,0,0,0,1,0,0,1,0,1,0.0,0.0,0.0,0.13953043348773078,0.1805205314791159,1.120014532309039,0.11160167304012118,0.06106678112278078,-0.04864219963249534,-0.03692002847880554,0.05677409270564889,1,0.3295606536365724,0.0026857580139590335,1,1,1,0.13953043348773078,0.1805205314791159,1.120014532309039,0.13953043348773078,0.1805205314791159,1.120014532309039,0.13953043348773078,0.13953043348773078,0.13953043348773078,0.0,0,0,1,0.13953043348773078,0.1805205314791159,1.120014532309039,0.0,0.0,0.0,0.0,0.0,0.0,0.0,0.0,0.0,0.0,0.0,0.13953043348773078,0.1805205314791159,0.0,0.0,0.0,0.0,-0.11674553900957108,0.0008471376495435834,-0.2167705568247684,-0.11081756874546779,1,1,0.0,1.1783427000045776,1.1783427000045776,0.0,0.0,0.0,0.0,0.0,0.0,0.0,0.0,0,2,0,0,34688,0,0,10,1024,0,0,0,1,0,1,1,0,0,0,1,0,1,0,0.06106678112277603,1.1023993499875069,0.07664161113669601,1.1023993499875069,b1,0,3.62,8.202,1.653,3.62,8.23919594503542,1.653,0,0,0,0,0,0,0,0,1,0,0,0,0,0,49.5543374623144,0,0.06106678112277603,1.1023993499875069,1,0,0,0,0,0,79.53276302935275,0,0.06106678112277603,1.1023993499875069,1,0,0,0,0,0,109.51118859639111,0,0.06106678112277603,1.1023993499875069,1,0,0,0,0,0,78.50893151246197,0,0.06106678112277603,1.1023993499875069,1,0,0,0,0,0,114.075525564149,0,0.06106678112277603,1.1023993499875069,1,0,0,0,1,1,205.04471366444415,0,0.06106678112277603,1.1023993499875069,1,0,0,0,0,0,49.590613829396624,0,0.11160167944444811,1.126093541192435,1,0,0,0,0,0,49.93931130443431,0,0.06106678112277603,1.1023993499875069,11,nuscenes_mf/v1.0-mini/mini_val/325cef682f064c55a255f2625c533b75/77268b95b44a4b89ad17df89479de81c,dev,60
8,ct_joint_full,0,0,0,0,0,0,0,0,0,-1.0,0,8.22883415222168,3.619999885559082,49.240189888232536,0,0,0,0,0.49988698959350586,1.001173496246338,0,0,0,0,0,1,0,0,1,0,1,0.0,0.0,0.0,0.11605687693172151,0.15579486643813298,1.1824954842363484,0.21035316245584126,0.16978757812199097,-0.16787125587640864,-0.0254374611587034,0.04093317935980005,1,0.24671338622311573,0.022783103079394917,1,1,1,0.11605687693172151,0.15579486643813298,1.1824954842363484,0.11605687693172151,0.15579486643813298,1.1824954842363484,0.11605687693172151,0.11605687693172151,0.11605687693172151,0.0,0,0,1,0.11605687693172151,0.15579486643813298,1.1824954842363484,0.0,0.0,0.0,0.0,0.0,0.0,0.0,0.0,0.0,0.0,0.0,0.11605687693172151,0.15579486643813298,0.0,0.0,0.0,0.0,-0.09825082123279572,-0.00013987597776576877,-0.5011879290948215,-0.08613340642994997,1,1,0.0,1.124862551689148,1.124862551689148,0.0,0.0,0.0,0.0,0.0,0.0,0.0,0.0,0,2,0,0,34720,0,0,12,1024,0,0,3,3,0,3,3,0,0,0,1,0,1,0,0.1697875781220709,1.1522892560958862,0.15653842931482245,1.1522892560958862,b1,0,3.62,8.202,1.653,3.62,8.228833730688656,1.653,0,0,0,0,0,0,0,0,1,0,0,0,0,0,49.42209339027665,0,0.1697875781220709,1.1522892560958862,1,0,0,0,0,0,79.32051649389228,0,0.1697875781220709,1.1522892560958862,1,0,0,0,0,0,109.21893959750793,0,0.1697875781220709,1.1522892560958862,1,0,0,0,0,0,78.34243165147304,0,0.1697875781220709,1.1522892560958862,1,0,0,0,0,0,113.87476991266942,0,0.1697875781220709,1.1522892560958862,1,0,0,0,2,2,204.77544643506218,0,0.1697875781220709,1.1522892560958862,1,0,0,0,0,0,49.541187851221764,0,0.2103531590122513,1.1582766495754908,1,0,0,0,0,0,49.479579544229146,0,0.1697875781220709,1.1522892560958862,11,nuscenes_mf/v1.0-mini/mini_val/325cef682f064c55a255f2625c533b75/77268b95b44a4b89ad17df89479de81c,dev,60
9,ct_joint_full,0,0,0,0,0,0,0,0,0,-1.0,0,8.213700294494629,3.619999885559082,49.14963100535357,0,0,0,0,0.5004210472106934,1.0016473531723022,0,0,0,0,0,1,0,0,1,0,1,0.0,0.0,0.0,0.1749696131522369,0.1293876688867567,1.2522369075665314,0.07866775389605668,0.10983184971552358,0.09889300198329037,0.047782943255373994,0.036417638371909394,1,0.21436970094712787,0.009783211546584252,1,1,1,0.1749696131522369,0.1293876688867567,1.2522369075665314,0.1749696131522369,0.1293876688867567,1.2522369075665314,0.1749696131522369,0.1749696131522369,0.1749696131522369,0.0,0,0,1,0.1749696131522369,0.1293876688867567,1.2522369075665314,0.0,0.0,0.0,0.0,0.0,0.0,0.0,0.0,0.0,0.0,0.0,0.1749696131522369,0.1293876688867567,0.0,0.0,0.0,0.0,-0.08816317468881607,7.948122220113873e-05,0.1512461676951926,0.1625811322337785,1,1,0.0,1.1104209423065186,1.1104209423065186,0.0,0.0,0.0,0.0,0.0,0.0,0.0,0.0,0,2,0,0,34720,0,0,11,1024,0,0,2,2,0,2,2,0,0,0,1,0,1,0,0.10983184971550676,1.2187864596247673,0.11513229849141329,1.2187864596247673,b1,0,3.62,8.202,1.653,3.62,8.213700247193579,1.653,0,0,0,0,0,0,0,0,1,0,0,0,0,0,49.22894762759422,0,0.10983184971550676,1.2187864596247673,1,0,0,0,0,0,79.01052513975043,0,0.10983184971550676,1.2187864596247673,1,0,0,0,0,0,108.79210265190665,0,0.10983184971550676,1.2187864596247673,1,0,0,0,0,0,78.09925460673914,0,0.10983184971550676,1.2187864596247673,1,0,0,0,0,0,113.58156158588406,0,0.10983184971550676,1.2187864596247673,1,0,0,0,1,1,204.38217554340417,0,0.10983184971550676,1.2187864596247673,1,0,0,0,0,0,49.66955895000096,0,0.07866775321758546,1.2472196829995688,1,0,0,0,0,0,49.5307045073705,0,0.10983184971550676,1.2187864596247673,11,nuscenes_mf/v1.0-mini/mini_val/325cef682f064c55a255f2625c533b75/77268b95b44a4b89ad17df89479de81c,dev,60
10,ct_joint_full,0,0,0,0,0,0,0,0,0,-1.0,0,8.216568946838379,3.619999885559082,49.16679661879487,0,0,0,0,0.49987292289733887,0.9994379878044128,0,0,0,0,0,1,0,0,1,0,1,0.0,0.0,0.0,0.20258665858972522,0.10552685402724461,1.320912945896846,0.5050663925581962,0.16188082491143765,-0.15047891802924743,0.05967829673650784,0.3511558294230297,1,2.3670286022004072,0.0016905233018760413,1,1,1,0.20258665858972522,0.10552685402724461,1.320912945896846,0.20258665858972522,0.10552685402724461,1.320912945896846,0.20258665858972522,0.20258665858972522,0.20258665858972522,0.0,0,0,1,0.20258665858972522,0.10552685402724461,1.320912945896846,0.0,0.0,0.0,0.0,0.0,0.0,0.0,0.0,0.0,0.0,0.0,0.20258665858972522,0.10552685402724461,0.0,0.0,0.0,0.0,-0.7051576375961304,-0.002652006456628442,-1.0073361798544134,0.174704900335012,0,1,0.0,4.985450744628906,2.1375484466552734,0.0,0.0,0.0,0.0,0.0,0.0,0.0,0.0,0,2,0,0,34752,0,0,12,1024,0,0,2,2,0,2,2,0,0,0,1,0,1,0,0.16188082491143144,1.2809527842402457,0.1685036361499799,1.2809527842402457,b1,0,3.62,8.202,1.653,3.62,8.21656934063056,1.653,0,0,0,0,0,0,0,0,1,0,0,0,0,0,49.26538005656562,0,0.16188082491143144,1.2809527842402457,1,0,0,0,0,0,79.06899775563738,0,0.16188082491143144,1.2809527842402457,1,0,0,0,0,0,108.87261545470915,0,0.16188082491143144,1.2809527842402457,1,0,0,0,0,0,78.14512708154366,0,0.16188082491143144,1.2809527842402457,1,0,0,0,0,0,113.6368741042125,0,0.16188082491143144,1.2809527842402457,1,0,0,0,1,1,204.4563681526291,0,0.16188082491143144,1.2809527842402457,1,0,0,0,0,0,51.477897951824914,0,0.505066393274216,1.301258052588735,1,0,0,0,0,0,49.917098881656756,0,0.16188082491143144,1.2809527842402457,11,nuscenes_mf/v1.0-mini/mini_val/325cef682f064c55a255f2625c533b75/77268b95b44a4b89ad17df89479de81c,dev,60
11,ct_joint_full,0,0,0,0,0,0,0,0,0,-1.0,0,8.231321334838867,3.619999885559082,49.25507284031196,0,0,0,0,0.5006210803985596,1.0009479522705078,0,0,0,0,0,1,0,0,1,0,1,0.0,0.0,0.0,0.48155033778107775,0.07749225484284723,1.4524064856101422,0.17143588020899178,0.23024266120458883,0.22053636922682132,-0.0661467562731928,0.06224347487399609,1,0.3862287703377517,0.036694646521908375,1,1,1,0.48155033778107775,0.07749225484284723,1.4524064856101422,0.48155033778107775,0.07749225484284723,1.4524064856101422,0.48155033778107775,0.48155033778107775,0.48155033778107775,0.0,0,0,1,0.48155033778107775,0.07749225484284723,1.4524064856101422,0.0,0.0,0.0,0.0,0.0,0.0,0.0,0.0,0.0,0.0,0.0,0.48155033778107775,0.07749225484284723,0.0,0.0,0.0,0.0,-0.12485439330339432,0.000945647363550961,0.31752603499020365,-0.19546577518924604,1,1,0.0,1.2019445896148682,1.2019445896148682,0.0,0.0,0.0,0.0,0.0,0.0,0.0,0.0,0,2,0,0,34752,0,0,11,1024,0,0,0,0,0,0,0,0,0,0,1,0,1,0,0.23024266120461898,1.3462852777838705,0.21619345207268723,1.3462852777838705,b1,0,3.62,8.202,1.653,3.62,8.231320870256837,1.653,0,0,0,0,0,0,0,0,1,0,0,0,0,0,49.453824779997575,0,0.23024266120461898,1.3462852777838705,1,0,0,0,0,0,79.37144412663856,0,0.23024266120461898,1.3462852777838705,1,0,0,0,0,0,109.28906347327957,0,0.23024266120461898,1.3462852777838705,1,0,0,0,0,0,78.38238271728996,0,0.23024266120461898,1.3462852777838705,1,0,0,0,0,0,113.92294065535206,0,0.23024266120461898,1.3462852777838705,1,0,0,0,1,1,204.8400565314763,0,0.23024266120461898,1.3462852777838705,1,0,0,0,0,0,49.588645693612996,0,0.17143587547609496,1.371453478208521,1,0,0,0,0,0,49.76507648861917,0,0.23024266120461898,1.3462852777838705,11,nuscenes_mf/v1.0-mini/mini_val/325cef682f064c55a255f2625c533b75/77268b95b44a4b89ad17df89479de81c,dev,60
12,ct_joint_full,0,0,0,0,0,0,0,0,0,-1.0,0,8.217829704284668,3.619999885559082,49.174340814595865,0,0,0,0,0.5002570152282715,1.0000200271606445,0,0,0,0,0,1,0,0,1,0,1,0.0,0.0,0.0,0.5121285828508125,0.05804551865598562,1.5233984428853684,0.8274898991256417,0.46507919152301097,-0.4597545789321595,0.07017396939391131,0.3648377335368429,1,2.4384260282804004,0.008878609714792113,1,1,1,0.5121285828508125,0.05804551865598562,1.5233984428853684,0.5121285828508125,0.05804551865598562,1.5233984428853684,0.5121285828508125,0.5121285828508125,0.5121285828508125,0.0,0,0,1,0.5121285828508125,0.05804551865598562,1.5233984428853684,0.0,0.0,0.0,0.0,0.0,0.0,0.0,0.0,0.0,0.0,0.0,0.5121285828508125,0.05804551865598562,0.0,0.0,0.0,0.0,-0.7250927090644836,-0.0028607079293578863,-1.6388301176813942,0.2040899080765953,0,1,0.0,5.185646057128906,2.1991970539093018,0.0,0.0,0.0,0.0,0.0,0.0,0.0,0.0,0,2,0,0,34752,0,0,11,1024,0,0,1,1,0,1,1,0,0,0,1,0,1,0,0.4650791915231012,1.411253214418888,0.4728186632839729,1.411253214418888,b1,0,3.62,8.202,1.653,3.62,8.2178300409521,1.653,0,0,0,0,0,0,0,0,1,0,0,0,0,0,49.28145391016313,0,0.4650791915231012,1.411253214418888,1,0,0,0,0,0,79.09479565859817,0,0.4650791915231012,1.411253214418888,1,0,0,0,0,0,108.90813740703322,0,0.4650791915231012,1.411253214418888,1,0,0,0,0,0,78.16536485267942,0,0.4650791915231012,1.411253214418888,1,0,0,0,0,0,113.66127579365623,0,0.4650791915231012,1.411253214418888,1,0,0,0,0,0,204.48909767791906,0,0.4650791915231012,1.411253214418888,1,0,0,0,0,0,51.583391639803985,0,0.8274898694166283,1.4351035480080194,1,0,0,0,0,0,49.98112980756459,0,0.4650791915231012,1.411253214418888,11,nuscenes_mf/v1.0-mini/mini_val/325cef682f064c55a255f2625c533b75/77268b95b44a4b89ad17df89479de81c,dev,60
13,ct_joint_full,0,12,0,0,0,0,0,0,12,-1.0,0,8.233579635620117,3.619999885559082,49.26858619557426,0,0,0,0,0.5004239082336426,0.9999697208404541,0,0,0,0,0,1,0,0,1,0,1,0.0,0.0,0.0,0.494137184163168,0.040181384184882124,1.5791690524154705,0.48017754401251117,0.542303152089122,0.5340030670391402,-0.09451690880008148,0.06316076093155219,1,0.47671868449211696,0.20197949897767253,1,1,1,0.494137184163168,0.040181384184882124,1.5791690524154705,0.494137184163168,0.040181384184882124,1.5791690524154705,0.494137184163168,0.494137184163168,0.494137184163168,0.0,0,0,1,0.494137184163168,0.040181384184882124,1.5791690524154705,0.0,0.0,0.0,0.0,0.0,0.0,0.0,0.0,0.0,0.0,0.0,0.494137184163168,0.040181384184882124,0.0,0.0,0.0,0.0,-0.12587560713291168,0.0008783322409726679,0.9383722995021749,-0.27843238484837,1,1,0.0,1.2066699266433716,1.2066699266433716,0.0,0.0,0.0,0.0,0.0,0.0,0.0,0.0,0,2,12,12,34784,12,362,31,1024,0,0,2,2,0,2,2,10,0,10,1,0,1,0,0.5423031520890782,1.475735909640789,0.5267362825167293,1.475735909640789,b1,0,3.62,8.202,1.653,3.62,8.233579535924617,1.653,0,0,0,0,0,0,0,0,1,10,0,0,0,0,49.48265394992614,0,0.5423031520890782,1.475735909640789,1,10,0,0,0,0,79.4177138107405,0,0.5423031520890782,1.475735909640789,1,10,0,0,0,0,109.35277367155486,0,0.5423031520890782,1.475735909640789,1,11,0,0,0,0,78.41867958306473,0,0.5423031520890782,1.475735909640789,1,12,0,0,0,0,113.96670521620334,0,0.5423031520890782,1.475735909640789,1,12,0,0,0,0,204.89875648325028,0,0.5423031520890782,1.475735909640789,1,10,0,0,0,0,49.53511966605867,0,0.48017754353072306,1.4991094507324265,1,10,0,0,0,0,49.74925687886425,0,0.5423031520890782,1.475735909640789,11,nuscenes_mf/v1.0-mini/mini_val/325cef682f064c55a255f2625c533b75/77268b95b44a4b89ad17df89479de81c,dev,60
14,ct_joint_full,0,0,0,0,0,0,0,0,0,-1.0,0,8.207284927368164,3.619999885559082,49.111242347900244,0,0,0,0,0.500432014465332,1.0001829862594604,0,0,0,0,0,1,0,0,1,0,1,0.0,0.0,0.0,0.547787576893258,0.024987219119720412,1.6495952321373393,0.4984724652161697,0.5317709895169941,0.4999552454490517,0.1811771123926254,0.035580018880805274,1,0.31941737810191284,0.23056576807134888,1,1,1,0.547787576893258,0.024987219119720412,1.6495952321373393,0.547787576893258,0.024987219119720412,1.6495952321373393,0.547787576893258,0.547787576893258,0.547787576893258,0.0,0,0,1,0.547787576893258,0.024987219119720412,1.6495952321373393,0.0,0.0,0.0,0.0,0.0,0.0,0.0,0.0,0.0,0.0,0.0,0.547787576893258,0.024987219119720412,0.0,0.0,0.0,0.0,-0.08906611800193787,5.097530083730817e-05,1.1624530287107824,0.6307802802385531,0,1,0.0,1.1074578762054443,1.1074578762054443,0.0,0.0,0.0,0.0,0.0,0.0,0.0,0.0,0,2,0,0,34784,0,0,15,1024,0,0,2,2,0,2,2,0,0,0,1,0,1,0,0.5317709895169866,1.5368677739501,0.5292898934856661,1.5368677739501,b1,0,3.62,8.202,1.653,3.62,8.207284952625264,1.653,0,0,0,0,0,0,0,0,1,0,0,0,0,0,49.147070444962466,0,0.5317709895169866,1.5368677739501,1,0,0,0,0,0,78.8791154812374,0,0.5317709895169866,1.5368677739501,1,0,0,0,0,0,108.61116051751235,0,0.5317709895169866,1.5368677739501,1,0,0,0,0,0,77.9961684628548,0,0.5317709895169866,1.5368677739501,1,0,0,0,0,0,113.4572664861353,0,0.5317709895169866,1.5368677739501,1,0,0,0,18,18,204.2154625249989,0,0.5317709895169866,1.5368677739501,1,0,0,0,0,0,50.2910577416536,0,0.49847246301675335,1.5611603948304578,1,0,0,0,0,0,50.176261111225,0,0.5317709895169866,1.5368677739501,11,nuscenes_mf/v1.0-mini/mini_val/325cef682f064c55a255f2625c533b75/77268b95b44a4b89ad17df89479de81c,dev,60
15,ct_joint_full,0,24,0,0,0,0,0,0,24,-1.0,0,8.207962989807129,3.619999885559082,49.11529977847098,0,0,0,0,0.5010008811950684,1.0011448860168457,0,0,0,0,0,1,0,0,1,0,0,0.0,0.0,0.0,0.5356006964146854,0.014350878278130023,1.6845854977966523,0.6126614032265979,0.5764412783828587,-0.5745026680636325,-0.047236062413607935,0.03633340056158803,1,0.337796445658041,0.2714946785971184,1,1,1,0.5356006964146854,0.014350878278130023,1.6845854977966523,0.5356006964146854,0.014350878278130023,1.6845854977966523,0.5356006964146854,0.5356006964146854,0.5356006964146854,0.0,0,0,1,0.5356006964146854,0.014350878278130023,1.6845854977966523,0.0,0.0,0.0,0.0,0.0,0.0,0.0,0.0,0.0,0.0,0.0,0.5356006964146854,0.014350878278130023,0.0,0.0,0.0,0.0,-0.09214416146278381,-7.692741928622127e-05,-1.5491252028047904,-0.1660037089552513,0,1,0.0,1.1063039302825928,1.1063039302825928,0.0,0.0,0.0,0.0,0.0,0.0,0.0,0.0,0,2,8,24,34720,24,332,76,1024,0,0,2,2,0,2,2,21,0,21,1,0,1,0,0.576441278382836,1.593986246883869,0.5794137953133672,1.593986246883869,b1,0,3.62,8.202,1.653,3.62,8.207963240255152,1.653,0,0,0,0,0,0,0,0,1,21,0,0,0,0,49.15572716681007,0,0.576441278382836,1.593986246883869,1,21,0,0,0,0,78.89300917939934,0,0.576441278382836,1.593986246883869,1,21,1,1,1,0,108.63029119198862,0,0.576441278382836,1.593986246883869,1,23,0,0,0,0,78.00706757421231,0,0.576441278382836,1.593986246883869,1,24,0,0,0,0,113.47040797930535,0,0.576441278382836,1.593986246883869,1,24,0,0,7,7,204.2330887910309,0,0.576441278382836,1.593986246883869,1,23,0,0,0,0,49.651113021248946,0,0.6126614013847314,1.6118701456892919,1,23,0,0,0,0,49.545931952703015,0,0.576441278382836,1.593986246883869,11,nuscenes_mf/v1.0-mini/mini_val/325cef682f064c55a255f2625c533b75/77268b95b44a4b89ad17df89479de81c,dev,60
16,ct_joint_full,0,22,0,0,0,0,0,0,22,-1.0,0,8.224261283874512,3.619999885559082,49.212826485157066,0,0,0,0,0.4998331069946289,0.998235821723938,0,0,0,0,0,1,0,0,1,0,0,0.0,0.0,0.0,0.6207871766252222,0.0025147713996788753,1.7562336090419068,0.5090770659588666,0.5505106971337794,0.5504967543644224,-0.003920488121124074,0.04143536875636593,1,0.35189052841172724,0.2403843585869891,1,1,1,0.6207871766252222,0.0025147713996788753,1.7562336090419068,0.6207871766252222,0.0025147713996788753,1.7562336090419068,0.6207871766252222,0.6207871766252222,0.6207871766252222,0.0,0,0,1,0.6207871766252222,0.0025147713996788753,1.7562336090419068,0.0,0.0,0.0,0.0,0.0,0.0,0.0,0.0,0.0,0.0,0.0,0.6207871766252222,0.0025147713996788753,0.0,0.0,0.0,0.0,-0.10135046392679214,-0.00023918686201795936,1.2451606048479813,-0.013669571685021514,0,1,0.0,1.1228265762329102,1.1228265762329102,0.0,0.0,0.0,0.0,0.0,0.0,0.0,0.0,0,2,7,22,34688,22,319,71,1024,0,0,3,3,0,3,3,18,0,18,1,0,1,0,0.550510697133797,1.6341725621819494,0.5616411970510765,1.6341725621819494,b1,0,3.62,8.202,1.653,3.62,8.224261173100098,1.653,0,0,0,0,0,0,0,0,1,18,0,0,0,0,49.363734167694574,0,0.550510697133797,1.6341725621819494,1,18,0,0,0,0,79.22685223647532,0,0.550510697133797,1.6341725621819494,1,18,0,0,0,0,109.08997030525607,0,0.550510697133797,1.6341725621819494,1,21,0,0,0,0,78.26895542364986,0,0.550510697133797,1.6341725621819494,1,22,0,0,0,0,113.78617668114461,0,0.550510697133797,1.6341725621819494,1,22,0,0,1,1,204.6566191976736,0,0.550510697133797,1.6341725621819494,1,20,0,0,0,0,49.538486076640815,0,0.5090770686395621,1.633379294447066,1,19,0,0,0,0,49.440220901728146,0,0.550510697133797,1.6341725621819494,11,nuscenes_mf/v1.0-mini/mini_val/325cef682f064c55a255f2625c533b75/77268b95b44a4b89ad17df89479de81c,dev,60
17,ct_joint_full,0,3,0,0,0,0,0,0,3,-1.0,0,8.23221206665039,3.619999885559082,49.26040285459194,0,0,0,0,0.49988508224487305,0.9989370703697205,0,0,0,0,0,1,0,0,1,0,1,0.0,0.0,0.0,0.6261951011344997,0.0,1.7866502922853957,0.7315775425782066,0.6900485633999822,-0.6899784170435554,-0.009841654915814017,0.04153258535699859,1,0.43159979306234897,0.3725832943632996,1,1,1,0.6261951011344997,0.0,1.7866502922853957,0.6261951011344997,0.0,1.7866502922853957,0.6261951011344997,0.6261951011344997,0.6261951011344997,0.0,0,0,1,0.6261951011344997,0.0,1.7866502922853957,0.0,0.0,0.0,0.0,0.0,0.0,0.0,0.0,0.0,0.0,0.0,0.6261951011344997,0.0,0.0,0.0,0.0,0.0,-0.09832647442817688,-9.650381980463862e-05,-1.7318189880278667,-0.033045411197359646,0,1,0.0,1.1304932832717896,1.1304932832717896,0.0,0.0,0.0,0.0,0.0,0.0,0.0,0.0,0,2,2,3,34720,3,115,27,1024,0,0,2,3,0,3,3,2,0,2,1,0,1,0,0.6900485634000081,1.6808571973443032,0.6749443534898306,1.6808571973443032,b1,0,3.62,8.202,1.653,3.62,8.232211995867416,1.653,0,0,0,0,0,0,0,0,1,2,0,0,0,0,49.465209679232906,0,0.6900485634000081,1.6808571973443032,1,2,0,0,0,0,79.38971644222921,0,0.6900485634000081,1.6808571973443032,1,2,0,0,0,0,109.31422320522553,0,0.6900485634000081,1.6808571973443032,1,2,0,0,0,0,78.39671651554572,0,0.6900485634000081,1.6808571973443032,1,3,0,0,0,0,113.94022335262828,0,0.6900485634000081,1.6808571973443032,1,3,0,0,1,1,204.8632370229447,0,0.6900485634000081,1.6808571973443032,1,2,0,0,0,0,49.61957184170892,0,0.7315775445829729,1.6909178521891142,1,2,0,0,0,0,49.57445460776464,0,0.6900485634000081,1.6808571973443032,11,nuscenes_mf/v1.0-mini/mini_val/325cef682f064c55a255f2625c533b75/77268b95b44a4b89ad17df89479de81c,dev,60
18,ct_joint_full,0,12,0,0,0,0,0,0,12,-1.0,0,8.220690727233887,3.619999885559082,49.19146077480992,0,0,0,0,0.49932098388671875,0.9989234805107117,0,0,0,0,0,1,0,0,1,0,1,0.0,0.0,0.0,0.7235470678099051,0.0,1.8527112804732602,0.6130117878520844,0.6481646475876796,0.6110553506646391,0.2161684869556784,0.0374254507396405,1,0.3851210577420826,0.3385566975936165,1,1,1,0.7235470678099051,0.0,1.8527112804732602,0.7235470678099051,0.0,1.8527112804732602,0.7235470678099051,0.7235470678099051,0.7235470678099051,0.0,0,0,1,0.7235470678099051,0.0,1.8527112804732602,0.0,0.0,0.0,0.0,0.0,0.0,0.0,0.0,0.0,0.0,0.0,0.7235470678099051,0.0,0.0,0.0,0.0,0.0,-0.08993333578109741,2.6744615752249956e-05,1.3784323390796254,0.7314219496252565,0,1,0.0,1.1139601469039917,1.1139601469039917,0.0,0.0,0.0,0.0,0.0,0.0,0.0,0.0,0,2,12,12,34688,12,281,45,1024,0,0,3,3,0,3,3,12,0,12,1,0,1,0,0.6481646475877388,1.7103197429776191,0.6569835353848029,1.7103197429776191,b1,0,3.62,8.202,1.653,3.62,8.22069047512031,1.653,0,0,0,0,0,0,0,0,1,12,0,0,0,0,49.31816274747066,0,0.6481646475877388,1.7103197429776191,1,12,0,0,0,0,79.15371189899555,0,0.6481646475877388,1.7103197429776191,1,12,0,0,0,0,108.98926105052045,0,0.6481646475877388,1.7103197429776191,1,12,0,0,0,0,78.2115794537505,0,0.6481646475877388,1.7103197429776191,1,12,0,0,0,0,113.71699616387905,0,0.6481646475877388,1.7103197429776191,1,12,0,0,15,15,204.56382958028743,0,0.6481646475877388,1.7103197429776191,1,12,0,0,0,0,49.549641864303396,0,0.613011789451817,1.6987439840667617,1,12,0,0,0,0,49.451850744306,0,0.6481646475877388,1.7103197429776191,11,nuscenes_mf/v1.0-mini/mini_val/325cef682f064c55a255f2625c533b75/77268b95b44a4b89ad17df89479de81c,dev,60
19,ct_joint_full,0,10,0,0,0,0,0,0,10,-1.0,0,8.236680030822754,3.619999885559082,49.28713852579289,0,0,0,0,0.4998810291290283,1.000556468963623,0,0,0,0,0,1,0,0,1,0,0,0.0,0.0,0.0,0.570064187438639,0.0,1.903018666904521,0.6875214478610424,0.6367969935801012,-0.6015865441643371,-0.20881588892954586,0.053400579895894335,1,0.48423588910117366,0.2886570222857519,1,1,1,0.570064187438639,0.0,1.903018666904521,0.570064187438639,0.0,1.903018666904521,0.570064187438639,0.570064187438639,0.570064187438639,0.0,0,0,1,0.570064187438639,0.0,1.903018666904521,0.0,0.0,0.0,0.0,0.0,0.0,0.0,0.0,0.0,0.0,0.0,0.570064187438639,0.0,0.0,0.0,0.0,0.0,-0.12579898536205292,-0.0005905305733904243,-1.5430006433785153,-0.697243690579602,0,1,0.0,1.185249924659729,1.185249924659729,0.0,0.0,0.0,0.0,0.0,0.0,0.0,0.0,0,2,10,10,34720,10,108,79,1024,0,0,3,4,0,4,4,10,0,10,1,0,1,0,0.6367969935801355,1.8055845711827279,0.6204719619790265,1.8055845711827279,b1,0,3.62,8.202,1.653,3.62,8.236679733200424,1.653,0,0,0,0,0,0,0,0,1,10,0,0,0,0,49.52222760776057,0,0.6367969935801355,1.8055845711827279,1,10,0,0,0,0,79.48122797543182,0,0.6367969935801355,1.8055845711827279,1,10,0,0,0,0,109.44022834310307,0,0.6367969935801355,1.8055845711827279,1,10,0,0,0,0,78.46850405957875,0,0.6367969935801355,1.8055845711827279,1,10,0,0,0,0,114.02678051062719,0,0.6367969935801355,1.8055845711827279,1,10,0,0,18,18,204.97933341272406,0,0.6367969935801355,1.8055845711827279,1,10,0,0,0,0,49.63677435170819,0,0.6875214432270973,1.8015437050343466,1,10,0,0,0,0,49.55377621373991,0,0.6367969935801355,1.8055845711827279,11,nuscenes_mf/v1.0-mini/mini_val/325cef682f064c55a255f2625c533b75/77268b95b44a4b89ad17df89479de81c,dev,60
20,ct_joint_full,0,4,0,0,0,0,0,0,4,-1.0,0,8.22574520111084,3.619999885559082,49.22170603785476,0,0,0,0,0.49987077713012695,1.000540018081665,0,0,0,0,0,1,0,0,1,0,1,0.0,0.0,0.0,0.49882413838970346,0.0,1.9901667695868077,0.3936149344578683,0.4290464885255928,0.4104429903714209,0.12496981943427739,0.03720174327045999,1,0.29409690016172946,0.14769127594754336,1,1,1,0.49882413838970346,0.0,1.9901667695868077,0.49882413838970346,0.0,1.9901667695868077,0.49882413838970346,0.49882413838970346,0.49882413838970346,0.0,0,0,1,0.49882413838970346,0.0,1.9901667695868077,0.0,0.0,0.0,0.0,0.0,0.0,0.0,0.0,0.0,0.0,0.0,0.49882413838970346,0.0,0.0,0.0,0.0,0.0,-0.08760368824005127,8.325214730575681e-05,0.8789189655450663,0.41689041092211415,1,1,0.0,1.1164182424545288,1.1164182424545288,0.0,0.0,0.0,0.0,0.0,0.0,0.0,0.0,0,2,4,4,34720,4,73,52,1024,0,0,5,5,0,5,5,4,0,4,1,0,1,0,0.42904648852563554,1.9156285051703452,0.44042154540763334,1.9156285051703452,b1,0,3.62,8.202,1.653,3.62,8.225745496201874,1.653,0,0,0,0,0,0,0,0,1,4,0,0,0,0,49.382678958158,0,0.42904648852563554,1.9156285051703452,1,4,0,0,0,0,79.25725788021366,0,0.42904648852563554,1.9156285051703452,1,4,1,1,1,0,109.13183680226932,0,0.42904648852563554,1.9156285051703452,1,4,0,0,0,0,78.29280754702538,0,0.42904648852563554,1.9156285051703452,1,4,0,0,0,0,113.81493613666248,0,0.42904648852563554,1.9156285051703452,1,4,0,0,20,20,204.69519331285775,0,0.42904648852563554,1.9156285051703452,1,4,0,0,0,0,50.07604394086319,0,0.39361493532509617,1.9293702573215306,1,4,0,0,0,0,50.00147166074776,0,0.42904648852563554,1.9156285051703452,11,nuscenes_mf/v1.0-mini/mini_val/325cef682f064c55a255f2625c533b75/77268b95b44a4b89ad17df89479de81c,dev,60
21,ct_joint_full,0,1,0,0,0,0,0,0,1,-1.0,0,8.228208541870117,3.619999885559082,49.23644632359906,0,0,0,0,0.4993250370025635,0.9988979697227478,0,0,0,0,0,1,0,0,1,0,1,0.0,0.0,0.0,0.4352699453818467,0.0,1.9784704093903036,0.5782907688056381,0.537159662705691,-0.5366810021748101,-0.022672044311172247,0.041163157236806996,1,0.3510197608676466,0.22760669569311792,1,1,1,0.4352699453818467,0.0,1.9784704093903036,0.4352699453818467,0.0,1.9784704093903036,0.4352699453818467,0.4352699453818467,0.4352699453818467,0.0,0,0,1,0.4352699453818467,0.0,1.9784704093903036,0.0,0.0,0.0,0.0,0.0,0.0,0.0,0.0,0.0,0.0,0.0,0.4352699453818467,0.0,0.0,0.0,0.0,0.0,-0.09896694123744965,-0.00017709628446027637,-1.3892887166819305,-0.07691516241337437,0,1,0.0,1.1259286403656006,1.1259286403656006,0.0,0.0,0.0,0.0,0.0,0.0,0.0,0.0,0,2,1,1,34720,1,46,22,1024,0,0,4,4,0,4,4,1,0,1,1,0,1,0,0.5371596627056191,1.92663910728693,0.5240683210804462,1.92663910728693,b1,0,3.62,8.202,1.653,3.62,8.228208939474168,1.653,0,0,0,0,0,0,0,0,1,1,0,0,0,0,49.41411915903166,0,0.5371596627056191,1.92663910728693,1,1,0,0,0,0,79.30771816631032,0,0.5371596627056191,1.92663910728693,1,1,1,1,1,0,109.201317173589,0,0.5371596627056191,1.92663910728693,1,1,0,0,0,0,78.33239182647596,0,0.5371596627056191,1.92663910728693,1,1,0,0,0,0,113.86266449469001,0,0.5371596627056191,1.92663910728693,1,1,0,0,2,2,204.75920983034837,0,0.5371596627056191,1.92663910728693,1,1,0,0,0,0,49.68304722519575,0,0.578290774045169,1.9378788769880357,1,1,0,0,0,0,49.61006473040182,0,0.5371596627056191,1.92663910728693,11,nuscenes_mf/v1.0-mini/mini_val/325cef682f064c55a255f2625c533b75/77268b95b44a4b89ad17df89479de81c,dev,60
22,ct_joint_full,0,0,0,0,0,0,0,0,0,-1.0,0,8.248746871948242,3.619999885559082,49.35934481132239,0,0,0,0,0.49987196922302246,1.0005486011505127,0,0,0,0,0,1,0,0,1,0,1,0.0,0.0,0.0,3.356944674092601,0.0,3.8908232369570026,0.3414180139001906,0.40108449610331826,0.3996685868598531,0.03367192570642689,0.05989526260074374,1,0.4476933557167707,0.10854537852109641,1,1,1,3.356944674092601,0.0,3.8908232369570026,3.356944674092601,0.0,3.8908232369570026,3.356944674092601,3.356944674092601,3.356944674092601,0.0,0,0,1,3.356944674092601,0.0,3.8908232369570026,0.0,0.0,0.0,0.0,0.0,0.0,0.0,0.0,0.0,0.0,0.0,3.356944674092601,0.0,0.0,0.0,0.0,0.0,-0.1372445970773697,-0.0006665900000371039,0.7785652535967649,0.10947972464378755,1,1,0.0,1.2173913717269897,1.2173913717269897,0.0,0.0,0.0,0.0,0.0,0.0,0.0,0.0,0,2,0,0,34720,0,0,25,1024,0,0,4,4,0,4,4,0,0,0,1,0,1,0,0.4010844961033958,1.9299961749911307,0.42437189065135056,1.9299961749911307,b1,0,3.62,8.202,1.653,3.62,8.248747330969255,1.653,0,0,0,0,0,0,0,0,1,0,0,0,0,0,49.67624415323417,0,0.4010844961033958,1.9299961749911307,1,0,0,0,0,0,79.72841847460995,0,0.4010844961033958,1.9299961749911307,1,0,0,0,0,0,109.78059279598574,0,0.4010844961033958,1.9299961749911307,1,0,0,0,0,0,78.66241609500813,0,0.4010844961033958,1.9299961749911307,1,0,0,0,0,0,114.2605880367821,0,0.4010844961033958,1.9299961749911307,1,0,0,0,3,3,205.29293192033,0,0.4010844961033958,1.9299961749911307,1,0,0,0,0,0,49.85829805995248,0,0.34141801424071166,1.9314433998383047,1,0,0,0,0,0,49.80999066930763,0,0.4010844961033958,1.9299961749911307,11,nuscenes_mf/v1.0-mini/mini_val/325cef682f064c55a255f2625c533b75/77268b95b44a4b89ad17df89479de81c,dev,60
23,ct_joint_full,0,1,0,0,0,0,0,0,1,-1.0,0,10.775481224060059,3.619999885559082,64.47896892739661,0,0,0,0,0.49993014335632324,1.0006637573242188,0,0,0,0,0,1,0,0,1,0,1,0.0,0.0,0.0,3.248853980352956,0.0,3.806301071227734,7.645983864119021,5.919167030974232,-5.91865359922524,0.07795605269339856,1.7270456539468693,1,2.9031046872735975,1.1858025084735864,1,1,1,3.248853980352956,0.0,3.806301071227734,3.248853980352956,0.0,3.806301071227734,3.248853980352956,3.248853980352956,3.248853980352956,0.0,0,0,1,3.248853980352956,0.0,3.806301071227734,0.0,0.0,0.0,0.0,0.0,0.0,0.0,0.0,0.0,0.0,0.0,3.248853980352956,0.0,0.0,0.0,0.0,0.0,-0.7718906402587891,-0.0076329708099365234,-3.4172274294642393,0.05699681470797547,0,1,0.0,5.439277648925781,1.8525390625,0.0,0.0,0.0,0.0,0.0,0.0,0.0,0.0,0,2,1,1,34720,1,19,49,1024,0,0,13,13,0,13,13,0,0,0,0,0,0,0,5.9191670309741795,1.9670861486792564,4.632502077692468,1.9670861486792564,b1,0,3.62,8.202,1.653,3.62,10.775481205472852,1.653,0,0,0,0,0,0,0,0,1,0,0,0,13,13,81.92436746076866,0,5.9191670309741795,1.9670861486792564,1,0,0,0,23,23,131.4853883081786,0,5.9191670309741795,1.9670861486792564,1,0,0,0,31,31,181.04640915558858,0,5.9191670309741795,1.9670861486792564,1,0,0,0,18,18,119.26389510212418,0,5.9191670309741795,1.9670861486792564,1,0,0,0,24,24,163.21542274424945,0,5.9191670309741795,1.9670861486792564,1,0,0,0,44,44,270.9544780277302,0,5.9191670309741795,1.9670861486792564,1,0,0,0,13,13,81.85257926919245,0,7.645983877949979,2.0087073361278973,1,0,0,0,13,13,87.3820927576781,0,5.9191670309741795,1.9670861486792564,11,nuscenes_mf/v1.0-mini/mini_val/325cef682f064c55a255f2625c533b75/77268b95b44a4b89ad17df89479de81c,dev,60
1,ct_joint_full,0,0,0,0,0,0,0,0,0,-1.0,0,0.0,0.0,0.0,0,0,0,0,0.500432014465332,1.0,0,0,0,0,0,0,0,0,0,0,1,0.0,0.0,0.0,0.08081501493568681,0.9485134556130149,0.08092509399412672,0.0,0.0,0.0,0.0,0.0,0,0.0,0.0,0,0,0,0.08081501493568681,0.9485134556130149,0.08092509399412672,0.08081501493568681,0.9485134556130149,0.08092509399412672,0.08081501493568681,0.08081501493568681,0.08081501493568681,0.0,0,0,1,0.08081501493568681,0.9485134556130149,0.08092509399412672,0.0,0.0,0.0,0.0,0.0,0.0,0.0,0.0,0.0,0.0,0.0,0.08081501493568681,0.9485134556130149,0.0,0.0,0.0,0.0,-0.0,0.0,0.0,0.0,1,1,0.0,2.0832247734069824,2.0832247734069824,0.0,0.0,0.0,0.0,0.0,0.0,0.0,0.0,0,2,0,0,34784,0,0,32,1024,0,0,0,0,0,0,0,0,0,0,0,0,0,0,0.0,0.0,0.0,0.0,base_only,0,0.0,0.0,0.0,0.0,0.0,0.0,0,0,0,0,0,0,0,0,0,0,0,0,0,0,0.0,0,0.0,0.0,0,0,0,0,0,0,0.0,0,0.0,0.0,0,0,0,0,0,0,0.0,0,0.0,0.0,0,0,0,0,0,0,0.0,0,0.0,0.0,0,0,0,0,0,0,0.0,0,0.0,0.0,0,0,0,0,0,0,0.0,0,0.0,0.0,0,0,0,0,0,0,0.0,0,0.0,0.0,0,0,0,0,0,0,0.0,0,0.0,0.0,12,nuscenes_mf/v1.0-mini/mini_val/325cef682f064c55a255f2625c533b75/2e84949acbd84ea3857ca2a04e50b6a4,dev,60
2,ct_joint_full,0,5,5,0,0,0,0,1,5,-1.0,0,8.090293884277344,3.6670000553131104,47.615709100291845,0,0,0,0,0.5010008811950684,1.0011367797851562,0,0,0,0,0,1,0,0,1,0,1,0.0,0.0,0.0,0.1952065010391373,0.7151491970222709,0.24585579749490813,0.17566776773341072,0.11929480383375948,-0.10597404027610517,-0.05477914566890429,0.06064019605653158,1,0.5817562670716507,0.007985896112295651,1,1,1,0.1952065010391373,0.7151491970222709,0.24585579749490813,0.1952065010391373,0.7151491970222709,0.24585579749490813,0.1952065010391373,0.1952065010391373,0.1952065010391373,0.0,0,0,1,0.1952065010391373,0.7151491970222709,0.24585579749490813,0.0,0.0,0.0,0.0,0.0,0.0,0.0,0.0,0.0,0.0,0.0,0.1952065010391373,0.7151491970222709,0.0,0.0,0.0,0.0,-0.16158120334148407,-0.003302430035546422,-0.4439902305341313,-0.20239064335310944,1,1,0.0,1.3349337577819824,1.3349337577819824,0.0,0.0,0.0,0.0,0.0,0.0,0.0,0.0,0,2,5,5,34720,5,120,48,1024,5,5,5,5,5,5,0,5,5,0,1,1,1,1,0.11929480383375704,0.1317804977893826,0.11061429271069638,0.1317804977893826,b1,0,3.667,8.07,1.605,3.667,8.090293851418316,1.605,0,0,0,0,0,0,0,0,1,5,5,1,10,5,47.74700234610123,0,0.11929480383375704,0.1317804977893826,1,5,5,1,10,5,77.4959134651674,0,0.11929480383375704,0.1317804977893826,1,5,5,1,10,5,107.24482458423358,0,0.11929480383375704,0.1317804977893826,1,5,5,1,16,11,75.74553294093816,0,0.11929480383375704,0.1317804977893826,1,5,5,1,19,14,110.16406353951201,0,0.11929480383375704,0.1317804977893826,1,5,5,1,37,32,198.2611247329228,0,0.11929480383375704,0.1317804977893826,1,5,5,1,11,6,48.04920705832325,0,0.17566776344113963,0.1275561990542542,1,5,5,1,10,5,47.82877417284325,0,0.11929480383375704,0.1317804977893826,12,nuscenes_mf/v1.0-mini/mini_val/325cef682f064c55a255f2625c533b75/2e84949acbd84ea3857ca2a04e50b6a4,dev,60
3,ct_joint_full,0,7,7,0,0,0,0,1,7,-1.0,0,8.078432083129883,3.6670000553131104,47.54589605259272,0,0,0,0,0.4998331069946289,0.998235821723938,0,0,0,0,0,1,0,0,1,0,1,0.0,0.0,0.0,0.2557606458891141,0.5687426039994814,0.38661247207130317,0.31689519069729666,0.22614807164647122,-0.1893954629721368,-0.12358118146235436,0.10233779311817719,1,0.9955420376373572,0.017452156844385905,1,1,1,0.2557606458891141,0.5687426039994814,0.38661247207130317,0.2557606458891141,0.5687426039994814,0.38661247207130317,0.2557606458891141,0.2557606458891141,0.2557606458891141,0.0,0,0,1,0.2557606458891141,0.5687426039994814,0.38661247207130317,0.0,0.0,0.0,0.0,0.0,0.0,0.0,0.0,0.0,0.0,0.0,0.2557606458891141,0.5687426039994814,0.0,0.0,0.0,0.0,-0.263846218585968,-0.0006039991276338696,-0.7521442815033069,-0.43972257076620935,1,1,0.0,2.0100595951080322,1.3346266746520996,0.0,0.0,0.0,0.0,0.0,0.0,0.0,0.0,0,2,7,7,34688,7,113,58,1024,7,7,10,10,7,10,3,7,7,0,1,1,1,1,0.22614807164646156,0.2844640261530875,0.2226769101170599,0.2844640261530875,b1,0,3.667,8.07,1.605,3.667,8.07843236415983,1.605,0,0,0,0,0,0,0,0,1,7,7,1,7,0,47.60049479316921,0,0.22614807164646156,0.2844640261530875,1,7,7,1,9,2,77.25812394779177,0,0.22614807164646156,0.2844640261530875,1,7,7,1,9,2,106.91575310241433,0,0.22614807164646156,0.2844640261530875,1,7,7,1,8,1,75.56097993242324,0,0.22614807164646156,0.2844640261530875,1,7,7,1,23,16,109.94146507092988,0,0.22614807164646156,0.2844640261530875,1,7,7,1,40,33,197.96243534794314,0,0.22614807164646156,0.2844640261530875,1,7,7,1,7,0,48.47339877223773,0,0.3168951841946339,0.30756088724856223,1,7,7,1,7,0,47.947589671237715,0,0.22614807164646156,0.2844640261530875,12,nuscenes_mf/v1.0-mini/mini_val/325cef682f064c55a255f2625c533b75/2e84949acbd84ea3857ca2a04e50b6a4,dev,60
4,ct_joint_full,0,6,6,0,0,2,2,1,6,-1.0,0,8.076910018920898,3.6670000553131104,47.53693789017691,0,0,0,0,0.49988508224487305,0.9989370703697205,0,0,0,0,0,1,0,0,1,0,1,2.0,2.0,2.0,0.7010386171617691,0.34888081947540267,0.8287781441182779,0.3037126753641786,0.27947669177177054,-0.12607084772872595,-0.2494260627600374,0.047269952263768705,1,0.2692839161616971,0.06153245887406866,1,1,1,0.7010386171617691,0.34888081947540267,0.8287781441182779,0.7010386171617691,0.34888081947540267,0.8287781441182779,0.7010386171617691,0.7010386171617691,0.7010386171617691,0.0,0,0,1,0.7010386171617691,0.34888081947540267,0.8287781441182779,0.0,0.0,0.0,0.0,0.0,0.0,0.0,0.0,0.0,0.0,0.0,0.7010386171617691,0.34888081947540267,0.0,0.0,0.0,0.0,-0.11716725677251816,0.00013170536840334535,-0.4296571027020342,-0.86228661681847,1,1,0.0,1.1266615390777588,1.1266615390777588,0.0,0.0,0.0,0.0,0.0,0.0,0.0,0.0,0,2,6,6,34720,6,93,61,1024,6,6,8,8,6,8,2,6,6,0,1,1,1,1,0.27947669177175377,0.4249236029982564,0.2810352496389725,0.4249236029982564,b1,0,3.667,8.07,1.605,3.667,8.07691014261325,1.605,2,2,0,0,0,0,0,0,1,6,6,1,6,0,47.581687949050696,0,0.27947669177175377,0.4249236029982564,1,6,6,1,7,1,77.22759944378632,0,0.27947669177175377,0.4249236029982564,1,6,6,1,7,1,106.87351093852195,0,0.27947669177175377,0.4249236029982564,1,6,6,1,7,1,75.53728933918059,0,0.27947669177175377,0.4249236029982564,1,6,6,1,12,6,109.91289072706833,0,0.27947669177175377,0.4249236029982564,1,6,6,1,25,19,197.92409350583335,0,0.27947669177175377,0.4249236029982564,1,6,6,1,6,0,48.47743396304806,0,0.30371267625378606,0.42734098523664965,1,6,6,1,6,0,48.32780837652203,0,0.27947669177175377,0.4249236029982564,12,nuscenes_mf/v1.0-mini/mini_val/325cef682f064c55a255f2625c533b75/2e84949acbd84ea3857ca2a04e50b6a4,dev,60
5,ct_joint_full,0,6,6,0,0,0,0,1,6,-1.0,0,8.091859817504883,3.6670000553131104,47.624925455358735,0,0,0,0,0.49932098388671875,0.9989234805107117,0,0,0,0,0,1,0,0,1,0,0,0.0,0.0,0.0,0.7188721180935042,0.3087961369849702,0.9304314156399114,1.2425359035813586,0.7432042921016606,-0.7274453283853283,-0.1522363976460137,0.5054970118429445,1,3.140877581843114,0.01162882091278968,1,1,1,0.7188721180935042,0.3087961369849702,0.9304314156399114,0.7188721180935042,0.3087961369849702,0.9304314156399114,0.7188721180935042,0.7188721180935042,0.7188721180935042,0.0,0,0,1,0.7188721180935042,0.3087961369849702,0.9304314156399114,0.0,0.0,0.0,0.0,0.0,0.0,0.0,0.0,0.0,0.0,0.0,0.7188721180935042,0.3087961369849702,0.0,0.0,0.0,0.0,-0.8898621201515198,-0.0051092589274048805,-2.170444499037317,-0.41488425707121884,0,1,0.0,7.637986183166504,3.009967088699341,0.0,0.0,0.0,0.0,0.0,0.0,0.0,0.0,0,2,6,6,34688,6,60,96,1024,6,6,8,8,6,8,2,6,6,0,1,1,1,1,0.7432042921017019,0.5760611602663994,0.7327478506582932,0.5760611602663994,b1,0,3.667,8.07,1.605,3.667,8.091859645784231,1.605,0,0,0,0,0,0,0,0,1,6,6,1,11,5,47.765955334897164,0,0.7432042921017019,0.5760611602663994,1,6,6,1,15,9,77.52667516972406,0,0.7432042921017019,0.5760611602663994,1,6,6,1,16,10,107.28739500455094,0,0.7432042921017019,0.5760611602663994,1,6,6,1,15,9,75.7694122798811,0,0.7432042921017019,0.5760611602663994,1,6,6,1,24,18,110.19286922262286,0,0.7432042921017019,0.5760611602663994,1,6,6,1,44,38,198.29978310960118,0,0.7432042921017019,0.5760611602663994,1,6,6,1,13,7,50.81187690081523,0,1.2425358774794322,0.5960922981592698,1,6,6,1,11,5,48.260191239561934,0,0.7432042921017019,0.5760611602663994,12,nuscenes_mf/v1.0-mini/mini_val/325cef682f064c55a255f2625c533b75/2e84949acbd84ea3857ca2a04e50b6a4,dev,60
6,ct_joint_full,0,7,7,0,0,0,0,1,7,-1.0,0,8.787566184997559,3.6670000553131104,51.71952974138227,0,0,0,0,0.4998810291290283,1.000556468963623,0,0,0,0,0,1,0,0,1,0,1,0.0,0.0,0.0,0.37059804882211783,0.2814685325877421,0.8318007508501907,2.498085152224755,1.4211179865312238,-1.3886639273586436,0.30197497692908476,1.0914761375464848,1,2.8330204545020234,0.05611921520216711,1,1,1,0.37059804882211783,0.2814685325877421,0.8318007508501907,0.37059804882211783,0.2814685325877421,0.8318007508501907,0.37059804882211783,0.37059804882211783,0.37059804882211783,0.0,0,0,1,0.37059804882211783,0.2814685325877421,0.8318007508501907,0.0,0.0,0.0,0.0,0.0,0.0,0.0,0.0,0.0,0.0,0.0,0.37059804882211783,0.2814685325877421,0.0,0.0,0.0,0.0,-0.859223484992981,-0.004221057519316673,-1.952401054882955,0.4136522332222892,0,1,0.0,6.9399542808532715,2.381345510482788,0.0,0.0,0.0,0.0,0.0,0.0,0.0,0.0,0,2,7,7,34720,7,269,28,1024,7,7,7,7,7,7,0,0,0,0,1,1,1,1,1.421117986531229,0.7256991595029829,1.0728146774125462,0.7256991595029829,b1,0,3.667,8.07,1.605,3.667,8.78756610280054,1.605,0,0,0,0,0,0,0,0,1,0,0,0,1,1,56.36656953151107,0,1.421117986531229,0.7256991595029829,1,0,0,0,7,7,91.48592749506935,0,1.421117986531229,0.7256991595029829,1,0,0,0,7,7,126.60528545862763,0,1.421117986531229,0.7256991595029829,1,0,0,0,2,2,86.60336631262211,0,1.421117986531229,0.7256991595029829,1,1,1,1,11,10,123.26016309896487,0,1.421117986531229,0.7256991595029829,1,7,7,1,33,26,215.83375666716609,0,1.421117986531229,0.7256991595029829,1,0,0,0,1,1,59.77730938521912,0,2.4980850760934588,0.7397324812885415,1,0,0,0,1,1,58.65437207079392,0,1.421117986531229,0.7256991595029829,12,nuscenes_mf/v1.0-mini/mini_val/325cef682f064c55a255f2625c533b75/2e84949acbd84ea3857ca2a04e50b6a4,dev,60
7,ct_joint_full,0,1,0,0,0,0,0,0,1,-1.0,0,8.146366119384766,3.6670000553131104,47.94572421144459,0,0,0,0,0.49987077713012695,1.000540018081665,0,0,0,0,0,1,0,0,1,0,1,0.0,0.0,0.0,2.692754347028438,0.08462703052934249,2.820409119403712,0.5620374187338782,0.232744650981402,0.18962321359643744,-0.13495596891966347,0.7370971360540197,1,2.369123994854712,0.005169629151868072,1,1,1,2.692754347028438,0.08462703052934249,2.820409119403712,2.692754347028438,0.08462703052934249,2.820409119403712,2.692754347028438,2.692754347028438,2.692754347028438,0.0,0,0,1,2.692754347028438,0.08462703052934249,2.820409119403712,0.0,0.0,0.0,0.0,0.0,0.0,0.0,0.0,0.0,0.0,0.0,2.692754347028438,0.08462703052934249,0.0,0.0,0.0,0.0,-0.5928876399993896,0.010815070942044258,-0.4403550591215747,-0.1795105576277359,1,1,0.0,4.702040195465088,2.26719331741333,0.0,0.0,0.0,0.0,0.0,0.0,0.0,0.0,0,2,0,1,34720,1,15,60,1024,0,0,5,5,0,5,5,0,0,0,1,0,1,0,0.23274465098144623,0.8296808546781538,0.2626797354304654,0.8296808546781538,b1,0,3.667,8.07,1.605,3.667,8.14636602566727,1.605,0,0,0,0,0,0,0,0,1,0,0,0,1,1,48.43778213672341,0,0.23274465098144623,0.8296808546781538,1,0,0,0,6,6,78.61708564870061,0,0.23274465098144623,0.8296808546781538,1,0,0,0,6,6,108.7963891606778,0,0.23274465098144623,0.8296808546781538,1,0,0,0,8,8,76.61571750661128,0,0.23274465098144623,0.8296808546781538,1,1,0,0,23,23,111.21365287649914,0,0.23274465098144623,0.8296808546781538,1,1,0,0,59,59,199.6695236147801,0,0.23274465098144623,0.8296808546781538,1,0,0,0,3,3,52.967637959542984,0,0.5620373919955372,0.8497445419531569,1,0,0,0,1,1,49.91462118767612,0,0.23274465098144623,0.8296808546781538,12,nuscenes_mf/v1.0-mini/mini_val/325cef682f064c55a255f2625c533b75/2e84949acbd84ea3857ca2a04e50b6a4,dev,60
8,ct_joint_full,0,1,0,0,0,0,0,0,1,-1.0,0,9.73835563659668,3.6670000553131104,57.31543448730902,0,0,0,0,0.4993250370025635,0.9988979697227478,0,0,0,0,0,1,0,0,1,0,1,0.0,0.0,0.0,2.1377574804598884,0.10537220646251622,2.339141665470088,5.5582567764944475,4.302942289895332,-4.302197441862073,0.08007609963780153,1.2556077379661945,1,2.442838248928653,0.7630768961117,1,1,1,2.1377574804598884,0.10537220646251622,2.339141665470088,2.1377574804598884,0.10537220646251622,2.339141665470088,2.1377574804598884,2.1377574804598884,2.1377574804598884,0.0,0,0,1,2.1377574804598884,0.10537220646251622,2.339141665470088,0.0,0.0,0.0,0.0,0.0,0.0,0.0,0.0,0.0,0.0,0.0,2.1377574804598884,0.10537220646251622,0.0,0.0,0.0,0.0,-0.7066611051559448,-0.007660647854208946,-3.1279982406149367,0.07439495419530846,0,1,0.0,4.9331793785095215,1.592517614364624,0.0,0.0,0.0,0.0,0.0,0.0,0.0,0.0,0,2,1,5,34720,1,0,1,1024,0,0,0,0,0,0,0,0,0,0,0,0,0,0,4.302942289895286,0.923916937112808,3.468867644443348,0.923916937112808,b1,0,3.667,8.07,1.605,3.667,9.738355877530294,1.605,0,0,0,0,0,0,0,0,1,0,0,0,0,0,68.1198905108264,0,4.302942289895286,0.923916937112808,1,0,0,0,0,0,110.56218989451884,0,4.302942289895286,0.923916937112808,1,0,0,0,0,0,153.00448927821128,0,4.302942289895286,0.923916937112808,1,0,0,0,0,0,101.40870599430522,0,4.302942289895286,0.923916937112808,1,0,0,0,1,1,141.11752147927885,0,4.302942289895286,0.923916937112808,1,0,0,0,5,5,239.79515244623653,0,4.302942289895286,0.923916937112808,1,0,0,0,0,0,68.69106186671742,0,5.558256789156585,0.931411724581908,1,0,0,0,0,0,71.28139780276872,0,4.302942289895286,0.923916937112808,12,nuscenes_mf/v1.0-mini/mini_val/325cef682f064c55a255f2625c533b75/2e84949acbd84ea3857ca2a04e50b6a4,dev,60
9,ct_joint_full,0,6,3,0,0,0,0,1,6,-1.0,0,8.083755493164062,3.6670000553131104,47.577227169513165,0,0,0,0,0.49987196922302246,1.0005486011505127,0,0,0,0,0,1,0,0,1,0,1,0.0,0.0,0.0,3.085744922003608,0.044725077754132175,3.2530474353339183,1.0832268437958086,2.0832792138078564,2.0831810745249855,0.02023042367933726,1.0005652858594172,1,2.196023052650701,0.24760378543140707,1,1,1,3.085744922003608,0.044725077754132175,3.2530474353339183,3.085744922003608,0.044725077754132175,3.2530474353339183,3.085744922003608,3.085744922003608,3.085744922003608,0.0,0,0,1,3.085744922003608,0.044725077754132175,3.2530474353339183,0.0,0.0,0.0,0.0,0.0,0.0,0.0,0.0,0.0,0.0,0.0,3.085744922003608,0.044725077754132175,0.0,0.0,0.0,0.0,-0.5444273352622986,0.013298547826707363,0.5891740318932829,0.03340172548858468,1,1,0.0,4.187436103820801,1.8967323303222656,0.0,0.0,0.0,0.0,0.0,0.0,0.0,0.0,0,2,4,6,34720,6,689,9,1024,3,3,3,3,3,3,0,1,1,0,0,0,0,0,2.0832792138078964,1.034513920843601,2.081765076938217,1.034513920843601,b1,0,3.667,8.07,1.605,3.667,8.083755351736858,1.605,0,0,0,0,0,0,0,0,1,1,1,1,3,2,47.5978192030429,0,2.0832792138078964,1.034513920843601,1,1,1,1,6,5,77.25378132331885,0,2.0832792138078964,1.034513920843601,1,1,1,1,6,5,106.90974344359479,0,2.0832792138078964,1.034513920843601,1,1,1,1,7,6,75.55842042335777,0,2.0832792138078964,1.034513920843601,1,1,1,1,7,6,109.9390216399357,0,2.0832792138078964,1.034513920843601,1,2,2,1,13,11,197.9602240768285,0,2.0832792138078964,1.034513920843601,1,1,1,1,6,5,54.242493703839905,0,1.0832268977833015,1.062938651988309,1,1,1,1,3,2,49.91069800757093,0,2.0832792138078964,1.034513920843601,12,nuscenes_mf/v1.0-mini/mini_val/325cef682f064c55a255f2625c533b75/2e84949acbd84ea3857ca2a04e50b6a4,dev,60
10,ct_joint_full,0,1,1,0,0,0,0,1,1,-1.0,0,8.475519180297852,3.6670000553131104,49.88296612404887,0,0,0,0,0.49993014335632324,1.0006637573242188,0,0,0,0,0,1,0,0,1,0,1,0.0,0.0,0.0,3.0384562028211084,0.036160666351200826,3.2452578054902554,4.411073099776972,3.434825955425948,-3.432343232137472,-0.13057332362958712,0.9767695203273505,1,3.038427335974352,0.22763511132553466,1,1,1,3.0384562028211084,0.036160666351200826,3.2452578054902554,3.0384562028211084,0.036160666351200826,3.2452578054902554,3.0384562028211084,3.0384562028211084,3.0384562028211084,0.0,0,0,1,3.0384562028211084,0.036160666351200826,3.2452578054902554,0.0,0.0,0.0,0.0,0.0,0.0,0.0,0.0,0.0,0.0,0.0,3.0384562028211084,0.036160666351200826,0.0,0.0,0.0,0.0,-0.8667938709259033,-0.001438072999008,-3.9126867448735743,-0.2020311794581846,0,1,0.0,7.2350029945373535,2.5745606422424316,0.0,0.0,0.0,0.0,0.0,0.0,0.0,0.0,0,2,2,2,34720,1,304,3,1024,1,1,1,1,1,1,0,0,0,0,0,0,0,0,3.4348259554259957,1.1148038128018376,3.2322418237864836,1.1148038128018376,b1,0,3.667,8.07,1.605,3.667,8.475518721401397,1.605,0,0,0,0,0,0,0,0,1,0,0,0,0,0,52.50916528772331,0,3.4348259554259957,1.1148038128018376,1,0,0,0,1,1,85.22515612119578,0,3.4348259554259957,1.1148038128018376,1,0,0,0,1,1,117.94114695466824,0,3.4348259554259957,1.1148038128018376,1,0,0,0,0,0,81.74429864714855,0,3.4348259554259957,1.1148038128018376,1,1,1,1,4,3,117.39943200956334,0,3.4348259554259957,1.1148038128018376,1,1,1,1,4,3,207.96969873364554,0,3.4348259554259957,1.1148038128018376,1,0,0,0,0,0,56.97125236948954,0,4.4110731655781885,1.1025034569048966,1,0,0,0,0,0,54.78656444174901,0,3.4348259554259957,1.1148038128018376,12,nuscenes_mf/v1.0-mini/mini_val/325cef682f064c55a255f2625c533b75/2e84949acbd84ea3857ca2a04e50b6a4,dev,60
11,ct_joint_full,0,5,5,0,0,0,0,1,5,-1.0,0,8.072678565979004,3.6670000553131104,47.51203352511492,0,0,0,0,0.4998440742492676,0.9998860359191895,0,0,0,0,0,1,0,0,1,0,1,0.0,0.0,0.0,6.571835029748409,0.0,6.694240773110497,2.743800444435923,2.985892439154625,2.9727727503169055,0.27959963532866233,0.24336487900205445,1,2.5803203872545857,2.9458211047856606,0,1,1,6.571835029748409,0.0,6.694240773110497,6.571835029748409,0.0,6.694240773110497,6.571835029748409,6.571835029748409,6.571835029748409,0.0,0,0,1,6.571835029748409,0.0,6.694240773110497,0.0,0.0,0.0,0.0,0.0,0.0,0.0,0.0,0.0,0.0,0.0,6.571835029748409,0.0,0.0,0.0,0.0,0.0,-0.27855384349823,0.0019930419512093067,3.1240936836507043,0.5352459227432214,0,1,0.0,1.739686369895935,1.739686369895935,0.0,0.0,0.0,0.0,0.0,0.0,0.0,0.0,0,2,6,15,34720,5,860,6,1024,5,5,5,5,5,5,0,1,1,0,0,0,0,0,2.9858924391546138,1.2249483004212376,2.9847137546686424,1.2249483004212376,b1,0,3.667,8.07,1.605,3.667,8.072678462746545,1.605,0,0,0,0,0,0,0,0,1,1,1,1,1,0,47.52800314825495,0,2.9858924391546138,1.2249483004212376,1,1,1,1,1,0,77.14046616897454,0,2.9858924391546138,1.2249483004212376,1,1,1,1,1,0,106.75292918969413,0,2.9858924391546138,1.2249483004212376,1,5,5,1,7,2,75.46968032455307,0,2.9858924391546138,1.2249483004212376,1,5,5,1,14,9,109.83135750085118,0,2.9858924391546138,1.2249483004212376,1,5,5,1,14,9,197.8147118541948,0,2.9858924391546138,1.2249483004212376,1,1,1,1,1,0,49.32687852867704,0,2.7438004154282085,1.2575501094545367,1,1,1,1,1,0,48.078591140201155,0,2.9858924391546138,1.2249483004212376,12,nuscenes_mf/v1.0-mini/mini_val/325cef682f064c55a255f2625c533b75/2e84949acbd84ea3857ca2a04e50b6a4,dev,60
12,ct_joint_full,0,0,0,0,0,0,0,0,0,-1.0,0,10.529006004333496,3.6670000553131104,61.96883502487896,0,0,0,0,0.4998798370361328,0.9999854564666748,0,0,0,0,0,1,0,0,1,0,1,0.0,0.0,0.0,6.06574803601381,0.0,6.2274106691427535,10.754260372078866,9.12012239136334,-9.113900273672819,-0.3368327341603412,1.634851007692041,1,3.770730039348208,3.0903819021980037,0,1,1,6.06574803601381,0.0,6.2274106691427535,6.06574803601381,0.0,6.2274106691427535,6.06574803601381,6.06574803601381,6.06574803601381,0.0,0,0,1,6.06574803601381,0.0,6.2274106691427535,0.0,0.0,0.0,0.0,0.0,0.0,0.0,0.0,0.0,0.0,0.0,6.06574803601381,0.0,0.0,0.0,0.0,0.0,-0.7541464567184448,-0.006793912500143051,-4.958380433294215,-0.29434291761207537,0,1,0.0,5.214854717254639,1.7754038572311401,0.0,0.0,0.0,0.0,0.0,0.0,0.0,0.0,0,2,5,10,34720,0,0,0,1024,0,0,0,0,0,0,0,0,0,0,0,0,0,0,9.12012239136339,1.3743013262748716,7.891766255962546,1.3743013262748716,b1,0,3.667,8.07,1.605,3.667,10.529005776803714,1.605,0,0,0,0,0,0,0,0,1,0,0,0,0,0,77.89370035024828,0,9.12012239136339,1.3743013262748716,1,0,0,0,0,0,126.42560087999797,0,9.12012239136339,1.3743013262748716,1,0,0,0,0,0,174.95750140974766,0,9.12012239136339,1.3743013262748716,1,0,0,0,0,0,113.72050822344379,0,9.12012239136339,1.3743013262748716,1,0,0,0,0,0,155.96731609738669,0,9.12012239136339,1.3743013262748716,1,0,0,0,0,0,259.7209318460199,0,9.12012239136339,1.3743013262748716,1,0,0,0,0,0,78.01840673181322,0,10.75426009480196,1.427032866187246,1,0,0,0,0,0,82.76865918535363,0,9.12012239136339,1.3743013262748716,12,nuscenes_mf/v1.0-mini/mini_val/325cef682f064c55a255f2625c533b75/2e84949acbd84ea3857ca2a04e50b6a4,dev,60
13,ct_joint_full,0,0,0,0,0,0,0,0,0,-1.0,0,8.249480247497559,3.6670000553131104,48.55260603781319,0,0,0,0,0.5004220008850098,1.0011204481124878,0,0,0,0,0,1,0,0,1,0,1,0.0,0.0,0.0,7.638026071351822,0.0,7.795566567547866,5.061552953737287,6.336580467269104,6.32898168511338,0.3102305647503362,1.278312948597726,1,3.2113901033074734,2.714234044963336,0,1,1,7.638026071351822,0.0,7.795566567547866,7.638026071351822,0.0,7.795566567547866,7.638026071351822,7.638026071351822,7.638026071351822,0.0,0,0,1,7.638026071351822,0.0,7.795566567547866,0.0,0.0,0.0,0.0,0.0,0.0,0.0,0.0,0.0,0.0,0.0,7.638026071351822,0.0,0.0,0.0,0.0,0.0,-0.5167492032051086,0.01457571517676115,2.041989756852429,0.24884478653501824,0,1,0.0,3.8667917251586914,1.6517705917358398,0.0,0.0,0.0,0.0,0.0,0.0,0.0,0.0,0,2,5,7,34720,0,0,0,1024,0,0,0,0,0,0,0,0,0,0,0,0,0,0,6.336580467269101,1.5097320333123205,6.247956201443908,1.5097320333123205,b1,0,3.667,8.07,1.605,3.667,8.249479825351338,1.605,0,0,0,0,0,0,0,0,1,0,0,0,0,0,49.70820386681474,0,6.336580467269101,1.5097320333123205,1,0,0,0,0,0,80.67904739754043,0,6.336580467269101,1.5097320333123205,1,0,0,0,0,0,111.64989092826612,0,6.336580467269101,1.5097320333123205,1,0,0,0,0,0,78.21608344058741,0,6.336580467269101,1.5097320333123205,1,0,0,0,0,0,113.14396301361269,0,6.336580467269101,1.5097320333123205,1,0,0,0,0,0,202.25972216190542,0,6.336580467269101,1.5097320333123205,1,0,0,0,0,0,55.04318154528354,0,5.0615529386979965,1.5435374376829492,1,0,0,0,0,0,52.84781485302816,0,6.336580467269101,1.5097320333123205,12,nuscenes_mf/v1.0-mini/mini_val/325cef682f064c55a255f2625c533b75/2e84949acbd84ea3857ca2a04e50b6a4,dev,60
1,ct_joint_full,0,13,0,0,0,0,0,0,13,-1.0,0,0.0,0.0,0.0,0,0,0,0,0.4998750686645508,1.0,0,0,0,0,0,0,0,0,0,0,1,0.0,0.0,0.0,0.0613549050036787,0.9257501149806208,0.0677657889881625,0.024738633753727583,0.024738633753727583,0.0,0.0,0.0,0,0.0,0.0,0,0,0,0.0613549050036787,0.9257501149806208,0.0677657889881625,0.0613549050036787,0.9257501149806208,0.0677657889881625,0.0613549050036787,0.0613549050036787,0.0613549050036787,0.0,0,0,1,0.0613549050036787,0.9257501149806208,0.0677657889881625,0.0,0.0,0.0,0.0,0.0,0.0,0.0,0.0,0.0,0.0,0.0,0.0613549050036787,0.9257501149806208,0.0,0.0,0.0,0.0,-0.0,0.0,0.057545772262415314,-0.04400084112291622,1,1,0.0,2.082801342010498,2.082801342010498,0.0,0.0,0.0,0.0,0.0,0.0,0.0,0.0,0,2,13,13,34720,13,534,25,1024,0,0,0,0,0,0,0,0,0,0,0,0,0,0,0.0,0.0,0.0,0.0,base_only,0,0.0,0.0,0.0,0.0,0.0,0.0,0,0,0,0,0,0,0,0,0,0,0,0,0,0,0.0,0,0.0,0.0,0,0,0,0,0,0,0.0,0,0.0,0.0,0,0,0,0,0,0,0.0,0,0.0,0.0,0,0,0,0,0,0,0.0,0,0.0,0.0,0,0,0,0,0,0,0.0,0,0.0,0.0,0,0,0,0,0,0,0.0,0,0.0,0.0,0,0,0,0,0,0,0.0,0,0.0,0.0,0,0,0,0,0,0,0.0,0,0.0,0.0,13,nuscenes_mf/v1.0-mini/mini_val/325cef682f064c55a255f2625c533b75/ec5241e32939433baeb2b3955920b28c,dev,60
2,ct_joint_full,0,19,15,0,0,0,0,1,19,-1.0,0,8.486821174621582,3.671999931335449,49.76828010159509,0,0,0,0,0.5004169940948486,1.0010840892791748,0,0,0,0,0,1,0,0,1,0,1,0.0,0.0,0.0,3.353943922072531,0.1034101817764999,3.354637971929843,0.12326988762542648,0.09444735088523941,-0.09157067452769752,0.023132541192772874,0.029650467510339718,1,0.23610171170186828,0.007069309376713203,1,1,1,3.353943922072531,0.1034101817764999,3.354637971929843,3.353943922072531,0.1034101817764999,3.354637971929843,3.353943922072531,3.353943922072531,3.353943922072531,0.0,0,0,1,3.353943922072531,0.1034101817764999,3.354637971929843,0.0,0.0,0.0,0.0,0.0,0.0,0.0,0.0,0.0,0.0,0.0,3.353943922072531,0.1034101817764999,0.0,0.0,0.0,0.0,-0.07902351021766663,-0.002567463321611285,-0.323144118976567,0.08153173585214207,1,1,0.0,1.1233142614364624,1.1233142614364624,0.0,0.0,0.0,0.0,0.0,0.0,0.0,0.0,0,2,15,19,34752,19,586,34,1024,15,15,15,15,15,15,0,12,11,1,1,1,1,1,0.0944473508851879,0.06877112770080568,0.09010153962005157,0.06877112770080568,b1,0,3.6719999999999997,8.478,1.597,3.6719999999999997,8.486820755567134,1.597,0,0,0,0,0,0,0,0,1,12,11,1,11,0,49.82780051266076,0,0.0944473508851879,0.06877112770080568,1,12,12,1,14,2,81.02867747738259,0,0.0944473508851879,0.06877112770080568,1,12,12,1,14,2,112.2295544421044,0,0.0944473508851879,0.06877112770080568,1,18,15,1,18,3,78.31766278737551,0,0.0944473508851879,0.06877112770080568,1,19,15,1,18,3,113.19552505837194,0,0.0944473508851879,0.06877112770080568,1,19,15,1,21,6,202.11524960333946,0,0.0944473508851879,0.06877112770080568,1,13,12,1,12,0,50.42268401663011,0,0.1232698892462804,0.058531166058754136,1,12,11,1,11,0,50.30563489912048,0,0.0944473508851879,0.06877112770080568,13,nuscenes_mf/v1.0-mini/mini_val/325cef682f064c55a255f2625c533b75/ec5241e32939433baeb2b3955920b28c,dev,60
3,ct_joint_full,0,10,10,0,0,7,7,1,10,-1.0,0,10.11622142791748,3.671999931335449,59.32338283501119,0,0,0,0,0.40035295486450195,0.8004721403121948,0,0,0,0,0,1,0,0,1,0,1,7.0,7.0,7.0,3.3971408589916448,0.10009218837093749,3.397515949057879,6.31095369704306,5.009220131161344,-5.008951183582564,0.05191396438353285,1.3018710824752528,1,2.7791612432364534,0.7807629676588198,1,1,1,3.3971408589916448,0.10009218837093749,3.397515949057879,3.3971408589916448,0.10009218837093749,3.397515949057879,3.3971408589916448,3.3971408589916448,3.3971408589916448,0.0,0,0,1,3.3971408589916448,0.10009218837093749,3.397515949057879,0.0,0.0,0.0,0.0,0.0,0.0,0.0,0.0,0.0,0.0,0.0,3.3971408589916448,0.10009218837093749,0.0,0.0,0.0,0.0,-0.791607141494751,-0.008538750931620598,-3.837370788274532,0.04867993177789719,0,1,0.0,5.671398639678955,1.9219568967819214,0.0,0.0,0.0,0.0,0.0,0.0,0.0,0.0,0,2,11,11,34752,10,251,46,1024,9,10,31,30,10,32,22,0,0,0,0,0,0,0,5.009220131161316,0.06923555016517641,4.1901250678603414,0.06923555016517641,b1,0,3.6719999999999997,8.478,1.597,3.6719999999999997,10.116221218682114,1.597,7,7,0,0,0,0,0,0,1,0,0,0,40,40,70.41349693699088,0,5.009220131161316,0.06923555016517641,1,0,0,0,40,40,114.50460334712919,0,5.009220131161316,0.06923555016517641,1,0,0,0,40,40,158.59570975726749,0,5.009220131161316,0.06923555016517641,1,7,7,1,58,51,104.10768025494367,0,5.009220131161316,0.06923555016517641,1,9,9,1,91,82,144.18986357289646,0,5.009220131161316,0.06923555016517641,1,10,10,1,167,157,243.5182302095457,0,5.009220131161316,0.06923555016517641,1,0,0,0,43,43,70.81263433871295,0,6.310953782447032,0.0697683948689597,1,0,0,0,47,47,73.39870883713478,0,5.009220131161316,0.06923555016517641,13,nuscenes_mf/v1.0-mini/mini_val/325cef682f064c55a255f2625c533b75/ec5241e32939433baeb2b3955920b28c,dev,60
4,ct_joint_full,0,10,8,0,0,0,0,1,10,-1.0,0,8.60866641998291,3.671999931335449,50.48280302783791,0,0,0,0,0.4999210834503174,1.1099861860275269,0,0,0,0,0,1,0,0,1,0,0,0.0,0.0,0.0,7.176954958162274,0.0,7.177017752012624,2.951247717076606,3.549087855063028,3.5488288717522067,-0.042873561996911204,0.5978537887631192,1,3.096822816252713,3.7934180858135313,0,0,1,7.176954958162274,0.0,7.177017752012624,7.176954958162274,0.0,7.177017752012624,7.176954958162274,7.176954958162274,7.176954958162274,0.0,0,0,1,7.176954958162274,0.0,7.177017752012624,0.0,0.0,0.0,0.0,0.0,0.0,0.0,0.0,0.0,0.0,0.0,7.176954958162274,0.0,0.0,0.0,0.0,0.0,-0.2997990548610687,0.003262294689193368,1.4798236117185706,-0.0362681238033518,0,1,0.0,1.8222224712371826,1.8222224712371826,0.0,0.0,0.0,0.0,0.0,0.0,0.0,0.0,0,2,10,10,34688,10,150,67,1024,8,8,33,33,8,33,25,5,5,0,0,0,0,0,3.549087855063036,0.051483742654323594,3.483762350314557,0.051483742654323594,b1,0,3.6719999999999997,8.478,1.597,3.6719999999999997,8.608665986802041,1.597,0,0,0,0,0,0,0,0,1,5,5,1,39,34,51.36704429904837,0,3.549087855063036,0.051483742654323594,1,5,5,1,39,34,83.5317558200555,0,3.549087855063036,0.051483742654323594,1,5,5,1,39,34,115.6964673410626,0,3.549087855063036,0.051483742654323594,1,6,6,1,42,36,80.24604894213284,0,3.549087855063036,0.051483742654323594,1,8,8,1,70,62,115.51305358670466,0,3.549087855063036,0.051483742654323594,1,8,8,1,130,122,205.21106287807925,0,3.549087855063036,0.051483742654323594,1,6,6,1,34,28,52.91604834240661,0,2.95124775613372,0.024536723602296973,1,5,5,1,39,34,52.36324697277944,0,3.549087855063036,0.051483742654323594,13,nuscenes_mf/v1.0-mini/mini_val/325cef682f064c55a255f2625c533b75/ec5241e32939433baeb2b3955920b28c,dev,60
5,ct_joint_full,0,0,0,0,0,40,40,0,0,-1.0,0,11.02833080291748,3.671999931335449,64.67215994769907,0,0,0,0,0.499255895614624,1.1091198921203613,0,0,0,0,0,1,0,0,1,1,1,40.0,40.0,19.0,7.027095706745081,0.0,7.02710240027134,11.464237592713351,9.744748377158889,-9.732793942194915,-0.48254799962008615,1.720953361234245,1,3.95686104955364,3.3124434364256996,0,0,1,7.027095706745081,0.0,7.02710240027134,7.027095706745081,0.0,7.02710240027134,7.027095706745081,7.027095706745081,7.027095706745081,0.0,0,0,1,7.027095706745081,0.0,7.02710240027134,0.0,0.0,0.0,0.0,0.0,0.0,0.0,0.0,0.0,0.0,0.0,7.027095706745081,0.0,0.0,0.0,0.0,0.0,-0.7664715051651001,-0.006815495900809765,-5.10127499990885,-0.4055775322276478,0,1,0.0,5.4036173820495605,1.8470147848129272,0.0,0.0,0.0,0.0,0.0,0.0,0.0,0.0,0,2,2,8,34688,0,0,228,1024,0,0,193,210,0,210,210,0,0,0,0,0,0,0,9.744748377158947,0.03202234524488451,8.47162534903953,0.03202234524488451,b1,0,3.6719999999999997,8.478,1.597,3.6719999999999997,11.028330609929899,1.597,40,40,0,0,0,0,0,0,1,0,0,0,243,243,81.93699940504925,0,9.744748377158947,0.03202234524488451,1,0,0,0,243,243,133.2438243299392,0,9.744748377158947,0.03202234524488451,1,0,0,0,243,243,184.55064925482912,0,9.744748377158947,0.03202234524488451,1,0,0,0,333,333,118.54446807375085,0,9.744748377158947,0.03202234524488451,1,0,0,0,432,432,161.53993674542707,0,9.744748377158947,0.03202234524488451,1,0,0,0,739,739,266.69487408654857,0,9.744748377158947,0.03202234524488451,1,0,0,0,257,257,81.95907755991267,0,11.464237432729053,0.010849547546649685,1,0,0,0,270,270,87.55803324463916,0,9.744748377158947,0.03202234524488451,13,nuscenes_mf/v1.0-mini/mini_val/325cef682f064c55a255f2625c533b75/ec5241e32939433baeb2b3955920b28c,dev,60
6,ct_joint_full,0,0,0,0,0,0,0,0,0,-1.0,0,8.673539161682129,3.671999931335449,50.86322871531437,0,0,0,0,0.4998891353607178,1.0006017684936523,0,0,0,0,0,1,0,0,1,0,0,0.0,0.0,0.0,9.21094030785653,0.0,9.2109417775471,6.37756877233903,7.243222741234733,7.239374937965656,0.23606934936689294,0.8667902331133955,1,5.038941106246947,7.12437198767471,0,0,0,9.21094030785653,0.0,9.2109417775471,9.21094030785653,0.0,9.2109417775471,9.21094030785653,9.21094030785653,9.21094030785653,0.0,0,0,1,9.21094030785653,0.0,9.2109417775471,0.0,0.0,0.0,0.0,0.0,0.0,0.0,0.0,0.0,0.0,0.0,9.21094030785653,0.0,0.0,0.0,0.0,0.0,-0.36887818574905396,0.010609881952404976,2.712335962283603,0.1976314530206574,0,1,0.0,2.716329336166382,1.6119967699050903,0.0,0.0,0.0,0.0,0.0,0.0,0.0,0.0,0,2,20,20,34720,0,0,270,1024,0,0,191,191,0,191,191,0,0,0,0,0,0,0,7.2432227412346695,0.010699079573154524,7.145959781515343,0.010699079573154524,b1,0,3.6719999999999997,8.478,1.597,3.6719999999999997,8.673538834981304,1.597,0,0,0,0,0,0,0,0,1,0,0,0,137,137,52.18385521733575,0,7.2432227412346695,0.010699079573154524,1,0,0,0,137,137,84.86003256068938,0,7.2432227412346695,0.010699079573154524,1,0,0,0,137,137,117.536209904043,0,7.2432227412346695,0.010699079573154524,1,0,0,0,223,223,81.26940697893082,0,7.2432227412346695,0.010699079573154524,1,0,0,0,306,306,116.74295873755123,0,7.2432227412346695,0.010699079573154524,1,0,0,0,522,522,206.85406225925405,0,7.2432227412346695,0.010699079573154524,1,0,0,0,121,121,54.49689836934809,0,6.377568823259041,0.01176533090365417,1,0,0,0,137,137,54.214691295636996,0,7.2432227412346695,0.010699079573154524,13,nuscenes_mf/v1.0-mini/mini_val/325cef682f064c55a255f2625c533b75/ec5241e32939433baeb2b3955920b28c,dev,60
7,ct_joint_full,0,0,0,0,0,14,14,0,0,-1.0,0,9.85877513885498,3.671999931335449,57.81367045135771,0,0,0,0,0.49931883811950684,0.9994922280311584,0,0,0,0,0,1,0,0,1,0,0,14.0,14.0,6.0,9.09875721130517,0.0,9.09876087351969,11.913427098732544,10.634760225489227,-10.630304163257186,0.3078381522206519,1.279318935484072,1,4.033791527119477,2.9094305931870137,0,1,1,9.09875721130517,0.0,9.09876087351969,9.09875721130517,0.0,9.09876087351969,9.09875721130517,9.09875721130517,9.09875721130517,0.0,0,0,1,9.09875721130517,0.0,9.09876087351969,0.0,0.0,0.0,0.0,0.0,0.0,0.0,0.0,0.0,0.0,0.0,9.09875721130517,0.0,0.0,0.0,0.0,0.0,-0.8298148512840271,-0.007220577914267778,-7.7251149741268765,0.35143142795428267,0,1,0.0,6.255174160003662,2.1078474521636963,0.0,0.0,0.0,0.0,0.0,0.0,0.0,0.0,0,2,15,15,34720,0,0,402,1024,0,0,296,312,0,312,312,0,0,0,0,0,0,0,10.634760225489169,0.007796687006950465,9.944593530678626,0.007796687006950465,b1,0,3.6719999999999997,8.478,1.597,3.6719999999999997,9.858775163748474,1.597,14,14,0,0,0,0,0,0,1,0,0,0,321,321,67.16098757021268,0,10.634760225489169,0.007796687006950465,1,0,0,0,321,321,109.2154569316483,0,10.634760225489169,0.007796687006950465,1,0,0,0,321,321,151.26992629308393,0,10.634760225489169,0.007796687006950465,1,0,0,0,481,481,100.03289523074962,0,10.634760225489169,0.007796687006950465,1,0,0,0,677,677,139.29280289128656,0,10.634760225489169,0.007796687006950465,1,0,0,0,1517,1517,236.97661821161677,0,10.634760225489169,0.007796687006950465,1,0,0,0,350,350,69.12198971368974,0,11.913426947769826,0.006711139228893659,1,0,0,0,335,335,70.7440811386744,0,10.634760225489169,0.007796687006950465,13,nuscenes_mf/v1.0-mini/mini_val/325cef682f064c55a255f2625c533b75/ec5241e32939433baeb2b3955920b28c,dev,60
8,ct_joint_full,0,0,0,0,0,0,0,0,0,-1.0,0,8.54582691192627,3.671999931335449,50.11430059635493,0,0,0,0,0.5004479885101318,1.0016893148422241,0,0,0,0,0,1,0,0,1,0,0,0.0,0.0,0.0,10.012785739913742,0.0,10.012812311609325,8.486334415041519,9.075874547315218,9.070944485365068,-0.29912062748891516,0.5896704371931707,1,6.5883141410846955,9.964646985630084,0,0,0,10.012785739913742,0.0,10.012812311609325,10.012785739913742,0.0,10.012812311609325,10.012785739913742,10.012785739913742,10.012785739913742,0.0,0,0,1,10.012785739913742,0.0,10.012812311609325,0.0,0.0,0.0,0.0,0.0,0.0,0.0,0.0,0.0,0.0,0.0,10.012785739913742,0.0,0.0,0.0,0.0,0.0,-0.3837842345237732,0.008706778287887573,5.520468872195298,-0.3408632266440042,0,1,0.0,2.8778815269470215,1.731410026550293,0.0,0.0,0.0,0.0,0.0,0.0,0.0,0.0,0,2,23,26,34752,0,0,438,1024,0,0,296,297,0,298,298,0,0,0,0,0,0,0,9.075874547315255,0.0038364704847336784,9.109443006261277,0.0038364704847336784,b1,0,3.6719999999999997,8.478,1.597,3.6719999999999997,8.545826935604774,1.597,0,0,0,0,0,0,0,0,1,0,0,0,289,289,50.57069005202362,0,9.075874547315255,0.0038364704847336784,1,0,0,0,289,289,82.23674518791819,0,9.075874547315255,0.0038364704847336784,1,0,0,0,289,289,113.90280032381276,0,9.075874547315255,0.0038364704847336784,1,0,0,0,427,427,79.24840785206248,0,9.075874547315255,0.0038364704847336784,1,0,0,0,571,571,114.31412564912671,0,9.075874547315255,0.0038364704847336784,1,0,0,0,1290,1290,203.60956124771712,0,9.075874547315255,0.0038364704847336784,1,0,0,0,310,310,54.093212261945034,0,8.486334425443443,0.012176259237929976,1,0,0,0,289,289,51.63408400375358,0,9.075874547315255,0.0038364704847336784,13,nuscenes_mf/v1.0-mini/mini_val/325cef682f064c55a255f2625c533b75/ec5241e32939433baeb2b3955920b28c,dev,60
9,ct_joint_full,0,0,0,0,0,0,0,0,0,-1.0,0,8.77223014831543,3.671999931335449,51.44197081028821,0,0,0,0,0.5004181861877441,1.0010697841644287,0,0,0,0,0,1,0,0,1,0,0,0.0,0.0,0.0,9.794928385201562,0.0,9.794960672769882,11.183290453454912,10.350395907813205,-10.336281648017271,0.5403517640050723,0.8340876316121114,1,4.043927791358518,1.3568284564047814,1,1,1,9.794928385201562,0.0,9.794960672769882,9.794928385201562,0.0,9.794960672769882,9.794928385201562,9.794928385201562,9.794928385201562,0.0,0,0,1,9.794928385201562,0.0,9.794960672769882,0.0,0.0,0.0,0.0,0.0,0.0,0.0,0.0,0.0,0.0,0.0,9.794928385201562,0.0,0.0,0.0,0.0,0.0,-0.938493013381958,-0.005294141825288534,-12.568666705603224,1.0106262555048375,0,0,0.0,8.966689109802246,3.22843337059021,0.0,0.0,0.0,0.0,0.0,0.0,0.0,0.0,0,2,23,42,34720,0,0,472,1024,0,0,326,335,0,336,336,0,0,0,0,0,0,0,10.35039590781325,0.010067598402500044,10.203416821947837,0.010067598402500044,b1,0,3.6719999999999997,8.478,1.597,3.6719999999999997,8.772229709660415,1.597,0,0,0,0,0,0,0,0,1,0,0,0,295,295,53.43371975179622,0,10.35039590781325,0.010067598402500044,1,0,0,0,295,295,86.8925298656323,0,10.35039590781325,0.010067598402500044,1,0,0,0,295,295,120.35133997946838,0,10.35039590781325,0.010067598402500044,1,0,0,0,471,471,82.83520192575641,0,10.35039590781325,0.010067598402500044,1,0,0,0,651,651,118.62468410046026,0,10.35039590781325,0.010067598402500044,1,0,0,0,1661,1661,209.36764844689333,0,10.35039590781325,0.010067598402500044,1,0,0,0,295,295,57.23690924827693,0,11.183290423773995,0.03969975987521901,1,0,0,0,301,301,55.05269930907159,0,10.35039590781325,0.010067598402500044,13,nuscenes_mf/v1.0-mini/mini_val/325cef682f064c55a255f2625c533b75/ec5241e32939433baeb2b3955920b28c,dev,60
10,ct_joint_full,0,0,0,0,0,0,0,0,0,-1.0,0,8.489580154418945,3.671999931335449,49.78445926650556,0,0,0,0,0.5004160404205322,0.9999659061431885,0,0,0,0,0,1,0,0,1,0,0,0.0,0.0,0.0,9.995726078991531,0.0,9.995757024176799,9.295250828503182,9.828284718804662,9.794520122676795,0.813974931577725,0.5353718560998136,1,4.7633026300245485,4.860372435723536,0,0,1,9.995726078991531,0.0,9.995757024176799,9.995726078991531,0.0,9.995757024176799,9.995726078991531,9.995726078991531,9.995726078991531,0.0,0,0,1,9.995726078991531,0.0,9.995757024176799,0.0,0.0,0.0,0.0,0.0,0.0,0.0,0.0,0.0,0.0,0.0,9.995726078991531,0.0,0.0,0.0,0.0,0.0,-0.5690019130706787,0.007673587184399366,9.84110651244388,1.4665575248351288,0,0,0.0,4.50159215927124,2.2903056144714355,0.0,0.0,0.0,0.0,0.0,0.0,0.0,0.0,0,2,25,44,34752,0,0,451,1024,0,0,320,320,0,320,320,0,0,0,0,0,0,0,9.828284718804733,0.013149749100208163,9.833823227309168,0.013149749100208163,b1,0,3.6719999999999997,8.478,1.597,3.6719999999999997,8.489579677843851,1.597,0,0,0,0,0,0,0,0,1,0,0,0,277,277,49.857293031875976,0,9.828284718804733,0.013149749100208163,1,0,0,0,277,277,81.0766374475779,0,9.828284718804733,0.013149749100208163,1,0,0,0,277,277,112.29598186327982,0,9.828284718804733,0.013149749100208163,1,0,0,0,442,442,78.3547020661966,0,9.828284718804733,0.013149749100208163,1,0,0,0,621,621,113.24011110051721,0,9.828284718804733,0.013149749100208163,1,0,0,0,1490,1490,202.17492916544015,0,9.828284718804733,0.013149749100208163,1,0,0,0,303,303,53.414119360517745,0,9.295250856956725,0.025276869455687967,1,0,0,0,277,277,50.887940807237484,0,9.828284718804733,0.013149749100208163,13,nuscenes_mf/v1.0-mini/mini_val/325cef682f064c55a255f2625c533b75/ec5241e32939433baeb2b3955920b28c,dev,60
11,ct_joint_full,0,0,0,0,0,0,0,0,0,-1.0,0,8.487550735473633,3.671999931335449,49.772558380598376,0,0,0,0,0.5004408359527588,1.0000474452972412,0,0,0,0,0,1,0,0,1,0,0,0.0,0.0,0.0,9.641128301671671,0.0,9.641295155879464,10.308094613648967,10.056834970854023,-10.048105344152363,-0.41894446525720447,0.2514997694508915,1,7.115468105338333,11.009109895750518,0,0,0,9.641128301671671,0.0,9.641295155879464,9.641128301671671,0.0,9.641295155879464,9.641128301671671,9.641128301671671,9.641128301671671,0.0,0,0,1,9.641128301671671,0.0,9.641295155879464,0.0,0.0,0.0,0.0,0.0,0.0,0.0,0.0,0.0,0.0,0.0,9.641128301671671,0.0,0.0,0.0,0.0,0.0,-0.4298005998134613,0.0017039235681295395,-17.601568938911438,-1.100528234793353,0,0,0.0,3.0372846126556396,1.6486376523971558,0.0,0.0,0.0,0.0,0.0,0.0,0.0,0.0,0,2,30,48,34784,0,0,439,1024,0,0,319,320,0,320,320,0,0,0,0,0,0,0,10.056834970854009,0.07512752228975306,10.052061165035814,0.07512752228975306,b1,0,3.6719999999999997,8.478,1.597,3.6719999999999997,8.487550888951157,1.597,0,0,0,0,0,0,0,0,1,0,0,0,225,225,49.83706779314578,0,10.056834970854009,0.07512752228975306,1,0,0,0,226,226,81.04374768866599,0,10.056834970854009,0.07512752228975306,1,0,0,0,226,226,112.2504275841862,0,10.056834970854009,0.07512752228975306,1,0,0,0,337,337,78.32927222470055,0,10.056834970854009,0.07512752228975306,1,0,0,0,522,522,113.20947665774263,0,10.056834970854009,0.07512752228975306,1,0,0,0,1246,1246,202.13388552085217,0,10.056834970854009,0.07512752228975306,1,0,0,0,240,240,51.46718452027042,0,10.308094603287918,0.06424413360358228,1,0,0,0,230,230,50.19606718537538,0,10.056834970854009,0.07512752228975306,13,nuscenes_mf/v1.0-mini/mini_val/325cef682f064c55a255f2625c533b75/ec5241e32939433baeb2b3955920b28c,dev,60
12,ct_joint_full,0,0,0,0,0,0,0,0,0,-1.0,0,8.494549751281738,3.671999931335449,49.81360189642205,0,0,0,0,0.5004229545593262,0.9999890327453613,0,0,0,0,0,1,0,0,1,0,0,0.0,0.0,0.0,9.939435717989822,0.0,9.940479312811194,9.146879559546521,9.709216055009218,9.570460390238487,1.635593960162214,0.5708058893573135,1,4.056980107304012,2.0960747680595633,0,1,1,9.939435717989822,0.0,9.940479312811194,9.939435717989822,0.0,9.940479312811194,9.939435717989822,9.939435717989822,9.939435717989822,0.0,0,0,1,9.939435717989822,0.0,9.940479312811194,0.0,0.0,0.0,0.0,0.0,0.0,0.0,0.0,0.0,0.0,0.0,9.939435717989822,0.0,0.0,0.0,0.0,0.0,-0.8665364980697632,-0.0026104890275746584,13.66233926022697,3.920895030421788,0,0,0.0,7.221386432647705,2.8063809871673584,0.0,0.0,0.0,0.0,0.0,0.0,0.0,0.0,0,2,42,60,34720,0,0,363,1024,0,0,227,228,0,228,228,0,0,0,0,0,0,0,9.709216055009223,0.15672171974182136,9.700985323277084,0.15672171974182136,b1,0,3.6719999999999997,8.478,1.597,3.6719999999999997,8.49455004074209,1.597,0,0,0,0,0,0,0,0,1,0,0,0,202,202,49.925400495281444,0,9.709216055009223,0.15672171974182136,1,0,0,0,207,207,81.18739203897677,0,9.709216055009223,0.15672171974182136,1,0,0,0,207,207,112.4493835826721,0,9.709216055009223,0.15672171974182136,1,0,0,0,338,338,78.43993812642945,0,9.709216055009223,0.15672171974182136,1,0,0,0,485,485,113.34247575683379,0,9.709216055009223,0.15672171974182136,1,0,0,0,1015,1015,202.31155101838615,0,9.709216055009223,0.15672171974182136,1,0,0,0,208,208,53.63259441475932,0,9.146879569163566,0.1366460295865083,1,0,0,0,202,202,51.23480992199975,0,9.709216055009223,0.15672171974182136,13,nuscenes_mf/v1.0-mini/mini_val/325cef682f064c55a255f2625c533b75/ec5241e32939433baeb2b3955920b28c,dev,60
13,ct_joint_full,0,0,0,0,0,0,0,0,0,-1.0,0,8.490785598754883,3.671999931335449,49.79152821377373,0,0,0,0,0.4998810291290283,0.9988992214202881,0,0,0,0,0,1,0,0,1,0,0,0.0,0.0,0.0,9.682657686396029,0.0,9.685337510233902,10.400258781938655,9.978460864336393,-9.963818923301147,-0.5403673492449683,0.42247083877297303,1,4.71326196591054,4.8188736518223,0,0,1,9.682657686396029,0.0,9.685337510233902,9.682657686396029,0.0,9.685337510233902,9.682657686396029,9.682657686396029,9.682657686396029,0.0,0,0,1,9.682657686396029,0.0,9.685337510233902,0.0,0.0,0.0,0.0,0.0,0.0,0.0,0.0,0.0,0.0,0.0,9.682657686396029,0.0,0.0,0.0,0.0,0.0,-0.6008337736129761,0.0033206723164767027,-14.771360605183292,-1.227401108246042,0,0,0.0,4.5678205490112305,2.191944122314453,0.0,0.0,0.0,0.0,0.0,0.0,0.0,0.0,0,2,45,63,34688,0,0,310,1024,0,0,182,183,0,183,183,0,0,0,0,0,0,0,9.978460864336332,0.24403671884536748,9.984763425716054,0.24403671884536748,b1,0,3.6719999999999997,8.478,1.597,3.6719999999999997,8.490786002593964,1.597,0,0,0,0,0,0,0,0,1,0,0,0,153,153,49.877524016875306,0,9.978460864336332,0.24403671884536748,1,0,0,0,154,154,81.10953655092372,0,9.978460864336332,0.24403671884536748,1,0,0,0,154,154,112.34154908497213,0,9.978460864336332,0.24403671884536748,1,0,0,0,250,250,78.37996331823943,0,9.978460864336332,0.24403671884536748,1,0,0,0,356,356,113.27040262183453,0,9.978460864336332,0.24403671884536748,1,0,0,0,701,701,202.21528122530646,0,9.978460864336332,0.24403671884536748,1,0,0,0,153,153,52.39228919758938,0,10.400258793151012,0.2327923698868335,1,0,0,0,153,153,50.464376337217786,0,9.978460864336332,0.24403671884536748,13,nuscenes_mf/v1.0-mini/mini_val/325cef682f064c55a255f2625c533b75/ec5241e32939433baeb2b3955920b28c,dev,60
14,ct_joint_full,0,0,0,0,0,0,0,0,0,-1.0,0,8.509533882141113,3.671999931335449,49.9014715953758,0,0,0,0,0.4998750686645508,0.9994463324546814,0,0,0,0,0,1,0,0,1,0,0,0.0,0.0,0.0,9.946442453180433,0.0,9.948520124313921,9.234248543580248,9.71278518201771,9.711312051349674,-0.16916412310297205,0.4786072726776487,1,4.106240065793679,3.0349014439195114,0,1,1,9.946442453180433,0.0,9.948520124313921,9.946442453180433,0.0,9.948520124313921,9.946442453180433,9.946442453180433,9.946442453180433,0.0,0,0,1,9.946442453180433,0.0,9.948520124313921,0.0,0.0,0.0,0.0,0.0,0.0,0.0,0.0,0.0,0.0,0.0,9.946442453180433,0.0,0.0,0.0,0.0,0.0,-0.7336327433586121,0.0007700040005147457,14.152347404806346,-0.40814840535405805,0,1,0.0,5.579117298126221,2.3863353729248047,0.0,0.0,0.0,0.0,0.0,0.0,0.0,0.0,0,2,49,50,34720,0,0,268,1024,0,0,173,177,0,177,177,0,0,0,0,0,0,0,9.712785182017797,0.211821893632412,9.697018763552705,0.211821893632412,b1,0,3.6719999999999997,8.478,1.597,3.6719999999999997,8.509533682191064,1.597,0,0,0,0,0,0,0,0,1,0,0,0,108,108,50.11493340765499,0,9.712785182017797,0.211821893632412,1,0,0,0,108,108,81.49560554770194,0,9.712785182017797,0.211821893632412,1,0,0,0,108,108,112.8762776877489,0,9.712785182017797,0.211821893632412,1,0,0,0,161,161,78.67738341893488,0,9.712785182017797,0.211821893632412,1,0,0,0,229,229,113.62783343095845,0,9.712785182017797,0.211821893632412,1,0,0,0,495,495,202.69273345351823,0,9.712785182017797,0.211821893632412,1,0,0,0,114,114,52.554383454535,0,9.234248539965071,0.1947218724802342,1,0,0,0,108,108,50.629259822119366,0,9.712785182017797,0.211821893632412,13,nuscenes_mf/v1.0-mini/mini_val/325cef682f064c55a255f2625c533b75/ec5241e32939433baeb2b3955920b28c,dev,60
15,ct_joint_full,0,0,0,0,0,0,0,0,0,-1.0,0,8.505758285522461,3.671999931335449,49.87933080246861,0,0,0,0,0.4993269443511963,0.9988974928855896,0,0,0,0,0,1,0,0,1,0,0,0.0,0.0,0.0,9.659839799393332,0.0,9.661364172557834,10.353445768695906,9.917658049708473,-9.876575837878894,-0.9017760295545939,0.43758646615534297,1,4.461615129147408,4.087042657205339,0,0,1,9.659839799393332,0.0,9.661364172557834,9.659839799393332,0.0,9.661364172557834,9.659839799393332,9.659839799393332,9.659839799393332,0.0,0,0,1,9.659839799393332,0.0,9.661364172557834,0.0,0.0,0.0,0.0,0.0,0.0,0.0,0.0,0.0,0.0,0.0,9.659839799393332,0.0,0.0,0.0,0.0,0.0,-0.6614226698875427,0.0017018257640302181,-15.590129180366759,-2.1542408738130168,0,0,0.0,4.984167575836182,2.2520196437835693,0.0,0.0,0.0,0.0,0.0,0.0,0.0,0.0,0,2,97,97,34688,0,0,250,1024,0,0,179,179,0,179,179,0,0,0,0,0,0,0,9.917658049708457,0.1863105738759041,9.931442759779532,0.1863105738759041,b1,0,3.6719999999999997,8.478,1.597,3.6719999999999997,8.505757955654698,1.597,0,0,0,0,0,0,0,0,1,0,0,0,70,70,50.0671804751507,0,9.917658049708457,0.1863105738759041,1,0,0,0,70,70,81.41795096679172,0,9.917658049708457,0.1863105738759041,1,0,0,0,70,70,112.76872145843274,0,9.917658049708457,0.1863105738759041,1,0,0,0,128,128,78.61755880648504,0,9.917658049708457,0.1863105738759041,1,0,0,0,202,202,113.55593713930668,0,9.917658049708457,0.1863105738759041,1,0,0,0,399,399,202.596693802719,0,9.917658049708457,0.1863105738759041,1,0,0,0,69,69,52.37195229581127,0,10.353445758544003,0.17973018243372652,1,0,0,0,72,72,50.65559631727889,0,9.917658049708457,0.1863105738759041,13,nuscenes_mf/v1.0-mini/mini_val/325cef682f064c55a255f2625c533b75/ec5241e32939433baeb2b3955920b28c,dev,60
16,ct_joint_full,0,0,0,0,0,0,0,0,0,-1.0,0,8.510204315185547,3.671999931335449,49.90540313804157,0,0,0,0,0.5004410743713379,1.0016814470291138,0,0,0,0,0,1,0,0,1,0,0,0.0,0.0,0.0,9.936248462246033,0.0,9.937411871415707,9.234969689686455,9.68966837206049,9.425909397598707,2.2454198402175547,0.4682348585766612,1,4.511740631346372,3.929311169156367,0,0,1,9.936248462246033,0.0,9.937411871415707,9.936248462246033,0.0,9.937411871415707,9.936248462246033,9.936248462246033,9.936248462246033,0.0,0,0,1,9.936248462246033,0.0,9.937411871415707,0.0,0.0,0.0,0.0,0.0,0.0,0.0,0.0,0.0,0.0,0.0,9.936248462246033,0.0,0.0,0.0,0.0,0.0,-0.7137594223022461,0.0015105204656720161,13.654751228087273,5.405430537611321,0,0,0.0,5.424410820007324,2.3541407585144043,0.0,0.0,0.0,0.0,0.0,0.0,0.0,0.0,0,2,146,166,34752,0,0,235,1024,0,0,137,137,0,137,137,0,0,0,0,0,0,0,9.689668372060494,0.15461796188354504,9.674081109141282,0.15461796188354504,b1,0,3.6719999999999997,8.478,1.597,3.6719999999999997,8.510204227288657,1.597,0,0,0,0,0,0,0,0,1,0,0,0,98,98,50.12337446729885,0,9.689668372060494,0.15461796188354504,1,0,0,0,99,99,81.5093321800721,0,9.689668372060494,0.15461796188354504,1,0,0,0,99,99,112.89528989284533,0,9.689668372060494,0.15461796188354504,1,0,0,0,156,156,78.68795900078443,0,9.689668372060494,0.15461796188354504,1,0,0,0,207,207,113.64054353352635,0,9.689668372060494,0.15461796188354504,1,0,0,0,429,429,202.7097126012412,0,9.689668372060494,0.15461796188354504,1,0,0,0,111,111,52.84093128831062,0,9.234969680416977,0.13833884914389039,1,0,0,0,99,99,51.15356663113582,0,9.689668372060494,0.15461796188354504,13,nuscenes_mf/v1.0-mini/mini_val/325cef682f064c55a255f2625c533b75/ec5241e32939433baeb2b3955920b28c,dev,60
17,ct_joint_full,0,0,0,0,0,0,0,0,0,-1.0,0,8.505300521850586,3.671999931335449,49.87664639211361,0,0,0,0,0.49985289573669434,0.9999377727508545,0,0,0,0,0,1,0,0,1,0,0,0.0,0.0,0.0,9.70072733980495,0.0,9.701634689362802,10.336652104730005,9.891056733639145,-9.611635418696558,-2.334410959816579,0.4581744613128291,1,4.688010840449408,4.380092439718397,0,0,1,9.70072733980495,0.0,9.701634689362802,9.70072733980495,0.0,9.701634689362802,9.70072733980495,9.70072733980495,9.70072733980495,0.0,0,0,1,9.70072733980495,0.0,9.701634689362802,0.0,0.0,0.0,0.0,0.0,0.0,0.0,0.0,0.0,0.0,0.0,9.70072733980495,0.0,0.0,0.0,0.0,0.0,-0.6885731220245361,0.0021130142267793417,-15.133564103225241,-5.553439817583863,0,0,0.0,5.236446380615234,2.3217506408691406,0.0,0.0,0.0,0.0,0.0,0.0,0.0,0.0,0,2,278,360,34720,0,0,165,1024,0,0,99,100,0,100,100,0,0,0,0,0,0,0,9.891056733639202,0.15205656403303158,9.904210301194643,0.15205656403303158,b1,0,3.6719999999999997,8.478,1.597,3.6719999999999997,8.505300612488188,1.597,0,0,0,0,0,0,0,0,1,0,0,0,77,77,50.061366492702156,0,9.891056733639202,0.15205656403303158,1,0,0,0,78,78,81.4084964192533,0,9.891056733639202,0.15205656403303158,1,0,0,0,78,78,112.75562634580443,0,9.891056733639202,0.15205656403303158,1,0,0,0,115,115,78.61027558623486,0,9.891056733639202,0.15205656403303158,1,0,0,0,152,152,113.54718467976758,0,9.891056733639202,0.15205656403303158,1,0,0,0,293,293,202.58500286534567,0,9.891056733639202,0.15205656403303158,1,0,0,0,77,77,52.70127901934028,0,10.336652118842533,0.15253541275057325,1,0,0,0,77,77,50.973573764315184,0,9.891056733639202,0.15205656403303158,13,nuscenes_mf/v1.0-mini/mini_val/325cef682f064c55a255f2625c533b75/ec5241e32939433baeb2b3955920b28c,dev,60
18,ct_joint_full,0,0,0,0,0,0,0,0,0,-1.0,0,8.493447303771973,3.671999931335449,49.807136941483755,0,0,0,0,0.49991798400878906,0.9995421171188354,0,0,0,0,0,1,0,0,1,0,0,0.0,0.0,0.0,9.945926981758335,0.0,9.946809924998046,9.34221396039558,9.696404306295479,9.331669652569028,2.6344266526981897,0.3688143635281668,1,5.416542129820516,6.5405974727986855,0,0,0,9.945926981758335,0.0,9.946809924998046,9.945926981758335,0.0,9.946809924998046,9.945926981758335,9.945926981758335,9.945926981758335,0.0,0,0,1,9.945926981758335,0.0,9.946809924998046,0.0,0.0,0.0,0.0,0.0,0.0,0.0,0.0,0.0,0.0,0.0,9.945926981758335,0.0,0.0,0.0,0.0,0.0,-0.5848569869995117,0.001872583176009357,14.21311230974116,6.542152000812769,0,0,0.0,4.246037483215332,2.014270782470703,0.0,0.0,0.0,0.0,0.0,0.0,0.0,0.0,0,2,398,530,34688,0,0,168,1024,0,0,93,94,0,94,94,0,0,0,0,0,0,0,9.696404306295557,0.13268279695510876,9.689082748506996,0.13268279695510876,b1,0,3.6719999999999997,8.478,1.597,3.6719999999999997,8.493447466898996,1.597,0,0,0,0,0,0,0,0,1,0,0,0,26,26,49.91158845581021,0,9.696404306295557,0.13268279695510876,1,0,0,0,26,26,81.16493125844653,0,9.696404306295557,0.13268279695510876,1,0,0,0,26,26,112.41827406108285,0,9.696404306295557,0.13268279695510876,1,0,0,0,56,56,78.42263223708328,0,9.696404306295557,0.13268279695510876,1,0,0,0,101,101,113.32167602133099,0,9.696404306295557,0.13268279695510876,1,0,0,0,222,222,202.2837635861081,0,9.696404306295557,0.13268279695510876,1,0,0,0,26,26,52.425350510784085,0,9.342213938238505,0.10910403985375694,1,0,0,0,26,26,50.85938869264602,0,9.696404306295557,0.13268279695510876,13,nuscenes_mf/v1.0-mini/mini_val/325cef682f064c55a255f2625c533b75/ec5241e32939433baeb2b3955920b28c,dev,60
19,ct_joint_full,0,0,0,0,0,0,0,0,0,-1.0,0,8.505571365356445,3.671999931335449,49.87823466824031,0,0,0,0,0.49929308891296387,0.9988150000572205,0,0,0,0,0,1,0,0,1,0,0,0.0,0.0,0.0,9.669561934317423,0.0,9.670274371879707,10.312045220267565,9.900664387785575,-9.54591356946579,-2.6265370740333362,0.42614497150957475,1,4.910874305222901,5.002779837557617,0,0,1,9.669561934317423,0.0,9.670274371879707,9.669561934317423,0.0,9.670274371879707,9.669561934317423,9.669561934317423,9.669561934317423,0.0,0,0,1,9.669561934317423,0.0,9.670274371879707,0.0,0.0,0.0,0.0,0.0,0.0,0.0,0.0,0.0,0.0,0.0,9.669561934317423,0.0,0.0,0.0,0.0,0.0,-0.6824202537536621,0.001123735448345542,-15.969069730325335,-6.569937934882783,0,0,0.0,5.03957986831665,2.2081644535064697,0.0,0.0,0.0,0.0,0.0,0.0,0.0,0.0,0,2,413,602,34688,0,0,243,1024,0,0,142,142,0,142,142,0,0,0,0,0,0,0,9.900664387785493,0.13252983653545392,9.9138957068349,0.13252983653545392,b1,0,3.6719999999999997,8.478,1.597,3.6719999999999997,8.505571737183814,1.597,0,0,0,0,0,0,0,0,1,0,0,0,48,48,50.06486484247027,0,9.900664387785493,0.13252983653545392,1,0,0,0,48,48,81.41418534495635,0,9.900664387785493,0.13252983653545392,1,0,0,0,48,48,112.76350584744243,0,9.900664387785493,0.13252983653545392,1,0,0,0,72,72,78.61465712723182,0,9.900664387785493,0.13252983653545392,1,0,0,0,94,94,113.55244941273703,0,9.900664387785493,0.13252983653545392,1,0,0,0,254,254,202.59203398226015,0,9.900664387785493,0.13252983653545392,1,0,0,0,39,39,52.56865990510523,0,10.312045187900873,0.13717120473555433,1,0,0,0,48,48,50.984733043683555,0,9.900664387785493,0.13252983653545392,13,nuscenes_mf/v1.0-mini/mini_val/325cef682f064c55a255f2625c533b75/ec5241e32939433baeb2b3955920b28c,dev,60
20,ct_joint_full,0,0,0,0,0,0,0,0,0,-1.0,0,8.502891540527344,3.671999931335449,49.8625196826204,0,0,0,0,0.49930906295776367,0.9994065761566162,0,0,0,0,0,1,0,0,1,0,0,0.0,0.0,0.0,9.85344058636462,0.0,9.854198093647625,9.264604402130487,9.674817210117524,9.218756617417702,2.9354085233297,0.4317301025287737,1,4.980278081862448,5.137624516424174,0,0,1,9.85344058636462,0.0,9.854198093647625,9.85344058636462,0.0,9.854198093647625,9.85344058636462,9.85344058636462,9.85344058636462,0.0,0,0,1,9.85344058636462,0.0,9.854198093647625,0.0,0.0,0.0,0.0,0.0,0.0,0.0,0.0,0.0,0.0,0.0,9.85344058636462,0.0,0.0,0.0,0.0,0.0,-0.6671517491340637,0.001836896874010563,13.578597240180736,7.143178289933287,0,0,0.0,4.9916791915893555,2.233776092529297,0.0,0.0,0.0,0.0,0.0,0.0,0.0,0.0,0,2,443,803,34688,0,0,179,1024,0,0,78,78,0,78,78,0,0,0,0,0,0,0,9.674817210117451,0.1173815395832063,9.66307915186045,0.1173815395832063,b1,0,3.6719999999999997,8.478,1.597,3.6719999999999997,8.502891233308375,1.597,0,0,0,0,0,0,0,0,1,0,0,0,72,72,50.030946941950354,0,9.674817210117451,0.1173815395832063,1,0,0,0,72,72,81.35902893440519,0,9.674817210117451,0.1173815395832063,1,0,0,0,72,72,112.68711092686002,0,9.674817210117451,0.1173815395832063,1,0,0,0,113,113,78.57216524806199,0,9.674817210117451,0.1173815395832063,1,0,0,0,143,143,113.50138355342997,0,9.674817210117451,0.1173815395832063,1,0,0,0,260,260,202.52382016639692,0,9.674817210117451,0.1173815395832063,1,0,0,0,86,86,52.79091691890422,0,9.264604391416853,0.09848598082889792,1,0,0,0,72,72,51.13926719265131,0,9.674817210117451,0.1173815395832063,13,nuscenes_mf/v1.0-mini/mini_val/325cef682f064c55a255f2625c533b75/ec5241e32939433baeb2b3955920b28c,dev,60
21,ct_joint_full,0,0,0,0,0,0,0,0,0,-1.0,0,8.489598274230957,3.671999931335449,49.78456552441544,0,0,0,0,0.49988698959350586,1.001173496246338,0,0,0,0,0,1,0,0,1,0,0,0.0,0.0,0.0,9.492678876335741,0.0,9.493253322703021,10.152654255144117,9.823460096064293,-9.5913410146517,-2.1228627515560445,0.3370323372623099,1,5.635702058517335,7.259434431480166,0,0,0,9.492678876335741,0.0,9.493253322703021,9.492678876335741,0.0,9.493253322703021,9.492678876335741,9.492678876335741,9.492678876335741,0.0,0,0,1,9.492678876335741,0.0,9.493253322703021,0.0,0.0,0.0,0.0,0.0,0.0,0.0,0.0,0.0,0.0,0.0,9.492678876335741,0.0,0.0,0.0,0.0,0.0,-0.5495489835739136,0.0016391008393839002,-16.18876276079628,-5.384408050226747,0,0,0.0,3.9119627475738525,1.9001742601394653,0.0,0.0,0.0,0.0,0.0,0.0,0.0,0.0,0,2,636,811,34720,0,0,85,1024,0,0,6,6,0,6,6,0,0,0,0,0,0,0,9.82346009606424,0.1231829768419267,9.82904376375552,0.1231829768419267,b1,0,3.6719999999999997,8.478,1.597,3.6719999999999997,8.489598333066322,1.597,0,0,0,0,0,0,0,0,1,0,0,0,33,33,49.86296185168251,0,9.82346009606424,0.1231829768419267,1,0,0,0,33,33,81.08585593539104,0,9.82346009606424,0.1231829768419267,1,0,0,0,33,33,112.30875001909956,0,9.82346009606424,0.1231829768419267,1,0,0,0,56,56,78.36171217096737,0,9.82346009606424,0.1231829768419267,1,0,0,0,72,72,113.2484624924832,0,9.82346009606424,0.1231829768419267,1,0,0,0,224,224,202.18596313179657,0,9.82346009606424,0.1231829768419267,1,0,0,0,29,29,52.01108867163463,0,10.152654239395186,0.13298915861826555,1,0,0,0,33,33,50.508966809071616,0,9.82346009606424,0.1231829768419267,13,nuscenes_mf/v1.0-mini/mini_val/325cef682f064c55a255f2625c533b75/ec5241e32939433baeb2b3955920b28c,dev,60
22,ct_joint_full,0,0,0,0,0,0,0,0,0,-1.0,0,8.508828163146973,3.671999931335449,49.89733312941184,0,0,0,0,0.5004210472106934,1.0016473531723022,0,0,0,0,0,1,0,0,1,0,0,0.0,0.0,0.0,9.573081331013,0.0,9.573318683556082,9.009336262165766,9.51477255364356,8.97057399673701,3.171703032334771,0.5379676532418808,1,4.524719950611992,3.3938505591066743,0,0,1,9.573081331013,0.0,9.573318683556082,9.573081331013,0.0,9.573318683556082,9.573081331013,9.573081331013,9.573081331013,0.0,0,0,1,9.573081331013,0.0,9.573318683556082,0.0,0.0,0.0,0.0,0.0,0.0,0.0,0.0,0.0,0.0,0.0,9.573081331013,0.0,0.0,0.0,0.0,0.0,-0.8151829242706299,-0.00015440600691363215,12.777937066848915,7.597140048897239,0,0,0.0,6.48091459274292,2.6089112758636475,0.0,0.0,0.0,0.0,0.0,0.0,0.0,0.0,0,2,473,831,34720,0,0,115,1024,0,0,79,79,0,79,79,0,0,0,0,0,0,0,9.51477255364356,0.0644337099790574,9.50023060246054,0.0644337099790574,b1,0,3.6719999999999997,8.478,1.597,3.6719999999999997,8.508828461287322,1.597,0,0,0,0,0,0,0,0,1,0,0,0,15,15,50.10603417470399,0,9.51477255364356,0.0644337099790574,1,0,0,0,15,15,81.48113384577725,0,9.51477255364356,0.0644337099790574,1,0,0,0,15,15,112.85623351685051,0,9.51477255364356,0.0644337099790574,1,0,0,0,26,26,78.6662341739568,0,9.51477255364356,0.0644337099790574,1,0,0,0,36,36,113.61443417097861,0,9.51477255364356,0.0644337099790574,1,0,0,0,135,135,202.6748341657659,0,9.51477255364356,0.0644337099790574,1,0,0,0,18,18,53.53218570726781,0,9.009336217120918,0.03975934338689513,1,0,0,0,15,15,51.57425532108805,0,9.51477255364356,0.0644337099790574,13,nuscenes_mf/v1.0-mini/mini_val/325cef682f064c55a255f2625c533b75/ec5241e32939433baeb2b3955920b28c,dev,60
23,ct_joint_full,0,0,0,0,0,0,0,0,0,-1.0,0,8.5047025680542,3.671999931335449,49.87313988108738,0,0,0,0,0.49987292289733887,0.9994379878044128,0,0,0,0,0,1,0,0,1,0,0,0.0,0.0,0.0,9.31267536073343,0.0,9.31268031973794,9.762275260790103,9.59364661096253,-9.27893745050184,-2.4370842671080046,0.17451852564972847,1,15.119218705827151,27.84752106415064,0,0,0,9.31267536073343,0.0,9.31268031973794,9.31267536073343,0.0,9.31268031973794,9.31267536073343,9.31267536073343,9.31267536073343,0.0,0,0,1,9.31267536073343,0.0,9.31268031973794,0.0,0.0,0.0,0.0,0.0,0.0,0.0,0.0,0.0,0.0,0.0,9.31267536073343,0.0,0.0,0.0,0.0,0.0,-0.29040634632110596,0.002711671404540539,-15.731237509425615,-6.279009265086054,0,0,0.0,1.8179855346679688,1.8179855346679688,0.0,0.0,0.0,0.0,0.0,0.0,0.0,0.0,0,2,247,365,34752,0,0,103,1024,0,0,67,67,0,67,67,0,0,0,0,0,0,0,9.593646610962502,0.027412511706352283,9.580610255976074,0.027412511706352283,b1,0,3.6719999999999997,8.478,1.597,3.6719999999999997,8.504702320450837,1.597,0,0,0,0,0,0,0,0,1,0,0,0,9,9,50.05376516547752,0,9.593646610962502,0.027412511706352283,1,0,0,0,9,9,81.39613533797441,0,9.593646610962502,0.027412511706352283,1,0,0,0,9,9,112.7385055104713,0,9.593646610962502,0.027412511706352283,1,0,0,0,18,18,78.60075326792756,0,9.593646610962502,0.027412511706352283,1,0,0,0,28,28,113.53574136963394,0,9.593646610962502,0.027412511706352283,1,0,0,0,111,111,202.569717574534,0,9.593646610962502,0.027412511706352283,1,0,0,0,9,9,51.2624312623578,0,9.762275262115217,0.03581606787332847,1,0,0,0,9,9,50.47997383208827,0,9.593646610962502,0.027412511706352283,13,nuscenes_mf/v1.0-mini/mini_val/325cef682f064c55a255f2625c533b75/ec5241e32939433baeb2b3955920b28c,dev,60
24,ct_joint_full,0,0,0,0,0,0,0,0,0,-1.0,0,8.502141952514648,3.671999931335449,49.85812396066409,0,0,0,0,0.5006210803985596,1.0009479522705078,0,0,0,0,0,1,0,0,1,0,1,0.0,0.0,0.0,9.500356747334383,0.0,9.500421112762542,8.965450240650142,9.328891572064974,8.919776431624097,2.73236361038954,0.38063690969747505,1,4.887271716207411,5.192291645229153,0,0,1,9.500356747334383,0.0,9.500421112762542,9.500356747334383,0.0,9.500421112762542,9.500356747334383,9.500356747334383,9.500356747334383,0.0,0,0,1,9.500356747334383,0.0,9.500421112762542,0.0,0.0,0.0,0.0,0.0,0.0,0.0,0.0,0.0,0.0,0.0,9.500356747334383,0.0,0.0,0.0,0.0,0.0,-0.6881860494613647,-0.001719757099635899,15.438661397843251,7.503411530861405,0,0,0.0,4.830360412597656,2.0466508865356445,0.0,0.0,0.0,0.0,0.0,0.0,0.0,0.0,0,2,105,151,34752,0,0,24,1024,0,0,7,7,0,7,7,0,0,0,0,0,0,0,9.328891572065016,0.030389421284198748,9.317262724304683,0.030389421284198748,b1,0,3.6719999999999997,8.478,1.597,3.6719999999999997,8.502141937541946,1.597,0,0,0,0,0,0,0,0,1,0,0,0,2,2,50.02150300849508,0,9.328891572065016,0.030389421284198748,1,0,0,0,2,2,81.34367145464104,0,9.328891572065016,0.030389421284198748,1,0,0,0,2,2,112.66583990078699,0,9.328891572065016,0.030389421284198748,1,0,0,0,19,19,78.56033338988945,0,9.328891572065016,0.030389421284198748,1,0,0,0,46,46,113.48716377054015,0,9.328891572065016,0.030389421284198748,1,0,0,0,113,113,202.50482453184156,0,9.328891572065016,0.030389421284198748,1,0,0,0,4,4,52.40911006374768,0,8.965450258881631,0.053425071895373266,1,0,0,0,2,2,50.948003447014926,0,9.328891572065016,0.030389421284198748,13,nuscenes_mf/v1.0-mini/mini_val/325cef682f064c55a255f2625c533b75/ec5241e32939433baeb2b3955920b28c,dev,60
25,ct_joint_full,0,0,0,0,0,0,0,0,0,-1.0,0,8.486538887023926,3.671999931335449,49.76662471520951,0,0,0,0,0.5002570152282715,1.0000200271606445,0,0,0,0,0,1,0,0,1,0,1,0.0,0.0,0.0,9.548088300436273,0.0,9.548506815700478,9.800894731841796,9.485219880557823,-9.278151901021472,-1.9711160330570718,0.3226107036462548,1,5.549402192346296,7.214783340915124,0,0,0,9.548088300436273,0.0,9.548506815700478,9.548088300436273,0.0,9.548506815700478,9.548088300436273,9.548088300436273,9.548088300436273,0.0,0,0,1,9.548088300436273,0.0,9.548506815700478,0.0,0.0,0.0,0.0,0.0,0.0,0.0,0.0,0.0,0.0,0.0,9.548088300436273,0.0,0.0,0.0,0.0,0.0,-0.5311532020568848,0.0015483355382457376,-15.80692878847504,-5.03715854317072,0,0,0.0,3.7615203857421875,1.85370671749115,0.0,0.0,0.0,0.0,0.0,0.0,0.0,0.0,0,2,42,60,34752,0,0,32,1024,0,0,18,18,0,18,18,0,0,0,0,0,0,0,9.485219880557771,0.07497131973505011,9.489322504673751,0.07497131973505011,b1,0,3.6719999999999997,8.478,1.597,3.6719999999999997,8.486538412129878,1.597,0,0,0,0,0,0,0,0,1,0,0,0,2,2,49.824279493128415,0,9.485219880557771,0.07497131973505011,1,0,0,0,2,2,81.02295168669662,0,9.485219880557771,0.07497131973505011,1,0,0,0,2,2,112.22162388026481,0,9.485219880557771,0.07497131973505011,1,0,0,0,17,17,78.31325082766591,0,9.485219880557771,0.07497131973505011,1,0,0,0,32,32,113.19022216369072,0,9.485219880557771,0.07497131973505011,1,0,0,0,56,56,202.10816483425302,0,9.485219880557771,0.07497131973505011,1,0,0,0,3,3,51.80737274926514,0,9.800894723696992,0.07624055854612743,1,0,0,0,2,2,50.30798807423813,0,9.485219880557771,0.07497131973505011,13,nuscenes_mf/v1.0-mini/mini_val/325cef682f064c55a255f2625c533b75/ec5241e32939433baeb2b3955920b28c,dev,60
26,ct_joint_full,0,0,0,0,0,0,0,0,0,-1.0,0,8.508033752441406,3.671999931335449,49.8926745589416,0,0,0,0,0.5004239082336426,0.9999697208404541,0,0,0,0,0,1,0,0,1,0,1,0.0,0.0,0.0,9.753171542081708,0.0,9.754144972925488,9.561561838230208,9.511933565417051,-9.495519589461399,-0.5585684767491581,0.049721502137533374,1,34.87369237057407,69.21153069957175,0,0,0,9.753171542081708,0.0,9.754144972925488,9.753171542081708,0.0,9.754144972925488,9.753171542081708,9.753171542081708,9.753171542081708,0.0,0,0,1,9.753171542081708,0.0,9.754144972925488,0.0,0.0,0.0,0.0,0.0,0.0,0.0,0.0,0.0,0.0,0.0,9.753171542081708,0.0,0.0,0.0,0.0,0.0,-0.11134257167577744,0.00042401187238283455,-21.374967181737823,-1.79682139739791,0,0,0.0,1.1433510780334473,1.1433510780334473,0.0,0.0,0.0,0.0,0.0,0.0,0.0,0.0,0,2,25,32,34784,0,0,49,1024,0,0,11,11,0,11,11,0,0,0,0,0,0,0,9.511933565417094,0.1293991976976394,9.526920514572696,0.1293991976976394,b1,0,3.6719999999999997,8.478,1.597,3.6719999999999997,8.508033659638109,1.597,0,0,0,0,0,0,0,0,1,0,0,0,0,0,50.09599125571688,0,9.511933565417094,0.1293991976976394,1,0,0,0,0,0,81.4648023112691,0,9.511933565417094,0.1293991976976394,1,0,0,0,0,0,112.83361336682131,0,9.511933565417094,0.1293991976976394,1,0,0,0,6,6,78.65365230309916,0,9.511933565417094,0.1293991976976394,1,0,0,0,9,9,113.59931335048144,0,9.511933565417094,0.1293991976976394,1,0,0,0,33,33,202.65463544524602,0,9.511933565417094,0.1293991976976394,1,0,0,0,0,0,49.959531943932994,0,9.561561832497215,0.146294963859545,1,0,0,0,0,0,50.22673152839008,0,9.511933565417094,0.1293991976976394,13,nuscenes_mf/v1.0-mini/mini_val/325cef682f064c55a255f2625c533b75/ec5241e32939433baeb2b3955920b28c,dev,60
27,ct_joint_full,0,0,0,0,0,0,0,0,0,-1.0,0,8.481779098510742,3.671999931335449,49.73871244003905,0,0,0,0,0.500432014465332,1.0001829862594604,0,0,0,0,0,1,0,0,1,0,1,0.0,0.0,0.0,9.794519570730246,0.0,9.79659015332796,10.011467855766272,9.764580614006496,-9.688542920346677,-1.2162134570306204,0.24870134127545318,1,5.547238521744242,7.306739077904682,0,0,0,9.794519570730246,0.0,9.79659015332796,9.794519570730246,0.0,9.79659015332796,9.794519570730246,9.794519570730246,9.794519570730246,0.0,0,0,1,9.794519570730246,0.0,9.79659015332796,0.0,0.0,0.0,0.0,0.0,0.0,0.0,0.0,0.0,0.0,0.0,9.794519570730246,0.0,0.0,0.0,0.0,0.0,-0.5478430986404419,-0.0019733577501028776,-21.88998064659569,-3.8692005360324524,0,0,0.0,3.7024691104888916,1.7947560548782349,0.0,0.0,0.0,0.0,0.0,0.0,0.0,0.0,0,2,5,5,34784,0,0,6,1024,0,0,6,6,0,6,6,0,0,0,0,0,0,0,9.764580614006537,0.17580066609382627,9.762769752170767,0.17580066609382627,b1,0,3.6719999999999997,8.478,1.597,3.6719999999999997,8.481779385958383,1.597,0,0,0,0,0,0,0,0,1,0,0,0,0,0,49.76395290870871,0,9.764580614006537,0.17580066609382627,1,0,0,0,0,0,80.92485015899595,0,9.764580614006537,0.17580066609382627,1,0,0,0,0,0,112.08574740928319,0,9.764580614006537,0.17580066609382627,1,0,0,0,0,0,78.23767633702047,0,9.764580614006537,0.17580066609382627,1,0,0,0,0,0,113.09939976533222,0,9.764580614006537,0.17580066609382627,1,0,0,0,7,7,201.9868466226994,0,9.764580614006537,0.17580066609382627,1,0,0,0,0,0,51.33512404391218,0,10.01146784990949,0.18269416452550902,1,0,0,0,0,0,50.02290061299234,0,9.764580614006537,0.17580066609382627,13,nuscenes_mf/v1.0-mini/mini_val/325cef682f064c55a255f2625c533b75/ec5241e32939433baeb2b3955920b28c,dev,60
28,ct_joint_full,0,0,0,0,0,0,0,0,0,-1.0,0,8.515931129455566,3.671999931335449,49.93898623008697,0,0,0,0,0.5010008811950684,1.0011448860168457,0,0,0,0,0,1,0,0,1,0,1,0.0,0.0,0.0,12.976375873779844,0.0,12.978468042921877,9.790650038904856,9.837697555984818,9.342236751312484,-3.0826796279946547,0.04945592681439224,1,37.8824582898997,75.26197985895132,0,0,0,12.976375873779844,0.0,12.978468042921877,12.976375873779844,0.0,12.978468042921877,12.976375873779844,12.976375873779844,12.976375873779844,0.0,0,0,1,12.976375873779844,0.0,12.978468042921877,0.0,0.0,0.0,0.0,0.0,0.0,0.0,0.0,0.0,0.0,0.0,12.976375873779844,0.0,0.0,0.0,0.0,0.0,-0.10642179101705551,0.0009483874309808016,19.997058513517477,-9.63607766710211,0,0,0.0,1.133980631828308,1.133980631828308,0.0,0.0,0.0,0.0,0.0,0.0,0.0,0.0,0,2,10,16,34720,0,0,0,1024,0,0,0,0,0,0,0,0,0,0,0,0,0,0,9.837697555984795,0.2394075739979743,9.819641982242905,0.2394075739979743,b1,0,3.6719999999999997,8.478,1.597,3.6719999999999997,8.515931001204425,1.597,0,0,0,0,0,0,0,0,1,0,0,0,0,0,50.19575896352297,0,9.837697555984795,0.2394075739979743,1,0,0,0,0,0,81.62704197136452,0,9.837697555984795,0.2394075739979743,1,0,0,0,0,0,113.05832497920608,0,9.837697555984795,0.2394075739979743,1,0,0,0,0,0,78.7786426431411,0,9.837697555984795,0.2394075739979743,1,0,0,0,0,0,113.74952632424655,0,9.837697555984795,0.2394075739979743,1,0,0,0,1,1,202.85529368497012,0,9.837697555984795,0.2394075739979743,1,0,0,0,0,0,50.00835872778673,0,9.790650046246421,0.26935473599144977,1,0,0,0,0,0,50.419979833940545,0,9.837697555984795,0.2394075739979743,13,nuscenes_mf/v1.0-mini/mini_val/325cef682f064c55a255f2625c533b75/ec5241e32939433baeb2b3955920b28c,dev,60
29,ct_joint_full,0,0,0,0,0,5,5,0,0,-1.0,0,10.608142852783203,3.671999931335449,62.20810053519116,0,0,0,0,0.4998331069946289,0.998235821723938,0,0,0,0,0,1,0,0,1,0,1,5.0,5.0,5.0,12.998030281300887,0.0,13.001227941155832,16.66905051505776,15.089644747679737,-14.94730782869465,-2.067699878810659,1.5920090510291447,1,6.215444119801159,7.478264872292748,0,0,0,12.998030281300887,0.0,13.001227941155832,12.998030281300887,0.0,13.001227941155832,12.998030281300887,12.998030281300887,12.998030281300887,0.0,0,0,1,12.998030281300887,0.0,13.001227941155832,0.0,0.0,0.0,0.0,0.0,0.0,0.0,0.0,0.0,0.0,0.0,12.998030281300887,0.0,0.0,0.0,0.0,0.0,-0.8085541129112244,-0.0075552682392299175,-8.400134721056148,-1.9364481539994753,0,0,0.0,5.895333766937256,2.0180881023406982,0.0,0.0,0.0,0.0,0.0,0.0,0.0,0.0,0,2,3,3,34688,0,0,2,1024,0,0,7,7,0,7,7,0,0,0,0,0,0,0,15.089644747679671,0.2700277312397956,14.03598339652607,0.2700277312397956,b1,0,3.6719999999999997,8.478,1.597,3.6719999999999997,10.60814302400377,1.597,5,5,0,0,0,0,0,0,1,0,0,0,0,0,76.628391378053,0,15.089644747679671,0.2700277312397956,1,0,0,0,0,0,124.61110357470484,0,15.089644747679671,0.2700277312397956,1,0,0,0,0,0,172.5938157713567,0,15.089644747679671,0.2700277312397956,1,0,0,0,0,0,111.89377761012967,0,15.089644747679671,0.2700277312397956,1,0,0,0,3,3,153.5471638392317,0,15.089644747679671,0.2700277312397956,1,0,0,0,6,6,256.01793629966676,0,15.089644747679671,0.2700277312397956,1,0,0,0,0,0,77.67767575257422,0,16.669050346686614,0.25865641757180613,1,0,0,0,0,0,81.55068341403056,0,15.089644747679671,0.2700277312397956,13,nuscenes_mf/v1.0-mini/mini_val/325cef682f064c55a255f2625c533b75/ec5241e32939433baeb2b3955920b28c,dev,60
30,ct_joint_full,0,0,0,0,0,0,0,0,0,-1.0,0,8.563681602478027,3.671999931335449,50.219003785243174,0,0,0,0,0.49988508224487305,0.9989370703697205,0,0,0,0,0,1,0,0,1,0,1,0.0,0.0,0.0,15.21385413470071,0.0,15.218262477396859,12.526363064965471,13.090168488422746,12.95181204953019,1.8981809561556875,0.5705277276368141,1,30.840921801742407,59.56865652882356,0,0,0,15.21385413470071,0.0,15.218262477396859,15.21385413470071,0.0,15.218262477396859,15.21385413470071,15.21385413470071,15.21385413470071,0.0,0,0,1,15.21385413470071,0.0,15.218262477396859,0.0,0.0,0.0,0.0,0.0,0.0,0.0,0.0,0.0,0.0,0.0,15.21385413470071,0.0,0.0,0.0,0.0,0.0,-0.2883020043373108,0.002525602001696825,6.256648697119867,1.765081727201292,0,0,0.0,1.6960411071777344,1.6960411071777344,0.0,0.0,0.0,0.0,0.0,0.0,0.0,0.0,0,2,2,7,34720,0,0,11,1024,0,0,0,0,0,0,0,0,0,0,0,0,0,0,13.0901684884228,0.32533450067043296,13.048001334528148,0.32533450067043296,b1,0,3.6719999999999997,8.478,1.597,3.6719999999999997,8.563681435232233,1.597,0,0,0,0,0,0,0,0,1,0,0,0,0,0,50.79874747493863,0,13.0901684884228,0.32533450067043296,1,0,0,0,0,0,82.60760625699163,0,13.0901684884228,0.32533450067043296,1,0,0,0,0,0,114.41646503904462,0,13.0901684884228,0.32533450067043296,1,0,0,0,0,0,79.53407901576999,0,13.0901684884228,0.32533450067043296,1,0,0,0,0,0,114.65741055660136,0,13.0901684884228,0.32533450067043296,1,0,0,0,1,1,204.06807363752043,0,13.0901684884228,0.32533450067043296,1,0,0,0,0,0,52.96936024871292,0,12.5263630635561,0.3474873196795019,1,0,0,0,0,0,51.70787809241369,0,13.0901684884228,0.32533450067043296,13,nuscenes_mf/v1.0-mini/mini_val/325cef682f064c55a255f2625c533b75/ec5241e32939433baeb2b3955920b28c,dev,60
