frame_id,b2_version,candidate_id,base_target_count,expansion_target_count,pool_target_count,sampled_target_count,extension_pool_count,sampled_count,target_in_support,current_target_points,recursive_age,recursive_age_valid,support_actual_length,support_actual_width,support_volume,available,structural_available,recovery_positive,recovery_fallback,query_delta_t,gap_ratio,endpoint_foreground_count,tube_foreground_count,foreground_count,extension_foreground_count,search_valid,search_geometry_valid,search_new_support_valid,search_available,search_geometry_source_id,search_quality_valid,search_coverage_need,search_total_point_count,search_extension_count,search_extension_voxels,observation_error,observation_iou,observation_distance,kinematic_error,learned_motion_error,learned_error_parallel,learned_error_perpendicular,learned_cv_disagreement,b1_valid,b1_nll,b1_mahalanobis_sq,b1_coverage_50,b1_coverage_80,b1_coverage_95,raw_search_error,raw_search_iou,raw_search_distance,selective_error,selective_iou,selective_distance,raw_obs_error,raw_motion_error,raw_alpha_error,alpha_counterfactual_uplift,alpha_motion_helpful,alpha_motion_harmful,alpha_ambiguous,final_error,final_iou,final_distance,query_gate,query_gate_applied,query_shift_norm,router_gate,action_score,helpful_probability,harmful_probability,expected_center_gain,expected_iou_gain,center_gain,iou_gain,bounded_action_error,bounded_action_iou,b3_calibrated,router_applied_gate,router_evidence_valid,router_radius,residual_unit_parallel,residual_unit_perpendicular,target_residual_unit_parallel,target_residual_unit_perpendicular,residual_recoverable_parallel,residual_recoverable_perpendicular,residual_saturation,sigma_parallel,sigma_perpendicular,targetness_mean,targetness_max,targetness_entropy,normalized_ess,extension_mass_ratio,extension_vote_rms,presence_probability,presence_score,presence_target,acquisition_schema_version,global_target_count_exact,global_target_count_label,global_raw_point_count,base_raw_target_count,base_sampled_target_count,base_raw_point_count,base_sampled_point_count,endpoint_raw_target_count,tube_raw_target_count,endpoint_raw_point_count,tube_raw_point_count,support_union_target_count,support_union_raw_point_count,support_union_background_count,support_xy_target_count,support_xyz_target_count,support_z_clip_target_count,endpoint_target_center_inside_xy,endpoint_target_center_inside_xyz,tube_target_center_inside_xy,tube_target_center_inside_xyz,active_endpoint_error_xy,active_endpoint_error_z,active_tube_error_xy,active_tube_error_z,active_prior_source,active_support_truncated,active_endpoint_width,active_endpoint_length,active_endpoint_height,active_tube_width,active_tube_length,active_tube_height,pool_background_count,sampled_background_count,pool_endpoint_only_target_count,sampled_endpoint_only_target_count,pool_tube_only_target_count,sampled_tube_only_target_count,pool_overlap_target_count,sampled_overlap_target_count,cf_learned_2_1_z0_valid,cf_learned_2_1_z0_xy_target_count,cf_learned_2_1_z0_xyz_target_count,cf_learned_2_1_z0_target_bearing,cf_learned_2_1_z0_raw_point_count,cf_learned_2_1_z0_background_count,cf_learned_2_1_z0_support_volume,cf_learned_2_1_z0_truncated,cf_learned_2_1_z0_endpoint_error_xy,cf_learned_2_1_z0_endpoint_error_z,cf_learned_2_1_z05_valid,cf_learned_2_1_z05_xy_target_count,cf_learned_2_1_z05_xyz_target_count,cf_learned_2_1_z05_target_bearing,cf_learned_2_1_z05_raw_point_count,cf_learned_2_1_z05_background_count,cf_learned_2_1_z05_support_volume,cf_learned_2_1_z05_truncated,cf_learned_2_1_z05_endpoint_error_xy,cf_learned_2_1_z05_endpoint_error_z,cf_learned_2_1_z10_valid,cf_learned_2_1_z10_xy_target_count,cf_learned_2_1_z10_xyz_target_count,cf_learned_2_1_z10_target_bearing,cf_learned_2_1_z10_raw_point_count,cf_learned_2_1_z10_background_count,cf_learned_2_1_z10_support_volume,cf_learned_2_1_z10_truncated,cf_learned_2_1_z10_endpoint_error_xy,cf_learned_2_1_z10_endpoint_error_z,cf_learned_3_1p5_z0_valid,cf_learned_3_1p5_z0_xy_target_count,cf_learned_3_1p5_z0_xyz_target_count,cf_learned_3_1p5_z0_target_bearing,cf_learned_3_1p5_z0_raw_point_count,cf_learned_3_1p5_z0_background_count,cf_learned_3_1p5_z0_support_volume,cf_learned_3_1p5_z0_truncated,cf_learned_3_1p5_z0_endpoint_error_xy,cf_learned_3_1p5_z0_endpoint_error_z,cf_learned_4_2_z0_valid,cf_learned_4_2_z0_xy_target_count,cf_learned_4_2_z0_xyz_target_count,cf_learned_4_2_z0_target_bearing,cf_learned_4_2_z0_raw_point_count,cf_learned_4_2_z0_background_count,cf_learned_4_2_z0_support_volume,cf_learned_4_2_z0_truncated,cf_learned_4_2_z0_endpoint_error_xy,cf_learned_4_2_z0_endpoint_error_z,cf_learned_6_3_z0_valid,cf_learned_6_3_z0_xy_target_count,cf_learned_6_3_z0_xyz_target_count,cf_learned_6_3_z0_target_bearing,cf_learned_6_3_z0_raw_point_count,cf_learned_6_3_z0_background_count,cf_learned_6_3_z0_support_volume,cf_learned_6_3_z0_truncated,cf_learned_6_3_z0_endpoint_error_xy,cf_learned_6_3_z0_endpoint_error_z,cf_cv_2_1_z0_valid,cf_cv_2_1_z0_xy_target_count,cf_cv_2_1_z0_xyz_target_count,cf_cv_2_1_z0_target_bearing,cf_cv_2_1_z0_raw_point_count,cf_cv_2_1_z0_background_count,cf_cv_2_1_z0_support_volume,cf_cv_2_1_z0_truncated,cf_cv_2_1_z0_endpoint_error_xy,cf_cv_2_1_z0_endpoint_error_z,cf_learned_plus_cv_endpoint_valid,cf_learned_plus_cv_endpoint_xy_target_count,cf_learned_plus_cv_endpoint_xyz_target_count,cf_learned_plus_cv_endpoint_target_bearing,cf_learned_plus_cv_endpoint_raw_point_count,cf_learned_plus_cv_endpoint_background_count,cf_learned_plus_cv_endpoint_support_volume,cf_learned_plus_cv_endpoint_truncated,cf_learned_plus_cv_endpoint_endpoint_error_xy,cf_learned_plus_cv_endpoint_endpoint_error_z,tracklet_id,tracklet_key,partition,epoch
1,ct_joint_full,0,2,0,0,0,0,0,0,2,-1.0,0,0.0,0.0,0.0,0,0,0,0,0.5009880065917969,1.0,0,0,0,0,0,0,0,0,0,0,1,0.0,0.0,0.0,0.004579869284871641,0.9903942513678421,0.006837289585779611,0.01486606874728816,0.01486606874728816,0.0,0.0,0.0,0,0.0,0.0,0,0,0,0.004579869284871641,0.9903942513678421,0.006837289585779611,0.004579869284871641,0.9903942513678421,0.006837289585779611,0.004579869284871641,0.004579869284871641,0.004579869284871641,0.0,0,0,1,0.004579869284871641,0.9903942513678421,0.006837289585779611,0.0,0.0,0.0,0.0,0.0,0.0,0.0,0.0,0.0,0.0,0.0,0.004579869284871641,0.9903942513678421,0.0,0.0,0.0,0.0,-0.0,0.0,0.03960407526366774,-0.0013668955026458287,1,1,0.0,1.6249189376831055,1.6249189376831055,0.0,0.0,0.0,0.0,0.0,0.0,0.0,0.0,0,2,2,2,34752,2,338,6,1024,0,0,0,0,0,0,0,0,0,0,0,0,0,0,0.0,0.0,0.0,0.0,base_only,0,0.0,0.0,0.0,0.0,0.0,0.0,0,0,0,0,0,0,0,0,0,0,0,0,0,0,0.0,0,0.0,0.0,0,0,0,0,0,0,0.0,0,0.0,0.0,0,0,0,0,0,0,0.0,0,0.0,0.0,0,0,0,0,0,0,0.0,0,0.0,0.0,0,0,0,0,0,0,0.0,0,0.0,0.0,0,0,0,0,0,0,0.0,0,0.0,0.0,0,0,0,0,0,0,0.0,0,0.0,0.0,0,0,0,0,0,0,0.0,0,0.0,0.0,0,nuscenes_mf/v1.0-mini/mini_val/fcbccedd61424f1b85dcbf8f897f9754/afff27c4b3934c59837d2294137735d5,dev,60
2,ct_joint_full,0,10,10,0,0,0,0,1,10,-1.0,0,8.230513572692871,3.684999942779541,56.35210453335658,0,0,0,0,0.4993109703063965,0.9966525435447693,0,0,0,0,0,1,0,0,1,0,1,0.0,0.0,0.0,0.02629146192109218,0.9760842026699245,0.02720361419336581,0.008646409171628927,0.03822272224233234,0.038170402232321425,0.001999262167043977,0.029806705560856194,1,0.07813338848207177,0.0013520849198854358,1,1,1,0.02629146192109218,0.9760842026699245,0.02720361419336581,0.02629146192109218,0.9760842026699245,0.02720361419336581,0.02629146192109218,0.02629146192109218,0.02629146192109218,0.0,0,0,1,0.02629146192109218,0.9760842026699245,0.02720361419336581,0.0,0.0,0.0,0.0,0.0,0.0,0.0,0.0,0.0,0.0,0.0,0.02629146192109218,0.9760842026699245,0.0,0.0,0.0,0.0,-0.07951944321393967,0.0006960382452234626,0.022315074966649515,0.007968815804013879,1,1,0.0,1.0394883155822754,1.0394883155822754,0.0,0.0,0.0,0.0,0.0,0.0,0.0,0.0,0,2,10,10,34720,10,460,22,1024,10,10,11,11,10,11,1,6,6,0,1,1,1,1,0.03822272224240643,0.00507674366235733,0.028491313652666758,0.00507674366235733,b1,0,3.685,8.211,1.858,3.685,8.230513357589714,1.858,0,0,0,0,0,0,0,0,1,6,6,1,8,2,56.500943828155286,0,0.03822272224240643,0.00507674366235733,1,6,6,1,8,2,86.91049378948752,0,0.03822272224240643,0.00507674366235733,1,6,6,1,8,2,117.32004375081975,0,0.03822272224240643,0.00507674366235733,1,10,10,1,14,4,89.23895172057021,0,0.03822272224240643,0.00507674366235733,1,10,10,1,15,5,129.40895961471554,0,0.03822272224240643,0.00507674366235733,1,10,10,1,21,11,232.044975402141,0,0.03822272224240643,0.00507674366235733,1,5,5,1,7,2,56.665045921966744,0,0.008646409636936374,0.010136493138783176,1,6,6,1,8,2,56.86831852771347,0,0.03822272224240643,0.00507674366235733,0,nuscenes_mf/v1.0-mini/mini_val/fcbccedd61424f1b85dcbf8f897f9754/afff27c4b3934c59837d2294137735d5,dev,60
1,ct_joint_full,0,1,0,0,0,0,0,0,1,-1.0,0,0.0,0.0,0.0,0,0,0,0,0.4993109703063965,1.0,0,0,0,0,0,0,0,0,0,0,1,0.0,0.0,0.0,1.229913840828134,0.6270917403204086,1.2299175681896601,1.1556145551178796,1.1556145551178796,0.0,0.0,0.0,0,0.0,0.0,0,0,0,1.229913840828134,0.6270917403204086,1.2299175681896601,1.229913840828134,0.6270917403204086,1.2299175681896601,1.229913840828134,1.229913840828134,1.229913840828134,0.0,0,0,1,1.229913840828134,0.6270917403204086,1.2299175681896601,0.0,0.0,0.0,0.0,0.0,0.0,0.0,0.0,0.0,0.0,0.0,1.229913840828134,0.6270917403204086,0.0,0.0,0.0,0.0,-0.0,0.0,3.083054992259489,-0.0006090848708122244,0,1,0.0,1.6240267753601074,1.6240267753601074,0.0,0.0,0.0,0.0,0.0,0.0,0.0,0.0,0,2,1,1,34720,1,13,39,1024,0,0,0,0,0,0,0,0,0,0,0,0,0,0,0.0,0.0,0.0,0.0,base_only,0,0.0,0.0,0.0,0.0,0.0,0.0,0,0,0,0,0,0,0,0,0,0,0,0,0,0,0.0,0,0.0,0.0,0,0,0,0,0,0,0.0,0,0.0,0.0,0,0,0,0,0,0,0.0,0,0.0,0.0,0,0,0,0,0,0,0.0,0,0.0,0.0,0,0,0,0,0,0,0.0,0,0.0,0.0,0,0,0,0,0,0,0.0,0,0.0,0.0,0,0,0,0,0,0,0.0,0,0.0,0.0,0,0,0,0,0,0,0.0,0,0.0,0.0,1,nuscenes_mf/v1.0-mini/mini_val/fcbccedd61424f1b85dcbf8f897f9754/aa8f809da9ce441ab1b01fac18e6f97b,dev,60
10,ct_joint_full,0,4,4,0,0,0,0,1,4,-1.0,0,8.162064552307129,3.4820001125335693,48.08716488929308,0,0,0,0,0.5004091262817383,1.0528911352157593,0,0,0,0,0,1,0,0,1,0,1,0.0,0.0,0.0,0.047967910503358,0.7518774365389265,0.20016953343094893,0.026400757564832303,0.3289715412893257,0.3280817807829063,0.02417891843303918,0.32906489436418196,1,3.295500899667875,0.004017641773494229,1,1,1,0.047967910503358,0.7518774365389265,0.20016953343094893,0.047967910503358,0.7518774365389265,0.20016953343094893,0.047967910503358,0.047967910503358,0.047967910503358,0.0,0,0,1,0.047967910503358,0.7518774365389265,0.20016953343094893,0.0,0.0,0.0,0.0,0.0,0.0,0.0,0.0,0.0,0.0,0.0,0.047967910503358,0.7518774365389265,0.0,0.0,0.0,0.0,-0.8772474527359009,0.008012037724256516,-0.002601247533125086,0.09591576107900207,1,1,0.0,5.190063953399658,5.190063953399658,0.0,0.0,0.0,0.0,0.0,0.0,0.0,0.0,0,2,4,4,34784,4,831,5,1024,4,4,5,5,4,5,1,4,4,0,1,1,1,1,0.3289715412893761,0.19999999999999996,0.16549535133470114,0.19999999999999996,b1,0,3.482,7.833,1.692,3.482,8.162064894364182,1.692,0,0,0,0,0,0,0,0,1,4,4,1,4,0,50.267735811805345,0,0.3289715412893761,0.19999999999999996,1,4,4,1,4,0,79.97679953036643,0,0.3289715412893761,0.19999999999999996,1,4,4,1,4,0,109.68586324892752,0,0.3289715412893761,0.19999999999999996,1,4,4,1,5,1,79.80180292770265,0,0.3289715412893761,0.19999999999999996,1,4,4,1,10,6,116.10387004438786,0,0.3289715412893761,0.19999999999999996,1,4,4,1,13,9,209.01200427539456,0,0.3289715412893761,0.19999999999999996,1,4,4,1,4,0,46.14846415178104,0,0.026400757564832292,0.19999999999999996,1,4,4,1,4,0,50.267735811805345,0,0.3289715412893761,0.19999999999999996,2,nuscenes_mf/v1.0-mini/mini_val/fcbccedd61424f1b85dcbf8f897f9754/e73ba8faf67d40c8b6b653489393ef8b,dev,60
11,ct_joint_full,0,4,4,0,0,0,0,1,4,-1.0,0,7.840754508972168,3.4820001125335693,46.194152534953545,0,0,0,0,0.500432014465332,1.0000100135803223,0,0,0,0,0,1,0,0,1,0,1,0.0,0.0,0.0,0.03396297338917353,0.770464102312309,0.19206045953217216,0.08911047240800025,0.04151012258063675,-0.0325327759494719,0.025781947919064217,0.05268797811435936,1,0.9036242649763483,0.0006982655941760545,1,1,1,0.03396297338917353,0.770464102312309,0.19206045953217216,0.03396297338917353,0.770464102312309,0.19206045953217216,0.03396297338917353,0.03396297338917353,0.03396297338917353,0.0,0,0,1,0.03396297338917353,0.770464102312309,0.19206045953217216,0.0,0.0,0.0,0.0,0.0,0.0,0.0,0.0,0.0,0.0,0.0,0.03396297338917353,0.770464102312309,0.0,0.0,0.0,0.0,-0.13403619825839996,0.0009170970879495144,-0.21679935827029165,0.09168190444959157,1,1,0.0,1.5708824396133423,1.5708824396133423,0.0,0.0,0.0,0.0,0.0,0.0,0.0,0.0,0,2,4,4,34752,4,1024,4,1024,4,4,4,4,4,4,0,4,4,0,1,1,1,1,0.041510122580663465,0.19433713406324382,0.0446874962848112,0.19433713406324382,b1,0,3.482,7.833,1.692,3.482,7.840754491124535,1.692,0,0,0,0,0,0,0,0,1,4,4,1,4,0,46.245507900472724,0,0.041510122580663465,0.19433713406324382,1,4,4,1,4,0,73.57736836174503,0,0.041510122580663465,0.19433713406324382,1,4,4,1,4,0,100.90922882301733,0,0.041510122580663465,0.19433713406324382,1,4,4,1,4,0,74.69226569279282,0,0.041510122580663465,0.19433713406324382,1,4,4,1,6,2,109.90702348432502,0,0.041510122580663465,0.19433713406324382,1,4,4,1,11,7,200.6405390681773,0,0.041510122580663465,0.19433713406324382,1,4,4,1,4,0,46.63780188099012,0,0.0891104724694704,0.18725821371049167,1,4,4,1,4,0,46.47423192821718,0,0.041510122580663465,0.19433713406324382,2,nuscenes_mf/v1.0-mini/mini_val/fcbccedd61424f1b85dcbf8f897f9754/e73ba8faf67d40c8b6b653489393ef8b,dev,60
12,ct_joint_full,0,3,3,0,0,0,0,1,3,-1.0,0,7.846683979034424,3.4820001125335693,46.22908627050079,0,0,0,0,0.5502018928527832,1.0994789600372314,0,0,0,0,0,1,0,0,1,0,1,0.0,0.0,0.0,3.8510346021896313,0.0006207394461189283,3.8562239833992837,0.005297551480913838,0.047623509863216465,0.047584853798445965,0.0019184984755626331,0.04269758435297366,1,0.5308328607886831,0.0013347346007426667,1,1,1,3.8510346021896313,0.0006207394461189283,3.8562239833992837,3.8510346021896313,0.0006207394461189283,3.8562239833992837,3.8510346021896313,3.8510346021896313,3.8510346021896313,0.0,0,0,1,3.8510346021896313,0.0006207394461189283,3.8562239833992837,0.0,0.0,0.0,0.0,0.0,0.0,0.0,0.0,0.0,0.0,0.0,3.8510346021896313,0.0006207394461189283,0.0,0.0,0.0,0.0,-0.10325832664966583,0.0004238201945554465,0.011819688231943053,0.006916087098139981,1,1,0.0,1.3035387992858887,1.3035387992858887,0.0,0.0,0.0,0.0,0.0,0.0,0.0,0.0,0,2,3,3,34752,3,605,5,1024,3,3,3,3,3,3,0,3,3,0,1,1,1,1,0.04762350986329433,0.21403369158506402,0.04079127571344064,0.21403369158506402,b1,0,3.482,7.833,1.692,3.482,7.846683998280504,1.692,0,0,0,0,0,0,0,0,1,3,3,1,3,0,46.31976023010536,0,0.04762350986329433,0.21403369158506402,1,3,3,1,3,0,73.69550504695252,0,0.04762350986329433,0.21403369158506402,1,3,3,1,3,0,101.07124986379966,0,0.04762350986329433,0.21403369158506402,1,3,3,1,4,1,74.78658991073816,0,0.04762350986329433,0.21403369158506402,1,3,3,1,6,3,110.02141959137096,0,0.04762350986329433,0.21403369158506402,1,3,3,1,15,12,200.79507895184864,0,0.04762350986329433,0.21403369158506402,1,3,3,1,3,0,47.220188610741985,0,0.005297554896535207,0.2083114998758373,1,3,3,1,3,0,47.20343222371965,0,0.04762350986329433,0.21403369158506402,2,nuscenes_mf/v1.0-mini/mini_val/fcbccedd61424f1b85dcbf8f897f9754/e73ba8faf67d40c8b6b653489393ef8b,dev,60
13,ct_joint_full,0,4,4,0,0,0,0,1,4,-1.0,0,10.286086082458496,3.4820001125335693,60.60093182831177,0,0,0,0,0.5019419193267822,0.955502986907959,0,0,0,0,0,1,0,0,1,0,1,0.0,0.0,0.0,3.372103957756592,0.04546910413318055,3.3767944632253766,7.843438148373596,6.304120231826775,-6.304031739067962,0.03340024986894436,1.5394522666536692,1,3.4026084053858474,1.1991481996266755,1,1,1,3.372103957756592,0.04546910413318055,3.3767944632253766,3.372103957756592,0.04546910413318055,3.3767944632253766,3.372103957756592,3.372103957756592,3.372103957756592,0.0,0,0,1,3.372103957756592,0.04546910413318055,3.3767944632253766,0.0,0.0,0.0,0.0,0.0,0.0,0.0,0.0,0.0,0.0,0.0,3.372103957756592,0.04546910413318055,0.0,0.0,0.0,0.0,-0.7248227596282959,-0.012640632688999176,-3.6930920392230733,0.01641691485446761,0,1,0.0,5.757137298583984,2.8650732040405273,0.0,0.0,0.0,0.0,0.0,0.0,0.0,0.0,0,2,4,4,34752,4,431,10,1024,0,4,0,4,4,4,0,0,0,0,0,0,0,0,6.30412023182677,0.1749897569417953,5.077577322304124,0.1749897569417953,b1,0,3.482,7.833,1.692,3.482,10.286086413738694,1.692,0,0,0,0,0,0,0,0,1,0,0,0,2,2,76.8565574349705,0,6.30412023182677,0.1749897569417953,1,0,0,0,10,10,122.28005473696255,0,6.30412023182677,0.1749897569417953,1,0,0,0,23,23,167.70355203895457,0,6.30412023182677,0.1749897569417953,1,0,0,0,10,10,113.57825305032914,0,6.30412023182677,0.1749897569417953,1,0,0,0,10,10,157.0679486648999,0,6.30412023182677,0.1749897569417953,1,4,4,1,22,18,264.351339897193,0,6.30412023182677,0.1749897569417953,1,0,0,0,9,9,75.5391775353737,0,7.84343832583888,0.1610979160746504,1,0,0,0,2,2,80.89278183507406,0,6.30412023182677,0.1749897569417953,2,nuscenes_mf/v1.0-mini/mini_val/fcbccedd61424f1b85dcbf8f897f9754/e73ba8faf67d40c8b6b653489393ef8b,dev,60
14,ct_joint_full,0,3,3,0,0,0,0,1,3,-1.0,0,8.145756721496582,3.4820001125335693,47.991086581636004,0,0,0,0,0.49837207794189453,0.9473459124565125,0,0,0,0,0,1,0,0,1,0,1,0.0,0.0,0.0,5.896522480992566,0.0,5.900043177581813,2.401836419963868,3.6824798928624354,3.6735967579212043,0.25562689745227307,1.2871693897117293,1,2.8379422620812003,0.6645687015610822,1,1,1,5.896522480992566,0.0,5.900043177581813,5.896522480992566,0.0,5.900043177581813,5.896522480992566,5.896522480992566,5.896522480992566,0.0,0,0,1,5.896522480992566,0.0,5.900043177581813,0.0,0.0,0.0,0.0,0.0,0.0,0.0,0.0,0.0,0.0,0.0,5.896522480992566,0.0,0.0,0.0,0.0,0.0,-0.5489711761474609,0.01207552570849657,1.0179085560052816,0.21499840842621948,0,1,0.0,4.5370073318481445,2.700373649597168,0.0,0.0,0.0,0.0,0.0,0.0,0.0,0.0,0,2,3,3,34720,3,1024,3,1024,3,3,3,3,3,3,0,0,0,0,0,0,0,0,3.682479892862416,0.20292061418294915,3.5272393432178033,0.20292061418294915,b1,0,3.482,7.833,1.692,3.482,8.14575707687547,1.692,0,0,0,0,0,0,0,0,1,0,0,0,3,3,50.061186270402736,0,3.682479892862416,0.20292061418294915,1,0,0,0,3,3,79.64817579191737,0,3.682479892862416,0.20292061418294915,1,0,0,0,6,6,109.23516531343199,0,3.682479892862416,0.20292061418294915,1,3,3,1,7,4,79.5394539167471,0,3.682479892862416,0.20292061418294915,1,3,3,1,15,12,115.78572156309149,0,3.682479892862416,0.20292061418294915,1,3,3,1,18,15,208.58225685499232,0,3.682479892862416,0.20292061418294915,1,3,3,1,6,3,52.66048265000569,0,2.401836395052543,0.20780142223931808,1,3,3,1,6,3,52.816137348778064,0,3.682479892862416,0.20292061418294915,2,nuscenes_mf/v1.0-mini/mini_val/fcbccedd61424f1b85dcbf8f897f9754/e73ba8faf67d40c8b6b653489393ef8b,dev,60
15,ct_joint_full,0,3,0,0,0,0,0,0,3,-1.0,0,9.516615867614746,3.4820001125335693,56.06756397003723,0,0,0,0,0.4998610019683838,0.9994081854820251,0,0,0,0,0,1,0,0,1,0,1,0.0,0.0,0.0,5.122414093556881,0.0,5.125272428091236,8.930132900329152,7.578687730488248,-7.574642934095542,-0.24756948026435804,1.351887452207297,1,3.754877383844094,1.5407487061342329,0,1,1,5.122414093556881,0.0,5.125272428091236,5.122414093556881,0.0,5.125272428091236,5.122414093556881,5.122414093556881,5.122414093556881,0.0,0,0,1,5.122414093556881,0.0,5.125272428091236,0.0,0.0,0.0,0.0,0.0,0.0,0.0,0.0,0.0,0.0,0.0,5.122414093556881,0.0,0.0,0.0,0.0,0.0,-0.7179880738258362,-0.0064436160027980804,-4.740933069960289,-0.2470530683275931,0,1,0.0,6.113971710205078,3.234668493270874,0.0,0.0,0.0,0.0,0.0,0.0,0.0,0.0,0,2,5,5,34688,3,158,19,1024,0,0,10,10,0,10,10,0,0,0,0,0,0,0,7.578687730488205,0.17879432886838909,6.737514550025124,0.17879432886838909,b1,0,3.482,7.833,1.692,3.482,9.516615432041839,1.692,0,0,0,0,0,0,0,0,1,0,0,0,15,15,67.22431672931089,0,7.578687730488205,0.17879432886838909,1,0,0,0,20,20,106.95500037547575,0,7.578687730488205,0.17879432886838909,1,0,0,0,32,32,146.68568402164058,0,7.578687730488205,0.17879432886838909,1,0,0,0,28,28,101.34217326368483,0,7.578687730488205,0.17879432886838909,1,0,0,0,32,32,142.22802979727086,0,7.578687730488205,0.17879432886838909,1,0,0,0,36,36,244.30374286759454,0,7.578687730488205,0.17879432886838909,1,0,0,0,23,23,67.96504233887867,0,8.930132780934477,0.17933222736107468,1,0,0,0,16,16,70.50775145056362,0,7.578687730488205,0.17879432886838909,2,nuscenes_mf/v1.0-mini/mini_val/fcbccedd61424f1b85dcbf8f897f9754/e73ba8faf67d40c8b6b653489393ef8b,dev,60
16,ct_joint_full,0,4,4,0,0,0,0,1,4,-1.0,0,7.920269966125488,3.4820001125335693,46.662621373306266,0,0,0,0,0.49933600425720215,1.0004397630691528,0,0,0,0,0,1,0,0,1,0,1,0.0,0.0,0.0,9.10505965008054,0.0,9.106637319950565,3.8544543639002447,5.035174169405059,5.010819135673843,0.49464213144569347,1.1897061305673384,1,3.218776258521456,1.019247835264958,1,1,1,9.10505965008054,0.0,9.106637319950565,9.10505965008054,0.0,9.106637319950565,9.10505965008054,9.10505965008054,9.10505965008054,0.0,0,0,1,9.10505965008054,0.0,9.106637319950565,0.0,0.0,0.0,0.0,0.0,0.0,0.0,0.0,0.0,0.0,0.0,9.10505965008054,0.0,0.0,0.0,0.0,0.0,-0.5860949158668518,0.009853792376816273,1.8825298625971743,0.458555866095153,0,1,0.0,5.0315446853637695,2.9844791889190674,0.0,0.0,0.0,0.0,0.0,0.0,0.0,0.0,0,2,4,4,34688,4,195,21,1024,4,4,18,19,4,19,15,0,0,0,0,0,0,0,5.03517416940511,0.1961470603942872,5.078794003094579,0.1961470603942872,b1,0,3.482,7.833,1.692,3.482,7.920269815798719,1.692,0,0,0,0,0,0,0,0,1,0,0,0,17,17,47.23643308934569,0,5.03517416940511,0.1961470603942872,1,0,0,0,20,20,75.1539467355311,0,5.03517416940511,0.1961470603942872,1,0,0,0,27,27,103.07146038171649,0,5.03517416940511,0.1961470603942872,1,0,0,0,26,26,75.95112980523704,0,5.03517416940511,0.1961470603942872,1,0,0,0,36,36,111.4338265195526,0,5.03517416940511,0.1961470603942872,1,4,4,1,60,56,202.70321994897162,0,5.03517416940511,0.1961470603942872,1,0,0,0,15,15,54.824466860742525,0,3.854454431093329,0.1872250130562949,1,0,0,0,17,17,50.19897252140031,0,5.03517416940511,0.1961470603942872,2,nuscenes_mf/v1.0-mini/mini_val/fcbccedd61424f1b85dcbf8f897f9754/e73ba8faf67d40c8b6b653489393ef8b,dev,60
17,ct_joint_full,0,0,0,0,0,0,0,0,0,-1.0,0,10.673463821411133,3.4820001125335693,62.88318493818108,0,0,0,0,0.49987292289733887,1.00054931640625,0,0,0,0,0,1,0,0,1,0,1,0.0,0.0,0.0,8.572922366774181,0.0,8.574051487956032,13.6020998659338,11.939673885635097,-11.92277358788926,-0.6350534798724443,1.6641353906723848,1,5.316993245396281,5.092463987893393,0,0,1,8.572922366774181,0.0,8.574051487956032,8.572922366774181,0.0,8.574051487956032,8.572922366774181,8.572922366774181,8.572922366774181,0.0,0,0,1,8.572922366774181,0.0,8.574051487956032,0.0,0.0,0.0,0.0,0.0,0.0,0.0,0.0,0.0,0.0,0.0,8.572922366774181,0.0,0.0,0.0,0.0,0.0,-0.6014738082885742,-0.005463609471917152,-4.910810154575696,-0.4372195559734985,0,1,0.0,5.306647777557373,3.0095810890197754,0.0,0.0,0.0,0.0,0.0,0.0,0.0,0.0,0,2,5,8,34688,0,0,20,1024,0,0,0,5,0,5,5,0,0,0,0,0,0,0,11.9396738856351,0.14450529664754863,10.52197239106478,0.14450529664754863,b1,0,3.482,7.833,1.692,3.482,10.673463951604147,1.692,0,0,0,0,0,0,0,0,1,0,0,0,0,0,81.70606076628806,0,11.9396738856351,0.14450529664754863,1,0,0,0,20,20,129.99569478891698,0,11.9396738856351,0.14450529664754863,1,0,0,0,20,20,178.28532881154587,0,11.9396738856351,0.14450529664754863,1,0,0,0,0,0,119.7386955446731,0,11.9396738856351,0.14450529664754863,1,0,0,0,12,12,164.5393303218763,0,11.9396738856351,0.14450529664754863,1,0,0,0,18,18,274.44459987628267,0,11.9396738856351,0.14450529664754863,1,0,0,0,0,0,79.4193980931389,0,13.602099516810796,0.11584751316823638,1,0,0,0,0,0,86.31572698544906,0,11.9396738856351,0.14450529664754863,2,nuscenes_mf/v1.0-mini/mini_val/fcbccedd61424f1b85dcbf8f897f9754/e73ba8faf67d40c8b6b653489393ef8b,dev,60
18,ct_joint_full,0,0,0,0,0,0,0,0,0,-1.0,0,8.216828346252441,3.4820001125335693,48.40980820735739,0,0,0,0,0.49988412857055664,1.0005598068237305,0,0,0,0,0,1,0,0,1,0,1,0.0,0.0,0.0,11.73088874507694,0.0,11.73103105128973,7.544291528644559,8.951864474005609,8.895304348164341,1.004712743521339,1.4205909849203449,1,4.527231697796165,4.051447638985276,0,0,1,11.73088874507694,0.0,11.73103105128973,11.73088874507694,0.0,11.73103105128973,11.73088874507694,11.73088874507694,11.73088874507694,0.0,0,0,1,11.73088874507694,0.0,11.73103105128973,0.0,0.0,0.0,0.0,0.0,0.0,0.0,0.0,0.0,0.0,0.0,11.73088874507694,0.0,0.0,0.0,0.0,0.0,-0.5368990898132324,0.011921239085495472,2.8252338633694793,0.7242999697254451,0,1,0.0,4.496036052703857,2.7136964797973633,0.0,0.0,0.0,0.0,0.0,0.0,0.0,0.0,0,2,1,9,34752,0,0,15,1024,0,0,0,0,0,0,0,0,0,0,0,0,0,0,8.95186447400553,0.06414385139942169,8.762340249090402,0.06414385139942169,b1,0,3.482,7.833,1.692,3.482,8.216828571225182,1.692,0,0,0,0,0,0,0,0,1,0,0,0,2,2,50.95088933854177,0,8.95186447400553,0.06414385139942169,1,0,0,0,10,10,81.0637080965452,0,8.95186447400553,0.06414385139942169,1,0,0,0,11,11,111.17652685454861,0,8.95186447400553,0.06414385139942169,1,0,0,0,11,11,80.6696658536084,0,8.95186447400553,0.06414385139942169,1,0,0,0,29,29,117.15644236788711,0,8.95186447400553,0.06414385139942169,1,0,0,0,51,51,210.43399539644454,0,8.95186447400553,0.06414385139942169,1,0,0,0,7,7,52.974040598057584,0,7.544291517864318,0.06112726690598547,1,0,0,0,2,2,53.921985531766765,0,8.95186447400553,0.06414385139942169,2,nuscenes_mf/v1.0-mini/mini_val/fcbccedd61424f1b85dcbf8f897f9754/e73ba8faf67d40c8b6b653489393ef8b,dev,60
19,ct_joint_full,0,0,0,0,0,0,0,0,0,-1.0,0,9.761290550231934,3.4820001125335693,57.509075701762306,0,0,0,0,0.44955992698669434,0.8993383646011353,0,0,0,0,0,1,0,0,1,0,1,0.0,0.0,0.0,11.500036856083591,0.0,11.500075410602284,14.976263821143037,13.657109403574017,-13.646747920681175,-0.53189569082877,1.3198148329646904,1,5.770242674829104,5.811711517337043,0,0,1,11.500036856083591,0.0,11.500075410602284,11.500036856083591,0.0,11.500075410602284,11.500036856083591,11.500036856083591,11.500036856083591,0.0,0,0,1,11.500036856083591,0.0,11.500075410602284,0.0,0.0,0.0,0.0,0.0,0.0,0.0,0.0,0.0,0.0,0.0,11.500036856083591,0.0,0.0,0.0,0.0,0.0,-0.6516404151916504,-0.006998139433562756,-7.389649196846823,-0.49102009726581247,0,1,0.0,5.675273895263672,3.090299606323242,0.0,0.0,0.0,0.0,0.0,0.0,0.0,0.0,0,2,3,4,34720,0,0,37,1024,0,0,13,15,0,15,15,0,0,0,0,0,0,0,13.657109403573946,0.03278215080499658,12.693920507699602,0.03278215080499658,b1,0,3.482,7.833,1.692,3.482,9.761290589600542,1.692,0,0,0,0,0,0,0,0,1,0,0,0,9,9,70.28720934294628,0,13.657109403573946,0.03278215080499658,1,0,0,0,38,38,111.82811320993585,0,13.657109403573946,0.03278215080499658,1,0,0,0,38,38,153.3690170769254,0,13.657109403573946,0.03278215080499658,1,0,0,0,13,13,105.23304275148173,0,13.657109403573946,0.03278215080499658,1,0,0,0,13,13,146.94687615962323,0,13.657109403573946,0.03278215080499658,1,0,0,0,21,21,250.67854297590625,0,13.657109403573946,0.03278215080499658,1,0,0,0,3,3,69.62356167251262,0,14.976263824388203,0.026951580254392482,1,0,0,0,9,9,73.36904671173917,0,13.657109403573946,0.03278215080499658,2,nuscenes_mf/v1.0-mini/mini_val/fcbccedd61424f1b85dcbf8f897f9754/e73ba8faf67d40c8b6b653489393ef8b,dev,60
20,ct_joint_full,0,0,0,0,0,0,0,0,0,-1.0,0,8.050322532653809,3.4820001125335693,47.42883183033522,0,0,0,0,0.5501871109008789,1.1589668989181519,0,0,0,0,0,1,0,0,1,0,1,0.0,0.0,0.0,11.51535134014849,0.0,11.515391043377216,10.61270524582156,11.716079126777878,11.709543742269936,0.39128115114253637,1.1047778348604276,1,6.8337023119508995,9.25346908179517,0,0,0,11.51535134014849,0.0,11.515391043377216,11.51535134014849,0.0,11.515391043377216,11.51535134014849,11.51535134014849,11.51535134014849,0.0,0,0,1,11.51535134014849,0.0,11.515391043377216,0.0,0.0,0.0,0.0,0.0,0.0,0.0,0.0,0.0,0.0,0.0,11.51535134014849,0.0,0.0,0.0,0.0,0.0,-0.48684510588645935,0.013168741017580032,4.673776287445309,0.33303529593022907,0,1,0.0,3.855095148086548,2.3574299812316895,0.0,0.0,0.0,0.0,0.0,0.0,0.0,0.0,0,2,9,15,34720,0,0,48,1024,0,0,0,0,0,0,0,0,0,0,0,0,0,0,11.716079126777915,0.029778486490249723,11.608052016208243,0.029778486490249723,b1,0,3.482,7.833,1.692,3.482,8.050322682701442,1.692,0,0,0,0,0,0,0,0,1,0,0,0,1,1,48.8650046551628,0,11.716079126777915,0.029778486490249723,1,0,0,0,36,36,77.745031047103,0,11.716079126777915,0.029778486490249723,1,0,0,0,36,36,106.62505743904319,0,11.716079126777915,0.029778486490249723,1,0,0,0,11,11,78.01993705300613,0,11.716079126777915,0.029778486490249723,1,0,0,0,15,15,113.94286945045552,0,11.716079126777915,0.029778486490249723,1,0,0,0,36,36,206.09273424574823,0,11.716079126777915,0.029778486490249723,1,0,0,0,8,8,51.98160953782136,0,10.61270522829743,0.02663759184505965,1,0,0,0,1,1,51.062351782185324,0,11.716079126777915,0.029778486490249723,2,nuscenes_mf/v1.0-mini/mini_val/fcbccedd61424f1b85dcbf8f897f9754/e73ba8faf67d40c8b6b653489393ef8b,dev,60
21,ct_joint_full,0,0,0,0,0,0,0,0,0,-1.0,0,7.842941761016846,3.4820001125335693,46.207038827270004,0,0,0,0,0.4998970031738281,1.000046968460083,0,0,0,0,0,1,0,0,1,0,0,0.0,0.0,0.0,11.511384359859349,0.0,11.511412060953546,11.596922787787461,11.525220568285224,-11.523425807585527,0.2034055340732039,0.07170262110116318,1,34.29120258862944,67.22020193686429,0,0,0,11.511384359859349,0.0,11.511412060953546,11.511384359859349,0.0,11.511412060953546,11.511384359859349,11.511384359859349,11.511384359859349,0.0,0,0,1,11.511384359859349,0.0,11.511412060953546,0.0,0.0,0.0,0.0,0.0,0.0,0.0,0.0,0.0,0.0,0.0,11.511384359859349,0.0,0.0,0.0,0.0,0.0,-0.140499547123909,0.0029907734133303165,-22.722678702754635,0.5966300266074789,0,1,0.0,1.405721664428711,1.405721664428711,0.0,0.0,0.0,0.0,0.0,0.0,0.0,0.0,0,2,6,11,34688,0,0,123,1024,0,0,11,11,0,11,11,0,0,0,0,0,0,0,11.525220568285159,0.01976103782653804,11.520285938601528,0.01976103782653804,b1,0,3.482,7.833,1.692,3.482,7.842941871594883,1.692,0,0,0,0,0,0,0,0,1,0,0,0,2,2,46.27256818767171,0,11.525220568285159,0.01976103782653804,1,0,0,0,71,71,73.62042172648479,0,11.525220568285159,0.01976103782653804,1,0,0,0,71,71,100.96827526529786,0,11.525220568285159,0.01976103782653804,1,0,0,0,13,13,74.72664588103629,0,11.525220568285159,0.01976103782653804,1,0,0,0,32,32,109.94872357440086,0,11.525220568285159,0.01976103782653804,1,0,0,0,65,65,200.69687896113,0,11.525220568285159,0.01976103782653804,1,0,0,0,3,3,46.82187913891213,0,11.596922786617604,0.018403015668147393,1,0,0,0,3,3,46.474822393874696,0,11.525220568285159,0.01976103782653804,2,nuscenes_mf/v1.0-mini/mini_val/fcbccedd61424f1b85dcbf8f897f9754/e73ba8faf67d40c8b6b653489393ef8b,dev,60
22,ct_joint_full,0,0,0,0,0,0,0,0,0,-1.0,0,7.8602728843688965,3.4820001125335693,46.3091459082672,0,0,0,0,0.4998588562011719,0.9520358443260193,0,0,0,0,0,1,0,0,1,0,0,0.0,0.0,0.0,15.011404287235921,0.0,15.011461199121038,11.503162181888554,11.538122250571988,11.299320616494267,-2.335299887876552,0.035669814824792374,1,43.011317141145994,85.12832780140744,0,0,0,15.011404287235921,0.0,15.011461199121038,15.011404287235921,0.0,15.011461199121038,15.011404287235921,15.011404287235921,15.011404287235921,0.0,0,0,1,15.011404287235921,0.0,15.011461199121038,0.0,0.0,0.0,0.0,0.0,0.0,0.0,0.0,0.0,0.0,0.0,15.011404287235921,0.0,0.0,0.0,0.0,0.0,-0.09287946671247482,0.0005479277460835874,29.329326578086462,-8.354228958913817,0,0,0.0,1.2505414485931396,1.2505414485931396,0.0,0.0,0.0,0.0,0.0,0.0,0.0,0.0,0,2,22,26,34688,0,0,179,1024,0,0,2,2,0,2,2,0,0,0,0,0,0,0,11.538122250572018,0.02525384426116939,11.524752991723568,0.02525384426116939,b1,0,3.482,7.833,1.692,3.482,7.860273029796696,1.692,0,0,0,0,0,0,0,0,1,0,0,0,32,32,46.489872235056005,0,11.538122250572018,0.02525384426116939,1,0,0,0,118,118,73.96615606192127,0,11.538122250572018,0.02525384426116939,1,0,0,0,118,118,101.44243988878652,0,11.538122250572018,0.02525384426116939,1,0,0,0,42,42,75.00268744066076,0,11.538122250572018,0.02525384426116939,1,0,0,0,51,51,110.28350264587158,0,11.538122250572018,0.02525384426116939,1,0,0,0,88,88,201.14913305511135,0,11.538122250572018,0.02525384426116939,1,0,0,0,32,32,46.23712570232462,0,11.50316218231169,0.03215304087131776,1,0,0,0,32,32,46.529063162795566,0,11.538122250572018,0.02525384426116939,2,nuscenes_mf/v1.0-mini/mini_val/fcbccedd61424f1b85dcbf8f897f9754/e73ba8faf67d40c8b6b653489393ef8b,dev,60
23,ct_joint_full,0,0,0,0,0,5,5,0,0,-1.0,0,10.280965805053711,3.4820001125335693,60.570765487153245,0,0,0,0,0.49987316131591797,0.9999904632568359,0,0,0,0,0,1,0,0,1,0,1,5.0,5.0,3.0,14.806411082502905,0.0,14.80660755725392,19.070618936841665,17.517712797734088,-17.515477993863794,-0.2798909613048959,1.552935666154163,1,7.405541112234424,9.201492647747656,0,0,0,14.806411082502905,0.0,14.80660755725392,14.806411082502905,0.0,14.80660755725392,14.806411082502905,14.806411082502905,14.806411082502905,0.0,0,0,1,14.806411082502905,0.0,14.80660755725392,0.0,0.0,0.0,0.0,0.0,0.0,0.0,0.0,0.0,0.0,0.0,14.806411082502905,0.0,0.0,0.0,0.0,0.0,-0.7299154996871948,-0.01287419255822897,-8.96296797394925,-0.2559984753703189,0,1,0.0,5.777220726013184,2.8601441383361816,0.0,0.0,0.0,0.0,0.0,0.0,0.0,0.0,0,2,24,32,34752,0,0,247,1024,0,0,51,52,0,52,52,0,0,0,0,0,0,0,17.51771279773417,0.06633591502904901,16.29404920787794,0.06633591502904901,b1,0,3.482,7.833,1.692,3.482,10.280965955843813,1.692,5,5,0,0,0,0,0,0,1,0,0,0,114,114,76.7924460315071,0,17.51771279773417,0.06633591502904901,1,0,0,0,282,282,122.17805243310706,0,17.51771279773417,0.06633591502904901,1,0,0,0,284,284,167.563658834707,0,17.51771279773417,0.06633591502904901,1,0,0,0,166,166,113.49681091042699,0,17.51771279773417,0.06633591502904901,1,0,0,0,186,186,156.96917578974083,0,17.51771279773417,0.06633591502904901,1,0,0,0,324,324,264.2179055471867,0,17.51771279773417,0.06633591502904901,1,0,0,0,137,137,75.6431231287501,0,19.070618843239913,0.08392838535187463,1,0,0,0,117,117,80.87338262059713,0,17.51771279773417,0.06633591502904901,2,nuscenes_mf/v1.0-mini/mini_val/fcbccedd61424f1b85dcbf8f897f9754/e73ba8faf67d40c8b6b653489393ef8b,dev,60
24,ct_joint_full,0,0,0,0,0,0,0,0,0,-1.0,0,8.101973533630371,3.4820001125335693,47.733135990727455,0,0,0,0,0.5004467964172363,1.0011619329452515,0,0,0,0,0,1,0,0,1,0,0,0.0,0.0,0.0,18.949867291145097,0.0,18.950432450198356,14.101057393725394,15.13008312387776,15.025934301920962,1.77220858564153,1.0388679549638673,1,11.045989603918352,17.90958088859232,0,0,0,18.949867291145097,0.0,18.950432450198356,18.949867291145097,0.0,18.950432450198356,18.949867291145097,18.949867291145097,18.949867291145097,0.0,0,0,1,18.949867291145097,0.0,18.950432450198356,0.0,0.0,0.0,0.0,0.0,0.0,0.0,0.0,0.0,0.0,0.0,18.949867291145097,0.0,0.0,0.0,0.0,0.0,-0.45944881439208984,0.013273519463837147,6.186711993788938,1.4683683239262355,0,0,0.0,3.614320993423462,2.2395951747894287,0.0,0.0,0.0,0.0,0.0,0.0,0.0,0.0,0,2,47,49,34784,0,0,278,1024,0,0,49,49,0,49,49,0,0,0,0,0,0,0,15.1300831238778,0.101277194917202,14.997728948824312,0.101277194917202,b1,0,3.482,7.833,1.692,3.482,8.101973963198937,1.692,0,0,0,0,0,0,0,0,1,0,0,0,35,35,49.512328361716115,0,15.1300831238778,0.101277194917202,1,0,0,0,131,131,78.77493377644197,0,15.1300831238778,0.101277194917202,1,0,0,0,131,131,108.03753919116781,0,15.1300831238778,0.101277194917202,1,0,0,0,84,84,78.84223749576788,0,15.1300831238778,0.101277194917202,1,0,0,0,116,116,114.94014662981962,0,15.1300831238778,0.101277194917202,1,0,0,0,208,208,207.4399648967413,0,15.1300831238778,0.101277194917202,1,0,0,0,20,20,51.24300287975612,0,14.101057446934787,0.11041331821834754,1,0,0,0,35,35,51.47749000932709,0,15.1300831238778,0.101277194917202,2,nuscenes_mf/v1.0-mini/mini_val/fcbccedd61424f1b85dcbf8f897f9754/e73ba8faf67d40c8b6b653489393ef8b,dev,60
25,ct_joint_full,0,0,0,0,0,0,0,0,0,-1.0,0,10.754547119140625,3.4820001125335693,63.36089077874364,0,0,0,0,0.500432014465332,1.0005439519882202,0,0,0,0,0,1,0,0,1,0,1,0.0,0.0,0.0,18.748506519351146,0.0,18.748963556852246,23.572026876054043,21.88593540530189,-21.80385755716118,-1.8936620164148192,1.6908738306495896,1,10.749553556046331,15.928123702211069,0,0,0,18.748506519351146,0.0,18.748963556852246,18.748506519351146,0.0,18.748963556852246,18.748506519351146,18.748506519351146,18.748506519351146,0.0,0,0,1,18.748506519351146,0.0,18.748963556852246,0.0,0.0,0.0,0.0,0.0,0.0,0.0,0.0,0.0,0.0,0.0,18.748506519351146,0.0,0.0,0.0,0.0,0.0,-0.6587837934494019,-0.010551794432103634,-9.154126405795507,-1.3919863998008426,0,0,0.0,5.536453723907471,2.927466869354248,0.0,0.0,0.0,0.0,0.0,0.0,0.0,0.0,0,2,58,65,34688,0,0,132,1024,0,0,22,48,0,48,48,0,0,0,0,0,0,0,21.885935405301964,0.12135469764471063,20.431720536705598,0.12135469764471063,b1,0,3.482,7.833,1.692,3.482,10.754546988705343,1.692,0,0,0,0,0,0,0,0,1,0,0,0,40,40,82.72091752538176,0,21.885935405301964,0.12135469764471063,1,0,0,0,61,61,131.61034868695495,0,21.885935405301964,0.12135469764471063,1,0,0,0,62,62,180.4997798485281,0,21.885935405301964,0.12135469764471063,1,0,0,0,56,56,121.02789595150853,0,21.885935405301964,0.12135469764471063,1,0,0,0,71,71,166.10287437645343,0,21.885935405301964,0.12135469764471063,1,0,0,0,162,162,276.5568312298888,0,21.885935405301964,0.12135469764471063,1,0,0,0,20,20,80.25838516139045,0,23.572026973353953,0.1704446922943148,1,0,0,0,40,40,87.48924014527958,0,21.885935405301964,0.12135469764471063,2,nuscenes_mf/v1.0-mini/mini_val/fcbccedd61424f1b85dcbf8f897f9754/e73ba8faf67d40c8b6b653489393ef8b,dev,60
26,ct_joint_full,0,0,0,0,0,0,0,0,0,-1.0,0,8.20583724975586,3.4820001125335693,48.34505367544232,0,0,0,0,0.5999610424041748,1.1988685131072998,0,0,0,0,0,1,0,0,1,0,0,0.0,0.0,0.0,20.93783026393509,0.0,20.938162323320835,17.784046966157867,19.14644983921813,19.10583626960538,1.2464369760245706,1.367220422609922,1,16.35834069266816,28.530318761167923,0,0,0,20.93783026393509,0.0,20.938162323320835,20.93783026393509,0.0,20.938162323320835,20.93783026393509,20.93783026393509,20.93783026393509,0.0,0,0,1,20.93783026393509,0.0,20.938162323320835,0.0,0.0,0.0,0.0,0.0,0.0,0.0,0.0,0.0,0.0,0.0,20.93783026393509,0.0,0.0,0.0,0.0,0.0,-0.4554007351398468,0.013557287864387035,5.909260388122762,0.7970215488114061,0,1,0.0,3.5962512493133545,2.255314350128174,0.0,0.0,0.0,0.0,0.0,0.0,0.0,0.0,0,2,21,23,34720,0,0,108,1024,0,0,33,33,0,33,33,0,0,0,0,0,0,0,19.146449839218203,0.10591122955083843,18.961454208830908,0.10591122955083843,b1,0,3.482,7.833,1.692,3.482,8.205836948635785,1.692,0,0,0,0,0,0,0,0,1,0,0,0,39,39,50.811597037835966,0,19.146449839218203,0.10591122955083843,1,0,0,0,69,69,80.84209174104873,0,19.146449839218203,0.10591122955083843,1,0,0,0,71,71,110.87258644426149,0,19.146449839218203,0.10591122955083843,1,0,0,0,59,59,80.4927447877731,0,19.146449839218203,0.10591122955083843,1,0,0,0,82,82,116.94189253771023,0,19.146449839218203,0.10591122955083843,1,0,0,0,120,120,210.14418803719056,0,19.146449839218203,0.10591122955083843,1,0,0,0,58,58,52.90475234821654,0,17.784046983111157,0.11147718392274752,1,0,0,0,50,50,53.82364999910562,0,19.146449839218203,0.10591122955083843,2,nuscenes_mf/v1.0-mini/mini_val/fcbccedd61424f1b85dcbf8f897f9754/e73ba8faf67d40c8b6b653489393ef8b,dev,60
27,ct_joint_full,0,0,0,0,0,0,0,0,0,-1.0,0,8.68387508392334,3.4820001125335693,51.16143475251116,0,0,0,0,0.4003429412841797,0.7276362776756287,0,0,0,0,0,1,0,0,1,0,1,0.0,0.0,0.0,20.7935032757572,0.0,20.793897041450766,22.671702747185385,21.77160065923083,-21.531890949204712,-3.2218416937236722,0.9092084812701513,1,9.23331569549178,12.421210505897502,0,0,0,20.7935032757572,0.0,20.793897041450766,20.7935032757572,0.0,20.793897041450766,20.7935032757572,20.7935032757572,20.7935032757572,0.0,0,0,1,20.7935032757572,0.0,20.793897041450766,0.0,0.0,0.0,0.0,0.0,0.0,0.0,0.0,0.0,0.0,0.0,20.7935032757572,0.0,0.0,0.0,0.0,0.0,-0.7760664224624634,-0.005367784295231104,-19.155028253437152,-4.808465983445577,0,0,0.0,6.370686054229736,3.225226640701294,0.0,0.0,0.0,0.0,0.0,0.0,0.0,0.0,0,2,102,108,34752,0,0,46,1024,0,0,13,17,0,17,17,0,0,0,0,0,0,0,21.77160065923074,0.11792080551385875,21.351215642444227,0.11792080551385875,b1,0,3.482,7.833,1.692,3.482,8.683874992090203,1.692,0,0,0,0,0,0,0,0,1,0,0,0,12,12,56.79988974688388,0,21.77160065923074,0.11792080551385875,1,0,0,0,23,23,90.36956453818642,0,21.77160065923074,0.11792080551385875,1,0,0,0,23,23,123.93923932948896,0,21.77160065923074,0.11792080551385875,1,0,0,0,15,15,88.0997618301166,0,21.77160065923074,0.11792080551385875,1,0,0,0,17,17,126.16763391334933,0,21.77160065923074,0.11792080551385875,1,0,0,0,44,44,222.60737807902692,0,21.77160065923074,0.11792080551385875,1,0,0,0,9,9,57.74102505348074,0,22.671702768629853,0.12600162471920529,1,0,0,0,12,12,58.11066914363505,0,21.77160065923074,0.11792080551385875,2,nuscenes_mf/v1.0-mini/mini_val/fcbccedd61424f1b85dcbf8f897f9754/e73ba8faf67d40c8b6b653489393ef8b,dev,60
28,ct_joint_full,0,0,0,0,0,0,0,0,0,-1.0,0,7.852264881134033,3.4820001125335693,46.26196640245454,0,0,0,0,0.4998791217803955,0.9994544386863708,0,0,0,0,0,1,0,0,1,0,1,0.0,0.0,0.0,21.947306107091634,0.0,21.94766253947432,20.230026690054324,20.876478168660753,20.688542853034267,2.794913170036904,0.6539210119778223,1,19.08742093183889,34.007988555000104,0,0,0,21.947306107091634,0.0,21.94766253947432,21.947306107091634,0.0,21.94766253947432,21.947306107091634,21.947306107091634,21.947306107091634,0.0,0,0,1,21.947306107091634,0.0,21.94766253947432,0.0,0.0,0.0,0.0,0.0,0.0,0.0,0.0,0.0,0.0,0.0,21.947306107091634,0.0,0.0,0.0,0.0,0.0,-0.4762009084224701,0.012359716929495335,14.591302450083559,3.6232393998649988,0,0,0.0,3.6341116428375244,2.210153579711914,0.0,0.0,0.0,0.0,0.0,0.0,0.0,0.0,0,2,34,38,34720,0,0,17,1024,0,0,12,12,0,12,12,0,0,0,0,0,0,0,20.876478168660817,0.1279675409197807,20.88540446124581,0.1279675409197807,b1,0,3.482,7.833,1.692,3.482,7.852264942162295,1.692,0,0,0,0,0,0,0,0,1,0,0,0,10,10,46.3727744601136,0,20.876478168660817,0.1279675409197807,1,0,0,0,10,10,73.77985156419967,0,20.876478168660817,0.1279675409197807,1,0,0,0,10,10,101.18692866828573,0,20.876478168660817,0.1279675409197807,1,0,0,0,11,11,74.85418787516187,0,20.876478168660817,0.1279675409197807,1,0,0,0,13,13,110.10360129060408,0,20.876478168660817,0.1279675409197807,1,0,0,0,27,27,200.9064281199127,0,20.876478168660817,0.1279675409197807,1,0,0,0,10,10,50.50278534132609,0,20.23002669686881,0.14114642715487946,1,0,0,0,10,10,47.42116816822455,0,20.876478168660817,0.1279675409197807,2,nuscenes_mf/v1.0-mini/mini_val/fcbccedd61424f1b85dcbf8f897f9754/e73ba8faf67d40c8b6b653489393ef8b,dev,60
29,ct_joint_full,0,0,0,0,0,0,0,0,0,-1.0,0,8.3771390914917,3.4820001125335693,49.35428606469885,0,0,0,0,0.5009880065917969,1.1130321025848389,0,0,0,0,0,1,0,0,1,0,1,0.0,0.0,0.0,22.07227826173706,0.0,22.072686552287003,23.445967886328226,22.593265897810017,-22.593253448125985,-0.02373921576277188,0.8527020087407186,1,8.257437129425185,10.151262322281157,0,0,0,22.07227826173706,0.0,22.072686552287003,22.07227826173706,0.0,22.072686552287003,22.07227826173706,22.07227826173706,22.07227826173706,0.0,0,0,1,22.07227826173706,0.0,22.072686552287003,0.0,0.0,0.0,0.0,0.0,0.0,0.0,0.0,0.0,0.0,0.0,22.07227826173706,0.0,0.0,0.0,0.0,0.0,-0.8622346520423889,-0.0018645140808075666,-23.708084205394382,-0.04265377914762079,0,1,0.0,7.091200351715088,3.3971989154815674,0.0,0.0,0.0,0.0,0.0,0.0,0.0,0.0,0,2,44,45,34752,0,0,9,1024,0,0,5,5,0,5,5,0,0,0,0,0,0,0,22.59326589780998,0.12508232593536373,22.32119767102632,0.12508232593536373,b1,0,3.482,7.833,1.692,3.482,8.377139006822262,1.692,0,0,0,0,0,0,0,0,1,0,0,0,3,3,52.96013163407239,0,22.59326589780998,0.12508232593536373,1,0,0,0,3,3,84.26044583860693,0,22.59326589780998,0.12508232593536373,1,0,0,0,3,3,115.56076004314144,0,22.59326589780998,0.12508232593536373,1,0,0,0,4,4,83.2220202018963,0,22.59326589780998,0.12508232593536373,1,0,0,0,7,7,120.25190877090206,0,22.59326589780998,0.12508232593536373,1,0,0,0,15,15,214.61568590654988,0,22.59326589780998,0.12508232593536373,1,0,0,0,2,2,55.29834985068524,0,23.44596769325149,0.11788770895168033,1,0,0,0,3,3,54.3044411260893,0,22.59326589780998,0.12508232593536373,2,nuscenes_mf/v1.0-mini/mini_val/fcbccedd61424f1b85dcbf8f897f9754/e73ba8faf67d40c8b6b653489393ef8b,dev,60
30,ct_joint_full,0,0,0,0,0,0,0,0,0,-1.0,0,7.839606761932373,3.4820001125335693,46.187390532423414,0,0,0,0,0.4993109703063965,0.9977567791938782,0,0,0,0,0,1,0,0,1,0,1,0.0,0.0,0.0,22.222147056568335,0.0,22.22259320862576,21.844725968552638,22.074916854116548,22.074782241959646,0.0770943178440579,0.23028395191605835,1,86.05344333063034,170.0007241131955,0,0,0,22.222147056568335,0.0,22.22259320862576,22.222147056568335,0.0,22.22259320862576,22.222147056568335,22.222147056568335,22.222147056568335,0.0,0,0,1,22.222147056568335,0.0,22.22259320862576,0.0,0.0,0.0,0.0,0.0,0.0,0.0,0.0,0.0,0.0,0.0,22.222147056568335,0.0,0.0,0.0,0.0,0.0,-0.2589029371738434,0.010728097520768642,24.566893417376914,0.155621419027702,0,1,0.0,1.6930652856826782,1.6930652856826782,0.0,0.0,0.0,0.0,0.0,0.0,0.0,0.0,0,2,9,11,34720,0,0,7,1024,0,0,5,5,0,5,5,0,0,0,0,0,0,0,22.074916854116495,0.1342533871531486,22.076590350220076,0.1342533871531486,b1,0,3.482,7.833,1.692,3.482,7.8396068285648735,1.692,0,0,0,0,0,0,0,0,1,0,0,0,1,1,46.209433741416774,0,22.074916854116495,0.1342533871531486,1,0,0,0,1,1,73.51997377771512,0,22.074916854116495,0.1342533871531486,1,0,0,0,1,1,100.83051381401346,0,22.074916854116495,0.1342533871531486,1,0,0,0,2,2,74.64676528820301,0,22.074916854116495,0.1342533871531486,1,0,0,0,4,4,109.85209683498924,0,22.074916854116495,0.1342533871531486,1,0,0,0,10,10,200.56675992895566,0,22.074916854116495,0.1342533871531486,1,0,0,0,2,2,47.81915298138938,0,21.844725982345267,0.14639258069424654,1,0,0,0,2,2,46.64066481803669,0,22.074916854116495,0.1342533871531486,2,nuscenes_mf/v1.0-mini/mini_val/fcbccedd61424f1b85dcbf8f897f9754/e73ba8faf67d40c8b6b653489393ef8b,dev,60
1,ct_joint_full,0,3,0,0,0,0,0,0,3,-1.0,0,0.0,0.0,0.0,0,0,0,0,0.4993109703063965,1.0,0,0,0,0,0,0,0,0,0,0,1,0.0,0.0,0.0,0.11484506156230137,0.828034122935129,0.13008033039596237,0.10344563789732766,0.10344563789732766,0.0,0.0,0.0,0,0.0,0.0,0,0,0,0.11484506156230137,0.828034122935129,0.13008033039596237,0.11484506156230137,0.828034122935129,0.13008033039596237,0.11484506156230137,0.11484506156230137,0.11484506156230137,0.0,0,0,1,0.11484506156230137,0.828034122935129,0.13008033039596237,0.0,0.0,0.0,0.0,0.0,0.0,0.0,0.0,0.0,0.0,0.0,0.11484506156230137,0.828034122935129,0.0,0.0,0.0,0.0,-0.0,0.0,0.15158713836918553,0.31446060075621035,1,1,0.0,1.6240267753601074,1.6240267753601074,0.0,0.0,0.0,0.0,0.0,0.0,0.0,0.0,0,2,3,3,34720,3,304,10,1024,0,0,0,0,0,0,0,0,0,0,0,0,0,0,0.0,0.0,0.0,0.0,base_only,0,0.0,0.0,0.0,0.0,0.0,0.0,0,0,0,0,0,0,0,0,0,0,0,0,0,0,0.0,0,0.0,0.0,0,0,0,0,0,0,0.0,0,0.0,0.0,0,0,0,0,0,0,0.0,0,0.0,0.0,0,0,0,0,0,0,0.0,0,0.0,0.0,0,0,0,0,0,0,0.0,0,0.0,0.0,0,0,0,0,0,0,0.0,0,0.0,0.0,0,0,0,0,0,0,0.0,0,0.0,0.0,0,0,0,0,0,0,0.0,0,0.0,0.0,3,nuscenes_mf/v1.0-mini/mini_val/fcbccedd61424f1b85dcbf8f897f9754/71cb36c9a35343b7961454d5c3695a9f,dev,60
2,ct_joint_full,0,1,1,0,0,0,0,1,1,-1.0,0,9.121745109558105,3.927999973297119,54.64107632956135,0,0,0,0,0.5004231929779053,1.0010950565338135,0,0,0,0,0,1,0,0,1,0,1,0.0,0.0,0.0,0.2421162242257189,0.7235206897229585,0.27799274374996763,0.24798790293071413,0.5353653677648057,0.5335894300959667,0.04357059893789782,0.28974463881588064,1,2.6964469229060097,0.019520337358650264,1,1,1,0.2421162242257189,0.7235206897229585,0.27799274374996763,0.2421162242257189,0.7235206897229585,0.27799274374996763,0.2421162242257189,0.2421162242257189,0.2421162242257189,0.0,0,0,1,0.2421162242257189,0.7235206897229585,0.27799274374996763,0.0,0.0,0.0,0.0,0.0,0.0,0.0,0.0,0.0,0.0,0.0,0.2421162242257189,0.7235206897229585,0.0,0.0,0.0,0.0,-0.7724234461784363,0.005628303624689579,0.6500803997242331,0.16403027733230496,1,1,0.0,3.8318333625793457,3.8318333625793457,0.0,0.0,0.0,0.0,0.0,0.0,0.0,0.0,0,2,1,1,34784,1,80,13,1024,1,1,1,1,1,1,0,0,0,0,1,1,1,1,0.5353653677648129,0.15,0.39124039869417565,0.15,b1,0,3.928,8.832,1.525,3.928,9.12174463881588,1.525,0,0,0,0,0,0,0,0,1,0,0,0,0,0,56.59230317743495,0,0.5353653677648129,0.15,1,0,0,0,0,0,93.70201017903163,0,0.5353653677648129,0.15,1,0,0,0,0,0,130.81171718062834,0,0.5353653677648129,0.15,1,0,0,0,0,0,85.97521801789989,0,0.5353653677648129,0.15,1,1,1,1,14,13,121.45813285978511,0,0.5353653677648129,0.15,1,1,1,1,25,24,210.72396254142512,0,0.5353653677648129,0.15,1,0,0,0,0,0,52.90544640081934,0,0.24798790293071407,0.15,1,0,0,0,0,0,56.59230317743495,0,0.5353653677648129,0.15,4,nuscenes_mf/v1.0-mini/mini_val/fcbccedd61424f1b85dcbf8f897f9754/d0f5aace57684923b8a44b554b006fb2,dev,60
3,ct_joint_full,0,9,3,0,0,0,0,1,9,-1.0,0,8.852018356323242,3.927999973297119,53.025359168577786,0,0,0,0,0.5004379749298096,1.0005768537521362,0,0,0,0,0,1,0,0,1,0,1,0.0,0.0,0.0,0.35624187239746324,0.5501101303047806,0.4793954403824358,0.3591215659837494,0.3728101330951988,0.14398303903148074,0.3438841283872623,0.04116055458493874,1,0.7733679183087027,0.06629831945126756,1,1,1,0.35624187239746324,0.5501101303047806,0.4793954403824358,0.35624187239746324,0.5501101303047806,0.4793954403824358,0.35624187239746324,0.35624187239746324,0.35624187239746324,0.0,0,0,1,0.35624187239746324,0.5501101303047806,0.4793954403824358,0.0,0.0,0.0,0.0,0.0,0.0,0.0,0.0,0.0,0.0,0.0,0.35624187239746324,0.5501101303047806,0.0,0.0,0.0,0.0,-0.10730907320976257,0.0007257632678374648,0.2680715376761256,1.2319891581264568,1,0,0.0,1.4478929042816162,1.4478929042816162,0.0,0.0,0.0,0.0,0.0,0.0,0.0,0.0,0,2,6,9,34720,9,657,14,1024,3,3,3,3,3,3,0,9,9,0,1,1,1,1,0.3728101330952144,0.3286005107760429,0.36915454755113125,0.3286005107760429,b1,0,3.928,8.832,1.525,3.928,8.852018721221693,1.525,0,0,0,0,0,0,0,0,1,9,9,1,14,5,53.16016970891505,0,0.3728101330952144,0.3286005107760429,1,9,9,1,14,5,88.01929738689213,0,0.3728101330952144,0.3286005107760429,1,9,9,1,14,5,122.87842506486922,0,0.3728101330952144,0.3286005107760429,1,9,9,1,18,9,81.72042524508433,0,0.3728101330952144,0.3286005107760429,1,9,9,1,41,32,116.3806807769928,0,0.3728101330952144,0.3286005107760429,1,9,9,1,86,77,204.0011918479111,0,0.3728101330952144,0.3286005107760429,1,9,9,1,14,5,53.18815464687829,0,0.3591215660987001,0.311848722223205,1,9,9,1,14,5,53.31623097924345,0,0.3728101330952144,0.3286005107760429,4,nuscenes_mf/v1.0-mini/mini_val/fcbccedd61424f1b85dcbf8f897f9754/d0f5aace57684923b8a44b554b006fb2,dev,60
4,ct_joint_full,0,14,4,0,0,0,0,1,14,-1.0,0,8.836068153381348,3.927999973297119,52.92981426505852,0,0,0,0,0.5004358291625977,1.0000104904174805,0,0,0,0,0,1,0,0,1,0,1,0.0,0.0,0.0,0.49913542512734244,0.40413419320363314,0.7103089282208591,0.4714003382088642,0.4815031208491707,0.15292953331448503,-0.45657179225970024,0.03494145212675561,1,0.5040923967414201,0.15103233147722492,1,1,1,0.49913542512734244,0.40413419320363314,0.7103089282208591,0.49913542512734244,0.40413419320363314,0.7103089282208591,0.49913542512734244,0.49913542512734244,0.49913542512734244,0.0,0,0,1,0.49913542512734244,0.40413419320363314,0.7103089282208591,0.0,0.0,0.0,0.0,0.0,0.0,0.0,0.0,0.0,0.0,0.0,0.49913542512734244,0.40413419320363314,0.0,0.0,0.0,0.0,-0.08888039737939835,0.0006201151409186423,0.3001306626018691,-1.6066149533884242,1,0,0.0,1.2389795780181885,1.2389795780181885,0.0,0.0,0.0,0.0,0.0,0.0,0.0,0.0,0,2,14,14,34688,14,242,59,1024,4,4,4,4,4,4,0,14,14,0,1,1,1,1,0.4815031208491159,0.5117985607981682,0.4807779846870103,0.5117985607981682,b1,0,3.928,8.832,1.525,3.928,8.836067732014419,1.525,0,0,0,0,0,0,0,0,1,14,14,1,35,21,52.95718096363125,0,0.4815031208491159,0.5117985607981682,1,14,14,1,35,21,87.68320126765174,0,0.4815031208491159,0.5117985607981682,1,14,14,1,35,21,122.40922157167223,0,0.4815031208491159,0.5117985607981682,1,14,14,1,52,38,81.4687817268772,0,0.4815031208491159,0.5117985607981682,1,14,14,1,60,46,116.08038248941301,0,0.4815031208491159,0.5117985607981682,1,14,14,1,103,89,203.60358401448465,0,0.4815031208491159,0.5117985607981682,1,14,14,1,35,21,54.11221380693782,0,0.4714003373750863,0.5053961367041967,1,14,14,1,35,21,53.97833815439448,0,0.4815031208491159,0.5117985607981682,4,nuscenes_mf/v1.0-mini/mini_val/fcbccedd61424f1b85dcbf8f897f9754/d0f5aace57684923b8a44b554b006fb2,dev,60
5,ct_joint_full,0,20,14,0,0,0,0,1,20,-1.0,0,8.838913917541504,3.927999973297119,52.946860961148296,0,0,0,0,0.49986720085144043,0.9988616108894348,0,0,0,0,0,1,0,0,1,0,1,0.0,0.0,0.0,1.8859842138528373,0.23136227051180308,1.970914988493962,0.51403443358168,0.4810968296647342,-0.48109110520943354,0.0023506255332108273,0.03293780840364837,1,0.4345409385671685,0.16257306184579337,1,1,1,1.8859842138528373,0.23136227051180308,1.970914988493962,1.8859842138528373,0.23136227051180308,1.970914988493962,1.8859842138528373,1.8859842138528373,1.8859842138528373,0.0,0,0,1,1.8859842138528373,0.23136227051180308,1.970914988493962,0.0,0.0,0.0,0.0,0.0,0.0,0.0,0.0,0.0,0.0,0.0,1.8859842138528373,0.23136227051180308,0.0,0.0,0.0,0.0,-0.0842079445719719,0.0009923618054017425,-1.3141976218038667,0.00929658485789501,0,1,0.0,1.1931861639022827,1.1931861639022827,0.0,0.0,0.0,0.0,0.0,0.0,0.0,0.0,0,2,11,20,34688,20,420,48,1024,14,14,17,17,14,17,3,6,0,6,1,1,1,1,0.4810968296648078,0.5723737239837646,0.48455161453394296,0.5723737239837646,b1,0,3.928,8.832,1.525,3.928,8.83891395680379,1.525,0,0,0,0,0,0,0,0,1,6,0,0,11,11,52.993385291076265,0,0.4810968296648078,0.5723737239837646,1,6,6,1,17,11,87.74314613768365,0,0.4810968296648078,0.5723737239837646,1,6,6,1,17,11,122.49290698429104,0,0.4810968296648078,0.5723737239837646,1,7,1,1,40,39,81.51366415296215,0,0.4810968296648078,0.5723737239837646,1,18,12,1,87,75,116.1339430162683,0,0.4810968296648078,0.5723737239837646,1,20,14,1,154,140,203.67450074146035,0,0.4810968296648078,0.5723737239837646,1,6,0,0,13,13,54.12233898520666,0,0.5140344335803829,0.5662996747653259,1,6,0,0,11,11,54.0507559285974,0,0.4810968296648078,0.5723737239837646,4,nuscenes_mf/v1.0-mini/mini_val/fcbccedd61424f1b85dcbf8f897f9754/d0f5aace57684923b8a44b554b006fb2,dev,60
6,ct_joint_full,0,55,47,0,0,2,2,1,55,-1.0,0,9.658424377441406,3.927999973297119,57.85589240792085,0,0,0,0,0.4998908042907715,0.9994787573814392,0,0,0,0,0,1,0,0,1,0,0,2.0,2.0,2.0,1.5330307106347938,0.2453235662372199,1.657469154415103,3.6270089826565917,2.700584402321204,-2.698826463934925,-0.09742801671446231,0.9267646298673959,1,3.250951834643574,0.14275373642581982,1,1,1,1.5330307106347938,0.2453235662372199,1.657469154415103,1.5330307106347938,0.2453235662372199,1.657469154415103,1.5330307106347938,1.5330307106347938,1.5330307106347938,0.0,0,0,1,1.5330307106347938,0.2453235662372199,1.657469154415103,0.0,0.0,0.0,0.0,0.0,0.0,0.0,0.0,0.0,0.0,0.0,1.5330307106347938,0.2453235662372199,0.0,0.0,0.0,0.0,-0.8673277497291565,-0.006988368928432465,-3.3930962590853366,-0.16368656438466878,0,1,0.0,7.1641998291015625,3.3550899028778076,0.0,0.0,0.0,0.0,0.0,0.0,0.0,0.0,0,2,48,55,34720,55,519,109,1024,20,47,48,75,47,75,28,5,5,0,0,0,0,0,2.7005844023211876,0.6393368212580681,2.287788981250162,0.6393368212580681,b1,0,3.928,8.832,1.525,3.928,9.658424482962488,1.525,2,2,0,0,0,0,0,0,1,5,5,1,30,25,63.42129045181209,0,2.7005844023211876,0.6393368212580681,1,5,5,1,30,25,105.00902189562329,0,2.7005844023211876,0.6393368212580681,1,5,5,1,30,25,146.5967533394345,0,2.7005844023211876,0.6393368212580681,1,12,12,1,72,60,94.44106770473299,0,2.7005844023211876,0.6393368212580681,1,13,13,1,140,127,131.56084496049442,0,2.7005844023211876,0.6393368212580681,1,28,20,1,216,196,224.10039946704637,0,2.7005844023211876,0.6393368212580681,1,4,4,1,12,8,65.68917831465711,0,3.627009102972914,0.6408943190161797,1,5,5,1,30,25,65.89479867307561,0,2.7005844023211876,0.6393368212580681,4,nuscenes_mf/v1.0-mini/mini_val/fcbccedd61424f1b85dcbf8f897f9754/d0f5aace57684923b8a44b554b006fb2,dev,60
7,ct_joint_full,0,141,117,0,0,0,0,1,141,-1.0,0,8.839608192443848,3.927999973297119,52.951019806575026,0,0,0,0,0.4993271827697754,0.9988961219787598,0,0,0,0,0,1,0,0,1,0,0,0.0,0.0,0.0,2.996210629502346,0.1128700907171902,3.075695644926337,0.7441446441350402,1.5228472350589237,1.5226753689610684,0.02287923352378055,0.779185137455101,1,2.5437237154510415,0.10682764273222221,1,1,1,2.996210629502346,0.1128700907171902,3.075695644926337,2.996210629502346,0.1128700907171902,3.075695644926337,2.996210629502346,2.996210629502346,2.996210629502346,0.0,0,0,1,2.996210629502346,0.1128700907171902,3.075695644926337,0.0,0.0,0.0,0.0,0.0,0.0,0.0,0.0,0.0,0.0,0.0,2.996210629502346,0.1128700907171902,0.0,0.0,0.0,0.0,-0.6243264675140381,0.0104847252368927,0.5957816558970219,0.04264218322063949,1,1,0.0,4.660412311553955,2.58882999420166,0.0,0.0,0.0,0.0,0.0,0.0,0.0,0.0,0,2,100,141,34720,141,446,306,1024,117,117,164,165,117,165,48,43,40,3,1,1,1,1,1.522847235058926,0.6960958959460258,1.5221604073027368,0.6960958959460258,b1,0,3.928,8.832,1.525,3.928,8.839607969784279,1.525,0,0,0,0,0,0,0,0,1,43,40,1,92,52,52.961088193929754,0,1.522847235058926,0.6960958959460258,1,43,43,1,95,52,87.68967061617877,0,1.522847235058926,0.6960958959460258,1,43,43,1,95,52,122.41825303842779,0,1.522847235058926,0.6960958959460258,1,54,47,1,161,114,81.47417035878169,0,1.522847235058926,0.6960958959460258,1,82,64,1,271,207,116.08725252576404,0,1.522847235058926,0.6960958959460258,1,141,117,1,552,435,203.61341685617808,0,1.522847235058926,0.6960958959460258,1,66,59,1,153,94,58.53508347354206,0,0.7441446992319319,0.6845695160571539,1,66,59,1,118,59,55.05738607278133,0,1.522847235058926,0.6960958959460258,4,nuscenes_mf/v1.0-mini/mini_val/fcbccedd61424f1b85dcbf8f897f9754/d0f5aace57684923b8a44b554b006fb2,dev,60
8,ct_joint_full,0,274,145,0,0,0,0,1,274,-1.0,0,9.717158317565918,3.927999973297119,58.20772044816246,0,0,0,0,0.49986886978149414,1.00052011013031,0,0,0,0,0,1,0,0,1,0,0,0.0,0.0,0.0,2.619562229109182,0.13387913732445827,2.716106498740274,4.849988116000751,3.8039682701527444,-3.803957233925698,0.009188863715237054,1.046029334724523,1,3.296852489143855,0.3142519391183985,1,1,1,2.619562229109182,0.13387913732445827,2.716106498740274,2.619562229109182,0.13387913732445827,2.716106498740274,2.619562229109182,2.619562229109182,2.619562229109182,0.0,0,0,1,2.619562229109182,0.13387913732445827,2.716106498740274,0.0,0.0,0.0,0.0,0.0,0.0,0.0,0.0,0.0,0.0,0.0,2.619562229109182,0.13387913732445827,0.0,0.0,0.0,0.0,-0.8145370483398438,-0.003432206343859434,-3.7766650210755555,0.009162259858684171,0,1,0.0,6.785809516906738,3.403801441192627,0.0,0.0,0.0,0.0,0.0,0.0,0.0,0.0,0,2,255,333,34720,274,535,518,1024,103,145,178,227,145,227,82,30,23,7,0,0,0,0,3.803968270152723,0.7287125764489174,3.3613892806927423,0.7287125764489174,b1,0,3.928,8.832,1.525,3.928,9.717158064520518,1.525,0,0,0,0,0,0,0,0,1,30,23,1,139,116,64.16870485444088,0,3.803968270152723,0.7287125764489174,1,30,30,1,148,118,106.24654410325456,0,3.803968270152723,0.7287125764489174,1,30,30,1,149,119,148.32438335206825,0,3.803968270152723,0.7287125764489174,1,67,46,1,270,224,95.36763154801446,0,3.803968270152723,0.7287125764489174,1,95,69,1,469,400,132.6665582444286,0,3.803968270152723,0.7287125764489174,1,160,103,1,807,704,225.5644116344163,0,3.803968270152723,0.7287125764489174,1,14,12,1,152,140,67.50574758163874,0,4.849988024715854,0.7292927027498749,1,30,23,1,163,140,67.52907139533731,0,3.803968270152723,0.7287125764489174,4,nuscenes_mf/v1.0-mini/mini_val/fcbccedd61424f1b85dcbf8f897f9754/d0f5aace57684923b8a44b554b006fb2,dev,60
9,ct_joint_full,0,597,351,0,0,0,0,1,597,-1.0,0,8.854301452636719,3.927999973297119,53.039035371807984,0,0,0,0,0.49987006187438965,1.000544548034668,0,0,0,0,0,1,0,0,1,0,0,0.0,0.0,0.0,2.9136554478577135,0.10902985708017131,3.0075860662547975,1.798917399230483,2.521000705402692,2.5202067592526785,0.0632667037298971,0.7227276453410338,1,2.5151139508500444,0.3482264301806185,1,1,1,2.9136554478577135,0.10902985708017131,3.0075860662547975,2.9136554478577135,0.10902985708017131,3.0075860662547975,2.9136554478577135,2.9136554478577135,2.9136554478577135,0.0,0,0,1,2.9136554478577135,0.10902985708017131,3.0075860662547975,0.0,0.0,0.0,0.0,0.0,0.0,0.0,0.0,0.0,0.0,0.0,2.9136554478577135,0.10902985708017131,0.0,0.0,0.0,0.0,-0.5722917318344116,0.010626434348523617,1.4234448247741232,0.09863199154863457,0,1,0.0,4.274921417236328,2.430835723876953,0.0,0.0,0.0,0.0,0.0,0.0,0.0,0.0,0,2,463,636,34688,597,485,1266,1024,351,351,571,570,351,571,220,180,122,58,0,0,0,0,2.521000705402722,0.7507243484258652,2.5315720799676686,0.7507243484258652,b1,0,3.928,8.832,1.525,3.928,8.854301833526737,1.525,0,0,0,0,0,0,0,0,1,180,122,1,473,351,53.180142302752934,0,2.521000705402722,0.7507243484258652,1,180,174,1,525,351,88.05236676357454,0,2.521000705402722,0.7507243484258652,1,180,180,1,531,351,122.92459122439614,0,2.521000705402722,0.7507243484258652,1,257,169,1,823,654,81.7453053738689,0,2.521000705402722,0.7507243484258652,1,319,209,1,1439,1230,116.41046844711526,0,2.521000705402722,0.7507243484258652,1,452,305,1,2470,2165,204.04079459218772,0,2.521000705402722,0.7507243484258652,1,284,196,1,635,439,58.31166688600829,0,1.7989173774010307,0.7373339292203307,1,282,196,1,573,377,55.106020777873354,0,2.521000705402722,0.7507243484258652,4,nuscenes_mf/v1.0-mini/mini_val/fcbccedd61424f1b85dcbf8f897f9754/d0f5aace57684923b8a44b554b006fb2,dev,60
10,ct_joint_full,0,831,513,0,0,0,0,1,831,-1.0,0,8.862598419189453,3.927999973297119,53.08873585973729,0,0,0,0,0.4998760223388672,1.0000131130218506,0,0,0,0,0,1,0,0,1,0,0,0.0,0.0,0.0,2.5316641779970723,0.1263311041319139,2.6472404147585613,3.3754681740105608,2.8057029969975398,-2.804866399141713,0.06851599535125281,0.5698545673064189,1,2.862058308940623,0.24554806395668555,1,1,1,2.5316641779970723,0.1263311041319139,2.6472404147585613,2.5316641779970723,0.1263311041319139,2.6472404147585613,2.5316641779970723,2.5316641779970723,2.5316641779970723,0.0,0,0,1,2.5316641779970723,0.1263311041319139,2.6472404147585613,0.0,0.0,0.0,0.0,0.0,0.0,0.0,0.0,0.0,0.0,0.0,2.5316641779970723,0.1263311041319139,0.0,0.0,0.0,0.0,-0.8022459745407104,0.006429578177630901,-4.751009179066682,0.1612139461412272,0,1,0.0,5.667628765106201,2.7305781841278076,0.0,0.0,0.0,0.0,0.0,0.0,0.0,0.0,0,2,655,879,34688,831,409,2073,1024,513,513,957,957,513,957,444,254,170,84,0,0,0,0,2.8057029969975287,0.7787787051796914,2.8209660844458044,0.7787787051796914,b1,0,3.928,8.832,1.525,3.928,8.862598018910953,1.525,0,0,0,0,0,0,0,0,1,254,170,1,1041,871,53.29390061958693,0,2.8057029969975287,0.7787787051796914,1,254,246,1,1117,871,88.24072069800458,0,2.8057029969975287,0.7787787051796914,1,254,254,1,1125,871,123.18754077642224,0,2.8057029969975287,0.7787787051796914,1,349,236,1,1619,1383,81.8862222834141,0,2.8057029969975287,0.7787787051796914,1,454,298,1,2292,1994,116.57854394653113,0,2.8057029969975287,0.7787787051796914,1,675,457,1,3679,3222,204.26318727347532,0,2.8057029969975287,0.7787787051796914,1,202,134,1,1024,890,56.94819861483115,0,3.3754681526553134,0.7753436935346592,1,254,170,1,1045,875,54.796123269419944,0,2.8057029969975287,0.7787787051796914,4,nuscenes_mf/v1.0-mini/mini_val/fcbccedd61424f1b85dcbf8f897f9754/d0f5aace57684923b8a44b554b006fb2,dev,60
11,ct_joint_full,0,875,547,0,0,0,0,1,875,-1.0,0,8.923837661743164,3.927999973297119,53.45557116225365,0,0,0,0,0.3992588520050049,0.7987205386161804,0,0,0,0,0,1,0,0,1,0,0,0.0,0.0,0.0,2.8912512752382433,0.10405438275922024,2.995146734448092,2.138555554252085,2.5814343011002894,2.5793826408986957,-0.1029007422277299,0.44317838521096753,1,2.577405340266007,0.29522742190316886,1,1,1,2.8912512752382433,0.10405438275922024,2.995146734448092,2.8912512752382433,0.10405438275922024,2.995146734448092,2.8912512752382433,2.8912512752382433,2.8912512752382433,0.0,0,0,1,2.8912512752382433,0.10405438275922024,2.995146734448092,0.0,0.0,0.0,0.0,0.0,0.0,0.0,0.0,0.0,0.0,0.0,2.8912512752382433,0.10405438275922024,0.0,0.0,0.0,0.0,-0.714752197265625,0.007183010224252939,3.4453271429366654,-0.2533268217063462,0,1,0.0,4.762240409851074,2.384700298309326,0.0,0.0,0.0,0.0,0.0,0.0,0.0,0.0,0,2,699,894,34688,875,338,2461,1024,541,547,1129,1136,547,1137,590,438,291,147,0,0,0,0,2.5814343011003307,0.7866654983758926,2.5355174626381647,0.7866654983758926,b1,0,3.928,8.832,1.525,3.928,8.92383744098335,1.525,0,0,0,0,0,0,0,0,1,438,291,1,1845,1554,54.07374587584054,0,2.5814343011003307,0.7866654983758926,1,438,409,1,1963,1554,89.53193989278516,0,2.5814343011003307,0.7866654983758926,1,438,438,1,1992,1554,124.99013390972978,0,2.5814343011003307,0.7866654983758926,1,554,359,1,2385,2026,82.85298321717418,0,2.5814343011003307,0.7866654983758926,1,657,420,1,3039,2619,117.73222055708756,0,2.5814343011003307,0.7866654983758926,1,795,509,1,4196,3687,205.79069524046497,0,2.5814343011003307,0.7866654983758926,1,493,329,1,1937,1608,55.34671056830703,0,2.1385555700370045,0.7825547846546306,1,475,323,1,1886,1563,54.779505464905895,0,2.5814343011003307,0.7866654983758926,4,nuscenes_mf/v1.0-mini/mini_val/fcbccedd61424f1b85dcbf8f897f9754/d0f5aace57684923b8a44b554b006fb2,dev,60
12,ct_joint_full,0,712,427,0,0,0,0,1,712,-1.0,0,8.882461547851562,3.927999973297119,53.20771997038,0,0,0,0,0.4998741149902344,1.1119002103805542,0,0,0,0,0,1,0,0,1,0,0,0.0,0.0,0.0,2.5771427579153183,0.12206640752240412,2.695140927411585,3.577408607360338,2.9003061799242293,-2.8998011276794373,0.054124708376521925,0.6771602156680014,1,3.1726412073627115,0.18320546465218068,1,1,1,2.5771427579153183,0.12206640752240412,2.695140927411585,2.5771427579153183,0.12206640752240412,2.695140927411585,2.5771427579153183,2.5771427579153183,2.5771427579153183,0.0,0,0,1,2.5771427579153183,0.12206640752240412,2.695140927411585,0.0,0.0,0.0,0.0,0.0,0.0,0.0,0.0,0.0,0.0,0.0,2.5771427579153183,0.12206640752240412,0.0,0.0,0.0,0.0,-0.8694151639938354,0.005896793212741613,-4.592541148971131,0.11938294912502517,0,1,0.0,6.780093669891357,3.212493658065796,0.0,0.0,0.0,0.0,0.0,0.0,0.0,0.0,0,2,557,727,34720,712,284,2489,1024,424,427,1112,1117,427,1117,690,344,223,121,0,0,0,0,2.9003061799243017,0.794029426753521,2.8751458284174425,0.794029426753521,b1,0,3.928,8.832,1.525,3.928,8.882461614542969,1.525,0,0,0,0,0,0,0,0,1,344,223,1,1981,1758,53.54702208033996,0,2.9003061799243017,0.794029426753521,1,344,329,1,2087,1758,88.6598234444973,0,2.9003061799243017,0.794029426753521,1,344,344,1,2102,1758,123.77262480865465,0,2.9003061799243017,0.794029426753521,1,426,271,1,2540,2269,82.2000103983446,0,2.9003061799243017,0.794029426753521,1,511,314,1,3073,2759,116.95299871634924,0,2.9003061799243017,0.794029426753521,1,636,388,1,3807,3419,204.75897535235853,0,2.9003061799243017,0.794029426753521,1,283,192,1,2079,1887,58.25823399171495,0,3.5774086417917066,0.7880329056954122,1,344,223,1,2006,1783,55.43260913614098,0,2.9003061799243017,0.794029426753521,4,nuscenes_mf/v1.0-mini/mini_val/fcbccedd61424f1b85dcbf8f897f9754/d0f5aace57684923b8a44b554b006fb2,dev,60
13,ct_joint_full,0,619,389,0,0,0,0,1,619,-1.0,0,8.876503944396973,3.927999973297119,53.17203273496685,0,0,0,0,0.49988603591918945,1.1119290590286255,0,0,0,0,0,1,0,0,1,0,0,0.0,0.0,0.0,2.930280503028328,0.1020550304792074,3.036645996950217,2.0476090273670327,2.5802429299925196,2.573828303608259,-0.18183000664970517,0.5340321174949175,1,2.5808136188954185,0.30376428841949843,1,1,1,2.930280503028328,0.1020550304792074,3.036645996950217,2.930280503028328,0.1020550304792074,3.036645996950217,2.930280503028328,2.930280503028328,2.930280503028328,0.0,0,0,1,2.930280503028328,0.1020550304792074,3.036645996950217,0.0,0.0,0.0,0.0,0.0,0.0,0.0,0.0,0.0,0.0,0.0,2.930280503028328,0.1020550304792074,0.0,0.0,0.0,0.0,-0.6996849775314331,0.006904570385813713,2.6725880538380564,-0.3806989453352338,0,1,0.0,4.714439868927002,2.4068078994750977,0.0,0.0,0.0,0.0,0.0,0.0,0.0,0.0,0,2,473,626,34688,619,282,2326,1024,386,389,1050,1054,389,1054,665,368,229,139,0,0,0,0,2.5802429299925085,0.8017457283139229,2.55799094352305,0.8017457283139229,b1,0,3.928,8.832,1.525,3.928,8.87650409336328,1.525,0,0,0,0,0,0,0,0,1,368,229,1,1779,1550,53.470948357053565,0,2.5802429299925085,0.8017457283139229,1,368,346,1,1896,1550,88.53386531249852,0,2.5802429299925085,0.8017457283139229,1,368,368,1,1918,1550,123.59678226794348,0,2.5802429299925085,0.8017457283139229,1,447,272,1,2344,2072,82.10570585255044,0,2.5802429299925085,0.8017457283139229,1,496,309,1,2831,2522,116.84046334875747,0,2.5802429299925085,0.8017457283139229,1,583,373,1,3638,3265,204.60997833975125,0,2.5802429299925085,0.8017457283139229,1,409,255,1,1758,1503,56.51642422997792,0,2.0476090214648837,0.7966066490250738,1,374,230,1,1780,1550,54.7396983362875,0,2.5802429299925085,0.8017457283139229,4,nuscenes_mf/v1.0-mini/mini_val/fcbccedd61424f1b85dcbf8f897f9754/d0f5aace57684923b8a44b554b006fb2,dev,60
14,ct_joint_full,0,525,323,0,0,0,0,1,525,-1.0,0,8.85268783569336,3.927999973297119,53.029369483810704,0,0,0,0,0.4998509883880615,0.9999418258666992,0,0,0,0,0,1,0,0,1,0,0,0.0,0.0,0.0,2.6181620719538072,0.11768952983318459,2.7401467826592536,3.4507792355528286,2.868433724561514,-2.8641329878448634,0.15701685474780014,0.5829513079605317,1,2.9332808413350677,0.23780349060775746,1,1,1,2.6181620719538072,0.11768952983318459,2.7401467826592536,2.6181620719538072,0.11768952983318459,2.7401467826592536,2.6181620719538072,2.6181620719538072,2.6181620719538072,0.0,0,0,1,2.6181620719538072,0.11768952983318459,2.7401467826592536,0.0,0.0,0.0,0.0,0.0,0.0,0.0,0.0,0.0,0.0,0.0,2.6181620719538072,0.11768952983318459,0.0,0.0,0.0,0.0,-0.8216608166694641,0.006269685924053192,-4.858657515851405,0.36132516141635646,0,1,0.0,5.9119367599487305,2.8218865394592285,0.0,0.0,0.0,0.0,0.0,0.0,0.0,0.0,0,2,409,532,34720,525,238,2210,1024,323,323,989,993,323,993,670,282,195,87,0,0,0,0,2.868433724561506,0.8086649762392044,2.878744753045498,0.8086649762392044,b1,0,3.928,8.832,1.525,3.928,8.852687431091578,1.525,0,0,0,0,0,0,0,0,1,282,195,1,1554,1359,53.167428737203586,0,2.868433724561506,0.8086649762392044,1,282,268,1,1627,1359,88.03131643373054,0,2.868433724561506,0.8086649762392044,1,282,282,1,1641,1359,122.89520413025748,0,2.868433724561506,0.8086649762392044,1,336,226,1,2270,2044,81.72944076790009,0,2.868433724561506,0.8086649762392044,1,400,258,1,2783,2525,116.39145279717631,0,2.868433724561506,0.8086649762392044,1,470,300,1,3598,3298,204.01547685714903,0,2.868433724561506,0.8086649762392044,1,239,174,1,1818,1644,57.015162035251784,0,3.450779227407046,0.8036353419604635,1,282,195,1,1596,1401,54.61326969979877,0,2.868433724561506,0.8086649762392044,4,nuscenes_mf/v1.0-mini/mini_val/fcbccedd61424f1b85dcbf8f897f9754/d0f5aace57684923b8a44b554b006fb2,dev,60
15,ct_joint_full,0,473,288,0,0,0,0,1,473,-1.0,0,8.907997131347656,3.927999973297119,53.36068321920701,0,0,0,0,0.45009803771972656,0.9004328846931458,0,0,0,0,0,1,0,0,1,0,0,0.0,0.0,0.0,3.0025982164080616,0.09481425894242314,3.113243657017146,2.2961548279879818,2.7488353211185577,2.711213565516884,-0.45322923912537455,0.4596580870083547,1,2.570703834210714,0.3840143082834886,1,1,1,3.0025982164080616,0.09481425894242314,3.113243657017146,3.0025982164080616,0.09481425894242314,3.113243657017146,3.0025982164080616,3.0025982164080616,3.0025982164080616,0.0,0,0,1,3.0025982164080616,0.09481425894242314,3.113243657017146,0.0,0.0,0.0,0.0,0.0,0.0,0.0,0.0,0.0,0.0,0.0,3.0025982164080616,0.09481425894242314,0.0,0.0,0.0,0.0,-0.692244291305542,0.00696815550327301,3.39092088847592,-1.076660435568296,0,0,0.0,4.605201721191406,2.3431828022003174,0.0,0.0,0.0,0.0,0.0,0.0,0.0,0.0,0,2,363,476,34720,473,247,2039,1024,284,288,948,951,288,954,666,275,183,92,0,0,0,0,2.7488353211185075,0.8254749566316605,2.711148482234336,0.8254749566316605,b1,0,3.928,8.832,1.525,3.928,8.907996991470206,1.525,0,0,0,0,0,0,0,0,1,275,183,1,1341,1158,53.87210123495897,0,2.7488353211185075,0.8254749566316605,1,275,261,1,1419,1158,89.19806925788289,0,2.7488353211185075,0.8254749566316605,1,275,275,1,1433,1158,124.52403728080681,0,2.7488353211185075,0.8254749566316605,1,320,204,1,2052,1848,82.6030068054446,0,2.7488353211185075,0.8254749566316605,1,374,228,1,2577,2349,117.43391237664036,0,2.7488353211185075,0.8254749566316605,1,433,271,1,3401,3130,205.39572351548122,0,2.7488353211185075,0.8254749566316605,1,299,195,1,1350,1155,55.39912873632356,0,2.2961548119267454,0.8262951395022985,1,275,183,1,1341,1158,54.41503387746314,0,2.7488353211185075,0.8254749566316605,4,nuscenes_mf/v1.0-mini/mini_val/fcbccedd61424f1b85dcbf8f897f9754/d0f5aace57684923b8a44b554b006fb2,dev,60
16,ct_joint_full,0,400,243,0,0,0,0,1,400,-1.0,0,8.864444732666016,3.927999973297119,53.0997956464765,0,0,0,0,0.5004448890686035,1.0536247491836548,0,0,0,0,0,1,0,0,1,0,0,0.0,0.0,0.0,2.7867622870420536,0.10195847218683797,2.910846424852356,3.5921231660662585,3.0253744789755763,-3.0118581531235122,0.2856601394787194,0.5686828199732007,1,2.9203535567308045,0.27893452854644774,1,1,1,2.7867622870420536,0.10195847218683797,2.910846424852356,2.7867622870420536,0.10195847218683797,2.910846424852356,2.7867622870420536,2.7867622870420536,2.7867622870420536,0.0,0,0,1,2.7867622870420536,0.10195847218683797,2.910846424852356,0.0,0.0,0.0,0.0,0.0,0.0,0.0,0.0,0.0,0.0,0.0,2.7867622870420536,0.10195847218683797,0.0,0.0,0.0,0.0,-0.8167219758033752,0.006071220152080059,-5.142292415143382,0.6617710052036638,0,1,0.0,5.814267158508301,2.7747802734375,0.0,0.0,0.0,0.0,0.0,0.0,0.0,0.0,0,2,295,401,34784,400,212,1911,1024,243,243,857,862,243,862,619,220,146,74,0,0,0,0,3.025374478975606,0.8396117059588433,3.0415955138029878,0.8396117059588433,b1,0,3.928,8.832,1.525,3.928,8.8644447754218,1.525,0,0,0,0,0,0,0,0,1,220,146,1,1120,974,53.3175659294473,0,3.025374478975606,0.8396117059588433,1,220,211,1,1185,974,88.27990424383897,0,3.025374478975606,0.8396117059588433,1,220,220,1,1194,974,123.24224255823064,0,3.025374478975606,0.8396117059588433,1,263,164,1,1798,1634,81.91555780729976,0,3.025374478975606,0.8396117059588433,1,312,194,1,2356,2162,116.61354968515224,0,3.025374478975606,0.8396117059588433,1,357,221,1,3294,3073,204.3095334408572,0,3.025374478975606,0.8396117059588433,1,180,127,1,1311,1184,56.72358545411027,0,3.5921231928301833,0.835639730334313,1,220,146,1,1151,1005,54.56950082877754,0,3.025374478975606,0.8396117059588433,4,nuscenes_mf/v1.0-mini/mini_val/fcbccedd61424f1b85dcbf8f897f9754/d0f5aace57684923b8a44b554b006fb2,dev,60
17,ct_joint_full,0,320,201,0,0,0,0,1,320,-1.0,0,8.882487297058105,3.927999973297119,53.20787421327357,0,0,0,0,0.5004091262817383,1.0528911352157593,0,0,0,0,0,1,0,0,1,0,0,0.0,0.0,0.0,3.152836115297602,0.08204081425988267,3.2665506562661206,2.4055624647956706,2.8921175060329203,2.843232096468358,-0.5295049203340427,0.49605600455709203,1,2.6412129174055874,0.4039105912809015,1,1,1,3.152836115297602,0.08204081425988267,3.2665506562661206,3.152836115297602,0.08204081425988267,3.2665506562661206,3.152836115297602,3.152836115297602,3.152836115297602,0.0,0,0,1,3.152836115297602,0.08204081425988267,3.2665506562661206,0.0,0.0,0.0,0.0,0.0,0.0,0.0,0.0,0.0,0.0,0.0,3.152836115297602,0.08204081425988267,0.0,0.0,0.0,0.0,-0.7121623754501343,0.006334892474114895,3.3697846348798737,-1.2087408957297519,0,0,0.0,4.769374370574951,2.403779983520508,0.0,0.0,0.0,0.0,0.0,0.0,0.0,0.0,0,2,243,328,34784,320,212,1592,1024,201,201,735,735,201,736,535,199,135,64,0,0,0,0,2.892117506032898,0.8568227307796479,2.867086644146628,0.8568227307796479,b1,0,3.928,8.832,1.525,3.928,8.882487644170816,1.525,0,0,0,0,0,0,0,0,1,199,135,1,893,758,53.54737282519927,0,2.892117506032898,0.8568227307796479,1,199,190,1,948,758,88.66040418598568,0,2.892117506032898,0.8568227307796479,1,199,199,1,957,758,123.77343554677209,0,2.892117506032898,0.8568227307796479,1,220,148,1,1498,1350,82.20044495741604,0,2.892117506032898,0.8568227307796479,1,248,164,1,2014,1850,116.9535170875024,0,2.892117506032898,0.8568227307796479,1,293,193,1,2948,2755,204.75966134909538,0,2.892117506032898,0.8568227307796479,1,211,142,1,910,768,55.91803880580114,0,2.405562441212388,0.8591903325419937,1,199,135,1,893,758,54.34628311014088,0,2.892117506032898,0.8568227307796479,4,nuscenes_mf/v1.0-mini/mini_val/fcbccedd61424f1b85dcbf8f897f9754/d0f5aace57684923b8a44b554b006fb2,dev,60
18,ct_joint_full,0,280,168,0,0,0,0,1,280,-1.0,0,8.884692192077637,3.927999973297119,53.22108197512329,0,0,0,0,0.500432014465332,1.0000100135803223,0,0,0,0,0,1,0,0,1,0,0,0.0,0.0,0.0,2.857259518768542,0.09741859089233204,2.980133042786844,3.6237310121762474,3.114364663395232,-3.095537635707484,0.34192837246264973,0.5117982916233571,1,2.755441645926263,0.37581773628001647,1,1,1,2.857259518768542,0.09741859089233204,2.980133042786844,2.857259518768542,0.09741859089233204,2.980133042786844,2.857259518768542,2.857259518768542,2.857259518768542,0.0,0,0,1,2.857259518768542,0.09741859089233204,2.980133042786844,0.0,0.0,0.0,0.0,0.0,0.0,0.0,0.0,0.0,0.0,0.0,2.857259518768542,0.09741859089233204,0.0,0.0,0.0,0.0,-0.7648544907569885,0.005808131769299507,-5.391018695829988,0.8159126556425473,0,1,0.0,5.17822790145874,2.517005681991577,0.0,0.0,0.0,0.0,0.0,0.0,0.0,0.0,0,2,212,282,34752,280,200,1417,1024,168,168,634,640,168,641,473,164,110,54,0,0,0,0,3.114364663395192,0.8463872775435448,3.140658233258506,0.8463872775435448,b1,0,3.928,8.832,1.525,3.928,8.884692352539293,1.525,0,0,0,0,0,0,0,0,1,164,110,1,719,609,53.57555125619983,0,3.114364663395192,0.8463872775435448,1,164,161,1,770,609,88.70706027665874,0,3.114364663395192,0.8463872775435448,1,164,164,1,773,609,123.83856929711764,0,3.114364663395192,0.8463872775435448,1,192,126,1,1181,1055,82.2353759175632,0,3.114364663395192,0.8463872775435448,1,216,143,1,1698,1555,116.99520057821645,0,3.114364663395192,0.8463872775435448,1,242,152,1,2534,2382,204.81484990165336,0,3.114364663395192,0.8463872775435448,1,138,93,1,796,703,56.145278881646625,0,3.623731047173799,0.8430400642172146,1,164,110,1,730,620,54.58470986951221,0,3.114364663395192,0.8463872775435448,4,nuscenes_mf/v1.0-mini/mini_val/fcbccedd61424f1b85dcbf8f897f9754/d0f5aace57684923b8a44b554b006fb2,dev,60
19,ct_joint_full,0,210,133,0,0,0,0,1,210,-1.0,0,8.863941192626953,3.927999973297119,53.09677934100217,0,0,0,0,0.5502018928527832,1.0994789600372314,0,0,0,0,0,1,0,0,1,0,0,0.0,0.0,0.0,3.1914498603711996,0.08267538374993193,3.299323096334417,2.3452242425936785,2.9033403530651283,2.8742353287385285,-0.41006939341531223,0.564668548569856,1,2.782459934408231,0.31761829029473376,1,1,1,3.1914498603711996,0.08267538374993193,3.299323096334417,3.1914498603711996,0.08267538374993193,3.299323096334417,3.1914498603711996,3.1914498603711996,3.1914498603711996,0.0,0,0,1,3.1914498603711996,0.08267538374993193,3.299323096334417,0.0,0.0,0.0,0.0,0.0,0.0,0.0,0.0,0.0,0.0,0.0,3.1914498603711996,0.08267538374993193,0.0,0.0,0.0,0.0,-0.7723165154457092,0.005946454592049122,3.1589188941709727,-0.8966560007053707,0,1,0.0,5.313185691833496,2.594669818878174,0.0,0.0,0.0,0.0,0.0,0.0,0.0,0.0,0,2,165,217,34752,210,208,1030,1024,133,133,495,495,133,495,362,140,90,50,0,0,0,0,2.9033403530651642,0.8389126254320145,2.8873956514057637,0.8389126254320145,b1,0,3.928,8.832,1.525,3.928,8.863941628008407,1.525,0,0,0,0,0,0,0,0,1,140,90,1,495,405,53.311120062205006,0,2.9033403530651642,0.8389126254320145,1,140,135,1,540,405,88.26923157840501,0,2.9033403530651642,0.8389126254320145,1,140,140,1,545,405,123.22734309460502,0,2.9033403530651642,0.8389126254320145,1,152,96,1,781,685,81.90756748641142,0,2.9033403530651642,0.8389126254320145,1,169,106,1,1248,1142,116.60401490919757,0,2.9033403530651642,0.8389126254320145,1,198,127,1,1979,1852,204.2969097576104,0,2.9033403530651642,0.8389126254320145,1,146,92,1,498,406,56.74637123765646,0,2.3452242484662276,0.8403850284529708,1,140,90,1,495,405,54.61605130914039,0,2.9033403530651642,0.8389126254320145,4,nuscenes_mf/v1.0-mini/mini_val/fcbccedd61424f1b85dcbf8f897f9754/d0f5aace57684923b8a44b554b006fb2,dev,60
20,ct_joint_full,0,159,96,0,0,0,0,1,159,-1.0,0,8.889724731445312,3.927999973297119,53.2512278917673,0,0,0,0,0.5019419193267822,0.955502986907959,0,0,0,0,0,1,0,0,1,0,0,0.0,0.0,0.0,2.9101786874791573,0.0989587780996178,3.025180687659681,3.641341608975883,3.1472987943618396,-3.128220805971263,0.346012855214994,0.49640173536101495,1,2.679099851009884,0.4335073096705245,1,1,1,2.9101786874791573,0.0989587780996178,3.025180687659681,2.9101786874791573,0.0989587780996178,3.025180687659681,2.9101786874791573,2.9101786874791573,2.9101786874791573,0.0,0,0,1,2.9101786874791573,0.0989587780996178,3.025180687659681,0.0,0.0,0.0,0.0,0.0,0.0,0.0,0.0,0.0,0.0,0.0,2.9101786874791573,0.0989587780996178,0.0,0.0,0.0,0.0,-0.7308814525604248,0.0060845245607197285,-5.336807841409063,0.8161628739457096,0,1,0.0,4.868316173553467,2.409930944442749,0.0,0.0,0.0,0.0,0.0,0.0,0.0,0.0,0,2,129,160,34752,159,171,840,1024,96,96,398,401,96,401,305,98,68,30,0,0,0,0,3.1472987943618715,0.8277679981589318,3.1761005280977894,0.8277679981589318,b1,0,3.928,8.832,1.525,3.928,8.889724724505971,1.525,0,0,0,0,0,0,0,0,1,98,68,1,402,334,53.639576234493866,0,3.1472987943618715,0.8277679981589318,1,98,96,1,430,334,88.81306884727674,0,3.1472987943618715,0.8277679981589318,1,98,98,1,432,334,123.9865614600596,0,3.1472987943618715,0.8277679981589318,1,115,82,1,611,529,82.31474737850948,0,3.1472987943618715,0.8277679981589318,1,126,87,1,960,873,117.08991852323524,0,3.1472987943618715,0.8277679981589318,1,140,94,1,1676,1582,204.94026081268674,0,3.1472987943618715,0.8277679981589318,1,79,54,1,439,385,55.97845525712921,0,3.641341566223955,0.8252182475044813,1,98,68,1,409,341,54.57044661727379,0,3.1472987943618715,0.8277679981589318,4,nuscenes_mf/v1.0-mini/mini_val/fcbccedd61424f1b85dcbf8f897f9754/d0f5aace57684923b8a44b554b006fb2,dev,60
21,ct_joint_full,0,127,93,0,0,0,0,1,127,-1.0,0,8.894712448120117,3.927999973297119,53.2811053115225,0,0,0,0,0.49837207794189453,0.9473459124565125,0,0,0,0,0,1,0,0,1,0,0,0.0,0.0,0.0,3.2440695882965374,0.08202698215997711,3.345043432964042,2.4938113323783777,2.9861737443608973,2.966852137629754,-0.3391496765354433,0.4958663309867402,1,2.69119789855825,0.37346427951548683,1,1,1,3.2440695882965374,0.08202698215997711,3.345043432964042,3.2440695882965374,0.08202698215997711,3.345043432964042,3.2440695882965374,3.2440695882965374,3.2440695882965374,0.0,0,0,1,3.2440695882965374,0.08202698215997711,3.345043432964042,0.0,0.0,0.0,0.0,0.0,0.0,0.0,0.0,0.0,0.0,0.0,3.2440695882965374,0.08202698215997711,0.0,0.0,0.0,0.0,-0.7427651882171631,0.006079917307943106,3.701383913576513,-0.7990186418995847,0,1,0.0,4.983767986297607,2.4553749561309814,0.0,0.0,0.0,0.0,0.0,0.0,0.0,0.0,0,2,99,127,34720,127,212,564,1024,93,93,301,301,93,301,208,93,72,21,0,0,0,0,2.98617374436092,0.818182909488678,2.954901993198045,0.818182909488678,b1,0,3.928,8.832,1.525,3.928,8.894712143490183,1.525,0,0,0,0,0,0,0,0,1,93,72,1,296,224,53.70308098676614,0,2.98617374436092,0.818182909488678,1,93,91,1,315,224,88.91821606005541,0,2.98617374436092,0.818182909488678,1,93,93,1,317,224,124.13335113334469,0,2.98617374436092,0.818182909488678,1,99,76,1,409,333,82.39347323440015,0,2.98617374436092,0.818182909488678,1,105,78,1,632,554,117.18386548203415,0,2.98617374436092,0.818182909488678,1,119,91,1,1205,1114,205.06464997730217,0,2.98617374436092,0.818182909488678,1,96,74,1,284,210,55.91648769776996,0,2.493811334088779,0.8166964357729712,1,93,72,1,296,224,54.59855406979288,0,2.98617374436092,0.818182909488678,4,nuscenes_mf/v1.0-mini/mini_val/fcbccedd61424f1b85dcbf8f897f9754/d0f5aace57684923b8a44b554b006fb2,dev,60
22,ct_joint_full,0,66,47,0,0,0,0,1,66,-1.0,0,8.882672309875488,3.927999973297119,53.2089824770274,0,0,0,0,0.4998610019683838,0.9994081854820251,0,0,0,0,0,1,0,0,1,0,0,0.0,0.0,0.0,2.9151333780622166,0.09877602833509114,3.030366593108899,3.703226286898982,3.1771495167313137,-3.165300222029917,0.2741421743537292,0.5275766950438238,1,2.789192029016557,0.37203098968136855,1,1,1,2.9151333780622166,0.09877602833509114,3.030366593108899,2.9151333780622166,0.09877602833509114,3.030366593108899,2.9151333780622166,2.9151333780622166,2.9151333780622166,0.0,0,0,1,2.9151333780622166,0.09877602833509114,3.030366593108899,0.0,0.0,0.0,0.0,0.0,0.0,0.0,0.0,0.0,0.0,0.0,2.9151333780622166,0.09877602833509114,0.0,0.0,0.0,0.0,-0.7714247703552246,0.006083788815885782,-5.399796277306449,0.6444522758268485,0,1,0.0,5.2712249755859375,2.562321662902832,0.0,0.0,0.0,0.0,0.0,0.0,0.0,0.0,0,2,51,72,34688,66,166,396,1024,47,47,203,204,47,204,157,51,41,10,0,0,0,0,3.1771495167312542,0.8286764522194863,3.2024706032201133,0.8286764522194863,b1,0,3.928,8.832,1.525,3.928,8.882672629854943,1.525,0,0,0,0,0,0,0,0,1,51,41,1,183,142,53.549781464401164,0,3.1771495167312542,0.8286764522194863,1,51,51,1,193,142,88.6643922607298,0,3.1771495167312542,0.8286764522194863,1,51,51,1,193,142,123.77900305705843,0,3.1771495167312542,0.8286764522194863,1,53,43,1,320,277,82.2034302058164,0,3.1771495167312542,0.8286764522194863,1,59,45,1,463,418,116.95707894510123,0,3.1771495167312542,0.8286764522194863,1,60,46,1,750,704,204.7643764258013,0,3.1771495167312542,0.8286764522194863,1,34,26,1,204,178,56.25666726001547,0,3.7032262849400053,0.8259287880734132,1,51,41,1,190,149,54.5920743754015,0,3.1771495167312542,0.8286764522194863,4,nuscenes_mf/v1.0-mini/mini_val/fcbccedd61424f1b85dcbf8f897f9754/d0f5aace57684923b8a44b554b006fb2,dev,60
23,ct_joint_full,0,51,41,0,0,0,0,1,51,-1.0,0,8.886404037475586,3.927999973297119,53.23133627119606,0,0,0,0,0.49933600425720215,1.0004397630691528,0,0,0,0,0,1,0,0,1,0,0,0.0,0.0,0.0,3.2459335240556255,0.07847915361280434,3.352175129863105,2.42809102645222,2.9524500471834756,2.9376257366432204,-0.2954938139762166,0.5272579571640208,1,2.7431039699869513,0.3351723927174325,1,1,1,3.2459335240556255,0.07847915361280434,3.352175129863105,3.2459335240556255,0.07847915361280434,3.352175129863105,3.2459335240556255,3.2459335240556255,3.2459335240556255,0.0,0,0,1,3.2459335240556255,0.07847915361280434,3.352175129863105,0.0,0.0,0.0,0.0,0.0,0.0,0.0,0.0,0.0,0.0,0.0,3.2459335240556255,0.07847915361280434,0.0,0.0,0.0,0.0,-0.7609626054763794,0.00625567464157939,3.47880848827832,-0.6747308048625572,0,1,0.0,5.180117130279541,2.5362589359283447,0.0,0.0,0.0,0.0,0.0,0.0,0.0,0.0,0,2,46,51,34688,51,186,282,1024,41,41,140,140,41,140,99,37,29,8,0,0,0,0,2.952450047183512,0.8397192016243935,2.925282780974477,0.8397192016243935,b1,0,3.928,8.832,1.525,3.928,8.886404082899212,1.525,0,0,0,0,0,0,0,0,1,37,29,1,127,98,53.597260266251396,0,2.952450047183512,0.8397192016243935,1,37,37,1,135,98,88.74300470313756,0,2.952450047183512,0.8397192016243935,1,37,37,1,135,98,123.88874914002372,0,2.952450047183512,0.8397192016243935,1,38,30,1,162,132,82.2622893821448,0,2.952450047183512,0.8397192016243935,1,39,30,1,325,295,117.02731850229901,0,2.952450047183512,0.8397192016243935,1,48,39,1,492,453,204.85737673834663,0,2.952450047183512,0.8397192016243935,1,38,30,1,131,101,56.18211911644308,0,2.4280910170373944,0.8391518923412657,1,37,29,1,127,98,54.580389928693045,0,2.952450047183512,0.8397192016243935,4,nuscenes_mf/v1.0-mini/mini_val/fcbccedd61424f1b85dcbf8f897f9754/d0f5aace57684923b8a44b554b006fb2,dev,60
24,ct_joint_full,0,51,36,0,0,0,0,1,51,-1.0,0,8.876962661743164,3.927999973297119,53.174780543552366,0,0,0,0,0.49987292289733887,1.00054931640625,0,0,0,0,0,1,0,0,1,0,0,0.0,0.0,0.0,2.9636975812549986,0.09237955580626045,3.0829375024776993,3.743544604267427,3.184697764934448,-3.174987576350197,0.2485035988402224,0.5601178174914647,1,2.863013113243026,0.33788721701034435,1,1,1,2.9636975812549986,0.09237955580626045,3.0829375024776993,2.9636975812549986,0.09237955580626045,3.0829375024776993,2.9636975812549986,2.9636975812549986,2.9636975812549986,0.0,0,0,1,2.9636975812549986,0.09237955580626045,3.0829375024776993,0.0,0.0,0.0,0.0,0.0,0.0,0.0,0.0,0.0,0.0,0.0,2.9636975812549986,0.09237955580626045,0.0,0.0,0.0,0.0,-0.7925924062728882,0.0064151049591600895,-5.285401974632255,0.5701225673803749,0,1,0.0,5.533271312713623,2.6732375621795654,0.0,0.0,0.0,0.0,0.0,0.0,0.0,0.0,0,2,36,57,34688,51,317,178,1024,36,36,97,97,36,97,61,46,34,12,0,0,0,0,3.184697764934495,0.8502536405920983,3.2071766926568297,0.8502536405920983,b1,0,3.928,8.832,1.525,3.928,8.876962994030446,1.525,0,0,0,0,0,0,0,0,1,46,34,1,94,60,53.47698298955802,0,3.184697764934495,0.8502536405920983,1,46,46,1,106,60,88.54385708107147,0,3.184697764934495,0.8502536405920983,1,46,46,1,106,60,123.61073117258492,0,3.184697764934495,0.8502536405920983,1,48,36,1,153,117,82.11318435965804,0,3.184697764934495,0.8502536405920983,1,48,36,1,245,209,116.84938573117833,0,3.184697764934495,0.8502536405920983,1,48,36,1,336,300,204.62178846995812,0,3.184697764934495,0.8502536405920983,1,44,33,1,111,78,56.50657588732202,0,3.743544567647655,0.8474074862603558,1,46,34,1,102,68,54.598388508885016,0,3.184697764934495,0.8502536405920983,4,nuscenes_mf/v1.0-mini/mini_val/fcbccedd61424f1b85dcbf8f897f9754/d0f5aace57684923b8a44b554b006fb2,dev,60
25,ct_joint_full,0,25,19,0,0,0,0,1,25,-1.0,0,8.8906888961792,3.927999973297119,53.25700343122667,0,0,0,0,0.49988412857055664,1.0005598068237305,0,0,0,0,0,1,0,0,1,0,0,0.0,0.0,0.0,3.2153893609165536,0.07668995546357577,3.3281135637010553,2.5284310292046275,3.005036807569942,2.9702290772659965,-0.4560539695840117,0.4827781934898339,1,2.6324649743116093,0.43512934284929233,1,1,1,3.2153893609165536,0.07668995546357577,3.3281135637010553,3.2153893609165536,0.07668995546357577,3.3281135637010553,3.2153893609165536,3.2153893609165536,3.2153893609165536,0.0,0,0,1,3.2153893609165536,0.07668995546357577,3.3281135637010553,0.0,0.0,0.0,0.0,0.0,0.0,0.0,0.0,0.0,0.0,0.0,3.2153893609165536,0.07668995546357577,0.0,0.0,0.0,0.0,-0.7056471109390259,0.0063276817090809345,3.6358225444447374,-1.0553157853153798,0,0,0.0,4.706164360046387,2.3774468898773193,0.0,0.0,0.0,0.0,0.0,0.0,0.0,0.0,0,2,15,25,34752,25,180,136,1024,19,19,64,64,19,64,45,12,7,5,0,0,0,0,3.0050368075699865,0.861117359995842,2.97585878427081,0.861117359995842,b1,0,3.928,8.832,1.525,3.928,8.890688814842138,1.525,0,0,0,0,0,0,0,0,1,12,7,1,67,60,53.65181395239196,0,3.0050368075699865,0.861117359995842,1,12,12,1,72,60,88.83333129822276,0,3.0050368075699865,0.861117359995842,1,12,12,1,72,60,124.01484864405356,0,3.0050368075699865,0.861117359995842,1,13,8,1,113,105,82.32991879053878,0,3.0050368075699865,0.861117359995842,1,19,14,1,181,167,117.10802362868561,0,3.0050368075699865,0.861117359995842,1,24,19,1,257,238,204.96423330710968,0,3.0050368075699865,0.861117359995842,1,13,8,1,51,43,55.729463063579345,0,2.5284310510695365,0.860314230682991,1,12,7,1,67,60,54.35420547952257,0,3.0050368075699865,0.861117359995842,4,nuscenes_mf/v1.0-mini/mini_val/fcbccedd61424f1b85dcbf8f897f9754/d0f5aace57684923b8a44b554b006fb2,dev,60
26,ct_joint_full,0,21,11,0,0,0,0,1,21,-1.0,0,8.903076171875,3.927999973297119,53.33120568843515,0,0,0,0,0.44955992698669434,0.8993383646011353,0,0,0,0,0,1,0,0,1,0,0,0.0,0.0,0.0,2.9191410241706683,0.09691799345361993,3.0347526989188913,3.5579525816562376,3.1370748735799805,-3.1169184455530248,0.35504692979476976,0.42305109092012183,1,2.5915532236608563,0.48951032267266503,1,1,1,2.9191410241706683,0.09691799345361993,3.0347526989188913,2.9191410241706683,0.09691799345361993,3.0347526989188913,2.9191410241706683,2.9191410241706683,2.9191410241706683,0.0,0,0,1,2.9191410241706683,0.09691799345361993,3.0347526989188913,0.0,0.0,0.0,0.0,0.0,0.0,0.0,0.0,0.0,0.0,0.0,2.9191410241706683,0.09691799345361993,0.0,0.0,0.0,0.0,-0.699284553527832,0.005878268275409937,-5.851486782525214,0.9192454590427255,0,1,0.0,4.568788528442383,2.2877070903778076,0.0,0.0,0.0,0.0,0.0,0.0,0.0,0.0,0,2,21,24,34720,21,217,102,1024,11,11,54,56,11,56,45,18,10,8,0,0,0,0,3.1370748735799654,0.8338429138064385,3.1724971504011097,0.8338429138064385,b1,0,3.928,8.832,1.525,3.928,8.903076504120452,1.525,0,0,0,0,0,0,0,0,1,18,10,1,63,53,53.80961906422162,0,3.1370748735799654,0.8338429138064385,1,18,18,1,71,53,89.09461517190793,0,3.1370748735799654,0.8338429138064385,1,18,18,1,71,53,124.37961127959424,0,3.1370748735799654,0.8338429138064385,1,20,11,1,83,72,82.52554637542926,0,3.1370748735799654,0.8338429138064385,1,20,11,1,116,105,117.34147368379635,0,3.1370748735799654,0.8338429138064385,1,20,11,1,166,155,205.27332830266096,0,3.1370748735799654,0.8338429138064385,1,18,10,1,68,58,55.18659805857131,0,3.557952584291979,0.8315673080114117,1,18,10,1,63,53,54.27364642729517,0,3.1370748735799654,0.8338429138064385,4,nuscenes_mf/v1.0-mini/mini_val/fcbccedd61424f1b85dcbf8f897f9754/d0f5aace57684923b8a44b554b006fb2,dev,60
27,ct_joint_full,0,14,11,0,0,0,0,1,14,-1.0,0,8.856958389282227,3.927999973297119,53.054950953344886,0,0,0,0,0.5501871109008789,1.1589668989181519,0,0,0,0,0,1,0,0,1,0,0,0.0,0.0,0.0,3.3629396470363617,0.07636460492187963,3.456499512057391,2.3694779322267765,2.935836464729082,2.935302765421669,-0.055980051889217126,0.5664347927646854,1,2.8361030754890164,0.28086112686914577,1,1,1,3.3629396470363617,0.07636460492187963,3.456499512057391,3.3629396470363617,0.07636460492187963,3.456499512057391,3.3629396470363617,3.3629396470363617,3.3629396470363617,0.0,0,0,1,3.3629396470363617,0.07636460492187963,3.456499512057391,0.0,0.0,0.0,0.0,0.0,0.0,0.0,0.0,0.0,0.0,0.0,3.3629396470363617,0.07636460492187963,0.0,0.0,0.0,0.0,-0.7949848175048828,0.005507946014404297,3.32471810787166,-0.12028809941629219,0,1,0.0,5.543020248413086,2.6728172302246094,0.0,0.0,0.0,0.0,0.0,0.0,0.0,0.0,0,2,8,14,34720,14,163,87,1024,11,11,49,49,11,49,38,3,1,2,0,0,0,0,2.9358364647291135,0.8046623557806015,2.92339678257551,0.8046623557806015,b1,0,3.928,8.832,1.525,3.928,8.85695812606208,1.525,0,0,0,0,0,0,0,0,1,3,1,1,19,18,53.22221607500687,0,2.9358364647291135,0.8046623557806015,1,3,3,1,21,18,88.12202989468351,0,2.9358364647291135,0.8046623557806015,1,3,3,1,21,18,123.02184371436014,0,2.9358364647291135,0.8046623557806015,1,3,1,1,40,39,81.79735437099589,0,2.9358364647291135,0.8046623557806015,1,6,4,1,76,72,116.47249266556463,0,2.9358364647291135,0.8046623557806015,1,13,11,1,120,109,204.12276925754267,0,2.9358364647291135,0.8046623557806015,1,6,4,1,36,32,57.37172201214645,0,2.369477949247255,0.7987889507421424,1,6,4,1,24,20,55.181666034013546,0,2.9358364647291135,0.8046623557806015,4,nuscenes_mf/v1.0-mini/mini_val/fcbccedd61424f1b85dcbf8f897f9754/d0f5aace57684923b8a44b554b006fb2,dev,60
28,ct_joint_full,0,16,8,0,0,0,0,1,16,-1.0,0,8.846397399902344,3.927999973297119,52.99168851618062,0,0,0,0,0.4998970031738281,1.000046968460083,0,0,0,0,0,1,0,0,1,0,0,0.0,0.0,0.0,3.059987856890807,0.09730969293887294,3.156386100803566,3.947714965525095,3.339992013786611,-3.339926160967659,0.020984774650916894,0.6077234405101702,1,2.9935311458974017,0.3144334122476845,1,1,1,3.059987856890807,0.09730969293887294,3.156386100803566,3.059987856890807,0.09730969293887294,3.156386100803566,3.059987856890807,3.059987856890807,3.059987856890807,0.0,0,0,1,3.059987856890807,0.09730969293887294,3.156386100803566,0.0,0.0,0.0,0.0,0.0,0.0,0.0,0.0,0.0,0.0,0.0,3.059987856890807,0.09730969293887294,0.0,0.0,0.0,0.0,-0.8202749490737915,0.006508200895041227,-5.328395034007265,0.052333299954715966,0,1,0.0,5.956752777099609,2.862767219543457,0.0,0.0,0.0,0.0,0.0,0.0,0.0,0.0,0,2,15,16,34688,16,233,69,1024,8,8,33,33,8,33,25,10,3,7,0,0,0,0,3.3399920137865453,0.7737651765346527,3.347044141065797,0.7737651765346527,b1,0,3.928,8.832,1.525,3.928,8.84639703540758,1.525,0,0,0,0,0,0,0,0,1,10,3,1,4,1,53.086542777461,0,3.3399920137865453,0.7737651765346527,1,10,10,1,12,2,87.89739050038624,0,3.3399920137865453,0.7737651765346527,1,10,10,1,13,3,122.70823822331148,0,3.3399920137865453,0.7737651765346527,1,12,5,1,11,6,81.62917816187255,0,3.3399920137865453,0.7737651765346527,1,12,5,1,47,42,116.2718135441537,0,3.3399920137865453,0.7737651765346527,1,14,6,1,80,74,203.8570843108464,0,3.3399920137865453,0.7737651765346527,1,8,1,1,2,1,57.20963087925373,0,3.9477149572603842,0.7682296505759618,1,10,3,1,4,1,54.58907168499715,0,3.3399920137865453,0.7737651765346527,4,nuscenes_mf/v1.0-mini/mini_val/fcbccedd61424f1b85dcbf8f897f9754/d0f5aace57684923b8a44b554b006fb2,dev,60
29,ct_joint_full,0,11,11,0,0,0,0,1,11,-1.0,0,8.901030540466309,3.927999973297119,53.31895194744568,0,0,0,0,0.4998588562011719,0.9520358443260193,0,0,0,0,0,1,0,0,1,0,1,0.0,0.0,0.0,3.2966991663776724,0.08551029246944573,3.380731543972353,2.5924375492340355,3.1214135146691318,3.090072313454614,-0.44122014967698264,0.5349167264853829,1,2.733600774000729,0.41316600360601097,1,1,1,3.2966991663776724,0.08551029246944573,3.380731543972353,3.2966991663776724,0.08551029246944573,3.380731543972353,3.2966991663776724,3.2966991663776724,3.2966991663776724,0.0,0,0,1,3.2966991663776724,0.08551029246944573,3.380731543972353,0.0,0.0,0.0,0.0,0.0,0.0,0.0,0.0,0.0,0.0,0.0,3.2966991663776724,0.08551029246944573,0.0,0.0,0.0,0.0,-0.7343772649765015,0.007080264389514923,3.5080015472085355,-0.9697459587441545,0,1,0.0,4.998887062072754,2.5037825107574463,0.0,0.0,0.0,0.0,0.0,0.0,0.0,0.0,0,2,3,11,34688,11,379,29,1024,11,11,20,20,11,20,9,11,11,0,0,0,0,0,3.1214135146691753,0.7491108015179634,3.0870574012715837,0.7491108015179634,b1,0,3.928,8.832,1.525,3.928,8.901030166662267,1.525,0,0,0,0,0,0,0,0,1,11,11,1,31,20,53.783328501018694,0,3.1214135146691753,0.7491108015179634,1,11,11,1,31,20,89.0510848951293,0,3.1214135146691753,0.7491108015179634,1,11,11,1,31,20,124.31884128923993,0,3.1214135146691753,0.7491108015179634,1,11,11,1,42,31,82.49295747450087,0,3.1214135146691753,0.7491108015179634,1,11,11,1,55,44,117.30258645011344,0,3.1214135146691753,0.7491108015179634,1,11,11,1,69,58,205.22184439849806,0,3.1214135146691753,0.7491108015179634,1,11,11,1,33,22,56.020193579151936,0,2.592437562091481,0.7508138448587499,1,11,11,1,31,20,54.60225143976782,0,3.1214135146691753,0.7491108015179634,4,nuscenes_mf/v1.0-mini/mini_val/fcbccedd61424f1b85dcbf8f897f9754/d0f5aace57684923b8a44b554b006fb2,dev,60
30,ct_joint_full,0,4,4,0,0,0,0,1,4,-1.0,0,8.889140129089355,3.927999973297119,53.2477260068132,0,0,0,0,0.49987316131591797,0.9999904632568359,0,0,0,0,0,1,0,0,1,0,1,0.0,0.0,0.0,2.749564467597369,0.12009085797783908,2.847927576149197,3.6644171855818883,3.22846314358225,-3.19804279124624,0.44214992422543586,0.43932042224133944,1,2.5897672720663363,0.5537398950085267,1,1,1,2.749564467597369,0.12009085797783908,2.847927576149197,2.749564467597369,0.12009085797783908,2.847927576149197,2.749564467597369,2.749564467597369,2.749564467597369,0.0,0,0,1,2.749564467597369,0.12009085797783908,2.847927576149197,0.0,0.0,0.0,0.0,0.0,0.0,0.0,0.0,0.0,0.0,0.0,2.749564467597369,0.12009085797783908,0.0,0.0,0.0,0.0,-0.6789165735244751,0.005739220883697271,-5.621175881976552,1.0814319524159697,0,0,0.0,4.45305871963501,2.2689249515533447,0.0,0.0,0.0,0.0,0.0,0.0,0.0,0.0,0,2,4,4,34752,4,211,18,1024,4,4,12,12,4,12,8,4,4,0,0,0,0,0,3.228463143582357,0.7490796878933906,3.25690237817577,0.7490796878933906,b1,0,3.928,8.832,1.525,3.928,8.889139744159959,1.525,0,0,0,0,0,0,0,0,1,4,4,1,10,6,53.632198704103935,0,3.228463143582357,0.7490796878933906,1,4,4,1,10,6,88.80085359204095,0,3.228463143582357,0.7490796878933906,1,4,4,1,10,6,123.96950847997796,0,3.228463143582357,0.7490796878933906,1,4,4,1,16,12,82.30560062942095,0,3.228463143582357,0.7490796878933906,1,4,4,1,21,17,117.07900255473795,0,3.228463143582357,0.7490796878933906,1,4,4,1,26,22,204.925806405372,0,3.228463143582357,0.7490796878933906,1,4,4,1,12,8,55.42762925483072,0,3.6644171877220604,0.7489543935232397,1,4,4,1,10,6,54.21545973003382,0,3.228463143582357,0.7490796878933906,4,nuscenes_mf/v1.0-mini/mini_val/fcbccedd61424f1b85dcbf8f897f9754/d0f5aace57684923b8a44b554b006fb2,dev,60
31,ct_joint_full,0,4,4,0,0,0,0,1,4,-1.0,0,8.897103309631348,3.927999973297119,53.29542704982581,0,0,0,0,0.5004467964172363,1.0011619329452515,0,0,0,0,0,1,0,0,1,0,1,0.0,0.0,0.0,2.833940674600819,0.11648610002975779,2.9271596581095727,2.0073126961182193,2.673836449161989,2.6724145360642897,0.08719123955042028,0.6671168313739289,1,3.163735545682921,0.1546748419761937,1,1,1,2.833940674600819,0.11648610002975779,2.9271596581095727,2.833940674600819,0.11648610002975779,2.9271596581095727,2.833940674600819,2.833940674600819,2.833940674600819,0.0,0,0,1,2.833940674600819,0.11648610002975779,2.9271596581095727,0.0,0.0,0.0,0.0,0.0,0.0,0.0,0.0,0.0,0.0,0.0,2.833940674600819,0.11648610002975779,0.0,0.0,0.0,0.0,-0.871356189250946,0.005559768062084913,2.6192509506002537,0.19094997611125442,0,1,0.0,6.81128454208374,3.214967727661133,0.0,0.0,0.0,0.0,0.0,0.0,0.0,0.0,0,2,4,4,34784,4,203,18,1024,4,4,10,10,4,10,6,4,4,0,0,0,0,0,2.673836449162018,0.7420153081417084,2.70638704434521,0.7420153081417084,b1,0,3.928,8.832,1.525,3.928,8.897103028614907,1.525,0,0,0,0,0,0,0,0,1,4,4,1,5,1,53.733502622146624,0,2.673836449162018,0.7420153081417084,1,4,4,1,5,1,88.96858630880014,0,2.673836449162018,0.7420153081417084,1,4,4,1,5,1,124.20366999545367,0,2.673836449162018,0.7420153081417084,1,4,4,1,8,4,82.43118674671277,0,2.673836449162018,0.7420153081417084,1,4,4,1,10,6,117.22887087198905,0,2.673836449162018,0.7420153081417084,1,4,4,1,17,13,205.12423912183147,0,2.673836449162018,0.7420153081417084,1,4,4,1,5,1,58.413025502599936,0,2.0073127236790236,0.7331804421874476,1,4,4,1,5,1,55.73261317994266,0,2.673836449162018,0.7420153081417084,4,nuscenes_mf/v1.0-mini/mini_val/fcbccedd61424f1b85dcbf8f897f9754/d0f5aace57684923b8a44b554b006fb2,dev,60
32,ct_joint_full,0,5,5,0,0,0,0,1,5,-1.0,0,8.866814613342285,3.927999973297119,53.11399170538504,0,0,0,0,0.500432014465332,1.0005439519882202,0,0,0,0,0,1,0,0,1,0,1,0.0,0.0,0.0,2.492173700816721,0.1387637038247407,2.5972510707573377,3.0755720735629253,2.857438919804562,-2.8547957048144537,-0.12287892352795617,0.21842970188520452,1,2.406705961916734,1.9964620794731165,0,1,1,2.492173700816721,0.1387637038247407,2.5972510707573377,2.492173700816721,0.1387637038247407,2.5972510707573377,2.492173700816721,2.492173700816721,2.492173700816721,0.0,0,0,1,2.492173700816721,0.1387637038247407,2.5972510707573377,0.0,0.0,0.0,0.0,0.0,0.0,0.0,0.0,0.0,0.0,0.0,2.492173700816721,0.1387637038247407,0.0,0.0,0.0,0.0,-0.31604984402656555,0.005574524402618408,-4.446957192723999,-0.278176555885123,0,1,0.0,2.022303819656372,2.022303819656372,0.0,0.0,0.0,0.0,0.0,0.0,0.0,0.0,0,2,5,5,34688,5,448,11,1024,5,5,7,7,5,7,2,5,5,0,0,0,0,0,2.857438919804535,0.7328328028321266,2.8400374696486796,0.7328328028321266,b1,0,3.928,8.832,1.525,3.928,8.866815086610405,1.525,0,0,0,0,0,0,0,0,1,5,5,1,5,0,53.3478901380673,0,2.857438919804535,0.7328328028321266,1,5,5,1,5,0,88.33011317942291,0,2.857438919804535,0.7328328028321266,1,5,5,1,5,0,123.31233622077852,0,2.857438919804535,0.7328328028321266,1,5,5,1,6,1,81.95314836426405,0,2.857438919804535,0.7328328028321266,1,5,5,1,6,1,116.6584065904608,0,2.857438919804535,0.7328328028321266,1,5,5,1,8,3,204.36892304214416,0,2.857438919804535,0.7328328028321266,1,5,5,1,6,1,55.15762019126947,0,3.0755720883636966,0.7231227927449725,1,5,5,1,5,0,54.168339730708865,0,2.857438919804535,0.7328328028321266,4,nuscenes_mf/v1.0-mini/mini_val/fcbccedd61424f1b85dcbf8f897f9754/d0f5aace57684923b8a44b554b006fb2,dev,60
33,ct_joint_full,0,4,4,0,0,0,0,1,4,-1.0,0,8.853303909301758,3.927999973297119,53.03305988785694,0,0,0,0,0.5999610424041748,1.1988685131072998,0,0,0,0,0,1,0,0,1,0,1,0.0,0.0,0.0,2.4362386933395364,0.13941497838119543,2.5484003319721995,1.9265447397641047,2.453852652956091,2.4487990015992454,0.15740589237495367,0.52883084537807,1,2.778515918283287,0.1974644327732388,1,1,1,2.4362386933395364,0.13941497838119543,2.5484003319721995,2.4362386933395364,0.13941497838119543,2.5484003319721995,2.4362386933395364,2.4362386933395364,2.4362386933395364,0.0,0,0,1,2.4362386933395364,0.13941497838119543,2.5484003319721995,0.0,0.0,0.0,0.0,0.0,0.0,0.0,0.0,0.0,0.0,0.0,2.4362386933395364,0.13941497838119543,0.0,0.0,0.0,0.0,-0.8068218231201172,0.0038665917236357927,2.9292569582385433,0.3806861481453226,0,1,0.0,5.561718463897705,2.621840476989746,0.0,0.0,0.0,0.0,0.0,0.0,0.0,0.0,0,2,4,4,34720,4,688,6,1024,4,4,4,4,4,4,0,4,4,0,0,0,0,0,2.453852652955997,0.7562888413667679,2.464503787366421,0.7562888413667679,b1,0,3.928,8.832,1.525,3.928,8.853303720197891,1.525,0,0,0,0,0,0,0,0,1,4,4,1,4,0,53.17611479430925,0,2.453852652955997,0.7562888413667679,1,4,4,1,4,0,88.04569826598744,0,2.453852652955997,0.7562888413667679,1,4,4,1,4,0,122.91528173766564,0,2.453852652955997,0.7562888413667679,1,4,4,1,4,0,81.74019763383548,0,2.453852652955997,0.7562888413667679,1,4,4,1,4,0,116.40428047336172,0,2.453852652955997,0.7562888413667679,1,4,4,1,4,0,204.03244615454457,0,2.453852652955997,0.7562888413667679,1,4,4,1,4,0,57.44451644574921,0,1.9265446864335187,0.7571824427801235,1,4,4,1,4,0,55.07300812241136,0,2.453852652955997,0.7562888413667679,4,nuscenes_mf/v1.0-mini/mini_val/fcbccedd61424f1b85dcbf8f897f9754/d0f5aace57684923b8a44b554b006fb2,dev,60
34,ct_joint_full,0,5,5,0,0,0,0,1,5,-1.0,0,8.906111717224121,3.927999973297119,53.349389211777556,0,0,0,0,0.4003429412841797,0.7276362776756287,0,0,0,0,0,1,0,0,1,0,1,0.0,0.0,0.0,2.464860576001371,0.1351368498833924,2.5796475923560274,2.437352097478703,2.34826660738607,-2.2867069711168333,-0.5341606812529979,0.09192956875551252,1,2.037069244354441,2.4586680793155713,0,1,1,2.464860576001371,0.1351368498833924,2.5796475923560274,2.464860576001371,0.1351368498833924,2.5796475923560274,2.464860576001371,2.464860576001371,2.464860576001371,0.0,0,0,1,2.464860576001371,0.1351368498833924,2.5796475923560274,0.0,0.0,0.0,0.0,0.0,0.0,0.0,0.0,0.0,0.0,0.0,2.464860576001371,0.1351368498833924,0.0,0.0,0.0,0.0,-0.19570468366146088,0.007099480368196964,-5.065256856784819,-1.6631703326852432,0,0,0.0,1.497605562210083,1.497605562210083,0.0,0.0,0.0,0.0,0.0,0.0,0.0,0.0,0,2,5,5,34752,5,1024,5,1024,5,5,5,5,5,5,0,5,5,0,0,0,0,0,2.3482666073861034,0.772720055282116,2.3840948156397084,0.772720055282116,b1,0,3.928,8.832,1.525,3.928,8.906111480584244,1.525,0,0,0,0,0,0,0,0,1,5,5,1,5,0,53.84825107877841,0,2.3482666073861034,0.772720055282116,1,5,5,1,5,0,89.15857965502654,0,2.3482666073861034,0.772720055282116,1,5,5,1,5,0,124.46890823127468,0,2.3482666073861034,0.772720055282116,1,5,5,1,5,0,82.57343804674456,0,2.3482666073861034,0.772720055282116,1,5,5,1,5,0,117.39862501187017,0,2.3482666073861034,0.772720055282116,1,5,5,1,5,0,205.34899894567207,0,2.3482666073861034,0.772720055282116,1,5,5,1,5,0,53.07308485512629,0,2.4373520967696742,0.7661868309277855,1,5,5,1,5,0,53.91259285410189,0,2.3482666073861034,0.772720055282116,4,nuscenes_mf/v1.0-mini/mini_val/fcbccedd61424f1b85dcbf8f897f9754/d0f5aace57684923b8a44b554b006fb2,dev,60
35,ct_joint_full,0,0,0,0,0,0,0,0,0,-1.0,0,8.870333671569824,3.927999973297119,53.135071567506785,0,0,0,0,0.4998791217803955,0.9994544386863708,0,0,0,0,0,1,0,0,1,0,1,0.0,0.0,0.0,2.433851796139136,0.13861728934727333,2.548198251235091,2.5430348474871503,2.5031941059660294,-2.5030941674836873,-0.02236453883025179,0.03984822878196626,1,2.4540648503084066,4.020842203096366,0,0,1,2.433851796139136,0.13861728934727333,2.548198251235091,2.433851796139136,0.13861728934727333,2.548198251235091,2.433851796139136,2.433851796139136,2.433851796139136,0.0,0,0,1,2.433851796139136,0.13861728934727333,2.548198251235091,0.0,0.0,0.0,0.0,0.0,0.0,0.0,0.0,0.0,0.0,0.0,2.433851796139136,0.13861728934727333,0.0,0.0,0.0,0.0,-0.09504929184913635,0.001422304194420576,-6.065972163601889,-0.07385282930515097,0,1,0.0,1.2483490705490112,1.2483490705490112,0.0,0.0,0.0,0.0,0.0,0.0,0.0,0.0,0,2,0,0,34720,0,1024,1,1024,0,0,1,1,0,1,1,0,0,0,0,0,0,0,2.5031941059659917,0.7609494343400002,2.484027340655901,0.7609494343400002,b1,0,3.928,8.832,1.525,3.928,8.870333614927667,1.525,0,0,0,0,0,0,0,0,1,0,0,0,1,1,53.393210631283,0,2.5031941059659917,0.7609494343400002,1,0,0,0,1,1,88.40515202884562,0,2.5031941059659917,0.7609494343400002,1,0,0,0,1,1,123.41709342640824,0,2.5031941059659917,0.7609494343400002,1,0,0,0,1,1,82.00932460594922,0,2.5031941059659917,0.7609494343400002,1,0,0,0,1,1,116.72543857706478,0,2.5031941059659917,0.7609494343400002,1,0,0,0,1,1,204.45766652497696,0,2.5031941059659917,0.7609494343400002,1,0,0,0,1,1,54.21407327629076,0,2.5430348531727534,0.7443639150887524,1,0,0,0,1,1,54.209050868255375,0,2.5031941059659917,0.7609494343400002,4,nuscenes_mf/v1.0-mini/mini_val/fcbccedd61424f1b85dcbf8f897f9754/d0f5aace57684923b8a44b554b006fb2,dev,60
36,ct_joint_full,0,2,2,0,0,0,0,1,2,-1.0,0,8.845425605773926,3.927999973297119,52.985867275123155,0,0,0,0,0.5009880065917969,1.1130321025848389,0,0,0,0,0,1,0,0,1,0,1,0.0,0.0,0.0,2.430353267232132,0.1394510567024261,2.5436949613566213,2.378496042435305,2.420505163697487,2.415792477968994,-0.15097123942684493,0.04205753620601297,1,2.3446432117661153,3.849016798345311,0,0,1,2.430353267232132,0.1394510567024261,2.5436949613566213,2.430353267232132,0.1394510567024261,2.5436949613566213,2.430353267232132,2.430353267232132,2.430353267232132,0.0,0,0,1,2.430353267232132,0.1394510567024261,2.5436949613566213,0.0,0.0,0.0,0.0,0.0,0.0,0.0,0.0,0.0,0.0,0.0,2.430353267232132,0.1394510567024261,0.0,0.0,0.0,0.0,-0.10039053857326508,0.002102118683978915,5.666696152741811,-0.5062677929838528,0,1,0.0,1.2337613105773926,1.2337613105773926,0.0,0.0,0.0,0.0,0.0,0.0,0.0,0.0,0,2,2,2,34752,2,1024,2,1024,2,2,2,2,2,2,0,2,2,0,0,0,0,0,2.420505163697489,0.7547713309526443,2.4271783708119137,0.7547713309526443,b1,0,3.928,8.832,1.525,3.928,8.845425764942856,1.525,0,0,0,0,0,0,0,0,1,2,2,1,2,0,53.076186095876615,0,2.420505163697489,0.7547713309526443,1,2,2,1,2,0,87.88024255218916,0,2.420505163697489,0.7547713309526443,1,2,2,1,2,0,122.6842990085017,0,2.420505163697489,0.7547713309526443,1,2,2,1,2,0,81.61631253402447,0,2.420505163697489,0.7547713309526443,1,2,2,1,3,1,116.25643897075206,0,2.420505163697489,0.7547713309526443,1,2,2,1,7,5,203.83669184633763,0,2.420505163697489,0.7547713309526443,1,2,2,1,2,0,54.16104191951234,0,2.3784960451664734,0.7509552653338526,1,2,2,1,2,0,53.992457414175526,0,2.420505163697489,0.7547713309526443,4,nuscenes_mf/v1.0-mini/mini_val/fcbccedd61424f1b85dcbf8f897f9754/d0f5aace57684923b8a44b554b006fb2,dev,60
12,ct_joint_full,0,1,1,0,0,0,0,1,1,-1.0,0,8.72439193725586,4.061999797821045,86.29269259676524,0,0,0,0,0.49987316131591797,0.9999904632568359,0,0,0,0,0,1,0,0,1,0,1,0.0,0.0,0.0,1.3506771816418066,0.43604675126777104,1.3757560350008382,0.0,0.3303923093864503,0.3303852379322052,-0.002161633223295212,0.3303923093864503,1,3.3000783434262946,0.004033945153370552,1,1,1,1.3506771816418066,0.43604675126777104,1.3757560350008382,1.3506771816418066,0.43604675126777104,1.3757560350008382,1.3506771816418066,1.3506771816418066,1.3506771816418066,0.0,0,0,1,1.3506771816418066,0.43604675126777104,1.3757560350008382,0.0,0.0,0.0,0.0,0.0,0.0,0.0,0.0,0.0,0.0,0.0,1.3506771816418066,0.43604675126777104,0.0,0.0,0.0,0.0,-0.8811017870903015,0.007861028425395489,0.0,0.0,1,1,0.0,5.201935291290283,5.201935291290283,0.0,0.0,0.0,0.0,0.0,0.0,0.0,0.0,0,2,1,1,34752,1,320,3,1024,1,1,1,1,1,1,0,1,1,0,1,1,1,1,0.3303923093865286,0.30000000000000004,0.16519615469321997,0.30000000000000004,b1,0,4.061999999999999,8.394,2.435,4.061999999999999,8.72439230938645,2.435,0,0,0,0,0,0,0,0,1,1,1,1,1,0,89.66913896553451,0,0.3303923093865286,0.30000000000000004,1,1,1,1,1,0,126.49424737027148,0,0.3303923093865286,0.30000000000000004,1,1,1,1,1,0,163.31935577500846,0,0.3303923093865286,0.30000000000000004,1,1,1,1,1,0,136.36946228929096,0,0.3303923093865286,0.30000000000000004,1,1,1,1,1,0,192.80978561871686,0,0.3303923093865286,0.30000000000000004,1,1,1,1,1,0,332.38555076658724,1,0.3303923093865286,0.30000000000000004,1,1,1,1,1,0,83.02480217976263,0,0.0,0.30000000000000004,1,1,1,1,1,0,89.66913896553451,0,0.3303923093865286,0.30000000000000004,5,nuscenes_mf/v1.0-mini/mini_val/fcbccedd61424f1b85dcbf8f897f9754/349232409f354033b215b5e37c3312ab,dev,60
13,ct_joint_full,0,0,0,0,0,0,0,0,0,-1.0,0,9.075406074523926,4.061999797821045,89.76456264366723,0,0,0,0,0.5004467964172363,1.0011619329452515,0,0,0,0,0,1,0,0,1,0,1,0.0,0.0,0.0,0.7468162017405219,0.5586808995333075,0.7858409021993132,3.0413538798211177,2.0320720357278272,-2.032066556741851,0.004719738756418528,1.0092983605900872,1,3.7822129568612097,0.04305454912891337,1,1,1,0.7468162017405219,0.5586808995333075,0.7858409021993132,0.7468162017405219,0.5586808995333075,0.7858409021993132,0.7468162017405219,0.7468162017405219,0.7468162017405219,0.0,0,0,1,0.7468162017405219,0.5586808995333075,0.7858409021993132,0.0,0.0,0.0,0.0,0.0,0.0,0.0,0.0,0.0,0.0,0.0,0.7468162017405219,0.5586808995333075,0.0,0.0,0.0,0.0,-0.9601057767868042,-0.0076978509314358234,-2.8931516531716825,5.503736557044985e-09,0,1,0.0,9.793416976928711,4.38844633102417,0.0,0.0,0.0,0.0,0.0,0.0,0.0,0.0,0,2,0,0,34784,0,0,4,1024,0,0,2,2,0,2,2,0,0,0,0,0,1,1,2.032072035727838,0.2614877030253411,1.6913735144302893,0.2614877030253411,b1,0,4.061999999999999,8.394,2.435,4.061999999999999,9.075405718734645,2.435,0,0,0,0,0,0,0,0,1,0,0,0,1,1,96.72815727038076,0,2.032072035727838,0.2614877030253411,1,0,0,0,1,1,136.4522464984632,0,2.032072035727838,0.2614877030253411,1,0,0,0,1,1,176.1763357265457,0,2.032072035727838,0.2614877030253411,1,0,0,0,2,2,145.13789332018467,0,2.032072035727838,0.2614877030253411,1,0,0,0,3,3,203.2876293677208,0,2.032072035727838,0.2614877030253411,1,0,0,0,7,7,346.2292274613958,1,2.032072035727838,0.2614877030253411,1,0,0,0,2,2,102.93175327346431,0,3.041353923478061,0.21328088821071178,1,0,0,0,1,1,100.81736263272687,0,2.032072035727838,0.2614877030253411,5,nuscenes_mf/v1.0-mini/mini_val/fcbccedd61424f1b85dcbf8f897f9754/349232409f354033b215b5e37c3312ab,dev,60
14,ct_joint_full,0,0,0,0,0,0,0,0,0,-1.0,0,8.520211219787598,4.061999797821045,84.27314739368514,0,0,0,0,0.500432014465332,1.0005439519882202,0,0,0,0,0,1,0,0,1,0,1,0.0,0.0,0.0,1.1014619893993085,0.4847731838698485,1.1289097298046504,0.38560292235948007,0.621623377207074,0.6100359979840293,0.11946448060157057,0.9743995155555532,1,2.8851027942664578,0.012826771928300867,1,1,1,1.1014619893993085,0.4847731838698485,1.1289097298046504,1.1014619893993085,0.4847731838698485,1.1289097298046504,1.1014619893993085,1.1014619893993085,1.1014619893993085,0.0,0,0,1,1.1014619893993085,0.4847731838698485,1.1289097298046504,0.0,0.0,0.0,0.0,0.0,0.0,0.0,0.0,0.0,0.0,0.0,1.1014619893993085,0.4847731838698485,0.0,0.0,0.0,0.0,-0.7189373970031738,0.008904879912734032,-0.26882597578968903,0.16503480693617797,1,1,0.0,5.726556301116943,3.106743097305298,0.0,0.0,0.0,0.0,0.0,0.0,0.0,0.0,0,2,0,0,34688,0,0,4,1024,0,0,1,2,0,2,2,0,0,0,1,1,1,1,0.6216233772071172,0.26156386566162126,0.6841730340201204,0.26156386566162126,b1,0,4.061999999999999,8.394,2.435,4.061999999999999,8.52021078647703,2.435,0,0,0,0,0,0,0,0,1,0,0,0,0,0,85.5611040240829,0,0.6216233772071172,0.26156386566162126,1,0,0,0,0,0,120.69913442411693,0,0.6216233772071172,0.26156386566162126,1,0,0,0,0,0,155.837164824151,0,0.6216233772071172,0.26156386566162126,1,0,0,0,0,0,131.2666323747649,0,0.6216233772071172,0.26156386566162126,1,0,0,0,3,3,186.71216072771466,0,0.6216233772071172,0.26156386566162126,1,0,0,0,4,4,324.32916120956884,1,0.6216233772071172,0.26156386566162126,1,0,0,0,0,0,95.3858120592431,0,0.38560296324470794,0.2500514735485444,1,0,0,0,0,0,89.02960602264751,0,0.6216233772071172,0.26156386566162126,5,nuscenes_mf/v1.0-mini/mini_val/fcbccedd61424f1b85dcbf8f897f9754/349232409f354033b215b5e37c3312ab,dev,60
15,ct_joint_full,0,2,0,0,0,0,0,0,2,-1.0,0,8.398520469665527,4.061999797821045,83.06950792314382,0,0,0,0,0.5999610424041748,1.1988685131072998,0,0,0,0,0,1,0,0,1,0,1,0.0,0.0,0.0,0.1258933964988421,0.7069398892140278,0.3057607701924893,1.8755204447277978,1.1009168651259686,-1.0916471885745818,-0.14256358407959102,0.7787882241078155,1,2.81758308600528,0.038468364698548654,1,1,1,0.1258933964988421,0.7069398892140278,0.3057607701924893,0.1258933964988421,0.7069398892140278,0.3057607701924893,0.1258933964988421,0.1258933964988421,0.1258933964988421,0.0,0,0,1,0.1258933964988421,0.7069398892140278,0.3057607701924893,0.0,0.0,0.0,0.0,0.0,0.0,0.0,0.0,0.0,0.0,0.0,0.1258933964988421,0.7069398892140278,0.0,0.0,0.0,0.0,-0.7939783334732056,0.007547889836132526,-1.9069354897888589,-0.23807119769275564,0,1,0.0,5.755869388580322,2.852308511734009,0.0,0.0,0.0,0.0,0.0,0.0,0.0,0.0,0,2,0,2,34720,2,123,16,1024,0,0,6,6,0,6,6,2,0,2,1,1,1,1,1.1009168651259378,0.2894240569472313,1.1011871417816883,0.2894240569472313,b1,0,4.061999999999999,8.394,2.435,4.061999999999999,8.398520079633718,2.435,0,0,0,0,0,0,0,0,1,2,0,0,0,0,83.08088126679883,0,1.1009168651259378,0.2894240569472313,1,2,0,0,1,1,117.2003396925889,0,1.1009168651259378,0.2894240569472313,1,2,2,1,3,1,151.319798118379,0,1.1009168651259378,0.2894240569472313,1,2,0,0,5,5,128.18592700490495,0,1.1009168651259378,0.2894240569472313,1,2,0,0,5,5,183.0309727418772,0,1.1009168651259378,0.2894240569472313,1,2,0,0,12,12,319.4653796391608,1,1.1009168651259378,0.2894240569472313,1,2,0,0,3,3,92.07054205877665,0,1.8755203896798307,0.27347223152247824,1,2,0,0,1,1,86.14857332906404,0,1.1009168651259378,0.2894240569472313,5,nuscenes_mf/v1.0-mini/mini_val/fcbccedd61424f1b85dcbf8f897f9754/349232409f354033b215b5e37c3312ab,dev,60
16,ct_joint_full,0,3,3,0,0,0,0,1,3,-1.0,0,8.61351490020752,4.061999797821045,85.1960112299877,0,0,0,0,0.4003429412841797,0.7276362776756287,0,0,0,0,0,1,0,0,1,0,1,0.0,0.0,0.0,0.384226866149686,0.5663315813100742,0.5353199935404648,0.9756363884753161,0.27689678287335934,-0.24887276106801895,0.1213844189044677,0.7190532247784406,1,3.11137989998163,0.002695159918093844,1,1,1,0.384226866149686,0.5663315813100742,0.5353199935404648,0.384226866149686,0.5663315813100742,0.5353199935404648,0.384226866149686,0.384226866149686,0.384226866149686,0.0,0,0,1,0.384226866149686,0.5663315813100742,0.5353199935404648,0.0,0.0,0.0,0.0,0.0,0.0,0.0,0.0,0.0,0.0,0.0,0.384226866149686,0.5663315813100742,0.0,0.0,0.0,0.0,-0.8280333280563354,0.0019980331417173147,-1.1146256810820696,0.2357886015956597,0,1,0.0,6.713797569274902,3.3396551609039307,0.0,0.0,0.0,0.0,0.0,0.0,0.0,0.0,0,2,3,3,34752,3,398,8,1024,3,3,5,5,3,5,2,3,3,0,1,1,1,1,0.2768967828732669,0.36964045166969317,0.1849698135966821,0.36964045166969317,b1,0,4.061999999999999,8.394,2.435,4.061999999999999,8.613514517805106,2.435,0,0,0,0,0,0,0,0,1,3,3,1,3,0,87.43936005702243,0,0.2768967828732669,0.36964045166969317,1,3,3,1,6,3,123.34874817078934,0,0.2768967828732669,0.36964045166969317,1,3,3,1,6,3,159.25813628455626,0,0.2768967828732669,0.36964045166969317,1,3,3,1,8,5,133.59971979264404,0,0.2768967828732669,0.36964045166969317,1,3,3,1,10,7,189.5000795237301,0,0.2768967828732669,0.36964045166969317,1,3,3,1,15,12,328.01265670401745,1,0.2768967828732669,0.36964045166969317,1,1,1,1,6,5,92.96772833144682,0,0.9756363670599532,0.3631935012404508,1,3,3,1,3,0,88.9064999581752,0,0.2768967828732669,0.36964045166969317,5,nuscenes_mf/v1.0-mini/mini_val/fcbccedd61424f1b85dcbf8f897f9754/349232409f354033b215b5e37c3312ab,dev,60
17,ct_joint_full,0,2,2,0,0,0,0,1,2,-1.0,0,8.428060531616211,4.061999797821045,83.36168776828745,0,0,0,0,0.4998791217803955,0.9994544386863708,0,0,0,0,0,1,0,0,1,0,1,0.0,0.0,0.0,1.7802537655897697,0.2820497463313669,1.8239987055392428,1.187924106626478,0.3552292280054814,-0.3250007386161966,-0.143395693690499,0.8549070149636598,1,2.956512212209172,0.004912375315560803,1,1,1,1.7802537655897697,0.2820497463313669,1.8239987055392428,1.7802537655897697,0.2820497463313669,1.8239987055392428,1.7802537655897697,1.7802537655897697,1.7802537655897697,0.0,0,0,1,1.7802537655897697,0.2820497463313669,1.8239987055392428,0.0,0.0,0.0,0.0,0.0,0.0,0.0,0.0,0.0,0.0,0.0,1.7802537655897697,0.2820497463313669,0.0,0.0,0.0,0.0,-0.7934415340423584,0.008739475160837173,-1.0950818519396295,-0.22024687609918195,0,1,0.0,6.121982574462891,3.1335606575012207,0.0,0.0,0.0,0.0,0.0,0.0,0.0,0.0,0,2,2,2,34720,2,112,18,1024,2,2,9,9,2,9,7,2,2,0,1,1,1,1,0.35522922800545736,0.389742821276188,0.3696200889325551,0.389742821276188,b1,0,4.061999999999999,8.394,2.435,4.061999999999999,8.428060793166422,2.435,0,0,0,0,0,0,0,0,1,2,2,1,2,0,83.70526458020788,0,0.35522922800545736,0.389742821276188,1,2,2,1,2,0,118.08114325791132,0,0.35522922800545736,0.389742821276188,1,2,2,1,2,0,152.45702193561476,0,0.35522922800545736,0.389742821276188,1,2,2,1,9,7,128.96139301383403,0,0.35522922800545736,0.389742821276188,1,2,2,1,20,18,183.95752145086183,0,0.35522922800545736,0.389742821276188,1,2,2,1,26,24,320.68963398260064,1,0.35522922800545736,0.389742821276188,1,2,2,1,2,0,92.30785279053983,0,1.1879241186339649,0.39682938380828325,1,2,2,1,2,0,86.70339613505863,0,0.35522922800545736,0.389742821276188,5,nuscenes_mf/v1.0-mini/mini_val/fcbccedd61424f1b85dcbf8f897f9754/349232409f354033b215b5e37c3312ab,dev,60
18,ct_joint_full,0,20,9,0,0,0,0,1,20,-1.0,0,9.756949424743652,4.061999797821045,96.50568698045156,0,0,0,0,0.5009880065917969,1.1130321025848389,0,0,0,0,0,1,0,0,1,0,1,0.0,0.0,0.0,1.8125507516620316,0.27483396222716105,1.8595154662684097,4.402395263359866,3.139966195094266,-3.13503699619123,0.17587381521365206,1.264079945754672,1,3.1729626694815347,0.24433017561773232,1,1,1,1.8125507516620316,0.27483396222716105,1.8595154662684097,1.8125507516620316,0.27483396222716105,1.8595154662684097,1.8125507516620316,1.8125507516620316,1.8125507516620316,0.0,0,0,1,1.8125507516620316,0.27483396222716105,1.8595154662684097,0.0,0.0,0.0,0.0,0.0,0.0,0.0,0.0,0.0,0.0,0.0,1.8125507516620316,0.27483396222716105,0.0,0.0,0.0,0.0,-0.7557248473167419,-0.006143221631646156,-2.6300125638952054,0.1842268219098379,0,1,0.0,6.379311561584473,3.3126132488250732,0.0,0.0,0.0,0.0,0.0,0.0,0.0,0.0,0,2,11,20,34752,20,787,26,1024,4,9,4,9,9,9,0,2,1,1,0,0,0,0,3.1399661950942184,0.4140740584731102,2.4596621410761212,0.4140740584731102,b1,0,4.061999999999999,8.394,2.435,4.061999999999999,9.75694936057413,2.435,0,0,0,0,0,0,0,0,1,2,1,1,5,4,110.43449941950385,0,3.1399661950942184,0.4140740584731102,1,2,2,1,10,8,155.78747659383808,0,3.1399661950942184,0.4140740584731102,1,2,2,1,10,8,201.14045376817234,0,3.1399661950942184,0.4140740584731102,1,3,2,1,7,5,162.16336403380382,0,3.1399661950942184,0.4140740584731102,1,3,2,1,7,5,223.632228645836,0,3.1399661950942184,0.4140740584731102,1,14,7,1,13,6,373.10919122855415,1,3.1399661950942184,0.4140740584731102,1,1,0,0,3,3,114.65842109900301,0,4.402395289930932,0.4220919166087447,1,2,1,1,5,4,115.72533695622965,0,3.1399661950942184,0.4140740584731102,5,nuscenes_mf/v1.0-mini/mini_val/fcbccedd61424f1b85dcbf8f897f9754/349232409f354033b215b5e37c3312ab,dev,60
19,ct_joint_full,0,34,11,0,0,0,0,1,34,-1.0,0,8.419995307922363,4.061999797821045,83.28191488853346,0,0,0,0,0.4993109703063965,0.9977567791938782,0,0,0,0,0,1,0,0,1,0,1,0.0,0.0,0.0,3.8981476105845174,0.037682769459432684,3.920002388649824,1.348340701949024,1.7904594611457014,1.7847294464990953,-0.1431291514958968,0.4429441567122663,1,1.674106802042209,0.9820033818401551,1,1,1,3.8981476105845174,0.037682769459432684,3.920002388649824,3.8981476105845174,0.037682769459432684,3.920002388649824,3.8981476105845174,3.8981476105845174,3.8981476105845174,0.0,0,0,1,3.8981476105845174,0.037682769459432684,3.920002388649824,0.0,0.0,0.0,0.0,0.0,0.0,0.0,0.0,0.0,0.0,0.0,3.8981476105845174,0.037682769459432684,0.0,0.0,0.0,0.0,-0.3123866021633148,0.015046816319227219,0.9467554566236389,-0.16472046713862704,1,1,0.0,1.8067913055419922,1.8067913055419922,0.0,0.0,0.0,0.0,0.0,0.0,0.0,0.0,0,2,22,34,34720,34,592,58,1024,11,11,13,13,11,13,2,11,8,3,1,1,1,1,1.7904594611456246,0.43128007650375366,1.8014920796539735,0.43128007650375366,b1,0,4.061999999999999,8.394,2.435,4.061999999999999,8.419995509043419,2.435,0,0,0,0,0,0,0,0,1,11,8,1,9,1,83.51769528906327,0,1.7904594611456246,0.43128007650375366,1,11,11,1,26,15,117.8165434570564,0,1.7904594611456246,0.43128007650375366,1,11,11,1,28,17,152.11539162504954,0,1.7904594611456246,0.43128007650375366,1,11,8,1,20,12,128.72850074242336,0,1.7904594611456246,0.43128007650375366,1,14,8,1,21,13,183.6793061980512,0,1.7904594611456246,0.43128007650375366,1,31,11,1,25,14,320.3219903839799,1,1.7904594611456246,0.43128007650375366,1,11,8,1,13,5,88.04383894351345,0,1.3483406944227132,0.4310183782708916,1,11,8,1,9,1,84.45956669524877,0,1.7904594611456246,0.43128007650375366,5,nuscenes_mf/v1.0-mini/mini_val/fcbccedd61424f1b85dcbf8f897f9754/349232409f354033b215b5e37c3312ab,dev,60
1,ct_joint_full,0,0,0,0,0,0,0,0,0,-1.0,0,0.0,0.0,0.0,0,0,0,0,0.49986815452575684,1.0,0,0,0,0,0,0,0,0,0,0,1,0.0,0.0,0.0,0.018929305968929933,0.8137506735592152,0.1526510551962759,0.01627882059611982,0.01627882059611982,0.0,0.0,0.0,0,0.0,0.0,0,0,0,0.018929305968929933,0.8137506735592152,0.1526510551962759,0.018929305968929933,0.8137506735592152,0.1526510551962759,0.018929305968929933,0.018929305968929933,0.018929305968929933,0.0,0,0,1,0.018929305968929933,0.8137506735592152,0.1526510551962759,0.0,0.0,0.0,0.0,0.0,0.0,0.0,0.0,0.0,0.0,0.0,0.018929305968929933,0.8137506735592152,0.0,0.0,0.0,0.0,-0.0,0.0,-0.04340544955698972,0.0011751721182025002,1,1,0.0,1.6243234872817993,1.6243234872817993,0.0,0.0,0.0,0.0,0.0,0.0,0.0,0.0,0,2,0,0,34752,0,0,6,1024,0,0,0,0,0,0,0,0,0,0,0,0,0,0,0.0,0.0,0.0,0.0,base_only,0,0.0,0.0,0.0,0.0,0.0,0.0,0,0,0,0,0,0,0,0,0,0,0,0,0,0,0.0,0,0.0,0.0,0,0,0,0,0,0,0.0,0,0.0,0.0,0,0,0,0,0,0,0.0,0,0.0,0.0,0,0,0,0,0,0,0.0,0,0.0,0.0,0,0,0,0,0,0,0.0,0,0.0,0.0,0,0,0,0,0,0,0.0,0,0.0,0.0,0,0,0,0,0,0,0.0,0,0.0,0.0,0,0,0,0,0,0,0.0,0,0.0,0.0,6,nuscenes_mf/v1.0-mini/mini_val/fcbccedd61424f1b85dcbf8f897f9754/eaaf60765ee8478f8e0bd4942571c6fb,dev,60
2,ct_joint_full,0,0,0,0,0,1,1,0,0,-1.0,0,8.701314926147461,3.8259999752044678,54.231413082311676,0,0,0,0,0.4998757839202881,1.0000152587890625,0,0,0,0,0,1,0,0,1,0,1,1.0,1.0,1.0,3.094132372325029,0.18163115013166112,3.094215238453542,0.03644477305540623,0.024057888067719357,0.0037193533377291774,-0.02376864425554079,0.031677971464331045,1,0.03386540752341919,0.0005596660910163864,1,1,1,3.094132372325029,0.18163115013166112,3.094215238453542,3.094132372325029,0.18163115013166112,3.094215238453542,3.094132372325029,3.094132372325029,3.094132372325029,0.0,0,0,1,3.094132372325029,0.18163115013166112,3.094215238453542,0.0,0.0,0.0,0.0,0.0,0.0,0.0,0.0,0.0,0.0,0.0,3.094132372325029,0.18163115013166112,0.0,0.0,0.0,0.0,-0.08447525650262833,0.0014098156243562698,-0.07455616751188335,-0.08502747316285951,1,1,0.0,1.0169346332550049,1.0169346332550049,0.0,0.0,0.0,0.0,0.0,0.0,0.0,0.0,0,2,0,0,34720,0,0,4,1024,0,0,2,2,0,2,2,0,0,0,1,1,1,1,0.024057888067799297,0.01452714425325391,0.023581646557042323,0.01452714425325391,b1,0,3.826,8.695,1.629,3.826,8.70131478558758,1.629,1,1,0,0,0,0,0,0,1,0,0,0,0,0,54.276051717845725,0,0.024057888067799297,0.01452714425325391,1,0,0,0,0,0,87.59468383438698,0,0.024057888067799297,0.01452714425325391,1,0,0,0,3,3,120.91331595092826,0,0.024057888067799297,0.01452714425325391,1,0,0,0,1,1,84.18386888721307,0,0.024057888067799297,0.01452714425325391,1,0,0,0,1,1,120.60768605506327,0,0.024057888067799297,0.01452714425325391,1,0,0,0,6,6,213.00332038924657,0,0.024057888067799297,0.01452714425325391,1,0,0,0,0,0,54.49999221122089,0,0.03644477311343528,0.002945978178434727,1,0,0,0,0,0,54.425850019578,0,0.024057888067799297,0.01452714425325391,6,nuscenes_mf/v1.0-mini/mini_val/fcbccedd61424f1b85dcbf8f897f9754/eaaf60765ee8478f8e0bd4942571c6fb,dev,60
3,ct_joint_full,0,0,0,0,0,0,0,0,0,-1.0,0,10.854842185974121,3.8259999752044678,67.65338750835248,0,0,0,0,0.5004231929779053,1.0011026859283447,0,0,0,0,0,1,0,0,1,0,1,0.0,0.0,0.0,2.5922546169162763,0.2038445386432709,2.6075433871564058,6.707055038761622,5.253866235674548,-5.253861529407707,-0.0072304010067970135,1.4532254688769732,1,3.2523257956633733,0.7655842752714489,1,1,1,2.5922546169162763,0.2038445386432709,2.6075433871564058,2.5922546169162763,0.2038445386432709,2.6075433871564058,2.5922546169162763,2.5922546169162763,2.5922546169162763,0.0,0,0,1,2.5922546169162763,0.2038445386432709,2.6075433871564058,0.0,0.0,0.0,0.0,0.0,0.0,0.0,0.0,0.0,0.0,0.0,2.5922546169162763,0.2038445386432709,0.0,0.0,0.0,0.0,-0.7559967041015625,-0.013030272908508778,-3.48928112022868,-0.01992555840323985,0,1,0.0,6.00459623336792,2.9358832836151123,0.0,0.0,0.0,0.0,0.0,0.0,0.0,0.0,0,2,0,1,34784,0,0,4,1024,0,0,0,0,0,0,0,0,0,0,0,0,0,0,5.253866235674531,0.2976451851129532,4.1739852308347025,0.2976451851129532,b1,0,3.826,8.695,1.629,3.826,10.854842654166715,1.629,0,0,0,0,0,0,0,0,1,0,0,0,1,1,82.94925998670375,0,5.253866235674531,0.2976451851129532,1,0,0,0,1,1,133.8696160251959,0,5.253866235674531,0.2976451851129532,1,0,0,0,1,1,184.7899720636881,0,5.253866235674531,0.2976451851129532,1,0,0,0,1,1,119.8732199480189,0,5.253866235674531,0.2976451851129532,1,0,0,0,1,1,163.31317991160975,0,5.253866235674531,0.2976451851129532,1,0,0,0,2,2,269.7410998372743,0,5.253866235674531,0.2976451851129532,1,0,0,0,0,0,83.276310893631,0,6.707054686868656,0.3099190715432834,1,0,0,0,1,1,87.95958858549133,0,5.253866235674531,0.2976451851129532,6,nuscenes_mf/v1.0-mini/mini_val/fcbccedd61424f1b85dcbf8f897f9754/eaaf60765ee8478f8e0bd4942571c6fb,dev,60
4,ct_joint_full,0,0,0,0,0,0,0,0,0,-1.0,0,8.893787384033203,3.8259999752044678,55.43100802389955,0,0,0,0,0.5004379749298096,1.0005768537521362,0,0,0,0,0,1,0,0,1,0,1,0.0,0.0,0.0,3.427348503817542,0.1110900059139615,3.443993783244711,1.590962806908507,2.7895905194865347,2.786504057171401,0.1311899213328716,1.2022413227740132,1,2.708800374208555,0.37331163632604464,1,1,1,3.427348503817542,0.1110900059139615,3.443993783244711,3.427348503817542,0.1110900059139615,3.443993783244711,3.427348503817542,3.427348503817542,3.427348503817542,0.0,0,0,1,3.427348503817542,0.1110900059139615,3.443993783244711,0.0,0.0,0.0,0.0,0.0,0.0,0.0,0.0,0.0,0.0,0.0,3.427348503817542,0.1110900059139615,0.0,0.0,0.0,0.0,-0.5508307218551636,0.011711128056049347,0.7259456181243521,0.12300812742847876,1,1,0.0,4.5748701095581055,2.7225427627563477,0.0,0.0,0.0,0.0,0.0,0.0,0.0,0.0,0,2,0,0,34720,0,0,8,1024,0,0,1,1,0,1,1,0,0,0,0,0,0,0,2.7895905194865542,0.3569548137187958,2.6908958580740885,0.3569548137187958,b1,0,3.826,8.695,1.629,3.826,8.893787461032295,1.629,0,0,0,0,0,0,0,0,1,0,0,0,1,1,56.8354402382914,0,2.7895905194865542,0.3569548137187958,1,0,0,0,1,1,91.72521325136162,0,2.7895905194865542,0.3569548137187958,1,0,0,0,2,2,126.61498626443186,0,2.7895905194865542,0.3569548137187958,1,0,0,0,1,1,87.36957105393195,0,2.7895905194865542,0.3569548137187958,1,0,0,0,1,1,124.4197018695725,0,2.7895905194865542,0.3569548137187958,1,0,0,0,3,3,218.06796350009506,0,2.7895905194865542,0.3569548137187958,1,0,0,0,0,0,61.9258398003521,0,1.5909628327956085,0.3379635886568656,1,0,0,0,1,1,60.561833973514744,0,2.7895905194865542,0.3569548137187958,6,nuscenes_mf/v1.0-mini/mini_val/fcbccedd61424f1b85dcbf8f897f9754/eaaf60765ee8478f8e0bd4942571c6fb,dev,60
5,ct_joint_full,0,0,0,0,0,0,0,0,0,-1.0,0,8.965659141540527,3.8259999752044678,55.87895261657471,0,0,0,0,0.5004358291625977,1.0000104904174805,0,0,0,0,0,1,0,0,1,0,1,0.0,0.0,0.0,3.4576408353977865,0.08841482054331086,3.5014566034490526,4.597768383020385,3.6977274759460017,-3.692571524191105,-0.19520314689154097,0.9011576524219745,1,3.3719694815457357,0.2669203683496509,1,1,1,3.4576408353977865,0.08841482054331086,3.5014566034490526,3.4576408353977865,0.08841482054331086,3.5014566034490526,3.4576408353977865,3.4576408353977865,3.4576408353977865,0.0,0,0,1,3.4576408353977865,0.08841482054331086,3.5014566034490526,0.0,0.0,0.0,0.0,0.0,0.0,0.0,0.0,0.0,0.0,0.0,3.4576408353977865,0.08841482054331086,0.0,0.0,0.0,0.0,-0.8622128367424011,0.004001877270638943,-4.3952176935953355,-0.3159544079153955,0,1,0.0,7.18813419342041,3.546912908554077,0.0,0.0,0.0,0.0,0.0,0.0,0.0,0.0,0,2,0,0,34688,0,0,6,1024,0,0,0,0,0,0,0,0,0,0,0,0,0,0,3.6977274759459693,0.5541943411827087,3.5625326746602637,0.5541943411827087,b1,0,3.826,8.695,1.629,3.826,8.965658962323317,1.629,0,0,0,0,0,0,0,0,1,0,0,0,0,0,57.79570338675287,0,3.6977274759459693,0.5541943411827087,1,0,0,0,0,0,93.27495654006954,0,3.6977274759459693,0.5541943411827087,1,0,0,0,1,1,128.75420969338623,0,3.6977274759459693,0.5541943411827087,1,0,0,0,2,2,88.56475534569891,0,3.6977274759459693,0.5541943411827087,1,0,0,0,2,2,125.84980730692064,0,3.6977274759459693,0.5541943411827087,1,0,0,0,3,3,219.96791122632985,0,3.6977274759459693,0.5541943411827087,1,0,0,0,1,1,63.12162264610923,0,4.597768474291978,0.5346665349179764,1,0,0,0,0,0,60.54889138592535,0,3.6977274759459693,0.5541943411827087,6,nuscenes_mf/v1.0-mini/mini_val/fcbccedd61424f1b85dcbf8f897f9754/eaaf60765ee8478f8e0bd4942571c6fb,dev,60
6,ct_joint_full,0,0,0,0,0,0,0,0,0,-1.0,0,8.710737228393555,3.8259999752044678,54.29013808762769,0,0,0,0,0.49986720085144043,0.9988616108894348,0,0,0,0,0,1,0,0,1,0,1,0.0,0.0,0.0,3.966151781353527,0.043428938854656846,4.0291775493162945,3.287095653227025,3.47225346116197,3.460115107610469,0.29008247532473586,0.1863104381764916,1,3.2020664051657444,4.37818714687934,0,0,1,3.966151781353527,0.043428938854656846,4.0291775493162945,3.966151781353527,0.043428938854656846,4.0291775493162945,3.966151781353527,3.966151781353527,3.966151781353527,0.0,0,0,1,3.966151781353527,0.043428938854656846,4.0291775493162945,0.0,0.0,0.0,0.0,0.0,0.0,0.0,0.0,0.0,0.0,0.0,3.966151781353527,0.043428938854656846,0.0,0.0,0.0,0.0,-0.23944930732250214,0.009631527587771416,4.20889812114014,0.6185137028108141,0,1,0.0,1.6594504117965698,1.6594504117965698,0.0,0.0,0.0,0.0,0.0,0.0,0.0,0.0,0,2,0,0,34688,0,0,4,1024,0,0,1,1,0,1,1,0,0,0,0,0,0,0,3.472253461161903,0.7191939869523047,3.464945916839158,0.7191939869523047,b1,0,3.826,8.695,1.629,3.826,8.71073733919079,1.629,0,0,0,0,0,0,0,0,1,0,0,0,2,2,54.39675099903624,0,3.472253461161903,0.7191939869523047,1,0,0,0,2,2,87.78947721084486,0,3.472253461161903,0.7191939869523047,1,0,0,0,2,2,121.1822034226535,0,3.472253461161903,0.7191939869523047,1,0,0,0,2,2,84.33417229691847,0,3.472253461161903,0.7191939869523047,1,0,0,0,2,2,120.78759359707637,0,3.472253461161903,0.7191939869523047,1,0,0,0,3,3,213.24243619815073,0,3.472253461161903,0.7191939869523047,1,0,0,0,2,2,55.94769384002214,0,3.287095647629254,0.7213763896380436,1,0,0,0,2,2,55.159491222185004,0,3.472253461161903,0.7191939869523047,6,nuscenes_mf/v1.0-mini/mini_val/fcbccedd61424f1b85dcbf8f897f9754/eaaf60765ee8478f8e0bd4942571c6fb,dev,60
7,ct_joint_full,0,0,0,0,0,0,0,0,0,-1.0,0,8.781984329223633,3.8259999752044678,54.734189473978766,0,0,0,0,0.4998908042907715,0.9994787573814392,0,0,0,0,0,1,0,0,1,0,1,0.0,0.0,0.0,3.995697890377699,0.041186683628305826,4.059870815346083,4.59451399605232,4.05306190560701,-4.0459541640855825,-0.2399298420266618,0.5423762228705244,1,3.222629748643973,0.36345760596104215,1,1,1,3.995697890377699,0.041186683628305826,4.059870815346083,3.995697890377699,0.041186683628305826,4.059870815346083,3.995697890377699,3.995697890377699,3.995697890377699,0.0,0,0,1,3.995697890377699,0.041186683628305826,4.059870815346083,0.0,0.0,0.0,0.0,0.0,0.0,0.0,0.0,0.0,0.0,0.0,3.995697890377699,0.041186683628305826,0.0,0.0,0.0,0.0,-0.8822946548461914,0.0040301051922142506,-7.463960593825598,-0.6035982669675394,0,1,0.0,6.767399787902832,3.0918941497802734,0.0,0.0,0.0,0.0,0.0,0.0,0.0,0.0,0,2,0,0,34720,0,0,4,1024,0,0,0,0,0,0,0,0,0,0,0,0,0,0,4.053061905606972,0.7268674321174622,4.009606439759424,0.7268674321174622,b1,0,3.826,8.695,1.629,3.826,8.781984595142447,1.629,0,0,0,0,0,0,0,0,1,0,0,0,0,0,55.35012176377745,0,4.053061905606972,0.7268674321174622,1,0,0,0,0,0,89.328097063825,0,4.053061905606972,0.7268674321174622,1,0,0,0,0,0,123.30607236387256,0,4.053061905606972,0.7268674321174622,1,0,0,0,0,0,85.52075685963175,0,4.053061905606972,0.7268674321174622,1,0,0,0,0,0,122.20739195624459,0,4.053061905606972,0.7268674321174622,1,0,0,0,0,0,215.12866214871173,0,4.053061905606972,0.7268674321174622,1,0,0,0,0,0,58.91243801944186,0,4.5945139177822325,0.7157091870532029,1,0,0,0,0,0,56.71719938108311,0,4.053061905606972,0.7268674321174622,6,nuscenes_mf/v1.0-mini/mini_val/fcbccedd61424f1b85dcbf8f897f9754/eaaf60765ee8478f8e0bd4942571c6fb,dev,60
8,ct_joint_full,0,1,1,0,0,0,0,1,1,-1.0,0,8.721485137939453,3.8259999752044678,54.357125011707794,0,0,0,0,0.4993271827697754,0.9988961219787598,0,0,0,0,0,1,0,0,1,0,1,0.0,0.0,0.0,4.40852773591555,0.01759503786213264,4.457822145679677,3.8413325855969385,3.957261684209088,3.938474917974842,0.38514267631003063,0.11680775363538484,1,4.211367987030197,6.735230967270234,0,0,0,4.40852773591555,0.01759503786213264,4.457822145679677,4.40852773591555,0.01759503786213264,4.457822145679677,4.40852773591555,4.40852773591555,4.40852773591555,0.0,0,0,1,4.40852773591555,0.01759503786213264,4.457822145679677,0.0,0.0,0.0,0.0,0.0,0.0,0.0,0.0,0.0,0.0,0.0,4.40852773591555,0.01759503786213264,0.0,0.0,0.0,0.0,-0.18999770283699036,0.006932469084858894,6.218024188065833,0.9824925755066075,0,1,0.0,1.5248197317123413,1.5248197317123413,0.0,0.0,0.0,0.0,0.0,0.0,0.0,0.0,0,2,1,1,34720,1,143,7,1024,1,1,1,1,1,1,0,0,0,0,0,0,0,0,3.957261684209071,0.6689919374585152,3.9442864491986196,0.6689919374585152,b1,0,3.826,8.695,1.629,3.826,8.721485462014966,1.629,0,0,0,0,0,0,0,0,1,0,0,0,0,0,54.54369704641588,0,3.957261684209071,0.6689919374585152,1,0,0,0,3,3,88.02662954881974,0,3.957261684209071,0.6689919374585152,1,0,0,0,3,3,121.50956205122361,0,3.957261684209071,0.6689919374585152,1,0,0,0,0,0,84.51701871081535,0,3.957261684209071,0.6689919374585152,1,1,1,1,1,0,121.00634037521482,0,3.957261684209071,0.6689919374585152,1,1,1,1,2,1,213.5329837009795,0,3.957261684209071,0.6689919374585152,1,0,0,0,0,0,55.11432157373665,0,3.841332595150605,0.6614873882114423,1,0,0,0,0,0,54.92291337293574,0,3.957261684209071,0.6689919374585152,6,nuscenes_mf/v1.0-mini/mini_val/fcbccedd61424f1b85dcbf8f897f9754/eaaf60765ee8478f8e0bd4942571c6fb,dev,60
9,ct_joint_full,0,1,0,0,0,0,0,0,1,-1.0,0,8.761185646057129,3.8259999752044678,54.60456056295276,0,0,0,0,0.49986886978149414,1.00052011013031,0,0,0,0,0,1,0,0,1,0,1,0.0,0.0,0.0,4.470365175621439,0.013901251976397102,4.517557058353769,5.030246848789188,4.506580742427252,-4.50641715395117,-0.038429437939756804,0.5236979549545647,1,3.2221623455479795,0.4682452271372179,1,1,1,4.470365175621439,0.013901251976397102,4.517557058353769,4.470365175621439,0.013901251976397102,4.517557058353769,4.470365175621439,4.470365175621439,4.470365175621439,0.0,0,0,1,4.470365175621439,0.013901251976397102,4.517557058353769,0.0,0.0,0.0,0.0,0.0,0.0,0.0,0.0,0.0,0.0,0.0,4.470365175621439,0.013901251976397102,0.0,0.0,0.0,0.0,-0.874172568321228,0.0042275176383554935,-8.396458569535808,-0.09506450964464604,0,1,0.0,6.586734294891357,3.0131378173828125,0.0,0.0,0.0,0.0,0.0,0.0,0.0,0.0,0,2,1,1,34720,1,70,15,1024,0,0,0,0,0,0,0,0,0,0,0,0,0,0,4.506580742427248,0.6611062578558922,4.473492082029801,0.6611062578558922,b1,0,3.826,8.695,1.629,3.826,8.761186065629143,1.629,0,0,0,0,0,0,0,0,1,0,0,0,1,1,55.073156851830426,0,4.506580742427248,0.6611062578558922,1,0,0,0,1,1,88.8811107203574,0,4.506580742427248,0.6611062578558922,1,0,0,0,3,3,122.68906458888438,0,4.506580742427248,0.6611062578558922,1,0,0,0,1,1,85.17602110384264,0,4.506580742427248,0.6611062578558922,1,0,0,0,1,1,121.79488535509631,0,4.506580742427248,0.6611062578558922,1,1,0,0,1,1,214.58061385760362,0,4.506580742427248,0.6611062578558922,1,0,0,0,1,1,58.710254869329034,0,5.030246881030692,0.6532072498292556,1,0,0,0,1,1,56.49304433470559,0,4.506580742427248,0.6611062578558922,6,nuscenes_mf/v1.0-mini/mini_val/fcbccedd61424f1b85dcbf8f897f9754/eaaf60765ee8478f8e0bd4942571c6fb,dev,60
10,ct_joint_full,0,0,0,0,0,0,0,0,0,-1.0,0,8.723506927490234,3.8259999752044678,54.369725923779654,0,0,0,0,0.49987006187438965,1.000544548034668,0,0,0,0,0,1,0,0,1,0,1,0.0,0.0,0.0,6.746355041764686,0.0,6.782994249980544,4.388323565672835,4.498667247732603,4.496679069862245,0.13373448681840128,0.11050204353559163,1,5.260849440826497,8.872483660247966,0,0,0,6.746355041764686,0.0,6.782994249980544,6.746355041764686,0.0,6.782994249980544,6.746355041764686,6.746355041764686,6.746355041764686,0.0,0,0,1,6.746355041764686,0.0,6.782994249980544,0.0,0.0,0.0,0.0,0.0,0.0,0.0,0.0,0.0,0.0,0.0,6.746355041764686,0.0,0.0,0.0,0.0,0.0,-0.18446865677833557,0.006610765587538481,7.324158117879245,0.3522395889751842,0,1,0.0,1.5102930068969727,1.5102930068969727,0.0,0.0,0.0,0.0,0.0,0.0,0.0,0.0,0,2,1,1,34688,0,0,6,1024,0,0,0,0,0,0,0,0,0,0,0,0,0,0,4.498667247732583,0.7012733466625214,4.484515887263912,0.7012733466625214,b1,0,3.826,8.695,1.629,3.826,8.723506945983324,1.629,0,0,0,0,0,0,0,0,1,0,0,0,1,1,54.570802131086126,0,4.498667247732583,0.7012733466625214,1,0,0,0,1,1,88.07037372782408,0,4.498667247732583,0.7012733466625214,1,0,0,0,7,7,121.56994532456204,0,4.498667247732583,0.7012733466625214,1,0,0,0,1,1,84.55075343903806,0,4.498667247732583,0.7012733466625214,1,0,0,0,1,1,121.04670474774856,0,4.498667247732583,0.7012733466625214,1,0,0,0,1,1,213.58660736516956,0,4.498667247732583,0.7012733466625214,1,0,0,0,1,1,55.2295355316937,0,4.388323559254934,0.6909554777215827,1,0,0,0,1,1,55.10925634059455,0,4.498667247732583,0.7012733466625214,6,nuscenes_mf/v1.0-mini/mini_val/fcbccedd61424f1b85dcbf8f897f9754/eaaf60765ee8478f8e0bd4942571c6fb,dev,60
11,ct_joint_full,0,0,0,0,0,0,0,0,0,-1.0,0,10.257497787475586,3.8259999752044678,63.93040642993725,0,0,0,0,0.4998760223388672,1.0000131130218506,0,0,0,0,0,1,0,0,1,0,1,0.0,0.0,0.0,6.283126428540918,0.0,6.327287148215818,9.522151012785287,8.308753641793995,-8.30868731706922,-0.033247123104111015,1.2134055083499793,1,3.825611888691748,1.6223202930390137,0,1,1,6.283126428540918,0.0,6.327287148215818,6.283126428540918,0.0,6.327287148215818,6.283126428540918,6.283126428540918,6.283126428540918,0.0,0,0,1,6.283126428540918,0.0,6.327287148215818,0.0,0.0,0.0,0.0,0.0,0.0,0.0,0.0,0.0,0.0,0.0,6.283126428540918,0.0,0.0,0.0,0.0,0.0,-0.8099719285964966,-0.011491235345602036,-6.356357479493068,-0.05123603633481993,0,1,0.0,6.523478984832764,3.1237802505493164,0.0,0.0,0.0,0.0,0.0,0.0,0.0,0.0,0,2,1,1,34688,0,0,15,1024,0,0,5,5,0,5,5,0,0,0,0,0,0,0,8.308753641793968,0.7540629557967187,7.52754919440876,0.7540629557967187,b1,0,3.826,8.695,1.629,3.826,10.257497795890554,1.629,0,0,0,0,0,0,0,0,1,0,0,0,3,3,74.99592999350745,0,8.308753641793968,0.7540629557967187,1,0,0,0,3,3,121.03394717798102,0,8.308753641793968,0.7540629557967187,1,0,0,0,9,9,167.07196436245462,0,8.308753641793968,0.7540629557967187,1,0,0,0,3,3,109.97376264284738,0,8.308753641793968,0.7540629557967187,1,0,0,0,5,5,151.46759529598012,0,8.308753641793968,0.7540629557967187,1,0,0,0,7,7,254.0032605976942,0,8.308753641793968,0.7540629557967187,1,0,0,0,3,3,76.2538112272738,0,9.522151025658237,0.7596610749725494,1,0,0,0,3,3,79.01066052241669,0,8.308753641793968,0.7540629557967187,6,nuscenes_mf/v1.0-mini/mini_val/fcbccedd61424f1b85dcbf8f897f9754/eaaf60765ee8478f8e0bd4942571c6fb,dev,60
12,ct_joint_full,0,0,0,0,0,0,0,0,0,-1.0,0,8.788665771484375,3.8259999752044678,54.775831922080386,0,0,0,0,0.3992588520050049,0.7987205386161804,0,0,0,0,0,1,0,0,1,0,1,0.0,0.0,0.0,6.26481090450916,0.0,6.30838920648996,5.62692628569405,6.4090895678895885,6.405994231391793,-0.19917544679670168,0.7823267317541813,1,3.4996572292290073,2.1160601688309395,0,1,1,6.26481090450916,0.0,6.30838920648996,6.26481090450916,0.0,6.30838920648996,6.26481090450916,6.26481090450916,6.26481090450916,0.0,0,0,1,6.26481090450916,0.0,6.30838920648996,0.0,0.0,0.0,0.0,0.0,0.0,0.0,0.0,0.0,0.0,0.0,6.26481090450916,0.0,0.0,0.0,0.0,0.0,-0.5418207049369812,0.011565139517188072,3.8951328964270835,-0.23528358611462405,0,1,0.0,4.409840106964111,2.6059277057647705,0.0,0.0,0.0,0.0,0.0,0.0,0.0,0.0,0,2,3,3,34688,0,0,12,1024,0,0,1,1,0,1,1,0,0,0,0,0,0,0,6.409089567889581,0.7462472371459008,6.362368097253204,0.7462472371459008,b1,0,3.826,8.695,1.629,3.826,8.78866558134978,1.629,0,0,0,0,0,0,0,0,1,0,0,0,1,1,55.43587950187689,0,6.409089567889581,0.7462472371459008,1,0,0,0,6,6,89.46649920836975,0,6.409089567889581,0.7462472371459008,1,0,0,0,11,11,123.49711891486264,0,6.409089567889581,0.7462472371459008,1,0,0,0,1,1,85.62754585636407,0,6.409089567889581,0.7462472371459008,1,0,0,0,2,2,122.33521221009269,0,6.409089567889581,0.7462472371459008,1,0,0,0,13,13,215.2985449205842,0,6.409089567889581,0.7462472371459008,1,0,0,0,1,1,59.09121438409664,0,5.626926250815856,0.738770394585195,1,0,0,0,1,1,57.04768263319113,0,6.409089567889581,0.7462472371459008,6,nuscenes_mf/v1.0-mini/mini_val/fcbccedd61424f1b85dcbf8f897f9754/eaaf60765ee8478f8e0bd4942571c6fb,dev,60
13,ct_joint_full,0,0,0,0,0,0,0,0,0,-1.0,0,8.758499145507812,3.8259999752044678,54.58781680384596,0,0,0,0,0.4998741149902344,1.1119002103805542,0,0,0,0,0,1,0,0,1,0,1,0.0,0.0,0.0,5.972384018744876,0.0,6.017339048829271,6.441171426724042,6.331593987518806,-6.2436102984965505,-1.0518615232372495,0.11154453565654966,1,8.88585926924624,15.925332821100511,0,0,0,5.972384018744876,0.0,6.017339048829271,5.972384018744876,0.0,6.017339048829271,5.972384018744876,5.972384018744876,5.972384018744876,0.0,0,0,1,5.972384018744876,0.0,6.017339048829271,0.0,0.0,0.0,0.0,0.0,0.0,0.0,0.0,0.0,0.0,0.0,5.972384018744876,0.0,0.0,0.0,0.0,0.0,-0.1940002590417862,0.006788247264921665,-11.055826485656429,-2.7988672568210053,0,0,0.0,1.5866048336029053,1.5866048336029053,0.0,0.0,0.0,0.0,0.0,0.0,0.0,0.0,0,2,1,1,34720,0,0,19,1024,0,0,3,3,0,3,3,0,0,0,0,0,0,0,6.331593987518857,0.7402153141498566,6.362668936439798,0.7402153141498566,b1,0,3.826,8.695,1.629,3.826,8.758498686264435,1.629,0,0,0,0,0,0,0,0,1,0,0,0,4,4,55.037157308610624,0,6.331593987518857,0.7402153141498566,1,0,0,0,7,7,88.82301201002905,0,6.331593987518857,0.7402153141498566,1,0,0,0,8,8,122.60886671144749,0,6.331593987518857,0.7402153141498566,1,0,0,0,4,4,85.13121591681568,0,6.331593987518857,0.7402153141498566,1,0,0,0,5,5,121.74127452426218,0,6.331593987518857,0.7402153141498566,1,0,0,0,12,12,214.5093917383966,0,6.331593987518857,0.7402153141498566,1,0,0,0,3,3,54.65279774314616,0,6.4411714253180214,0.7327366152438212,1,0,0,0,4,4,55.21078193829993,0,6.331593987518857,0.7402153141498566,6,nuscenes_mf/v1.0-mini/mini_val/fcbccedd61424f1b85dcbf8f897f9754/eaaf60765ee8478f8e0bd4942571c6fb,dev,60
14,ct_joint_full,0,0,0,0,0,0,0,0,0,-1.0,0,8.739782333374023,3.8259999752044678,54.471163265958104,0,0,0,0,0.49988603591918945,1.1119290590286255,0,0,0,0,0,1,0,0,1,0,1,0.0,0.0,0.0,6.6008106599930665,0.0,6.641364452885947,5.580592175399924,6.05668574709817,6.0511305637024,-0.25934994984382004,0.4764978549067499,1,3.386091646189219,0.9112318687334175,1,1,1,6.6008106599930665,0.0,6.641364452885947,6.6008106599930665,0.0,6.641364452885947,6.6008106599930665,6.6008106599930665,6.6008106599930665,0.0,0,0,1,6.6008106599930665,0.0,6.641364452885947,0.0,0.0,0.0,0.0,0.0,0.0,0.0,0.0,0.0,0.0,0.0,6.6008106599930665,0.0,0.0,0.0,0.0,0.0,-0.8602732419967651,0.004302188288420439,10.064547436025324,-0.7073348426467236,0,1,0.0,6.366202354431152,2.943126678466797,0.0,0.0,0.0,0.0,0.0,0.0,0.0,0.0,0,2,2,2,34688,0,0,16,1024,0,0,1,1,0,1,1,0,0,0,0,0,0,0,6.056685747098146,0.7341650776267052,6.079009171419494,0.7341650776267052,b1,0,3.826,8.695,1.629,3.826,8.73978199307458,1.629,0,0,0,0,0,0,0,0,1,0,0,0,1,1,54.78811832077196,0,6.056685747098146,0.7341650776267052,1,0,0,0,1,1,88.42109457661724,0,6.056685747098146,0.7341650776267052,1,0,0,0,1,1,122.05407083246253,0,6.056685747098146,0.7341650776267052,1,0,0,0,1,1,84.82123632895387,0,6.056685747098146,0.7341650776267052,1,0,0,0,1,1,121.37035433637723,0,6.056685747098146,0.7341650776267052,1,0,0,0,4,4,214.0165903542582,0,6.056685747098146,0.7341650776267052,1,0,0,0,1,1,58.2477763832348,0,5.580592193330327,0.7285321699113536,1,0,0,0,1,1,56.10412605455229,0,6.056685747098146,0.7341650776267052,6,nuscenes_mf/v1.0-mini/mini_val/fcbccedd61424f1b85dcbf8f897f9754/eaaf60765ee8478f8e0bd4942571c6fb,dev,60
15,ct_joint_full,0,0,0,0,0,0,0,0,0,-1.0,0,8.71627140045166,3.8259999752044678,54.32463011251117,0,0,0,0,0.4998509883880615,0.9999418258666992,0,0,0,0,0,1,0,0,1,0,1,0.0,0.0,0.0,6.7463462261974625,0.0,6.7851687283565285,7.444382505905147,6.734665116418567,-6.702577029508635,0.6566420275505488,0.7124910965826484,1,3.584596827664041,1.0723682940762513,1,1,1,6.7463462261974625,0.0,6.7851687283565285,6.7463462261974625,0.0,6.7851687283565285,6.7463462261974625,6.7463462261974625,6.7463462261974625,0.0,0,0,1,6.7463462261974625,0.0,6.7851687283565285,0.0,0.0,0.0,0.0,0.0,0.0,0.0,0.0,0.0,0.0,0.0,6.7463462261974625,0.0,0.0,0.0,0.0,0.0,-0.8513621091842651,0.006821739953011274,-8.860427382221019,1.3047046890700256,0,0,0.0,6.604064464569092,3.1922543048858643,0.0,0.0,0.0,0.0,0.0,0.0,0.0,0.0,0,2,0,0,34720,0,0,16,1024,0,0,0,0,0,0,0,0,0,0,0,0,0,0,6.7346651164185145,0.7328167758584023,6.724388947155226,0.7328167758584023,b1,0,3.826,8.695,1.629,3.826,8.716271835885944,1.629,0,0,0,0,0,0,0,0,1,0,0,0,0,0,54.473287548383695,0,6.7346651164185145,0.7328167758584023,1,0,0,0,1,1,87.91299752283655,0,6.7346651164185145,0.7328167758584023,1,0,0,0,7,7,121.35270749728942,0,6.7346651164185145,0.7328167758584023,1,0,0,0,0,0,84.42939504311978,0,6.7346651164185145,0.7328167758584023,1,0,0,0,0,0,120.901502539373,0,6.7346651164185145,0.7328167758584023,1,0,0,0,3,3,213.39371752960375,0,6.7346651164185145,0.7328167758584023,1,0,0,0,0,0,59.489132248510955,0,7.444382577525194,0.7326439375675863,1,0,0,0,0,0,56.15352643350553,0,6.7346651164185145,0.7328167758584023,6,nuscenes_mf/v1.0-mini/mini_val/fcbccedd61424f1b85dcbf8f897f9754/eaaf60765ee8478f8e0bd4942571c6fb,dev,60
16,ct_joint_full,0,0,0,0,0,0,0,0,0,-1.0,0,8.743791580200195,3.8259999752044678,54.49615111234965,0,0,0,0,0.45009803771972656,0.9004328846931458,0,0,0,0,0,1,0,0,1,0,1,0.0,0.0,0.0,7.283567883461088,0.0,7.319294229232211,6.793933273093404,6.908317742795066,6.851128126695259,-0.8870736263351776,0.11502024066959894,1,10.967109803177442,20.216292627289942,0,0,0,7.283567883461088,0.0,7.319294229232211,7.283567883461088,0.0,7.319294229232211,7.283567883461088,7.283567883461088,7.283567883461088,0.0,0,0,1,7.283567883461088,0.0,7.319294229232211,0.0,0.0,0.0,0.0,0.0,0.0,0.0,0.0,0.0,0.0,0.0,7.283567883461088,0.0,0.0,0.0,0.0,0.0,-0.20022615790367126,0.0075305067002773285,11.72971961403727,-2.368183670369864,0,0,0.0,1.5364609956741333,1.5364609956741333,0.0,0.0,0.0,0.0,0.0,0.0,0.0,0.0,0,2,27,28,34720,0,0,22,1024,0,0,0,0,0,0,0,0,0,0,0,0,0,0,6.908317742795088,0.7247946388721467,6.883983708147322,0.7247946388721467,b1,0,3.826,8.695,1.629,3.826,8.74379178314122,1.629,0,0,0,0,0,0,0,0,1,0,0,0,1,1,54.841127361426594,0,6.908317742795088,0.7247946388721467,1,0,0,0,5,5,88.50664446481923,0,6.908317742795088,0.7247946388721467,1,0,0,0,13,13,122.17216156821188,0,6.908317742795088,0.7247946388721467,1,0,0,0,3,3,84.8872218965711,0,6.908317742795088,0.7247946388721467,1,0,0,0,4,4,121.44931643247418,0,6.908317742795088,0.7247946388721467,1,0,0,0,7,7,214.12150550200465,0,6.908317742795088,0.7247946388721467,1,0,0,0,1,1,55.28182680967354,0,6.7939332847805165,0.716218171296154,1,0,0,0,1,1,55.51509958077828,0,6.908317742795088,0.7247946388721467,6,nuscenes_mf/v1.0-mini/mini_val/fcbccedd61424f1b85dcbf8f897f9754/eaaf60765ee8478f8e0bd4942571c6fb,dev,60
17,ct_joint_full,0,0,0,0,0,0,0,0,0,-1.0,0,8.764396667480469,3.8259999752044678,54.62457342660651,0,0,0,0,0.5004448890686035,1.0536247491836548,0,0,0,0,0,1,0,0,1,0,1,0.0,0.0,0.0,6.911287380795405,0.0,6.947834006221142,7.969786905500696,7.450307426975705,-7.385340010662209,0.9817528296285546,0.5235489596660746,1,3.6757235774692893,1.3394556540840865,1,1,1,6.911287380795405,0.0,6.947834006221142,6.911287380795405,0.0,6.947834006221142,6.911287380795405,6.911287380795405,6.911287380795405,0.0,0,0,1,6.911287380795405,0.0,6.947834006221142,0.0,0.0,0.0,0.0,0.0,0.0,0.0,0.0,0.0,0.0,0.0,6.911287380795405,0.0,0.0,0.0,0.0,0.0,-0.8769621849060059,0.004198615904897451,-13.24771599182199,2.5475264494010617,0,0,0.0,6.6450581550598145,3.0408051013946533,0.0,0.0,0.0,0.0,0.0,0.0,0.0,0.0,0,2,39,40,34784,0,0,21,1024,0,0,1,1,0,1,1,0,0,0,0,0,0,0,7.450307426975681,0.7222928084135056,7.41602985606256,0.7222928084135056,b1,0,3.826,8.695,1.629,3.826,8.7643965143578,1.629,0,0,0,0,0,0,0,0,1,0,0,0,1,1,55.115911996345034,0,7.450307426975681,0.7222928084135056,1,0,0,0,5,5,88.95011211687606,0,7.450307426975681,0.7222928084135056,1,0,0,0,11,11,122.78431223740708,0,7.450307426975681,0.7222928084135056,1,0,0,0,3,3,85.22923800572147,0,7.450307426975681,0.7222928084135056,1,0,0,0,4,4,121.85856401661503,0,7.450307426975681,0.7222928084135056,1,0,0,0,7,7,214.66521603688506,0,7.450307426975681,0.7222928084135056,1,0,0,0,1,1,58.35918220696272,0,7.969786878156835,0.720894009083954,1,0,0,0,1,1,56.076223902121264,0,7.450307426975681,0.7222928084135056,6,nuscenes_mf/v1.0-mini/mini_val/fcbccedd61424f1b85dcbf8f897f9754/eaaf60765ee8478f8e0bd4942571c6fb,dev,60
18,ct_joint_full,0,1,0,0,0,0,0,0,1,-1.0,0,8.699536323547363,3.8259999752044678,54.220327845984315,0,0,0,0,0.5004091262817383,1.0528911352157593,0,0,0,0,0,1,0,0,1,0,1,0.0,0.0,0.0,6.847537918695617,0.0,6.883640666770751,6.160326780266195,6.875991930479947,6.875899413293566,0.03576394753078738,0.7157067454100963,1,3.571887134789397,1.1306419358233,1,1,1,6.847537918695617,0.0,6.883640666770751,6.847537918695617,0.0,6.883640666770751,6.847537918695617,6.847537918695617,6.847537918695617,0.0,0,0,1,6.847537918695617,0.0,6.883640666770751,0.0,0.0,0.0,0.0,0.0,0.0,0.0,0.0,0.0,0.0,0.0,6.847537918695617,0.0,0.0,0.0,0.0,0.0,-0.845130443572998,0.007008764892816544,7.274263415851526,0.07700587249264616,0,1,0.0,6.466839790344238,3.1263887882232666,0.0,0.0,0.0,0.0,0.0,0.0,0.0,0.0,0,2,29,47,34784,1,48,19,1024,0,0,0,0,0,0,0,0,0,0,0,0,0,0,6.875991930479965,0.7116910271048547,6.877394154829106,0.7116910271048547,b1,0,3.826,8.695,1.629,3.826,8.699536755710696,1.629,0,0,0,0,0,0,0,0,1,0,0,0,2,2,54.2400590107888,0,6.875991930479965,0.7116910271048547,1,0,0,0,4,4,87.53659615676105,0,6.875991930479965,0.7116910271048547,1,0,0,0,13,13,120.8331333027333,0,6.875991930479965,0.7116910271048547,1,0,0,0,11,11,84.1392497982597,0,6.875991930479965,0.7116910271048547,1,0,0,0,13,13,120.55444058724773,0,6.875991930479965,0.7116910271048547,1,0,0,0,16,16,212.93282216446522,0,6.875991930479965,0.7116910271048547,1,0,0,0,3,3,59.69416869537959,0,6.160326795435557,0.6990317213603359,1,0,0,0,2,2,56.33417107245937,0,6.875991930479965,0.7116910271048547,6,nuscenes_mf/v1.0-mini/mini_val/fcbccedd61424f1b85dcbf8f897f9754/eaaf60765ee8478f8e0bd4942571c6fb,dev,60
19,ct_joint_full,0,0,0,0,0,0,0,0,0,-1.0,0,8.725934982299805,3.8259999752044678,54.38485890591878,0,0,0,0,0.500432014465332,1.0000100135803223,0,0,0,0,0,1,0,0,1,0,1,0.0,0.0,0.0,6.277216294761789,0.0,6.3159972641604085,6.894210316292747,6.785073553009986,-6.770715841492168,-0.44116912432693905,0.10955665438121004,1,10.94352742733794,20.243857079788796,0,0,0,6.277216294761789,0.0,6.3159972641604085,6.277216294761789,0.0,6.3159972641604085,6.277216294761789,6.277216294761789,6.277216294761789,0.0,0,0,1,6.277216294761789,0.0,6.3159972641604085,0.0,0.0,0.0,0.0,0.0,0.0,0.0,0.0,0.0,0.0,0.0,6.277216294761789,0.0,0.0,0.0,0.0,0.0,-0.18412302434444427,0.006606977432966232,-11.566185968498429,-1.1394653785122222,0,0,0.0,1.5080229043960571,1.5080229043960571,0.0,0.0,0.0,0.0,0.0,0.0,0.0,0.0,0,2,24,32,34752,0,0,15,1024,0,0,0,0,0,0,0,0,0,0,0,0,0,0,6.785073553009953,0.7040832914113999,6.800373686650846,0.7040832914113999,b1,0,3.826,8.695,1.629,3.826,8.725934838293366,1.629,0,0,0,0,0,0,0,0,1,0,0,0,0,0,54.60320133463433,0,6.785073553009953,0.7040832914113999,1,0,0,0,4,4,88.12266194521403,0,6.785073553009953,0.7040832914113999,1,0,0,0,11,11,121.64212255579373,0,6.785073553009953,0.7040832914113999,1,0,0,0,1,1,84.59107943970105,0,6.785073553009953,0.7040832914113999,1,0,0,0,10,10,121.09495754628489,0,6.785073553009953,0.7040832914113999,1,0,0,0,26,26,213.65071375945257,0,6.785073553009953,0.7040832914113999,1,0,0,0,0,0,55.09767427932063,0,6.894210311182026,0.6972235714606623,1,0,0,0,0,0,55.03083085570466,0,6.785073553009953,0.7040832914113999,6,nuscenes_mf/v1.0-mini/mini_val/fcbccedd61424f1b85dcbf8f897f9754/eaaf60765ee8478f8e0bd4942571c6fb,dev,60
20,ct_joint_full,0,3,0,0,0,0,0,0,3,-1.0,0,8.84424877166748,3.8259999752044678,55.122255959006814,0,0,0,0,0.5502018928527832,1.0994789600372314,0,0,0,0,0,1,0,0,1,0,1,0.0,0.0,0.0,6.13328695379344,0.0,6.172212351186676,5.418731675652168,6.014739752765563,6.0137720719971375,0.10788609843741336,0.5961477485415065,1,3.489638396235641,0.7256063384460133,1,1,1,6.13328695379344,0.0,6.172212351186676,6.13328695379344,0.0,6.172212351186676,6.13328695379344,6.13328695379344,6.13328695379344,0.0,0,0,1,6.13328695379344,0.0,6.172212351186676,0.0,0.0,0.0,0.0,0.0,0.0,0.0,0.0,0.0,0.0,0.0,6.13328695379344,0.0,0.0,0.0,0.0,0.0,-0.8945536017417908,0.003685337956994772,8.129483990976725,0.2593616711542687,0,1,0.0,7.065308094024658,3.227276563644409,0.0,0.0,0.0,0.0,0.0,0.0,0.0,0.0,0,2,14,14,34752,3,204,15,1024,0,0,0,0,0,0,0,0,0,0,0,0,0,0,6.014739752765666,0.698839773952961,6.089362179477482,0.698839773952961,b1,0,3.826,8.695,1.629,3.826,8.844249019923952,1.629,0,0,0,0,0,0,0,0,1,0,0,0,3,3,56.17919535553688,0,6.014739752765666,0.698839773952961,1,0,0,0,9,9,90.66611699797818,0,6.014739752765666,0.698839773952961,1,0,0,0,9,9,125.15303864041948,0,6.014739752765666,0.698839773952961,1,0,0,0,9,9,86.55269846468791,0,6.014739752765666,0.698839773952961,1,0,0,0,20,20,123.44220157383894,0,6.014739752765666,0.698839773952961,1,0,0,0,57,57,216.769207792141,0,6.014739752765666,0.698839773952961,1,0,0,0,5,5,59.99448016652899,0,5.418731685454655,0.6937893561116626,1,0,0,0,3,3,58.00864986820027,0,6.014739752765666,0.698839773952961,6,nuscenes_mf/v1.0-mini/mini_val/fcbccedd61424f1b85dcbf8f897f9754/eaaf60765ee8478f8e0bd4942571c6fb,dev,60
21,ct_joint_full,0,0,0,0,0,0,0,0,0,-1.0,0,8.726287841796875,3.8259999752044678,54.387058121704904,0,0,0,0,0.5019419193267822,0.955502986907959,0,0,0,0,0,1,0,0,1,0,1,0.0,0.0,0.0,6.048331988358848,0.0,6.0872484006745555,6.114997621113489,5.989639005123584,-5.986996794589958,-0.17789489950661574,0.1255340908576033,1,8.368878574721142,14.99276835034713,0,0,0,6.048331988358848,0.0,6.0872484006745555,6.048331988358848,0.0,6.0872484006745555,6.048331988358848,6.048331988358848,6.048331988358848,0.0,0,0,1,6.048331988358848,0.0,6.0872484006745555,0.0,0.0,0.0,0.0,0.0,0.0,0.0,0.0,0.0,0.0,0.0,6.048331988358848,0.0,0.0,0.0,0.0,0.0,-0.19871129095554352,0.007383977063000202,-9.678357655768938,-0.433681175968562,0,1,0.0,1.546891212463379,1.546891212463379,0.0,0.0,0.0,0.0,0.0,0.0,0.0,0.0,0,2,3,3,34752,0,0,21,1024,0,0,0,0,0,0,0,0,0,0,0,0,0,0,5.989639005123604,0.6920956946611405,6.005161324175686,0.6920956946611405,b1,0,3.826,8.695,1.629,3.826,8.726288259824656,1.629,0,0,0,0,0,0,0,0,1,0,0,0,15,15,54.607642584542276,0,5.989639005123604,0.6920956946611405,1,0,0,0,20,20,88.1298295609341,0,5.989639005123604,0.6920956946611405,1,0,0,0,29,29,121.65201653732592,0,5.989639005123604,0.6920956946611405,1,0,0,0,21,21,84.59661131777521,0,5.989639005123604,0.6920956946611405,1,0,0,0,30,30,121.1015800479739,0,5.989639005123604,0.6920956946611405,1,0,0,0,49,49,213.65951751292263,0,5.989639005123604,0.6920956946611405,1,0,0,0,15,15,55.270460596897706,0,6.114997607669463,0.68572979728472,1,0,0,0,15,15,55.11761023594594,0,5.989639005123604,0.6920956946611405,6,nuscenes_mf/v1.0-mini/mini_val/fcbccedd61424f1b85dcbf8f897f9754/eaaf60765ee8478f8e0bd4942571c6fb,dev,60
22,ct_joint_full,0,0,0,0,0,0,0,0,0,-1.0,0,8.700407028198242,3.8259999752044678,54.22575455953224,0,0,0,0,0.49837207794189453,0.9473459124565125,0,0,0,0,0,1,0,0,1,0,1,0.0,0.0,0.0,6.658551576842261,0.0,6.693553424867721,6.134162868079248,6.099029944194669,-6.089606764589417,-0.33890576097467157,0.0352086734298417,1,13.377950319615914,26.042869704898028,0,0,0,6.658551576842261,0.0,6.693553424867721,6.658551576842261,0.0,6.693553424867721,6.658551576842261,6.658551576842261,6.658551576842261,0.0,0,0,1,6.658551576842261,0.0,6.693553424867721,0.0,0.0,0.0,0.0,0.0,0.0,0.0,0.0,0.0,0.0,0.0,6.658551576842261,0.0,0.0,0.0,0.0,0.0,-0.08752855658531189,0.0012446308974176645,-15.227042491988888,-1.1731640958934724,0,0,0.0,1.1951333284378052,1.1951333284378052,0.0,0.0,0.0,0.0,0.0,0.0,0.0,0.0,0,2,0,0,34720,0,0,45,1024,0,0,10,10,0,10,10,0,0,0,0,0,0,0,6.099029944194621,0.6872213981747628,6.096326610238556,0.6872213981747628,b1,0,3.826,8.695,1.629,3.826,8.700406988087185,1.629,0,0,0,0,0,0,0,0,1,0,0,0,10,10,54.263964507251515,0,6.099029944194621,0.6872213981747628,1,0,0,0,15,15,87.5751766050118,0,6.099029944194621,0.6872213981747628,1,0,0,0,27,27,120.8863887027721,0,6.099029944194621,0.6872213981747628,1,0,0,0,20,20,84.16882401969983,0,6.099029944194621,0.6872213981747628,1,0,0,0,30,30,120.58968353214813,0,6.099029944194621,0.6872213981747628,1,0,0,0,60,60,212.97940255780333,0,6.099029944194621,0.6872213981747628,1,0,0,0,10,10,54.83203893741061,0,6.134162868754375,0.6826823483064768,1,0,0,0,10,10,54.651050861688404,0,6.099029944194621,0.6872213981747628,6,nuscenes_mf/v1.0-mini/mini_val/fcbccedd61424f1b85dcbf8f897f9754/eaaf60765ee8478f8e0bd4942571c6fb,dev,60
23,ct_joint_full,0,3,0,0,0,0,0,0,3,-1.0,0,8.820698738098145,3.8259999752044678,54.97547910867547,0,0,0,0,0.4998610019683838,0.9994081854820251,0,0,0,0,0,1,0,0,1,0,0,0.0,0.0,0.0,6.352978928531656,0.0,6.389263222078095,7.40594843815571,6.8302625187650134,-6.8290901626268505,0.1265519968106439,0.5757543623017412,1,3.5938528216296284,0.9379085374700716,1,1,1,6.352978928531656,0.0,6.389263222078095,6.352978928531656,0.0,6.389263222078095,6.352978928531656,6.352978928531656,6.352978928531656,0.0,0,0,1,6.352978928531656,0.0,6.389263222078095,0.0,0.0,0.0,0.0,0.0,0.0,0.0,0.0,0.0,0.0,0.0,6.352978928531656,0.0,0.0,0.0,0.0,0.0,-0.8932207822799683,0.0034748241305351257,-11.48785036910271,0.31229889402739947,0,1,0.0,7.057314872741699,3.2246806621551514,0.0,0.0,0.0,0.0,0.0,0.0,0.0,0.0,0,2,14,14,34688,3,44,83,1024,0,0,27,27,0,27,27,0,0,0,0,0,0,0,6.830262518765025,0.6836288101673127,6.767441655340859,0.6836288101673127,b1,0,3.826,8.695,1.629,3.826,8.820698271546666,1.629,0,0,0,0,0,0,0,0,1,0,0,0,18,18,55.865626075183044,0,6.830262518765025,0.6836288101673127,1,0,0,0,19,19,90.16005583281536,0,6.830262518765025,0.6836288101673127,1,0,0,0,35,35,124.45448559044767,0,6.830262518765025,0.6836288101673127,1,0,0,0,39,39,86.1624009045884,0,6.830262518765025,0.6836288101673127,1,0,0,0,56,56,122.97517573399377,0,6.830262518765025,0.6836288101673127,1,0,0,0,98,98,216.14872539432162,0,6.830262518765025,0.6836288101673127,1,0,0,0,14,14,59.5239812849683,0,7.405948447078534,0.6803379959345266,1,0,0,0,18,18,57.45608609887874,0,6.830262518765025,0.6836288101673127,6,nuscenes_mf/v1.0-mini/mini_val/fcbccedd61424f1b85dcbf8f897f9754/eaaf60765ee8478f8e0bd4942571c6fb,dev,60
24,ct_joint_full,0,13,1,0,0,0,0,1,13,-1.0,0,8.75778865814209,3.8259999752044678,54.58338865314146,0,0,0,0,0.49933600425720215,1.0004397630691528,0,0,0,0,0,1,0,0,1,0,0,0.0,0.0,0.0,6.8342151617245985,0.0,6.867457036674115,5.817573139509136,6.4608693865868965,6.460247549387338,0.089635971794456,0.6434386460363076,1,3.401025297187915,1.3887043037874514,0,1,1,6.8342151617245985,0.0,6.867457036674115,6.8342151617245985,0.0,6.867457036674115,6.8342151617245985,6.8342151617245985,6.8342151617245985,0.0,0,0,1,6.8342151617245985,0.0,6.867457036674115,0.0,0.0,0.0,0.0,0.0,0.0,0.0,0.0,0.0,0.0,0.0,6.8342151617245985,0.0,0.0,0.0,0.0,0.0,-0.7719689607620239,0.0077710235491395,6.978890823995171,0.18553998659797424,0,1,0.0,5.484193325042725,2.731369733810425,0.0,0.0,0.0,0.0,0.0,0.0,0.0,0.0,0,2,38,38,34688,13,98,125,1024,0,1,59,60,1,60,59,0,0,0,0,0,0,0,6.460869386586823,0.6799582741856576,6.429566691489339,0.6799582741856576,b1,0,3.826,8.695,1.629,3.826,8.757789057036886,1.629,0,0,0,0,0,0,0,0,1,0,0,0,52,52,55.02720346555626,0,6.460869386586823,0.6799582741856576,1,0,0,0,65,65,88.80694776608189,0,6.460869386586823,0.6799582741856576,1,0,0,0,84,84,122.58669206660753,0,6.460869386586823,0.6799582741856576,1,0,0,0,73,73,85.11883385307993,0,6.460869386586823,0.6799582741856576,1,0,0,0,92,92,121.72646423984506,0,6.460869386586823,0.6799582741856576,1,0,0,0,155,155,214.4897250148924,0,6.460869386586823,0.6799582741856576,1,0,0,0,62,62,58.547345794744324,0,5.817573163726476,0.6762747998775867,1,0,0,0,59,59,56.607323391051864,0,6.460869386586823,0.6799582741856576,6,nuscenes_mf/v1.0-mini/mini_val/fcbccedd61424f1b85dcbf8f897f9754/eaaf60765ee8478f8e0bd4942571c6fb,dev,60
25,ct_joint_full,0,3,0,0,0,0,0,0,3,-1.0,0,8.702281951904297,3.8259999752044678,54.23744012233095,0,0,0,0,0.49987292289733887,1.00054931640625,0,0,0,0,0,1,0,0,1,0,0,0.0,0.0,0.0,6.250866124705277,0.0,6.286366027056662,7.319874599894272,6.679809864589598,-6.679463563984027,-0.06803984182894035,0.6401317035287867,1,3.4951830908996397,1.1688527674163454,1,1,1,6.250866124705277,0.0,6.286366027056662,6.250866124705277,0.0,6.286366027056662,6.250866124705277,6.250866124705277,6.250866124705277,0.0,0,0,1,6.250866124705277,0.0,6.286366027056662,0.0,0.0,0.0,0.0,0.0,0.0,0.0,0.0,0.0,0.0,0.0,6.250866124705277,0.0,0.0,0.0,0.0,0.0,-0.8323631882667542,0.006721294950693846,-9.517775531910335,-0.13742516935943216,0,1,0.0,6.1795806884765625,2.972805976867676,0.0,0.0,0.0,0.0,0.0,0.0,0.0,0.0,0,2,118,124,34688,3,13,156,1024,0,0,81,81,0,81,81,0,0,0,0,0,0,0,6.679809864589574,0.6748846374154092,6.6830711580879365,0.6748846374154092,b1,0,3.826,8.695,1.629,3.826,8.702282259925692,1.629,0,0,0,0,0,0,0,0,1,0,0,0,49,49,54.28386606493592,0,6.679809864589574,0.6748846374154092,1,0,0,0,58,58,87.60729520240426,0,6.679809864589574,0.6748846374154092,1,0,0,0,82,82,120.9307243398726,0,6.679809864589574,0.6748846374154092,1,0,0,0,98,98,84.19366971764434,0,6.679809864589574,0.6748846374154092,1,0,0,0,124,124,120.61947337035276,0,6.679809864589574,0.6748846374154092,1,0,0,0,211,211,213.01908067425248,0,6.679809864589574,0.6748846374154092,1,0,0,0,55,55,58.94149039433592,0,7.319874601111303,0.6694532345395725,1,0,0,0,49,49,55.95498574451845,0,6.679809864589574,0.6748846374154092,6,nuscenes_mf/v1.0-mini/mini_val/fcbccedd61424f1b85dcbf8f897f9754/eaaf60765ee8478f8e0bd4942571c6fb,dev,60
26,ct_joint_full,0,31,3,0,0,0,0,1,31,-1.0,0,8.712745666503906,3.8259999752044678,54.302655786129264,0,0,0,0,0.49988412857055664,1.0005598068237305,0,0,0,0,0,1,0,0,1,0,0,0.0,0.0,0.0,6.66275250414351,0.0,6.695932516864492,5.629776947089356,6.300685949394965,6.300175887722141,0.08019744886068286,0.6710306065257833,1,3.439147672216434,1.042185229381598,1,1,1,6.66275250414351,0.0,6.695932516864492,6.66275250414351,0.0,6.695932516864492,6.66275250414351,6.66275250414351,6.66275250414351,0.0,0,0,1,6.66275250414351,0.0,6.695932516864492,0.0,0.0,0.0,0.0,0.0,0.0,0.0,0.0,0.0,0.0,0.0,6.66275250414351,0.0,0.0,0.0,0.0,0.0,-0.8274531364440918,0.007169635035097599,6.941451373111827,0.16985151481527042,0,1,0.0,6.173470973968506,2.9975454807281494,0.0,0.0,0.0,0.0,0.0,0.0,0.0,0.0,0,2,268,288,34752,31,119,254,1024,3,3,108,107,3,108,105,0,0,0,0,0,0,0,6.300685949395017,0.6671360559463502,6.292014154407943,0.6671360559463502,b1,0,3.826,8.695,1.629,3.826,8.712746077096433,1.629,0,0,0,0,0,0,0,0,1,0,0,0,105,105,54.42582161176577,0,6.300685949395017,0.6671360559463502,1,0,0,0,139,139,87.83639350358024,0,6.300685949395017,0.6671360559463502,1,0,0,0,167,167,121.24696539539471,0,6.300685949395017,0.6671360559463502,1,0,0,0,139,139,84.37032217276096,0,6.300685949395017,0.6671360559463502,1,0,0,0,245,245,120.83082273148047,0,6.300685949395017,0.6671360559463502,1,0,0,0,341,341,213.29982385271228,0,6.300685949395017,0.6671360559463502,1,0,0,0,105,105,59.08170671993661,0,5.629776960381649,0.658719539932838,1,0,0,0,112,112,56.161413889421965,0,6.300685949395017,0.6671360559463502,6,nuscenes_mf/v1.0-mini/mini_val/fcbccedd61424f1b85dcbf8f897f9754/eaaf60765ee8478f8e0bd4942571c6fb,dev,60
27,ct_joint_full,0,35,14,0,0,0,0,1,35,-1.0,0,8.762609481811523,3.8259999752044678,54.6134346958411,0,0,0,0,0.44955992698669434,0.8993383646011353,0,0,0,0,0,1,0,0,1,0,0,0.0,0.0,0.0,6.4026035013204465,0.0,6.436903917975635,7.200590793725496,6.627060781558237,-6.626957967166894,0.03692152987838988,0.5735300263292517,1,3.4355005863213326,1.397583652119594,0,1,1,6.4026035013204465,0.0,6.436903917975635,6.4026035013204465,0.0,6.436903917975635,6.4026035013204465,6.4026035013204465,6.4026035013204465,0.0,0,0,1,6.4026035013204465,0.0,6.436903917975635,0.0,0.0,0.0,0.0,0.0,0.0,0.0,0.0,0.0,0.0,0.0,6.4026035013204465,0.0,0.0,0.0,0.0,0.0,-0.7869213819503784,0.007385336793959141,-9.879700649489523,0.08931543144652557,0,1,0.0,5.606001853942871,2.7534947395324707,0.0,0.0,0.0,0.0,0.0,0.0,0.0,0.0,0,2,370,425,34720,35,80,384,1024,14,14,187,187,14,187,173,0,0,0,0,0,0,0,6.6270607815582725,0.6657637260556222,6.660833573197539,0.6657637260556222,b1,0,3.826,8.695,1.629,3.826,8.76260972851124,1.629,0,0,0,0,0,0,0,0,1,0,0,0,145,145,55.09167515838006,0,6.6270607815582725,0.6657637260556222,1,0,0,0,208,208,88.91099692534144,0,6.6270607815582725,0.6657637260556222,1,0,0,0,263,263,122.7303186923028,0,6.6270607815582725,0.6657637260556222,1,0,0,0,297,297,85.19907712969417,0,6.6270607815582725,0.6657637260556222,1,0,0,0,358,358,121.82247909949115,0,6.6270607815582725,0.6657637260556222,1,0,0,0,621,621,214.61728304363646,0,6.6270607815582725,0.6657637260556222,1,0,0,0,138,138,57.805564345009,0,7.200590807918667,0.665818864817381,1,0,0,0,145,145,56.18953213223848,0,6.6270607815582725,0.6657637260556222,6,nuscenes_mf/v1.0-mini/mini_val/fcbccedd61424f1b85dcbf8f897f9754/eaaf60765ee8478f8e0bd4942571c6fb,dev,60
28,ct_joint_full,0,75,24,0,0,0,0,1,75,-1.0,0,8.72214412689209,3.8259999752044678,54.36123219578405,0,0,0,0,0.5501871109008789,1.1589668989181519,0,0,0,0,0,1,0,0,1,0,0,0.0,0.0,0.0,6.729332384484094,0.0,6.761784832186591,5.85456936960244,6.4630164937387455,6.421338091870835,-0.7328034717764906,0.6124287452702483,1,3.420452921609317,1.4016799311245167,0,1,1,6.729332384484094,0.0,6.761784832186591,6.729332384484094,0.0,6.761784832186591,6.729332384484094,6.729332384484094,6.729332384484094,0.0,0,0,1,6.729332384484094,0.0,6.761784832186591,0.0,0.0,0.0,0.0,0.0,0.0,0.0,0.0,0.0,0.0,0.0,6.729332384484094,0.0,0.0,0.0,0.0,0.0,-0.7892360687255859,0.0065057179890573025,7.486039232313297,-1.5306140751434687,0,0,0.0,5.569382667541504,2.724619150161743,0.0,0.0,0.0,0.0,0.0,0.0,0.0,0.0,0,2,468,523,34720,75,98,749,1024,22,24,361,363,24,363,339,0,0,0,0,0,0,0,6.46301649373875,0.6636267430782319,6.449444559084546,0.6636267430782319,b1,0,3.826,8.695,1.629,3.826,8.722143879937438,1.629,0,0,0,0,0,0,0,0,1,0,0,0,394,394,54.552208764044565,0,6.46301649373875,0.6636267430782319,1,0,0,0,519,519,88.04036638469807,0,6.46301649373875,0.6636267430782319,1,0,0,0,613,613,121.52852400535158,0,6.46301649373875,0.6636267430782319,1,0,0,0,553,553,84.5276169297332,0,6.46301649373875,0.6636267430782319,1,0,0,0,755,755,121.01902509314614,0,6.46301649373875,0.6636267430782319,1,10,10,1,1437,1427,213.5498414207306,0,6.46301649373875,0.6636267430782319,1,0,0,0,465,465,58.64534657565579,0,5.854569384758682,0.6606912967189235,1,0,0,0,409,409,56.17515944996327,0,6.46301649373875,0.6636267430782319,6,nuscenes_mf/v1.0-mini/mini_val/fcbccedd61424f1b85dcbf8f897f9754/eaaf60765ee8478f8e0bd4942571c6fb,dev,60
29,ct_joint_full,0,111,30,0,0,0,0,1,111,-1.0,0,8.746761322021484,3.8259999752044678,54.5146601879118,0,0,0,0,0.4998970031738281,1.000046968460083,0,0,0,0,0,1,0,0,1,0,0,0.0,0.0,0.0,6.191777303221956,0.0,6.226267630881254,7.078692438216356,6.612442038023513,-6.6056044787430706,0.30063611064303203,0.46660178775626315,1,3.4072648188284416,2.1194762986523665,0,1,1,6.191777303221956,0.0,6.226267630881254,6.191777303221956,0.0,6.226267630881254,6.191777303221956,6.191777303221956,6.191777303221956,0.0,0,0,1,6.191777303221956,0.0,6.226267630881254,0.0,0.0,0.0,0.0,0.0,0.0,0.0,0.0,0.0,0.0,0.0,6.191777303221956,0.0,0.0,0.0,0.0,0.0,-0.6946470737457275,0.00586741603910923,-10.528790183129948,0.7160069382943111,0,1,0.0,4.5557732582092285,2.295914888381958,0.0,0.0,0.0,0.0,0.0,0.0,0.0,0.0,0,2,436,486,34688,111,90,1224,1024,30,30,505,505,30,505,475,0,0,0,0,0,0,0,6.612442038023506,0.661679511487484,6.63832272825143,0.661679511487484,b1,0,3.826,8.695,1.629,3.826,8.746761544954001,1.629,0,0,0,0,0,0,0,0,1,0,0,0,522,522,54.88082058691839,0,6.612442038023506,0.661679511487484,1,0,0,0,684,684,88.57070431123907,0,6.612442038023506,0.661679511487484,1,0,0,0,796,796,122.26058803555975,0,6.612442038023506,0.661679511487484,1,0,0,0,886,886,84.93662555539096,0,6.612442038023506,0.661679511487484,1,0,0,0,1462,1462,121.5084305223464,0,6.612442038023506,0.661679511487484,1,8,8,1,2566,2558,214.2000404577744,0,6.612442038023506,0.661679511487484,1,0,0,0,506,506,57.451839394233545,0,7.078692437119936,0.6600620286988998,1,0,0,0,523,523,56.044254116338415,0,6.612442038023506,0.661679511487484,6,nuscenes_mf/v1.0-mini/mini_val/fcbccedd61424f1b85dcbf8f897f9754/eaaf60765ee8478f8e0bd4942571c6fb,dev,60
30,ct_joint_full,0,141,63,0,0,0,0,1,141,-1.0,0,8.710579872131348,3.8259999752044678,54.28915735626361,0,0,0,0,0.4998588562011719,0.9520358443260193,0,0,0,0,0,1,0,0,1,0,0,0.0,0.0,0.0,6.4818668728659645,0.0,6.514656569452356,5.479153072745965,6.112098953797833,6.112045152019615,0.025697071153986,0.6329724585369131,1,3.4267077024910306,0.9081725232071585,1,1,1,6.4818668728659645,0.0,6.514656569452356,6.4818668728659645,0.0,6.514656569452356,6.4818668728659645,6.4818668728659645,6.4818668728659645,0.0,0,0,1,6.4818668728659645,0.0,6.514656569452356,0.0,0.0,0.0,0.0,0.0,0.0,0.0,0.0,0.0,0.0,0.0,6.4818668728659645,0.0,0.0,0.0,0.0,0.0,-0.8502190709114075,0.006157324183732271,7.359663559949648,0.06205290984276522,0,1,0.0,6.413857936859131,3.047008752822876,0.0,0.0,0.0,0.0,0.0,0.0,0.0,0.0,0,2,330,359,34688,141,95,1469,1024,63,63,666,669,63,669,606,0,0,0,0,0,0,0,6.112098953797925,0.6544481940269471,6.11976519643578,0.6544481940269471,b1,0,3.826,8.695,1.629,3.826,8.710579727432126,1.629,0,0,0,0,0,0,0,0,1,0,0,0,817,817,54.397658831150274,0,6.112098953797925,0.6544481940269471,1,0,0,0,1000,1000,87.79094233707431,0,6.112098953797925,0.6544481940269471,1,0,0,0,1097,1097,121.18422584299836,0,6.112098953797925,0.6544481940269471,1,0,0,0,1480,1480,84.33525815145252,0,6.112098953797925,0.6544481940269471,1,0,0,0,2679,2679,120.78885746872052,0,6.112098953797925,0.6544481940269471,1,32,30,1,3786,3756,213.24405610629077,0,6.112098953797925,0.6544481940269471,1,0,0,0,948,948,59.017776921195924,0,5.479153054952923,0.6459175051617636,1,0,0,0,834,834,56.00316782135887,0,6.112098953797925,0.6544481940269471,6,nuscenes_mf/v1.0-mini/mini_val/fcbccedd61424f1b85dcbf8f897f9754/eaaf60765ee8478f8e0bd4942571c6fb,dev,60
31,ct_joint_full,0,94,49,0,0,0,0,1,94,-1.0,0,8.748494148254395,3.8259999752044678,54.52546012056962,0,0,0,0,0.49987316131591797,0.9999904632568359,0,0,0,0,0,1,0,0,1,0,0,0.0,0.0,0.0,6.132913342228679,0.0,6.167204056242635,6.977935330760989,6.363302457214629,-6.361507586133751,0.15113090412152855,0.6147235784190872,1,3.3755353181312695,1.3323475298782614,1,1,1,6.132913342228679,0.0,6.167204056242635,6.132913342228679,0.0,6.167204056242635,6.132913342228679,6.132913342228679,6.132913342228679,0.0,0,0,1,6.132913342228679,0.0,6.167204056242635,0.0,0.0,0.0,0.0,0.0,0.0,0.0,0.0,0.0,0.0,0.0,6.132913342228679,0.0,0.0,0.0,0.0,0.0,-0.7796873450279236,0.007354522589594126,-8.84846763371745,0.3210981900952263,0,1,0.0,5.517651081085205,2.7221152782440186,0.0,0.0,0.0,0.0,0.0,0.0,0.0,0.0,0,2,209,234,34752,94,71,1386,1024,49,49,628,629,49,629,580,0,0,0,0,0,0,0,6.363302457214684,0.6528032324910165,6.39002525567868,0.6528032324910165,b1,0,3.826,8.695,1.629,3.826,8.74849374911279,1.629,0,0,0,0,0,0,0,0,1,0,0,0,665,665,54.90347487896774,0,6.363302457214684,0.6528032324910165,1,0,0,0,750,750,88.6072654737914,0,6.363302457214684,0.6528032324910165,1,0,0,0,854,854,122.31105606861506,0,6.363302457214684,0.6528032324910165,1,0,0,0,1204,1204,84.96482920658123,0,6.363302457214684,0.6528032324910165,1,0,0,0,2230,2230,121.5421835364704,0,6.363302457214684,0.6528032324910165,1,8,8,1,3428,3420,214.24489218866313,0,6.363302457214684,0.6528032324910165,1,0,0,0,750,750,58.38460571816478,0,6.977935309400483,0.6525547015482063,1,0,0,0,673,673,56.387376950797645,0,6.363302457214684,0.6528032324910165,6,nuscenes_mf/v1.0-mini/mini_val/fcbccedd61424f1b85dcbf8f897f9754/eaaf60765ee8478f8e0bd4942571c6fb,dev,60
32,ct_joint_full,0,78,54,0,0,0,0,1,78,-1.0,0,8.751812934875488,3.8259999752044678,54.5461446366121,0,0,0,0,0.5004467964172363,1.0011619329452515,0,0,0,0,0,1,0,0,1,0,0,0.0,0.0,0.0,6.479692806725247,0.0,6.511758851291889,5.62525031187897,6.125979280868714,6.107715439811273,-0.4726882759192711,0.5021357323479899,1,3.275375069546333,1.6350441006176293,0,1,1,6.479692806725247,0.0,6.511758851291889,6.479692806725247,0.0,6.511758851291889,6.479692806725247,6.479692806725247,6.479692806725247,0.0,0,0,1,6.479692806725247,0.0,6.511758851291889,0.0,0.0,0.0,0.0,0.0,0.0,0.0,0.0,0.0,0.0,0.0,6.479692806725247,0.0,0.0,0.0,0.0,0.0,-0.7223303318023682,0.0063447593711316586,8.063848477316157,-1.080079245272581,0,0,0.0,4.833439826965332,2.416438102722168,0.0,0.0,0.0,0.0,0.0,0.0,0.0,0.0,0,2,123,137,34784,78,100,868,1024,51,54,407,410,54,410,356,0,0,0,0,0,0,0,6.125979280868755,0.6494457699060441,6.097584712478817,0.6494457699060441,b1,0,3.826,8.695,1.629,3.826,8.751812525858602,1.629,0,0,0,0,0,0,0,0,1,0,0,0,331,331,54.94801962351194,0,6.125979280868755,0.6494457699060441,1,0,0,0,387,387,88.67915505844867,0,6.125979280868755,0.6494457699060441,1,0,0,0,459,459,122.4102904933854,0,6.125979280868755,0.6494457699060441,1,0,0,0,572,572,85.02026851679385,0,6.125979280868755,0.6494457699060441,1,0,0,0,938,938,121.60851741007576,0,6.125979280868755,0.6494457699060441,1,11,11,1,1918,1907,214.3330151943639,0,6.125979280868755,0.6494457699060441,1,0,0,0,315,315,57.72563865287361,0,5.625250356666891,0.6456553516569749,1,0,0,0,340,340,56.26935213823293,0,6.125979280868755,0.6494457699060441,6,nuscenes_mf/v1.0-mini/mini_val/fcbccedd61424f1b85dcbf8f897f9754/eaaf60765ee8478f8e0bd4942571c6fb,dev,60
33,ct_joint_full,0,43,26,0,0,0,0,1,43,-1.0,0,8.708593368530273,3.8259999752044678,54.27677636577036,0,0,0,0,0.500432014465332,1.0005439519882202,0,0,0,0,0,1,0,0,1,0,0,0.0,0.0,0.0,5.9502118337627055,0.0,5.984815743613379,6.999056597419219,6.401124012813216,-6.38619540224634,0.43692261258619947,0.5990386729999797,1,3.4263335852913928,1.1451381025896208,1,1,1,5.9502118337627055,0.0,5.984815743613379,5.9502118337627055,0.0,5.984815743613379,5.9502118337627055,5.9502118337627055,5.9502118337627055,0.0,0,0,1,5.9502118337627055,0.0,5.984815743613379,0.0,0.0,0.0,0.0,0.0,0.0,0.0,0.0,0.0,0.0,0.0,5.9502118337627055,0.0,0.0,0.0,0.0,0.0,-0.8280293941497803,0.0063381502404809,-9.655535184867848,0.9789367150183612,0,1,0.0,6.02874755859375,2.87837290763855,0.0,0.0,0.0,0.0,0.0,0.0,0.0,0.0,0,2,64,78,34688,43,75,538,1024,26,26,221,221,26,221,195,0,0,0,0,0,0,0,6.401124012813233,0.645433550298214,6.407851503734443,0.645433550298214,b1,0,3.826,8.695,1.629,3.826,8.70859303986304,1.629,0,0,0,0,0,0,0,0,1,0,0,0,224,224,54.37090772044519,0,6.401124012813233,0.645433550298214,1,0,0,0,267,267,87.74776942728693,0,6.401124012813233,0.645433550298214,1,0,0,0,325,325,121.12463113412866,0,6.401124012813233,0.645433550298214,1,0,0,0,331,331,84.30196561419032,0,6.401124012813233,0.645433550298214,1,0,0,0,465,465,120.74902350641834,0,6.401124012813233,0.645433550298214,1,0,0,0,819,819,213.19113929011579,0,6.401124012813233,0.645433550298214,1,0,0,0,244,244,58.70620788538445,0,6.999056616566512,0.6412586394720936,1,0,0,0,231,231,56.043012580186705,0,6.401124012813233,0.645433550298214,6,nuscenes_mf/v1.0-mini/mini_val/fcbccedd61424f1b85dcbf8f897f9754/eaaf60765ee8478f8e0bd4942571c6fb,dev,60
34,ct_joint_full,0,27,20,0,0,0,0,1,27,-1.0,0,8.772350311279297,3.8259999752044678,54.67414493919108,0,0,0,0,0.5999610424041748,1.1988685131072998,0,0,0,0,0,1,0,0,1,0,0,0.0,0.0,0.0,6.31789595026777,0.0,6.35023772350873,5.11170349129395,5.90536182701588,5.8853277221142015,-0.48601962609177285,0.7964452680695598,1,3.462401507946099,0.7999904128953713,1,1,1,6.31789595026777,0.0,6.35023772350873,6.31789595026777,0.0,6.35023772350873,6.31789595026777,6.31789595026777,6.31789595026777,0.0,0,0,1,6.31789595026777,0.0,6.35023772350873,0.0,0.0,0.0,0.0,0.0,0.0,0.0,0.0,0.0,0.0,0.0,6.31789595026777,0.0,0.0,0.0,0.0,0.0,-0.8601964116096497,0.006558464840054512,5.496285826568813,-0.872418085718151,0,1,0.0,6.676887512207031,3.201931953430176,0.0,0.0,0.0,0.0,0.0,0.0,0.0,0.0,0,2,36,38,34720,27,169,183,1024,20,20,96,96,20,96,76,0,0,0,0,0,0,0,5.905361827015935,0.642649685561657,5.943716074727411,0.642649685561657,b1,0,3.826,8.695,1.629,3.826,8.77234995025541,1.629,0,0,0,0,0,0,0,0,1,0,0,0,70,70,55.221340740032495,0,5.905361827015935,0.642649685561657,1,0,0,0,87,87,89.12026077688485,0,5.905361827015935,0.642649685561657,1,0,0,0,104,104,123.01918081373721,0,5.905361827015935,0.642649685561657,1,0,0,0,91,91,85.36047132084472,0,5.905361827015935,0.642649685561657,1,0,0,0,121,121,122.01560190165695,0,5.905361827015935,0.642649685561657,1,8,7,1,284,277,214.8738630655571,0,5.905361827015935,0.642649685561657,1,0,0,0,64,64,61.321524849551544,0,5.111703493299061,0.6397534866674952,1,0,0,0,70,70,58.1800899694281,0,5.905361827015935,0.642649685561657,6,nuscenes_mf/v1.0-mini/mini_val/fcbccedd61424f1b85dcbf8f897f9754/eaaf60765ee8478f8e0bd4942571c6fb,dev,60
35,ct_joint_full,0,15,4,0,0,0,0,1,15,-1.0,0,8.789752960205078,3.8259999752044678,54.78260788423223,0,0,0,0,0.4003429412841797,0.7276362776756287,0,0,0,0,0,1,0,0,1,0,0,0.0,0.0,0.0,6.028978958683067,0.0,6.062809131980834,6.683824081172864,6.256727109359212,-6.213700407065515,0.7325054871382409,0.429522765471835,1,3.3532234213579333,2.116950230167038,0,1,1,6.028978958683067,0.0,6.062809131980834,6.028978958683067,0.0,6.062809131980834,6.028978958683067,6.028978958683067,6.028978958683067,0.0,0,0,1,6.028978958683067,0.0,6.062809131980834,0.0,0.0,0.0,0.0,0.0,0.0,0.0,0.0,0.0,0.0,0.0,6.028978958683067,0.0,0.0,0.0,0.0,0.0,-0.661483645439148,0.0077919610776007175,-10.23111559047792,1.7958480970298496,0,0,0.0,4.3802170753479,2.2651705741882324,0.0,0.0,0.0,0.0,0.0,0.0,0.0,0.0,0,2,30,31,34752,15,136,126,1024,4,4,49,49,4,49,45,0,0,0,0,0,0,0,6.256727109359136,0.640085858821869,6.303939079167796,0.640085858821869,b1,0,3.826,8.695,1.629,3.826,8.789752759416446,1.629,0,0,0,0,0,0,0,0,1,0,0,0,49,49,55.45327420100849,0,6.256727109359136,0.640085858821869,1,0,0,0,54,54,89.49457205307019,0,6.256727109359136,0.640085858821869,1,0,0,0,64,64,123.53586990513188,0,6.256727109359136,0.640085858821869,1,0,0,0,65,65,85.64915407667588,0,6.256727109359136,0.640085858821869,1,0,0,0,79,79,122.36103395234328,0,6.256727109359136,0.640085858821869,1,0,0,0,166,166,215.33279370216093,0,6.256727109359136,0.640085858821869,1,0,0,0,53,53,56.430998602013375,0,6.683824068455563,0.6384689809999505,1,0,0,0,51,51,55.90344894989047,0,6.256727109359136,0.640085858821869,6,nuscenes_mf/v1.0-mini/mini_val/fcbccedd61424f1b85dcbf8f897f9754/eaaf60765ee8478f8e0bd4942571c6fb,dev,60
36,ct_joint_full,0,7,5,0,0,0,0,1,7,-1.0,0,8.722114562988281,3.8259999752044678,54.36104793716413,0,0,0,0,0.4998791217803955,0.9994544386863708,0,0,0,0,0,1,0,0,1,0,1,0.0,0.0,0.0,6.479776063188263,0.0,6.510998634725879,5.489321286761061,6.087920170862846,6.0110010399783125,-0.9646975614429305,0.6066079773386783,1,3.437276417612197,1.030511487720732,1,1,1,6.479776063188263,0.0,6.510998634725879,6.479776063188263,0.0,6.510998634725879,6.479776063188263,6.479776063188263,6.479776063188263,0.0,0,0,1,6.479776063188263,0.0,6.510998634725879,0.0,0.0,0.0,0.0,0.0,0.0,0.0,0.0,0.0,0.0,0.0,6.479776063188263,0.0,0.0,0.0,0.0,0.0,-0.8428432941436768,0.0064146132208406925,7.5091553626495795,-2.150051948037428,0,0,0.0,6.249200820922852,2.9729864597320557,0.0,0.0,0.0,0.0,0.0,0.0,0.0,0.0,0,2,10,10,34720,7,122,50,1024,5,5,24,24,5,24,19,0,0,0,0,0,0,0,6.0879201708628194,0.6395836822390557,6.074381926765955,0.6395836822390557,b1,0,3.826,8.695,1.629,3.826,8.72211479375741,1.629,0,0,0,0,0,0,0,0,1,0,0,0,26,26,54.55200210134871,0,6.0879201708628194,0.6395836822390557,1,0,0,0,35,35,88.04003285724112,0,6.0879201708628194,0.6395836822390557,1,0,0,0,42,42,121.52806361313351,0,6.0879201708628194,0.6395836822390557,1,0,0,0,35,35,84.52735704555222,0,6.0879201708628194,0.6395836822390557,1,0,0,0,48,48,121.0187119905143,0,6.0879201708628194,0.6395836822390557,1,1,1,1,64,63,213.54942187816278,0,6.0879201708628194,0.6395836822390557,1,0,0,0,25,25,58.32536612688091,0,5.4893212711657196,0.6393337232896031,1,0,0,0,26,26,55.79046480742541,0,6.0879201708628194,0.6395836822390557,6,nuscenes_mf/v1.0-mini/mini_val/fcbccedd61424f1b85dcbf8f897f9754/eaaf60765ee8478f8e0bd4942571c6fb,dev,60
37,ct_joint_full,0,2,1,0,0,0,0,1,2,-1.0,0,8.700103759765625,3.8259999752044678,54.22386442272146,0,0,0,0,0.5009880065917969,1.1130321025848389,0,0,0,0,0,1,0,0,1,0,1,0.0,0.0,0.0,6.097660848161828,0.0,6.1305925028316235,7.160729141113638,6.507449241607392,-6.488824460486604,0.49198913204667594,0.6547681495688055,1,3.4694353257208803,1.1488492319166144,1,1,1,6.097660848161828,0.0,6.1305925028316235,6.097660848161828,0.0,6.1305925028316235,6.097660848161828,6.097660848161828,6.097660848161828,0.0,0,0,1,6.097660848161828,0.0,6.1305925028316235,0.0,0.0,0.0,0.0,0.0,0.0,0.0,0.0,0.0,0.0,0.0,6.097660848161828,0.0,0.0,0.0,0.0,0.0,-0.829673171043396,0.006697177421301603,-9.051925866703602,1.0271803121110405,0,0,0.0,6.12849235534668,2.9507572650909424,0.0,0.0,0.0,0.0,0.0,0.0,0.0,0.0,0,2,3,3,34752,2,51,41,1024,1,1,15,15,1,15,14,0,0,0,0,0,0,0,6.507449241607442,0.6368715665936471,6.509542328423321,0.6368715665936471,b1,0,3.826,8.695,1.629,3.826,8.70010409311037,1.629,0,0,0,0,0,0,0,0,1,0,0,0,19,19,54.251864369239655,0,6.507449241607442,0.6368715665936471,1,0,0,0,22,22,87.55564851241931,0,6.507449241607442,0.6368715665936471,1,0,0,0,28,28,120.85943265559897,0,6.507449241607442,0.6368715665936471,1,0,0,0,30,30,84.15388145568268,0,6.507449241607442,0.6368715665936471,1,0,0,0,44,44,120.57189854060859,0,6.507449241607442,0.6368715665936471,1,0,0,0,61,61,212.95593271121896,0,6.507449241607442,0.6368715665936471,1,0,0,0,21,21,59.19613294140709,0,7.160729137958456,0.633571956199195,1,0,0,0,19,19,56.154476471961274,0,6.507449241607442,0.6368715665936471,6,nuscenes_mf/v1.0-mini/mini_val/fcbccedd61424f1b85dcbf8f897f9754/eaaf60765ee8478f8e0bd4942571c6fb,dev,60
38,ct_joint_full,0,1,1,0,0,0,0,1,1,-1.0,0,8.723322868347168,3.8259999752044678,54.368578765275,0,0,0,0,0.4993109703063965,0.9977567791938782,0,0,0,0,0,1,0,0,1,0,1,0.0,0.0,0.0,6.396267331887068,0.0,6.427557106658244,5.3491261846547244,5.997074310651707,5.983726277502677,-0.3998994538750154,0.6493219326338123,1,3.3748192238810066,0.9982649183278087,1,1,1,6.396267331887068,0.0,6.427557106658244,6.396267331887068,0.0,6.427557106658244,6.396267331887068,6.396267331887068,6.396267331887068,0.0,0,0,1,6.396267331887068,0.0,6.427557106658244,0.0,0.0,0.0,0.0,0.0,0.0,0.0,0.0,0.0,0.0,0.0,6.396267331887068,0.0,0.0,0.0,0.0,0.0,-0.8206872940063477,0.0071114604361355305,6.742335856393364,-0.8207114860543812,0,1,0.0,6.045437335968018,2.9340474605560303,0.0,0.0,0.0,0.0,0.0,0.0,0.0,0.0,0,2,1,1,34720,1,51,22,1024,1,1,3,3,1,3,2,0,0,0,0,0,0,0,5.997074310651691,0.6345838136672974,5.9829343265780315,0.6345838136672974,b1,0,3.826,8.695,1.629,3.826,8.723322680075986,1.629,0,0,0,0,0,0,0,0,1,0,0,0,3,3,54.567682106954514,0,5.997074310651691,0.6345838136672974,1,0,0,0,8,8,88.0653384034275,0,5.997074310651691,0.6345838136672974,1,0,0,0,17,17,121.5629946999005,0,5.997074310651691,0.6345838136672974,1,0,0,0,5,5,84.54687974918866,0,5.997074310651691,0.6345838136672974,1,0,0,0,7,7,121.04207739218138,0,5.997074310651691,0.6345838136672974,1,0,0,0,15,15,213.58047267589112,0,5.997074310651691,0.6345838136672974,1,0,0,0,3,3,58.91680348446689,0,5.349126183183027,0.6324107129308666,1,0,0,0,3,3,56.329927694175595,0,5.997074310651691,0.6345838136672974,6,nuscenes_mf/v1.0-mini/mini_val/fcbccedd61424f1b85dcbf8f897f9754/eaaf60765ee8478f8e0bd4942571c6fb,dev,60
1,ct_joint_full,0,9,0,0,0,0,0,0,9,-1.0,0,0.0,0.0,0.0,0,0,0,0,0.4998750686645508,1.0,0,0,0,0,0,0,0,0,0,0,1,0.0,0.0,0.0,0.005242551953366993,0.9568513516258882,0.03164197467634931,0.02529822128146783,0.02529822128146783,0.0,0.0,0.0,0,0.0,0.0,0,0,0,0.005242551953366993,0.9568513516258882,0.03164197467634931,0.005242551953366993,0.9568513516258882,0.03164197467634931,0.005242551953366993,0.005242551953366993,0.005242551953366993,0.0,0,0,1,0.005242551953366993,0.9568513516258882,0.03164197467634931,0.0,0.0,0.0,0.0,0.0,0.0,0.0,0.0,0.0,0.0,0.0,0.005242551953366993,0.9568513516258882,0.0,0.0,0.0,0.0,-0.0,0.0,-0.02744157685472634,-0.08404596706805277,1,1,0.0,1.6243269443511963,1.6243269443511963,0.0,0.0,0.0,0.0,0.0,0.0,0.0,0.0,0,2,8,9,34720,9,287,30,1024,0,0,0,0,0,0,0,0,0,0,0,0,0,0,0.0,0.0,0.0,0.0,base_only,0,0.0,0.0,0.0,0.0,0.0,0.0,0,0,0,0,0,0,0,0,0,0,0,0,0,0,0.0,0,0.0,0.0,0,0,0,0,0,0,0.0,0,0.0,0.0,0,0,0,0,0,0,0.0,0,0.0,0.0,0,0,0,0,0,0,0.0,0,0.0,0.0,0,0,0,0,0,0,0.0,0,0.0,0.0,0,0,0,0,0,0,0.0,0,0.0,0.0,0,0,0,0,0,0,0.0,0,0.0,0.0,0,0,0,0,0,0,0.0,0,0.0,0.0,7,nuscenes_mf/v1.0-mini/mini_val/325cef682f064c55a255f2625c533b75/ca5b3ca5aea745ee8fe12b0f74d77f8e,dev,60
2,ct_joint_full,0,7,5,0,0,2,2,1,7,-1.0,0,8.9815673828125,3.743000030517578,56.780814155336216,0,0,0,0,0.5004169940948486,1.0010840892791748,0,0,0,0,0,1,0,0,1,0,1,2.0,2.0,2.0,0.35648924465634363,0.7848135151541721,0.3608189669671386,0.010515808702282508,0.022072826569000756,0.021834205926503994,0.0032368447476789457,0.031714907165442084,1,0.05050012944074289,0.0004633238500717432,1,1,1,0.35648924465634363,0.7848135151541721,0.3608189669671386,0.35648924465634363,0.7848135151541721,0.3608189669671386,0.35648924465634363,0.35648924465634363,0.35648924465634363,0.0,0,0,1,0.35648924465634363,0.7848135151541721,0.3608189669671386,0.0,0.0,0.0,0.0,0.0,0.0,0.0,0.0,0.0,0.0,0.0,0.35648924465634363,0.7848135151541721,0.0,0.0,0.0,0.0,-0.08454388380050659,0.0013385253259912133,-0.026335519818908918,0.013106191459846176,1,1,0.0,1.025452733039856,1.025452733039856,0.0,0.0,0.0,0.0,0.0,0.0,0.0,0.0,0,2,6,7,34752,7,273,25,1024,5,5,14,14,5,14,9,7,7,0,1,1,1,1,0.02207282656890182,0.05220465046167374,0.02134846856238133,0.05220465046167374,b1,0,3.7430000000000003,8.98,1.689,3.7430000000000003,8.981567081743139,1.689,2,2,0,0,0,0,0,0,1,7,7,1,14,7,56.79236292025913,0,0.02207282656890182,0.05220465046167374,1,7,7,1,14,7,90.41720775167364,0,0.02207282656890182,0.05220465046167374,1,7,7,1,14,7,124.04205258308816,0,0.02207282656890182,0.05220465046167374,1,7,7,1,24,17,87.98665643642005,0,0.02207282656890182,0.05220465046167374,1,7,7,1,32,25,125.93694995022146,0,0.02207282656890182,0.05220465046167374,1,7,7,1,48,41,222.1055369809703,0,0.02207282656890182,0.05220465046167374,1,7,7,1,14,7,57.05043444731656,0,0.010515810432095622,0.06242036400678402,1,7,7,1,14,7,56.881036744028904,0,0.02207282656890182,0.05220465046167374,7,nuscenes_mf/v1.0-mini/mini_val/325cef682f064c55a255f2625c533b75/ca5b3ca5aea745ee8fe12b0f74d77f8e,dev,60
3,ct_joint_full,0,4,4,0,0,0,0,1,4,-1.0,0,9.023616790771484,3.743000030517578,57.046647446664636,0,0,0,0,0.40035295486450195,0.8004721403121948,0,0,0,0,0,1,0,0,1,0,1,0.0,0.0,0.0,0.13258211616722473,0.819215108790248,0.15486304352144475,0.6954160158363701,0.30776193248926925,-0.3059816761564413,0.03305492195361185,0.3885795402843834,1,2.5920034095438726,0.003463873225929537,1,1,1,0.13258211616722473,0.819215108790248,0.15486304352144475,0.13258211616722473,0.819215108790248,0.15486304352144475,0.13258211616722473,0.13258211616722473,0.13258211616722473,0.0,0,0,1,0.13258211616722473,0.819215108790248,0.15486304352144475,0.0,0.0,0.0,0.0,0.0,0.0,0.0,0.0,0.0,0.0,0.0,0.13258211616722473,0.819215108790248,0.0,0.0,0.0,0.0,-0.7931959629058838,0.004458012990653515,-1.4177918004708128,0.10463884454428372,0,1,0.0,5.335423946380615,2.4990313053131104,0.0,0.0,0.0,0.0,0.0,0.0,0.0,0.0,0,2,3,4,34752,4,136,30,1024,4,4,8,8,4,8,4,1,1,0,1,1,1,1,0.3077619324892332,0.07272921466827392,0.32951499739237106,0.07272921466827392,b1,0,3.7430000000000003,8.98,1.689,3.7430000000000003,9.023617253765389,1.689,0,0,0,0,0,0,0,0,1,1,1,1,4,3,57.37723764972808,0,0.3077619324892332,0.07272921466827392,1,1,1,1,10,9,91.34836710486609,0,0.3077619324892332,0.07272921466827392,1,1,1,1,11,10,125.31949656000408,0,0.3077619324892332,0.07272921466827392,1,4,4,1,7,3,88.71360882935906,0,0.3077619324892332,0.07272921466827392,1,4,4,1,10,6,126.80598000741703,0,0.3077619324892332,0.07272921466827392,1,4,4,1,38,34,223.2587223674655,0,0.3077619324892332,0.07272921466827392,1,0,0,0,3,3,59.22960138982607,0,0.6954160333755985,0.07447773488409551,1,1,1,1,4,3,57.99439320027098,0,0.3077619324892332,0.07272921466827392,7,nuscenes_mf/v1.0-mini/mini_val/325cef682f064c55a255f2625c533b75/ca5b3ca5aea745ee8fe12b0f74d77f8e,dev,60
4,ct_joint_full,0,0,0,0,0,0,0,0,0,-1.0,0,9.08247184753418,3.743000030517578,57.41872482444387,0,0,0,0,0.4999210834503174,1.1099861860275269,0,0,0,0,0,1,0,0,1,0,1,0.0,0.0,0.0,0.28926196251905045,0.7379507392884769,0.3068485207996399,0.9801901887048169,0.24692533076737255,-0.23312956100748503,-0.08138015509997161,0.7439228097187104,1,3.175777972677046,0.0016647595935940303,1,1,1,0.28926196251905045,0.7379507392884769,0.3068485207996399,0.28926196251905045,0.7379507392884769,0.3068485207996399,0.28926196251905045,0.28926196251905045,0.28926196251905045,0.0,0,0,1,0.28926196251905045,0.7379507392884769,0.3068485207996399,0.0,0.0,0.0,0.0,0.0,0.0,0.0,0.0,0.0,0.0,0.0,0.28926196251905045,0.7379507392884769,0.0,0.0,0.0,0.0,-0.8777967095375061,0.005751015618443489,-1.152881689528411,-0.15343118096004532,0,1,0.0,7.075967311859131,3.3812365531921387,0.0,0.0,0.0,0.0,0.0,0.0,0.0,0.0,0,2,0,0,34688,0,0,32,1024,0,0,3,3,0,3,3,0,0,0,1,1,1,1,0.24692533076728704,0.10202839946746826,0.19869213288807924,0.10202839946746826,b1,0,3.7430000000000003,8.98,1.689,3.7430000000000003,9.082471984547915,1.689,0,0,0,0,0,0,0,0,1,0,0,0,6,6,58.19551249371982,0,0.24692533076728704,0.10202839946746826,1,0,0,0,12,12,92.65111491747341,0,0.24692533076728704,0.10202839946746826,1,0,0,0,14,14,127.106717341227,0,0.24692533076728704,0.10202839946746826,1,0,0,0,6,6,89.73066560174107,0,0.24692533076728704,0.10202839946746826,1,0,0,0,6,6,128.0218187081893,0,0.24692533076728704,0.10202839946746826,1,0,0,0,34,34,224.8721249258048,0,0.24692533076728704,0.10202839946746826,1,0,0,0,6,6,63.61474357740328,0,0.9801901598908134,0.11269505451754015,1,0,0,0,6,6,60.83583201141347,0,0.24692533076728704,0.10202839946746826,7,nuscenes_mf/v1.0-mini/mini_val/325cef682f064c55a255f2625c533b75/ca5b3ca5aea745ee8fe12b0f74d77f8e,dev,60
5,ct_joint_full,0,2,2,0,0,0,0,1,2,-1.0,0,8.99788761138916,3.743000030517578,56.883989450503215,0,0,0,0,0.499255895614624,1.1091198921203613,0,0,0,0,0,1,0,0,1,0,1,0.0,0.0,0.0,0.3206729625037979,0.689581569832451,0.3449581030154719,0.9603197659743411,0.26834774441930315,-0.25138598950197194,0.09389141030404859,0.7039468938045966,1,2.8649038855759668,0.0027984747346970137,1,1,1,0.3206729625037979,0.689581569832451,0.3449581030154719,0.3206729625037979,0.689581569832451,0.3449581030154719,0.3206729625037979,0.3206729625037979,0.3206729625037979,0.0,0,0,1,0.3206729625037979,0.689581569832451,0.3449581030154719,0.0,0.0,0.0,0.0,0.0,0.0,0.0,0.0,0.0,0.0,0.0,0.3206729625037979,0.689581569832451,0.0,0.0,0.0,0.0,-0.8073595762252808,0.007560518104583025,-1.0956796768600572,0.18693744059314582,0,1,0.0,5.961688995361328,2.939239025115967,0.0,0.0,0.0,0.0,0.0,0.0,0.0,0.0,0,2,2,2,34688,2,76,30,1024,2,2,2,2,2,2,0,2,2,0,1,1,1,1,0.2683477444192828,0.12338911932706834,0.2772136190154417,0.12338911932706834,b1,0,3.7430000000000003,8.98,1.689,3.7430000000000003,8.997887812425855,1.689,0,0,0,0,0,0,0,0,1,2,2,1,6,4,57.016282661042176,0,0.2683477444192828,0.12338911932706834,1,2,2,1,12,10,90.77370282743779,0,0.2683477444192828,0.12338911932706834,1,2,2,1,13,11,124.53112299383339,0,0.2683477444192828,0.12338911932706834,1,2,2,1,11,9,88.26503304279038,0,0.2683477444192828,0.12338911932706834,1,2,2,1,16,14,126.26978342296556,0,0.2683477444192828,0.12338911932706834,1,2,2,1,76,74,222.54728418410244,0,0.2683477444192828,0.12338911932706834,1,2,2,1,6,4,62.37054348878348,0,0.9603198167762625,0.12132534152531635,1,2,2,1,6,4,59.4450483872612,0,0.2683477444192828,0.12338911932706834,7,nuscenes_mf/v1.0-mini/mini_val/325cef682f064c55a255f2625c533b75/ca5b3ca5aea745ee8fe12b0f74d77f8e,dev,60
6,ct_joint_full,0,7,7,0,0,0,0,1,7,-1.0,0,9.049808502197266,3.743000030517578,57.21222953668195,0,0,0,0,0.4998891353607178,1.0006017684936523,0,0,0,0,0,1,0,0,1,0,1,0.0,0.0,0.0,0.3030055350259362,0.763662687855389,0.30879205845169777,1.1679138699233114,0.4284646964353688,-0.4134758493950924,-0.1123375089404624,0.7493413155096957,1,3.1312759035974373,0.004755996495412017,1,1,1,0.3030055350259362,0.763662687855389,0.30879205845169777,0.3030055350259362,0.763662687855389,0.30879205845169777,0.3030055350259362,0.3030055350259362,0.3030055350259362,0.0,0,0,1,0.3030055350259362,0.763662687855389,0.30879205845169777,0.0,0.0,0.0,0.0,0.0,0.0,0.0,0.0,0.0,0.0,0.0,0.3030055350259362,0.763662687855389,0.0,0.0,0.0,0.0,-0.8642051815986633,0.006276668515056372,-1.341065897933772,-0.20932714495014024,0,1,0.0,6.879995346069336,3.3210463523864746,0.0,0.0,0.0,0.0,0.0,0.0,0.0,0.0,0,2,7,7,34720,7,225,32,1024,7,7,8,9,7,9,2,6,6,0,1,1,1,1,0.4284646964353392,0.05414143288135529,0.39446234593529944,0.05414143288135529,b1,0,3.7430000000000003,8.98,1.689,3.7430000000000003,9.049808334618511,1.689,0,0,0,0,0,0,0,0,1,6,6,1,19,13,57.74104557658173,0,0.4284646964353392,0.05414143288135529,1,6,6,1,21,15,91.92757344903984,0,0.4284646964353392,0.05414143288135529,1,6,6,1,21,15,126.11410132149794,0,0.4284646964353392,0.05414143288135529,1,7,7,1,29,22,89.16580267259572,0,0.4284646964353392,0.05414143288135529,1,7,7,1,34,27,127.34655977332872,0,0.4284646964353392,0.05414143288135529,1,7,7,1,92,85,223.9760739653567,0,0.4284646964353392,0.05414143288135529,1,6,6,1,25,19,63.42284238771917,0,1.1679139864216859,0.05874811073483375,1,6,6,1,19,13,60.44201698346143,0,0.4284646964353392,0.05414143288135529,7,nuscenes_mf/v1.0-mini/mini_val/325cef682f064c55a255f2625c533b75/ca5b3ca5aea745ee8fe12b0f74d77f8e,dev,60
7,ct_joint_full,0,14,14,0,0,0,0,1,14,-1.0,0,9.076656341552734,3.743000030517578,57.381959619633,0,0,0,0,0.49931883811950684,0.9994922280311584,0,0,0,0,0,1,0,0,1,0,1,0.0,0.0,0.0,0.2176819037442951,0.7959570581197271,0.21796842530966898,1.1891118675509746,0.35916295164271655,-0.3455822493955014,0.09783120121599952,0.8391856564253592,1,3.1729894476431295,0.003281036475834489,1,1,1,0.2176819037442951,0.7959570581197271,0.21796842530966898,0.2176819037442951,0.7959570581197271,0.21796842530966898,0.2176819037442951,0.2176819037442951,0.2176819037442951,0.0,0,0,1,0.2176819037442951,0.7959570581197271,0.21796842530966898,0.0,0.0,0.0,0.0,0.0,0.0,0.0,0.0,0.0,0.0,0.0,0.2176819037442951,0.7959570581197271,0.0,0.0,0.0,0.0,-0.8580465316772461,0.00662370678037405,-1.2113995134827014,0.17632597080919493,0,1,0.0,6.960272789001465,3.425098419189453,0.0,0.0,0.0,0.0,0.0,0.0,0.0,0.0,0,2,13,14,34720,14,252,54,1024,14,14,17,17,14,17,3,13,13,0,1,1,1,1,0.359162951642736,0.0125005789399147,0.3135769726320408,0.0125005789399147,b1,0,3.7430000000000003,8.98,1.689,3.7430000000000003,9.07665650288533,1.689,0,0,0,0,0,0,0,0,1,13,13,1,20,7,58.114392813696064,0,0.359162951642736,0.0125005789399147,1,13,13,1,23,10,92.52196700771385,0,0.359162951642736,0.0125005789399147,1,13,13,1,25,12,126.92954120173165,0,0.359162951642736,0.0125005789399147,1,14,14,1,33,19,89.62984503503843,0,0.359162951642736,0.0125005789399147,1,14,14,1,39,25,127.9012972603133,0,0.359162951642736,0.0125005789399147,1,14,14,1,90,76,224.71220170457104,0,0.359162951642736,0.0125005789399147,1,10,10,1,14,4,64.19656656387619,0,1.1891117982811117,0.00674913417986063,1,13,13,1,20,7,61.021552842711245,0,0.359162951642736,0.0125005789399147,7,nuscenes_mf/v1.0-mini/mini_val/325cef682f064c55a255f2625c533b75/ca5b3ca5aea745ee8fe12b0f74d77f8e,dev,60
8,ct_joint_full,0,20,20,0,0,0,0,1,20,-1.0,0,9.014374732971191,3.743000030517578,56.988219831082134,0,0,0,0,0.5004479885101318,1.0016893148422241,0,0,0,0,0,1,0,0,1,0,1,0.0,0.0,0.0,0.2865291574741319,0.7091398130483073,0.298462872598983,0.9278454382023889,0.22670235354086743,-0.1892676958526059,-0.12478660569107414,0.7307466240609038,1,2.8963489238754443,0.0027155288727149065,1,1,1,0.2865291574741319,0.7091398130483073,0.298462872598983,0.2865291574741319,0.7091398130483073,0.298462872598983,0.2865291574741319,0.2865291574741319,0.2865291574741319,0.0,0,0,1,0.2865291574741319,0.7091398130483073,0.298462872598983,0.0,0.0,0.0,0.0,0.0,0.0,0.0,0.0,0.0,0.0,0.0,0.2865291574741319,0.7091398130483073,0.0,0.0,0.0,0.0,-0.8049288988113403,0.00811022985726595,-1.0134140916978187,-0.22236873488295394,0,1,0.0,6.025462627410889,3.0011539459228516,0.0,0.0,0.0,0.0,0.0,0.0,0.0,0.0,0,2,18,20,34752,20,387,56,1024,20,20,20,20,20,20,0,15,15,0,1,1,1,1,0.22670235354085846,0.08417243099212646,0.239987842873838,0.08417243099212646,b1,0,3.7430000000000003,8.98,1.689,3.7430000000000003,9.014374839123228,1.689,0,0,0,0,0,0,0,0,1,15,15,1,39,24,57.246769419106656,0,0.22670235354085846,0.08417243099212646,1,15,15,1,39,24,91.14065303018224,0,0.22670235354085846,0.08417243099212646,1,15,15,1,41,26,125.03453664125782,0,0.22670235354085846,0.08417243099212646,1,20,20,1,48,28,88.55148598249164,0,0.22670235354085846,0.08417243099212646,1,20,20,1,54,34,126.61220254351711,0,0.22670235354085846,0.08417243099212646,1,20,20,1,146,126,223.0016356726466,0,0.22670235354085846,0.08417243099212646,1,17,17,1,42,25,62.15730065880799,0,0.9278454808421359,0.08385118949232227,1,19,19,1,43,24,59.39480079179779,0,0.22670235354085846,0.08417243099212646,7,nuscenes_mf/v1.0-mini/mini_val/325cef682f064c55a255f2625c533b75/ca5b3ca5aea745ee8fe12b0f74d77f8e,dev,60
9,ct_joint_full,0,32,30,0,0,0,0,1,32,-1.0,0,9.021873474121094,3.743000030517578,57.03562632590467,0,0,0,0,0.5004181861877441,1.0010697841644287,0,0,0,0,0,1,0,0,1,0,0,0.0,0.0,0.0,0.723885385120195,0.5216741920233283,0.740470864524721,0.3094670447075796,0.40459380391038285,0.3846815595999257,0.1253645131111736,0.10281953310643727,1,0.8518167330404496,0.07241419823574517,1,1,1,0.723885385120195,0.5216741920233283,0.740470864524721,0.723885385120195,0.5216741920233283,0.740470864524721,0.723885385120195,0.723885385120195,0.723885385120195,0.0,0,0,1,0.723885385120195,0.5216741920233283,0.740470864524721,0.0,0.0,0.0,0.0,0.0,0.0,0.0,0.0,0.0,0.0,0.0,0.723885385120195,0.5216741920233283,0.0,0.0,0.0,0.0,-0.17990028858184814,0.006272089201956987,0.4933400902070437,0.342185787083431,1,1,0.0,1.5035136938095093,1.5035136938095093,0.0,0.0,0.0,0.0,0.0,0.0,0.0,0.0,0,2,30,32,34720,32,377,84,1024,30,30,30,30,30,30,0,27,27,0,1,1,1,1,0.4045938039103731,0.15655314618349075,0.3851559467438887,0.15655314618349075,b1,0,3.7430000000000003,8.98,1.689,3.7430000000000003,9.02187367956591,1.689,0,0,0,0,0,0,0,0,1,27,27,1,55,28,57.35268391095987,0,0.4045938039103731,0.15655314618349075,1,27,27,1,58,31,91.30927592455363,0,0.4045938039103731,0.15655314618349075,1,27,27,1,58,31,125.2658679381474,0,0.4045938039103731,0.15655314618349075,1,30,30,1,71,41,88.68309661107604,0,0.4045938039103731,0.15655314618349075,1,32,30,1,91,61,126.7695093088327,0,0.4045938039103731,0.15655314618349075,1,32,30,1,174,144,223.21033470906505,0,0.4045938039103731,0.15655314618349075,1,21,21,1,49,28,58.56182906534064,0,0.30946704653670715,0.15611204467953863,1,27,27,1,55,28,58.73878625081178,0,0.4045938039103731,0.15655314618349075,7,nuscenes_mf/v1.0-mini/mini_val/325cef682f064c55a255f2625c533b75/ca5b3ca5aea745ee8fe12b0f74d77f8e,dev,60
10,ct_joint_full,0,32,32,0,0,0,0,1,32,-1.0,0,8.988056182861328,3.743000030517578,56.82183587615175,0,0,0,0,0.5004160404205322,0.9999659061431885,0,0,0,0,0,1,0,0,1,0,0,0.0,0.0,0.0,0.5145189855094192,0.5185555339396574,0.5623990618528588,1.2526130918786693,0.8117261417872952,-0.7963765089183549,-0.15711068359972918,0.4465220683810934,1,2.7430004511021515,0.022649414090899565,1,1,1,0.5145189855094192,0.5185555339396574,0.5623990618528588,0.5145189855094192,0.5185555339396574,0.5623990618528588,0.5145189855094192,0.5145189855094192,0.5145189855094192,0.0,0,0,1,0.5145189855094192,0.5185555339396574,0.5623990618528588,0.0,0.0,0.0,0.0,0.0,0.0,0.0,0.0,0.0,0.0,0.0,0.5145189855094192,0.5185555339396574,0.0,0.0,0.0,0.0,-0.8238595724105835,0.0038850801065564156,-2.293228340010718,-0.43435568237449945,0,1,0.0,5.748656272888184,2.671685218811035,0.0,0.0,0.0,0.0,0.0,0.0,0.0,0.0,0,2,32,32,34752,32,296,102,1024,32,32,47,47,32,47,15,31,31,0,1,1,1,1,0.8117261417872165,0.22784303134679793,0.8076991104445599,0.22784303134679793,b1,0,3.7430000000000003,8.98,1.689,3.7430000000000003,8.988055850065797,1.689,0,0,0,0,0,0,0,0,1,31,31,1,82,51,56.882005354459864,0,0.8117261417872165,0.22784303134679793,1,31,31,1,85,54,90.55992445123894,0,0.8117261417872165,0.22784303134679793,1,31,31,1,87,56,124.23784354801802,0,0.8117261417872165,0.22784303134679793,1,31,31,1,107,76,88.09808711057157,0,0.8117261417872165,0.22784303134679793,1,32,32,1,126,94,126.07016886668326,0,0.8117261417872165,0.22784303134679793,1,32,32,1,231,199,222.28233237733366,0,0.8117261417872165,0.22784303134679793,1,31,31,1,93,62,60.26845713938754,0,1.2526130980085441,0.22711020369945978,1,31,31,1,82,51,58.005035607558824,0,0.8117261417872165,0.22784303134679793,7,nuscenes_mf/v1.0-mini/mini_val/325cef682f064c55a255f2625c533b75/ca5b3ca5aea745ee8fe12b0f74d77f8e,dev,60
11,ct_joint_full,0,54,45,0,0,0,0,1,54,-1.0,0,9.041336059570312,3.743000030517578,57.158667372113285,0,0,0,0,0.5004408359527588,1.0000474452972412,0,0,0,0,0,1,0,0,1,0,0,0.0,0.0,0.0,0.9807435052771563,0.39612656032204635,1.0249965686623155,0.24015257535190165,0.6500847575634636,0.6096636540120293,0.22565552971179098,0.5359112881060148,1,2.563096207866491,0.022331203002574684,1,1,1,0.9807435052771563,0.39612656032204635,1.0249965686623155,0.9807435052771563,0.39612656032204635,1.0249965686623155,0.9807435052771563,0.9807435052771563,0.9807435052771563,0.0,0,0,1,0.9807435052771563,0.39612656032204635,1.0249965686623155,0.0,0.0,0.0,0.0,0.0,0.0,0.0,0.0,0.0,0.0,0.0,0.9807435052771563,0.39612656032204635,0.0,0.0,0.0,0.0,-0.7513410449028015,0.0065051415003836155,0.10341234816098256,0.5145754393505495,1,1,0.0,5.101110458374023,2.5155017375946045,0.0,0.0,0.0,0.0,0.0,0.0,0.0,0.0,0,2,44,54,34784,54,368,152,1024,45,45,66,66,45,66,21,51,43,8,1,1,1,1,0.6500847575635677,0.30007469767332073,0.6219723205016098,0.30007469767332073,b1,0,3.7430000000000003,8.98,1.689,3.7430000000000003,9.041336510663822,1.689,0,0,0,0,0,0,0,0,1,51,43,1,88,45,57.623305249810684,0,0.6500847575635677,0.30007469767332073,1,51,51,1,99,48,91.74012304129126,0,0.6500847575635677,0.30007469767332073,1,51,51,1,101,50,125.85694083277183,0,0.6500847575635677,0.30007469767332073,1,54,45,1,135,90,89.01945898813662,0,0.6500847575635677,0.30007469767332073,1,54,45,1,180,135,127.17161272488954,0,0.6500847575635677,0.30007469767332073,1,54,45,1,321,276,223.7439202007549,0,0.6500847575635677,0.30007469767332073,1,48,40,1,85,45,60.59065981286698,0,0.24015257175388788,0.29929176904733856,1,51,43,1,88,45,59.109443967802164,0,0.6500847575635677,0.30007469767332073,7,nuscenes_mf/v1.0-mini/mini_val/325cef682f064c55a255f2625c533b75/ca5b3ca5aea745ee8fe12b0f74d77f8e,dev,60
12,ct_joint_full,0,64,64,0,0,0,0,1,64,-1.0,0,8.998077392578125,3.743000030517578,56.885189233343056,0,0,0,0,0.5004229545593262,0.9999890327453613,0,0,0,0,0,1,0,0,1,0,0,0.0,0.0,0.0,0.8604233766019417,0.3808434817270728,0.9366806571806693,1.6342135280413423,1.0434274963318437,-1.0063502423352104,-0.27568131516661626,0.6049491339168616,1,2.8713136244359108,0.03712283145238848,1,1,1,0.8604233766019417,0.3808434817270728,0.9366806571806693,0.8604233766019417,0.3808434817270728,0.9366806571806693,0.8604233766019417,0.8604233766019417,0.8604233766019417,0.0,0,0,1,0.8604233766019417,0.3808434817270728,0.9366806571806693,0.0,0.0,0.0,0.0,0.0,0.0,0.0,0.0,0.0,0.0,0.0,0.8604233766019417,0.3808434817270728,0.0,0.0,0.0,0.0,-0.826219916343689,0.006467869505286217,-2.2006763776458365,-0.6012940712580783,0,1,0.0,6.017978191375732,2.880606174468994,0.0,0.0,0.0,0.0,0.0,0.0,0.0,0.0,0,2,44,64,34720,64,403,179,1024,64,64,93,93,64,93,29,63,63,0,1,1,1,1,1.0434274963317531,0.3709264047145844,1.0516485609914465,0.3709264047145844,b1,0,3.7430000000000003,8.98,1.689,3.7430000000000003,8.998077248165362,1.689,0,0,0,0,0,0,0,0,1,63,63,1,136,73,57.020460814037364,0,1.0434274963317531,0.3709264047145844,1,63,63,1,138,75,90.7803547240654,0,1.0434274963317531,0.3709264047145844,1,63,63,1,138,75,124.54024863409344,0,1.0434274963317531,0.3709264047145844,1,63,63,1,180,117,88.27019497440197,0,1.0434274963317531,0.3709264047145844,1,64,64,1,232,168,126.27592913240707,0,1.0434274963317531,0.3709264047145844,1,64,64,1,398,334,222.55539744920378,0,1.0434274963317531,0.3709264047145844,1,63,63,1,156,93,61.79470260750644,0,1.6342135415154693,0.36843322432020137,1,63,63,1,143,80,59.23774118529077,0,1.0434274963317531,0.3709264047145844,7,nuscenes_mf/v1.0-mini/mini_val/325cef682f064c55a255f2625c533b75/ca5b3ca5aea745ee8fe12b0f74d77f8e,dev,60
13,ct_joint_full,0,61,60,0,0,0,0,1,61,-1.0,0,9.023065567016602,3.743000030517578,57.04316265027555,0,0,0,0,0.4998810291290283,0.9988992214202881,0,0,0,0,0,1,0,0,1,0,0,0.0,0.0,0.0,1.1839469878719115,0.3181321489932462,1.2553756712525022,0.5281887688898192,0.9131882299629953,0.8951827283633849,0.18044560031383672,0.3997772257540435,1,2.132811840294295,0.06025790357290328,1,1,1,1.1839469878719115,0.3181321489932462,1.2553756712525022,1.1839469878719115,0.3181321489932462,1.2553756712525022,1.1839469878719115,1.1839469878719115,1.1839469878719115,0.0,0,0,1,1.1839469878719115,0.3181321489932462,1.2553756712525022,0.0,0.0,0.0,0.0,0.0,0.0,0.0,0.0,0.0,0.0,0.0,1.1839469878719115,0.3181321489932462,0.0,0.0,0.0,0.0,-0.5871013402938843,0.0063429647125303745,0.7275685475662218,0.427988015528724,1,1,0.0,3.892054796218872,2.1038007736206055,0.0,0.0,0.0,0.0,0.0,0.0,0.0,0.0,0,2,59,61,34688,61,284,222,1024,60,60,111,111,60,111,51,59,58,1,1,1,1,1,0.9131882299629449,0.41719220215082164,0.8924074069705425,0.41719220215082164,b1,0,3.7430000000000003,8.98,1.689,3.7430000000000003,9.023065969999518,1.689,0,0,0,0,0,0,0,0,1,59,58,1,149,91,57.369110478486405,0,0.9131882299629449,0.41719220215082164,1,59,59,1,154,95,91.33542810932501,0,0.9131882299629449,0.41719220215082164,1,59,59,1,158,99,125.30174574016361,0,0.9131882299629449,0.41719220215082164,1,61,60,1,209,149,88.70351668847586,0,0.9131882299629449,0.41719220215082164,1,61,60,1,289,229,126.7939228968923,0,0.9131882299629449,0.41719220215082164,1,61,60,1,542,482,223.24273531608472,0,0.9131882299629449,0.41719220215082164,1,59,58,1,142,84,59.693113146950935,0,0.5281887852169451,0.4168115265592706,1,59,58,1,149,91,58.4157781638146,0,0.9131882299629449,0.41719220215082164,7,nuscenes_mf/v1.0-mini/mini_val/325cef682f064c55a255f2625c533b75/ca5b3ca5aea745ee8fe12b0f74d77f8e,dev,60
14,ct_joint_full,0,89,86,0,0,0,0,1,89,-1.0,0,9.020956993103027,3.743000030517578,57.02983239972834,0,0,0,0,0.4998750686645508,0.9994463324546814,0,0,0,0,0,1,0,0,1,0,0,0.0,0.0,0.0,0.9228781432275577,0.34954459933816207,1.0344874079792457,1.6418815980329624,1.15851658213874,-1.1558901150651488,-0.07796635394135037,0.4842455476634962,1,2.577134531367369,0.05143865273107572,1,1,1,0.9228781432275577,0.34954459933816207,1.0344874079792457,0.9228781432275577,0.34954459933816207,1.0344874079792457,0.9228781432275577,0.9228781432275577,0.9228781432275577,0.0,0,0,1,0.9228781432275577,0.34954459933816207,1.0344874079792457,0.0,0.0,0.0,0.0,0.0,0.0,0.0,0.0,0.0,0.0,0.0,0.9228781432275577,0.34954459933816207,0.0,0.0,0.0,0.0,-0.7639650106430054,0.005349200218915939,-2.5875611728817804,-0.18743502804907727,0,1,0.0,5.145675182342529,2.492431402206421,0.0,0.0,0.0,0.0,0.0,0.0,0.0,0.0,0,2,76,89,34720,89,333,292,1024,86,86,157,159,86,159,73,85,84,1,1,1,1,1,1.158516582138821,0.46541778337955475,1.1788499262126209,0.46541778337955475,b1,0,3.7430000000000003,8.98,1.689,3.7430000000000003,9.020957060772043,1.689,0,0,0,0,0,0,0,0,1,85,84,1,206,122,57.340000803899024,0,1.158516582138821,0.46541778337955475,1,85,85,1,211,126,91.28908357707783,0,1.158516582138821,0.46541778337955475,1,85,85,1,219,134,125.23816635025665,0,1.158516582138821,0.46541778337955475,1,86,85,1,290,205,88.66733118885617,0,1.158516582138821,0.46541778337955475,1,86,85,1,390,305,126.7506615745998,0,1.158516582138821,0.46541778337955475,1,89,86,1,798,712,223.1853223453006,0,1.158516582138821,0.46541778337955475,1,85,84,1,224,140,60.00603197102849,0,1.641881610606781,0.46588297349340335,1,85,84,1,206,122,58.29870694116163,0,1.158516582138821,0.46541778337955475,7,nuscenes_mf/v1.0-mini/mini_val/325cef682f064c55a255f2625c533b75/ca5b3ca5aea745ee8fe12b0f74d77f8e,dev,60
15,ct_joint_full,0,98,93,0,0,0,0,1,98,-1.0,0,9.039366722106934,3.743000030517578,57.14621736425261,0,0,0,0,0.4993269443511963,0.9988974928855896,0,0,0,0,0,1,0,0,1,0,0,0.0,0.0,0.0,1.2130746224429887,0.2959755767873203,1.317255236345134,0.5139365948980628,0.9967590768598669,0.9962451513498694,0.03200536110251504,0.4834786954786798,1,2.469398417017963,0.043029264493994565,1,1,1,1.2130746224429887,0.2959755767873203,1.317255236345134,1.2130746224429887,0.2959755767873203,1.317255236345134,1.2130746224429887,1.2130746224429887,1.2130746224429887,0.0,0,0,1,1.2130746224429887,0.2959755767873203,1.317255236345134,0.0,0.0,0.0,0.0,0.0,0.0,0.0,0.0,0.0,0.0,0.0,1.2130746224429887,0.2959755767873203,0.0,0.0,0.0,0.0,-0.721574068069458,0.006050197873264551,0.7653057338624109,0.08180340498549046,1,1,0.0,4.812618732452393,2.402818441390991,0.0,0.0,0.0,0.0,0.0,0.0,0.0,0.0,0,2,81,98,34688,98,250,387,1024,93,93,183,183,93,183,90,93,90,3,1,1,1,1,0.9967590768599499,0.51439718657732,0.9671620954887113,0.51439718657732,b1,0,3.7430000000000003,8.98,1.689,3.7430000000000003,9.039366821090912,1.689,0,0,0,0,0,0,0,0,1,93,90,1,270,180,57.596014457639775,0,0.9967590768599499,0.51439718657732,1,93,93,1,280,187,91.69667429046379,0,0.9967590768599499,0.51439718657732,1,93,93,1,287,194,125.79733412328781,0,0.9967590768599499,0.51439718657732,1,96,93,1,397,304,88.98553658800107,0,0.9967590768599499,0.51439718657732,1,98,93,1,547,454,127.13105871993537,0,0.9967590768599499,0.51439718657732,1,98,93,1,1133,1040,223.69010297829846,0,0.9967590768599499,0.51439718657732,1,89,86,1,266,180,59.848390899761164,0,0.5139366009364049,0.5168119118441129,1,93,90,1,270,180,58.49572562355587,0,0.9967590768599499,0.51439718657732,7,nuscenes_mf/v1.0-mini/mini_val/325cef682f064c55a255f2625c533b75/ca5b3ca5aea745ee8fe12b0f74d77f8e,dev,60
16,ct_joint_full,0,167,144,0,0,0,0,1,167,-1.0,0,9.035228729248047,3.743000030517578,57.120057275096435,0,0,0,0,0.5004410743713379,1.0016814470291138,0,0,0,0,0,1,0,0,1,0,0,0.0,0.0,0.0,0.9549860963661887,0.3254083245290097,1.1087459248366263,1.6451932196882146,1.1751020146799245,-1.1750990196506148,0.0026665484380864984,0.47009251505739524,1,2.4651989869739905,0.06022976487205343,1,1,1,0.9549860963661887,0.3254083245290097,1.1087459248366263,0.9549860963661887,0.3254083245290097,1.1087459248366263,0.9549860963661887,0.9549860963661887,0.9549860963661887,0.0,0,0,1,0.9549860963661887,0.3254083245290097,1.1087459248366263,0.0,0.0,0.0,0.0,0.0,0.0,0.0,0.0,0.0,0.0,0.0,0.9549860963661887,0.3254083245290097,0.0,0.0,0.0,0.0,-0.7210811376571655,0.005755912978202105,-2.523604165802576,0.01220509491093947,0,1,0.0,4.788212299346924,2.3843510150909424,0.0,0.0,0.0,0.0,0.0,0.0,0.0,0.0,0,2,152,167,34752,167,292,627,1024,144,144,275,278,144,278,134,159,141,18,1,1,1,1,1.1751020146799043,0.5614309282302856,1.202693688043195,0.5614309282302856,b1,0,3.7430000000000003,8.98,1.689,3.7430000000000003,9.035228332788737,1.689,0,0,0,0,0,0,0,0,1,159,141,1,407,266,57.53849503696757,0,1.1751020146799043,0.5614309282302856,1,159,159,1,446,287,91.60509955855878,0,1.1751020146799043,0.5614309282302856,1,159,159,1,449,290,125.67170408015,0,1.1751020146799043,0.5614309282302856,1,164,144,1,615,471,88.91404369691341,0,1.1751020146799043,0.5614309282302856,1,165,144,1,882,738,127.04559235764575,0,1.1751020146799043,0.5614309282302856,1,167,144,1,1984,1840,223.57668967911044,0,1.1751020146799043,0.5614309282302856,1,156,140,1,451,311,59.75094358961799,0,1.6451932029306515,0.5597237590945985,1,159,141,1,418,277,58.36924658018647,0,1.1751020146799043,0.5614309282302856,7,nuscenes_mf/v1.0-mini/mini_val/325cef682f064c55a255f2625c533b75/ca5b3ca5aea745ee8fe12b0f74d77f8e,dev,60
17,ct_joint_full,0,225,208,0,0,0,0,1,225,-1.0,0,9.033910751342773,3.743000030517578,57.111725114871994,0,0,0,0,0.49985289573669434,0.9999377727508545,0,0,0,0,0,1,0,0,1,0,0,0.0,0.0,0.0,1.2183661630420075,0.28183047136341843,1.3619269817954018,0.5640992642928643,1.02873137467327,1.0257671601377158,-0.07803839937122685,0.4667706276145484,1,2.4504846873417283,0.04746447851951612,1,1,1,1.2183661630420075,0.28183047136341843,1.3619269817954018,1.2183661630420075,0.28183047136341843,1.3619269817954018,1.2183661630420075,1.2183661630420075,1.2183661630420075,0.0,0,0,1,1.2183661630420075,0.28183047136341843,1.3619269817954018,0.0,0.0,0.0,0.0,0.0,0.0,0.0,0.0,0.0,0.0,0.0,1.2183661630420075,0.28183047136341843,0.0,0.0,0.0,0.0,-0.7175580859184265,0.005768165457993746,0.8593558029202303,-0.1833051584240438,1,1,0.0,4.762679576873779,2.377244472503662,0.0,0.0,0.0,0.0,0.0,0.0,0.0,0.0,0,2,191,225,34720,225,215,998,1024,208,208,417,417,208,417,209,206,199,7,1,1,1,1,1.0287313746733349,0.6113108214735985,1.0017900479639155,0.6113108214735985,b1,0,3.7430000000000003,8.98,1.689,3.7430000000000003,9.033910565269544,1.689,0,0,0,0,0,0,0,0,1,206,199,1,605,406,57.52016096162936,0,1.0287313746733349,0.6113108214735985,1,206,206,1,650,444,91.57591049486166,0,1.0287313746733349,0.6113108214735985,1,206,206,1,658,452,125.63166002809396,0,1.0287313746733349,0.6113108214735985,1,220,208,1,973,765,88.8912560190931,0,1.0287313746733349,0.6113108214735985,1,225,208,1,1494,1286,127.01835107655684,0,1.0287313746733349,0.6113108214735985,1,225,208,1,2814,2606,223.54054119148432,0,1.0287313746733349,0.6113108214735985,1,200,190,1,605,415,59.65396550939863,0,0.5640992848152037,0.6138997009444475,1,206,199,1,605,406,58.220040048647505,0,1.0287313746733349,0.6113108214735985,7,nuscenes_mf/v1.0-mini/mini_val/325cef682f064c55a255f2625c533b75/ca5b3ca5aea745ee8fe12b0f74d77f8e,dev,60
18,ct_joint_full,0,388,284,0,0,0,0,1,388,-1.0,0,9.036940574645996,3.743000030517578,57.130879436893004,0,0,0,0,0.49991798400878906,0.9995421171188354,0,0,0,0,0,1,0,0,1,0,0,0.0,0.0,0.0,0.904540219805721,0.3100126833753962,1.1114225944666836,1.5359194027668202,1.1062785694267498,-1.1053267800932605,0.04588136375714733,0.42984487861234894,1,2.329472176177448,0.0628126699589612,1,1,1,0.904540219805721,0.3100126833753962,1.1114225944666836,0.904540219805721,0.3100126833753962,1.1114225944666836,0.904540219805721,0.904540219805721,0.904540219805721,0.0,0,0,1,0.904540219805721,0.3100126833753962,1.1114225944666836,0.0,0.0,0.0,0.0,0.0,0.0,0.0,0.0,0.0,0.0,0.0,0.904540219805721,0.3100126833753962,0.0,0.0,0.0,0.0,-0.6779062747955322,0.005500533152371645,-2.4211353469051704,0.1189188429017676,0,1,0.0,4.42496395111084,2.2497153282165527,0.0,0.0,0.0,0.0,0.0,0.0,0.0,0.0,0,2,303,388,34688,388,216,1896,1024,284,284,765,776,284,776,492,363,273,90,1,1,1,1,1.1062785694267756,0.6456287838220596,1.1347488947272748,0.6456287838220596,b1,0,3.7430000000000003,8.98,1.689,3.7430000000000003,9.036940810122491,1.689,0,0,0,0,0,0,0,0,1,363,273,1,1008,735,57.5623671609303,0,1.1062785694267756,0.6456287838220596,1,363,337,1,1156,819,91.64310556290205,0,1.1062785694267756,0.6456287838220596,1,363,363,1,1195,832,125.72384396487381,0,1.1062785694267756,0.6456287838220596,1,381,284,1,1636,1352,88.9437137549012,0,1.1062785694267756,0.6456287838220596,1,386,284,1,2462,2178,127.08106035201811,0,1.1062785694267756,0.6456287838220596,1,388,284,1,4363,4079,223.62375354153292,0,1.1062785694267756,0.6456287838220596,1,367,281,1,1153,872,59.53006418895767,0,1.5359193797485764,0.6418068401440641,1,364,274,1,1029,755,58.3831052296753,0,1.1062785694267756,0.6456287838220596,7,nuscenes_mf/v1.0-mini/mini_val/325cef682f064c55a255f2625c533b75/ca5b3ca5aea745ee8fe12b0f74d77f8e,dev,60
19,ct_joint_full,0,656,476,0,0,0,0,1,656,-1.0,0,9.033912658691406,3.743000030517578,57.11173717299099,0,0,0,0,0.49929308891296387,0.9988150000572205,0,0,0,0,0,1,0,0,1,0,0,0.0,0.0,0.0,1.1123915122678494,0.276887917573017,1.3042241355497513,0.4667526920077475,0.9044743272418335,0.9044475843422773,-0.00696025749362992,0.43772501571343647,1,2.367647923361049,0.039159610531301806,1,1,1,1.1123915122678494,0.276887917573017,1.3042241355497513,1.1123915122678494,0.276887917573017,1.3042241355497513,1.1123915122678494,1.1123915122678494,1.1123915122678494,0.0,0,0,1,1.1123915122678494,0.276887917573017,1.3042241355497513,0.0,0.0,0.0,0.0,0.0,0.0,0.0,0.0,0.0,0.0,0.0,1.1123915122678494,0.276887917573017,0.0,0.0,0.0,0.0,-0.6996376514434814,0.005327663384377956,0.7460030055036826,-0.012059876277377883,1,1,0.0,4.571044921875,2.2894835472106934,0.0,0.0,0.0,0.0,0.0,0.0,0.0,0.0,0,2,512,656,34688,656,248,2751,1024,476,476,1332,1335,476,1335,859,582,417,165,1,1,1,1,0.9044743272418942,0.6838073816895485,0.8775319821432819,0.6838073816895485,b1,0,3.7430000000000003,8.98,1.689,3.7430000000000003,9.033912912873053,1.689,0,0,0,0,0,0,0,0,1,582,417,1,1522,1105,57.520272449062205,0,0.9044743272418942,0.6838073816895485,1,582,549,1,1802,1253,91.57608799024764,0,0.9044743272418942,0.6838073816895485,1,582,582,1,1860,1278,125.63190353143308,0,0.9044743272418942,0.6838073816895485,1,646,470,1,2333,1863,88.89139299547999,0,0.9044743272418942,0.6838073816895485,1,652,472,1,3457,2985,127.01851354111126,0,0.9044743272418942,0.6838073816895485,1,656,476,1,5281,4805,223.54075463630633,0,0.9044743272418942,0.6838073816895485,1,558,386,1,1446,1060,59.781636627096425,0,0.46675271543305674,0.6846992619579768,1,583,417,1,1522,1105,58.557021987618185,0,0.9044743272418942,0.6838073816895485,7,nuscenes_mf/v1.0-mini/mini_val/325cef682f064c55a255f2625c533b75/ca5b3ca5aea745ee8fe12b0f74d77f8e,dev,60
20,ct_joint_full,0,861,683,0,0,0,0,1,861,-1.0,0,9.032251358032227,3.743000030517578,57.101234551347744,0,0,0,0,0.49930906295776367,0.9994065761566162,0,0,0,0,0,1,0,0,1,0,0,0.0,0.0,0.0,0.7094382403928936,0.30199234547913795,1.009424389182292,1.4524158670232274,1.0088383536240844,-1.005437895833879,0.08276140850038775,0.44449308781711827,1,2.3892215854293153,0.0490308535826294,1,1,1,0.7094382403928936,0.30199234547913795,1.009424389182292,0.7094382403928936,0.30199234547913795,1.009424389182292,0.7094382403928936,0.7094382403928936,0.7094382403928936,0.0,0,0,1,0.7094382403928936,0.30199234547913795,1.009424389182292,0.0,0.0,0.0,0.0,0.0,0.0,0.0,0.0,0.0,0.0,0.0,0.7094382403928936,0.30199234547913795,0.0,0.0,0.0,0.0,-0.6998556852340698,0.005579684861004353,-2.282940997994605,0.20990907890472468,0,1,0.0,4.601163387298584,2.3126566410064697,0.0,0.0,0.0,0.0,0.0,0.0,0.0,0.0,0,2,602,861,34688,861,245,3783,1024,683,683,1918,1918,683,1918,1235,767,593,174,1,1,1,1,1.0088383536240746,0.7178712941408157,1.0349445946108555,0.7178712941408157,b1,0,3.7430000000000003,8.98,1.689,3.7430000000000003,9.032250938568751,1.689,0,0,0,0,0,0,0,0,1,767,593,1,2298,1705,57.497110994858666,0,1.0088383536240746,0.7178712941408157,1,767,742,1,2610,1868,91.53921341928654,0,1.0088383536240746,0.7178712941408157,1,767,767,1,2660,1893,125.5813158437144,0,1.0088383536240746,0.7178712941408157,1,837,659,1,3280,2621,88.86260607611015,0,1.0088383536240746,0.7178712941408157,1,840,662,1,4428,3766,126.98410115736165,0,1.0088383536240746,0.7178712941408157,1,849,671,1,5881,5210,223.49509131986463,0,1.0088383536240746,0.7178712941408157,1,817,644,1,2668,2024,59.680003569680004,0,1.4524158629107193,0.7141569342610092,1,771,597,1,2431,1834,58.3762249538595,0,1.0088383536240746,0.7178712941408157,7,nuscenes_mf/v1.0-mini/mini_val/325cef682f064c55a255f2625c533b75/ca5b3ca5aea745ee8fe12b0f74d77f8e,dev,60
21,ct_joint_full,0,1057,848,0,0,0,0,1,1057,-1.0,0,9.01904010772705,3.743000030517578,57.01771399013998,0,0,0,0,0.49988698959350586,1.001173496246338,0,0,0,0,0,1,0,0,1,0,0,0.0,0.0,0.0,0.9421718883193168,0.2677104109002852,1.2059268132892784,0.15112337160145042,0.6962999527153203,0.6962022159243881,0.0116661378202243,0.5457555204648522,1,2.7109642932112403,0.015568437038935536,1,1,1,0.9421718883193168,0.2677104109002852,1.2059268132892784,0.9421718883193168,0.2677104109002852,1.2059268132892784,0.9421718883193168,0.9421718883193168,0.9421718883193168,0.0,0,0,1,0.9421718883193168,0.2677104109002852,1.2059268132892784,0.0,0.0,0.0,0.0,0.0,0.0,0.0,0.0,0.0,0.0,0.0,0.9421718883193168,0.2677104109002852,0.0,0.0,0.0,0.0,-0.8002869486808777,0.005965053103864193,0.22062375429118297,0.03319258637033417,1,1,0.0,5.583141326904297,2.6736068725585938,0.0,0.0,0.0,0.0,0.0,0.0,0.0,0.0,0,2,714,1057,34720,1057,283,3894,1024,848,848,2219,2220,848,2220,1372,828,620,208,1,1,1,1,0.6962999527152811,0.7560772803425788,0.6768479206146533,0.7560772803425788,b1,0,3.7430000000000003,8.98,1.689,3.7430000000000003,9.01903990713708,1.689,0,0,0,0,0,0,0,0,1,828,620,1,2187,1567,57.31314019445563,0,0.6962999527152811,0.7560772803425788,1,828,792,1,2470,1678,91.24631970567862,0,0.6962999527152811,0.7560772803425788,1,828,828,1,2534,1706,125.1794992169016,0,0.6962999527152811,0.7560772803425788,1,1032,823,1,2995,2172,88.63394954417926,0,0.6962999527152811,0.7560772803425788,1,1048,839,1,4067,3228,126.71075889547589,0,0.6962999527152811,0.7560772803425788,1,1057,848,1,5778,4930,223.13237759256364,0,0.6962999527152811,0.7560772803425788,1,686,478,1,1819,1341,61.22902264696049,0,0.15112334996785803,0.7570708789876719,1,828,620,1,2188,1568,59.28710096926037,0,0.6962999527152811,0.7560772803425788,7,nuscenes_mf/v1.0-mini/mini_val/325cef682f064c55a255f2625c533b75/ca5b3ca5aea745ee8fe12b0f74d77f8e,dev,60
22,ct_joint_full,0,732,588,0,0,0,0,1,732,-1.0,0,9.03711223602295,3.743000030517578,57.13196466760241,0,0,0,0,0.5004210472106934,1.0016473531723022,0,0,0,0,0,1,0,0,1,0,0,0.0,0.0,0.0,0.7226550014392131,0.30653520873090506,1.0053401952240253,1.3873133964911848,0.8848979276113123,-0.8845489151857426,0.024850713246878736,0.5024966342903747,1,2.489190443728618,0.03315922493587445,1,1,1,0.7226550014392131,0.30653520873090506,1.0053401952240253,0.7226550014392131,0.30653520873090506,1.0053401952240253,0.7226550014392131,0.7226550014392131,0.7226550014392131,0.0,0,0,1,0.7226550014392131,0.30653520873090506,1.0053401952240253,0.0,0.0,0.0,0.0,0.0,0.0,0.0,0.0,0.0,0.0,0.0,0.7226550014392131,0.30653520873090506,0.0,0.0,0.0,0.0,-0.7238051891326904,0.006452775560319424,-1.9979452265034265,0.063629937034915,0,1,0.0,4.86521577835083,2.436347246170044,0.0,0.0,0.0,0.0,0.0,0.0,0.0,0.0,0,2,539,732,34720,732,264,2983,1024,588,588,1569,1571,588,1571,983,619,491,128,1,1,1,1,0.8848979276112823,0.702709513604641,0.9134479361496443,0.702709513604641,b1,0,3.7430000000000003,8.98,1.689,3.7430000000000003,9.037112261330456,1.689,0,0,0,0,0,0,0,0,1,619,491,1,1924,1433,57.56455860301154,0,0.8848979276112823,0.702709513604641,1,619,597,1,2113,1516,91.64659448401304,0,0.8848979276112823,0.702709513604641,1,619,619,1,2195,1576,125.72863036501454,0,0.8848979276112823,0.702709513604641,1,703,564,1,2832,2268,88.94644144578511,0,0.8848979276112823,0.702709513604641,1,713,569,1,3971,3402,127.08432428934519,0,0.8848979276112823,0.702709513604641,1,732,588,1,5719,5131,223.62808998039785,0,0.8848979276112823,0.702709513604641,1,644,523,1,2206,1683,60.16815841874648,0,1.3873133666439588,0.6984422229856372,1,631,506,1,1963,1457,58.72002525727045,0,0.8848979276112823,0.702709513604641,7,nuscenes_mf/v1.0-mini/mini_val/325cef682f064c55a255f2625c533b75/ca5b3ca5aea745ee8fe12b0f74d77f8e,dev,60
23,ct_joint_full,0,520,419,0,0,0,0,1,520,-1.0,0,9.030673027038574,3.743000030517578,57.091256457880704,0,0,0,0,0.49987292289733887,0.9994379878044128,0,0,0,0,0,1,0,0,1,0,0,0.0,0.0,0.0,0.9913730438516299,0.30732458311214467,1.182690150441877,0.38599314499055454,0.773036155567412,0.7617481958556072,0.13162300595434223,0.39967883237545415,1,2.188122078608422,0.03821870651036182,1,1,1,0.9913730438516299,0.30732458311214467,1.182690150441877,0.9913730438516299,0.30732458311214467,1.182690150441877,0.9913730438516299,0.9913730438516299,0.9913730438516299,0.0,0,0,1,0.9913730438516299,0.30732458311214467,1.182690150441877,0.0,0.0,0.0,0.0,0.0,0.0,0.0,0.0,0.0,0.0,0.0,0.9913730438516299,0.30732458311214467,0.0,0.0,0.0,0.0,-0.6365981101989746,0.005329453852027655,0.5767121014184988,0.33323108117615585,1,1,0.0,4.106971263885498,2.130436658859253,0.0,0.0,0.0,0.0,0.0,0.0,0.0,0.0,0,2,405,520,34752,520,258,1893,1024,419,419,955,955,419,955,536,423,341,82,1,1,1,1,0.7730361555673869,0.6489124816656112,0.7482932622688717,0.6489124816656112,b1,0,3.7430000000000003,8.98,1.689,3.7430000000000003,9.030672945006417,1.689,0,0,0,0,0,0,0,0,1,423,341,1,1226,885,57.47519635697175,0,0.7730361555673869,0.6489124816656112,1,423,398,1,1335,937,91.50432386257965,0,0.7730361555673869,0.6489124816656112,1,423,423,1,1383,960,125.53345136818756,0,0.7730361555673869,0.6489124816656112,1,482,388,1,2032,1644,88.83536725834524,0,0.7730361555673869,0.6489124816656112,1,501,400,1,3024,2624,126.95153816207825,0,0.7730361555673869,0.6489124816656112,1,519,418,1,4534,4116,223.45187996639825,0,0.7730361555673869,0.6489124816656112,1,422,335,1,1206,871,59.885287887936826,0,0.38599314689558356,0.6450133682129016,1,423,342,1,1227,885,58.745232554172695,0,0.7730361555673869,0.6489124816656112,7,nuscenes_mf/v1.0-mini/mini_val/325cef682f064c55a255f2625c533b75/ca5b3ca5aea745ee8fe12b0f74d77f8e,dev,60
24,ct_joint_full,0,295,256,0,0,0,0,1,295,-1.0,0,9.025430679321289,3.743000030517578,57.05811471782736,0,0,0,0,0.5006210803985596,1.0009479522705078,0,0,0,0,0,1,0,0,1,0,0,0.0,0.0,0.0,0.7560606752890562,0.3522186964708111,0.960988781418142,1.3849190553041306,0.9469812656567765,-0.9300914997465265,-0.1780544506181063,0.44360300501293015,1,2.391044894342543,0.04618688322091375,1,1,1,0.7560606752890562,0.3522186964708111,0.960988781418142,0.7560606752890562,0.3522186964708111,0.960988781418142,0.7560606752890562,0.7560606752890562,0.7560606752890562,0.0,0,0,1,0.7560606752890562,0.3522186964708111,0.960988781418142,0.0,0.0,0.0,0.0,0.0,0.0,0.0,0.0,0.0,0.0,0.0,0.7560606752890562,0.3522186964708111,0.0,0.0,0.0,0.0,-0.711051344871521,0.005133860744535923,-2.201911321471423,-0.4406187924879088,0,1,0.0,4.63883113861084,2.3013339042663574,0.0,0.0,0.0,0.0,0.0,0.0,0.0,0.0,0,2,210,295,34752,295,294,1029,1024,256,256,523,526,256,526,270,233,204,29,1,1,1,1,0.9469812656567879,0.5949306008219719,0.9690903971378059,0.5949306008219719,b1,0,3.7430000000000003,8.98,1.689,3.7430000000000003,9.025430902706724,1.689,0,0,0,0,0,0,0,0,1,233,204,1,695,491,57.40229438557103,0,0.9469812656567879,0.5949306008219719,1,233,233,1,744,511,91.38825908987597,0,0.9469812656567879,0.5949306008219719,1,233,233,1,768,535,125.3742237941809,0,0.9469812656567879,0.5949306008219719,1,268,232,1,1128,896,88.74475576255192,0,0.9469812656567879,0.5949306008219719,1,286,248,1,1667,1419,126.8432171403193,0,0.9469812656567879,0.5949306008219719,1,293,254,1,2949,2695,223.30813989428106,0,0.9469812656567879,0.5949306008219719,1,222,196,1,739,543,60.0144214945947,0,1.3849190764608532,0.5908953927627028,1,233,204,1,711,507,58.59758304853361,0,0.9469812656567879,0.5949306008219719,7,nuscenes_mf/v1.0-mini/mini_val/325cef682f064c55a255f2625c533b75/ca5b3ca5aea745ee8fe12b0f74d77f8e,dev,60
25,ct_joint_full,0,217,184,0,0,0,0,1,217,-1.0,0,9.026660919189453,3.743000030517578,57.0658922045781,0,0,0,0,0.5002570152282715,1.0000200271606445,0,0,0,0,0,1,0,0,1,0,0,0.0,0.0,0.0,1.060337706607652,0.34249731937839833,1.190483044130413,0.39808038212179236,0.8022030967173737,0.7978107007522894,0.08383250239416183,0.40914392886934825,1,2.236544780313031,0.03720425045302732,1,1,1,1.060337706607652,0.34249731937839833,1.190483044130413,1.060337706607652,0.34249731937839833,1.190483044130413,1.060337706607652,1.060337706607652,1.060337706607652,0.0,0,0,1,1.060337706607652,0.34249731937839833,1.190483044130413,0.0,0.0,0.0,0.0,0.0,0.0,0.0,0.0,0.0,0.0,0.0,1.060337706607652,0.34249731937839833,0.0,0.0,0.0,0.0,-0.6502351760864258,0.00547022232785821,0.6177099891799116,0.21394958475106804,1,1,0.0,4.221221923828125,2.176717519760132,0.0,0.0,0.0,0.0,0.0,0.0,0.0,0.0,0,2,142,217,34752,217,360,636,1024,184,184,337,337,184,337,153,175,148,27,1,1,1,1,0.8022030967174163,0.5431877386569977,0.7791490784821261,0.5431877386569977,b1,0,3.7430000000000003,8.98,1.689,3.7430000000000003,9.026660972275845,1.689,0,0,0,0,0,0,0,0,1,175,148,1,369,221,57.41935692955647,0,0.8022030967174163,0.5431877386569977,1,175,175,1,419,244,91.41542379134242,0,0.8022030967174163,0.5431877386569977,1,175,175,1,433,258,125.41149065312837,0,0.8022030967174163,0.5431877386569977,1,199,166,1,555,389,88.76596407610272,0,0.8022030967174163,0.5431877386569977,1,200,167,1,780,613,126.86857122186245,0,0.8022030967174163,0.5431877386569977,1,216,183,1,1518,1335,223.34178551259544,0,0.8022030967174163,0.5431877386569977,1,182,151,1,391,240,60.081101492222565,0,0.39808040191960037,0.5420069916080013,1,175,148,1,369,221,58.820059932690356,0,0.8022030967174163,0.5431877386569977,7,nuscenes_mf/v1.0-mini/mini_val/325cef682f064c55a255f2625c533b75/ca5b3ca5aea745ee8fe12b0f74d77f8e,dev,60
26,ct_joint_full,0,119,113,0,0,0,0,1,119,-1.0,0,9.02550220489502,3.743000030517578,57.05856689728961,0,0,0,0,0.5004239082336426,0.9999697208404541,0,0,0,0,0,1,0,0,1,0,0,0.0,0.0,0.0,0.7666458373092231,0.40011004033513253,0.9087963474636278,1.5004165207734677,1.0151701906564772,-1.0099257892121833,-0.10305568063966859,0.4871048457343958,1,2.5372055081290656,0.04185162142170533,1,1,1,0.7666458373092231,0.40011004033513253,0.9087963474636278,0.7666458373092231,0.40011004033513253,0.9087963474636278,0.7666458373092231,0.7666458373092231,0.7666458373092231,0.0,0,0,1,0.7666458373092231,0.40011004033513253,0.9087963474636278,0.0,0.0,0.0,0.0,0.0,0.0,0.0,0.0,0.0,0.0,0.0,0.7666458373092231,0.40011004033513253,0.0,0.0,0.0,0.0,-0.7540145516395569,0.005448450334370136,-2.317346922184432,-0.24559167668539258,0,1,0.0,5.04400110244751,2.454885482788086,0.0,0.0,0.0,0.0,0.0,0.0,0.0,0.0,0,2,75,119,34784,119,390,326,1024,113,113,180,181,113,181,68,90,87,3,1,1,1,1,1.015170190656424,0.4912336152791976,1.0376683696976086,0.4912336152791976,b1,0,3.7430000000000003,8.98,1.689,3.7430000000000003,9.025501934595475,1.689,0,0,0,0,0,0,0,0,1,90,87,1,229,142,57.403216154017024,0,1.015170190656424,0.4912336152791976,1,90,90,1,246,156,91.38972660636576,0,1.015170190656424,0.4912336152791976,1,90,90,1,257,167,125.3762370587145,0,1.015170190656424,0.4912336152791976,1,100,97,1,303,206,88.74590278514614,0,1.015170190656424,0.4912336152791976,1,104,99,1,397,298,126.84458941627527,0,1.015170190656424,0.4912336152791976,1,110,104,1,764,660,223.3099626769605,0,1.015170190656424,0.4912336152791976,1,85,82,1,228,146,60.57477818111009,0,1.5004165703292198,0.4892256916924035,1,90,87,1,229,142,58.976578860304144,0,1.015170190656424,0.4912336152791976,7,nuscenes_mf/v1.0-mini/mini_val/325cef682f064c55a255f2625c533b75/ca5b3ca5aea745ee8fe12b0f74d77f8e,dev,60
27,ct_joint_full,0,96,92,0,0,0,0,1,96,-1.0,0,9.03273868560791,3.743000030517578,57.10431540075056,0,0,0,0,0.500432014465332,1.0001829862594604,0,0,0,0,0,1,0,0,1,0,0,0.0,0.0,0.0,1.024250267938113,0.39604636994022513,1.110129816458702,0.32448752394529906,0.819256969046376,0.8182343373944535,0.04092151617939831,0.4966790921070366,1,2.497307649065528,0.027916651585646067,1,1,1,1.024250267938113,0.39604636994022513,1.110129816458702,1.024250267938113,0.39604636994022513,1.110129816458702,1.024250267938113,1.024250267938113,1.024250267938113,0.0,0,0,1,1.024250267938113,0.39604636994022513,1.110129816458702,0.0,0.0,0.0,0.0,0.0,0.0,0.0,0.0,0.0,0.0,0.0,1.024250267938113,0.39604636994022513,0.0,0.0,0.0,0.0,-0.7356847524642944,0.006009527947753668,0.47630604813563376,0.10227986448275829,1,1,0.0,4.922158718109131,2.4341611862182617,0.0,0.0,0.0,0.0,0.0,0.0,0.0,0.0,0,2,74,96,34784,96,421,227,1024,92,92,126,127,92,127,35,83,80,3,1,1,1,1,0.8192569690463455,0.4280214762687683,0.7930194161072976,0.4280214762687683,b1,0,3.7430000000000003,8.98,1.689,3.7430000000000003,9.032738821950115,1.689,0,0,0,0,0,0,0,0,1,83,80,1,135,55,57.5037966716839,0,0.8192569690463455,0.4280214762687683,1,83,83,1,142,59,91.54985746012908,0,0.8192569690463455,0.4280214762687683,1,83,83,1,148,65,125.59591824857425,0,0.8192569690463455,0.4280214762687683,1,89,86,1,162,76,88.87091786215967,0,0.8192569690463455,0.4280214762687683,1,95,91,1,223,132,126.99403905184893,0,0.8192569690463455,0.4280214762687683,1,96,92,1,383,291,223.50828143515997,0,0.8192569690463455,0.4280214762687683,1,81,78,1,135,57,60.75457809098399,0,0.3244875255730309,0.4244948816873614,1,83,80,1,135,55,59.256270365100534,0,0.8192569690463455,0.4280214762687683,7,nuscenes_mf/v1.0-mini/mini_val/325cef682f064c55a255f2625c533b75/ca5b3ca5aea745ee8fe12b0f74d77f8e,dev,60
28,ct_joint_full,0,54,54,0,0,0,0,1,54,-1.0,0,9.033441543579102,3.743000030517578,57.10875881759962,0,0,0,0,0.5010008811950684,1.0011448860168457,0,0,0,0,0,1,0,0,1,0,0,0.0,0.0,0.0,0.6612173537908415,0.475990599119013,0.7568982383895062,1.4204567746457493,0.9708631387208637,-0.9701176471903374,-0.03803981759772526,0.44989708952857005,1,2.3599622421123496,0.04621938321151591,1,1,1,0.6612173537908415,0.475990599119013,0.7568982383895062,0.6612173537908415,0.475990599119013,0.7568982383895062,0.6612173537908415,0.6612173537908415,0.6612173537908415,0.0,0,0,1,0.6612173537908415,0.475990599119013,0.7568982383895062,0.0,0.0,0.0,0.0,0.0,0.0,0.0,0.0,0.0,0.0,0.0,0.6612173537908415,0.475990599119013,0.0,0.0,0.0,0.0,-0.6905350685119629,0.005705106072127819,-2.1795632744715077,-0.0863385196808256,0,1,0.0,4.526021957397461,2.2864701747894287,0.0,0.0,0.0,0.0,0.0,0.0,0.0,0.0,0,2,54,54,34720,54,510,112,1024,54,54,73,73,54,73,19,46,46,0,1,1,1,1,0.9708631387208377,0.3681350231170655,0.997493597792887,0.3681350231170655,b1,0,3.7430000000000003,8.98,1.689,3.7430000000000003,9.033441377107092,1.689,0,0,0,0,0,0,0,0,1,46,46,1,86,40,57.513640871771145,0,0.9708631387208377,0.3681350231170655,1,46,46,1,91,45,91.56553007945092,0,0.9708631387208377,0.3681350231170655,1,46,46,1,94,48,125.6174192871307,0,0.9708631387208377,0.3681350231170655,1,47,47,1,94,47,88.88315194977214,0,0.9708631387208377,0.3681350231170655,1,52,52,1,149,97,127.00866303013265,0,0.9708631387208377,0.3681350231170655,1,54,54,1,228,174,223.52768519164016,0,0.9708631387208377,0.3681350231170655,1,44,44,1,87,43,60.35763838440051,0,1.420456796333129,0.3690820316048409,1,46,46,1,88,42,59.05785139804375,0,0.9708631387208377,0.3681350231170655,7,nuscenes_mf/v1.0-mini/mini_val/325cef682f064c55a255f2625c533b75/ca5b3ca5aea745ee8fe12b0f74d77f8e,dev,60
29,ct_joint_full,0,38,38,0,0,0,0,1,38,-1.0,0,9.011717796325684,3.743000030517578,56.971422871324336,0,0,0,0,0.4998331069946289,0.998235821723938,0,0,0,0,0,1,0,0,1,0,0,0.0,0.0,0.0,1.1334079246099238,0.4331419710062035,1.1739685584705717,0.14938610367955868,0.6940131672764375,0.6927823936834417,-0.04131406059242419,0.5485012103936806,1,2.7231735745820167,0.015471609384370824,1,1,1,1.1334079246099238,0.4331419710062035,1.1739685584705717,1.1334079246099238,0.4331419710062035,1.1739685584705717,1.1334079246099238,1.1334079246099238,1.1334079246099238,0.0,0,0,1,1.1334079246099238,0.4331419710062035,1.1739685584705717,0.0,0.0,0.0,0.0,0.0,0.0,0.0,0.0,0.0,0.0,0.0,1.1334079246099238,0.4331419710062035,0.0,0.0,0.0,0.0,-0.801020085811615,0.006091322749853134,0.21071682657849355,-0.09001724690500786,1,1,0.0,5.612537384033203,2.6924052238464355,0.0,0.0,0.0,0.0,0.0,0.0,0.0,0.0,0,2,34,38,34688,38,471,80,1024,38,38,38,38,38,38,0,34,34,0,1,1,1,1,0.6940131672763784,0.30835655868053435,0.6781588108848893,0.30835655868053435,b1,0,3.7430000000000003,8.98,1.689,3.7430000000000003,9.011717362085921,1.689,0,0,0,0,0,0,0,0,1,34,34,1,52,18,57.21113033225387,0,0.6940131672763784,0.30835655868053435,1,34,34,1,56,22,91.0839132406339,0,0.6940131672763784,0.30835655868053435,1,34,34,1,58,24,124.95669614901394,0,0.6940131672763784,0.30835655868053435,1,37,37,1,74,37,88.50716271273048,0,0.6940131672763784,0.30835655868053435,1,38,38,1,84,46,126.55919509242057,0,0.6940131672763784,0.30835655868053435,1,38,38,1,136,98,222.93125985258726,0,0.6940131672763784,0.30835655868053435,1,36,36,1,59,23,60.83587311895898,0,0.14938614512414855,0.3086044324693843,1,36,36,1,54,18,58.723537649622266,0,0.6940131672763784,0.30835655868053435,7,nuscenes_mf/v1.0-mini/mini_val/325cef682f064c55a255f2625c533b75/ca5b3ca5aea745ee8fe12b0f74d77f8e,dev,60
30,ct_joint_full,0,22,22,0,0,0,0,1,22,-1.0,0,8.98875617980957,3.743000030517578,56.82626120582233,0,0,0,0,0.49988508224487305,0.9989370703697205,0,0,0,0,0,1,0,0,1,0,0,0.0,0.0,0.0,0.7364498227557195,0.5197266297291894,0.7768015125389456,1.8134870537363874,1.1424278418032383,-1.1424055482588304,-0.007138824853927863,0.671084810792466,1,3.007994426591102,0.0313842560905286,1,1,1,0.7364498227557195,0.5197266297291894,0.7768015125389456,0.7364498227557195,0.5197266297291894,0.7768015125389456,0.7364498227557195,0.7364498227557195,0.7364498227557195,0.0,0,0,1,0.7364498227557195,0.5197266297291894,0.7768015125389456,0.0,0.0,0.0,0.0,0.0,0.0,0.0,0.0,0.0,0.0,0.0,0.7364498227557195,0.5197266297291894,0.0,0.0,0.0,0.0,-0.8482043147087097,0.0066068097949028015,-2.2921415371364446,-0.008170793119259237,0,1,0.0,6.449132442474365,3.090573310852051,0.0,0.0,0.0,0.0,0.0,0.0,0.0,0.0,0,2,18,22,34720,22,351,65,1024,22,22,44,43,22,44,22,21,21,0,1,1,1,1,1.1424278418032114,0.2459226253628731,1.1383421058246226,0.2459226253628731,b1,0,3.7430000000000003,8.98,1.689,3.7430000000000003,8.988756250528539,1.689,0,0,0,0,0,0,0,0,1,21,21,1,38,17,56.88809647988202,0,1.1424278418032114,0.2459226253628731,1,21,21,1,41,20,90.56962192682224,0,1.1424278418032114,0.2459226253628731,1,21,21,1,43,22,124.25114737376245,0,1.1424278418032114,0.2459226253628731,1,21,21,1,41,20,88.10573164727306,0,1.1424278418032114,0.2459226253628731,1,21,21,1,50,29,126.0793668123046,0,1.1424278418032114,0.2459226253628731,1,22,22,1,114,92,222.29463714236766,0,1.1424278418032114,0.2459226253628731,1,21,21,1,43,22,62.24401586148745,0,1.8134870347700518,0.24282533739158346,1,21,21,1,45,24,59.13352503928537,0,1.1424278418032114,0.2459226253628731,7,nuscenes_mf/v1.0-mini/mini_val/325cef682f064c55a255f2625c533b75/ca5b3ca5aea745ee8fe12b0f74d77f8e,dev,60
31,ct_joint_full,0,20,20,0,0,0,0,1,20,-1.0,0,9.017082214355469,3.743000030517578,57.00533633099326,0,0,0,0,0.49932098388671875,0.9989234805107117,0,0,0,0,0,1,0,0,1,0,1,0.0,0.0,0.0,1.2459236416408586,0.4464879880754009,1.2595230414988023,0.17199750664094057,0.7761957962115157,0.7638971365671186,-0.13762672793127886,0.6560510632814588,1,2.858622544939258,0.018782842030005634,1,1,1,1.2459236416408586,0.4464879880754009,1.2595230414988023,1.2459236416408586,0.4464879880754009,1.2595230414988023,1.2459236416408586,1.2459236416408586,1.2459236416408586,0.0,0,0,1,1.2459236416408586,0.4464879880754009,1.2595230414988023,0.0,0.0,0.0,0.0,0.0,0.0,0.0,0.0,0.0,0.0,0.0,1.2459236416408586,0.4464879880754009,0.0,0.0,0.0,0.0,-0.809657096862793,0.007406191434711218,0.1331114175978577,-0.2719719470864224,1,1,0.0,5.939018249511719,2.908644437789917,0.0,0.0,0.0,0.0,0.0,0.0,0.0,0.0,0,2,20,20,34688,20,673,30,1024,20,20,20,20,20,20,0,19,19,0,1,1,1,1,0.7761957962115494,0.18710776686668398,0.757715146555912,0.18710776686668398,b1,0,3.7430000000000003,8.98,1.689,3.7430000000000003,9.017081898335405,1.689,0,0,0,0,0,0,0,0,1,19,19,1,25,6,57.285183740884065,0,0.7761957962115494,0.18710776686668398,1,19,19,1,28,9,91.20181117776036,0,0.7761957962115494,0.18710776686668398,1,19,19,1,30,11,125.11843861463666,0,0.7761957962115494,0.18710776686668398,1,20,20,1,41,21,88.59921651225072,0,0.7761957962115494,0.18710776686668398,1,20,20,1,47,27,126.66924928283086,0,0.7761957962115494,0.18710776686668398,1,20,20,1,59,39,223.07731482556417,0,0.7761957962115494,0.18710776686668398,1,20,20,1,26,6,61.584907919064484,0,0.1719975262060191,0.18919440893095188,1,20,20,1,26,6,59.153233444017886,0,0.7761957962115494,0.18710776686668398,7,nuscenes_mf/v1.0-mini/mini_val/325cef682f064c55a255f2625c533b75/ca5b3ca5aea745ee8fe12b0f74d77f8e,dev,60
32,ct_joint_full,0,19,19,0,0,0,0,1,19,-1.0,0,9.004860877990723,3.743000030517578,56.928073933543075,0,0,0,0,0.4998810291290283,1.000556468963623,0,0,0,0,0,1,0,0,1,0,1,0.0,0.0,0.0,0.6081765872790935,0.6077542935237876,0.6172412078368803,1.9816919164529887,1.27194016272386,-1.268518503243702,0.09323443471649799,0.7108278295895435,1,3.0783583897360387,0.037115052940094956,1,1,1,0.6081765872790935,0.6077542935237876,0.6172412078368803,0.6081765872790935,0.6077542935237876,0.6172412078368803,0.6081765872790935,0.6081765872790935,0.6081765872790935,0.0,0,0,1,0.6081765872790935,0.6077542935237876,0.6172412078368803,0.0,0.0,0.0,0.0,0.0,0.0,0.0,0.0,0.0,0.0,0.0,0.6081765872790935,0.6077542935237876,0.0,0.0,0.0,0.0,-0.8569254279136658,0.006598859094083309,-2.386181188929289,0.1922333644340688,0,1,0.0,6.661042213439941,3.201197385787964,0.0,0.0,0.0,0.0,0.0,0.0,0.0,0.0,0,2,18,19,34720,19,601,33,1024,19,19,19,19,19,19,0,18,18,0,1,1,1,1,1.2719401627238165,0.11458757072687148,1.2597780113052002,0.11458757072687148,b1,0,3.7430000000000003,8.98,1.689,3.7430000000000003,9.004860615803892,1.689,0,0,0,0,0,0,0,0,1,18,18,1,21,3,57.11492180569796,0,1.2719401627238165,0.11458757072687148,1,18,18,1,27,9,90.93074288663222,0,1.2719401627238165,0.11458757072687148,1,18,18,1,30,12,124.74656396756647,0,1.2719401627238165,0.11458757072687148,1,19,19,1,22,3,88.38760016248283,0,1.2719401627238165,0.11458757072687148,1,19,19,1,23,4,126.41627851926769,0,1.2719401627238165,0.11458757072687148,1,19,19,1,57,38,222.74163523205092,0,1.2719401627238165,0.11458757072687148,1,18,18,1,19,1,62.7401533253668,0,1.9816919024097308,0.11113699338465803,1,18,18,1,21,3,59.6053877833013,0,1.2719401627238165,0.11458757072687148,7,nuscenes_mf/v1.0-mini/mini_val/325cef682f064c55a255f2625c533b75/ca5b3ca5aea745ee8fe12b0f74d77f8e,dev,60
33,ct_joint_full,0,15,15,0,0,0,0,1,15,-1.0,0,9.093839645385742,3.743000030517578,57.490591213644514,0,0,0,0,0.49987077713012695,1.000540018081665,0,0,0,0,0,1,0,0,1,0,1,0.0,0.0,0.0,1.0443790862239732,0.5322938340438987,1.0448262289859747,0.38348356102691916,0.5040075473754698,0.47663651707997806,-0.16383298084746709,0.8250067083929494,1,3.194030287662379,0.00682855208562231,1,1,1,1.0443790862239732,0.5322938340438987,1.0448262289859747,1.0443790862239732,0.5322938340438987,1.0448262289859747,1.0443790862239732,1.0443790862239732,1.0443790862239732,0.0,0,0,1,1.0443790862239732,0.5322938340438987,1.0448262289859747,0.0,0.0,0.0,0.0,0.0,0.0,0.0,0.0,0.0,0.0,0.0,1.0443790862239732,0.5322938340438987,0.0,0.0,0.0,0.0,-0.865186333656311,0.0062226420268416405,-0.36533204097782274,-0.28412119988316586,1,1,0.0,7.051422119140625,3.446594476699829,0.0,0.0,0.0,0.0,0.0,0.0,0.0,0.0,0,2,14,15,34720,15,414,36,1024,15,15,15,15,15,15,0,15,15,0,1,1,1,1,0.5040075473753839,0.03539424717426301,0.5576040544128734,0.03539424717426301,b1,0,3.7430000000000003,8.98,1.689,3.7430000000000003,9.09383918219839,1.689,0,0,0,0,0,0,0,0,1,15,15,1,17,2,58.35348866261216,0,0.5040075473753839,0.03539424717426301,1,15,15,1,23,8,92.9026234539752,0,0.5040075473753839,0.03539424717426301,1,15,15,1,26,11,127.45175824533823,0,0.5040075473753839,0.03539424717426301,1,15,15,1,17,2,89.92701993927733,0,0.5040075473753839,0.03539424717426301,1,15,15,1,19,4,128.2565512143695,0,0.5040075473753839,0.03539424717426301,1,15,15,1,19,4,225.1836137637673,0,0.5040075473753839,0.03539424717426301,1,15,15,1,17,2,64.27167206396707,0,0.3834835612612594,0.024532670759246922,1,15,15,1,17,2,61.25034714061724,0,0.5040075473753839,0.03539424717426301,7,nuscenes_mf/v1.0-mini/mini_val/325cef682f064c55a255f2625c533b75/ca5b3ca5aea745ee8fe12b0f74d77f8e,dev,60
34,ct_joint_full,0,12,11,0,0,0,0,1,12,-1.0,0,9.01112174987793,3.743000030517578,56.9676547091389,0,0,0,0,0.4993250370025635,0.9988979697227478,0,0,0,0,0,1,0,0,1,0,1,0.0,0.0,0.0,0.815853783775062,0.5578134698917425,0.8166443313497014,1.7522698498356515,1.016789226804798,-1.004985525423399,0.15448112707970058,0.7400792658137476,1,2.918834705787539,0.030208626662968124,1,1,1,0.815853783775062,0.5578134698917425,0.8166443313497014,0.815853783775062,0.5578134698917425,0.8166443313497014,0.815853783775062,0.815853783775062,0.815853783775062,0.0,0,0,1,0.815853783775062,0.5578134698917425,0.8166443313497014,0.0,0.0,0.0,0.0,0.0,0.0,0.0,0.0,0.0,0.0,0.0,0.815853783775062,0.5578134698917425,0.0,0.0,0.0,0.0,-0.8061701059341431,0.00805717520415783,-1.900922619080657,0.29073887864044107,0,1,0.0,6.051200866699219,3.014619827270508,0.0,0.0,0.0,0.0,0.0,0.0,0.0,0.0,0,2,11,12,34720,12,415,31,1024,11,11,11,11,11,11,0,12,11,1,1,1,1,1,1.0167892268048593,0.039435755610466,1.0323491146559152,0.039435755610466,b1,0,3.7430000000000003,8.98,1.689,3.7430000000000003,9.0111214857336,1.689,0,0,0,0,0,0,0,0,1,12,11,1,14,3,57.20129134431482,0,1.0167892268048593,0.039435755610466,1,12,12,1,20,8,91.06824891939759,0,1.0167892268048593,0.039435755610466,1,12,12,1,23,11,124.93520649448037,0,1.0167892268048593,0.039435755610466,1,12,11,1,14,3,88.49496497330396,0,1.0167892268048593,0.039435755610466,1,12,11,1,15,4,126.5446386022931,0,1.0167892268048593,0.039435755610466,1,12,11,1,15,4,222.9119858610579,0,1.0167892268048593,0.039435755610466,1,12,11,1,14,3,62.52909654006616,0,1.7522698668000156,0.043172093736708925,1,12,11,1,14,3,59.73121912679678,0,1.0167892268048593,0.039435755610466,7,nuscenes_mf/v1.0-mini/mini_val/325cef682f064c55a255f2625c533b75/ca5b3ca5aea745ee8fe12b0f74d77f8e,dev,60
35,ct_joint_full,0,6,6,0,0,0,0,1,6,-1.0,0,9.037318229675293,3.743000030517578,57.1332669444537,0,0,0,0,0.49987196922302246,1.0005486011505127,0,0,0,0,0,1,0,0,1,0,1,0.0,0.0,0.0,0.7834042028838549,0.5181791701667322,0.7913825405390823,0.45795756126141657,0.8744402959675535,0.8190254676087747,-0.30633829511617333,0.4758829966850993,1,2.3506575217684675,0.05176746663263806,1,1,1,0.7834042028838549,0.5181791701667322,0.7913825405390823,0.7834042028838549,0.5181791701667322,0.7913825405390823,0.7834042028838549,0.7834042028838549,0.7834042028838549,0.0,0,0,1,0.7834042028838549,0.5181791701667322,0.7913825405390823,0.0,0.0,0.0,0.0,0.0,0.0,0.0,0.0,0.0,0.0,0.0,0.7834042028838549,0.5181791701667322,0.0,0.0,0.0,0.0,-0.6636234521865845,0.006883059162646532,0.47853926781911676,-0.6799151645674002,1,1,0.0,4.434153079986572,2.3058218955993652,0.0,0.0,0.0,0.0,0.0,0.0,0.0,0.0,0,2,5,6,34720,6,483,13,1024,6,6,6,6,6,6,0,6,6,0,1,1,1,1,0.874440295967552,0.10592446833848954,0.8471416399358535,0.10592446833848954,b1,0,3.7430000000000003,8.98,1.689,3.7430000000000003,9.037318264085563,1.689,0,0,0,0,0,0,0,0,1,6,6,1,10,4,57.567321718728174,0,0.874440295967552,0.10592446833848954,1,6,6,1,10,4,91.65099354746006,0,0.874440295967552,0.10592446833848954,1,6,6,1,13,7,125.73466537619196,0,0.874440295967552,0.10592446833848954,1,6,6,1,10,4,88.94987784489244,0,0.874440295967552,0.10592446833848954,1,6,6,1,10,4,127.08843396869722,0,0.874440295967552,0.10592446833848954,1,6,6,1,10,4,223.63354621787974,0,0.874440295967552,0.10592446833848954,1,6,6,1,10,4,60.06810273018539,0,0.45795757173474233,0.10032190362750562,1,6,6,1,10,4,58.74482938550076,0,0.874440295967552,0.10592446833848954,7,nuscenes_mf/v1.0-mini/mini_val/325cef682f064c55a255f2625c533b75/ca5b3ca5aea745ee8fe12b0f74d77f8e,dev,60
36,ct_joint_full,0,7,7,0,0,0,0,1,7,-1.0,0,9.03518295288086,3.743000030517578,57.119767880240595,0,0,0,0,0.49993014335632324,1.0006637573242188,0,0,0,0,0,1,0,0,1,0,1,0.0,0.0,0.0,1.3310452367726344,0.42133844451903446,1.3434899825457525,0.79931896561318,0.7500076950964346,-0.4994865378519436,0.5594861449045226,0.07001694775924014,1,0.8173565955240951,0.2866895380177947,1,1,1,1.3310452367726344,0.42133844451903446,1.3434899825457525,1.3310452367726344,0.42133844451903446,1.3434899825457525,1.3310452367726344,1.3310452367726344,1.3310452367726344,0.0,0,0,1,1.3310452367726344,0.42133844451903446,1.3434899825457525,0.0,0.0,0.0,0.0,0.0,0.0,0.0,0.0,0.0,0.0,0.0,1.3310452367726344,0.42133844451903446,0.0,0.0,0.0,0.0,-0.14588366448879242,0.004273748490959406,-1.186795632776846,1.713016270886283,0,0,0.0,1.4007474184036255,1.4007474184036255,0.0,0.0,0.0,0.0,0.0,0.0,0.0,0.0,0,2,7,7,34720,7,541,13,1024,7,7,7,7,7,7,0,7,7,0,1,1,1,1,0.7500076950965121,0.1820900547504425,0.7691618821821116,0.1820900547504425,b1,0,3.7430000000000003,8.98,1.689,3.7430000000000003,9.03518291717047,1.689,0,0,0,0,0,0,0,0,1,7,7,1,9,2,57.53811798401736,0,0.7500076950965121,0.1820900547504425,1,7,7,1,9,2,91.60449926525914,0,0.7500076950965121,0.1820900547504425,1,7,7,1,11,4,125.67088054650091,0,0.7500076950965121,0.1820900547504425,1,7,7,1,9,2,88.91356990658726,0,0.7500076950965121,0.1820900547504425,1,7,7,1,11,4,127.04502182994364,0,0.7500076950965121,0.1820900547504425,1,7,7,1,11,4,223.57592567508343,0,0.7500076950965121,0.1820900547504425,1,7,7,1,9,2,60.06904594241412,0,0.799318962986165,0.19067842702945562,1,7,7,1,9,2,60.6580318904023,0,0.7500076950965121,0.1820900547504425,7,nuscenes_mf/v1.0-mini/mini_val/325cef682f064c55a255f2625c533b75/ca5b3ca5aea745ee8fe12b0f74d77f8e,dev,60
37,ct_joint_full,0,3,0,0,0,0,0,0,3,-1.0,0,10.395965576171875,3.743000030517578,65.72253641112732,0,0,0,0,0.4998440742492676,0.9998860359191895,0,0,0,0,0,1,0,0,1,0,1,0.0,0.0,0.0,0.8788341159506784,0.3451754140792354,1.0232654386213749,3.8722551772992517,2.7247458766708004,-2.7159137691567237,-0.21920861307691886,1.1496747028638579,1,3.1526847168770296,0.16772371231851171,1,1,1,0.8788341159506784,0.3451754140792354,1.0232654386213749,0.8788341159506784,0.3451754140792354,1.0232654386213749,0.8788341159506784,0.8788341159506784,0.8788341159506784,0.0,0,0,1,0.8788341159506784,0.3451754140792354,1.0232654386213749,0.0,0.0,0.0,0.0,0.0,0.0,0.0,0.0,0.0,0.0,0.0,0.8788341159506784,0.3451754140792354,0.0,0.0,0.0,0.0,-0.8278976678848267,-0.010800064541399479,-2.7837197130459246,-0.2911856632814964,0,1,0.0,6.726442813873291,3.1988024711608887,0.0,0.0,0.0,0.0,0.0,0.0,0.0,0.0,0,2,3,3,34720,3,211,16,1024,0,0,0,0,0,0,0,0,0,0,0,0,0,0,2.724745876670773,0.5154387866258622,2.0203361856140742,0.5154387866258622,b1,0,3.7430000000000003,8.98,1.689,3.7430000000000003,10.395965715540825,1.689,0,0,0,0,0,0,0,0,1,0,0,0,3,3,76.46047718749847,0,2.724745876670773,0.5154387866258622,1,0,0,0,9,9,121.73014988583978,0,2.724745876670773,0.5154387866258622,1,0,0,0,9,9,166.9998225841811,0,2.724745876670773,0.5154387866258622,1,0,0,0,6,6,112.4326408535703,0,2.724745876670773,0.5154387866258622,1,0,0,0,8,8,155.16080451885566,0,2.724745876670773,0.5154387866258622,1,2,0,0,14,14,260.8851318502128,0,2.724745876670773,0.5154387866258622,1,0,0,0,2,2,77.84342765646623,0,3.872255155550714,0.514353819429006,1,0,0,0,4,4,80.75220877494714,0,2.724745876670773,0.5154387866258622,7,nuscenes_mf/v1.0-mini/mini_val/325cef682f064c55a255f2625c533b75/ca5b3ca5aea745ee8fe12b0f74d77f8e,dev,60
38,ct_joint_full,0,3,2,0,0,0,0,1,3,-1.0,0,9.010623931884766,3.743000030517578,56.96450754008162,0,0,0,0,0.4998798370361328,0.9999854564666748,0,0,0,0,0,1,0,0,1,0,1,0.0,0.0,0.0,1.2701169476620096,0.19111380809583986,1.531034144043017,0.2332726044938753,0.8935633341843959,0.8713949953363994,0.19780347516364635,0.9776451610774883,1,2.588727072421717,0.038576514609669904,1,1,1,1.2701169476620096,0.19111380809583986,1.531034144043017,1.2701169476620096,0.19111380809583986,1.531034144043017,1.2701169476620096,1.2701169476620096,1.2701169476620096,0.0,0,0,1,1.2701169476620096,0.19111380809583986,1.531034144043017,0.0,0.0,0.0,0.0,0.0,0.0,0.0,0.0,0.0,0.0,0.0,1.2701169476620096,0.19111380809583986,0.0,0.0,0.0,0.0,-0.5988705158233643,0.010946777649223804,-0.06505773617587021,0.22982952233439552,1,1,0.0,4.7714338302612305,2.736807346343994,0.0,0.0,0.0,0.0,0.0,0.0,0.0,0.0,0,2,3,3,34720,3,124,25,1024,2,2,4,4,2,4,2,0,0,0,1,0,1,0,0.8935633341843303,0.857140014231205,0.8805635585131324,0.857140014231205,b1,0,3.7430000000000003,8.98,1.689,3.7430000000000003,9.010623521218076,1.689,0,0,0,0,0,0,0,0,1,0,0,0,3,3,57.18428982501291,0,0.8935633341843303,0.857140014231205,1,0,0,0,6,6,91.04118137327396,0,0.8935633341843303,0.857140014231205,1,0,0,0,6,6,124.898072921535,0,0.8935633341843303,0.857140014231205,1,1,1,1,4,3,88.47403699970897,0,0.8935633341843303,0.857140014231205,1,3,2,1,7,5,126.51978417125903,0,0.8935633341843303,0.857140014231205,1,3,2,1,12,10,222.87927851435916,0,0.8935633341843303,0.857140014231205,1,3,2,1,5,3,64.4398109599765,0,0.233272592720573,0.867501827799845,1,3,2,1,5,3,60.77022859749511,0,0.8935633341843303,0.857140014231205,7,nuscenes_mf/v1.0-mini/mini_val/325cef682f064c55a255f2625c533b75/ca5b3ca5aea745ee8fe12b0f74d77f8e,dev,60
39,ct_joint_full,0,3,3,0,0,0,0,1,3,-1.0,0,9.014369010925293,3.743000030517578,56.988183656725155,0,0,0,0,0.5004220008850098,1.0011204481124878,0,0,0,0,0,1,0,0,1,0,1,0.0,0.0,0.0,0.6201733284321981,0.12431392360746317,1.3426009437241737,1.8731296457374853,1.2245311324050783,-1.2194663304947488,-0.11125780350613057,0.6505743236022105,1,2.874516002842587,0.0433378070767757,1,1,1,0.6201733284321981,0.12431392360746317,1.3426009437241737,0.6201733284321981,0.12431392360746317,1.3426009437241737,0.6201733284321981,0.6201733284321981,0.6201733284321981,0.0,0,0,1,0.6201733284321981,0.12431392360746317,1.3426009437241737,0.0,0.0,0.0,0.0,0.0,0.0,0.0,0.0,0.0,0.0,0.0,0.6201733284321981,0.12431392360746317,0.0,0.0,0.0,0.0,-0.812669038772583,0.0072972699999809265,-2.3359958567494625,-0.2207953299947926,0,1,0.0,5.959237575531006,2.9092764854431152,0.0,0.0,0.0,0.0,0.0,0.0,0.0,0.0,0,2,3,3,34720,3,185,15,1024,3,3,3,3,3,3,0,3,3,0,1,0,1,0,1.2245311324050765,1.1889084684848785,1.2413953586990367,1.1889084684848785,b1,0,3.7430000000000003,8.98,1.689,3.7430000000000003,9.014369147404695,1.689,0,0,0,0,0,0,0,0,1,3,3,1,6,3,57.24742436756473,0,1.2245311324050765,1.1889084684848785,1,3,3,1,6,3,91.14169575155806,0,1.2245311324050765,1.1889084684848785,1,3,3,1,7,4,125.03596713555139,0,1.2245311324050765,1.1889084684848785,1,3,3,1,7,4,88.55228519978235,0,1.2245311324050765,1.1889084684848785,1,3,3,1,12,9,126.61314603278646,0,1.2245311324050765,1.1889084684848785,1,3,3,1,12,9,223.0028676964352,0,1.2245311324050765,1.1889084684848785,1,3,3,1,4,1,61.415672630842096,0,1.87312965112202,1.1839351231298603,1,3,3,1,6,3,58.90223599501866,0,1.2245311324050765,1.1889084684848785,7,nuscenes_mf/v1.0-mini/mini_val/325cef682f064c55a255f2625c533b75/ca5b3ca5aea745ee8fe12b0f74d77f8e,dev,60
1,ct_joint_full,0,3,0,0,0,0,0,0,3,-1.0,0,0.0,0.0,0.0,0,0,0,0,0.4998750686645508,1.0,0,0,0,0,0,0,0,0,0,0,1,0.0,0.0,0.0,0.03364552117758965,0.934269197116197,0.05010539932334851,0.025632011235958554,0.025632011235958554,0.0,0.0,0.0,0,0.0,0.0,0,0,0,0.03364552117758965,0.934269197116197,0.05010539932334851,0.03364552117758965,0.934269197116197,0.05010539932334851,0.03364552117758965,0.03364552117758965,0.03364552117758965,0.0,0,0,1,0.03364552117758965,0.934269197116197,0.05010539932334851,0.0,0.0,0.0,0.0,0.0,0.0,0.0,0.0,0.0,0.0,0.0,0.03364552117758965,0.934269197116197,0.0,0.0,0.0,0.0,-0.0,0.0,0.06303450346537283,-0.03606318124552002,1,1,0.0,1.6243269443511963,1.6243269443511963,0.0,0.0,0.0,0.0,0.0,0.0,0.0,0.0,0,2,3,3,34720,3,197,16,1024,0,0,0,0,0,0,0,0,0,0,0,0,0,0,0.0,0.0,0.0,0.0,base_only,0,0.0,0.0,0.0,0.0,0.0,0.0,0,0,0,0,0,0,0,0,0,0,0,0,0,0,0.0,0,0.0,0.0,0,0,0,0,0,0,0.0,0,0.0,0.0,0,0,0,0,0,0,0.0,0,0.0,0.0,0,0,0,0,0,0,0.0,0,0.0,0.0,0,0,0,0,0,0,0.0,0,0.0,0.0,0,0,0,0,0,0,0.0,0,0.0,0.0,0,0,0,0,0,0,0.0,0,0.0,0.0,0,0,0,0,0,0,0.0,0,0.0,0.0,8,nuscenes_mf/v1.0-mini/mini_val/325cef682f064c55a255f2625c533b75/11a08ff383a6451bbda6b9af56cfa6e2,dev,60
2,ct_joint_full,0,3,3,0,0,3,3,1,3,-1.0,0,8.608125686645508,3.694000005722046,47.347840741205935,0,0,0,0,0.5004169940948486,1.0010840892791748,0,0,0,0,0,1,0,0,1,0,1,3.0,3.0,3.0,0.46681415140067506,0.7449252475924054,0.4713805039621039,0.06730311492393763,0.0515799529108908,-0.014564254752584587,0.04948104671086886,0.030700750293004127,1,0.033950240050479016,0.0025749964211865977,1,1,1,0.46681415140067506,0.7449252475924054,0.4713805039621039,0.46681415140067506,0.7449252475924054,0.4713805039621039,0.46681415140067506,0.46681415140067506,0.46681415140067506,0.0,0,0,1,0.46681415140067506,0.7449252475924054,0.4713805039621039,0.0,0.0,0.0,0.0,0.0,0.0,0.0,0.0,0.0,0.0,0.0,0.46681415140067506,0.7449252475924054,0.0,0.0,0.0,0.0,-0.08184124529361725,0.0011926813749596477,-0.12066845986680379,0.18108283330898864,1,1,0.0,1.016465425491333,1.016465425491333,0.0,0.0,0.0,0.0,0.0,0.0,0.0,0.0,0,2,3,3,34752,3,128,24,1024,3,3,5,6,3,6,3,3,3,0,1,1,1,1,0.05157995291096139,0.06212855970859529,0.05415051269157957,0.06212855970859529,b1,0,3.694,8.594000000000001,1.489,3.694,8.60812547049606,1.489,3,3,0,0,0,0,0,0,1,3,3,1,3,0,47.43819433571072,0,0.05157995291096139,0.06212855970859529,1,3,3,1,3,0,79.29729059878038,0,0.05157995291096139,0.06212855970859529,1,3,3,1,3,0,111.15638686185004,0,0.05157995291096139,0.06212855970859529,1,3,3,1,9,6,74.25545231358846,0,0.05157995291096139,0.06212855970859529,1,3,3,1,18,15,107.02871029077284,0,0.05157995291096139,0.06212855970859529,1,3,3,1,50,47,190.44322624791505,0,0.05157995291096139,0.06212855970859529,1,3,3,1,3,0,49.5965861394295,0,0.06730311453411696,0.07326918413072944,1,3,3,1,3,0,49.655577022811315,0,0.05157995291096139,0.06212855970859529,8,nuscenes_mf/v1.0-mini/mini_val/325cef682f064c55a255f2625c533b75/11a08ff383a6451bbda6b9af56cfa6e2,dev,60
3,ct_joint_full,0,4,4,0,0,0,0,1,4,-1.0,0,8.623249053955078,3.694000005722046,47.431024794612036,0,0,0,0,0.40035295486450195,0.8004721403121948,0,0,0,0,0,1,0,0,1,0,0,0.0,0.0,0.0,0.26623577629028616,0.7782565713337033,0.2819760550237108,0.8773203261408159,0.45639779186742396,-0.45628945483774414,0.009943915856431548,0.42095802424352063,1,2.7363919242421444,0.006284758289586644,1,1,1,0.26623577629028616,0.7782565713337033,0.2819760550237108,0.26623577629028616,0.7782565713337033,0.2819760550237108,0.26623577629028616,0.26623577629028616,0.26623577629028616,0.0,0,0,1,0.26623577629028616,0.7782565713337033,0.2819760550237108,0.0,0.0,0.0,0.0,0.0,0.0,0.0,0.0,0.0,0.0,0.0,0.26623577629028616,0.7782565713337033,0.0,0.0,0.0,0.0,-0.8252060413360596,0.004686121363192797,-1.7196788254849067,0.03392696843446059,0,1,0.0,5.762036323547363,2.669679880142212,0.0,0.0,0.0,0.0,0.0,0.0,0.0,0.0,0,2,2,4,34752,4,57,64,1024,4,4,22,22,4,22,18,2,2,0,1,1,1,1,0.45639779186745005,0.0864532471895218,0.47101488324402474,0.0864532471895218,b1,0,3.694,8.594000000000001,1.489,3.694,8.62324935339361,1.489,0,0,0,0,0,0,0,0,1,2,2,1,5,3,47.61789376053493,0,0.45639779186745005,0.0864532471895218,1,2,2,1,5,3,79.59767466082702,0,0.45639779186745005,0.0864532471895218,1,2,2,1,5,3,111.57745556111912,0,0.45639779186745005,0.0864532471895218,1,3,3,1,15,12,74.48013164452928,0,0.45639779186745005,0.0864532471895218,1,4,4,1,29,25,107.29836953129711,0,0.45639779186745005,0.0864532471895218,1,4,4,1,57,53,190.80284529928582,0,0.45639779186745005,0.0864532471895218,1,2,2,1,8,6,49.64490719568214,0,0.8773202874171051,0.08786177736039952,1,2,2,1,5,3,48.149831969095835,0,0.45639779186745005,0.0864532471895218,8,nuscenes_mf/v1.0-mini/mini_val/325cef682f064c55a255f2625c533b75/11a08ff383a6451bbda6b9af56cfa6e2,dev,60
4,ct_joint_full,0,8,8,0,0,0,0,1,8,-1.0,0,8.657113075256348,3.694000005722046,47.61728930163669,0,0,0,0,0.4999210834503174,1.1099861860275269,0,0,0,0,0,1,0,0,1,0,0,0.0,0.0,0.0,2.5220279899286284,0.2502295931710033,2.5257380386904713,0.17490476684713577,0.3519586012281311,0.35180556389897794,-0.01037776882233032,0.5265604486718296,1,2.544827564838883,0.004913179642670646,1,1,1,2.5220279899286284,0.2502295931710033,2.5257380386904713,2.5220279899286284,0.2502295931710033,2.5257380386904713,2.5220279899286284,2.5220279899286284,2.5220279899286284,0.0,0,0,1,2.5220279899286284,0.2502295931710033,2.5257380386904713,0.0,0.0,0.0,0.0,0.0,0.0,0.0,0.0,0.0,0.0,0.0,2.5220279899286284,0.2502295931710033,0.0,0.0,0.0,0.0,-0.7348660230636597,0.006601058878004551,-0.24387966860955287,-0.016679901270365453,1,1,0.0,5.0276780128479,2.5279600620269775,0.0,0.0,0.0,0.0,0.0,0.0,0.0,0.0,0,2,7,8,34688,8,110,70,1024,8,8,29,29,8,29,21,7,7,0,1,1,1,1,0.3519586012281532,0.1188924487233162,0.32040720217807744,0.1188924487233162,b1,0,3.694,8.594000000000001,1.489,3.694,8.65711299290634,1.489,0,0,0,0,0,0,0,0,1,7,7,1,24,17,48.02066248006187,0,0.3519586012281532,0.1188924487233162,1,7,7,1,27,20,80.2709394982364,0,0.3519586012281532,0.1188924487233162,1,7,7,1,27,20,112.52121651641093,0,0.3519586012281532,0.1188924487233162,1,7,7,1,32,25,74.98370878216065,0,0.3519586012281532,0.1188924487233162,1,8,8,1,38,30,107.90275508425943,0,0.3519586012281532,0.1188924487233162,1,8,8,1,55,47,191.60884768637686,0,0.3519586012281532,0.1188924487233162,1,3,3,1,15,12,50.37035046271555,0,0.17490476594674154,0.12824265910885688,1,7,7,1,24,17,49.098206046977026,0,0.3519586012281532,0.1188924487233162,8,nuscenes_mf/v1.0-mini/mini_val/325cef682f064c55a255f2625c533b75/11a08ff383a6451bbda6b9af56cfa6e2,dev,60
5,ct_joint_full,0,10,10,0,0,10,10,1,10,-1.0,0,10.095571517944336,3.694000005722046,55.52933702683375,0,0,0,0,0.499255895614624,1.1091198921203613,0,0,0,0,0,1,0,0,1,0,0,10.0,10.0,5.0,2.339237903578802,0.2787864972444394,2.3435452438510396,5.257533956108439,4.029974171113445,-4.029974012621021,0.001523814618003911,1.2275788637911365,1,3.1909813919603307,0.41994643985022684,1,1,1,2.339237903578802,0.2787864972444394,2.3435452438510396,2.339237903578802,0.2787864972444394,2.3435452438510396,2.339237903578802,2.339237903578802,2.339237903578802,0.0,0,0,1,2.339237903578802,0.2787864972444394,2.3435452438510396,0.0,0.0,0.0,0.0,0.0,0.0,0.0,0.0,0.0,0.0,0.0,2.339237903578802,0.2787864972444394,0.0,0.0,0.0,0.0,-0.7545713782310486,-0.008161966688930988,-3.231771066964078,-0.006470522320186892,0,1,0.0,6.218782901763916,3.1690564155578613,0.0,0.0,0.0,0.0,0.0,0.0,0.0,0.0,0,2,9,10,34688,10,96,106,1024,9,10,59,64,10,64,54,9,9,0,0,0,0,0,4.029974171113372,0.13584830325841904,3.2791979567763696,0.13584830325841904,b1,0,3.694,8.594000000000001,1.489,3.694,10.095571269506546,1.489,10,10,0,0,0,0,0,0,1,9,9,1,57,48,65.13662461653678,0,4.029974171113372,0.13584830325841904,1,9,9,1,58,49,108.8818392683412,0,4.029974171113372,0.13584830325841904,1,9,9,1,60,51,152.6270539201456,0,4.029974171113372,0.13584830325841904,1,9,9,1,141,132,96.3834750497369,0,4.029974171113372,0.13584830325841904,1,9,9,1,168,159,133.58632548501714,0,4.029974171113372,0.13584830325841904,1,9,9,1,263,254,225.8600263514174,0,4.029974171113372,0.13584830325841904,1,4,4,1,78,74,66.42348431483013,0,5.2575336584900345,0.15575160688001707,1,9,9,1,76,67,68.7878581793761,0,4.029974171113372,0.13584830325841904,8,nuscenes_mf/v1.0-mini/mini_val/325cef682f064c55a255f2625c533b75/11a08ff383a6451bbda6b9af56cfa6e2,dev,60
6,ct_joint_full,0,10,7,0,0,0,0,1,10,-1.0,0,8.610478401184082,3.694000005722046,47.360781531958416,0,0,0,0,0.4998891353607178,1.0006017684936523,0,0,0,0,0,1,0,0,1,0,0,0.0,0.0,0.0,2.589340712315355,0.2429761946489511,2.5933629571376478,1.6564943218834614,2.3339363425898507,2.331702947546699,-0.10208048119067753,0.6777966289315602,1,2.175117055582597,0.5031193097583341,1,1,1,2.589340712315355,0.2429761946489511,2.5933629571376478,2.589340712315355,0.2429761946489511,2.5933629571376478,2.589340712315355,2.589340712315355,2.589340712315355,0.0,0,0,1,2.589340712315355,0.2429761946489511,2.5933629571376478,0.0,0.0,0.0,0.0,0.0,0.0,0.0,0.0,0.0,0.0,0.0,2.589340712315355,0.2429761946489511,0.0,0.0,0.0,0.0,-0.42717161774635315,0.012697816826403141,1.0425508043050022,-0.10320483570962473,0,1,0.0,3.2952051162719727,2.0773415565490723,0.0,0.0,0.0,0.0,0.0,0.0,0.0,0.0,0,2,5,10,34720,10,70,143,1024,7,7,68,68,7,69,62,5,5,0,0,0,0,0,2.333936342589836,0.14202232372760773,2.3397443424402127,0.14202232372760773,b1,0,3.694,8.594000000000001,1.489,3.694,8.61047821465284,1.489,0,0,0,0,0,0,0,0,1,5,5,1,48,43,47.43821359127946,0,2.333936342589836,0.14202232372760773,1,5,5,1,52,47,79.29732278622873,0,2.333936342589836,0.14202232372760773,1,5,5,1,53,48,111.156431981178,0,2.333936342589836,0.14202232372760773,1,5,5,1,90,85,74.25596766127924,0,2.333936342589836,0.14202232372760773,1,5,5,1,121,116,107.02972173058566,0,2.333936342589836,0.14202232372760773,1,9,6,1,274,268,190.44522987127863,0,2.333936342589836,0.14202232372760773,1,5,5,1,46,41,51.80897768640568,0,1.6564943311668892,0.14577589589221077,1,5,5,1,48,43,49.03413631646307,0,2.333936342589836,0.14202232372760773,8,nuscenes_mf/v1.0-mini/mini_val/325cef682f064c55a255f2625c533b75/11a08ff383a6451bbda6b9af56cfa6e2,dev,60
7,ct_joint_full,0,23,21,0,0,0,0,1,23,-1.0,0,8.641705513000488,3.694000005722046,47.53254207204728,0,0,0,0,0.49931883811950684,0.9994922280311584,0,0,0,0,0,1,0,0,1,0,0,0.0,0.0,0.0,0.9967533471307088,0.5265560037438353,1.0073471670875467,2.9475992411058267,2.548209438651336,-2.547984397272432,0.03386821206994714,0.39940306562798067,1,2.4192307575498693,0.3464393583843454,1,1,1,0.9967533471307088,0.5265560037438353,1.0073471670875467,0.9967533471307088,0.5265560037438353,1.0073471670875467,0.9967533471307088,0.9967533471307088,0.9967533471307088,0.0,0,0,1,0.9967533471307088,0.5265560037438353,1.0073471670875467,0.0,0.0,0.0,0.0,0.0,0.0,0.0,0.0,0.0,0.0,0.0,0.9967533471307088,0.5265560037438353,0.0,0.0,0.0,0.0,-0.675148069858551,0.004716907162219286,-4.982286295215879,0.09308355056026339,0,1,0.0,4.3304619789123535,2.1822073459625244,0.0,0.0,0.0,0.0,0.0,0.0,0.0,0.0,0,2,19,24,34720,23,83,218,1024,21,21,97,97,21,97,76,21,21,0,0,0,0,0,2.5482094386512966,0.14338179594278336,2.572055041885589,0.14338179594278336,b1,0,3.694,8.594000000000001,1.489,3.694,8.641705522484008,1.489,0,0,0,0,0,0,0,0,1,21,21,1,91,70,47.83755503728892,0,2.5482094386512966,0.14338179594278336,1,21,21,1,97,76,79.96485862176772,0,2.5482094386512966,0.14338179594278336,1,21,21,1,101,80,112.09216220624651,0,2.5482094386512966,0.14338179594278336,1,21,21,1,164,143,74.75476905800448,0,2.5482094386512966,0.14338179594278336,1,21,21,1,204,183,107.62798308010677,0,2.5482094386512966,0.14338179594278336,1,21,21,1,420,399,191.24241112431136,0,2.5482094386512966,0.14338179594278336,1,20,20,1,115,95,49.741884549189216,0,2.947599243599721,0.14478455644022756,1,21,21,1,92,71,48.70225067689872,0,2.5482094386512966,0.14338179594278336,8,nuscenes_mf/v1.0-mini/mini_val/325cef682f064c55a255f2625c533b75/11a08ff383a6451bbda6b9af56cfa6e2,dev,60
8,ct_joint_full,0,29,27,0,0,0,0,1,29,-1.0,0,9.605669975280762,3.694000005722046,52.83469930135403,0,0,0,0,0.5004479885101318,1.0016893148422241,0,0,0,0,0,1,0,0,1,0,0,0.0,0.0,0.0,1.3727909452294067,0.46781946091394017,1.3765945774790513,1.0311097586070854,0.03709204604980873,0.02281311276635689,0.029246912309901577,1.0536136218429448,1,3.1053327144510243,8.865621222850856e-05,1,1,1,1.3727909452294067,0.46781946091394017,1.3765945774790513,1.3727909452294067,0.46781946091394017,1.3765945774790513,1.3727909452294067,1.3727909452294067,1.3727909452294067,0.0,0,0,1,1.3727909452294067,0.46781946091394017,1.3765945774790513,0.0,0.0,0.0,0.0,0.0,0.0,0.0,0.0,0.0,0.0,0.0,1.3727909452294067,0.46781946091394017,0.0,0.0,0.0,0.0,-0.8113851547241211,-0.0050592985935509205,-0.7938168648047763,0.03463652006305202,1,1,0.0,6.697758674621582,3.3318088054656982,0.0,0.0,0.0,0.0,0.0,0.0,0.0,0.0,0,2,12,29,34752,29,137,222,1024,27,27,46,72,27,72,45,21,19,2,1,1,1,1,0.037092046049822976,0.09470888793468477,0.5293535163473779,0.09470888793468477,b1,0,3.694,8.594000000000001,1.489,3.694,9.605670215285253,1.489,0,0,0,0,0,0,0,0,1,21,19,1,86,67,59.30755967826768,0,0.037092046049822976,0.09470888793468477,1,21,21,1,92,71,99.1380228604488,0,0.037092046049822976,0.09470888793468477,1,21,21,1,92,71,138.96848604262993,0,0.037092046049822976,0.09470888793468477,1,29,27,1,125,98,89.09550135404056,0,0.037092046049822976,0.09470888793468477,1,29,27,1,175,148,124.83944302912009,0,0.037092046049822976,0.09470888793468477,1,29,27,1,363,336,214.1953263799725,0,0.037092046049822976,0.09470888793468477,1,15,13,1,60,47,61.46720006290763,0,1.0311095818963834,0.09703379091200096,1,22,20,1,87,67,62.22124352888735,0,0.037092046049822976,0.09470888793468477,8,nuscenes_mf/v1.0-mini/mini_val/325cef682f064c55a255f2625c533b75/11a08ff383a6451bbda6b9af56cfa6e2,dev,60
9,ct_joint_full,0,31,26,0,0,0,0,1,31,-1.0,0,8.624919891357422,3.694000005722046,47.44021501163609,0,0,0,0,0.5004181861877441,1.0010697841644287,0,0,0,0,0,1,0,0,1,0,0,0.0,0.0,0.0,0.9468895655325206,0.5643680814559533,0.9481899008662293,2.2352486928258966,1.4417847215329933,-1.4412601767125908,-0.03889140293992443,0.7938221125748507,1,2.4850181710427344,0.10359890693532209,1,1,1,0.9468895655325206,0.5643680814559533,0.9481899008662293,0.9468895655325206,0.5643680814559533,0.9481899008662293,0.9468895655325206,0.9468895655325206,0.9468895655325206,0.0,0,0,1,0.9468895655325206,0.5643680814559533,0.9481899008662293,0.0,0.0,0.0,0.0,0.0,0.0,0.0,0.0,0.0,0.0,0.0,0.9468895655325206,0.5643680814559533,0.0,0.0,0.0,0.0,-0.5900073647499084,0.010888849385082722,-1.6612807675506,-0.04027085168748832,0,1,0.0,4.482868194580078,2.542011260986328,0.0,0.0,0.0,0.0,0.0,0.0,0.0,0.0,0,2,13,31,34720,31,96,338,1024,26,26,126,126,26,126,100,21,21,0,1,1,1,1,1.4417847215329715,0.05126265907287597,1.4267877455469773,0.05126265907287597,b1,0,3.694,8.594000000000001,1.489,3.694,8.624919903663752,1.489,0,0,0,0,0,0,0,0,1,21,21,1,135,114,47.63082778589474,0,1.4417847215329715,0.05126265907287597,1,21,21,1,136,115,79.61929506990732,0,1.4417847215329715,0.05126265907287597,1,21,21,1,136,115,111.60776235391991,0,1.4417847215329715,0.05126265907287597,1,26,21,1,242,221,74.49642474772735,0,1.4417847215329715,0.05126265907287597,1,26,21,1,383,362,107.31802171164006,0,1.4417847215329715,0.05126265907287597,1,31,26,1,776,750,190.82921563807872,0,1.4417847215329715,0.05126265907287597,1,21,21,1,174,153,52.77048376759976,0,2.235248681080621,0.06012265319307358,1,21,21,1,144,123,49.699767462292556,0,1.4417847215329715,0.05126265907287597,8,nuscenes_mf/v1.0-mini/mini_val/325cef682f064c55a255f2625c533b75/11a08ff383a6451bbda6b9af56cfa6e2,dev,60
10,ct_joint_full,0,56,52,0,0,0,0,1,56,-1.0,0,10.171552658081055,3.694000005722046,55.94726109689116,0,0,0,0,0.5004160404205322,0.9999659061431885,0,0,0,0,0,1,0,0,1,0,0,0.0,0.0,0.0,0.45903587999126444,0.751666697239807,0.459077892190756,3.7661839353658255,2.485117504510933,-2.485095026768553,-0.0105998188613914,1.2810668450993927,1,3.0728129857685316,0.16019215462727293,1,1,1,0.45903587999126444,0.751666697239807,0.459077892190756,0.45903587999126444,0.751666697239807,0.459077892190756,0.45903587999126444,0.45903587999126444,0.45903587999126444,0.0,0,0,1,0.45903587999126444,0.751666697239807,0.459077892190756,0.0,0.0,0.0,0.0,0.0,0.0,0.0,0.0,0.0,0.0,0.0,0.45903587999126444,0.751666697239807,0.0,0.0,0.0,0.0,-0.7435373663902283,-0.007094463333487511,-2.1859184507746785,-0.018264314468105097,0,1,0.0,6.209220886230469,3.211317777633667,0.0,0.0,0.0,0.0,0.0,0.0,0.0,0.0,0,2,30,56,34752,56,234,240,1024,26,52,48,84,52,84,32,16,12,4,0,0,1,1,2.485117504510926,0.00035890018939971347,1.6963833384674234,0.00035890018939971347,b1,0,3.694,8.594000000000001,1.489,3.694,10.17155246767521,1.489,0,0,0,0,0,0,0,0,1,16,12,1,67,55,66.0407177025061,0,2.485117504510926,0.00035890018939971347,1,16,16,1,128,112,110.39311374179832,0,2.485117504510926,0.00035890018939971347,1,16,16,1,128,112,154.74550978109053,0,2.485117504510926,0.00035890018939971347,1,16,12,1,129,117,97.51384556167292,0,2.485117504510926,0.00035890018939971347,1,21,17,1,176,159,134.942973419453,0,2.485117504510926,0.00035890018939971347,1,51,47,1,511,464,227.66922913570653,0,2.485117504510926,0.00035890018939971347,1,14,12,1,46,34,67.18639521440308,0,3.766183918303936,0.0036850940072340466,1,16,12,1,67,55,69.66093649759529,0,2.485117504510926,0.00035890018939971347,8,nuscenes_mf/v1.0-mini/mini_val/325cef682f064c55a255f2625c533b75/11a08ff383a6451bbda6b9af56cfa6e2,dev,60
11,ct_joint_full,0,107,107,0,0,0,0,1,107,-1.0,0,8.67101764678955,3.694000005722046,47.69376953235058,0,0,0,0,0.5004408359527588,1.0000474452972412,0,0,0,0,0,1,0,0,1,0,0,0.0,0.0,0.0,2.21690283424428,0.29309698660250516,2.2173119271377524,0.5358031999358531,0.4943579675939777,0.4935777175902452,0.02776416187388525,1.028025613790198,1,2.5415668981805415,0.011325577405088915,1,1,1,2.21690283424428,0.29309698660250516,2.2173119271377524,2.21690283424428,0.29309698660250516,2.2173119271377524,2.21690283424428,2.21690283424428,2.21690283424428,0.0,0,0,1,2.21690283424428,0.29309698660250516,2.2173119271377524,0.0,0.0,0.0,0.0,0.0,0.0,0.0,0.0,0.0,0.0,0.0,2.21690283424428,0.29309698660250516,0.0,0.0,0.0,0.0,-0.5777273774147034,0.011423146352171898,-0.3003314023241294,0.039835862465463175,1,1,0.0,4.659583568572998,2.7100799083709717,0.0,0.0,0.0,0.0,0.0,0.0,0.0,0.0,0,2,63,107,34784,107,183,534,1024,107,107,160,163,107,163,56,65,65,0,1,1,1,1,0.49435796759394174,0.04478936564922331,0.45669438341199564,0.04478936564922331,b1,0,3.694,8.594000000000001,1.489,3.694,8.671017788545235,1.489,0,0,0,0,0,0,0,0,1,65,65,1,230,165,48.18134619559254,0,0.49435796759394174,0.04478936564922331,1,65,65,1,240,175,80.53953705898579,0,0.49435796759394174,0.04478936564922331,1,65,65,1,240,175,112.89772792237903,0,0.49435796759394174,0.04478936564922331,1,71,71,1,396,325,75.18469232641998,0,0.49435796759394174,0.04478936564922331,1,98,98,1,662,564,108.14403845724742,0,0.49435796759394174,0.04478936564922331,1,107,107,1,1594,1487,191.9307307209824,0,0.49435796759394174,0.04478936564922331,1,69,69,1,310,241,53.758537933080596,0,0.5358032342959572,0.03675855748426882,1,68,68,1,238,170,51.090874900762735,0,0.49435796759394174,0.04478936564922331,8,nuscenes_mf/v1.0-mini/mini_val/325cef682f064c55a255f2625c533b75/11a08ff383a6451bbda6b9af56cfa6e2,dev,60
12,ct_joint_full,0,156,131,0,0,0,0,1,156,-1.0,0,9.722671508789062,3.694000005722046,53.47825054313274,0,0,0,0,0.5004229545593262,0.9999890327453613,0,0,0,0,0,1,0,0,1,0,0,0.0,0.0,0.0,1.7583456840008314,0.3702473398196526,1.7607131650183834,4.430035802267563,3.258885015101274,-3.2588145166163502,-0.021462989797550087,1.1711563801748988,1,3.2259635373288593,0.24546850608472096,1,1,1,1.7583456840008314,0.3702473398196526,1.7607131650183834,1.7583456840008314,0.3702473398196526,1.7607131650183834,1.7583456840008314,1.7583456840008314,1.7583456840008314,0.0,0,0,1,1.7583456840008314,0.3702473398196526,1.7607131650183834,0.0,0.0,0.0,0.0,0.0,0.0,0.0,0.0,0.0,0.0,0.0,1.7583456840008314,0.3702473398196526,0.0,0.0,0.0,0.0,-0.7807273864746094,-0.004170812666416168,-2.953159356873103,-0.029796759130654823,0,1,0.0,6.578052043914795,3.385462760925293,0.0,0.0,0.0,0.0,0.0,0.0,0.0,0.0,0,2,100,160,34720,156,303,552,1024,73,131,196,259,131,259,128,24,24,0,0,0,0,0,3.258885015101391,0.0935911463499069,2.6945811699624014,0.0935911463499069,b1,0,3.694,8.594000000000001,1.489,3.694,9.722671657864183,1.489,0,0,0,0,0,0,0,0,1,24,24,1,306,282,60.6997222762457,0,3.258885015101391,0.0935911463499069,1,24,24,1,308,284,101.46515026566526,0,3.258885015101391,0.0935911463499069,1,24,24,1,308,284,142.2305782550848,0,3.258885015101391,0.0935911463499069,1,38,38,1,522,484,90.83609642349276,0,3.258885015101391,0.0935911463499069,1,45,45,1,815,770,126.92847057004644,0,3.258885015101391,0.0935911463499069,1,76,76,1,1867,1791,216.98121886662065,0,3.258885015101391,0.0935911463499069,1,17,17,1,324,307,63.00997590295987,0,4.430035900011829,0.09236611583577609,1,24,24,1,319,295,63.872255505285054,0,3.258885015101391,0.0935911463499069,8,nuscenes_mf/v1.0-mini/mini_val/325cef682f064c55a255f2625c533b75/11a08ff383a6451bbda6b9af56cfa6e2,dev,60
13,ct_joint_full,0,261,237,0,0,0,0,1,261,-1.0,0,8.608006477355957,3.694000005722046,47.34718504649817,0,0,0,0,0.4998810291290283,0.9988992214202881,0,0,0,0,0,1,0,0,1,0,0,0.0,0.0,0.0,4.108639711263614,0.042655807040886125,4.111067628960895,0.8019203930633729,1.6617915331402138,1.659970045993165,-0.0777859270204653,0.8610420630069502,1,2.5469175471154135,0.13249001766985266,1,1,1,4.108639711263614,0.042655807040886125,4.111067628960895,4.108639711263614,0.042655807040886125,4.111067628960895,4.108639711263614,4.108639711263614,4.108639711263614,0.0,0,0,1,4.108639711263614,0.042655807040886125,4.111067628960895,0.0,0.0,0.0,0.0,0.0,0.0,0.0,0.0,0.0,0.0,0.0,4.108639711263614,0.042655807040886125,0.0,0.0,0.0,0.0,-0.590021014213562,0.011178772896528244,0.547521907723029,-0.08401567519144114,1,1,0.0,4.575807571411133,2.611407518386841,0.0,0.0,0.0,0.0,0.0,0.0,0.0,0.0,0,2,194,261,34688,261,275,980,1024,237,237,435,439,237,439,202,80,79,1,1,1,1,1,1.661791533140192,0.14127598273754116,1.6668875984250877,0.14127598273754116,b1,0,3.694,8.594000000000001,1.489,3.694,8.60800603954171,1.489,0,0,0,0,0,0,0,0,1,80,79,1,532,453,47.41511670402577,0,1.661791533140192,0.14127598273754116,1,80,80,1,535,455,79.25871422184025,0,1.661791533140192,0.14127598273754116,1,80,80,1,535,455,111.10231173965474,0,1.661791533140192,0.14127598273754116,1,112,104,1,1096,992,74.22697908793855,0,1.661791533140192,0.14127598273754116,1,158,148,1,1774,1626,106.99484147115795,0,1.661791533140192,0.14127598273754116,1,225,215,1,3151,2936,190.39856624106363,0,1.661791533140192,0.14127598273754116,1,139,130,1,753,623,52.76101708587326,0,0.8019203720373227,0.13893638686756093,1,139,130,1,591,461,49.257431861924644,0,1.661791533140192,0.14127598273754116,8,nuscenes_mf/v1.0-mini/mini_val/325cef682f064c55a255f2625c533b75/11a08ff383a6451bbda6b9af56cfa6e2,dev,60
14,ct_joint_full,0,157,111,0,0,23,23,1,157,-1.0,0,10.204309463500977,3.694000005722046,56.12743551147008,0,0,0,0,0.4998750686645508,0.9994463324546814,0,0,0,0,0,1,0,0,1,1,0,23.0,23.0,13.0,3.4433021776207116,0.10867135053954383,3.4480340009639896,6.888611709629386,5.549692820834041,-5.542869025049129,-0.275128415060155,1.3399836433797438,1,3.418662843268934,0.7739602270957304,1,1,1,3.4433021776207116,0.10867135053954383,3.4480340009639896,3.4433021776207116,0.10867135053954383,3.4480340009639896,3.4433021776207116,3.4433021776207116,3.4433021776207116,0.0,0,0,1,3.4433021776207116,0.10867135053954383,3.4480340009639896,0.0,0.0,0.0,0.0,0.0,0.0,0.0,0.0,0.0,0.0,0.0,3.4433021776207116,0.10867135053954383,0.0,0.0,0.0,0.0,-0.7520280480384827,-0.007089196238666773,-3.8628483173935844,-0.2882920323032126,0,1,0.0,6.329418659210205,3.275512218475342,0.0,0.0,0.0,0.0,0.0,0.0,0.0,0.0,0,2,202,277,34720,157,183,978,1024,49,111,389,508,111,508,397,1,1,0,0,0,0,0,5.549692820834027,0.19226844274997712,4.745905560604579,0.19226844274997712,b1,0,3.694,8.594000000000001,1.489,3.694,10.204309873150006,1.489,23,23,0,0,0,0,0,0,1,1,1,1,702,701,66.43048127497406,0,5.549692820834027,0.19226844274997712,1,1,1,1,702,701,111.04463928368733,0,5.549692820834027,0.19226844274997712,1,1,1,1,702,701,155.6587972924006,0,5.549692820834027,0.19226844274997712,1,15,15,1,1105,1090,98.00115983395696,0,5.549692820834027,0.19226844274997712,1,17,17,1,1659,1642,135.52783839501998,0,5.549692820834027,0.19226844274997712,1,69,69,1,3108,3039,228.44919551367917,0,5.549692820834027,0.19226844274997712,1,0,0,0,653,653,67.7642968001222,0,6.8886116222432205,0.1926703215945063,1,1,1,1,717,716,70.14144220538911,0,5.549692820834027,0.19226844274997712,8,nuscenes_mf/v1.0-mini/mini_val/325cef682f064c55a255f2625c533b75/11a08ff383a6451bbda6b9af56cfa6e2,dev,60
15,ct_joint_full,0,388,294,0,0,0,0,1,388,-1.0,0,8.69075870513916,3.694000005722046,47.80235257595672,0,0,0,0,0.4993269443511963,0.9988974928855896,0,0,0,0,0,1,0,0,1,0,0,0.0,0.0,0.0,5.568212115814386,0.0,5.5720615724605125,2.5731406469875804,3.66468821341815,3.6624680645544667,0.12754782912526963,1.0931183081693603,1,2.8855599747011764,0.5827583046574796,1,1,1,5.568212115814386,0.0,5.5720615724605125,5.568212115814386,0.0,5.5720615724605125,5.568212115814386,5.568212115814386,5.568212115814386,0.0,0,0,1,5.568212115814386,0.0,5.5720615724605125,0.0,0.0,0.0,0.0,0.0,0.0,0.0,0.0,0.0,0.0,0.0,5.568212115814386,0.0,0.0,0.0,0.0,0.0,-0.5916118621826172,0.010923720896244049,1.3906716250029623,0.13704842723550797,0,1,0.0,4.806318759918213,2.785004138946533,0.0,0.0,0.0,0.0,0.0,0.0,0.0,0.0,0,2,355,462,34688,388,195,1990,1024,292,294,923,929,294,929,635,54,54,0,0,0,0,0,3.66468821341815,0.20657847434282306,3.6168537137318526,0.20657847434282306,b1,0,3.694,8.594000000000001,1.489,3.694,8.69075871411544,1.489,0,0,0,0,0,0,0,0,1,54,54,1,1260,1206,48.41739046884048,0,3.66468821341815,0.20657847434282306,1,54,54,1,1260,1206,80.93410670043248,0,3.66468821341815,0.20657847434282306,1,54,54,1,1260,1206,113.45082293202448,0,3.66468821341815,0.20657847434282306,1,99,99,1,1818,1719,75.47979385125264,0,3.66468821341815,0.20657847434282306,1,136,136,1,2530,2394,108.49819723297142,0,3.66468821341815,0.20657847434282306,1,280,267,1,4019,3752,192.4030039936355,0,3.66468821341815,0.20657847434282306,1,104,104,1,1418,1314,53.745165562351495,0,2.573140598450325,0.19292575572292314,1,55,55,1,1261,1206,51.11801452100929,0,3.66468821341815,0.20657847434282306,8,nuscenes_mf/v1.0-mini/mini_val/325cef682f064c55a255f2625c533b75/11a08ff383a6451bbda6b9af56cfa6e2,dev,60
16,ct_joint_full,0,255,207,0,0,75,75,1,255,-1.0,0,9.875370025634766,3.694000005722046,54.318148253762715,0,0,0,0,0.5004410743713379,1.0016814470291138,0,0,0,0,0,1,0,0,1,1,0,75.0,75.0,42.0,4.945073430729601,0.0,4.95002949924217,8.01200378558325,6.787814618485811,-6.787258982928223,0.08686773059300726,1.2243293332845266,1,3.6244457848621696,1.1321441904213612,1,1,1,4.945073430729601,0.0,4.95002949924217,4.945073430729601,0.0,4.95002949924217,4.945073430729601,4.945073430729601,4.945073430729601,0.0,0,0,1,4.945073430729601,0.0,4.95002949924217,0.0,0.0,0.0,0.0,0.0,0.0,0.0,0.0,0.0,0.0,0.0,4.945073430729601,0.0,0.0,0.0,0.0,0.0,-0.7523845434188843,-0.004948154557496309,-4.92337157271927,0.09144961166593407,0,1,0.0,6.380776405334473,3.33703875541687,0.0,0.0,0.0,0.0,0.0,0.0,0.0,0.0,0,2,282,496,34752,255,89,2830,1024,52,207,1338,1601,207,1602,1395,0,0,0,0,0,0,0,6.787814618485834,0.23208452522754663,6.1471604197174345,0.23208452522754663,b1,0,3.694,8.594000000000001,1.489,3.694,9.87536982350874,1.489,75,75,0,0,0,0,0,0,1,0,0,0,1665,1665,62.51660146625107,0,6.787814618485834,0.23208452522754663,1,0,0,0,1672,1672,104.50223038918664,0,6.787814618485834,0.23208452522754663,1,0,0,0,1672,1672,146.48785931212223,0,6.787814618485834,0.23208452522754663,1,0,0,0,2354,2354,93.10770724746631,0,6.787814618485834,0.23208452522754663,1,0,0,0,3151,3151,129.65481303006828,0,6.787814618485834,0.23208452522754663,1,76,76,1,5599,5523,220.61702459527226,0,6.787814618485834,0.23208452522754663,1,0,0,0,1685,1685,64.75939357668824,0,8.012003981223033,0.2350339024581749,1,0,0,0,1708,1708,66.12295347256527,0,6.787814618485834,0.23208452522754663,8,nuscenes_mf/v1.0-mini/mini_val/325cef682f064c55a255f2625c533b75/11a08ff383a6451bbda6b9af56cfa6e2,dev,60
17,ct_joint_full,0,562,505,0,0,0,0,1,562,-1.0,0,8.620301246643066,3.694000005722046,47.41481077587838,0,0,0,0,0.49985289573669434,0.9999377727508545,0,0,0,0,0,1,0,0,1,0,0,0.0,0.0,0.0,7.93861471648633,0.0,7.9430096881968515,3.8600938918153513,4.895837424590876,4.895769236730498,0.025882741861750044,1.035875305463546,1,3.154750397502789,0.92560229837777,1,1,1,7.93861471648633,0.0,7.9430096881968515,7.93861471648633,0.0,7.9430096881968515,7.93861471648633,7.93861471648633,7.93861471648633,0.0,0,0,1,7.93861471648633,0.0,7.9430096881968515,0.0,0.0,0.0,0.0,0.0,0.0,0.0,0.0,0.0,0.0,0.0,7.93861471648633,0.0,0.0,0.0,0.0,0.0,-0.6253124475479126,0.010040675289928913,2.330164677951483,0.038304659904017165,0,1,0.0,5.0889410972595215,2.900489330291748,0.0,0.0,0.0,0.0,0.0,0.0,0.0,0.0,0,2,466,751,34720,562,166,3571,1024,505,505,2194,2197,505,2199,1694,0,0,0,0,0,0,0,4.895837424590921,0.27245159304141997,4.908184699252843,0.27245159304141997,b1,0,3.694,8.594000000000001,1.489,3.694,8.620301643387528,1.489,0,0,0,0,0,0,0,0,1,0,0,0,1328,1328,47.57247996032796,0,4.895837424590921,0.27245159304141997,1,0,0,0,3192,3192,79.52176133059524,0,4.895837424590921,0.27245159304141997,1,0,0,0,8469,8469,111.47104270086251,0,4.895837424590921,0.27245159304141997,1,86,86,1,2077,1991,74.42353319199336,0,4.895837424590921,0.27245159304141997,1,260,260,1,3170,2910,107.23058642435213,0,4.895837424590921,0.27245159304141997,1,462,462,1,5948,5486,190.71269289114977,0,4.895837424590921,0.27245159304141997,1,110,110,1,1421,1311,54.32049763450004,0,3.860093920048183,0.2596618076014012,1,65,65,1,1484,1419,50.44142066079842,0,4.895837424590921,0.27245159304141997,8,nuscenes_mf/v1.0-mini/mini_val/325cef682f064c55a255f2625c533b75/11a08ff383a6451bbda6b9af56cfa6e2,dev,60
18,ct_joint_full,0,0,0,0,0,14,14,0,0,-1.0,0,10.654464721679688,3.694000005722046,58.60345413026511,0,0,0,0,0.49991798400878906,0.9995421171188354,0,0,0,0,0,1,0,0,1,0,1,14.0,14.0,12.0,7.501697210822722,0.0,7.504435038363093,11.4352987398371,9.977465130259754,-9.977417318791938,0.03102363196774119,1.4578837271446217,1,4.372317540633128,2.908246970151754,0,1,1,7.501697210822722,0.0,7.504435038363093,7.501697210822722,0.0,7.504435038363093,7.501697210822722,7.501697210822722,7.501697210822722,0.0,0,0,1,7.501697210822722,0.0,7.504435038363093,0.0,0.0,0.0,0.0,0.0,0.0,0.0,0.0,0.0,0.0,0.0,7.501697210822722,0.0,0.0,0.0,0.0,0.0,-0.6734908819198608,-0.00718782190233469,-5.282782572115506,0.019332322943387138,0,1,0.0,5.850724697113037,3.1633400917053223,0.0,0.0,0.0,0.0,0.0,0.0,0.0,0.0,0,2,433,656,34688,0,0,12245,1024,0,0,1568,1806,0,1807,1807,0,0,0,0,0,0,0,9.977465130259702,0.21519555252790445,8.947233141778904,0.21519555252790445,b1,0,3.694,8.594000000000001,1.489,3.694,10.654465061192262,1.489,14,14,0,0,0,0,0,0,1,0,0,0,3933,3933,71.78668314857268,0,9.977465130259702,0.21519555252790445,1,0,0,0,4063,4063,119.99802173055568,0,9.977465130259702,0.21519555252790445,1,0,0,0,4063,4063,168.20936031253868,0,9.977465130259702,0.21519555252790445,1,0,0,0,4773,4773,104.69792055380111,0,9.977465130259702,0.21519555252790445,1,0,0,0,5578,5578,143.56515796041626,0,9.977465130259702,0.21519555252790445,1,0,0,0,6952,6952,239.16763277225985,0,9.977465130259702,0.21519555252790445,1,0,0,0,3275,3275,72.12208460648827,0,11.435298447203262,0.2072686585873934,1,0,0,0,3972,3972,76.17280041347381,0,9.977465130259702,0.21519555252790445,8,nuscenes_mf/v1.0-mini/mini_val/325cef682f064c55a255f2625c533b75/11a08ff383a6451bbda6b9af56cfa6e2,dev,60
19,ct_joint_full,0,0,0,0,0,0,0,0,0,-1.0,0,8.797597885131836,3.694000005722046,48.39000715528774,0,0,0,0,0.49929308891296387,0.9988150000572205,0,0,0,0,0,1,0,0,1,0,0,0.0,0.0,0.0,10.153552523633369,0.0,10.156505252348627,6.633071844837167,7.748700824001151,7.744294092235028,0.2612934873863708,1.117011117970661,1,4.0158391257809365,3.1975497525308074,0,1,1,10.153552523633369,0.0,10.156505252348627,10.153552523633369,0.0,10.156505252348627,10.153552523633369,10.153552523633369,10.153552523633369,0.0,0,0,1,10.153552523633369,0.0,10.156505252348627,0.0,0.0,0.0,0.0,0.0,0.0,0.0,0.0,0.0,0.0,0.0,10.153552523633369,0.0,0.0,0.0,0.0,0.0,-0.5345187783241272,0.012134355492889881,3.17160731090289,0.24290217446407916,0,1,0.0,4.337786674499512,2.5849342346191406,0.0,0.0,0.0,0.0,0.0,0.0,0.0,0.0,0,2,404,440,34688,0,0,13626,1024,0,0,2286,2289,0,2290,2290,0,0,0,0,0,0,0,7.748700824001146,0.25269238305091857,7.647430309502671,0.25269238305091857,b1,0,3.694,8.594000000000001,1.489,3.694,8.797597830869279,1.489,0,0,0,0,0,0,0,0,1,0,0,0,3024,3024,49.68970479212887,0,7.748700824001146,0.25269238305091857,1,0,0,0,3037,3037,83.06089672774263,0,7.748700824001146,0.25269238305091857,1,0,0,0,3037,3037,116.43208866335638,0,7.748700824001146,0.25269238305091857,1,0,0,0,4519,4519,77.07052605615137,0,7.748700824001146,0.25269238305091857,1,0,0,0,5876,5876,110.40734731878712,0,7.748700824001146,0.25269238305091857,1,0,0,0,7444,7444,194.94898984544537,0,7.748700824001146,0.25269238305091857,1,0,0,0,2641,2641,53.20973862110186,0,6.6330718181249715,0.23958832177587575,1,0,0,0,3082,3082,52.30198162993458,0,7.748700824001146,0.25269238305091857,8,nuscenes_mf/v1.0-mini/mini_val/325cef682f064c55a255f2625c533b75/11a08ff383a6451bbda6b9af56cfa6e2,dev,60
20,ct_joint_full,0,0,0,0,0,20,20,0,0,-1.0,0,10.365442276000977,3.694000005722046,57.01372493406396,0,0,0,0,0.49930906295776367,0.9994065761566162,0,0,0,0,0,1,0,0,1,1,0,20.0,20.0,12.0,10.013561138773682,0.0,10.017667715216364,13.305551996179316,11.968461984676454,-11.961924194901542,0.3955396802640809,1.3379933806303697,1,4.937552212955121,3.982629774573573,0,0,1,10.013561138773682,0.0,10.017667715216364,10.013561138773682,0.0,10.017667715216364,10.013561138773682,10.013561138773682,10.013561138773682,0.0,0,0,1,10.013561138773682,0.0,10.017667715216364,0.0,0.0,0.0,0.0,0.0,0.0,0.0,0.0,0.0,0.0,0.0,10.013561138773682,0.0,0.0,0.0,0.0,0.0,-0.7091895341873169,-0.0073905992321670055,-7.049586312590445,0.37633300605207326,0,1,0.0,6.005746841430664,3.1693313121795654,0.0,0.0,0.0,0.0,0.0,0.0,0.0,0.0,0,2,513,647,34688,0,0,4723,1024,0,0,2261,2357,0,2359,2359,0,0,0,0,0,0,0,11.968461984676459,0.2948879147768021,11.083136194777243,0.2948879147768021,b1,0,3.694,8.594000000000001,1.489,3.694,10.365442341399454,1.489,20,20,0,0,0,0,0,0,1,0,0,0,2522,2522,68.34772266365448,0,11.968461984676459,0.2948879147768021,1,0,0,0,2715,2715,114.24948402272398,0,11.968461984676459,0.2948879147768021,1,0,0,0,2715,2715,160.15124538179347,0,11.968461984676459,0.2948879147768021,1,0,0,0,3344,3344,100.39825156470945,0,11.968461984676459,0.2948879147768021,1,0,0,0,4425,4425,138.4047804671512,0,11.968461984676459,0.2948879147768021,1,0,0,0,6092,6092,232.28583826926115,0,11.968461984676459,0.2948879147768021,1,0,0,0,1701,1701,69.12050467641197,0,13.305552048080557,0.2878555059811279,1,0,0,0,2529,2529,72.29915656172503,0,11.968461984676459,0.2948879147768021,8,nuscenes_mf/v1.0-mini/mini_val/325cef682f064c55a255f2625c533b75/11a08ff383a6451bbda6b9af56cfa6e2,dev,60
21,ct_joint_full,0,0,0,0,0,0,0,0,0,-1.0,0,8.646932601928711,3.694000005722046,47.561292973593424,0,0,0,0,0.49988698959350586,1.001173496246338,0,0,0,0,0,1,0,0,1,0,0,0.0,0.0,0.0,11.894944665421653,0.0,11.897589685153218,9.350734082564928,10.086412376842071,10.078588632090398,-0.3972051879942806,0.7358695283219385,1,6.883075067710134,10.021917480848733,0,0,0,11.894944665421653,0.0,11.897589685153218,11.894944665421653,0.0,11.897589685153218,11.894944665421653,11.894944665421653,11.894944665421653,0.0,0,0,1,11.894944665421653,0.0,11.897589685153218,0.0,0.0,0.0,0.0,0.0,0.0,0.0,0.0,0.0,0.0,0.0,11.894944665421653,0.0,0.0,0.0,0.0,0.0,-0.414694219827652,0.013166693039238453,5.265889290495021,-0.3943880452330804,0,1,0.0,3.189690589904785,2.0384554862976074,0.0,0.0,0.0,0.0,0.0,0.0,0.0,0.0,0,2,347,513,34720,0,0,2372,1024,0,0,1500,1504,0,1506,1506,0,0,0,0,0,0,0,10.08641237684203,0.2488096451163292,10.06050442360666,0.2488096451163292,b1,0,3.694,8.594000000000001,1.489,3.694,8.646932317162161,1.489,0,0,0,0,0,0,0,0,1,0,0,0,2541,2541,47.8898628968941,0,10.08641237684203,0.2488096451163292,1,0,0,0,2634,2634,80.05229600427765,0,10.08641237684203,0.2488096451163292,1,0,0,0,2634,2634,112.2147291116612,0,10.08641237684203,0.2488096451163292,1,0,0,0,3553,3553,74.82034218160202,0,10.08641237684203,0.2488096451163292,1,0,0,0,4340,4340,107.70682146422983,0,10.08641237684203,0.2488096451163292,1,0,0,0,5535,5535,191.34778002948545,0,10.08641237684203,0.2488096451163292,1,0,0,0,3097,3097,51.93354854625178,0,9.350734112208732,0.24067311592841018,1,0,0,0,2695,2695,49.79983677971685,0,10.08641237684203,0.2488096451163292,8,nuscenes_mf/v1.0-mini/mini_val/325cef682f064c55a255f2625c533b75/11a08ff383a6451bbda6b9af56cfa6e2,dev,60
22,ct_joint_full,0,0,0,0,0,0,0,0,0,-1.0,0,9.847920417785645,3.694000005722046,54.16716536757356,0,0,0,0,0.5004210472106934,1.0016473531723022,0,0,0,0,0,1,0,0,1,0,0,0.0,0.0,0.0,11.804792872716822,0.0,11.806615082008117,14.279855267503812,13.170418131038055,-13.16965601898156,-0.1416839483525428,1.1094541787024086,1,5.1027433475849096,4.118305127024066,0,0,1,11.804792872716822,0.0,11.806615082008117,11.804792872716822,0.0,11.806615082008117,11.804792872716822,11.804792872716822,11.804792872716822,0.0,0,0,1,11.804792872716822,0.0,11.806615082008117,0.0,0.0,0.0,0.0,0.0,0.0,0.0,0.0,0.0,0.0,0.0,11.804792872716822,0.0,0.0,0.0,0.0,0.0,-0.7932058572769165,-0.007030878681689501,-10.208987352551516,-0.18709561932937618,0,1,0.0,6.491072654724121,3.2321996688842773,0.0,0.0,0.0,0.0,0.0,0.0,0.0,0.0,0,2,193,273,34720,0,0,1290,1024,0,0,412,558,0,558,558,0,0,0,0,0,0,0,13.17041813103801,0.213861959695816,12.543533453758362,0.213861959695816,b1,0,3.694,8.594000000000001,1.489,3.694,9.847920842968044,1.489,0,0,0,0,0,0,0,0,1,0,0,0,392,392,62.189968608203806,0,13.17041813103801,0.213861959695816,1,0,0,0,505,505,103.95623362378728,0,13.17041813103801,0.213861959695816,1,0,0,0,505,505,145.72249863937077,0,13.17041813103801,0.213861959695816,1,0,0,0,943,943,92.69932470627548,0,13.17041813103801,0.213861959695816,1,0,0,0,1846,1846,129.16468080504052,0,13.17041813103801,0.213861959695816,1,0,0,0,3884,3884,219.96339300049047,0,13.17041813103801,0.213861959695816,1,0,0,0,315,315,63.75283360638655,0,14.27985530878657,0.21839989105158675,1,0,0,0,392,392,65.42060797836473,0,13.17041813103801,0.213861959695816,8,nuscenes_mf/v1.0-mini/mini_val/325cef682f064c55a255f2625c533b75/11a08ff383a6451bbda6b9af56cfa6e2,dev,60
23,ct_joint_full,0,0,0,0,0,0,0,0,0,-1.0,0,8.70590591430664,3.694000005722046,47.885667768304366,0,0,0,0,0.49987292289733887,0.9994379878044128,0,0,0,0,0,1,0,0,1,0,0,0.0,0.0,0.0,13.230454872332382,0.0,13.23150267883626,11.221341161501035,11.714379671043842,11.714117608464965,-0.0783945886956077,0.49307931732952937,1,10.888208201954717,18.59417675222944,0,0,0,13.230454872332382,0.0,13.23150267883626,13.230454872332382,0.0,13.23150267883626,13.230454872332382,13.230454872332382,13.230454872332382,0.0,0,0,1,13.230454872332382,0.0,13.23150267883626,0.0,0.0,0.0,0.0,0.0,0.0,0.0,0.0,0.0,0.0,0.0,13.230454872332382,0.0,0.0,0.0,0.0,0.0,-0.362216591835022,0.012380069121718407,8.24458689692742,-0.08969464816551144,0,1,0.0,2.7167088985443115,1.8070554733276367,0.0,0.0,0.0,0.0,0.0,0.0,0.0,0.0,0,2,95,123,34752,0,0,657,1024,0,0,269,269,0,269,269,0,0,0,0,0,0,0,11.714379671043819,0.16942450904846196,11.77009852071293,0.16942450904846196,b1,0,3.694,8.594000000000001,1.489,3.694,8.705906245994697,1.489,0,0,0,0,0,0,0,0,1,0,0,0,531,531,48.59908388127014,0,11.714379671043819,0.16942450904846196,1,0,0,0,609,609,81.23782389555498,0,11.714379671043819,0.16942450904846196,1,0,0,0,609,609,113.87656390983983,0,11.714379671043819,0.16942450904846196,1,0,0,0,798,798,75.70693615324748,0,11.714379671043819,0.16942450904846196,1,0,0,0,1136,1136,108.77078842522482,0,11.714379671043819,0.16942450904846196,1,0,0,0,2820,2820,192.76649296779277,0,11.714379671043819,0.16942450904846196,1,0,0,0,603,603,51.343583324309364,0,11.221341209619942,0.16087463726937162,1,0,0,0,533,533,49.77535569422101,0,11.714379671043819,0.16942450904846196,8,nuscenes_mf/v1.0-mini/mini_val/325cef682f064c55a255f2625c533b75/11a08ff383a6451bbda6b9af56cfa6e2,dev,60
24,ct_joint_full,0,0,0,0,0,2,2,0,0,-1.0,0,9.438865661621094,3.694000005722046,51.91721454734345,0,0,0,0,0.5006210803985596,1.0009479522705078,0,0,0,0,0,1,0,0,1,0,0,2.0,2.0,2.0,13.009297425678897,0.0,13.009858922304256,15.039396797757169,14.096485554694533,-14.085097001307181,0.5665162249891967,0.9437618786962269,1,5.286121604939971,4.386074300807065,0,0,1,13.009297425678897,0.0,13.009858922304256,13.009297425678897,0.0,13.009858922304256,13.009297425678897,13.009297425678897,13.009297425678897,0.0,0,0,1,13.009297425678897,0.0,13.009858922304256,0.0,0.0,0.0,0.0,0.0,0.0,0.0,0.0,0.0,0.0,0.0,13.009297425678897,0.0,0.0,0.0,0.0,0.0,-0.8312695026397705,-0.005271336995065212,-13.237566276328126,0.8594082619225883,0,1,0.0,6.748636722564697,3.2665810585021973,0.0,0.0,0.0,0.0,0.0,0.0,0.0,0.0,0,2,46,59,34752,0,0,344,1024,0,0,76,93,0,93,93,0,0,0,0,0,0,0,14.096485554694477,0.12951429736614228,13.67433645347234,0.12951429736614228,b1,0,3.694,8.594000000000001,1.489,3.694,9.438866022016846,1.489,2,2,0,0,0,0,0,0,1,0,0,0,137,137,57.32282224253378,0,14.096485554694477,0.12951429736614228,1,0,0,0,181,181,95.82035229124688,0,14.096485554694477,0.12951429736614228,1,0,0,0,198,198,134.31788233995997,0,14.096485554694477,0.12951429736614228,1,0,0,0,238,238,86.61402074780547,0,14.096485554694477,0.12951429736614228,1,0,0,0,460,460,121.86121925030368,0,14.096485554694477,0.12951429736614228,1,0,0,0,1109,1109,210.2236162553001,0,14.096485554694477,0.12951429736614228,1,0,0,0,130,130,59.23258380936629,0,15.039396949147477,0.12748192956537485,1,0,0,0,137,137,59.62710263472083,0,14.096485554694477,0.12951429736614228,8,nuscenes_mf/v1.0-mini/mini_val/325cef682f064c55a255f2625c533b75/11a08ff383a6451bbda6b9af56cfa6e2,dev,60
25,ct_joint_full,0,0,0,0,0,0,0,0,0,-1.0,0,8.626094818115234,3.694000005722046,47.446677538675836,0,0,0,0,0.5002570152282715,1.0000200271606445,0,0,0,0,0,1,0,0,1,0,0,0.0,0.0,0.0,13.370741522737191,0.0,13.370891352236448,12.337903612337216,12.961812797000972,12.953410521505033,-0.46665114312898864,0.6240989187584587,1,7.736637552088028,11.110861817013275,0,0,0,13.370741522737191,0.0,13.370891352236448,13.370741522737191,0.0,13.370891352236448,13.370741522737191,13.370741522737191,13.370741522737191,0.0,0,0,1,13.370741522737191,0.0,13.370891352236448,0.0,0.0,0.0,0.0,0.0,0.0,0.0,0.0,0.0,0.0,0.0,13.370741522737191,0.0,0.0,0.0,0.0,0.0,-0.5200356245040894,0.01084914430975914,10.274273205446903,-0.6678988486998154,0,1,0.0,3.893446445465088,2.2748448848724365,0.0,0.0,0.0,0.0,0.0,0.0,0.0,0.0,0,2,28,42,34752,0,0,239,1024,0,0,67,67,0,67,67,0,0,0,0,0,0,0,12.961812797001057,0.07087046158313748,12.977276990303722,0.07087046158313748,b1,0,3.694,8.594000000000001,1.489,3.694,8.626094532424911,1.489,0,0,0,0,0,0,0,0,1,0,0,0,107,107,47.646402681548146,0,12.961812797001057,0.07087046158313748,1,0,0,0,134,134,79.64532993577792,0,12.961812797001057,0.07087046158313748,1,0,0,0,134,134,111.6442571900077,0,12.961812797001057,0.07087046158313748,1,0,0,0,189,189,74.5158696812666,0,12.961812797001057,0.07087046158313748,1,0,0,0,325,325,107.34133668306515,0,12.961812797001057,0.07087046158313748,1,0,0,0,732,732,190.86027068527554,0,12.961812797001057,0.07087046158313748,1,0,0,0,131,131,51.538006495168965,0,12.337903601608323,0.06080160770034604,1,0,0,0,116,116,48.9956104381014,0,12.961812797001057,0.07087046158313748,8,nuscenes_mf/v1.0-mini/mini_val/325cef682f064c55a255f2625c533b75/11a08ff383a6451bbda6b9af56cfa6e2,dev,60
26,ct_joint_full,0,0,0,0,0,0,0,0,0,-1.0,0,8.617439270019531,3.694000005722046,47.39906885733432,0,0,0,0,0.5004239082336426,0.9999697208404541,0,0,0,0,0,1,0,0,1,0,0,0.0,0.0,0.0,12.93902234396096,0.0,12.939026357928583,13.889140677050621,13.332585636352729,-13.302278609056238,-0.8984627624323588,0.5579444504478468,1,5.4836757658994575,5.450744962508756,0,0,1,12.93902234396096,0.0,12.939026357928583,12.93902234396096,0.0,12.939026357928583,12.93902234396096,12.93902234396096,12.93902234396096,0.0,0,0,1,12.93902234396096,0.0,12.939026357928583,0.0,0.0,0.0,0.0,0.0,0.0,0.0,0.0,0.0,0.0,0.0,12.93902234396096,0.0,0.0,0.0,0.0,0.0,-0.8135486841201782,0.00597340939566493,-20.21004226007535,-2.0814612438182625,0,0,0.0,5.754683971405029,2.740907907485962,0.0,0.0,0.0,0.0,0.0,0.0,0.0,0.0,0,2,17,28,34784,0,0,177,1024,0,0,32,32,0,32,32,0,0,0,0,0,0,0,13.332585636352764,0.013298384368419625,13.34412136858073,0.013298384368419625,b1,0,3.694,8.594000000000001,1.489,3.694,8.617438800526582,1.489,0,0,0,0,0,0,0,0,1,0,0,0,47,47,47.548129338008344,0,13.332585636352764,0.013298384368419625,1,0,0,0,47,47,79.48105703311134,0,13.332585636352764,0.013298384368419625,1,0,0,0,47,47,111.41398472821433,0,13.332585636352764,0.013298384368419625,1,0,0,0,117,117,74.3929174846122,0,13.332585636352764,0.013298384368419625,1,0,0,0,187,187,107.19370563121605,0,13.332585636352764,0.013298384368419625,1,0,0,0,354,354,190.66328192373038,0,13.332585636352764,0.013298384368419625,1,0,0,0,63,63,50.80870250232702,0,13.889140665683861,0.005990229936402025,1,0,0,0,47,47,48.7528010442566,0,13.332585636352764,0.013298384368419625,8,nuscenes_mf/v1.0-mini/mini_val/325cef682f064c55a255f2625c533b75/11a08ff383a6451bbda6b9af56cfa6e2,dev,60
27,ct_joint_full,0,0,0,0,0,0,0,0,0,-1.0,0,8.613967895507812,3.694000005722046,47.37997502744416,0,0,0,0,0.500432014465332,1.0001829862594604,0,0,0,0,0,1,0,0,1,0,0,0.0,0.0,0.0,13.341473829743016,0.0,13.341550024008063,12.307828196361678,12.942832997844002,12.938981291934958,0.3157579253023698,0.6352963195837272,1,5.171574635790913,4.603221264455971,0,0,1,13.341473829743016,0.0,13.341550024008063,13.341473829743016,0.0,13.341550024008063,13.341473829743016,13.341473829743016,13.341473829743016,0.0,0,0,1,13.341473829743016,0.0,13.341550024008063,0.0,0.0,0.0,0.0,0.0,0.0,0.0,0.0,0.0,0.0,0.0,13.341473829743016,0.0,0.0,0.0,0.0,0.0,-0.8218982815742493,0.006894381251186132,15.917798231103083,0.6730688880020922,0,1,0.0,6.038390636444092,2.9207088947296143,0.0,0.0,0.0,0.0,0.0,0.0,0.0,0.0,0,2,9,9,34784,0,0,148,1024,0,0,18,18,0,18,18,0,0,0,0,0,0,0,12.942832997843928,0.039808157563209545,12.933026820201675,0.039808157563209545,b1,0,3.694,8.594000000000001,1.489,3.694,8.613967433971345,1.489,0,0,0,0,0,0,0,0,1,0,0,0,47,47,47.50600735600944,0,12.942832997843928,0.039808157563209545,1,0,0,0,53,53,79.41064627878275,0,12.942832997843928,0.039808157563209545,1,0,0,0,53,53,111.31528520155605,0,12.942832997843928,0.039808157563209545,1,0,0,0,69,69,74.34026750532443,0,12.942832997843928,0.039808157563209545,1,0,0,0,105,105,107.1305276532527,0,12.942832997843928,0.039808157563209545,1,0,0,0,197,197,190.57904795049595,0,12.942832997843928,0.039808157563209545,1,0,0,0,61,61,51.3644140768541,0,12.307828204878858,0.041797511967382184,1,0,0,0,47,47,49.00025462308648,0,12.942832997843928,0.039808157563209545,8,nuscenes_mf/v1.0-mini/mini_val/325cef682f064c55a255f2625c533b75/11a08ff383a6451bbda6b9af56cfa6e2,dev,60
28,ct_joint_full,0,0,0,0,0,0,0,0,0,-1.0,0,8.61873722076416,3.694000005722046,47.40620806131248,0,0,0,0,0.5010008811950684,1.0011448860168457,0,0,0,0,0,1,0,0,1,0,0,0.0,0.0,0.0,12.89488850501293,0.0,12.895260187222894,13.952991605332814,13.300622799953482,-13.295924330178403,-0.35351910323163893,0.652684001475244,1,5.287878146563868,4.80864165384551,0,0,1,12.89488850501293,0.0,12.895260187222894,12.89488850501293,0.0,12.895260187222894,12.89488850501293,12.89488850501293,12.89488850501293,0.0,0,0,1,12.89488850501293,0.0,12.895260187222894,0.0,0.0,0.0,0.0,0.0,0.0,0.0,0.0,0.0,0.0,0.0,12.89488850501293,0.0,0.0,0.0,0.0,0.0,-0.8227521181106567,0.007077742367982864,-17.583389285962713,-0.7230826214048123,0,1,0.0,6.072386264801025,2.9441070556640625,0.0,0.0,0.0,0.0,0.0,0.0,0.0,0.0,0,2,8,19,34720,0,0,112,1024,0,0,13,13,0,13,13,0,0,0,0,0,0,0,13.300622799953398,0.09508983689546585,13.312822367147183,0.09508983689546585,b1,0,3.694,8.594000000000001,1.489,3.694,8.61873706489144,1.489,0,0,0,0,0,0,0,0,1,0,0,0,33,33,47.56295580282714,0,13.300622799953398,0.09508983689546585,1,0,0,0,33,33,79.50584082823153,0,13.300622799953398,0.09508983689546585,1,0,0,0,33,33,111.44872585363592,0,13.300622799953398,0.09508983689546585,1,0,0,0,43,43,74.41146564573235,0,13.300622799953398,0.09508983689546585,1,0,0,0,60,60,107.21597548863757,0,13.300622799953398,0.09508983689546585,1,0,0,0,110,110,190.69299517722146,0,13.300622799953398,0.09508983689546585,1,0,0,0,27,27,51.45433159434963,0,13.952991637235419,0.10092253333643358,1,0,0,0,33,33,49.10199560586267,0,13.300622799953398,0.09508983689546585,8,nuscenes_mf/v1.0-mini/mini_val/325cef682f064c55a255f2625c533b75/11a08ff383a6451bbda6b9af56cfa6e2,dev,60
29,ct_joint_full,0,0,0,0,0,0,0,0,0,-1.0,0,8.613412857055664,3.694000005722046,47.3769221128848,0,0,0,0,0.4998331069946289,0.998235821723938,0,0,0,0,0,1,0,0,1,0,0,0.0,0.0,0.0,13.354382416909008,0.0,13.35504977938303,12.207480433805912,12.866911733948067,12.862482974300448,0.33756734240117275,0.6597755995862191,1,5.107452071179638,4.405205799082298,0,0,1,13.354382416909008,0.0,13.35504977938303,13.354382416909008,0.0,13.35504977938303,13.354382416909008,13.354382416909008,13.354382416909008,0.0,0,0,1,13.354382416909008,0.0,13.35504977938303,0.0,0.0,0.0,0.0,0.0,0.0,0.0,0.0,0.0,0.0,0.0,13.354382416909008,0.0,0.0,0.0,0.0,0.0,-0.8262049555778503,0.0070889960043132305,15.281077458527763,0.7005715278630625,0,1,0.0,6.137295246124268,2.9756577014923096,0.0,0.0,0.0,0.0,0.0,0.0,0.0,0.0,0,2,3,3,34688,0,0,95,1024,0,0,7,7,0,7,7,0,0,0,0,0,0,0,12.866911733948093,0.12290678966045382,12.857408476729141,0.12290678966045382,b1,0,3.694,8.594000000000001,1.489,3.694,8.613413072633199,1.489,0,0,0,0,0,0,0,0,1,0,0,0,22,22,47.49915576758282,0,12.866911733948093,0.12290678966045382,1,0,0,0,22,22,79.39919322062703,0,12.866911733948093,0.12290678966045382,1,0,0,0,22,22,111.29923067367123,0,12.866911733948093,0.12290678966045382,1,0,0,0,34,34,74.33170557572505,0,12.866911733948093,0.12290678966045382,1,0,0,0,46,46,107.12025538317393,0,12.866911733948093,0.12290678966045382,1,0,0,0,65,65,190.56535500015178,0,12.866911733948093,0.12290678966045382,1,0,0,0,31,31,51.491919746986966,0,12.207480451107438,0.12510202070160936,1,0,0,0,22,22,49.020345658798824,0,12.866911733948093,0.12290678966045382,8,nuscenes_mf/v1.0-mini/mini_val/325cef682f064c55a255f2625c533b75/11a08ff383a6451bbda6b9af56cfa6e2,dev,60
30,ct_joint_full,0,0,0,0,0,0,0,0,0,-1.0,0,8.618992805480957,3.694000005722046,47.407613870765935,0,0,0,0,0.49988508224487305,0.9989370703697205,0,0,0,0,0,1,0,0,1,0,0,0.0,0.0,0.0,12.909745734692821,0.0,12.91077653491256,14.04695585113313,13.33163320618943,-13.297374140477437,-0.9551368909657455,0.7173127575964773,1,5.1269276731180025,4.169933913740889,0,0,1,12.909745734692821,0.0,12.91077653491256,12.909745734692821,0.0,12.91077653491256,12.909745734692821,12.909745734692821,12.909745734692821,0.0,0,0,1,12.909745734692821,0.0,12.91077653491256,0.0,0.0,0.0,0.0,0.0,0.0,0.0,0.0,0.0,0.0,0.0,12.909745734692821,0.0,0.0,0.0,0.0,0.0,-0.8504006862640381,0.006730346009135246,-16.615107063441386,-1.8688740930165395,0,0,0.0,6.583329200744629,3.1817145347595215,0.0,0.0,0.0,0.0,0.0,0.0,0.0,0.0,0,2,3,3,34720,0,0,64,1024,0,0,9,9,0,9,9,0,0,0,0,0,0,0,13.331633206189457,0.15850982266664504,13.319163925177037,0.15850982266664504,b1,0,3.694,8.594000000000001,1.489,3.694,8.61899280061974,1.489,0,0,0,0,0,0,0,0,1,0,0,0,6,6,47.56601395615423,0,13.331633206189457,0.15850982266664504,1,0,0,0,6,6,79.5109528118656,0,13.331633206189457,0.15850982266664504,1,0,0,0,8,8,111.45589166757696,0,13.331633206189457,0.15850982266664504,1,0,0,0,11,11,74.41528893108898,0,13.331633206189457,0.15850982266664504,1,0,0,0,17,17,107.22056390741048,0,13.331633206189457,0.15850982266664504,1,0,0,0,39,39,190.69911385658662,0,13.331633206189457,0.15850982266664504,1,0,0,0,6,6,52.10205113229354,0,14.046955829829226,0.17106025137946146,1,0,0,0,6,6,49.17946248275824,0,13.331633206189457,0.15850982266664504,8,nuscenes_mf/v1.0-mini/mini_val/325cef682f064c55a255f2625c533b75/11a08ff383a6451bbda6b9af56cfa6e2,dev,60
1,ct_joint_full,0,1,0,0,0,0,0,0,1,-1.0,0,0.0,0.0,0.0,0,0,0,0,0.499255895614624,1.0,0,0,0,0,0,0,0,0,0,0,1,0.0,0.0,0.0,0.05427304241353245,0.9594464544622622,0.054551720219039104,0.020615528128168824,0.020615528128168824,0.0,0.0,0.0,0,0.0,0.0,0,0,0,0.05427304241353245,0.9594464544622622,0.054551720219039104,0.05427304241353245,0.9594464544622622,0.054551720219039104,0.05427304241353245,0.05427304241353245,0.05427304241353245,0.0,0,0,1,0.05427304241353245,0.9594464544622622,0.054551720219039104,0.0,0.0,0.0,0.0,0.0,0.0,0.0,0.0,0.0,0.0,0.0,0.05427304241353245,0.9594464544622622,0.0,0.0,0.0,0.0,-0.0,0.0,-0.005521187608765108,-0.07461718917333247,1,1,0.0,1.623997449874878,1.623997449874878,0.0,0.0,0.0,0.0,0.0,0.0,0.0,0.0,0,2,1,1,34688,1,166,6,1024,0,0,0,0,0,0,0,0,0,0,0,0,0,0,0.0,0.0,0.0,0.0,base_only,0,0.0,0.0,0.0,0.0,0.0,0.0,0,0,0,0,0,0,0,0,0,0,0,0,0,0,0.0,0,0.0,0.0,0,0,0,0,0,0,0.0,0,0.0,0.0,0,0,0,0,0,0,0.0,0,0.0,0.0,0,0,0,0,0,0,0.0,0,0.0,0.0,0,0,0,0,0,0,0.0,0,0.0,0.0,0,0,0,0,0,0,0.0,0,0.0,0.0,0,0,0,0,0,0,0.0,0,0.0,0.0,0,0,0,0,0,0,0.0,0,0.0,0.0,9,nuscenes_mf/v1.0-mini/mini_val/325cef682f064c55a255f2625c533b75/856aeb4fa2024f1284c6290a44e9dec5,dev,60
2,ct_joint_full,0,0,0,0,0,0,0,0,0,-1.0,0,8.670892715454102,3.688999891281128,51.498945335815606,0,0,0,0,0.4998891353607178,1.0012683868408203,0,0,0,0,0,1,0,0,1,0,1,0.0,0.0,0.0,0.04086482306667484,0.9451388555273005,0.04111928811786397,0.10805177320654362,0.07236324803877703,-0.0607166716751212,0.03936909015735519,0.03963306311919077,1,0.12850694299305473,0.004615603696604454,1,1,1,0.04086482306667484,0.9451388555273005,0.04111928811786397,0.04086482306667484,0.9451388555273005,0.04111928811786397,0.04086482306667484,0.04086482306667484,0.04086482306667484,0.0,0,0,1,0.04086482306667484,0.9451388555273005,0.04111928811786397,0.0,0.0,0.0,0.0,0.0,0.0,0.0,0.0,0.0,0.0,0.0,0.04086482306667484,0.9451388555273005,0.0,0.0,0.0,0.0,-0.1056789830327034,0.00258478126488626,-0.2676020721257581,0.14575376406108684,1,1,0.0,1.0651328563690186,1.0651328563690186,0.0,0.0,0.0,0.0,0.0,0.0,0.0,0.0,0,2,0,0,34720,0,0,16,1024,0,0,0,0,0,0,0,0,0,0,1,1,1,1,0.07236324803872704,0.005493000268936177,0.06565824333470376,0.005493000268936177,b1,0,3.689,8.654,1.61,3.689,8.670892657476784,1.61,0,0,0,0,0,0,0,0,1,0,0,0,21,21,51.61652402700392,0,0.07236324803872704,0.005493000268936177,1,0,0,0,21,21,83.67647683880759,0,0.07236324803872704,0.005493000268936177,1,0,0,0,21,21,115.73642965061126,0,0.07236324803872704,0.005493000268936177,1,0,0,0,30,30,80.70241429938936,0,0.07236324803872704,0.005493000268936177,1,0,0,0,38,38,116.22830457027538,0,0.07236324803872704,0.005493000268936177,1,0,0,0,47,47,206.60008511354684,0,0.07236324803872704,0.005493000268936177,1,0,0,0,21,21,52.919689849465676,0,0.10805177380034871,0.011034936397295136,1,0,0,0,21,21,52.78988833621313,0,0.07236324803872704,0.005493000268936177,9,nuscenes_mf/v1.0-mini/mini_val/325cef682f064c55a255f2625c533b75/856aeb4fa2024f1284c6290a44e9dec5,dev,60
3,ct_joint_full,0,10,9,0,0,0,0,1,10,-1.0,0,8.668990135192871,3.688999891281128,51.487645360128504,0,0,0,0,0.49931883811950684,0.9994922280311584,0,0,0,0,0,1,0,0,1,0,1,0.0,0.0,0.0,0.49444629822454866,0.773331326159925,0.4944941756606017,0.07627761907053159,0.06048989787709632,-0.008690784474178221,-0.05986232615510963,0.03923098657226317,1,0.3729193142409124,0.0025232297887401367,1,1,1,0.49444629822454866,0.773331326159925,0.4944941756606017,0.49444629822454866,0.773331326159925,0.4944941756606017,0.49444629822454866,0.49444629822454866,0.49444629822454866,0.0,0,0,1,0.49444629822454866,0.773331326159925,0.4944941756606017,0.0,0.0,0.0,0.0,0.0,0.0,0.0,0.0,0.0,0.0,0.0,0.49444629822454866,0.773331326159925,0.0,0.0,0.0,0.0,-0.09360157698392868,0.0017338950419798493,-0.11433879113932252,-0.19980334918029072,1,1,0.0,1.2042161226272583,1.2042161226272583,0.0,0.0,0.0,0.0,0.0,0.0,0.0,0.0,0,2,9,10,34720,10,320,30,1024,9,9,10,10,9,10,1,7,6,1,1,1,1,1,0.060489897877032975,0.006432496190071135,0.05961689579755388,0.006432496190071135,b1,0,3.689,8.654,1.61,3.689,8.668990389107417,1.61,0,0,0,0,0,0,0,0,1,7,6,1,21,15,51.592016373160305,0,0.060489897877032975,0.006432496190071135,1,7,7,1,22,15,83.6367470397195,0,0.060489897877032975,0.006432496190071135,1,7,7,1,22,15,115.68147770627868,0,0.060489897877032975,0.006432496190071135,1,10,9,1,43,34,80.67179117797876,0,0.060489897877032975,0.006432496190071135,1,10,9,1,50,41,116.1915659827972,0,0.060489897877032975,0.006432496190071135,1,10,9,1,70,61,206.55111559243412,0,0.060489897877032975,0.006432496190071135,1,7,6,1,21,15,52.772599870120075,0,0.07627761933162505,0.0020023369160182547,1,7,6,1,21,15,52.63418422547543,0,0.060489897877032975,0.006432496190071135,9,nuscenes_mf/v1.0-mini/mini_val/325cef682f064c55a255f2625c533b75/856aeb4fa2024f1284c6290a44e9dec5,dev,60
4,ct_joint_full,0,25,25,0,0,0,0,1,25,-1.0,0,8.742008209228516,3.688999891281128,51.92132086814005,0,0,0,0,0.5004479885101318,1.0016893148422241,0,0,0,0,0,1,0,0,1,0,1,0.0,0.0,0.0,0.5312657685854482,0.7430493009444463,0.531310882964659,1.1268442911572105,0.5872350043716776,-0.5817185415173254,-0.0803024761538329,0.5423756131221039,1,3.0467062778119356,0.008049644399506097,1,1,1,0.5312657685854482,0.7430493009444463,0.531310882964659,0.5312657685854482,0.7430493009444463,0.531310882964659,0.5312657685854482,0.5312657685854482,0.5312657685854482,0.0,0,0,1,0.5312657685854482,0.7430493009444463,0.531310882964659,0.0,0.0,0.0,0.0,0.0,0.0,0.0,0.0,0.0,0.0,0.0,0.5312657685854482,0.7430493009444463,0.0,0.0,0.0,0.0,-0.8825153708457947,0.004027797840535641,-1.8290506889016522,-0.1993728373000738,0,1,0.0,6.7731709480285645,3.0947651863098145,0.0,0.0,0.0,0.0,0.0,0.0,0.0,0.0,0,2,20,25,34752,25,497,52,1024,25,25,37,37,25,37,12,9,9,0,1,1,1,1,0.5872350043717627,0.004119016468524972,0.5435677277227878,0.004119016468524972,b1,0,3.689,8.654,1.61,3.689,8.742008381102583,1.61,0,0,0,0,0,0,0,0,1,9,9,1,17,8,52.53433061516845,0,0.5872350043717627,0.004119016468524972,1,9,9,1,17,8,85.16434963080101,0,0.5872350043717627,0.004119016468524972,1,9,9,1,17,8,117.79436864643358,0,0.5872350043717627,0.004119016468524972,1,15,15,1,37,22,81.84921447186267,0,0.5872350043717627,0.004119016468524972,1,25,25,1,69,44,117.60409832780718,0,0.5872350043717627,0.004119016468524972,1,25,25,1,95,70,208.43386603894646,0,0.5872350043717627,0.004119016468524972,1,7,7,1,13,6,55.957087387378394,0,1.126844270305831,0.010043910751049157,1,9,9,1,17,8,53.91190604099537,0,0.5872350043717627,0.004119016468524972,9,nuscenes_mf/v1.0-mini/mini_val/325cef682f064c55a255f2625c533b75/856aeb4fa2024f1284c6290a44e9dec5,dev,60
5,ct_joint_full,0,25,25,0,0,0,0,1,25,-1.0,0,8.681914329528809,3.688999891281128,51.56440589672581,0,0,0,0,0.5004181861877441,1.0010697841644287,0,0,0,0,0,1,0,0,1,0,1,0.0,0.0,0.0,3.187685383480006,0.17607663973222357,3.1881007536943624,0.4254183900733173,0.5389500328828917,0.5277450462387964,0.10932671402493042,0.11738870540519124,1,0.9109815698643173,0.12429482574853228,1,1,1,3.187685383480006,0.17607663973222357,3.1881007536943624,3.187685383480006,0.17607663973222357,3.1881007536943624,3.187685383480006,3.187685383480006,3.187685383480006,0.0,0,0,1,3.187685383480006,0.17607663973222357,3.1881007536943624,0.0,0.0,0.0,0.0,0.0,0.0,0.0,0.0,0.0,0.0,0.0,3.187685383480006,0.17607663973222357,0.0,0.0,0.0,0.0,-0.19084025919437408,0.006971368100494146,0.6673573765839144,0.283759505424656,1,1,0.0,1.5286989212036133,1.5286989212036133,0.0,0.0,0.0,0.0,0.0,0.0,0.0,0.0,0,2,17,25,34720,25,428,59,1024,25,25,40,40,25,40,15,7,7,0,1,1,1,1,0.5389500328828397,0.070076309800148,0.5256453507840709,0.070076309800148,b1,0,3.689,8.654,1.61,3.689,8.681914611047691,1.61,0,0,0,0,0,0,0,0,1,7,7,1,20,13,51.75792650210672,0,0.5389500328828397,0.070076309800148,1,7,7,1,20,13,83.90570693819785,0,0.5389500328828397,0.070076309800148,1,7,7,1,20,13,116.05348737428898,0,0.5389500328828397,0.070076309800148,1,16,16,1,42,26,80.87911235990005,0,0.5389500328828397,0.070076309800148,1,25,25,1,71,46,116.4402982191928,0,0.5389500328828397,0.070076309800148,1,25,25,1,112,87,206.8826699362789,0,0.5389500328828397,0.070076309800148,1,8,8,1,23,15,52.218785386706244,0,0.42541838202750965,0.05961006179253692,1,7,7,1,20,13,52.06863730544152,0,0.5389500328828397,0.070076309800148,9,nuscenes_mf/v1.0-mini/mini_val/325cef682f064c55a255f2625c533b75/856aeb4fa2024f1284c6290a44e9dec5,dev,60
6,ct_joint_full,0,9,1,0,0,0,0,1,9,-1.0,0,10.495065689086914,3.688999891281128,62.33323741334923,0,0,0,0,0.5004160404205322,0.9999659061431885,0,0,0,0,0,1,0,0,1,0,1,0.0,0.0,0.0,2.3518534412269276,0.2874300729118768,2.3547116422859866,6.34750222307727,5.010010439688345,-5.009922075382094,-0.029763965014997104,1.337496026767834,1,3.2676814315754124,0.633309506980171,1,1,1,2.3518534412269276,0.2874300729118768,2.3547116422859866,2.3518534412269276,0.2874300729118768,2.3547116422859866,2.3518534412269276,2.3518534412269276,2.3518534412269276,0.0,0,0,1,2.3518534412269276,0.2874300729118768,2.3547116422859866,0.0,0.0,0.0,0.0,0.0,0.0,0.0,0.0,0.0,0.0,0.0,2.3518534412269276,0.2874300729118768,0.0,0.0,0.0,0.0,-0.7874483466148376,-0.012530830688774586,-3.7371444026010674,-0.044304910003091766,0,1,0.0,6.295871734619141,3.0377964973449707,0.0,0.0,0.0,0.0,0.0,0.0,0.0,0.0,0,2,14,18,34752,9,851,11,1024,0,1,0,1,1,1,0,0,0,0,0,0,0,0,5.010010439688394,0.1284617494344712,4.089563117339626,0.1284617494344712,b1,0,3.689,8.654,1.61,3.689,10.495065720141053,1.61,0,0,0,0,0,0,0,0,1,0,0,0,0,0,75.15870730472264,0,5.010010439688394,0.1284617494344712,1,0,0,0,0,0,121.84113420206589,0,5.010010439688394,0.1284617494344712,1,0,0,0,0,0,168.52356109940914,0,5.010010439688394,0.1284617494344712,1,0,0,0,0,0,110.11839867760895,0,5.010010439688394,0.1284617494344712,1,0,0,0,1,1,151.51809005049526,0,5.010010439688394,0.1284617494344712,1,1,1,1,2,1,253.63747279851702,0,5.010010439688394,0.1284617494344712,1,0,0,0,0,0,75.70831970516663,0,6.347502066582332,0.10841433590962513,1,0,0,0,0,0,79.62905035754055,0,5.010010439688394,0.1284617494344712,9,nuscenes_mf/v1.0-mini/mini_val/325cef682f064c55a255f2625c533b75/856aeb4fa2024f1284c6290a44e9dec5,dev,60
7,ct_joint_full,0,10,10,0,0,0,0,1,10,-1.0,0,8.743874549865723,3.688999891281128,51.93240560619502,0,0,0,0,0.5004408359527588,1.0000474452972412,0,0,0,0,0,1,0,0,1,0,1,0.0,0.0,0.0,2.855472398154362,0.19345038980054138,2.861405259489986,1.0182471067198793,2.2427588034576647,2.2388152683473614,0.13294251105608387,1.2308817297679475,1,2.794587182265165,0.20453438612151686,1,1,1,2.855472398154362,0.19345038980054138,2.861405259489986,2.855472398154362,0.19345038980054138,2.861405259489986,2.855472398154362,2.855472398154362,2.855472398154362,0.0,0,0,1,2.855472398154362,0.19345038980054138,2.861405259489986,0.0,0.0,0.0,0.0,0.0,0.0,0.0,0.0,0.0,0.0,0.0,2.855472398154362,0.19345038980054138,0.0,0.0,0.0,0.0,-0.5796750783920288,0.00979605782777071,0.47472328202835307,0.12548210457231215,1,1,0.0,4.97479772567749,2.9681386947631836,0.0,0.0,0.0,0.0,0.0,0.0,0.0,0.0,0,2,9,10,34784,10,537,19,1024,10,10,10,10,10,10,0,0,0,0,0,0,0,0,2.242758803457637,0.1929840907454491,2.2875993577551603,0.1929840907454491,b1,0,3.689,8.654,1.61,3.689,8.743874542945598,1.61,0,0,0,0,0,0,0,0,1,0,0,0,0,0,52.55358402043117,0,2.242758803457637,0.1929840907454491,1,0,0,0,0,0,85.19556167287287,0,2.242758803457637,0.1929840907454491,1,0,0,0,0,0,117.83753932531458,0,2.242758803457637,0.1929840907454491,1,0,0,0,0,0,81.87336047909224,0,2.242758803457637,0.1929840907454491,1,1,1,1,10,9,117.63313693700361,0,2.242758803457637,0.1929840907454491,1,4,4,1,38,34,208.47268985207663,0,2.242758803457637,0.1929840907454491,1,1,1,1,1,0,60.993123184015715,0,1.0182470604088285,0.18138499676171815,1,1,1,1,1,0,56.49471273341693,0,2.242758803457637,0.1929840907454491,9,nuscenes_mf/v1.0-mini/mini_val/325cef682f064c55a255f2625c533b75/856aeb4fa2024f1284c6290a44e9dec5,dev,60
8,ct_joint_full,0,13,2,0,0,0,0,1,13,-1.0,0,8.672589302062988,3.688999891281128,51.50902185548847,0,0,0,0,0.5004229545593262,0.9999890327453613,0,0,0,0,0,1,0,0,1,0,1,0.0,0.0,0.0,2.8861499472413685,0.18883179213954684,2.8927139352186306,3.7361572957572533,2.893037342595154,-2.874494343195869,-0.32702874403592774,0.8477662218362262,1,3.1058606854924813,0.21980304556076852,1,1,1,2.8861499472413685,0.18883179213954684,2.8927139352186306,2.8861499472413685,0.18883179213954684,2.8927139352186306,2.8861499472413685,2.8861499472413685,2.8861499472413685,0.0,0,0,1,2.8861499472413685,0.18883179213954684,2.8927139352186306,0.0,0.0,0.0,0.0,0.0,0.0,0.0,0.0,0.0,0.0,0.0,2.8861499472413685,0.18883179213954684,0.0,0.0,0.0,0.0,-0.8084205389022827,0.008040276356041431,-3.5495528591359076,-0.526463075882073,0,1,0.0,6.283890247344971,3.1834640502929688,0.0,0.0,0.0,0.0,0.0,0.0,0.0,0.0,0,2,13,13,34720,13,481,29,1024,2,2,2,2,2,2,0,0,0,0,0,0,0,0,2.893037342595181,0.20316688740253452,2.883853584362997,0.20316688740253452,b1,0,3.689,8.654,1.61,3.689,8.672589754025626,1.61,0,0,0,0,0,0,0,0,1,0,0,0,0,0,51.633913852260456,0,2.893037342595181,0.20316688740253452,1,0,0,0,0,0,83.70466779776385,0,2.893037342595181,0.20316688740253452,1,0,0,0,0,0,115.77542174326723,0,2.893037342595181,0.20316688740253452,1,0,0,0,0,0,80.72422590504868,0,2.893037342595181,0.20316688740253452,1,2,0,0,0,0,116.25453796008604,0,2.893037342595181,0.20316688740253452,1,11,0,0,10,10,206.63516206491278,0,2.893037342595181,0.20316688740253452,1,0,0,0,0,0,57.31238549402391,0,3.7361573285351413,0.19526522477987807,1,0,0,0,0,0,53.59979832321148,0,2.893037342595181,0.20316688740253452,9,nuscenes_mf/v1.0-mini/mini_val/325cef682f064c55a255f2625c533b75/856aeb4fa2024f1284c6290a44e9dec5,dev,60
9,ct_joint_full,0,14,0,0,0,0,0,0,14,-1.0,0,8.656697273254395,3.688999891281128,51.414634489648925,0,0,0,0,0.4998810291290283,0.9988992214202881,0,0,0,0,0,1,0,0,1,0,1,0.0,0.0,0.0,6.229652042251104,0.0,6.2329745284458795,2.7882576441897893,2.9041854246103194,2.8195373880488317,0.6960623094143864,0.12028505564585072,1,2.655225227246757,3.617287417193405,0,0,1,6.229652042251104,0.0,6.2329745284458795,6.229652042251104,0.0,6.2329745284458795,6.229652042251104,6.229652042251104,6.229652042251104,0.0,0,0,1,6.229652042251104,0.0,6.2329745284458795,0.0,0.0,0.0,0.0,0.0,0.0,0.0,0.0,0.0,0.0,0.0,6.229652042251104,0.0,0.0,0.0,0.0,0.0,-0.18958961963653564,0.006649722345173359,4.255591228528614,1.7268408123265253,0,0,0.0,1.5269781351089478,1.5269781351089478,0.0,0.0,0.0,0.0,0.0,0.0,0.0,0.0,0,2,13,14,34688,14,312,46,1024,0,0,15,15,0,15,15,0,0,0,0,0,0,0,2.904185424610296,0.21376240152120596,2.904414615120036,0.21376240152120596,b1,0,3.689,8.654,1.61,3.689,8.656697655928639,1.61,0,0,0,0,0,0,0,0,1,0,0,0,1,1,51.41598064357881,0,2.904185424610296,0.21376240152120596,1,0,0,0,1,1,83.35137234766503,0,2.904185424610296,0.21376240152120596,1,0,0,0,1,1,115.28676405175125,0,2.904185424610296,0.21376240152120596,1,0,0,0,8,8,80.45215420596769,0,2.904185424610296,0.21376240152120596,1,2,0,0,15,15,115.92832776835657,0,2.904185424610296,0.21376240152120596,1,13,0,0,47,47,206.2006748916349,0,2.904185424610296,0.21376240152120596,1,0,0,0,0,0,53.551308819472084,0,2.788257631346513,0.20546989273342664,1,0,0,0,1,1,52.89634383802275,0,2.904185424610296,0.21376240152120596,9,nuscenes_mf/v1.0-mini/mini_val/325cef682f064c55a255f2625c533b75/856aeb4fa2024f1284c6290a44e9dec5,dev,60
10,ct_joint_full,0,0,0,0,0,7,7,0,0,-1.0,0,10.970858573913574,3.688999891281128,65.15910927809816,0,0,0,0,0.4998750686645508,0.9994463324546814,0,0,0,0,0,1,0,0,1,0,1,7.0,7.0,5.0,6.271012470102076,0.0,6.274642248050607,10.077692205550543,8.563709010875549,-8.558153546810393,0.3084230465789172,1.515320755522209,1,3.896662416461487,2.114797239310303,0,1,1,6.271012470102076,0.0,6.274642248050607,6.271012470102076,0.0,6.274642248050607,6.271012470102076,6.271012470102076,6.271012470102076,0.0,0,0,1,6.271012470102076,0.0,6.274642248050607,0.0,0.0,0.0,0.0,0.0,0.0,0.0,0.0,0.0,0.0,0.0,6.271012470102076,0.0,0.0,0.0,0.0,0.0,-0.744596004486084,-0.013112491928040981,-4.950080056786588,0.2660043890703979,0,1,0.0,5.9008073806762695,2.8984453678131104,0.0,0.0,0.0,0.0,0.0,0.0,0.0,0.0,0,2,3,4,34720,0,0,127,1024,0,0,54,63,0,63,63,0,0,0,0,0,0,0,8.563709010875524,0.2214868662357331,7.405873024406019,0.2214868662357331,b1,0,3.689,8.654,1.61,3.689,10.970859025920793,1.61,7,7,0,0,0,0,0,0,1,0,0,0,96,96,81.29912657031791,0,8.563709010875524,0.2214868662357331,1,0,0,0,153,153,131.79547847734767,0,8.563709010875524,0.2214868662357331,1,0,0,0,153,153,182.29183038437742,0,8.563709010875524,0.2214868662357331,1,0,0,0,128,128,117.79085968991278,0,8.563709010875524,0.2214868662357331,1,0,0,0,179,179,160.72259280800822,0,8.563709010875524,0.2214868662357331,1,0,0,0,290,290,265.90605904569856,0,8.563709010875524,0.2214868662357331,1,0,0,0,62,62,80.83078338731055,0,10.077692368845623,0.2109284480802428,1,0,0,0,100,100,86.2731537852677,0,8.563709010875524,0.2214868662357331,9,nuscenes_mf/v1.0-mini/mini_val/325cef682f064c55a255f2625c533b75/856aeb4fa2024f1284c6290a44e9dec5,dev,60
11,ct_joint_full,0,8,5,0,0,0,0,1,8,-1.0,0,8.821001052856445,3.688999891281128,52.39048226471285,0,0,0,0,0.4993269443511963,0.9988974928855896,0,0,0,0,0,1,0,0,1,0,0,0.0,0.0,0.0,9.958284401048472,0.0,9.960850663482606,5.813705274104571,6.455729230837652,6.446507659418391,-0.344939005774548,0.6422648626790046,1,7.627097484573472,12.910387271850801,0,0,0,9.958284401048472,0.0,9.960850663482606,9.958284401048472,0.0,9.960850663482606,9.958284401048472,9.958284401048472,9.958284401048472,0.0,0,0,1,9.958284401048472,0.0,9.960850663482606,0.0,0.0,0.0,0.0,0.0,0.0,0.0,0.0,0.0,0.0,0.0,9.958284401048472,0.0,0.0,0.0,0.0,0.0,-0.3166085481643677,0.016013769432902336,2.862437094586751,-0.2971715963884685,0,1,0.0,1.796700358390808,1.796700358390808,0.0,0.0,0.0,0.0,0.0,0.0,0.0,0.0,0,2,14,16,34688,8,40,205,1024,3,5,92,94,5,94,89,0,0,0,0,0,0,0,6.455729230837626,0.23239620625972746,6.372344372934985,0.23239620625972746,b1,0,3.689,8.654,1.61,3.689,8.821001517833103,1.61,0,0,0,0,0,0,0,0,1,0,0,0,71,71,53.54739067313728,0,6.455729230837626,0.23239620625972746,1,0,0,0,111,111,86.80663953843994,0,6.455729230837626,0.23239620625972746,1,0,0,0,111,111,120.06588840374259,0,6.455729230837626,0.23239620625972746,1,0,0,0,107,107,83.1151518666791,0,6.455729230837626,0.23239620625972746,1,0,0,0,155,155,119.12291305647234,0,6.455729230837626,0.23239620625972746,1,2,2,1,233,231,210.45843543755825,0,6.455729230837626,0.23239620625972746,1,0,0,0,78,78,55.24658274046631,0,5.813705285277913,0.2246435938137079,1,0,0,0,73,73,55.39503276807802,0,6.455729230837626,0.23239620625972746,9,nuscenes_mf/v1.0-mini/mini_val/325cef682f064c55a255f2625c533b75/856aeb4fa2024f1284c6290a44e9dec5,dev,60
12,ct_joint_full,0,0,0,0,0,21,21,0,0,-1.0,0,11.188987731933594,3.688999891281128,66.45464157836514,0,0,0,0,0.5004410743713379,1.0016814470291138,0,0,0,0,0,1,0,0,1,1,1,21.0,21.0,19.0,9.67919736272991,0.0,9.681814645733741,14.136275129200255,12.490997393226216,-12.488699176746211,-0.2396298007097589,1.645338597842492,1,5.070439145319291,4.457209677204744,0,0,1,9.67919736272991,0.0,9.681814645733741,9.67919736272991,0.0,9.681814645733741,9.67919736272991,9.67919736272991,9.67919736272991,0.0,0,0,1,9.67919736272991,0.0,9.681814645733741,0.0,0.0,0.0,0.0,0.0,0.0,0.0,0.0,0.0,0.0,0.0,9.67919736272991,0.0,0.0,0.0,0.0,0.0,-0.7466957569122314,-0.013884082436561584,-6.414665256375956,-0.2153888177816267,0,1,0.0,5.919967174530029,2.8965001106262207,0.0,0.0,0.0,0.0,0.0,0.0,0.0,0.0,0,2,23,26,34752,0,0,293,1024,0,0,57,85,0,86,86,0,0,0,0,0,0,0,12.490997393226323,0.2260922998189926,11.223969157612014,0.2260922998189926,b1,0,3.689,8.654,1.61,3.689,11.188988013569931,1.61,21,21,0,0,0,0,0,0,1,0,0,0,146,146,84.11418797490188,0,12.490997393226323,0.2260922998189926,1,0,0,0,181,181,136.35902522639373,0,12.490997393226323,0.2260922998189926,1,0,0,0,187,187,188.60386247788557,0,12.490997393226323,0.2260922998189926,1,0,0,0,248,248,121.3082828084659,0,12.490997393226323,0.2260922998189926,1,0,0,0,302,302,164.94237764128022,0,12.490997393226323,0.2260922998189926,1,0,0,0,518,518,271.53056730765854,0,12.490997393226323,0.2260922998189926,1,0,0,0,157,157,83.5232030660115,0,14.136274819791147,0.2200184099150264,1,0,0,0,156,156,89.6987334425138,0,12.490997393226323,0.2260922998189926,9,nuscenes_mf/v1.0-mini/mini_val/325cef682f064c55a255f2625c533b75/856aeb4fa2024f1284c6290a44e9dec5,dev,60
13,ct_joint_full,0,0,0,0,0,0,0,0,0,-1.0,0,8.966377258300781,3.688999891281128,53.25391369017181,0,0,0,0,0.49985289573669434,0.9999377727508545,0,0,0,0,0,1,0,0,1,0,0,0.0,0.0,0.0,13.200016638566893,0.0,13.201533497160689,8.900184370042034,9.98962360485809,9.975473280022474,-0.5315223655622071,1.0903105452158908,1,5.842189057239675,7.437452998894022,0,0,0,13.200016638566893,0.0,13.201533497160689,13.200016638566893,0.0,13.201533497160689,13.200016638566893,13.200016638566893,13.200016638566893,0.0,0,0,1,13.200016638566893,0.0,13.201533497160689,0.0,0.0,0.0,0.0,0.0,0.0,0.0,0.0,0.0,0.0,0.0,13.200016638566893,0.0,0.0,0.0,0.0,0.0,-0.4637437164783478,0.013377385213971138,3.7796516764050923,-0.40749441834108063,0,1,0.0,3.6712839603424072,2.27714204788208,0.0,0.0,0.0,0.0,0.0,0.0,0.0,0.0,0,2,33,41,34720,0,0,387,1024,0,0,143,151,0,151,151,0,0,0,0,0,0,0,9.989623604858041,0.22510719150304792,9.833435210391857,0.22510719150304792,b1,0,3.689,8.654,1.61,3.689,8.966376911038083,1.61,0,0,0,0,0,0,0,0,1,0,0,0,196,196,55.42689211341088,0,9.989623604858041,0.22510719150304792,1,0,0,0,196,196,89.85353317764122,0,9.989623604858041,0.22510719150304792,1,0,0,0,197,197,124.28017424187158,0,9.989623604858041,0.22510719150304792,1,0,0,0,310,310,85.46352969358676,0,9.989623604858041,0.22510719150304792,1,0,0,0,464,464,121.94016727376265,0,9.989623604858041,0.22510719150304792,1,0,0,0,810,810,214.21344243411446,0,9.989623604858041,0.22510719150304792,1,0,0,0,228,228,56.78538276924262,0,8.900184330451934,0.22479680362087406,1,0,0,0,209,209,57.895276368608876,0,9.989623604858041,0.22510719150304792,9,nuscenes_mf/v1.0-mini/mini_val/325cef682f064c55a255f2625c533b75/856aeb4fa2024f1284c6290a44e9dec5,dev,60
14,ct_joint_full,0,0,0,0,0,0,0,0,0,-1.0,0,11.083672523498535,3.688999891281128,65.82914402693534,0,0,0,0,0.49991798400878906,0.9995421171188354,0,0,0,0,0,1,0,0,1,0,1,0.0,0.0,0.0,12.886050477353677,0.0,12.887452826085788,17.22377303838085,15.625625769652249,-15.614302465190155,-0.5947665543743257,1.5988215293573131,1,6.458215445956013,7.153943241994422,0,0,0,12.886050477353677,0.0,12.887452826085788,12.886050477353677,0.0,12.887452826085788,12.886050477353677,12.886050477353677,12.886050477353677,0.0,0,0,1,12.886050477353677,0.0,12.887452826085788,0.0,0.0,0.0,0.0,0.0,0.0,0.0,0.0,0.0,0.0,0.0,12.886050477353677,0.0,0.0,0.0,0.0,0.0,-0.7022801637649536,-0.009886863641440868,-7.561038097981833,-0.49510450784526566,0,1,0.0,5.853415012359619,3.0471861362457275,0.0,0.0,0.0,0.0,0.0,0.0,0.0,0.0,0,2,64,79,34688,0,0,489,1024,0,0,83,129,0,133,133,0,0,0,0,0,0,0,15.625625769652187,0.20011851042509077,14.412010469930369,0.20011851042509077,b1,0,3.689,8.654,1.61,3.689,11.083672589220134,1.61,0,0,0,0,0,0,0,0,1,0,0,0,137,137,82.75517641612795,0,15.625625769652187,0.20011851042509077,1,0,0,0,146,146,134.15590710937514,0,15.625625769652187,0.20011851042509077,1,0,0,0,153,153,185.5566378026223,0,15.625625769652187,0.20011851042509077,1,0,0,0,179,179,119.61019349136858,0,15.625625769652187,0.20011851042509077,1,0,0,0,259,259,162.90521056660918,0,15.625625769652187,0.20011851042509077,1,0,0,0,675,675,268.815244715591,0,15.625625769652187,0.20011851042509077,1,0,0,0,110,110,82.43691342527731,0,17.22377296755305,0.17197129066809325,1,0,0,0,137,137,88.21778107886303,0,15.625625769652187,0.20011851042509077,9,nuscenes_mf/v1.0-mini/mini_val/325cef682f064c55a255f2625c533b75/856aeb4fa2024f1284c6290a44e9dec5,dev,60
15,ct_joint_full,0,0,0,0,0,0,0,0,0,-1.0,0,8.94572639465332,3.688999891281128,53.13126222474397,0,0,0,0,0.49929308891296387,0.9988150000572205,0,0,0,0,0,1,0,0,1,0,0,0.0,0.0,0.0,16.731659806288537,0.0,16.732553710679618,12.073759763459176,13.174560370127361,13.167841856186786,0.4206971723888941,1.10209829242426,1,8.134417305567004,11.883063455776647,0,0,0,16.731659806288537,0.0,16.732553710679618,16.731659806288537,0.0,16.732553710679618,16.731659806288537,16.731659806288537,16.731659806288537,0.0,0,0,1,16.731659806288537,0.0,16.732553710679618,0.0,0.0,0.0,0.0,0.0,0.0,0.0,0.0,0.0,0.0,0.0,16.731659806288537,0.0,0.0,0.0,0.0,0.0,-0.48059478402137756,0.012968882918357849,5.26214433118783,0.35390152524587837,0,1,0.0,3.825079917907715,2.342705011367798,0.0,0.0,0.0,0.0,0.0,0.0,0.0,0.0,0,2,132,153,34688,0,0,786,1024,0,0,305,312,0,315,315,0,0,0,0,0,0,0,13.17456037012734,0.19011428058147428,13.029252496951495,0.19011428058147428,b1,0,3.689,8.654,1.61,3.689,8.94572685882391,1.61,0,0,0,0,0,0,0,0,1,0,0,0,259,259,55.16051235158463,0,13.17456037012734,0.19011428058147428,1,0,0,0,282,282,89.42170014759992,0,13.17456037012734,0.19011428058147428,1,0,0,0,299,299,123.68288794361521,0,13.17456037012734,0.19011428058147428,1,0,0,0,428,428,85.1306856163405,0,13.17456037012734,0.19011428058147428,1,0,0,0,607,607,121.54085888409524,0,13.17456037012734,0.19011428058147428,1,0,0,0,1737,1737,213.6812054196047,0,13.17456037012734,0.19011428058147428,1,0,0,0,317,317,57.198743355372535,0,12.073759847008269,0.18206802627019902,1,0,0,0,290,290,57.96862813540832,0,13.17456037012734,0.19011428058147428,9,nuscenes_mf/v1.0-mini/mini_val/325cef682f064c55a255f2625c533b75/856aeb4fa2024f1284c6290a44e9dec5,dev,60
16,ct_joint_full,0,0,0,0,0,0,0,0,0,-1.0,0,11.358118057250977,3.688999891281128,67.45915560754057,0,0,0,0,0.49930906295776367,0.9994065761566162,0,0,0,0,0,1,0,0,1,0,1,0.0,0.0,0.0,16.411512288255263,0.0,16.41233780782871,21.076910645649203,19.433075669036953,-19.426579829757674,0.5024727382027283,1.644696142701138,1,8.75874522904346,11.8660653348722,0,0,0,16.411512288255263,0.0,16.41233780782871,16.411512288255263,0.0,16.41233780782871,16.411512288255263,16.411512288255263,16.411512288255263,0.0,0,0,1,16.411512288255263,0.0,16.41233780782871,0.0,0.0,0.0,0.0,0.0,0.0,0.0,0.0,0.0,0.0,0.0,16.411512288255263,0.0,0.0,0.0,0.0,0.0,-0.669701874256134,-0.00980762392282486,-8.580231037662204,0.37219150494045466,0,1,0.0,5.646261215209961,2.988342523574829,0.0,0.0,0.0,0.0,0.0,0.0,0.0,0.0,0,2,236,283,34688,0,0,750,1024,0,0,112,252,0,252,252,0,0,0,0,0,0,0,19.433075669037002,0.1729560852050781,18.081339544237633,0.1729560852050781,b1,0,3.689,8.654,1.61,3.689,11.358118487979077,1.61,0,0,0,0,0,0,0,0,1,0,0,0,4,4,86.29710549566896,0,19.433075669037002,0.1729560852050781,1,0,0,0,45,45,139.8977921389416,0,19.433075669037002,0.1729560852050781,1,0,0,0,110,110,193.49847878221425,0,19.433075669037002,0.1729560852050781,1,0,0,0,33,33,124.03583748273088,0,19.433075669037002,0.1729560852050781,1,0,0,0,267,267,168.21456946829338,0,19.433075669037002,0.1729560852050781,1,0,0,0,504,504,275.89203344091777,0,19.433075669037002,0.1729560852050781,1,0,0,0,4,4,84.96571873120067,0,21.076910641394313,0.15493873413253778,1,0,0,0,4,4,91.88377977497393,0,19.433075669037002,0.1729560852050781,9,nuscenes_mf/v1.0-mini/mini_val/325cef682f064c55a255f2625c533b75/856aeb4fa2024f1284c6290a44e9dec5,dev,60
17,ct_joint_full,0,0,0,0,0,0,0,0,0,-1.0,0,9.013672828674316,3.688999891281128,53.534815792553005,0,0,0,0,0.49988698959350586,1.001173496246338,0,0,0,0,0,1,0,0,1,0,0,0.0,0.0,0.0,18.046746955521048,0.0,18.047150396422058,15.57251323247214,16.750190145533036,16.74261801662707,-0.5036117115725888,1.1778263606177397,1,11.819646349791528,19.25306389976311,0,0,0,18.046746955521048,0.0,18.047150396422058,18.046746955521048,0.0,18.047150396422058,18.046746955521048,18.046746955521048,18.046746955521048,0.0,0,0,1,18.046746955521048,0.0,18.047150396422058,0.0,0.0,0.0,0.0,0.0,0.0,0.0,0.0,0.0,0.0,0.0,18.046746955521048,0.0,0.0,0.0,0.0,0.0,-0.4784294664859772,0.013142628595232964,6.32310666189565,-0.3688751427960628,0,1,0.0,3.8202672004699707,2.3461930751800537,0.0,0.0,0.0,0.0,0.0,0.0,0.0,0.0,0,2,521,675,34720,0,0,1167,1024,0,0,373,411,0,414,414,0,0,0,0,0,0,0,16.750190145533068,0.11461084634065632,16.570383618763227,0.11461084634065632,b1,0,3.689,8.654,1.61,3.689,9.013672734071239,1.61,0,0,0,0,0,0,0,0,1,0,0,0,526,526,56.03755682929886,0,16.750190145533068,0.11461084634065632,1,0,0,0,609,609,90.84349274811802,0,16.750190145533068,0.11461084634065632,1,0,0,0,666,666,125.64942866693718,0,16.750190145533068,0.11461084634065632,1,0,0,0,650,650,86.22655078497716,0,16.750190145533068,0.11461084634065632,1,0,0,0,691,691,122.85554473990577,0,16.750190145533068,0.11461084634065632,1,0,0,0,894,894,215.43353265276184,0,16.750190145533068,0.11461084634065632,1,0,0,0,645,645,57.19287628487487,0,15.57251326964834,0.10731264650898542,1,0,0,0,560,560,58.92676981264398,0,16.750190145533068,0.11461084634065632,9,nuscenes_mf/v1.0-mini/mini_val/325cef682f064c55a255f2625c533b75/856aeb4fa2024f1284c6290a44e9dec5,dev,60
18,ct_joint_full,0,0,0,0,0,0,0,0,0,-1.0,0,9.710698127746582,3.688999891281128,57.674651095857556,0,0,0,0,0.5004210472106934,1.0016473531723022,0,0,0,0,0,1,0,0,1,0,0,0.0,0.0,0.0,17.802507227142442,0.0,17.802624447733464,20.17748938654792,19.080279937928367,-19.069526991540414,-0.6404840091378529,1.0976871034779054,1,7.1829931284277295,8.13001599814269,0,0,0,17.802507227142442,0.0,17.802624447733464,17.802507227142442,0.0,17.802624447733464,17.802507227142442,17.802507227142442,17.802507227142442,0.0,0,0,1,17.802507227142442,0.0,17.802624447733464,0.0,0.0,0.0,0.0,0.0,0.0,0.0,0.0,0.0,0.0,0.0,17.802507227142442,0.0,0.0,0.0,0.0,0.0,-0.804828405380249,-0.0046160537749528885,-14.786752387782585,-0.8370128601639367,0,1,0.0,6.7028584480285645,3.371814489364624,0.0,0.0,0.0,0.0,0.0,0.0,0.0,0.0,0,2,1045,1302,34720,0,0,929,1024,0,0,346,465,0,465,465,0,0,0,0,0,0,0,19.080279937928314,0.07067209482192993,18.552301305009973,0.07067209482192993,b1,0,3.689,8.654,1.61,3.689,9.710698488022238,1.61,0,0,0,0,0,0,0,0,1,0,0,0,1,1,65.03607115467081,0,19.080279937928314,0.07067209482192993,1,0,0,0,67,67,105.43114640601912,0,19.080279937928314,0.07067209482192993,1,0,0,0,130,130,145.82622165736743,0,19.080279937928314,0.07067209482192993,1,0,0,0,4,4,97.47015067511705,0,19.080279937928314,0.07067209482192993,1,0,0,0,60,60,136.34423019631302,0,19.080279937928314,0.07067209482192993,1,0,0,0,750,750,233.41238923720553,0,19.080279937928314,0.07067209482192993,1,0,0,0,0,0,67.6236055888686,0,20.17748936759277,0.080353649428061,1,0,0,0,1,1,68.54403656405721,0,19.080279937928314,0.07067209482192993,9,nuscenes_mf/v1.0-mini/mini_val/325cef682f064c55a255f2625c533b75/856aeb4fa2024f1284c6290a44e9dec5,dev,60
19,ct_joint_full,0,0,0,0,0,0,0,0,0,-1.0,0,8.717409133911133,3.688999891281128,51.7752198291059,0,0,0,0,0.49987292289733887,0.9994379878044128,0,0,0,0,0,1,0,0,1,0,0,0.0,0.0,0.0,18.002095824023645,0.0,18.002099346572223,17.090755237209663,17.71932232096565,17.68555562023856,-1.093388193335837,0.6293184972587479,1,13.839372476483986,23.493177812388748,0,0,0,18.002095824023645,0.0,18.002099346572223,18.002095824023645,0.0,18.002099346572223,18.002095824023645,18.002095824023645,18.002095824023645,0.0,0,0,1,18.002095824023645,0.0,18.002099346572223,0.0,0.0,0.0,0.0,0.0,0.0,0.0,0.0,0.0,0.0,0.0,18.002095824023645,0.0,0.0,0.0,0.0,0.0,-0.47891756892204285,0.011621622368693352,12.981236009334957,-1.4570850646480922,0,0,0.0,3.6679327487945557,2.210359811782837,0.0,0.0,0.0,0.0,0.0,0.0,0.0,0.0,0,2,1136,1270,34752,0,0,1133,1024,0,0,509,509,0,510,510,0,0,0,0,0,0,0,17.71932232096566,0.014603827893734045,17.750404726222598,0.014603827893734045,b1,0,3.689,8.654,1.61,3.689,8.71740919136943,1.61,0,0,0,0,0,0,0,0,1,0,0,0,39,39,52.212828250727625,0,17.71932232096566,0.014603827893734045,1,0,0,0,99,99,84.64315635676962,0,17.71932232096566,0.014603827893734045,1,0,0,0,190,190,117.07348446281162,0,17.71932232096566,0.014603827893734045,1,0,0,0,340,340,81.4475710943481,0,17.71932232096566,0.014603827893734045,1,0,0,0,707,707,117.12231393721888,0,17.71932232096566,0.014603827893734045,1,0,0,0,1035,1035,207.79179962520956,0,17.71932232096566,0.014603827893734045,1,0,0,0,195,195,56.1969514988309,0,17.090755205627197,0.005513236462112769,1,0,0,0,112,112,53.60234051452686,0,17.71932232096566,0.014603827893734045,9,nuscenes_mf/v1.0-mini/mini_val/325cef682f064c55a255f2625c533b75/856aeb4fa2024f1284c6290a44e9dec5,dev,60
20,ct_joint_full,0,0,0,0,0,0,0,0,0,-1.0,0,8.70427131652832,3.688999891281128,51.69719052330864,0,0,0,0,0.5006210803985596,1.0009479522705078,0,0,0,0,0,1,0,0,1,0,0,0.0,0.0,0.0,17.743691781173013,0.0,17.74374452153618,18.33404307780825,17.952010270395203,-17.89217287192173,1.464525652312608,0.38313590278915294,1,11.869513947086254,19.405819929275353,0,0,0,17.743691781173013,0.0,17.74374452153618,17.743691781173013,0.0,17.74374452153618,17.743691781173013,17.743691781173013,17.743691781173013,0.0,0,0,1,17.743691781173013,0.0,17.74374452153618,0.0,0.0,0.0,0.0,0.0,0.0,0.0,0.0,0.0,0.0,0.0,17.743691781173013,0.0,0.0,0.0,0.0,0.0,-0.6401147842407227,0.004917716141790152,-30.53338328071644,3.7913436687064888,0,0,0.0,4.1123576164245605,2.1225273609161377,0.0,0.0,0.0,0.0,0.0,0.0,0.0,0.0,0,2,844,1238,34752,0,0,790,1024,0,0,269,269,0,269,269,0,0,0,0,0,0,0,17.95201027039523,0.038738271594047524,17.977121947638544,0.038738271594047524,b1,0,3.689,8.654,1.61,3.689,8.704271556934426,1.61,0,0,0,0,0,0,0,0,1,0,0,0,59,59,52.04715753791389,0,17.95201027039523,0.038738271594047524,1,0,0,0,146,146,84.37458458009642,0,17.95201027039523,0.038738271594047524,1,0,0,0,224,224,116.70201162227896,0,17.95201027039523,0.038738271594047524,1,0,0,0,152,152,81.24049399553334,0,17.95201027039523,0.038738271594047524,1,0,0,0,439,439,116.87383045465222,0,17.95201027039523,0.038738271594047524,1,0,0,0,907,907,207.46050337139056,0,17.95201027039523,0.038738271594047524,1,0,0,0,51,51,53.66958584603844,0,18.334043097705408,0.04140383000496295,1,0,0,0,59,59,52.65026700909241,0,17.95201027039523,0.038738271594047524,9,nuscenes_mf/v1.0-mini/mini_val/325cef682f064c55a255f2625c533b75/856aeb4fa2024f1284c6290a44e9dec5,dev,60
21,ct_joint_full,0,0,0,0,0,0,0,0,0,-1.0,0,8.704245567321777,3.688999891281128,51.69703759130686,0,0,0,0,0.5002570152282715,1.0000200271606445,0,0,0,0,0,1,0,0,1,0,0,0.0,0.0,0.0,18.108857664012962,0.0,18.10909290004927,17.366417778631398,17.794751290226948,17.742190830584995,-1.366692919564882,0.42947692799383747,1,10.110676425144568,15.540870939583566,0,0,0,18.108857664012962,0.0,18.10909290004927,18.108857664012962,0.0,18.10909290004927,18.108857664012962,18.108857664012962,18.108857664012962,0.0,0,0,1,18.108857664012962,0.0,18.10909290004927,0.0,0.0,0.0,0.0,0.0,0.0,0.0,0.0,0.0,0.0,0.0,18.108857664012962,0.0,0.0,0.0,0.0,0.0,-0.6980820894241333,0.005192980170249939,28.14082880215061,-3.453782422557429,0,0,0.0,4.553521156311035,2.2803754806518555,0.0,0.0,0.0,0.0,0.0,0.0,0.0,0.0,0,2,448,722,34752,0,0,419,1024,0,0,79,79,0,79,79,0,0,0,0,0,0,0,17.794751290226987,0.09326222687959673,17.76964488197441,0.09326222687959673,b1,0,3.689,8.654,1.61,3.689,8.704245475213272,1.61,0,0,0,0,0,0,0,0,1,0,0,0,79,79,52.046779728950945,0,17.794751290226987,0.09326222687959673,1,0,0,0,139,139,84.37397210718133,0,17.794751290226987,0.09326222687959673,1,0,0,0,202,202,116.70116448541172,0,17.794751290226987,0.09326222687959673,1,0,0,0,152,152,81.24002268140671,0,17.794751290226987,0.09326222687959673,1,0,0,0,341,341,116.87326563311278,0,17.794751290226987,0.09326222687959673,1,0,0,0,783,783,207.4597515410232,0,17.794751290226987,0.09326222687959673,1,0,0,0,91,91,53.98239009921204,0,17.366417742317523,0.09807689757101512,1,0,0,0,79,79,52.75219632495863,0,17.794751290226987,0.09326222687959673,9,nuscenes_mf/v1.0-mini/mini_val/325cef682f064c55a255f2625c533b75/856aeb4fa2024f1284c6290a44e9dec5,dev,60
22,ct_joint_full,0,0,0,0,0,0,0,0,0,-1.0,0,8.687742233276367,3.688999891281128,51.59901950646209,0,0,0,0,0.5004239082336426,0.9999697208404541,0,0,0,0,0,1,0,0,1,0,0,0.0,0.0,0.0,18.140821724630683,0.0,18.141443157654937,18.629156110662418,18.075345677690827,-18.075197137247397,0.0733710772061028,0.553810543776737,1,7.815114895597699,10.16592391350985,0,0,0,18.140821724630683,0.0,18.141443157654937,18.140821724630683,0.0,18.141443157654937,18.140821724630683,18.140821724630683,18.140821724630683,0.0,0,0,1,18.140821724630683,0.0,18.141443157654937,0.0,0.0,0.0,0.0,0.0,0.0,0.0,0.0,0.0,0.0,0.0,18.140821724630683,0.0,0.0,0.0,0.0,0.0,-0.8064867258071899,0.0060430364683270454,-27.12878970846257,0.17633510080324205,0,1,0.0,5.669245719909668,2.710402011871338,0.0,0.0,0.0,0.0,0.0,0.0,0.0,0.0,0,2,334,404,34784,0,0,256,1024,0,0,48,48,0,48,48,0,0,0,0,0,0,0,18.07534567769086,0.14230258464813228,18.0921716680427,0.14230258464813228,b1,0,3.689,8.654,1.61,3.689,8.687742209053777,1.61,0,0,0,0,0,0,0,0,1,0,0,0,64,64,51.83338365626988,0,18.07534567769086,0.14230258464813228,1,0,0,0,94,94,84.02803188997788,0,18.07534567769086,0.14230258464813228,1,0,0,0,148,148,116.22268012368588,0,18.07534567769086,0.14230258464813228,1,0,0,0,92,92,80.97339159722907,0,18.07534567769086,0.14230258464813228,1,0,0,0,243,243,116.55339953818826,0,18.07534567769086,0.14230258464813228,1,0,0,0,485,485,207.03341541860723,0,18.07534567769086,0.14230258464813228,1,0,0,0,60,60,55.05503110240884,0,18.62915612364587,0.13997212975710582,1,0,0,0,64,64,53.03955775290025,0,18.07534567769086,0.14230258464813228,9,nuscenes_mf/v1.0-mini/mini_val/325cef682f064c55a255f2625c533b75/856aeb4fa2024f1284c6290a44e9dec5,dev,60
23,ct_joint_full,0,0,0,0,0,0,0,0,0,-1.0,0,8.692112922668457,3.688999891281128,51.62497829772725,0,0,0,0,0.500432014465332,1.0001829862594604,0,0,0,0,0,1,0,0,1,0,0,0.0,0.0,0.0,18.307694958681953,0.0,18.30880234442214,18.08962775729623,18.178903374209078,18.159695008993296,0.8354785393121187,0.0894826282527322,1,78.7867156389403,156.07303216517917,0,0,0,18.307694958681953,0.0,18.30880234442214,18.307694958681953,0.0,18.30880234442214,18.307694958681953,18.307694958681953,18.307694958681953,0.0,0,0,1,18.307694958681953,0.0,18.30880234442214,0.0,0.0,0.0,0.0,0.0,0.0,0.0,0.0,0.0,0.0,0.0,18.307694958681953,0.0,0.0,0.0,0.0,0.0,-0.1652316004037857,0.005467975977808237,33.375072983417994,2.3377388490503126,0,0,0.0,1.4551365375518799,1.4551365375518799,0.0,0.0,0.0,0.0,0.0,0.0,0.0,0.0,0,2,186,196,34784,0,0,222,1024,0,0,37,37,0,37,37,0,0,0,0,0,0,0,18.178903374209018,0.2001565769314766,18.159937449313098,0.2001565769314766,b1,0,3.689,8.654,1.61,3.689,8.692112647999846,1.61,0,0,0,0,0,0,0,0,1,0,0,0,48,48,51.890137461829006,0,18.178903374209018,0.2001565769314766,1,0,0,0,77,77,84.1200365064433,0,18.178903374209018,0.2001565769314766,1,0,0,0,121,121,116.34993555105758,0,18.178903374209018,0.2001565769314766,1,0,0,0,54,54,81.04429909665605,0,18.178903374209018,0.2001565769314766,1,0,0,0,92,92,116.63846073073337,0,18.178903374209018,0.2001565769314766,1,0,0,0,147,147,207.14678399813832,0,18.178903374209018,0.2001565769314766,1,0,0,0,49,49,52.3489309372554,0,18.089627757828097,0.21021462400239654,1,0,0,0,49,49,52.52824919574472,0,18.178903374209018,0.2001565769314766,9,nuscenes_mf/v1.0-mini/mini_val/325cef682f064c55a255f2625c533b75/856aeb4fa2024f1284c6290a44e9dec5,dev,60
24,ct_joint_full,0,0,0,0,0,0,0,0,0,-1.0,0,8.668794631958008,3.688999891281128,51.48648420974462,0,0,0,0,0.5010008811950684,1.0011448860168457,0,0,0,0,0,1,0,0,1,0,0,0.0,0.0,0.0,18.336255423744856,0.0,18.338055831580203,18.509358903717324,18.29385605757968,-18.051659803870045,2.966945923723856,0.21822233338376296,1,19.477212944035593,35.52090485573781,0,0,0,18.336255423744856,0.0,18.338055831580203,18.336255423744856,0.0,18.338055831580203,18.336255423744856,18.336255423744856,18.336255423744856,0.0,0,0,1,18.336255423744856,0.0,18.338055831580203,0.0,0.0,0.0,0.0,0.0,0.0,0.0,0.0,0.0,0.0,0.0,18.336255423744856,0.0,0.0,0.0,0.0,0.0,-0.49152007699012756,0.0027697612531483173,-41.15106922439537,9.588699591219044,0,0,0.0,3.1573081016540527,1.7630418539047241,0.0,0.0,0.0,0.0,0.0,0.0,0.0,0.0,0,2,82,100,34720,0,0,135,1024,0,0,18,18,0,18,18,0,0,0,0,0,0,0,18.293856057579582,0.25136679708957665,18.301212769237953,0.25136679708957665,b1,0,3.689,8.654,1.61,3.689,8.668794756109305,1.61,0,0,0,0,0,0,0,0,1,0,0,0,29,29,51.58938006074169,0,18.293856057579582,0.25136679708957665,1,0,0,0,59,59,83.6324732661713,0,18.293856057579582,0.25136679708957665,1,0,0,0,87,87,115.67556647160092,0,18.293856057579582,0.25136679708957665,1,0,0,0,29,29,80.66849915386179,0,18.293856057579582,0.25136679708957665,1,0,0,0,35,35,116.18761824623218,0,18.293856057579582,0.25136679708957665,1,0,0,0,56,56,206.54585643397184,0,18.293856057579582,0.25136679708957665,1,0,0,0,29,29,52.67335544475671,0,18.509358890551457,0.25091362626932145,1,0,0,0,29,29,51.75106238423626,0,18.293856057579582,0.25136679708957665,9,nuscenes_mf/v1.0-mini/mini_val/325cef682f064c55a255f2625c533b75/856aeb4fa2024f1284c6290a44e9dec5,dev,60
25,ct_joint_full,0,0,0,0,0,7,7,0,0,-1.0,0,8.698578834533691,3.688999891281128,51.66338122261876,0,0,0,0,0.4998331069946289,0.998235821723938,0,0,0,0,0,1,0,0,1,0,0,7.0,7.0,6.0,18.54922436085018,0.0,18.551153112216195,18.3294909506604,18.370718247616644,13.854119915165747,-12.064271699371846,0.05395025852405493,1,96.93636727415289,192.7525167481654,0,0,0,18.54922436085018,0.0,18.551153112216195,18.54922436085018,0.0,18.551153112216195,18.54922436085018,18.54922436085018,18.54922436085018,0.0,0,0,1,18.54922436085018,0.0,18.551153112216195,0.0,0.0,0.0,0.0,0.0,0.0,0.0,0.0,0.0,0.0,0.0,18.54922436085018,0.0,0.0,0.0,0.0,0.0,-0.12104266881942749,0.002843933878466487,30.966183383335842,-38.87372941352076,0,0,0.0,1.3232018947601318,1.3232018947601318,0.0,0.0,0.0,0.0,0.0,0.0,0.0,0.0,0,2,49,51,34688,0,0,116,1024,0,0,18,18,0,18,18,0,0,0,0,0,0,0,18.370718247616608,0.26696053653955454,18.35362799620301,0.26696053653955454,b1,0,3.689,8.654,1.61,3.689,8.69857872316138,1.61,7,7,0,0,0,0,0,0,1,0,0,0,13,13,51.9738770970842,0,18.370718247616608,0.26696053653955454,1,0,0,0,26,26,84.25578833750916,0,18.370718247616608,0.26696053653955454,1,0,0,0,45,45,116.53769957793412,0,18.370718247616608,0.26696053653955454,1,0,0,0,14,14,81.14892652040815,0,18.370718247616608,0.26696053653955454,1,0,0,0,27,27,116.76397594298238,0,18.370718247616608,0.26696053653955454,1,0,0,0,69,69,207.31407478738114,0,18.370718247616608,0.26696053653955454,1,0,0,0,13,13,54.119341873362956,0,18.329490949496254,0.2736322917787022,1,0,0,0,13,13,54.57858198532523,0,18.370718247616608,0.26696053653955454,9,nuscenes_mf/v1.0-mini/mini_val/325cef682f064c55a255f2625c533b75/856aeb4fa2024f1284c6290a44e9dec5,dev,60
26,ct_joint_full,0,0,0,0,0,0,0,0,0,-1.0,0,8.675209045410156,3.688999891281128,51.52458127063256,0,0,0,0,0.49988508224487305,0.9989370703697205,0,0,0,0,0,1,0,0,1,0,0,0.0,0.0,0.0,18.579626791763683,0.0,18.581811882042288,18.809431389976297,18.52940384844753,-18.064085270518127,4.126457982559547,0.2869012885314686,1,15.230873222761621,26.389295211659412,0,0,0,18.579626791763683,0.0,18.581811882042288,18.579626791763683,0.0,18.581811882042288,18.579626791763683,18.579626791763683,18.579626791763683,0.0,0,0,1,18.579626791763683,0.0,18.581811882042288,0.0,0.0,0.0,0.0,0.0,0.0,0.0,0.0,0.0,0.0,0.0,18.579626791763683,0.0,0.0,0.0,0.0,0.0,-0.6097590923309326,0.0031675854697823524,-39.002094014443244,12.788335665145105,0,0,0.0,3.8418774604797363,1.994242787361145,0.0,0.0,0.0,0.0,0.0,0.0,0.0,0.0,0,2,20,20,34720,0,0,110,1024,0,0,14,14,0,14,14,0,0,0,0,0,0,0,18.529403848447505,0.2775021564960479,18.539843827792488,0.2775021564960479,b1,0,3.689,8.654,1.61,3.689,8.67520873634272,1.61,0,0,0,0,0,0,0,0,1,0,0,0,28,28,51.67215876196047,0,18.529403848447505,0.2775021564960479,1,0,0,0,50,50,83.76666730976198,0,18.529403848447505,0.2775021564960479,1,0,0,0,71,71,115.86117585756351,0,18.529403848447505,0.2775021564960479,1,0,0,0,34,34,80.77193119730336,0,18.529403848447505,0.2775021564960479,1,0,0,0,34,34,116.31170363414569,0,18.529403848447505,0.2775021564960479,1,0,0,0,50,50,206.71124850633092,0,18.529403848447505,0.2775021564960479,1,0,0,0,24,24,52.99530403342771,0,18.809431389560356,0.2767852706855166,1,0,0,0,28,28,51.77853895930254,0,18.529403848447505,0.2775021564960479,9,nuscenes_mf/v1.0-mini/mini_val/325cef682f064c55a255f2625c533b75/856aeb4fa2024f1284c6290a44e9dec5,dev,60
27,ct_joint_full,0,0,0,0,0,1,1,0,0,-1.0,0,8.695791244506836,3.688999891281128,51.64682491738898,0,0,0,0,0.49932098388671875,0.9989234805107117,0,0,0,0,0,1,0,0,1,0,0,1.0,1.0,1.0,18.547153815839557,0.0,18.549647941962977,18.56424207956819,18.61530862281659,15.13834633242272,-10.833291049707281,0.06205512864258708,1,93.90830548482971,186.57837656891022,0,0,0,18.547153815839557,0.0,18.549647941962977,18.547153815839557,0.0,18.549647941962977,18.547153815839557,18.547153815839557,18.547153815839557,0.0,0,0,1,18.547153815839557,0.0,18.549647941962977,0.0,0.0,0.0,0.0,0.0,0.0,0.0,0.0,0.0,0.0,0.0,18.547153815839557,0.0,0.0,0.0,0.0,0.0,-0.13216181099414825,0.003431487362831831,32.1138268560778,-33.61785038958763,0,0,0.0,1.362823486328125,1.362823486328125,0.0,0.0,0.0,0.0,0.0,0.0,0.0,0.0,0,2,10,20,34688,0,0,99,1024,0,0,15,15,0,15,15,0,0,0,0,0,0,0,18.615308622816503,0.29495806425809856,18.598003623660215,0.29495806425809856,b1,0,3.689,8.654,1.61,3.689,8.695791641258715,1.61,1,1,0,0,0,0,0,0,1,0,0,0,13,13,51.93786663999316,0,18.615308622816503,0.29495806425809856,1,0,0,0,28,28,84.19741113688332,0,18.615308622816503,0.29495806425809856,1,0,0,0,49,49,116.45695563377348,0,18.615308622816503,0.29495806425809856,1,0,0,0,16,16,81.10393217241858,0,18.615308622816503,0.29495806425809856,1,0,0,0,22,22,116.70999770484401,0,18.615308622816503,0.29495806425809856,1,0,0,0,50,50,207.24212876969486,0,18.615308622816503,0.29495806425809856,1,0,0,0,13,13,54.1793839441353,0,18.564242081988382,0.30413030688975873,1,0,0,0,13,13,54.54165927686696,0,18.615308622816503,0.29495806425809856,9,nuscenes_mf/v1.0-mini/mini_val/325cef682f064c55a255f2625c533b75/856aeb4fa2024f1284c6290a44e9dec5,dev,60
28,ct_joint_full,0,0,0,0,0,0,0,0,0,-1.0,0,8.66596794128418,3.688999891281128,51.469695674438064,0,0,0,0,0.4998810291290283,1.000556468963623,0,0,0,0,0,1,0,0,1,0,0,0.0,0.0,0.0,18.58010102326525,0.0,18.582882246599294,18.49822887318836,18.53559977628753,18.53559775435921,0.009411541434931411,0.03737363286302228,1,117.44187167876083,234.11660904870666,0,0,0,18.58010102326525,0.0,18.582882246599294,18.58010102326525,0.0,18.582882246599294,18.58010102326525,18.58010102326525,18.58010102326525,0.0,0,0,1,18.58010102326525,0.0,18.582882246599294,0.0,0.0,0.0,0.0,0.0,0.0,0.0,0.0,0.0,0.0,0.0,18.58010102326525,0.0,0.0,0.0,0.0,0.0,-0.09194829314947128,0.0014869238948449492,45.513208582387534,0.033860669123602145,0,1,0.0,1.211408257484436,1.211408257484436,0.0,0.0,0.0,0.0,0.0,0.0,0.0,0.0,0,2,6,6,34720,0,0,70,1024,0,0,11,11,0,11,11,0,0,0,0,0,0,0,18.53559977628757,0.314177747964859,18.541580155447424,0.314177747964859,b1,0,3.689,8.654,1.61,3.689,8.665968346829995,1.61,0,0,0,0,0,0,0,0,1,0,0,0,21,21,51.55302187174094,0,18.53559977628757,0.314177747964859,1,0,0,0,41,41,83.57353235108313,0,18.53559977628757,0.314177747964859,1,0,0,0,60,60,115.59404283042532,0,18.53559977628757,0.314177747964859,1,0,0,0,21,21,80.62306737584994,0,18.53559977628757,0.314177747964859,1,0,0,0,21,21,116.13311288145839,0,18.53559977628757,0.314177747964859,1,0,0,0,47,47,206.47320388817698,0,18.53559977628757,0.314177747964859,1,0,0,0,21,21,52.553356534304534,0,18.498228870748264,0.3238515637283229,1,0,0,0,21,21,52.40856365026512,0,18.53559977628757,0.314177747964859,9,nuscenes_mf/v1.0-mini/mini_val/325cef682f064c55a255f2625c533b75/856aeb4fa2024f1284c6290a44e9dec5,dev,60
29,ct_joint_full,0,0,0,0,0,0,0,0,0,-1.0,0,8.665716171264648,3.688999891281128,51.46820033930955,0,0,0,0,0.49987077713012695,1.000540018081665,0,0,0,0,0,1,0,0,1,0,1,0.0,0.0,0.0,18.547906861391095,0.0,18.55101082484808,18.630301009807624,18.592929049418153,-18.592890715619507,-0.03802511271305553,0.037375442590580295,1,118.7070192605221,236.65612934231038,0,0,0,18.547906861391095,0.0,18.55101082484808,18.547906861391095,0.0,18.55101082484808,18.547906861391095,18.547906861391095,18.547906861391095,0.0,0,0,1,18.547906861391095,0.0,18.55101082484808,0.0,0.0,0.0,0.0,0.0,0.0,0.0,0.0,0.0,0.0,0.0,18.547906861391095,0.0,0.0,0.0,0.0,0.0,-0.09159307181835175,0.0014896861976012588,-45.658809772288066,-0.1289509216413814,0,1,0.0,1.2086176872253418,1.2086176872253418,0.0,0.0,0.0,0.0,0.0,0.0,0.0,0.0,0,2,4,4,34720,0,0,55,1024,0,0,9,9,0,9,9,0,0,0,0,0,0,0,18.59292904941817,0.33049425536394117,18.587074575405378,0.33049425536394117,b1,0,3.689,8.654,1.61,3.689,8.665716137452868,1.61,0,0,0,0,0,0,0,0,1,0,0,0,19,19,51.549765232657094,0,18.59292904941817,0.33049425536394117,1,0,0,0,38,38,83.56825295480435,0,18.59292904941817,0.33049425536394117,1,0,0,0,53,53,115.5867406769516,0,18.59292904941817,0.33049425536394117,1,0,0,0,19,19,80.6189982334897,0,18.59292904941817,0.33049425536394117,1,0,0,0,19,19,116.12823123432233,0,18.59292904941817,0.33049425536394117,1,0,0,0,43,43,206.46669723523786,0,18.59292904941817,0.33049425536394117,1,0,0,0,19,19,52.52537077625284,0,18.630301015462507,0.33733198490674776,1,0,0,0,19,19,52.37903831524676,0,18.59292904941817,0.33049425536394117,9,nuscenes_mf/v1.0-mini/mini_val/325cef682f064c55a255f2625c533b75/856aeb4fa2024f1284c6290a44e9dec5,dev,60
30,ct_joint_full,0,0,0,0,0,0,0,0,0,-1.0,0,8.666152000427246,3.688999891281128,51.47078885504338,0,0,0,0,0.4993250370025635,0.9988979697227478,0,0,0,0,0,1,0,0,1,0,1,0.0,0.0,0.0,18.27929828647316,0.0,18.28553625887904,18.433919106594008,18.47147745774358,18.471366792813193,0.06407122819697167,0.03756269779508434,1,116.8197048270969,232.87550651317207,0,0,0,18.27929828647316,0.0,18.28553625887904,18.27929828647316,0.0,18.28553625887904,18.27929828647316,18.27929828647316,18.27929828647316,0.0,0,0,1,18.27929828647316,0.0,18.28553625887904,0.0,0.0,0.0,0.0,0.0,0.0,0.0,0.0,0.0,0.0,0.0,18.27929828647316,0.0,0.0,0.0,0.0,0.0,-0.09212189167737961,0.0015121693722903728,45.211711753509285,0.22142816129074833,0,1,0.0,1.2104302644729614,1.2104302644729614,0.0,0.0,0.0,0.0,0.0,0.0,0.0,0.0,0,2,2,2,34720,0,0,41,1024,0,0,6,6,0,6,6,0,0,0,0,0,0,0,18.471477457743614,0.4693430193662643,18.477550279708435,0.4693430193662643,b1,0,3.689,8.654,1.61,3.689,8.666152175300697,1.61,0,0,0,0,0,0,0,0,1,0,0,0,15,15,51.55539306630847,0,18.471477457743614,0.4693430193662643,1,0,0,0,31,31,83.57737633730751,0,18.471477457743614,0.4693430193662643,1,0,0,0,43,43,115.59935960830656,0,18.471477457743614,0.4693430193662643,1,0,0,0,15,15,80.62603020775134,0,18.471477457743614,0.4693430193662643,1,0,0,0,15,15,116.13666735144335,0,18.471477457743614,0.4693430193662643,1,0,0,0,29,29,206.4779416365782,0,18.471477457743614,0.4693430193662643,1,0,0,0,15,15,52.53581082733834,0,18.433919110942483,0.47856438430944614,1,0,0,0,15,15,52.39116569876611,0,18.471477457743614,0.4693430193662643,9,nuscenes_mf/v1.0-mini/mini_val/325cef682f064c55a255f2625c533b75/856aeb4fa2024f1284c6290a44e9dec5,dev,60
31,ct_joint_full,0,0,0,0,0,0,0,0,0,-1.0,0,8.67784309387207,3.688999891281128,51.54022564799987,0,0,0,0,0.49987196922302246,1.0005486011505127,0,0,0,0,0,1,0,0,1,0,1,0.0,0.0,0.0,18.180978922780646,0.0,18.191422119922432,17.967851336118965,18.237905394814252,17.67995916470625,4.476632523747355,0.27893893918500645,1,15.926016541213853,27.906870309295382,0,0,0,18.180978922780646,0.0,18.191422119922432,18.180978922780646,0.0,18.191422119922432,18.180978922780646,18.180978922780646,18.180978922780646,0.0,0,0,1,18.180978922780646,0.0,18.191422119922432,0.0,0.0,0.0,0.0,0.0,0.0,0.0,0.0,0.0,0.0,0.0,18.180978922780646,0.0,0.0,0.0,0.0,0.0,-0.6010009050369263,0.0027578272856771946,37.492370555770464,14.011601374972084,0,0,0.0,3.725065231323242,1.9299556016921997,0.0,0.0,0.0,0.0,0.0,0.0,0.0,0.0,0,2,2,2,34720,0,0,36,1024,0,0,10,10,0,10,10,0,0,0,0,0,0,0,18.237905394814295,0.6075881373286247,18.22646495249798,0.6075881373286247,b1,0,3.689,8.654,1.61,3.689,8.677843035009904,1.61,0,0,0,0,0,0,0,0,1,0,0,0,19,19,51.7062146454258,0,18.237905394814295,0.6075881373286247,1,0,0,0,19,19,83.8218759158766,0,18.237905394814295,0.6075881373286247,1,0,0,0,31,31,115.9375371863274,0,18.237905394814295,0.6075881373286247,1,0,0,0,22,22,80.81448298763485,0,18.237905394814295,0.6075881373286247,1,0,0,0,23,23,116.3627513298439,0,18.237905394814295,0.6075881373286247,1,0,0,0,34,34,206.7792880127626,0,18.237905394814295,0.6075881373286247,1,0,0,0,20,20,53.17837389338513,0,17.9678513520476,0.6156935459972337,1,0,0,0,19,19,52.15022419857041,0,18.237905394814295,0.6075881373286247,9,nuscenes_mf/v1.0-mini/mini_val/325cef682f064c55a255f2625c533b75/856aeb4fa2024f1284c6290a44e9dec5,dev,60
32,ct_joint_full,0,0,0,0,0,0,0,0,0,-1.0,0,8.701966285705566,3.688999891281128,51.6835002770752,0,0,0,0,0.49993014335632324,1.0006637573242188,0,0,0,0,0,1,0,0,1,0,1,0.0,0.0,0.0,18.1496068806002,0.0,18.16523714932704,18.126021536088516,18.09093765370374,-10.3569552027371,-14.832920563868136,0.06291287241565607,1,89.32241609139933,177.42022948351888,0,0,0,18.1496068806002,0.0,18.16523714932704,18.1496068806002,0.0,18.16523714932704,18.1496068806002,18.1496068806002,18.1496068806002,0.0,0,0,1,18.1496068806002,0.0,18.16523714932704,0.0,0.0,0.0,0.0,0.0,0.0,0.0,0.0,0.0,0.0,0.0,18.1496068806002,0.0,0.0,0.0,0.0,0.0,-0.13562415540218353,0.0038260663859546185,-22.466799578597115,-46.43717244354372,0,0,0.0,1.358186960220337,1.358186960220337,0.0,0.0,0.0,0.0,0.0,0.0,0.0,0.0,0,2,1,10,34720,0,0,31,1024,0,0,5,5,0,5,5,0,0,0,0,0,0,0,18.090937653703712,0.7463149800300598,18.104173518977902,0.7463149800300598,b1,0,3.689,8.654,1.61,3.689,8.701966393007552,1.61,0,0,0,0,0,0,0,0,1,0,0,0,6,6,52.01754995600787,0,18.090937653703712,0.7463149800300598,1,0,0,0,15,15,84.3265871957643,0,18.090937653703712,0.7463149800300598,1,0,0,0,15,15,116.63562443552074,0,18.090937653703712,0.7463149800300598,1,0,0,0,7,7,81.20349667402452,0,18.090937653703712,0.7463149800300598,1,0,0,0,9,9,116.82944339578974,0,18.090937653703712,0.7463149800300598,1,0,0,0,13,13,207.40133683332246,0,18.090937653703712,0.7463149800300598,1,0,0,0,6,6,51.55694500832247,0,18.126021536410207,0.7551611039281367,1,0,0,0,6,6,52.08708585059631,0,18.090937653703712,0.7463149800300598,9,nuscenes_mf/v1.0-mini/mini_val/325cef682f064c55a255f2625c533b75/856aeb4fa2024f1284c6290a44e9dec5,dev,60
33,ct_joint_full,0,0,0,0,0,0,0,0,0,-1.0,0,8.665468215942383,3.688999891281128,51.466727660773884,0,0,0,0,0.4998440742492676,0.9998860359191895,0,0,0,0,0,1,0,0,1,0,1,0.0,0.0,0.0,18.04919249778876,0.0,18.071232293032473,18.13405730755567,18.09678810796548,-18.094804571916935,0.2679990401754396,0.03726939603907297,1,112.64814770920249,224.54147829022352,0,0,0,18.04919249778876,0.0,18.071232293032473,18.04919249778876,0.0,18.071232293032473,18.04919249778876,18.04919249778876,18.04919249778876,0.0,0,0,1,18.04919249778876,0.0,18.071232293032473,0.0,0.0,0.0,0.0,0.0,0.0,0.0,0.0,0.0,0.0,0.0,18.04919249778876,0.0,0.0,0.0,0.0,0.0,-0.09132509678602219,0.0014777443138882518,-44.43388096816096,0.9207610845290333,0,1,0.0,1.207683801651001,1.207683801651001,0.0,0.0,0.0,0.0,0.0,0.0,0.0,0.0,0,2,2,2,34720,0,0,33,1024,0,0,13,13,0,13,13,0,0,0,0,0,0,0,18.096788107965562,0.8833994763493538,18.09106185164119,0.8833994763493538,b1,0,3.689,8.654,1.61,3.689,8.665468248844233,1.61,0,0,0,0,0,0,0,0,1,0,0,0,21,21,51.546565736825585,0,18.096788107965562,0.8833994763493538,1,0,0,0,21,21,83.56306619448122,0,18.096788107965562,0.8833994763493538,1,0,0,0,30,30,115.57956665213686,0,18.096788107965562,0.8833994763493538,1,0,0,0,23,23,80.615000464716,0,18.096788107965562,0.8833994763493538,1,0,0,0,25,25,116.1234351956053,0,18.096788107965562,0.8833994763493538,1,0,0,0,32,32,206.46030465213585,0,18.096788107965562,0.8833994763493538,1,0,0,0,23,23,52.54739619467757,0,18.134057298662434,0.8900720300403885,1,0,0,0,23,23,52.39999451453567,0,18.096788107965562,0.8833994763493538,9,nuscenes_mf/v1.0-mini/mini_val/325cef682f064c55a255f2625c533b75/856aeb4fa2024f1284c6290a44e9dec5,dev,60
34,ct_joint_full,0,0,0,0,0,0,0,0,0,-1.0,0,8.668807983398438,3.688999891281128,51.48656350781961,0,0,0,0,0.4998798370361328,0.9999854564666748,0,0,0,0,0,1,0,0,1,0,1,0.0,0.0,0.0,17.748848992891887,0.0,17.778514744633558,17.93242216882952,17.970849978192074,17.970545322631597,-0.10482504088175065,0.038428585718036444,1,109.55667960634749,218.3303737638577,0,0,0,17.748848992891887,0.0,17.778514744633558,17.748848992891887,0.0,17.778514744633558,17.748848992891887,17.748848992891887,17.748848992891887,0.0,0,0,1,17.748848992891887,0.0,17.778514744633558,0.0,0.0,0.0,0.0,0.0,0.0,0.0,0.0,0.0,0.0,0.0,17.748848992891887,0.0,0.0,0.0,0.0,0.0,-0.09392034262418747,0.0016029318794608116,43.82976302852505,-0.35731004959379004,0,1,0.0,1.21621835231781,1.21621835231781,0.0,0.0,0.0,0.0,0.0,0.0,0.0,0.0,0,2,3,3,34720,0,0,30,1024,0,0,6,6,0,6,6,0,0,0,0,0,0,0,17.970849978192003,1.022236945271492,17.97824858103453,1.022236945271492,b1,0,3.689,8.654,1.61,3.689,8.668807586443593,1.61,0,0,0,0,0,0,0,0,1,0,0,0,15,15,51.58966724719387,0,17.970849978192003,1.022236945271492,1,0,0,0,29,29,83.63293882930186,0,17.970849978192003,1.022236945271492,1,0,0,0,29,29,115.67621041140985,0,17.970849978192003,1.022236945271492,1,0,0,0,17,17,80.66885575789495,0,17.970849978192003,1.022236945271492,1,0,0,0,18,18,116.18804427009543,0,17.970849978192003,1.022236945271492,1,0,0,0,29,29,206.54642128849872,0,17.970849978192003,1.022236945271492,1,0,0,0,15,15,52.56295777981004,0,17.932422171109287,1.0315136195645502,1,0,0,0,15,15,52.42965930079408,0,17.970849978192003,1.022236945271492,9,nuscenes_mf/v1.0-mini/mini_val/325cef682f064c55a255f2625c533b75/856aeb4fa2024f1284c6290a44e9dec5,dev,60
35,ct_joint_full,0,0,0,0,0,0,0,0,0,-1.0,0,8.68160343170166,3.688999891281128,51.56255938440801,0,0,0,0,0.5004220008850098,1.0011204481124878,0,0,0,0,0,1,0,0,1,0,1,0.0,0.0,0.0,17.77487589758968,0.0,17.81297659101788,17.524685553809366,17.839606215427985,17.83582399969716,-0.3673558287170436,0.3149688875571544,1,11.31059939700832,18.281549474367896,0,0,0,17.77487589758968,0.0,17.81297659101788,17.77487589758968,0.0,17.81297659101788,17.77487589758968,17.77487589758968,17.77487589758968,0.0,0,0,1,17.77487589758968,0.0,17.81297659101788,0.0,0.0,0.0,0.0,0.0,0.0,0.0,0.0,0.0,0.0,0.0,17.77487589758968,0.0,0.0,0.0,0.0,0.0,-0.6623024940490723,0.0031460754107683897,36.84226866541958,-1.1261629637291437,0,0,0.0,4.17495059967041,2.097449541091919,0.0,0.0,0.0,0.0,0.0,0.0,0.0,0.0,0,2,1,1,34720,0,0,8,1024,0,0,4,4,0,4,4,0,0,0,0,0,0,0,17.839606215428024,1.1576186987757682,17.825806209889333,1.1576186987757682,b1,0,3.689,8.654,1.61,3.689,8.681603766664107,1.61,0,0,0,0,0,0,0,0,1,0,0,0,13,13,51.75473104123959,0,17.839606215428024,1.1576186987757682,1,0,0,0,15,15,83.90052671902814,0,17.839606215428024,1.1576186987757682,1,0,0,0,15,15,116.04632239681669,0,17.839606215428024,1.1576186987757682,1,0,0,0,13,13,80.87510461542291,0,17.839606215428024,1.1576186987757682,1,0,0,0,13,13,116.43547819185538,0,17.839606215428024,1.1576186987757682,1,0,0,0,13,13,206.87622533947234,0,17.839606215428024,1.1576186987757682,1,0,0,0,13,13,53.43497793030049,0,17.524685544825335,1.1608886598465329,1,0,0,0,13,13,52.31322730279923,0,17.839606215428024,1.1576186987757682,9,nuscenes_mf/v1.0-mini/mini_val/325cef682f064c55a255f2625c533b75/856aeb4fa2024f1284c6290a44e9dec5,dev,60
36,ct_joint_full,0,0,0,0,0,0,0,0,0,-1.0,0,8.708992004394531,3.688999891281128,51.72522805696837,0,0,0,0,0.500452995300293,1.0006039142608643,0,0,0,0,0,1,0,0,1,0,1,0.0,0.0,0.0,17.44433244988716,0.0,17.49240133702585,17.850213977321477,17.78239234749944,-17.77922933095259,-0.33536526178436915,0.06787206120513514,1,82.53886989316578,163.76172978801003,0,0,0,17.44433244988716,0.0,17.49240133702585,17.44433244988716,0.0,17.49240133702585,17.44433244988716,17.44433244988716,17.44433244988716,0.0,0,0,1,17.44433244988716,0.0,17.49240133702585,0.0,0.0,0.0,0.0,0.0,0.0,0.0,0.0,0.0,0.0,0.0,17.44433244988716,0.0,0.0,0.0,0.0,0.0,-0.14283204078674316,0.004126640502363443,-37.565294333870796,-1.0275795677698325,0,0,0.0,1.389581322669983,1.389581322669983,0.0,0.0,0.0,0.0,0.0,0.0,0.0,0.0,0,2,3,3,34752,0,0,15,1024,0,0,1,1,0,1,1,0,0,0,0,0,0,0,17.78239234749945,1.294440577030182,17.809862791322196,1.294440577030182,b1,0,3.689,8.654,1.61,3.689,8.708992246516832,1.61,0,0,0,0,0,0,0,0,1,0,0,0,9,9,52.10821840703488,0,17.78239234749945,1.294440577030182,1,0,0,0,17,17,84.47357145488263,0,17.78239234749945,1.294440577030182,1,0,0,0,19,19,116.83892450273038,0,17.78239234749945,1.294440577030182,1,0,0,0,9,9,81.31678709580099,0,17.78239234749945,1.294440577030182,1,0,0,0,10,10,116.96535578606652,0,17.78239234749945,1.294440577030182,1,0,0,0,19,19,207.5824931673473,0,17.78239234749945,1.294440577030182,1,0,0,0,9,9,52.23891317196741,0,17.85021398541779,1.3018721263516804,1,0,0,0,9,9,52.8404231377127,0,17.78239234749945,1.294440577030182,9,nuscenes_mf/v1.0-mini/mini_val/325cef682f064c55a255f2625c533b75/856aeb4fa2024f1284c6290a44e9dec5,dev,60
1,ct_joint_full,0,11,0,0,0,0,0,0,11,-1.0,0,0.0,0.0,0.0,0,0,0,0,0.499255895614624,1.0,0,0,0,0,0,0,0,0,0,0,0,0.0,0.0,0.0,0.05089514542928654,0.9447220690569698,0.05134394604721253,0.03324154027728563,0.03324154027728563,0.0,0.0,0.0,0,0.0,0.0,0,0,0,0.05089514542928654,0.9447220690569698,0.05134394604721253,0.05089514542928654,0.9447220690569698,0.05134394604721253,0.05089514542928654,0.05089514542928654,0.05089514542928654,0.0,0,0,1,0.05089514542928654,0.9447220690569698,0.05134394604721253,0.0,0.0,0.0,0.0,0.0,0.0,0.0,0.0,0.0,0.0,0.0,0.05089514542928654,0.9447220690569698,0.0,0.0,0.0,0.0,-0.0,0.0,0.08868368139362164,0.0012074958024461042,1,1,0.0,1.623997449874878,1.623997449874878,0.0,0.0,0.0,0.0,0.0,0.0,0.0,0.0,0,2,11,11,34688,11,174,66,1024,0,0,0,0,0,0,0,0,0,0,0,0,0,0,0.0,0.0,0.0,0.0,base_only,0,0.0,0.0,0.0,0.0,0.0,0.0,0,0,0,0,0,0,0,0,0,0,0,0,0,0,0.0,0,0.0,0.0,0,0,0,0,0,0,0.0,0,0.0,0.0,0,0,0,0,0,0,0.0,0,0.0,0.0,0,0,0,0,0,0,0.0,0,0.0,0.0,0,0,0,0,0,0,0.0,0,0.0,0.0,0,0,0,0,0,0,0.0,0,0.0,0.0,0,0,0,0,0,0,0.0,0,0.0,0.0,0,0,0,0,0,0,0.0,0,0.0,0.0,10,nuscenes_mf/v1.0-mini/mini_val/325cef682f064c55a255f2625c533b75/2197057ff31949819b309f2c7ec9a113,dev,60
2,ct_joint_full,0,7,4,0,0,4,4,1,7,-1.0,0,8.86381721496582,3.8580000400543213,55.63787898566026,0,0,0,0,0.4998891353607178,1.0012683868408203,0,0,0,0,0,1,0,0,1,0,0,4.0,4.0,4.0,0.1480990762718845,0.9085857566835611,0.14831095018281834,0.07707091792138328,0.05010810643110117,-0.038853057714325866,0.03164272789570934,0.03127737382068669,1,0.062493511822615325,0.002361501329728494,1,1,1,0.1480990762718845,0.9085857566835611,0.14831095018281834,0.1480990762718845,0.9085857566835611,0.14831095018281834,0.1480990762718845,0.1480990762718845,0.1480990762718845,0.0,0,0,1,0.1480990762718845,0.9085857566835611,0.14831095018281834,0.0,0.0,0.0,0.0,0.0,0.0,0.0,0.0,0.0,0.0,0.0,0.1480990762718845,0.9085857566835611,0.0,0.0,0.0,0.0,-0.08340801298618317,0.0011789900017902255,-0.18702382608541399,0.11625040986710979,1,1,0.0,1.0311311483383179,1.0311311483383179,0.0,0.0,0.0,0.0,0.0,0.0,0.0,0.0,0,2,7,7,34720,7,97,79,1024,4,4,26,26,4,26,22,7,7,0,1,1,1,1,0.05010810643100472,0.006773844361305237,0.05050150532394977,0.006773844361305237,b1,0,3.858,8.863,1.627,3.858,8.863817408589483,1.627,4,4,0,0,0,0,0,0,1,7,7,1,30,23,55.643290684768935,0,0.05010810643100472,0.006773844361305237,1,7,7,1,37,30,89.84322349655069,0,0.05010810643100472,0.006773844361305237,1,7,7,1,37,30,124.04315630833246,0,0.05010810643100472,0.006773844361305237,1,7,7,1,58,51,85.87387445441495,0,0.05010810643100472,0.006773844361305237,1,7,7,1,87,80,122.6124582248186,0,0.05010810643100472,0.006773844361305237,1,7,7,1,112,105,215.61362576411062,0,0.05010810643100472,0.006773844361305237,1,7,7,1,32,25,55.91190636404875,0,0.07707091765280842,0.013556280443852264,1,7,7,1,32,25,55.73348768021571,0,0.05010810643100472,0.006773844361305237,10,nuscenes_mf/v1.0-mini/mini_val/325cef682f064c55a255f2625c533b75/2197057ff31949819b309f2c7ec9a113,dev,60
3,ct_joint_full,0,7,7,0,0,0,0,1,7,-1.0,0,8.86464786529541,3.8580000400543213,55.6430929495086,0,0,0,0,0.49931883811950684,0.9994922280311584,0,0,0,0,0,1,0,0,1,0,0,0.0,0.0,0.0,0.28402900983625035,0.8208766485786625,0.2903595040144368,0.30790253585305305,0.17964314867043765,-0.17424121390282912,-0.04372255458919036,0.13063119321315336,1,1.1897230887444818,0.0068507480684923796,1,1,1,0.28402900983625035,0.8208766485786625,0.2903595040144368,0.28402900983625035,0.8208766485786625,0.2903595040144368,0.28402900983625035,0.28402900983625035,0.28402900983625035,0.0,0,0,1,0.28402900983625035,0.8208766485786625,0.2903595040144368,0.0,0.0,0.0,0.0,0.0,0.0,0.0,0.0,0.0,0.0,0.0,0.28402900983625035,0.8208766485786625,0.0,0.0,0.0,0.0,-0.30676496028900146,0.0020692909602075815,-0.715945207854876,-0.14347949646171315,1,1,0.0,2.2608349323272705,1.4485507011413574,0.0,0.0,0.0,0.0,0.0,0.0,0.0,0.0,0,2,7,7,34720,7,95,72,1024,7,7,32,32,7,32,25,5,5,0,1,1,1,1,0.17964314867045955,0.0579247429966927,0.18030826794476934,0.0579247429966927,b1,0,3.858,8.863,1.627,3.858,8.864647845018785,1.627,0,0,0,0,0,0,0,0,1,5,5,1,28,23,55.654096410838896,0,0.17964314867045955,0.0579247429966927,1,5,5,1,33,28,89.86067072604409,0,0.17964314867045955,0.0579247429966927,1,5,5,1,33,28,124.06724504124931,0,0.17964314867045955,0.0579247429966927,1,5,5,1,51,46,85.88729342679447,0,0.17964314867045955,0.0579247429966927,1,7,7,1,68,61,122.62849044199243,0,0.17964314867045955,0.0579247429966927,1,7,7,1,105,98,215.63488447011545,0,0.17964314867045955,0.0579247429966927,1,5,5,1,29,24,56.81448004930141,0,0.3079025436533177,0.057668764544221096,1,5,5,1,28,23,56.06713422902159,0,0.17964314867045955,0.0579247429966927,10,nuscenes_mf/v1.0-mini/mini_val/325cef682f064c55a255f2625c533b75/2197057ff31949819b309f2c7ec9a113,dev,60
4,ct_joint_full,0,7,7,0,0,0,0,1,7,-1.0,0,8.904973983764648,3.8580000400543213,55.896218622673956,0,0,0,0,0.5004479885101318,1.0016893148422241,0,0,0,0,0,1,0,0,1,0,0,0.0,0.0,0.0,0.06154683633992927,0.8153363758567045,0.14965816731282172,0.8903878233334085,0.3257604213499643,-0.32534457101304315,0.01645532167266324,0.564853947736598,1,2.9345240296917967,0.0026518706476312214,1,1,1,0.06154683633992927,0.8153363758567045,0.14965816731282172,0.06154683633992927,0.8153363758567045,0.14965816731282172,0.06154683633992927,0.06154683633992927,0.06154683633992927,0.0,0,0,1,0.06154683633992927,0.8153363758567045,0.14965816731282172,0.0,0.0,0.0,0.0,0.0,0.0,0.0,0.0,0.0,0.0,0.0,0.06154683633992927,0.8153363758567045,0.0,0.0,0.0,0.0,-0.8564439415931702,0.0050141955725848675,-1.3497420129089495,0.04444930245894286,0,1,0.0,6.3550543785095215,2.956326961517334,0.0,0.0,0.0,0.0,0.0,0.0,0.0,0.0,0,2,7,7,34752,7,101,71,1024,7,7,30,30,7,30,23,7,7,0,1,1,1,1,0.32576042135004707,0.1396993935108184,0.30488639177613486,0.1396993935108184,b1,0,3.858,8.863,1.627,3.858,8.904973962548643,1.627,0,0,0,0,0,0,0,0,1,7,7,1,43,36,56.19847695861711,0,0.32576042135004707,0.1396993935108184,1,7,7,1,43,36,90.73964288278249,0,0.32576042135004707,0.1396993935108184,1,7,7,1,44,37,125.28080880694789,0,0.32576042135004707,0.1396993935108184,1,7,7,1,58,51,86.56300833443181,0,0.32576042135004707,0.1396993935108184,1,7,7,1,66,59,123.43553971024652,0,0.32576042135004707,0.1396993935108184,1,7,7,1,115,108,216.7046024618759,0,0.32576042135004707,0.1396993935108184,1,7,7,1,49,42,60.50237607976546,0,0.8903877894318853,0.13701037547810713,1,7,7,1,43,36,57.98520086482589,0,0.32576042135004707,0.1396993935108184,10,nuscenes_mf/v1.0-mini/mini_val/325cef682f064c55a255f2625c533b75/2197057ff31949819b309f2c7ec9a113,dev,60
5,ct_joint_full,0,4,4,0,0,0,0,1,4,-1.0,0,8.914963722229004,3.8580000400543213,55.958923871022236,0,0,0,0,0.5004181861877441,1.0010697841644287,0,0,0,0,0,1,0,0,1,0,0,0.0,0.0,0.0,0.5012809775394746,0.6453534130384302,0.519994262983952,0.23362821374142148,0.213593042089983,0.2132371946274911,-0.012324258230601789,0.4466898187471769,1,2.2029361181067277,0.0027039155576329024,1,1,1,0.5012809775394746,0.6453534130384302,0.519994262983952,0.5012809775394746,0.6453534130384302,0.519994262983952,0.5012809775394746,0.5012809775394746,0.5012809775394746,0.0,0,0,1,0.5012809775394746,0.6453534130384302,0.519994262983952,0.0,0.0,0.0,0.0,0.0,0.0,0.0,0.0,0.0,0.0,0.0,0.5012809775394746,0.6453534130384302,0.0,0.0,0.0,0.0,-0.6215620636940002,0.0067370315082371235,-0.3248390298253464,-0.020844461053647977,1,1,0.0,4.124976634979248,2.1913630962371826,0.0,0.0,0.0,0.0,0.0,0.0,0.0,0.0,0,2,4,4,34720,4,53,64,1024,4,4,23,23,4,23,19,3,3,0,1,1,1,1,0.21359304208999524,0.13641683906316748,0.18761134961307407,0.13641683906316748,b1,0,3.858,8.863,1.627,3.858,8.914963386547152,1.627,0,0,0,0,0,0,0,0,1,3,3,1,20,17,56.332951495571535,0,0.21359304208999524,0.13641683906316748,1,3,3,1,22,19,90.95676925560319,0,0.21359304208999524,0.13641683906316748,1,3,3,1,28,25,125.58058701563486,0,0.21359304208999524,0.13641683906316748,1,4,4,1,37,33,86.72993136778521,0,0.21359304208999524,0.13641683906316748,1,4,4,1,45,41,123.63491124227178,0,0.21359304208999524,0.13641683906316748,1,4,4,1,87,83,216.9688709882144,0,0.21359304208999524,0.13641683906316748,1,3,3,1,20,17,58.91595628341467,0,0.23362820709791232,0.13290892291706324,1,3,3,1,20,17,57.585193614660625,0,0.21359304208999524,0.13641683906316748,10,nuscenes_mf/v1.0-mini/mini_val/325cef682f064c55a255f2625c533b75/2197057ff31949819b309f2c7ec9a113,dev,60
6,ct_joint_full,0,2,2,0,0,0,0,1,2,-1.0,0,8.891450881958008,3.8580000400543213,55.81133457288124,0,0,0,0,0.5004160404205322,0.9999659061431885,0,0,0,0,0,1,0,0,1,0,1,0.0,0.0,0.0,0.22809062010504258,0.6970754008881975,0.26448105850870146,0.9273540345076253,0.4139818939113761,-0.41368153145971,-0.01576760731304787,0.5135816745340491,1,2.640360546463898,0.005948448884826949,1,1,1,0.22809062010504258,0.6970754008881975,0.26448105850870146,0.22809062010504258,0.6970754008881975,0.26448105850870146,0.22809062010504258,0.22809062010504258,0.22809062010504258,0.0,0,0,1,0.22809062010504258,0.6970754008881975,0.26448105850870146,0.0,0.0,0.0,0.0,0.0,0.0,0.0,0.0,0.0,0.0,0.0,0.22809062010504258,0.6970754008881975,0.0,0.0,0.0,0.0,-0.7821165919303894,0.005757911596447229,-1.4121054954253618,-0.032160021547016485,0,1,0.0,5.380385398864746,2.5976998805999756,0.0,0.0,0.0,0.0,0.0,0.0,0.0,0.0,0,2,2,2,34752,2,25,62,1024,2,2,16,16,2,16,14,2,2,0,1,1,1,1,0.41398189391129436,0.13824404180049887,0.4281046663860895,0.13824404180049887,b1,0,3.858,8.863,1.627,3.858,8.891451198819603,1.627,0,0,0,0,0,0,0,0,1,2,2,1,21,19,56.01574374243618,0,0.41398189391129436,0.13824404180049887,1,2,2,1,29,27,90.44459668800233,0,0.41398189391129436,0.13824404180049887,1,2,2,1,38,36,124.87344963356851,0,0.41398189391129436,0.13824404180049887,1,2,2,1,32,30,86.33619273245988,0,0.41398189391129436,0.13824404180049887,1,2,2,1,38,36,123.16464172172594,0,0.41398189391129436,0.13824404180049887,1,2,2,1,64,62,216.34553969950045,0,0.41398189391129436,0.13824404180049887,1,2,2,1,24,22,58.9447433186628,0,0.9273540449259782,0.14134857813836554,1,2,2,1,21,19,56.74371088535801,0,0.41398189391129436,0.13824404180049887,10,nuscenes_mf/v1.0-mini/mini_val/325cef682f064c55a255f2625c533b75/2197057ff31949819b309f2c7ec9a113,dev,60
7,ct_joint_full,0,0,0,0,0,0,0,0,0,-1.0,0,8.925843238830566,3.8580000400543213,56.0272142264549,0,0,0,0,0.5004408359527588,1.0000474452972412,0,0,0,0,0,1,0,0,1,0,1,0.0,0.0,0.0,0.2359332800700547,0.6238777514946121,0.3284304634823145,0.18361065533313373,0.32842063222929285,0.3058393858786218,0.11967614952456665,0.4429685729641477,1,2.2799217794559823,0.007791418676063085,1,1,1,0.2359332800700547,0.6238777514946121,0.3284304634823145,0.2359332800700547,0.6238777514946121,0.3284304634823145,0.2359332800700547,0.2359332800700547,0.2359332800700547,0.0,0,0,1,0.2359332800700547,0.6238777514946121,0.3284304634823145,0.0,0.0,0.0,0.0,0.0,0.0,0.0,0.0,0.0,0.0,0.0,0.2359332800700547,0.6238777514946121,0.0,0.0,0.0,0.0,-0.6680662631988525,0.005802709609270096,-0.20680542903660537,0.29140113256135713,1,1,0.0,4.360309600830078,2.2333059310913086,0.0,0.0,0.0,0.0,0.0,0.0,0.0,0.0,0,2,0,0,34784,0,0,45,1024,0,0,10,10,0,10,10,0,0,0,1,1,1,1,0.32842063222922024,0.23388390243053436,0.29988819909891873,0.23388390243053436,b1,0,3.858,8.863,1.627,3.858,8.925843059140082,1.627,0,0,0,0,0,0,0,0,1,0,0,0,12,12,56.47997573783343,0,0.32842063222922024,0.23388390243053436,1,0,0,0,19,19,91.19415873588714,0,0.32842063222922024,0.23388390243053436,1,0,0,0,29,29,125.90834173394087,0,0.32842063222922024,0.23388390243053436,1,0,0,0,15,15,86.91242348762603,0,0.32842063222922024,0.23388390243053436,1,0,0,0,16,16,123.85287123741863,0,0.32842063222922024,0.23388390243053436,1,0,0,0,44,44,217.2577667362462,0,0.32842063222922024,0.23388390243053436,1,0,0,0,14,14,58.927778329186566,0,0.18361063753685497,0.2279765634705101,1,0,0,0,13,13,57.816416931326486,0,0.32842063222922024,0.23388390243053436,10,nuscenes_mf/v1.0-mini/mini_val/325cef682f064c55a255f2625c533b75/2197057ff31949819b309f2c7ec9a113,dev,60
8,ct_joint_full,0,2,2,0,0,1,1,1,2,-1.0,0,8.922647476196289,3.8580000400543213,56.00715453316468,0,0,0,0,0.5004229545593262,0.9999890327453613,0,0,0,0,0,1,0,0,1,0,1,1.0,1.0,1.0,0.25780170379370804,0.5467629265993583,0.41215838841941344,0.28464279758679334,0.25241884789898233,-0.09498407560269272,-0.2338659945490854,0.06931694970621784,1,0.6823589651444457,0.032734602423290765,1,1,1,0.25780170379370804,0.5467629265993583,0.41215838841941344,0.25780170379370804,0.5467629265993583,0.41215838841941344,0.25780170379370804,0.25780170379370804,0.25780170379370804,0.0,0,0,1,0.25780170379370804,0.5467629265993583,0.41215838841941344,0.0,0.0,0.0,0.0,0.0,0.0,0.0,0.0,0.0,0.0,0.0,0.25780170379370804,0.5467629265993583,0.0,0.0,0.0,0.0,-0.14631155133247375,0.004375878721475601,-0.3468423351040881,-0.716671081452351,1,1,0.0,1.3951414823532104,1.3951414823532104,0.0,0.0,0.0,0.0,0.0,0.0,0.0,0.0,0,2,2,2,34720,2,44,42,1024,2,2,12,12,2,12,10,1,1,0,1,1,1,1,0.2524188478989263,0.3284776940941809,0.2644556244320593,0.3284776940941809,b1,0,3.858,8.863,1.627,3.858,8.922647580473438,1.627,1,1,0,0,0,0,0,0,1,1,1,1,10,9,56.43709579791595,0,0.2524188478989263,0.3284776940941809,1,1,1,1,17,16,91.12492357782739,0,0.2524188478989263,0.3284776940941809,1,1,1,1,21,20,125.81275135773885,0,0.2524188478989263,0.3284776940941809,1,2,2,1,16,14,86.8591945480709,0,0.2524188478989263,0.3284776940941809,1,2,2,1,21,19,123.78929329822587,0,0.2524188478989263,0.3284776940941809,1,2,2,1,50,48,217.17349079777816,0,0.2524188478989263,0.3284776940941809,1,1,1,1,10,9,55.74466685653221,0,0.2846427934728133,0.32281022790543357,1,1,1,1,10,9,56.48830392796289,0,0.2524188478989263,0.3284776940941809,10,nuscenes_mf/v1.0-mini/mini_val/325cef682f064c55a255f2625c533b75/2197057ff31949819b309f2c7ec9a113,dev,60
9,ct_joint_full,0,3,3,0,0,0,0,1,3,-1.0,0,8.920585632324219,3.8580000400543213,55.99421240935284,0,0,0,0,0.4998810291290283,0.9988992214202881,0,0,0,0,0,1,0,0,1,0,1,0.0,0.0,0.0,0.25876541325523694,0.4315428976012986,0.5753950998847203,0.7644728875643032,0.27793488434207425,-0.24257146087202566,0.13567200164543564,0.5094792428332527,1,2.9625589433159583,0.0034767752580145035,1,1,1,0.25876541325523694,0.4315428976012986,0.5753950998847203,0.25876541325523694,0.4315428976012986,0.5753950998847203,0.25876541325523694,0.25876541325523694,0.25876541325523694,0.0,0,0,1,0.25876541325523694,0.4315428976012986,0.5753950998847203,0.0,0.0,0.0,0.0,0.0,0.0,0.0,0.0,0.0,0.0,0.0,0.25876541325523694,0.4315428976012986,0.0,0.0,0.0,0.0,-0.8700171709060669,0.004194860812276602,-1.2842486493650735,0.3609504294004009,0,1,0.0,6.496511459350586,2.9729514122009277,0.0,0.0,0.0,0.0,0.0,0.0,0.0,0.0,0,2,2,3,34688,3,63,47,1024,3,3,14,14,3,14,11,2,2,0,1,1,1,1,0.2779348843420837,0.521578635275364,0.25363349642581184,0.521578635275364,b1,0,3.858,8.863,1.627,3.858,8.92058582511164,1.627,0,0,0,0,0,0,0,0,1,2,2,1,10,8,56.4092512829071,0,0.2779348843420837,0.521578635275364,1,2,2,1,18,16,91.07996504007185,0,0.2779348843420837,0.521578635275364,1,2,2,1,24,22,125.75067879723663,0,0.2779348843420837,0.521578635275364,1,3,3,1,20,17,86.82463259856637,0,0.2779348843420837,0.521578635275364,1,3,3,1,28,25,123.74801391649854,0,0.2779348843420837,0.521578635275364,1,3,3,1,67,64,217.11877654933235,0,0.2779348843420837,0.521578635275364,1,2,2,1,14,12,60.024368594096174,0,0.7644728917798902,0.5143146014250464,1,2,2,1,10,8,57.80296893335859,0,0.2779348843420837,0.521578635275364,10,nuscenes_mf/v1.0-mini/mini_val/325cef682f064c55a255f2625c533b75/2197057ff31949819b309f2c7ec9a113,dev,60
10,ct_joint_full,0,5,5,0,0,0,0,1,5,-1.0,0,8.901719093322754,3.8580000400543213,55.87578778614768,0,0,0,0,0.4998750686645508,0.9994463324546814,0,0,0,0,0,1,0,0,1,0,1,0.0,0.0,0.0,0.20425381584375757,0.4738516976981162,0.49836835670239615,0.17699576974787146,0.26525321003690927,0.23012111787170583,-0.13192248851548097,0.10935565779370757,1,0.8439986862450304,0.030721934181344904,1,1,1,0.20425381584375757,0.4738516976981162,0.49836835670239615,0.20425381584375757,0.4738516976981162,0.49836835670239615,0.20425381584375757,0.20425381584375757,0.20425381584375757,0.0,0,0,1,0.20425381584375757,0.4738516976981162,0.49836835670239615,0.0,0.0,0.0,0.0,0.0,0.0,0.0,0.0,0.0,0.0,0.0,0.20425381584375757,0.4738516976981162,0.0,0.0,0.0,0.0,-0.18593306839466095,0.00669689429923892,0.20543951849215628,-0.3391122960856625,1,1,0.0,1.5133395195007324,1.5133395195007324,0.0,0.0,0.0,0.0,0.0,0.0,0.0,0.0,0,2,5,5,34720,5,83,59,1024,5,5,16,16,5,16,11,3,3,0,1,1,1,1,0.2652532100369491,0.4639260470867157,0.24800464920235063,0.4639260470867157,b1,0,3.858,8.863,1.627,3.858,8.90171934554429,1.627,0,0,0,0,0,0,0,0,1,3,3,1,22,19,56.15434974456253,0,0.2652532100369491,0.4639260470867157,1,3,3,1,33,30,90.66839384079026,0,0.2652532100369491,0.4639260470867157,1,3,3,1,47,44,125.182437937018,0,0.2652532100369491,0.4639260470867157,1,5,5,1,31,26,86.50823821146368,0,0.2652532100369491,0.4639260470867157,1,5,5,1,38,33,123.37012667912246,0,0.2652532100369491,0.4639260470867157,1,5,5,1,76,71,216.6179036159553,0,0.2652532100369491,0.4639260470867157,1,3,3,1,21,18,56.540437792731666,0,0.17699577854149512,0.456083407600142,1,3,3,1,22,19,56.62533789994146,0,0.2652532100369491,0.4639260470867157,10,nuscenes_mf/v1.0-mini/mini_val/325cef682f064c55a255f2625c533b75/2197057ff31949819b309f2c7ec9a113,dev,60
11,ct_joint_full,0,7,7,0,0,0,0,1,7,-1.0,0,8.885553359985352,3.8580000400543213,55.77431602817616,0,0,0,0,0.4993269443511963,0.9988974928855896,0,0,0,0,0,1,0,0,1,0,1,0.0,0.0,0.0,0.2625808920136369,0.547262376256794,0.40051270989092974,0.1865837129004516,0.1648152362386399,-0.07434574325564966,-0.1470944408266696,0.04116139424371321,1,0.4255949950429804,0.017908115429283483,1,1,1,0.2625808920136369,0.547262376256794,0.40051270989092974,0.2625808920136369,0.547262376256794,0.40051270989092974,0.2625808920136369,0.2625808920136369,0.2625808920136369,0.0,0,0,1,0.2625808920136369,0.547262376256794,0.40051270989092974,0.0,0.0,0.0,0.0,0.0,0.0,0.0,0.0,0.0,0.0,0.0,0.2625808920136369,0.547262376256794,0.0,0.0,0.0,0.0,-0.09927061200141907,0.0018982917536050081,-0.27858985981997564,-0.49709373961536996,1,1,0.0,1.2316077947616577,1.2316077947616577,0.0,0.0,0.0,0.0,0.0,0.0,0.0,0.0,0,2,6,7,34688,7,118,59,1024,7,7,24,24,7,24,17,3,3,0,1,1,1,1,0.16481523623856065,0.3055892626047134,0.15978954637491197,0.3055892626047134,b1,0,3.858,8.863,1.627,3.858,8.885553115586887,1.627,0,0,0,0,0,0,0,0,1,3,3,1,23,20,55.93687383844611,0,0.16481523623856065,0.3055892626047134,1,3,3,1,40,37,90.3172511208346,0,0.16481523623856065,0.3055892626047134,1,3,3,1,40,37,124.6976284032231,0,0.16481523623856065,0.3055892626047134,1,7,7,1,45,38,86.238283380243,0,0.16481523623856065,0.3055892626047134,1,7,7,1,54,47,123.0476929220399,0,0.16481523623856065,0.3055892626047134,1,7,7,1,70,63,216.19051200487607,0,0.16481523623856065,0.3055892626047134,1,5,5,1,25,20,57.19679971982215,0,0.1865837118204803,0.2958425696610095,1,5,5,1,25,20,57.08373165240185,0,0.16481523623856065,0.3055892626047134,10,nuscenes_mf/v1.0-mini/mini_val/325cef682f064c55a255f2625c533b75/2197057ff31949819b309f2c7ec9a113,dev,60
12,ct_joint_full,0,3,3,0,0,0,0,1,3,-1.0,0,8.87725830078125,3.8580000400543213,55.72224822386748,0,0,0,0,0.5004410743713379,1.0016814470291138,0,0,0,0,0,1,0,0,1,0,1,0.0,0.0,0.0,0.20798671378208233,0.7537443166243121,0.21264224781793648,0.21199920341754727,0.2335664104008397,0.1271452000591869,-0.19592695023697398,0.21011736803874687,1,1.7024391174380082,0.014198637021401879,1,1,1,0.20798671378208233,0.7537443166243121,0.21264224781793648,0.20798671378208233,0.7537443166243121,0.21264224781793648,0.20798671378208233,0.20798671378208233,0.20798671378208233,0.0,0,0,1,0.20798671378208233,0.7537443166243121,0.21264224781793648,0.0,0.0,0.0,0.0,0.0,0.0,0.0,0.0,0.0,0.0,0.0,0.20798671378208233,0.7537443166243121,0.0,0.0,0.0,0.0,-0.48207396268844604,0.002744737546890974,-0.19036140236251187,-0.6387134308025965,1,1,0.0,3.1128921508789062,1.750300645828247,0.0,0.0,0.0,0.0,0.0,0.0,0.0,0.0,0,2,3,3,34752,3,55,50,1024,3,3,15,15,3,15,12,3,3,0,1,1,1,1,0.23356641040081408,0.052426364481449106,0.22941243209751944,0.052426364481449106,b1,0,3.858,8.863,1.627,3.858,8.877258594518254,1.627,0,0,0,0,0,0,0,0,1,3,3,1,32,29,55.824877705383585,0,0.23356641040081408,0.052426364481449106,1,3,3,1,47,44,90.13641901170415,0,0.23356641040081408,0.052426364481449106,1,3,3,1,47,44,124.44796031802473,0,0.23356641040081408,0.052426364481449106,1,3,3,1,38,35,86.09926803998277,0,0.23356641040081408,0.052426364481449106,1,3,3,1,42,39,122.88165836927855,0,0.23356641040081408,0.052426364481449106,1,3,3,1,55,52,215.97043903847694,0,0.23356641040081408,0.052426364481449106,1,3,3,1,29,26,57.15673031592316,0,0.21199920218804977,0.05080335616098186,1,3,3,1,32,29,56.224980261267596,0,0.23356641040081408,0.052426364481449106,10,nuscenes_mf/v1.0-mini/mini_val/325cef682f064c55a255f2625c533b75/2197057ff31949819b309f2c7ec9a113,dev,60
13,ct_joint_full,0,1,1,0,0,0,0,1,1,-1.0,0,8.91347599029541,3.8580000400543213,55.949585428308794,0,0,0,0,0.49985289573669434,0.9999377727508545,0,0,0,0,0,1,0,0,1,0,1,0.0,0.0,0.0,0.2431424854557749,0.7034206741031396,0.252568540633994,0.20454332209894494,0.24426179365757353,0.1846604435175132,-0.1598885549256546,0.05587611259448351,1,0.6045637116492921,0.03313970280908242,1,1,1,0.2431424854557749,0.7034206741031396,0.252568540633994,0.2431424854557749,0.7034206741031396,0.252568540633994,0.2431424854557749,0.2431424854557749,0.2431424854557749,0.0,0,0,1,0.2431424854557749,0.7034206741031396,0.252568540633994,0.0,0.0,0.0,0.0,0.0,0.0,0.0,0.0,0.0,0.0,0.0,0.2431424854557749,0.7034206741031396,0.0,0.0,0.0,0.0,-0.12725244462490082,0.003208412090316415,0.29335923115776946,-0.5175834500899946,1,1,0.0,1.3417798280715942,1.3417798280715942,0.0,0.0,0.0,0.0,0.0,0.0,0.0,0.0,0,2,1,1,34720,1,18,39,1024,1,1,9,9,1,9,8,1,1,0,1,1,1,1,0.24426179365756345,0.06925214624404907,0.22544223448064413,0.06925214624404907,b1,0,3.858,8.863,1.627,3.858,8.913475633238182,1.627,0,0,0,0,0,0,0,0,1,1,1,1,13,12,56.313446052055816,0,0.24426179365756345,0.06925214624404907,1,1,1,1,23,22,90.92527521742507,0,0.24426179365756345,0.06925214624404907,1,1,1,1,23,22,125.53710438279434,0,0.24426179365756345,0.06925214624404907,1,1,1,1,16,15,86.70571112420551,0,0.24426179365756345,0.06925214624404907,1,1,1,1,16,15,123.60597619787046,0,0.24426179365756345,0.06925214624404907,1,1,1,1,46,45,216.93050633989697,0,0.24426179365756345,0.06925214624404907,1,1,1,1,12,11,55.9052817218671,0,0.20454332242715817,0.05983801779896181,1,1,1,1,13,12,56.54067256305679,0,0.24426179365756345,0.06925214624404907,10,nuscenes_mf/v1.0-mini/mini_val/325cef682f064c55a255f2625c533b75/2197057ff31949819b309f2c7ec9a113,dev,60
14,ct_joint_full,0,3,3,0,0,0,0,1,3,-1.0,0,8.883604049682617,3.8580000400543213,55.762080273749056,0,0,0,0,0.49991798400878906,0.9995421171188354,0,0,0,0,0,1,0,0,1,0,1,0.0,0.0,0.0,0.26215931863326963,0.6788438625900043,0.2757161784462626,0.4256377499706053,0.2327457293316738,-0.1190549339627631,-0.19999124279880326,0.257175331672833,1,1.9209307226110108,0.012172419343115474,1,1,1,0.26215931863326963,0.6788438625900043,0.2757161784462626,0.26215931863326963,0.6788438625900043,0.2757161784462626,0.26215931863326963,0.26215931863326963,0.26215931863326963,0.0,0,0,1,0.26215931863326963,0.6788438625900043,0.2757161784462626,0.0,0.0,0.0,0.0,0.0,0.0,0.0,0.0,0.0,0.0,0.0,0.26215931863326963,0.6788438625900043,0.0,0.0,0.0,0.0,-0.5653306841850281,0.0029990181792527437,-0.8270426067363976,-0.6319904199409624,1,1,0.0,3.5682668685913086,1.9017311334609985,0.0,0.0,0.0,0.0,0.0,0.0,0.0,0.0,0,2,3,3,34688,3,88,38,1024,3,3,10,10,3,10,7,3,3,0,1,1,1,1,0.23274572933174922,0.09335641509294501,0.23777780798827194,0.09335641509294501,b1,0,3.858,8.863,1.627,3.858,8.883604407896364,1.627,0,0,0,0,0,0,0,0,1,3,3,1,20,17,55.910485468083536,0,0.23274572933174922,0.09335641509294501,1,3,3,1,38,35,90.27464371521538,0,0.23274572933174922,0.09335641509294501,1,3,3,1,38,35,124.63880196234723,0,0.23274572933174922,0.09335641509294501,1,3,3,1,20,17,86.20552996846382,0,0.23274572933174922,0.09335641509294501,1,3,3,1,20,17,123.0085744680865,0,0.23274572933174922,0.09335641509294501,1,3,3,1,37,34,216.13866346808945,0,0.23274572933174922,0.09335641509294501,1,3,3,1,17,14,57.2247903241501,0,0.42563775668485226,0.0942771917191757,1,3,3,1,20,17,56.15792034240801,0,0.23274572933174922,0.09335641509294501,10,nuscenes_mf/v1.0-mini/mini_val/325cef682f064c55a255f2625c533b75/2197057ff31949819b309f2c7ec9a113,dev,60
15,ct_joint_full,0,9,9,0,0,2,2,1,9,-1.0,0,8.916467666625977,3.8580000400543213,55.96836407881653,0,0,0,0,0.49929308891296387,0.9988150000572205,0,0,0,0,0,1,0,0,1,0,1,2.0,2.0,1.0,0.5389696544137927,0.5901799307767444,0.545040343344959,0.27355203746079615,0.3266002196537127,0.2890962077384804,-0.15195756018816184,0.06090023308842589,1,0.6526276065401926,0.057149210272767884,1,1,1,0.5389696544137927,0.5901799307767444,0.545040343344959,0.5389696544137927,0.5901799307767444,0.545040343344959,0.5389696544137927,0.5389696544137927,0.5389696544137927,0.0,0,0,1,0.5389696544137927,0.5901799307767444,0.545040343344959,0.0,0.0,0.0,0.0,0.0,0.0,0.0,0.0,0.0,0.0,0.0,0.5389696544137927,0.5901799307767444,0.0,0.0,0.0,0.0,-0.1340397447347641,0.003552786074578762,0.502360302834087,-0.47944041809371646,1,1,0.0,1.3661909103393555,1.3661909103393555,0.0,0.0,0.0,0.0,0.0,0.0,0.0,0.0,0,2,9,9,34688,9,170,50,1024,9,9,23,23,9,23,14,9,9,0,1,1,1,1,0.3266002196537548,0.08539263850450507,0.3029169037031704,0.08539263850450507,b1,0,3.858,8.863,1.627,3.858,8.916467580608423,1.627,2,2,0,0,0,0,0,0,1,9,9,1,19,10,56.353783550060825,0,0.3266002196537548,0.08539263850450507,1,9,9,1,37,28,90.9904052772033,0,0.3266002196537548,0.08539263850450507,1,9,9,1,39,30,125.62702700434578,0,0.3266002196537548,0.08539263850450507,1,9,9,1,22,13,86.755781047415,0,0.3266002196537548,0.08539263850450507,1,9,9,1,25,16,123.66577854173865,0,0.3266002196537548,0.08539263850450507,1,9,9,1,45,36,217.00977353341648,0,0.3266002196537548,0.08539263850450507,1,9,9,1,19,10,56.5223587645279,0,0.27355203799041744,0.07567613432785314,1,9,9,1,19,10,57.1627655376623,0,0.3266002196537548,0.08539263850450507,10,nuscenes_mf/v1.0-mini/mini_val/325cef682f064c55a255f2625c533b75/2197057ff31949819b309f2c7ec9a113,dev,60
16,ct_joint_full,0,0,0,0,0,0,0,0,0,-1.0,0,8.876022338867188,3.8580000400543213,55.71449013299785,0,0,0,0,0.49930906295776367,0.9994065761566162,0,0,0,0,0,1,0,0,1,0,1,0.0,0.0,0.0,0.5949621672965314,0.5915921633338745,0.5973881073098986,0.9301798957742772,0.5471617216866241,-0.5003509602957988,-0.2214382058279753,0.40338614202134604,1,2.5606262510965876,0.017303670634947664,1,1,1,0.5949621672965314,0.5915921633338745,0.5973881073098986,0.5949621672965314,0.5915921633338745,0.5973881073098986,0.5949621672965314,0.5949621672965314,0.5949621672965314,0.0,0,0,1,0.5949621672965314,0.5915921633338745,0.5973881073098986,0.0,0.0,0.0,0.0,0.0,0.0,0.0,0.0,0.0,0.0,0.0,0.5949621672965314,0.5915921633338745,0.0,0.0,0.0,0.0,-0.7820601463317871,0.003524628235027194,-1.7521141859789002,-0.6376167198541257,0,1,0.0,5.215114593505859,2.460620164871216,0.0,0.0,0.0,0.0,0.0,0.0,0.0,0.0,0,2,0,0,34688,0,0,33,1024,0,0,0,0,0,0,0,0,0,0,1,1,1,1,0.5471617216866511,0.062121436715126044,0.5528527122568508,0.062121436715126044,b1,0,3.858,8.863,1.627,3.858,8.876022602472052,1.627,0,0,0,0,0,0,0,0,1,0,0,0,16,16,55.8079745770786,0,0.5471617216866511,0.062121436715126044,1,0,0,0,25,25,90.10912674492037,0,0.5471617216866511,0.062121436715126044,1,0,0,0,25,25,124.41027891276217,0,0.5471617216866511,0.062121436715126044,1,0,0,0,21,21,86.07829034913333,0,0.5471617216866511,0.062121436715126044,1,0,0,0,22,22,122.85660612194567,0,0.5471617216866511,0.062121436715126044,1,0,0,0,25,25,215.9372376652975,0,0.5471617216866511,0.062121436715126044,1,0,0,0,13,13,58.70780857226674,0,0.9301799313930297,0.058770236411563204,1,0,0,0,16,16,56.82250136573735,0,0.5471617216866511,0.062121436715126044,10,nuscenes_mf/v1.0-mini/mini_val/325cef682f064c55a255f2625c533b75/2197057ff31949819b309f2c7ec9a113,dev,60
17,ct_joint_full,0,0,0,0,0,0,0,0,0,-1.0,0,8.914597511291504,3.8580000400543213,55.956625177431235,0,0,0,0,0.49988698959350586,1.001173496246338,0,0,0,0,0,1,0,0,1,0,1,0.0,0.0,0.0,0.7798150448913672,0.5255717483229037,0.7805490398947448,0.5862046576807513,0.6615240462401576,0.6113355044358909,0.2527508714275543,0.08330323341812135,1,0.8417666321676494,0.20940573328366294,1,1,1,0.7798150448913672,0.5255717483229037,0.7805490398947448,0.7798150448913672,0.5255717483229037,0.7805490398947448,0.7798150448913672,0.7798150448913672,0.7798150448913672,0.0,0,0,1,0.7798150448913672,0.5255717483229037,0.7805490398947448,0.0,0.0,0.0,0.0,0.0,0.0,0.0,0.0,0.0,0.0,0.0,0.7798150448913672,0.5255717483229037,0.0,0.0,0.0,0.0,-0.16148293018341064,0.005218182690441608,1.0238655735233062,0.7370470850780819,0,1,0.0,1.445610761642456,1.445610761642456,0.0,0.0,0.0,0.0,0.0,0.0,0.0,0.0,0,2,0,0,34720,0,0,39,1024,0,0,15,15,0,15,15,0,0,0,1,1,1,1,0.6615240462401062,0.03578262025117873,0.6381308840078443,0.03578262025117873,b1,0,3.858,8.863,1.627,3.858,8.9145974754651,1.627,0,0,0,0,0,0,0,0,1,0,0,0,15,15,56.328418667088734,0,0.6615240462401062,0.03578262025117873,1,0,0,0,24,24,90.94945042313589,0,0.6615240462401062,0.03578262025117873,1,0,0,0,24,24,125.57048217918305,0,0.6615240462401062,0.03578262025117873,1,0,0,0,18,18,86.72429862816632,0,0.6615240462401062,0.03578262025117873,1,0,0,0,22,22,123.62817858924393,0,0.6615240462401062,0.03578262025117873,1,0,0,0,54,54,216.959938513672,0,0.6615240462401062,0.03578262025117873,1,0,0,0,15,15,56.557174705618955,0,0.5862046539604118,0.026414910872237685,1,0,0,0,15,15,57.03241050801017,0,0.6615240462401062,0.03578262025117873,10,nuscenes_mf/v1.0-mini/mini_val/325cef682f064c55a255f2625c533b75/2197057ff31949819b309f2c7ec9a113,dev,60
18,ct_joint_full,0,45,45,0,0,0,0,1,45,-1.0,0,8.864034652709961,3.8580000400543213,55.639243834979915,0,0,0,0,0.5004210472106934,1.0016473531723022,0,0,0,0,0,1,0,0,1,0,0,0.0,0.0,0.0,0.8346398129574281,0.527040372340359,0.8346598624458643,0.9974061638659514,0.8007779775886507,-0.8001992290370387,0.03043913405752007,0.19671698057250375,1,1.666841534435676,0.07276147139057791,1,1,1,0.8346398129574281,0.527040372340359,0.8346598624458643,0.8346398129574281,0.527040372340359,0.8346598624458643,0.8346398129574281,0.8346398129574281,0.8346398129574281,0.0,0,0,1,0.8346398129574281,0.527040372340359,0.8346598624458643,0.0,0.0,0.0,0.0,0.0,0.0,0.0,0.0,0.0,0.0,0.0,0.8346398129574281,0.527040372340359,0.0,0.0,0.0,0.0,-0.4474472999572754,0.0028715613298118114,-2.2675778104638886,0.10191546853887352,0,1,0.0,2.9729440212249756,1.7175657749176025,0.0,0.0,0.0,0.0,0.0,0.0,0.0,0.0,0,2,45,45,34720,45,358,131,1024,45,45,63,63,45,63,18,9,9,0,1,1,1,1,0.8007779775886213,0.01484227299690244,0.8005248960763446,0.01484227299690244,b1,0,3.858,8.863,1.627,3.858,8.864034805929025,1.627,0,0,0,0,0,0,0,0,1,9,9,1,27,18,55.64314108221094,0,0.8007779775886213,0.01484227299690244,1,9,9,1,49,40,89.84298194404924,0,0.8007779775886213,0.01484227299690244,1,9,9,1,49,40,124.04282280588755,0,0.8007779775886213,0.01484227299690244,1,16,16,1,36,20,85.87373686561037,0,0.8007779775886213,0.01484227299690244,1,37,37,1,70,33,122.61233265128267,0,0.8007779775886213,0.01484227299690244,1,45,45,1,89,44,215.61352422262732,0,0.8007779775886213,0.01484227299690244,1,5,5,1,23,18,56.87395101621306,0,0.9974061573051831,0.01450623649838545,1,9,9,1,27,18,55.64617732453557,0,0.8007779775886213,0.01484227299690244,10,nuscenes_mf/v1.0-mini/mini_val/325cef682f064c55a255f2625c533b75/2197057ff31949819b309f2c7ec9a113,dev,60
19,ct_joint_full,0,29,12,0,0,15,15,1,29,-1.0,0,8.901288032531738,3.8580000400543213,55.87308203223328,0,0,0,0,0.49987292289733887,0.9994379878044128,0,0,0,0,0,1,0,0,1,0,0,15.0,15.0,13.0,0.5854065639550606,0.5802626506875957,0.5857611560502357,0.6248204397058198,0.6283450587923104,0.05762531266207004,-0.625697107958015,0.05449030508777109,1,0.695031839561204,0.2199417709345417,1,1,1,0.5854065639550606,0.5802626506875957,0.5857611560502357,0.5854065639550606,0.5802626506875957,0.5857611560502357,0.5854065639550606,0.5854065639550606,0.5854065639550606,0.0,0,0,1,0.5854065639550606,0.5802626506875957,0.5857611560502357,0.0,0.0,0.0,0.0,0.0,0.0,0.0,0.0,0.0,0.0,0.0,0.5854065639550606,0.5802626506875957,0.0,0.0,0.0,0.0,-0.12361351400613785,0.0028730598278343678,0.00712911589050299,-2.0294440646342147,1,0,0.0,1.3398135900497437,1.3398135900497437,0.0,0.0,0.0,0.0,0.0,0.0,0.0,0.0,0,2,29,29,34752,29,184,163,1024,12,12,47,47,12,47,35,29,29,0,1,1,1,1,0.6283450587923534,0.013214794337749525,0.6264381676428815,0.013214794337749525,b1,0,3.858,8.863,1.627,3.858,8.901288093085494,1.627,15,15,0,0,0,0,0,0,1,29,29,1,134,105,56.149068124445165,0,0.6283450587923534,0.013214794337749525,1,29,29,1,140,111,90.6598659882713,0,0.6283450587923534,0.013214794337749525,1,29,29,1,140,111,125.17066385209746,0,0.6283450587923534,0.013214794337749525,1,29,29,1,173,144,86.50167395175576,0,0.6283450587923534,0.013214794337749525,1,29,29,1,189,160,123.36227978133924,0,0.6283450587923534,0.013214794337749525,1,29,29,1,502,473,216.60749143823332,0,0.6283450587923534,0.013214794337749525,1,29,29,1,133,104,55.83225895197516,0,0.6248204442930607,0.02403765624332055,1,29,29,1,134,105,56.24685759534,0,0.6283450587923534,0.013214794337749525,10,nuscenes_mf/v1.0-mini/mini_val/325cef682f064c55a255f2625c533b75/2197057ff31949819b309f2c7ec9a113,dev,60
20,ct_joint_full,0,12,12,0,0,0,0,1,12,-1.0,0,8.885916709899902,3.8580000400543213,55.77659676322348,0,0,0,0,0.5006210803985596,1.0009479522705078,0,0,0,0,0,1,0,0,1,0,0,0.0,0.0,0.0,0.6456090958980151,0.5509480296501256,0.6471085706140207,0.5563664516302953,0.5928920172400982,0.5335682397077635,0.2585070589173802,0.04120276235994791,1,0.5318171885101477,0.2319251709160169,1,1,1,0.6456090958980151,0.5509480296501256,0.6471085706140207,0.6456090958980151,0.5509480296501256,0.6471085706140207,0.6456090958980151,0.6456090958980151,0.6456090958980151,0.0,0,0,1,0.6456090958980151,0.5509480296501256,0.6471085706140207,0.0,0.0,0.0,0.0,0.0,0.0,0.0,0.0,0.0,0.0,0.0,0.6456090958980151,0.5509480296501256,0.0,0.0,0.0,0.0,-0.0991932824254036,0.0018996414728462696,1.1854604495758951,0.8776437929429715,0,1,0.0,1.231123685836792,1.231123685836792,0.0,0.0,0.0,0.0,0.0,0.0,0.0,0.0,0,2,12,12,34752,12,112,104,1024,12,12,32,32,12,32,20,12,12,0,1,1,1,1,0.5928920172400627,0.03937858718633658,0.603341835826732,0.03937858718633658,b1,0,3.858,8.863,1.627,3.858,8.885917092637092,1.627,0,0,0,0,0,0,0,0,1,12,12,1,46,34,55.9417833935977,0,0.5928920172400627,0.03937858718633658,1,12,12,1,67,55,90.32517822678619,0,0.5928920172400627,0.03937858718633658,1,12,12,1,67,55,124.7085730599747,0,0.5928920172400627,0.03937858718633658,1,12,12,1,59,47,86.24437744965964,0,0.5928920172400627,0.03937858718633658,1,12,12,1,64,52,123.05497150647922,0,0.5928920172400627,0.03937858718633658,1,12,12,1,151,139,216.20015961784546,0,0.5928920172400627,0.03937858718633658,1,12,12,1,46,34,57.17373611251103,0,0.5563664484217701,0.04608111185677144,1,12,12,1,46,34,57.062658041056764,0,0.5928920172400627,0.03937858718633658,10,nuscenes_mf/v1.0-mini/mini_val/325cef682f064c55a255f2625c533b75/2197057ff31949819b309f2c7ec9a113,dev,60
21,ct_joint_full,0,37,31,0,0,0,0,1,37,-1.0,0,8.878874778747559,3.8580000400543213,55.73239480104652,0,0,0,0,0.5002570152282715,1.0000200271606445,0,0,0,0,0,1,0,0,1,0,0,0.0,0.0,0.0,2.7452350958727183,0.16590116987865422,2.7453470015903005,0.9409137345674347,0.903333379916655,-0.8696579594031517,-0.24434854073346587,0.03911123233102753,1,0.6628244601467166,0.5551040933090278,1,1,1,2.7452350958727183,0.16590116987865422,2.7453470015903005,2.7452350958727183,0.16590116987865422,2.7453470015903005,2.7452350958727183,2.7452350958727183,2.7452350958727183,0.0,0,0,1,2.7452350958727183,0.16590116987865422,2.7453470015903005,0.0,0.0,0.0,0.0,0.0,0.0,0.0,0.0,0.0,0.0,0.0,2.7452350958727183,0.16590116987865422,0.0,0.0,0.0,0.0,-0.09431832283735275,0.001690008444711566,-2.191703856157404,-0.8270991406505238,0,1,0.0,1.2124416828155518,1.2124416828155518,0.0,0.0,0.0,0.0,0.0,0.0,0.0,0.0,0,2,31,37,34752,37,353,109,1024,31,31,36,36,31,36,5,6,0,6,1,1,1,1,0.9033333799167358,0.005972764611244186,0.895630282685294,0.005972764611244186,b1,0,3.858,8.863,1.627,3.858,8.878874801333318,1.627,0,0,0,0,0,0,0,0,1,6,0,0,16,16,55.84679697311484,0,0.9033333799167358,0.005972764611244186,1,6,6,1,29,23,90.17181047840974,0,0.9033333799167358,0.005972764611244186,1,6,6,1,29,23,124.49682398370466,0,0.9033333799167358,0.005972764611244186,1,8,2,1,21,19,86.12647385243234,0,0.9033333799167358,0.005972764611244186,1,18,12,1,36,24,122.91415073099222,0,0.9033333799167358,0.005972764611244186,1,37,31,1,111,80,216.01350448811198,0,0.9033333799167358,0.005972764611244186,1,8,2,1,18,16,57.03298322055304,0,0.9409137380078019,0.0019585171082627806,1,8,2,1,18,16,56.891072107643836,0,0.9033333799167358,0.005972764611244186,10,nuscenes_mf/v1.0-mini/mini_val/325cef682f064c55a255f2625c533b75/2197057ff31949819b309f2c7ec9a113,dev,60
22,ct_joint_full,0,20,12,0,0,0,0,1,20,-1.0,0,10.125205039978027,3.8580000400543213,63.555567432971614,0,0,0,0,0.5004239082336426,0.9999697208404541,0,0,0,0,0,1,0,0,1,0,1,0.0,0.0,0.0,2.5299643957732476,0.18195532160167546,2.5301791616744445,4.820932809006504,3.745960438643464,-3.7352220286696145,-0.28343811335469077,1.0769833746301645,1,3.223441481542392,0.3172314166065129,1,1,1,2.5299643957732476,0.18195532160167546,2.5301791616744445,2.5299643957732476,0.18195532160167546,2.5301791616744445,2.5299643957732476,2.5299643957732476,2.5299643957732476,0.0,0,0,1,2.5299643957732476,0.18195532160167546,2.5301791616744445,0.0,0.0,0.0,0.0,0.0,0.0,0.0,0.0,0.0,0.0,0.0,2.5299643957732476,0.18195532160167546,0.0,0.0,0.0,0.0,-0.8305438160896301,-0.009351416490972042,-3.7111164463162614,-0.39453203936610365,0,1,0.0,6.715785980224609,3.1910970211029053,0.0,0.0,0.0,0.0,0.0,0.0,0.0,0.0,0,2,9,20,34784,20,383,55,1024,5,12,7,14,12,14,2,3,1,2,0,0,0,0,3.7459604386434973,0.025212351262569488,3.11735702282277,0.025212351262569488,b1,0,3.858,8.863,1.627,3.858,10.12520497963434,1.627,0,0,0,0,0,0,0,0,1,3,1,1,2,1,72.6559937980543,0,3.7459604386434973,0.025212351262569488,1,3,3,1,10,7,117.31241285033104,0,3.7459604386434973,0.025212351262569488,1,3,3,1,10,7,161.9688319026078,0,3.7459604386434973,0.025212351262569488,1,4,2,1,3,1,106.99121128322186,0,3.7459604386434973,0.025212351262569488,1,5,3,1,34,31,147.83442876763178,0,3.7459604386434973,0.025212351262569488,1,7,5,1,117,112,249.044863735694,0,3.7459604386434973,0.025212351262569488,1,0,0,0,1,1,73.65794484617506,0,4.820932878516976,0.0005243731212563052,1,3,1,1,2,1,75.5781697035565,0,3.7459604386434973,0.025212351262569488,10,nuscenes_mf/v1.0-mini/mini_val/325cef682f064c55a255f2625c533b75/2197057ff31949819b309f2c7ec9a113,dev,60
23,ct_joint_full,0,8,4,0,0,0,0,1,8,-1.0,0,8.882359504699707,3.8580000400543213,55.75426830724839,0,0,0,0,0.500432014465332,1.0001829862594604,0,0,0,0,0,1,0,0,1,0,1,0.0,0.0,0.0,2.5866170271231694,0.16623186983997956,2.5881410977114014,2.186527923074806,2.5853203662126627,2.572206657889781,0.26006739154501024,0.4026311925648029,1,2.2065820133345624,2.0155738662992513,0,1,1,2.5866170271231694,0.16623186983997956,2.5881410977114014,2.5866170271231694,0.16623186983997956,2.5881410977114014,2.5866170271231694,2.5866170271231694,2.5866170271231694,0.0,0,0,1,2.5866170271231694,0.16623186983997956,2.5881410977114014,0.0,0.0,0.0,0.0,0.0,0.0,0.0,0.0,0.0,0.0,0.0,2.5866170271231694,0.16623186983997956,0.0,0.0,0.0,0.0,-0.3110688328742981,0.014392614364624023,1.6768776653777007,0.36848523338424416,0,1,0.0,1.8210214376449585,1.8210214376449585,0.0,0.0,0.0,0.0,0.0,0.0,0.0,0.0,0,2,8,8,34784,8,155,55,1024,4,4,13,13,4,13,9,0,0,0,0,0,0,0,2.585320366212751,0.08296583521366119,2.5939243216022727,0.08296583521366119,b1,0,3.858,8.863,1.627,3.858,8.882359883312967,1.627,0,0,0,0,0,0,0,0,1,0,0,0,1,1,55.871212328626314,0,2.585320366212751,0.08296583521366119,1,0,0,0,9,9,90.21123219871008,0,2.585320366212751,0.08296583521366119,1,0,0,0,9,9,124.55125206879386,0,2.585320366212751,0.08296583521366119,1,0,0,0,29,29,86.15713251625561,0,2.585320366212751,0.08296583521366119,1,0,0,0,62,62,122.95105270312729,0,2.585320366212751,0.08296583521366119,1,3,3,1,126,123,216.06289308217404,0,2.585320366212751,0.08296583521366119,1,0,0,0,6,6,59.985275906473426,0,2.1865278995810704,0.09736442931181077,1,0,0,0,1,1,58.00988975088356,0,2.585320366212751,0.08296583521366119,10,nuscenes_mf/v1.0-mini/mini_val/325cef682f064c55a255f2625c533b75/2197057ff31949819b309f2c7ec9a113,dev,60
24,ct_joint_full,0,3,2,0,0,4,4,1,3,-1.0,0,8.864946365356445,3.8580000400543213,55.64496662423252,0,0,0,0,0.5010008811950684,1.0011448860168457,0,0,0,0,0,1,0,0,1,0,0,4.0,4.0,3.0,2.09230319435395,0.1710370749871388,2.1131742915954153,2.556741386205745,2.588506164228933,2.408823845264305,-0.9475929639452509,0.0340660079567919,1,2.673912520320407,4.592234363379461,0,0,1,2.09230319435395,0.1710370749871388,2.1131742915954153,2.09230319435395,0.1710370749871388,2.1131742915954153,2.09230319435395,2.09230319435395,2.09230319435395,0.0,0,0,1,2.09230319435395,0.1710370749871388,2.1131742915954153,0.0,0.0,0.0,0.0,0.0,0.0,0.0,0.0,0.0,0.0,0.0,2.09230319435395,0.1710370749871388,0.0,0.0,0.0,0.0,-0.08448474854230881,0.0008846493437886238,5.889640752910591,-3.2765124919676336,0,0,0.0,1.2079174518585205,1.2079174518585205,0.0,0.0,0.0,0.0,0.0,0.0,0.0,0.0,0,2,3,3,34720,3,41,81,1024,2,2,20,20,2,20,18,0,0,0,0,0,0,0,2.5885061642289386,0.28880707550048834,2.5875615850734044,0.28880707550048834,b1,0,3.858,8.863,1.627,3.858,8.86494636030452,1.627,4,4,0,0,0,0,0,0,1,0,0,0,34,34,55.65887854913856,0,2.5885061642289386,0.28880707550048834,1,0,0,0,40,40,89.86839210115977,0,2.5885061642289386,0.28880707550048834,1,0,0,0,40,40,124.077905653181,0,2.5885061642289386,0.28880707550048834,1,0,0,0,56,56,85.89321754141386,0,2.5885061642289386,0.28880707550048834,1,0,0,0,128,128,122.63555653596205,0,2.5885061642289386,0.28880707550048834,1,3,3,1,269,266,215.6442345235432,0,2.5885061642289386,0.28880707550048834,1,0,0,0,34,34,55.882972135322085,0,2.5567413865636093,0.294175772066526,1,0,0,0,34,34,55.70738716000031,0,2.5885061642289386,0.28880707550048834,10,nuscenes_mf/v1.0-mini/mini_val/325cef682f064c55a255f2625c533b75/2197057ff31949819b309f2c7ec9a113,dev,60
25,ct_joint_full,0,37,25,0,0,0,0,1,37,-1.0,0,8.967171669006348,3.8580000400543213,56.286631376089375,0,0,0,0,0.4998331069946289,0.998235821723938,0,0,0,0,0,1,0,0,1,0,0,0.0,0.0,0.0,2.5997639328149904,0.14246374345437995,2.6172833358345753,1.5968044674776913,2.084070173107898,1.874441266791808,0.9109438763224176,0.564075124445698,1,3.1437693596234793,0.15978283889112388,1,1,1,2.5997639328149904,0.14246374345437995,2.6172833358345753,2.5997639328149904,0.14246374345437995,2.6172833358345753,2.5997639328149904,2.5997639328149904,2.5997639328149904,0.0,0,0,1,2.5997639328149904,0.14246374345437995,2.6172833358345753,0.0,0.0,0.0,0.0,0.0,0.0,0.0,0.0,0.0,0.0,0.0,2.5997639328149904,0.14246374345437995,0.0,0.0,0.0,0.0,-0.8839249610900879,0.003912623506039381,2.0534000227225264,2.2444782729567603,0,0,0.0,6.837063789367676,3.1315231323242188,0.0,0.0,0.0,0.0,0.0,0.0,0.0,0.0,0,2,27,37,34688,37,439,86,1024,25,25,32,32,25,32,7,0,0,0,1,1,1,1,2.084070173108022,0.29626496511697775,2.1313731843932384,0.29626496511697775,b1,0,3.858,8.863,1.627,3.858,8.967171796848353,1.627,0,0,0,0,0,0,0,0,1,0,0,0,4,4,57.03762882536092,0,2.084070173108022,0.29626496511697775,1,0,0,0,4,4,92.0945611089263,0,2.084070173108022,0.29626496511697775,1,0,0,0,4,4,127.1514933924917,0,2.084070173108022,0.29626496511697775,1,5,0,0,14,14,87.60461708888087,0,2.084070173108022,0.29626496511697775,1,6,0,0,18,18,124.67960535391609,0,2.084070173108022,0.29626496511697775,1,17,6,1,39,33,218.35358188322888,0,2.084070173108022,0.29626496511697775,1,4,0,0,4,4,60.78334470053395,0,1.5968044636440226,0.3041063269854065,1,4,0,0,4,4,58.62171789293445,0,2.084070173108022,0.29626496511697775,10,nuscenes_mf/v1.0-mini/mini_val/325cef682f064c55a255f2625c533b75/2197057ff31949819b309f2c7ec9a113,dev,60
26,ct_joint_full,0,1,1,0,0,0,0,1,1,-1.0,0,8.883007049560547,3.8580000400543213,55.75833292430123,0,0,0,0,0.49988508224487305,0.9989370703697205,0,0,0,0,0,1,0,0,1,0,1,0.0,0.0,0.0,1.9919902958651121,0.18509035598694412,2.0152569529414106,3.233383683102486,2.550129662219863,-2.3964922143018748,-0.8717720321848119,0.7182646034586346,1,3.0660042419943503,0.22806375323003328,1,1,1,1.9919902958651121,0.18509035598694412,2.0152569529414106,1.9919902958651121,0.18509035598694412,2.0152569529414106,1.9919902958651121,1.9919902958651121,1.9919902958651121,0.0,0,0,1,1.9919902958651121,0.18509035598694412,2.0152569529414106,0.0,0.0,0.0,0.0,0.0,0.0,0.0,0.0,0.0,0.0,0.0,1.9919902958651121,0.18509035598694412,0.0,0.0,0.0,0.0,-0.8262349367141724,0.007551069371402264,-3.5830118844707513,-1.662024685914189,0,0,0.0,6.248446464538574,3.063749074935913,0.0,0.0,0.0,0.0,0.0,0.0,0.0,0.0,0,2,1,1,34720,1,33,32,1024,1,1,4,4,1,4,3,0,0,0,0,0,0,0,2.550129662219768,0.3023235909938813,2.5586774027542423,0.3023235909938813,b1,0,3.858,8.863,1.627,3.858,8.883006824354844,1.627,0,0,0,0,0,0,0,0,1,0,0,0,2,2,55.899753110991334,0,2.550129662219768,0.3023235909938813,1,0,0,0,2,2,90.25731494933878,0,2.550129662219768,0.3023235909938813,1,0,0,0,2,2,124.61487678768624,0,2.550129662219768,0.3023235909938813,1,0,0,0,13,13,86.19224995089742,0,2.550129662219768,0.3023235909938813,1,0,0,0,30,30,122.99274679156115,0,2.550129662219768,0.3023235909938813,1,1,1,1,57,56,216.1177404728886,0,2.550129662219768,0.3023235909938813,1,0,0,0,2,2,61.032965189653915,0,3.233383683714135,0.30803770813692155,1,0,0,0,2,2,58.011078842582236,0,2.550129662219768,0.3023235909938813,10,nuscenes_mf/v1.0-mini/mini_val/325cef682f064c55a255f2625c533b75/2197057ff31949819b309f2c7ec9a113,dev,60
27,ct_joint_full,0,0,0,0,0,0,0,0,0,-1.0,0,8.955631256103516,3.8580000400543213,56.2141925970667,0,0,0,0,0.49932098388671875,0.9989234805107117,0,0,0,0,0,1,0,0,1,0,1,0.0,0.0,0.0,3.1556265077481136,0.0989545453544839,3.1803616888512876,1.240609715341966,1.9126017727806426,1.7460578847653905,0.780594356222265,0.7845457277059446,1,3.2212403512726087,0.11564530863957742,1,1,1,3.1556265077481136,0.0989545453544839,3.1803616888512876,3.1556265077481136,0.0989545453544839,3.1803616888512876,3.1556265077481136,3.1556265077481136,3.1556265077481136,0.0,0,0,1,3.1556265077481136,0.0989545453544839,3.1803616888512876,0.0,0.0,0.0,0.0,0.0,0.0,0.0,0.0,0.0,0.0,0.0,3.1556265077481136,0.0989545453544839,0.0,0.0,0.0,0.0,-0.8657203912734985,0.006225524004548788,1.061014723795373,1.4501765927388846,0,0,0.0,6.980310440063477,3.388286590576172,0.0,0.0,0.0,0.0,0.0,0.0,0.0,0.0,0,2,0,0,34688,0,0,38,1024,0,0,0,0,0,0,0,0,0,0,1,1,1,1,1.912601772780734,0.3853444736003876,1.9556201642330886,0.3853444736003876,b1,0,3.858,8.863,1.627,3.858,8.955631097785531,1.627,0,0,0,0,0,0,0,0,1,0,0,0,2,2,56.88162584988587,0,1.912601772780734,0.3853444736003876,1,0,0,0,2,2,91.84267431324534,0,1.912601772780734,0.3853444736003876,1,0,0,0,2,2,126.80372277660481,0,1.912601772780734,0.3853444736003876,1,0,0,0,20,20,87.41098093728024,0,1.912601772780734,0.3853444736003876,1,0,0,0,39,39,124.4483360246746,0,1.912601772780734,0.3853444736003876,1,0,0,0,74,74,218.04704619946332,0,1.912601772780734,0.3853444736003876,1,0,0,0,6,6,62.4380929509103,0,1.240609741752416,0.3876040279201063,1,0,0,0,2,2,59.37328438289834,0,1.912601772780734,0.3853444736003876,10,nuscenes_mf/v1.0-mini/mini_val/325cef682f064c55a255f2625c533b75/2197057ff31949819b309f2c7ec9a113,dev,60
28,ct_joint_full,0,0,0,0,0,0,0,0,0,-1.0,0,9.495362281799316,3.8580000400543213,59.60206587606065,0,0,0,0,0.4998810291290283,1.000556468963623,0,0,0,0,0,1,0,0,1,0,1,0.0,0.0,0.0,2.4478391254937923,0.13040014637970904,2.4956954295485385,4.805442916232378,3.7795641870542505,-3.6991704997105215,-0.775399288531343,1.0433447805130796,1,3.3371987912763723,0.34597789718897437,1,1,1,2.4478391254937923,0.13040014637970904,2.4956954295485385,2.4478391254937923,0.13040014637970904,2.4956954295485385,2.4478391254937923,2.4478391254937923,2.4478391254937923,0.0,0,0,1,2.4478391254937923,0.13040014637970904,2.4956954295485385,0.0,0.0,0.0,0.0,0.0,0.0,0.0,0.0,0.0,0.0,0.0,2.4478391254937923,0.13040014637970904,0.0,0.0,0.0,0.0,-0.8087238073348999,0.0003627508122008294,-3.676047863791194,-1.0581258921448151,0,0,0.0,6.794143199920654,3.4838881492614746,0.0,0.0,0.0,0.0,0.0,0.0,0.0,0.0,0,2,0,0,34720,0,0,36,1024,0,0,0,0,0,0,0,0,0,0,0,0,0,0,3.779564187054267,0.4758810623288155,3.4706847992682524,0.4758810623288155,b1,0,3.858,8.863,1.627,3.858,9.495362672681487,1.627,0,0,0,0,0,0,0,0,1,0,0,0,0,0,64.16143505638885,0,3.779564187054267,0.4758810623288155,1,0,0,0,0,0,103.59685918447049,0,3.779564187054267,0.4758810623288155,1,0,0,0,0,0,143.03228331255212,0,3.779564187054267,0.4758810623288155,1,0,0,0,1,1,96.44717610194675,0,3.779564187054267,0.4758810623288155,1,0,0,0,2,2,135.24091714750466,0,3.779564187054267,0.4758810623288155,1,0,0,0,8,8,232.35239924089333,0,3.779564187054267,0.4758810623288155,1,0,0,0,0,0,68.94283180620717,0,4.805442820155284,0.48831240333439646,1,0,0,0,0,0,67.82162380517222,0,3.779564187054267,0.4758810623288155,10,nuscenes_mf/v1.0-mini/mini_val/325cef682f064c55a255f2625c533b75/2197057ff31949819b309f2c7ec9a113,dev,60
29,ct_joint_full,0,0,0,0,0,0,0,0,0,-1.0,0,9.097479820251465,3.8580000400543213,57.10457120652494,0,0,0,0,0.49987077713012695,1.000540018081665,0,0,0,0,0,1,0,0,1,0,1,0.0,0.0,0.0,4.562431750397728,0.015888197098497793,4.598651707400828,1.345009886886703,2.232960627146369,2.0892684699014645,0.7880804297952685,1.0036779304319132,1,3.0665618189716657,0.17873120477682766,1,1,1,4.562431750397728,0.015888197098497793,4.598651707400828,4.562431750397728,0.015888197098497793,4.598651707400828,4.562431750397728,4.562431750397728,4.562431750397728,0.0,0,0,1,4.562431750397728,0.015888197098497793,4.598651707400828,0.0,0.0,0.0,0.0,0.0,0.0,0.0,0.0,0.0,0.0,0.0,4.562431750397728,0.015888197098497793,0.0,0.0,0.0,0.0,-0.7394933700561523,0.007784737274050713,0.7998724873622738,1.0364625584938787,1,0,0.0,6.025374889373779,3.2583353519439697,0.0,0.0,0.0,0.0,0.0,0.0,0.0,0.0,0,2,0,0,34720,0,0,39,1024,0,0,0,0,0,0,0,0,0,0,0,0,0,0,2.2329606271463804,0.5663941742777825,2.3439905140033273,0.5663941742777825,b1,0,3.858,8.863,1.627,3.858,9.09747995497598,1.627,0,0,0,0,0,0,0,0,1,0,0,0,1,1,58.79463773493703,0,2.2329606271463804,0.5663941742777825,1,0,0,0,1,1,94.9314771540747,0,2.2329606271463804,0.5663941742777825,1,0,0,0,1,1,131.06831657321237,0,2.2329606271463804,0.5663941742777825,1,0,0,0,3,3,89.78554508779106,0,2.2329606271463804,0.5663941742777825,1,0,0,0,9,9,127.28445243912984,0,2.2329606271463804,0.5663941742777825,1,0,0,0,25,25,221.80626714180738,0,2.2329606271463804,0.5663941742777825,1,0,0,0,2,2,65.30258550697604,0,1.3450098653239781,0.5768982423407777,1,0,0,0,1,1,62.224693714466326,0,2.2329606271463804,0.5663941742777825,10,nuscenes_mf/v1.0-mini/mini_val/325cef682f064c55a255f2625c533b75/2197057ff31949819b309f2c7ec9a113,dev,60
30,ct_joint_full,0,0,0,0,0,0,0,0,0,-1.0,0,10.298891067504883,3.8580000400543213,64.64578871649753,0,0,0,0,0.4993250370025635,0.9988979697227478,0,0,0,0,0,1,0,0,1,0,1,0.0,0.0,0.0,0.8629495927044532,0.1940189706737221,1.1239449550394887,7.213166108084253,5.987624149008152,-5.93142457001521,-0.818442603585627,1.2346956670941218,1,3.488916610712706,1.072628448476193,1,1,1,0.8629495927044532,0.1940189706737221,1.1239449550394887,0.8629495927044532,0.1940189706737221,1.1239449550394887,0.8629495927044532,0.8629495927044532,0.8629495927044532,0.0,0,0,1,0.8629495927044532,0.1940189706737221,1.1239449550394887,0.0,0.0,0.0,0.0,0.0,0.0,0.0,0.0,0.0,0.0,0.0,0.8629495927044532,0.1940189706737221,0.0,0.0,0.0,0.0,-0.6733304858207703,-0.004088922869414091,-3.9079990423475186,-0.8189987586967503,0,1,0.0,5.904982089996338,3.2439959049224854,0.0,0.0,0.0,0.0,0.0,0.0,0.0,0.0,0,2,0,0,34720,0,0,15,1024,0,0,0,0,0,0,0,0,0,0,0,0,0,0,5.9876241490082025,0.6560330276489259,5.277651494955851,0.6560330276489259,b1,0,3.858,8.863,1.627,3.858,10.298891085992421,1.627,0,0,0,0,0,0,0,0,1,0,0,0,0,0,74.99859408669082,0,5.9876241490082025,0.6560330276489259,1,0,0,0,0,0,121.0948412204897,0,5.9876241490082025,0.6560330276489259,1,0,0,0,1,1,167.19108835428858,0,5.9876241490082025,0.6560330276489259,1,0,0,0,0,0,109.89900712439979,0,5.9876241490082025,0.6560330276489259,1,0,0,0,0,0,151.30742016286638,0,5.9876241490082025,0.6560330276489259,1,0,0,0,1,1,253.6482462428301,0,5.9876241490082025,0.6560330276489259,1,0,0,0,0,0,77.1895583249601,0,7.213166029603689,0.6655121443364653,1,0,0,0,0,0,79.35185056697271,0,5.9876241490082025,0.6560330276489259,10,nuscenes_mf/v1.0-mini/mini_val/325cef682f064c55a255f2625c533b75/2197057ff31949819b309f2c7ec9a113,dev,60
31,ct_joint_full,0,1,0,0,0,0,0,0,1,-1.0,0,11.50265884399414,3.8580000400543213,72.20179808028098,0,0,0,0,0.49987196922302246,1.0005486011505127,0,0,0,0,0,1,0,0,1,0,1,0.0,0.0,0.0,0.8480150720344823,0.1747313653411956,1.1719746163253832,3.913373113447073,2.1482110996059935,-2.0519844611411657,0.6357443111835757,1.8088453711486574,1,2.5649462865632735,0.2885494086825773,1,1,1,0.8480150720344823,0.1747313653411956,1.1719746163253832,0.8480150720344823,0.1747313653411956,1.1719746163253832,0.8480150720344823,0.8480150720344823,0.8480150720344823,0.0,0,0,1,0.8480150720344823,0.1747313653411956,1.1719746163253832,0.0,0.0,0.0,0.0,0.0,0.0,0.0,0.0,0.0,0.0,0.0,0.8480150720344823,0.1747313653411956,0.0,0.0,0.0,0.0,-0.5264506340026855,0.0018838761607185006,-1.1236661295117445,0.3540077088445096,0,1,0.0,4.277163505554199,2.6310462951660156,0.0,0.0,0.0,0.0,0.0,0.0,0.0,0.0,0,2,1,1,34720,1,26,34,1024,0,0,3,3,0,3,3,1,0,1,0,0,1,1,2.1482110996059998,0.8001182280778886,0.9707670002523143,0.8001182280778886,b1,0,3.858,8.863,1.627,3.858,11.502658888849513,1.627,0,0,0,0,0,0,0,0,1,1,0,0,40,40,91.23385684563686,0,2.1482110996059998,0.8001182280778886,1,1,1,1,45,44,147.3087534932317,0,2.1482110996059998,0.8001182280778886,1,1,1,1,45,44,203.38365014082657,0,2.1482110996059998,0.8001182280778886,1,1,0,0,42,42,130.0513363065147,0,2.1482110996059998,0.8001182280778886,1,1,0,0,42,42,175.37681576511966,0,2.1482110996059998,0.8001182280778886,1,1,0,0,44,44,285.5517746838448,0,2.1482110996059998,0.8001182280778886,1,1,0,0,30,30,92.44878770514988,0,3.9133729846118506,0.8687239231092426,1,1,0,0,40,40,98.39247573388644,0,2.1482110996059998,0.8001182280778886,10,nuscenes_mf/v1.0-mini/mini_val/325cef682f064c55a255f2625c533b75/2197057ff31949819b309f2c7ec9a113,dev,60
32,ct_joint_full,0,1,0,0,0,0,0,0,1,-1.0,0,9.121838569641113,3.8580000400543213,57.25747024741389,0,0,0,0,0.49993014335632324,1.0006637573242188,0,0,0,0,0,1,0,0,1,0,1,0.0,0.0,0.0,0.9647378731675613,0.16198680984058417,1.2680304698331955,1.297831733616856,0.7700486716326235,-0.3753542828942431,-0.6723720046133675,0.7470256477099599,1,1.273732410220218,0.18168255954566076,1,1,1,0.9647378731675613,0.16198680984058417,1.2680304698331955,0.9647378731675613,0.16198680984058417,1.2680304698331955,0.9647378731675613,0.9647378731675613,0.9647378731675613,0.0,0,0,1,0.9647378731675613,0.16198680984058417,1.2680304698331955,0.0,0.0,0.0,0.0,0.0,0.0,0.0,0.0,0.0,0.0,0.0,0.9647378731675613,0.16198680984058417,0.0,0.0,0.0,0.0,-0.3185971975326538,0.01608823426067829,-0.4787400481093241,-0.5177801643720649,1,1,0.0,1.8065980672836304,1.8065980672836304,0.0,0.0,0.0,0.0,0.0,0.0,0.0,0.0,0,2,1,1,34720,1,52,23,1024,0,0,0,0,0,0,0,0,0,0,1,1,1,1,0.7700486716326918,0.8089468084573747,0.8324412704134911,0.8089468084573747,b1,0,3.858,8.863,1.627,3.858,9.121838135721452,1.627,0,0,0,0,0,0,0,0,1,0,0,0,7,7,59.117977031429305,0,0.7700486716326918,0.8089468084573747,1,0,0,0,7,7,95.4535498841824,0,0.7700486716326918,0.8089468084573747,1,0,0,0,7,7,131.7891227369355,0,0.7700486716326918,0.8089468084573747,1,0,0,0,26,26,90.18697702259618,0,0.7700486716326918,0.8089468084573747,1,1,0,0,30,30,127.76397701755121,0,0.7700486716326918,0.8089468084573747,1,1,0,0,37,37,222.44197700291548,0,0.7700486716326918,0.8089468084573747,1,0,0,0,5,5,59.50041634791974,0,1.2978317522023315,0.810752430287948,1,0,0,0,7,7,60.905135074318565,0,0.7700486716326918,0.8089468084573747,10,nuscenes_mf/v1.0-mini/mini_val/325cef682f064c55a255f2625c533b75/2197057ff31949819b309f2c7ec9a113,dev,60
33,ct_joint_full,0,1,0,0,0,0,0,0,1,-1.0,0,8.90071964263916,3.8580000400543213,55.86951426822224,0,0,0,0,0.4998440742492676,0.9998860359191895,0,0,0,0,0,1,0,0,1,0,1,0.0,0.0,0.0,3.3676333424350533,0.05734679185722581,3.4816974857757272,0.8477115531414188,0.810356220689117,-0.6483135671205155,-0.4861756633004665,0.04665201040490543,1,0.6922660963553346,0.40173570251825597,1,1,1,3.3676333424350533,0.05734679185722581,3.4816974857757272,3.3676333424350533,0.05734679185722581,3.4816974857757272,3.3676333424350533,3.3676333424350533,3.3676333424350533,0.0,0,0,1,3.3676333424350533,0.05734679185722581,3.4816974857757272,0.0,0.0,0.0,0.0,0.0,0.0,0.0,0.0,0.0,0.0,0.0,3.3676333424350533,0.05734679185722581,0.0,0.0,0.0,0.0,-0.11233647912740707,0.002513810293748975,-1.6736513339766592,-1.6449030979532377,0,0,0.0,1.2785148620605469,1.2785148620605469,0.0,0.0,0.0,0.0,0.0,0.0,0.0,0.0,0,2,1,1,34720,1,38,33,1024,0,0,0,0,0,0,0,0,0,0,1,0,1,0,0.8103562206892252,0.8729107536673546,0.7951245785398144,0.8729107536673546,b1,0,3.858,8.863,1.627,3.858,8.900719170632337,1.627,0,0,0,0,0,0,0,0,1,0,0,0,16,16,56.141416128729944,0,0.8103562206892252,0.8729107536673546,1,0,0,0,16,16,90.64751086058607,0,0.8103562206892252,0.8729107536673546,1,0,0,0,16,16,125.1536055924422,0,0.8103562206892252,0.8729107536673546,1,0,0,0,31,31,86.49217544055033,0,0.8103562206892252,0.8729107536673546,1,1,0,0,34,34,123.35093475085546,0,0.8103562206892252,0.8729107536673546,1,1,0,0,40,40,216.5924533714657,0,0.8103562206892252,0.8729107536673546,1,0,0,0,16,16,56.323932736151,0,0.8477115560575088,0.8881555118861442,1,0,0,0,16,16,56.30378261944542,0,0.8103562206892252,0.8729107536673546,10,nuscenes_mf/v1.0-mini/mini_val/325cef682f064c55a255f2625c533b75/2197057ff31949819b309f2c7ec9a113,dev,60
1,ct_joint_full,0,0,0,0,0,0,0,0,0,-1.0,0,0.0,0.0,0.0,0,0,0,0,0.4998750686645508,1.0,0,0,0,0,0,0,0,0,0,0,1,0.0,0.0,0.0,0.0535540362415942,0.7408256308049559,0.23025399572029312,0.00670820393254411,0.00670820393254411,0.0,0.0,0.0,0,0.0,0.0,0,0,0,0.0535540362415942,0.7408256308049559,0.23025399572029312,0.0535540362415942,0.7408256308049559,0.23025399572029312,0.0535540362415942,0.0535540362415942,0.0535540362415942,0.0,0,0,1,0.0535540362415942,0.7408256308049559,0.23025399572029312,0.0,0.0,0.0,0.0,0.0,0.0,0.0,0.0,0.0,0.0,0.0,0.0535540362415942,0.7408256308049559,0.0,0.0,0.0,0.0,-0.0,0.0,0.00524186992968407,0.0233244508611098,1,1,0.0,1.6243269443511963,1.6243269443511963,0.0,0.0,0.0,0.0,0.0,0.0,0.0,0.0,0,2,0,0,34720,0,0,3,1024,0,0,0,0,0,0,0,0,0,0,0,0,0,0,0.0,0.0,0.0,0.0,base_only,0,0.0,0.0,0.0,0.0,0.0,0.0,0,0,0,0,0,0,0,0,0,0,0,0,0,0,0.0,0,0.0,0.0,0,0,0,0,0,0,0.0,0,0.0,0.0,0,0,0,0,0,0,0.0,0,0.0,0.0,0,0,0,0,0,0,0.0,0,0.0,0.0,0,0,0,0,0,0,0.0,0,0.0,0.0,0,0,0,0,0,0,0.0,0,0.0,0.0,0,0,0,0,0,0,0.0,0,0.0,0.0,0,0,0,0,0,0,0.0,0,0.0,0.0,11,nuscenes_mf/v1.0-mini/mini_val/325cef682f064c55a255f2625c533b75/77268b95b44a4b89ad17df89479de81c,dev,60
2,ct_joint_full,0,2,2,0,0,0,0,1,2,-1.0,0,8.215808868408203,3.619999885559082,49.16224841603133,0,0,0,0,0.4993269443511963,0.9989034533500671,0,0,0,0,0,1,0,0,1,0,1,0.0,0.0,0.0,0.48692171439486026,0.46414392197078846,0.6556365124262913,0.10705098096410573,0.06902745227001376,-0.06758834660391157,-0.014021590613153194,0.0386325915462435,1,0.10942044612480567,0.004280085498360108,1,1,1,0.48692171439486026,0.46414392197078846,0.6556365124262913,0.48692171439486026,0.46414392197078846,0.6556365124262913,0.48692171439486026,0.48692171439486026,0.48692171439486026,0.0,0,0,1,0.48692171439486026,0.46414392197078846,0.6556365124262913,0.0,0.0,0.0,0.0,0.0,0.0,0.0,0.0,0.0,0.0,0.0,0.48692171439486026,0.46414392197078846,0.0,0.0,0.0,0.0,-0.10305097699165344,0.00243787607178092,-0.2833674858199803,-0.048568447126129184,1,1,0.0,1.0551048517227173,1.0551048517227173,0.0,0.0,0.0,0.0,0.0,0.0,0.0,0.0,0,2,2,2,34688,2,152,13,1024,2,2,4,4,2,4,2,2,2,0,1,1,1,1,0.06902745227000306,0.4359394287467002,0.062216135184732395,0.4359394287467002,b1,0,3.62,8.202,1.653,3.62,8.21580882402332,1.653,0,0,0,0,0,0,0,0,1,2,2,1,2,0,49.25574885474052,0,0.06902745227000306,0.4359394287467002,1,2,2,1,2,0,79.05354005543049,0,0.06902745227000306,0.4359394287467002,1,2,2,1,2,0,108.85133125612046,0,0.06902745227000306,0.4359394287467002,1,2,2,1,2,0,78.13299992846929,0,0.06902745227000306,0.4359394287467002,1,2,2,1,2,0,113.62225100219807,0,0.06902745227000306,0.4359394287467002,1,2,2,1,7,5,204.4367531511951,0,0.06902745227000306,0.4359394287467002,1,2,2,1,2,0,50.010381348186016,0,0.10705097945830026,0.4478657656398677,1,2,2,1,2,0,49.86723704783379,0,0.06902745227000306,0.4359394287467002,11,nuscenes_mf/v1.0-mini/mini_val/325cef682f064c55a255f2625c533b75/77268b95b44a4b89ad17df89479de81c,dev,60
3,ct_joint_full,0,1,0,0,0,0,0,0,1,-1.0,0,8.242929458618164,3.619999885559082,49.3245342255538,0,0,0,0,0.5004410743713379,1.0016814470291138,0,0,0,0,0,1,0,0,1,0,1,0.0,0.0,0.0,0.543332050623055,0.21190233394604763,1.1099145907455765,1.017608512308248,0.5303332947494473,-0.530328802869498,-0.0021856820206926854,0.48728197890053987,1,2.9163635727107904,0.0070201866508286664,1,1,1,0.543332050623055,0.21190233394604763,1.1099145907455765,0.543332050623055,0.21190233394604763,1.1099145907455765,0.543332050623055,0.543332050623055,0.543332050623055,0.0,0,0,1,0.543332050623055,0.21190233394604763,1.1099145907455765,0.0,0.0,0.0,0.0,0.0,0.0,0.0,0.0,0.0,0.0,0.0,0.543332050623055,0.21190233394604763,0.0,0.0,0.0,0.0,-0.8605026006698608,0.004175268113613129,-1.7970273363166165,-0.0017216562398959005,0,1,0.0,6.329776287078857,2.908357620239258,0.0,0.0,0.0,0.0,0.0,0.0,0.0,0.0,0,2,1,1,34752,1,78,12,1024,0,0,3,3,0,3,3,1,0,1,1,0,1,0,0.530333294749368,0.9600517970323561,0.5098807522255927,0.9600517970323561,b1,0,3.62,8.202,1.653,3.62,8.242929254047116,1.653,0,0,0,0,0,0,0,0,1,1,0,0,0,0,49.60179373408528,0,0.530333294749368,0.9600517970323561,1,1,1,1,1,0,79.60892847944841,0,0.530333294749368,0.9600517970323561,1,1,1,1,1,0,109.61606322481155,0,0.530333294749368,0.9600517970323561,1,1,0,0,0,0,78.56868346761725,0,0.530333294749368,0.9600517970323561,1,1,0,0,0,0,114.14757320499791,0,0.530333294749368,0.9600517970323561,1,1,0,0,3,3,205.1413526751408,0,0.530333294749368,0.9600517970323561,1,1,0,0,0,0,52.53631813813923,0,1.0176085229644791,0.9609589877187079,1,1,0,0,0,0,50.29365096787366,0,0.530333294749368,0.9600517970323561,11,nuscenes_mf/v1.0-mini/mini_val/325cef682f064c55a255f2625c533b75/77268b95b44a4b89ad17df89479de81c,dev,60
4,ct_joint_full,0,0,0,0,0,0,0,0,0,-1.0,0,8.268980979919434,3.619999885559082,49.480422876609616,0,0,0,0,0.49985289573669434,0.9999377727508545,0,0,0,0,0,1,0,0,1,0,1,0.0,0.0,0.0,0.9805859390480117,0.10592469391180068,1.563745194611515,0.505189392630757,0.6122774983031884,0.6102948970268862,0.04923315245226832,0.10779380780519301,1,0.9462922480509608,0.15743988092858174,1,1,1,0.9805859390480117,0.10592469391180068,1.563745194611515,0.9805859390480117,0.10592469391180068,1.563745194611515,0.9805859390480117,0.9805859390480117,0.9805859390480117,0.0,0,0,1,0.9805859390480117,0.10592469391180068,1.563745194611515,0.0,0.0,0.0,0.0,0.0,0.0,0.0,0.0,0.0,0.0,0.0,0.9805859390480117,0.10592469391180068,0.0,0.0,0.0,0.0,-0.19105373322963715,0.006841024849563837,0.8909303784014698,0.14007567878955654,1,1,0.0,1.5430887937545776,1.5430887937545776,0.0,0.0,0.0,0.0,0.0,0.0,0.0,0.0,0,2,0,0,34720,0,0,17,1024,0,0,6,6,0,6,6,0,0,0,1,0,1,0,0.6122774983031425,1.2138329822421072,0.5790345698778794,1.2138329822421072,b1,0,3.62,8.202,1.653,3.62,8.268980540028899,1.653,0,0,0,0,0,0,0,0,1,0,0,0,0,0,49.93415633690356,0,0.6122774983031425,1.2138329822421072,1,0,0,0,0,0,80.14235738766192,0,0.6122774983031425,1.2138329822421072,1,0,0,0,0,0,110.35055843842028,0,0.6122774983031425,1.2138329822421072,1,0,0,0,0,0,78.9871411192403,0,0.6122774983031425,1.2138329822421072,1,0,0,0,1,1,114.652125904656,0,0.6122774983031425,1.2138329822421072,1,0,0,0,9,9,205.81809547317818,0,0.6122774983031425,1.2138329822421072,1,0,0,0,0,0,49.61221567367422,0,0.5051893963998045,1.2227690479142432,1,0,0,0,0,0,50.22037310279432,0,0.6122774983031425,1.2138329822421072,11,nuscenes_mf/v1.0-mini/mini_val/325cef682f064c55a255f2625c533b75/77268b95b44a4b89ad17df89479de81c,dev,60
5,ct_joint_full,0,0,0,0,0,0,0,0,0,-1.0,0,8.24555492401123,3.619999885559082,49.3402446423769,0,0,0,0,0.49991798400878906,0.9995421171188354,0,0,0,0,0,1,0,0,1,0,1,0.0,0.0,0.0,1.025922258418577,0.17399650114179982,1.41008190653955,1.5132594788777254,1.0266657096514928,-1.0261329759585516,-0.03307025212052876,0.48680098400981625,1,2.9292018847273837,0.02634152503948492,1,1,1,1.025922258418577,0.17399650114179982,1.41008190653955,1.025922258418577,0.17399650114179982,1.41008190653955,1.025922258418577,1.025922258418577,1.025922258418577,0.0,0,0,1,1.025922258418577,0.17399650114179982,1.41008190653955,0.0,0.0,0.0,0.0,0.0,0.0,0.0,0.0,0.0,0.0,0.0,1.025922258418577,0.17399650114179982,0.0,0.0,0.0,0.0,-0.860626220703125,0.0042193494737148285,-2.6747586948386046,-0.08508382948939609,0,1,0.0,6.337932109832764,2.9138593673706055,0.0,0.0,0.0,0.0,0.0,0.0,0.0,0.0,0,2,0,0,34688,0,0,17,1024,0,0,6,6,0,6,6,0,0,0,1,0,1,0,1.0266657096516,0.9630928740501403,1.0048883221322675,0.9630928740501403,b1,0,3.62,8.202,1.653,3.62,8.245555073829053,1.653,0,0,0,0,0,0,0,0,1,0,0,0,0,0,49.63531493271002,0,1.0266657096516,0.9630928740501403,1,0,0,0,0,0,79.66272868510568,0,1.0266657096516,0.9630928740501403,1,0,0,0,0,0,109.69014243750134,0,1.0266657096516,0.9630928740501403,1,0,0,0,0,0,78.61088766617885,0,1.0266657096516,0.9630928740501403,1,0,0,0,1,1,114.19846039810822,0,1.0266657096516,0.9630928740501403,1,0,0,0,6,6,205.2096058611972,0,1.0266657096516,0.9630928740501403,1,0,0,0,0,0,52.605590991837225,0,1.5132594854632133,0.9664755712989734,1,0,0,0,0,0,50.39815988928273,0,1.0266657096516,0.9630928740501403,11,nuscenes_mf/v1.0-mini/mini_val/325cef682f064c55a255f2625c533b75/77268b95b44a4b89ad17df89479de81c,dev,60
6,ct_joint_full,0,0,0,0,0,0,0,0,0,-1.0,0,8.252525329589844,3.619999885559082,49.38195457211175,0,0,0,0,0.49929308891296387,0.9988150000572205,0,0,0,0,0,1,0,0,1,0,1,0.0,0.0,0.0,1.0076965437909404,0.1596250727598673,1.433617388101535,0.9734804664474277,1.0788083006486235,1.0780331950735662,0.04088736385680387,0.10554574043360213,1,1.0888478783516102,0.5040304715927468,1,1,1,1.0076965437909404,0.1596250727598673,1.433617388101535,1.0076965437909404,0.1596250727598673,1.433617388101535,1.0076965437909404,1.0076965437909404,1.0076965437909404,0.0,0,0,1,1.0076965437909404,0.1596250727598673,1.433617388101535,0.0,0.0,0.0,0.0,0.0,0.0,0.0,0.0,0.0,0.0,0.0,1.0076965437909404,0.1596250727598673,0.0,0.0,0.0,0.0,-0.18489445745944977,0.006549503188580275,1.704103686524498,0.11621780205776688,0,1,0.0,1.5195531845092773,1.5195531845092773,0.0,0.0,0.0,0.0,0.0,0.0,0.0,0.0,0,2,0,0,34688,0,0,18,1024,0,0,5,5,0,5,5,0,0,0,1,0,1,0,1.0788083006485754,1.0083750579953192,1.0536415852365877,1.0083750579953192,b1,0,3.62,8.202,1.653,3.62,8.252525772206543,1.653,0,0,0,0,0,0,0,0,1,0,0,0,0,0,49.72407047660043,0,1.0788083006485754,1.0083750579953192,1,0,0,0,0,0,79.80517784296487,0,1.0788083006485754,1.0083750579953192,1,0,0,0,0,0,109.88628520932932,0,1.0788083006485754,1.0083750579953192,1,0,0,0,0,0,78.72263708546105,0,1.0788083006485754,1.0083750579953192,1,0,0,0,0,0,114.33320369586114,0,1.0788083006485754,1.0083750579953192,1,0,0,0,3,3,205.39033691743106,0,1.0788083006485754,1.0083750579953192,1,0,0,0,0,0,49.74159730230107,0,0.9734804595048285,1.0126573103655332,1,0,0,0,0,0,50.05809039690279,0,1.0788083006485754,1.0083750579953192,11,nuscenes_mf/v1.0-mini/mini_val/325cef682f064c55a255f2625c533b75/77268b95b44a4b89ad17df89479de81c,dev,60
7,ct_joint_full,0,0,0,0,0,0,0,0,0,-1.0,0,8.204130172729492,3.619999885559082,49.092364738437546,0,0,0,0,0.49930906295776367,0.9994065761566162,0,0,0,0,0,1,0,0,1,0,1,0.0,0.0,0.0,1.0487593978060452,0.13758708226997954,1.50905808871337,0.9736119882509747,1.0081981562175606,1.006677539754542,-0.05535174927095433,0.03462266676500818,1,0.7051823884872233,0.7196075619514057,1,1,1,1.0487593978060452,0.13758708226997954,1.50905808871337,1.0487593978060452,0.13758708226997954,1.50905808871337,1.0487593978060452,1.0487593978060452,1.0487593978060452,0.0,0,0,1,1.0487593978060452,0.13758708226997954,1.50905808871337,0.0,0.0,0.0,0.0,0.0,0.0,0.0,0.0,0.0,0.0,0.0,1.0487593978060452,0.13758708226997954,0.0,0.0,0.0,0.0,-0.08514782786369324,0.0011672332184389234,2.3907018959329993,-0.18918746685782029,0,1,0.0,1.1884968280792236,1.1884968280792236,0.0,0.0,0.0,0.0,0.0,0.0,0.0,0.0,0,2,0,0,34688,0,0,22,1024,0,0,8,8,0,8,8,0,0,0,1,0,1,0,1.0081981562175992,1.0607090227603913,1.009238801162393,1.0607090227603913,b1,0,3.62,8.202,1.653,3.62,8.204130257532025,1.653,0,0,0,0,0,0,0,0,1,0,0,0,0,0,49.10662332450086,0,1.0081981562175992,1.0607090227603913,1,0,0,0,0,0,78.81419944337614,0,1.0081981562175992,1.0607090227603913,1,0,0,0,0,0,108.52177556225143,0,1.0081981562175992,1.0607090227603913,1,0,0,0,0,0,77.9452469740631,0,1.0081981562175992,1.0607090227603913,1,0,0,0,0,0,113.3958706228556,0,1.0081981562175992,1.0607090227603913,1,0,0,0,10,10,204.13311791967087,0,1.0081981562175992,1.0607090227603913,1,0,0,0,0,0,49.85855135021782,0,0.9736119892721957,1.073806642978276,1,0,0,0,0,0,49.66757112639197,0,1.0081981562175992,1.0607090227603913,11,nuscenes_mf/v1.0-mini/mini_val/325cef682f064c55a255f2625c533b75/77268b95b44a4b89ad17df89479de81c,dev,60
8,ct_joint_full,0,0,0,0,0,0,0,0,0,-1.0,0,8.217106819152832,3.619999885559082,49.170015171315114,0,0,0,0,0.49988698959350586,1.001173496246338,0,0,0,0,0,1,0,0,1,0,1,0.0,0.0,0.0,1.0275653885463585,0.12429325902269645,1.5325192026775114,1.1047988348916362,1.066442868821717,-1.0647601928725954,0.05988459125681639,0.03839184942024531,1,0.7828734761064582,0.7602707039486034,1,1,1,1.0275653885463585,0.12429325902269645,1.5325192026775114,1.0275653885463585,0.12429325902269645,1.5325192026775114,1.0275653885463585,1.0275653885463585,1.0275653885463585,0.0,0,0,1,1.0275653885463585,0.12429325902269645,1.5325192026775114,0.0,0.0,0.0,0.0,0.0,0.0,0.0,0.0,0.0,0.0,0.0,1.0275653885463585,0.12429325902269645,0.0,0.0,0.0,0.0,-0.09485334903001785,0.0016122786328196526,-2.7257123764051885,0.2082127650549456,0,1,0.0,1.2230761051177979,1.2230761051177979,0.0,0.0,0.0,0.0,0.0,0.0,0.0,0.0,0,2,0,0,34720,0,0,24,1024,0,0,8,8,0,8,8,0,0,0,1,0,1,0,1.0664428688216525,1.1260622289180755,1.0589181080466366,1.1260622289180755,b1,0,3.62,8.202,1.653,3.62,8.21710722733707,1.653,0,0,0,0,0,0,0,0,1,0,0,0,0,0,49.272381426592354,0,1.0664428688216525,1.1260622289180755,1,0,0,0,0,0,79.0802346792193,0,1.0664428688216525,1.1260622289180755,1,0,0,0,0,0,108.88808793184626,0,1.0664428688216525,1.1260622289180755,1,0,0,0,0,0,78.15393996862834,0,1.0664428688216525,1.1260622289180755,1,0,0,0,1,1,113.64749851066432,0,1.0664428688216525,1.1260622289180755,1,0,0,0,11,11,204.47061559550602,0,1.0664428688216525,1.1260622289180755,1,0,0,0,0,0,49.601830541920314,0,1.1047988388524363,1.1537059333690645,1,0,0,0,0,0,49.47674314387793,0,1.0664428688216525,1.1260622289180755,11,nuscenes_mf/v1.0-mini/mini_val/325cef682f064c55a255f2625c533b75/77268b95b44a4b89ad17df89479de81c,dev,60
9,ct_joint_full,0,0,0,0,0,0,0,0,0,-1.0,0,8.206501960754395,3.619999885559082,49.106557185455,0,0,0,0,0.5004210472106934,1.0016473531723022,0,0,0,0,0,1,0,0,1,0,1,0.0,0.0,0.0,2.7675283216612803,0.03811927588594086,3.0327147583871676,0.9907383078266834,1.0257568395733825,1.025365119283916,-0.028345731452224163,0.0350240275637048,1,0.7201902965026085,0.742091079417265,1,1,1,2.7675283216612803,0.03811927588594086,3.0327147583871676,2.7675283216612803,0.03811927588594086,3.0327147583871676,2.7675283216612803,2.7675283216612803,2.7675283216612803,0.0,0,0,1,2.7675283216612803,0.03811927588594086,3.0327147583871676,0.0,0.0,0.0,0.0,0.0,0.0,0.0,0.0,0.0,0.0,0.0,2.7675283216612803,0.03811927588594086,0.0,0.0,0.0,0.0,-0.0861867144703865,0.0012322034453973174,2.4371518056376664,-0.09628075477672599,0,1,0.0,1.190737009048462,1.190737009048462,0.0,0.0,0.0,0.0,0.0,0.0,0.0,0.0,0,2,0,0,34720,0,0,16,1024,0,0,6,6,0,6,6,0,0,0,1,0,1,0,1.0257568395734897,1.1789804214835167,1.0279947224216022,1.1789804214835167,b1,0,3.62,8.202,1.653,3.62,8.20650159373413,1.653,0,0,0,0,0,0,0,0,1,0,0,0,0,0,49.1369759639413,0,1.0257568395734897,1.1789804214835167,1,0,0,0,0,0,78.8629142361381,0,1.0257568395734897,1.1789804214835167,1,0,0,0,0,0,108.5888525083349,0,1.0257568395734897,1.1789804214835167,1,0,0,0,0,0,77.98346064013475,0,1.0257568395734897,1.1789804214835167,1,0,0,0,0,0,113.44194531709793,0,1.0257568395734897,1.1789804214835167,1,0,0,0,8,8,204.1949146694848,0,1.0257568395734897,1.1789804214835167,1,0,0,0,0,0,49.81834837771557,0,0.9907383055715967,1.186535331748956,1,0,0,0,0,0,49.63965269062136,0,1.0257568395734897,1.1789804214835167,11,nuscenes_mf/v1.0-mini/mini_val/325cef682f064c55a255f2625c533b75/77268b95b44a4b89ad17df89479de81c,dev,60
10,ct_joint_full,0,0,0,0,0,0,0,0,0,-1.0,0,10.803400993347168,3.619999885559082,64.6460369124722,0,0,0,0,0.49987292289733887,0.9994379878044128,0,0,0,0,0,1,0,0,1,0,1,0.0,0.0,0.0,2.7857658990177314,0.03135322434841426,3.0747470401407515,7.0426019054043865,5.365913054861268,-5.363238815420855,0.1693925998275649,1.6778002433063817,1,3.2511543176265247,0.8287549300375953,1,1,1,2.7857658990177314,0.03135322434841426,3.0747470401407515,2.7857658990177314,0.03135322434841426,3.0747470401407515,2.7857658990177314,2.7857658990177314,2.7857658990177314,0.0,0,0,1,2.7857658990177314,0.03135322434841426,3.0747470401407515,0.0,0.0,0.0,0.0,0.0,0.0,0.0,0.0,0.0,0.0,0.0,2.7857658990177314,0.03135322434841426,0.0,0.0,0.0,0.0,-0.7447023391723633,-0.01400058250874281,-3.125332426476014,0.12554013702670763,0,1,0.0,5.903589248657227,2.889883518218994,0.0,0.0,0.0,0.0,0.0,0.0,0.0,0.0,0,2,0,0,34752,0,0,2,1024,0,0,2,2,0,2,2,0,0,0,0,0,0,0,5.365913054861296,1.2812200589179992,4.065750764306769,1.2812200589179992,b1,0,3.62,8.202,1.653,3.62,10.803400949567157,1.653,0,0,0,0,0,0,0,0,1,0,0,0,2,2,82.28043721217801,0,5.365913054861296,1.2812200589179992,1,0,0,0,2,2,132.05686625765773,0,5.365913054861296,1.2812200589179992,1,0,0,0,2,2,181.83329530313748,0,5.365913054861296,1.2812200589179992,1,0,0,0,2,2,119.71220297742727,0,5.365913054861296,1.2812200589179992,1,0,0,0,2,2,163.75596874344626,0,5.365913054861296,1.2812200589179992,1,0,0,0,2,2,271.67950027394477,0,5.365913054861296,1.2812200589179992,1,0,0,0,2,2,81.7254099921249,0,7.0426019984095936,1.349079504739413,1,0,0,0,2,2,87.66254955336825,0,5.365913054861296,1.2812200589179992,11,nuscenes_mf/v1.0-mini/mini_val/325cef682f064c55a255f2625c533b75/77268b95b44a4b89ad17df89479de81c,dev,60
11,ct_joint_full,0,0,0,0,0,0,0,0,0,-1.0,0,8.434257507324219,3.619999885559082,50.46941444490876,0,0,0,0,0.5006210803985596,1.0009479522705078,0,0,0,0,0,1,0,0,1,0,1,0.0,0.0,0.0,5.455751428660237,0.0,5.6185062365156835,2.30392199515756,3.0164549109903493,3.007397223285974,-0.23358589011365793,0.713694750840116,1,2.585151538463533,2.8453366462630036,0,1,1,5.455751428660237,0.0,5.6185062365156835,5.455751428660237,0.0,5.6185062365156835,5.455751428660237,5.455751428660237,5.455751428660237,0.0,0,0,1,5.455751428660237,0.0,5.6185062365156835,0.0,0.0,0.0,0.0,0.0,0.0,0.0,0.0,0.0,0.0,0.0,5.455751428660237,0.0,0.0,0.0,0.0,0.0,-0.31595465540885925,0.0162186361849308,1.015937541295615,-0.17579453720188848,0,1,0.0,1.7882574796676636,1.7882574796676636,0.0,0.0,0.0,0.0,0.0,0.0,0.0,0.0,0,2,0,0,34752,0,0,5,1024,0,0,3,3,0,3,3,0,0,0,0,0,0,0,3.016454910990327,1.3423753173947333,2.900329628607767,1.3423753173947333,b1,0,3.62,8.202,1.653,3.62,8.434257425873906,1.653,0,0,0,0,0,0,0,0,1,0,0,0,0,0,52.03818655344005,0,3.016454910990327,1.3423753173947333,1,0,0,0,0,0,83.51924314959253,0,3.016454910990327,1.3423753173947333,1,0,0,0,0,0,115.00029974574501,0,3.016454910990327,1.3423753173947333,1,0,0,0,0,0,81.6362678280752,0,3.016454910990327,1.3423753173947333,1,0,0,0,2,2,117.84634910424984,0,3.016454910990327,1.3423753173947333,1,0,0,0,6,6,210.10251165582935,0,3.016454910990327,1.3423753173947333,1,0,0,0,0,0,52.461107660458424,0,2.3039219942052216,1.3570928107928566,1,0,0,0,0,0,53.31900196742443,0,3.016454910990327,1.3423753173947333,11,nuscenes_mf/v1.0-mini/mini_val/325cef682f064c55a255f2625c533b75/77268b95b44a4b89ad17df89479de81c,dev,60
12,ct_joint_full,0,0,0,0,0,0,0,0,0,-1.0,0,10.046420097351074,3.619999885559082,60.1163693591957,0,0,0,0,0.5002570152282715,1.0000200271606445,0,0,0,0,0,1,0,0,1,0,1,0.0,0.0,0.0,5.165182070774838,0.0,5.348790933746745,8.627563649237798,7.297256805918673,-7.292048962135658,0.2756432459919531,1.3315216000564665,1,3.62383418419995,1.3745342321999492,1,1,1,5.165182070774838,0.0,5.348790933746745,5.165182070774838,0.0,5.348790933746745,5.165182070774838,5.165182070774838,5.165182070774838,0.0,0,0,1,5.165182070774838,0.0,5.348790933746745,0.0,0.0,0.0,0.0,0.0,0.0,0.0,0.0,0.0,0.0,0.0,5.165182070774838,0.0,0.0,0.0,0.0,0.0,-0.7817384600639343,-0.012291776947677135,-5.06307295517761,0.28122182004774376,0,1,0.0,6.238646984100342,3.0216522216796875,0.0,0.0,0.0,0.0,0.0,0.0,0.0,0.0,0,2,0,0,34752,0,0,12,1024,0,0,0,0,0,0,0,0,0,0,0,0,0,0,7.297256805918708,1.3835306992530823,6.375571168903645,1.3835306992530823,b1,0,3.62,8.202,1.653,3.62,10.046420172120058,1.653,0,0,0,0,0,0,0,0,1,0,0,0,3,3,72.61936459445161,0,7.297256805918708,1.3835306992530823,1,0,0,0,18,18,116.55122460319426,0,7.297256805918708,1.3835306992530823,1,0,0,0,18,18,160.48308461193693,0,7.297256805918708,1.3835306992530823,1,0,0,0,5,5,107.54858397200563,0,7.297256805918708,1.3835306992530823,1,0,0,0,5,5,149.0898033503294,0,7.297256805918708,1.3835306992530823,1,0,0,0,10,10,252.00824210774664,0,7.297256805918708,1.3835306992530823,1,0,0,0,3,3,72.84944739310511,0,8.627563574201778,1.3799145582432335,1,0,0,0,3,3,76.37768068893674,0,7.297256805918708,1.3835306992530823,11,nuscenes_mf/v1.0-mini/mini_val/325cef682f064c55a255f2625c533b75/77268b95b44a4b89ad17df89479de81c,dev,60
13,ct_joint_full,0,10,0,0,0,0,0,0,10,-1.0,0,8.314397811889648,3.619999885559082,49.752190831700986,0,0,0,0,0.5004239082336426,0.9999697208404541,0,0,0,0,0,1,0,0,1,0,1,0.0,0.0,0.0,6.808174316014986,0.0,6.957095953585168,4.374068945090125,5.2753213783715855,5.274679259573969,-0.08231709501658178,0.9012533523025563,1,3.1343136455973672,1.9175418667715165,0,1,1,6.808174316014986,0.0,6.957095953585168,6.808174316014986,0.0,6.957095953585168,6.808174316014986,6.808174316014986,6.808174316014986,0.0,0,0,1,6.808174316014986,0.0,6.957095953585168,0.0,0.0,0.0,0.0,0.0,0.0,0.0,0.0,0.0,0.0,0.0,6.808174316014986,0.0,0.0,0.0,0.0,0.0,-0.48517969250679016,0.012685982510447502,2.3546755481287964,-0.06831894373435128,0,1,0.0,3.8103716373443604,2.3113136291503906,0.0,0.0,0.0,0.0,0.0,0.0,0.0,0.0,0,2,12,12,34784,10,494,20,1024,0,0,0,0,0,0,0,0,0,0,0,0,0,0,5.275321378371516,1.4304094532132148,5.219402631224349,1.4304094532132148,b1,0,3.62,8.202,1.653,3.62,8.31439762327322,1.653,0,0,0,0,0,0,0,0,1,0,0,0,0,0,50.50910132635943,0,5.275321378371516,1.4304094532132148,1,0,0,0,0,0,81.06512148749641,0,5.275321378371516,1.4304094532132148,1,0,0,0,0,0,111.6211416486334,0,5.275321378371516,1.4304094532132148,1,0,0,0,0,0,79.71108776575186,0,5.275321378371516,1.4304094532132148,1,0,0,0,0,0,115.52507420668377,0,5.275321378371516,1.4304094532132148,1,7,0,0,10,10,206.98904708700812,0,5.275321378371516,1.4304094532132148,1,0,0,0,0,0,54.533194273034155,0,4.374068952175517,1.4372574527245725,1,0,0,0,0,0,52.52790122530138,0,5.275321378371516,1.4304094532132148,11,nuscenes_mf/v1.0-mini/mini_val/325cef682f064c55a255f2625c533b75/77268b95b44a4b89ad17df89479de81c,dev,60
14,ct_joint_full,0,0,0,0,0,0,0,0,0,-1.0,0,9.262099266052246,3.619999885559082,55.42310346611366,0,0,0,0,0.500432014465332,1.0001829862594604,0,0,0,0,0,1,0,0,1,0,1,0.0,0.0,0.0,6.849519228371763,0.0,7.006818289902852,8.974575005627655,7.90319087102226,-7.895685709100278,0.34434568730595416,1.0724251586035876,1,3.808319104289607,1.4395492326728423,0,1,1,6.849519228371763,0.0,7.006818289902852,6.849519228371763,0.0,7.006818289902852,6.849519228371763,6.849519228371763,6.849519228371763,0.0,0,0,1,6.849519228371763,0.0,7.006818289902852,0.0,0.0,0.0,0.0,0.0,0.0,0.0,0.0,0.0,0.0,0.0,6.849519228371763,0.0,0.0,0.0,0.0,0.0,-0.798428475856781,-0.004767925478518009,-6.676857433812035,0.4488604188673235,0,1,0.0,6.605461120605469,3.322268009185791,0.0,0.0,0.0,0.0,0.0,0.0,0.0,0.0,0,2,0,0,34784,0,0,49,1024,0,0,0,0,0,0,0,0,0,0,0,0,0,0,7.90319087102227,1.4687634546756745,7.373599527854352,1.4687634546756745,b1,0,3.62,8.202,1.653,3.62,9.26209933193984,1.653,0,0,0,0,0,0,0,0,1,0,0,0,0,0,62.60942737273033,0,7.90319087102227,1.4687634546756745,1,0,0,0,2,2,100.48566897752787,0,7.90319087102227,1.4687634546756745,1,0,0,0,4,4,138.3619105823254,0,7.90319087102227,1.4687634546756745,1,0,0,0,0,0,94.94573155076941,0,7.90319087102227,1.4687634546756745,1,0,0,0,0,0,133.8940357295782,0,7.90319087102227,1.4687634546756745,1,0,0,0,1,1,231.6266440864261,0,7.90319087102227,1.4687634546756745,1,0,0,0,0,0,64.41544966253657,0,8.97457488011134,1.4689855742267803,1,0,0,0,0,0,65.20989144885804,0,7.90319087102227,1.4687634546756745,11,nuscenes_mf/v1.0-mini/mini_val/325cef682f064c55a255f2625c533b75/77268b95b44a4b89ad17df89479de81c,dev,60
15,ct_joint_full,0,3,0,0,0,0,0,0,3,-1.0,0,8.255037307739258,3.619999885559082,49.3969858971797,0,0,0,0,0.5010008811950684,1.0011448860168457,0,0,0,0,0,1,0,0,1,0,0,0.0,0.0,0.0,10.743832489848767,0.0,10.85358294141036,6.47920028054475,6.833125689412079,6.825069422187145,-0.33172077521115756,0.35402776688612947,1,8.507848950106158,14.704935256398231,0,0,0,10.743832489848767,0.0,10.85358294141036,10.743832489848767,0.0,10.85358294141036,10.743832489848767,10.743832489848767,10.743832489848767,0.0,0,0,1,10.743832489848767,0.0,10.85358294141036,0.0,0.0,0.0,0.0,0.0,0.0,0.0,0.0,0.0,0.0,0.0,10.743832489848767,0.0,0.0,0.0,0.0,0.0,-0.2955036759376526,0.012970536947250366,5.403120198074561,-0.4703338965040559,0,1,0.0,1.7819186449050903,1.7819186449050903,0.0,0.0,0.0,0.0,0.0,0.0,0.0,0.0,0,2,8,24,34720,3,26,81,1024,0,0,0,0,0,0,0,0,0,0,0,0,0,0,6.83312568941203,1.5143430793285368,6.859023418028556,1.5143430793285368,b1,0,3.62,8.202,1.653,3.62,8.25503701330869,1.653,0,0,0,0,0,0,0,0,1,0,0,0,0,0,49.75142008441826,0,6.83312568941203,1.5143430793285368,1,0,0,0,0,0,79.84907288805907,0,6.83312568941203,1.5143430793285368,1,0,0,0,0,0,109.94672569169988,0,6.83312568941203,1.5143430793285368,1,0,0,0,0,0,78.75714257976365,0,6.83312568941203,1.5143430793285368,1,0,0,0,0,0,114.37486507587879,0,6.83312568941203,1.5143430793285368,1,0,0,0,5,5,205.4463100634906,0,6.83312568941203,1.5143430793285368,1,0,0,0,0,0,51.80801571611984,0,6.4792002868402285,1.5234912735693928,1,0,0,0,0,0,50.275749412666805,0,6.83312568941203,1.5143430793285368,11,nuscenes_mf/v1.0-mini/mini_val/325cef682f064c55a255f2625c533b75/77268b95b44a4b89ad17df89479de81c,dev,60
16,ct_joint_full,0,0,0,0,0,50,50,0,0,-1.0,0,10.882458686828613,3.619999885559082,65.11910706641387,0,0,0,0,0.4998331069946289,0.998235821723938,0,0,0,0,0,1,0,0,1,1,1,50.0,50.0,25.0,10.29108351683676,0.0,10.412838726774881,15.129815993987862,13.460599482742781,-13.46054293641769,0.03917120594099433,1.6693431230528046,1,5.531290808478081,5.4718771758856075,0,0,1,10.29108351683676,0.0,10.412838726774881,10.29108351683676,0.0,10.412838726774881,10.29108351683676,10.29108351683676,10.29108351683676,0.0,0,0,1,10.29108351683676,0.0,10.412838726774881,0.0,0.0,0.0,0.0,0.0,0.0,0.0,0.0,0.0,0.0,0.0,10.29108351683676,0.0,0.0,0.0,0.0,0.0,-0.7266377210617065,-0.013703963719308376,-6.58609294501994,0.017985049592648676,0,1,0.0,5.754425048828125,2.8444876670837402,0.0,0.0,0.0,0.0,0.0,0.0,0.0,0.0,0,2,7,22,34688,0,0,127,1024,0,0,69,69,0,69,69,0,0,0,0,0,0,0,13.460599482742692,1.5765863392949102,12.120378855298686,1.5765863392949102,b1,0,3.62,8.202,1.653,3.62,10.88245855899009,1.653,50,50,0,0,0,0,0,0,1,0,0,0,19,19,83.28944820388499,0,13.460599482742692,1.5765863392949102,1,0,0,0,37,37,133.67628922256918,0,13.460599482742692,1.5765863392949102,1,0,0,0,72,72,184.0631302412534,0,13.460599482742692,1.5765863392949102,1,0,0,0,78,78,120.98258171961781,0,13.460599482742692,1.5765863392949102,1,0,0,0,81,81,165.2877152345809,0,13.460599482742692,1.5765863392949102,1,0,0,0,84,84,273.73398226758604,0,13.460599482742692,1.5765863392949102,1,0,0,0,7,7,82.24497513876662,0,15.129816012332432,1.6040599877287787,1,0,0,0,19,19,88.46215433829683,0,13.460599482742692,1.5765863392949102,11,nuscenes_mf/v1.0-mini/mini_val/325cef682f064c55a255f2625c533b75/77268b95b44a4b89ad17df89479de81c,dev,60
17,ct_joint_full,0,0,0,0,0,0,0,0,0,-1.0,0,8.565587043762207,3.619999885559082,51.255271978614694,0,0,0,0,0.49988508224487305,0.9989370703697205,0,0,0,0,0,1,0,0,1,0,0,0.0,0.0,0.0,14.52542794426992,0.0,14.622505365936677,9.338864368238006,10.690209119071012,10.68643863356564,0.2839045006266331,1.3525079317062227,1,5.392825412808289,5.850124454614382,0,0,1,14.52542794426992,0.0,14.622505365936677,14.52542794426992,0.0,14.622505365936677,14.52542794426992,14.52542794426992,14.52542794426992,0.0,0,0,1,14.52542794426992,0.0,14.622505365936677,0.0,0.0,0.0,0.0,0.0,0.0,0.0,0.0,0.0,0.0,0.0,14.52542794426992,0.0,0.0,0.0,0.0,0.0,-0.5314496159553528,0.01213773712515831,3.6679537807089817,0.2209105325759027,0,1,0.0,4.4225358963012695,2.667255163192749,0.0,0.0,0.0,0.0,0.0,0.0,0.0,0.0,0,2,2,3,34720,0,0,103,1024,0,0,0,0,0,0,0,0,0,0,0,0,0,0,10.690209119070982,1.6257060179114342,10.508894414995813,1.6257060179114342,b1,0,3.62,8.202,1.653,3.62,8.565586980958232,1.653,0,0,0,0,0,0,0,0,1,0,0,0,0,0,53.717471275539594,0,10.690209119070982,1.6257060179114342,1,0,0,0,9,9,86.21442909498279,0,10.690209119070982,1.6257060179114342,1,0,0,0,21,21,118.71138691442599,0,10.690209119070982,1.6257060179114342,1,0,0,0,6,6,83.75049620858626,0,10.690209119070982,1.6257060179114342,1,0,0,0,8,8,120.39552113932369,0,10.690209119070982,1.6257060179114342,1,0,0,0,9,9,213.5215710015683,0,10.690209119070982,1.6257060179114342,1,0,0,0,0,0,55.98787999690873,0,9.338864391677365,1.635206903131702,1,0,0,0,0,0,56.9874512461974,0,10.690209119070982,1.6257060179114342,11,nuscenes_mf/v1.0-mini/mini_val/325cef682f064c55a255f2625c533b75/77268b95b44a4b89ad17df89479de81c,dev,60
18,ct_joint_full,0,0,0,0,0,0,0,0,0,-1.0,0,11.138825416564941,3.619999885559082,66.65316963466162,0,0,0,0,0.49932098388671875,0.9989234805107117,0,0,0,0,0,1,0,0,1,0,1,0.0,0.0,0.0,14.583904349146898,0.0,14.685960254461548,19.252249083808476,17.496712748254478,-17.495178070451566,-0.23173185421185574,1.755566031734522,1,7.679078084012927,9.670345985454444,0,0,0,14.583904349146898,0.0,14.685960254461548,14.583904349146898,0.0,14.685960254461548,14.583904349146898,14.583904349146898,14.583904349146898,0.0,0,0,1,14.583904349146898,0.0,14.685960254461548,0.0,0.0,0.0,0.0,0.0,0.0,0.0,0.0,0.0,0.0,0.0,14.583904349146898,0.0,0.0,0.0,0.0,0.0,-0.6463361382484436,-0.008675415068864822,-7.087593713306497,-0.1689836713567791,0,1,0.0,5.627645969390869,3.053272247314453,0.0,0.0,0.0,0.0,0.0,0.0,0.0,0.0,0,2,12,12,34688,0,0,796,1024,0,0,84,84,0,84,84,0,0,0,0,0,0,0,17.496712748254456,1.7191433389186859,16.02854584778958,1.7191433389186859,b1,0,3.62,8.202,1.653,3.62,11.138825518175292,1.653,0,0,0,0,0,0,0,0,1,0,0,0,85,85,86.5615931144217,0,17.496712748254456,1.7191433389186859,1,0,0,0,149,149,138.92795313524545,0,17.496712748254456,1.7191433389186859,1,0,0,0,216,216,191.29431315606922,0,17.496712748254456,1.7191433389186859,1,0,0,0,85,85,125.10232001676968,0,17.496712748254456,1.7191433389186859,1,0,0,0,85,85,170.25504692142687,0,17.496712748254456,1.7191433389186859,1,0,0,0,86,86,280.39650072689255,0,17.496712748254456,1.7191433389186859,1,0,0,0,85,85,84.91983962483835,0,19.2522487925796,1.7803372480203823,1,0,0,0,85,85,92.20019782457649,0,17.496712748254456,1.7191433389186859,11,nuscenes_mf/v1.0-mini/mini_val/325cef682f064c55a255f2625c533b75/77268b95b44a4b89ad17df89479de81c,dev,60
19,ct_joint_full,0,0,0,0,0,0,0,0,0,-1.0,0,8.509480476379395,3.619999885559082,50.919538145510195,0,0,0,0,0.4998810291290283,1.000556468963623,0,0,0,0,0,1,0,0,1,0,0,0.0,0.0,0.0,16.752904556011316,0.0,16.85203032436333,13.992304583359967,14.774770072752059,14.772444502434945,0.26215100779637907,0.7833208305515386,1,35.12943928949816,67.92397247776951,0,0,0,16.752904556011316,0.0,16.85203032436333,16.752904556011316,0.0,16.85203032436333,16.752904556011316,16.752904556011316,16.752904556011316,0.0,0,0,1,16.752904556011316,0.0,16.85203032436333,0.0,0.0,0.0,0.0,0.0,0.0,0.0,0.0,0.0,0.0,0.0,16.752904556011316,0.0,0.0,0.0,0.0,0.0,-0.31798645853996277,0.01647372916340828,5.681145696963448,0.2152669176666743,0,1,0.0,1.7927066087722778,1.7927066087722778,0.0,0.0,0.0,0.0,0.0,0.0,0.0,0.0,0,2,10,10,34720,0,0,726,1024,0,0,82,82,0,82,82,0,0,0,0,0,0,0,14.774770072751982,1.82834097635746,14.621636994781412,1.82834097635746,b1,0,3.62,8.202,1.653,3.62,8.509480893513661,1.653,0,0,0,0,0,0,0,0,1,0,0,0,82,82,52.998732019709884,0,14.774770072751982,1.82834097635746,1,0,0,0,137,137,85.06088085196026,0,14.774770072751982,1.82834097635746,1,0,0,0,160,160,117.12302968421065,0,14.774770072751982,1.82834097635746,1,0,0,0,82,82,82.84561971327707,0,14.774770072751982,1.82834097635746,1,0,0,0,82,82,119.30450740761401,0,14.774770072751982,1.82834097635746,1,0,0,0,82,82,212.05828279397866,0,14.774770072751982,1.82834097635746,1,0,0,0,82,82,52.35694162843721,0,13.99230461582642,1.8318953561608162,1,0,0,0,82,82,54.31626431076016,0,14.774770072751982,1.82834097635746,11,nuscenes_mf/v1.0-mini/mini_val/325cef682f064c55a255f2625c533b75/77268b95b44a4b89ad17df89479de81c,dev,60
20,ct_joint_full,0,0,0,0,0,0,0,0,0,-1.0,0,9.78078842163086,3.619999885559082,58.526866653121424,0,0,0,0,0.49987077713012695,1.000540018081665,0,0,0,0,0,1,0,0,1,0,0,0.0,0.0,0.0,14.549578786361653,0.0,14.676697775914981,19.421484078806767,18.21292557446217,-18.173950937649376,1.1908751086098595,1.2115829330269674,1,7.045676378296285,8.1022086697548,0,0,0,14.549578786361653,0.0,14.676697775914981,14.549578786361653,0.0,14.676697775914981,14.549578786361653,14.549578786361653,14.549578786361653,0.0,0,0,1,14.549578786361653,0.0,14.676697775914981,0.0,0.0,0.0,0.0,0.0,0.0,0.0,0.0,0.0,0.0,0.0,14.549578786361653,0.0,0.0,0.0,0.0,0.0,-0.8031723499298096,-0.010868250392377377,-12.851239002750278,1.4039371415804607,0,0,0.0,6.443750858306885,3.1001832485198975,0.0,0.0,0.0,0.0,0.0,0.0,0.0,0.0,0,2,4,4,34720,0,0,1019,1024,0,0,68,68,0,68,68,0,0,0,0,0,0,0,18.2129255744622,1.9251342390179633,17.42499814026585,1.9251342390179633,b1,0,3.62,8.202,1.653,3.62,9.780788765586255,1.653,0,0,0,0,0,0,0,0,1,0,0,0,29,29,69.22922583427838,0,18.2129255744622,1.9251342390179633,1,0,0,0,50,50,111.11018520165791,0,18.2129255744622,1.9251342390179633,1,0,0,0,107,107,152.99114456903746,0,18.2129255744622,1.9251342390179633,1,0,0,0,66,66,103.28028368450794,0,18.2129255744622,1.9251342390179633,1,0,0,0,68,68,143.9433415308888,0,18.2129255744622,1.9251342390179633,1,0,0,0,68,68,245.1054572274992,0,18.2129255744622,1.9251342390179633,1,0,0,0,0,0,69.51088393799324,0,19.421484294063543,1.9191908730605685,1,0,0,0,29,29,72.12059673514963,0,18.2129255744622,1.9251342390179633,11,nuscenes_mf/v1.0-mini/mini_val/325cef682f064c55a255f2625c533b75/77268b95b44a4b89ad17df89479de81c,dev,60
21,ct_joint_full,0,0,0,0,0,0,0,0,0,-1.0,0,9.388072967529297,3.619999885559082,56.17691243429888,0,0,0,0,0.4993250370025635,0.9988979697227478,0,0,0,0,0,1,0,0,1,0,0,0.0,0.0,0.0,14.55549135694402,0.0,14.683780844227535,11.98324807475063,13.382252884052832,13.291123334066462,1.5590831796931943,1.410513546068241,1,6.7824043648730585,8.378304604151024,0,0,0,14.55549135694402,0.0,14.683780844227535,14.55549135694402,0.0,14.683780844227535,14.55549135694402,14.55549135694402,14.55549135694402,0.0,0,0,1,14.55549135694402,0.0,14.683780844227535,0.0,0.0,0.0,0.0,0.0,0.0,0.0,0.0,0.0,0.0,0.0,14.55549135694402,0.0,0.0,0.0,0.0,0.0,-0.5510189533233643,0.004289147909730673,4.6412203350537276,1.1444816014496997,0,0,0.0,4.675454616546631,2.8602969646453857,0.0,0.0,0.0,0.0,0.0,0.0,0.0,0.0,0,2,1,1,34720,0,0,348,1024,0,0,48,48,0,48,48,0,0,0,0,0,0,0,13.382252884052766,1.9274892334342002,13.971742110960815,1.9274892334342002,b1,0,3.62,8.202,1.653,3.62,9.388072979189491,1.653,0,0,0,0,0,0,0,0,1,0,0,0,47,47,64.21714905800157,0,13.382252884052766,1.9274892334342002,1,0,0,0,71,71,103.06599906284221,0,13.382252884052766,1.9274892334342002,1,0,0,0,113,113,141.91484906768284,0,13.382252884052766,1.9274892334342002,1,0,0,0,48,48,96.96990835932455,0,13.382252884052766,1.9274892334342002,1,0,0,0,48,48,136.33466765910805,0,13.382252884052766,1.9274892334342002,1,0,0,0,48,48,234.9001862579053,0,13.382252884052766,1.9274892334342002,1,0,0,0,2,2,68.32692864501084,0,11.983248023563773,1.9304756006962045,1,0,0,0,47,47,68.34949118586462,0,13.382252884052766,1.9274892334342002,11,nuscenes_mf/v1.0-mini/mini_val/325cef682f064c55a255f2625c533b75/77268b95b44a4b89ad17df89479de81c,dev,60
22,ct_joint_full,0,0,0,0,0,0,0,0,0,-1.0,0,8.260433197021484,3.619999885559082,49.42927414214341,0,0,0,0,0.49987196922302246,1.0005486011505127,0,0,0,0,0,1,0,0,1,0,0,0.0,0.0,0.0,12.99865643235872,0.0,13.141753057782077,15.057323339509269,14.625713341681847,-14.515367050910543,-1.793216001789619,0.43631029221286655,1,34.512713073026454,66.69454764988286,0,0,0,12.99865643235872,0.0,13.141753057782077,12.99865643235872,0.0,13.141753057782077,12.99865643235872,12.99865643235872,12.99865643235872,0.0,0,0,1,12.99865643235872,0.0,13.141753057782077,0.0,0.0,0.0,0.0,0.0,0.0,0.0,0.0,0.0,0.0,0.0,12.99865643235872,0.0,0.0,0.0,0.0,0.0,-0.3065457344055176,0.014289423823356628,-10.508340420422615,-2.230291098920141,0,0,0.0,1.7909022569656372,1.7909022569656372,0.0,0.0,0.0,0.0,0.0,0.0,0.0,0.0,0,2,0,0,34720,0,0,231,1024,0,0,37,37,0,37,37,0,0,0,0,0,0,0,14.625713341681765,1.9367734093666076,14.596576209923175,1.9367734093666076,b1,0,3.62,8.202,1.653,3.62,8.260433271863471,1.653,0,0,0,0,0,0,0,0,1,0,0,0,37,37,49.817759533735455,0,14.625713341681765,1.9367734093666076,1,0,0,0,69,69,79.95554509558387,0,14.625713341681765,1.9367734093666076,1,0,0,0,94,94,110.0933306574323,0,14.625713341681765,1.9367734093666076,1,0,0,0,37,37,78.84070465060695,0,14.625713341681765,1.9367734093666076,1,0,0,0,37,37,114.47564976824819,0,14.625713341681765,1.9367734093666076,1,0,0,0,37,37,205.58154000276093,0,14.625713341681765,1.9367734093666076,1,0,0,0,37,37,52.49531254191138,0,15.057323351512974,1.947722511394334,1,0,0,0,37,37,50.64208947571923,0,14.625713341681765,1.9367734093666076,11,nuscenes_mf/v1.0-mini/mini_val/325cef682f064c55a255f2625c533b75/77268b95b44a4b89ad17df89479de81c,dev,60
23,ct_joint_full,0,0,0,0,0,0,0,0,0,-1.0,0,9.189044952392578,3.619999885559082,54.98595669535448,0,0,0,0,0.49993014335632324,1.0006637573242188,0,0,0,0,0,1,0,0,1,0,0,0.0,0.0,0.0,12.977482515363977,0.0,13.122114267553865,11.051915186999809,12.026141355663942,11.997574592248935,0.8284243738522119,0.9763725992404596,1,4.667776452604694,3.128789399273719,0,1,1,12.977482515363977,0.0,13.122114267553865,12.977482515363977,0.0,13.122114267553865,12.977482515363977,12.977482515363977,12.977482515363977,0.0,0,0,1,12.977482515363977,0.0,13.122114267553865,0.0,0.0,0.0,0.0,0.0,0.0,0.0,0.0,0.0,0.0,0.0,12.977482515363977,0.0,0.0,0.0,0.0,0.0,-0.8433071374893188,-0.007863297127187252,9.51932165470189,1.2352987346628757,0,0,0.0,6.854306221008301,3.249511241912842,0.0,0.0,0.0,0.0,0.0,0.0,0.0,0.0,0,2,1,1,34720,0,0,120,1024,0,0,35,35,0,35,35,0,0,0,0,0,0,0,12.026141355663912,1.934064214348793,12.518357856521618,1.934064214348793,b1,0,3.62,8.202,1.653,3.62,9.189045411315416,1.653,0,0,0,0,0,0,0,0,1,0,0,0,0,0,61.67700143789313,0,12.026141355663912,1.934064214348793,1,0,0,0,0,0,98.9891620173808,0,12.026141355663912,1.934064214348793,1,0,0,0,5,5,136.3013225968685,0,12.026141355663912,1.934064214348793,1,0,0,0,0,0,93.77177657740842,0,12.026141355663912,1.934064214348793,1,0,0,0,3,3,132.4785517146145,0,12.026141355663912,1.934064214348793,1,0,0,0,35,35,229.72810199133585,0,12.026141355663912,1.934064214348793,1,0,0,0,0,0,63.112958008784084,0,11.051915223543848,1.9283514774659622,1,0,0,0,0,0,63.94110880442881,0,12.026141355663912,1.934064214348793,11,nuscenes_mf/v1.0-mini/mini_val/325cef682f064c55a255f2625c533b75/77268b95b44a4b89ad17df89479de81c,dev,60
1,ct_joint_full,0,0,0,0,0,0,0,0,0,-1.0,0,0.0,0.0,0.0,0,0,0,0,0.500432014465332,1.0,0,0,0,0,0,0,0,0,0,0,1,0.0,0.0,0.0,0.03308687323344929,0.9515214030620754,0.036174705250298464,0.0,0.0,0.0,0.0,0.0,0,0.0,0.0,0,0,0,0.03308687323344929,0.9515214030620754,0.036174705250298464,0.03308687323344929,0.9515214030620754,0.036174705250298464,0.03308687323344929,0.03308687323344929,0.03308687323344929,0.0,0,0,1,0.03308687323344929,0.9515214030620754,0.036174705250298464,0.0,0.0,0.0,0.0,0.0,0.0,0.0,0.0,0.0,0.0,0.0,0.03308687323344929,0.9515214030620754,0.0,0.0,0.0,0.0,-0.0,0.0,0.0,0.0,1,1,0.0,1.6246232986450195,1.6246232986450195,0.0,0.0,0.0,0.0,0.0,0.0,0.0,0.0,0,2,0,0,34784,0,0,32,1024,0,0,0,0,0,0,0,0,0,0,0,0,0,0,0.0,0.0,0.0,0.0,base_only,0,0.0,0.0,0.0,0.0,0.0,0.0,0,0,0,0,0,0,0,0,0,0,0,0,0,0,0.0,0,0.0,0.0,0,0,0,0,0,0,0.0,0,0.0,0.0,0,0,0,0,0,0,0.0,0,0.0,0.0,0,0,0,0,0,0,0.0,0,0.0,0.0,0,0,0,0,0,0,0.0,0,0.0,0.0,0,0,0,0,0,0,0.0,0,0.0,0.0,0,0,0,0,0,0,0.0,0,0.0,0.0,0,0,0,0,0,0,0.0,0,0.0,0.0,12,nuscenes_mf/v1.0-mini/mini_val/325cef682f064c55a255f2625c533b75/2e84949acbd84ea3857ca2a04e50b6a4,dev,60
2,ct_joint_full,0,5,5,0,0,0,0,1,5,-1.0,0,8.070536613464355,3.6670000553131104,47.49942698828165,0,0,0,0,0.5010008811950684,1.0011367797851562,0,0,0,0,0,1,0,0,1,0,1,0.0,0.0,0.0,1.1830086904752908,0.4027435104545805,1.1933212337862749,0.10363496613966312,0.07653243231911148,-0.05725904693204159,-0.05078006625320799,0.033356959321677655,1,0.03480117934907903,0.005672949909477044,1,1,1,1.1830086904752908,0.4027435104545805,1.1933212337862749,1.1830086904752908,0.4027435104545805,1.1933212337862749,1.1830086904752908,1.1830086904752908,1.1830086904752908,0.0,0,0,1,1.1830086904752908,0.4027435104545805,1.1933212337862749,0.0,0.0,0.0,0.0,0.0,0.0,0.0,0.0,0.0,0.0,0.0,1.1830086904752908,0.4027435104545805,0.0,0.0,0.0,0.0,-0.0888831838965416,0.0017629757057875395,-0.2414721569519567,-0.18279106507252277,1,1,0.0,1.0161107778549194,1.0161107778549194,0.0,0.0,0.0,0.0,0.0,0.0,0.0,0.0,0,2,5,5,34720,5,91,47,1024,5,5,5,5,5,5,0,5,5,0,1,1,1,1,0.07653243231916754,0.15062423056364027,0.07645758294318533,0.15062423056364027,b1,0,3.667,8.07,1.605,3.667,8.07053639756224,1.605,0,0,0,0,0,0,0,0,1,5,5,1,12,7,47.50090714807856,0,0.07653243231916754,0.15062423056364027,1,5,5,1,12,7,77.0964879256976,0,0.07653243231916754,0.15062423056364027,1,5,5,1,12,7,106.69206870331664,0,0.07653243231916754,0.15062423056364027,1,5,5,1,16,11,75.43555552854903,0,0.07653243231916754,0.15062423056364027,1,5,5,1,22,17,109.7902039090195,0,0.07653243231916754,0.15062423056364027,1,5,5,1,31,26,197.75950066921305,0,0.07653243231916754,0.15062423056364027,1,5,5,1,12,7,47.790556424387866,0,0.1036349669934255,0.16526508523999794,1,5,5,1,12,7,47.6002408083944,0,0.07653243231916754,0.15062423056364027,12,nuscenes_mf/v1.0-mini/mini_val/325cef682f064c55a255f2625c533b75/2e84949acbd84ea3857ca2a04e50b6a4,dev,60
3,ct_joint_full,0,7,7,0,0,0,0,1,7,-1.0,0,8.671648979187012,3.6670000553131104,51.03729495108371,0,0,0,0,0.4998331069946289,0.998235821723938,0,0,0,0,0,1,0,0,1,0,0,0.0,0.0,0.0,2.034176121765561,0.23019586550881638,2.0616173907112794,2.608872666339183,1.7914208249340253,-1.7871917339513415,-0.1230221059416523,0.8186533960211477,1,3.234014829598214,0.06162111084132495,1,1,1,2.034176121765561,0.23019586550881638,2.0616173907112794,2.034176121765561,0.23019586550881638,2.0616173907112794,2.034176121765561,2.034176121765561,2.034176121765561,0.0,0,0,1,2.034176121765561,0.23019586550881638,2.0616173907112794,0.0,0.0,0.0,0.0,0.0,0.0,0.0,0.0,0.0,0.0,0.0,2.034176121765561,0.23019586550881638,0.0,0.0,0.0,0.0,-0.8793572187423706,-0.004922336898744106,-2.7990813624335016,-0.22739462625768955,0,1,0.0,7.2781548500061035,3.3815252780914307,0.0,0.0,0.0,0.0,0.0,0.0,0.0,0.0,0,2,7,7,34688,7,94,75,1024,7,7,11,11,7,11,4,6,6,0,1,1,1,1,1.7914208249340473,0.2915439403653144,1.4915654101111055,0.2915439403653144,b1,0,3.667,8.07,1.605,3.667,8.671649235274767,1.605,0,0,0,0,0,0,0,0,1,6,6,1,15,9,54.933640941821515,0,1.7914208249340473,0.2915439403653144,1,6,6,1,18,12,89.16020850681934,0,1.7914208249340473,0.2915439403653144,1,6,6,1,20,14,123.38677607181717,0,1.7914208249340473,0.2915439403653144,1,6,6,1,26,20,84.7983451051405,0,1.7914208249340473,0.2915439403653144,1,7,7,1,33,26,121.08304926920685,0,1.7914208249340473,0.2915439403653144,1,7,7,1,46,39,212.91245759509744,0,1.7914208249340473,0.2915439403653144,1,6,6,1,18,12,56.939582886133444,0,2.6088726221257588,0.2952784851860768,1,6,6,1,15,9,56.32281518781939,0,1.7914208249340473,0.2915439403653144,12,nuscenes_mf/v1.0-mini/mini_val/325cef682f064c55a255f2625c533b75/2e84949acbd84ea3857ca2a04e50b6a4,dev,60
4,ct_joint_full,0,6,6,0,0,0,0,1,6,-1.0,0,10.30244255065918,3.6670000553131104,60.63538785259774,0,0,0,0,0.49988508224487305,0.9989370703697205,0,0,0,0,0,1,0,0,1,0,1,0.0,0.0,0.0,1.7929921533174393,0.21387481008648804,1.8556229237532555,5.727575544643109,4.263160179805506,-4.254922898919712,0.2648920682118639,1.4666160231029184,1,3.0749477554346294,0.7126263000538284,1,1,1,1.7929921533174393,0.21387481008648804,1.8556229237532555,1.7929921533174393,0.21387481008648804,1.8556229237532555,1.7929921533174393,1.7929921533174393,1.7929921533174393,0.0,0,0,1,1.7929921533174393,0.21387481008648804,1.8556229237532555,0.0,0.0,0.0,0.0,0.0,0.0,0.0,0.0,0.0,0.0,0.0,1.7929921533174393,0.21387481008648804,0.0,0.0,0.0,0.0,-0.5762361288070679,-0.0014433482429012656,-2.2480047100699214,0.193319008649409,0,1,0.0,5.068319320678711,2.9910526275634766,0.0,0.0,0.0,0.0,0.0,0.0,0.0,0.0,0,2,6,6,34720,6,761,8,1024,0,6,0,6,6,6,0,0,0,0,0,0,0,0,4.263160179805504,0.4702518028616902,3.1497774996245718,0.4702518028616902,b1,0,3.667,8.07,1.605,3.667,10.302442426911146,1.605,0,0,0,0,0,0,0,0,1,0,0,0,0,0,75.09306773375023,0,4.263160179805504,0.4702518028616902,1,0,0,0,0,0,121.88002582331423,0,4.263160179805504,0.4702518028616902,1,0,0,0,0,0,168.66698391287824,0,4.263160179805504,0.4702518028616902,1,0,0,0,0,0,110.19262653804853,0,4.263160179805504,0.4702518028616902,1,0,0,0,1,1,151.71218534384158,0,4.263160179805504,0.4702518028616902,1,0,0,0,1,1,254.01130295468036,0,4.263160179805504,0.4702518028616902,1,0,0,0,0,0,74.94029145194935,0,5.727575791209464,0.5183173409481623,1,0,0,0,0,0,79.20546767536294,0,4.263160179805504,0.4702518028616902,12,nuscenes_mf/v1.0-mini/mini_val/325cef682f064c55a255f2625c533b75/2e84949acbd84ea3857ca2a04e50b6a4,dev,60
5,ct_joint_full,0,6,6,0,0,0,0,1,6,-1.0,0,8.27733325958252,3.6670000553131104,48.71653591971548,0,0,0,0,0.49932098388671875,0.9989234805107117,0,0,0,0,0,1,0,0,1,0,1,0.0,0.0,0.0,3.5078500113709317,0.036698561203127665,3.5605409304189872,1.0832296862903121,2.0067863725421287,1.9613921427275032,-0.42442030400643943,0.9585651303564292,1,2.2486548706048013,0.3345627157197957,1,1,1,3.5078500113709317,0.036698561203127665,3.5605409304189872,3.5078500113709317,0.036698561203127665,3.5605409304189872,3.5078500113709317,3.5078500113709317,3.5078500113709317,0.0,0,0,1,3.5078500113709317,0.036698561203127665,3.5605409304189872,0.0,0.0,0.0,0.0,0.0,0.0,0.0,0.0,0.0,0.0,0.0,3.5078500113709317,0.036698561203127665,0.0,0.0,0.0,0.0,-0.45662450790405273,0.01334463618695736,0.47782626930266436,-0.35994531468896135,1,1,0.0,3.590471029281616,2.232428550720215,0.0,0.0,0.0,0.0,0.0,0.0,0.0,0.0,0,2,6,6,34688,6,615,10,1024,6,6,6,6,6,6,0,0,0,0,0,0,0,0,2.0067863725421375,0.6120330253243447,1.9041867827338752,0.6120330253243447,b1,0,3.667,8.07,1.605,3.667,8.277333271300733,1.605,0,0,0,0,0,0,0,0,1,0,0,0,1,1,50.05566111054273,0,2.0067863725421375,0.6120330253243447,1,0,0,0,4,4,81.24298890527339,0,2.0067863725421375,0.6120330253243447,1,0,0,0,4,4,112.43031670000406,0,2.0067863725421375,0.6120330253243447,1,0,0,0,1,1,78.65372869248505,0,2.0067863725421375,0.6120330253243447,1,0,0,0,2,2,113.67179627143781,0,2.0067863725421375,0.6120330253243447,1,5,5,1,12,7,202.9679314315855,0,2.0067863725421375,0.6120330253243447,1,0,0,0,1,1,52.24424666576287,0,1.0832296492517475,0.6146154805076227,1,0,0,0,1,1,51.4492338126346,0,2.0067863725421375,0.6120330253243447,12,nuscenes_mf/v1.0-mini/mini_val/325cef682f064c55a255f2625c533b75/2e84949acbd84ea3857ca2a04e50b6a4,dev,60
6,ct_joint_full,0,0,0,0,0,0,0,0,0,-1.0,0,9.174101829528809,3.6670000553131104,53.99449886736944,0,0,0,0,0.4998810291290283,1.000556468963623,0,0,0,0,0,1,0,0,1,0,1,0.0,0.0,0.0,3.52583965267159,0.029133733471307308,3.6058249487411875,5.714154043877067,4.61811757319129,-4.612270872566898,0.23230792332785913,1.0973367751727585,1,3.348258922220042,0.47786869549904404,1,1,1,3.52583965267159,0.029133733471307308,3.6058249487411875,3.52583965267159,0.029133733471307308,3.6058249487411875,3.52583965267159,3.52583965267159,3.52583965267159,0.0,0,0,1,3.52583965267159,0.029133733471307308,3.6058249487411875,0.0,0.0,0.0,0.0,0.0,0.0,0.0,0.0,0.0,0.0,0.0,3.52583965267159,0.029133733471307308,0.0,0.0,0.0,0.0,-0.8097132444381714,-0.0055023483000695705,-4.213084209045551,0.2981283073004788,0,1,0.0,6.706076145172119,3.341135025024414,0.0,0.0,0.0,0.0,0.0,0.0,0.0,0.0,0,2,7,7,34720,0,0,2,1024,0,0,0,0,0,0,0,0,0,0,0,0,0,0,4.61811757319134,0.7452786371111868,4.066744894946981,0.7452786371111868,b1,0,3.667,8.07,1.605,3.667,9.174101430130339,1.605,0,0,0,0,0,0,0,0,1,0,0,0,0,0,61.14479716190604,0,4.61811757319134,0.7452786371111868,1,0,0,0,0,0,99.24124399175403,0,4.61811757319134,0.7452786371111868,1,0,0,0,0,0,137.33769082160202,0,4.61811757319134,0.7452786371111868,1,0,0,0,0,0,92.62236987166807,0,4.61811757319134,0.7452786371111868,1,0,0,0,0,0,130.51994258068274,0,4.61811757319134,0.7452786371111868,1,0,0,0,1,1,225.5750879994594,0,4.61811757319134,0.7452786371111868,1,0,0,0,0,0,63.15088292379895,0,5.714153830595258,0.7411365755703332,1,0,0,0,0,0,63.830124040110405,0,4.61811757319134,0.7452786371111868,12,nuscenes_mf/v1.0-mini/mini_val/325cef682f064c55a255f2625c533b75/2e84949acbd84ea3857ca2a04e50b6a4,dev,60
7,ct_joint_full,0,0,0,0,0,0,0,0,0,-1.0,0,8.122678756713867,3.6670000553131104,47.80631140562767,0,0,0,0,0.49987077713012695,1.000540018081665,0,0,0,0,0,1,0,0,1,0,1,0.0,0.0,0.0,3.4670821618898744,0.02980753978061513,3.56759343364481,3.048003210719588,3.41134686716321,3.4072372887609665,-0.1673970118249921,0.3634553846453622,1,2.994338843442831,3.6932770673788267,0,0,1,3.4670821618898744,0.02980753978061513,3.56759343364481,3.4670821618898744,0.02980753978061513,3.56759343364481,3.4670821618898744,3.4670821618898744,3.4670821618898744,0.0,0,0,1,3.4670821618898744,0.02980753978061513,3.56759343364481,0.0,0.0,0.0,0.0,0.0,0.0,0.0,0.0,0.0,0.0,0.0,3.4670821618898744,0.02980753978061513,0.0,0.0,0.0,0.0,-0.29650336503982544,0.0133140217512846,2.4840026212078214,-0.22575704685433576,0,1,0.0,1.7750881910324097,1.7750881910324097,0.0,0.0,0.0,0.0,0.0,0.0,0.0,0.0,0,2,0,1,34720,0,0,3,1024,0,0,0,0,0,0,0,0,0,0,0,0,0,0,3.4113468671632194,0.8402670419216154,3.437015603961483,0.8402670419216154,b1,0,3.667,8.07,1.605,3.667,8.122678619198526,1.605,0,0,0,0,0,0,0,0,1,0,0,0,0,0,48.14208064324224,0,3.4113468671632194,0.8402670419216154,1,0,0,0,0,0,78.13714646457696,0,3.4113468671632194,0.8402670419216154,1,0,0,0,0,0,108.13221228591168,0,3.4113468671632194,0.8402670419216154,1,0,0,0,0,0,76.24326453349322,0,3.4113468671632194,0.8402670419216154,1,0,0,0,1,1,110.76444842299682,0,3.4113468671632194,0.8402670419216154,1,0,0,0,5,5,199.06681620275143,0,3.4113468671632194,0.8402670419216154,1,0,0,0,0,0,50.27997682786826,0,3.048003239610697,0.853192957283825,1,0,0,0,0,0,48.71831057800024,0,3.4113468671632194,0.8402670419216154,12,nuscenes_mf/v1.0-mini/mini_val/325cef682f064c55a255f2625c533b75/2e84949acbd84ea3857ca2a04e50b6a4,dev,60
8,ct_joint_full,0,0,0,0,0,0,0,0,0,-1.0,0,8.092853546142578,3.6670000553131104,47.630774080194115,0,0,0,0,0.4993250370025635,0.9988979697227478,0,0,0,0,0,1,0,0,1,0,1,0.0,0.0,0.0,3.409785538620373,0.029660615968562933,3.5355598248093187,3.4072814693756266,3.3989097295563973,-0.8368912688307093,-3.294267805460812,0.03386844998916917,1,4.1599026013360305,7.43962794322687,0,0,0,3.409785538620373,0.029660615968562933,3.5355598248093187,3.409785538620373,0.029660615968562933,3.5355598248093187,3.409785538620373,3.409785538620373,3.409785538620373,0.0,0,0,1,3.409785538620373,0.029660615968562933,3.5355598248093187,0.0,0.0,0.0,0.0,0.0,0.0,0.0,0.0,0.0,0.0,0.0,3.409785538620373,0.029660615968562933,0.0,0.0,0.0,0.0,-0.08910232782363892,0.00046781005221419036,-2.2908420560239544,-11.869252960636159,0,0,0.0,1.2461320161819458,1.2461320161819458,0.0,0.0,0.0,0.0,0.0,0.0,0.0,0.0,0,2,1,5,34720,0,0,1,1024,0,0,0,0,0,0,0,0,0,0,1,0,1,0,3.3989097295563764,0.9258710902929304,3.401678364272006,0.9258710902929304,b1,0,3.667,8.07,1.605,3.667,8.092853375572226,1.605,0,0,0,0,0,0,0,0,1,0,0,0,0,0,47.77877186309082,0,3.3989097295563764,0.9258710902929304,1,0,0,0,0,0,77.5474770737393,0,3.3989097295563764,0.9258710902929304,1,0,0,0,0,0,107.31618228438778,0,3.3989097295563764,0.9258710902929304,1,0,0,0,0,0,75.7855506056431,0,3.3989097295563764,0.9258710902929304,1,5,1,1,1,0,110.21232935118492,0,3.3989097295563764,0.9258710902929304,1,5,1,1,4,3,198.32588683628947,0,3.3989097295563764,0.9258710902929304,1,0,0,0,0,0,47.960934570076354,0,3.4072814693288866,0.9241335851306065,1,0,0,0,0,0,48.16803138320914,0,3.3989097295563764,0.9258710902929304,12,nuscenes_mf/v1.0-mini/mini_val/325cef682f064c55a255f2625c533b75/2e84949acbd84ea3857ca2a04e50b6a4,dev,60
9,ct_joint_full,0,1,0,0,0,0,0,0,1,-1.0,0,8.089065551757812,3.6670000553131104,47.608479706061544,0,0,0,0,0.49987196922302246,1.0005486011505127,0,0,0,0,0,1,0,0,1,0,1,0.0,0.0,0.0,3.3124761190765444,0.02955222562749568,3.471161936698724,3.352956935339388,3.3391772012946834,-1.3655511888397134,3.0471913415113163,0.03300942179616452,1,4.107533608986718,7.393324385312761,0,0,0,3.3124761190765444,0.02955222562749568,3.471161936698724,3.3124761190765444,0.02955222562749568,3.471161936698724,3.3124761190765444,3.3124761190765444,3.3124761190765444,0.0,0,0,1,3.3124761190765444,0.02955222562749568,3.471161936698724,0.0,0.0,0.0,0.0,0.0,0.0,0.0,0.0,0.0,0.0,0.0,3.3124761190765444,0.02955222562749568,0.0,0.0,0.0,0.0,-0.0860736221075058,0.0005730034899897873,-3.6468544085396712,10.912799296254054,0,0,0.0,1.228060007095337,1.228060007095337,0.0,0.0,0.0,0.0,0.0,0.0,0.0,0.0,0,2,4,6,34720,1,138,7,1024,0,0,1,1,0,1,1,1,1,0,1,0,1,0,3.339177201294575,1.0196367505192754,3.343159736374475,1.0196367505192754,b1,0,3.667,8.07,1.605,3.667,8.089065638614557,1.605,0,0,0,0,0,0,0,0,1,1,1,1,1,0,47.731946997384085,0,3.339177201294575,1.0196367505192754,1,1,1,1,1,0,77.47147783687572,0,3.339177201294575,1.0196367505192754,1,1,1,1,1,0,107.21100867636736,0,3.339177201294575,1.0196367505192754,1,2,2,1,2,0,75.72656661951683,0,3.339177201294575,1.0196367505192754,1,6,5,1,6,1,110.1411862409022,0,3.339177201294575,1.0196367505192754,1,6,5,1,36,31,198.23042548591508,0,3.339177201294575,1.0196367505192754,1,1,1,1,1,0,48.32261956145514,0,3.3529569360184506,1.030455935716902,1,1,1,1,1,0,48.46254067034207,0,3.339177201294575,1.0196367505192754,12,nuscenes_mf/v1.0-mini/mini_val/325cef682f064c55a255f2625c533b75/2e84949acbd84ea3857ca2a04e50b6a4,dev,60
10,ct_joint_full,0,1,1,0,0,0,0,1,1,-1.0,0,8.080000877380371,3.6670000553131104,47.55512924631076,0,0,0,0,0.49993014335632324,1.0006637573242188,0,0,0,0,0,1,0,0,1,0,1,0.0,0.0,0.0,3.2687244235835125,0.026752387087435662,3.4597017009586932,3.2063904699174643,3.241860249978958,3.097741267206665,-0.9558540664573337,0.03700963788479291,1,3.9184294074389006,7.033693319482141,0,0,0,3.2687244235835125,0.026752387087435662,3.4597017009586932,3.2687244235835125,0.026752387087435662,3.4597017009586932,3.2687244235835125,3.2687244235835125,3.2687244235835125,0.0,0,0,1,3.2687244235835125,0.026752387087435662,3.4597017009586932,0.0,0.0,0.0,0.0,0.0,0.0,0.0,0.0,0.0,0.0,0.0,3.2687244235835125,0.026752387087435662,0.0,0.0,0.0,0.0,-0.09320970624685287,0.001481810468249023,7.7090409599977265,-3.340499699460877,0,0,0.0,1.2223697900772095,1.2223697900772095,0.0,0.0,0.0,0.0,0.0,0.0,0.0,0.0,0,2,2,2,34720,1,304,3,1024,1,1,1,1,1,1,0,0,0,0,0,0,0,0,3.241860249978911,1.1225293496251103,3.246572166647853,1.1225293496251103,b1,0,3.667,8.07,1.605,3.667,8.080001121556743,1.605,0,0,0,0,0,0,0,0,1,0,0,0,0,0,47.61984023006168,0,3.241860249978911,1.1225293496251103,1,0,0,0,0,0,77.28952261639294,0,3.241860249978911,1.1225293496251103,1,0,0,0,0,0,106.9592050027242,0,3.241860249978911,1.1225293496251103,1,0,0,0,0,0,75.5853494118294,0,3.241860249978911,1.1225293496251103,1,1,1,1,1,0,109.97085859060756,0,3.241860249978911,1.1225293496251103,1,1,1,1,8,7,198.00187695264822,0,3.241860249978911,1.1225293496251103,1,0,0,0,0,0,48.382295478957616,0,3.2063904661246307,1.1427051438992004,1,0,0,0,0,0,48.226425333197135,0,3.241860249978911,1.1225293496251103,12,nuscenes_mf/v1.0-mini/mini_val/325cef682f064c55a255f2625c533b75/2e84949acbd84ea3857ca2a04e50b6a4,dev,60
11,ct_joint_full,0,5,5,0,0,0,0,1,5,-1.0,0,8.07227611541748,3.6670000553131104,47.509664888185426,0,0,0,0,0.4998440742492676,0.9998860359191895,0,0,0,0,0,1,0,0,1,0,1,0.0,0.0,0.0,3.716734727259946,0.008925536985041988,3.9173441529906388,3.23902834797119,3.2061274621291145,-3.111594464556763,0.7728086887059633,0.03381837479028813,1,3.968964345720927,7.235738411481222,0,0,0,3.716734727259946,0.008925536985041988,3.9173441529906388,3.716734727259946,0.008925536985041988,3.9173441529906388,3.716734727259946,3.716734727259946,3.716734727259946,0.0,0,0,1,3.716734727259946,0.008925536985041988,3.9173441529906388,0.0,0.0,0.0,0.0,0.0,0.0,0.0,0.0,0.0,0.0,0.0,3.716734727259946,0.008925536985041988,0.0,0.0,0.0,0.0,-0.0841202661395073,0.0010261753341183066,-7.8242372551478425,2.6797348808188426,0,0,0.0,1.1918987035751343,1.1918987035751343,0.0,0.0,0.0,0.0,0.0,0.0,0.0,0.0,0,2,6,15,34720,5,1024,5,1024,5,5,5,5,5,5,0,0,0,0,0,0,0,0,3.2061274621292055,1.2185680404305455,3.2072584364616175,1.2185680404305455,b1,0,3.667,8.07,1.605,3.667,8.07227646740063,1.605,0,0,0,0,0,0,0,0,1,0,0,0,0,0,47.52428327850766,0,3.2061274621292055,1.2185680404305455,1,0,0,0,0,0,77.13442862337223,0,3.2061274621292055,1.2185680404305455,1,0,0,0,0,0,106.7445739682368,0,3.2061274621292055,1.2185680404305455,1,2,2,1,6,4,75.46497971049978,0,3.2061274621292055,1.2185680404305455,1,5,5,1,14,9,109.82567614099712,0,3.2061274621292055,1.2185680404305455,1,5,5,1,18,13,197.80706900572875,0,3.2061274621292055,1.2185680404305455,1,0,0,0,0,0,48.16928796683233,0,3.2390283471774475,1.2278913235632345,1,0,0,0,0,0,48.01326900704476,0,3.2061274621292055,1.2185680404305455,12,nuscenes_mf/v1.0-mini/mini_val/325cef682f064c55a255f2625c533b75/2e84949acbd84ea3857ca2a04e50b6a4,dev,60
12,ct_joint_full,0,2,1,0,0,0,0,1,2,-1.0,0,8.156198501586914,3.6670000553131104,48.00359304258931,0,0,0,0,0.4998798370361328,0.9999854564666748,0,0,0,0,0,1,0,0,1,0,1,0.0,0.0,0.0,3.818714656821728,0.00472938934251041,4.0481592112637435,4.433023096137806,3.8885666968377013,-3.8688157882947722,-0.39142867491733613,0.5470367901958512,1,3.2012210900280125,0.34756346835558577,1,1,1,3.818714656821728,0.00472938934251041,4.0481592112637435,3.818714656821728,0.00472938934251041,4.0481592112637435,3.818714656821728,3.818714656821728,3.818714656821728,0.0,0,0,1,3.818714656821728,0.00472938934251041,4.0481592112637435,0.0,0.0,0.0,0.0,0.0,0.0,0.0,0.0,0.0,0.0,0.0,3.818714656821728,0.00472938934251041,0.0,0.0,0.0,0.0,-0.8802644610404968,0.00403271010145545,-7.105798494402173,-0.978916540873656,0,1,0.0,6.721288204193115,3.0714800357818604,0.0,0.0,0.0,0.0,0.0,0.0,0.0,0.0,0,2,5,10,34720,2,0,2,1024,1,1,1,1,1,1,0,0,0,0,0,0,0,0,3.888566696837648,1.3375250220298764,3.845614680711105,1.3375250220298764,b1,0,3.667,8.07,1.605,3.667,8.156198345099838,1.605,0,0,0,0,0,0,0,0,1,0,0,0,0,0,48.561729509322916,0,3.888566696837648,1.3375250220298764,1,0,0,0,0,0,78.81825879862068,0,3.888566696837648,1.3375250220298764,1,0,0,0,0,0,109.07478808791844,0,3.888566696837648,1.3375250220298764,1,0,0,0,0,0,76.77182218434291,0,3.888566696837648,1.3375250220298764,1,0,0,0,0,0,111.40191486160506,0,3.888566696837648,1.3375250220298764,1,2,1,1,6,5,199.92210021313983,0,3.888566696837648,1.3375250220298764,1,0,0,0,0,0,51.65588978387325,0,4.433023118294859,1.3584635206339297,1,0,0,0,0,0,49.395502820340745,0,3.888566696837648,1.3375250220298764,12,nuscenes_mf/v1.0-mini/mini_val/325cef682f064c55a255f2625c533b75/2e84949acbd84ea3857ca2a04e50b6a4,dev,60
13,ct_joint_full,0,0,0,0,0,0,0,0,0,-1.0,0,8.077827453613281,3.6670000553131104,47.54233748431476,0,0,0,0,0.5004220008850098,1.0011204481124878,0,0,0,0,0,1,0,0,1,0,1,0.0,0.0,0.0,8.129389977206296,0.0,8.265592781796729,3.800524179817877,3.914154299472061,3.87692826886588,0.5385466540663462,0.11515699880988133,1,4.183404791876386,6.71799025639834,0,0,0,8.129389977206296,0.0,8.265592781796729,8.129389977206296,0.0,8.265592781796729,8.129389977206296,8.129389977206296,8.129389977206296,0.0,0,0,1,8.129389977206296,0.0,8.265592781796729,0.0,0.0,0.0,0.0,0.0,0.0,0.0,0.0,0.0,0.0,0.0,8.129389977206296,0.0,0.0,0.0,0.0,0.0,-0.1849849820137024,0.006524892058223486,6.044393625334297,1.357310164996292,0,0,0.0,1.5101436376571655,1.5101436376571655,0.0,0.0,0.0,0.0,0.0,0.0,0.0,0.0,0,2,5,7,34720,0,0,7,1024,0,0,0,0,0,0,0,0,0,0,0,0,0,0,3.914154299471986,1.4435071155428885,3.910677286636139,1.4435071155428885,b1,0,3.667,8.07,1.605,3.667,8.077827899420416,1.605,0,0,0,0,0,0,0,0,1,0,0,0,0,0,47.59015239785427,0,3.914154299471986,1.4435071155428885,1,0,0,0,0,0,77.24133769246751,0,3.914154299471986,1.4435071155428885,1,0,0,0,0,0,106.89252298708075,0,3.914154299471986,1.4435071155428885,1,0,0,0,0,0,75.54798588726206,0,3.914154299471986,1.4435071155428885,1,0,0,0,2,2,109.92581937293292,0,3.914154299471986,1.4435071155428885,1,0,0,0,7,7,197.94148634801158,0,3.914154299471986,1.4435071155428885,1,0,0,0,0,0,48.189117915701296,0,3.80052418197157,1.446244479001836,1,0,0,0,0,0,47.67966705038815,0,3.914154299471986,1.4435071155428885,12,nuscenes_mf/v1.0-mini/mini_val/325cef682f064c55a255f2625c533b75/2e84949acbd84ea3857ca2a04e50b6a4,dev,60
14,ct_joint_full,0,0,0,0,0,0,0,0,0,-1.0,0,10.98061466217041,3.6670000553131104,64.62679365856047,0,0,0,0,0.500452995300293,1.0006039142608643,0,0,0,0,0,1,0,0,1,0,1,0.0,0.0,0.0,7.7478888602710665,0.0,7.911902735353661,12.941247537209302,11.124148800046784,-11.118818304127169,-0.3443558368772129,1.8174294185881708,1,4.64925710819783,3.679452746363922,0,0,1,7.7478888602710665,0.0,7.911902735353661,7.7478888602710665,0.0,7.911902735353661,7.7478888602710665,7.7478888602710665,7.7478888602710665,0.0,0,0,1,7.7478888602710665,0.0,7.911902735353661,0.0,0.0,0.0,0.0,0.0,0.0,0.0,0.0,0.0,0.0,0.0,7.7478888602710665,0.0,0.0,0.0,0.0,0.0,-0.7326275110244751,-0.014214116148650646,-5.214998196475727,-0.27355833486910336,0,1,0.0,5.807980537414551,2.858502149581909,0.0,0.0,0.0,0.0,0.0,0.0,0.0,0.0,0,2,13,15,34752,0,0,0,1024,0,0,0,0,0,0,0,0,0,0,0,0,0,0,11.124148800046799,1.5943368539214133,9.670015053704343,1.5943368539214133,b1,0,3.667,8.07,1.605,3.667,10.980614738046734,1.605,0,0,0,0,0,0,0,0,1,0,0,0,0,0,83.47604647720934,0,11.124148800046799,1.5943368539214133,1,0,0,0,0,0,135.48604428232417,0,11.124148800046799,1.5943368539214133,1,0,0,0,0,0,187.496042087439,0,11.124148800046799,1.5943368539214133,1,0,0,0,0,0,120.75244157232812,0,11.124148800046799,1.5943368539214133,1,0,0,0,0,0,164.44883667043646,0,11.124148800046799,1.5943368539214133,1,0,0,0,0,0,271.10162686216887,0,11.124148800046799,1.5943368539214133,1,0,0,0,0,0,82.99524171673556,0,12.941247694614077,1.650504129732759,1,0,0,0,0,0,89.04919123000954,0,11.124148800046799,1.5943368539214133,12,nuscenes_mf/v1.0-mini/mini_val/325cef682f064c55a255f2625c533b75/2e84949acbd84ea3857ca2a04e50b6a4,dev,60
1,ct_joint_full,0,13,0,0,0,0,0,0,13,-1.0,0,0.0,0.0,0.0,0,0,0,0,0.4998750686645508,1.0,0,0,0,0,0,0,0,0,0,0,1,0.0,0.0,0.0,0.007215446356920568,0.9380782252614585,0.04163618566117775,0.024738633753727583,0.024738633753727583,0.0,0.0,0.0,0,0.0,0.0,0,0,0,0.007215446356920568,0.9380782252614585,0.04163618566117775,0.007215446356920568,0.9380782252614585,0.04163618566117775,0.007215446356920568,0.007215446356920568,0.007215446356920568,0.0,0,0,1,0.007215446356920568,0.9380782252614585,0.04163618566117775,0.0,0.0,0.0,0.0,0.0,0.0,0.0,0.0,0.0,0.0,0.0,0.007215446356920568,0.9380782252614585,0.0,0.0,0.0,0.0,-0.0,0.0,0.057545772262415314,-0.04400084112291622,1,1,0.0,1.6243269443511963,1.6243269443511963,0.0,0.0,0.0,0.0,0.0,0.0,0.0,0.0,0,2,13,13,34720,13,534,25,1024,0,0,0,0,0,0,0,0,0,0,0,0,0,0,0.0,0.0,0.0,0.0,base_only,0,0.0,0.0,0.0,0.0,0.0,0.0,0,0,0,0,0,0,0,0,0,0,0,0,0,0,0.0,0,0.0,0.0,0,0,0,0,0,0,0.0,0,0.0,0.0,0,0,0,0,0,0,0.0,0,0.0,0.0,0,0,0,0,0,0,0.0,0,0.0,0.0,0,0,0,0,0,0,0.0,0,0.0,0.0,0,0,0,0,0,0,0.0,0,0.0,0.0,0,0,0,0,0,0,0.0,0,0.0,0.0,0,0,0,0,0,0,0.0,0,0.0,0.0,13,nuscenes_mf/v1.0-mini/mini_val/325cef682f064c55a255f2625c533b75/ec5241e32939433baeb2b3955920b28c,dev,60
2,ct_joint_full,0,19,15,0,0,0,0,1,19,-1.0,0,8.488182067871094,3.671999931335449,49.77626062987965,0,0,0,0,0.5004169940948486,1.0010840892791748,0,0,0,0,0,1,0,0,1,0,1,0.0,0.0,0.0,3.3810838708440514,0.10838831667806365,3.381586175655021,0.014025060275399149,0.04055180983642338,0.03912665683763965,-0.010656169603036957,0.029858975923682234,1,0.1112603460948711,0.0014723817906867054,1,1,1,3.3810838708440514,0.10838831667806365,3.381586175655021,3.3810838708440514,0.10838831667806365,3.381586175655021,3.3810838708440514,3.3810838708440514,3.3810838708440514,0.0,0,0,1,3.3810838708440514,0.10838831667806365,3.381586175655021,0.0,0.0,0.0,0.0,0.0,0.0,0.0,0.0,0.0,0.0,0.0,3.3810838708440514,0.10838831667806365,0.0,0.0,0.0,0.0,-0.07960106432437897,0.00047142591211013496,0.024707699309744664,-0.0382694703707802,1,1,0.0,1.0568175315856934,1.0568175315856934,0.0,0.0,0.0,0.0,0.0,0.0,0.0,0.0,0,2,15,19,34752,19,586,34,1024,15,15,15,15,15,15,0,12,11,1,1,1,1,1,0.04055180983649121,0.0810062103867531,0.03564607086466246,0.0810062103867531,b1,0,3.6719999999999997,8.478,1.597,3.6719999999999997,8.48818164963507,1.597,0,0,0,0,0,0,0,0,1,12,11,1,11,0,49.84517997016618,0,0.04055180983649121,0.0810062103867531,1,12,12,1,14,2,81.05693950063969,0,0.04055180983649121,0.0810062103867531,1,12,12,1,14,2,112.26869903111317,0,0.04055180983649121,0.0810062103867531,1,18,15,1,15,0,78.33943283846415,0,0.04055180983649121,0.0810062103867531,1,19,15,1,16,1,113.22168570973678,0,0.04055180983649121,0.0810062103867531,1,19,15,1,21,6,202.1501914507947,0,0.04055180983649121,0.0810062103867531,1,12,11,1,11,0,49.84698382930286,0,0.014025059574031397,0.0830145957498058,1,12,11,1,11,0,49.860221378619755,0,0.04055180983649121,0.0810062103867531,13,nuscenes_mf/v1.0-mini/mini_val/325cef682f064c55a255f2625c533b75/ec5241e32939433baeb2b3955920b28c,dev,60
3,ct_joint_full,0,10,10,0,0,24,24,1,10,-1.0,0,10.284950256347656,3.671999931335449,60.31283971430043,0,0,0,0,0.40035295486450195,0.8004721403121948,0,0,0,0,0,1,0,0,1,1,1,24.0,24.0,23.0,3.4219846130340468,0.10525647604384626,3.4223445183228045,6.404977832030245,5.205300230067288,-5.205133606111204,0.04165447879110941,1.1998230942189365,1,3.183054411620824,0.869752335967478,1,1,1,3.4219846130340468,0.10525647604384626,3.4223445183228045,3.4219846130340468,0.10525647604384626,3.4223445183228045,3.4219846130340468,3.4219846130340468,3.4219846130340468,0.0,0,0,1,3.4219846130340468,0.10525647604384626,3.4223445183228045,0.0,0.0,0.0,0.0,0.0,0.0,0.0,0.0,0.0,0.0,0.0,3.4219846130340468,0.10525647604384626,0.0,0.0,0.0,0.0,-0.7055236101150513,-0.011895286850631237,-3.7663936664188395,0.032641663457218716,0,1,0.0,5.581995010375977,2.797236919403076,0.0,0.0,0.0,0.0,0.0,0.0,0.0,0.0,0,2,11,11,34752,10,251,46,1024,9,10,56,57,10,57,47,0,0,0,0,0,0,0,5.205300230067259,0.059283116757869736,4.301826757364935,0.059283116757869736,b1,0,3.6719999999999997,8.478,1.597,3.6719999999999997,10.284950668216833,1.597,24,24,0,0,0,0,0,0,1,0,0,0,43,43,72.54509450883558,0,5.205300230067259,0.059283116757869736,1,0,0,0,43,43,117.9709520597658,0,5.205300230067259,0.059283116757869736,1,0,0,0,43,43,163.396809610696,0,5.205300230067259,0.059283116757869736,1,3,3,1,57,54,106.77817424526205,0,5.205300230067259,0.059283116757869736,1,9,9,1,103,94,147.39925398317584,0,5.205300230067259,0.059283116757869736,1,10,10,1,183,173,247.80541345528513,0,5.205300230067259,0.059283116757869736,1,0,0,0,46,46,71.63247235861644,0,6.404977694790098,0.03875538513665444,1,0,0,0,50,50,75.33128530708363,0,5.205300230067259,0.059283116757869736,13,nuscenes_mf/v1.0-mini/mini_val/325cef682f064c55a255f2625c533b75/ec5241e32939433baeb2b3955920b28c,dev,60
4,ct_joint_full,0,9,8,0,0,0,0,1,9,-1.0,0,8.675680160522461,3.671999931335449,50.875783926245575,0,0,0,0,0.4999210834503174,1.1099861860275269,0,0,0,0,0,1,0,0,1,0,0,0.0,0.0,0.0,7.65931669081528,0.0,7.659317411449806,2.9732412902226337,3.640759461242135,3.639636179652061,-0.0904336385531348,0.6675187289294326,1,3.121204680735252,3.678829086888595,0,0,1,7.65931669081528,0.0,7.659317411449806,7.65931669081528,0.0,7.659317411449806,7.65931669081528,7.65931669081528,7.65931669081528,0.0,0,0,1,7.65931669081528,0.0,7.659317411449806,0.0,0.0,0.0,0.0,0.0,0.0,0.0,0.0,0.0,0.0,0.0,7.65931669081528,0.0,0.0,0.0,0.0,0.0,-0.327534019947052,0.015694204717874527,1.458944820923288,-0.06606035714872181,0,1,0.0,1.8981791734695435,1.8981791734695435,0.0,0.0,0.0,0.0,0.0,0.0,0.0,0.0,0,2,10,10,34688,9,147,67,1024,8,8,38,38,8,38,30,5,5,0,0,0,0,0,3.6407594612420855,0.050631746411323564,3.5421217080019876,0.050631746411323564,b1,0,3.6719999999999997,8.478,1.597,3.6719999999999997,8.675679780619504,1.597,0,0,0,0,0,0,0,0,1,5,5,1,39,34,52.20884152746759,0,3.6407594612420855,0.050631746411323564,1,5,5,1,39,34,84.90066465049051,0,3.6407594612420855,0.050631746411323564,1,5,5,1,39,34,117.59248777351341,0,3.6407594612420855,0.050631746411323564,1,6,6,1,43,37,81.30074500539853,0,3.6407594612420855,0.050631746411323564,1,8,8,1,70,62,116.78064848481678,0,3.6407594612420855,0.050631746411323564,1,8,8,1,134,126,206.9044554414223,0,3.6407594612420855,0.050631746411323564,1,8,8,1,36,28,53.3633547643858,0,2.973241283809081,0.04018105539144923,1,8,8,1,42,34,53.94503099259443,0,3.6407594612420855,0.050631746411323564,13,nuscenes_mf/v1.0-mini/mini_val/325cef682f064c55a255f2625c533b75/ec5241e32939433baeb2b3955920b28c,dev,60
5,ct_joint_full,0,0,0,0,0,51,51,0,0,-1.0,0,11.316072463989258,3.671999931335449,66.35952996415956,0,0,0,0,0.499255895614624,1.1091198921203613,0,0,0,0,0,1,0,0,1,1,1,51.0,51.0,25.0,7.467294877659774,0.0,7.467299782907728,12.398505940621686,10.516530830141573,-10.51069361376534,-0.3503537343770815,1.8823975047403712,1,4.388348198181871,2.98159976054526,0,1,1,7.467294877659774,0.0,7.467299782907728,7.467294877659774,0.0,7.467299782907728,7.467294877659774,7.467294877659774,7.467294877659774,0.0,0,0,1,7.467294877659774,0.0,7.467299782907728,0.0,0.0,0.0,0.0,0.0,0.0,0.0,0.0,0.0,0.0,0.0,7.467294877659774,0.0,0.0,0.0,0.0,0.0,-0.7617833018302917,-0.014681119471788406,-5.015558723484781,-0.279511556569742,0,1,0.0,6.101287841796875,2.971444845199585,0.0,0.0,0.0,0.0,0.0,0.0,0.0,0.0,0,2,2,8,34688,0,0,236,1024,0,0,204,225,0,225,225,0,0,0,0,0,0,0,10.516530830141553,0.0013225196003913142,9.098817614238904,0.0013225196003913142,b1,0,3.6719999999999997,8.478,1.597,3.6719999999999997,11.316072086275721,1.597,51,51,0,0,0,0,0,0,1,0,0,0,259,259,85.57192732486175,0,10.516530830141553,0.0013225196003913142,1,0,0,0,259,259,139.15484988269628,0,10.516530830141553,0.0013225196003913142,1,0,0,0,259,259,192.73777244053082,0,10.516530830141553,0.0013225196003913142,1,0,0,0,344,344,123.09835743690981,0,10.516530830141553,0.0013225196003913142,1,0,0,0,465,465,167.0127875459832,0,10.516530830141553,0.0013225196003913142,1,0,0,0,845,845,274.0056477671047,0,10.516530830141553,0.0013225196003913142,1,0,0,0,294,294,85.5560695319354,0,12.398505997087058,0.060181196979910534,1,0,0,0,283,283,91.94392814378182,0,10.516530830141553,0.0013225196003913142,13,nuscenes_mf/v1.0-mini/mini_val/325cef682f064c55a255f2625c533b75/ec5241e32939433baeb2b3955920b28c,dev,60
6,ct_joint_full,0,0,0,0,0,0,0,0,0,-1.0,0,8.859822273254395,3.671999931335449,51.955627139196395,0,0,0,0,0.4998891353607178,1.0006017684936523,0,0,0,0,0,1,0,0,1,0,0,0.0,0.0,0.0,9.787676123942015,0.0,9.78767829321014,6.775062851610186,7.869656236019616,7.867543722687808,0.18233945526595238,1.0956420785368015,1,4.840150018282126,5.852132717266463,0,0,1,9.787676123942015,0.0,9.78767829321014,9.787676123942015,0.0,9.78767829321014,9.787676123942015,9.787676123942015,9.787676123942015,0.0,0,0,1,9.787676123942015,0.0,9.78767829321014,0.0,0.0,0.0,0.0,0.0,0.0,0.0,0.0,0.0,0.0,0.0,9.787676123942015,0.0,0.0,0.0,0.0,0.0,-0.422040730714798,0.013780755922198296,2.6089927338006507,0.14540251474842825,0,1,0.0,3.254365921020508,2.0835769176483154,0.0,0.0,0.0,0.0,0.0,0.0,0.0,0.0,0,2,20,20,34720,0,0,280,1024,0,0,207,207,0,207,207,0,0,0,0,0,0,0,7.869656236019656,0.0075590822696685045,7.679268717546258,0.0075590822696685045,b1,0,3.6719999999999997,8.478,1.597,3.6719999999999997,8.859822691938032,1.597,0,0,0,0,0,0,0,0,1,0,0,0,187,187,54.53721609974652,0,7.869656236019656,0.0075590822696685045,1,0,0,0,187,187,88.6870070200637,0,7.869656236019656,0.0075590822696685045,1,0,0,0,187,187,122.83679794038088,0,7.869656236019656,0.0075590822696685045,1,0,0,0,285,285,84.21772910844581,0,7.869656236019656,0.0075590822696685045,1,0,0,0,355,355,120.2862421134268,0,7.869656236019656,0.0075590822696685045,1,0,0,0,591,591,211.58726813082535,0,7.869656236019656,0.0075590822696685045,1,0,0,0,140,140,54.67075112887275,0,6.775062822545746,0.009549211842481808,1,0,0,0,198,198,56.97898743862508,0,7.869656236019656,0.0075590822696685045,13,nuscenes_mf/v1.0-mini/mini_val/325cef682f064c55a255f2625c533b75/ec5241e32939433baeb2b3955920b28c,dev,60
7,ct_joint_full,0,0,0,0,0,25,25,0,0,-1.0,0,10.041566848754883,3.671999931335449,58.88559465376127,0,0,0,0,0.49931883811950684,0.9994922280311584,0,0,0,0,0,1,0,0,1,1,0,25.0,25.0,10.0,9.616886539848243,0.0,9.616886589166844,12.625962999463237,11.394641130644295,-11.394187427218265,0.10171305390701657,1.231445484435686,1,4.661114314294474,3.3835932793152668,0,0,1,9.616886539848243,0.0,9.616886589166844,9.616886539848243,0.0,9.616886589166844,9.616886539848243,9.616886539848243,9.616886539848243,0.0,0,0,1,9.616886539848243,0.0,9.616886589166844,0.0,0.0,0.0,0.0,0.0,0.0,0.0,0.0,0.0,0.0,0.0,9.616886539848243,0.0,0.0,0.0,0.0,0.0,-0.7553983926773071,-0.008170933462679386,-7.744993585880612,0.1045224110311305,0,1,0.0,6.195287227630615,3.144103527069092,0.0,0.0,0.0,0.0,0.0,0.0,0.0,0.0,0,2,15,15,34720,0,0,413,1024,0,0,279,316,0,316,316,0,0,0,0,0,0,0,11.394641130644368,0.006483544528484431,10.612865166858944,0.006483544528484431,b1,0,3.6719999999999997,8.478,1.597,3.6719999999999997,10.041566803572199,1.597,25,25,0,0,0,0,0,0,1,0,0,0,364,364,69.47032925423467,0,11.394641130644368,0.006483544528484431,1,0,0,0,364,364,112.97084851173916,0,11.394641130644368,0.006483544528484431,1,0,0,0,364,364,156.47136776924367,0,11.394641130644368,0.006483544528484431,1,0,0,0,523,523,102.92606784902141,0,11.394641130644368,0.006483544528484431,1,0,0,0,764,764,142.7698064445518,0,11.394641130644368,0.006483544528484431,1,0,0,0,1803,1803,241.62128363486892,0,11.394641130644368,0.006483544528484431,1,0,0,0,365,365,70.32423233567614,0,12.625963114275299,0.009169238890347375,1,0,0,0,376,376,73.01704768364502,0,11.394641130644368,0.006483544528484431,13,nuscenes_mf/v1.0-mini/mini_val/325cef682f064c55a255f2625c533b75/ec5241e32939433baeb2b3955920b28c,dev,60
8,ct_joint_full,0,0,0,0,0,0,0,0,0,-1.0,0,8.494319915771484,3.671999931335449,49.81225409872298,0,0,0,0,0.5004479885101318,1.0016893148422241,0,0,0,0,0,1,0,0,1,0,0,0.0,0.0,0.0,11.478925600091307,0.0,11.478955209212858,8.945484109637775,9.672644015080687,9.672641158447579,-0.0074713799592248595,0.7272487499455345,1,5.935246436893647,7.869999228119264,0,0,0,11.478925600091307,0.0,11.478955209212858,11.478925600091307,0.0,11.478955209212858,11.478925600091307,11.478925600091307,11.478925600091307,0.0,0,0,1,11.478925600091307,0.0,11.478955209212858,0.0,0.0,0.0,0.0,0.0,0.0,0.0,0.0,0.0,0.0,0.0,11.478925600091307,0.0,0.0,0.0,0.0,0.0,-0.44523414969444275,0.0127123286947608,5.477261833422294,0.004448557450108975,0,1,0.0,3.4479269981384277,2.1435720920562744,0.0,0.0,0.0,0.0,0.0,0.0,0.0,0.0,0,2,23,26,34752,0,0,445,1024,0,0,293,293,0,293,293,0,0,0,0,0,0,0,9.672644015080717,0.012973951935768224,9.666847808649393,0.012973951935768224,b1,0,3.6719999999999997,8.478,1.597,3.6719999999999997,8.49432039072098,1.597,0,0,0,0,0,0,0,0,1,0,0,0,293,293,49.89069770065369,0,9.672644015080717,0.012973951935768224,1,0,0,0,293,293,81.13095925397472,0,9.672644015080717,0.012973951935768224,1,0,0,0,293,293,112.37122080729576,0,9.672644015080717,0.012973951935768224,1,0,0,0,438,438,78.39699972340325,0,9.672644015080717,0.012973951935768224,1,0,0,0,600,600,113.29130174615281,0,9.672644015080717,0.012973951935768224,1,0,0,0,1398,1398,202.24390579090826,0,9.672644015080717,0.012973951935768224,1,0,0,0,318,318,54.61545307661382,0,8.945484139074631,0.00614483800237875,1,0,0,0,293,293,51.54725455615052,0,9.672644015080717,0.012973951935768224,13,nuscenes_mf/v1.0-mini/mini_val/325cef682f064c55a255f2625c533b75/ec5241e32939433baeb2b3955920b28c,dev,60
9,ct_joint_full,0,0,0,0,0,8,8,0,0,-1.0,0,9.694067001342773,3.671999931335449,56.8477916430199,0,0,0,0,0.5004181861877441,1.0010697841644287,0,0,0,0,0,1,0,0,1,0,0,8.0,8.0,4.0,11.11554619248143,0.0,11.11559264954025,13.841137265124011,12.73848735192441,-12.737566460590923,0.15319907960547985,1.1027870410917395,1,4.971842577668999,3.843819957202623,0,0,1,11.11554619248143,0.0,11.11559264954025,11.11554619248143,0.0,11.11559264954025,11.11554619248143,11.11554619248143,11.11554619248143,0.0,0,0,1,11.11554619248143,0.0,11.11559264954025,0.0,0.0,0.0,0.0,0.0,0.0,0.0,0.0,0.0,0.0,0.0,11.11554619248143,0.0,0.0,0.0,0.0,0.0,-0.7925657629966736,-0.006212008651345968,-9.947060116697937,0.18939192725519924,0,1,0.0,6.4987616539001465,3.2489147186279297,0.0,0.0,0.0,0.0,0.0,0.0,0.0,0.0,0,2,23,42,34720,0,0,476,1024,0,0,216,287,0,287,287,0,0,0,0,0,0,0,12.738487351924364,0.03907225888967525,12.130474381875588,0.03907225888967525,b1,0,3.6719999999999997,8.478,1.597,3.6719999999999997,9.6940670696223,1.597,8,8,0,0,0,0,0,0,1,0,0,0,341,341,65.08011568478913,0,12.738487351924364,0.03907225888967525,1,0,0,0,341,341,105.83159701527701,0,12.738487351924364,0.03907225888967525,1,0,0,0,341,341,146.5830783457649,0,12.738487351924364,0.03907225888967525,1,0,0,0,563,563,97.42595236158557,0,12.738487351924364,0.03907225888967525,1,0,0,0,842,842,136.15978903912566,0,12.738487351924364,0.03907225888967525,1,0,0,0,2244,2244,232.79146239494952,0,12.738487351924364,0.03907225888967525,1,0,0,0,326,326,66.47178817357813,0,13.841137316346504,0.056757625538679246,1,0,0,0,350,350,67.99558498983978,0,12.738487351924364,0.03907225888967525,13,nuscenes_mf/v1.0-mini/mini_val/325cef682f064c55a255f2625c533b75/ec5241e32939433baeb2b3955920b28c,dev,60
10,ct_joint_full,0,0,0,0,0,0,0,0,0,-1.0,0,8.487332344055176,3.671999931335449,49.771277693158176,0,0,0,0,0.5004160404205322,0.9999659061431885,0,0,0,0,0,1,0,0,1,0,0,0.0,0.0,0.0,12.882414345943843,0.0,12.882505176510394,10.252642135704214,11.156905959428808,11.127256661048728,0.8128461250053642,0.9076551518787683,1,5.33132447588064,5.560125624887501,0,0,1,12.882414345943843,0.0,12.882505176510394,12.882414345943843,0.0,12.882505176510394,12.882414345943843,12.882414345943843,12.882414345943843,0.0,0,0,1,12.882414345943843,0.0,12.882505176510394,0.0,0.0,0.0,0.0,0.0,0.0,0.0,0.0,0.0,0.0,0.0,12.882414345943843,0.0,0.0,0.0,0.0,0.0,-0.6101001501083374,0.01087875198572874,6.869698988757446,0.9886436000480329,0,1,0.0,4.7580366134643555,2.6950764656066895,0.0,0.0,0.0,0.0,0.0,0.0,0.0,0.0,0,2,25,44,34752,0,0,446,1024,0,0,299,299,0,299,299,0,0,0,0,0,0,0,11.1569059594288,0.044137102007866025,11.158383587060994,0.044137102007866025,b1,0,3.6719999999999997,8.478,1.597,3.6719999999999997,8.487331903360896,1.597,0,0,0,0,0,0,0,0,1,0,0,0,251,251,49.786851072826884,0,11.1569059594288,0.044137102007866025,1,0,0,0,251,251,80.96208655988193,0,11.1569059594288,0.044137102007866025,1,0,0,0,251,251,112.13732204693696,0,11.1569059594288,0.044137102007866025,1,0,0,0,399,399,78.26716236779279,0,11.1569059594288,0.044137102007866025,1,0,0,0,585,585,113.13547366052772,0,11.1569059594288,0.044137102007866025,1,0,0,0,1447,1447,202.03609624971588,0,11.1569059594288,0.044137102007866025,1,0,0,0,285,285,56.21617024439375,0,10.252642183035762,0.03269292256617784,1,0,0,0,292,292,52.43311945521765,0,11.1569059594288,0.044137102007866025,13,nuscenes_mf/v1.0-mini/mini_val/325cef682f064c55a255f2625c533b75/ec5241e32939433baeb2b3955920b28c,dev,60
11,ct_joint_full,0,0,0,0,0,25,25,0,0,-1.0,0,9.575550079345703,3.671999931335449,56.15278661706658,0,0,0,0,0.5004408359527588,1.0000474452972412,0,0,0,0,0,1,0,0,1,1,0,25.0,25.0,18.0,12.420857925161362,0.0,12.421659334987751,15.158061758289268,14.021924958939797,-13.917486026175872,-1.7082058404678102,1.1436186838159235,1,5.444696013822905,4.666422018795712,0,0,1,12.420857925161362,0.0,12.421659334987751,12.420857925161362,0.0,12.421659334987751,12.420857925161362,12.420857925161362,12.420857925161362,0.0,0,0,1,12.420857925161362,0.0,12.421659334987751,0.0,0.0,0.0,0.0,0.0,0.0,0.0,0.0,0.0,0.0,0.0,12.420857925161362,0.0,0.0,0.0,0.0,0.0,-0.7883747816085815,-0.004376600030809641,-10.382698345842728,-2.1059847034109405,0,0,0.0,6.625596523284912,3.3890326023101807,0.0,0.0,0.0,0.0,0.0,0.0,0.0,0.0,0,2,30,48,34784,0,0,347,1024,0,0,204,267,0,267,267,0,0,0,0,0,0,0,14.021924958939806,0.14837605023384104,13.477631379640208,0.14837605023384104,b1,0,3.6719999999999997,8.478,1.597,3.6719999999999997,9.575550466833942,1.597,25,25,0,0,0,0,0,0,1,0,0,0,208,208,63.58281954780454,0,14.021924958939806,0.14837605023384104,1,0,0,0,208,208,103.39673285262892,0,14.021924958939806,0.14837605023384104,1,0,0,0,208,208,143.2106461574533,0,14.021924958939806,0.14837605023384104,1,0,0,0,332,332,95.55012053278135,0,14.021924958939806,0.14837605023384104,1,0,0,0,492,492,133.9054215185018,0,14.021924958939806,0.14837605023384104,1,0,0,0,1216,1216,229.78002348622448,0,14.021924958939806,0.14837605023384104,1,0,0,0,220,220,65.9987278884777,0,15.158061642783046,0.15521736875719594,1,0,0,0,216,216,66.81466270708928,0,14.021924958939806,0.14837605023384104,13,nuscenes_mf/v1.0-mini/mini_val/325cef682f064c55a255f2625c533b75/ec5241e32939433baeb2b3955920b28c,dev,60
12,ct_joint_full,0,0,0,0,0,0,0,0,0,-1.0,0,8.514863967895508,3.671999931335449,49.93272819844687,0,0,0,0,0.5004229545593262,0.9999890327453613,0,0,0,0,0,1,0,0,1,0,0,0.0,0.0,0.0,14.591606772817064,0.0,14.59347805208913,11.463569160151806,12.435571820450699,12.349782911770143,1.4581906807132132,0.9804465097026679,1,5.674238947182657,5.927752310335161,0,0,1,14.591606772817064,0.0,14.59347805208913,14.591606772817064,0.0,14.59347805208913,14.591606772817064,14.591606772817064,14.591606772817064,0.0,0,0,1,14.591606772817064,0.0,14.59347805208913,0.0,0.0,0.0,0.0,0.0,0.0,0.0,0.0,0.0,0.0,0.0,14.591606772817064,0.0,0.0,0.0,0.0,0.0,-0.6523551344871521,0.009978916496038437,7.565061412460829,1.7480926402025496,0,0,0.0,5.184162616729736,2.9001269340515137,0.0,0.0,0.0,0.0,0.0,0.0,0.0,0.0,0,2,42,60,34720,0,0,268,1024,0,0,169,169,0,169,169,0,0,0,0,0,0,0,12.435571820450688,0.24109938853979118,12.45388920650232,0.24109938853979118,b1,0,3.6719999999999997,8.478,1.597,3.6719999999999997,8.514863637168013,1.597,0,0,0,0,0,0,0,0,1,0,0,0,149,149,50.17576159741962,0,12.435571820450688,0.24109938853979118,1,0,0,0,149,149,81.59452277301112,0,12.435571820450688,0.24109938853979118,1,0,0,0,149,149,113.01328394860262,0,12.435571820450688,0.24109938853979118,1,0,0,0,218,218,78.75369980446109,0,12.435571820450688,0.24109938853979118,1,0,0,0,327,327,113.71963801298989,0,12.435571820450688,0.24109938853979118,1,0,0,0,739,739,202.81551442558552,0,12.435571820450688,0.24109938853979118,1,0,0,0,157,157,56.76275374323352,0,11.463569189039577,0.23126597937861404,1,0,0,0,170,170,52.81623145950169,0,12.435571820450688,0.24109938853979118,13,nuscenes_mf/v1.0-mini/mini_val/325cef682f064c55a255f2625c533b75/ec5241e32939433baeb2b3955920b28c,dev,60
13,ct_joint_full,0,0,0,0,0,15,15,0,0,-1.0,0,9.839411735534668,3.671999931335449,57.7001198933411,0,0,0,0,0.4998810291290283,0.9988992214202881,0,0,0,0,0,1,0,0,1,0,0,15.0,15.0,13.0,14.22517423018065,0.0,14.22889698411456,17.259615759157363,16.003745204668903,-15.99884205087547,-0.3961547315923159,1.2561284819562044,1,6.258436172000937,6.43020051477824,0,0,0,14.22517423018065,0.0,14.22889698411456,14.22517423018065,0.0,14.22889698411456,14.22517423018065,14.22517423018065,14.22517423018065,0.0,0,0,1,14.22517423018065,0.0,14.22889698411456,0.0,0.0,0.0,0.0,0.0,0.0,0.0,0.0,0.0,0.0,0.0,14.22517423018065,0.0,0.0,0.0,0.0,0.0,-0.7429378032684326,-0.004996669013053179,-10.205526993562508,-0.4296587791261165,0,1,0.0,6.316222190856934,3.3208296298980713,0.0,0.0,0.0,0.0,0.0,0.0,0.0,0.0,0,2,45,63,34688,0,0,222,1024,0,0,104,118,0,118,118,0,0,0,0,0,0,0,16.003745204668913,0.3336951952576638,15.323321510723883,0.3336951952576638,b1,0,3.6719999999999997,8.478,1.597,3.6719999999999997,9.839411925877661,1.597,15,15,0,0,0,0,0,0,1,0,0,0,123,123,66.91639513627905,0,16.003745204668913,0.3336951952576638,1,0,0,0,133,133,108.8177070563035,0,16.003745204668913,0.3336951952576638,1,0,0,0,133,133,150.71901897632796,0,16.003745204668913,0.3336951952576638,1,0,0,0,173,173,99.72646608290309,0,16.003745204668913,0.3336951952576638,1,0,0,0,258,258,138.92453703175812,0,16.003745204668913,0.3336951952576638,1,0,0,0,455,455,236.4846789264935,0,16.003745204668913,0.3336951952576638,1,0,0,0,129,129,68.90851485245254,0,17.259615785440115,0.3262747774285174,1,0,0,0,140,140,70.54265246036401,0,16.003745204668913,0.3336951952576638,13,nuscenes_mf/v1.0-mini/mini_val/325cef682f064c55a255f2625c533b75/ec5241e32939433baeb2b3955920b28c,dev,60
14,ct_joint_full,0,0,0,0,0,0,0,0,0,-1.0,0,8.521409034729004,3.671999931335449,49.97110967400183,0,0,0,0,0.4998750686645508,0.9994463324546814,0,0,0,0,0,1,0,0,1,0,0,0.0,0.0,0.0,18.467365734475475,0.0,18.469340373028118,13.307734163676853,14.26618812674561,14.23659439071855,0.9184212282042545,0.9613623078346015,1,7.279005854447107,9.516823945680102,0,0,0,18.467365734475475,0.0,18.469340373028118,18.467365734475475,0.0,18.469340373028118,18.467365734475475,18.467365734475475,18.467365734475475,0.0,0,0,1,18.467365734475475,0.0,18.469340373028118,0.0,0.0,0.0,0.0,0.0,0.0,0.0,0.0,0.0,0.0,0.0,18.467365734475475,0.0,0.0,0.0,0.0,0.0,-0.5849871635437012,0.011333297938108444,8.078451067147846,1.021536609404904,0,0,0.0,4.643659591674805,2.678056001663208,0.0,0.0,0.0,0.0,0.0,0.0,0.0,0.0,0,2,49,50,34720,0,0,134,1024,0,0,69,69,0,69,69,0,0,0,0,0,0,0,14.2661881267456,0.3094650604128838,14.24548067034745,0.3094650604128838,b1,0,3.6719999999999997,8.478,1.597,3.6719999999999997,8.521409229516582,1.597,0,0,0,0,0,0,0,0,1,0,0,0,68,68,50.25658020005655,0,14.2661881267456,0.3094650604128838,1,0,0,0,68,68,81.72594788950961,0,14.2661881267456,0.3094650604128838,1,0,0,0,68,68,113.19531557896268,0,14.2661881267456,0.3094650604128838,1,0,0,0,100,100,78.85498210744512,0,14.2661881267456,0.3094650604128838,1,0,0,0,146,146,113.8413840170647,0,14.2661881267456,0.3094650604128838,1,0,0,0,280,280,202.9781878310982,0,14.2661881267456,0.3094650604128838,1,0,0,0,80,80,56.28519967780655,0,13.307734183653455,0.3010707259590304,1,0,0,0,70,70,53.03129144214779,0,14.2661881267456,0.3094650604128838,13,nuscenes_mf/v1.0-mini/mini_val/325cef682f064c55a255f2625c533b75/ec5241e32939433baeb2b3955920b28c,dev,60
15,ct_joint_full,0,0,0,0,0,0,0,0,0,-1.0,0,11.458854675292969,3.671999931335449,67.19683110901431,0,0,0,0,0.4993269443511963,0.9988974928855896,0,0,0,0,0,1,0,0,1,0,1,0.0,0.0,0.0,18.15868991853592,0.0,18.160342717553824,23.213320526783825,21.43599691668706,-21.3654464455246,-1.7377207774630172,1.7817743394256111,1,10.154528595365315,14.624090864970745,0,0,0,18.15868991853592,0.0,18.160342717553824,18.15868991853592,0.0,18.160342717553824,18.15868991853592,18.15868991853592,18.15868991853592,0.0,0,0,1,18.15868991853592,0.0,18.160342717553824,0.0,0.0,0.0,0.0,0.0,0.0,0.0,0.0,0.0,0.0,0.0,18.15868991853592,0.0,0.0,0.0,0.0,0.0,-0.6559166312217712,-0.009343836456537247,-8.521309143343828,-1.211355970418837,0,0,0.0,5.650614261627197,3.0365407466888428,0.0,0.0,0.0,0.0,0.0,0.0,0.0,0.0,0,2,97,97,34688,0,0,164,1024,0,0,39,39,0,39,39,0,0,0,0,0,0,0,21.435996916687113,0.2530678505301476,19.951445524503768,0.2530678505301476,b1,0,3.6719999999999997,8.478,1.597,3.6719999999999997,11.458854482116264,1.597,0,0,0,0,0,0,0,0,1,0,0,0,70,70,87.37606382452138,0,21.435996916687113,0.2530678505301476,1,0,0,0,80,80,142.0886898887176,0,21.435996916687113,0.2530678505301476,1,0,0,0,96,96,196.80131595291382,0,21.435996916687113,0.2530678505301476,1,0,0,0,97,97,125.35859815994463,0,21.435996916687113,0.2530678505301476,1,0,0,0,118,118,169.72913249685521,0,21.435996916687113,0.2530678505301476,1,0,0,0,180,180,277.6342011684454,0,21.435996916687113,0.2530678505301476,1,0,0,0,52,52,85.84383012567046,0,23.2133206331972,0.21039881710822428,1,0,0,0,70,70,93.30923417237724,0,21.435996916687113,0.2530678505301476,13,nuscenes_mf/v1.0-mini/mini_val/325cef682f064c55a255f2625c533b75/ec5241e32939433baeb2b3955920b28c,dev,60
16,ct_joint_full,0,0,0,0,0,0,0,0,0,-1.0,0,8.920692443847656,3.671999931335449,52.312581013631295,0,0,0,0,0.5004410743713379,1.0016814470291138,0,0,0,0,0,1,0,0,1,0,0,0.0,0.0,0.0,21.118338846008644,0.0,21.11950576347719,17.350881552969824,18.59818999555258,18.528504123763238,1.608479949113014,1.2542347457992338,1,14.658119059727696,25.00058026537519,0,0,0,21.118338846008644,0.0,21.11950576347719,21.118338846008644,0.0,21.11950576347719,21.118338846008644,21.118338846008644,21.118338846008644,0.0,0,0,1,21.118338846008644,0.0,21.11950576347719,0.0,0.0,0.0,0.0,0.0,0.0,0.0,0.0,0.0,0.0,0.0,21.118338846008644,0.0,0.0,0.0,0.0,0.0,-0.4701794683933258,0.01319174561649561,6.476443609375249,1.1450116002345676,0,0,0.0,3.742051839828491,2.3121895790100098,0.0,0.0,0.0,0.0,0.0,0.0,0.0,0.0,0,2,146,166,34752,0,0,138,1024,0,0,80,82,0,82,82,0,0,0,0,0,0,0,18.598189995552527,0.22800624781847012,18.378703604114953,0.22800624781847012,b1,0,3.6719999999999997,8.478,1.597,3.6719999999999997,8.920692637413694,1.597,0,0,0,0,0,0,0,0,1,0,0,0,60,60,55.306783341659695,0,18.598189995552527,0.22800624781847012,1,0,0,0,68,68,89.93845731890434,0,18.598189995552527,0.22800624781847012,1,0,0,0,83,83,124.57013129614899,0,18.598189995552527,0.22800624781847012,1,0,0,0,64,64,85.18184339456167,0,18.598189995552527,0.22800624781847012,1,0,0,0,81,81,121.44490344300168,0,18.598189995552527,0.22800624781847012,1,0,0,0,131,131,213.13502354657464,0,18.598189995552527,0.22800624781847012,1,0,0,0,52,52,55.33472819232914,0,17.350881566450195,0.223353296680058,1,0,0,0,60,60,58.19930485069701,0,18.598189995552527,0.22800624781847012,13,nuscenes_mf/v1.0-mini/mini_val/325cef682f064c55a255f2625c533b75/ec5241e32939433baeb2b3955920b28c,dev,60
17,ct_joint_full,0,0,0,0,0,0,0,0,0,-1.0,0,10.5226469039917,3.671999931335449,61.70673656870026,0,0,0,0,0.49985289573669434,0.9999377727508545,0,0,0,0,0,1,0,0,1,0,1,0.0,0.0,0.0,20.82038935365495,0.0,20.821476833569896,24.557719994274986,23.13889377141527,-23.080647687919285,-1.640778456765599,1.4215714864362032,1,10.681029761290892,15.55726735682556,0,0,0,20.82038935365495,0.0,20.821476833569896,20.82038935365495,0.0,20.821476833569896,20.82038935365495,20.82038935365495,20.82038935365495,0.0,0,0,1,20.82038935365495,0.0,20.821476833569896,0.0,0.0,0.0,0.0,0.0,0.0,0.0,0.0,0.0,0.0,0.0,20.82038935365495,0.0,0.0,0.0,0.0,0.0,-0.7060152292251587,-0.009006214328110218,-12.169158317579463,-1.508489520140854,0,0,0.0,5.905632972717285,3.084807872772217,0.0,0.0,0.0,0.0,0.0,0.0,0.0,0.0,0,2,278,360,34720,0,0,59,1024,0,0,7,26,0,26,26,0,0,0,0,0,0,0,23.138893771415304,0.22200918608903897,22.119640338286867,0.22200918608903897,b1,0,3.6719999999999997,8.478,1.597,3.6719999999999997,10.5226471986791,1.597,0,0,0,0,0,0,0,0,1,0,0,0,12,12,75.54819194528973,0,23.138893771415304,0.22200918608903897,1,0,0,0,12,12,122.85451125981054,0,23.138893771415304,0.22200918608903897,1,0,0,0,12,12,170.16083057433133,0,23.138893771415304,0.22200918608903897,1,0,0,0,15,15,110.540491169787,0,23.138893771415304,0.22200918608903897,1,0,0,0,25,25,151.92079039502795,0,23.138893771415304,0.22200918608903897,1,0,0,0,64,64,253.84538884476618,0,23.138893771415304,0.22200918608903897,1,0,0,0,7,7,75.63382136761305,0,24.557720038194038,0.2163363613339746,1,0,0,0,12,12,79.90205698387436,0,23.138893771415304,0.22200918608903897,13,nuscenes_mf/v1.0-mini/mini_val/325cef682f064c55a255f2625c533b75/ec5241e32939433baeb2b3955920b28c,dev,60
18,ct_joint_full,0,0,0,0,0,0,0,0,0,-1.0,0,8.64716911315918,3.671999931335449,50.7085899013015,0,0,0,0,0.49991798400878906,0.9995421171188354,0,0,0,0,0,1,0,0,1,0,0,0.0,0.0,0.0,21.519075065040226,0.0,21.520139625409033,20.02392048522032,20.970410602865076,20.943978411603446,1.0525732380143447,0.9485856743194778,1,17.97861027021908,31.668031201754072,0,0,0,21.519075065040226,0.0,21.520139625409033,21.519075065040226,0.0,21.520139625409033,21.519075065040226,21.519075065040226,21.519075065040226,0.0,0,0,1,21.519075065040226,0.0,21.520139625409033,0.0,0.0,0.0,0.0,0.0,0.0,0.0,0.0,0.0,0.0,0.0,21.519075065040226,0.0,0.0,0.0,0.0,0.0,-0.47463977336883545,0.012873724102973938,10.006148413193399,0.9815067015415053,0,1,0.0,3.7342774868011475,2.286541223526001,0.0,0.0,0.0,0.0,0.0,0.0,0.0,0.0,0,2,398,530,34688,0,0,91,1024,0,0,51,51,0,51,51,0,0,0,0,0,0,0,20.97041060286516,0.2128020044565202,20.886576326026464,0.2128020044565202,b1,0,3.6719999999999997,8.478,1.597,3.6719999999999997,8.647168664727042,1.597,0,0,0,0,0,0,0,0,1,0,0,0,26,26,51.84988391299453,0,20.97041060286516,0.2128020044565202,1,0,0,0,31,31,84.31693708331045,0,20.97041060286516,0.2128020044565202,1,0,0,0,36,36,116.78399025362637,0,20.97041060286516,0.2128020044565202,1,0,0,0,31,31,80.85101730466168,0,20.97041060286516,0.2128020044565202,1,0,0,0,42,42,116.24015069632884,0,20.97041060286516,0.2128020044565202,1,0,0,0,71,71,206.18241747743218,0,20.97041060286516,0.2128020044565202,1,0,0,0,32,32,55.143566209077655,0,20.02392047780471,0.20309826731718306,1,0,0,0,32,32,54.11772193095926,0,20.97041060286516,0.2128020044565202,13,nuscenes_mf/v1.0-mini/mini_val/325cef682f064c55a255f2625c533b75/ec5241e32939433baeb2b3955920b28c,dev,60
19,ct_joint_full,0,0,0,0,0,0,0,0,0,-1.0,0,8.675580024719238,3.671999931335449,50.87519671148042,0,0,0,0,0.49929308891296387,0.9988150000572205,0,0,0,0,0,1,0,0,1,0,0,0.0,0.0,0.0,21.526581418825895,0.0,21.527596883312253,22.465690878477513,21.698820744195483,-21.657669842120594,-1.3357342965974983,0.7684106304948656,1,7.810231838160517,9.201283283102038,0,0,0,21.526581418825895,0.0,21.527596883312253,21.526581418825895,0.0,21.527596883312253,21.526581418825895,21.526581418825895,21.526581418825895,0.0,0,0,1,21.526581418825895,0.0,21.527596883312253,0.0,0.0,0.0,0.0,0.0,0.0,0.0,0.0,0.0,0.0,0.0,21.526581418825895,0.0,0.0,0.0,0.0,0.0,-0.8799683451652527,0.004172327928245068,-25.681992223572024,-2.544485268358677,0,0,0.0,7.199028968811035,3.4405934810638428,0.0,0.0,0.0,0.0,0.0,0.0,0.0,0.0,0,2,413,602,34688,0,0,83,1024,0,0,46,46,0,46,46,0,0,0,0,0,0,0,21.698820744195505,0.2140510272383691,21.600157491630636,0.2140510272383691,b1,0,3.6719999999999997,8.478,1.597,3.6719999999999997,8.675579835030916,1.597,0,0,0,0,0,0,0,0,1,0,0,0,39,39,52.212667390779124,0,21.698820744195505,0.2140510272383691,1,0,0,0,39,39,84.90688617022755,0,21.698820744195505,0.2140510272383691,1,0,0,0,39,39,117.60110494967597,0,21.698820744195505,0.2140510272383691,1,0,0,0,42,42,81.3054520594906,0,21.698820744195505,0.2140510272383691,1,0,0,0,44,44,116.78623672671476,0,21.698820744195505,0.2140510272383691,1,0,0,0,61,61,206.91180606339407,0,21.698820744195505,0.2140510272383691,1,0,0,0,40,40,56.349001498290505,0,22.465690923258425,0.21790647758932946,1,0,0,0,39,39,54.011128767663344,0,21.698820744195505,0.2140510272383691,13,nuscenes_mf/v1.0-mini/mini_val/325cef682f064c55a255f2625c533b75/ec5241e32939433baeb2b3955920b28c,dev,60
20,ct_joint_full,0,0,0,0,0,0,0,0,0,-1.0,0,8.489652633666992,3.671999931335449,49.784884298145094,0,0,0,0,0.49930906295776367,0.9994065761566162,0,0,0,0,0,1,0,0,1,0,0,0.0,0.0,0.0,23.78945959345031,0.0,23.79051720963854,21.362229473897358,21.5202422906189,21.41820828013447,2.0931398619650556,0.15919496897723398,1,90.1139657076739,178.31910458734487,0,0,0,23.78945959345031,0.0,23.79051720963854,23.78945959345031,0.0,23.79051720963854,23.78945959345031,23.78945959345031,23.78945959345031,0.0,0,0,1,23.78945959345031,0.0,23.79051720963854,0.0,0.0,0.0,0.0,0.0,0.0,0.0,0.0,0.0,0.0,0.0,23.78945959345031,0.0,0.0,0.0,0.0,0.0,-0.22074978053569794,0.008554705418646336,29.48769557332359,4.681199309166703,0,0,0.0,1.6115665435791016,1.6115665435791016,0.0,0.0,0.0,0.0,0.0,0.0,0.0,0.0,0,2,443,803,34688,0,0,74,1024,0,0,41,41,0,41,41,0,0,0,0,0,0,0,21.52024229061883,0.20909325444698346,21.51495240914357,0.20909325444698346,b1,0,3.6719999999999997,8.478,1.597,3.6719999999999997,8.489653072061301,1.597,0,0,0,0,0,0,0,0,1,0,0,0,30,30,49.859387708721215,0,21.52024229061883,0.20909325444698346,1,0,0,0,30,30,81.08004375676205,0,21.52024229061883,0.20909325444698346,1,0,0,0,30,30,112.30069980480289,0,21.52024229061883,0.20909325444698346,1,0,0,0,33,33,78.35730656435433,0,21.52024229061883,0.20909325444698346,1,0,0,0,39,39,113.2432254192438,0,21.52024229061883,0.20909325444698346,1,0,0,0,67,67,202.17906313051003,0,21.52024229061883,0.20909325444698346,1,0,0,0,30,30,50.837301597483645,0,21.362229476668325,0.2025848854327703,1,0,0,0,30,30,50.16851869199027,0,21.52024229061883,0.20909325444698346,13,nuscenes_mf/v1.0-mini/mini_val/325cef682f064c55a255f2625c533b75/ec5241e32939433baeb2b3955920b28c,dev,60
21,ct_joint_full,0,0,0,0,0,0,0,0,0,-1.0,0,10.049225807189941,3.671999931335449,58.93050819451341,0,0,0,0,0.49988698959350586,1.001173496246338,0,0,0,0,0,1,0,0,1,0,1,0.0,0.0,0.0,23.452347185952902,0.0,23.453324270120188,26.554083532104645,25.343096977153277,-25.341644818803374,0.27133692548697785,1.2111847710902848,1,10.662353035514862,15.318511479507507,0,0,0,23.452347185952902,0.0,23.453324270120188,23.452347185952902,0.0,23.453324270120188,23.452347185952902,23.452347185952902,23.452347185952902,0.0,0,0,1,23.452347185952902,0.0,23.453324270120188,0.0,0.0,0.0,0.0,0.0,0.0,0.0,0.0,0.0,0.0,0.0,23.452347185952902,0.0,0.0,0.0,0.0,0.0,-0.8054510951042175,-0.011273393407464027,-17.658435995491775,0.3120001520766238,0,1,0.0,6.476410865783691,3.1109583377838135,0.0,0.0,0.0,0.0,0.0,0.0,0.0,0.0,0,2,636,811,34720,0,0,34,1024,0,0,3,3,0,3,3,0,0,0,0,0,0,0,25.343096977153255,0.22532421559095395,24.557493017999892,0.22532421559095395,b1,0,3.6719999999999997,8.478,1.597,3.6719999999999997,10.049225709849258,1.597,0,0,0,0,0,0,0,0,1,0,0,0,1,1,69.5670157161532,0,25.343096977153255,0.22532421559095395,1,0,0,0,2,2,113.12807752964925,0,25.343096977153255,0.22532421559095395,1,0,0,0,2,2,156.6891393431453,0,25.343096977153255,0.22532421559095395,1,0,0,0,7,7,103.04719913169602,0,25.343096977153255,0.22532421559095395,1,0,0,0,16,16,142.91538254872617,0,25.343096977153255,0.22532421559095395,1,0,0,0,18,18,241.81574937832448,0,25.343096977153255,0.22532421559095395,1,0,0,0,1,1,70.33238255230806,0,26.554083428867706,0.2450476039499232,1,0,0,0,1,1,73.15732163589486,0,25.343096977153255,0.22532421559095395,13,nuscenes_mf/v1.0-mini/mini_val/325cef682f064c55a255f2625c533b75/ec5241e32939433baeb2b3955920b28c,dev,60
22,ct_joint_full,0,0,0,0,0,0,0,0,0,-1.0,0,8.531072616577148,3.671999931335449,50.02777869510025,0,0,0,0,0.5004210472106934,1.0016473531723022,0,0,0,0,0,1,0,0,1,0,1,0.0,0.0,0.0,23.905207687462,0.0,23.90577635161317,22.626090765083067,23.498432493650423,23.494307112950228,0.4403401880241614,0.8727990056882969,1,18.879152769233023,33.177468765547346,0,0,0,23.905207687462,0.0,23.90577635161317,23.905207687462,0.0,23.90577635161317,23.905207687462,23.905207687462,23.905207687462,0.0,0,0,1,23.905207687462,0.0,23.90577635161317,0.0,0.0,0.0,0.0,0.0,0.0,0.0,0.0,0.0,0.0,0.0,23.905207687462,0.0,0.0,0.0,0.0,0.0,-0.5202563405036926,0.01227274164557457,13.485373355244331,0.4876708585404807,0,1,0.0,4.080916404724121,2.420797109603882,0.0,0.0,0.0,0.0,0.0,0.0,0.0,0.0,0,2,473,831,34720,0,0,40,1024,0,0,7,7,0,7,7,0,0,0,0,0,0,0,23.498432493650377,0.17408126711845406,23.472623762208364,0.17408126711845406,b1,0,3.6719999999999997,8.478,1.597,3.6719999999999997,8.531072924698535,1.597,0,0,0,0,0,0,0,0,1,0,0,0,2,2,50.37872988939146,0,23.498432493650377,0.17408126711845406,1,0,0,0,3,3,81.92458454774552,0,23.498432493650377,0.17408126711845406,1,0,0,0,3,3,113.4704392060996,0,23.498432493650377,0.17408126711845406,1,0,0,0,4,4,79.0080117592588,0,23.498432493650377,0.17408126711845406,1,0,0,0,8,8,114.0252936283825,0,23.498432493650377,0.17408126711845406,1,0,0,0,20,20,203.2238573681172,0,23.498432493650377,0.17408126711845406,1,0,0,0,1,1,55.5759460470993,0,22.626090826079636,0.15772709996141887,1,0,0,0,2,2,52.77776668395509,0,23.498432493650377,0.17408126711845406,13,nuscenes_mf/v1.0-mini/mini_val/325cef682f064c55a255f2625c533b75/ec5241e32939433baeb2b3955920b28c,dev,60
23,ct_joint_full,0,0,0,0,0,0,0,0,0,-1.0,0,8.48737621307373,3.671999931335449,49.771534949150535,0,0,0,0,0.49987292289733887,0.9994379878044128,0,0,0,0,0,1,0,0,1,0,1,0.0,0.0,0.0,23.712548146839808,0.0,23.712822999900634,24.55329176902323,23.910091003676758,-23.894118508744338,-0.8738350341749742,0.6437345057239695,1,10.122333139076133,14.338012873916423,0,0,0,23.712548146839808,0.0,23.712822999900634,23.712548146839808,0.0,23.712822999900634,23.712548146839808,23.712548146839808,23.712548146839808,0.0,0,0,1,23.712548146839808,0.0,23.712822999900634,0.0,0.0,0.0,0.0,0.0,0.0,0.0,0.0,0.0,0.0,0.0,23.712548146839808,0.0,0.0,0.0,0.0,0.0,-0.8425248265266418,0.006463332567363977,-32.11568764262029,-1.8546626294060087,0,0,0.0,6.328642845153809,3.0290253162384033,0.0,0.0,0.0,0.0,0.0,0.0,0.0,0.0,0,2,247,365,34752,0,0,32,1024,0,0,7,7,0,7,7,0,0,0,0,0,0,0,23.910091003676772,0.12488903135061269,23.905602640263126,0.12488903135061269,b1,0,3.6719999999999997,8.478,1.597,3.6719999999999997,8.487376482122517,1.597,0,0,0,0,0,0,0,0,1,0,0,0,8,8,49.83159680205863,0,23.910091003676772,0.12488903135061269,1,0,0,0,10,10,81.03485090478789,0,23.910091003676772,0.12488903135061269,1,0,0,0,10,10,112.23810500751715,0,23.910091003676772,0.12488903135061269,1,0,0,0,9,9,78.32247334495979,0,23.910091003676772,0.12488903135061269,1,0,0,0,12,12,113.2013498886046,0,23.910091003676772,0.12488903135061269,1,0,0,0,15,15,202.12310297812522,0,23.910091003676772,0.12488903135061269,1,0,0,0,5,5,54.28227877390579,0,24.553291752241638,0.11622169078248112,1,0,0,0,8,8,51.387377938626436,0,23.910091003676772,0.12488903135061269,13,nuscenes_mf/v1.0-mini/mini_val/325cef682f064c55a255f2625c533b75/ec5241e32939433baeb2b3955920b28c,dev,60
24,ct_joint_full,0,0,0,0,0,0,0,0,0,-1.0,0,8.509103775024414,3.671999931335449,49.89894936814642,0,0,0,0,0.5006210803985596,1.0009479522705078,0,0,0,0,0,1,0,0,1,0,1,0.0,0.0,0.0,23.66895006793541,0.0,23.669048845195178,23.35618725428413,23.737824118729435,23.702828028792446,1.2885141190149736,0.3823773153386047,1,23.090441343646155,42.1614371487715,0,0,0,23.66895006793541,0.0,23.669048845195178,23.66895006793541,0.0,23.669048845195178,23.66895006793541,23.66895006793541,23.66895006793541,0.0,0,0,1,23.66895006793541,0.0,23.669048845195178,0.0,0.0,0.0,0.0,0.0,0.0,0.0,0.0,0.0,0.0,0.0,23.66895006793541,0.0,0.0,0.0,0.0,0.0,-0.5468804240226746,0.006501213181763887,33.35411285152708,2.954341033491758,0,0,0.0,3.6679115295410156,2.0341951847076416,0.0,0.0,0.0,0.0,0.0,0.0,0.0,0.0,0,2,105,151,34752,0,0,33,1024,0,0,7,7,0,7,7,0,0,0,0,0,0,0,23.737824118729517,0.0741709613800049,23.722437358543235,0.0741709613800049,b1,0,3.6719999999999997,8.478,1.597,3.6719999999999997,8.509103735787374,1.597,0,0,0,0,0,0,0,0,1,0,0,0,2,2,50.10863178209821,0,23.737824118729517,0.0741709613800049,1,0,0,0,4,4,81.48535800758236,0,23.737824118729517,0.0741709613800049,1,0,0,0,4,4,112.86208423306653,0,23.737824118729517,0.0741709613800049,1,0,0,0,3,3,78.66950336753902,0,23.737824118729517,0.0741709613800049,1,0,0,0,5,5,113.61837495521084,0,23.737824118729517,0.0741709613800049,1,0,0,0,7,7,202.68011812906713,0,23.737824118729517,0.0741709613800049,1,0,0,0,2,2,52.25274508314162,0,23.356187276966587,0.06305193483390037,1,0,0,0,2,2,50.90768862583698,0,23.737824118729517,0.0741709613800049,13,nuscenes_mf/v1.0-mini/mini_val/325cef682f064c55a255f2625c533b75/ec5241e32939433baeb2b3955920b28c,dev,60
25,ct_joint_full,0,0,0,0,0,0,0,0,0,-1.0,0,8.531996726989746,3.671999931335449,50.033197848504415,0,0,0,0,0.5002570152282715,1.0000200271606445,0,0,0,0,0,1,0,0,1,0,1,0.0,0.0,0.0,23.276393174657578,0.0,23.276406778436076,23.663065237450393,23.668128721069944,1.5684933755999921,-23.616099871922945,0.06033217755293392,1,152.64611843278922,304.0702368627174,0,0,0,23.276393174657578,0.0,23.276406778436076,23.276393174657578,0.0,23.276406778436076,23.276393174657578,23.276393174657578,23.276393174657578,0.0,0,0,1,23.276393174657578,0.0,23.276406778436076,0.0,0.0,0.0,0.0,0.0,0.0,0.0,0.0,0.0,0.0,0.0,23.276393174657578,0.0,0.0,0.0,0.0,0.0,-0.133824422955513,0.0036590388044714928,3.3459191994565467,-75.47577296027914,0,0,0.0,1.357303500175476,1.357303500175476,0.0,0.0,0.0,0.0,0.0,0.0,0.0,0.0,0,2,42,60,34752,0,0,38,1024,0,0,5,5,0,5,5,0,0,0,0,0,0,0,23.668128721069937,0.028380683064460843,23.66578404413218,0.028380683064460843,b1,0,3.6719999999999997,8.478,1.597,3.6719999999999997,8.531996991717545,1.597,0,0,0,0,0,0,0,0,1,0,0,0,11,11,50.39866059371596,0,23.668128721069937,0.028380683064460843,1,0,0,0,20,20,81.9569953424423,0,23.668128721069937,0.028380683064460843,1,0,0,0,20,20,113.51533009116864,0,23.668128721069937,0.028380683064460843,1,0,0,0,12,12,79.03284160161297,0,23.668128721069937,0.028380683064460843,1,0,0,0,21,21,114.05502260876634,0,23.668128721069937,0.028380683064460843,1,0,0,0,30,30,203.26338462456036,0,23.668128721069937,0.028380683064460843,1,0,0,0,11,11,50.25352292195694,0,23.663065238767974,0.023829699831185325,1,0,0,0,11,11,50.87309409918799,0,23.668128721069937,0.028380683064460843,13,nuscenes_mf/v1.0-mini/mini_val/325cef682f064c55a255f2625c533b75/ec5241e32939433baeb2b3955920b28c,dev,60
26,ct_joint_full,0,0,0,0,0,0,0,0,0,-1.0,0,8.493612289428711,3.671999931335449,49.80810444771587,0,0,0,0,0.5004239082336426,0.9999697208404541,0,0,0,0,0,1,0,0,1,0,1,0.0,0.0,0.0,23.23870711616612,0.0,23.238716361078595,22.79711250666761,23.256078405157577,23.247242676048113,-0.6410622850971314,0.4591058736812089,1,10.548551736355872,15.53238093471736,0,0,0,23.23870711616612,0.0,23.238716361078595,23.23870711616612,0.0,23.238716361078595,23.23870711616612,23.23870711616612,23.23870711616612,0.0,0,0,1,23.23870711616612,0.0,23.238716361078595,0.0,0.0,0.0,0.0,0.0,0.0,0.0,0.0,0.0,0.0,0.0,23.23870711616612,0.0,0.0,0.0,0.0,0.0,-0.8351705074310303,0.0039523933082818985,41.45465555770055,-1.765145362156422,0,0,0.0,5.909112453460693,2.7342729568481445,0.0,0.0,0.0,0.0,0.0,0.0,0.0,0.0,0,2,25,32,34784,0,0,53,1024,0,0,14,14,0,14,14,0,0,0,0,0,0,0,23.256078405157584,0.014834667146205849,23.263829141049598,0.014834667146205849,b1,0,3.6719999999999997,8.478,1.597,3.6719999999999997,8.493612652487645,1.597,0,0,0,0,0,0,0,0,1,0,0,0,3,3,49.91335447684862,0,23.256078405157584,0.014834667146205849,1,0,0,0,6,6,81.16780311607755,0,23.256078405157584,0.014834667146205849,1,0,0,0,6,6,112.42225175530649,0,23.256078405157584,0.014834667146205849,1,0,0,0,5,5,78.42485015492933,0,23.256078405157584,0.014834667146205849,1,0,0,0,7,7,113.32434583672834,0,23.256078405157584,0.014834667146205849,1,0,0,0,13,13,202.28733719660806,0,23.256078405157584,0.014834667146205849,1,0,0,0,6,6,52.973858729981565,0,22.797112529715374,0.017408215771922864,1,0,0,0,6,6,50.837347335324225,0,23.256078405157584,0.014834667146205849,13,nuscenes_mf/v1.0-mini/mini_val/325cef682f064c55a255f2625c533b75/ec5241e32939433baeb2b3955920b28c,dev,60
27,ct_joint_full,0,0,0,0,0,0,0,0,0,-1.0,0,8.516347885131836,3.671999931335449,49.941430162014335,0,0,0,0,0.500432014465332,1.0001829862594604,0,0,0,0,0,1,0,0,1,0,1,0.0,0.0,0.0,22.78243921491164,0.0,22.7825320879902,23.302242168141905,23.208179597837677,-23.19619140080362,0.7458691210573638,0.09406712657563493,1,125.38784291224266,249.2344546690898,0,0,0,22.78243921491164,0.0,22.7825320879902,22.78243921491164,0.0,22.7825320879902,22.78243921491164,22.78243921491164,22.78243921491164,0.0,0,0,1,22.78243921491164,0.0,22.7825320879902,0.0,0.0,0.0,0.0,0.0,0.0,0.0,0.0,0.0,0.0,0.0,22.78243921491164,0.0,0.0,0.0,0.0,0.0,-0.17026257514953613,0.005762623157352209,-42.166057410296546,2.056636233814253,0,0,0.0,1.470066785812378,1.470066785812378,0.0,0.0,0.0,0.0,0.0,0.0,0.0,0.0,0,2,5,5,34784,0,0,44,1024,0,0,10,10,0,10,10,0,0,0,0,0,0,0,23.208179597837617,0.058728717148303966,23.227348450325138,0.058728717148303966,b1,0,3.6719999999999997,8.478,1.597,3.6719999999999997,8.51634743404842,1.597,0,0,0,0,0,0,0,0,1,0,0,0,4,4,50.20064034887543,0,23.208179597837617,0.058728717148303966,1,0,0,0,8,8,81.63497995368158,0,23.208179597837617,0.058728717148303966,1,0,0,0,8,8,113.06931955848773,0,23.208179597837617,0.058728717148303966,1,0,0,0,4,4,78.78476452730317,0,23.208179597837617,0.058728717148303966,1,0,0,0,5,5,113.7568887020126,0,23.208179597837617,0.058728717148303966,1,0,0,0,8,8,202.86513705663708,0,23.208179597837617,0.058728717148303966,1,0,0,0,4,4,50.56580714386459,0,23.30224217773163,0.06529240273666181,1,0,0,0,4,4,50.720077897943675,0,23.208179597837617,0.058728717148303966,13,nuscenes_mf/v1.0-mini/mini_val/325cef682f064c55a255f2625c533b75/ec5241e32939433baeb2b3955920b28c,dev,60
28,ct_joint_full,0,0,0,0,0,0,0,0,0,-1.0,0,8.536380767822266,3.671999931335449,50.05890667017513,0,0,0,0,0.5010008811950684,1.0011448860168457,0,0,0,0,0,1,0,0,1,0,1,0.0,0.0,0.0,22.75915962083943,0.0,22.75942099708805,22.21683396634018,22.73110738191177,22.72857413352185,0.33945967809152866,0.5143593567421718,1,9.077705814198477,12.22917499891087,0,0,0,22.75915962083943,0.0,22.75942099708805,22.75915962083943,0.0,22.75942099708805,22.75915962083943,22.75915962083943,22.75915962083943,0.0,0,0,1,22.75915962083943,0.0,22.75942099708805,0.0,0.0,0.0,0.0,0.0,0.0,0.0,0.0,0.0,0.0,0.0,22.75915962083943,0.0,0.0,0.0,0.0,0.0,-0.8701258897781372,0.004213603679090738,37.579293805227124,0.89032399813893,0,1,0.0,6.502862453460693,2.976879835128784,0.0,0.0,0.0,0.0,0.0,0.0,0.0,0.0,0,2,10,16,34720,0,0,37,1024,0,0,13,13,0,13,13,0,0,0,0,0,0,0,22.731107381911826,0.10305197274684896,22.76029557813078,0.10305197274684896,b1,0,3.6719999999999997,8.478,1.597,3.6719999999999997,8.536381108123333,1.597,0,0,0,0,0,0,0,0,1,0,0,0,6,6,50.453980009948836,0,22.731107381911826,0.10305197274684896,1,0,0,0,12,12,82.0469543430414,0,22.731107381911826,0.10305197274684896,1,0,0,0,12,12,113.63992867613398,0,22.731107381911826,0.10305197274684896,1,0,0,0,7,7,79.10214762431802,0,22.731107381911826,0.10305197274684896,1,0,0,0,9,9,114.13831523943087,0,22.731107381911826,0.10305197274684896,1,0,0,0,11,11,203.3746504689129,0,22.731107381911826,0.10305197274684896,1,0,0,0,6,6,53.743722804390295,0,22.21683398865352,0.10948993874954072,1,0,0,0,6,6,51.65292391615494,0,22.731107381911826,0.10305197274684896,13,nuscenes_mf/v1.0-mini/mini_val/325cef682f064c55a255f2625c533b75/ec5241e32939433baeb2b3955920b28c,dev,60
29,ct_joint_full,0,0,0,0,0,0,0,0,0,-1.0,0,8.50808334350586,3.671999931335449,49.89296537006339,0,0,0,0,0.4998331069946289,0.998235821723938,0,0,0,0,0,1,0,0,1,0,1,0.0,0.0,0.0,22.79310278632535,0.0,22.79362955089613,22.84484260103973,22.7371123143498,-22.71907478819125,-0.9055208758938932,0.10794290511064039,1,115.1495695919417,228.66768471610996,0,0,0,22.79310278632535,0.0,22.79362955089613,22.79310278632535,0.0,22.79362955089613,22.79310278632535,22.79310278632535,22.79310278632535,0.0,0,0,1,22.79310278632535,0.0,22.79362955089613,0.0,0.0,0.0,0.0,0.0,0.0,0.0,0.0,0.0,0.0,0.0,22.79310278632535,0.0,0.0,0.0,0.0,0.0,-0.1824021190404892,0.006501166615635157,-38.5833702061844,-2.3558730827161996,0,0,0.0,1.5036020278930664,1.5036020278930664,0.0,0.0,0.0,0.0,0.0,0.0,0.0,0.0,0,2,3,3,34688,0,0,32,1024,0,0,13,13,0,13,13,0,0,0,0,0,0,0,22.737112314349723,0.1460755510926246,22.752040986478043,0.1460755510926246,b1,0,3.6719999999999997,8.478,1.597,3.6719999999999997,8.508083611861053,1.597,0,0,0,0,0,0,0,0,1,0,0,0,5,5,50.09592440132983,0,22.737112314349723,0.1460755510926246,1,0,0,0,11,11,81.46469359439797,0,22.737112314349723,0.1460755510926246,1,0,0,0,11,11,112.83346278746612,0,22.737112314349723,0.1460755510926246,1,0,0,0,6,6,78.65358034868446,0,22.737112314349723,0.1460755510926246,1,0,0,0,8,8,113.59923629232077,0,22.737112314349723,0.1460755510926246,1,0,0,0,12,12,202.65454818479904,0,22.737112314349723,0.1460755510926246,1,0,0,0,5,5,50.52417142988396,0,22.84484259500168,0.15200868672007184,1,0,0,0,5,5,50.45931847475763,0,22.737112314349723,0.1460755510926246,13,nuscenes_mf/v1.0-mini/mini_val/325cef682f064c55a255f2625c533b75/ec5241e32939433baeb2b3955920b28c,dev,60
30,ct_joint_full,0,0,0,0,0,0,0,0,0,-1.0,0,8.48338508605957,3.671999931335449,49.74813024636785,0,0,0,0,0.49988508224487305,0.9989370703697205,0,0,0,0,0,1,0,0,1,0,1,0.0,0.0,0.0,22.758287044218335,0.0,22.759155099705634,22.84113248248568,22.806217657481636,-22.6758290826043,2.4352297884961405,0.035079000922294226,1,182.07773347504084,363.4385546804894,0,0,0,22.758287044218335,0.0,22.759155099705634,22.758287044218335,0.0,22.759155099705634,22.758287044218335,22.758287044218335,22.758287044218335,0.0,0,0,1,22.758287044218335,0.0,22.759155099705634,0.0,0.0,0.0,0.0,0.0,0.0,0.0,0.0,0.0,0.0,0.0,22.758287044218335,0.0,0.0,0.0,0.0,0.0,-0.08698579668998718,0.0012280925875529647,-56.31937581758031,8.42403964419999,0,0,0.0,1.196293592453003,1.196293592453003,0.0,0.0,0.0,0.0,0.0,0.0,0.0,0.0,0,2,2,7,34720,0,0,21,1024,0,0,0,0,0,0,0,0,0,0,0,0,0,0,22.80621765748171,0.19196281969547263,22.803565308300826,0.19196281969547263,b1,0,3.6719999999999997,8.478,1.597,3.6719999999999997,8.483385061302737,1.597,0,0,0,0,0,0,0,0,1,0,0,0,0,0,49.784506769037336,0,22.80621765748171,0.19196281969547263,1,0,0,0,6,6,80.95827431383216,0,22.80621765748171,0.19196281969547263,1,0,0,0,6,6,112.13204185862699,0,22.80621765748171,0.19196281969547263,1,0,0,0,0,0,78.26342193849663,0,22.80621765748171,0.19196281969547263,1,0,0,0,0,0,113.13033711093058,0,22.80621765748171,0.19196281969547263,1,0,0,0,0,0,202.02816744984918,0,22.80621765748171,0.19196281969547263,1,0,0,0,0,0,50.65292834716266,0,22.841132480997572,0.20156975508956937,1,0,0,0,0,0,50.482832931562974,0,22.80621765748171,0.19196281969547263,13,nuscenes_mf/v1.0-mini/mini_val/325cef682f064c55a255f2625c533b75/ec5241e32939433baeb2b3955920b28c,dev,60
