run_key,model,diagnostic,step,epoch,block_mean
a1_corrected_twc,A1-order + corrected-TWC,loss_twc,499,0.39540412044374007,0.32107505688071253
a1_corrected_twc,A1-order + corrected-TWC,loss_twc,999,0.7916006339144216,0.13281484319269657
a1_corrected_twc,A1-order + corrected-TWC,loss_twc,1499,1.187797147385103,0.09407937620952725
a1_corrected_twc,A1-order + corrected-TWC,loss_twc,1999,1.5839936608557845,0.07514867311902344
a1_corrected_twc,A1-order + corrected-TWC,loss_twc,2499,1.9801901743264658,0.06316889724880458
a1_corrected_twc,A1-order + corrected-TWC,loss_twc,2999,2.3763866877971473,0.05435483602527529
a1_corrected_twc,A1-order + corrected-TWC,loss_twc,3499,2.7725832012678286,0.05165297637879848
a1_corrected_twc,A1-order + corrected-TWC,loss_twc,3999,3.1687797147385104,0.048889365896582604
a1_corrected_twc,A1-order + corrected-TWC,loss_twc,4499,3.5649762282091917,0.043428058478515594
a1_corrected_twc,A1-order + corrected-TWC,loss_twc,4999,3.9611727416798734,0.03982481491286308
a1_corrected_twc,A1-order + corrected-TWC,loss_twc,5499,4.357369255150554,0.03988936430029571
a1_corrected_twc,A1-order + corrected-TWC,loss_twc,5999,4.753565768621236,0.03748726384714246
a1_corrected_twc,A1-order + corrected-TWC,loss_twc,6499,5.149762282091918,0.03605124465096742
a1_corrected_twc,A1-order + corrected-TWC,loss_twc,6999,5.545958795562599,0.03385012695193291
a1_corrected_twc,A1-order + corrected-TWC,loss_twc,7499,5.94215530903328,0.030930676857708023
a1_corrected_twc,A1-order + corrected-TWC,loss_twc,7999,6.338351822503962,0.030191322316182777
a1_corrected_twc,A1-order + corrected-TWC,loss_twc,8499,6.734548335974644,0.027232572065200657
a1_corrected_twc,A1-order + corrected-TWC,loss_twc,8999,7.130744849445325,0.027385677550919352
a1_corrected_twc,A1-order + corrected-TWC,loss_twc,9499,7.5269413629160065,0.02548359328508377
a1_corrected_twc,A1-order + corrected-TWC,loss_twc,9999,7.923137876386688,0.02302727330336347
a1_corrected_twc,A1-order + corrected-TWC,loss_twc,10499,8.319334389857369,0.02494652972416952
a1_corrected_twc,A1-order + corrected-TWC,loss_twc,10999,8.71553090332805,0.024642721452517436
a1_corrected_twc,A1-order + corrected-TWC,loss_twc,11499,9.111727416798733,0.02255750755337067
a1_corrected_twc,A1-order + corrected-TWC,loss_twc,11999,9.507923930269413,0.023033227018313483
a1_corrected_twc,A1-order + corrected-TWC,loss_twc,12499,9.904120443740094,0.02260348098143004
a1_corrected_twc,A1-order + corrected-TWC,loss_twc,12999,10.300316957210777,0.02005001087288838
a1_corrected_twc,A1-order + corrected-TWC,loss_twc,13499,10.696513470681458,0.020051822904963046
a1_corrected_twc,A1-order + corrected-TWC,loss_twc,13999,11.092709984152139,0.01793974015675485
a1_corrected_twc,A1-order + corrected-TWC,loss_twc,14499,11.488906497622821,0.01959304207493551
a1_corrected_twc,A1-order + corrected-TWC,loss_twc,14999,11.885103011093502,0.019661862572305837
a1_corrected_twc,A1-order + corrected-TWC,loss_twc,15499,12.281299524564185,0.018957914264989086
a1_corrected_twc,A1-order + corrected-TWC,loss_twc,15999,12.677496038034866,0.0198399479649961
a1_corrected_twc,A1-order + corrected-TWC,loss_twc,16499,13.073692551505546,0.02009629428619519
a1_corrected_twc,A1-order + corrected-TWC,loss_twc,16999,13.469889064976229,0.01694929332868196
a1_corrected_twc,A1-order + corrected-TWC,loss_twc,17499,13.86608557844691,0.01779510372877121
a1_corrected_twc,A1-order + corrected-TWC,loss_twc,17999,14.26228209191759,0.018250679667224178
a1_corrected_twc,A1-order + corrected-TWC,loss_twc,18499,14.658478605388273,0.015895865534432233
a1_corrected_twc,A1-order + corrected-TWC,loss_twc,18999,15.054675118858954,0.016783998342347332
a1_corrected_twc,A1-order + corrected-TWC,loss_twc,19499,15.450871632329635,0.016152683100663125
a1_corrected_twc,A1-order + corrected-TWC,loss_twc,19999,15.847068145800318,0.014127565165748819
a1_corrected_twc,A1-order + corrected-TWC,loss_twc,20499,16.243264659271,0.013861919663962908
a1_corrected_twc,A1-order + corrected-TWC,loss_twc,20999,16.63946117274168,0.013271952418610454
a1_corrected_twc,A1-order + corrected-TWC,loss_twc,21499,17.03565768621236,0.015017673230729996
a1_corrected_twc,A1-order + corrected-TWC,loss_twc,21999,17.43185419968304,0.014159042858402245
a1_corrected_twc,A1-order + corrected-TWC,loss_twc,22499,17.828050713153726,0.014596030651009641
a1_corrected_twc,A1-order + corrected-TWC,loss_twc,22999,18.224247226624406,0.01600358175614383
a1_corrected_twc,A1-order + corrected-TWC,loss_twc,23499,18.620443740095087,0.013947766456520185
a1_corrected_twc,A1-order + corrected-TWC,loss_twc,23999,19.016640253565768,0.013386510965181515
a1_corrected_twc,A1-order + corrected-TWC,loss_twc,24499,19.41283676703645,0.01405693761841394
a1_corrected_twc,A1-order + corrected-TWC,loss_twc,24999,19.80903328050713,0.013021166867692955
a1_corrected_twc,A1-order + corrected-TWC,loss_twc,25499,20.205229793977814,0.013950250588706695
a1_corrected_twc,A1-order + corrected-TWC,loss_twc,25999,20.601426307448495,0.009791707861120812
a1_corrected_twc,A1-order + corrected-TWC,loss_twc,26499,20.997622820919176,0.009824092206079512
a1_corrected_twc,A1-order + corrected-TWC,loss_twc,26999,21.393819334389857,0.010950005714315921
a1_corrected_twc,A1-order + corrected-TWC,loss_twc,27499,21.790015847860538,0.009599713479285128
a1_corrected_twc,A1-order + corrected-TWC,loss_twc,27999,22.18621236133122,0.008448716827784666
a1_corrected_twc,A1-order + corrected-TWC,loss_twc,28499,22.582408874801903,0.009642953697475604
a1_corrected_twc,A1-order + corrected-TWC,loss_twc,28999,22.978605388272584,0.00856717624713201
a1_corrected_twc,A1-order + corrected-TWC,loss_twc,29499,23.374801901743265,0.00843558431812562
a1_corrected_twc,A1-order + corrected-TWC,loss_twc,29999,23.770998415213946,0.007841230146819726
a1_corrected_twc,A1-order + corrected-TWC,loss_twc,30499,24.167194928684626,0.008590412887395359
a1_corrected_twc,A1-order + corrected-TWC,loss_twc,30999,24.56339144215531,0.008822924303240142
a1_corrected_twc,A1-order + corrected-TWC,loss_twc,31499,24.95958795562599,0.0078814695556066
a1_corrected_twc,A1-order + corrected-TWC,loss_twc,31999,25.355784469096672,0.00814725698775146
a1_corrected_twc,A1-order + corrected-TWC,loss_twc,32499,25.751980982567353,0.008640014596516267
a1_corrected_twc,A1-order + corrected-TWC,loss_twc,32999,26.148177496038034,0.009173568522906862
a1_corrected_twc,A1-order + corrected-TWC,loss_twc,33499,26.544374009508715,0.009873340133053717
a1_corrected_twc,A1-order + corrected-TWC,loss_twc,33999,26.9405705229794,0.007874918449000689
a1_corrected_twc,A1-order + corrected-TWC,loss_twc,34499,27.33676703645008,0.008766668911790475
a1_corrected_twc,A1-order + corrected-TWC,loss_twc,34999,27.73296354992076,0.009657777467044071
a1_corrected_twc,A1-order + corrected-TWC,loss_twc,35499,28.129160063391442,0.008527572723862249
a1_corrected_twc,A1-order + corrected-TWC,loss_twc,35999,28.525356576862123,0.007997059635003098
a1_corrected_twc,A1-order + corrected-TWC,loss_twc,36499,28.921553090332804,0.00824310615286231
a1_corrected_twc,A1-order + corrected-TWC,loss_twc,36999,29.317749603803488,0.008944769340887433
a1_corrected_twc,A1-order + corrected-TWC,loss_twc,37499,29.71394611727417,0.007757320630567847
a1_corrected_twc,A1-order + corrected-TWC,loss_twc,37999,30.11014263074485,0.00776578543370124
a1_corrected_twc,A1-order + corrected-TWC,loss_twc,38499,30.50633914421553,0.008762146397086326
a1_corrected_twc,A1-order + corrected-TWC,loss_twc,38999,30.90253565768621,0.007669611283985432
a1_corrected_twc,A1-order + corrected-TWC,loss_twc,39499,31.298732171156892,0.007876899111550302
a1_corrected_twc,A1-order + corrected-TWC,loss_twc,39999,31.694928684627577,0.0072010912209516395
a1_corrected_twc,A1-order + corrected-TWC,loss_twc,40499,32.091125198098254,0.007845959031372331
a1_corrected_twc,A1-order + corrected-TWC,loss_twc,40999,32.48732171156894,0.007814842343505006
a1_corrected_twc,A1-order + corrected-TWC,loss_twc,41499,32.88351822503962,0.007478609144920483
a1_corrected_twc,A1-order + corrected-TWC,loss_twc,41999,33.2797147385103,0.008057483926066197
a1_corrected_twc,A1-order + corrected-TWC,loss_twc,42499,33.675911251980985,0.007000444354955107
a1_corrected_twc,A1-order + corrected-TWC,loss_twc,42999,34.07210776545166,0.00760526932781795
a1_corrected_twc,A1-order + corrected-TWC,loss_twc,43499,34.468304278922346,0.007533524318947457
a1_corrected_twc,A1-order + corrected-TWC,loss_twc,43999,34.864500792393024,0.007020682803879026
a1_corrected_twc,A1-order + corrected-TWC,loss_twc,44499,35.26069730586371,0.007839558836945799
a1_corrected_twc,A1-order + corrected-TWC,loss_twc,44999,35.65689381933439,0.007521619712060783
a1_corrected_twc,A1-order + corrected-TWC,loss_twc,45499,36.05309033280507,0.008283479785080998
a1_corrected_twc,A1-order + corrected-TWC,loss_twc,45999,36.449286846275754,0.007403657056158409
a1_corrected_twc,A1-order + corrected-TWC,loss_twc,46499,36.84548335974643,0.008281901135400404
a1_corrected_twc,A1-order + corrected-TWC,loss_twc,46999,37.241679873217116,0.008023553034756332
a1_corrected_twc,A1-order + corrected-TWC,loss_twc,47499,37.6378763866878,0.00699447847425472
a1_corrected_twc,A1-order + corrected-TWC,loss_twc,47999,38.03407290015848,0.007423657687788364
a1_corrected_twc,A1-order + corrected-TWC,loss_twc,48499,38.43026941362916,0.007301113196124788
a1_corrected_twc,A1-order + corrected-TWC,loss_twc,48999,38.82646592709984,0.007274735735612921
a1_corrected_twc,A1-order + corrected-TWC,loss_twc,49499,39.222662440570524,0.007008945211302489
a1_corrected_twc,A1-order + corrected-TWC,loss_twc,49999,39.6188589540412,0.006847168574982789
a1_corrected_twc,A1-order + corrected-TWC,loss_twc,50499,40.015055467511885,0.007608724540623371
a1_corrected_twc,A1-order + corrected-TWC,loss_twc,50999,40.41125198098257,0.0073214501551701686
a1_corrected_twc,A1-order + corrected-TWC,loss_twc,51499,40.80744849445325,0.007055653083021753
a1_corrected_twc,A1-order + corrected-TWC,loss_twc,51999,41.20364500792393,0.007288748841267079
a1_corrected_twc,A1-order + corrected-TWC,loss_twc,52499,41.59984152139461,0.007415577604086138
a1_corrected_twc,A1-order + corrected-TWC,loss_twc,52999,41.99603803486529,0.0065682646313798615
a1_corrected_twc,A1-order + corrected-TWC,loss_twc,53499,42.39223454833598,0.0070024121494498106
a1_corrected_twc,A1-order + corrected-TWC,loss_twc,53999,42.788431061806655,0.006638050839072093
a1_corrected_twc,A1-order + corrected-TWC,loss_twc,54499,43.18462757527734,0.007487633746990468
a1_corrected_twc,A1-order + corrected-TWC,loss_twc,54999,43.58082408874802,0.00687848673487315
a1_corrected_twc,A1-order + corrected-TWC,loss_twc,55499,43.9770206022187,0.006894704782345798
a1_corrected_twc,A1-order + corrected-TWC,loss_twc,55999,44.37321711568938,0.007489673936041072
a1_corrected_twc,A1-order + corrected-TWC,loss_twc,56499,44.76941362916006,0.0065537826158688405
a1_corrected_twc,A1-order + corrected-TWC,loss_twc,56999,45.16561014263075,0.006612199174473062
a1_corrected_twc,A1-order + corrected-TWC,loss_twc,57499,45.561806656101425,0.006247988186427392
a1_corrected_twc,A1-order + corrected-TWC,loss_twc,57999,45.95800316957211,0.007316677071736194
a1_corrected_twc,A1-order + corrected-TWC,loss_twc,58499,46.354199683042786,0.006829234966193326
a1_corrected_twc,A1-order + corrected-TWC,loss_twc,58999,46.75039619651347,0.006224776863062289
a1_corrected_twc,A1-order + corrected-TWC,loss_twc,59499,47.146592709984155,0.007290026239235885
a1_corrected_twc,A1-order + corrected-TWC,loss_twc,59999,47.54278922345483,0.006083429861348123
a1_corrected_twc,A1-order + corrected-TWC,loss_twc,60499,47.93898573692552,0.006581378080649301
a1_corrected_twc,A1-order + corrected-TWC,loss_twc,60999,48.335182250396194,0.007302201146027074
a1_corrected_twc,A1-order + corrected-TWC,loss_twc,61499,48.73137876386688,0.006869072294095531
a1_corrected_twc,A1-order + corrected-TWC,loss_twc,61999,49.12757527733756,0.006940837651549373
a1_corrected_twc,A1-order + corrected-TWC,loss_twc,62499,49.52377179080824,0.0069300134559453
a1_corrected_twc,A1-order + corrected-TWC,loss_twc,62999,49.919968304278925,0.006911891888012178
a1_corrected_twc,A1-order + corrected-TWC,loss_twc,63499,50.3161648177496,0.007175083955051377
a1_corrected_twc,A1-order + corrected-TWC,loss_twc,63999,50.712361331220286,0.006657934724818915
a1_corrected_twc,A1-order + corrected-TWC,loss_twc,64499,51.108557844690964,0.007167177223076578
a1_corrected_twc,A1-order + corrected-TWC,loss_twc,64999,51.50475435816165,0.006831164544215426
a1_corrected_twc,A1-order + corrected-TWC,loss_twc,65499,51.90095087163233,0.0065553737829905
a1_corrected_twc,A1-order + corrected-TWC,loss_twc,65999,52.29714738510301,0.0066732206277665684
a1_corrected_twc,A1-order + corrected-TWC,loss_twc,66499,52.693343898573694,0.007437044507532846
a1_corrected_twc,A1-order + corrected-TWC,loss_twc,66999,53.08954041204437,0.007097850236925296
a1_corrected_twc,A1-order + corrected-TWC,loss_twc,67499,53.485736925515056,0.00715539618243929
a1_corrected_twc,A1-order + corrected-TWC,loss_twc,67999,53.88193343898574,0.00719347205242957
a1_corrected_twc,A1-order + corrected-TWC,loss_twc,68499,54.27812995245642,0.00662134721543407
a1_corrected_twc,A1-order + corrected-TWC,loss_twc,68999,54.6743264659271,0.006603945402632235
a1_corrected_twc,A1-order + corrected-TWC,loss_twc,69499,55.07052297939778,0.00719523621170083
a1_corrected_twc,A1-order + corrected-TWC,loss_twc,69999,55.466719492868464,0.006845165958686266
a1_corrected_twc,A1-order + corrected-TWC,loss_twc,70499,55.86291600633914,0.006530043974053114
a1_corrected_twc,A1-order + corrected-TWC,loss_twc,70999,56.259112519809825,0.006474624037102331
a1_corrected_twc,A1-order + corrected-TWC,loss_twc,71499,56.65530903328051,0.006520622051903046
a1_corrected_twc,A1-order + corrected-TWC,loss_twc,71999,57.05150554675119,0.006141365048242733
a1_corrected_twc,A1-order + corrected-TWC,loss_twc,72499,57.44770206022187,0.0072208926430903375
a1_corrected_twc,A1-order + corrected-TWC,loss_twc,72999,57.84389857369255,0.006847569807840045
a1_corrected_twc,A1-order + corrected-TWC,loss_twc,73499,58.24009508716323,0.007007086454425007
a1_corrected_twc,A1-order + corrected-TWC,loss_twc,73999,58.63629160063392,0.006719860325800255
a1_corrected_twc,A1-order + corrected-TWC,loss_twc,74499,59.032488114104595,0.006967215266718995
a1_corrected_twc,A1-order + corrected-TWC,loss_twc,74999,59.42868462757528,0.006501626608951483
a1_corrected_twc,A1-order + corrected-TWC,loss_twc,75499,59.82488114104596,0.006974410516791977
a1_corrected_twc,A1-order + corrected-TWC,loss_twc,75719,59.99920760697306,0.006185369002262384
a1_corrected_twc,A1-order + corrected-TWC,twc_valid_ratio,499,0.39540412044374007,0.747875
a1_corrected_twc,A1-order + corrected-TWC,twc_valid_ratio,999,0.7916006339144216,0.75475
a1_corrected_twc,A1-order + corrected-TWC,twc_valid_ratio,1499,1.187797147385103,0.7535
a1_corrected_twc,A1-order + corrected-TWC,twc_valid_ratio,1999,1.5839936608557845,0.749625
a1_corrected_twc,A1-order + corrected-TWC,twc_valid_ratio,2499,1.9801901743264658,0.751625
a1_corrected_twc,A1-order + corrected-TWC,twc_valid_ratio,2999,2.3763866877971473,0.748625
a1_corrected_twc,A1-order + corrected-TWC,twc_valid_ratio,3499,2.7725832012678286,0.746875
a1_corrected_twc,A1-order + corrected-TWC,twc_valid_ratio,3999,3.1687797147385104,0.750375
a1_corrected_twc,A1-order + corrected-TWC,twc_valid_ratio,4499,3.5649762282091917,0.754125
a1_corrected_twc,A1-order + corrected-TWC,twc_valid_ratio,4999,3.9611727416798734,0.74525
a1_corrected_twc,A1-order + corrected-TWC,twc_valid_ratio,5499,4.357369255150554,0.751125
a1_corrected_twc,A1-order + corrected-TWC,twc_valid_ratio,5999,4.753565768621236,0.75075
a1_corrected_twc,A1-order + corrected-TWC,twc_valid_ratio,6499,5.149762282091918,0.7465
a1_corrected_twc,A1-order + corrected-TWC,twc_valid_ratio,6999,5.545958795562599,0.748125
a1_corrected_twc,A1-order + corrected-TWC,twc_valid_ratio,7499,5.94215530903328,0.75225
a1_corrected_twc,A1-order + corrected-TWC,twc_valid_ratio,7999,6.338351822503962,0.749125
a1_corrected_twc,A1-order + corrected-TWC,twc_valid_ratio,8499,6.734548335974644,0.750375
a1_corrected_twc,A1-order + corrected-TWC,twc_valid_ratio,8999,7.130744849445325,0.74525
a1_corrected_twc,A1-order + corrected-TWC,twc_valid_ratio,9499,7.5269413629160065,0.75475
a1_corrected_twc,A1-order + corrected-TWC,twc_valid_ratio,9999,7.923137876386688,0.748
a1_corrected_twc,A1-order + corrected-TWC,twc_valid_ratio,10499,8.319334389857369,0.74975
a1_corrected_twc,A1-order + corrected-TWC,twc_valid_ratio,10999,8.71553090332805,0.74725
a1_corrected_twc,A1-order + corrected-TWC,twc_valid_ratio,11499,9.111727416798733,0.756625
a1_corrected_twc,A1-order + corrected-TWC,twc_valid_ratio,11999,9.507923930269413,0.7465
a1_corrected_twc,A1-order + corrected-TWC,twc_valid_ratio,12499,9.904120443740094,0.757375
a1_corrected_twc,A1-order + corrected-TWC,twc_valid_ratio,12999,10.300316957210777,0.75025
a1_corrected_twc,A1-order + corrected-TWC,twc_valid_ratio,13499,10.696513470681458,0.75075
a1_corrected_twc,A1-order + corrected-TWC,twc_valid_ratio,13999,11.092709984152139,0.741875
a1_corrected_twc,A1-order + corrected-TWC,twc_valid_ratio,14499,11.488906497622821,0.754875
a1_corrected_twc,A1-order + corrected-TWC,twc_valid_ratio,14999,11.885103011093502,0.74975
a1_corrected_twc,A1-order + corrected-TWC,twc_valid_ratio,15499,12.281299524564185,0.7495
a1_corrected_twc,A1-order + corrected-TWC,twc_valid_ratio,15999,12.677496038034866,0.7525
a1_corrected_twc,A1-order + corrected-TWC,twc_valid_ratio,16499,13.073692551505546,0.749
a1_corrected_twc,A1-order + corrected-TWC,twc_valid_ratio,16999,13.469889064976229,0.74025
a1_corrected_twc,A1-order + corrected-TWC,twc_valid_ratio,17499,13.86608557844691,0.758625
a1_corrected_twc,A1-order + corrected-TWC,twc_valid_ratio,17999,14.26228209191759,0.749375
a1_corrected_twc,A1-order + corrected-TWC,twc_valid_ratio,18499,14.658478605388273,0.74425
a1_corrected_twc,A1-order + corrected-TWC,twc_valid_ratio,18999,15.054675118858954,0.758375
a1_corrected_twc,A1-order + corrected-TWC,twc_valid_ratio,19499,15.450871632329635,0.756
a1_corrected_twc,A1-order + corrected-TWC,twc_valid_ratio,19999,15.847068145800318,0.757
a1_corrected_twc,A1-order + corrected-TWC,twc_valid_ratio,20499,16.243264659271,0.740875
a1_corrected_twc,A1-order + corrected-TWC,twc_valid_ratio,20999,16.63946117274168,0.7495
a1_corrected_twc,A1-order + corrected-TWC,twc_valid_ratio,21499,17.03565768621236,0.751875
a1_corrected_twc,A1-order + corrected-TWC,twc_valid_ratio,21999,17.43185419968304,0.75125
a1_corrected_twc,A1-order + corrected-TWC,twc_valid_ratio,22499,17.828050713153726,0.7515
a1_corrected_twc,A1-order + corrected-TWC,twc_valid_ratio,22999,18.224247226624406,0.754875
a1_corrected_twc,A1-order + corrected-TWC,twc_valid_ratio,23499,18.620443740095087,0.74275
a1_corrected_twc,A1-order + corrected-TWC,twc_valid_ratio,23999,19.016640253565768,0.750875
a1_corrected_twc,A1-order + corrected-TWC,twc_valid_ratio,24499,19.41283676703645,0.748875
a1_corrected_twc,A1-order + corrected-TWC,twc_valid_ratio,24999,19.80903328050713,0.74575
a1_corrected_twc,A1-order + corrected-TWC,twc_valid_ratio,25499,20.205229793977814,0.749375
a1_corrected_twc,A1-order + corrected-TWC,twc_valid_ratio,25999,20.601426307448495,0.75375
a1_corrected_twc,A1-order + corrected-TWC,twc_valid_ratio,26499,20.997622820919176,0.757
a1_corrected_twc,A1-order + corrected-TWC,twc_valid_ratio,26999,21.393819334389857,0.745625
a1_corrected_twc,A1-order + corrected-TWC,twc_valid_ratio,27499,21.790015847860538,0.757375
a1_corrected_twc,A1-order + corrected-TWC,twc_valid_ratio,27999,22.18621236133122,0.7465
a1_corrected_twc,A1-order + corrected-TWC,twc_valid_ratio,28499,22.582408874801903,0.753375
a1_corrected_twc,A1-order + corrected-TWC,twc_valid_ratio,28999,22.978605388272584,0.747625
a1_corrected_twc,A1-order + corrected-TWC,twc_valid_ratio,29499,23.374801901743265,0.748375
a1_corrected_twc,A1-order + corrected-TWC,twc_valid_ratio,29999,23.770998415213946,0.750875
a1_corrected_twc,A1-order + corrected-TWC,twc_valid_ratio,30499,24.167194928684626,0.752
a1_corrected_twc,A1-order + corrected-TWC,twc_valid_ratio,30999,24.56339144215531,0.745625
a1_corrected_twc,A1-order + corrected-TWC,twc_valid_ratio,31499,24.95958795562599,0.749
a1_corrected_twc,A1-order + corrected-TWC,twc_valid_ratio,31999,25.355784469096672,0.754625
a1_corrected_twc,A1-order + corrected-TWC,twc_valid_ratio,32499,25.751980982567353,0.7435
a1_corrected_twc,A1-order + corrected-TWC,twc_valid_ratio,32999,26.148177496038034,0.749125
a1_corrected_twc,A1-order + corrected-TWC,twc_valid_ratio,33499,26.544374009508715,0.746625
a1_corrected_twc,A1-order + corrected-TWC,twc_valid_ratio,33999,26.9405705229794,0.755625
a1_corrected_twc,A1-order + corrected-TWC,twc_valid_ratio,34499,27.33676703645008,0.747875
a1_corrected_twc,A1-order + corrected-TWC,twc_valid_ratio,34999,27.73296354992076,0.752
a1_corrected_twc,A1-order + corrected-TWC,twc_valid_ratio,35499,28.129160063391442,0.75575
a1_corrected_twc,A1-order + corrected-TWC,twc_valid_ratio,35999,28.525356576862123,0.75125
a1_corrected_twc,A1-order + corrected-TWC,twc_valid_ratio,36499,28.921553090332804,0.745
a1_corrected_twc,A1-order + corrected-TWC,twc_valid_ratio,36999,29.317749603803488,0.755
a1_corrected_twc,A1-order + corrected-TWC,twc_valid_ratio,37499,29.71394611727417,0.744875
a1_corrected_twc,A1-order + corrected-TWC,twc_valid_ratio,37999,30.11014263074485,0.74675
a1_corrected_twc,A1-order + corrected-TWC,twc_valid_ratio,38499,30.50633914421553,0.748875
a1_corrected_twc,A1-order + corrected-TWC,twc_valid_ratio,38999,30.90253565768621,0.7535
a1_corrected_twc,A1-order + corrected-TWC,twc_valid_ratio,39499,31.298732171156892,0.7475
a1_corrected_twc,A1-order + corrected-TWC,twc_valid_ratio,39999,31.694928684627577,0.75775
a1_corrected_twc,A1-order + corrected-TWC,twc_valid_ratio,40499,32.091125198098254,0.744625
a1_corrected_twc,A1-order + corrected-TWC,twc_valid_ratio,40999,32.48732171156894,0.74875
a1_corrected_twc,A1-order + corrected-TWC,twc_valid_ratio,41499,32.88351822503962,0.7475
a1_corrected_twc,A1-order + corrected-TWC,twc_valid_ratio,41999,33.2797147385103,0.76025
a1_corrected_twc,A1-order + corrected-TWC,twc_valid_ratio,42499,33.675911251980985,0.748375
a1_corrected_twc,A1-order + corrected-TWC,twc_valid_ratio,42999,34.07210776545166,0.75025
a1_corrected_twc,A1-order + corrected-TWC,twc_valid_ratio,43499,34.468304278922346,0.749125
a1_corrected_twc,A1-order + corrected-TWC,twc_valid_ratio,43999,34.864500792393024,0.752625
a1_corrected_twc,A1-order + corrected-TWC,twc_valid_ratio,44499,35.26069730586371,0.75175
a1_corrected_twc,A1-order + corrected-TWC,twc_valid_ratio,44999,35.65689381933439,0.74575
a1_corrected_twc,A1-order + corrected-TWC,twc_valid_ratio,45499,36.05309033280507,0.752375
a1_corrected_twc,A1-order + corrected-TWC,twc_valid_ratio,45999,36.449286846275754,0.7475
a1_corrected_twc,A1-order + corrected-TWC,twc_valid_ratio,46499,36.84548335974643,0.750625
a1_corrected_twc,A1-order + corrected-TWC,twc_valid_ratio,46999,37.241679873217116,0.746
a1_corrected_twc,A1-order + corrected-TWC,twc_valid_ratio,47499,37.6378763866878,0.748875
a1_corrected_twc,A1-order + corrected-TWC,twc_valid_ratio,47999,38.03407290015848,0.751375
a1_corrected_twc,A1-order + corrected-TWC,twc_valid_ratio,48499,38.43026941362916,0.743875
a1_corrected_twc,A1-order + corrected-TWC,twc_valid_ratio,48999,38.82646592709984,0.75475
a1_corrected_twc,A1-order + corrected-TWC,twc_valid_ratio,49499,39.222662440570524,0.752625
a1_corrected_twc,A1-order + corrected-TWC,twc_valid_ratio,49999,39.6188589540412,0.752
a1_corrected_twc,A1-order + corrected-TWC,twc_valid_ratio,50499,40.015055467511885,0.750875
a1_corrected_twc,A1-order + corrected-TWC,twc_valid_ratio,50999,40.41125198098257,0.750375
a1_corrected_twc,A1-order + corrected-TWC,twc_valid_ratio,51499,40.80744849445325,0.747375
a1_corrected_twc,A1-order + corrected-TWC,twc_valid_ratio,51999,41.20364500792393,0.7475
a1_corrected_twc,A1-order + corrected-TWC,twc_valid_ratio,52499,41.59984152139461,0.755625
a1_corrected_twc,A1-order + corrected-TWC,twc_valid_ratio,52999,41.99603803486529,0.750375
a1_corrected_twc,A1-order + corrected-TWC,twc_valid_ratio,53499,42.39223454833598,0.737625
a1_corrected_twc,A1-order + corrected-TWC,twc_valid_ratio,53999,42.788431061806655,0.758
a1_corrected_twc,A1-order + corrected-TWC,twc_valid_ratio,54499,43.18462757527734,0.759375
a1_corrected_twc,A1-order + corrected-TWC,twc_valid_ratio,54999,43.58082408874802,0.747875
a1_corrected_twc,A1-order + corrected-TWC,twc_valid_ratio,55499,43.9770206022187,0.74725
a1_corrected_twc,A1-order + corrected-TWC,twc_valid_ratio,55999,44.37321711568938,0.74825
a1_corrected_twc,A1-order + corrected-TWC,twc_valid_ratio,56499,44.76941362916006,0.749375
a1_corrected_twc,A1-order + corrected-TWC,twc_valid_ratio,56999,45.16561014263075,0.7465
a1_corrected_twc,A1-order + corrected-TWC,twc_valid_ratio,57499,45.561806656101425,0.755625
a1_corrected_twc,A1-order + corrected-TWC,twc_valid_ratio,57999,45.95800316957211,0.7445
a1_corrected_twc,A1-order + corrected-TWC,twc_valid_ratio,58499,46.354199683042786,0.746375
a1_corrected_twc,A1-order + corrected-TWC,twc_valid_ratio,58999,46.75039619651347,0.7515
a1_corrected_twc,A1-order + corrected-TWC,twc_valid_ratio,59499,47.146592709984155,0.74175
a1_corrected_twc,A1-order + corrected-TWC,twc_valid_ratio,59999,47.54278922345483,0.75125
a1_corrected_twc,A1-order + corrected-TWC,twc_valid_ratio,60499,47.93898573692552,0.75075
a1_corrected_twc,A1-order + corrected-TWC,twc_valid_ratio,60999,48.335182250396194,0.7425
a1_corrected_twc,A1-order + corrected-TWC,twc_valid_ratio,61499,48.73137876386688,0.75625
a1_corrected_twc,A1-order + corrected-TWC,twc_valid_ratio,61999,49.12757527733756,0.754
a1_corrected_twc,A1-order + corrected-TWC,twc_valid_ratio,62499,49.52377179080824,0.7425
a1_corrected_twc,A1-order + corrected-TWC,twc_valid_ratio,62999,49.919968304278925,0.75175
a1_corrected_twc,A1-order + corrected-TWC,twc_valid_ratio,63499,50.3161648177496,0.7485
a1_corrected_twc,A1-order + corrected-TWC,twc_valid_ratio,63999,50.712361331220286,0.749
a1_corrected_twc,A1-order + corrected-TWC,twc_valid_ratio,64499,51.108557844690964,0.753625
a1_corrected_twc,A1-order + corrected-TWC,twc_valid_ratio,64999,51.50475435816165,0.744875
a1_corrected_twc,A1-order + corrected-TWC,twc_valid_ratio,65499,51.90095087163233,0.7465
a1_corrected_twc,A1-order + corrected-TWC,twc_valid_ratio,65999,52.29714738510301,0.749125
a1_corrected_twc,A1-order + corrected-TWC,twc_valid_ratio,66499,52.693343898573694,0.751375
a1_corrected_twc,A1-order + corrected-TWC,twc_valid_ratio,66999,53.08954041204437,0.74775
a1_corrected_twc,A1-order + corrected-TWC,twc_valid_ratio,67499,53.485736925515056,0.74325
a1_corrected_twc,A1-order + corrected-TWC,twc_valid_ratio,67999,53.88193343898574,0.755625
a1_corrected_twc,A1-order + corrected-TWC,twc_valid_ratio,68499,54.27812995245642,0.7475
a1_corrected_twc,A1-order + corrected-TWC,twc_valid_ratio,68999,54.6743264659271,0.749375
a1_corrected_twc,A1-order + corrected-TWC,twc_valid_ratio,69499,55.07052297939778,0.74575
a1_corrected_twc,A1-order + corrected-TWC,twc_valid_ratio,69999,55.466719492868464,0.75025
a1_corrected_twc,A1-order + corrected-TWC,twc_valid_ratio,70499,55.86291600633914,0.7555
a1_corrected_twc,A1-order + corrected-TWC,twc_valid_ratio,70999,56.259112519809825,0.756875
a1_corrected_twc,A1-order + corrected-TWC,twc_valid_ratio,71499,56.65530903328051,0.74725
a1_corrected_twc,A1-order + corrected-TWC,twc_valid_ratio,71999,57.05150554675119,0.747
a1_corrected_twc,A1-order + corrected-TWC,twc_valid_ratio,72499,57.44770206022187,0.75575
a1_corrected_twc,A1-order + corrected-TWC,twc_valid_ratio,72999,57.84389857369255,0.746375
a1_corrected_twc,A1-order + corrected-TWC,twc_valid_ratio,73499,58.24009508716323,0.74075
a1_corrected_twc,A1-order + corrected-TWC,twc_valid_ratio,73999,58.63629160063392,0.754625
a1_corrected_twc,A1-order + corrected-TWC,twc_valid_ratio,74499,59.032488114104595,0.75125
a1_corrected_twc,A1-order + corrected-TWC,twc_valid_ratio,74999,59.42868462757528,0.753875
a1_corrected_twc,A1-order + corrected-TWC,twc_valid_ratio,75499,59.82488114104596,0.746625
a1_corrected_twc,A1-order + corrected-TWC,twc_valid_ratio,75719,59.99920760697306,0.759090909090909
a1_corrected_twc,A1-order + corrected-TWC,twc_center_gap,499,0.39540412044374007,1.196025449514389
a1_corrected_twc,A1-order + corrected-TWC,twc_center_gap,999,0.7916006339144216,0.7816194447875023
a1_corrected_twc,A1-order + corrected-TWC,twc_center_gap,1499,1.187797147385103,0.629612364411354
a1_corrected_twc,A1-order + corrected-TWC,twc_center_gap,1999,1.5839936608557845,0.5346919599175454
a1_corrected_twc,A1-order + corrected-TWC,twc_center_gap,2499,1.9801901743264658,0.47567383652925493
a1_corrected_twc,A1-order + corrected-TWC,twc_center_gap,2999,2.3763866877971473,0.4269954270720482
a1_corrected_twc,A1-order + corrected-TWC,twc_center_gap,3499,2.7725832012678286,0.40923551404476166
a1_corrected_twc,A1-order + corrected-TWC,twc_center_gap,3999,3.1687797147385104,0.38861753717064856
a1_corrected_twc,A1-order + corrected-TWC,twc_center_gap,4499,3.5649762282091917,0.3610403218567371
a1_corrected_twc,A1-order + corrected-TWC,twc_center_gap,4999,3.9611727416798734,0.3456396779417992
a1_corrected_twc,A1-order + corrected-TWC,twc_center_gap,5499,4.357369255150554,0.3388148204982281
a1_corrected_twc,A1-order + corrected-TWC,twc_center_gap,5999,4.753565768621236,0.32405825750529765
a1_corrected_twc,A1-order + corrected-TWC,twc_center_gap,6499,5.149762282091918,0.31680857817828656
a1_corrected_twc,A1-order + corrected-TWC,twc_center_gap,6999,5.545958795562599,0.3045537484586239
a1_corrected_twc,A1-order + corrected-TWC,twc_center_gap,7499,5.94215530903328,0.28634660226106645
a1_corrected_twc,A1-order + corrected-TWC,twc_center_gap,7999,6.338351822503962,0.2788459620028734
a1_corrected_twc,A1-order + corrected-TWC,twc_center_gap,8499,6.734548335974644,0.26715114468336104
a1_corrected_twc,A1-order + corrected-TWC,twc_center_gap,8999,7.130744849445325,0.2624509175270796
a1_corrected_twc,A1-order + corrected-TWC,twc_center_gap,9499,7.5269413629160065,0.25476166187226773
a1_corrected_twc,A1-order + corrected-TWC,twc_center_gap,9999,7.923137876386688,0.239085552662611
a1_corrected_twc,A1-order + corrected-TWC,twc_center_gap,10499,8.319334389857369,0.2474323202818632
a1_corrected_twc,A1-order + corrected-TWC,twc_center_gap,10999,8.71553090332805,0.24339302653074266
a1_corrected_twc,A1-order + corrected-TWC,twc_center_gap,11499,9.111727416798733,0.2320756137520075
a1_corrected_twc,A1-order + corrected-TWC,twc_center_gap,11999,9.507923930269413,0.23262779274582862
a1_corrected_twc,A1-order + corrected-TWC,twc_center_gap,12499,9.904120443740094,0.22768439602851867
a1_corrected_twc,A1-order + corrected-TWC,twc_center_gap,12999,10.300316957210777,0.21605025827884675
a1_corrected_twc,A1-order + corrected-TWC,twc_center_gap,13499,10.696513470681458,0.21657966595888137
a1_corrected_twc,A1-order + corrected-TWC,twc_center_gap,13999,11.092709984152139,0.20553329338133336
a1_corrected_twc,A1-order + corrected-TWC,twc_center_gap,14499,11.488906497622821,0.21144472455978394
a1_corrected_twc,A1-order + corrected-TWC,twc_center_gap,14999,11.885103011093502,0.20899760998785497
a1_corrected_twc,A1-order + corrected-TWC,twc_center_gap,15499,12.281299524564185,0.20327798487246038
a1_corrected_twc,A1-order + corrected-TWC,twc_center_gap,15999,12.677496038034866,0.20903469273447992
a1_corrected_twc,A1-order + corrected-TWC,twc_center_gap,16499,13.073692551505546,0.2070311160683632
a1_corrected_twc,A1-order + corrected-TWC,twc_center_gap,16999,13.469889064976229,0.1948676442503929
a1_corrected_twc,A1-order + corrected-TWC,twc_center_gap,17499,13.86608557844691,0.19827735425531864
a1_corrected_twc,A1-order + corrected-TWC,twc_center_gap,17999,14.26228209191759,0.1987024764418602
a1_corrected_twc,A1-order + corrected-TWC,twc_center_gap,18499,14.658478605388273,0.18638020698726177
a1_corrected_twc,A1-order + corrected-TWC,twc_center_gap,18999,15.054675118858954,0.18938127560913562
a1_corrected_twc,A1-order + corrected-TWC,twc_center_gap,19499,15.450871632329635,0.1852665553689003
a1_corrected_twc,A1-order + corrected-TWC,twc_center_gap,19999,15.847068145800318,0.17568918412923812
a1_corrected_twc,A1-order + corrected-TWC,twc_center_gap,20499,16.243264659271,0.16802438128739594
a1_corrected_twc,A1-order + corrected-TWC,twc_center_gap,20999,16.63946117274168,0.1689904160872102
a1_corrected_twc,A1-order + corrected-TWC,twc_center_gap,21499,17.03565768621236,0.178080979809165
a1_corrected_twc,A1-order + corrected-TWC,twc_center_gap,21999,17.43185419968304,0.17091450639814137
a1_corrected_twc,A1-order + corrected-TWC,twc_center_gap,22499,17.828050713153726,0.17271989404410124
a1_corrected_twc,A1-order + corrected-TWC,twc_center_gap,22999,18.224247226624406,0.17814424151182176
a1_corrected_twc,A1-order + corrected-TWC,twc_center_gap,23499,18.620443740095087,0.16919674843549729
a1_corrected_twc,A1-order + corrected-TWC,twc_center_gap,23999,19.016640253565768,0.16326393456012012
a1_corrected_twc,A1-order + corrected-TWC,twc_center_gap,24499,19.41283676703645,0.16774569648504256
a1_corrected_twc,A1-order + corrected-TWC,twc_center_gap,24999,19.80903328050713,0.16141777408868074
a1_corrected_twc,A1-order + corrected-TWC,twc_center_gap,25499,20.205229793977814,0.1634548079147935
a1_corrected_twc,A1-order + corrected-TWC,twc_center_gap,25999,20.601426307448495,0.14307713297009467
a1_corrected_twc,A1-order + corrected-TWC,twc_center_gap,26499,20.997622820919176,0.14419136886298656
a1_corrected_twc,A1-order + corrected-TWC,twc_center_gap,26999,21.393819334389857,0.14591939236968757
a1_corrected_twc,A1-order + corrected-TWC,twc_center_gap,27499,21.790015847860538,0.13771576339751482
a1_corrected_twc,A1-order + corrected-TWC,twc_center_gap,27999,22.18621236133122,0.13376145274937154
a1_corrected_twc,A1-order + corrected-TWC,twc_center_gap,28499,22.582408874801903,0.13760817241668702
a1_corrected_twc,A1-order + corrected-TWC,twc_center_gap,28999,22.978605388272584,0.13285954242944717
a1_corrected_twc,A1-order + corrected-TWC,twc_center_gap,29499,23.374801901743265,0.13450521345436572
a1_corrected_twc,A1-order + corrected-TWC,twc_center_gap,29999,23.770998415213946,0.12908064448833464
a1_corrected_twc,A1-order + corrected-TWC,twc_center_gap,30499,24.167194928684626,0.13386019682884218
a1_corrected_twc,A1-order + corrected-TWC,twc_center_gap,30999,24.56339144215531,0.13582871828973292
a1_corrected_twc,A1-order + corrected-TWC,twc_center_gap,31499,24.95958795562599,0.12873395727574824
a1_corrected_twc,A1-order + corrected-TWC,twc_center_gap,31999,25.355784469096672,0.13180036978423595
a1_corrected_twc,A1-order + corrected-TWC,twc_center_gap,32499,25.751980982567353,0.13145794394612312
a1_corrected_twc,A1-order + corrected-TWC,twc_center_gap,32999,26.148177496038034,0.1357800761386752
a1_corrected_twc,A1-order + corrected-TWC,twc_center_gap,33499,26.544374009508715,0.1360201420262456
a1_corrected_twc,A1-order + corrected-TWC,twc_center_gap,33999,26.9405705229794,0.12859129855409265
a1_corrected_twc,A1-order + corrected-TWC,twc_center_gap,34499,27.33676703645008,0.1306799463480711
a1_corrected_twc,A1-order + corrected-TWC,twc_center_gap,34999,27.73296354992076,0.13419051571190357
a1_corrected_twc,A1-order + corrected-TWC,twc_center_gap,35499,28.129160063391442,0.13138990466296674
a1_corrected_twc,A1-order + corrected-TWC,twc_center_gap,35999,28.525356576862123,0.12829424004256726
a1_corrected_twc,A1-order + corrected-TWC,twc_center_gap,36499,28.921553090332804,0.12729575711488725
a1_corrected_twc,A1-order + corrected-TWC,twc_center_gap,36999,29.317749603803488,0.13209446823596954
a1_corrected_twc,A1-order + corrected-TWC,twc_center_gap,37499,29.71394611727417,0.1283056492805481
a1_corrected_twc,A1-order + corrected-TWC,twc_center_gap,37999,30.11014263074485,0.12893743943423033
a1_corrected_twc,A1-order + corrected-TWC,twc_center_gap,38499,30.50633914421553,0.12980892229080201
a1_corrected_twc,A1-order + corrected-TWC,twc_center_gap,38999,30.90253565768621,0.12611155792325734
a1_corrected_twc,A1-order + corrected-TWC,twc_center_gap,39499,31.298732171156892,0.12806210296601056
a1_corrected_twc,A1-order + corrected-TWC,twc_center_gap,39999,31.694928684627577,0.12508695552498103
a1_corrected_twc,A1-order + corrected-TWC,twc_center_gap,40499,32.091125198098254,0.12917265690863133
a1_corrected_twc,A1-order + corrected-TWC,twc_center_gap,40999,32.48732171156894,0.12716097914427518
a1_corrected_twc,A1-order + corrected-TWC,twc_center_gap,41499,32.88351822503962,0.12550472718477249
a1_corrected_twc,A1-order + corrected-TWC,twc_center_gap,41999,33.2797147385103,0.1255933877378702
a1_corrected_twc,A1-order + corrected-TWC,twc_center_gap,42499,33.675911251980985,0.12399771250039339
a1_corrected_twc,A1-order + corrected-TWC,twc_center_gap,42999,34.07210776545166,0.12562166898697616
a1_corrected_twc,A1-order + corrected-TWC,twc_center_gap,43499,34.468304278922346,0.1262550713941455
a1_corrected_twc,A1-order + corrected-TWC,twc_center_gap,43999,34.864500792393024,0.12353500163555145
a1_corrected_twc,A1-order + corrected-TWC,twc_center_gap,44499,35.26069730586371,0.13040217180550098
a1_corrected_twc,A1-order + corrected-TWC,twc_center_gap,44999,35.65689381933439,0.12663559431582688
a1_corrected_twc,A1-order + corrected-TWC,twc_center_gap,45499,36.05309033280507,0.12713900943100453
a1_corrected_twc,A1-order + corrected-TWC,twc_center_gap,45999,36.449286846275754,0.12786845538020133
a1_corrected_twc,A1-order + corrected-TWC,twc_center_gap,46499,36.84548335974643,0.13014060693979262
a1_corrected_twc,A1-order + corrected-TWC,twc_center_gap,46999,37.241679873217116,0.12778373207896948
a1_corrected_twc,A1-order + corrected-TWC,twc_center_gap,47499,37.6378763866878,0.12422424896061421
a1_corrected_twc,A1-order + corrected-TWC,twc_center_gap,47999,38.03407290015848,0.12638206316530703
a1_corrected_twc,A1-order + corrected-TWC,twc_center_gap,48499,38.43026941362916,0.1263088194578886
a1_corrected_twc,A1-order + corrected-TWC,twc_center_gap,48999,38.82646592709984,0.1251851224526763
a1_corrected_twc,A1-order + corrected-TWC,twc_center_gap,49499,39.222662440570524,0.12357079127430916
a1_corrected_twc,A1-order + corrected-TWC,twc_center_gap,49999,39.6188589540412,0.12380848383158445
a1_corrected_twc,A1-order + corrected-TWC,twc_center_gap,50499,40.015055467511885,0.127752857118845
a1_corrected_twc,A1-order + corrected-TWC,twc_center_gap,50999,40.41125198098257,0.12520051098614932
a1_corrected_twc,A1-order + corrected-TWC,twc_center_gap,51499,40.80744849445325,0.12505202659219503
a1_corrected_twc,A1-order + corrected-TWC,twc_center_gap,51999,41.20364500792393,0.1250998969525099
a1_corrected_twc,A1-order + corrected-TWC,twc_center_gap,52499,41.59984152139461,0.1267684049382806
a1_corrected_twc,A1-order + corrected-TWC,twc_center_gap,52999,41.99603803486529,0.1204299180433154
a1_corrected_twc,A1-order + corrected-TWC,twc_center_gap,53499,42.39223454833598,0.12385532134771347
a1_corrected_twc,A1-order + corrected-TWC,twc_center_gap,53999,42.788431061806655,0.12244641481339931
a1_corrected_twc,A1-order + corrected-TWC,twc_center_gap,54499,43.18462757527734,0.12791506763547658
a1_corrected_twc,A1-order + corrected-TWC,twc_center_gap,54999,43.58082408874802,0.12432113330811262
a1_corrected_twc,A1-order + corrected-TWC,twc_center_gap,55499,43.9770206022187,0.12050159485638141
a1_corrected_twc,A1-order + corrected-TWC,twc_center_gap,55999,44.37321711568938,0.12603306678682566
a1_corrected_twc,A1-order + corrected-TWC,twc_center_gap,56499,44.76941362916006,0.12170322588086128
a1_corrected_twc,A1-order + corrected-TWC,twc_center_gap,56999,45.16561014263075,0.12122804701328277
a1_corrected_twc,A1-order + corrected-TWC,twc_center_gap,57499,45.561806656101425,0.11981710115075112
a1_corrected_twc,A1-order + corrected-TWC,twc_center_gap,57999,45.95800316957211,0.1256920387521386
a1_corrected_twc,A1-order + corrected-TWC,twc_center_gap,58499,46.354199683042786,0.12186885088682174
a1_corrected_twc,A1-order + corrected-TWC,twc_center_gap,58999,46.75039619651347,0.12243876781314611
a1_corrected_twc,A1-order + corrected-TWC,twc_center_gap,59499,47.146592709984155,0.12621610093861818
a1_corrected_twc,A1-order + corrected-TWC,twc_center_gap,59999,47.54278922345483,0.1193774395287037
a1_corrected_twc,A1-order + corrected-TWC,twc_center_gap,60499,47.93898573692552,0.12301683297380805
a1_corrected_twc,A1-order + corrected-TWC,twc_center_gap,60999,48.335182250396194,0.1259936821013689
a1_corrected_twc,A1-order + corrected-TWC,twc_center_gap,61499,48.73137876386688,0.12409272742271424
a1_corrected_twc,A1-order + corrected-TWC,twc_center_gap,61999,49.12757527733756,0.12458116276562214
a1_corrected_twc,A1-order + corrected-TWC,twc_center_gap,62499,49.52377179080824,0.12501756746321915
a1_corrected_twc,A1-order + corrected-TWC,twc_center_gap,62999,49.919968304278925,0.12235658901929855
a1_corrected_twc,A1-order + corrected-TWC,twc_center_gap,63499,50.3161648177496,0.12271383998543024
a1_corrected_twc,A1-order + corrected-TWC,twc_center_gap,63999,50.712361331220286,0.12397671344131231
a1_corrected_twc,A1-order + corrected-TWC,twc_center_gap,64499,51.108557844690964,0.12438950650393962
a1_corrected_twc,A1-order + corrected-TWC,twc_center_gap,64999,51.50475435816165,0.12300718251615762
a1_corrected_twc,A1-order + corrected-TWC,twc_center_gap,65499,51.90095087163233,0.12275037378072738
a1_corrected_twc,A1-order + corrected-TWC,twc_center_gap,65999,52.29714738510301,0.12354341006278992
a1_corrected_twc,A1-order + corrected-TWC,twc_center_gap,66499,52.693343898573694,0.12374108115583658
a1_corrected_twc,A1-order + corrected-TWC,twc_center_gap,66999,53.08954041204437,0.12510161651670934
a1_corrected_twc,A1-order + corrected-TWC,twc_center_gap,67499,53.485736925515056,0.12582859678566455
a1_corrected_twc,A1-order + corrected-TWC,twc_center_gap,67999,53.88193343898574,0.12371330308169126
a1_corrected_twc,A1-order + corrected-TWC,twc_center_gap,68499,54.27812995245642,0.12320856606960297
a1_corrected_twc,A1-order + corrected-TWC,twc_center_gap,68999,54.6743264659271,0.12173849360272289
a1_corrected_twc,A1-order + corrected-TWC,twc_center_gap,69499,55.07052297939778,0.12487089144438505
a1_corrected_twc,A1-order + corrected-TWC,twc_center_gap,69999,55.466719492868464,0.12422813705354929
a1_corrected_twc,A1-order + corrected-TWC,twc_center_gap,70499,55.86291600633914,0.12269707535207272
a1_corrected_twc,A1-order + corrected-TWC,twc_center_gap,70999,56.259112519809825,0.12089777920395135
a1_corrected_twc,A1-order + corrected-TWC,twc_center_gap,71499,56.65530903328051,0.12310478343069553
a1_corrected_twc,A1-order + corrected-TWC,twc_center_gap,71999,57.05150554675119,0.12043876574188471
a1_corrected_twc,A1-order + corrected-TWC,twc_center_gap,72499,57.44770206022187,0.12449862839281559
a1_corrected_twc,A1-order + corrected-TWC,twc_center_gap,72999,57.84389857369255,0.12450592195242643
a1_corrected_twc,A1-order + corrected-TWC,twc_center_gap,73499,58.24009508716323,0.12471133144944906
a1_corrected_twc,A1-order + corrected-TWC,twc_center_gap,73999,58.63629160063392,0.1246057471781969
a1_corrected_twc,A1-order + corrected-TWC,twc_center_gap,74499,59.032488114104595,0.12322669044137001
a1_corrected_twc,A1-order + corrected-TWC,twc_center_gap,74999,59.42868462757528,0.1235347206518054
a1_corrected_twc,A1-order + corrected-TWC,twc_center_gap,75499,59.82488114104596,0.1251994391903281
a1_corrected_twc,A1-order + corrected-TWC,twc_center_gap,75719,59.99920760697306,0.12005265096033162
a1_corrected_twc,A1-order + corrected-TWC,twc_angle_gap,499,0.39540412044374007,0.3567549097687006
a1_corrected_twc,A1-order + corrected-TWC,twc_angle_gap,999,0.7916006339144216,0.13367112820595503
a1_corrected_twc,A1-order + corrected-TWC,twc_angle_gap,1499,1.187797147385103,0.08519703157618642
a1_corrected_twc,A1-order + corrected-TWC,twc_angle_gap,1999,1.5839936608557845,0.06479587157815694
a1_corrected_twc,A1-order + corrected-TWC,twc_angle_gap,2499,1.9801901743264658,0.05402356430143118
a1_corrected_twc,A1-order + corrected-TWC,twc_angle_gap,2999,2.3763866877971473,0.04619534511864185
a1_corrected_twc,A1-order + corrected-TWC,twc_angle_gap,3499,2.7725832012678286,0.03915350174717605
a1_corrected_twc,A1-order + corrected-TWC,twc_angle_gap,3999,3.1687797147385104,0.03483452706597746
a1_corrected_twc,A1-order + corrected-TWC,twc_angle_gap,4499,3.5649762282091917,0.031408389396965504
a1_corrected_twc,A1-order + corrected-TWC,twc_angle_gap,4999,3.9611727416798734,0.028499710837379098
a1_corrected_twc,A1-order + corrected-TWC,twc_angle_gap,5499,4.357369255150554,0.02546956812776625
a1_corrected_twc,A1-order + corrected-TWC,twc_angle_gap,5999,4.753565768621236,0.02435014657303691
a1_corrected_twc,A1-order + corrected-TWC,twc_angle_gap,6499,5.149762282091918,0.022451796462759376
a1_corrected_twc,A1-order + corrected-TWC,twc_angle_gap,6999,5.545958795562599,0.0206147348228842
a1_corrected_twc,A1-order + corrected-TWC,twc_angle_gap,7499,5.94215530903328,0.018942823965102433
a1_corrected_twc,A1-order + corrected-TWC,twc_angle_gap,7999,6.338351822503962,0.017975379537791013
a1_corrected_twc,A1-order + corrected-TWC,twc_angle_gap,8499,6.734548335974644,0.01710852943919599
a1_corrected_twc,A1-order + corrected-TWC,twc_angle_gap,8999,7.130744849445325,0.015598446461372078
a1_corrected_twc,A1-order + corrected-TWC,twc_angle_gap,9499,7.5269413629160065,0.015186837860383093
a1_corrected_twc,A1-order + corrected-TWC,twc_angle_gap,9999,7.923137876386688,0.01421141091361642
a1_corrected_twc,A1-order + corrected-TWC,twc_angle_gap,10499,8.319334389857369,0.013507153006270528
a1_corrected_twc,A1-order + corrected-TWC,twc_angle_gap,10999,8.71553090332805,0.013420432820916177
a1_corrected_twc,A1-order + corrected-TWC,twc_angle_gap,11499,9.111727416798733,0.013445331254042686
a1_corrected_twc,A1-order + corrected-TWC,twc_angle_gap,11999,9.507923930269413,0.012918959979899228
a1_corrected_twc,A1-order + corrected-TWC,twc_angle_gap,12499,9.904120443740094,0.012080957052763552
a1_corrected_twc,A1-order + corrected-TWC,twc_angle_gap,12999,10.300316957210777,0.011430437680333853
a1_corrected_twc,A1-order + corrected-TWC,twc_angle_gap,13499,10.696513470681458,0.011617845120839774
a1_corrected_twc,A1-order + corrected-TWC,twc_angle_gap,13999,11.092709984152139,0.011402475608047098
a1_corrected_twc,A1-order + corrected-TWC,twc_angle_gap,14499,11.488906497622821,0.011221735399216413
a1_corrected_twc,A1-order + corrected-TWC,twc_angle_gap,14999,11.885103011093502,0.011221272198017686
a1_corrected_twc,A1-order + corrected-TWC,twc_angle_gap,15499,12.281299524564185,0.010757011865731329
a1_corrected_twc,A1-order + corrected-TWC,twc_angle_gap,15999,12.677496038034866,0.011020731047727168
a1_corrected_twc,A1-order + corrected-TWC,twc_angle_gap,16499,13.073692551505546,0.01068936768732965
a1_corrected_twc,A1-order + corrected-TWC,twc_angle_gap,16999,13.469889064976229,0.01054738533264026
a1_corrected_twc,A1-order + corrected-TWC,twc_angle_gap,17499,13.86608557844691,0.010841845640912652
a1_corrected_twc,A1-order + corrected-TWC,twc_angle_gap,17999,14.26228209191759,0.010963581359013916
a1_corrected_twc,A1-order + corrected-TWC,twc_angle_gap,18499,14.658478605388273,0.01072329582227394
a1_corrected_twc,A1-order + corrected-TWC,twc_angle_gap,18999,15.054675118858954,0.010212919146753848
a1_corrected_twc,A1-order + corrected-TWC,twc_angle_gap,19499,15.450871632329635,0.010336758067831396
a1_corrected_twc,A1-order + corrected-TWC,twc_angle_gap,19999,15.847068145800318,0.00991304382495582
a1_corrected_twc,A1-order + corrected-TWC,twc_angle_gap,20499,16.243264659271,0.009657656949944794
a1_corrected_twc,A1-order + corrected-TWC,twc_angle_gap,20999,16.63946117274168,0.009932693813461811
a1_corrected_twc,A1-order + corrected-TWC,twc_angle_gap,21499,17.03565768621236,0.00958530861698091
a1_corrected_twc,A1-order + corrected-TWC,twc_angle_gap,21999,17.43185419968304,0.009613316807895898
a1_corrected_twc,A1-order + corrected-TWC,twc_angle_gap,22499,17.828050713153726,0.009914440718945115
a1_corrected_twc,A1-order + corrected-TWC,twc_angle_gap,22999,18.224247226624406,0.01021864359267056
a1_corrected_twc,A1-order + corrected-TWC,twc_angle_gap,23499,18.620443740095087,0.009476483219303191
a1_corrected_twc,A1-order + corrected-TWC,twc_angle_gap,23999,19.016640253565768,0.009716476990841329
a1_corrected_twc,A1-order + corrected-TWC,twc_angle_gap,24499,19.41283676703645,0.009305878865998238
a1_corrected_twc,A1-order + corrected-TWC,twc_angle_gap,24999,19.80903328050713,0.009402417783625425
a1_corrected_twc,A1-order + corrected-TWC,twc_angle_gap,25499,20.205229793977814,0.00913868324458599
a1_corrected_twc,A1-order + corrected-TWC,twc_angle_gap,25999,20.601426307448495,0.0084665083787404
a1_corrected_twc,A1-order + corrected-TWC,twc_angle_gap,26499,20.997622820919176,0.008768245349638165
a1_corrected_twc,A1-order + corrected-TWC,twc_angle_gap,26999,21.393819334389857,0.008217888122890144
a1_corrected_twc,A1-order + corrected-TWC,twc_angle_gap,27499,21.790015847860538,0.007909817145206034
a1_corrected_twc,A1-order + corrected-TWC,twc_angle_gap,27999,22.18621236133122,0.007856601546052843
a1_corrected_twc,A1-order + corrected-TWC,twc_angle_gap,28499,22.582408874801903,0.007771427587140351
a1_corrected_twc,A1-order + corrected-TWC,twc_angle_gap,28999,22.978605388272584,0.00772339716879651
a1_corrected_twc,A1-order + corrected-TWC,twc_angle_gap,29499,23.374801901743265,0.007882710770703853
a1_corrected_twc,A1-order + corrected-TWC,twc_angle_gap,29999,23.770998415213946,0.007647828910499812
a1_corrected_twc,A1-order + corrected-TWC,twc_angle_gap,30499,24.167194928684626,0.007619712179061025
a1_corrected_twc,A1-order + corrected-TWC,twc_angle_gap,30999,24.56339144215531,0.007981856274884194
a1_corrected_twc,A1-order + corrected-TWC,twc_angle_gap,31499,24.95958795562599,0.007681803944054991
a1_corrected_twc,A1-order + corrected-TWC,twc_angle_gap,31999,25.355784469096672,0.007935253700241446
a1_corrected_twc,A1-order + corrected-TWC,twc_angle_gap,32499,25.751980982567353,0.007880430769640952
a1_corrected_twc,A1-order + corrected-TWC,twc_angle_gap,32999,26.148177496038034,0.0078006671336479485
a1_corrected_twc,A1-order + corrected-TWC,twc_angle_gap,33499,26.544374009508715,0.007869576551485806
a1_corrected_twc,A1-order + corrected-TWC,twc_angle_gap,33999,26.9405705229794,0.007809752879198641
a1_corrected_twc,A1-order + corrected-TWC,twc_angle_gap,34499,27.33676703645008,0.007683861208148301
a1_corrected_twc,A1-order + corrected-TWC,twc_angle_gap,34999,27.73296354992076,0.00762126108398661
a1_corrected_twc,A1-order + corrected-TWC,twc_angle_gap,35499,28.129160063391442,0.007556811535032466
a1_corrected_twc,A1-order + corrected-TWC,twc_angle_gap,35999,28.525356576862123,0.007872707989765332
a1_corrected_twc,A1-order + corrected-TWC,twc_angle_gap,36499,28.921553090332804,0.00739721152628772
a1_corrected_twc,A1-order + corrected-TWC,twc_angle_gap,36999,29.317749603803488,0.007415541223250329
a1_corrected_twc,A1-order + corrected-TWC,twc_angle_gap,37499,29.71394611727417,0.007772728677373379
a1_corrected_twc,A1-order + corrected-TWC,twc_angle_gap,37999,30.11014263074485,0.007760515846777707
a1_corrected_twc,A1-order + corrected-TWC,twc_angle_gap,38499,30.50633914421553,0.0075613681199029085
a1_corrected_twc,A1-order + corrected-TWC,twc_angle_gap,38999,30.90253565768621,0.007619239387568086
a1_corrected_twc,A1-order + corrected-TWC,twc_angle_gap,39499,31.298732171156892,0.0074333915375173094
a1_corrected_twc,A1-order + corrected-TWC,twc_angle_gap,39999,31.694928684627577,0.007493327151518315
a1_corrected_twc,A1-order + corrected-TWC,twc_angle_gap,40499,32.091125198098254,0.007748105093371123
a1_corrected_twc,A1-order + corrected-TWC,twc_angle_gap,40999,32.48732171156894,0.007442679530126043
a1_corrected_twc,A1-order + corrected-TWC,twc_angle_gap,41499,32.88351822503962,0.007279194576665759
a1_corrected_twc,A1-order + corrected-TWC,twc_angle_gap,41999,33.2797147385103,0.007276947577949613
a1_corrected_twc,A1-order + corrected-TWC,twc_angle_gap,42499,33.675911251980985,0.007654407403897494
a1_corrected_twc,A1-order + corrected-TWC,twc_angle_gap,42999,34.07210776545166,0.007204589221160859
a1_corrected_twc,A1-order + corrected-TWC,twc_angle_gap,43499,34.468304278922346,0.007290558692766354
a1_corrected_twc,A1-order + corrected-TWC,twc_angle_gap,43999,34.864500792393024,0.007348923314828426
a1_corrected_twc,A1-order + corrected-TWC,twc_angle_gap,44499,35.26069730586371,0.00752268250240013
a1_corrected_twc,A1-order + corrected-TWC,twc_angle_gap,44999,35.65689381933439,0.007325239182449877
a1_corrected_twc,A1-order + corrected-TWC,twc_angle_gap,45499,36.05309033280507,0.007455026079434901
a1_corrected_twc,A1-order + corrected-TWC,twc_angle_gap,45999,36.449286846275754,0.00751207020599395
a1_corrected_twc,A1-order + corrected-TWC,twc_angle_gap,46499,36.84548335974643,0.007434287440963089
a1_corrected_twc,A1-order + corrected-TWC,twc_angle_gap,46999,37.241679873217116,0.007189484473317862
a1_corrected_twc,A1-order + corrected-TWC,twc_angle_gap,47499,37.6378763866878,0.0074794546246994284
a1_corrected_twc,A1-order + corrected-TWC,twc_angle_gap,47999,38.03407290015848,0.007439039043616503
a1_corrected_twc,A1-order + corrected-TWC,twc_angle_gap,48499,38.43026941362916,0.0075927354162558915
a1_corrected_twc,A1-order + corrected-TWC,twc_angle_gap,48999,38.82646592709984,0.0072235822076909244
a1_corrected_twc,A1-order + corrected-TWC,twc_angle_gap,49499,39.222662440570524,0.007393423577770591
a1_corrected_twc,A1-order + corrected-TWC,twc_angle_gap,49999,39.6188589540412,0.007277990059927106
a1_corrected_twc,A1-order + corrected-TWC,twc_angle_gap,50499,40.015055467511885,0.007366852723062038
a1_corrected_twc,A1-order + corrected-TWC,twc_angle_gap,50999,40.41125198098257,0.007378233477473259
a1_corrected_twc,A1-order + corrected-TWC,twc_angle_gap,51499,40.80744849445325,0.007425768780522048
a1_corrected_twc,A1-order + corrected-TWC,twc_angle_gap,51999,41.20364500792393,0.007381481985095888
a1_corrected_twc,A1-order + corrected-TWC,twc_angle_gap,52499,41.59984152139461,0.007388956743758172
a1_corrected_twc,A1-order + corrected-TWC,twc_angle_gap,52999,41.99603803486529,0.007111331865657121
a1_corrected_twc,A1-order + corrected-TWC,twc_angle_gap,53499,42.39223454833598,0.007194903790485114
a1_corrected_twc,A1-order + corrected-TWC,twc_angle_gap,53999,42.788431061806655,0.007109304633457213
a1_corrected_twc,A1-order + corrected-TWC,twc_angle_gap,54499,43.18462757527734,0.007323949635261669
a1_corrected_twc,A1-order + corrected-TWC,twc_angle_gap,54999,43.58082408874802,0.0075027889083139595
a1_corrected_twc,A1-order + corrected-TWC,twc_angle_gap,55499,43.9770206022187,0.007246378468349576
a1_corrected_twc,A1-order + corrected-TWC,twc_angle_gap,55999,44.37321711568938,0.007244327533524483
a1_corrected_twc,A1-order + corrected-TWC,twc_angle_gap,56499,44.76941362916006,0.007277360417414456
a1_corrected_twc,A1-order + corrected-TWC,twc_angle_gap,56999,45.16561014263075,0.007298718452453614
a1_corrected_twc,A1-order + corrected-TWC,twc_angle_gap,57499,45.561806656101425,0.007490450652083382
a1_corrected_twc,A1-order + corrected-TWC,twc_angle_gap,57999,45.95800316957211,0.007230786110740155
a1_corrected_twc,A1-order + corrected-TWC,twc_angle_gap,58499,46.354199683042786,0.007052933847066015
a1_corrected_twc,A1-order + corrected-TWC,twc_angle_gap,58999,46.75039619651347,0.007276755712460727
a1_corrected_twc,A1-order + corrected-TWC,twc_angle_gap,59499,47.146592709984155,0.007212035197764635
a1_corrected_twc,A1-order + corrected-TWC,twc_angle_gap,59999,47.54278922345483,0.007118950350675732
a1_corrected_twc,A1-order + corrected-TWC,twc_angle_gap,60499,47.93898573692552,0.007232352020451799
a1_corrected_twc,A1-order + corrected-TWC,twc_angle_gap,60999,48.335182250396194,0.007193173063453287
a1_corrected_twc,A1-order + corrected-TWC,twc_angle_gap,61499,48.73137876386688,0.00712112459121272
a1_corrected_twc,A1-order + corrected-TWC,twc_angle_gap,61999,49.12757527733756,0.007138932557310909
a1_corrected_twc,A1-order + corrected-TWC,twc_angle_gap,62499,49.52377179080824,0.007104658586205914
a1_corrected_twc,A1-order + corrected-TWC,twc_angle_gap,62999,49.919968304278925,0.007268472152762115
a1_corrected_twc,A1-order + corrected-TWC,twc_angle_gap,63499,50.3161648177496,0.007437981435563415
a1_corrected_twc,A1-order + corrected-TWC,twc_angle_gap,63999,50.712361331220286,0.007127757879905403
a1_corrected_twc,A1-order + corrected-TWC,twc_angle_gap,64499,51.108557844690964,0.007319920482346788
a1_corrected_twc,A1-order + corrected-TWC,twc_angle_gap,64999,51.50475435816165,0.007193099020048976
a1_corrected_twc,A1-order + corrected-TWC,twc_angle_gap,65499,51.90095087163233,0.007354023253545165
a1_corrected_twc,A1-order + corrected-TWC,twc_angle_gap,65999,52.29714738510301,0.007222732342546806
a1_corrected_twc,A1-order + corrected-TWC,twc_angle_gap,66499,52.693343898573694,0.0071995635246858
a1_corrected_twc,A1-order + corrected-TWC,twc_angle_gap,66999,53.08954041204437,0.00686001923144795
a1_corrected_twc,A1-order + corrected-TWC,twc_angle_gap,67499,53.485736925515056,0.0071232387153431775
a1_corrected_twc,A1-order + corrected-TWC,twc_angle_gap,67999,53.88193343898574,0.007336524032056332
a1_corrected_twc,A1-order + corrected-TWC,twc_angle_gap,68499,54.27812995245642,0.0072773381324950604
a1_corrected_twc,A1-order + corrected-TWC,twc_angle_gap,68999,54.6743264659271,0.007232015679357573
a1_corrected_twc,A1-order + corrected-TWC,twc_angle_gap,69499,55.07052297939778,0.007279344641603529
a1_corrected_twc,A1-order + corrected-TWC,twc_angle_gap,69999,55.466719492868464,0.007307938324287533
a1_corrected_twc,A1-order + corrected-TWC,twc_angle_gap,70499,55.86291600633914,0.007360845110379159
a1_corrected_twc,A1-order + corrected-TWC,twc_angle_gap,70999,56.259112519809825,0.007129781730938703
a1_corrected_twc,A1-order + corrected-TWC,twc_angle_gap,71499,56.65530903328051,0.007045105994911864
a1_corrected_twc,A1-order + corrected-TWC,twc_angle_gap,71999,57.05150554675119,0.007163956520147622
a1_corrected_twc,A1-order + corrected-TWC,twc_angle_gap,72499,57.44770206022187,0.007180195754859596
a1_corrected_twc,A1-order + corrected-TWC,twc_angle_gap,72999,57.84389857369255,0.0075115995197556915
a1_corrected_twc,A1-order + corrected-TWC,twc_angle_gap,73499,58.24009508716323,0.007108915980905294
a1_corrected_twc,A1-order + corrected-TWC,twc_angle_gap,73999,58.63629160063392,0.007336322372546419
a1_corrected_twc,A1-order + corrected-TWC,twc_angle_gap,74499,59.032488114104595,0.0072706508333794774
a1_corrected_twc,A1-order + corrected-TWC,twc_angle_gap,74999,59.42868462757528,0.007150471980217845
a1_corrected_twc,A1-order + corrected-TWC,twc_angle_gap,75499,59.82488114104596,0.007154979067388922
a1_corrected_twc,A1-order + corrected-TWC,twc_angle_gap,75719,59.99920760697306,0.007355649022131481
a1_corrected_twc,A1-order + corrected-TWC,twc_anchor_gap_max,499,0.39540412044374007,0.0
a1_corrected_twc,A1-order + corrected-TWC,twc_anchor_gap_max,999,0.7916006339144216,0.0
a1_corrected_twc,A1-order + corrected-TWC,twc_anchor_gap_max,1499,1.187797147385103,0.0
a1_corrected_twc,A1-order + corrected-TWC,twc_anchor_gap_max,1999,1.5839936608557845,0.0
a1_corrected_twc,A1-order + corrected-TWC,twc_anchor_gap_max,2499,1.9801901743264658,0.0
a1_corrected_twc,A1-order + corrected-TWC,twc_anchor_gap_max,2999,2.3763866877971473,0.0
a1_corrected_twc,A1-order + corrected-TWC,twc_anchor_gap_max,3499,2.7725832012678286,0.0
a1_corrected_twc,A1-order + corrected-TWC,twc_anchor_gap_max,3999,3.1687797147385104,0.0
a1_corrected_twc,A1-order + corrected-TWC,twc_anchor_gap_max,4499,3.5649762282091917,0.0
a1_corrected_twc,A1-order + corrected-TWC,twc_anchor_gap_max,4999,3.9611727416798734,0.0
a1_corrected_twc,A1-order + corrected-TWC,twc_anchor_gap_max,5499,4.357369255150554,0.0
a1_corrected_twc,A1-order + corrected-TWC,twc_anchor_gap_max,5999,4.753565768621236,0.0
a1_corrected_twc,A1-order + corrected-TWC,twc_anchor_gap_max,6499,5.149762282091918,0.0
a1_corrected_twc,A1-order + corrected-TWC,twc_anchor_gap_max,6999,5.545958795562599,0.0
a1_corrected_twc,A1-order + corrected-TWC,twc_anchor_gap_max,7499,5.94215530903328,0.0
a1_corrected_twc,A1-order + corrected-TWC,twc_anchor_gap_max,7999,6.338351822503962,0.0
a1_corrected_twc,A1-order + corrected-TWC,twc_anchor_gap_max,8499,6.734548335974644,0.0
a1_corrected_twc,A1-order + corrected-TWC,twc_anchor_gap_max,8999,7.130744849445325,0.0
a1_corrected_twc,A1-order + corrected-TWC,twc_anchor_gap_max,9499,7.5269413629160065,0.0
a1_corrected_twc,A1-order + corrected-TWC,twc_anchor_gap_max,9999,7.923137876386688,0.0
a1_corrected_twc,A1-order + corrected-TWC,twc_anchor_gap_max,10499,8.319334389857369,0.0
a1_corrected_twc,A1-order + corrected-TWC,twc_anchor_gap_max,10999,8.71553090332805,0.0
a1_corrected_twc,A1-order + corrected-TWC,twc_anchor_gap_max,11499,9.111727416798733,0.0
a1_corrected_twc,A1-order + corrected-TWC,twc_anchor_gap_max,11999,9.507923930269413,0.0
a1_corrected_twc,A1-order + corrected-TWC,twc_anchor_gap_max,12499,9.904120443740094,0.0
a1_corrected_twc,A1-order + corrected-TWC,twc_anchor_gap_max,12999,10.300316957210777,0.0
a1_corrected_twc,A1-order + corrected-TWC,twc_anchor_gap_max,13499,10.696513470681458,0.0
a1_corrected_twc,A1-order + corrected-TWC,twc_anchor_gap_max,13999,11.092709984152139,0.0
a1_corrected_twc,A1-order + corrected-TWC,twc_anchor_gap_max,14499,11.488906497622821,0.0
a1_corrected_twc,A1-order + corrected-TWC,twc_anchor_gap_max,14999,11.885103011093502,0.0
a1_corrected_twc,A1-order + corrected-TWC,twc_anchor_gap_max,15499,12.281299524564185,0.0
a1_corrected_twc,A1-order + corrected-TWC,twc_anchor_gap_max,15999,12.677496038034866,0.0
a1_corrected_twc,A1-order + corrected-TWC,twc_anchor_gap_max,16499,13.073692551505546,0.0
a1_corrected_twc,A1-order + corrected-TWC,twc_anchor_gap_max,16999,13.469889064976229,0.0
a1_corrected_twc,A1-order + corrected-TWC,twc_anchor_gap_max,17499,13.86608557844691,0.0
a1_corrected_twc,A1-order + corrected-TWC,twc_anchor_gap_max,17999,14.26228209191759,0.0
a1_corrected_twc,A1-order + corrected-TWC,twc_anchor_gap_max,18499,14.658478605388273,0.0
a1_corrected_twc,A1-order + corrected-TWC,twc_anchor_gap_max,18999,15.054675118858954,0.0
a1_corrected_twc,A1-order + corrected-TWC,twc_anchor_gap_max,19499,15.450871632329635,0.0
a1_corrected_twc,A1-order + corrected-TWC,twc_anchor_gap_max,19999,15.847068145800318,0.0
a1_corrected_twc,A1-order + corrected-TWC,twc_anchor_gap_max,20499,16.243264659271,0.0
a1_corrected_twc,A1-order + corrected-TWC,twc_anchor_gap_max,20999,16.63946117274168,0.0
a1_corrected_twc,A1-order + corrected-TWC,twc_anchor_gap_max,21499,17.03565768621236,0.0
a1_corrected_twc,A1-order + corrected-TWC,twc_anchor_gap_max,21999,17.43185419968304,0.0
a1_corrected_twc,A1-order + corrected-TWC,twc_anchor_gap_max,22499,17.828050713153726,0.0
a1_corrected_twc,A1-order + corrected-TWC,twc_anchor_gap_max,22999,18.224247226624406,0.0
a1_corrected_twc,A1-order + corrected-TWC,twc_anchor_gap_max,23499,18.620443740095087,0.0
a1_corrected_twc,A1-order + corrected-TWC,twc_anchor_gap_max,23999,19.016640253565768,0.0
a1_corrected_twc,A1-order + corrected-TWC,twc_anchor_gap_max,24499,19.41283676703645,0.0
a1_corrected_twc,A1-order + corrected-TWC,twc_anchor_gap_max,24999,19.80903328050713,0.0
a1_corrected_twc,A1-order + corrected-TWC,twc_anchor_gap_max,25499,20.205229793977814,0.0
a1_corrected_twc,A1-order + corrected-TWC,twc_anchor_gap_max,25999,20.601426307448495,0.0
a1_corrected_twc,A1-order + corrected-TWC,twc_anchor_gap_max,26499,20.997622820919176,0.0
a1_corrected_twc,A1-order + corrected-TWC,twc_anchor_gap_max,26999,21.393819334389857,0.0
a1_corrected_twc,A1-order + corrected-TWC,twc_anchor_gap_max,27499,21.790015847860538,0.0
a1_corrected_twc,A1-order + corrected-TWC,twc_anchor_gap_max,27999,22.18621236133122,0.0
a1_corrected_twc,A1-order + corrected-TWC,twc_anchor_gap_max,28499,22.582408874801903,0.0
a1_corrected_twc,A1-order + corrected-TWC,twc_anchor_gap_max,28999,22.978605388272584,0.0
a1_corrected_twc,A1-order + corrected-TWC,twc_anchor_gap_max,29499,23.374801901743265,0.0
a1_corrected_twc,A1-order + corrected-TWC,twc_anchor_gap_max,29999,23.770998415213946,0.0
a1_corrected_twc,A1-order + corrected-TWC,twc_anchor_gap_max,30499,24.167194928684626,0.0
a1_corrected_twc,A1-order + corrected-TWC,twc_anchor_gap_max,30999,24.56339144215531,0.0
a1_corrected_twc,A1-order + corrected-TWC,twc_anchor_gap_max,31499,24.95958795562599,0.0
a1_corrected_twc,A1-order + corrected-TWC,twc_anchor_gap_max,31999,25.355784469096672,0.0
a1_corrected_twc,A1-order + corrected-TWC,twc_anchor_gap_max,32499,25.751980982567353,0.0
a1_corrected_twc,A1-order + corrected-TWC,twc_anchor_gap_max,32999,26.148177496038034,0.0
a1_corrected_twc,A1-order + corrected-TWC,twc_anchor_gap_max,33499,26.544374009508715,0.0
a1_corrected_twc,A1-order + corrected-TWC,twc_anchor_gap_max,33999,26.9405705229794,0.0
a1_corrected_twc,A1-order + corrected-TWC,twc_anchor_gap_max,34499,27.33676703645008,0.0
a1_corrected_twc,A1-order + corrected-TWC,twc_anchor_gap_max,34999,27.73296354992076,0.0
a1_corrected_twc,A1-order + corrected-TWC,twc_anchor_gap_max,35499,28.129160063391442,0.0
a1_corrected_twc,A1-order + corrected-TWC,twc_anchor_gap_max,35999,28.525356576862123,0.0
a1_corrected_twc,A1-order + corrected-TWC,twc_anchor_gap_max,36499,28.921553090332804,0.0
a1_corrected_twc,A1-order + corrected-TWC,twc_anchor_gap_max,36999,29.317749603803488,0.0
a1_corrected_twc,A1-order + corrected-TWC,twc_anchor_gap_max,37499,29.71394611727417,0.0
a1_corrected_twc,A1-order + corrected-TWC,twc_anchor_gap_max,37999,30.11014263074485,0.0
a1_corrected_twc,A1-order + corrected-TWC,twc_anchor_gap_max,38499,30.50633914421553,0.0
a1_corrected_twc,A1-order + corrected-TWC,twc_anchor_gap_max,38999,30.90253565768621,0.0
a1_corrected_twc,A1-order + corrected-TWC,twc_anchor_gap_max,39499,31.298732171156892,0.0
a1_corrected_twc,A1-order + corrected-TWC,twc_anchor_gap_max,39999,31.694928684627577,0.0
a1_corrected_twc,A1-order + corrected-TWC,twc_anchor_gap_max,40499,32.091125198098254,0.0
a1_corrected_twc,A1-order + corrected-TWC,twc_anchor_gap_max,40999,32.48732171156894,0.0
a1_corrected_twc,A1-order + corrected-TWC,twc_anchor_gap_max,41499,32.88351822503962,0.0
a1_corrected_twc,A1-order + corrected-TWC,twc_anchor_gap_max,41999,33.2797147385103,0.0
a1_corrected_twc,A1-order + corrected-TWC,twc_anchor_gap_max,42499,33.675911251980985,0.0
a1_corrected_twc,A1-order + corrected-TWC,twc_anchor_gap_max,42999,34.07210776545166,0.0
a1_corrected_twc,A1-order + corrected-TWC,twc_anchor_gap_max,43499,34.468304278922346,0.0
a1_corrected_twc,A1-order + corrected-TWC,twc_anchor_gap_max,43999,34.864500792393024,0.0
a1_corrected_twc,A1-order + corrected-TWC,twc_anchor_gap_max,44499,35.26069730586371,0.0
a1_corrected_twc,A1-order + corrected-TWC,twc_anchor_gap_max,44999,35.65689381933439,0.0
a1_corrected_twc,A1-order + corrected-TWC,twc_anchor_gap_max,45499,36.05309033280507,0.0
a1_corrected_twc,A1-order + corrected-TWC,twc_anchor_gap_max,45999,36.449286846275754,0.0
a1_corrected_twc,A1-order + corrected-TWC,twc_anchor_gap_max,46499,36.84548335974643,0.0
a1_corrected_twc,A1-order + corrected-TWC,twc_anchor_gap_max,46999,37.241679873217116,0.0
a1_corrected_twc,A1-order + corrected-TWC,twc_anchor_gap_max,47499,37.6378763866878,0.0
a1_corrected_twc,A1-order + corrected-TWC,twc_anchor_gap_max,47999,38.03407290015848,0.0
a1_corrected_twc,A1-order + corrected-TWC,twc_anchor_gap_max,48499,38.43026941362916,0.0
a1_corrected_twc,A1-order + corrected-TWC,twc_anchor_gap_max,48999,38.82646592709984,0.0
a1_corrected_twc,A1-order + corrected-TWC,twc_anchor_gap_max,49499,39.222662440570524,0.0
a1_corrected_twc,A1-order + corrected-TWC,twc_anchor_gap_max,49999,39.6188589540412,0.0
a1_corrected_twc,A1-order + corrected-TWC,twc_anchor_gap_max,50499,40.015055467511885,0.0
a1_corrected_twc,A1-order + corrected-TWC,twc_anchor_gap_max,50999,40.41125198098257,0.0
a1_corrected_twc,A1-order + corrected-TWC,twc_anchor_gap_max,51499,40.80744849445325,0.0
a1_corrected_twc,A1-order + corrected-TWC,twc_anchor_gap_max,51999,41.20364500792393,0.0
a1_corrected_twc,A1-order + corrected-TWC,twc_anchor_gap_max,52499,41.59984152139461,0.0
a1_corrected_twc,A1-order + corrected-TWC,twc_anchor_gap_max,52999,41.99603803486529,0.0
a1_corrected_twc,A1-order + corrected-TWC,twc_anchor_gap_max,53499,42.39223454833598,0.0
a1_corrected_twc,A1-order + corrected-TWC,twc_anchor_gap_max,53999,42.788431061806655,0.0
a1_corrected_twc,A1-order + corrected-TWC,twc_anchor_gap_max,54499,43.18462757527734,0.0
a1_corrected_twc,A1-order + corrected-TWC,twc_anchor_gap_max,54999,43.58082408874802,0.0
a1_corrected_twc,A1-order + corrected-TWC,twc_anchor_gap_max,55499,43.9770206022187,0.0
a1_corrected_twc,A1-order + corrected-TWC,twc_anchor_gap_max,55999,44.37321711568938,0.0
a1_corrected_twc,A1-order + corrected-TWC,twc_anchor_gap_max,56499,44.76941362916006,0.0
a1_corrected_twc,A1-order + corrected-TWC,twc_anchor_gap_max,56999,45.16561014263075,0.0
a1_corrected_twc,A1-order + corrected-TWC,twc_anchor_gap_max,57499,45.561806656101425,0.0
a1_corrected_twc,A1-order + corrected-TWC,twc_anchor_gap_max,57999,45.95800316957211,0.0
a1_corrected_twc,A1-order + corrected-TWC,twc_anchor_gap_max,58499,46.354199683042786,0.0
a1_corrected_twc,A1-order + corrected-TWC,twc_anchor_gap_max,58999,46.75039619651347,0.0
a1_corrected_twc,A1-order + corrected-TWC,twc_anchor_gap_max,59499,47.146592709984155,0.0
a1_corrected_twc,A1-order + corrected-TWC,twc_anchor_gap_max,59999,47.54278922345483,0.0
a1_corrected_twc,A1-order + corrected-TWC,twc_anchor_gap_max,60499,47.93898573692552,0.0
a1_corrected_twc,A1-order + corrected-TWC,twc_anchor_gap_max,60999,48.335182250396194,0.0
a1_corrected_twc,A1-order + corrected-TWC,twc_anchor_gap_max,61499,48.73137876386688,0.0
a1_corrected_twc,A1-order + corrected-TWC,twc_anchor_gap_max,61999,49.12757527733756,0.0
a1_corrected_twc,A1-order + corrected-TWC,twc_anchor_gap_max,62499,49.52377179080824,0.0
a1_corrected_twc,A1-order + corrected-TWC,twc_anchor_gap_max,62999,49.919968304278925,0.0
a1_corrected_twc,A1-order + corrected-TWC,twc_anchor_gap_max,63499,50.3161648177496,0.0
a1_corrected_twc,A1-order + corrected-TWC,twc_anchor_gap_max,63999,50.712361331220286,0.0
a1_corrected_twc,A1-order + corrected-TWC,twc_anchor_gap_max,64499,51.108557844690964,0.0
a1_corrected_twc,A1-order + corrected-TWC,twc_anchor_gap_max,64999,51.50475435816165,0.0
a1_corrected_twc,A1-order + corrected-TWC,twc_anchor_gap_max,65499,51.90095087163233,0.0
a1_corrected_twc,A1-order + corrected-TWC,twc_anchor_gap_max,65999,52.29714738510301,0.0
a1_corrected_twc,A1-order + corrected-TWC,twc_anchor_gap_max,66499,52.693343898573694,0.0
a1_corrected_twc,A1-order + corrected-TWC,twc_anchor_gap_max,66999,53.08954041204437,0.0
a1_corrected_twc,A1-order + corrected-TWC,twc_anchor_gap_max,67499,53.485736925515056,0.0
a1_corrected_twc,A1-order + corrected-TWC,twc_anchor_gap_max,67999,53.88193343898574,0.0
a1_corrected_twc,A1-order + corrected-TWC,twc_anchor_gap_max,68499,54.27812995245642,0.0
a1_corrected_twc,A1-order + corrected-TWC,twc_anchor_gap_max,68999,54.6743264659271,0.0
a1_corrected_twc,A1-order + corrected-TWC,twc_anchor_gap_max,69499,55.07052297939778,0.0
a1_corrected_twc,A1-order + corrected-TWC,twc_anchor_gap_max,69999,55.466719492868464,0.0
a1_corrected_twc,A1-order + corrected-TWC,twc_anchor_gap_max,70499,55.86291600633914,0.0
a1_corrected_twc,A1-order + corrected-TWC,twc_anchor_gap_max,70999,56.259112519809825,0.0
a1_corrected_twc,A1-order + corrected-TWC,twc_anchor_gap_max,71499,56.65530903328051,0.0
a1_corrected_twc,A1-order + corrected-TWC,twc_anchor_gap_max,71999,57.05150554675119,0.0
a1_corrected_twc,A1-order + corrected-TWC,twc_anchor_gap_max,72499,57.44770206022187,0.0
a1_corrected_twc,A1-order + corrected-TWC,twc_anchor_gap_max,72999,57.84389857369255,0.0
a1_corrected_twc,A1-order + corrected-TWC,twc_anchor_gap_max,73499,58.24009508716323,0.0
a1_corrected_twc,A1-order + corrected-TWC,twc_anchor_gap_max,73999,58.63629160063392,0.0
a1_corrected_twc,A1-order + corrected-TWC,twc_anchor_gap_max,74499,59.032488114104595,0.0
a1_corrected_twc,A1-order + corrected-TWC,twc_anchor_gap_max,74999,59.42868462757528,0.0
a1_corrected_twc,A1-order + corrected-TWC,twc_anchor_gap_max,75499,59.82488114104596,0.0
a1_corrected_twc,A1-order + corrected-TWC,twc_anchor_gap_max,75719,59.99920760697306,0.0
a1_corrected_twc,A1-order + corrected-TWC,twc_current_point_gap_max,499,0.39540412044374007,0.0
a1_corrected_twc,A1-order + corrected-TWC,twc_current_point_gap_max,999,0.7916006339144216,0.0
a1_corrected_twc,A1-order + corrected-TWC,twc_current_point_gap_max,1499,1.187797147385103,0.0
a1_corrected_twc,A1-order + corrected-TWC,twc_current_point_gap_max,1999,1.5839936608557845,0.0
a1_corrected_twc,A1-order + corrected-TWC,twc_current_point_gap_max,2499,1.9801901743264658,0.0
a1_corrected_twc,A1-order + corrected-TWC,twc_current_point_gap_max,2999,2.3763866877971473,0.0
a1_corrected_twc,A1-order + corrected-TWC,twc_current_point_gap_max,3499,2.7725832012678286,0.0
a1_corrected_twc,A1-order + corrected-TWC,twc_current_point_gap_max,3999,3.1687797147385104,0.0
a1_corrected_twc,A1-order + corrected-TWC,twc_current_point_gap_max,4499,3.5649762282091917,0.0
a1_corrected_twc,A1-order + corrected-TWC,twc_current_point_gap_max,4999,3.9611727416798734,0.0
a1_corrected_twc,A1-order + corrected-TWC,twc_current_point_gap_max,5499,4.357369255150554,0.0
a1_corrected_twc,A1-order + corrected-TWC,twc_current_point_gap_max,5999,4.753565768621236,0.0
a1_corrected_twc,A1-order + corrected-TWC,twc_current_point_gap_max,6499,5.149762282091918,0.0
a1_corrected_twc,A1-order + corrected-TWC,twc_current_point_gap_max,6999,5.545958795562599,0.0
a1_corrected_twc,A1-order + corrected-TWC,twc_current_point_gap_max,7499,5.94215530903328,0.0
a1_corrected_twc,A1-order + corrected-TWC,twc_current_point_gap_max,7999,6.338351822503962,0.0
a1_corrected_twc,A1-order + corrected-TWC,twc_current_point_gap_max,8499,6.734548335974644,0.0
a1_corrected_twc,A1-order + corrected-TWC,twc_current_point_gap_max,8999,7.130744849445325,0.0
a1_corrected_twc,A1-order + corrected-TWC,twc_current_point_gap_max,9499,7.5269413629160065,0.0
a1_corrected_twc,A1-order + corrected-TWC,twc_current_point_gap_max,9999,7.923137876386688,0.0
a1_corrected_twc,A1-order + corrected-TWC,twc_current_point_gap_max,10499,8.319334389857369,0.0
a1_corrected_twc,A1-order + corrected-TWC,twc_current_point_gap_max,10999,8.71553090332805,0.0
a1_corrected_twc,A1-order + corrected-TWC,twc_current_point_gap_max,11499,9.111727416798733,0.0
a1_corrected_twc,A1-order + corrected-TWC,twc_current_point_gap_max,11999,9.507923930269413,0.0
a1_corrected_twc,A1-order + corrected-TWC,twc_current_point_gap_max,12499,9.904120443740094,0.0
a1_corrected_twc,A1-order + corrected-TWC,twc_current_point_gap_max,12999,10.300316957210777,0.0
a1_corrected_twc,A1-order + corrected-TWC,twc_current_point_gap_max,13499,10.696513470681458,0.0
a1_corrected_twc,A1-order + corrected-TWC,twc_current_point_gap_max,13999,11.092709984152139,0.0
a1_corrected_twc,A1-order + corrected-TWC,twc_current_point_gap_max,14499,11.488906497622821,0.0
a1_corrected_twc,A1-order + corrected-TWC,twc_current_point_gap_max,14999,11.885103011093502,0.0
a1_corrected_twc,A1-order + corrected-TWC,twc_current_point_gap_max,15499,12.281299524564185,0.0
a1_corrected_twc,A1-order + corrected-TWC,twc_current_point_gap_max,15999,12.677496038034866,0.0
a1_corrected_twc,A1-order + corrected-TWC,twc_current_point_gap_max,16499,13.073692551505546,0.0
a1_corrected_twc,A1-order + corrected-TWC,twc_current_point_gap_max,16999,13.469889064976229,0.0
a1_corrected_twc,A1-order + corrected-TWC,twc_current_point_gap_max,17499,13.86608557844691,0.0
a1_corrected_twc,A1-order + corrected-TWC,twc_current_point_gap_max,17999,14.26228209191759,0.0
a1_corrected_twc,A1-order + corrected-TWC,twc_current_point_gap_max,18499,14.658478605388273,0.0
a1_corrected_twc,A1-order + corrected-TWC,twc_current_point_gap_max,18999,15.054675118858954,0.0
a1_corrected_twc,A1-order + corrected-TWC,twc_current_point_gap_max,19499,15.450871632329635,0.0
a1_corrected_twc,A1-order + corrected-TWC,twc_current_point_gap_max,19999,15.847068145800318,0.0
a1_corrected_twc,A1-order + corrected-TWC,twc_current_point_gap_max,20499,16.243264659271,0.0
a1_corrected_twc,A1-order + corrected-TWC,twc_current_point_gap_max,20999,16.63946117274168,0.0
a1_corrected_twc,A1-order + corrected-TWC,twc_current_point_gap_max,21499,17.03565768621236,0.0
a1_corrected_twc,A1-order + corrected-TWC,twc_current_point_gap_max,21999,17.43185419968304,0.0
a1_corrected_twc,A1-order + corrected-TWC,twc_current_point_gap_max,22499,17.828050713153726,0.0
a1_corrected_twc,A1-order + corrected-TWC,twc_current_point_gap_max,22999,18.224247226624406,0.0
a1_corrected_twc,A1-order + corrected-TWC,twc_current_point_gap_max,23499,18.620443740095087,0.0
a1_corrected_twc,A1-order + corrected-TWC,twc_current_point_gap_max,23999,19.016640253565768,0.0
a1_corrected_twc,A1-order + corrected-TWC,twc_current_point_gap_max,24499,19.41283676703645,0.0
a1_corrected_twc,A1-order + corrected-TWC,twc_current_point_gap_max,24999,19.80903328050713,0.0
a1_corrected_twc,A1-order + corrected-TWC,twc_current_point_gap_max,25499,20.205229793977814,0.0
a1_corrected_twc,A1-order + corrected-TWC,twc_current_point_gap_max,25999,20.601426307448495,0.0
a1_corrected_twc,A1-order + corrected-TWC,twc_current_point_gap_max,26499,20.997622820919176,0.0
a1_corrected_twc,A1-order + corrected-TWC,twc_current_point_gap_max,26999,21.393819334389857,0.0
a1_corrected_twc,A1-order + corrected-TWC,twc_current_point_gap_max,27499,21.790015847860538,0.0
a1_corrected_twc,A1-order + corrected-TWC,twc_current_point_gap_max,27999,22.18621236133122,0.0
a1_corrected_twc,A1-order + corrected-TWC,twc_current_point_gap_max,28499,22.582408874801903,0.0
a1_corrected_twc,A1-order + corrected-TWC,twc_current_point_gap_max,28999,22.978605388272584,0.0
a1_corrected_twc,A1-order + corrected-TWC,twc_current_point_gap_max,29499,23.374801901743265,0.0
a1_corrected_twc,A1-order + corrected-TWC,twc_current_point_gap_max,29999,23.770998415213946,0.0
a1_corrected_twc,A1-order + corrected-TWC,twc_current_point_gap_max,30499,24.167194928684626,0.0
a1_corrected_twc,A1-order + corrected-TWC,twc_current_point_gap_max,30999,24.56339144215531,0.0
a1_corrected_twc,A1-order + corrected-TWC,twc_current_point_gap_max,31499,24.95958795562599,0.0
a1_corrected_twc,A1-order + corrected-TWC,twc_current_point_gap_max,31999,25.355784469096672,0.0
a1_corrected_twc,A1-order + corrected-TWC,twc_current_point_gap_max,32499,25.751980982567353,0.0
a1_corrected_twc,A1-order + corrected-TWC,twc_current_point_gap_max,32999,26.148177496038034,0.0
a1_corrected_twc,A1-order + corrected-TWC,twc_current_point_gap_max,33499,26.544374009508715,0.0
a1_corrected_twc,A1-order + corrected-TWC,twc_current_point_gap_max,33999,26.9405705229794,0.0
a1_corrected_twc,A1-order + corrected-TWC,twc_current_point_gap_max,34499,27.33676703645008,0.0
a1_corrected_twc,A1-order + corrected-TWC,twc_current_point_gap_max,34999,27.73296354992076,0.0
a1_corrected_twc,A1-order + corrected-TWC,twc_current_point_gap_max,35499,28.129160063391442,0.0
a1_corrected_twc,A1-order + corrected-TWC,twc_current_point_gap_max,35999,28.525356576862123,0.0
a1_corrected_twc,A1-order + corrected-TWC,twc_current_point_gap_max,36499,28.921553090332804,0.0
a1_corrected_twc,A1-order + corrected-TWC,twc_current_point_gap_max,36999,29.317749603803488,0.0
a1_corrected_twc,A1-order + corrected-TWC,twc_current_point_gap_max,37499,29.71394611727417,0.0
a1_corrected_twc,A1-order + corrected-TWC,twc_current_point_gap_max,37999,30.11014263074485,0.0
a1_corrected_twc,A1-order + corrected-TWC,twc_current_point_gap_max,38499,30.50633914421553,0.0
a1_corrected_twc,A1-order + corrected-TWC,twc_current_point_gap_max,38999,30.90253565768621,0.0
a1_corrected_twc,A1-order + corrected-TWC,twc_current_point_gap_max,39499,31.298732171156892,0.0
a1_corrected_twc,A1-order + corrected-TWC,twc_current_point_gap_max,39999,31.694928684627577,0.0
a1_corrected_twc,A1-order + corrected-TWC,twc_current_point_gap_max,40499,32.091125198098254,0.0
a1_corrected_twc,A1-order + corrected-TWC,twc_current_point_gap_max,40999,32.48732171156894,0.0
a1_corrected_twc,A1-order + corrected-TWC,twc_current_point_gap_max,41499,32.88351822503962,0.0
a1_corrected_twc,A1-order + corrected-TWC,twc_current_point_gap_max,41999,33.2797147385103,0.0
a1_corrected_twc,A1-order + corrected-TWC,twc_current_point_gap_max,42499,33.675911251980985,0.0
a1_corrected_twc,A1-order + corrected-TWC,twc_current_point_gap_max,42999,34.07210776545166,0.0
a1_corrected_twc,A1-order + corrected-TWC,twc_current_point_gap_max,43499,34.468304278922346,0.0
a1_corrected_twc,A1-order + corrected-TWC,twc_current_point_gap_max,43999,34.864500792393024,0.0
a1_corrected_twc,A1-order + corrected-TWC,twc_current_point_gap_max,44499,35.26069730586371,0.0
a1_corrected_twc,A1-order + corrected-TWC,twc_current_point_gap_max,44999,35.65689381933439,0.0
a1_corrected_twc,A1-order + corrected-TWC,twc_current_point_gap_max,45499,36.05309033280507,0.0
a1_corrected_twc,A1-order + corrected-TWC,twc_current_point_gap_max,45999,36.449286846275754,0.0
a1_corrected_twc,A1-order + corrected-TWC,twc_current_point_gap_max,46499,36.84548335974643,0.0
a1_corrected_twc,A1-order + corrected-TWC,twc_current_point_gap_max,46999,37.241679873217116,0.0
a1_corrected_twc,A1-order + corrected-TWC,twc_current_point_gap_max,47499,37.6378763866878,0.0
a1_corrected_twc,A1-order + corrected-TWC,twc_current_point_gap_max,47999,38.03407290015848,0.0
a1_corrected_twc,A1-order + corrected-TWC,twc_current_point_gap_max,48499,38.43026941362916,0.0
a1_corrected_twc,A1-order + corrected-TWC,twc_current_point_gap_max,48999,38.82646592709984,0.0
a1_corrected_twc,A1-order + corrected-TWC,twc_current_point_gap_max,49499,39.222662440570524,0.0
a1_corrected_twc,A1-order + corrected-TWC,twc_current_point_gap_max,49999,39.6188589540412,0.0
a1_corrected_twc,A1-order + corrected-TWC,twc_current_point_gap_max,50499,40.015055467511885,0.0
a1_corrected_twc,A1-order + corrected-TWC,twc_current_point_gap_max,50999,40.41125198098257,0.0
a1_corrected_twc,A1-order + corrected-TWC,twc_current_point_gap_max,51499,40.80744849445325,0.0
a1_corrected_twc,A1-order + corrected-TWC,twc_current_point_gap_max,51999,41.20364500792393,0.0
a1_corrected_twc,A1-order + corrected-TWC,twc_current_point_gap_max,52499,41.59984152139461,0.0
a1_corrected_twc,A1-order + corrected-TWC,twc_current_point_gap_max,52999,41.99603803486529,0.0
a1_corrected_twc,A1-order + corrected-TWC,twc_current_point_gap_max,53499,42.39223454833598,0.0
a1_corrected_twc,A1-order + corrected-TWC,twc_current_point_gap_max,53999,42.788431061806655,0.0
a1_corrected_twc,A1-order + corrected-TWC,twc_current_point_gap_max,54499,43.18462757527734,0.0
a1_corrected_twc,A1-order + corrected-TWC,twc_current_point_gap_max,54999,43.58082408874802,0.0
a1_corrected_twc,A1-order + corrected-TWC,twc_current_point_gap_max,55499,43.9770206022187,0.0
a1_corrected_twc,A1-order + corrected-TWC,twc_current_point_gap_max,55999,44.37321711568938,0.0
a1_corrected_twc,A1-order + corrected-TWC,twc_current_point_gap_max,56499,44.76941362916006,0.0
a1_corrected_twc,A1-order + corrected-TWC,twc_current_point_gap_max,56999,45.16561014263075,0.0
a1_corrected_twc,A1-order + corrected-TWC,twc_current_point_gap_max,57499,45.561806656101425,0.0
a1_corrected_twc,A1-order + corrected-TWC,twc_current_point_gap_max,57999,45.95800316957211,0.0
a1_corrected_twc,A1-order + corrected-TWC,twc_current_point_gap_max,58499,46.354199683042786,0.0
a1_corrected_twc,A1-order + corrected-TWC,twc_current_point_gap_max,58999,46.75039619651347,0.0
a1_corrected_twc,A1-order + corrected-TWC,twc_current_point_gap_max,59499,47.146592709984155,0.0
a1_corrected_twc,A1-order + corrected-TWC,twc_current_point_gap_max,59999,47.54278922345483,0.0
a1_corrected_twc,A1-order + corrected-TWC,twc_current_point_gap_max,60499,47.93898573692552,0.0
a1_corrected_twc,A1-order + corrected-TWC,twc_current_point_gap_max,60999,48.335182250396194,0.0
a1_corrected_twc,A1-order + corrected-TWC,twc_current_point_gap_max,61499,48.73137876386688,0.0
a1_corrected_twc,A1-order + corrected-TWC,twc_current_point_gap_max,61999,49.12757527733756,0.0
a1_corrected_twc,A1-order + corrected-TWC,twc_current_point_gap_max,62499,49.52377179080824,0.0
a1_corrected_twc,A1-order + corrected-TWC,twc_current_point_gap_max,62999,49.919968304278925,0.0
a1_corrected_twc,A1-order + corrected-TWC,twc_current_point_gap_max,63499,50.3161648177496,0.0
a1_corrected_twc,A1-order + corrected-TWC,twc_current_point_gap_max,63999,50.712361331220286,0.0
a1_corrected_twc,A1-order + corrected-TWC,twc_current_point_gap_max,64499,51.108557844690964,0.0
a1_corrected_twc,A1-order + corrected-TWC,twc_current_point_gap_max,64999,51.50475435816165,0.0
a1_corrected_twc,A1-order + corrected-TWC,twc_current_point_gap_max,65499,51.90095087163233,0.0
a1_corrected_twc,A1-order + corrected-TWC,twc_current_point_gap_max,65999,52.29714738510301,0.0
a1_corrected_twc,A1-order + corrected-TWC,twc_current_point_gap_max,66499,52.693343898573694,0.0
a1_corrected_twc,A1-order + corrected-TWC,twc_current_point_gap_max,66999,53.08954041204437,0.0
a1_corrected_twc,A1-order + corrected-TWC,twc_current_point_gap_max,67499,53.485736925515056,0.0
a1_corrected_twc,A1-order + corrected-TWC,twc_current_point_gap_max,67999,53.88193343898574,0.0
a1_corrected_twc,A1-order + corrected-TWC,twc_current_point_gap_max,68499,54.27812995245642,0.0
a1_corrected_twc,A1-order + corrected-TWC,twc_current_point_gap_max,68999,54.6743264659271,0.0
a1_corrected_twc,A1-order + corrected-TWC,twc_current_point_gap_max,69499,55.07052297939778,0.0
a1_corrected_twc,A1-order + corrected-TWC,twc_current_point_gap_max,69999,55.466719492868464,0.0
a1_corrected_twc,A1-order + corrected-TWC,twc_current_point_gap_max,70499,55.86291600633914,0.0
a1_corrected_twc,A1-order + corrected-TWC,twc_current_point_gap_max,70999,56.259112519809825,0.0
a1_corrected_twc,A1-order + corrected-TWC,twc_current_point_gap_max,71499,56.65530903328051,0.0
a1_corrected_twc,A1-order + corrected-TWC,twc_current_point_gap_max,71999,57.05150554675119,0.0
a1_corrected_twc,A1-order + corrected-TWC,twc_current_point_gap_max,72499,57.44770206022187,0.0
a1_corrected_twc,A1-order + corrected-TWC,twc_current_point_gap_max,72999,57.84389857369255,0.0
a1_corrected_twc,A1-order + corrected-TWC,twc_current_point_gap_max,73499,58.24009508716323,0.0
a1_corrected_twc,A1-order + corrected-TWC,twc_current_point_gap_max,73999,58.63629160063392,0.0
a1_corrected_twc,A1-order + corrected-TWC,twc_current_point_gap_max,74499,59.032488114104595,0.0
a1_corrected_twc,A1-order + corrected-TWC,twc_current_point_gap_max,74999,59.42868462757528,0.0
a1_corrected_twc,A1-order + corrected-TWC,twc_current_point_gap_max,75499,59.82488114104596,0.0
a1_corrected_twc,A1-order + corrected-TWC,twc_current_point_gap_max,75719,59.99920760697306,0.0
a2_corrected_twc,A2-order-dyn + corrected-TWC,loss_twc,499,0.39540412044374007,0.2892956778407097
a2_corrected_twc,A2-order-dyn + corrected-TWC,loss_twc,999,0.7916006339144216,0.1337177444919944
a2_corrected_twc,A2-order-dyn + corrected-TWC,loss_twc,1499,1.187797147385103,0.08391340363025665
a2_corrected_twc,A2-order-dyn + corrected-TWC,loss_twc,1999,1.5839936608557845,0.06205068407580257
a2_corrected_twc,A2-order-dyn + corrected-TWC,loss_twc,2499,1.9801901743264658,0.047504815608263015
a2_corrected_twc,A2-order-dyn + corrected-TWC,loss_twc,2999,2.3763866877971473,0.03827843995951116
a2_corrected_twc,A2-order-dyn + corrected-TWC,loss_twc,3499,2.7725832012678286,0.030691090039908886
a2_corrected_twc,A2-order-dyn + corrected-TWC,loss_twc,3999,3.1687797147385104,0.02820847407821566
a2_corrected_twc,A2-order-dyn + corrected-TWC,loss_twc,4499,3.5649762282091917,0.024410138735547662
a2_corrected_twc,A2-order-dyn + corrected-TWC,loss_twc,4999,3.9611727416798734,0.02341551548941061
a2_corrected_twc,A2-order-dyn + corrected-TWC,loss_twc,5499,4.357369255150554,0.022894461213611068
a2_corrected_twc,A2-order-dyn + corrected-TWC,loss_twc,5999,4.753565768621236,0.01962010631011799
a2_corrected_twc,A2-order-dyn + corrected-TWC,loss_twc,6499,5.149762282091918,0.018714163726195693
a2_corrected_twc,A2-order-dyn + corrected-TWC,loss_twc,6999,5.545958795562599,0.015528514237608761
a2_corrected_twc,A2-order-dyn + corrected-TWC,loss_twc,7499,5.94215530903328,0.01596891604922712
a2_corrected_twc,A2-order-dyn + corrected-TWC,loss_twc,7999,6.338351822503962,0.015252188424463384
a2_corrected_twc,A2-order-dyn + corrected-TWC,loss_twc,8499,6.734548335974644,0.014620336661580951
a2_corrected_twc,A2-order-dyn + corrected-TWC,loss_twc,8999,7.130744849445325,0.012741427368484437
a2_corrected_twc,A2-order-dyn + corrected-TWC,loss_twc,9499,7.5269413629160065,0.014457162681268529
a2_corrected_twc,A2-order-dyn + corrected-TWC,loss_twc,9999,7.923137876386688,0.012238591360859573
a2_corrected_twc,A2-order-dyn + corrected-TWC,loss_twc,10499,8.319334389857369,0.011455312268575654
a2_corrected_twc,A2-order-dyn + corrected-TWC,loss_twc,10999,8.71553090332805,0.011777190551627428
a2_corrected_twc,A2-order-dyn + corrected-TWC,loss_twc,11499,9.111727416798733,0.01121774529432878
a2_corrected_twc,A2-order-dyn + corrected-TWC,loss_twc,11999,9.507923930269413,0.010979431451065466
a2_corrected_twc,A2-order-dyn + corrected-TWC,loss_twc,12499,9.904120443740094,0.01057995260017924
a2_corrected_twc,A2-order-dyn + corrected-TWC,loss_twc,12999,10.300316957210777,0.01003560452023521
a2_corrected_twc,A2-order-dyn + corrected-TWC,loss_twc,13499,10.696513470681458,0.009634295828640461
a2_corrected_twc,A2-order-dyn + corrected-TWC,loss_twc,13999,11.092709984152139,0.010208595418604091
a2_corrected_twc,A2-order-dyn + corrected-TWC,loss_twc,14499,11.488906497622821,0.00940145352424588
a2_corrected_twc,A2-order-dyn + corrected-TWC,loss_twc,14999,11.885103011093502,0.007833219905849547
a2_corrected_twc,A2-order-dyn + corrected-TWC,loss_twc,15499,12.281299524564185,0.010038524858187884
a2_corrected_twc,A2-order-dyn + corrected-TWC,loss_twc,15999,12.677496038034866,0.009470709004206584
a2_corrected_twc,A2-order-dyn + corrected-TWC,loss_twc,16499,13.073692551505546,0.00854803613666445
a2_corrected_twc,A2-order-dyn + corrected-TWC,loss_twc,16999,13.469889064976229,0.008616361729451455
a2_corrected_twc,A2-order-dyn + corrected-TWC,loss_twc,17499,13.86608557844691,0.009035710030118934
a2_corrected_twc,A2-order-dyn + corrected-TWC,loss_twc,17999,14.26228209191759,0.009254196986788884
a2_corrected_twc,A2-order-dyn + corrected-TWC,loss_twc,18499,14.658478605388273,0.008959689528681338
a2_corrected_twc,A2-order-dyn + corrected-TWC,loss_twc,18999,15.054675118858954,0.008552581130643375
a2_corrected_twc,A2-order-dyn + corrected-TWC,loss_twc,19499,15.450871632329635,0.0074384558271849525
a2_corrected_twc,A2-order-dyn + corrected-TWC,loss_twc,19999,15.847068145800318,0.009544133103336207
a2_corrected_twc,A2-order-dyn + corrected-TWC,loss_twc,20499,16.243264659271,0.007836349456803874
a2_corrected_twc,A2-order-dyn + corrected-TWC,loss_twc,20999,16.63946117274168,0.008248449438950046
a2_corrected_twc,A2-order-dyn + corrected-TWC,loss_twc,21499,17.03565768621236,0.0070605622192379085
a2_corrected_twc,A2-order-dyn + corrected-TWC,loss_twc,21999,17.43185419968304,0.007657427958911285
a2_corrected_twc,A2-order-dyn + corrected-TWC,loss_twc,22499,17.828050713153726,0.007773001416935586
a2_corrected_twc,A2-order-dyn + corrected-TWC,loss_twc,22999,18.224247226624406,0.007515824647969566
a2_corrected_twc,A2-order-dyn + corrected-TWC,loss_twc,23499,18.620443740095087,0.007103408355265856
a2_corrected_twc,A2-order-dyn + corrected-TWC,loss_twc,23999,19.016640253565768,0.007322941583464853
a2_corrected_twc,A2-order-dyn + corrected-TWC,loss_twc,24499,19.41283676703645,0.007829377834219485
a2_corrected_twc,A2-order-dyn + corrected-TWC,loss_twc,24999,19.80903328050713,0.006875871398602612
a2_corrected_twc,A2-order-dyn + corrected-TWC,loss_twc,25499,20.205229793977814,0.00757013049942907
a2_corrected_twc,A2-order-dyn + corrected-TWC,loss_twc,25999,20.601426307448495,0.005541851331654471
a2_corrected_twc,A2-order-dyn + corrected-TWC,loss_twc,26499,20.997622820919176,0.006618990723742172
a2_corrected_twc,A2-order-dyn + corrected-TWC,loss_twc,26999,21.393819334389857,0.0067919287700788115
a2_corrected_twc,A2-order-dyn + corrected-TWC,loss_twc,27499,21.790015847860538,0.005884690949169453
a2_corrected_twc,A2-order-dyn + corrected-TWC,loss_twc,27999,22.18621236133122,0.006199739339179359
a2_corrected_twc,A2-order-dyn + corrected-TWC,loss_twc,28499,22.582408874801903,0.005853468921559397
a2_corrected_twc,A2-order-dyn + corrected-TWC,loss_twc,28999,22.978605388272584,0.005125497933011502
a2_corrected_twc,A2-order-dyn + corrected-TWC,loss_twc,29499,23.374801901743265,0.005550918003253173
a2_corrected_twc,A2-order-dyn + corrected-TWC,loss_twc,29999,23.770998415213946,0.005207828814105597
a2_corrected_twc,A2-order-dyn + corrected-TWC,loss_twc,30499,24.167194928684626,0.006223368879931513
a2_corrected_twc,A2-order-dyn + corrected-TWC,loss_twc,30999,24.56339144215531,0.006042235448607243
a2_corrected_twc,A2-order-dyn + corrected-TWC,loss_twc,31499,24.95958795562599,0.005819864851073362
a2_corrected_twc,A2-order-dyn + corrected-TWC,loss_twc,31999,25.355784469096672,0.0060828792007523586
a2_corrected_twc,A2-order-dyn + corrected-TWC,loss_twc,32499,25.751980982567353,0.005912668014643714
a2_corrected_twc,A2-order-dyn + corrected-TWC,loss_twc,32999,26.148177496038034,0.005612108100845944
a2_corrected_twc,A2-order-dyn + corrected-TWC,loss_twc,33499,26.544374009508715,0.005048828874249011
a2_corrected_twc,A2-order-dyn + corrected-TWC,loss_twc,33999,26.9405705229794,0.005456158010929357
a2_corrected_twc,A2-order-dyn + corrected-TWC,loss_twc,34499,27.33676703645008,0.004714016431185883
a2_corrected_twc,A2-order-dyn + corrected-TWC,loss_twc,34999,27.73296354992076,0.00529460967273917
a2_corrected_twc,A2-order-dyn + corrected-TWC,loss_twc,35499,28.129160063391442,0.0054389073785860095
a2_corrected_twc,A2-order-dyn + corrected-TWC,loss_twc,35999,28.525356576862123,0.00545686928217765
a2_corrected_twc,A2-order-dyn + corrected-TWC,loss_twc,36499,28.921553090332804,0.005592417608713731
a2_corrected_twc,A2-order-dyn + corrected-TWC,loss_twc,36999,29.317749603803488,0.005197593252232764
a2_corrected_twc,A2-order-dyn + corrected-TWC,loss_twc,37499,29.71394611727417,0.005013767704949715
a2_corrected_twc,A2-order-dyn + corrected-TWC,loss_twc,37999,30.11014263074485,0.006018743397726211
a2_corrected_twc,A2-order-dyn + corrected-TWC,loss_twc,38499,30.50633914421553,0.00530127670802176
a2_corrected_twc,A2-order-dyn + corrected-TWC,loss_twc,38999,30.90253565768621,0.005445513411425054
a2_corrected_twc,A2-order-dyn + corrected-TWC,loss_twc,39499,31.298732171156892,0.005201026759750676
a2_corrected_twc,A2-order-dyn + corrected-TWC,loss_twc,39999,31.694928684627577,0.005367700657167006
a2_corrected_twc,A2-order-dyn + corrected-TWC,loss_twc,40499,32.091125198098254,0.004571151730313431
a2_corrected_twc,A2-order-dyn + corrected-TWC,loss_twc,40999,32.48732171156894,0.004900097040692344
a2_corrected_twc,A2-order-dyn + corrected-TWC,loss_twc,41499,32.88351822503962,0.005339261624554638
a2_corrected_twc,A2-order-dyn + corrected-TWC,loss_twc,41999,33.2797147385103,0.005624730265699327
a2_corrected_twc,A2-order-dyn + corrected-TWC,loss_twc,42499,33.675911251980985,0.005609447083668783
a2_corrected_twc,A2-order-dyn + corrected-TWC,loss_twc,42999,34.07210776545166,0.004862816306529566
a2_corrected_twc,A2-order-dyn + corrected-TWC,loss_twc,43499,34.468304278922346,0.005099920039006975
a2_corrected_twc,A2-order-dyn + corrected-TWC,loss_twc,43999,34.864500792393024,0.005076571338810026
a2_corrected_twc,A2-order-dyn + corrected-TWC,loss_twc,44499,35.26069730586371,0.005618508232175372
a2_corrected_twc,A2-order-dyn + corrected-TWC,loss_twc,44999,35.65689381933439,0.004949987202067859
a2_corrected_twc,A2-order-dyn + corrected-TWC,loss_twc,45499,36.05309033280507,0.005260530204803217
a2_corrected_twc,A2-order-dyn + corrected-TWC,loss_twc,45999,36.449286846275754,0.0056180061615305026
a2_corrected_twc,A2-order-dyn + corrected-TWC,loss_twc,46499,36.84548335974643,0.005167724347149487
a2_corrected_twc,A2-order-dyn + corrected-TWC,loss_twc,46999,37.241679873217116,0.005093734297784976
a2_corrected_twc,A2-order-dyn + corrected-TWC,loss_twc,47499,37.6378763866878,0.004765632548602298
a2_corrected_twc,A2-order-dyn + corrected-TWC,loss_twc,47999,38.03407290015848,0.005233270675584208
a2_corrected_twc,A2-order-dyn + corrected-TWC,loss_twc,48499,38.43026941362916,0.004924296637182124
a2_corrected_twc,A2-order-dyn + corrected-TWC,loss_twc,48999,38.82646592709984,0.004635981926112436
a2_corrected_twc,A2-order-dyn + corrected-TWC,loss_twc,49499,39.222662440570524,0.005126766910601873
a2_corrected_twc,A2-order-dyn + corrected-TWC,loss_twc,49999,39.6188589540412,0.005076278531458229
a2_corrected_twc,A2-order-dyn + corrected-TWC,loss_twc,50499,40.015055467511885,0.005134643586818129
a2_corrected_twc,A2-order-dyn + corrected-TWC,loss_twc,50999,40.41125198098257,0.00433928548451513
a2_corrected_twc,A2-order-dyn + corrected-TWC,loss_twc,51499,40.80744849445325,0.004930898173013702
a2_corrected_twc,A2-order-dyn + corrected-TWC,loss_twc,51999,41.20364500792393,0.004762495965522248
a2_corrected_twc,A2-order-dyn + corrected-TWC,loss_twc,52499,41.59984152139461,0.004978612668579444
a2_corrected_twc,A2-order-dyn + corrected-TWC,loss_twc,52999,41.99603803486529,0.004718081886705477
a2_corrected_twc,A2-order-dyn + corrected-TWC,loss_twc,53499,42.39223454833598,0.00467510348855285
a2_corrected_twc,A2-order-dyn + corrected-TWC,loss_twc,53999,42.788431061806655,0.00446250645397231
a2_corrected_twc,A2-order-dyn + corrected-TWC,loss_twc,54499,43.18462757527734,0.004939628343447112
a2_corrected_twc,A2-order-dyn + corrected-TWC,loss_twc,54999,43.58082408874802,0.00514984284422826
a2_corrected_twc,A2-order-dyn + corrected-TWC,loss_twc,55499,43.9770206022187,0.004745672129793092
a2_corrected_twc,A2-order-dyn + corrected-TWC,loss_twc,55999,44.37321711568938,0.004752491841674782
a2_corrected_twc,A2-order-dyn + corrected-TWC,loss_twc,56499,44.76941362916006,0.005010971119743772
a2_corrected_twc,A2-order-dyn + corrected-TWC,loss_twc,56999,45.16561014263075,0.005739457686198875
a2_corrected_twc,A2-order-dyn + corrected-TWC,loss_twc,57499,45.561806656101425,0.005229206523799803
a2_corrected_twc,A2-order-dyn + corrected-TWC,loss_twc,57999,45.95800316957211,0.004458159252651967
a2_corrected_twc,A2-order-dyn + corrected-TWC,loss_twc,58499,46.354199683042786,0.004835730179445818
a2_corrected_twc,A2-order-dyn + corrected-TWC,loss_twc,58999,46.75039619651347,0.004625013161334209
a2_corrected_twc,A2-order-dyn + corrected-TWC,loss_twc,59499,47.146592709984155,0.004686291866004467
a2_corrected_twc,A2-order-dyn + corrected-TWC,loss_twc,59999,47.54278922345483,0.005286075139651075
a2_corrected_twc,A2-order-dyn + corrected-TWC,loss_twc,60499,47.93898573692552,0.004816273727687076
a2_corrected_twc,A2-order-dyn + corrected-TWC,loss_twc,60999,48.335182250396194,0.005746192259364761
a2_corrected_twc,A2-order-dyn + corrected-TWC,loss_twc,61499,48.73137876386688,0.005086830301384907
a2_corrected_twc,A2-order-dyn + corrected-TWC,loss_twc,61999,49.12757527733756,0.004578090839786455
a2_corrected_twc,A2-order-dyn + corrected-TWC,loss_twc,62499,49.52377179080824,0.004667041631182656
a2_corrected_twc,A2-order-dyn + corrected-TWC,loss_twc,62999,49.919968304278925,0.00470711905672215
a2_corrected_twc,A2-order-dyn + corrected-TWC,loss_twc,63499,50.3161648177496,0.00445510876190383
a2_corrected_twc,A2-order-dyn + corrected-TWC,loss_twc,63999,50.712361331220286,0.0046738987128483135
a2_corrected_twc,A2-order-dyn + corrected-TWC,loss_twc,64499,51.108557844690964,0.004885438135941513
a2_corrected_twc,A2-order-dyn + corrected-TWC,loss_twc,64999,51.50475435816165,0.005200628512422555
a2_corrected_twc,A2-order-dyn + corrected-TWC,loss_twc,65499,51.90095087163233,0.004940794114081655
a2_corrected_twc,A2-order-dyn + corrected-TWC,loss_twc,65999,52.29714738510301,0.004587407269224059
a2_corrected_twc,A2-order-dyn + corrected-TWC,loss_twc,66499,52.693343898573694,0.004691294886055402
a2_corrected_twc,A2-order-dyn + corrected-TWC,loss_twc,66999,53.08954041204437,0.004807243677554652
a2_corrected_twc,A2-order-dyn + corrected-TWC,loss_twc,67499,53.485736925515056,0.005525093937991187
a2_corrected_twc,A2-order-dyn + corrected-TWC,loss_twc,67999,53.88193343898574,0.005240935721027199
a2_corrected_twc,A2-order-dyn + corrected-TWC,loss_twc,68499,54.27812995245642,0.004448938748566434
a2_corrected_twc,A2-order-dyn + corrected-TWC,loss_twc,68999,54.6743264659271,0.004646791542530991
a2_corrected_twc,A2-order-dyn + corrected-TWC,loss_twc,69499,55.07052297939778,0.0051384932301007215
a2_corrected_twc,A2-order-dyn + corrected-TWC,loss_twc,69999,55.466719492868464,0.004688912228913978
a2_corrected_twc,A2-order-dyn + corrected-TWC,loss_twc,70499,55.86291600633914,0.004761833715136163
a2_corrected_twc,A2-order-dyn + corrected-TWC,loss_twc,70999,56.259112519809825,0.005041070216218941
a2_corrected_twc,A2-order-dyn + corrected-TWC,loss_twc,71499,56.65530903328051,0.0046201303767738865
a2_corrected_twc,A2-order-dyn + corrected-TWC,loss_twc,71999,57.05150554675119,0.005034222376765683
a2_corrected_twc,A2-order-dyn + corrected-TWC,loss_twc,72499,57.44770206022187,0.004751664595212787
a2_corrected_twc,A2-order-dyn + corrected-TWC,loss_twc,72999,57.84389857369255,0.004923704970395192
a2_corrected_twc,A2-order-dyn + corrected-TWC,loss_twc,73499,58.24009508716323,0.004145399861736223
a2_corrected_twc,A2-order-dyn + corrected-TWC,loss_twc,73999,58.63629160063392,0.004632526763947681
a2_corrected_twc,A2-order-dyn + corrected-TWC,loss_twc,74499,59.032488114104595,0.005058037320151925
a2_corrected_twc,A2-order-dyn + corrected-TWC,loss_twc,74999,59.42868462757528,0.004724440056539606
a2_corrected_twc,A2-order-dyn + corrected-TWC,loss_twc,75499,59.82488114104596,0.0047413343562511725
a2_corrected_twc,A2-order-dyn + corrected-TWC,loss_twc,75719,59.99920760697306,0.005076790512380698
a2_corrected_twc,A2-order-dyn + corrected-TWC,twc_valid_ratio,499,0.39540412044374007,0.75975
a2_corrected_twc,A2-order-dyn + corrected-TWC,twc_valid_ratio,999,0.7916006339144216,0.74
a2_corrected_twc,A2-order-dyn + corrected-TWC,twc_valid_ratio,1499,1.187797147385103,0.7495
a2_corrected_twc,A2-order-dyn + corrected-TWC,twc_valid_ratio,1999,1.5839936608557845,0.754375
a2_corrected_twc,A2-order-dyn + corrected-TWC,twc_valid_ratio,2499,1.9801901743264658,0.75
a2_corrected_twc,A2-order-dyn + corrected-TWC,twc_valid_ratio,2999,2.3763866877971473,0.75125
a2_corrected_twc,A2-order-dyn + corrected-TWC,twc_valid_ratio,3499,2.7725832012678286,0.746375
a2_corrected_twc,A2-order-dyn + corrected-TWC,twc_valid_ratio,3999,3.1687797147385104,0.752875
a2_corrected_twc,A2-order-dyn + corrected-TWC,twc_valid_ratio,4499,3.5649762282091917,0.74925
a2_corrected_twc,A2-order-dyn + corrected-TWC,twc_valid_ratio,4999,3.9611727416798734,0.754625
a2_corrected_twc,A2-order-dyn + corrected-TWC,twc_valid_ratio,5499,4.357369255150554,0.75
a2_corrected_twc,A2-order-dyn + corrected-TWC,twc_valid_ratio,5999,4.753565768621236,0.751875
a2_corrected_twc,A2-order-dyn + corrected-TWC,twc_valid_ratio,6499,5.149762282091918,0.746625
a2_corrected_twc,A2-order-dyn + corrected-TWC,twc_valid_ratio,6999,5.545958795562599,0.752
a2_corrected_twc,A2-order-dyn + corrected-TWC,twc_valid_ratio,7499,5.94215530903328,0.747625
a2_corrected_twc,A2-order-dyn + corrected-TWC,twc_valid_ratio,7999,6.338351822503962,0.7535
a2_corrected_twc,A2-order-dyn + corrected-TWC,twc_valid_ratio,8499,6.734548335974644,0.749
a2_corrected_twc,A2-order-dyn + corrected-TWC,twc_valid_ratio,8999,7.130744849445325,0.745375
a2_corrected_twc,A2-order-dyn + corrected-TWC,twc_valid_ratio,9499,7.5269413629160065,0.756375
a2_corrected_twc,A2-order-dyn + corrected-TWC,twc_valid_ratio,9999,7.923137876386688,0.753
a2_corrected_twc,A2-order-dyn + corrected-TWC,twc_valid_ratio,10499,8.319334389857369,0.752875
a2_corrected_twc,A2-order-dyn + corrected-TWC,twc_valid_ratio,10999,8.71553090332805,0.74825
a2_corrected_twc,A2-order-dyn + corrected-TWC,twc_valid_ratio,11499,9.111727416798733,0.749875
a2_corrected_twc,A2-order-dyn + corrected-TWC,twc_valid_ratio,11999,9.507923930269413,0.7515
a2_corrected_twc,A2-order-dyn + corrected-TWC,twc_valid_ratio,12499,9.904120443740094,0.73525
a2_corrected_twc,A2-order-dyn + corrected-TWC,twc_valid_ratio,12999,10.300316957210777,0.75
a2_corrected_twc,A2-order-dyn + corrected-TWC,twc_valid_ratio,13499,10.696513470681458,0.754125
a2_corrected_twc,A2-order-dyn + corrected-TWC,twc_valid_ratio,13999,11.092709984152139,0.74575
a2_corrected_twc,A2-order-dyn + corrected-TWC,twc_valid_ratio,14499,11.488906497622821,0.752
a2_corrected_twc,A2-order-dyn + corrected-TWC,twc_valid_ratio,14999,11.885103011093502,0.7545
a2_corrected_twc,A2-order-dyn + corrected-TWC,twc_valid_ratio,15499,12.281299524564185,0.751875
a2_corrected_twc,A2-order-dyn + corrected-TWC,twc_valid_ratio,15999,12.677496038034866,0.756375
a2_corrected_twc,A2-order-dyn + corrected-TWC,twc_valid_ratio,16499,13.073692551505546,0.74575
a2_corrected_twc,A2-order-dyn + corrected-TWC,twc_valid_ratio,16999,13.469889064976229,0.75175
a2_corrected_twc,A2-order-dyn + corrected-TWC,twc_valid_ratio,17499,13.86608557844691,0.754625
a2_corrected_twc,A2-order-dyn + corrected-TWC,twc_valid_ratio,17999,14.26228209191759,0.750125
a2_corrected_twc,A2-order-dyn + corrected-TWC,twc_valid_ratio,18499,14.658478605388273,0.7455
a2_corrected_twc,A2-order-dyn + corrected-TWC,twc_valid_ratio,18999,15.054675118858954,0.752375
a2_corrected_twc,A2-order-dyn + corrected-TWC,twc_valid_ratio,19499,15.450871632329635,0.754125
a2_corrected_twc,A2-order-dyn + corrected-TWC,twc_valid_ratio,19999,15.847068145800318,0.747125
a2_corrected_twc,A2-order-dyn + corrected-TWC,twc_valid_ratio,20499,16.243264659271,0.751
a2_corrected_twc,A2-order-dyn + corrected-TWC,twc_valid_ratio,20999,16.63946117274168,0.75375
a2_corrected_twc,A2-order-dyn + corrected-TWC,twc_valid_ratio,21499,17.03565768621236,0.746
a2_corrected_twc,A2-order-dyn + corrected-TWC,twc_valid_ratio,21999,17.43185419968304,0.747125
a2_corrected_twc,A2-order-dyn + corrected-TWC,twc_valid_ratio,22499,17.828050713153726,0.755125
a2_corrected_twc,A2-order-dyn + corrected-TWC,twc_valid_ratio,22999,18.224247226624406,0.75025
a2_corrected_twc,A2-order-dyn + corrected-TWC,twc_valid_ratio,23499,18.620443740095087,0.75125
a2_corrected_twc,A2-order-dyn + corrected-TWC,twc_valid_ratio,23999,19.016640253565768,0.745
a2_corrected_twc,A2-order-dyn + corrected-TWC,twc_valid_ratio,24499,19.41283676703645,0.745625
a2_corrected_twc,A2-order-dyn + corrected-TWC,twc_valid_ratio,24999,19.80903328050713,0.752125
a2_corrected_twc,A2-order-dyn + corrected-TWC,twc_valid_ratio,25499,20.205229793977814,0.749125
a2_corrected_twc,A2-order-dyn + corrected-TWC,twc_valid_ratio,25999,20.601426307448495,0.747375
a2_corrected_twc,A2-order-dyn + corrected-TWC,twc_valid_ratio,26499,20.997622820919176,0.752
a2_corrected_twc,A2-order-dyn + corrected-TWC,twc_valid_ratio,26999,21.393819334389857,0.7465
a2_corrected_twc,A2-order-dyn + corrected-TWC,twc_valid_ratio,27499,21.790015847860538,0.7505
a2_corrected_twc,A2-order-dyn + corrected-TWC,twc_valid_ratio,27999,22.18621236133122,0.755625
a2_corrected_twc,A2-order-dyn + corrected-TWC,twc_valid_ratio,28499,22.582408874801903,0.74525
a2_corrected_twc,A2-order-dyn + corrected-TWC,twc_valid_ratio,28999,22.978605388272584,0.749375
a2_corrected_twc,A2-order-dyn + corrected-TWC,twc_valid_ratio,29499,23.374801901743265,0.7495
a2_corrected_twc,A2-order-dyn + corrected-TWC,twc_valid_ratio,29999,23.770998415213946,0.75325
a2_corrected_twc,A2-order-dyn + corrected-TWC,twc_valid_ratio,30499,24.167194928684626,0.74625
a2_corrected_twc,A2-order-dyn + corrected-TWC,twc_valid_ratio,30999,24.56339144215531,0.75025
a2_corrected_twc,A2-order-dyn + corrected-TWC,twc_valid_ratio,31499,24.95958795562599,0.749875
a2_corrected_twc,A2-order-dyn + corrected-TWC,twc_valid_ratio,31999,25.355784469096672,0.7455
a2_corrected_twc,A2-order-dyn + corrected-TWC,twc_valid_ratio,32499,25.751980982567353,0.76025
a2_corrected_twc,A2-order-dyn + corrected-TWC,twc_valid_ratio,32999,26.148177496038034,0.743
a2_corrected_twc,A2-order-dyn + corrected-TWC,twc_valid_ratio,33499,26.544374009508715,0.750375
a2_corrected_twc,A2-order-dyn + corrected-TWC,twc_valid_ratio,33999,26.9405705229794,0.7445
a2_corrected_twc,A2-order-dyn + corrected-TWC,twc_valid_ratio,34499,27.33676703645008,0.754125
a2_corrected_twc,A2-order-dyn + corrected-TWC,twc_valid_ratio,34999,27.73296354992076,0.743
a2_corrected_twc,A2-order-dyn + corrected-TWC,twc_valid_ratio,35499,28.129160063391442,0.753375
a2_corrected_twc,A2-order-dyn + corrected-TWC,twc_valid_ratio,35999,28.525356576862123,0.751625
a2_corrected_twc,A2-order-dyn + corrected-TWC,twc_valid_ratio,36499,28.921553090332804,0.745625
a2_corrected_twc,A2-order-dyn + corrected-TWC,twc_valid_ratio,36999,29.317749603803488,0.755375
a2_corrected_twc,A2-order-dyn + corrected-TWC,twc_valid_ratio,37499,29.71394611727417,0.74925
a2_corrected_twc,A2-order-dyn + corrected-TWC,twc_valid_ratio,37999,30.11014263074485,0.751875
a2_corrected_twc,A2-order-dyn + corrected-TWC,twc_valid_ratio,38499,30.50633914421553,0.7475
a2_corrected_twc,A2-order-dyn + corrected-TWC,twc_valid_ratio,38999,30.90253565768621,0.749625
a2_corrected_twc,A2-order-dyn + corrected-TWC,twc_valid_ratio,39499,31.298732171156892,0.742625
a2_corrected_twc,A2-order-dyn + corrected-TWC,twc_valid_ratio,39999,31.694928684627577,0.749875
a2_corrected_twc,A2-order-dyn + corrected-TWC,twc_valid_ratio,40499,32.091125198098254,0.752625
a2_corrected_twc,A2-order-dyn + corrected-TWC,twc_valid_ratio,40999,32.48732171156894,0.756375
a2_corrected_twc,A2-order-dyn + corrected-TWC,twc_valid_ratio,41499,32.88351822503962,0.74775
a2_corrected_twc,A2-order-dyn + corrected-TWC,twc_valid_ratio,41999,33.2797147385103,0.740625
a2_corrected_twc,A2-order-dyn + corrected-TWC,twc_valid_ratio,42499,33.675911251980985,0.756875
a2_corrected_twc,A2-order-dyn + corrected-TWC,twc_valid_ratio,42999,34.07210776545166,0.749375
a2_corrected_twc,A2-order-dyn + corrected-TWC,twc_valid_ratio,43499,34.468304278922346,0.745
a2_corrected_twc,A2-order-dyn + corrected-TWC,twc_valid_ratio,43999,34.864500792393024,0.752625
a2_corrected_twc,A2-order-dyn + corrected-TWC,twc_valid_ratio,44499,35.26069730586371,0.751125
a2_corrected_twc,A2-order-dyn + corrected-TWC,twc_valid_ratio,44999,35.65689381933439,0.752375
a2_corrected_twc,A2-order-dyn + corrected-TWC,twc_valid_ratio,45499,36.05309033280507,0.7475
a2_corrected_twc,A2-order-dyn + corrected-TWC,twc_valid_ratio,45999,36.449286846275754,0.755625
a2_corrected_twc,A2-order-dyn + corrected-TWC,twc_valid_ratio,46499,36.84548335974643,0.744625
a2_corrected_twc,A2-order-dyn + corrected-TWC,twc_valid_ratio,46999,37.241679873217116,0.752625
a2_corrected_twc,A2-order-dyn + corrected-TWC,twc_valid_ratio,47499,37.6378763866878,0.750875
a2_corrected_twc,A2-order-dyn + corrected-TWC,twc_valid_ratio,47999,38.03407290015848,0.747125
a2_corrected_twc,A2-order-dyn + corrected-TWC,twc_valid_ratio,48499,38.43026941362916,0.74825
a2_corrected_twc,A2-order-dyn + corrected-TWC,twc_valid_ratio,48999,38.82646592709984,0.754125
a2_corrected_twc,A2-order-dyn + corrected-TWC,twc_valid_ratio,49499,39.222662440570524,0.7505
a2_corrected_twc,A2-order-dyn + corrected-TWC,twc_valid_ratio,49999,39.6188589540412,0.755375
a2_corrected_twc,A2-order-dyn + corrected-TWC,twc_valid_ratio,50499,40.015055467511885,0.744
a2_corrected_twc,A2-order-dyn + corrected-TWC,twc_valid_ratio,50999,40.41125198098257,0.751625
a2_corrected_twc,A2-order-dyn + corrected-TWC,twc_valid_ratio,51499,40.80744849445325,0.745625
a2_corrected_twc,A2-order-dyn + corrected-TWC,twc_valid_ratio,51999,41.20364500792393,0.750375
a2_corrected_twc,A2-order-dyn + corrected-TWC,twc_valid_ratio,52499,41.59984152139461,0.753875
a2_corrected_twc,A2-order-dyn + corrected-TWC,twc_valid_ratio,52999,41.99603803486529,0.744375
a2_corrected_twc,A2-order-dyn + corrected-TWC,twc_valid_ratio,53499,42.39223454833598,0.753
a2_corrected_twc,A2-order-dyn + corrected-TWC,twc_valid_ratio,53999,42.788431061806655,0.746625
a2_corrected_twc,A2-order-dyn + corrected-TWC,twc_valid_ratio,54499,43.18462757527734,0.760125
a2_corrected_twc,A2-order-dyn + corrected-TWC,twc_valid_ratio,54999,43.58082408874802,0.74775
a2_corrected_twc,A2-order-dyn + corrected-TWC,twc_valid_ratio,55499,43.9770206022187,0.74875
a2_corrected_twc,A2-order-dyn + corrected-TWC,twc_valid_ratio,55999,44.37321711568938,0.738875
a2_corrected_twc,A2-order-dyn + corrected-TWC,twc_valid_ratio,56499,44.76941362916006,0.757375
a2_corrected_twc,A2-order-dyn + corrected-TWC,twc_valid_ratio,56999,45.16561014263075,0.749
a2_corrected_twc,A2-order-dyn + corrected-TWC,twc_valid_ratio,57499,45.561806656101425,0.747625
a2_corrected_twc,A2-order-dyn + corrected-TWC,twc_valid_ratio,57999,45.95800316957211,0.75225
a2_corrected_twc,A2-order-dyn + corrected-TWC,twc_valid_ratio,58499,46.354199683042786,0.7495
a2_corrected_twc,A2-order-dyn + corrected-TWC,twc_valid_ratio,58999,46.75039619651347,0.74825
a2_corrected_twc,A2-order-dyn + corrected-TWC,twc_valid_ratio,59499,47.146592709984155,0.755125
a2_corrected_twc,A2-order-dyn + corrected-TWC,twc_valid_ratio,59999,47.54278922345483,0.747125
a2_corrected_twc,A2-order-dyn + corrected-TWC,twc_valid_ratio,60499,47.93898573692552,0.752
a2_corrected_twc,A2-order-dyn + corrected-TWC,twc_valid_ratio,60999,48.335182250396194,0.755375
a2_corrected_twc,A2-order-dyn + corrected-TWC,twc_valid_ratio,61499,48.73137876386688,0.746
a2_corrected_twc,A2-order-dyn + corrected-TWC,twc_valid_ratio,61999,49.12757527733756,0.74675
a2_corrected_twc,A2-order-dyn + corrected-TWC,twc_valid_ratio,62499,49.52377179080824,0.747875
a2_corrected_twc,A2-order-dyn + corrected-TWC,twc_valid_ratio,62999,49.919968304278925,0.748875
a2_corrected_twc,A2-order-dyn + corrected-TWC,twc_valid_ratio,63499,50.3161648177496,0.7565
a2_corrected_twc,A2-order-dyn + corrected-TWC,twc_valid_ratio,63999,50.712361331220286,0.751625
a2_corrected_twc,A2-order-dyn + corrected-TWC,twc_valid_ratio,64499,51.108557844690964,0.749125
a2_corrected_twc,A2-order-dyn + corrected-TWC,twc_valid_ratio,64999,51.50475435816165,0.7555
a2_corrected_twc,A2-order-dyn + corrected-TWC,twc_valid_ratio,65499,51.90095087163233,0.74575
a2_corrected_twc,A2-order-dyn + corrected-TWC,twc_valid_ratio,65999,52.29714738510301,0.74975
a2_corrected_twc,A2-order-dyn + corrected-TWC,twc_valid_ratio,66499,52.693343898573694,0.743
a2_corrected_twc,A2-order-dyn + corrected-TWC,twc_valid_ratio,66999,53.08954041204437,0.753125
a2_corrected_twc,A2-order-dyn + corrected-TWC,twc_valid_ratio,67499,53.485736925515056,0.752625
a2_corrected_twc,A2-order-dyn + corrected-TWC,twc_valid_ratio,67999,53.88193343898574,0.7455
a2_corrected_twc,A2-order-dyn + corrected-TWC,twc_valid_ratio,68499,54.27812995245642,0.751375
a2_corrected_twc,A2-order-dyn + corrected-TWC,twc_valid_ratio,68999,54.6743264659271,0.753625
a2_corrected_twc,A2-order-dyn + corrected-TWC,twc_valid_ratio,69499,55.07052297939778,0.745875
a2_corrected_twc,A2-order-dyn + corrected-TWC,twc_valid_ratio,69999,55.466719492868464,0.755
a2_corrected_twc,A2-order-dyn + corrected-TWC,twc_valid_ratio,70499,55.86291600633914,0.750125
a2_corrected_twc,A2-order-dyn + corrected-TWC,twc_valid_ratio,70999,56.259112519809825,0.74525
a2_corrected_twc,A2-order-dyn + corrected-TWC,twc_valid_ratio,71499,56.65530903328051,0.753125
a2_corrected_twc,A2-order-dyn + corrected-TWC,twc_valid_ratio,71999,57.05150554675119,0.748375
a2_corrected_twc,A2-order-dyn + corrected-TWC,twc_valid_ratio,72499,57.44770206022187,0.74925
a2_corrected_twc,A2-order-dyn + corrected-TWC,twc_valid_ratio,72999,57.84389857369255,0.75225
a2_corrected_twc,A2-order-dyn + corrected-TWC,twc_valid_ratio,73499,58.24009508716323,0.7495
a2_corrected_twc,A2-order-dyn + corrected-TWC,twc_valid_ratio,73999,58.63629160063392,0.7445
a2_corrected_twc,A2-order-dyn + corrected-TWC,twc_valid_ratio,74499,59.032488114104595,0.748
a2_corrected_twc,A2-order-dyn + corrected-TWC,twc_valid_ratio,74999,59.42868462757528,0.745875
a2_corrected_twc,A2-order-dyn + corrected-TWC,twc_valid_ratio,75499,59.82488114104596,0.75225
a2_corrected_twc,A2-order-dyn + corrected-TWC,twc_valid_ratio,75719,59.99920760697306,0.7482954545454545
a2_corrected_twc,A2-order-dyn + corrected-TWC,twc_center_gap,499,0.39540412044374007,1.098452066898346
a2_corrected_twc,A2-order-dyn + corrected-TWC,twc_center_gap,999,0.7916006339144216,0.7734064930081368
a2_corrected_twc,A2-order-dyn + corrected-TWC,twc_center_gap,1499,1.187797147385103,0.6000387138724327
a2_corrected_twc,A2-order-dyn + corrected-TWC,twc_center_gap,1999,1.5839936608557845,0.5029813733100891
a2_corrected_twc,A2-order-dyn + corrected-TWC,twc_center_gap,2499,1.9801901743264658,0.4287514996528625
a2_corrected_twc,A2-order-dyn + corrected-TWC,twc_center_gap,2999,2.3763866877971473,0.3794304618835449
a2_corrected_twc,A2-order-dyn + corrected-TWC,twc_center_gap,3499,2.7725832012678286,0.3323176884651184
a2_corrected_twc,A2-order-dyn + corrected-TWC,twc_center_gap,3999,3.1687797147385104,0.3136240690052509
a2_corrected_twc,A2-order-dyn + corrected-TWC,twc_center_gap,4499,3.5649762282091917,0.28756110709905625
a2_corrected_twc,A2-order-dyn + corrected-TWC,twc_center_gap,4999,3.9611727416798734,0.2764613359719515
a2_corrected_twc,A2-order-dyn + corrected-TWC,twc_center_gap,5499,4.357369255150554,0.2670163218379021
a2_corrected_twc,A2-order-dyn + corrected-TWC,twc_center_gap,5999,4.753565768621236,0.2479109992980957
a2_corrected_twc,A2-order-dyn + corrected-TWC,twc_center_gap,6499,5.149762282091918,0.23811398088932037
a2_corrected_twc,A2-order-dyn + corrected-TWC,twc_center_gap,6999,5.545958795562599,0.2227669858187437
a2_corrected_twc,A2-order-dyn + corrected-TWC,twc_center_gap,7499,5.94215530903328,0.21992454619705676
a2_corrected_twc,A2-order-dyn + corrected-TWC,twc_center_gap,7999,6.338351822503962,0.21347204910218714
a2_corrected_twc,A2-order-dyn + corrected-TWC,twc_center_gap,8499,6.734548335974644,0.20635297596454621
a2_corrected_twc,A2-order-dyn + corrected-TWC,twc_center_gap,8999,7.130744849445325,0.1982969957590103
a2_corrected_twc,A2-order-dyn + corrected-TWC,twc_center_gap,9499,7.5269413629160065,0.19853630504012107
a2_corrected_twc,A2-order-dyn + corrected-TWC,twc_center_gap,9999,7.923137876386688,0.1876435685455799
a2_corrected_twc,A2-order-dyn + corrected-TWC,twc_center_gap,10499,8.319334389857369,0.18179008850455283
a2_corrected_twc,A2-order-dyn + corrected-TWC,twc_center_gap,10999,8.71553090332805,0.18308320632576944
a2_corrected_twc,A2-order-dyn + corrected-TWC,twc_center_gap,11499,9.111727416798733,0.18167669263482095
a2_corrected_twc,A2-order-dyn + corrected-TWC,twc_center_gap,11999,9.507923930269413,0.1771156703978777
a2_corrected_twc,A2-order-dyn + corrected-TWC,twc_center_gap,12499,9.904120443740094,0.17302624163031577
a2_corrected_twc,A2-order-dyn + corrected-TWC,twc_center_gap,12999,10.300316957210777,0.16539572934806346
a2_corrected_twc,A2-order-dyn + corrected-TWC,twc_center_gap,13499,10.696513470681458,0.16513323387503623
a2_corrected_twc,A2-order-dyn + corrected-TWC,twc_center_gap,13999,11.092709984152139,0.1652277715355158
a2_corrected_twc,A2-order-dyn + corrected-TWC,twc_center_gap,14499,11.488906497622821,0.1622652064114809
a2_corrected_twc,A2-order-dyn + corrected-TWC,twc_center_gap,14999,11.885103011093502,0.15156894440948962
a2_corrected_twc,A2-order-dyn + corrected-TWC,twc_center_gap,15499,12.281299524564185,0.15844035990536212
a2_corrected_twc,A2-order-dyn + corrected-TWC,twc_center_gap,15999,12.677496038034866,0.15707295812666416
a2_corrected_twc,A2-order-dyn + corrected-TWC,twc_center_gap,16499,13.073692551505546,0.15273305030167103
a2_corrected_twc,A2-order-dyn + corrected-TWC,twc_center_gap,16999,13.469889064976229,0.1525253381356597
a2_corrected_twc,A2-order-dyn + corrected-TWC,twc_center_gap,17499,13.86608557844691,0.1505848811864853
a2_corrected_twc,A2-order-dyn + corrected-TWC,twc_center_gap,17999,14.26228209191759,0.15309845547378062
a2_corrected_twc,A2-order-dyn + corrected-TWC,twc_center_gap,18499,14.658478605388273,0.15067695229500533
a2_corrected_twc,A2-order-dyn + corrected-TWC,twc_center_gap,18999,15.054675118858954,0.1475894032344222
a2_corrected_twc,A2-order-dyn + corrected-TWC,twc_center_gap,19499,15.450871632329635,0.14205483192950488
a2_corrected_twc,A2-order-dyn + corrected-TWC,twc_center_gap,19999,15.847068145800318,0.14970505745708942
a2_corrected_twc,A2-order-dyn + corrected-TWC,twc_center_gap,20499,16.243264659271,0.14010589312762023
a2_corrected_twc,A2-order-dyn + corrected-TWC,twc_center_gap,20999,16.63946117274168,0.14272989068180322
a2_corrected_twc,A2-order-dyn + corrected-TWC,twc_center_gap,21499,17.03565768621236,0.1392634216621518
a2_corrected_twc,A2-order-dyn + corrected-TWC,twc_center_gap,21999,17.43185419968304,0.136548733279109
a2_corrected_twc,A2-order-dyn + corrected-TWC,twc_center_gap,22499,17.828050713153726,0.13664153683930635
a2_corrected_twc,A2-order-dyn + corrected-TWC,twc_center_gap,22999,18.224247226624406,0.13614005282521247
a2_corrected_twc,A2-order-dyn + corrected-TWC,twc_center_gap,23499,18.620443740095087,0.13269056653231381
a2_corrected_twc,A2-order-dyn + corrected-TWC,twc_center_gap,23999,19.016640253565768,0.133814916677773
a2_corrected_twc,A2-order-dyn + corrected-TWC,twc_center_gap,24499,19.41283676703645,0.13377351216971875
a2_corrected_twc,A2-order-dyn + corrected-TWC,twc_center_gap,24999,19.80903328050713,0.1300771079957485
a2_corrected_twc,A2-order-dyn + corrected-TWC,twc_center_gap,25499,20.205229793977814,0.13283512316644192
a2_corrected_twc,A2-order-dyn + corrected-TWC,twc_center_gap,25999,20.601426307448495,0.12035686838626862
a2_corrected_twc,A2-order-dyn + corrected-TWC,twc_center_gap,26499,20.997622820919176,0.12423839714378118
a2_corrected_twc,A2-order-dyn + corrected-TWC,twc_center_gap,26999,21.393819334389857,0.1237395127788186
a2_corrected_twc,A2-order-dyn + corrected-TWC,twc_center_gap,27499,21.790015847860538,0.12171828185766935
a2_corrected_twc,A2-order-dyn + corrected-TWC,twc_center_gap,27999,22.18621236133122,0.12090517126768828
a2_corrected_twc,A2-order-dyn + corrected-TWC,twc_center_gap,28499,22.582408874801903,0.12011284520477057
a2_corrected_twc,A2-order-dyn + corrected-TWC,twc_center_gap,28999,22.978605388272584,0.11535432083904743
a2_corrected_twc,A2-order-dyn + corrected-TWC,twc_center_gap,29499,23.374801901743265,0.11610327582806348
a2_corrected_twc,A2-order-dyn + corrected-TWC,twc_center_gap,29999,23.770998415213946,0.1168737008869648
a2_corrected_twc,A2-order-dyn + corrected-TWC,twc_center_gap,30499,24.167194928684626,0.12036703138798475
a2_corrected_twc,A2-order-dyn + corrected-TWC,twc_center_gap,30999,24.56339144215531,0.11717123492062091
a2_corrected_twc,A2-order-dyn + corrected-TWC,twc_center_gap,31499,24.95958795562599,0.11883710116893054
a2_corrected_twc,A2-order-dyn + corrected-TWC,twc_center_gap,31999,25.355784469096672,0.11837948142737151
a2_corrected_twc,A2-order-dyn + corrected-TWC,twc_center_gap,32499,25.751980982567353,0.11870734380185605
a2_corrected_twc,A2-order-dyn + corrected-TWC,twc_center_gap,32999,26.148177496038034,0.11655652743577957
a2_corrected_twc,A2-order-dyn + corrected-TWC,twc_center_gap,33499,26.544374009508715,0.11412265592068434
a2_corrected_twc,A2-order-dyn + corrected-TWC,twc_center_gap,33999,26.9405705229794,0.1170516154244542
a2_corrected_twc,A2-order-dyn + corrected-TWC,twc_center_gap,34499,27.33676703645008,0.11318019338697195
a2_corrected_twc,A2-order-dyn + corrected-TWC,twc_center_gap,34999,27.73296354992076,0.11491101571917534
a2_corrected_twc,A2-order-dyn + corrected-TWC,twc_center_gap,35499,28.129160063391442,0.11510977973788977
a2_corrected_twc,A2-order-dyn + corrected-TWC,twc_center_gap,35999,28.525356576862123,0.11630810745060444
a2_corrected_twc,A2-order-dyn + corrected-TWC,twc_center_gap,36499,28.921553090332804,0.11668062636256218
a2_corrected_twc,A2-order-dyn + corrected-TWC,twc_center_gap,36999,29.317749603803488,0.11373726008087397
a2_corrected_twc,A2-order-dyn + corrected-TWC,twc_center_gap,37499,29.71394611727417,0.11538481549918651
a2_corrected_twc,A2-order-dyn + corrected-TWC,twc_center_gap,37999,30.11014263074485,0.12136229579150677
a2_corrected_twc,A2-order-dyn + corrected-TWC,twc_center_gap,38499,30.50633914421553,0.11710323207080364
a2_corrected_twc,A2-order-dyn + corrected-TWC,twc_center_gap,38999,30.90253565768621,0.11822100150585174
a2_corrected_twc,A2-order-dyn + corrected-TWC,twc_center_gap,39499,31.298732171156892,0.11697630224376918
a2_corrected_twc,A2-order-dyn + corrected-TWC,twc_center_gap,39999,31.694928684627577,0.117944305062294
a2_corrected_twc,A2-order-dyn + corrected-TWC,twc_center_gap,40499,32.091125198098254,0.11029402417689561
a2_corrected_twc,A2-order-dyn + corrected-TWC,twc_center_gap,40999,32.48732171156894,0.1150456762611866
a2_corrected_twc,A2-order-dyn + corrected-TWC,twc_center_gap,41499,32.88351822503962,0.11837844777107238
a2_corrected_twc,A2-order-dyn + corrected-TWC,twc_center_gap,41999,33.2797147385103,0.11898692020773888
a2_corrected_twc,A2-order-dyn + corrected-TWC,twc_center_gap,42499,33.675911251980985,0.11767511181533337
a2_corrected_twc,A2-order-dyn + corrected-TWC,twc_center_gap,42999,34.07210776545166,0.11816663083434105
a2_corrected_twc,A2-order-dyn + corrected-TWC,twc_center_gap,43499,34.468304278922346,0.11688005691766738
a2_corrected_twc,A2-order-dyn + corrected-TWC,twc_center_gap,43999,34.864500792393024,0.1176154067069292
a2_corrected_twc,A2-order-dyn + corrected-TWC,twc_center_gap,44499,35.26069730586371,0.11909490673989058
a2_corrected_twc,A2-order-dyn + corrected-TWC,twc_center_gap,44999,35.65689381933439,0.11668247397243976
a2_corrected_twc,A2-order-dyn + corrected-TWC,twc_center_gap,45499,36.05309033280507,0.11773015264421702
a2_corrected_twc,A2-order-dyn + corrected-TWC,twc_center_gap,45999,36.449286846275754,0.11912459883838893
a2_corrected_twc,A2-order-dyn + corrected-TWC,twc_center_gap,46499,36.84548335974643,0.11849312406778335
a2_corrected_twc,A2-order-dyn + corrected-TWC,twc_center_gap,46999,37.241679873217116,0.11874461738020181
a2_corrected_twc,A2-order-dyn + corrected-TWC,twc_center_gap,47499,37.6378763866878,0.11658914018422366
a2_corrected_twc,A2-order-dyn + corrected-TWC,twc_center_gap,47999,38.03407290015848,0.11923932442814111
a2_corrected_twc,A2-order-dyn + corrected-TWC,twc_center_gap,48499,38.43026941362916,0.11678321129083634
a2_corrected_twc,A2-order-dyn + corrected-TWC,twc_center_gap,48999,38.82646592709984,0.1153676603063941
a2_corrected_twc,A2-order-dyn + corrected-TWC,twc_center_gap,49499,39.222662440570524,0.11674741117656232
a2_corrected_twc,A2-order-dyn + corrected-TWC,twc_center_gap,49999,39.6188589540412,0.11481478554010391
a2_corrected_twc,A2-order-dyn + corrected-TWC,twc_center_gap,50499,40.015055467511885,0.11937405428290367
a2_corrected_twc,A2-order-dyn + corrected-TWC,twc_center_gap,50999,40.41125198098257,0.11283031824231148
a2_corrected_twc,A2-order-dyn + corrected-TWC,twc_center_gap,51499,40.80744849445325,0.11722536034882068
a2_corrected_twc,A2-order-dyn + corrected-TWC,twc_center_gap,51999,41.20364500792393,0.11379528742283583
a2_corrected_twc,A2-order-dyn + corrected-TWC,twc_center_gap,52499,41.59984152139461,0.11660629565268756
a2_corrected_twc,A2-order-dyn + corrected-TWC,twc_center_gap,52999,41.99603803486529,0.11757663764059544
a2_corrected_twc,A2-order-dyn + corrected-TWC,twc_center_gap,53499,42.39223454833598,0.11546287066489458
a2_corrected_twc,A2-order-dyn + corrected-TWC,twc_center_gap,53999,42.788431061806655,0.1135117112621665
a2_corrected_twc,A2-order-dyn + corrected-TWC,twc_center_gap,54499,43.18462757527734,0.11740867268294096
a2_corrected_twc,A2-order-dyn + corrected-TWC,twc_center_gap,54999,43.58082408874802,0.11830148260295391
a2_corrected_twc,A2-order-dyn + corrected-TWC,twc_center_gap,55499,43.9770206022187,0.11678072951734066
a2_corrected_twc,A2-order-dyn + corrected-TWC,twc_center_gap,55999,44.37321711568938,0.11636509892344475
a2_corrected_twc,A2-order-dyn + corrected-TWC,twc_center_gap,56499,44.76941362916006,0.11738793814182281
a2_corrected_twc,A2-order-dyn + corrected-TWC,twc_center_gap,56999,45.16561014263075,0.12103252236545085
a2_corrected_twc,A2-order-dyn + corrected-TWC,twc_center_gap,57499,45.561806656101425,0.11908340020477771
a2_corrected_twc,A2-order-dyn + corrected-TWC,twc_center_gap,57999,45.95800316957211,0.11565174753963947
a2_corrected_twc,A2-order-dyn + corrected-TWC,twc_center_gap,58499,46.354199683042786,0.116763482414186
a2_corrected_twc,A2-order-dyn + corrected-TWC,twc_center_gap,58999,46.75039619651347,0.11666205460578204
a2_corrected_twc,A2-order-dyn + corrected-TWC,twc_center_gap,59499,47.146592709984155,0.11545068779587746
a2_corrected_twc,A2-order-dyn + corrected-TWC,twc_center_gap,59999,47.54278922345483,0.1191071329638362
a2_corrected_twc,A2-order-dyn + corrected-TWC,twc_center_gap,60499,47.93898573692552,0.11704292452335358
a2_corrected_twc,A2-order-dyn + corrected-TWC,twc_center_gap,60999,48.335182250396194,0.12255521398037672
a2_corrected_twc,A2-order-dyn + corrected-TWC,twc_center_gap,61499,48.73137876386688,0.11924127560853959
a2_corrected_twc,A2-order-dyn + corrected-TWC,twc_center_gap,61999,49.12757527733756,0.1171907359957695
a2_corrected_twc,A2-order-dyn + corrected-TWC,twc_center_gap,62499,49.52377179080824,0.11758683681488037
a2_corrected_twc,A2-order-dyn + corrected-TWC,twc_center_gap,62999,49.919968304278925,0.11652010284364224
a2_corrected_twc,A2-order-dyn + corrected-TWC,twc_center_gap,63499,50.3161648177496,0.11555969037860632
a2_corrected_twc,A2-order-dyn + corrected-TWC,twc_center_gap,63999,50.712361331220286,0.11713338577747345
a2_corrected_twc,A2-order-dyn + corrected-TWC,twc_center_gap,64499,51.108557844690964,0.11768490216881036
a2_corrected_twc,A2-order-dyn + corrected-TWC,twc_center_gap,64999,51.50475435816165,0.12060872873663903
a2_corrected_twc,A2-order-dyn + corrected-TWC,twc_center_gap,65499,51.90095087163233,0.11704247485846281
a2_corrected_twc,A2-order-dyn + corrected-TWC,twc_center_gap,65999,52.29714738510301,0.1156872868835926
a2_corrected_twc,A2-order-dyn + corrected-TWC,twc_center_gap,66499,52.693343898573694,0.11711080368608236
a2_corrected_twc,A2-order-dyn + corrected-TWC,twc_center_gap,66999,53.08954041204437,0.11804995903372764
a2_corrected_twc,A2-order-dyn + corrected-TWC,twc_center_gap,67499,53.485736925515056,0.12085478310286998
a2_corrected_twc,A2-order-dyn + corrected-TWC,twc_center_gap,67999,53.88193343898574,0.1190179195329547
a2_corrected_twc,A2-order-dyn + corrected-TWC,twc_center_gap,68499,54.27812995245642,0.11639336523413658
a2_corrected_twc,A2-order-dyn + corrected-TWC,twc_center_gap,68999,54.6743264659271,0.11850816333293915
a2_corrected_twc,A2-order-dyn + corrected-TWC,twc_center_gap,69499,55.07052297939778,0.1198630909845233
a2_corrected_twc,A2-order-dyn + corrected-TWC,twc_center_gap,69999,55.466719492868464,0.11828441259264946
a2_corrected_twc,A2-order-dyn + corrected-TWC,twc_center_gap,70499,55.86291600633914,0.117877516053617
a2_corrected_twc,A2-order-dyn + corrected-TWC,twc_center_gap,70999,56.259112519809825,0.11951009480655193
a2_corrected_twc,A2-order-dyn + corrected-TWC,twc_center_gap,71499,56.65530903328051,0.11624653512984515
a2_corrected_twc,A2-order-dyn + corrected-TWC,twc_center_gap,71999,57.05150554675119,0.11881033380329609
a2_corrected_twc,A2-order-dyn + corrected-TWC,twc_center_gap,72499,57.44770206022187,0.11519314114749432
a2_corrected_twc,A2-order-dyn + corrected-TWC,twc_center_gap,72999,57.84389857369255,0.11907156500220299
a2_corrected_twc,A2-order-dyn + corrected-TWC,twc_center_gap,73499,58.24009508716323,0.11406143318116665
a2_corrected_twc,A2-order-dyn + corrected-TWC,twc_center_gap,73999,58.63629160063392,0.11822511867433787
a2_corrected_twc,A2-order-dyn + corrected-TWC,twc_center_gap,74499,59.032488114104595,0.11935107816755772
a2_corrected_twc,A2-order-dyn + corrected-TWC,twc_center_gap,74999,59.42868462757528,0.11850522192567586
a2_corrected_twc,A2-order-dyn + corrected-TWC,twc_center_gap,75499,59.82488114104596,0.11751923958212138
a2_corrected_twc,A2-order-dyn + corrected-TWC,twc_center_gap,75719,59.99920760697306,0.1174375954168764
a2_corrected_twc,A2-order-dyn + corrected-TWC,twc_angle_gap,499,0.39540412044374007,0.38440232366323474
a2_corrected_twc,A2-order-dyn + corrected-TWC,twc_angle_gap,999,0.7916006339144216,0.1691847136467695
a2_corrected_twc,A2-order-dyn + corrected-TWC,twc_angle_gap,1499,1.187797147385103,0.11684372191131115
a2_corrected_twc,A2-order-dyn + corrected-TWC,twc_angle_gap,1999,1.5839936608557845,0.09011431214213371
a2_corrected_twc,A2-order-dyn + corrected-TWC,twc_angle_gap,2499,1.9801901743264658,0.07536320237070322
a2_corrected_twc,A2-order-dyn + corrected-TWC,twc_angle_gap,2999,2.3763866877971473,0.06400819344446063
a2_corrected_twc,A2-order-dyn + corrected-TWC,twc_angle_gap,3499,2.7725832012678286,0.05550368304550648
a2_corrected_twc,A2-order-dyn + corrected-TWC,twc_angle_gap,3999,3.1687797147385104,0.05060871398076415
a2_corrected_twc,A2-order-dyn + corrected-TWC,twc_angle_gap,4499,3.5649762282091917,0.04505584639683366
a2_corrected_twc,A2-order-dyn + corrected-TWC,twc_angle_gap,4999,3.9611727416798734,0.04191253180429339
a2_corrected_twc,A2-order-dyn + corrected-TWC,twc_angle_gap,5499,4.357369255150554,0.03870238061994314
a2_corrected_twc,A2-order-dyn + corrected-TWC,twc_angle_gap,5999,4.753565768621236,0.03568486364930868
a2_corrected_twc,A2-order-dyn + corrected-TWC,twc_angle_gap,6499,5.149762282091918,0.033602067183703184
a2_corrected_twc,A2-order-dyn + corrected-TWC,twc_angle_gap,6999,5.545958795562599,0.032388408018276096
a2_corrected_twc,A2-order-dyn + corrected-TWC,twc_angle_gap,7499,5.94215530903328,0.030206310503184796
a2_corrected_twc,A2-order-dyn + corrected-TWC,twc_angle_gap,7999,6.338351822503962,0.02850487329438329
a2_corrected_twc,A2-order-dyn + corrected-TWC,twc_angle_gap,8499,6.734548335974644,0.02790173844061792
a2_corrected_twc,A2-order-dyn + corrected-TWC,twc_angle_gap,8999,7.130744849445325,0.026369776245206596
a2_corrected_twc,A2-order-dyn + corrected-TWC,twc_angle_gap,9499,7.5269413629160065,0.02547430331632495
a2_corrected_twc,A2-order-dyn + corrected-TWC,twc_angle_gap,9999,7.923137876386688,0.02426707660127431
a2_corrected_twc,A2-order-dyn + corrected-TWC,twc_angle_gap,10499,8.319334389857369,0.023184072526171804
a2_corrected_twc,A2-order-dyn + corrected-TWC,twc_angle_gap,10999,8.71553090332805,0.022497542096301913
a2_corrected_twc,A2-order-dyn + corrected-TWC,twc_angle_gap,11499,9.111727416798733,0.021954402348026633
a2_corrected_twc,A2-order-dyn + corrected-TWC,twc_angle_gap,11999,9.507923930269413,0.02115767111815512
a2_corrected_twc,A2-order-dyn + corrected-TWC,twc_angle_gap,12499,9.904120443740094,0.020566221128217876
a2_corrected_twc,A2-order-dyn + corrected-TWC,twc_angle_gap,12999,10.300316957210777,0.02004714107979089
a2_corrected_twc,A2-order-dyn + corrected-TWC,twc_angle_gap,13499,10.696513470681458,0.01921090539172292
a2_corrected_twc,A2-order-dyn + corrected-TWC,twc_angle_gap,13999,11.092709984152139,0.01871059137955308
a2_corrected_twc,A2-order-dyn + corrected-TWC,twc_angle_gap,14499,11.488906497622821,0.018097403395920992
a2_corrected_twc,A2-order-dyn + corrected-TWC,twc_angle_gap,14999,11.885103011093502,0.017779828461818397
a2_corrected_twc,A2-order-dyn + corrected-TWC,twc_angle_gap,15499,12.281299524564185,0.017102389451116324
a2_corrected_twc,A2-order-dyn + corrected-TWC,twc_angle_gap,15999,12.677496038034866,0.017593162153847517
a2_corrected_twc,A2-order-dyn + corrected-TWC,twc_angle_gap,16499,13.073692551505546,0.016975744840689002
a2_corrected_twc,A2-order-dyn + corrected-TWC,twc_angle_gap,16999,13.469889064976229,0.016394346141256393
a2_corrected_twc,A2-order-dyn + corrected-TWC,twc_angle_gap,17499,13.86608557844691,0.016502467587590216
a2_corrected_twc,A2-order-dyn + corrected-TWC,twc_angle_gap,17999,14.26228209191759,0.01596722689643502
a2_corrected_twc,A2-order-dyn + corrected-TWC,twc_angle_gap,18499,14.658478605388273,0.015864372265525162
a2_corrected_twc,A2-order-dyn + corrected-TWC,twc_angle_gap,18999,15.054675118858954,0.015544839800335468
a2_corrected_twc,A2-order-dyn + corrected-TWC,twc_angle_gap,19499,15.450871632329635,0.015011870275251568
a2_corrected_twc,A2-order-dyn + corrected-TWC,twc_angle_gap,19999,15.847068145800318,0.015487327414564789
a2_corrected_twc,A2-order-dyn + corrected-TWC,twc_angle_gap,20499,16.243264659271,0.014957435213960707
a2_corrected_twc,A2-order-dyn + corrected-TWC,twc_angle_gap,20999,16.63946117274168,0.014331029574386776
a2_corrected_twc,A2-order-dyn + corrected-TWC,twc_angle_gap,21499,17.03565768621236,0.014843386191874742
a2_corrected_twc,A2-order-dyn + corrected-TWC,twc_angle_gap,21999,17.43185419968304,0.013977431286126375
a2_corrected_twc,A2-order-dyn + corrected-TWC,twc_angle_gap,22499,17.828050713153726,0.013996701781637966
a2_corrected_twc,A2-order-dyn + corrected-TWC,twc_angle_gap,22999,18.224247226624406,0.013766909363679587
a2_corrected_twc,A2-order-dyn + corrected-TWC,twc_angle_gap,23499,18.620443740095087,0.01378200363367796
a2_corrected_twc,A2-order-dyn + corrected-TWC,twc_angle_gap,23999,19.016640253565768,0.013185659774579108
a2_corrected_twc,A2-order-dyn + corrected-TWC,twc_angle_gap,24499,19.41283676703645,0.013190027815289796
a2_corrected_twc,A2-order-dyn + corrected-TWC,twc_angle_gap,24999,19.80903328050713,0.012650783628225326
a2_corrected_twc,A2-order-dyn + corrected-TWC,twc_angle_gap,25499,20.205229793977814,0.01281579340621829
a2_corrected_twc,A2-order-dyn + corrected-TWC,twc_angle_gap,25999,20.601426307448495,0.01224863908626139
a2_corrected_twc,A2-order-dyn + corrected-TWC,twc_angle_gap,26499,20.997622820919176,0.011814565300941467
a2_corrected_twc,A2-order-dyn + corrected-TWC,twc_angle_gap,26999,21.393819334389857,0.011372362492606043
a2_corrected_twc,A2-order-dyn + corrected-TWC,twc_angle_gap,27499,21.790015847860538,0.011310184630565346
a2_corrected_twc,A2-order-dyn + corrected-TWC,twc_angle_gap,27999,22.18621236133122,0.01100772825628519
a2_corrected_twc,A2-order-dyn + corrected-TWC,twc_angle_gap,28499,22.582408874801903,0.011190043804701417
a2_corrected_twc,A2-order-dyn + corrected-TWC,twc_angle_gap,28999,22.978605388272584,0.010445372146554291
a2_corrected_twc,A2-order-dyn + corrected-TWC,twc_angle_gap,29499,23.374801901743265,0.01055977174732834
a2_corrected_twc,A2-order-dyn + corrected-TWC,twc_angle_gap,29999,23.770998415213946,0.01055568939447403
a2_corrected_twc,A2-order-dyn + corrected-TWC,twc_angle_gap,30499,24.167194928684626,0.010632682184223086
a2_corrected_twc,A2-order-dyn + corrected-TWC,twc_angle_gap,30999,24.56339144215531,0.010001912731677293
a2_corrected_twc,A2-order-dyn + corrected-TWC,twc_angle_gap,31499,24.95958795562599,0.01045790625596419
a2_corrected_twc,A2-order-dyn + corrected-TWC,twc_angle_gap,31999,25.355784469096672,0.010065089150331915
a2_corrected_twc,A2-order-dyn + corrected-TWC,twc_angle_gap,32499,25.751980982567353,0.010226151847746223
a2_corrected_twc,A2-order-dyn + corrected-TWC,twc_angle_gap,32999,26.148177496038034,0.009745382498484105
a2_corrected_twc,A2-order-dyn + corrected-TWC,twc_angle_gap,33499,26.544374009508715,0.009910166416317225
a2_corrected_twc,A2-order-dyn + corrected-TWC,twc_angle_gap,33999,26.9405705229794,0.01019430631911382
a2_corrected_twc,A2-order-dyn + corrected-TWC,twc_angle_gap,34499,27.33676703645008,0.009794704924803227
a2_corrected_twc,A2-order-dyn + corrected-TWC,twc_angle_gap,34999,27.73296354992076,0.009985163704492152
a2_corrected_twc,A2-order-dyn + corrected-TWC,twc_angle_gap,35499,28.129160063391442,0.009984610514715313
a2_corrected_twc,A2-order-dyn + corrected-TWC,twc_angle_gap,35999,28.525356576862123,0.009788781863171607
a2_corrected_twc,A2-order-dyn + corrected-TWC,twc_angle_gap,36499,28.921553090332804,0.00974383518891409
a2_corrected_twc,A2-order-dyn + corrected-TWC,twc_angle_gap,36999,29.317749603803488,0.009694328063167631
a2_corrected_twc,A2-order-dyn + corrected-TWC,twc_angle_gap,37499,29.71394611727417,0.00968034666357562
a2_corrected_twc,A2-order-dyn + corrected-TWC,twc_angle_gap,37999,30.11014263074485,0.010117097271606326
a2_corrected_twc,A2-order-dyn + corrected-TWC,twc_angle_gap,38499,30.50633914421553,0.009842112638056278
a2_corrected_twc,A2-order-dyn + corrected-TWC,twc_angle_gap,38999,30.90253565768621,0.009907035090494901
a2_corrected_twc,A2-order-dyn + corrected-TWC,twc_angle_gap,39499,31.298732171156892,0.009874915664084256
a2_corrected_twc,A2-order-dyn + corrected-TWC,twc_angle_gap,39999,31.694928684627577,0.009886359978467226
a2_corrected_twc,A2-order-dyn + corrected-TWC,twc_angle_gap,40499,32.091125198098254,0.009571102344896644
a2_corrected_twc,A2-order-dyn + corrected-TWC,twc_angle_gap,40999,32.48732171156894,0.009317784778773784
a2_corrected_twc,A2-order-dyn + corrected-TWC,twc_angle_gap,41499,32.88351822503962,0.009665649976115675
a2_corrected_twc,A2-order-dyn + corrected-TWC,twc_angle_gap,41999,33.2797147385103,0.009343351281713694
a2_corrected_twc,A2-order-dyn + corrected-TWC,twc_angle_gap,42499,33.675911251980985,0.009458118029870092
a2_corrected_twc,A2-order-dyn + corrected-TWC,twc_angle_gap,42999,34.07210776545166,0.009812050121370703
a2_corrected_twc,A2-order-dyn + corrected-TWC,twc_angle_gap,43499,34.468304278922346,0.009637295390013605
a2_corrected_twc,A2-order-dyn + corrected-TWC,twc_angle_gap,43999,34.864500792393024,0.009783809239510447
a2_corrected_twc,A2-order-dyn + corrected-TWC,twc_angle_gap,44499,35.26069730586371,0.009222576608881355
a2_corrected_twc,A2-order-dyn + corrected-TWC,twc_angle_gap,44999,35.65689381933439,0.009515488779637963
a2_corrected_twc,A2-order-dyn + corrected-TWC,twc_angle_gap,45499,36.05309033280507,0.009851664946880192
a2_corrected_twc,A2-order-dyn + corrected-TWC,twc_angle_gap,45999,36.449286846275754,0.009378158426843584
a2_corrected_twc,A2-order-dyn + corrected-TWC,twc_angle_gap,46499,36.84548335974643,0.009460000382736325
a2_corrected_twc,A2-order-dyn + corrected-TWC,twc_angle_gap,46999,37.241679873217116,0.00929714744584635
a2_corrected_twc,A2-order-dyn + corrected-TWC,twc_angle_gap,47499,37.6378763866878,0.00938061565393582
a2_corrected_twc,A2-order-dyn + corrected-TWC,twc_angle_gap,47999,38.03407290015848,0.009675168015994131
a2_corrected_twc,A2-order-dyn + corrected-TWC,twc_angle_gap,48499,38.43026941362916,0.009384723437484354
a2_corrected_twc,A2-order-dyn + corrected-TWC,twc_angle_gap,48999,38.82646592709984,0.009260536915622652
a2_corrected_twc,A2-order-dyn + corrected-TWC,twc_angle_gap,49499,39.222662440570524,0.009227582001592963
a2_corrected_twc,A2-order-dyn + corrected-TWC,twc_angle_gap,49999,39.6188589540412,0.009243519573938102
a2_corrected_twc,A2-order-dyn + corrected-TWC,twc_angle_gap,50499,40.015055467511885,0.009403909161686897
a2_corrected_twc,A2-order-dyn + corrected-TWC,twc_angle_gap,50999,40.41125198098257,0.0091107639092952
a2_corrected_twc,A2-order-dyn + corrected-TWC,twc_angle_gap,51499,40.80744849445325,0.009446515077725053
a2_corrected_twc,A2-order-dyn + corrected-TWC,twc_angle_gap,51999,41.20364500792393,0.009163119350094348
a2_corrected_twc,A2-order-dyn + corrected-TWC,twc_angle_gap,52499,41.59984152139461,0.00917151323100552
a2_corrected_twc,A2-order-dyn + corrected-TWC,twc_angle_gap,52999,41.99603803486529,0.009808169061783702
a2_corrected_twc,A2-order-dyn + corrected-TWC,twc_angle_gap,53499,42.39223454833598,0.009198959357105196
a2_corrected_twc,A2-order-dyn + corrected-TWC,twc_angle_gap,53999,42.788431061806655,0.009128051430918277
a2_corrected_twc,A2-order-dyn + corrected-TWC,twc_angle_gap,54499,43.18462757527734,0.009173594646621496
a2_corrected_twc,A2-order-dyn + corrected-TWC,twc_angle_gap,54999,43.58082408874802,0.009302099292632192
a2_corrected_twc,A2-order-dyn + corrected-TWC,twc_angle_gap,55499,43.9770206022187,0.009342717554420232
a2_corrected_twc,A2-order-dyn + corrected-TWC,twc_angle_gap,55999,44.37321711568938,0.009336599168833346
a2_corrected_twc,A2-order-dyn + corrected-TWC,twc_angle_gap,56499,44.76941362916006,0.009109205136075616
a2_corrected_twc,A2-order-dyn + corrected-TWC,twc_angle_gap,56999,45.16561014263075,0.00919367124279961
a2_corrected_twc,A2-order-dyn + corrected-TWC,twc_angle_gap,57499,45.561806656101425,0.009429385699797422
a2_corrected_twc,A2-order-dyn + corrected-TWC,twc_angle_gap,57999,45.95800316957211,0.009278692182153464
a2_corrected_twc,A2-order-dyn + corrected-TWC,twc_angle_gap,58499,46.354199683042786,0.009408218700438738
a2_corrected_twc,A2-order-dyn + corrected-TWC,twc_angle_gap,58999,46.75039619651347,0.009261030105873942
a2_corrected_twc,A2-order-dyn + corrected-TWC,twc_angle_gap,59499,47.146592709984155,0.009204914103727788
a2_corrected_twc,A2-order-dyn + corrected-TWC,twc_angle_gap,59999,47.54278922345483,0.009413930315058678
a2_corrected_twc,A2-order-dyn + corrected-TWC,twc_angle_gap,60499,47.93898573692552,0.009220768140163272
a2_corrected_twc,A2-order-dyn + corrected-TWC,twc_angle_gap,60999,48.335182250396194,0.009284752369858325
a2_corrected_twc,A2-order-dyn + corrected-TWC,twc_angle_gap,61499,48.73137876386688,0.00927297539729625
a2_corrected_twc,A2-order-dyn + corrected-TWC,twc_angle_gap,61999,49.12757527733756,0.009412442211527377
a2_corrected_twc,A2-order-dyn + corrected-TWC,twc_angle_gap,62499,49.52377179080824,0.009134108616504818
a2_corrected_twc,A2-order-dyn + corrected-TWC,twc_angle_gap,62999,49.919968304278925,0.009163815897889435
a2_corrected_twc,A2-order-dyn + corrected-TWC,twc_angle_gap,63499,50.3161648177496,0.009094705516006798
a2_corrected_twc,A2-order-dyn + corrected-TWC,twc_angle_gap,63999,50.712361331220286,0.009312279302161186
a2_corrected_twc,A2-order-dyn + corrected-TWC,twc_angle_gap,64499,51.108557844690964,0.009037177835125476
a2_corrected_twc,A2-order-dyn + corrected-TWC,twc_angle_gap,64999,51.50475435816165,0.009287787977140397
a2_corrected_twc,A2-order-dyn + corrected-TWC,twc_angle_gap,65499,51.90095087163233,0.009541697185952217
a2_corrected_twc,A2-order-dyn + corrected-TWC,twc_angle_gap,65999,52.29714738510301,0.009276799583807588
a2_corrected_twc,A2-order-dyn + corrected-TWC,twc_angle_gap,66499,52.693343898573694,0.009107142278458923
a2_corrected_twc,A2-order-dyn + corrected-TWC,twc_angle_gap,66999,53.08954041204437,0.009377519888337701
a2_corrected_twc,A2-order-dyn + corrected-TWC,twc_angle_gap,67499,53.485736925515056,0.00914204320171848
a2_corrected_twc,A2-order-dyn + corrected-TWC,twc_angle_gap,67999,53.88193343898574,0.009092319372110068
a2_corrected_twc,A2-order-dyn + corrected-TWC,twc_angle_gap,68499,54.27812995245642,0.009240719690918922
a2_corrected_twc,A2-order-dyn + corrected-TWC,twc_angle_gap,68999,54.6743264659271,0.0092817325652577
a2_corrected_twc,A2-order-dyn + corrected-TWC,twc_angle_gap,69499,55.07052297939778,0.009271988444961608
a2_corrected_twc,A2-order-dyn + corrected-TWC,twc_angle_gap,69999,55.466719492868464,0.009242903094738722
a2_corrected_twc,A2-order-dyn + corrected-TWC,twc_angle_gap,70499,55.86291600633914,0.00913182834442705
a2_corrected_twc,A2-order-dyn + corrected-TWC,twc_angle_gap,70999,56.259112519809825,0.009178137317299842
a2_corrected_twc,A2-order-dyn + corrected-TWC,twc_angle_gap,71499,56.65530903328051,0.008953373086638749
a2_corrected_twc,A2-order-dyn + corrected-TWC,twc_angle_gap,71999,57.05150554675119,0.009332027787808329
a2_corrected_twc,A2-order-dyn + corrected-TWC,twc_angle_gap,72499,57.44770206022187,0.00921858231863007
a2_corrected_twc,A2-order-dyn + corrected-TWC,twc_angle_gap,72999,57.84389857369255,0.009313181527890265
a2_corrected_twc,A2-order-dyn + corrected-TWC,twc_angle_gap,73499,58.24009508716323,0.00899868194013834
a2_corrected_twc,A2-order-dyn + corrected-TWC,twc_angle_gap,73999,58.63629160063392,0.009308689189143479
a2_corrected_twc,A2-order-dyn + corrected-TWC,twc_angle_gap,74499,59.032488114104595,0.009246995463501662
a2_corrected_twc,A2-order-dyn + corrected-TWC,twc_angle_gap,74999,59.42868462757528,0.009305074094794691
a2_corrected_twc,A2-order-dyn + corrected-TWC,twc_angle_gap,75499,59.82488114104596,0.009024771113414317
a2_corrected_twc,A2-order-dyn + corrected-TWC,twc_angle_gap,75719,59.99920760697306,0.009204746757379987
a2_corrected_twc,A2-order-dyn + corrected-TWC,twc_anchor_gap_max,499,0.39540412044374007,0.0
a2_corrected_twc,A2-order-dyn + corrected-TWC,twc_anchor_gap_max,999,0.7916006339144216,0.0
a2_corrected_twc,A2-order-dyn + corrected-TWC,twc_anchor_gap_max,1499,1.187797147385103,0.0
a2_corrected_twc,A2-order-dyn + corrected-TWC,twc_anchor_gap_max,1999,1.5839936608557845,0.0
a2_corrected_twc,A2-order-dyn + corrected-TWC,twc_anchor_gap_max,2499,1.9801901743264658,0.0
a2_corrected_twc,A2-order-dyn + corrected-TWC,twc_anchor_gap_max,2999,2.3763866877971473,0.0
a2_corrected_twc,A2-order-dyn + corrected-TWC,twc_anchor_gap_max,3499,2.7725832012678286,0.0
a2_corrected_twc,A2-order-dyn + corrected-TWC,twc_anchor_gap_max,3999,3.1687797147385104,0.0
a2_corrected_twc,A2-order-dyn + corrected-TWC,twc_anchor_gap_max,4499,3.5649762282091917,0.0
a2_corrected_twc,A2-order-dyn + corrected-TWC,twc_anchor_gap_max,4999,3.9611727416798734,0.0
a2_corrected_twc,A2-order-dyn + corrected-TWC,twc_anchor_gap_max,5499,4.357369255150554,0.0
a2_corrected_twc,A2-order-dyn + corrected-TWC,twc_anchor_gap_max,5999,4.753565768621236,0.0
a2_corrected_twc,A2-order-dyn + corrected-TWC,twc_anchor_gap_max,6499,5.149762282091918,0.0
a2_corrected_twc,A2-order-dyn + corrected-TWC,twc_anchor_gap_max,6999,5.545958795562599,0.0
a2_corrected_twc,A2-order-dyn + corrected-TWC,twc_anchor_gap_max,7499,5.94215530903328,0.0
a2_corrected_twc,A2-order-dyn + corrected-TWC,twc_anchor_gap_max,7999,6.338351822503962,0.0
a2_corrected_twc,A2-order-dyn + corrected-TWC,twc_anchor_gap_max,8499,6.734548335974644,0.0
a2_corrected_twc,A2-order-dyn + corrected-TWC,twc_anchor_gap_max,8999,7.130744849445325,0.0
a2_corrected_twc,A2-order-dyn + corrected-TWC,twc_anchor_gap_max,9499,7.5269413629160065,0.0
a2_corrected_twc,A2-order-dyn + corrected-TWC,twc_anchor_gap_max,9999,7.923137876386688,0.0
a2_corrected_twc,A2-order-dyn + corrected-TWC,twc_anchor_gap_max,10499,8.319334389857369,0.0
a2_corrected_twc,A2-order-dyn + corrected-TWC,twc_anchor_gap_max,10999,8.71553090332805,0.0
a2_corrected_twc,A2-order-dyn + corrected-TWC,twc_anchor_gap_max,11499,9.111727416798733,0.0
a2_corrected_twc,A2-order-dyn + corrected-TWC,twc_anchor_gap_max,11999,9.507923930269413,0.0
a2_corrected_twc,A2-order-dyn + corrected-TWC,twc_anchor_gap_max,12499,9.904120443740094,0.0
a2_corrected_twc,A2-order-dyn + corrected-TWC,twc_anchor_gap_max,12999,10.300316957210777,0.0
a2_corrected_twc,A2-order-dyn + corrected-TWC,twc_anchor_gap_max,13499,10.696513470681458,0.0
a2_corrected_twc,A2-order-dyn + corrected-TWC,twc_anchor_gap_max,13999,11.092709984152139,0.0
a2_corrected_twc,A2-order-dyn + corrected-TWC,twc_anchor_gap_max,14499,11.488906497622821,0.0
a2_corrected_twc,A2-order-dyn + corrected-TWC,twc_anchor_gap_max,14999,11.885103011093502,0.0
a2_corrected_twc,A2-order-dyn + corrected-TWC,twc_anchor_gap_max,15499,12.281299524564185,0.0
a2_corrected_twc,A2-order-dyn + corrected-TWC,twc_anchor_gap_max,15999,12.677496038034866,0.0
a2_corrected_twc,A2-order-dyn + corrected-TWC,twc_anchor_gap_max,16499,13.073692551505546,0.0
a2_corrected_twc,A2-order-dyn + corrected-TWC,twc_anchor_gap_max,16999,13.469889064976229,0.0
a2_corrected_twc,A2-order-dyn + corrected-TWC,twc_anchor_gap_max,17499,13.86608557844691,0.0
a2_corrected_twc,A2-order-dyn + corrected-TWC,twc_anchor_gap_max,17999,14.26228209191759,0.0
a2_corrected_twc,A2-order-dyn + corrected-TWC,twc_anchor_gap_max,18499,14.658478605388273,0.0
a2_corrected_twc,A2-order-dyn + corrected-TWC,twc_anchor_gap_max,18999,15.054675118858954,0.0
a2_corrected_twc,A2-order-dyn + corrected-TWC,twc_anchor_gap_max,19499,15.450871632329635,0.0
a2_corrected_twc,A2-order-dyn + corrected-TWC,twc_anchor_gap_max,19999,15.847068145800318,0.0
a2_corrected_twc,A2-order-dyn + corrected-TWC,twc_anchor_gap_max,20499,16.243264659271,0.0
a2_corrected_twc,A2-order-dyn + corrected-TWC,twc_anchor_gap_max,20999,16.63946117274168,0.0
a2_corrected_twc,A2-order-dyn + corrected-TWC,twc_anchor_gap_max,21499,17.03565768621236,0.0
a2_corrected_twc,A2-order-dyn + corrected-TWC,twc_anchor_gap_max,21999,17.43185419968304,0.0
a2_corrected_twc,A2-order-dyn + corrected-TWC,twc_anchor_gap_max,22499,17.828050713153726,0.0
a2_corrected_twc,A2-order-dyn + corrected-TWC,twc_anchor_gap_max,22999,18.224247226624406,0.0
a2_corrected_twc,A2-order-dyn + corrected-TWC,twc_anchor_gap_max,23499,18.620443740095087,0.0
a2_corrected_twc,A2-order-dyn + corrected-TWC,twc_anchor_gap_max,23999,19.016640253565768,0.0
a2_corrected_twc,A2-order-dyn + corrected-TWC,twc_anchor_gap_max,24499,19.41283676703645,0.0
a2_corrected_twc,A2-order-dyn + corrected-TWC,twc_anchor_gap_max,24999,19.80903328050713,0.0
a2_corrected_twc,A2-order-dyn + corrected-TWC,twc_anchor_gap_max,25499,20.205229793977814,0.0
a2_corrected_twc,A2-order-dyn + corrected-TWC,twc_anchor_gap_max,25999,20.601426307448495,0.0
a2_corrected_twc,A2-order-dyn + corrected-TWC,twc_anchor_gap_max,26499,20.997622820919176,0.0
a2_corrected_twc,A2-order-dyn + corrected-TWC,twc_anchor_gap_max,26999,21.393819334389857,0.0
a2_corrected_twc,A2-order-dyn + corrected-TWC,twc_anchor_gap_max,27499,21.790015847860538,0.0
a2_corrected_twc,A2-order-dyn + corrected-TWC,twc_anchor_gap_max,27999,22.18621236133122,0.0
a2_corrected_twc,A2-order-dyn + corrected-TWC,twc_anchor_gap_max,28499,22.582408874801903,0.0
a2_corrected_twc,A2-order-dyn + corrected-TWC,twc_anchor_gap_max,28999,22.978605388272584,0.0
a2_corrected_twc,A2-order-dyn + corrected-TWC,twc_anchor_gap_max,29499,23.374801901743265,0.0
a2_corrected_twc,A2-order-dyn + corrected-TWC,twc_anchor_gap_max,29999,23.770998415213946,0.0
a2_corrected_twc,A2-order-dyn + corrected-TWC,twc_anchor_gap_max,30499,24.167194928684626,0.0
a2_corrected_twc,A2-order-dyn + corrected-TWC,twc_anchor_gap_max,30999,24.56339144215531,0.0
a2_corrected_twc,A2-order-dyn + corrected-TWC,twc_anchor_gap_max,31499,24.95958795562599,0.0
a2_corrected_twc,A2-order-dyn + corrected-TWC,twc_anchor_gap_max,31999,25.355784469096672,0.0
a2_corrected_twc,A2-order-dyn + corrected-TWC,twc_anchor_gap_max,32499,25.751980982567353,0.0
a2_corrected_twc,A2-order-dyn + corrected-TWC,twc_anchor_gap_max,32999,26.148177496038034,0.0
a2_corrected_twc,A2-order-dyn + corrected-TWC,twc_anchor_gap_max,33499,26.544374009508715,0.0
a2_corrected_twc,A2-order-dyn + corrected-TWC,twc_anchor_gap_max,33999,26.9405705229794,0.0
a2_corrected_twc,A2-order-dyn + corrected-TWC,twc_anchor_gap_max,34499,27.33676703645008,0.0
a2_corrected_twc,A2-order-dyn + corrected-TWC,twc_anchor_gap_max,34999,27.73296354992076,0.0
a2_corrected_twc,A2-order-dyn + corrected-TWC,twc_anchor_gap_max,35499,28.129160063391442,0.0
a2_corrected_twc,A2-order-dyn + corrected-TWC,twc_anchor_gap_max,35999,28.525356576862123,0.0
a2_corrected_twc,A2-order-dyn + corrected-TWC,twc_anchor_gap_max,36499,28.921553090332804,0.0
a2_corrected_twc,A2-order-dyn + corrected-TWC,twc_anchor_gap_max,36999,29.317749603803488,0.0
a2_corrected_twc,A2-order-dyn + corrected-TWC,twc_anchor_gap_max,37499,29.71394611727417,0.0
a2_corrected_twc,A2-order-dyn + corrected-TWC,twc_anchor_gap_max,37999,30.11014263074485,0.0
a2_corrected_twc,A2-order-dyn + corrected-TWC,twc_anchor_gap_max,38499,30.50633914421553,0.0
a2_corrected_twc,A2-order-dyn + corrected-TWC,twc_anchor_gap_max,38999,30.90253565768621,0.0
a2_corrected_twc,A2-order-dyn + corrected-TWC,twc_anchor_gap_max,39499,31.298732171156892,0.0
a2_corrected_twc,A2-order-dyn + corrected-TWC,twc_anchor_gap_max,39999,31.694928684627577,0.0
a2_corrected_twc,A2-order-dyn + corrected-TWC,twc_anchor_gap_max,40499,32.091125198098254,0.0
a2_corrected_twc,A2-order-dyn + corrected-TWC,twc_anchor_gap_max,40999,32.48732171156894,0.0
a2_corrected_twc,A2-order-dyn + corrected-TWC,twc_anchor_gap_max,41499,32.88351822503962,0.0
a2_corrected_twc,A2-order-dyn + corrected-TWC,twc_anchor_gap_max,41999,33.2797147385103,0.0
a2_corrected_twc,A2-order-dyn + corrected-TWC,twc_anchor_gap_max,42499,33.675911251980985,0.0
a2_corrected_twc,A2-order-dyn + corrected-TWC,twc_anchor_gap_max,42999,34.07210776545166,0.0
a2_corrected_twc,A2-order-dyn + corrected-TWC,twc_anchor_gap_max,43499,34.468304278922346,0.0
a2_corrected_twc,A2-order-dyn + corrected-TWC,twc_anchor_gap_max,43999,34.864500792393024,0.0
a2_corrected_twc,A2-order-dyn + corrected-TWC,twc_anchor_gap_max,44499,35.26069730586371,0.0
a2_corrected_twc,A2-order-dyn + corrected-TWC,twc_anchor_gap_max,44999,35.65689381933439,0.0
a2_corrected_twc,A2-order-dyn + corrected-TWC,twc_anchor_gap_max,45499,36.05309033280507,0.0
a2_corrected_twc,A2-order-dyn + corrected-TWC,twc_anchor_gap_max,45999,36.449286846275754,0.0
a2_corrected_twc,A2-order-dyn + corrected-TWC,twc_anchor_gap_max,46499,36.84548335974643,0.0
a2_corrected_twc,A2-order-dyn + corrected-TWC,twc_anchor_gap_max,46999,37.241679873217116,0.0
a2_corrected_twc,A2-order-dyn + corrected-TWC,twc_anchor_gap_max,47499,37.6378763866878,0.0
a2_corrected_twc,A2-order-dyn + corrected-TWC,twc_anchor_gap_max,47999,38.03407290015848,0.0
a2_corrected_twc,A2-order-dyn + corrected-TWC,twc_anchor_gap_max,48499,38.43026941362916,0.0
a2_corrected_twc,A2-order-dyn + corrected-TWC,twc_anchor_gap_max,48999,38.82646592709984,0.0
a2_corrected_twc,A2-order-dyn + corrected-TWC,twc_anchor_gap_max,49499,39.222662440570524,0.0
a2_corrected_twc,A2-order-dyn + corrected-TWC,twc_anchor_gap_max,49999,39.6188589540412,0.0
a2_corrected_twc,A2-order-dyn + corrected-TWC,twc_anchor_gap_max,50499,40.015055467511885,0.0
a2_corrected_twc,A2-order-dyn + corrected-TWC,twc_anchor_gap_max,50999,40.41125198098257,0.0
a2_corrected_twc,A2-order-dyn + corrected-TWC,twc_anchor_gap_max,51499,40.80744849445325,0.0
a2_corrected_twc,A2-order-dyn + corrected-TWC,twc_anchor_gap_max,51999,41.20364500792393,0.0
a2_corrected_twc,A2-order-dyn + corrected-TWC,twc_anchor_gap_max,52499,41.59984152139461,0.0
a2_corrected_twc,A2-order-dyn + corrected-TWC,twc_anchor_gap_max,52999,41.99603803486529,0.0
a2_corrected_twc,A2-order-dyn + corrected-TWC,twc_anchor_gap_max,53499,42.39223454833598,0.0
a2_corrected_twc,A2-order-dyn + corrected-TWC,twc_anchor_gap_max,53999,42.788431061806655,0.0
a2_corrected_twc,A2-order-dyn + corrected-TWC,twc_anchor_gap_max,54499,43.18462757527734,0.0
a2_corrected_twc,A2-order-dyn + corrected-TWC,twc_anchor_gap_max,54999,43.58082408874802,0.0
a2_corrected_twc,A2-order-dyn + corrected-TWC,twc_anchor_gap_max,55499,43.9770206022187,0.0
a2_corrected_twc,A2-order-dyn + corrected-TWC,twc_anchor_gap_max,55999,44.37321711568938,0.0
a2_corrected_twc,A2-order-dyn + corrected-TWC,twc_anchor_gap_max,56499,44.76941362916006,0.0
a2_corrected_twc,A2-order-dyn + corrected-TWC,twc_anchor_gap_max,56999,45.16561014263075,0.0
a2_corrected_twc,A2-order-dyn + corrected-TWC,twc_anchor_gap_max,57499,45.561806656101425,0.0
a2_corrected_twc,A2-order-dyn + corrected-TWC,twc_anchor_gap_max,57999,45.95800316957211,0.0
a2_corrected_twc,A2-order-dyn + corrected-TWC,twc_anchor_gap_max,58499,46.354199683042786,0.0
a2_corrected_twc,A2-order-dyn + corrected-TWC,twc_anchor_gap_max,58999,46.75039619651347,0.0
a2_corrected_twc,A2-order-dyn + corrected-TWC,twc_anchor_gap_max,59499,47.146592709984155,0.0
a2_corrected_twc,A2-order-dyn + corrected-TWC,twc_anchor_gap_max,59999,47.54278922345483,0.0
a2_corrected_twc,A2-order-dyn + corrected-TWC,twc_anchor_gap_max,60499,47.93898573692552,0.0
a2_corrected_twc,A2-order-dyn + corrected-TWC,twc_anchor_gap_max,60999,48.335182250396194,0.0
a2_corrected_twc,A2-order-dyn + corrected-TWC,twc_anchor_gap_max,61499,48.73137876386688,0.0
a2_corrected_twc,A2-order-dyn + corrected-TWC,twc_anchor_gap_max,61999,49.12757527733756,0.0
a2_corrected_twc,A2-order-dyn + corrected-TWC,twc_anchor_gap_max,62499,49.52377179080824,0.0
a2_corrected_twc,A2-order-dyn + corrected-TWC,twc_anchor_gap_max,62999,49.919968304278925,0.0
a2_corrected_twc,A2-order-dyn + corrected-TWC,twc_anchor_gap_max,63499,50.3161648177496,0.0
a2_corrected_twc,A2-order-dyn + corrected-TWC,twc_anchor_gap_max,63999,50.712361331220286,0.0
a2_corrected_twc,A2-order-dyn + corrected-TWC,twc_anchor_gap_max,64499,51.108557844690964,0.0
a2_corrected_twc,A2-order-dyn + corrected-TWC,twc_anchor_gap_max,64999,51.50475435816165,0.0
a2_corrected_twc,A2-order-dyn + corrected-TWC,twc_anchor_gap_max,65499,51.90095087163233,0.0
a2_corrected_twc,A2-order-dyn + corrected-TWC,twc_anchor_gap_max,65999,52.29714738510301,0.0
a2_corrected_twc,A2-order-dyn + corrected-TWC,twc_anchor_gap_max,66499,52.693343898573694,0.0
a2_corrected_twc,A2-order-dyn + corrected-TWC,twc_anchor_gap_max,66999,53.08954041204437,0.0
a2_corrected_twc,A2-order-dyn + corrected-TWC,twc_anchor_gap_max,67499,53.485736925515056,0.0
a2_corrected_twc,A2-order-dyn + corrected-TWC,twc_anchor_gap_max,67999,53.88193343898574,0.0
a2_corrected_twc,A2-order-dyn + corrected-TWC,twc_anchor_gap_max,68499,54.27812995245642,0.0
a2_corrected_twc,A2-order-dyn + corrected-TWC,twc_anchor_gap_max,68999,54.6743264659271,0.0
a2_corrected_twc,A2-order-dyn + corrected-TWC,twc_anchor_gap_max,69499,55.07052297939778,0.0
a2_corrected_twc,A2-order-dyn + corrected-TWC,twc_anchor_gap_max,69999,55.466719492868464,0.0
a2_corrected_twc,A2-order-dyn + corrected-TWC,twc_anchor_gap_max,70499,55.86291600633914,0.0
a2_corrected_twc,A2-order-dyn + corrected-TWC,twc_anchor_gap_max,70999,56.259112519809825,0.0
a2_corrected_twc,A2-order-dyn + corrected-TWC,twc_anchor_gap_max,71499,56.65530903328051,0.0
a2_corrected_twc,A2-order-dyn + corrected-TWC,twc_anchor_gap_max,71999,57.05150554675119,0.0
a2_corrected_twc,A2-order-dyn + corrected-TWC,twc_anchor_gap_max,72499,57.44770206022187,0.0
a2_corrected_twc,A2-order-dyn + corrected-TWC,twc_anchor_gap_max,72999,57.84389857369255,0.0
a2_corrected_twc,A2-order-dyn + corrected-TWC,twc_anchor_gap_max,73499,58.24009508716323,0.0
a2_corrected_twc,A2-order-dyn + corrected-TWC,twc_anchor_gap_max,73999,58.63629160063392,0.0
a2_corrected_twc,A2-order-dyn + corrected-TWC,twc_anchor_gap_max,74499,59.032488114104595,0.0
a2_corrected_twc,A2-order-dyn + corrected-TWC,twc_anchor_gap_max,74999,59.42868462757528,0.0
a2_corrected_twc,A2-order-dyn + corrected-TWC,twc_anchor_gap_max,75499,59.82488114104596,0.0
a2_corrected_twc,A2-order-dyn + corrected-TWC,twc_anchor_gap_max,75719,59.99920760697306,0.0
a2_corrected_twc,A2-order-dyn + corrected-TWC,twc_current_point_gap_max,499,0.39540412044374007,0.0
a2_corrected_twc,A2-order-dyn + corrected-TWC,twc_current_point_gap_max,999,0.7916006339144216,0.0
a2_corrected_twc,A2-order-dyn + corrected-TWC,twc_current_point_gap_max,1499,1.187797147385103,0.0
a2_corrected_twc,A2-order-dyn + corrected-TWC,twc_current_point_gap_max,1999,1.5839936608557845,0.0
a2_corrected_twc,A2-order-dyn + corrected-TWC,twc_current_point_gap_max,2499,1.9801901743264658,0.0
a2_corrected_twc,A2-order-dyn + corrected-TWC,twc_current_point_gap_max,2999,2.3763866877971473,0.0
a2_corrected_twc,A2-order-dyn + corrected-TWC,twc_current_point_gap_max,3499,2.7725832012678286,0.0
a2_corrected_twc,A2-order-dyn + corrected-TWC,twc_current_point_gap_max,3999,3.1687797147385104,0.0
a2_corrected_twc,A2-order-dyn + corrected-TWC,twc_current_point_gap_max,4499,3.5649762282091917,0.0
a2_corrected_twc,A2-order-dyn + corrected-TWC,twc_current_point_gap_max,4999,3.9611727416798734,0.0
a2_corrected_twc,A2-order-dyn + corrected-TWC,twc_current_point_gap_max,5499,4.357369255150554,0.0
a2_corrected_twc,A2-order-dyn + corrected-TWC,twc_current_point_gap_max,5999,4.753565768621236,0.0
a2_corrected_twc,A2-order-dyn + corrected-TWC,twc_current_point_gap_max,6499,5.149762282091918,0.0
a2_corrected_twc,A2-order-dyn + corrected-TWC,twc_current_point_gap_max,6999,5.545958795562599,0.0
a2_corrected_twc,A2-order-dyn + corrected-TWC,twc_current_point_gap_max,7499,5.94215530903328,0.0
a2_corrected_twc,A2-order-dyn + corrected-TWC,twc_current_point_gap_max,7999,6.338351822503962,0.0
a2_corrected_twc,A2-order-dyn + corrected-TWC,twc_current_point_gap_max,8499,6.734548335974644,0.0
a2_corrected_twc,A2-order-dyn + corrected-TWC,twc_current_point_gap_max,8999,7.130744849445325,0.0
a2_corrected_twc,A2-order-dyn + corrected-TWC,twc_current_point_gap_max,9499,7.5269413629160065,0.0
a2_corrected_twc,A2-order-dyn + corrected-TWC,twc_current_point_gap_max,9999,7.923137876386688,0.0
a2_corrected_twc,A2-order-dyn + corrected-TWC,twc_current_point_gap_max,10499,8.319334389857369,0.0
a2_corrected_twc,A2-order-dyn + corrected-TWC,twc_current_point_gap_max,10999,8.71553090332805,0.0
a2_corrected_twc,A2-order-dyn + corrected-TWC,twc_current_point_gap_max,11499,9.111727416798733,0.0
a2_corrected_twc,A2-order-dyn + corrected-TWC,twc_current_point_gap_max,11999,9.507923930269413,0.0
a2_corrected_twc,A2-order-dyn + corrected-TWC,twc_current_point_gap_max,12499,9.904120443740094,0.0
a2_corrected_twc,A2-order-dyn + corrected-TWC,twc_current_point_gap_max,12999,10.300316957210777,0.0
a2_corrected_twc,A2-order-dyn + corrected-TWC,twc_current_point_gap_max,13499,10.696513470681458,0.0
a2_corrected_twc,A2-order-dyn + corrected-TWC,twc_current_point_gap_max,13999,11.092709984152139,0.0
a2_corrected_twc,A2-order-dyn + corrected-TWC,twc_current_point_gap_max,14499,11.488906497622821,0.0
a2_corrected_twc,A2-order-dyn + corrected-TWC,twc_current_point_gap_max,14999,11.885103011093502,0.0
a2_corrected_twc,A2-order-dyn + corrected-TWC,twc_current_point_gap_max,15499,12.281299524564185,0.0
a2_corrected_twc,A2-order-dyn + corrected-TWC,twc_current_point_gap_max,15999,12.677496038034866,0.0
a2_corrected_twc,A2-order-dyn + corrected-TWC,twc_current_point_gap_max,16499,13.073692551505546,0.0
a2_corrected_twc,A2-order-dyn + corrected-TWC,twc_current_point_gap_max,16999,13.469889064976229,0.0
a2_corrected_twc,A2-order-dyn + corrected-TWC,twc_current_point_gap_max,17499,13.86608557844691,0.0
a2_corrected_twc,A2-order-dyn + corrected-TWC,twc_current_point_gap_max,17999,14.26228209191759,0.0
a2_corrected_twc,A2-order-dyn + corrected-TWC,twc_current_point_gap_max,18499,14.658478605388273,0.0
a2_corrected_twc,A2-order-dyn + corrected-TWC,twc_current_point_gap_max,18999,15.054675118858954,0.0
a2_corrected_twc,A2-order-dyn + corrected-TWC,twc_current_point_gap_max,19499,15.450871632329635,0.0
a2_corrected_twc,A2-order-dyn + corrected-TWC,twc_current_point_gap_max,19999,15.847068145800318,0.0
a2_corrected_twc,A2-order-dyn + corrected-TWC,twc_current_point_gap_max,20499,16.243264659271,0.0
a2_corrected_twc,A2-order-dyn + corrected-TWC,twc_current_point_gap_max,20999,16.63946117274168,0.0
a2_corrected_twc,A2-order-dyn + corrected-TWC,twc_current_point_gap_max,21499,17.03565768621236,0.0
a2_corrected_twc,A2-order-dyn + corrected-TWC,twc_current_point_gap_max,21999,17.43185419968304,0.0
a2_corrected_twc,A2-order-dyn + corrected-TWC,twc_current_point_gap_max,22499,17.828050713153726,0.0
a2_corrected_twc,A2-order-dyn + corrected-TWC,twc_current_point_gap_max,22999,18.224247226624406,0.0
a2_corrected_twc,A2-order-dyn + corrected-TWC,twc_current_point_gap_max,23499,18.620443740095087,0.0
a2_corrected_twc,A2-order-dyn + corrected-TWC,twc_current_point_gap_max,23999,19.016640253565768,0.0
a2_corrected_twc,A2-order-dyn + corrected-TWC,twc_current_point_gap_max,24499,19.41283676703645,0.0
a2_corrected_twc,A2-order-dyn + corrected-TWC,twc_current_point_gap_max,24999,19.80903328050713,0.0
a2_corrected_twc,A2-order-dyn + corrected-TWC,twc_current_point_gap_max,25499,20.205229793977814,0.0
a2_corrected_twc,A2-order-dyn + corrected-TWC,twc_current_point_gap_max,25999,20.601426307448495,0.0
a2_corrected_twc,A2-order-dyn + corrected-TWC,twc_current_point_gap_max,26499,20.997622820919176,0.0
a2_corrected_twc,A2-order-dyn + corrected-TWC,twc_current_point_gap_max,26999,21.393819334389857,0.0
a2_corrected_twc,A2-order-dyn + corrected-TWC,twc_current_point_gap_max,27499,21.790015847860538,0.0
a2_corrected_twc,A2-order-dyn + corrected-TWC,twc_current_point_gap_max,27999,22.18621236133122,0.0
a2_corrected_twc,A2-order-dyn + corrected-TWC,twc_current_point_gap_max,28499,22.582408874801903,0.0
a2_corrected_twc,A2-order-dyn + corrected-TWC,twc_current_point_gap_max,28999,22.978605388272584,0.0
a2_corrected_twc,A2-order-dyn + corrected-TWC,twc_current_point_gap_max,29499,23.374801901743265,0.0
a2_corrected_twc,A2-order-dyn + corrected-TWC,twc_current_point_gap_max,29999,23.770998415213946,0.0
a2_corrected_twc,A2-order-dyn + corrected-TWC,twc_current_point_gap_max,30499,24.167194928684626,0.0
a2_corrected_twc,A2-order-dyn + corrected-TWC,twc_current_point_gap_max,30999,24.56339144215531,0.0
a2_corrected_twc,A2-order-dyn + corrected-TWC,twc_current_point_gap_max,31499,24.95958795562599,0.0
a2_corrected_twc,A2-order-dyn + corrected-TWC,twc_current_point_gap_max,31999,25.355784469096672,0.0
a2_corrected_twc,A2-order-dyn + corrected-TWC,twc_current_point_gap_max,32499,25.751980982567353,0.0
a2_corrected_twc,A2-order-dyn + corrected-TWC,twc_current_point_gap_max,32999,26.148177496038034,0.0
a2_corrected_twc,A2-order-dyn + corrected-TWC,twc_current_point_gap_max,33499,26.544374009508715,0.0
a2_corrected_twc,A2-order-dyn + corrected-TWC,twc_current_point_gap_max,33999,26.9405705229794,0.0
a2_corrected_twc,A2-order-dyn + corrected-TWC,twc_current_point_gap_max,34499,27.33676703645008,0.0
a2_corrected_twc,A2-order-dyn + corrected-TWC,twc_current_point_gap_max,34999,27.73296354992076,0.0
a2_corrected_twc,A2-order-dyn + corrected-TWC,twc_current_point_gap_max,35499,28.129160063391442,0.0
a2_corrected_twc,A2-order-dyn + corrected-TWC,twc_current_point_gap_max,35999,28.525356576862123,0.0
a2_corrected_twc,A2-order-dyn + corrected-TWC,twc_current_point_gap_max,36499,28.921553090332804,0.0
a2_corrected_twc,A2-order-dyn + corrected-TWC,twc_current_point_gap_max,36999,29.317749603803488,0.0
a2_corrected_twc,A2-order-dyn + corrected-TWC,twc_current_point_gap_max,37499,29.71394611727417,0.0
a2_corrected_twc,A2-order-dyn + corrected-TWC,twc_current_point_gap_max,37999,30.11014263074485,0.0
a2_corrected_twc,A2-order-dyn + corrected-TWC,twc_current_point_gap_max,38499,30.50633914421553,0.0
a2_corrected_twc,A2-order-dyn + corrected-TWC,twc_current_point_gap_max,38999,30.90253565768621,0.0
a2_corrected_twc,A2-order-dyn + corrected-TWC,twc_current_point_gap_max,39499,31.298732171156892,0.0
a2_corrected_twc,A2-order-dyn + corrected-TWC,twc_current_point_gap_max,39999,31.694928684627577,0.0
a2_corrected_twc,A2-order-dyn + corrected-TWC,twc_current_point_gap_max,40499,32.091125198098254,0.0
a2_corrected_twc,A2-order-dyn + corrected-TWC,twc_current_point_gap_max,40999,32.48732171156894,0.0
a2_corrected_twc,A2-order-dyn + corrected-TWC,twc_current_point_gap_max,41499,32.88351822503962,0.0
a2_corrected_twc,A2-order-dyn + corrected-TWC,twc_current_point_gap_max,41999,33.2797147385103,0.0
a2_corrected_twc,A2-order-dyn + corrected-TWC,twc_current_point_gap_max,42499,33.675911251980985,0.0
a2_corrected_twc,A2-order-dyn + corrected-TWC,twc_current_point_gap_max,42999,34.07210776545166,0.0
a2_corrected_twc,A2-order-dyn + corrected-TWC,twc_current_point_gap_max,43499,34.468304278922346,0.0
a2_corrected_twc,A2-order-dyn + corrected-TWC,twc_current_point_gap_max,43999,34.864500792393024,0.0
a2_corrected_twc,A2-order-dyn + corrected-TWC,twc_current_point_gap_max,44499,35.26069730586371,0.0
a2_corrected_twc,A2-order-dyn + corrected-TWC,twc_current_point_gap_max,44999,35.65689381933439,0.0
a2_corrected_twc,A2-order-dyn + corrected-TWC,twc_current_point_gap_max,45499,36.05309033280507,0.0
a2_corrected_twc,A2-order-dyn + corrected-TWC,twc_current_point_gap_max,45999,36.449286846275754,0.0
a2_corrected_twc,A2-order-dyn + corrected-TWC,twc_current_point_gap_max,46499,36.84548335974643,0.0
a2_corrected_twc,A2-order-dyn + corrected-TWC,twc_current_point_gap_max,46999,37.241679873217116,0.0
a2_corrected_twc,A2-order-dyn + corrected-TWC,twc_current_point_gap_max,47499,37.6378763866878,0.0
a2_corrected_twc,A2-order-dyn + corrected-TWC,twc_current_point_gap_max,47999,38.03407290015848,0.0
a2_corrected_twc,A2-order-dyn + corrected-TWC,twc_current_point_gap_max,48499,38.43026941362916,0.0
a2_corrected_twc,A2-order-dyn + corrected-TWC,twc_current_point_gap_max,48999,38.82646592709984,0.0
a2_corrected_twc,A2-order-dyn + corrected-TWC,twc_current_point_gap_max,49499,39.222662440570524,0.0
a2_corrected_twc,A2-order-dyn + corrected-TWC,twc_current_point_gap_max,49999,39.6188589540412,0.0
a2_corrected_twc,A2-order-dyn + corrected-TWC,twc_current_point_gap_max,50499,40.015055467511885,0.0
a2_corrected_twc,A2-order-dyn + corrected-TWC,twc_current_point_gap_max,50999,40.41125198098257,0.0
a2_corrected_twc,A2-order-dyn + corrected-TWC,twc_current_point_gap_max,51499,40.80744849445325,0.0
a2_corrected_twc,A2-order-dyn + corrected-TWC,twc_current_point_gap_max,51999,41.20364500792393,0.0
a2_corrected_twc,A2-order-dyn + corrected-TWC,twc_current_point_gap_max,52499,41.59984152139461,0.0
a2_corrected_twc,A2-order-dyn + corrected-TWC,twc_current_point_gap_max,52999,41.99603803486529,0.0
a2_corrected_twc,A2-order-dyn + corrected-TWC,twc_current_point_gap_max,53499,42.39223454833598,0.0
a2_corrected_twc,A2-order-dyn + corrected-TWC,twc_current_point_gap_max,53999,42.788431061806655,0.0
a2_corrected_twc,A2-order-dyn + corrected-TWC,twc_current_point_gap_max,54499,43.18462757527734,0.0
a2_corrected_twc,A2-order-dyn + corrected-TWC,twc_current_point_gap_max,54999,43.58082408874802,0.0
a2_corrected_twc,A2-order-dyn + corrected-TWC,twc_current_point_gap_max,55499,43.9770206022187,0.0
a2_corrected_twc,A2-order-dyn + corrected-TWC,twc_current_point_gap_max,55999,44.37321711568938,0.0
a2_corrected_twc,A2-order-dyn + corrected-TWC,twc_current_point_gap_max,56499,44.76941362916006,0.0
a2_corrected_twc,A2-order-dyn + corrected-TWC,twc_current_point_gap_max,56999,45.16561014263075,0.0
a2_corrected_twc,A2-order-dyn + corrected-TWC,twc_current_point_gap_max,57499,45.561806656101425,0.0
a2_corrected_twc,A2-order-dyn + corrected-TWC,twc_current_point_gap_max,57999,45.95800316957211,0.0
a2_corrected_twc,A2-order-dyn + corrected-TWC,twc_current_point_gap_max,58499,46.354199683042786,0.0
a2_corrected_twc,A2-order-dyn + corrected-TWC,twc_current_point_gap_max,58999,46.75039619651347,0.0
a2_corrected_twc,A2-order-dyn + corrected-TWC,twc_current_point_gap_max,59499,47.146592709984155,0.0
a2_corrected_twc,A2-order-dyn + corrected-TWC,twc_current_point_gap_max,59999,47.54278922345483,0.0
a2_corrected_twc,A2-order-dyn + corrected-TWC,twc_current_point_gap_max,60499,47.93898573692552,0.0
a2_corrected_twc,A2-order-dyn + corrected-TWC,twc_current_point_gap_max,60999,48.335182250396194,0.0
a2_corrected_twc,A2-order-dyn + corrected-TWC,twc_current_point_gap_max,61499,48.73137876386688,0.0
a2_corrected_twc,A2-order-dyn + corrected-TWC,twc_current_point_gap_max,61999,49.12757527733756,0.0
a2_corrected_twc,A2-order-dyn + corrected-TWC,twc_current_point_gap_max,62499,49.52377179080824,0.0
a2_corrected_twc,A2-order-dyn + corrected-TWC,twc_current_point_gap_max,62999,49.919968304278925,0.0
a2_corrected_twc,A2-order-dyn + corrected-TWC,twc_current_point_gap_max,63499,50.3161648177496,0.0
a2_corrected_twc,A2-order-dyn + corrected-TWC,twc_current_point_gap_max,63999,50.712361331220286,0.0
a2_corrected_twc,A2-order-dyn + corrected-TWC,twc_current_point_gap_max,64499,51.108557844690964,0.0
a2_corrected_twc,A2-order-dyn + corrected-TWC,twc_current_point_gap_max,64999,51.50475435816165,0.0
a2_corrected_twc,A2-order-dyn + corrected-TWC,twc_current_point_gap_max,65499,51.90095087163233,0.0
a2_corrected_twc,A2-order-dyn + corrected-TWC,twc_current_point_gap_max,65999,52.29714738510301,0.0
a2_corrected_twc,A2-order-dyn + corrected-TWC,twc_current_point_gap_max,66499,52.693343898573694,0.0
a2_corrected_twc,A2-order-dyn + corrected-TWC,twc_current_point_gap_max,66999,53.08954041204437,0.0
a2_corrected_twc,A2-order-dyn + corrected-TWC,twc_current_point_gap_max,67499,53.485736925515056,0.0
a2_corrected_twc,A2-order-dyn + corrected-TWC,twc_current_point_gap_max,67999,53.88193343898574,0.0
a2_corrected_twc,A2-order-dyn + corrected-TWC,twc_current_point_gap_max,68499,54.27812995245642,0.0
a2_corrected_twc,A2-order-dyn + corrected-TWC,twc_current_point_gap_max,68999,54.6743264659271,0.0
a2_corrected_twc,A2-order-dyn + corrected-TWC,twc_current_point_gap_max,69499,55.07052297939778,0.0
a2_corrected_twc,A2-order-dyn + corrected-TWC,twc_current_point_gap_max,69999,55.466719492868464,0.0
a2_corrected_twc,A2-order-dyn + corrected-TWC,twc_current_point_gap_max,70499,55.86291600633914,0.0
a2_corrected_twc,A2-order-dyn + corrected-TWC,twc_current_point_gap_max,70999,56.259112519809825,0.0
a2_corrected_twc,A2-order-dyn + corrected-TWC,twc_current_point_gap_max,71499,56.65530903328051,0.0
a2_corrected_twc,A2-order-dyn + corrected-TWC,twc_current_point_gap_max,71999,57.05150554675119,0.0
a2_corrected_twc,A2-order-dyn + corrected-TWC,twc_current_point_gap_max,72499,57.44770206022187,0.0
a2_corrected_twc,A2-order-dyn + corrected-TWC,twc_current_point_gap_max,72999,57.84389857369255,0.0
a2_corrected_twc,A2-order-dyn + corrected-TWC,twc_current_point_gap_max,73499,58.24009508716323,0.0
a2_corrected_twc,A2-order-dyn + corrected-TWC,twc_current_point_gap_max,73999,58.63629160063392,0.0
a2_corrected_twc,A2-order-dyn + corrected-TWC,twc_current_point_gap_max,74499,59.032488114104595,0.0
a2_corrected_twc,A2-order-dyn + corrected-TWC,twc_current_point_gap_max,74999,59.42868462757528,0.0
a2_corrected_twc,A2-order-dyn + corrected-TWC,twc_current_point_gap_max,75499,59.82488114104596,0.0
a2_corrected_twc,A2-order-dyn + corrected-TWC,twc_current_point_gap_max,75719,59.99920760697306,0.0
