run,metric,epoch,batch_count,mean,min,max,all_finite
Full,ct_candidate_valid_rate,1,1262,0.8405309033280507,0.4375,1.0,True
Full,ct_candidate_valid_rate,2,1262,0.8375099049128367,0.5,1.0,True
Full,ct_candidate_valid_rate,3,1262,0.8392927892234548,0.5,1.0,True
Full,ct_candidate_valid_rate,4,1262,0.8376089540412044,0.5,1.0,True
Full,ct_candidate_valid_rate,5,1262,0.839243264659271,0.5,1.0,True
Full,ct_candidate_valid_rate,6,1262,0.8399861331220285,0.5,1.0,True
Full,ct_candidate_valid_rate,7,1262,0.841323296354992,0.375,1.0,True
Full,ct_candidate_valid_rate,8,1262,0.8373613312202852,0.4375,1.0,True
Full,ct_candidate_valid_rate,9,1262,0.8385499207606973,0.5,1.0,True
Full,ct_candidate_valid_rate,10,1262,0.8385499207606973,0.5,1.0,True
Full,ct_candidate_valid_rate,11,1262,0.8402337559429477,0.5,1.0,True
Full,ct_candidate_valid_rate,12,1262,0.8384013470681458,0.5,1.0,True
Full,ct_candidate_valid_rate,13,1262,0.839243264659271,0.5,1.0,True
Full,ct_candidate_valid_rate,14,1262,0.8391937400950872,0.4375,1.0,True
Full,ct_candidate_valid_rate,15,1262,0.841323296354992,0.5,1.0,True
Full,ct_candidate_valid_rate,16,1262,0.8407785261489699,0.5,1.0,True
Full,ct_candidate_valid_rate,17,1262,0.8414223454833597,0.5,1.0,True
Full,ct_candidate_valid_rate,18,1262,0.837410855784469,0.5,1.0,True
Full,ct_candidate_valid_rate,19,1262,0.8382527733755943,0.5,1.0,True
Full,ct_candidate_valid_rate,20,1262,0.8369156101426307,0.5,1.0,True
Full,ct_candidate_valid_rate,21,1262,0.8385003961965135,0.4375,1.0,True
Full,ct_candidate_valid_rate,22,1262,0.8375099049128367,0.5,1.0,True
Full,ct_candidate_valid_rate,23,1262,0.8377080031695721,0.4375,1.0,True
Full,ct_candidate_valid_rate,24,1262,0.8393918383518225,0.4375,1.0,True
Full,ct_candidate_valid_rate,25,1262,0.8399366085578447,0.4375,1.0,True
Full,ct_candidate_valid_rate,26,1262,0.8389956418383518,0.375,1.0,True
Full,ct_candidate_valid_rate,27,1262,0.8399861331220285,0.4375,1.0,True
Full,ct_candidate_valid_rate,28,1262,0.8384013470681458,0.5,1.0,True
Full,ct_candidate_valid_rate,29,1262,0.839837559429477,0.4375,1.0,True
Full,ct_candidate_valid_rate,30,1262,0.8385499207606973,0.5,1.0,True
Full,ct_candidate_valid_rate,31,1262,0.8390946909667195,0.5,1.0,True
Full,ct_candidate_valid_rate,32,1262,0.8378565768621236,0.5,1.0,True
Full,ct_candidate_valid_rate,33,1262,0.8385003961965135,0.375,1.0,True
Full,ct_candidate_valid_rate,34,1262,0.8371632329635499,0.5625,1.0,True
Full,ct_candidate_valid_rate,35,1262,0.8385994453248812,0.5,1.0,True
Full,ct_candidate_valid_rate,36,1262,0.838054675118859,0.5,1.0,True
Full,ct_candidate_valid_rate,37,1262,0.8397385103011094,0.5,1.0,True
Full,ct_candidate_valid_rate,38,1262,0.8381041996830428,0.5625,1.0,True
Full,ct_candidate_valid_rate,39,1262,0.837410855784469,0.4375,1.0,True
Full,ct_candidate_valid_rate,40,1262,0.8406794770206022,0.5625,1.0,True
Full,ct_candidate_valid_rate,41,1262,0.8385003961965135,0.375,1.0,True
Full,ct_candidate_valid_rate,42,1262,0.8381041996830428,0.5,1.0,True
Full,ct_candidate_valid_rate,43,1262,0.8380051505546752,0.4375,1.0,True
Full,ct_candidate_valid_rate,44,1262,0.8367175118858954,0.5,1.0,True
Full,ct_candidate_valid_rate,45,1262,0.8379556259904913,0.5,1.0,True
Full,ct_candidate_valid_rate,46,1262,0.8391442155309033,0.4375,1.0,True
Full,ct_candidate_valid_rate,47,1262,0.839837559429477,0.4375,1.0,True
Full,ct_candidate_valid_rate,48,1262,0.8387480190174327,0.5,1.0,True
Full,ct_candidate_valid_rate,49,1262,0.8399861331220285,0.5,1.0,True
Full,ct_candidate_valid_rate,50,1262,0.839243264659271,0.4375,1.0,True
Full,ct_candidate_valid_rate,51,1262,0.838351822503962,0.4375,1.0,True
Full,ct_candidate_valid_rate,52,1262,0.84013470681458,0.5,1.0,True
Full,ct_candidate_valid_rate,53,1262,0.837410855784469,0.5,1.0,True
Full,ct_candidate_valid_rate,54,1262,0.8394908874801902,0.375,1.0,True
Full,ct_candidate_valid_rate,55,1262,0.8376089540412044,0.4375,1.0,True
Full,ct_candidate_valid_rate,56,1262,0.8385994453248812,0.5,1.0,True
Full,ct_candidate_valid_rate,57,1262,0.8389956418383518,0.5,1.0,True
Full,ct_candidate_valid_rate,58,1262,0.8388470681458003,0.3125,1.0,True
Full,ct_candidate_valid_rate,59,1262,0.8397880348652932,0.5,1.0,True
Full,ct_candidate_valid_rate,60,1262,0.8372127575277337,0.5,1.0,True
Full,ct_final_rmse,1,1262,0.771918173070566,0.22385045886039734,3.628408193588257,True
Full,ct_final_rmse,2,1262,0.48358921753906786,0.18906092643737793,1.3205056190490723,True
Full,ct_final_rmse,3,1262,0.44058467494988024,0.17135219275951385,1.4007318019866943,True
Full,ct_final_rmse,4,1262,0.41381821397650637,0.14997471868991852,1.339763879776001,True
Full,ct_final_rmse,5,1262,0.3955770313338319,0.15285372734069824,1.5975282192230225,True
Full,ct_final_rmse,6,1262,0.39135064120904767,0.15769430994987488,1.287883996963501,True
Full,ct_final_rmse,7,1262,0.37921328389229,0.15374404191970825,1.2810745239257812,True
Full,ct_final_rmse,8,1262,0.3751085598594413,0.1546497941017151,1.3341453075408936,True
Full,ct_final_rmse,9,1262,0.3623978492882097,0.1522386074066162,1.2298591136932373,True
Full,ct_final_rmse,10,1262,0.3491304760500671,0.13852567970752716,1.3352556228637695,True
Full,ct_final_rmse,11,1262,0.3449923615377225,0.14508575201034546,1.0524410009384155,True
Full,ct_final_rmse,12,1262,0.34165244877763484,0.16266374289989471,1.361844539642334,True
Full,ct_final_rmse,13,1262,0.33842243561181706,0.14131921529769897,1.2283755540847778,True
Full,ct_final_rmse,14,1262,0.3231119026921442,0.14435623586177826,1.1924971342086792,True
Full,ct_final_rmse,15,1262,0.3153876603216452,0.13294564187526703,1.4382256269454956,True
Full,ct_final_rmse,16,1262,0.3090272534597317,0.1444966197013855,1.2024235725402832,True
Full,ct_final_rmse,17,1262,0.31243791500853285,0.13899105787277222,1.2628452777862549,True
Full,ct_final_rmse,18,1262,0.30295159113955006,0.13167186081409454,1.0669243335723877,True
Full,ct_final_rmse,19,1262,0.3018393610883061,0.13916084170341492,1.5459455251693726,True
Full,ct_final_rmse,20,1262,0.30635029551013715,0.10975807905197144,1.1079370975494385,True
Full,ct_final_rmse,21,1262,0.2683023592773028,0.1331166923046112,1.0270469188690186,True
Full,ct_final_rmse,22,1262,0.2622516383601444,0.12541423738002777,1.0526617765426636,True
Full,ct_final_rmse,23,1262,0.2602430260585246,0.10620627552270889,1.1112360954284668,True
Full,ct_final_rmse,24,1262,0.2573442977754231,0.11280343681573868,0.8753571510314941,True
Full,ct_final_rmse,25,1262,0.2540802711092538,0.1087314784526825,1.0243208408355713,True
Full,ct_final_rmse,26,1262,0.2548654904727796,0.11898527294397354,1.1916862726211548,True
Full,ct_final_rmse,27,1262,0.25287229015171625,0.12007036805152893,1.0499006509780884,True
Full,ct_final_rmse,28,1262,0.250200597330243,0.12251532077789307,0.7953617572784424,True
Full,ct_final_rmse,29,1262,0.24896625259953142,0.1142796128988266,1.2008930444717407,True
Full,ct_final_rmse,30,1262,0.24945343320631377,0.09739800542593002,0.840535044670105,True
Full,ct_final_rmse,31,1262,0.24630281339781787,0.10608088225126266,1.1412348747253418,True
Full,ct_final_rmse,32,1262,0.24548738700132552,0.12387128174304962,1.1447432041168213,True
Full,ct_final_rmse,33,1262,0.24671551731611394,0.10765302181243896,1.8664436340332031,True
Full,ct_final_rmse,34,1262,0.246699167518816,0.12949185073375702,0.9844231605529785,True
Full,ct_final_rmse,35,1262,0.24163519669613445,0.12372422963380814,0.7912487983703613,True
Full,ct_final_rmse,36,1262,0.24705744036451194,0.10945580899715424,0.8988096714019775,True
Full,ct_final_rmse,37,1262,0.2448155618908855,0.12218615412712097,2.448380708694458,True
Full,ct_final_rmse,38,1262,0.24467405199225278,0.11209984123706818,0.9591219425201416,True
Full,ct_final_rmse,39,1262,0.2395158846834571,0.10978139936923981,0.9510612487792969,True
Full,ct_final_rmse,40,1262,0.23871400257463313,0.12227018177509308,0.8101111650466919,True
Full,ct_final_rmse,41,1262,0.2387888383610313,0.11586762964725494,1.5156800746917725,True
Full,ct_final_rmse,42,1262,0.23913339053158147,0.10745792090892792,1.1344746351242065,True
Full,ct_final_rmse,43,1262,0.23404906520681978,0.1126624047756195,1.936206579208374,True
Full,ct_final_rmse,44,1262,0.23644909455120658,0.11553987115621567,1.1153433322906494,True
Full,ct_final_rmse,45,1262,0.2329041080670387,0.10316438227891922,0.907828688621521,True
Full,ct_final_rmse,46,1262,0.2361696167552339,0.07976125925779343,0.9207954406738281,True
Full,ct_final_rmse,47,1262,0.23400647723353607,0.09823097288608551,0.8891164064407349,True
Full,ct_final_rmse,48,1262,0.23415768199648987,0.11425605416297913,1.0281479358673096,True
Full,ct_final_rmse,49,1262,0.23560227101842876,0.11181014776229858,0.9941970705986023,True
Full,ct_final_rmse,50,1262,0.2340916723969338,0.10476367920637131,0.8669211864471436,True
Full,ct_final_rmse,51,1262,0.23626674682185314,0.11131881922483444,0.8500752449035645,True
Full,ct_final_rmse,52,1262,0.23705678527050086,0.10765822231769562,0.8252874612808228,True
Full,ct_final_rmse,53,1262,0.23126391289540213,0.10719253867864609,1.0700798034667969,True
Full,ct_final_rmse,54,1262,0.23559406749231124,0.10977217555046082,0.8278131484985352,True
Full,ct_final_rmse,55,1262,0.23596461592522552,0.10840093344449997,1.0048022270202637,True
Full,ct_final_rmse,56,1262,0.23634751762149828,0.11125495284795761,0.8936476707458496,True
Full,ct_final_rmse,57,1262,0.23375646633032574,0.1186930239200592,1.131767988204956,True
Full,ct_final_rmse,58,1262,0.23207386627958618,0.11326969414949417,0.9404131174087524,True
Full,ct_final_rmse,59,1262,0.2357544064368291,0.12118915468454361,1.0236766338348389,True
Full,ct_final_rmse,60,1262,0.23428201422732908,0.11198733001947403,0.9612796306610107,True
Full,ct_foreground_points,1,1262,29.180863708399364,4.8125,78.8125,True
Full,ct_foreground_points,2,1262,28.807448494453247,5.375,72.1875,True
Full,ct_foreground_points,3,1262,29.007824881141048,5.0,74.0,True
Full,ct_foreground_points,4,1262,28.883320126782884,5.0625,88.0625,True
Full,ct_foreground_points,5,1262,29.069928684627577,4.1875,63.5,True
Full,ct_foreground_points,6,1262,28.829090729001585,3.4375,73.375,True
Full,ct_foreground_points,7,1262,29.128020998415213,6.0,74.9375,True
Full,ct_foreground_points,8,1262,28.903625198098258,3.8125,78.9375,True
Full,ct_foreground_points,9,1262,29.204437400950873,2.5,69.75,True
Full,ct_foreground_points,10,1262,28.92135499207607,4.3125,69.9375,True
Full,ct_foreground_points,11,1262,28.995344690966718,3.625,73.1875,True
Full,ct_foreground_points,12,1262,28.92368264659271,3.625,62.75,True
Full,ct_foreground_points,13,1262,29.153129952456418,4.0625,72.125,True
Full,ct_foreground_points,14,1262,28.940322900158478,4.75,67.5625,True
Full,ct_foreground_points,15,1262,29.076515451664026,5.0,71.0,True
Full,ct_foreground_points,16,1262,29.22692155309033,5.5625,68.9375,True
Full,ct_foreground_points,17,1262,29.14099643423138,5.4375,76.1875,True
Full,ct_foreground_points,18,1262,28.880249603803488,4.6875,76.875,True
Full,ct_foreground_points,19,1262,28.920166402535656,5.875,70.625,True
Full,ct_foreground_points,20,1262,29.186261885895405,3.6875,68.125,True
Full,ct_foreground_points,21,1262,29.019066957210775,5.875,73.8125,True
Full,ct_foreground_points,22,1262,28.92625792393027,5.25,65.25,True
Full,ct_foreground_points,23,1262,28.833151743264658,5.4375,69.875,True
Full,ct_foreground_points,24,1262,29.251485736925517,4.375,70.875,True
Full,ct_foreground_points,25,1262,28.994601822503963,3.5625,74.3125,True
Full,ct_foreground_points,26,1262,28.820869651347067,5.1875,70.125,True
Full,ct_foreground_points,27,1262,29.24856378763867,7.6875,78.875,True
Full,ct_foreground_points,28,1262,28.95463549920761,2.8125,74.0,True
Full,ct_foreground_points,29,1262,29.385647781299525,6.375,67.6875,True
Full,ct_foreground_points,30,1262,29.088698494453247,4.5,70.5625,True
Full,ct_foreground_points,31,1262,28.943244849445325,4.3125,64.6875,True
Full,ct_foreground_points,32,1262,28.928783676703645,2.9375,74.75,True
Full,ct_foreground_points,33,1262,29.144463153724246,5.375,69.75,True
Full,ct_foreground_points,34,1262,29.046454041204438,5.5625,68.6875,True
Full,ct_foreground_points,35,1262,29.119651347068146,6.1875,75.125,True
Full,ct_foreground_points,36,1262,28.911994849445325,6.6875,66.125,True
Full,ct_foreground_points,37,1262,28.996731378763865,6.375,81.375,True
Full,ct_foreground_points,38,1262,29.042690174326466,5.625,70.9375,True
Full,ct_foreground_points,39,1262,29.16565966719493,3.625,67.5625,True
Full,ct_foreground_points,40,1262,28.95458597464342,3.9375,73.4375,True
Full,ct_foreground_points,41,1262,28.873761885895405,3.9375,70.125,True
Full,ct_foreground_points,42,1262,29.006784865293184,5.5,70.9375,True
Full,ct_foreground_points,43,1262,29.19022385103011,5.375,71.625,True
Full,ct_foreground_points,44,1262,28.89877179080824,4.6875,69.1875,True
Full,ct_foreground_points,45,1262,28.95017828843106,4.8125,77.0625,True
Full,ct_foreground_points,46,1262,29.17046354992076,4.875,73.5625,True
Full,ct_foreground_points,47,1262,29.013569730586372,5.5,74.9375,True
Full,ct_foreground_points,48,1262,29.10410063391442,5.0625,68.5625,True
Full,ct_foreground_points,49,1262,29.10900356576862,5.25,73.125,True
Full,ct_foreground_points,50,1262,29.022781299524564,5.375,76.5625,True
Full,ct_foreground_points,51,1262,29.019314580031697,5.875,75.75,True
Full,ct_foreground_points,52,1262,29.076366877971473,3.8125,77.1875,True
Full,ct_foreground_points,53,1262,29.13713351822504,5.4375,75.3125,True
Full,ct_foreground_points,54,1262,29.095235736925517,3.5625,65.875,True
Full,ct_foreground_points,55,1262,29.027337559429476,4.4375,68.8125,True
Full,ct_foreground_points,56,1262,29.021988906497622,5.25,65.9375,True
Full,ct_foreground_points,57,1262,28.949534469096672,4.25,74.875,True
Full,ct_foreground_points,58,1262,28.87356378763867,3.5625,77.875,True
Full,ct_foreground_points,59,1262,29.337014659271,6.5625,70.375,True
Full,ct_foreground_points,60,1262,29.11118264659271,6.0,69.5625,True
Full,ct_motion_residual_saturation,1,1262,0.0,0.0,0.0,True
Full,ct_motion_residual_saturation,2,1262,0.0,0.0,0.0,True
Full,ct_motion_residual_saturation,3,1262,0.0,0.0,0.0,True
Full,ct_motion_residual_saturation,4,1262,0.0,0.0,0.0,True
Full,ct_motion_residual_saturation,5,1262,0.0,0.0,0.0,True
Full,ct_motion_residual_saturation,6,1262,0.0,0.0,0.0,True
Full,ct_motion_residual_saturation,7,1262,0.0,0.0,0.0,True
Full,ct_motion_residual_saturation,8,1262,0.0,0.0,0.0,True
Full,ct_motion_residual_saturation,9,1262,0.0,0.0,0.0,True
Full,ct_motion_residual_saturation,10,1262,0.0,0.0,0.0,True
Full,ct_motion_residual_saturation,11,1262,0.00014857369255150555,0.0,0.03125,True
Full,ct_motion_residual_saturation,12,1262,0.0003961965134706815,0.0,0.03125,True
Full,ct_motion_residual_saturation,13,1262,0.0006933438985736926,0.0,0.03125,True
Full,ct_motion_residual_saturation,14,1262,0.0007676307448494453,0.0,0.0625,True
Full,ct_motion_residual_saturation,15,1262,0.0010152535657686212,0.0,0.09375,True
Full,ct_motion_residual_saturation,16,1262,0.0013619255150554676,0.0,0.0625,True
Full,ct_motion_residual_saturation,17,1262,0.0013124009508716323,0.0,0.0625,True
Full,ct_motion_residual_saturation,18,1262,0.0013866877971473852,0.0,0.09375,True
Full,ct_motion_residual_saturation,19,1262,0.0017828843106180666,0.0,0.0625,True
Full,ct_motion_residual_saturation,20,1262,0.001881933438985737,0.0,0.09375,True
Full,ct_motion_residual_saturation,21,1262,0.0019562202852614896,0.0,0.09375,True
Full,ct_motion_residual_saturation,22,1262,0.001931458003169572,0.0,0.0625,True
Full,ct_motion_residual_saturation,23,1262,0.0019809825673534074,0.0,0.09375,True
Full,ct_motion_residual_saturation,24,1262,0.0019066957210776545,0.0,0.125,True
Full,ct_motion_residual_saturation,25,1262,0.0016838351822503963,0.0,0.09375,True
Full,ct_motion_residual_saturation,26,1262,0.0022781299524564183,0.0,0.0625,True
Full,ct_motion_residual_saturation,27,1262,0.001881933438985737,0.0,0.125,True
Full,ct_motion_residual_saturation,28,1262,0.0019066957210776545,0.0,0.09375,True
Full,ct_motion_residual_saturation,29,1262,0.0018571711568938192,0.0,0.09375,True
Full,ct_motion_residual_saturation,30,1262,0.0020800316957210775,0.0,0.125,True
Full,ct_motion_residual_saturation,31,1262,0.0020305071315372424,0.0,0.09375,True
Full,ct_motion_residual_saturation,32,1262,0.0017828843106180666,0.0,0.09375,True
Full,ct_motion_residual_saturation,33,1262,0.0019809825673534074,0.0,0.09375,True
Full,ct_motion_residual_saturation,34,1262,0.0021047939778129953,0.0,0.125,True
Full,ct_motion_residual_saturation,35,1262,0.0019809825673534074,0.0,0.09375,True
Full,ct_motion_residual_saturation,36,1262,0.00205526941362916,0.0,0.0625,True
Full,ct_motion_residual_saturation,37,1262,0.001931458003169572,0.0,0.0625,True
Full,ct_motion_residual_saturation,38,1262,0.0019562202852614896,0.0,0.09375,True
Full,ct_motion_residual_saturation,39,1262,0.0018571711568938192,0.0,0.125,True
Full,ct_motion_residual_saturation,40,1262,0.001881933438985737,0.0,0.09375,True
Full,ct_motion_residual_saturation,41,1262,0.0016095483359746434,0.0,0.0625,True
Full,ct_motion_residual_saturation,42,1262,0.0020057448494453247,0.0,0.09375,True
Full,ct_motion_residual_saturation,43,1262,0.0017581220285261489,0.0,0.0625,True
Full,ct_motion_residual_saturation,44,1262,0.0017333597464342313,0.0,0.09375,True
Full,ct_motion_residual_saturation,45,1262,0.001881933438985737,0.0,0.0625,True
Full,ct_motion_residual_saturation,46,1262,0.00205526941362916,0.0,0.09375,True
Full,ct_motion_residual_saturation,47,1262,0.0019066957210776545,0.0,0.0625,True
Full,ct_motion_residual_saturation,48,1262,0.001931458003169572,0.0,0.09375,True
Full,ct_motion_residual_saturation,49,1262,0.0020057448494453247,0.0,0.0625,True
Full,ct_motion_residual_saturation,50,1262,0.0018076465927099842,0.0,0.0625,True
Full,ct_motion_residual_saturation,51,1262,0.0021047939778129953,0.0,0.09375,True
Full,ct_motion_residual_saturation,52,1262,0.0018571711568938192,0.0,0.09375,True
Full,ct_motion_residual_saturation,53,1262,0.001881933438985737,0.0,0.0625,True
Full,ct_motion_residual_saturation,54,1262,0.0020305071315372424,0.0,0.0625,True
Full,ct_motion_residual_saturation,55,1262,0.0022781299524564183,0.0,0.0625,True
Full,ct_motion_residual_saturation,56,1262,0.0020057448494453247,0.0,0.125,True
Full,ct_motion_residual_saturation,57,1262,0.0018571711568938192,0.0,0.09375,True
Full,ct_motion_residual_saturation,58,1262,0.0019809825673534074,0.0,0.125,True
Full,ct_motion_residual_saturation,59,1262,0.0017085974643423138,0.0,0.0625,True
Full,ct_motion_residual_saturation,60,1262,0.0018571711568938192,0.0,0.0625,True
Full,ct_observation_rmse,1,1262,0.9279798500464193,0.34916558861732483,3.6520426273345947,True
Full,ct_observation_rmse,2,1262,0.6129408649474429,0.24158042669296265,1.4643809795379639,True
Full,ct_observation_rmse,3,1262,0.541424815597606,0.22074735164642334,1.6680015325546265,True
Full,ct_observation_rmse,4,1262,0.4987065301242797,0.21502341330051422,1.588869571685791,True
Full,ct_observation_rmse,5,1262,0.4704425118497548,0.18578173220157623,1.6032767295837402,True
Full,ct_observation_rmse,6,1262,0.46729835778144196,0.19390320777893066,1.3562437295913696,True
Full,ct_observation_rmse,7,1262,0.44867407052339353,0.17900505661964417,1.4649364948272705,True
Full,ct_observation_rmse,8,1262,0.44163905282500426,0.18976397812366486,1.4202346801757812,True
Full,ct_observation_rmse,9,1262,0.42608307005627977,0.1612154096364975,1.4189375638961792,True
Full,ct_observation_rmse,10,1262,0.40698718786145166,0.17296352982521057,1.483352541923523,True
Full,ct_observation_rmse,11,1262,0.4000221151864472,0.16525748372077942,1.1707403659820557,True
Full,ct_observation_rmse,12,1262,0.39635044656304286,0.18222494423389435,1.3911352157592773,True
Full,ct_observation_rmse,13,1262,0.39336368517150216,0.1658412367105484,1.2754831314086914,True
Full,ct_observation_rmse,14,1262,0.3731045687538697,0.15858548879623413,1.3927905559539795,True
Full,ct_observation_rmse,15,1262,0.3621414638996691,0.15643112361431122,1.6067438125610352,True
Full,ct_observation_rmse,16,1262,0.3542612733912732,0.14509043097496033,1.2350420951843262,True
Full,ct_observation_rmse,17,1262,0.357886869690592,0.16072307527065277,1.302128791809082,True
Full,ct_observation_rmse,18,1262,0.3450171662798585,0.1314578801393509,1.1421971321105957,True
Full,ct_observation_rmse,19,1262,0.3456545492808339,0.17115646600723267,1.699251413345337,True
Full,ct_observation_rmse,20,1262,0.3496330258821723,0.1260574609041214,1.2388010025024414,True
Full,ct_observation_rmse,21,1262,0.29339129903992833,0.14975585043430328,1.0643166303634644,True
Full,ct_observation_rmse,22,1262,0.284663615308454,0.11380182206630707,1.3456413745880127,True
Full,ct_observation_rmse,23,1262,0.2810292714253281,0.12394832074642181,1.1554590463638306,True
Full,ct_observation_rmse,24,1262,0.2778121963757343,0.12874774634838104,0.8911604881286621,True
Full,ct_observation_rmse,25,1262,0.2744985312790198,0.12195654213428497,1.1503448486328125,True
Full,ct_observation_rmse,26,1262,0.2743190331428818,0.11717917025089264,1.3106346130371094,True
Full,ct_observation_rmse,27,1262,0.2715998794735895,0.13705432415008545,1.064144492149353,True
Full,ct_observation_rmse,28,1262,0.26856677038167054,0.1150052547454834,0.8062363862991333,True
Full,ct_observation_rmse,29,1262,0.26769752569626515,0.11192595958709717,1.3582688570022583,True
Full,ct_observation_rmse,30,1262,0.26752056131838997,0.1167026162147522,0.8660535216331482,True
Full,ct_observation_rmse,31,1262,0.263335436228338,0.11151650547981262,1.1477891206741333,True
Full,ct_observation_rmse,32,1262,0.2631278392370265,0.1258259266614914,1.1507468223571777,True
Full,ct_observation_rmse,33,1262,0.2638928611274283,0.114192433655262,2.171358585357666,True
Full,ct_observation_rmse,34,1262,0.2635085262511687,0.12796837091445923,0.9877331852912903,True
Full,ct_observation_rmse,35,1262,0.25807061878796045,0.1309226155281067,0.816744327545166,True
Full,ct_observation_rmse,36,1262,0.26379261697788625,0.11789784580469131,0.9402673244476318,True
Full,ct_observation_rmse,37,1262,0.26111708430310626,0.12799468636512756,2.6053948402404785,True
Full,ct_observation_rmse,38,1262,0.2603359805115996,0.12871265411376953,1.0782759189605713,True
Full,ct_observation_rmse,39,1262,0.25512993362881303,0.12481202185153961,0.9943138360977173,True
Full,ct_observation_rmse,40,1262,0.2544985967680883,0.1334446668624878,0.8590106964111328,True
Full,ct_observation_rmse,41,1262,0.25276503817026286,0.1286233365535736,1.55097234249115,True
Full,ct_observation_rmse,42,1262,0.253988790560496,0.11562062799930573,1.144477367401123,True
Full,ct_observation_rmse,43,1262,0.2482279998068764,0.11684124171733856,2.1891791820526123,True
Full,ct_observation_rmse,44,1262,0.2501954448109761,0.12431055307388306,1.1303963661193848,True
Full,ct_observation_rmse,45,1262,0.2466714431645375,0.09800142049789429,0.8878067135810852,True
Full,ct_observation_rmse,46,1262,0.25075772933059753,0.0852009505033493,0.9547873735427856,True
Full,ct_observation_rmse,47,1262,0.24823209502853796,0.10188129544258118,0.9630373120307922,True
Full,ct_observation_rmse,48,1262,0.2483534588465222,0.12450152635574341,1.0872626304626465,True
Full,ct_observation_rmse,49,1262,0.24941712842808472,0.11898120492696762,1.0071017742156982,True
Full,ct_observation_rmse,50,1262,0.24806578236553825,0.12246672809123993,0.8834896087646484,True
Full,ct_observation_rmse,51,1262,0.24995770122968072,0.12220558524131775,0.9710010290145874,True
Full,ct_observation_rmse,52,1262,0.25059542360401194,0.11810200661420822,0.8658583760261536,True
Full,ct_observation_rmse,53,1262,0.24469179573886557,0.11380960047245026,1.0589745044708252,True
Full,ct_observation_rmse,54,1262,0.2487479460007982,0.13362330198287964,0.8354567289352417,True
Full,ct_observation_rmse,55,1262,0.24951854529428974,0.10568223148584366,1.0425364971160889,True
Full,ct_observation_rmse,56,1262,0.24992778395463472,0.10479298233985901,0.9826146960258484,True
Full,ct_observation_rmse,57,1262,0.24691969862358318,0.1237490177154541,1.136742353439331,True
Full,ct_observation_rmse,58,1262,0.2451417581097071,0.11753509938716888,0.9792632460594177,True
Full,ct_observation_rmse,59,1262,0.24870157448453872,0.11985786259174347,1.010382056236267,True
Full,ct_observation_rmse,60,1262,0.24759331699785453,0.12089523673057556,0.9587178230285645,True
Full,ct_query_gate_mean,1,1262,0.3090395225468793,0.03464047983288765,0.5749485492706299,True
Full,ct_query_gate_mean,2,1262,0.40221831328848084,0.21399924159049988,0.5191335678100586,True
Full,ct_query_gate_mean,3,1262,0.39982498188026355,0.2183600217103958,0.5119726061820984,True
Full,ct_query_gate_mean,4,1262,0.4015759393667268,0.20542782545089722,0.5135506391525269,True
Full,ct_query_gate_mean,5,1262,0.40029748087592437,0.22736482322216034,0.510023295879364,True
Full,ct_query_gate_mean,6,1262,0.40292713011831943,0.21379560232162476,0.5178417563438416,True
Full,ct_query_gate_mean,7,1262,0.40361077339637863,0.2121700495481491,0.5559559464454651,True
Full,ct_query_gate_mean,8,1262,0.40704927957142967,0.24399714171886444,0.5251144170761108,True
Full,ct_query_gate_mean,9,1262,0.4082884406774244,0.1879911720752716,0.5265828371047974,True
Full,ct_query_gate_mean,10,1262,0.4138674533641093,0.2547200322151184,0.5312334299087524,True
Full,ct_query_gate_mean,11,1262,0.4157339054530283,0.2205503284931183,0.5349711179733276,True
Full,ct_query_gate_mean,12,1262,0.4151853607309224,0.2500065863132477,0.5288945436477661,True
Full,ct_query_gate_mean,13,1262,0.4188546817602144,0.2245691567659378,0.541643500328064,True
Full,ct_query_gate_mean,14,1262,0.42083530299212024,0.19631542265415192,0.5304903984069824,True
Full,ct_query_gate_mean,15,1262,0.4193185674124021,0.25742387771606445,0.5409402847290039,True
Full,ct_query_gate_mean,16,1262,0.4206020836312495,0.22292235493659973,0.5405116677284241,True
Full,ct_query_gate_mean,17,1262,0.419362905298001,0.1921105831861496,0.5296417474746704,True
Full,ct_query_gate_mean,18,1262,0.42042628395859677,0.2525549530982971,0.5425122380256653,True
Full,ct_query_gate_mean,19,1262,0.4218500895092113,0.2575094997882843,0.5417022109031677,True
Full,ct_query_gate_mean,20,1262,0.4228567867148697,0.24598756432533264,0.5470418930053711,True
Full,ct_query_gate_mean,21,1262,0.42602405102005475,0.2353007048368454,0.5361592173576355,True
Full,ct_query_gate_mean,22,1262,0.4218273889243886,0.26004141569137573,0.54465651512146,True
Full,ct_query_gate_mean,23,1262,0.42424290949587967,0.22721603512763977,0.5317026376724243,True
Full,ct_query_gate_mean,24,1262,0.4247254992461809,0.2144286334514618,0.5331361293792725,True
Full,ct_query_gate_mean,25,1262,0.4218406218757909,0.23024752736091614,0.5353332757949829,True
Full,ct_query_gate_mean,26,1262,0.42178787873163465,0.2497425228357315,0.5472192764282227,True
Full,ct_query_gate_mean,27,1262,0.42188871178404086,0.2558974027633667,0.5362811088562012,True
Full,ct_query_gate_mean,28,1262,0.42336029133120356,0.2280885875225067,0.5308898091316223,True
Full,ct_query_gate_mean,29,1262,0.42456622537455735,0.22385799884796143,0.5291709899902344,True
Full,ct_query_gate_mean,30,1262,0.422148291145565,0.2532013952732086,0.5326284766197205,True
Full,ct_query_gate_mean,31,1262,0.42403083321787477,0.2555968165397644,0.5398443937301636,True
Full,ct_query_gate_mean,32,1262,0.42448076755753034,0.23087771236896515,0.5369501113891602,True
Full,ct_query_gate_mean,33,1262,0.42496388073768554,0.25397413969039917,0.538928210735321,True
Full,ct_query_gate_mean,34,1262,0.422434168612428,0.22576384246349335,0.5365846753120422,True
Full,ct_query_gate_mean,35,1262,0.422261033071391,0.19690361618995667,0.5400503277778625,True
Full,ct_query_gate_mean,36,1262,0.42324702982479345,0.2514514625072479,0.5402559638023376,True
Full,ct_query_gate_mean,37,1262,0.4241685883958253,0.24202637374401093,0.538629949092865,True
Full,ct_query_gate_mean,38,1262,0.4236317160768101,0.2588586211204529,0.54027259349823,True
Full,ct_query_gate_mean,39,1262,0.4240891194050739,0.2543830871582031,0.5417492389678955,True
Full,ct_query_gate_mean,40,1262,0.4259948378248751,0.22716613113880157,0.5430885553359985,True
Full,ct_query_gate_mean,41,1262,0.4222642197236773,0.22556424140930176,0.5340511202812195,True
Full,ct_query_gate_mean,42,1262,0.4239307659458245,0.19170483946800232,0.5405030846595764,True
Full,ct_query_gate_mean,43,1262,0.4253061742251724,0.25795114040374756,0.5444270372390747,True
Full,ct_query_gate_mean,44,1262,0.4238936323583976,0.20211194455623627,0.5365262031555176,True
Full,ct_query_gate_mean,45,1262,0.4239090895501634,0.21945956349372864,0.5460755825042725,True
Full,ct_query_gate_mean,46,1262,0.4226433884370157,0.2297813594341278,0.5449063181877136,True
Full,ct_query_gate_mean,47,1262,0.4246669245880871,0.25214940309524536,0.5382814407348633,True
Full,ct_query_gate_mean,48,1262,0.42516416142415697,0.24779917299747467,0.5363070964813232,True
Full,ct_query_gate_mean,49,1262,0.4246217321527741,0.231266587972641,0.5376777648925781,True
Full,ct_query_gate_mean,50,1262,0.42490979535549456,0.25472116470336914,0.5377836227416992,True
Full,ct_query_gate_mean,51,1262,0.42440283451990923,0.2552559971809387,0.5396665930747986,True
Full,ct_query_gate_mean,52,1262,0.4251500322186815,0.2222287356853485,0.540357768535614,True
Full,ct_query_gate_mean,53,1262,0.42430754697832934,0.22743487358093262,0.537725567817688,True
Full,ct_query_gate_mean,54,1262,0.42291744650827157,0.1924537867307663,0.5391945838928223,True
Full,ct_query_gate_mean,55,1262,0.42362278457819563,0.18645916879177094,0.5343227982521057,True
Full,ct_query_gate_mean,56,1262,0.42570939656530055,0.16577312350273132,0.5361718535423279,True
Full,ct_query_gate_mean,57,1262,0.4232097274244493,0.22413620352745056,0.5472561120986938,True
Full,ct_query_gate_mean,58,1262,0.4259438134623594,0.1918984353542328,0.5356038808822632,True
Full,ct_query_gate_mean,59,1262,0.42394506976173724,0.23391053080558777,0.538844883441925,True
Full,ct_query_gate_mean,60,1262,0.42421294288287636,0.2243654727935791,0.5423946380615234,True
Full,ct_query_shift_norm,1,1262,0.20923451458217604,0.03395362198352814,0.3533151149749756,True
Full,ct_query_shift_norm,2,1262,0.3142117387991511,0.1988740861415863,0.43322983384132385,True
Full,ct_query_shift_norm,3,1262,0.3461781815520935,0.21419252455234528,0.4575039744377136,True
Full,ct_query_shift_norm,4,1262,0.36987919223431365,0.22897019982337952,0.4780998229980469,True
Full,ct_query_shift_norm,5,1262,0.3768960292526357,0.23210516571998596,0.48126140236854553,True
Full,ct_query_shift_norm,6,1262,0.38653576231182285,0.24575838446617126,0.5044804811477661,True
Full,ct_query_shift_norm,7,1262,0.39298518183869907,0.26836097240448,0.5341713428497314,True
Full,ct_query_shift_norm,8,1262,0.39953078882157705,0.2736735939979553,0.5204241275787354,True
Full,ct_query_shift_norm,9,1262,0.4050081370017608,0.23060660064220428,0.5200436115264893,True
Full,ct_query_shift_norm,10,1262,0.41318140432781725,0.2929675579071045,0.5249114036560059,True
Full,ct_query_shift_norm,11,1262,0.41809861680785,0.27122122049331665,0.5289676189422607,True
Full,ct_query_shift_norm,12,1262,0.412388088373488,0.2920140326023102,0.5092160701751709,True
Full,ct_query_shift_norm,13,1262,0.4192126465580543,0.27059561014175415,0.5186784267425537,True
Full,ct_query_shift_norm,14,1262,0.4208759863856477,0.24815359711647034,0.5123691558837891,True
Full,ct_query_shift_norm,15,1262,0.42491581575522896,0.3009679317474365,0.5347392559051514,True
Full,ct_query_shift_norm,16,1262,0.4281465255562364,0.28495001792907715,0.5231101512908936,True
Full,ct_query_shift_norm,17,1262,0.4265075856598357,0.2510102689266205,0.5214509963989258,True
Full,ct_query_shift_norm,18,1262,0.4299232797511217,0.3099924623966217,0.5364824533462524,True
Full,ct_query_shift_norm,19,1262,0.43261023458512576,0.29338186979293823,0.5315345525741577,True
Full,ct_query_shift_norm,20,1262,0.4334242427500228,0.29011765122413635,0.5420926809310913,True
Full,ct_query_shift_norm,21,1262,0.4362013273401608,0.2943815588951111,0.531435489654541,True
Full,ct_query_shift_norm,22,1262,0.4332842528583886,0.3079316318035126,0.5404469966888428,True
Full,ct_query_shift_norm,23,1262,0.43532403278653103,0.28745073080062866,0.5260484218597412,True
Full,ct_query_shift_norm,24,1262,0.43560369874803845,0.27526187896728516,0.5338068008422852,True
Full,ct_query_shift_norm,25,1262,0.433560642831488,0.2933949828147888,0.5295113325119019,True
Full,ct_query_shift_norm,26,1262,0.43295987519522666,0.2998320460319519,0.5417881011962891,True
Full,ct_query_shift_norm,27,1262,0.43253938634119776,0.2862495183944702,0.5327173471450806,True
Full,ct_query_shift_norm,28,1262,0.43423808449894047,0.289810448884964,0.5324974060058594,True
Full,ct_query_shift_norm,29,1262,0.43481004157837144,0.28573209047317505,0.5224119424819946,True
Full,ct_query_shift_norm,30,1262,0.43302026483128453,0.2976790964603424,0.5329560041427612,True
Full,ct_query_shift_norm,31,1262,0.4335848618469979,0.30750441551208496,0.5271044969558716,True
Full,ct_query_shift_norm,32,1262,0.4340576635534903,0.2908343970775604,0.5277122259140015,True
Full,ct_query_shift_norm,33,1262,0.4342066352794363,0.29950660467147827,0.5337104201316833,True
Full,ct_query_shift_norm,34,1262,0.4317111294073084,0.2841576337814331,0.5385563969612122,True
Full,ct_query_shift_norm,35,1262,0.43176621706379953,0.26767197251319885,0.5326817035675049,True
Full,ct_query_shift_norm,36,1262,0.4330448850446193,0.2943588197231293,0.5448810458183289,True
Full,ct_query_shift_norm,37,1262,0.43469934599996557,0.29385262727737427,0.5402047634124756,True
Full,ct_query_shift_norm,38,1262,0.43335005414278116,0.3069177269935608,0.5396846532821655,True
Full,ct_query_shift_norm,39,1262,0.43396796555318845,0.2944561839103699,0.529979944229126,True
Full,ct_query_shift_norm,40,1262,0.43601209010261743,0.28675490617752075,0.5314408540725708,True
Full,ct_query_shift_norm,41,1262,0.432922618254051,0.2791133224964142,0.5329996347427368,True
Full,ct_query_shift_norm,42,1262,0.43431981441619466,0.2482093870639801,0.5356062650680542,True
Full,ct_query_shift_norm,43,1262,0.43539394532727366,0.3153846859931946,0.5404733419418335,True
Full,ct_query_shift_norm,44,1262,0.43452220047615975,0.2709701657295227,0.528744101524353,True
Full,ct_query_shift_norm,45,1262,0.43455597007331304,0.2902889847755432,0.5490257143974304,True
Full,ct_query_shift_norm,46,1262,0.43346302112101,0.2806597948074341,0.5414893627166748,True
Full,ct_query_shift_norm,47,1262,0.4351887551804919,0.2970370352268219,0.5395702123641968,True
Full,ct_query_shift_norm,48,1262,0.4356751956057435,0.2959989309310913,0.532372772693634,True
Full,ct_query_shift_norm,49,1262,0.4350426314891613,0.2894386351108551,0.5360338687896729,True
Full,ct_query_shift_norm,50,1262,0.435466409626929,0.3050132989883423,0.5348678231239319,True
Full,ct_query_shift_norm,51,1262,0.4347209470632904,0.2935025095939636,0.5348703861236572,True
Full,ct_query_shift_norm,52,1262,0.4353604301597728,0.2833715081214905,0.5291672348976135,True
Full,ct_query_shift_norm,53,1262,0.43493326291701684,0.2779974341392517,0.5366225838661194,True
Full,ct_query_shift_norm,54,1262,0.4338875898704665,0.2500752806663513,0.539251983165741,True
Full,ct_query_shift_norm,55,1262,0.43445730861128795,0.24475544691085815,0.5336482524871826,True
Full,ct_query_shift_norm,56,1262,0.4363433994506316,0.2393876016139984,0.5386359691619873,True
Full,ct_query_shift_norm,57,1262,0.43432505275292554,0.2811276912689209,0.550009548664093,True
Full,ct_query_shift_norm,58,1262,0.43665661477438056,0.25553005933761597,0.5356396436691284,True
Full,ct_query_shift_norm,59,1262,0.4351459179551779,0.2945525348186493,0.5335637927055359,True
Full,ct_query_shift_norm,60,1262,0.4354555045037564,0.27671852707862854,0.5394657850265503,True
Full,ct_raw_search_rmse,1,1262,0.8059923152089497,0.17343582212924957,2.8930957317352295,True
Full,ct_raw_search_rmse,2,1262,0.6522133958226338,0.17301344871520996,1.9972333908081055,True
Full,ct_raw_search_rmse,3,1262,0.6386179712773692,0.1708201766014099,2.0871810913085938,True
Full,ct_raw_search_rmse,4,1262,0.6263583431436596,0.16580529510974884,1.9350606203079224,True
Full,ct_raw_search_rmse,5,1262,0.6188988414860187,0.1498081088066101,2.3391690254211426,True
Full,ct_raw_search_rmse,6,1262,0.6201168712931088,0.15454864501953125,2.2075631618499756,True
Full,ct_raw_search_rmse,7,1262,0.6115628691322263,0.1481752097606659,1.8657968044281006,True
Full,ct_raw_search_rmse,8,1262,0.6115893818638782,0.14408239722251892,2.0231149196624756,True
Full,ct_raw_search_rmse,9,1262,0.6083860111182258,0.12396020442247391,2.213033437728882,True
Full,ct_raw_search_rmse,10,1262,0.6015483343563442,0.13719803094863892,2.219991445541382,True
Full,ct_raw_search_rmse,11,1262,0.5952116507570453,0.12662512063980103,1.7533555030822754,True
Full,ct_raw_search_rmse,12,1262,0.5891757453135,0.15646636486053467,2.309595823287964,True
Full,ct_raw_search_rmse,13,1262,0.5915287251092741,0.1183302104473114,2.384931802749634,True
Full,ct_raw_search_rmse,14,1262,0.5825416179766463,0.12045056372880936,1.8732030391693115,True
Full,ct_raw_search_rmse,15,1262,0.5701388079029539,0.08158452808856964,1.9813390970230103,True
Full,ct_raw_search_rmse,16,1262,0.5698435486260383,0.14819973707199097,2.1749749183654785,True
Full,ct_raw_search_rmse,17,1262,0.564280015482861,0.13982811570167542,1.7223515510559082,True
Full,ct_raw_search_rmse,18,1262,0.5718098374322742,0.11860305070877075,2.4533121585845947,True
Full,ct_raw_search_rmse,19,1262,0.568507512154651,0.13714760541915894,2.318690299987793,True
Full,ct_raw_search_rmse,20,1262,0.5757132699025319,0.11330678313970566,2.001739025115967,True
Full,ct_raw_search_rmse,21,1262,0.55737101835702,0.11904589831829071,2.0122883319854736,True
Full,ct_raw_search_rmse,22,1262,0.5493842370560166,0.13207796216011047,2.060683488845825,True
Full,ct_raw_search_rmse,23,1262,0.557138359265641,0.13360582292079926,1.869729995727539,True
Full,ct_raw_search_rmse,24,1262,0.5521083736523584,0.12342996895313263,1.9767086505889893,True
Full,ct_raw_search_rmse,25,1262,0.5421925994276812,0.11235816031694412,1.9276647567749023,True
Full,ct_raw_search_rmse,26,1262,0.5518914575315126,0.12672793865203857,2.020989418029785,True
Full,ct_raw_search_rmse,27,1262,0.548445983516811,0.11520253121852875,2.0689916610717773,True
Full,ct_raw_search_rmse,28,1262,0.5485389856193599,0.116147480905056,2.157217025756836,True
Full,ct_raw_search_rmse,29,1262,0.548078707276169,0.1280631124973297,2.004765748977661,True
Full,ct_raw_search_rmse,30,1262,0.5474582423061936,0.11237619817256927,1.8076846599578857,True
Full,ct_raw_search_rmse,31,1262,0.5438667886703026,0.1204516738653183,2.2579524517059326,True
Full,ct_raw_search_rmse,32,1262,0.5484484038751117,0.10762937366962433,1.9084551334381104,True
Full,ct_raw_search_rmse,33,1262,0.5536499573788628,0.10023155808448792,1.9221866130828857,True
Full,ct_raw_search_rmse,34,1262,0.5546171150204213,0.10155569016933441,2.0575101375579834,True
Full,ct_raw_search_rmse,35,1262,0.54616491929901,0.10791248083114624,2.16698956489563,True
Full,ct_raw_search_rmse,36,1262,0.5503096970391538,0.1364487111568451,2.0628232955932617,True
Full,ct_raw_search_rmse,37,1262,0.5417124361461013,0.13212095201015472,2.525623321533203,True
Full,ct_raw_search_rmse,38,1262,0.5545490213364316,0.1184471845626831,2.057173252105713,True
Full,ct_raw_search_rmse,39,1262,0.5473948424525571,0.11707930266857147,2.204564094543457,True
Full,ct_raw_search_rmse,40,1262,0.5482677122586881,0.12670014798641205,1.8577525615692139,True
Full,ct_raw_search_rmse,41,1262,0.5462845489087554,0.11124742031097412,2.2125437259674072,True
Full,ct_raw_search_rmse,42,1262,0.5510364343986364,0.07991751283407211,2.249861001968384,True
Full,ct_raw_search_rmse,43,1262,0.5467518056534738,0.1024632453918457,2.000277519226074,True
Full,ct_raw_search_rmse,44,1262,0.5424466289804212,0.11775793135166168,1.893532156944275,True
Full,ct_raw_search_rmse,45,1262,0.5433900863191972,0.11035016179084778,2.238276481628418,True
Full,ct_raw_search_rmse,46,1262,0.5466346259918152,0.1246751993894577,2.003002405166626,True
Full,ct_raw_search_rmse,47,1262,0.5429376803468411,0.12485532462596893,2.027740716934204,True
Full,ct_raw_search_rmse,48,1262,0.5413018380145641,0.11418323218822479,2.254403591156006,True
Full,ct_raw_search_rmse,49,1262,0.5431503061258283,0.10248562693595886,2.026419162750244,True
Full,ct_raw_search_rmse,50,1262,0.5386233912476835,0.13166555762290955,2.241624355316162,True
Full,ct_raw_search_rmse,51,1262,0.5474490065381474,0.11172733455896378,2.3285040855407715,True
Full,ct_raw_search_rmse,52,1262,0.548879466543532,0.09809798002243042,2.0864577293395996,True
Full,ct_raw_search_rmse,53,1262,0.5434828882656176,0.10415899753570557,2.0779662132263184,True
Full,ct_raw_search_rmse,54,1262,0.5460578728874588,0.1104011982679367,2.034694194793701,True
Full,ct_raw_search_rmse,55,1262,0.546713544542882,0.11605476588010788,1.9091665744781494,True
Full,ct_raw_search_rmse,56,1262,0.5430090873547949,0.10574549436569214,1.9491735696792603,True
Full,ct_raw_search_rmse,57,1262,0.5426754548661588,0.11682183295488358,1.9032002687454224,True
Full,ct_raw_search_rmse,58,1262,0.5432488786413817,0.12331853806972504,2.253429412841797,True
Full,ct_raw_search_rmse,59,1262,0.5459790483955441,0.10674723237752914,2.0486021041870117,True
Full,ct_raw_search_rmse,60,1262,0.545953615573006,0.11517336964607239,2.0280699729919434,True
Full,ct_router_gate_mean,1,1262,0.4354624876991599,0.03053363785147667,0.7795172929763794,True
Full,ct_router_gate_mean,2,1262,0.5257022806373904,0.30810344219207764,0.7139458656311035,True
Full,ct_router_gate_mean,3,1262,0.485670450088906,0.26490455865859985,0.6852019429206848,True
Full,ct_router_gate_mean,4,1262,0.46157047757067127,0.26514071226119995,0.6410343050956726,True
Full,ct_router_gate_mean,5,1262,0.4431740358212104,0.24409082531929016,0.5758262872695923,True
Full,ct_router_gate_mean,6,1262,0.4462724149510524,0.25444495677948,0.6234657764434814,True
Full,ct_router_gate_mean,7,1262,0.4376608026575551,0.2022908627986908,0.5953717231750488,True
Full,ct_router_gate_mean,8,1262,0.43183265331241105,0.20837679505348206,0.5872507691383362,True
Full,ct_router_gate_mean,9,1262,0.42698094647867746,0.25814294815063477,0.5835536122322083,True
Full,ct_router_gate_mean,10,1262,0.41517608726128535,0.212646946310997,0.5595754384994507,True
Full,ct_router_gate_mean,11,1262,0.4099941890562771,0.23613667488098145,0.5592105984687805,True
Full,ct_router_gate_mean,12,1262,0.4118124405291114,0.25127488374710083,0.5965704917907715,True
Full,ct_router_gate_mean,13,1262,0.41390858877526976,0.2290761023759842,0.6110571622848511,True
Full,ct_router_gate_mean,14,1262,0.40013051919768994,0.18536779284477234,0.6164864897727966,True
Full,ct_router_gate_mean,15,1262,0.3982140932190815,0.21859267354011536,0.6205627918243408,True
Full,ct_router_gate_mean,16,1262,0.3883773761959348,0.20650386810302734,0.5550318956375122,True
Full,ct_router_gate_mean,17,1262,0.39248539745902106,0.2392386943101883,0.5708572268486023,True
Full,ct_router_gate_mean,18,1262,0.3797519927144806,0.19567114114761353,0.5432181358337402,True
Full,ct_router_gate_mean,19,1262,0.3866492227050468,0.15508133172988892,0.531507134437561,True
Full,ct_router_gate_mean,20,1262,0.38596728374434724,0.22273769974708557,0.5446743965148926,True
Full,ct_router_gate_mean,21,1262,0.34451744804622253,0.15270745754241943,0.48823603987693787,True
Full,ct_router_gate_mean,22,1262,0.32694954791131375,0.1518552005290985,0.5232750177383423,True
Full,ct_router_gate_mean,23,1262,0.31630718990239404,0.17370882630348206,0.4428103566169739,True
Full,ct_router_gate_mean,24,1262,0.3174161853035543,0.14569005370140076,0.4520326256752014,True
Full,ct_router_gate_mean,25,1262,0.3140174183646208,0.1750003695487976,0.42848020792007446,True
Full,ct_router_gate_mean,26,1262,0.3126950760367555,0.13585041463375092,0.4421505331993103,True
Full,ct_router_gate_mean,27,1262,0.31103366449262754,0.1512049436569214,0.5038540363311768,True
Full,ct_router_gate_mean,28,1262,0.30359231557832844,0.15106970071792603,0.4406745433807373,True
Full,ct_router_gate_mean,29,1262,0.3098976043674345,0.16643089056015015,0.4495471119880676,True
Full,ct_router_gate_mean,30,1262,0.3047297949269532,0.17736227810382843,0.41874703764915466,True
Full,ct_router_gate_mean,31,1262,0.30230745385074764,0.15032881498336792,0.41900724172592163,True
Full,ct_router_gate_mean,32,1262,0.29679056745843163,0.16295748949050903,0.4065379202365875,True
Full,ct_router_gate_mean,33,1262,0.298732113866534,0.13296151161193848,0.4576336145401001,True
Full,ct_router_gate_mean,34,1262,0.300249774380928,0.17131096124649048,0.42909690737724304,True
Full,ct_router_gate_mean,35,1262,0.29768907334271777,0.15450575947761536,0.40373098850250244,True
Full,ct_router_gate_mean,36,1262,0.2937747649671347,0.15234608948230743,0.39619216322898865,True
Full,ct_router_gate_mean,37,1262,0.2984379045842378,0.1761203408241272,0.42724087834358215,True
Full,ct_router_gate_mean,38,1262,0.29202279142692994,0.16192969679832458,0.39890193939208984,True
Full,ct_router_gate_mean,39,1262,0.2878796584821541,0.15597105026245117,0.3784208297729492,True
Full,ct_router_gate_mean,40,1262,0.28813823806077665,0.16317550837993622,0.3880811929702759,True
Full,ct_router_gate_mean,41,1262,0.2931436803162381,0.14235833287239075,0.39839109778404236,True
Full,ct_router_gate_mean,42,1262,0.29084971922607694,0.1463034749031067,0.4585028886795044,True
Full,ct_router_gate_mean,43,1262,0.2896995012029982,0.15647056698799133,0.40717488527297974,True
Full,ct_router_gate_mean,44,1262,0.2882052110818033,0.13995461165905,0.3970918357372284,True
Full,ct_router_gate_mean,45,1262,0.2873023358039357,0.15844157338142395,0.39117783308029175,True
Full,ct_router_gate_mean,46,1262,0.28659334372605083,0.14488674700260162,0.40646639466285706,True
Full,ct_router_gate_mean,47,1262,0.2855553814046167,0.15414294600486755,0.3987172245979309,True
Full,ct_router_gate_mean,48,1262,0.28435254617698974,0.16356275975704193,0.40061527490615845,True
Full,ct_router_gate_mean,49,1262,0.28352815755856964,0.14643821120262146,0.3914583623409271,True
Full,ct_router_gate_mean,50,1262,0.2838045533291889,0.15223371982574463,0.38912779092788696,True
Full,ct_router_gate_mean,51,1262,0.2825572889906291,0.1393071711063385,0.40543249249458313,True
Full,ct_router_gate_mean,52,1262,0.28199387908501405,0.16535362601280212,0.398384153842926,True
Full,ct_router_gate_mean,53,1262,0.28042648789338565,0.15698106586933136,0.38153332471847534,True
Full,ct_router_gate_mean,54,1262,0.28063390337863553,0.12972059845924377,0.38303300738334656,True
Full,ct_router_gate_mean,55,1262,0.2805033401127096,0.13863138854503632,0.3927357792854309,True
Full,ct_router_gate_mean,56,1262,0.27959738863062367,0.16552121937274933,0.41082000732421875,True
Full,ct_router_gate_mean,57,1262,0.27860025099217417,0.15983325242996216,0.39245113730430603,True
Full,ct_router_gate_mean,58,1262,0.2783942411811624,0.07497575134038925,0.3747813105583191,True
Full,ct_router_gate_mean,59,1262,0.27804262100138866,0.157374769449234,0.36860164999961853,True
Full,ct_router_gate_mean,60,1262,0.27653513502819604,0.1651558130979538,0.376209020614624,True
Full,ct_search_baseline_points_mean,1,1262,346.14931656101425,11.1875,1577.125,True
Full,ct_search_baseline_points_mean,2,1262,344.360736925515,16.0,2122.8125,True
Full,ct_search_baseline_points_mean,3,1262,349.0359548335975,11.8125,1925.125,True
Full,ct_search_baseline_points_mean,4,1262,342.6906200475436,16.0,1731.3125,True
Full,ct_search_baseline_points_mean,5,1262,348.517779318542,12.9375,1553.6875,True
Full,ct_search_baseline_points_mean,6,1262,348.65773573692553,8.25,2123.25,True
Full,ct_search_baseline_points_mean,7,1262,351.83196315372425,18.8125,2676.25,True
Full,ct_search_baseline_points_mean,8,1262,343.19933637083994,18.25,1719.375,True
Full,ct_search_baseline_points_mean,9,1262,347.6041006339144,8.875,1749.625,True
Full,ct_search_baseline_points_mean,10,1262,348.1769512678288,12.1875,1900.125,True
Full,ct_search_baseline_points_mean,11,1262,338.915412044374,16.125,2087.25,True
Full,ct_search_baseline_points_mean,12,1262,347.3091323296355,15.5,2146.4375,True
Full,ct_search_baseline_points_mean,13,1262,354.0367967511886,14.375,1855.5625,True
Full,ct_search_baseline_points_mean,14,1262,343.72994255150553,13.8125,2266.0625,True
Full,ct_search_baseline_points_mean,15,1262,344.21652139461173,12.625,1652.4375,True
Full,ct_search_baseline_points_mean,16,1262,346.7264758320127,17.9375,1709.1875,True
Full,ct_search_baseline_points_mean,17,1262,342.2254358161648,16.5,1686.4375,True
Full,ct_search_baseline_points_mean,18,1262,340.28749009508715,13.6875,1816.0,True
Full,ct_search_baseline_points_mean,19,1262,337.51059825673536,19.9375,1497.75,True
Full,ct_search_baseline_points_mean,20,1262,347.21919572107765,14.875,1765.375,True
Full,ct_search_baseline_points_mean,21,1262,347.06106378763866,12.875,2067.8125,True
Full,ct_search_baseline_points_mean,22,1262,349.87940768621235,16.8125,1727.0625,True
Full,ct_search_baseline_points_mean,23,1262,334.7757527733756,9.4375,1801.9375,True
Full,ct_search_baseline_points_mean,24,1262,351.51659072900156,12.0625,1699.0625,True
Full,ct_search_baseline_points_mean,25,1262,344.1336667987322,18.75,2088.5,True
Full,ct_search_baseline_points_mean,26,1262,342.1988906497623,10.625,1712.3125,True
Full,ct_search_baseline_points_mean,27,1262,346.86043977812994,19.375,1967.875,True
Full,ct_search_baseline_points_mean,28,1262,343.1517432646593,14.625,1839.4375,True
Full,ct_search_baseline_points_mean,29,1262,347.6053882725832,20.5625,1613.6875,True
Full,ct_search_baseline_points_mean,30,1262,338.16224247226626,12.8125,1886.375,True
Full,ct_search_baseline_points_mean,31,1262,341.59043185419966,7.5,1905.125,True
Full,ct_search_baseline_points_mean,32,1262,346.00747820919173,10.6875,2185.1875,True
Full,ct_search_baseline_points_mean,33,1262,344.4723652931854,11.5625,1900.3125,True
Full,ct_search_baseline_points_mean,34,1262,348.51366877971475,18.8125,1910.4375,True
Full,ct_search_baseline_points_mean,35,1262,349.96369849445324,12.5,1961.6875,True
Full,ct_search_baseline_points_mean,36,1262,347.9215035657686,21.4375,1847.125,True
Full,ct_search_baseline_points_mean,37,1262,350.158131933439,11.5625,2101.3125,True
Full,ct_search_baseline_points_mean,38,1262,346.98999603803486,19.0625,1532.1875,True
Full,ct_search_baseline_points_mean,39,1262,339.71711568938196,14.0625,1854.5,True
Full,ct_search_baseline_points_mean,40,1262,342.5891937400951,14.75,1887.1875,True
Full,ct_search_baseline_points_mean,41,1262,346.4660756735341,7.0625,2128.75,True
Full,ct_search_baseline_points_mean,42,1262,338.82245443740095,15.5625,1601.6875,True
Full,ct_search_baseline_points_mean,43,1262,347.9871236133122,12.875,1478.75,True
Full,ct_search_baseline_points_mean,44,1262,347.9783577654517,14.625,1696.0625,True
Full,ct_search_baseline_points_mean,45,1262,343.3213648969889,17.3125,2048.5625,True
Full,ct_search_baseline_points_mean,46,1262,345.40956814580034,11.125,2280.5625,True
Full,ct_search_baseline_points_mean,47,1262,346.73271592709983,10.5,2382.875,True
Full,ct_search_baseline_points_mean,48,1262,340.79313589540413,9.25,1856.4375,True
Full,ct_search_baseline_points_mean,49,1262,352.0777040412044,11.8125,2412.8125,True
Full,ct_search_baseline_points_mean,50,1262,343.5927595087163,18.6875,2031.625,True
Full,ct_search_baseline_points_mean,51,1262,351.2166699683043,13.5,2182.375,True
Full,ct_search_baseline_points_mean,52,1262,345.56943343898575,12.125,1548.25,True
Full,ct_search_baseline_points_mean,53,1262,349.3856973058637,16.625,1685.1875,True
Full,ct_search_baseline_points_mean,54,1262,343.61123217115687,12.125,2129.3125,True
Full,ct_search_baseline_points_mean,55,1262,346.00534865293184,9.0,1988.375,True
Full,ct_search_baseline_points_mean,56,1262,352.7251881933439,21.5625,2241.9375,True
Full,ct_search_baseline_points_mean,57,1262,345.36009310618067,12.4375,1831.8125,True
Full,ct_search_baseline_points_mean,58,1262,350.3226030110935,16.0625,2005.6875,True
Full,ct_search_baseline_points_mean,59,1262,349.1655110935024,17.0,2127.1875,True
Full,ct_search_baseline_points_mean,60,1262,351.7272187004754,18.5625,1872.9375,True
Full,ct_search_expansion_points_mean,1,1262,33.70136687797147,0.0,453.4375,True
Full,ct_search_expansion_points_mean,2,1262,33.22508914421553,0.0,348.5,True
Full,ct_search_expansion_points_mean,3,1262,33.516442155309036,0.0,398.1875,True
Full,ct_search_expansion_points_mean,4,1262,34.29927694136292,0.0,392.1875,True
Full,ct_search_expansion_points_mean,5,1262,34.2993264659271,0.0,424.0,True
Full,ct_search_expansion_points_mean,6,1262,33.46800713153724,0.0,281.8125,True
Full,ct_search_expansion_points_mean,7,1262,33.97989302694136,0.0,340.625,True
Full,ct_search_expansion_points_mean,8,1262,33.64936608557845,0.0,332.875,True
Full,ct_search_expansion_points_mean,9,1262,33.097315768621236,0.0,321.0,True
Full,ct_search_expansion_points_mean,10,1262,33.94032290015848,0.0,416.0625,True
Full,ct_search_expansion_points_mean,11,1262,33.57666402535658,0.0,274.625,True
Full,ct_search_expansion_points_mean,12,1262,33.5496236133122,0.0,379.6875,True
Full,ct_search_expansion_points_mean,13,1262,33.756388668779714,0.0,403.3125,True
Full,ct_search_expansion_points_mean,14,1262,34.50049524564184,0.0,314.0,True
Full,ct_search_expansion_points_mean,15,1262,34.35167393026941,0.0625,384.6875,True
Full,ct_search_expansion_points_mean,16,1262,33.764263074484944,0.0,370.5625,True
Full,ct_search_expansion_points_mean,17,1262,35.00133716323296,0.0,302.5625,True
Full,ct_search_expansion_points_mean,18,1262,33.048385499207605,0.0,309.875,True
Full,ct_search_expansion_points_mean,19,1262,33.96191561014263,0.0,515.9375,True
Full,ct_search_expansion_points_mean,20,1262,34.40600237717908,0.0,341.875,True
Full,ct_search_expansion_points_mean,21,1262,33.866828446909665,0.0,355.25,True
Full,ct_search_expansion_points_mean,22,1262,33.62485142630745,0.0,371.8125,True
Full,ct_search_expansion_points_mean,23,1262,33.60469492868463,0.0,287.6875,True
Full,ct_search_expansion_points_mean,24,1262,34.68898573692552,0.0,342.9375,True
Full,ct_search_expansion_points_mean,25,1262,33.76109350237718,0.0,449.9375,True
Full,ct_search_expansion_points_mean,26,1262,33.74148177496038,0.0,348.9375,True
Full,ct_search_expansion_points_mean,27,1262,34.79120443740095,0.0,412.5,True
Full,ct_search_expansion_points_mean,28,1262,33.0888470681458,0.0,299.4375,True
Full,ct_search_expansion_points_mean,29,1262,33.94175911251981,0.0,375.875,True
Full,ct_search_expansion_points_mean,30,1262,34.344195721077654,0.0,366.5625,True
Full,ct_search_expansion_points_mean,31,1262,33.302991283676704,0.0,339.1875,True
Full,ct_search_expansion_points_mean,32,1262,33.14030309033281,0.0,480.3125,True
Full,ct_search_expansion_points_mean,33,1262,33.77392036450079,0.0,405.375,True
Full,ct_search_expansion_points_mean,34,1262,33.439332408874805,0.0,303.875,True
Full,ct_search_expansion_points_mean,35,1262,34.79125396196513,0.0,295.375,True
Full,ct_search_expansion_points_mean,36,1262,33.82993264659271,0.0,319.5,True
Full,ct_search_expansion_points_mean,37,1262,34.23261687797147,0.0,321.0,True
Full,ct_search_expansion_points_mean,38,1262,34.1988411251981,0.0,348.4375,True
Full,ct_search_expansion_points_mean,39,1262,34.29556259904913,0.0,464.1875,True
Full,ct_search_expansion_points_mean,40,1262,33.676307448494455,0.0,328.0,True
Full,ct_search_expansion_points_mean,41,1262,32.58716323296355,0.0,317.1875,True
Full,ct_search_expansion_points_mean,42,1262,33.17100832012678,0.0,288.8125,True
Full,ct_search_expansion_points_mean,43,1262,34.50708201267829,0.0,351.25,True
Full,ct_search_expansion_points_mean,44,1262,33.68690570522979,0.0,528.4375,True
Full,ct_search_expansion_points_mean,45,1262,33.65124801901743,0.0,335.375,True
Full,ct_search_expansion_points_mean,46,1262,33.75188193343899,0.0,281.0625,True
Full,ct_search_expansion_points_mean,47,1262,33.991085578446906,0.0,556.5625,True
Full,ct_search_expansion_points_mean,48,1262,33.917046354992074,0.0,368.125,True
Full,ct_search_expansion_points_mean,49,1262,33.82205824088748,0.0,350.8125,True
Full,ct_search_expansion_points_mean,50,1262,33.54893026941363,0.0625,297.5,True
Full,ct_search_expansion_points_mean,51,1262,33.34855388272583,0.0,380.4375,True
Full,ct_search_expansion_points_mean,52,1262,33.78961965134707,0.0,329.0625,True
Full,ct_search_expansion_points_mean,53,1262,33.93814381933439,0.0,296.375,True
Full,ct_search_expansion_points_mean,54,1262,33.67789223454834,0.0,350.5625,True
Full,ct_search_expansion_points_mean,55,1262,34.257577258320126,0.125,314.3125,True
Full,ct_search_expansion_points_mean,56,1262,34.598454833597465,0.0,427.375,True
Full,ct_search_expansion_points_mean,57,1262,32.99618660855784,0.0,440.875,True
Full,ct_search_expansion_points_mean,58,1262,33.82686212361331,0.0,304.625,True
Full,ct_search_expansion_points_mean,59,1262,34.474247226624406,0.0,344.5,True
Full,ct_search_expansion_points_mean,60,1262,33.95805269413629,0.0,378.8125,True
Full,ct_search_expansion_ratio_mean,1,1262,0.01331809356737817,0.0,0.052490234375,True
Full,ct_search_expansion_ratio_mean,2,1262,0.013001213738733162,0.0,0.04339599609375,True
Full,ct_search_expansion_ratio_mean,3,1262,0.013167536957706023,0.0,0.0467529296875,True
Full,ct_search_expansion_ratio_mean,4,1262,0.013164731855437798,0.0,0.052978515625,True
Full,ct_search_expansion_ratio_mean,5,1262,0.013084254438639064,0.0,0.04132080078125,True
Full,ct_search_expansion_ratio_mean,6,1262,0.012961797215481378,0.0,0.04473876953125,True
Full,ct_search_expansion_ratio_mean,7,1262,0.013238921974049129,0.0,0.0531005859375,True
Full,ct_search_expansion_ratio_mean,8,1262,0.013083480617323692,0.0,0.0531005859375,True
Full,ct_search_expansion_ratio_mean,9,1262,0.01322097899229893,0.0,0.04339599609375,True
Full,ct_search_expansion_ratio_mean,10,1262,0.012993765708572701,0.0,0.04296875,True
Full,ct_search_expansion_ratio_mean,11,1262,0.013097215945671554,0.0,0.04852294921875,True
Full,ct_search_expansion_ratio_mean,12,1262,0.013048852113460777,0.0,0.041748046875,True
Full,ct_search_expansion_ratio_mean,13,1262,0.013238970337881338,0.0,0.0474853515625,True
Full,ct_search_expansion_ratio_mean,14,1262,0.013116658206220285,0.0,0.04754638671875,True
Full,ct_search_expansion_ratio_mean,15,1262,0.013189252318368662,0.0,0.0400390625,True
Full,ct_search_expansion_ratio_mean,16,1262,0.01323277976735836,0.0,0.04888916015625,True
Full,ct_search_expansion_ratio_mean,17,1262,0.013216868066561015,0.0,0.0518798828125,True
Full,ct_search_expansion_ratio_mean,18,1262,0.012992314793606378,0.0,0.05218505859375,True
Full,ct_search_expansion_ratio_mean,19,1262,0.013176822813490491,0.0,0.051513671875,True
Full,ct_search_expansion_ratio_mean,20,1262,0.01333990565570523,0.0,0.0491943359375,True
Full,ct_search_expansion_ratio_mean,21,1262,0.013072792210405111,0.0,0.04974365234375,True
Full,ct_search_expansion_ratio_mean,22,1262,0.012989122780680467,0.0,0.04150390625,True
Full,ct_search_expansion_ratio_mean,23,1262,0.013057509239426505,0.0,0.04656982421875,True
Full,ct_search_expansion_ratio_mean,24,1262,0.013214594966447108,0.0,0.044677734375,True
Full,ct_search_expansion_ratio_mean,25,1262,0.01304595028352813,0.0,0.04559326171875,True
Full,ct_search_expansion_ratio_mean,26,1262,0.01298240020800317,0.0,0.05194091796875,True
Full,ct_search_expansion_ratio_mean,27,1262,0.013190945052496038,0.0,0.046630859375,True
Full,ct_search_expansion_ratio_mean,28,1262,0.013133972458151743,0.0,0.05035400390625,True
Full,ct_search_expansion_ratio_mean,29,1262,0.013305422243338945,0.0,0.04803466796875,True
Full,ct_search_expansion_ratio_mean,30,1262,0.013112402188985737,0.0,0.04547119140625,True
Full,ct_search_expansion_ratio_mean,31,1262,0.013076419497820919,0.0,0.0426025390625,True
Full,ct_search_expansion_ratio_mean,32,1262,0.013033665870146594,0.0,0.05206298828125,True
Full,ct_search_expansion_ratio_mean,33,1262,0.013204293470186212,0.0,0.043701171875,True
Full,ct_search_expansion_ratio_mean,34,1262,0.013236358690941957,0.0,0.0498046875,True
Full,ct_search_expansion_ratio_mean,35,1262,0.013220688809305665,0.0,0.0517578125,True
Full,ct_search_expansion_ratio_mean,36,1262,0.01300106864723653,0.0,0.0479736328125,True
Full,ct_search_expansion_ratio_mean,37,1262,0.013078740961767036,0.0,0.05316162109375,True
Full,ct_search_expansion_ratio_mean,38,1262,0.013172663523920365,0.0,0.04937744140625,True
Full,ct_search_expansion_ratio_mean,39,1262,0.013269342824509707,0.0,0.04193115234375,True
Full,ct_search_expansion_ratio_mean,40,1262,0.013139292479694928,0.0,0.044677734375,True
Full,ct_search_expansion_ratio_mean,41,1262,0.012914739206740293,0.0,0.0440673828125,True
Full,ct_search_expansion_ratio_mean,42,1262,0.013114046559280904,0.0,0.04632568359375,True
Full,ct_search_expansion_ratio_mean,43,1262,0.013130877172890253,0.0,0.0489501953125,True
Full,ct_search_expansion_ratio_mean,44,1262,0.012985930767754556,0.0,0.0426025390625,True
Full,ct_search_expansion_ratio_mean,45,1262,0.013047691381487718,0.0,0.0506591796875,True
Full,ct_search_expansion_ratio_mean,46,1262,0.01322093062846672,0.0,0.0465087890625,True
Full,ct_search_expansion_ratio_mean,47,1262,0.013050689939084786,0.0,0.0487060546875,True
Full,ct_search_expansion_ratio_mean,48,1262,0.013249755472464342,0.0,0.04364013671875,True
Full,ct_search_expansion_ratio_mean,49,1262,0.013266634449905904,0.0,0.05181884765625,True
Full,ct_search_expansion_ratio_mean,50,1262,0.013051367032735737,0.0,0.0430908203125,True
Full,ct_search_expansion_ratio_mean,51,1262,0.013097844675490293,0.0,0.0484619140625,True
Full,ct_search_expansion_ratio_mean,52,1262,0.013181465741382726,0.0,0.04364013671875,True
Full,ct_search_expansion_ratio_mean,53,1262,0.013242742716793779,0.0,0.05230712890625,True
Full,ct_search_expansion_ratio_mean,54,1262,0.013130296806903724,0.0,0.04730224609375,True
Full,ct_search_expansion_ratio_mean,55,1262,0.013024912016516442,0.0,0.0523681640625,True
Full,ct_search_expansion_ratio_mean,56,1262,0.01308144933637084,0.0,0.04498291015625,True
Full,ct_search_expansion_ratio_mean,57,1262,0.013100214503268622,0.0,0.05029296875,True
Full,ct_search_expansion_ratio_mean,58,1262,0.012987043135895405,0.0,0.0484619140625,True
Full,ct_search_expansion_ratio_mean,59,1262,0.01341095212522286,0.0,0.04327392578125,True
Full,ct_search_expansion_ratio_mean,60,1262,0.013218028798534074,0.0,0.05560302734375,True
Full,ct_search_used_mean,1,1262,0.25921156893819336,0.0,0.8125,True
Full,ct_search_used_mean,2,1262,0.2549029318541997,0.0,0.625,True
Full,ct_search_used_mean,3,1262,0.25797345483359746,0.0,0.625,True
Full,ct_search_used_mean,4,1262,0.2566362916006339,0.0,0.625,True
Full,ct_search_used_mean,5,1262,0.25539817749603805,0.0,0.625,True
Full,ct_search_used_mean,6,1262,0.2557448494453249,0.0,0.6875,True
Full,ct_search_used_mean,7,1262,0.25782488114104596,0.0,0.75,True
Full,ct_search_used_mean,8,1262,0.2558934231378764,0.0,0.625,True
Full,ct_search_used_mean,9,1262,0.25921156893819336,0.0,0.625,True
Full,ct_search_used_mean,10,1262,0.2560419968304279,0.0,0.625,True
Full,ct_search_used_mean,11,1262,0.25643819334389856,0.0,0.625,True
Full,ct_search_used_mean,12,1262,0.25767630744849446,0.0,0.625,True
Full,ct_search_used_mean,13,1262,0.26084587955625993,0.0,0.75,True
Full,ct_search_used_mean,14,1262,0.2575772583201268,0.0,0.6875,True
Full,ct_search_used_mean,15,1262,0.25782488114104596,0.0,0.625,True
Full,ct_search_used_mean,16,1262,0.2566858161648177,0.0,0.625,True
Full,ct_search_used_mean,17,1262,0.2568343898573692,0.0,0.75,True
Full,ct_search_used_mean,18,1262,0.2566858161648177,0.0,0.625,True
Full,ct_search_used_mean,19,1262,0.25866679873217113,0.0,0.6875,True
Full,ct_search_used_mean,20,1262,0.25708201267828845,0.0,0.6875,True
Full,ct_search_used_mean,21,1262,0.2573296354992076,0.0,0.5625,True
Full,ct_search_used_mean,22,1262,0.2549029318541997,0.0,0.625,True
Full,ct_search_used_mean,23,1262,0.25495245641838354,0.0,0.625,True
Full,ct_search_used_mean,24,1262,0.2580229793977813,0.0,0.75,True
Full,ct_search_used_mean,25,1262,0.25693343898573695,0.0,0.625,True
Full,ct_search_used_mean,26,1262,0.2558934231378764,0.0,0.625,True
Full,ct_search_used_mean,27,1262,0.25614104595879555,0.0,0.625,True
Full,ct_search_used_mean,28,1262,0.2559429477020602,0.0,0.625,True
Full,ct_search_used_mean,29,1262,0.25866679873217113,0.0,0.625,True
Full,ct_search_used_mean,30,1262,0.2587658478605388,0.0,0.6875,True
Full,ct_search_used_mean,31,1262,0.25584389857369255,0.0,0.625,True
Full,ct_search_used_mean,32,1262,0.2561905705229794,0.0,0.6875,True
Full,ct_search_used_mean,33,1262,0.2571315372424723,0.0,0.6875,True
Full,ct_search_used_mean,34,1262,0.2573296354992076,0.0,0.625,True
Full,ct_search_used_mean,35,1262,0.2571810618066561,0.0,0.625,True
Full,ct_search_used_mean,36,1262,0.25312004754358164,0.0,0.625,True
Full,ct_search_used_mean,37,1262,0.2571810618066561,0.0,0.625,True
Full,ct_search_used_mean,38,1262,0.2583201267828843,0.0,0.625,True
Full,ct_search_used_mean,39,1262,0.2580229793977813,0.0,0.625,True
Full,ct_search_used_mean,40,1262,0.25841917591125196,0.0,0.625,True
Full,ct_search_used_mean,41,1262,0.2551505546751189,0.0,0.625,True
Full,ct_search_used_mean,42,1262,0.2557448494453249,0.0,0.6875,True
Full,ct_search_used_mean,43,1262,0.2578744057052298,0.0,0.75,True
Full,ct_search_used_mean,44,1262,0.2544076862123613,0.0,0.625,True
Full,ct_search_used_mean,45,1262,0.2566362916006339,0.0,0.625,True
Full,ct_search_used_mean,46,1262,0.2580229793977813,0.0,0.6875,True
Full,ct_search_used_mean,47,1262,0.25723058637083995,0.0,0.625,True
Full,ct_search_used_mean,48,1262,0.25980586370839936,0.0,0.6875,True
Full,ct_search_used_mean,49,1262,0.2575772583201268,0.0,0.625,True
Full,ct_search_used_mean,50,1262,0.2559429477020602,0.0,0.625,True
Full,ct_search_used_mean,51,1262,0.2568343898573692,0.0,0.625,True
Full,ct_search_used_mean,52,1262,0.25767630744849446,0.0,0.6875,True
Full,ct_search_used_mean,53,1262,0.25822107765451663,0.0,0.625,True
Full,ct_search_used_mean,54,1262,0.2575772583201268,0.0,0.625,True
Full,ct_search_used_mean,55,1262,0.25737916006339145,0.0,0.625,True
Full,ct_search_used_mean,56,1262,0.2568343898573692,0.0,0.625,True
Full,ct_search_used_mean,57,1262,0.25812202852614896,0.0,0.625,True
Full,ct_search_used_mean,58,1262,0.2568343898573692,0.0,0.6875,True
Full,ct_search_used_mean,59,1262,0.26119255150554677,0.0,0.625,True
Full,ct_search_used_mean,60,1262,0.25856774960380347,0.0,0.6875,True
Full,loss_angle_aux,1,1262,0.0388102935609207,0.001237470773048699,0.3421633243560791,True
Full,loss_angle_aux,2,1262,0.003978349093121599,0.0005804818938486278,0.01903204619884491,True
Full,loss_angle_aux,3,1262,0.0023500346789210695,0.0002545724855735898,0.014728656969964504,True
Full,loss_angle_aux,4,1262,0.001845301745696788,0.00022743317822460085,0.016949085518717766,True
Full,loss_angle_aux,5,1262,0.0016191988749889525,0.00019757678091991693,0.01235068030655384,True
Full,loss_angle_aux,6,1262,0.0013700751313545244,0.00015109474770724773,0.011637033894658089,True
Full,loss_angle_aux,7,1262,0.0012487151939751674,7.479980558855459e-05,0.011345007456839085,True
Full,loss_angle_aux,8,1262,0.001191747945528304,6.43770326860249e-05,0.013839004561305046,True
Full,loss_angle_aux,9,1262,0.001101568043038938,0.00011573105439310893,0.010620484128594398,True
Full,loss_angle_aux,10,1262,0.0010647785298706814,8.06494863354601e-05,0.011127592995762825,True
Full,loss_angle_aux,11,1262,0.0009389407519435509,6.376307283062488e-05,0.017773514613509178,True
Full,loss_angle_aux,12,1262,0.0009704696751989664,6.672382005490363e-05,0.012400045990943909,True
Full,loss_angle_aux,13,1262,0.0008521803921801781,5.532923023565672e-05,0.010597026906907558,True
Full,loss_angle_aux,14,1262,0.000822158372485822,8.421660459134728e-05,0.010096728801727295,True
Full,loss_angle_aux,15,1262,0.0008948626706927661,7.280486897798255e-05,0.015482360497117043,True
Full,loss_angle_aux,16,1262,0.0007488629463957674,7.438477041432634e-05,0.016416914761066437,True
Full,loss_angle_aux,17,1262,0.00072117867539087,7.098098285496235e-05,0.00940972100943327,True
Full,loss_angle_aux,18,1262,0.0007369333290017695,7.595015631522983e-05,0.011512408964335918,True
Full,loss_angle_aux,19,1262,0.0007286273325636072,6.505507190013304e-05,0.01277104765176773,True
Full,loss_angle_aux,20,1262,0.0007056213259203118,4.6383796870941296e-05,0.009219076484441757,True
Full,loss_angle_aux,21,1262,0.00035278720203120147,5.6827469961717725e-05,0.008967429399490356,True
Full,loss_angle_aux,22,1262,0.0003295757570181058,3.311787804705091e-05,0.008060227148234844,True
Full,loss_angle_aux,23,1262,0.0003315897548561128,4.617575541487895e-05,0.008293175138533115,True
Full,loss_angle_aux,24,1262,0.0003163225199490721,2.5477755116298795e-05,0.0066767241805791855,True
Full,loss_angle_aux,25,1262,0.0003246560293975906,4.9277532525593415e-05,0.0095618711784482,True
Full,loss_angle_aux,26,1262,0.00031661188965084237,2.7239051632932387e-05,0.007364056073129177,True
Full,loss_angle_aux,27,1262,0.0003103533244722969,3.544816718203947e-05,0.006856632884591818,True
Full,loss_angle_aux,28,1262,0.0003020677293782304,3.500754974083975e-05,0.007343799341470003,True
Full,loss_angle_aux,29,1262,0.0002890228036617755,4.569872180582024e-05,0.006043652072548866,True
Full,loss_angle_aux,30,1262,0.00030028015149156,3.397069303900935e-05,0.008221465162932873,True
Full,loss_angle_aux,31,1262,0.0002986169143932698,4.646584056899883e-05,0.006076585501432419,True
Full,loss_angle_aux,32,1262,0.0002850310643881201,3.528878733050078e-05,0.006158598233014345,True
Full,loss_angle_aux,33,1262,0.00029456948335742814,4.4456661271397024e-05,0.004871017299592495,True
Full,loss_angle_aux,34,1262,0.00029470998095740524,3.5973600461147726e-05,0.005807203706353903,True
Full,loss_angle_aux,35,1262,0.00027663805660625284,2.7247395337326452e-05,0.005065584089607,True
Full,loss_angle_aux,36,1262,0.00028774148560579824,2.7848514946526848e-05,0.006229935213923454,True
Full,loss_angle_aux,37,1262,0.00027788717498387623,3.9463062421418726e-05,0.00652872072532773,True
Full,loss_angle_aux,38,1262,0.0002847029098353901,3.232062590541318e-05,0.0059483968652784824,True
Full,loss_angle_aux,39,1262,0.0002677779174851899,3.4439683076925576e-05,0.005517442245036364,True
Full,loss_angle_aux,40,1262,0.0002744800535628606,2.963464430649765e-05,0.005940998438745737,True
Full,loss_angle_aux,41,1262,0.000248157103031135,2.7911857614526525e-05,0.005094426684081554,True
Full,loss_angle_aux,42,1262,0.00025006132527374814,4.0028258808888495e-05,0.004967939108610153,True
Full,loss_angle_aux,43,1262,0.00024538810397522755,3.0678838811581954e-05,0.0041641974821686745,True
Full,loss_angle_aux,44,1262,0.0002485855972365889,3.701581954373978e-05,0.008330450393259525,True
Full,loss_angle_aux,45,1262,0.00025263597760664074,3.774069045903161e-05,0.006157107651233673,True
Full,loss_angle_aux,46,1262,0.0002637256132354834,3.867763007292524e-05,0.00627609109506011,True
Full,loss_angle_aux,47,1262,0.0002439493808588906,3.258291690144688e-05,0.004746873863041401,True
Full,loss_angle_aux,48,1262,0.00024126842085552227,3.061885217903182e-05,0.004366136621683836,True
Full,loss_angle_aux,49,1262,0.00025414308925028655,3.0143168260110542e-05,0.0043815188109874725,True
Full,loss_angle_aux,50,1262,0.000248603976466954,4.315361366025172e-05,0.004513160791248083,True
Full,loss_angle_aux,51,1262,0.0002531135462609106,3.3952146623050794e-05,0.005122384987771511,True
Full,loss_angle_aux,52,1262,0.0002467980514431183,2.8749600460287184e-05,0.008104884997010231,True
Full,loss_angle_aux,53,1262,0.00025013662978614536,2.9179147531976923e-05,0.005151176359504461,True
Full,loss_angle_aux,54,1262,0.00024937493036894173,2.795331965899095e-05,0.010133474133908749,True
Full,loss_angle_aux,55,1262,0.00024769930193431695,3.0062317819101736e-05,0.004434674978256226,True
Full,loss_angle_aux,56,1262,0.0002484338891847388,3.332466440042481e-05,0.005021002609282732,True
Full,loss_angle_aux,57,1262,0.00024247359704995962,3.217289122403599e-05,0.004898259416222572,True
Full,loss_angle_aux,58,1262,0.000240609813550639,3.284587728558108e-05,0.007426614407449961,True
Full,loss_angle_aux,59,1262,0.0002502677422800264,4.1663537558633834e-05,0.006488753482699394,True
Full,loss_angle_aux,60,1262,0.0002452060557220756,5.0683593144640326e-05,0.0038071146700531244,True
Full,loss_center,1,1262,0.1828384417819122,0.009893740527331829,1.1935679912567139,True
Full,loss_center,2,1262,0.11481302473236543,0.009759160690009594,0.4895814061164856,True
Full,loss_center,3,1262,0.0996625152285168,0.007556168362498283,0.5455962419509888,True
Full,loss_center,4,1262,0.08102680569759639,0.007055267691612244,0.5293238162994385,True
Full,loss_center,5,1262,0.07079164973362725,0.006365972571074963,0.4780655801296234,True
Full,loss_center,6,1262,0.06886671773798575,0.005499669350683689,0.5525599718093872,True
Full,loss_center,7,1262,0.06334281288398792,0.006856483872979879,0.45476335287094116,True
Full,loss_center,8,1262,0.06093544883302246,0.00464511476457119,0.4115179777145386,True
Full,loss_center,9,1262,0.05593334433656605,0.006534992717206478,0.34435638785362244,True
Full,loss_center,10,1262,0.0511642841577217,0.005619814153760672,0.41007041931152344,True
Full,loss_center,11,1262,0.05006708149730321,0.005760591477155685,0.3767969310283661,True
Full,loss_center,12,1262,0.048403679077379205,0.006242063827812672,0.5179768800735474,True
Full,loss_center,13,1262,0.047734067501889896,0.006078992038965225,0.4363701343536377,True
Full,loss_center,14,1262,0.043375924348804606,0.005457217805087566,0.4459065794944763,True
Full,loss_center,15,1262,0.04041481603722187,0.004754974972456694,0.44087207317352295,True
Full,loss_center,16,1262,0.038753037304409356,0.004877860192209482,0.33258506655693054,True
Full,loss_center,17,1262,0.03899423973915269,0.006219672039151192,0.41698282957077026,True
Full,loss_center,18,1262,0.036976014119285125,0.004840106703341007,0.3476160168647766,True
Full,loss_center,19,1262,0.035649723458589425,0.0053841895423829556,0.5431430339813232,True
Full,loss_center,20,1262,0.038002975868790305,0.004245986696332693,0.36379438638687134,True
Full,loss_center,21,1262,0.028828132723453682,0.004471222870051861,0.2929093837738037,True
Full,loss_center,22,1262,0.026620982239899563,0.005064548458904028,0.33584126830101013,True
Full,loss_center,23,1262,0.026026876699017057,0.0049578165635466576,0.3366662263870239,True
Full,loss_center,24,1262,0.025335076923309434,0.0039410097524523735,0.2211039960384369,True
Full,loss_center,25,1262,0.024992388178684443,0.0036747893318533897,0.5294901728630066,True
Full,loss_center,26,1262,0.025693825750483314,0.0035336604341864586,0.5473229885101318,True
Full,loss_center,27,1262,0.024229377778630747,0.004427969455718994,0.2790944278240204,True
Full,loss_center,28,1262,0.023745648657737768,0.004813839681446552,0.19131377339363098,True
Full,loss_center,29,1262,0.023807341445985702,0.0036548401694744825,0.4864049553871155,True
Full,loss_center,30,1262,0.023951399062941716,0.004594710655510426,0.5129440426826477,True
Full,loss_center,31,1262,0.02314905174852905,0.003446809947490692,0.3169756531715393,True
Full,loss_center,32,1262,0.022974461987511314,0.004861204884946346,0.4107491374015808,True
Full,loss_center,33,1262,0.023510253233997455,0.0041831182315945625,0.6079985499382019,True
Full,loss_center,34,1262,0.023144744990449606,0.004457400646060705,0.27433231472969055,True
Full,loss_center,35,1262,0.022725829669745217,0.0045780823566019535,0.3992125689983368,True
Full,loss_center,36,1262,0.024182044315002798,0.004721842706203461,0.36526522040367126,True
Full,loss_center,37,1262,0.023523994698595084,0.00468823779374361,0.8061331510543823,True
Full,loss_center,38,1262,0.023311533929747656,0.004268811084330082,0.5347862243652344,True
Full,loss_center,39,1262,0.021678193527673816,0.0045129298232495785,0.3724897801876068,True
Full,loss_center,40,1262,0.021485407267388682,0.004336818587034941,0.3439062535762787,True
Full,loss_center,41,1262,0.02209960947642708,0.004751655273139477,0.43290990591049194,True
Full,loss_center,42,1262,0.0226386269577004,0.0037735875230282545,0.41130876541137695,True
Full,loss_center,43,1262,0.020782297694828308,0.004020634572952986,0.5884906053543091,True
Full,loss_center,44,1262,0.021994953761807098,0.003948131576180458,0.42978429794311523,True
Full,loss_center,45,1262,0.02022665734410215,0.0040977718308568,0.22907143831253052,True
Full,loss_center,46,1262,0.02164209570286267,0.0023262815084308386,0.24706213176250458,True
Full,loss_center,47,1262,0.020858753601342983,0.004710301291197538,0.3399694859981537,True
Full,loss_center,48,1262,0.021614544982497954,0.004835989326238632,0.372972697019577,True
Full,loss_center,49,1262,0.02131336905717519,0.004075616132467985,0.27261072397232056,True
Full,loss_center,50,1262,0.02096972619581867,0.004322628490626812,0.29368889331817627,True
Full,loss_center,51,1262,0.021447899471304235,0.0038093351759016514,0.2304452508687973,True
Full,loss_center,52,1262,0.022429683904544334,0.0033858574461191893,0.4692770838737488,True
Full,loss_center,53,1262,0.020227040773923264,0.0036824929993599653,0.28508833050727844,True
Full,loss_center,54,1262,0.021294951961758044,0.004587430506944656,0.22329437732696533,True
Full,loss_center,55,1262,0.021545141214717373,0.0034432290121912956,0.27044856548309326,True
Full,loss_center,56,1262,0.0217915813504274,0.004095441196113825,0.4900354743003845,True
Full,loss_center,57,1262,0.02145165167549675,0.003925621509552002,0.3840630054473877,True
Full,loss_center,58,1262,0.02033462906983222,0.003649389138445258,0.2488608956336975,True
Full,loss_center,59,1262,0.021296997791858722,0.004244369454681873,0.3085634112358093,True
Full,loss_center,60,1262,0.021249548434287238,0.0042009856551885605,0.2580641508102417,True
Full,loss_center_aux,1,1262,0.21308397502592646,0.032339684665203094,1.7441810369491577,True
Full,loss_center_aux,2,1262,0.10496755048969138,0.015723705291748047,0.4099836051464081,True
Full,loss_center_aux,3,1262,0.08720785023411366,0.01209123432636261,0.4393015503883362,True
Full,loss_center_aux,4,1262,0.0763914824408817,0.01138523779809475,0.4309327006340027,True
Full,loss_center_aux,5,1262,0.06993791887908583,0.008556712418794632,0.4860735535621643,True
Full,loss_center_aux,6,1262,0.06907841211506616,0.008735690265893936,0.34808096289634705,True
Full,loss_center_aux,7,1262,0.06461265474401426,0.00794067420065403,0.3842316269874573,True
Full,loss_center_aux,8,1262,0.06303581447826134,0.009970287792384624,0.4167899489402771,True
Full,loss_center_aux,9,1262,0.05896184657052419,0.00606955960392952,0.36146920919418335,True
Full,loss_center_aux,10,1262,0.054503141362928505,0.007954651489853859,0.40128612518310547,True
Full,loss_center_aux,11,1262,0.05276829187120658,0.006411456968635321,0.31018102169036865,True
Full,loss_center_aux,12,1262,0.051818140651794554,0.00742613710463047,0.4078866243362427,True
Full,loss_center_aux,13,1262,0.05094181772331794,0.007227396126836538,0.39246922731399536,True
Full,loss_center_aux,14,1262,0.0464498812064127,0.006671047769486904,0.3947318196296692,True
Full,loss_center_aux,15,1262,0.04388532618012002,0.005941042210906744,0.42140787839889526,True
Full,loss_center_aux,16,1262,0.041420634135990606,0.0053888182155787945,0.3314131200313568,True
Full,loss_center_aux,17,1262,0.042694929455482235,0.006635910831391811,0.34023088216781616,True
Full,loss_center_aux,18,1262,0.03987856966660324,0.005105973221361637,0.335296094417572,True
Full,loss_center_aux,19,1262,0.03989943807867906,0.007351093925535679,0.520965576171875,True
Full,loss_center_aux,20,1262,0.0409967810212208,0.005754511803388596,0.36362046003341675,True
Full,loss_center_aux,21,1262,0.02978308978948075,0.005469072610139847,0.2995060086250305,True
Full,loss_center_aux,22,1262,0.02756247566732476,0.003836554940789938,0.30911585688591003,True
Full,loss_center_aux,23,1262,0.02707642218188077,0.004814692307263613,0.2999594807624817,True
Full,loss_center_aux,24,1262,0.026100769725727085,0.004433535970747471,0.26581865549087524,True
Full,loss_center_aux,25,1262,0.02533063448363363,0.004741589538753033,0.2869628369808197,True
Full,loss_center_aux,26,1262,0.025760349974762384,0.00395289808511734,0.3441559076309204,True
Full,loss_center_aux,27,1262,0.024545161165710296,0.005008183419704437,0.2828660011291504,True
Full,loss_center_aux,28,1262,0.02409579251190314,0.004696512594819069,0.1927749365568161,True
Full,loss_center_aux,29,1262,0.023764574818907928,0.003829932538792491,0.3274969458580017,True
Full,loss_center_aux,30,1262,0.023656232398012195,0.004551175516098738,0.2006698101758957,True
Full,loss_center_aux,31,1262,0.02320154934712699,0.004263385199010372,0.31544381380081177,True
Full,loss_center_aux,32,1262,0.022956100942289514,0.004386193584650755,0.324453204870224,True
Full,loss_center_aux,33,1262,0.023385997647611446,0.004160751588642597,0.5886518359184265,True
Full,loss_center_aux,34,1262,0.023120474657368523,0.005537454970180988,0.2634356617927551,True
Full,loss_center_aux,35,1262,0.021862532167139032,0.0045278482139110565,0.20379100739955902,True
Full,loss_center_aux,36,1262,0.023368109442683294,0.005331649444997311,0.2302917093038559,True
Full,loss_center_aux,37,1262,0.022933244264998993,0.004703997168689966,0.813736617565155,True
Full,loss_center_aux,38,1262,0.02285789232848658,0.004878069739788771,0.24619364738464355,True
Full,loss_center_aux,39,1262,0.021304665906384305,0.004268846474587917,0.2461836338043213,True
Full,loss_center_aux,40,1262,0.021048200676858236,0.0043524764478206635,0.20500874519348145,True
Full,loss_center_aux,41,1262,0.021562932756922774,0.00484293419867754,0.4241594076156616,True
Full,loss_center_aux,42,1262,0.02164938818241238,0.003966084681451321,0.29813602566719055,True
Full,loss_center_aux,43,1262,0.020258287523198644,0.004358874633908272,0.588641345500946,True
Full,loss_center_aux,44,1262,0.020894350927904627,0.0038755727000534534,0.3098141551017761,True
Full,loss_center_aux,45,1262,0.019805311983068976,0.0037326819729059935,0.22137725353240967,True
Full,loss_center_aux,46,1262,0.02090403396712259,0.0027685901150107384,0.23985403776168823,True
Full,loss_center_aux,47,1262,0.020226372811403097,0.004301957320421934,0.2237875759601593,True
Full,loss_center_aux,48,1262,0.020712765036283647,0.004568583332002163,0.2742013931274414,True
Full,loss_center_aux,49,1262,0.020799007381514755,0.00478716567158699,0.2691739499568939,True
Full,loss_center_aux,50,1262,0.02037802638955379,0.004287821240723133,0.19929730892181396,True
Full,loss_center_aux,51,1262,0.02069141955311202,0.004338538274168968,0.22818520665168762,True
Full,loss_center_aux,52,1262,0.02112511956618535,0.0032545626163482666,0.20640859007835388,True
Full,loss_center_aux,53,1262,0.01960764231865786,0.003917231690138578,0.2827511429786682,True
Full,loss_center_aux,54,1262,0.020662659969219198,0.004978712182492018,0.21959756314754486,True
Full,loss_center_aux,55,1262,0.021069370963826196,0.003534371731802821,0.264232337474823,True
Full,loss_center_aux,56,1262,0.020997946976393272,0.0038775126449763775,0.2352522611618042,True
Full,loss_center_aux,57,1262,0.020353204783985005,0.0043695541098713875,0.2954225242137909,True
Full,loss_center_aux,58,1262,0.01972104045643623,0.0035914992913603783,0.24404335021972656,True
Full,loss_center_aux,59,1262,0.020676604253660573,0.003956486936658621,0.2669076919555664,True
Full,loss_center_aux,60,1262,0.020420132536609344,0.004484979435801506,0.25217360258102417,True
Full,loss_center_motion,1,1262,0.33843107759604224,0.019679730758070946,2.0719878673553467,True
Full,loss_center_motion,2,1262,0.1875462889691251,0.0042333598248660564,1.0411298274993896,True
Full,loss_center_motion,3,1262,0.1612787318944329,0.0059699444100260735,0.8842043876647949,True
Full,loss_center_motion,4,1262,0.13453678952798648,0.004730873741209507,1.0282093286514282,True
Full,loss_center_motion,5,1262,0.1116433918524811,0.005268667824566364,0.9526511430740356,True
Full,loss_center_motion,6,1262,0.10851892023775343,0.0025862897746264935,1.0574922561645508,True
Full,loss_center_motion,7,1262,0.09912620928129638,0.006451713852584362,0.9442846775054932,True
Full,loss_center_motion,8,1262,0.0895450997377396,0.004150509834289551,0.8410986065864563,True
Full,loss_center_motion,9,1262,0.08321431050152354,0.005851984489709139,0.9898952841758728,True
Full,loss_center_motion,10,1262,0.0761000165578735,0.0007009600521996617,0.9725827574729919,True
Full,loss_center_motion,11,1262,0.06926890588147792,0.003141442546620965,0.8208184838294983,True
Full,loss_center_motion,12,1262,0.06814092578843868,0.0,0.5993833541870117,True
Full,loss_center_motion,13,1262,0.06916912535401784,0.0013465583324432373,1.3619909286499023,True
Full,loss_center_motion,14,1262,0.06137970226511312,0.00203138031065464,0.6618345379829407,True
Full,loss_center_motion,15,1262,0.05748996267681159,0.0015037052799016237,0.6904398202896118,True
Full,loss_center_motion,16,1262,0.055237486160200876,0.002635468263179064,1.0817158222198486,True
Full,loss_center_motion,17,1262,0.05588107801693021,0.0,0.5417172908782959,True
Full,loss_center_motion,18,1262,0.05079860844178547,0.002895189682021737,0.5656895637512207,True
Full,loss_center_motion,19,1262,0.04991915133878037,0.0015659882919862866,1.0997096300125122,True
Full,loss_center_motion,20,1262,0.051738520446395805,0.002593170152977109,0.7282282710075378,True
Full,loss_center_motion,21,1262,0.03685836792589946,0.0018769882153719664,0.49035581946372986,True
Full,loss_center_motion,22,1262,0.03362788696033163,0.00030133617110550404,0.49700698256492615,True
Full,loss_center_motion,23,1262,0.03154925673276853,0.0024667419493198395,0.5250855684280396,True
Full,loss_center_motion,24,1262,0.03017919076674525,0.001410511787980795,0.7896051406860352,True
Full,loss_center_motion,25,1262,0.029433620541811097,0.0010011025005951524,0.5423219799995422,True
Full,loss_center_motion,26,1262,0.030633181922075748,0.001000641961582005,0.573819100856781,True
Full,loss_center_motion,27,1262,0.027877214132983788,0.002417058451101184,0.5894214510917664,True
Full,loss_center_motion,28,1262,0.02820345919776491,0.0008395271725021303,0.40899962186813354,True
Full,loss_center_motion,29,1262,0.026898140208405464,0.00035623894655145705,0.46012574434280396,True
Full,loss_center_motion,30,1262,0.026368777502172078,0.0006645306129939854,0.40179678797721863,True
Full,loss_center_motion,31,1262,0.026854766110842383,0.0012631284771487117,0.6050985455513,True
Full,loss_center_motion,32,1262,0.026016879877243073,0.0012879538116976619,0.5023530125617981,True
Full,loss_center_motion,33,1262,0.025366786266023976,0.0016246935119852424,0.35692015290260315,True
Full,loss_center_motion,34,1262,0.026389060839759733,0.0015865068417042494,0.3197418749332428,True
Full,loss_center_motion,35,1262,0.025276886611000197,0.0,0.3239750862121582,True
Full,loss_center_motion,36,1262,0.025703034489696016,0.0010960587533190846,0.39700156450271606,True
Full,loss_center_motion,37,1262,0.024857162589999874,0.001577944029122591,0.678049623966217,True
Full,loss_center_motion,38,1262,0.024646456501514556,0.0010282584698870778,0.47103795409202576,True
Full,loss_center_motion,39,1262,0.023707816666106527,0.0012101789470762014,0.3957712948322296,True
Full,loss_center_motion,40,1262,0.023308481414536793,0.00019450388208497316,0.3238222897052765,True
Full,loss_center_motion,41,1262,0.02242778633871904,0.0,0.26498672366142273,True
Full,loss_center_motion,42,1262,0.02291260765386316,0.0006238027126528323,0.3794674873352051,True
Full,loss_center_motion,43,1262,0.02177395903025333,0.0017166209872812033,0.6429187655448914,True
Full,loss_center_motion,44,1262,0.02301428539109938,0.00023694560513831675,0.5852137804031372,True
Full,loss_center_motion,45,1262,0.021417455438512676,0.001230975496582687,0.3832525610923767,True
Full,loss_center_motion,46,1262,0.021954473348540327,0.0,0.38992637395858765,True
Full,loss_center_motion,47,1262,0.0221877750506508,0.0006050999509170651,0.39103686809539795,True
Full,loss_center_motion,48,1262,0.022235415008700587,0.0,0.4985864460468292,True
Full,loss_center_motion,49,1262,0.02179455829453293,0.0010640216059982777,0.4494885206222534,True
Full,loss_center_motion,50,1262,0.022843389112222643,0.0018405006267130375,0.7509791254997253,True
Full,loss_center_motion,51,1262,0.02129124771809521,0.0009765977738425136,0.38473156094551086,True
Full,loss_center_motion,52,1262,0.022038513334138133,0.0005960505222901702,0.5551086664199829,True
Full,loss_center_motion,53,1262,0.02131376091649877,0.001917356625199318,0.28728145360946655,True
Full,loss_center_motion,54,1262,0.02127782781881453,0.001275779795832932,0.4046742916107178,True
Full,loss_center_motion,55,1262,0.023142113650594758,0.0015645927051082253,0.3898979127407074,True
Full,loss_center_motion,56,1262,0.02166108960774137,0.0008578680572099984,0.28357231616973877,True
Full,loss_center_motion,57,1262,0.02192781203053375,0.0,0.3884398341178894,True
Full,loss_center_motion,58,1262,0.02158363148029126,0.0017926059663295746,0.33226561546325684,True
Full,loss_center_motion,59,1262,0.021797347169455434,0.0007544243126176298,0.39991170167922974,True
Full,loss_center_motion,60,1262,0.021550943648024564,0.0007779180887155235,0.3560483455657959,True
Full,loss_center_ref,1,1262,0.44185328570367227,0.04235926643013954,2.0633938312530518,True
Full,loss_center_ref,2,1262,0.11217645929592017,0.022625500336289406,0.30410999059677124,True
Full,loss_center_ref,3,1262,0.07837584651726197,0.015300131402909756,0.23605653643608093,True
Full,loss_center_ref,4,1262,0.05127735406369939,0.012745152227580547,0.17442327737808228,True
Full,loss_center_ref,5,1262,0.03837505196001257,0.009300783276557922,0.13446326553821564,True
Full,loss_center_ref,6,1262,0.033392261665774935,0.010696785524487495,0.13242359459400177,True
Full,loss_center_ref,7,1262,0.029712080902740266,0.007752608973532915,0.1704847514629364,True
Full,loss_center_ref,8,1262,0.026820038323528275,0.008591626770794392,0.14617452025413513,True
Full,loss_center_ref,9,1262,0.023979513832514076,0.007489126641303301,0.10871197283267975,True
Full,loss_center_ref,10,1262,0.021577201753031173,0.007101199124008417,0.10214348882436752,True
Full,loss_center_ref,11,1262,0.021214439493062332,0.007908915169537067,0.07620012760162354,True
Full,loss_center_ref,12,1262,0.0200855188037043,0.006665497086942196,0.08966779708862305,True
Full,loss_center_ref,13,1262,0.01933443844178175,0.006526789162307978,0.09124578535556793,True
Full,loss_center_ref,14,1262,0.017189651605910763,0.004273307044059038,0.07114555686712265,True
Full,loss_center_ref,15,1262,0.0167419202806555,0.006047496572136879,0.09851330518722534,True
Full,loss_center_ref,16,1262,0.01571699597565797,0.00626401137560606,0.06574232876300812,True
Full,loss_center_ref,17,1262,0.015693545233747566,0.0045887865126132965,0.08535848557949066,True
Full,loss_center_ref,18,1262,0.01517200729515988,0.0050574070774018764,0.09467413276433945,True
Full,loss_center_ref,19,1262,0.014823699602857232,0.0056242747232317924,0.07758139818906784,True
Full,loss_center_ref,20,1262,0.014003918725752202,0.005223680753260851,0.05208193138241768,True
Full,loss_center_ref,21,1262,0.010315987710448398,0.003500186838209629,0.04619399458169937,True
Full,loss_center_ref,22,1262,0.01000464450281627,0.00441486993804574,0.05466660484671593,True
Full,loss_center_ref,23,1262,0.009776060880130827,0.004217725247144699,0.04182176664471626,True
Full,loss_center_ref,24,1262,0.009603513939388793,0.004581325221806765,0.041183508932590485,True
Full,loss_center_ref,25,1262,0.009467970990729348,0.002990052103996277,0.035691577941179276,True
Full,loss_center_ref,26,1262,0.009377741097124285,0.003753228345885873,0.03809225559234619,True
Full,loss_center_ref,27,1262,0.009407898076852746,0.004195393994450569,0.042158469557762146,True
Full,loss_center_ref,28,1262,0.00924443502662476,0.004628172609955072,0.03704771399497986,True
Full,loss_center_ref,29,1262,0.009218846390203893,0.004382067359983921,0.04028192162513733,True
Full,loss_center_ref,30,1262,0.00921503638718779,0.004050790332257748,0.037291377782821655,True
Full,loss_center_ref,31,1262,0.009004522862559311,0.003156589111313224,0.03417891636490822,True
Full,loss_center_ref,32,1262,0.009131217362852133,0.0037846453487873077,0.03286819905042648,True
Full,loss_center_ref,33,1262,0.009006481982986023,0.003549054730683565,0.033766571432352066,True
Full,loss_center_ref,34,1262,0.008962628440289402,0.0038606321904808283,0.03061124123632908,True
Full,loss_center_ref,35,1262,0.008888750211977756,0.003987311385571957,0.038656655699014664,True
Full,loss_center_ref,36,1262,0.00898439982236642,0.003650061087682843,0.03157990053296089,True
Full,loss_center_ref,37,1262,0.008817200386961672,0.003303823061287403,0.0311342254281044,True
Full,loss_center_ref,38,1262,0.008789252106058994,0.004193287342786789,0.02631109021604061,True
Full,loss_center_ref,39,1262,0.008723206272741363,0.004442417062819004,0.02839483879506588,True
Full,loss_center_ref,40,1262,0.008712565278960614,0.0033725963439792395,0.030457181856036186,True
Full,loss_center_ref,41,1262,0.008512062095319661,0.003331351326778531,0.031073400750756264,True
Full,loss_center_ref,42,1262,0.008434760427986538,0.0038337484002113342,0.029746148735284805,True
Full,loss_center_ref,43,1262,0.0083488916978978,0.00407280120998621,0.037508491426706314,True
Full,loss_center_ref,44,1262,0.008416841514689018,0.004029369913041592,0.02778906375169754,True
Full,loss_center_ref,45,1262,0.008410067298071734,0.0037967886310070753,0.03091266378760338,True
Full,loss_center_ref,46,1262,0.008389015273204318,0.0031321619171649218,0.028876805678009987,True
Full,loss_center_ref,47,1262,0.008361014361691066,0.0035329440142959356,0.023037871345877647,True
Full,loss_center_ref,48,1262,0.008339602580085904,0.00362672028131783,0.026822257786989212,True
Full,loss_center_ref,49,1262,0.008359608957182362,0.003411106066778302,0.025183167308568954,True
Full,loss_center_ref,50,1262,0.008302695445920062,0.0036477488465607166,0.026315830647945404,True
Full,loss_center_ref,51,1262,0.00827572518471103,0.00348824099637568,0.023887569084763527,True
Full,loss_center_ref,52,1262,0.008291924075834548,0.0031992504373192787,0.02616904489696026,True
Full,loss_center_ref,53,1262,0.008299812625631654,0.003512848634272814,0.02487271837890148,True
Full,loss_center_ref,54,1262,0.008325464739951285,0.003125807736068964,0.02530214935541153,True
Full,loss_center_ref,55,1262,0.008316728350095356,0.003292794805020094,0.029647469520568848,True
Full,loss_center_ref,56,1262,0.00832579050673594,0.0030628149397671223,0.03803175687789917,True
Full,loss_center_ref,57,1262,0.00828557126976774,0.003931895829737186,0.03080790862441063,True
Full,loss_center_ref,58,1262,0.008249045407588456,0.0035729221999645233,0.024776263162493706,True
Full,loss_center_ref,59,1262,0.008361430557351708,0.0034462951589375734,0.024223951622843742,True
Full,loss_center_ref,60,1262,0.00831137002957173,0.0038526568096131086,0.023854458704590797,True
Full,loss_ct_correction,1,1262,0.19774060667508686,0.011843527667224407,1.8007524013519287,True
Full,loss_ct_correction,2,1262,0.08458457463133118,0.008524218574166298,0.6225966811180115,True
Full,loss_ct_correction,3,1262,0.07335165516206206,0.008359052240848541,0.7260178327560425,True
Full,loss_ct_correction,4,1262,0.06510602866067727,0.009273561649024487,0.6573308110237122,True
Full,loss_ct_correction,5,1262,0.06106252355571901,0.006121399346739054,0.632020890712738,True
Full,loss_ct_correction,6,1262,0.05982441441362603,0.005360826384276152,0.5732235908508301,True
Full,loss_ct_correction,7,1262,0.05430566605804828,0.0050038606859743595,0.5068429112434387,True
Full,loss_ct_correction,8,1262,0.05343165473271569,0.006049855146557093,0.6091659665107727,True
Full,loss_ct_correction,9,1262,0.05016873823478818,0.007391500752419233,0.5748755931854248,True
Full,loss_ct_correction,10,1262,0.04620954335524026,0.006124660838395357,0.4870398938655853,True
Full,loss_ct_correction,11,1262,0.04530295082028489,0.004845049697905779,0.6166658401489258,True
Full,loss_ct_correction,12,1262,0.04373716806001052,0.005285088438540697,0.6850608587265015,True
Full,loss_ct_correction,13,1262,0.04220876037608094,0.005765687208622694,0.5243675112724304,True
Full,loss_ct_correction,14,1262,0.038941326588776005,0.005559008568525314,0.7628317475318909,True
Full,loss_ct_correction,15,1262,0.03609012307768183,0.003496651304885745,0.8103525638580322,True
Full,loss_ct_correction,16,1262,0.03379782403320393,0.005049168132245541,0.4960009455680847,True
Full,loss_ct_correction,17,1262,0.0347259603540388,0.004777915775775909,0.47826269268989563,True
Full,loss_ct_correction,18,1262,0.032885535123496776,0.004520316608250141,0.5977339148521423,True
Full,loss_ct_correction,19,1262,0.03206626935411841,0.005439982283860445,0.5493819117546082,True
Full,loss_ct_correction,20,1262,0.031747895075973545,0.0036734994500875473,0.6073490381240845,True
Full,loss_ct_correction,21,1262,0.024526992259641577,0.004582272842526436,0.43147993087768555,True
Full,loss_ct_correction,22,1262,0.023022792873632535,0.004115141928195953,0.6101426482200623,True
Full,loss_ct_correction,23,1262,0.021375185970907734,0.004631951916962862,0.30195289850234985,True
Full,loss_ct_correction,24,1262,0.02112701315991433,0.0036309172865003347,0.4184100925922394,True
Full,loss_ct_correction,25,1262,0.020626080357661492,0.002480823080986738,0.34630706906318665,True
Full,loss_ct_correction,26,1262,0.021279074426551487,0.004565924871712923,0.49675288796424866,True
Full,loss_ct_correction,27,1262,0.01958068273260469,0.004472283646464348,0.34605666995048523,True
Full,loss_ct_correction,28,1262,0.01969378798972762,0.004452348221093416,0.31432875990867615,True
Full,loss_ct_correction,29,1262,0.018866607602006754,0.0041158441454172134,0.2686349153518677,True
Full,loss_ct_correction,30,1262,0.018933898987574724,0.003715989412739873,0.23525503277778625,True
Full,loss_ct_correction,31,1262,0.01802617917409264,0.003638698486611247,0.22731773555278778,True
Full,loss_ct_correction,32,1262,0.018204153159326282,0.004522705916315317,0.18118001520633698,True
Full,loss_ct_correction,33,1262,0.018044877525790936,0.004664700012654066,0.4686949849128723,True
Full,loss_ct_correction,34,1262,0.018150625665186538,0.0039639780297875404,0.30676472187042236,True
Full,loss_ct_correction,35,1262,0.01781841563525803,0.0044228811748325825,0.24316909909248352,True
Full,loss_ct_correction,36,1262,0.017846000890384787,0.004457899369299412,0.24916726350784302,True
Full,loss_ct_correction,37,1262,0.01850002783051029,0.0027385130524635315,1.2550923824310303,True
Full,loss_ct_correction,38,1262,0.017129443459494686,0.003023741068318486,0.3511640727519989,True
Full,loss_ct_correction,39,1262,0.01733227663491919,0.004633050877600908,0.3112524449825287,True
Full,loss_ct_correction,40,1262,0.01672541048700985,0.003912834916263819,0.25954392552375793,True
Full,loss_ct_correction,41,1262,0.016985472956991116,0.004044154658913612,0.31987982988357544,True
Full,loss_ct_correction,42,1262,0.016636220859872878,0.0038820484187453985,0.36369162797927856,True
Full,loss_ct_correction,43,1262,0.017166608425739874,0.004389693960547447,0.7443629503250122,True
Full,loss_ct_correction,44,1262,0.016420914725660273,0.002421937184408307,0.27461564540863037,True
Full,loss_ct_correction,45,1262,0.016170389680361608,0.003277330892160535,0.22477416694164276,True
Full,loss_ct_correction,46,1262,0.01610659383511888,0.002921120263636112,0.15808968245983124,True
Full,loss_ct_correction,47,1262,0.01636780508494642,0.001769900438375771,0.3829083740711212,True
Full,loss_ct_correction,48,1262,0.016595016367196232,0.004189452156424522,0.3169357478618622,True
Full,loss_ct_correction,49,1262,0.016412336405487688,0.00432414747774601,0.45519331097602844,True
Full,loss_ct_correction,50,1262,0.016186813239034755,0.003971254453063011,0.24264609813690186,True
Full,loss_ct_correction,51,1262,0.016949103902006987,0.004156263079494238,0.35412082076072693,True
Full,loss_ct_correction,52,1262,0.016407534073102515,0.0031761284917593002,0.3093947768211365,True
Full,loss_ct_correction,53,1262,0.015511011630820668,0.00382464868016541,0.156769797205925,True
Full,loss_ct_correction,54,1262,0.016241818808149046,0.0049354033544659615,0.26524046063423157,True
Full,loss_ct_correction,55,1262,0.01674544685959326,0.002511445665732026,0.3877009451389313,True
Full,loss_ct_correction,56,1262,0.01613684596693831,0.0036068472545593977,0.37929144501686096,True
Full,loss_ct_correction,57,1262,0.016369536435844084,0.0030077837873250246,0.44738221168518066,True
Full,loss_ct_correction,58,1262,0.015489789186836635,0.0030755698680877686,0.19998201727867126,True
Full,loss_ct_correction,59,1262,0.016094695132450095,0.002957496792078018,0.29586151242256165,True
Full,loss_ct_correction,60,1262,0.01596915145259256,0.00361666944809258,0.23497802019119263,True
Full,loss_ct_query_gate,1,1262,0.8345733085166067,0.6811380982398987,1.523512840270996,True
Full,loss_ct_query_gate,2,1262,0.6953228398000382,0.6845222115516663,0.709873616695404,True
Full,loss_ct_query_gate,3,1262,0.6932978198380931,0.678740382194519,0.7070817947387695,True
Full,loss_ct_query_gate,4,1262,0.6926372956643958,0.6790269613265991,0.7080637812614441,True
Full,loss_ct_query_gate,5,1262,0.6923320014767714,0.6737567782402039,0.7073894739151001,True
Full,loss_ct_query_gate,6,1262,0.6920270876347924,0.6724997758865356,0.7113080620765686,True
Full,loss_ct_query_gate,7,1262,0.6918012810112368,0.6688272953033447,0.7092396020889282,True
Full,loss_ct_query_gate,8,1262,0.6915251341089016,0.6733390688896179,0.7095233798027039,True
Full,loss_ct_query_gate,9,1262,0.6911973092238612,0.6693804860115051,0.7135283350944519,True
Full,loss_ct_query_gate,10,1262,0.6911321501535395,0.6714304685592651,0.7108893990516663,True
Full,loss_ct_query_gate,11,1262,0.691074134383451,0.669436514377594,0.7108757495880127,True
Full,loss_ct_query_gate,12,1262,0.6911359261691854,0.6729910373687744,0.7185413837432861,True
Full,loss_ct_query_gate,13,1262,0.6911335299868969,0.6681663393974304,0.7103309631347656,True
Full,loss_ct_query_gate,14,1262,0.6912610713162248,0.6699413061141968,0.714665412902832,True
Full,loss_ct_query_gate,15,1262,0.6912629693132573,0.6669935584068298,0.7133121490478516,True
Full,loss_ct_query_gate,16,1262,0.6914791131831953,0.6678259372711182,0.7136565446853638,True
Full,loss_ct_query_gate,17,1262,0.6910683107923971,0.6681501865386963,0.7122300863265991,True
Full,loss_ct_query_gate,18,1262,0.69134840902927,0.6574693322181702,0.7086631655693054,True
Full,loss_ct_query_gate,19,1262,0.691187820183305,0.6702513694763184,0.7111009359359741,True
Full,loss_ct_query_gate,20,1262,0.6910354093590931,0.6646593809127808,0.7160241007804871,True
Full,loss_ct_query_gate,21,1262,0.690863646673136,0.6603004336357117,0.7142974734306335,True
Full,loss_ct_query_gate,22,1262,0.6911471283473606,0.656579315662384,0.7240698337554932,True
Full,loss_ct_query_gate,23,1262,0.6911363914349189,0.6693494319915771,0.7190645933151245,True
Full,loss_ct_query_gate,24,1262,0.6909299362480357,0.6626189947128296,0.7163705825805664,True
Full,loss_ct_query_gate,25,1262,0.6909244121915754,0.6656879782676697,0.7157998085021973,True
Full,loss_ct_query_gate,26,1262,0.6912717055499837,0.6664463877677917,0.7253063321113586,True
Full,loss_ct_query_gate,27,1262,0.6910861697042046,0.6589075922966003,0.721447229385376,True
Full,loss_ct_query_gate,28,1262,0.6911115400764719,0.6669943332672119,0.7194905877113342,True
Full,loss_ct_query_gate,29,1262,0.6909022556998651,0.6701691150665283,0.7178303599357605,True
Full,loss_ct_query_gate,30,1262,0.6911216619558833,0.6706064939498901,0.7204770445823669,True
Full,loss_ct_query_gate,31,1262,0.6910898789834297,0.6652026772499084,0.713738739490509,True
Full,loss_ct_query_gate,32,1262,0.6909516953439607,0.6661453247070312,0.719357967376709,True
Full,loss_ct_query_gate,33,1262,0.6909396357468305,0.6558522582054138,0.7121111750602722,True
Full,loss_ct_query_gate,34,1262,0.6911211643846212,0.6697984337806702,0.7134657502174377,True
Full,loss_ct_query_gate,35,1262,0.6907863709514757,0.6647573709487915,0.7166463136672974,True
Full,loss_ct_query_gate,36,1262,0.6911987347761538,0.6659511923789978,0.7147167325019836,True
Full,loss_ct_query_gate,37,1262,0.6907322937637426,0.6619730591773987,0.71469646692276,True
Full,loss_ct_query_gate,38,1262,0.6909157810895077,0.6627521514892578,0.7138469219207764,True
Full,loss_ct_query_gate,39,1262,0.6910511052646274,0.660729169845581,0.7145674824714661,True
Full,loss_ct_query_gate,40,1262,0.6909826771959827,0.6705416440963745,0.7272945046424866,True
Full,loss_ct_query_gate,41,1262,0.6908538476600888,0.666739284992218,0.7131963968276978,True
Full,loss_ct_query_gate,42,1262,0.6907520691396317,0.6548587083816528,0.7168564796447754,True
Full,loss_ct_query_gate,43,1262,0.6909967137592152,0.6617457866668701,0.7193894982337952,True
Full,loss_ct_query_gate,44,1262,0.6909256602996124,0.660717248916626,0.7172919511795044,True
Full,loss_ct_query_gate,45,1262,0.6908981563927821,0.6689392328262329,0.7150440812110901,True
Full,loss_ct_query_gate,46,1262,0.6909611525512913,0.6679629683494568,0.7282479405403137,True
Full,loss_ct_query_gate,47,1262,0.690921216683607,0.6636340022087097,0.7191399335861206,True
Full,loss_ct_query_gate,48,1262,0.6909230756684075,0.6621155142784119,0.7122176885604858,True
Full,loss_ct_query_gate,49,1262,0.6909460190642277,0.6674410104751587,0.714937686920166,True
Full,loss_ct_query_gate,50,1262,0.6908338189880746,0.6610327363014221,0.7116456031799316,True
Full,loss_ct_query_gate,51,1262,0.6911062729056399,0.6672022938728333,0.7138140201568604,True
Full,loss_ct_query_gate,52,1262,0.6909825986047554,0.6556885242462158,0.7147285342216492,True
Full,loss_ct_query_gate,53,1262,0.6907770299779254,0.6617964506149292,0.7110876441001892,True
Full,loss_ct_query_gate,54,1262,0.6910247821154194,0.6649097204208374,0.7210209369659424,True
Full,loss_ct_query_gate,55,1262,0.6911933856607428,0.6618379950523376,0.711753249168396,True
Full,loss_ct_query_gate,56,1262,0.6908625290152011,0.6648936867713928,0.7120614647865295,True
Full,loss_ct_query_gate,57,1262,0.6910544925276337,0.6685140132904053,0.719903826713562,True
Full,loss_ct_query_gate,58,1262,0.6909817060936838,0.6701996922492981,0.7184146642684937,True
Full,loss_ct_query_gate,59,1262,0.6908395266759604,0.663996696472168,0.7121385931968689,True
Full,loss_ct_query_gate,60,1262,0.6909088836230113,0.6666139364242554,0.7161073684692383,True
Full,loss_ct_raw_search,1,1262,0.11044140353838716,0.0064101009629666805,1.0661039352416992,True
Full,loss_ct_raw_search,2,1262,0.04639827134567365,0.004622217267751694,0.4034179747104645,True
Full,loss_ct_raw_search,3,1262,0.041949828567127985,0.004932444076985121,0.31799453496932983,True
Full,loss_ct_raw_search,4,1262,0.04125146911016085,0.005628526676446199,0.45927348732948303,True
Full,loss_ct_raw_search,5,1262,0.04072734948193061,0.003509080968797207,0.4242168366909027,True
Full,loss_ct_raw_search,6,1262,0.03916997751316997,0.002757253823801875,0.3448542654514313,True
Full,loss_ct_raw_search,7,1262,0.03774219894709387,0.004753992892801762,0.27220088243484497,True
Full,loss_ct_raw_search,8,1262,0.03749959323505049,0.0047022202052176,0.3397858142852783,True
Full,loss_ct_raw_search,9,1262,0.0353383018060332,0.004197752568870783,0.32081976532936096,True
Full,loss_ct_raw_search,10,1262,0.035304305839932354,0.005019010044634342,0.35589268803596497,True
Full,loss_ct_raw_search,11,1262,0.03368231930058573,0.004490531515330076,0.3423756957054138,True
Full,loss_ct_raw_search,12,1262,0.032008279022714935,0.004640997853130102,0.4172744154930115,True
Full,loss_ct_raw_search,13,1262,0.03186493863649784,0.0030810306780040264,0.28119662404060364,True
Full,loss_ct_raw_search,14,1262,0.030337196807251585,0.004743498284369707,0.33879348635673523,True
Full,loss_ct_raw_search,15,1262,0.02929194481610195,0.0021051173098385334,0.33609065413475037,True
Full,loss_ct_raw_search,16,1262,0.028553737795700668,0.0042940001003444195,0.2876071631908417,True
Full,loss_ct_raw_search,17,1262,0.02779286664396985,0.003485901979729533,0.26109910011291504,True
Full,loss_ct_raw_search,18,1262,0.0266337505593031,0.003772777272388339,0.22950194776058197,True
Full,loss_ct_raw_search,19,1262,0.026055265871495033,0.0038877236656844616,0.4397631287574768,True
Full,loss_ct_raw_search,20,1262,0.025403236896508093,0.0038493210449814796,0.19120776653289795,True
Full,loss_ct_raw_search,21,1262,0.023096539187149136,0.0037745304871350527,0.20133183896541595,True
Full,loss_ct_raw_search,22,1262,0.022334095419210376,0.0034664415288716555,0.23471631109714508,True
Full,loss_ct_raw_search,23,1262,0.02223072136533129,0.003894713008776307,0.23061467707157135,True
Full,loss_ct_raw_search,24,1262,0.022481638959220798,0.002792398678138852,0.300065279006958,True
Full,loss_ct_raw_search,25,1262,0.022400234264495788,0.002940805396065116,0.23316961526870728,True
Full,loss_ct_raw_search,26,1262,0.0215716913005591,0.002804944757372141,0.2237357646226883,True
Full,loss_ct_raw_search,27,1262,0.02177232871291105,0.004018732346594334,0.15165288746356964,True
Full,loss_ct_raw_search,28,1262,0.021710676881270676,0.0037213240284472704,0.25424858927726746,True
Full,loss_ct_raw_search,29,1262,0.021481333101218456,0.0032791406847536564,0.22516687214374542,True
Full,loss_ct_raw_search,30,1262,0.021804009430832192,0.0028832722455263138,0.1817058026790619,True
Full,loss_ct_raw_search,31,1262,0.021475369630605808,0.002661346225067973,0.16420653462409973,True
Full,loss_ct_raw_search,32,1262,0.02151739302352543,0.0034915192518383265,0.15496666729450226,True
Full,loss_ct_raw_search,33,1262,0.0212192442161127,0.0035614825319498777,0.19734089076519012,True
Full,loss_ct_raw_search,34,1262,0.021404451802786197,0.002839401364326477,0.194481760263443,True
Full,loss_ct_raw_search,35,1262,0.020761904598393797,0.003563572419807315,0.2446022778749466,True
Full,loss_ct_raw_search,36,1262,0.02141425543241114,0.00308580556884408,0.1696416735649109,True
Full,loss_ct_raw_search,37,1262,0.02102449909867291,0.0034720266703516245,0.18956361711025238,True
Full,loss_ct_raw_search,38,1262,0.02175540087479661,0.003209598595276475,0.22102993726730347,True
Full,loss_ct_raw_search,39,1262,0.02111832694782951,0.002700099954381585,0.20230449736118317,True
Full,loss_ct_raw_search,40,1262,0.02120917456714575,0.003916459158062935,0.1664528101682663,True
Full,loss_ct_raw_search,41,1262,0.02180040748893223,0.003246903419494629,0.25216326117515564,True
Full,loss_ct_raw_search,42,1262,0.020906952849409223,0.003347215708345175,0.18032267689704895,True
Full,loss_ct_raw_search,43,1262,0.02110403269605354,0.003118485677987337,0.23169489204883575,True
Full,loss_ct_raw_search,44,1262,0.020894408315861458,0.003442457877099514,0.201551616191864,True
Full,loss_ct_raw_search,45,1262,0.0206473306204796,0.0033783058170229197,0.16118472814559937,True
Full,loss_ct_raw_search,46,1262,0.02047919878302948,0.003304866375401616,0.21549111604690552,True
Full,loss_ct_raw_search,47,1262,0.021069966312151005,0.0026980580296367407,0.18294456601142883,True
Full,loss_ct_raw_search,48,1262,0.020133713580758005,0.002881620079278946,0.17414018511772156,True
Full,loss_ct_raw_search,49,1262,0.02025447135219991,0.0028636856004595757,0.16734081506729126,True
Full,loss_ct_raw_search,50,1262,0.02076454943403153,0.003957471344619989,0.3010979890823364,True
Full,loss_ct_raw_search,51,1262,0.02101013855565865,0.0022991567384451628,0.16339896619319916,True
Full,loss_ct_raw_search,52,1262,0.020581448956749883,0.0033353520557284355,0.2856955826282501,True
Full,loss_ct_raw_search,53,1262,0.02025854205358449,0.002262411406263709,0.15513168275356293,True
Full,loss_ct_raw_search,54,1262,0.021323864768139675,0.002067313063889742,0.2219448834657669,True
Full,loss_ct_raw_search,55,1262,0.021115968491485056,0.003360509406775236,0.1569320410490036,True
Full,loss_ct_raw_search,56,1262,0.020398145787662896,0.003923790529370308,0.19197271764278412,True
Full,loss_ct_raw_search,57,1262,0.020650645735874336,0.00307754916138947,0.19460658729076385,True
Full,loss_ct_raw_search,58,1262,0.02056086507755761,0.0020368979312479496,0.1608366072177887,True
Full,loss_ct_raw_search,59,1262,0.020654459442595013,0.003161077620461583,0.19670818746089935,True
Full,loss_ct_raw_search,60,1262,0.020983446124319738,0.0028476316947489977,0.2021530568599701,True
Full,loss_ct_router,1,1262,0.8052422103668355,0.27347368001937866,2.5219802856445312,True
Full,loss_ct_router,2,1262,0.6375835762254409,0.3635084629058838,1.0439844131469727,True
Full,loss_ct_router,3,1262,0.6453582127290747,0.3355180025100708,0.88123619556427,True
Full,loss_ct_router,4,1262,0.6555218839938214,0.45647725462913513,0.9406595230102539,True
Full,loss_ct_router,5,1262,0.6536672048731198,0.4490795135498047,0.893971860408783,True
Full,loss_ct_router,6,1262,0.6500172248307952,0.4490375220775604,0.8670299649238586,True
Full,loss_ct_router,7,1262,0.648775428675245,0.41126197576522827,0.9126194715499878,True
Full,loss_ct_router,8,1262,0.6483390610163261,0.4761042296886444,0.8902812004089355,True
Full,loss_ct_router,9,1262,0.6475127650610807,0.4435744285583496,0.9418818950653076,True
Full,loss_ct_router,10,1262,0.6481204700498309,0.45748645067214966,0.8627700805664062,True
Full,loss_ct_router,11,1262,0.6495667865083637,0.4631964862346649,0.8836025595664978,True
Full,loss_ct_router,12,1262,0.6450651306688502,0.43959859013557434,0.8365987539291382,True
Full,loss_ct_router,13,1262,0.6454109103432171,0.43023666739463806,0.8877410888671875,True
Full,loss_ct_router,14,1262,0.6442188399529495,0.425388902425766,0.9012250900268555,True
Full,loss_ct_router,15,1262,0.6471647597294413,0.3991144597530365,0.923828125,True
Full,loss_ct_router,16,1262,0.6436014152744493,0.45052820444107056,0.9563214182853699,True
Full,loss_ct_router,17,1262,0.6475972682473776,0.429338663816452,1.0269831418991089,True
Full,loss_ct_router,18,1262,0.6449072069109147,0.4230293929576874,1.0374971628189087,True
Full,loss_ct_router,19,1262,0.6453149085377362,0.4061434864997864,0.9375278353691101,True
Full,loss_ct_router,20,1262,0.6454921087542351,0.4239733815193176,1.0610029697418213,True
Full,loss_ct_router,21,1262,0.6352831110381854,0.39697742462158203,0.9808508157730103,True
Full,loss_ct_router,22,1262,0.6322179539645719,0.40961790084838867,0.9852399230003357,True
Full,loss_ct_router,23,1262,0.6290222113087136,0.4021214544773102,0.9210731983184814,True
Full,loss_ct_router,24,1262,0.6316401970981607,0.3476939797401428,0.9416415691375732,True
Full,loss_ct_router,25,1262,0.6264301230998123,0.37941259145736694,0.9641383290290833,True
Full,loss_ct_router,26,1262,0.629140810831413,0.41454747319221497,1.062795877456665,True
Full,loss_ct_router,27,1262,0.6303424692569557,0.34466004371643066,0.9485766291618347,True
Full,loss_ct_router,28,1262,0.6243151248965513,0.353110671043396,1.0266965627670288,True
Full,loss_ct_router,29,1262,0.6291210440042091,0.35101503133773804,0.9774446487426758,True
Full,loss_ct_router,30,1262,0.6282270526168086,0.40417730808258057,0.9456238150596619,True
Full,loss_ct_router,31,1262,0.6263736964641774,0.34353238344192505,1.074055552482605,True
Full,loss_ct_router,32,1262,0.6230089323456427,0.3443240225315094,0.9565350413322449,True
Full,loss_ct_router,33,1262,0.6251602778816374,0.3826654255390167,1.0303947925567627,True
Full,loss_ct_router,34,1262,0.6236811307880278,0.3434181213378906,0.9915936589241028,True
Full,loss_ct_router,35,1262,0.6259975549300008,0.3760946989059448,1.0143438577651978,True
Full,loss_ct_router,36,1262,0.6198355137073861,0.36376625299453735,0.9614179730415344,True
Full,loss_ct_router,37,1262,0.6260717508343244,0.378631591796875,0.970907986164093,True
Full,loss_ct_router,38,1262,0.6193976723921091,0.35920092463493347,1.1266484260559082,True
Full,loss_ct_router,39,1262,0.6184190155586993,0.34629806876182556,0.9738455414772034,True
Full,loss_ct_router,40,1262,0.6229298694764756,0.3367576003074646,0.9837568998336792,True
Full,loss_ct_router,41,1262,0.6139329079119414,0.33440113067626953,0.9786388874053955,True
Full,loss_ct_router,42,1262,0.6179383409146084,0.3326583802700043,0.9704554080963135,True
Full,loss_ct_router,43,1262,0.6161205775197448,0.3471347391605377,1.1382176876068115,True
Full,loss_ct_router,44,1262,0.6176737554713777,0.3603324890136719,1.0181540250778198,True
Full,loss_ct_router,45,1262,0.6167246244269203,0.3534613847732544,1.00377357006073,True
Full,loss_ct_router,46,1262,0.6130854730655199,0.3111233711242676,0.9625168442726135,True
Full,loss_ct_router,47,1262,0.6141762680089228,0.34095892310142517,1.0715539455413818,True
Full,loss_ct_router,48,1262,0.6131485378260468,0.3193337023258209,0.9664320945739746,True
Full,loss_ct_router,49,1262,0.6147625170966903,0.36305883526802063,0.9681554436683655,True
Full,loss_ct_router,50,1262,0.6173462410311313,0.3295476734638214,0.9505077600479126,True
Full,loss_ct_router,51,1262,0.6118120381080216,0.2725084722042084,0.9773575663566589,True
Full,loss_ct_router,52,1262,0.6145161877249009,0.3418181240558624,1.0060065984725952,True
Full,loss_ct_router,53,1262,0.6115137023848324,0.31557390093803406,1.0029391050338745,True
Full,loss_ct_router,54,1262,0.6162093740116019,0.3151601254940033,1.0761585235595703,True
Full,loss_ct_router,55,1262,0.611971541743271,0.3472825586795807,1.1261639595031738,True
Full,loss_ct_router,56,1262,0.6104542912705765,0.373086541891098,0.9785943627357483,True
Full,loss_ct_router,57,1262,0.6055791890470048,0.32234513759613037,1.0334728956222534,True
Full,loss_ct_router,58,1262,0.6154016628271048,0.2811492085456848,1.1063570976257324,True
Full,loss_ct_router,59,1262,0.6092199767023183,0.3378784656524658,1.0901997089385986,True
Full,loss_ct_router,60,1262,0.6103254489116547,0.34350070357322693,1.1574426889419556,True
Full,loss_ct_targetness,1,1262,0.04294941557619998,0.005786482244729996,0.1535101681947708,True
Full,loss_ct_targetness,2,1262,0.02450948700466726,0.0028562783263623714,0.16856378316879272,True
Full,loss_ct_targetness,3,1262,0.019858735439363163,0.002463586861267686,0.16883665323257446,True
Full,loss_ct_targetness,4,1262,0.01760127249447977,0.001154801226221025,0.1290915459394455,True
Full,loss_ct_targetness,5,1262,0.01700244627622873,0.0008041386026889086,0.12605538964271545,True
Full,loss_ct_targetness,6,1262,0.01634928586958463,0.0016271821223199368,0.1987019181251526,True
Full,loss_ct_targetness,7,1262,0.015856326263797915,0.0012445655884221196,0.13619783520698547,True
Full,loss_ct_targetness,8,1262,0.015114793538543204,0.0011425911216065288,0.11945328116416931,True
Full,loss_ct_targetness,9,1262,0.015279366631096261,0.0016698146937415004,0.17862263321876526,True
Full,loss_ct_targetness,10,1262,0.014996770803581203,0.0014766849344596267,0.22867874801158905,True
Full,loss_ct_targetness,11,1262,0.014694248846486334,0.001096366555429995,0.13442493975162506,True
Full,loss_ct_targetness,12,1262,0.014828336605191136,0.0009321679826825857,0.18409611284732819,True
Full,loss_ct_targetness,13,1262,0.014391587931653942,0.001442013424821198,0.15789149701595306,True
Full,loss_ct_targetness,14,1262,0.014016905573688199,0.0012891616206616163,0.18089522421360016,True
Full,loss_ct_targetness,15,1262,0.013669525727735929,0.001293061999604106,0.2296881526708603,True
Full,loss_ct_targetness,16,1262,0.013876019292931691,0.000939667341299355,0.23101799190044403,True
Full,loss_ct_targetness,17,1262,0.01353317771371522,0.0015828014584258199,0.13323870301246643,True
Full,loss_ct_targetness,18,1262,0.01378621295738003,0.001498204073868692,0.18067800998687744,True
Full,loss_ct_targetness,19,1262,0.0134097654294044,0.0011469769524410367,0.18590781092643738,True
Full,loss_ct_targetness,20,1262,0.013447726628667101,0.0011298790341243148,0.30782395601272583,True
Full,loss_ct_targetness,21,1262,0.01250598077417282,0.0009970155078917742,0.24248608946800232,True
Full,loss_ct_targetness,22,1262,0.011623566800034008,0.0010533997556194663,0.12868647277355194,True
Full,loss_ct_targetness,23,1262,0.01188861485183233,0.0012585557997226715,0.16901373863220215,True
Full,loss_ct_targetness,24,1262,0.011551437885172093,0.0009074310073629022,0.14981728792190552,True
Full,loss_ct_targetness,25,1262,0.011765649880665589,0.0012010678183287382,0.19532456994056702,True
Full,loss_ct_targetness,26,1262,0.011994189510351451,0.0010817153379321098,0.45654213428497314,True
Full,loss_ct_targetness,27,1262,0.011569273764733963,0.001378459855914116,0.1163569912314415,True
Full,loss_ct_targetness,28,1262,0.011437242029665744,0.0013970856089144945,0.11689002811908722,True
Full,loss_ct_targetness,29,1262,0.011685329843383533,0.0003739677194971591,0.21286924183368683,True
Full,loss_ct_targetness,30,1262,0.01141415561955989,0.0014306023949757218,0.14666613936424255,True
Full,loss_ct_targetness,31,1262,0.011246146204489875,0.0007198877283371985,0.15344372391700745,True
Full,loss_ct_targetness,32,1262,0.011302450123846695,0.0011745165102183819,0.14585092663764954,True
Full,loss_ct_targetness,33,1262,0.011647245529175643,0.001326982630416751,0.24851791560649872,True
Full,loss_ct_targetness,34,1262,0.011519908681607816,0.0013871536357328296,0.14590613543987274,True
Full,loss_ct_targetness,35,1262,0.011390702550818999,0.0010429979301989079,0.2010197937488556,True
Full,loss_ct_targetness,36,1262,0.01123231406236531,0.0013055445160716772,0.16678443551063538,True
Full,loss_ct_targetness,37,1262,0.011405330644101317,0.0015394429210573435,0.13241714239120483,True
Full,loss_ct_targetness,38,1262,0.01155870266387124,0.0012523606419563293,0.14370068907737732,True
Full,loss_ct_targetness,39,1262,0.011587627357437989,0.0009990525431931019,0.16253970563411713,True
Full,loss_ct_targetness,40,1262,0.011361092353839627,0.0014491885667666793,0.11421513557434082,True
Full,loss_ct_targetness,41,1262,0.011391801728375135,0.0009566530934534967,0.13034650683403015,True
Full,loss_ct_targetness,42,1262,0.011463298569475824,0.0006797606474719942,0.2608352303504944,True
Full,loss_ct_targetness,43,1262,0.011636442758778343,0.0011914970818907022,0.14264151453971863,True
Full,loss_ct_targetness,44,1262,0.011250365881002826,0.00108338741119951,0.11605139821767807,True
Full,loss_ct_targetness,45,1262,0.01117641296405227,0.0012562895426526666,0.15999174118041992,True
Full,loss_ct_targetness,46,1262,0.011179015720163497,0.001122755347751081,0.12098203599452972,True
Full,loss_ct_targetness,47,1262,0.011206254946243567,0.0007407834054902196,0.15975914895534515,True
Full,loss_ct_targetness,48,1262,0.010899785322985108,0.0011476053623482585,0.14405205845832825,True
Full,loss_ct_targetness,49,1262,0.011160912186187056,0.001099343877285719,0.14666561782360077,True
Full,loss_ct_targetness,50,1262,0.011230871486130707,0.0013379506999626756,0.17043523490428925,True
Full,loss_ct_targetness,51,1262,0.011207206326938291,0.0009854095987975597,0.10865076631307602,True
Full,loss_ct_targetness,52,1262,0.011196734214706343,0.0012220804346725345,0.1191210001707077,True
Full,loss_ct_targetness,53,1262,0.010779055791298923,0.000978864380158484,0.12020156532526016,True
Full,loss_ct_targetness,54,1262,0.011068036707901144,0.0018089356599375606,0.11715278774499893,True
Full,loss_ct_targetness,55,1262,0.011468160827201385,0.0012289176229387522,0.1302591860294342,True
Full,loss_ct_targetness,56,1262,0.011325518537176959,0.00044570944737643003,0.4621764123439789,True
Full,loss_ct_targetness,57,1262,0.011723594782466627,0.001031475025229156,0.24511820077896118,True
Full,loss_ct_targetness,58,1262,0.011138797766715731,0.0011164535535499454,0.13523007929325104,True
Full,loss_ct_targetness,59,1262,0.011138244565257511,0.0011038004886358976,0.15513139963150024,True
Full,loss_ct_targetness,60,1262,0.011013160154637444,0.0011929887114092708,0.09776798635721207,True
Full,loss_ct_vote,1,1262,0.08908042417124812,0.011192051693797112,0.7118603587150574,True
Full,loss_ct_vote,2,1262,0.04570746849838603,0.007906426675617695,0.4739091396331787,True
Full,loss_ct_vote,3,1262,0.041578376686005676,0.007433726917952299,0.36310750246047974,True
Full,loss_ct_vote,4,1262,0.04163595932320339,0.007457274477928877,0.29312247037887573,True
Full,loss_ct_vote,5,1262,0.03982764037020457,0.006500547286123037,0.25915852189064026,True
Full,loss_ct_vote,6,1262,0.03849424222534413,0.004497714806348085,0.3015318214893341,True
Full,loss_ct_vote,7,1262,0.03875615101428658,0.007822182960808277,0.4097525477409363,True
Full,loss_ct_vote,8,1262,0.038275696222099184,0.005010536406189203,0.29436683654785156,True
Full,loss_ct_vote,9,1262,0.03780202756240291,0.005826250649988651,0.35987332463264465,True
Full,loss_ct_vote,10,1262,0.036856773261810326,0.006173484493046999,0.2542848289012909,True
Full,loss_ct_vote,11,1262,0.037653537581507975,0.005642646923661232,0.26355627179145813,True
Full,loss_ct_vote,12,1262,0.036692928862293056,0.0050924960523843765,0.24652177095413208,True
Full,loss_ct_vote,13,1262,0.03669807820864281,0.004729827865958214,0.2596152424812317,True
Full,loss_ct_vote,14,1262,0.03541789995580203,0.005284316372126341,0.26919645071029663,True
Full,loss_ct_vote,15,1262,0.03559072883914058,0.003757801139727235,0.261765718460083,True
Full,loss_ct_vote,16,1262,0.036230193655465606,0.006387075409293175,0.35427892208099365,True
Full,loss_ct_vote,17,1262,0.03466117545879681,0.004604530520737171,0.2523268759250641,True
Full,loss_ct_vote,18,1262,0.03461098989985423,0.003022742923349142,0.2480764091014862,True
Full,loss_ct_vote,19,1262,0.0341626626650453,0.006294597405940294,0.23300091922283173,True
Full,loss_ct_vote,20,1262,0.03379839662131861,0.005250980611890554,0.1848493069410324,True
Full,loss_ct_vote,21,1262,0.03127110184748877,0.004535275977104902,0.29651108384132385,True
Full,loss_ct_vote,22,1262,0.030875813656910167,0.004198447801172733,0.25170594453811646,True
Full,loss_ct_vote,23,1262,0.030345536781719955,0.004569693934172392,0.1924048662185669,True
Full,loss_ct_vote,24,1262,0.031207938935746412,0.005256175994873047,0.2596311867237091,True
Full,loss_ct_vote,25,1262,0.030000966714574067,0.0036487975157797337,0.2013586312532425,True
Full,loss_ct_vote,26,1262,0.030534085813576205,0.004086879547685385,0.17907431721687317,True
Full,loss_ct_vote,27,1262,0.03040930318643181,0.004014163743704557,0.16829970479011536,True
Full,loss_ct_vote,28,1262,0.03038368423184507,0.005003117490559816,0.22242005169391632,True
Full,loss_ct_vote,29,1262,0.030493542272302363,0.004484590608626604,0.269585520029068,True
Full,loss_ct_vote,30,1262,0.03035505135948054,0.004760396666824818,0.22379225492477417,True
Full,loss_ct_vote,31,1262,0.030384573929392616,0.0020963787101209164,0.2251836657524109,True
Full,loss_ct_vote,32,1262,0.03021368618409567,0.005332504864782095,0.19907358288764954,True
Full,loss_ct_vote,33,1262,0.029748056587215556,0.004798233509063721,0.21499502658843994,True
Full,loss_ct_vote,34,1262,0.030592898109104195,0.004833487793803215,0.2933361232280731,True
Full,loss_ct_vote,35,1262,0.02937924673503321,0.00541710015386343,0.22481399774551392,True
Full,loss_ct_vote,36,1262,0.03037055564650206,0.004491363652050495,0.2546689212322235,True
Full,loss_ct_vote,37,1262,0.029525928941877076,0.003234379692003131,0.24762967228889465,True
Full,loss_ct_vote,38,1262,0.02975763736120034,0.004562957677990198,0.20902784168720245,True
Full,loss_ct_vote,39,1262,0.029762398509866603,0.004965530708432198,0.21256878972053528,True
Full,loss_ct_vote,40,1262,0.029458796160838754,0.004511149600148201,0.22834652662277222,True
Full,loss_ct_vote,41,1262,0.030856060318755082,0.004971923306584358,0.20505239069461823,True
Full,loss_ct_vote,42,1262,0.029643166977425126,0.0048531279899179935,0.25906068086624146,True
Full,loss_ct_vote,43,1262,0.02961202645925259,0.004570797551423311,0.22583189606666565,True
Full,loss_ct_vote,44,1262,0.028691318402326593,0.00423404760658741,0.30234697461128235,True
Full,loss_ct_vote,45,1262,0.028828301233063833,0.0035603493452072144,0.24055291712284088,True
Full,loss_ct_vote,46,1262,0.02952914313625739,0.004485935904085636,0.24788938462734222,True
Full,loss_ct_vote,47,1262,0.029216258269668262,0.004970843903720379,0.18363609910011292,True
Full,loss_ct_vote,48,1262,0.028989376546003268,0.00429316982626915,0.20615656673908234,True
Full,loss_ct_vote,49,1262,0.02870099344283413,0.0044955965131521225,0.1838899850845337,True
Full,loss_ct_vote,50,1262,0.02929817229470979,0.005047968123108149,0.24784892797470093,True
Full,loss_ct_vote,51,1262,0.029513198098244528,0.003358997870236635,0.2289937138557434,True
Full,loss_ct_vote,52,1262,0.028570241130971116,0.00477625010535121,0.2427351325750351,True
Full,loss_ct_vote,53,1262,0.029182724622203695,0.005436796694993973,0.17667564749717712,True
Full,loss_ct_vote,54,1262,0.02920742851251031,0.003676661290228367,0.20634198188781738,True
Full,loss_ct_vote,55,1262,0.030325095202086018,0.00506745558232069,0.2196378856897354,True
Full,loss_ct_vote,56,1262,0.02851102507869505,0.004196601454168558,0.17603079974651337,True
Full,loss_ct_vote,57,1262,0.029466889130221694,0.0037891047541052103,0.2800910770893097,True
Full,loss_ct_vote,58,1262,0.02892912105139103,0.00458460533991456,0.24303597211837769,True
Full,loss_ct_vote,59,1262,0.029617858095693797,0.004869006108492613,0.21592453122138977,True
Full,loss_ct_vote,60,1262,0.02985729932675814,0.005016363225877285,0.24970579147338867,True
Full,loss_motion_v3_nll,1,1262,-2.5388071043446376,-4.299479007720947,46.813270568847656,True
Full,loss_motion_v3_nll,2,1262,-2.8968833159247973,-4.346240520477295,19.686506271362305,True
Full,loss_motion_v3_nll,3,1262,-2.9529278881385888,-4.408746242523193,16.680505752563477,True
Full,loss_motion_v3_nll,4,1262,-3.0092153300139346,-4.363678932189941,12.863431930541992,True
Full,loss_motion_v3_nll,5,1262,-3.0048225037694545,-4.345297336578369,14.002843856811523,True
Full,loss_motion_v3_nll,6,1262,-3.037554666417667,-4.304185390472412,10.83728313446045,True
Full,loss_motion_v3_nll,7,1262,-3.071958630952376,-4.504830360412598,11.126997947692871,True
Full,loss_motion_v3_nll,8,1262,-3.107271491332945,-4.476417064666748,13.021657943725586,True
Full,loss_motion_v3_nll,9,1262,-3.1428303210841118,-4.405980587005615,8.516234397888184,True
Full,loss_motion_v3_nll,10,1262,-3.1952457175384943,-4.3332929611206055,7.48193359375,True
Full,loss_motion_v3_nll,11,1262,-3.1958939291967785,-4.4452924728393555,6.240416526794434,True
Full,loss_motion_v3_nll,12,1262,-3.2131295540870393,-4.580471515655518,10.195450782775879,True
Full,loss_motion_v3_nll,13,1262,-3.208697270300526,-4.569238185882568,18.47768783569336,True
Full,loss_motion_v3_nll,14,1262,-3.2650079469944804,-4.543038845062256,6.639123439788818,True
Full,loss_motion_v3_nll,15,1262,-3.2698030524551296,-4.430972099304199,9.07373332977295,True
Full,loss_motion_v3_nll,16,1262,-3.263282983692248,-4.473606109619141,8.111072540283203,True
Full,loss_motion_v3_nll,17,1262,-3.276078890424617,-4.551001071929932,10.104218482971191,True
Full,loss_motion_v3_nll,18,1262,-3.284746127668768,-4.5262017250061035,8.577817916870117,True
Full,loss_motion_v3_nll,19,1262,-3.277238411654714,-4.579107761383057,7.642209529876709,True
Full,loss_motion_v3_nll,20,1262,-3.2808787945699294,-4.551017761230469,6.998377799987793,True
Full,loss_motion_v3_nll,21,1262,-3.2995557063303464,-4.4679646492004395,5.71032190322876,True
Full,loss_motion_v3_nll,22,1262,-3.2815409619331644,-4.541974067687988,7.273106098175049,True
Full,loss_motion_v3_nll,23,1262,-3.2932349954821794,-4.490833759307861,10.562088012695312,True
Full,loss_motion_v3_nll,24,1262,-3.2708465210892697,-4.458573818206787,10.145939826965332,True
Full,loss_motion_v3_nll,25,1262,-3.3026629494781354,-4.505225658416748,7.640992164611816,True
Full,loss_motion_v3_nll,26,1262,-3.283542319535973,-4.459266185760498,10.4534273147583,True
Full,loss_motion_v3_nll,27,1262,-3.301664500489164,-4.398476600646973,10.911900520324707,True
Full,loss_motion_v3_nll,28,1262,-3.273259816117136,-4.475359916687012,10.119312286376953,True
Full,loss_motion_v3_nll,29,1262,-3.3153801793394915,-4.559821605682373,9.096595764160156,True
Full,loss_motion_v3_nll,30,1262,-3.3061772589874345,-4.479722499847412,5.8246378898620605,True
Full,loss_motion_v3_nll,31,1262,-3.3097324341700873,-4.573987007141113,7.290736675262451,True
Full,loss_motion_v3_nll,32,1262,-3.3052529796497474,-4.5768890380859375,8.843371391296387,True
Full,loss_motion_v3_nll,33,1262,-3.293763479883539,-4.506532192230225,5.4736647605896,True
Full,loss_motion_v3_nll,34,1262,-3.2755611399793776,-4.472081184387207,8.637097358703613,True
Full,loss_motion_v3_nll,35,1262,-3.305704491140643,-4.542247772216797,9.554765701293945,True
Full,loss_motion_v3_nll,36,1262,-3.3032753404300723,-4.5319719314575195,8.220207214355469,True
Full,loss_motion_v3_nll,37,1262,-3.3031878329683595,-4.571640491485596,6.267874240875244,True
Full,loss_motion_v3_nll,38,1262,-3.29477716030674,-4.514183044433594,10.974181175231934,True
Full,loss_motion_v3_nll,39,1262,-3.303977549731401,-4.5792555809021,6.1907148361206055,True
Full,loss_motion_v3_nll,40,1262,-3.304716513762265,-4.4625630378723145,6.234337329864502,True
Full,loss_motion_v3_nll,41,1262,-3.2949072840238336,-4.553561210632324,6.830550193786621,True
Full,loss_motion_v3_nll,42,1262,-3.2933690373250024,-4.549675464630127,7.472143173217773,True
Full,loss_motion_v3_nll,43,1262,-3.2949431551274992,-4.431726455688477,9.863137245178223,True
Full,loss_motion_v3_nll,44,1262,-3.315822891327191,-4.583927154541016,7.930960178375244,True
Full,loss_motion_v3_nll,45,1262,-3.311999453875205,-4.461966037750244,6.805556297302246,True
Full,loss_motion_v3_nll,46,1262,-3.3027851688159,-4.588491916656494,6.927220821380615,True
Full,loss_motion_v3_nll,47,1262,-3.297958155279232,-4.534463882446289,5.745365619659424,True
Full,loss_motion_v3_nll,48,1262,-3.317373026048,-4.550383567810059,9.359485626220703,True
Full,loss_motion_v3_nll,49,1262,-3.31223063652659,-4.473855495452881,8.991296768188477,True
Full,loss_motion_v3_nll,50,1262,-3.325318403763434,-4.579033851623535,6.6739654541015625,True
Full,loss_motion_v3_nll,51,1262,-3.29539630094487,-4.463830471038818,8.33094596862793,True
Full,loss_motion_v3_nll,52,1262,-3.3050327490529607,-4.461637496948242,7.500816822052002,True
Full,loss_motion_v3_nll,53,1262,-3.296238699740481,-4.510341167449951,7.3660478591918945,True
Full,loss_motion_v3_nll,54,1262,-3.305021408532057,-4.473829746246338,6.918013572692871,True
Full,loss_motion_v3_nll,55,1262,-3.2880255244790373,-4.422818183898926,5.467301368713379,True
Full,loss_motion_v3_nll,56,1262,-3.3237734081935013,-4.594213485717773,5.798128604888916,True
Full,loss_motion_v3_nll,57,1262,-3.304082562893086,-4.548001766204834,9.597135543823242,True
Full,loss_motion_v3_nll,58,1262,-3.3206051884877414,-4.465435028076172,8.269759178161621,True
Full,loss_motion_v3_nll,59,1262,-3.3007934559992678,-4.4777116775512695,5.60628080368042,True
Full,loss_motion_v3_nll,60,1262,-3.3169376010343834,-4.477368354797363,6.419616222381592,True
Full,loss_motion_v3_prior,1,1262,0.031754759014580435,0.0010479496559128165,0.37807801365852356,True
Full,loss_motion_v3_prior,2,1262,0.031384598179884544,0.0009060451411642134,0.3320780098438263,True
Full,loss_motion_v3_prior,3,1262,0.03096765312132342,0.0004665364685934037,0.5265973210334778,True
Full,loss_motion_v3_prior,4,1262,0.02956868851268273,0.0006621481152251363,0.4060928523540497,True
Full,loss_motion_v3_prior,5,1262,0.0302236083756229,0.0006809374317526817,0.41559016704559326,True
Full,loss_motion_v3_prior,6,1262,0.030488862084542517,0.000860470172483474,0.38657209277153015,True
Full,loss_motion_v3_prior,7,1262,0.03090833512923744,0.00046065362403169274,0.44153308868408203,True
Full,loss_motion_v3_prior,8,1262,0.03009991271617061,0.0005729962140321732,0.41905125975608826,True
Full,loss_motion_v3_prior,9,1262,0.03018514339505103,0.0004869707627221942,0.3711557984352112,True
Full,loss_motion_v3_prior,10,1262,0.02886705338316025,0.0006084778578951955,0.33935657143592834,True
Full,loss_motion_v3_prior,11,1262,0.028448823181799393,0.000576897757127881,0.3082334101200104,True
Full,loss_motion_v3_prior,12,1262,0.027757563133473908,0.00011794952297350392,0.555363655090332,True
Full,loss_motion_v3_prior,13,1262,0.02874980557384486,0.0001757610880304128,0.3914058804512024,True
Full,loss_motion_v3_prior,14,1262,0.02648252924281931,0.00027109013171866536,0.4621018171310425,True
Full,loss_motion_v3_prior,15,1262,0.026882816701717882,0.0002587173948995769,0.31500184535980225,True
Full,loss_motion_v3_prior,16,1262,0.026494854370441762,0.00014768772234674543,0.39163416624069214,True
Full,loss_motion_v3_prior,17,1262,0.02606165858793051,0.0002446040161885321,0.32233527302742004,True
Full,loss_motion_v3_prior,18,1262,0.026578712837432312,0.0002388357388554141,0.3439192771911621,True
Full,loss_motion_v3_prior,19,1262,0.026431726336042582,0.00012957719445694238,0.3557901680469513,True
Full,loss_motion_v3_prior,20,1262,0.026385961597564976,0.00023378118930850178,0.5033010244369507,True
Full,loss_motion_v3_prior,21,1262,0.02614676374072178,0.0001680533168837428,0.3877027928829193,True
Full,loss_motion_v3_prior,22,1262,0.026382959446140674,0.0002857958315871656,0.3743102550506592,True
Full,loss_motion_v3_prior,23,1262,0.02592929367162315,0.0002054695360129699,0.3205852806568146,True
Full,loss_motion_v3_prior,24,1262,0.0268346965368767,0.00019588311261031777,0.5149098038673401,True
Full,loss_motion_v3_prior,25,1262,0.025818475112525625,0.00020447930728551,0.32918664813041687,True
Full,loss_motion_v3_prior,26,1262,0.026306040468764093,0.0003434992104303092,0.33974504470825195,True
Full,loss_motion_v3_prior,27,1262,0.02585002073205704,0.0002860732201952487,0.40309447050094604,True
Full,loss_motion_v3_prior,28,1262,0.026762794114572917,0.0002475250221323222,0.2975529134273529,True
Full,loss_motion_v3_prior,29,1262,0.025417074149087712,0.00021933605603408068,0.3058859407901764,True
Full,loss_motion_v3_prior,30,1262,0.025436562942510243,0.000175348439370282,0.3763728141784668,True
Full,loss_motion_v3_prior,31,1262,0.02576371987061138,0.0001530675363028422,0.4068211019039154,True
Full,loss_motion_v3_prior,32,1262,0.025131200992537742,0.00010070368443848565,0.4476168751716614,True
Full,loss_motion_v3_prior,33,1262,0.026160310433307448,0.0004875270533375442,0.3123779594898224,True
Full,loss_motion_v3_prior,34,1262,0.027198446161209523,0.0001360790483886376,0.4026791751384735,True
Full,loss_motion_v3_prior,35,1262,0.02554287716714782,0.00031406100606545806,0.40805622935295105,True
Full,loss_motion_v3_prior,36,1262,0.026140736021120294,0.00021479002316482365,0.45321038365364075,True
Full,loss_motion_v3_prior,37,1262,0.025493660897672216,0.00014154845848679543,0.45872408151626587,True
Full,loss_motion_v3_prior,38,1262,0.02531706914580121,0.00036583945620805025,0.390625536441803,True
Full,loss_motion_v3_prior,39,1262,0.024666465283240055,0.0001294659305131063,0.32809633016586304,True
Full,loss_motion_v3_prior,40,1262,0.02596458656636433,0.00024592207046225667,0.3232373595237732,True
Full,loss_motion_v3_prior,41,1262,0.026549343639610114,0.00013869538088329136,0.3576379716396332,True
Full,loss_motion_v3_prior,42,1262,0.026468165810673336,0.0001329464721493423,0.33600783348083496,True
Full,loss_motion_v3_prior,43,1262,0.02559813788221011,0.0003659457142930478,0.4083298146724701,True
Full,loss_motion_v3_prior,44,1262,0.024675591790052565,0.00010090123396366835,0.4377821981906891,True
Full,loss_motion_v3_prior,45,1262,0.026093933579825396,0.0002833968319464475,0.42273658514022827,True
Full,loss_motion_v3_prior,46,1262,0.02626157705105114,8.282409544335678e-05,0.3999232053756714,True
Full,loss_motion_v3_prior,47,1262,0.025725359124935523,0.0002778666384983808,0.3460375964641571,True
Full,loss_motion_v3_prior,48,1262,0.024962627547118768,0.00014759581245016307,0.37427499890327454,True
Full,loss_motion_v3_prior,49,1262,0.02568431762837666,0.00024658377515152097,0.33465808629989624,True
Full,loss_motion_v3_prior,50,1262,0.02573821694019744,0.00013058813055977225,0.4050355553627014,True
Full,loss_motion_v3_prior,51,1262,0.025865723625589372,0.00020302245684433728,0.3338048458099365,True
Full,loss_motion_v3_prior,52,1262,0.025254878853100887,0.00038276900886557996,0.49642473459243774,True
Full,loss_motion_v3_prior,53,1262,0.025888807239917162,0.000192115519894287,0.30466675758361816,True
Full,loss_motion_v3_prior,54,1262,0.025453374000767002,0.00015858218830544502,0.320504367351532,True
Full,loss_motion_v3_prior,55,1262,0.026255824320196696,0.00030251129646785557,0.44267523288726807,True
Full,loss_motion_v3_prior,56,1262,0.02570721591035097,5.044306817580946e-05,0.3761780858039856,True
Full,loss_motion_v3_prior,57,1262,0.02593665447610472,0.00012527201033663005,0.48037025332450867,True
Full,loss_motion_v3_prior,58,1262,0.025396281726732695,0.0002380888327024877,0.39344778656959534,True
Full,loss_motion_v3_prior,59,1262,0.02576205479634244,0.0002746109676081687,0.4188454747200012,True
Full,loss_motion_v3_prior,60,1262,0.02569757095609248,0.00017220301378984004,0.38685402274131775,True
Full,loss_seg,1,1262,0.5253025174329852,0.34581178426742554,0.8279398083686829,True
Full,loss_seg,2,1262,0.44299865639200303,0.24925591051578522,0.7900587320327759,True
Full,loss_seg,3,1262,0.3078954871005944,0.16150076687335968,0.5838296413421631,True
Full,loss_seg,4,1262,0.20523212476974434,0.09219077229499817,0.46874332427978516,True
Full,loss_seg,5,1262,0.15182974976494837,0.07008811831474304,0.40877312421798706,True
Full,loss_seg,6,1262,0.126244985051276,0.04897347837686539,0.37973442673683167,True
Full,loss_seg,7,1262,0.1088694197150824,0.03739513084292412,0.40919938683509827,True
Full,loss_seg,8,1262,0.09768002392892414,0.037615664303302765,0.32563602924346924,True
Full,loss_seg,9,1262,0.09107387686523176,0.025060752406716347,0.3087216913700104,True
Full,loss_seg,10,1262,0.08517278060641748,0.027218956500291824,0.29134470224380493,True
Full,loss_seg,11,1262,0.08099502194731861,0.0245746411383152,0.26364171504974365,True
Full,loss_seg,12,1262,0.07715070146990559,0.02393200993537903,0.2992953658103943,True
Full,loss_seg,13,1262,0.07360293463805304,0.02543519251048565,0.2664214074611664,True
Full,loss_seg,14,1262,0.07339842303873007,0.020885974168777466,0.2653489112854004,True
Full,loss_seg,15,1262,0.06848993247283383,0.018946362659335136,0.27835163474082947,True
Full,loss_seg,16,1262,0.06592376745658707,0.01960114762187004,0.29097461700439453,True
Full,loss_seg,17,1262,0.06573276978617802,0.01925412192940712,0.27639082074165344,True
Full,loss_seg,18,1262,0.06225792702992938,0.015619968064129353,0.2960560619831085,True
Full,loss_seg,19,1262,0.05959127507306836,0.01594838872551918,0.20240749418735504,True
Full,loss_seg,20,1262,0.061295481360327045,0.01692298799753189,0.3849988877773285,True
Full,loss_seg,21,1262,0.053883925592452996,0.017393561080098152,0.2172800451517105,True
Full,loss_seg,22,1262,0.05216871837239636,0.014978863298892975,0.22180309891700745,True
Full,loss_seg,23,1262,0.05269668268470799,0.013947495259344578,0.3004395365715027,True
Full,loss_seg,24,1262,0.05300850297874888,0.01316522341221571,0.23530986905097961,True
Full,loss_seg,25,1262,0.0524281556090774,0.013622012920677662,0.22189252078533173,True
Full,loss_seg,26,1262,0.05155384239538465,0.013610725291073322,0.3879862427711487,True
Full,loss_seg,27,1262,0.05108826501049963,0.0144812548533082,0.1804855316877365,True
Full,loss_seg,28,1262,0.04931670677421612,0.014505722559988499,0.22438916563987732,True
Full,loss_seg,29,1262,0.04959100689561875,0.012720591388642788,0.2473774254322052,True
Full,loss_seg,30,1262,0.04928755571419246,0.011882451362907887,0.18966835737228394,True
Full,loss_seg,31,1262,0.04856328877196802,0.014231283217668533,0.18096081912517548,True
Full,loss_seg,32,1262,0.048785529622628034,0.015303329564630985,0.22396701574325562,True
Full,loss_seg,33,1262,0.0481696097245189,0.013558607548475266,0.33097127079963684,True
Full,loss_seg,34,1262,0.04931984615339506,0.012505197897553444,0.2160712331533432,True
Full,loss_seg,35,1262,0.048787176516054645,0.01302209310233593,0.19782234728336334,True
Full,loss_seg,36,1262,0.04792542609300541,0.007273723836988211,0.3378904461860657,True
Full,loss_seg,37,1262,0.04693098126197744,0.013805892318487167,0.27066391706466675,True
Full,loss_seg,38,1262,0.047562975544193184,0.012216687202453613,0.18621990084648132,True
Full,loss_seg,39,1262,0.047065092309742644,0.012666667811572552,0.27329540252685547,True
Full,loss_seg,40,1262,0.04656825666264196,0.011777781881392002,0.226872980594635,True
Full,loss_seg,41,1262,0.04586853983733809,0.013498437590897083,0.1901414841413498,True
Full,loss_seg,42,1262,0.04720481438931261,0.01367572508752346,0.21436399221420288,True
Full,loss_seg,43,1262,0.04618717151547881,0.015593507327139378,0.23615585267543793,True
Full,loss_seg,44,1262,0.045788551716904394,0.012422884814441204,0.2594260573387146,True
Full,loss_seg,45,1262,0.0462467969430643,0.012131698429584503,0.22673621773719788,True
Full,loss_seg,46,1262,0.04724376030833049,0.013206676580011845,0.19321659207344055,True
Full,loss_seg,47,1262,0.04645491261832215,0.012378879822790623,0.19033657014369965,True
Full,loss_seg,48,1262,0.04611024171816519,0.011737089604139328,0.24420543015003204,True
Full,loss_seg,49,1262,0.04662211893920428,0.011520452797412872,0.32099074125289917,True
Full,loss_seg,50,1262,0.04625671992828204,0.012969020754098892,0.20664146542549133,True
Full,loss_seg,51,1262,0.046165042799615585,0.012747889384627342,0.18804551661014557,True
Full,loss_seg,52,1262,0.04650223644955081,0.012795677408576012,0.20732860267162323,True
Full,loss_seg,53,1262,0.04572303740679627,0.011502135545015335,0.19902658462524414,True
Full,loss_seg,54,1262,0.046254746545041234,0.011687690392136574,0.2569924294948578,True
Full,loss_seg,55,1262,0.045786011020214595,0.010425758548080921,0.1624121516942978,True
Full,loss_seg,56,1262,0.04635430331800942,0.011994902975857258,0.20846104621887207,True
Full,loss_seg,57,1262,0.0452258191536374,0.012436209246516228,0.19516029953956604,True
Full,loss_seg,58,1262,0.045616904558486965,0.01261167973279953,0.2068246454000473,True
Full,loss_seg,59,1262,0.04659211432794478,0.013937322422862053,0.19829978048801422,True
Full,loss_seg,60,1262,0.04681163865751137,0.01266591064631939,0.19661708176136017,True
Full,loss_total,1,1262,5.3229231656825675,2.2258224487304688,18.18008041381836,True
Full,loss_total,2,1262,2.4168435917036657,0.7340607643127441,5.62113094329834,True
Full,loss_total,3,1262,1.4908996961904593,0.46262502670288086,4.89046049118042,True
Full,loss_total,4,1262,1.1306014682761085,0.3692738711833954,5.184896469116211,True
Full,loss_total,5,1262,0.9801298448382013,0.3362511992454529,4.692126274108887,True
Full,loss_total,6,1262,0.9326315071852952,0.25553444027900696,4.74606990814209,True
Full,loss_total,7,1262,0.8673737629799382,0.2295524775981903,3.4120006561279297,True
Full,loss_total,8,1262,0.829960048446659,0.21185043454170227,4.0030083656311035,True
Full,loss_total,9,1262,0.7786470674297133,0.22735944390296936,4.033720016479492,True
Full,loss_total,10,1262,0.7331537015724295,0.17836762964725494,3.5086283683776855,True
Full,loss_total,11,1262,0.7052662645580273,0.15823832154273987,3.6051576137542725,True
Full,loss_total,12,1262,0.6910735425877307,0.18290242552757263,4.236587047576904,True
Full,loss_total,13,1262,0.6864913694690411,0.17243973910808563,5.458557605743408,True
Full,loss_total,14,1262,0.6423623168076463,0.13727009296417236,4.369215965270996,True
Full,loss_total,15,1262,0.6154876582194622,0.11612682044506073,4.465661525726318,True
Full,loss_total,16,1262,0.5889268564016052,0.12601889669895172,4.15442419052124,True
Full,loss_total,17,1262,0.5930052338826297,0.13987132906913757,3.291332960128784,True
Full,loss_total,18,1262,0.5622564635686753,0.11914396286010742,3.484708309173584,True
Full,loss_total,19,1262,0.5520443365143143,0.09682102501392365,5.035356044769287,True
Full,loss_total,20,1262,0.5615679562894743,0.13935048878192902,4.351161479949951,True
Full,loss_total,21,1262,0.45171393437544255,0.09259076416492462,2.7607879638671875,True
Full,loss_total,22,1262,0.4292222325543972,0.0735606700181961,3.2748148441314697,True
Full,loss_total,23,1262,0.41532976889950346,0.08977758884429932,2.1332132816314697,True
Full,loss_total,24,1262,0.41101612598471426,0.04201273247599602,3.2297396659851074,True
Full,loss_total,25,1262,0.40287244625141616,0.06869371235370636,2.304616928100586,True
Full,loss_total,26,1262,0.4061290240372795,0.07444838434457779,3.6208348274230957,True
Full,loss_total,27,1262,0.3932833001224203,0.03259197995066643,3.727987766265869,True
Full,loss_total,28,1262,0.3883613571170393,0.07572788745164871,2.6485161781311035,True
Full,loss_total,29,1262,0.38424862220458295,0.06385765969753265,2.6700539588928223,True
Full,loss_total,30,1262,0.38445042934498963,0.06879781186580658,2.285677909851074,True
Full,loss_total,31,1262,0.37941353574466025,0.06394645571708679,2.053745746612549,True
Full,loss_total,32,1262,0.3721223205398833,0.04288385063409805,2.964508533477783,True
Full,loss_total,33,1262,0.3741247524136881,0.05875217914581299,4.221304416656494,True
Full,loss_total,34,1262,0.37885341191702715,0.04657255485653877,2.0722134113311768,True
Full,loss_total,35,1262,0.36528001115812364,0.04951702803373337,1.8660715818405151,True
Full,loss_total,36,1262,0.37432124630419655,0.07122810184955597,1.9499441385269165,True
Full,loss_total,37,1262,0.3695734945906654,0.040338318794965744,7.326379299163818,True
Full,loss_total,38,1262,0.36903198323730624,0.05589389055967331,2.442128896713257,True
Full,loss_total,39,1262,0.35588956142225187,0.05688784644007683,2.0441253185272217,True
Full,loss_total,40,1262,0.3546704100872938,0.06302812695503235,1.775654911994934,True
Full,loss_total,41,1262,0.3539159022147654,0.03975415602326393,3.1611011028289795,True
Full,loss_total,42,1262,0.3551345040841639,0.05628392472863197,2.1255617141723633,True
Full,loss_total,43,1262,0.34532211675779473,0.042759690433740616,4.32286262512207,True
Full,loss_total,44,1262,0.3497861767565557,0.02373049594461918,2.605591058731079,True
Full,loss_total,45,1262,0.3387097704317273,0.03683643415570259,2.330423355102539,True
Full,loss_total,46,1262,0.347512507663594,0.04291490837931633,1.8768073320388794,True
Full,loss_total,47,1262,0.3447779284497921,0.06396859139204025,2.8604488372802734,True
Full,loss_total,48,1262,0.3448843267257731,0.03667738661170006,2.697202444076538,True
Full,loss_total,49,1262,0.34372116673424863,0.02589522674679756,2.8234331607818604,True
Full,loss_total,50,1262,0.34320770811862217,0.032688040286302567,2.4346697330474854,True
Full,loss_total,51,1262,0.3448044659891616,0.04991479590535164,1.9281716346740723,True
Full,loss_total,52,1262,0.34709860132077325,0.048689618706703186,1.7983744144439697,True
Full,loss_total,53,1262,0.3373612963908873,0.014075931161642075,1.9884670972824097,True
Full,loss_total,54,1262,0.3451143145390008,0.03693445026874542,1.8991494178771973,True
Full,loss_total,55,1262,0.35114221948770163,0.04443250969052315,2.245514392852783,True
Full,loss_total,56,1262,0.34316272462132236,0.06631763279438019,2.1061244010925293,True
Full,loss_total,57,1262,0.3412093888619906,0.055532488971948624,2.519944906234741,True
Full,loss_total,58,1262,0.33569201386921854,0.05581416189670563,2.303727149963379,True
Full,loss_total,59,1262,0.34396560898378326,0.02040659636259079,2.3588356971740723,True
Full,loss_total,60,1262,0.34004593551713863,0.04962645843625069,1.8029993772506714,True
Full,motion_v3_kinematic_rmse,1,1262,0.31126659220636554,0.0682579055428505,2.484645128250122,True
Full,motion_v3_kinematic_rmse,2,1262,0.31219881137747396,0.06531654298305511,2.3228886127471924,True
Full,motion_v3_kinematic_rmse,3,1262,0.31147447340603673,0.06353669613599777,2.7771546840667725,True
Full,motion_v3_kinematic_rmse,4,1262,0.30673731535248067,0.06754351407289505,2.374626398086548,True
Full,motion_v3_kinematic_rmse,5,1262,0.3084327944756593,0.07685525715351105,2.620518445968628,True
Full,motion_v3_kinematic_rmse,6,1262,0.31124598797404823,0.07763167470693588,2.508772850036621,True
Full,motion_v3_kinematic_rmse,7,1262,0.3142562932179866,0.06862092018127441,2.8077852725982666,True
Full,motion_v3_kinematic_rmse,8,1262,0.31127998401099455,0.07455352693796158,2.6201279163360596,True
Full,motion_v3_kinematic_rmse,9,1262,0.3155292349021805,0.07832027226686478,2.5664260387420654,True
Full,motion_v3_kinematic_rmse,10,1262,0.3135185415920006,0.06756703555583954,2.4598333835601807,True
Full,motion_v3_kinematic_rmse,11,1262,0.3133247160779315,0.07619121670722961,2.3914785385131836,True
Full,motion_v3_kinematic_rmse,12,1262,0.3090152995286011,0.08030639588832855,2.9144911766052246,True
Full,motion_v3_kinematic_rmse,13,1262,0.32184832884373643,0.061454080045223236,2.581232786178589,True
Full,motion_v3_kinematic_rmse,14,1262,0.3102950717834682,0.07241383194923401,2.5635595321655273,True
Full,motion_v3_kinematic_rmse,15,1262,0.31136765126758825,0.08126065880060196,2.45180344581604,True
Full,motion_v3_kinematic_rmse,16,1262,0.30944237395200036,0.07695043832063675,2.3910746574401855,True
Full,motion_v3_kinematic_rmse,17,1262,0.30902249878493804,0.07386805862188339,2.4836792945861816,True
Full,motion_v3_kinematic_rmse,18,1262,0.3122972799273187,0.0706581249833107,2.4650423526763916,True
Full,motion_v3_kinematic_rmse,19,1262,0.31431031898372525,0.07575353980064392,2.4601492881774902,True
Full,motion_v3_kinematic_rmse,20,1262,0.3127147669058216,0.07805924862623215,2.9523191452026367,True
Full,motion_v3_kinematic_rmse,21,1262,0.3144072282899956,0.06483861804008484,2.639763355255127,True
Full,motion_v3_kinematic_rmse,22,1262,0.3145840536189013,0.05983631685376167,2.4911792278289795,True
Full,motion_v3_kinematic_rmse,23,1262,0.312382528821092,0.07531296461820602,2.3424508571624756,True
Full,motion_v3_kinematic_rmse,24,1262,0.31222468194818914,0.07327553629875183,2.7494218349456787,True
Full,motion_v3_kinematic_rmse,25,1262,0.3099383863985019,0.06228729709982872,2.5919370651245117,True
Full,motion_v3_kinematic_rmse,26,1262,0.31620073235238033,0.06736484915018082,2.4284751415252686,True
Full,motion_v3_kinematic_rmse,27,1262,0.31125952566128146,0.0753646194934845,2.3915367126464844,True
Full,motion_v3_kinematic_rmse,28,1262,0.3168712553528334,0.07324047386646271,2.4099440574645996,True
Full,motion_v3_kinematic_rmse,29,1262,0.3081240911928202,0.07975979149341583,2.3468096256256104,True
Full,motion_v3_kinematic_rmse,30,1262,0.30849720741933573,0.07270236313343048,2.5355546474456787,True
Full,motion_v3_kinematic_rmse,31,1262,0.3098428986329001,0.07403489947319031,2.598533868789673,True
Full,motion_v3_kinematic_rmse,32,1262,0.3079083043957947,0.06428953260183334,2.637509822845459,True
Full,motion_v3_kinematic_rmse,33,1262,0.3140500050374615,0.08079694956541061,2.436249256134033,True
Full,motion_v3_kinematic_rmse,34,1262,0.323770177602272,0.062052782624959946,2.5959739685058594,True
Full,motion_v3_kinematic_rmse,35,1262,0.3101882413974277,0.07904661446809769,2.4330544471740723,True
Full,motion_v3_kinematic_rmse,36,1262,0.3140333995293891,0.06379550695419312,2.4813075065612793,True
Full,motion_v3_kinematic_rmse,37,1262,0.3097473355261063,0.06977658718824387,2.6547491550445557,True
Full,motion_v3_kinematic_rmse,38,1262,0.3104995718718803,0.07290036976337433,2.5562798976898193,True
Full,motion_v3_kinematic_rmse,39,1262,0.30895702165393557,0.06460534036159515,2.540435314178467,True
Full,motion_v3_kinematic_rmse,40,1262,0.3141282688761381,0.05836067348718643,2.3883965015411377,True
Full,motion_v3_kinematic_rmse,41,1262,0.3163399562038918,0.07527845352888107,2.350879669189453,True
Full,motion_v3_kinematic_rmse,42,1262,0.31344818750694514,0.07505759596824646,2.425400733947754,True
Full,motion_v3_kinematic_rmse,43,1262,0.30952116327504914,0.07982443273067474,2.61631178855896,True
Full,motion_v3_kinematic_rmse,44,1262,0.30482493972084035,0.07055022567510605,2.461489677429199,True
Full,motion_v3_kinematic_rmse,45,1262,0.31213509500109354,0.052498456090688705,2.6384778022766113,True
Full,motion_v3_kinematic_rmse,46,1262,0.3138203523675254,0.07611701637506485,2.5809991359710693,True
Full,motion_v3_kinematic_rmse,47,1262,0.31194117072550503,0.08316101133823395,2.4740231037139893,True
Full,motion_v3_kinematic_rmse,48,1262,0.3052077175202158,0.0746954083442688,2.6855809688568115,True
Full,motion_v3_kinematic_rmse,49,1262,0.3119980053955515,0.07849821448326111,2.4864516258239746,True
Full,motion_v3_kinematic_rmse,50,1262,0.308867975272439,0.07185100764036179,2.6362321376800537,True
Full,motion_v3_kinematic_rmse,51,1262,0.31278868291155093,0.06939015537500381,2.4303739070892334,True
Full,motion_v3_kinematic_rmse,52,1262,0.30706116762573105,0.0637006163597107,2.324507713317871,True
Full,motion_v3_kinematic_rmse,53,1262,0.31160327685899475,0.0572269931435585,2.429227352142334,True
Full,motion_v3_kinematic_rmse,54,1262,0.31006510836174106,0.07585768401622772,2.5114200115203857,True
Full,motion_v3_kinematic_rmse,55,1262,0.3164899395144118,0.0697893351316452,2.4062206745147705,True
Full,motion_v3_kinematic_rmse,56,1262,0.3099912079124934,0.07238852977752686,2.4767701625823975,True
Full,motion_v3_kinematic_rmse,57,1262,0.3117734703889173,0.07458770275115967,2.7227783203125,True
Full,motion_v3_kinematic_rmse,58,1262,0.31086521983595355,0.07782553136348724,2.5254340171813965,True
Full,motion_v3_kinematic_rmse,59,1262,0.3107423386086375,0.06303360313177109,2.5296413898468018,True
Full,motion_v3_kinematic_rmse,60,1262,0.3130560636508578,0.06834911555051804,2.539402484893799,True
Full,motion_v3_prior_rmse,1,1262,0.33947796327919477,0.06474410742521286,2.338340997695923,True
Full,motion_v3_prior_rmse,2,1262,0.33366263046766237,0.060201168060302734,2.1507325172424316,True
Full,motion_v3_prior_rmse,3,1262,0.3314969828632762,0.04319890961050987,2.5993812084198,True
Full,motion_v3_prior_rmse,4,1262,0.3225986717561062,0.05146447941660881,2.195676803588867,True
Full,motion_v3_prior_rmse,5,1262,0.32621560643372466,0.052189555019140244,2.397620439529419,True
Full,motion_v3_prior_rmse,6,1262,0.3291728897212094,0.05866754427552223,2.3078770637512207,True
Full,motion_v3_prior_rmse,7,1262,0.3302577119674858,0.04292568564414978,2.57330584526062,True
Full,motion_v3_prior_rmse,8,1262,0.32399537825806396,0.047874677926301956,2.354027032852173,True
Full,motion_v3_prior_rmse,9,1262,0.32315500316737006,0.04413482919335365,2.2555153369903564,True
Full,motion_v3_prior_rmse,10,1262,0.31660305416704454,0.04933468624949455,2.285552501678467,True
Full,motion_v3_prior_rmse,11,1262,0.31380359332258745,0.048037391155958176,2.051370143890381,True
Full,motion_v3_prior_rmse,12,1262,0.3050517926461959,0.02172091417014599,2.444211006164551,True
Full,motion_v3_prior_rmse,13,1262,0.3144324356926201,0.02651498280465603,2.406912326812744,True
Full,motion_v3_prior_rmse,14,1262,0.29970672353511757,0.03292962908744812,2.2582685947418213,True
Full,motion_v3_prior_rmse,15,1262,0.3014657536607159,0.032169390469789505,2.230588912963867,True
Full,motion_v3_prior_rmse,16,1262,0.2972961918254591,0.024305367842316628,2.1866252422332764,True
Full,motion_v3_prior_rmse,17,1262,0.29658898180749166,0.03127964213490486,2.210441827774048,True
Full,motion_v3_prior_rmse,18,1262,0.2991771675238944,0.030908621847629547,2.37347412109375,True
Full,motion_v3_prior_rmse,19,1262,0.29823997560386706,0.022766396403312683,2.2429301738739014,True
Full,motion_v3_prior_rmse,20,1262,0.2952898122877969,0.030579809099435806,2.5422158241271973,True
Full,motion_v3_prior_rmse,21,1262,0.2966124537355147,0.025927076116204262,2.1394667625427246,True
Full,motion_v3_prior_rmse,22,1262,0.29546663375267324,0.033810995519161224,2.2991414070129395,True
Full,motion_v3_prior_rmse,23,1262,0.2944139536328484,0.028668418526649475,2.1775758266448975,True
Full,motion_v3_prior_rmse,24,1262,0.2961699666467196,0.027991648763418198,2.7107181549072266,True
Full,motion_v3_prior_rmse,25,1262,0.29300571611762144,0.028599251061677933,2.0958831310272217,True
Full,motion_v3_prior_rmse,26,1262,0.2960518254306634,0.037067461758852005,2.1023430824279785,True
Full,motion_v3_prior_rmse,27,1262,0.2932084236801757,0.03382739797234535,2.254157304763794,True
Full,motion_v3_prior_rmse,28,1262,0.2991557645710353,0.03146585449576378,2.0651402473449707,True
Full,motion_v3_prior_rmse,29,1262,0.29091679535528703,0.02961999736726284,2.1927154064178467,True
Full,motion_v3_prior_rmse,30,1262,0.2908520180903222,0.026483837515115738,2.089451551437378,True
Full,motion_v3_prior_rmse,31,1262,0.2919243260326599,0.024744093418121338,2.168240547180176,True
Full,motion_v3_prior_rmse,32,1262,0.28891314469756063,0.02007024548947811,2.2050509452819824,True
Full,motion_v3_prior_rmse,33,1262,0.29674980634153364,0.04416003078222275,2.0379011631011963,True
Full,motion_v3_prior_rmse,34,1262,0.3024034592472076,0.023330586031079292,2.1096203327178955,True
Full,motion_v3_prior_rmse,35,1262,0.291799746929017,0.03544353321194649,2.2521793842315674,True
Full,motion_v3_prior_rmse,36,1262,0.29466631653439695,0.02931143343448639,2.3374617099761963,True
Full,motion_v3_prior_rmse,37,1262,0.28998902112706054,0.023794827982783318,2.2509407997131348,True
Full,motion_v3_prior_rmse,38,1262,0.2902318008846224,0.03825385868549347,2.124891996383667,True
Full,motion_v3_prior_rmse,39,1262,0.28772664634679135,0.02275661937892437,2.0539989471435547,True
Full,motion_v3_prior_rmse,40,1262,0.2954794287758329,0.03136380389332771,2.011685371398926,True
Full,motion_v3_prior_rmse,41,1262,0.29656053220826645,0.023553799837827682,2.1991782188415527,True
Full,motion_v3_prior_rmse,42,1262,0.2959830504465736,0.02306048385798931,2.050780773162842,True
Full,motion_v3_prior_rmse,43,1262,0.28879188502387465,0.038259416818618774,2.2568328380584717,True
Full,motion_v3_prior_rmse,44,1262,0.2837506455226127,0.020089920610189438,2.2096331119537354,True
Full,motion_v3_prior_rmse,45,1262,0.2940718485057212,0.03366879001259804,2.306413412094116,True
Full,motion_v3_prior_rmse,46,1262,0.29368520513908986,0.018201548606157303,2.115257740020752,True
Full,motion_v3_prior_rmse,47,1262,0.29189029239153524,0.03333866596221924,2.0808398723602295,True
Full,motion_v3_prior_rmse,48,1262,0.2866185662069501,0.02429780177772045,2.1927123069763184,True
Full,motion_v3_prior_rmse,49,1262,0.2912297286181792,0.0314059741795063,2.0561792850494385,True
Full,motion_v3_prior_rmse,50,1262,0.29071579291743543,0.022855032235383987,2.1509416103363037,True
Full,motion_v3_prior_rmse,51,1262,0.2931813436978026,0.02849718928337097,2.0211970806121826,True
Full,motion_v3_prior_rmse,52,1262,0.28671136428196153,0.03912896662950516,2.4810352325439453,True
Full,motion_v3_prior_rmse,53,1262,0.2932107390794555,0.02772114798426628,2.0179896354675293,True
Full,motion_v3_prior_rmse,54,1262,0.29236004020274864,0.025185884907841682,2.060206174850464,True
Full,motion_v3_prior_rmse,55,1262,0.2965888987470967,0.03478570282459259,2.146742105484009,True
Full,motion_v3_prior_rmse,56,1262,0.2916996021601541,0.014204655773937702,2.2531421184539795,True
Full,motion_v3_prior_rmse,57,1262,0.293232125746715,0.022384995594620705,2.4109530448913574,True
Full,motion_v3_prior_rmse,58,1262,0.2880004423252778,0.030860254541039467,2.2223706245422363,True
Full,motion_v3_prior_rmse,59,1262,0.291315297027917,0.033142779022455215,2.2294111251831055,True
Full,motion_v3_prior_rmse,60,1262,0.2908253627467647,0.026245228946208954,2.0325303077697754,True
Full,motion_v3_sigma_parallel_mean,1,1262,0.1927883156978196,0.11026592552661896,0.3611983358860016,True
Full,motion_v3_sigma_parallel_mean,2,1262,0.2235559989622958,0.10548754781484604,0.5238979458808899,True
Full,motion_v3_sigma_parallel_mean,3,1262,0.23844520838579927,0.10282931476831436,0.5838587284088135,True
Full,motion_v3_sigma_parallel_mean,4,1262,0.2429579957764708,0.10164836794137955,0.5334760546684265,True
Full,motion_v3_sigma_parallel_mean,5,1262,0.24744040331849015,0.10092824697494507,0.5654669404029846,True
Full,motion_v3_sigma_parallel_mean,6,1262,0.24827769629527385,0.11743736267089844,0.5029639601707458,True
Full,motion_v3_sigma_parallel_mean,7,1262,0.25001491667044523,0.10055088996887207,0.580498456954956,True
Full,motion_v3_sigma_parallel_mean,8,1262,0.24721713410173846,0.1009662076830864,0.5748910307884216,True
Full,motion_v3_sigma_parallel_mean,9,1262,0.24531721486082733,0.10016798228025436,0.5520002245903015,True
Full,motion_v3_sigma_parallel_mean,10,1262,0.24241125808583008,0.11868485063314438,0.5839321613311768,True
Full,motion_v3_sigma_parallel_mean,11,1262,0.24144274371243696,0.10070613026618958,0.5554163455963135,True
Full,motion_v3_sigma_parallel_mean,12,1262,0.2389834257825713,0.10006998479366302,0.5693178176879883,True
Full,motion_v3_sigma_parallel_mean,13,1262,0.23756942269281617,0.10006596148014069,0.627040684223175,True
Full,motion_v3_sigma_parallel_mean,14,1262,0.2339074260742653,0.10004634410142899,0.6684809327125549,True
Full,motion_v3_sigma_parallel_mean,15,1262,0.235002661675876,0.11495544761419296,0.538967490196228,True
Full,motion_v3_sigma_parallel_mean,16,1262,0.23413058986116891,0.10003937035799026,0.570512056350708,True
Full,motion_v3_sigma_parallel_mean,17,1262,0.23091497435787967,0.10000333189964294,0.497368186712265,True
Full,motion_v3_sigma_parallel_mean,18,1262,0.23056836065536634,0.10086138546466827,0.5715655088424683,True
Full,motion_v3_sigma_parallel_mean,19,1262,0.22748275217489472,0.100007563829422,0.5880725979804993,True
Full,motion_v3_sigma_parallel_mean,20,1262,0.2285292375413627,0.10108566284179688,0.5632737874984741,True
Full,motion_v3_sigma_parallel_mean,21,1262,0.2266044329598003,0.11265408992767334,0.4824439287185669,True
Full,motion_v3_sigma_parallel_mean,22,1262,0.22677452733560144,0.1000068262219429,0.5221014618873596,True
Full,motion_v3_sigma_parallel_mean,23,1262,0.22645666686413593,0.10001067817211151,0.505833089351654,True
Full,motion_v3_sigma_parallel_mean,24,1262,0.22593832772856848,0.11457984894514084,0.5476742386817932,True
Full,motion_v3_sigma_parallel_mean,25,1262,0.22540757021676341,0.10025862604379654,0.5069618821144104,True
Full,motion_v3_sigma_parallel_mean,26,1262,0.22416400781311627,0.1000368669629097,0.5038633346557617,True
Full,motion_v3_sigma_parallel_mean,27,1262,0.22476425658905563,0.11436551064252853,0.5600602626800537,True
Full,motion_v3_sigma_parallel_mean,28,1262,0.22539765785098453,0.11252368241548538,0.7105563879013062,True
Full,motion_v3_sigma_parallel_mean,29,1262,0.2247708415680472,0.1000005453824997,0.6026406288146973,True
Full,motion_v3_sigma_parallel_mean,30,1262,0.22409339541371576,0.10001581907272339,0.5560387969017029,True
Full,motion_v3_sigma_parallel_mean,31,1262,0.22366850004898953,0.10004580020904541,0.6466103196144104,True
Full,motion_v3_sigma_parallel_mean,32,1262,0.223098413856396,0.10000332444906235,0.49842312932014465,True
Full,motion_v3_sigma_parallel_mean,33,1262,0.2234492480235319,0.10000711679458618,0.49348074197769165,True
Full,motion_v3_sigma_parallel_mean,34,1262,0.22553316829652303,0.11420921236276627,0.5655087232589722,True
Full,motion_v3_sigma_parallel_mean,35,1262,0.224364429281319,0.10000576078891754,0.46451327204704285,True
Full,motion_v3_sigma_parallel_mean,36,1262,0.224239360771353,0.10016532987356186,0.6029117107391357,True
Full,motion_v3_sigma_parallel_mean,37,1262,0.22256814758108837,0.10016531497240067,0.5515187382698059,True
Full,motion_v3_sigma_parallel_mean,38,1262,0.22322258404005915,0.10038016736507416,0.5234259366989136,True
Full,motion_v3_sigma_parallel_mean,39,1262,0.22281884567342733,0.10000108182430267,0.5132129192352295,True
Full,motion_v3_sigma_parallel_mean,40,1262,0.22438783396962328,0.10031906515359879,0.6016224026679993,True
Full,motion_v3_sigma_parallel_mean,41,1262,0.22270746858533702,0.10004424303770065,0.6108208298683167,True
Full,motion_v3_sigma_parallel_mean,42,1262,0.22308338585821838,0.10005883127450943,0.6355457901954651,True
Full,motion_v3_sigma_parallel_mean,43,1262,0.22313626267594505,0.10001535713672638,0.5863837599754333,True
Full,motion_v3_sigma_parallel_mean,44,1262,0.22172145907384846,0.10009776800870895,0.5861526131629944,True
Full,motion_v3_sigma_parallel_mean,45,1262,0.22313909579168786,0.1137828454375267,0.5792502164840698,True
Full,motion_v3_sigma_parallel_mean,46,1262,0.22350673423563433,0.10000593215227127,0.5070371031761169,True
Full,motion_v3_sigma_parallel_mean,47,1262,0.22281680811674773,0.10004014521837234,0.6479952931404114,True
Full,motion_v3_sigma_parallel_mean,48,1262,0.22241854080236656,0.10000918805599213,0.5281112790107727,True
Full,motion_v3_sigma_parallel_mean,49,1262,0.22254667485430954,0.1124114990234375,0.5819277763366699,True
Full,motion_v3_sigma_parallel_mean,50,1262,0.22241569412562245,0.10000097006559372,0.5914314985275269,True
Full,motion_v3_sigma_parallel_mean,51,1262,0.22348091420724917,0.114738829433918,0.5388762950897217,True
Full,motion_v3_sigma_parallel_mean,52,1262,0.222936040909279,0.10002865642309189,0.5717687010765076,True
Full,motion_v3_sigma_parallel_mean,53,1262,0.22397845810524258,0.10258893668651581,0.7015256881713867,True
Full,motion_v3_sigma_parallel_mean,54,1262,0.22297369366402484,0.10001639276742935,0.5809888243675232,True
Full,motion_v3_sigma_parallel_mean,55,1262,0.22350326672833998,0.10332605987787247,0.5105247497558594,True
Full,motion_v3_sigma_parallel_mean,56,1262,0.22191082973700318,0.10006216913461685,0.5579162836074829,True
Full,motion_v3_sigma_parallel_mean,57,1262,0.22310828343151867,0.1000034511089325,0.5519980788230896,True
Full,motion_v3_sigma_parallel_mean,58,1262,0.22178874235074797,0.11320003867149353,0.5321734547615051,True
Full,motion_v3_sigma_parallel_mean,59,1262,0.2227349473656452,0.100189708173275,0.6061431765556335,True
Full,motion_v3_sigma_parallel_mean,60,1262,0.22229375682546862,0.11396902054548264,0.4956933557987213,True
Full,motion_v3_sigma_perpendicular_mean,1,1262,0.1528201394326241,0.10544395446777344,0.22462134063243866,True
Full,motion_v3_sigma_perpendicular_mean,2,1262,0.15648622678595753,0.10198250412940979,0.2845582067966461,True
Full,motion_v3_sigma_perpendicular_mean,3,1262,0.15770464576485607,0.10145658254623413,0.286908894777298,True
Full,motion_v3_sigma_perpendicular_mean,4,1262,0.15714865435274958,0.10064201802015305,0.2765575647354126,True
Full,motion_v3_sigma_perpendicular_mean,5,1262,0.15486663482528293,0.10065333545207977,0.2710157334804535,True
Full,motion_v3_sigma_perpendicular_mean,6,1262,0.1509545444733745,0.1056390330195427,0.25309112668037415,True
Full,motion_v3_sigma_perpendicular_mean,7,1262,0.14758813800954404,0.1001860573887825,0.278194785118103,True
Full,motion_v3_sigma_perpendicular_mean,8,1262,0.14059838638441688,0.10026475787162781,0.2685232162475586,True
Full,motion_v3_sigma_perpendicular_mean,9,1262,0.1377746321603349,0.1000177338719368,0.2549123764038086,True
Full,motion_v3_sigma_perpendicular_mean,10,1262,0.13430921533240947,0.10386896133422852,0.2766323387622833,True
Full,motion_v3_sigma_perpendicular_mean,11,1262,0.13240783712376505,0.10015026479959488,0.25492551922798157,True
Full,motion_v3_sigma_perpendicular_mean,12,1262,0.13149445629700807,0.1000140830874443,0.252232164144516,True
Full,motion_v3_sigma_perpendicular_mean,13,1262,0.12863824537198063,0.10001377761363983,0.268327534198761,True
Full,motion_v3_sigma_perpendicular_mean,14,1262,0.12690757629468966,0.1000073179602623,0.3372352123260498,True
Full,motion_v3_sigma_perpendicular_mean,15,1262,0.12668753064070754,0.10092198103666306,0.2785763740539551,True
Full,motion_v3_sigma_perpendicular_mean,16,1262,0.12478417844737388,0.10000783205032349,0.2798561751842499,True
Full,motion_v3_sigma_perpendicular_mean,17,1262,0.12518381777259324,0.10000276565551758,0.25932344794273376,True
Full,motion_v3_sigma_perpendicular_mean,18,1262,0.12429622591439216,0.10003287345170975,0.27092409133911133,True
Full,motion_v3_sigma_perpendicular_mean,19,1262,0.1244608611340757,0.1000075414776802,0.2873435318470001,True
Full,motion_v3_sigma_perpendicular_mean,20,1262,0.124669104826337,0.10005603730678558,0.27756619453430176,True
Full,motion_v3_sigma_perpendicular_mean,21,1262,0.12277190562001121,0.10139606148004532,0.25891855359077454,True
Full,motion_v3_sigma_perpendicular_mean,22,1262,0.12337785494025272,0.10000482201576233,0.27053412795066833,True
Full,motion_v3_sigma_perpendicular_mean,23,1262,0.12335389651795008,0.10001067817211151,0.2658519446849823,True
Full,motion_v3_sigma_perpendicular_mean,24,1262,0.1240084739357658,0.10137397795915604,0.27464759349823,True
Full,motion_v3_sigma_perpendicular_mean,25,1262,0.12321604019039785,0.10002942383289337,0.26862725615501404,True
Full,motion_v3_sigma_perpendicular_mean,26,1262,0.12327977137052691,0.10000411421060562,0.2669556438922882,True
Full,motion_v3_sigma_perpendicular_mean,27,1262,0.12317645928206988,0.10081149637699127,0.2915765345096588,True
Full,motion_v3_sigma_perpendicular_mean,28,1262,0.12388318322492665,0.10083767771720886,0.32722002267837524,True
Full,motion_v3_sigma_perpendicular_mean,29,1262,0.12341963325032342,0.10000050067901611,0.2686232328414917,True
Full,motion_v3_sigma_perpendicular_mean,30,1262,0.12288751016871298,0.10000675916671753,0.2860143482685089,True
Full,motion_v3_sigma_perpendicular_mean,31,1262,0.12325119789801951,0.10001174360513687,0.3019905984401703,True
Full,motion_v3_sigma_perpendicular_mean,32,1262,0.12300112236013692,0.1000019907951355,0.26227107644081116,True
Full,motion_v3_sigma_perpendicular_mean,33,1262,0.1236444718474537,0.10000711679458618,0.2735831141471863,True
Full,motion_v3_sigma_perpendicular_mean,34,1262,0.12396676018361812,0.10122515261173248,0.2750684320926666,True
Full,motion_v3_sigma_perpendicular_mean,35,1262,0.12374059968109932,0.10000405460596085,0.2537568509578705,True
Full,motion_v3_sigma_perpendicular_mean,36,1262,0.12392848925502667,0.100077785551548,0.3249407410621643,True
Full,motion_v3_sigma_perpendicular_mean,37,1262,0.12334438026093077,0.10002201050519943,0.2642901837825775,True
Full,motion_v3_sigma_perpendicular_mean,38,1262,0.1228904280038152,0.10011260956525803,0.2707306742668152,True
Full,motion_v3_sigma_perpendicular_mean,39,1262,0.12283514860999754,0.10000108927488327,0.2594042122364044,True
Full,motion_v3_sigma_perpendicular_mean,40,1262,0.1238874941710058,0.1000213697552681,0.2913437485694885,True
Full,motion_v3_sigma_perpendicular_mean,41,1262,0.12300090918615579,0.10001283884048462,0.2887779176235199,True
Full,motion_v3_sigma_perpendicular_mean,42,1262,0.12343831070464122,0.10002033412456512,0.3375867009162903,True
Full,motion_v3_sigma_perpendicular_mean,43,1262,0.12307636553743373,0.10001454502344131,0.31273943185806274,True
Full,motion_v3_sigma_perpendicular_mean,44,1262,0.12266914649806007,0.1000102162361145,0.3047102987766266,True
Full,motion_v3_sigma_perpendicular_mean,45,1262,0.12320570234451354,0.10189064592123032,0.2861435115337372,True
Full,motion_v3_sigma_perpendicular_mean,46,1262,0.12335682157928894,0.10000584274530411,0.2722984254360199,True
Full,motion_v3_sigma_perpendicular_mean,47,1262,0.1229573648936586,0.10002610832452774,0.299154669046402,True
Full,motion_v3_sigma_perpendicular_mean,48,1262,0.12286265466580679,0.10000138729810715,0.2709665596485138,True
Full,motion_v3_sigma_perpendicular_mean,49,1262,0.12292203877457726,0.1002587229013443,0.32081541419029236,True
Full,motion_v3_sigma_perpendicular_mean,50,1262,0.12328618785540578,0.10000094771385193,0.31191495060920715,True
Full,motion_v3_sigma_perpendicular_mean,51,1262,0.12330034359250507,0.10146047919988632,0.2968767583370209,True
Full,motion_v3_sigma_perpendicular_mean,52,1262,0.12300479635832427,0.10000374168157578,0.2722533047199249,True
Full,motion_v3_sigma_perpendicular_mean,53,1262,0.12364794436116038,0.10009122639894485,0.3436596095561981,True
Full,motion_v3_sigma_perpendicular_mean,54,1262,0.12314067789236831,0.10000601410865784,0.28433048725128174,True
Full,motion_v3_sigma_perpendicular_mean,55,1262,0.12349893469747197,0.10048320144414902,0.27436643838882446,True
Full,motion_v3_sigma_perpendicular_mean,56,1262,0.12316961178523614,0.10000698268413544,0.28783270716667175,True
Full,motion_v3_sigma_perpendicular_mean,57,1262,0.12333314909515593,0.1000034436583519,0.30208444595336914,True
Full,motion_v3_sigma_perpendicular_mean,58,1262,0.1229289116458923,0.101242296397686,0.2750089764595032,True
Full,motion_v3_sigma_perpendicular_mean,59,1262,0.12289162583519275,0.10001709312200546,0.3181115686893463,True
Full,motion_v3_sigma_perpendicular_mean,60,1262,0.12298119695718428,0.10091887414455414,0.26606589555740356,True
Full,search_has_usable_points_mean,1,1262,0.8292888272583201,0.4375,1.0,True
Full,search_has_usable_points_mean,2,1262,0.8262183042789224,0.5,1.0,True
Full,search_has_usable_points_mean,3,1262,0.8278526148969889,0.5,1.0,True
Full,search_has_usable_points_mean,4,1262,0.8258716323296355,0.5,1.0,True
Full,search_has_usable_points_mean,5,1262,0.8274564183835182,0.5,1.0,True
Full,search_has_usable_points_mean,6,1262,0.8287935816164818,0.5,1.0,True
Full,search_has_usable_points_mean,7,1262,0.8302793185419969,0.3125,1.0,True
Full,search_has_usable_points_mean,8,1262,0.8257725832012678,0.4375,1.0,True
Full,search_has_usable_points_mean,9,1262,0.8279021394611727,0.5,1.0,True
Full,search_has_usable_points_mean,10,1262,0.8281002377179081,0.5,1.0,True
Full,search_has_usable_points_mean,11,1262,0.8286945324881141,0.5,1.0,True
Full,search_has_usable_points_mean,12,1262,0.8268125990491284,0.5,1.0,True
Full,search_has_usable_points_mean,13,1262,0.8280507131537242,0.5,1.0,True
Full,search_has_usable_points_mean,14,1262,0.8279021394611727,0.4375,1.0,True
Full,search_has_usable_points_mean,15,1262,0.830526941362916,0.4375,1.0,True
Full,search_has_usable_points_mean,16,1262,0.8300316957210776,0.5,1.0,True
Full,search_has_usable_points_mean,17,1262,0.8299821711568938,0.5,1.0,True
Full,search_has_usable_points_mean,18,1262,0.8268125990491284,0.5,1.0,True
Full,search_has_usable_points_mean,19,1262,0.8268125990491284,0.4375,1.0,True
Full,search_has_usable_points_mean,20,1262,0.8263668779714739,0.5,1.0,True
Full,search_has_usable_points_mean,21,1262,0.8268621236133122,0.375,1.0,True
Full,search_has_usable_points_mean,22,1262,0.8262183042789224,0.5,1.0,True
Full,search_has_usable_points_mean,23,1262,0.8261192551505546,0.4375,1.0,True
Full,search_has_usable_points_mean,24,1262,0.8279516640253566,0.4375,1.0,True
Full,search_has_usable_points_mean,25,1262,0.8282983359746434,0.4375,1.0,True
Full,search_has_usable_points_mean,26,1262,0.8279021394611727,0.375,1.0,True
Full,search_has_usable_points_mean,27,1262,0.8282488114104596,0.4375,1.0,True
Full,search_has_usable_points_mean,28,1262,0.8265649762282092,0.5,1.0,True
Full,search_has_usable_points_mean,29,1262,0.8285954833597464,0.4375,1.0,True
Full,search_has_usable_points_mean,30,1262,0.8271592709984152,0.5,1.0,True
Full,search_has_usable_points_mean,31,1262,0.8275554675118859,0.4375,1.0,True
Full,search_has_usable_points_mean,32,1262,0.8265154516640254,0.5,1.0,True
Full,search_has_usable_points_mean,33,1262,0.8275059429477021,0.375,1.0,True
Full,search_has_usable_points_mean,34,1262,0.8265649762282092,0.5,1.0,True
Full,search_has_usable_points_mean,35,1262,0.8264164025356577,0.5,1.0,True
Full,search_has_usable_points_mean,36,1262,0.8262678288431062,0.5,1.0,True
Full,search_has_usable_points_mean,37,1262,0.8290412044374009,0.5,1.0,True
Full,search_has_usable_points_mean,38,1262,0.8272087955625991,0.5625,1.0,True
Full,search_has_usable_points_mean,39,1262,0.8261687797147385,0.4375,1.0,True
Full,search_has_usable_points_mean,40,1262,0.8292393026941363,0.5,1.0,True
Full,search_has_usable_points_mean,41,1262,0.8276049920760697,0.375,1.0,True
Full,search_has_usable_points_mean,42,1262,0.8272087955625991,0.5,1.0,True
Full,search_has_usable_points_mean,43,1262,0.8270106973058637,0.4375,1.0,True
Full,search_has_usable_points_mean,44,1262,0.825723058637084,0.5,1.0,True
Full,search_has_usable_points_mean,45,1262,0.8266640253565769,0.5,1.0,True
Full,search_has_usable_points_mean,46,1262,0.8280011885895404,0.4375,1.0,True
Full,search_has_usable_points_mean,47,1262,0.8288431061806656,0.4375,1.0,True
Full,search_has_usable_points_mean,48,1262,0.8281002377179081,0.5,1.0,True
Full,search_has_usable_points_mean,49,1262,0.8289421553090333,0.5,1.0,True
Full,search_has_usable_points_mean,50,1262,0.8284964342313788,0.4375,1.0,True
Full,search_has_usable_points_mean,51,1262,0.8276049920760697,0.4375,1.0,True
Full,search_has_usable_points_mean,52,1262,0.8288431061806656,0.5,1.0,True
Full,search_has_usable_points_mean,53,1262,0.8265154516640254,0.4375,1.0,True
Full,search_has_usable_points_mean,54,1262,0.8287440570522979,0.375,1.0,True
Full,search_has_usable_points_mean,55,1262,0.8271097464342314,0.4375,1.0,True
Full,search_has_usable_points_mean,56,1262,0.8280011885895404,0.4375,1.0,True
Full,search_has_usable_points_mean,57,1262,0.8273573692551506,0.5,1.0,True
Full,search_has_usable_points_mean,58,1262,0.8269116481774961,0.3125,1.0,True
Full,search_has_usable_points_mean,59,1262,0.8293878763866878,0.5,1.0,True
Full,search_has_usable_points_mean,60,1262,0.8271097464342314,0.5,1.0,True
Full,trajectory_search_valid_mean,1,1262,0.25921156893819336,0.0,0.8125,True
Full,trajectory_search_valid_mean,2,1262,0.2549029318541997,0.0,0.625,True
Full,trajectory_search_valid_mean,3,1262,0.25797345483359746,0.0,0.625,True
Full,trajectory_search_valid_mean,4,1262,0.2566362916006339,0.0,0.625,True
Full,trajectory_search_valid_mean,5,1262,0.25539817749603805,0.0,0.625,True
Full,trajectory_search_valid_mean,6,1262,0.2557448494453249,0.0,0.6875,True
Full,trajectory_search_valid_mean,7,1262,0.25782488114104596,0.0,0.75,True
Full,trajectory_search_valid_mean,8,1262,0.2558934231378764,0.0,0.625,True
Full,trajectory_search_valid_mean,9,1262,0.25921156893819336,0.0,0.625,True
Full,trajectory_search_valid_mean,10,1262,0.2560419968304279,0.0,0.625,True
Full,trajectory_search_valid_mean,11,1262,0.25643819334389856,0.0,0.625,True
Full,trajectory_search_valid_mean,12,1262,0.25767630744849446,0.0,0.625,True
Full,trajectory_search_valid_mean,13,1262,0.26084587955625993,0.0,0.75,True
Full,trajectory_search_valid_mean,14,1262,0.2575772583201268,0.0,0.6875,True
Full,trajectory_search_valid_mean,15,1262,0.25782488114104596,0.0,0.625,True
Full,trajectory_search_valid_mean,16,1262,0.2566858161648177,0.0,0.625,True
Full,trajectory_search_valid_mean,17,1262,0.2568343898573692,0.0,0.75,True
Full,trajectory_search_valid_mean,18,1262,0.2566858161648177,0.0,0.625,True
Full,trajectory_search_valid_mean,19,1262,0.25866679873217113,0.0,0.6875,True
Full,trajectory_search_valid_mean,20,1262,0.25708201267828845,0.0,0.6875,True
Full,trajectory_search_valid_mean,21,1262,0.2573296354992076,0.0,0.5625,True
Full,trajectory_search_valid_mean,22,1262,0.2549029318541997,0.0,0.625,True
Full,trajectory_search_valid_mean,23,1262,0.25495245641838354,0.0,0.625,True
Full,trajectory_search_valid_mean,24,1262,0.2580229793977813,0.0,0.75,True
Full,trajectory_search_valid_mean,25,1262,0.25693343898573695,0.0,0.625,True
Full,trajectory_search_valid_mean,26,1262,0.2558934231378764,0.0,0.625,True
Full,trajectory_search_valid_mean,27,1262,0.25614104595879555,0.0,0.625,True
Full,trajectory_search_valid_mean,28,1262,0.2559429477020602,0.0,0.625,True
Full,trajectory_search_valid_mean,29,1262,0.25866679873217113,0.0,0.625,True
Full,trajectory_search_valid_mean,30,1262,0.2587658478605388,0.0,0.6875,True
Full,trajectory_search_valid_mean,31,1262,0.25584389857369255,0.0,0.625,True
Full,trajectory_search_valid_mean,32,1262,0.2561905705229794,0.0,0.6875,True
Full,trajectory_search_valid_mean,33,1262,0.2571315372424723,0.0,0.6875,True
Full,trajectory_search_valid_mean,34,1262,0.2573296354992076,0.0,0.625,True
Full,trajectory_search_valid_mean,35,1262,0.2571810618066561,0.0,0.625,True
Full,trajectory_search_valid_mean,36,1262,0.25312004754358164,0.0,0.625,True
Full,trajectory_search_valid_mean,37,1262,0.2571810618066561,0.0,0.625,True
Full,trajectory_search_valid_mean,38,1262,0.2583201267828843,0.0,0.625,True
Full,trajectory_search_valid_mean,39,1262,0.2580229793977813,0.0,0.625,True
Full,trajectory_search_valid_mean,40,1262,0.25841917591125196,0.0,0.625,True
Full,trajectory_search_valid_mean,41,1262,0.2551505546751189,0.0,0.625,True
Full,trajectory_search_valid_mean,42,1262,0.2557448494453249,0.0,0.6875,True
Full,trajectory_search_valid_mean,43,1262,0.2578744057052298,0.0,0.75,True
Full,trajectory_search_valid_mean,44,1262,0.2544076862123613,0.0,0.625,True
Full,trajectory_search_valid_mean,45,1262,0.2566362916006339,0.0,0.625,True
Full,trajectory_search_valid_mean,46,1262,0.2580229793977813,0.0,0.6875,True
Full,trajectory_search_valid_mean,47,1262,0.25723058637083995,0.0,0.625,True
Full,trajectory_search_valid_mean,48,1262,0.25980586370839936,0.0,0.6875,True
Full,trajectory_search_valid_mean,49,1262,0.2575772583201268,0.0,0.625,True
Full,trajectory_search_valid_mean,50,1262,0.2559429477020602,0.0,0.625,True
Full,trajectory_search_valid_mean,51,1262,0.2568343898573692,0.0,0.625,True
Full,trajectory_search_valid_mean,52,1262,0.25767630744849446,0.0,0.6875,True
Full,trajectory_search_valid_mean,53,1262,0.25822107765451663,0.0,0.625,True
Full,trajectory_search_valid_mean,54,1262,0.2575772583201268,0.0,0.625,True
Full,trajectory_search_valid_mean,55,1262,0.25737916006339145,0.0,0.625,True
Full,trajectory_search_valid_mean,56,1262,0.2568343898573692,0.0,0.625,True
Full,trajectory_search_valid_mean,57,1262,0.25812202852614896,0.0,0.625,True
Full,trajectory_search_valid_mean,58,1262,0.2568343898573692,0.0,0.6875,True
Full,trajectory_search_valid_mean,59,1262,0.26119255150554677,0.0,0.625,True
Full,trajectory_search_valid_mean,60,1262,0.25856774960380347,0.0,0.6875,True
-B1,ct_candidate_valid_rate,1,1262,0.8405309033280507,0.4375,1.0,True
-B1,ct_candidate_valid_rate,2,1262,0.8375099049128367,0.5,1.0,True
-B1,ct_candidate_valid_rate,3,1262,0.8392927892234548,0.5,1.0,True
-B1,ct_candidate_valid_rate,4,1262,0.8376089540412044,0.5,1.0,True
-B1,ct_candidate_valid_rate,5,1262,0.839243264659271,0.5,1.0,True
-B1,ct_candidate_valid_rate,6,1262,0.8399861331220285,0.5,1.0,True
-B1,ct_candidate_valid_rate,7,1262,0.841323296354992,0.375,1.0,True
-B1,ct_candidate_valid_rate,8,1262,0.8373613312202852,0.4375,1.0,True
-B1,ct_candidate_valid_rate,9,1262,0.8385499207606973,0.5,1.0,True
-B1,ct_candidate_valid_rate,10,1262,0.8385499207606973,0.5,1.0,True
-B1,ct_candidate_valid_rate,11,1262,0.8402337559429477,0.5,1.0,True
-B1,ct_candidate_valid_rate,12,1262,0.8384013470681458,0.5,1.0,True
-B1,ct_candidate_valid_rate,13,1262,0.839243264659271,0.5,1.0,True
-B1,ct_candidate_valid_rate,14,1262,0.8391937400950872,0.4375,1.0,True
-B1,ct_candidate_valid_rate,15,1262,0.841323296354992,0.5,1.0,True
-B1,ct_candidate_valid_rate,16,1262,0.8407785261489699,0.5,1.0,True
-B1,ct_candidate_valid_rate,17,1262,0.8414223454833597,0.5,1.0,True
-B1,ct_candidate_valid_rate,18,1262,0.837410855784469,0.5,1.0,True
-B1,ct_candidate_valid_rate,19,1262,0.8382527733755943,0.5,1.0,True
-B1,ct_candidate_valid_rate,20,1262,0.8369156101426307,0.5,1.0,True
-B1,ct_candidate_valid_rate,21,1262,0.8385003961965135,0.4375,1.0,True
-B1,ct_candidate_valid_rate,22,1262,0.8375099049128367,0.5,1.0,True
-B1,ct_candidate_valid_rate,23,1262,0.8377080031695721,0.4375,1.0,True
-B1,ct_candidate_valid_rate,24,1262,0.8393918383518225,0.4375,1.0,True
-B1,ct_candidate_valid_rate,25,1262,0.8399366085578447,0.4375,1.0,True
-B1,ct_candidate_valid_rate,26,1262,0.8389956418383518,0.375,1.0,True
-B1,ct_candidate_valid_rate,27,1262,0.8399861331220285,0.4375,1.0,True
-B1,ct_candidate_valid_rate,28,1262,0.8384013470681458,0.5,1.0,True
-B1,ct_candidate_valid_rate,29,1262,0.839837559429477,0.4375,1.0,True
-B1,ct_candidate_valid_rate,30,1262,0.8385499207606973,0.5,1.0,True
-B1,ct_candidate_valid_rate,31,1262,0.8390946909667195,0.5,1.0,True
-B1,ct_candidate_valid_rate,32,1262,0.8378565768621236,0.5,1.0,True
-B1,ct_candidate_valid_rate,33,1262,0.8385003961965135,0.375,1.0,True
-B1,ct_candidate_valid_rate,34,1262,0.8371632329635499,0.5625,1.0,True
-B1,ct_candidate_valid_rate,35,1262,0.8385994453248812,0.5,1.0,True
-B1,ct_candidate_valid_rate,36,1262,0.838054675118859,0.5,1.0,True
-B1,ct_candidate_valid_rate,37,1262,0.8397385103011094,0.5,1.0,True
-B1,ct_candidate_valid_rate,38,1262,0.8381041996830428,0.5625,1.0,True
-B1,ct_candidate_valid_rate,39,1262,0.837410855784469,0.4375,1.0,True
-B1,ct_candidate_valid_rate,40,1262,0.8406794770206022,0.5625,1.0,True
-B1,ct_candidate_valid_rate,41,1262,0.8385003961965135,0.375,1.0,True
-B1,ct_candidate_valid_rate,42,1262,0.8381041996830428,0.5,1.0,True
-B1,ct_candidate_valid_rate,43,1262,0.8380051505546752,0.4375,1.0,True
-B1,ct_candidate_valid_rate,44,1262,0.8367175118858954,0.5,1.0,True
-B1,ct_candidate_valid_rate,45,1262,0.8379556259904913,0.5,1.0,True
-B1,ct_candidate_valid_rate,46,1262,0.8391442155309033,0.4375,1.0,True
-B1,ct_candidate_valid_rate,47,1262,0.839837559429477,0.4375,1.0,True
-B1,ct_candidate_valid_rate,48,1262,0.8387480190174327,0.5,1.0,True
-B1,ct_candidate_valid_rate,49,1262,0.8399861331220285,0.5,1.0,True
-B1,ct_candidate_valid_rate,50,1262,0.839243264659271,0.4375,1.0,True
-B1,ct_candidate_valid_rate,51,1262,0.838351822503962,0.4375,1.0,True
-B1,ct_candidate_valid_rate,52,1262,0.84013470681458,0.5,1.0,True
-B1,ct_candidate_valid_rate,53,1262,0.837410855784469,0.5,1.0,True
-B1,ct_candidate_valid_rate,54,1262,0.8394908874801902,0.375,1.0,True
-B1,ct_candidate_valid_rate,55,1262,0.8376089540412044,0.4375,1.0,True
-B1,ct_candidate_valid_rate,56,1262,0.8385994453248812,0.5,1.0,True
-B1,ct_candidate_valid_rate,57,1262,0.8389956418383518,0.5,1.0,True
-B1,ct_candidate_valid_rate,58,1262,0.8388470681458003,0.3125,1.0,True
-B1,ct_candidate_valid_rate,59,1262,0.8397880348652932,0.5,1.0,True
-B1,ct_candidate_valid_rate,60,1262,0.8372127575277337,0.5,1.0,True
-B1,ct_final_rmse,1,1262,0.811964674225511,0.25557518005371094,3.621316909790039,True
-B1,ct_final_rmse,2,1262,0.5122857603662176,0.21988916397094727,1.3978064060211182,True
-B1,ct_final_rmse,3,1262,0.45895375953706813,0.19464872777462006,1.4211297035217285,True
-B1,ct_final_rmse,4,1262,0.4321284491433017,0.1630750298500061,1.5548384189605713,True
-B1,ct_final_rmse,5,1262,0.4112900996406558,0.16494837403297424,1.5553464889526367,True
-B1,ct_final_rmse,6,1262,0.4057915312977487,0.17818573117256165,1.2807605266571045,True
-B1,ct_final_rmse,7,1262,0.39111335488204535,0.15850383043289185,1.2396068572998047,True
-B1,ct_final_rmse,8,1262,0.3852130701372816,0.1450735628604889,1.3059630393981934,True
-B1,ct_final_rmse,9,1262,0.37163195283212674,0.14355841279029846,1.1864622831344604,True
-B1,ct_final_rmse,10,1262,0.3606822651039024,0.15788015723228455,1.5929365158081055,True
-B1,ct_final_rmse,11,1262,0.3523955839064722,0.15991604328155518,1.08699631690979,True
-B1,ct_final_rmse,12,1262,0.3576191919612242,0.15476006269454956,1.6256484985351562,True
-B1,ct_final_rmse,13,1262,0.345254227164808,0.14915956556797028,1.1576498746871948,True
-B1,ct_final_rmse,14,1262,0.3276200623453702,0.13040654361248016,1.148268461227417,True
-B1,ct_final_rmse,15,1262,0.32660890589047537,0.12874755263328552,1.4012553691864014,True
-B1,ct_final_rmse,16,1262,0.3232738961673765,0.13263612985610962,1.2796858549118042,True
-B1,ct_final_rmse,17,1262,0.3197407997589671,0.13156911730766296,1.2461049556732178,True
-B1,ct_final_rmse,18,1262,0.3177740890680327,0.14474818110466003,1.0392332077026367,True
-B1,ct_final_rmse,19,1262,0.31515839913189886,0.1483888030052185,1.2719495296478271,True
-B1,ct_final_rmse,20,1262,0.3111578758138862,0.11854903399944305,1.3828991651535034,True
-B1,ct_final_rmse,21,1262,0.27454837549790717,0.12525811791419983,1.0550488233566284,True
-B1,ct_final_rmse,22,1262,0.26716519868600574,0.12072815001010895,1.0857062339782715,True
-B1,ct_final_rmse,23,1262,0.2641291241331259,0.11818091571331024,0.948722779750824,True
-B1,ct_final_rmse,24,1262,0.2642993006601386,0.11527679860591888,0.9157822132110596,True
-B1,ct_final_rmse,25,1262,0.2599078321182973,0.11983391642570496,0.930401623249054,True
-B1,ct_final_rmse,26,1262,0.258561753055373,0.11830052733421326,0.9161951541900635,True
-B1,ct_final_rmse,27,1262,0.25703891226800424,0.12187369912862778,1.0761313438415527,True
-B1,ct_final_rmse,28,1262,0.2545559795222078,0.12973470985889435,0.8121203780174255,True
-B1,ct_final_rmse,29,1262,0.254427521812793,0.11735226958990097,0.9815735816955566,True
-B1,ct_final_rmse,30,1262,0.2533234535596922,0.11529689282178879,0.7646948099136353,True
-B1,ct_final_rmse,31,1262,0.25117704644208855,0.11091433465480804,0.9303738474845886,True
-B1,ct_final_rmse,32,1262,0.24891086594569134,0.12285809218883514,1.1378066539764404,True
-B1,ct_final_rmse,33,1262,0.2505148142434527,0.12978731095790863,1.6922297477722168,True
-B1,ct_final_rmse,34,1262,0.2509588751995053,0.13103602826595306,0.9757083654403687,True
-B1,ct_final_rmse,35,1262,0.24783005032883204,0.10850827395915985,0.9402201771736145,True
-B1,ct_final_rmse,36,1262,0.2516130155835023,0.12559285759925842,0.8885533809661865,True
-B1,ct_final_rmse,37,1262,0.24767853470781903,0.13226772844791412,1.5993530750274658,True
-B1,ct_final_rmse,38,1262,0.24926705644857108,0.11731065064668655,0.8898763656616211,True
-B1,ct_final_rmse,39,1262,0.24398319273242483,0.1208370178937912,0.9500762224197388,True
-B1,ct_final_rmse,40,1262,0.24294638938363494,0.12006498873233795,0.8263281583786011,True
-B1,ct_final_rmse,41,1262,0.24140320518740382,0.10642796754837036,1.518555760383606,True
-B1,ct_final_rmse,42,1262,0.2412836400588322,0.1136924996972084,1.1481804847717285,True
-B1,ct_final_rmse,43,1262,0.2361360566835207,0.09302758425474167,1.8448935747146606,True
-B1,ct_final_rmse,44,1262,0.23909668459685404,0.1164996474981308,1.1201486587524414,True
-B1,ct_final_rmse,45,1262,0.23721315838077744,0.11102092266082764,0.904198408126831,True
-B1,ct_final_rmse,46,1262,0.24009745517854833,0.0789833590388298,1.3488640785217285,True
-B1,ct_final_rmse,47,1262,0.23846154794592864,0.08839114755392075,0.9225538372993469,True
-B1,ct_final_rmse,48,1262,0.23911982215645763,0.1205315813422203,1.083191990852356,True
-B1,ct_final_rmse,49,1262,0.23830668244469563,0.10258162766695023,1.0575652122497559,True
-B1,ct_final_rmse,50,1262,0.23646644579627435,0.11624559760093689,0.7915236353874207,True
-B1,ct_final_rmse,51,1262,0.23801576413462167,0.107323057949543,0.9149092435836792,True
-B1,ct_final_rmse,52,1262,0.23751030593118652,0.11109916865825653,0.7619014978408813,True
-B1,ct_final_rmse,53,1262,0.23648379528791705,0.0995343029499054,1.044762134552002,True
-B1,ct_final_rmse,54,1262,0.23826641235766244,0.11904120445251465,1.0235645771026611,True
-B1,ct_final_rmse,55,1262,0.23841093201928207,0.09715224802494049,0.9000341296195984,True
-B1,ct_final_rmse,56,1262,0.2400327666283315,0.10842878371477127,1.1689577102661133,True
-B1,ct_final_rmse,57,1262,0.23668800091899328,0.12436503916978836,1.105831503868103,True
-B1,ct_final_rmse,58,1262,0.23597818022673556,0.12517574429512024,1.0527539253234863,True
-B1,ct_final_rmse,59,1262,0.2397798513152331,0.11742046475410461,0.8774653077125549,True
-B1,ct_final_rmse,60,1262,0.23826881377070716,0.11800576746463776,0.8969179391860962,True
-B1,ct_foreground_points,1,1262,29.17031497622821,4.8125,78.375,True
-B1,ct_foreground_points,2,1262,28.8143324088748,5.375,72.25,True
-B1,ct_foreground_points,3,1262,29.01213351822504,5.0,74.1875,True
-B1,ct_foreground_points,4,1262,28.88054675118859,5.0625,88.5,True
-B1,ct_foreground_points,5,1262,29.070324881141048,4.1875,63.6875,True
-B1,ct_foreground_points,6,1262,28.827704041204438,3.4375,73.0,True
-B1,ct_foreground_points,7,1262,29.126188589540412,6.0,74.875,True
-B1,ct_foreground_points,8,1262,28.901941362916006,3.8125,78.75,True
-B1,ct_foreground_points,9,1262,29.206666006339145,2.5,69.625,True
-B1,ct_foreground_points,10,1262,28.919819730586372,4.3125,69.625,True
-B1,ct_foreground_points,11,1262,28.999306656101425,3.625,73.25,True
-B1,ct_foreground_points,12,1262,28.928684627575276,3.625,62.75,True
-B1,ct_foreground_points,13,1262,29.149068938193345,4.0625,72.0625,True
-B1,ct_foreground_points,14,1262,28.950624009508715,4.75,67.4375,True
-B1,ct_foreground_points,15,1262,29.080279318541997,5.0,71.5,True
-B1,ct_foreground_points,16,1262,29.218898573692552,5.5625,68.9375,True
-B1,ct_foreground_points,17,1262,29.142630744849445,5.4375,76.3125,True
-B1,ct_foreground_points,18,1262,28.89347266244057,4.6875,77.1875,True
-B1,ct_foreground_points,19,1262,28.918581616481774,5.875,70.9375,True
-B1,ct_foreground_points,20,1262,29.188094294770206,3.6875,67.125,True
-B1,ct_foreground_points,21,1262,29.022880348652933,5.875,73.8125,True
-B1,ct_foreground_points,22,1262,28.918284469096672,5.25,65.0,True
-B1,ct_foreground_points,23,1262,28.834984152139462,5.4375,69.8125,True
-B1,ct_foreground_points,24,1262,29.247177099841522,4.375,70.6875,True
-B1,ct_foreground_points,25,1262,29.00321909667195,3.5625,74.3125,True
-B1,ct_foreground_points,26,1262,28.822652535657685,5.1875,69.5,True
-B1,ct_foreground_points,27,1262,29.261638272583202,7.6875,77.8125,True
-B1,ct_foreground_points,28,1262,28.950970681458003,2.8125,73.75,True
-B1,ct_foreground_points,29,1262,29.385944928684626,6.375,67.75,True
-B1,ct_foreground_points,30,1262,29.09761291600634,4.5,70.3125,True
-B1,ct_foreground_points,31,1262,28.942353407290017,4.3125,65.0,True
-B1,ct_foreground_points,32,1262,28.92744651347068,2.9375,74.6875,True
-B1,ct_foreground_points,33,1262,29.154912836767036,5.375,69.625,True
-B1,ct_foreground_points,34,1262,29.04724643423138,5.5625,69.125,True
-B1,ct_foreground_points,35,1262,29.121038034865293,6.1875,76.0625,True
-B1,ct_foreground_points,36,1262,28.913975832012678,6.6875,66.0625,True
-B1,ct_foreground_points,37,1262,29.00128763866878,6.375,81.9375,True
-B1,ct_foreground_points,38,1262,29.047741679873216,5.625,70.75,True
-B1,ct_foreground_points,39,1262,29.163678684627577,3.625,67.5,True
-B1,ct_foreground_points,40,1262,28.952803090332804,3.9375,73.625,True
-B1,ct_foreground_points,41,1262,28.87049326465927,3.9375,71.0,True
-B1,ct_foreground_points,42,1262,29.00064381933439,5.5,71.0625,True
-B1,ct_foreground_points,43,1262,29.185122820919176,5.375,71.875,True
-B1,ct_foreground_points,44,1262,28.894562202852615,4.6875,69.4375,True
-B1,ct_foreground_points,45,1262,28.95349643423138,4.8125,76.625,True
-B1,ct_foreground_points,46,1262,29.173484548335974,4.875,73.3125,True
-B1,ct_foreground_points,47,1262,29.006784865293184,5.5,75.9375,True
-B1,ct_foreground_points,48,1262,29.102119651347067,5.0625,68.6875,True
-B1,ct_foreground_points,49,1262,29.113262678288432,5.25,72.75,True
-B1,ct_foreground_points,50,1262,29.031200475435817,5.375,76.5625,True
-B1,ct_foreground_points,51,1262,29.019809825673534,5.875,75.9375,True
-B1,ct_foreground_points,52,1262,29.085826069730587,3.8125,77.125,True
-B1,ct_foreground_points,53,1262,29.14139263074485,5.4375,74.625,True
-B1,ct_foreground_points,54,1262,29.104546354992078,3.5625,65.875,True
-B1,ct_foreground_points,55,1262,29.032587163232964,4.4375,68.4375,True
-B1,ct_foreground_points,56,1262,29.021642234548334,5.25,66.1875,True
-B1,ct_foreground_points,57,1262,28.956913629160063,4.25,75.0625,True
-B1,ct_foreground_points,58,1262,28.87356378763867,3.5625,78.1875,True
-B1,ct_foreground_points,59,1262,29.338896592709983,6.5625,70.25,True
-B1,ct_foreground_points,60,1262,29.11207408874802,6.0,70.0625,True
-B1,ct_motion_residual_saturation,1,1262,0.0,0.0,0.0,True
-B1,ct_motion_residual_saturation,2,1262,0.0,0.0,0.0,True
-B1,ct_motion_residual_saturation,3,1262,0.0,0.0,0.0,True
-B1,ct_motion_residual_saturation,4,1262,0.0,0.0,0.0,True
-B1,ct_motion_residual_saturation,5,1262,0.0,0.0,0.0,True
-B1,ct_motion_residual_saturation,6,1262,0.0,0.0,0.0,True
-B1,ct_motion_residual_saturation,7,1262,0.0,0.0,0.0,True
-B1,ct_motion_residual_saturation,8,1262,0.0,0.0,0.0,True
-B1,ct_motion_residual_saturation,9,1262,0.0,0.0,0.0,True
-B1,ct_motion_residual_saturation,10,1262,0.0,0.0,0.0,True
-B1,ct_motion_residual_saturation,11,1262,0.0,0.0,0.0,True
-B1,ct_motion_residual_saturation,12,1262,0.0,0.0,0.0,True
-B1,ct_motion_residual_saturation,13,1262,0.0,0.0,0.0,True
-B1,ct_motion_residual_saturation,14,1262,0.0,0.0,0.0,True
-B1,ct_motion_residual_saturation,15,1262,0.0,0.0,0.0,True
-B1,ct_motion_residual_saturation,16,1262,0.0,0.0,0.0,True
-B1,ct_motion_residual_saturation,17,1262,0.0,0.0,0.0,True
-B1,ct_motion_residual_saturation,18,1262,0.0,0.0,0.0,True
-B1,ct_motion_residual_saturation,19,1262,0.0,0.0,0.0,True
-B1,ct_motion_residual_saturation,20,1262,0.0,0.0,0.0,True
-B1,ct_motion_residual_saturation,21,1262,0.0,0.0,0.0,True
-B1,ct_motion_residual_saturation,22,1262,0.0,0.0,0.0,True
-B1,ct_motion_residual_saturation,23,1262,0.0,0.0,0.0,True
-B1,ct_motion_residual_saturation,24,1262,0.0,0.0,0.0,True
-B1,ct_motion_residual_saturation,25,1262,0.0,0.0,0.0,True
-B1,ct_motion_residual_saturation,26,1262,0.0,0.0,0.0,True
-B1,ct_motion_residual_saturation,27,1262,0.0,0.0,0.0,True
-B1,ct_motion_residual_saturation,28,1262,0.0,0.0,0.0,True
-B1,ct_motion_residual_saturation,29,1262,0.0,0.0,0.0,True
-B1,ct_motion_residual_saturation,30,1262,0.0,0.0,0.0,True
-B1,ct_motion_residual_saturation,31,1262,0.0,0.0,0.0,True
-B1,ct_motion_residual_saturation,32,1262,0.0,0.0,0.0,True
-B1,ct_motion_residual_saturation,33,1262,0.0,0.0,0.0,True
-B1,ct_motion_residual_saturation,34,1262,0.0,0.0,0.0,True
-B1,ct_motion_residual_saturation,35,1262,0.0,0.0,0.0,True
-B1,ct_motion_residual_saturation,36,1262,0.0,0.0,0.0,True
-B1,ct_motion_residual_saturation,37,1262,0.0,0.0,0.0,True
-B1,ct_motion_residual_saturation,38,1262,0.0,0.0,0.0,True
-B1,ct_motion_residual_saturation,39,1262,0.0,0.0,0.0,True
-B1,ct_motion_residual_saturation,40,1262,0.0,0.0,0.0,True
-B1,ct_motion_residual_saturation,41,1262,0.0,0.0,0.0,True
-B1,ct_motion_residual_saturation,42,1262,0.0,0.0,0.0,True
-B1,ct_motion_residual_saturation,43,1262,0.0,0.0,0.0,True
-B1,ct_motion_residual_saturation,44,1262,0.0,0.0,0.0,True
-B1,ct_motion_residual_saturation,45,1262,0.0,0.0,0.0,True
-B1,ct_motion_residual_saturation,46,1262,0.0,0.0,0.0,True
-B1,ct_motion_residual_saturation,47,1262,0.0,0.0,0.0,True
-B1,ct_motion_residual_saturation,48,1262,0.0,0.0,0.0,True
-B1,ct_motion_residual_saturation,49,1262,0.0,0.0,0.0,True
-B1,ct_motion_residual_saturation,50,1262,0.0,0.0,0.0,True
-B1,ct_motion_residual_saturation,51,1262,0.0,0.0,0.0,True
-B1,ct_motion_residual_saturation,52,1262,0.0,0.0,0.0,True
-B1,ct_motion_residual_saturation,53,1262,0.0,0.0,0.0,True
-B1,ct_motion_residual_saturation,54,1262,0.0,0.0,0.0,True
-B1,ct_motion_residual_saturation,55,1262,0.0,0.0,0.0,True
-B1,ct_motion_residual_saturation,56,1262,0.0,0.0,0.0,True
-B1,ct_motion_residual_saturation,57,1262,0.0,0.0,0.0,True
-B1,ct_motion_residual_saturation,58,1262,0.0,0.0,0.0,True
-B1,ct_motion_residual_saturation,59,1262,0.0,0.0,0.0,True
-B1,ct_motion_residual_saturation,60,1262,0.0,0.0,0.0,True
-B1,ct_observation_rmse,1,1262,0.9298689259118776,0.3307182192802429,3.644418716430664,True
-B1,ct_observation_rmse,2,1262,0.6201235990138892,0.27035462856292725,1.558306336402893,True
-B1,ct_observation_rmse,3,1262,0.5428505714055853,0.2061011791229248,1.5852687358856201,True
-B1,ct_observation_rmse,4,1262,0.5018302686099205,0.20182782411575317,1.6461361646652222,True
-B1,ct_observation_rmse,5,1262,0.47429199108231085,0.18692415952682495,1.5840327739715576,True
-B1,ct_observation_rmse,6,1262,0.4672022382662338,0.19256427884101868,1.4051361083984375,True
-B1,ct_observation_rmse,7,1262,0.44908188812422867,0.17672792077064514,1.3456230163574219,True
-B1,ct_observation_rmse,8,1262,0.4408172369475599,0.18611490726470947,1.427441120147705,True
-B1,ct_observation_rmse,9,1262,0.422660142986219,0.16014231741428375,1.2679446935653687,True
-B1,ct_observation_rmse,10,1262,0.4078049416847161,0.1835820972919464,1.6909685134887695,True
-B1,ct_observation_rmse,11,1262,0.3950302421385437,0.16721884906291962,1.2351950407028198,True
-B1,ct_observation_rmse,12,1262,0.402980230063814,0.18355710804462433,1.7014029026031494,True
-B1,ct_observation_rmse,13,1262,0.3886735685016198,0.16467371582984924,1.3301457166671753,True
-B1,ct_observation_rmse,14,1262,0.3672436773304705,0.15505939722061157,1.2973018884658813,True
-B1,ct_observation_rmse,15,1262,0.36394803726635344,0.1417330503463745,1.5384767055511475,True
-B1,ct_observation_rmse,16,1262,0.35947983233751096,0.13790667057037354,1.2892699241638184,True
-B1,ct_observation_rmse,17,1262,0.3569107738850423,0.17248952388763428,1.2652645111083984,True
-B1,ct_observation_rmse,18,1262,0.35248530077528084,0.1685919314622879,1.0865492820739746,True
-B1,ct_observation_rmse,19,1262,0.349664971657487,0.16244423389434814,1.3905304670333862,True
-B1,ct_observation_rmse,20,1262,0.34576914905793316,0.14063003659248352,1.4676623344421387,True
-B1,ct_observation_rmse,21,1262,0.2918103891417455,0.1340400129556656,1.0739295482635498,True
-B1,ct_observation_rmse,22,1262,0.2836909413443976,0.12060224264860153,1.082050085067749,True
-B1,ct_observation_rmse,23,1262,0.27876256190228577,0.1318168044090271,0.9622784852981567,True
-B1,ct_observation_rmse,24,1262,0.2793806892024167,0.12612412869930267,0.9255033135414124,True
-B1,ct_observation_rmse,25,1262,0.27402624484925,0.11239232867956161,0.9606208205223083,True
-B1,ct_observation_rmse,26,1262,0.2729864200184538,0.12683656811714172,0.9158545136451721,True
-B1,ct_observation_rmse,27,1262,0.2706187744927482,0.13069573044776917,1.0844011306762695,True
-B1,ct_observation_rmse,28,1262,0.26777980586428274,0.13853825628757477,0.8098199367523193,True
-B1,ct_observation_rmse,29,1262,0.267518525219946,0.1283421814441681,0.9875174760818481,True
-B1,ct_observation_rmse,30,1262,0.2663996491740604,0.10501585155725479,0.7840444445610046,True
-B1,ct_observation_rmse,31,1262,0.26338908491913,0.11964830756187439,0.9343538284301758,True
-B1,ct_observation_rmse,32,1262,0.26164466888893234,0.13300438225269318,1.1323416233062744,True
-B1,ct_observation_rmse,33,1262,0.2627994788961157,0.11518513411283493,1.8115723133087158,True
-B1,ct_observation_rmse,34,1262,0.2634416671260223,0.12139496207237244,0.9756726026535034,True
-B1,ct_observation_rmse,35,1262,0.2599902808099466,0.09897725284099579,0.9672904014587402,True
-B1,ct_observation_rmse,36,1262,0.26398518781890584,0.13054314255714417,0.9042117595672607,True
-B1,ct_observation_rmse,37,1262,0.259029456061531,0.13257935643196106,1.707653284072876,True
-B1,ct_observation_rmse,38,1262,0.2603017370882201,0.1270134598016739,0.9225320219993591,True
-B1,ct_observation_rmse,39,1262,0.2552806733385697,0.12032073736190796,1.0011929273605347,True
-B1,ct_observation_rmse,40,1262,0.2542648494314467,0.1223868802189827,0.8436646461486816,True
-B1,ct_observation_rmse,41,1262,0.25110094925822624,0.1183825135231018,1.55322265625,True
-B1,ct_observation_rmse,42,1262,0.25194946311048205,0.1183147206902504,1.156308650970459,True
-B1,ct_observation_rmse,43,1262,0.24618662661753252,0.09910010546445847,1.9920361042022705,True
-B1,ct_observation_rmse,44,1262,0.24897155565949136,0.12128032743930817,1.1252890825271606,True
-B1,ct_observation_rmse,45,1262,0.24724900786264573,0.10711337625980377,0.9097737669944763,True
-B1,ct_observation_rmse,46,1262,0.25003364918939475,0.0843629240989685,1.372560739517212,True
-B1,ct_observation_rmse,47,1262,0.24860378723184204,0.09785963594913483,0.9766679406166077,True
-B1,ct_observation_rmse,48,1262,0.24985137022146142,0.11715959012508392,1.1461843252182007,True
-B1,ct_observation_rmse,49,1262,0.247953214867132,0.11124403029680252,1.0760771036148071,True
-B1,ct_observation_rmse,50,1262,0.24669461448200153,0.1316508948802948,0.7913528084754944,True
-B1,ct_observation_rmse,51,1262,0.24766499117583557,0.10896728187799454,0.9249080419540405,True
-B1,ct_observation_rmse,52,1262,0.2465814253855526,0.10426223278045654,0.7621431946754456,True
-B1,ct_observation_rmse,53,1262,0.2458812167510839,0.10410885512828827,1.0405752658843994,True
-B1,ct_observation_rmse,54,1262,0.2482100930861928,0.12619830667972565,1.0615590810775757,True
-B1,ct_observation_rmse,55,1262,0.24819232124935617,0.10637755692005157,0.9056134819984436,True
-B1,ct_observation_rmse,56,1262,0.24962518642849854,0.10267411172389984,1.1945832967758179,True
-B1,ct_observation_rmse,57,1262,0.24681213932634344,0.12527313828468323,1.11234450340271,True
-B1,ct_observation_rmse,58,1262,0.24558585607070363,0.12515605986118317,1.0694197416305542,True
-B1,ct_observation_rmse,59,1262,0.24922807524113572,0.12690916657447815,0.9178704619407654,True
-B1,ct_observation_rmse,60,1262,0.24802511832462815,0.1246347427368164,0.9089660048484802,True
-B1,ct_query_gate_mean,1,1262,0.0,0.0,0.0,True
-B1,ct_query_gate_mean,2,1262,0.0,0.0,0.0,True
-B1,ct_query_gate_mean,3,1262,0.0,0.0,0.0,True
-B1,ct_query_gate_mean,4,1262,0.0,0.0,0.0,True
-B1,ct_query_gate_mean,5,1262,0.0,0.0,0.0,True
-B1,ct_query_gate_mean,6,1262,0.0,0.0,0.0,True
-B1,ct_query_gate_mean,7,1262,0.0,0.0,0.0,True
-B1,ct_query_gate_mean,8,1262,0.0,0.0,0.0,True
-B1,ct_query_gate_mean,9,1262,0.0,0.0,0.0,True
-B1,ct_query_gate_mean,10,1262,0.0,0.0,0.0,True
-B1,ct_query_gate_mean,11,1262,0.0,0.0,0.0,True
-B1,ct_query_gate_mean,12,1262,0.0,0.0,0.0,True
-B1,ct_query_gate_mean,13,1262,0.0,0.0,0.0,True
-B1,ct_query_gate_mean,14,1262,0.0,0.0,0.0,True
-B1,ct_query_gate_mean,15,1262,0.0,0.0,0.0,True
-B1,ct_query_gate_mean,16,1262,0.0,0.0,0.0,True
-B1,ct_query_gate_mean,17,1262,0.0,0.0,0.0,True
-B1,ct_query_gate_mean,18,1262,0.0,0.0,0.0,True
-B1,ct_query_gate_mean,19,1262,0.0,0.0,0.0,True
-B1,ct_query_gate_mean,20,1262,0.0,0.0,0.0,True
-B1,ct_query_gate_mean,21,1262,0.0,0.0,0.0,True
-B1,ct_query_gate_mean,22,1262,0.0,0.0,0.0,True
-B1,ct_query_gate_mean,23,1262,0.0,0.0,0.0,True
-B1,ct_query_gate_mean,24,1262,0.0,0.0,0.0,True
-B1,ct_query_gate_mean,25,1262,0.0,0.0,0.0,True
-B1,ct_query_gate_mean,26,1262,0.0,0.0,0.0,True
-B1,ct_query_gate_mean,27,1262,0.0,0.0,0.0,True
-B1,ct_query_gate_mean,28,1262,0.0,0.0,0.0,True
-B1,ct_query_gate_mean,29,1262,0.0,0.0,0.0,True
-B1,ct_query_gate_mean,30,1262,0.0,0.0,0.0,True
-B1,ct_query_gate_mean,31,1262,0.0,0.0,0.0,True
-B1,ct_query_gate_mean,32,1262,0.0,0.0,0.0,True
-B1,ct_query_gate_mean,33,1262,0.0,0.0,0.0,True
-B1,ct_query_gate_mean,34,1262,0.0,0.0,0.0,True
-B1,ct_query_gate_mean,35,1262,0.0,0.0,0.0,True
-B1,ct_query_gate_mean,36,1262,0.0,0.0,0.0,True
-B1,ct_query_gate_mean,37,1262,0.0,0.0,0.0,True
-B1,ct_query_gate_mean,38,1262,0.0,0.0,0.0,True
-B1,ct_query_gate_mean,39,1262,0.0,0.0,0.0,True
-B1,ct_query_gate_mean,40,1262,0.0,0.0,0.0,True
-B1,ct_query_gate_mean,41,1262,0.0,0.0,0.0,True
-B1,ct_query_gate_mean,42,1262,0.0,0.0,0.0,True
-B1,ct_query_gate_mean,43,1262,0.0,0.0,0.0,True
-B1,ct_query_gate_mean,44,1262,0.0,0.0,0.0,True
-B1,ct_query_gate_mean,45,1262,0.0,0.0,0.0,True
-B1,ct_query_gate_mean,46,1262,0.0,0.0,0.0,True
-B1,ct_query_gate_mean,47,1262,0.0,0.0,0.0,True
-B1,ct_query_gate_mean,48,1262,0.0,0.0,0.0,True
-B1,ct_query_gate_mean,49,1262,0.0,0.0,0.0,True
-B1,ct_query_gate_mean,50,1262,0.0,0.0,0.0,True
-B1,ct_query_gate_mean,51,1262,0.0,0.0,0.0,True
-B1,ct_query_gate_mean,52,1262,0.0,0.0,0.0,True
-B1,ct_query_gate_mean,53,1262,0.0,0.0,0.0,True
-B1,ct_query_gate_mean,54,1262,0.0,0.0,0.0,True
-B1,ct_query_gate_mean,55,1262,0.0,0.0,0.0,True
-B1,ct_query_gate_mean,56,1262,0.0,0.0,0.0,True
-B1,ct_query_gate_mean,57,1262,0.0,0.0,0.0,True
-B1,ct_query_gate_mean,58,1262,0.0,0.0,0.0,True
-B1,ct_query_gate_mean,59,1262,0.0,0.0,0.0,True
-B1,ct_query_gate_mean,60,1262,0.0,0.0,0.0,True
-B1,ct_query_shift_norm,1,1262,0.036569934101881876,2.2331103082251502e-06,0.06489723920822144,True
-B1,ct_query_shift_norm,2,1262,0.0729029499313155,0.06315335631370544,0.08091835677623749,True
-B1,ct_query_shift_norm,3,1262,0.08343522418910275,0.07852214574813843,0.08700054883956909,True
-B1,ct_query_shift_norm,4,1262,0.08819534162003341,0.08447612076997757,0.09072369337081909,True
-B1,ct_query_shift_norm,5,1262,0.09126747968103353,0.08848987519741058,0.09313462674617767,True
-B1,ct_query_shift_norm,6,1262,0.09174603219077629,0.08971524983644485,0.09325622767210007,True
-B1,ct_query_shift_norm,7,1262,0.09232221269262762,0.09089425206184387,0.09378267079591751,True
-B1,ct_query_shift_norm,8,1262,0.09267220438329618,0.09107004851102829,0.09428770840167999,True
-B1,ct_query_shift_norm,9,1262,0.09354489322061017,0.09214513748884201,0.09508106857538223,True
-B1,ct_query_shift_norm,10,1262,0.09460452256248983,0.09269283711910248,0.0965053141117096,True
-B1,ct_query_shift_norm,11,1262,0.09565587937477651,0.09426122903823853,0.09741077572107315,True
-B1,ct_query_shift_norm,12,1262,0.0962723167745984,0.09453469514846802,0.09845539182424545,True
-B1,ct_query_shift_norm,13,1262,0.09710227588867612,0.09457862377166748,0.09961742162704468,True
-B1,ct_query_shift_norm,14,1262,0.09832471359975742,0.0963839441537857,0.10137873142957687,True
-B1,ct_query_shift_norm,15,1262,0.09996092311223222,0.0980699360370636,0.10231609642505646,True
-B1,ct_query_shift_norm,16,1262,0.100780777609575,0.09842397272586823,0.10371095687150955,True
-B1,ct_query_shift_norm,17,1262,0.10130824350564491,0.09925979375839233,0.10393478721380234,True
-B1,ct_query_shift_norm,18,1262,0.10157054498579159,0.09922966361045837,0.10401368141174316,True
-B1,ct_query_shift_norm,19,1262,0.10205811187743007,0.09982051700353622,0.10483601689338684,True
-B1,ct_query_shift_norm,20,1262,0.10293657022709891,0.10052667558193207,0.10573559999465942,True
-B1,ct_query_shift_norm,21,1262,0.10371584054997719,0.10198287665843964,0.10679472982883453,True
-B1,ct_query_shift_norm,22,1262,0.10407810948092473,0.10179746896028519,0.1066971868276596,True
-B1,ct_query_shift_norm,23,1262,0.10435699538671649,0.102505162358284,0.10729534178972244,True
-B1,ct_query_shift_norm,24,1262,0.10461764943840575,0.1027648076415062,0.10761755704879761,True
-B1,ct_query_shift_norm,25,1262,0.10486695767865883,0.10305043309926987,0.10803565382957458,True
-B1,ct_query_shift_norm,26,1262,0.10510616181580654,0.10328741371631622,0.10809125006198883,True
-B1,ct_query_shift_norm,27,1262,0.10552703354820585,0.10346229374408722,0.10854977369308472,True
-B1,ct_query_shift_norm,28,1262,0.10592740794817922,0.10373304784297943,0.10912314057350159,True
-B1,ct_query_shift_norm,29,1262,0.10620993346259258,0.10411690175533295,0.10915607213973999,True
-B1,ct_query_shift_norm,30,1262,0.1064869771857647,0.10437959432601929,0.10985307395458221,True
-B1,ct_query_shift_norm,31,1262,0.1067221738846763,0.1046098917722702,0.10965205729007721,True
-B1,ct_query_shift_norm,32,1262,0.10698111477513132,0.10490012168884277,0.11015002429485321,True
-B1,ct_query_shift_norm,33,1262,0.10743693223964015,0.10550065338611603,0.1105739027261734,True
-B1,ct_query_shift_norm,34,1262,0.10759413571181085,0.10533063113689423,0.1111382395029068,True
-B1,ct_query_shift_norm,35,1262,0.107925233332272,0.10575731098651886,0.11132772266864777,True
-B1,ct_query_shift_norm,36,1262,0.10822219872129889,0.10608246922492981,0.11138560622930527,True
-B1,ct_query_shift_norm,37,1262,0.10847503564389874,0.10634735226631165,0.11205574870109558,True
-B1,ct_query_shift_norm,38,1262,0.1085966403659569,0.10641009360551834,0.11225025355815887,True
-B1,ct_query_shift_norm,39,1262,0.10895443485722112,0.10688447207212448,0.1122809499502182,True
-B1,ct_query_shift_norm,40,1262,0.10926099791650538,0.10694029927253723,0.11305944621562958,True
-B1,ct_query_shift_norm,41,1262,0.10939472816329561,0.10727287828922272,0.11271219700574875,True
-B1,ct_query_shift_norm,42,1262,0.10942003989323572,0.10718993842601776,0.11232975870370865,True
-B1,ct_query_shift_norm,43,1262,0.10948214171049901,0.10745130479335785,0.11273124814033508,True
-B1,ct_query_shift_norm,44,1262,0.10949602529477392,0.10750627517700195,0.11272729933261871,True
-B1,ct_query_shift_norm,45,1262,0.1095436678670949,0.10756514966487885,0.11330637335777283,True
-B1,ct_query_shift_norm,46,1262,0.10959805362221745,0.10749459266662598,0.11263599991798401,True
-B1,ct_query_shift_norm,47,1262,0.10964075565078368,0.10743797570466995,0.11355062574148178,True
-B1,ct_query_shift_norm,48,1262,0.10966141232645077,0.10743723809719086,0.11331900954246521,True
-B1,ct_query_shift_norm,49,1262,0.10971684616926922,0.10726512968540192,0.11360224336385727,True
-B1,ct_query_shift_norm,50,1262,0.10970141022523686,0.10755711793899536,0.11340640485286713,True
-B1,ct_query_shift_norm,51,1262,0.10975634154351502,0.10745204985141754,0.11277793347835541,True
-B1,ct_query_shift_norm,52,1262,0.10977482815788212,0.1076158955693245,0.11314469575881958,True
-B1,ct_query_shift_norm,53,1262,0.10977666548758792,0.10767560452222824,0.11298250406980515,True
-B1,ct_query_shift_norm,54,1262,0.10981150635070921,0.10746131837368011,0.11297591030597687,True
-B1,ct_query_shift_norm,55,1262,0.10983004905106337,0.10759567469358444,0.11316587030887604,True
-B1,ct_query_shift_norm,56,1262,0.10985463846433559,0.10740317404270172,0.11323579400777817,True
-B1,ct_query_shift_norm,57,1262,0.10991155304215412,0.10799439996480942,0.11319229006767273,True
-B1,ct_query_shift_norm,58,1262,0.10991041513422589,0.10782520473003387,0.11406222730875015,True
-B1,ct_query_shift_norm,59,1262,0.10992896840236077,0.10768789052963257,0.1131107434630394,True
-B1,ct_query_shift_norm,60,1262,0.10995911064125279,0.10781030356884003,0.11375290155410767,True
-B1,ct_raw_search_rmse,1,1262,0.9110985321070993,0.24031978845596313,2.869767665863037,True
-B1,ct_raw_search_rmse,2,1262,0.7111047439147289,0.18692737817764282,2.1578824520111084,True
-B1,ct_raw_search_rmse,3,1262,0.6914637852371589,0.16743189096450806,2.1239118576049805,True
-B1,ct_raw_search_rmse,4,1262,0.6723922193876914,0.18303218483924866,1.9621676206588745,True
-B1,ct_raw_search_rmse,5,1262,0.6625137646134984,0.1758827269077301,2.3919191360473633,True
-B1,ct_raw_search_rmse,6,1262,0.6618776975668932,0.17506209015846252,2.2665202617645264,True
-B1,ct_raw_search_rmse,7,1262,0.6502651918661765,0.12650324404239655,1.8834412097930908,True
-B1,ct_raw_search_rmse,8,1262,0.6482721232881448,0.13755613565444946,2.071417808532715,True
-B1,ct_raw_search_rmse,9,1262,0.6447349672933388,0.13902978599071503,2.2289862632751465,True
-B1,ct_raw_search_rmse,10,1262,0.6344480035611075,0.1644175946712494,2.278839588165283,True
-B1,ct_raw_search_rmse,11,1262,0.6309232957271502,0.13845902681350708,1.8553626537322998,True
-B1,ct_raw_search_rmse,12,1262,0.6254549189315733,0.1534399688243866,2.409856081008911,True
-B1,ct_raw_search_rmse,13,1262,0.6275745234356251,0.13571137189865112,2.3919804096221924,True
-B1,ct_raw_search_rmse,14,1262,0.6184097478157367,0.1436583250761032,1.9336435794830322,True
-B1,ct_raw_search_rmse,15,1262,0.6085197734284892,0.1443217247724533,2.095607280731201,True
-B1,ct_raw_search_rmse,16,1262,0.6094415842211568,0.14580117166042328,2.198096752166748,True
-B1,ct_raw_search_rmse,17,1262,0.6020729557364565,0.14173412322998047,1.956371784210205,True
-B1,ct_raw_search_rmse,18,1262,0.6090337902000513,0.12817269563674927,2.4650979042053223,True
-B1,ct_raw_search_rmse,19,1262,0.608482363036053,0.1554906666278839,2.325737476348877,True
-B1,ct_raw_search_rmse,20,1262,0.6139903763241228,0.1200457438826561,2.0964200496673584,True
-B1,ct_raw_search_rmse,21,1262,0.5967522313472964,0.1456778347492218,2.0945446491241455,True
-B1,ct_raw_search_rmse,22,1262,0.5871398949703399,0.12038372457027435,2.088052272796631,True
-B1,ct_raw_search_rmse,23,1262,0.5941424839399319,0.1320899873971939,1.9356870651245117,True
-B1,ct_raw_search_rmse,24,1262,0.5899019780112711,0.13867473602294922,1.9875640869140625,True
-B1,ct_raw_search_rmse,25,1262,0.5824036525825124,0.11875487864017487,1.967252492904663,True
-B1,ct_raw_search_rmse,26,1262,0.5894179485277782,0.11854444444179535,2.035386085510254,True
-B1,ct_raw_search_rmse,27,1262,0.5861456438828194,0.1388719379901886,2.2435896396636963,True
-B1,ct_raw_search_rmse,28,1262,0.5866650116353896,0.12059412896633148,2.188901662826538,True
-B1,ct_raw_search_rmse,29,1262,0.5852296399852931,0.13239789009094238,2.14412784576416,True
-B1,ct_raw_search_rmse,30,1262,0.5837555485179798,0.13379256427288055,1.9446016550064087,True
-B1,ct_raw_search_rmse,31,1262,0.5809507024151209,0.11105141788721085,2.272853374481201,True
-B1,ct_raw_search_rmse,32,1262,0.5864163818289474,0.11316141486167908,1.920647382736206,True
-B1,ct_raw_search_rmse,33,1262,0.593538440409723,0.13466006517410278,1.9273147583007812,True
-B1,ct_raw_search_rmse,34,1262,0.5920148303528595,0.12708695232868195,2.1418800354003906,True
-B1,ct_raw_search_rmse,35,1262,0.5844291680021634,0.14261186122894287,2.1704721450805664,True
-B1,ct_raw_search_rmse,36,1262,0.5878346621777667,0.13226166367530823,2.1634621620178223,True
-B1,ct_raw_search_rmse,37,1262,0.5805234954752937,0.13886502385139465,2.595810890197754,True
-B1,ct_raw_search_rmse,38,1262,0.59274439076803,0.124723881483078,2.0930426120758057,True
-B1,ct_raw_search_rmse,39,1262,0.5863394589176647,0.14039373397827148,2.234621047973633,True
-B1,ct_raw_search_rmse,40,1262,0.5868947400036969,0.1360495239496231,2.0262718200683594,True
-B1,ct_raw_search_rmse,41,1262,0.5832773534412807,0.11909735202789307,2.263491153717041,True
-B1,ct_raw_search_rmse,42,1262,0.5888686014218301,0.0972602516412735,2.267695188522339,True
-B1,ct_raw_search_rmse,43,1262,0.5841433920450332,0.10042756795883179,2.023343563079834,True
-B1,ct_raw_search_rmse,44,1262,0.5801791542943231,0.122348353266716,1.9502897262573242,True
-B1,ct_raw_search_rmse,45,1262,0.580514990395487,0.1331823766231537,2.2724390029907227,True
-B1,ct_raw_search_rmse,46,1262,0.5850841414460857,0.13603931665420532,2.049689769744873,True
-B1,ct_raw_search_rmse,47,1262,0.5807815362742133,0.12140068411827087,2.0284454822540283,True
-B1,ct_raw_search_rmse,48,1262,0.5799837277378598,0.1409158706665039,2.431764602661133,True
-B1,ct_raw_search_rmse,49,1262,0.5825868489105615,0.12847700715065002,2.028895854949951,True
-B1,ct_raw_search_rmse,50,1262,0.5763252621218444,0.14026111364364624,2.252786159515381,True
-B1,ct_raw_search_rmse,51,1262,0.5849080031321469,0.13217571377754211,2.313739776611328,True
-B1,ct_raw_search_rmse,52,1262,0.5857839270091945,0.11016156524419785,2.086320400238037,True
-B1,ct_raw_search_rmse,53,1262,0.5821752501046507,0.11220552772283554,2.1709070205688477,True
-B1,ct_raw_search_rmse,54,1262,0.5831147012567935,0.11427834630012512,2.0413782596588135,True
-B1,ct_raw_search_rmse,55,1262,0.584995322508026,0.13757245242595673,2.0225706100463867,True
-B1,ct_raw_search_rmse,56,1262,0.5812735914971484,0.1247936338186264,1.9987643957138062,True
-B1,ct_raw_search_rmse,57,1262,0.580772017756043,0.12169451266527176,1.912460446357727,True
-B1,ct_raw_search_rmse,58,1262,0.5810896000941469,0.11918255686759949,2.2813477516174316,True
-B1,ct_raw_search_rmse,59,1262,0.5845677459320251,0.1251453459262848,2.098372220993042,True
-B1,ct_raw_search_rmse,60,1262,0.5834069321442709,0.14498992264270782,2.033463478088379,True
-B1,ct_router_gate_mean,1,1262,0.3745970659492251,0.030535316094756126,0.6760945320129395,True
-B1,ct_router_gate_mean,2,1262,0.4715214590357525,0.2723506689071655,0.6266371011734009,True
-B1,ct_router_gate_mean,3,1262,0.4435858089364652,0.23216238617897034,0.6247996687889099,True
-B1,ct_router_gate_mean,4,1262,0.4178748251471769,0.24532514810562134,0.5758510828018188,True
-B1,ct_router_gate_mean,5,1262,0.40542630086137826,0.2201823592185974,0.5545768737792969,True
-B1,ct_router_gate_mean,6,1262,0.4071859669076093,0.2266150861978531,0.5843002796173096,True
-B1,ct_router_gate_mean,7,1262,0.4001710611364543,0.17828471958637238,0.5517739057540894,True
-B1,ct_router_gate_mean,8,1262,0.3972956755695932,0.20188885927200317,0.5570919513702393,True
-B1,ct_router_gate_mean,9,1262,0.3836324794687295,0.20152433216571808,0.5311974883079529,True
-B1,ct_router_gate_mean,10,1262,0.3807156284099147,0.20263327658176422,0.541900098323822,True
-B1,ct_router_gate_mean,11,1262,0.36731555850116654,0.21234962344169617,0.5054904222488403,True
-B1,ct_router_gate_mean,12,1262,0.37805558236909176,0.2306695282459259,0.5348806381225586,True
-B1,ct_router_gate_mean,13,1262,0.37576875629024536,0.2048141360282898,0.5694170594215393,True
-B1,ct_router_gate_mean,14,1262,0.36612546152292075,0.18352383375167847,0.5462402701377869,True
-B1,ct_router_gate_mean,15,1262,0.3572557325195964,0.19546987116336823,0.5321559309959412,True
-B1,ct_router_gate_mean,16,1262,0.3584107344057972,0.1915179044008255,0.5209890007972717,True
-B1,ct_router_gate_mean,17,1262,0.3616154480329973,0.21738190948963165,0.5383901000022888,True
-B1,ct_router_gate_mean,18,1262,0.35087215860275384,0.17038479447364807,0.513748049736023,True
-B1,ct_router_gate_mean,19,1262,0.3518669706327979,0.1661832630634308,0.5017222166061401,True
-B1,ct_router_gate_mean,20,1262,0.35243794177961424,0.20335757732391357,0.5005829334259033,True
-B1,ct_router_gate_mean,21,1262,0.3050759172099517,0.13446643948554993,0.43311363458633423,True
-B1,ct_router_gate_mean,22,1262,0.28516208928332276,0.13303472101688385,0.3934696912765503,True
-B1,ct_router_gate_mean,23,1262,0.2752104810366729,0.14688922464847565,0.37723302841186523,True
-B1,ct_router_gate_mean,24,1262,0.2809510632829885,0.1378120481967926,0.40635955333709717,True
-B1,ct_router_gate_mean,25,1262,0.27384188655533614,0.15777243673801422,0.38212138414382935,True
-B1,ct_router_gate_mean,26,1262,0.2730127758097063,0.11992477625608444,0.39318764209747314,True
-B1,ct_router_gate_mean,27,1262,0.2718379961093519,0.11820058524608612,0.3760254383087158,True
-B1,ct_router_gate_mean,28,1262,0.2681124479452328,0.1385498046875,0.3824586868286133,True
-B1,ct_router_gate_mean,29,1262,0.2695251125871852,0.15120965242385864,0.38102781772613525,True
-B1,ct_router_gate_mean,30,1262,0.2655322654335132,0.1509552001953125,0.35836470127105713,True
-B1,ct_router_gate_mean,31,1262,0.26119131684633895,0.12463562190532684,0.37916994094848633,True
-B1,ct_router_gate_mean,32,1262,0.2605521159391207,0.1435379534959793,0.37014472484588623,True
-B1,ct_router_gate_mean,33,1262,0.26205916683264846,0.1220049038529396,0.3566169738769531,True
-B1,ct_router_gate_mean,34,1262,0.26066536047804373,0.14699944853782654,0.36057132482528687,True
-B1,ct_router_gate_mean,35,1262,0.25482671605142665,0.13581621646881104,0.35722917318344116,True
-B1,ct_router_gate_mean,36,1262,0.2559778161831023,0.13283050060272217,0.34652262926101685,True
-B1,ct_router_gate_mean,37,1262,0.25743048691239484,0.15350574254989624,0.3608662486076355,True
-B1,ct_router_gate_mean,38,1262,0.2536255342859285,0.14068958163261414,0.3473406434059143,True
-B1,ct_router_gate_mean,39,1262,0.2521456918087323,0.13591881096363068,0.33346524834632874,True
-B1,ct_router_gate_mean,40,1262,0.25397165679327094,0.13530784845352173,0.35059821605682373,True
-B1,ct_router_gate_mean,41,1262,0.25995402678068014,0.12168480455875397,0.3472408056259155,True
-B1,ct_router_gate_mean,42,1262,0.25699216029392746,0.14026397466659546,0.35473310947418213,True
-B1,ct_router_gate_mean,43,1262,0.2549790392752306,0.1410142034292221,0.3467200994491577,True
-B1,ct_router_gate_mean,44,1262,0.2532610120443648,0.12503215670585632,0.3480733633041382,True
-B1,ct_router_gate_mean,45,1262,0.2511825399877719,0.1368095725774765,0.3349594473838806,True
-B1,ct_router_gate_mean,46,1262,0.24973002490004534,0.1113247349858284,0.3394477367401123,True
-B1,ct_router_gate_mean,47,1262,0.24834121701126052,0.13752880692481995,0.3296988308429718,True
-B1,ct_router_gate_mean,48,1262,0.24738375690253525,0.13281410932540894,0.3414047956466675,True
-B1,ct_router_gate_mean,49,1262,0.24601479007518612,0.12003389000892639,0.3466441333293915,True
-B1,ct_router_gate_mean,50,1262,0.24607056141985956,0.12992407381534576,0.33269575238227844,True
-B1,ct_router_gate_mean,51,1262,0.2446670597522459,0.12165987491607666,0.3400581479072571,True
-B1,ct_router_gate_mean,52,1262,0.2435858845946906,0.14435333013534546,0.3415318727493286,True
-B1,ct_router_gate_mean,53,1262,0.24288416575941532,0.13165882229804993,0.3332279324531555,True
-B1,ct_router_gate_mean,54,1262,0.24287673284295244,0.11250586807727814,0.3419818580150604,True
-B1,ct_router_gate_mean,55,1262,0.24278107537000945,0.1279187947511673,0.33309948444366455,True
-B1,ct_router_gate_mean,56,1262,0.24260432587231018,0.14315611124038696,0.36245089769363403,True
-B1,ct_router_gate_mean,57,1262,0.2426523860136605,0.1365261673927307,0.34683164954185486,True
-B1,ct_router_gate_mean,58,1262,0.24318865925168084,0.06840568780899048,0.3255935609340668,True
-B1,ct_router_gate_mean,59,1262,0.24271590952213895,0.135907843708992,0.3303619921207428,True
-B1,ct_router_gate_mean,60,1262,0.24155382773058162,0.1415301412343979,0.3211252689361572,True
-B1,ct_search_baseline_points_mean,1,1262,346.14931656101425,11.1875,1577.125,True
-B1,ct_search_baseline_points_mean,2,1262,344.360736925515,16.0,2122.8125,True
-B1,ct_search_baseline_points_mean,3,1262,349.0359548335975,11.8125,1925.125,True
-B1,ct_search_baseline_points_mean,4,1262,342.6906200475436,16.0,1731.3125,True
-B1,ct_search_baseline_points_mean,5,1262,348.517779318542,12.9375,1553.6875,True
-B1,ct_search_baseline_points_mean,6,1262,348.65773573692553,8.25,2123.25,True
-B1,ct_search_baseline_points_mean,7,1262,351.83196315372425,18.8125,2676.25,True
-B1,ct_search_baseline_points_mean,8,1262,343.19933637083994,18.25,1719.375,True
-B1,ct_search_baseline_points_mean,9,1262,347.6041006339144,8.875,1749.625,True
-B1,ct_search_baseline_points_mean,10,1262,348.1769512678288,12.1875,1900.125,True
-B1,ct_search_baseline_points_mean,11,1262,338.915412044374,16.125,2087.25,True
-B1,ct_search_baseline_points_mean,12,1262,347.3091323296355,15.5,2146.4375,True
-B1,ct_search_baseline_points_mean,13,1262,354.0367967511886,14.375,1855.5625,True
-B1,ct_search_baseline_points_mean,14,1262,343.72994255150553,13.8125,2266.0625,True
-B1,ct_search_baseline_points_mean,15,1262,344.21652139461173,12.625,1652.4375,True
-B1,ct_search_baseline_points_mean,16,1262,346.7264758320127,17.9375,1709.1875,True
-B1,ct_search_baseline_points_mean,17,1262,342.2254358161648,16.5,1686.4375,True
-B1,ct_search_baseline_points_mean,18,1262,340.28749009508715,13.6875,1816.0,True
-B1,ct_search_baseline_points_mean,19,1262,337.51059825673536,19.9375,1497.75,True
-B1,ct_search_baseline_points_mean,20,1262,347.21919572107765,14.875,1765.375,True
-B1,ct_search_baseline_points_mean,21,1262,347.06106378763866,12.875,2067.8125,True
-B1,ct_search_baseline_points_mean,22,1262,349.87940768621235,16.8125,1727.0625,True
-B1,ct_search_baseline_points_mean,23,1262,334.7757527733756,9.4375,1801.9375,True
-B1,ct_search_baseline_points_mean,24,1262,351.51659072900156,12.0625,1699.0625,True
-B1,ct_search_baseline_points_mean,25,1262,344.1336667987322,18.75,2088.5,True
-B1,ct_search_baseline_points_mean,26,1262,342.1988906497623,10.625,1712.3125,True
-B1,ct_search_baseline_points_mean,27,1262,346.86043977812994,19.375,1967.875,True
-B1,ct_search_baseline_points_mean,28,1262,343.1517432646593,14.625,1839.4375,True
-B1,ct_search_baseline_points_mean,29,1262,347.6053882725832,20.5625,1613.6875,True
-B1,ct_search_baseline_points_mean,30,1262,338.16224247226626,12.8125,1886.375,True
-B1,ct_search_baseline_points_mean,31,1262,341.59043185419966,7.5,1905.125,True
-B1,ct_search_baseline_points_mean,32,1262,346.00747820919173,10.6875,2185.1875,True
-B1,ct_search_baseline_points_mean,33,1262,344.4723652931854,11.5625,1900.3125,True
-B1,ct_search_baseline_points_mean,34,1262,348.51366877971475,18.8125,1910.4375,True
-B1,ct_search_baseline_points_mean,35,1262,349.96369849445324,12.5,1961.6875,True
-B1,ct_search_baseline_points_mean,36,1262,347.9215035657686,21.4375,1847.125,True
-B1,ct_search_baseline_points_mean,37,1262,350.158131933439,11.5625,2101.3125,True
-B1,ct_search_baseline_points_mean,38,1262,346.98999603803486,19.0625,1532.1875,True
-B1,ct_search_baseline_points_mean,39,1262,339.71711568938196,14.0625,1854.5,True
-B1,ct_search_baseline_points_mean,40,1262,342.5891937400951,14.75,1887.1875,True
-B1,ct_search_baseline_points_mean,41,1262,346.4660756735341,7.0625,2128.75,True
-B1,ct_search_baseline_points_mean,42,1262,338.82245443740095,15.5625,1601.6875,True
-B1,ct_search_baseline_points_mean,43,1262,347.9871236133122,12.875,1478.75,True
-B1,ct_search_baseline_points_mean,44,1262,347.9783577654517,14.625,1696.0625,True
-B1,ct_search_baseline_points_mean,45,1262,343.3213648969889,17.3125,2048.5625,True
-B1,ct_search_baseline_points_mean,46,1262,345.40956814580034,11.125,2280.5625,True
-B1,ct_search_baseline_points_mean,47,1262,346.73271592709983,10.5,2382.875,True
-B1,ct_search_baseline_points_mean,48,1262,340.79313589540413,9.25,1856.4375,True
-B1,ct_search_baseline_points_mean,49,1262,352.0777040412044,11.8125,2412.8125,True
-B1,ct_search_baseline_points_mean,50,1262,343.5927595087163,18.6875,2031.625,True
-B1,ct_search_baseline_points_mean,51,1262,351.2166699683043,13.5,2182.375,True
-B1,ct_search_baseline_points_mean,52,1262,345.56943343898575,12.125,1548.25,True
-B1,ct_search_baseline_points_mean,53,1262,349.3856973058637,16.625,1685.1875,True
-B1,ct_search_baseline_points_mean,54,1262,343.61123217115687,12.125,2129.3125,True
-B1,ct_search_baseline_points_mean,55,1262,346.00534865293184,9.0,1988.375,True
-B1,ct_search_baseline_points_mean,56,1262,352.7251881933439,21.5625,2241.9375,True
-B1,ct_search_baseline_points_mean,57,1262,345.36009310618067,12.4375,1831.8125,True
-B1,ct_search_baseline_points_mean,58,1262,350.3226030110935,16.0625,2005.6875,True
-B1,ct_search_baseline_points_mean,59,1262,349.1655110935024,17.0,2127.1875,True
-B1,ct_search_baseline_points_mean,60,1262,351.7272187004754,18.5625,1872.9375,True
-B1,ct_search_expansion_points_mean,1,1262,33.70136687797147,0.0,453.4375,True
-B1,ct_search_expansion_points_mean,2,1262,33.22508914421553,0.0,348.5,True
-B1,ct_search_expansion_points_mean,3,1262,33.516442155309036,0.0,398.1875,True
-B1,ct_search_expansion_points_mean,4,1262,34.29927694136292,0.0,392.1875,True
-B1,ct_search_expansion_points_mean,5,1262,34.2993264659271,0.0,424.0,True
-B1,ct_search_expansion_points_mean,6,1262,33.46800713153724,0.0,281.8125,True
-B1,ct_search_expansion_points_mean,7,1262,33.97989302694136,0.0,340.625,True
-B1,ct_search_expansion_points_mean,8,1262,33.64936608557845,0.0,332.875,True
-B1,ct_search_expansion_points_mean,9,1262,33.097315768621236,0.0,321.0,True
-B1,ct_search_expansion_points_mean,10,1262,33.94032290015848,0.0,416.0625,True
-B1,ct_search_expansion_points_mean,11,1262,33.57666402535658,0.0,274.625,True
-B1,ct_search_expansion_points_mean,12,1262,33.5496236133122,0.0,379.6875,True
-B1,ct_search_expansion_points_mean,13,1262,33.756388668779714,0.0,403.3125,True
-B1,ct_search_expansion_points_mean,14,1262,34.50049524564184,0.0,314.0,True
-B1,ct_search_expansion_points_mean,15,1262,34.35167393026941,0.0625,384.6875,True
-B1,ct_search_expansion_points_mean,16,1262,33.764263074484944,0.0,370.5625,True
-B1,ct_search_expansion_points_mean,17,1262,35.00133716323296,0.0,302.5625,True
-B1,ct_search_expansion_points_mean,18,1262,33.048385499207605,0.0,309.875,True
-B1,ct_search_expansion_points_mean,19,1262,33.96191561014263,0.0,515.9375,True
-B1,ct_search_expansion_points_mean,20,1262,34.40600237717908,0.0,341.875,True
-B1,ct_search_expansion_points_mean,21,1262,33.866828446909665,0.0,355.25,True
-B1,ct_search_expansion_points_mean,22,1262,33.62485142630745,0.0,371.8125,True
-B1,ct_search_expansion_points_mean,23,1262,33.60469492868463,0.0,287.6875,True
-B1,ct_search_expansion_points_mean,24,1262,34.68898573692552,0.0,342.9375,True
-B1,ct_search_expansion_points_mean,25,1262,33.76109350237718,0.0,449.9375,True
-B1,ct_search_expansion_points_mean,26,1262,33.74148177496038,0.0,348.9375,True
-B1,ct_search_expansion_points_mean,27,1262,34.79120443740095,0.0,412.5,True
-B1,ct_search_expansion_points_mean,28,1262,33.0888470681458,0.0,299.4375,True
-B1,ct_search_expansion_points_mean,29,1262,33.94175911251981,0.0,375.875,True
-B1,ct_search_expansion_points_mean,30,1262,34.344195721077654,0.0,366.5625,True
-B1,ct_search_expansion_points_mean,31,1262,33.302991283676704,0.0,339.1875,True
-B1,ct_search_expansion_points_mean,32,1262,33.14030309033281,0.0,480.3125,True
-B1,ct_search_expansion_points_mean,33,1262,33.77392036450079,0.0,405.375,True
-B1,ct_search_expansion_points_mean,34,1262,33.439332408874805,0.0,303.875,True
-B1,ct_search_expansion_points_mean,35,1262,34.79125396196513,0.0,295.375,True
-B1,ct_search_expansion_points_mean,36,1262,33.82993264659271,0.0,319.5,True
-B1,ct_search_expansion_points_mean,37,1262,34.23261687797147,0.0,321.0,True
-B1,ct_search_expansion_points_mean,38,1262,34.1988411251981,0.0,348.4375,True
-B1,ct_search_expansion_points_mean,39,1262,34.29556259904913,0.0,464.1875,True
-B1,ct_search_expansion_points_mean,40,1262,33.676307448494455,0.0,328.0,True
-B1,ct_search_expansion_points_mean,41,1262,32.58716323296355,0.0,317.1875,True
-B1,ct_search_expansion_points_mean,42,1262,33.17100832012678,0.0,288.8125,True
-B1,ct_search_expansion_points_mean,43,1262,34.50708201267829,0.0,351.25,True
-B1,ct_search_expansion_points_mean,44,1262,33.68690570522979,0.0,528.4375,True
-B1,ct_search_expansion_points_mean,45,1262,33.65124801901743,0.0,335.375,True
-B1,ct_search_expansion_points_mean,46,1262,33.75188193343899,0.0,281.0625,True
-B1,ct_search_expansion_points_mean,47,1262,33.991085578446906,0.0,556.5625,True
-B1,ct_search_expansion_points_mean,48,1262,33.917046354992074,0.0,368.125,True
-B1,ct_search_expansion_points_mean,49,1262,33.82205824088748,0.0,350.8125,True
-B1,ct_search_expansion_points_mean,50,1262,33.54893026941363,0.0625,297.5,True
-B1,ct_search_expansion_points_mean,51,1262,33.34855388272583,0.0,380.4375,True
-B1,ct_search_expansion_points_mean,52,1262,33.78961965134707,0.0,329.0625,True
-B1,ct_search_expansion_points_mean,53,1262,33.93814381933439,0.0,296.375,True
-B1,ct_search_expansion_points_mean,54,1262,33.67789223454834,0.0,350.5625,True
-B1,ct_search_expansion_points_mean,55,1262,34.257577258320126,0.125,314.3125,True
-B1,ct_search_expansion_points_mean,56,1262,34.598454833597465,0.0,427.375,True
-B1,ct_search_expansion_points_mean,57,1262,32.99618660855784,0.0,440.875,True
-B1,ct_search_expansion_points_mean,58,1262,33.82686212361331,0.0,304.625,True
-B1,ct_search_expansion_points_mean,59,1262,34.474247226624406,0.0,344.5,True
-B1,ct_search_expansion_points_mean,60,1262,33.95805269413629,0.0,378.8125,True
-B1,ct_search_expansion_ratio_mean,1,1262,0.01331809356737817,0.0,0.052490234375,True
-B1,ct_search_expansion_ratio_mean,2,1262,0.013001213738733162,0.0,0.04339599609375,True
-B1,ct_search_expansion_ratio_mean,3,1262,0.013167536957706023,0.0,0.0467529296875,True
-B1,ct_search_expansion_ratio_mean,4,1262,0.013164731855437798,0.0,0.052978515625,True
-B1,ct_search_expansion_ratio_mean,5,1262,0.013084254438639064,0.0,0.04132080078125,True
-B1,ct_search_expansion_ratio_mean,6,1262,0.012961797215481378,0.0,0.04473876953125,True
-B1,ct_search_expansion_ratio_mean,7,1262,0.013238921974049129,0.0,0.0531005859375,True
-B1,ct_search_expansion_ratio_mean,8,1262,0.013083480617323692,0.0,0.0531005859375,True
-B1,ct_search_expansion_ratio_mean,9,1262,0.01322097899229893,0.0,0.04339599609375,True
-B1,ct_search_expansion_ratio_mean,10,1262,0.012993765708572701,0.0,0.04296875,True
-B1,ct_search_expansion_ratio_mean,11,1262,0.013097215945671554,0.0,0.04852294921875,True
-B1,ct_search_expansion_ratio_mean,12,1262,0.013048852113460777,0.0,0.041748046875,True
-B1,ct_search_expansion_ratio_mean,13,1262,0.013238970337881338,0.0,0.0474853515625,True
-B1,ct_search_expansion_ratio_mean,14,1262,0.013116658206220285,0.0,0.04754638671875,True
-B1,ct_search_expansion_ratio_mean,15,1262,0.013189252318368662,0.0,0.0400390625,True
-B1,ct_search_expansion_ratio_mean,16,1262,0.01323277976735836,0.0,0.04888916015625,True
-B1,ct_search_expansion_ratio_mean,17,1262,0.013216868066561015,0.0,0.0518798828125,True
-B1,ct_search_expansion_ratio_mean,18,1262,0.012992314793606378,0.0,0.05218505859375,True
-B1,ct_search_expansion_ratio_mean,19,1262,0.013176822813490491,0.0,0.051513671875,True
-B1,ct_search_expansion_ratio_mean,20,1262,0.01333990565570523,0.0,0.0491943359375,True
-B1,ct_search_expansion_ratio_mean,21,1262,0.013072792210405111,0.0,0.04974365234375,True
-B1,ct_search_expansion_ratio_mean,22,1262,0.012989122780680467,0.0,0.04150390625,True
-B1,ct_search_expansion_ratio_mean,23,1262,0.013057509239426505,0.0,0.04656982421875,True
-B1,ct_search_expansion_ratio_mean,24,1262,0.013214594966447108,0.0,0.044677734375,True
-B1,ct_search_expansion_ratio_mean,25,1262,0.01304595028352813,0.0,0.04559326171875,True
-B1,ct_search_expansion_ratio_mean,26,1262,0.01298240020800317,0.0,0.05194091796875,True
-B1,ct_search_expansion_ratio_mean,27,1262,0.013190945052496038,0.0,0.046630859375,True
-B1,ct_search_expansion_ratio_mean,28,1262,0.013133972458151743,0.0,0.05035400390625,True
-B1,ct_search_expansion_ratio_mean,29,1262,0.013305422243338945,0.0,0.04803466796875,True
-B1,ct_search_expansion_ratio_mean,30,1262,0.013112402188985737,0.0,0.04547119140625,True
-B1,ct_search_expansion_ratio_mean,31,1262,0.013076419497820919,0.0,0.0426025390625,True
-B1,ct_search_expansion_ratio_mean,32,1262,0.013033665870146594,0.0,0.05206298828125,True
-B1,ct_search_expansion_ratio_mean,33,1262,0.013204293470186212,0.0,0.043701171875,True
-B1,ct_search_expansion_ratio_mean,34,1262,0.013236358690941957,0.0,0.0498046875,True
-B1,ct_search_expansion_ratio_mean,35,1262,0.013220688809305665,0.0,0.0517578125,True
-B1,ct_search_expansion_ratio_mean,36,1262,0.01300106864723653,0.0,0.0479736328125,True
-B1,ct_search_expansion_ratio_mean,37,1262,0.013078740961767036,0.0,0.05316162109375,True
-B1,ct_search_expansion_ratio_mean,38,1262,0.013172663523920365,0.0,0.04937744140625,True
-B1,ct_search_expansion_ratio_mean,39,1262,0.013269342824509707,0.0,0.04193115234375,True
-B1,ct_search_expansion_ratio_mean,40,1262,0.013139292479694928,0.0,0.044677734375,True
-B1,ct_search_expansion_ratio_mean,41,1262,0.012914739206740293,0.0,0.0440673828125,True
-B1,ct_search_expansion_ratio_mean,42,1262,0.013114046559280904,0.0,0.04632568359375,True
-B1,ct_search_expansion_ratio_mean,43,1262,0.013130877172890253,0.0,0.0489501953125,True
-B1,ct_search_expansion_ratio_mean,44,1262,0.012985930767754556,0.0,0.0426025390625,True
-B1,ct_search_expansion_ratio_mean,45,1262,0.013047691381487718,0.0,0.0506591796875,True
-B1,ct_search_expansion_ratio_mean,46,1262,0.01322093062846672,0.0,0.0465087890625,True
-B1,ct_search_expansion_ratio_mean,47,1262,0.013050689939084786,0.0,0.0487060546875,True
-B1,ct_search_expansion_ratio_mean,48,1262,0.013249755472464342,0.0,0.04364013671875,True
-B1,ct_search_expansion_ratio_mean,49,1262,0.013266634449905904,0.0,0.05181884765625,True
-B1,ct_search_expansion_ratio_mean,50,1262,0.013051367032735737,0.0,0.0430908203125,True
-B1,ct_search_expansion_ratio_mean,51,1262,0.013097844675490293,0.0,0.0484619140625,True
-B1,ct_search_expansion_ratio_mean,52,1262,0.013181465741382726,0.0,0.04364013671875,True
-B1,ct_search_expansion_ratio_mean,53,1262,0.013242742716793779,0.0,0.05230712890625,True
-B1,ct_search_expansion_ratio_mean,54,1262,0.013130296806903724,0.0,0.04730224609375,True
-B1,ct_search_expansion_ratio_mean,55,1262,0.013024912016516442,0.0,0.0523681640625,True
-B1,ct_search_expansion_ratio_mean,56,1262,0.01308144933637084,0.0,0.04498291015625,True
-B1,ct_search_expansion_ratio_mean,57,1262,0.013100214503268622,0.0,0.05029296875,True
-B1,ct_search_expansion_ratio_mean,58,1262,0.012987043135895405,0.0,0.0484619140625,True
-B1,ct_search_expansion_ratio_mean,59,1262,0.01341095212522286,0.0,0.04327392578125,True
-B1,ct_search_expansion_ratio_mean,60,1262,0.013218028798534074,0.0,0.05560302734375,True
-B1,ct_search_used_mean,1,1262,0.25921156893819336,0.0,0.8125,True
-B1,ct_search_used_mean,2,1262,0.2549029318541997,0.0,0.625,True
-B1,ct_search_used_mean,3,1262,0.25797345483359746,0.0,0.625,True
-B1,ct_search_used_mean,4,1262,0.2566362916006339,0.0,0.625,True
-B1,ct_search_used_mean,5,1262,0.25539817749603805,0.0,0.625,True
-B1,ct_search_used_mean,6,1262,0.2557448494453249,0.0,0.6875,True
-B1,ct_search_used_mean,7,1262,0.25782488114104596,0.0,0.75,True
-B1,ct_search_used_mean,8,1262,0.2558934231378764,0.0,0.625,True
-B1,ct_search_used_mean,9,1262,0.25921156893819336,0.0,0.625,True
-B1,ct_search_used_mean,10,1262,0.2560419968304279,0.0,0.625,True
-B1,ct_search_used_mean,11,1262,0.25643819334389856,0.0,0.625,True
-B1,ct_search_used_mean,12,1262,0.25767630744849446,0.0,0.625,True
-B1,ct_search_used_mean,13,1262,0.26084587955625993,0.0,0.75,True
-B1,ct_search_used_mean,14,1262,0.2575772583201268,0.0,0.6875,True
-B1,ct_search_used_mean,15,1262,0.25782488114104596,0.0,0.625,True
-B1,ct_search_used_mean,16,1262,0.2566858161648177,0.0,0.625,True
-B1,ct_search_used_mean,17,1262,0.2568343898573692,0.0,0.75,True
-B1,ct_search_used_mean,18,1262,0.2566858161648177,0.0,0.625,True
-B1,ct_search_used_mean,19,1262,0.25866679873217113,0.0,0.6875,True
-B1,ct_search_used_mean,20,1262,0.25708201267828845,0.0,0.6875,True
-B1,ct_search_used_mean,21,1262,0.2573296354992076,0.0,0.5625,True
-B1,ct_search_used_mean,22,1262,0.2549029318541997,0.0,0.625,True
-B1,ct_search_used_mean,23,1262,0.25495245641838354,0.0,0.625,True
-B1,ct_search_used_mean,24,1262,0.2580229793977813,0.0,0.75,True
-B1,ct_search_used_mean,25,1262,0.25693343898573695,0.0,0.625,True
-B1,ct_search_used_mean,26,1262,0.2558934231378764,0.0,0.625,True
-B1,ct_search_used_mean,27,1262,0.25614104595879555,0.0,0.625,True
-B1,ct_search_used_mean,28,1262,0.2559429477020602,0.0,0.625,True
-B1,ct_search_used_mean,29,1262,0.25866679873217113,0.0,0.625,True
-B1,ct_search_used_mean,30,1262,0.2587658478605388,0.0,0.6875,True
-B1,ct_search_used_mean,31,1262,0.25584389857369255,0.0,0.625,True
-B1,ct_search_used_mean,32,1262,0.2561905705229794,0.0,0.6875,True
-B1,ct_search_used_mean,33,1262,0.2571315372424723,0.0,0.6875,True
-B1,ct_search_used_mean,34,1262,0.2573296354992076,0.0,0.625,True
-B1,ct_search_used_mean,35,1262,0.2571810618066561,0.0,0.625,True
-B1,ct_search_used_mean,36,1262,0.25312004754358164,0.0,0.625,True
-B1,ct_search_used_mean,37,1262,0.2571810618066561,0.0,0.625,True
-B1,ct_search_used_mean,38,1262,0.2583201267828843,0.0,0.625,True
-B1,ct_search_used_mean,39,1262,0.2580229793977813,0.0,0.625,True
-B1,ct_search_used_mean,40,1262,0.25841917591125196,0.0,0.625,True
-B1,ct_search_used_mean,41,1262,0.2551505546751189,0.0,0.625,True
-B1,ct_search_used_mean,42,1262,0.2557448494453249,0.0,0.6875,True
-B1,ct_search_used_mean,43,1262,0.2578744057052298,0.0,0.75,True
-B1,ct_search_used_mean,44,1262,0.2544076862123613,0.0,0.625,True
-B1,ct_search_used_mean,45,1262,0.2566362916006339,0.0,0.625,True
-B1,ct_search_used_mean,46,1262,0.2580229793977813,0.0,0.6875,True
-B1,ct_search_used_mean,47,1262,0.25723058637083995,0.0,0.625,True
-B1,ct_search_used_mean,48,1262,0.25980586370839936,0.0,0.6875,True
-B1,ct_search_used_mean,49,1262,0.2575772583201268,0.0,0.625,True
-B1,ct_search_used_mean,50,1262,0.2559429477020602,0.0,0.625,True
-B1,ct_search_used_mean,51,1262,0.2568343898573692,0.0,0.625,True
-B1,ct_search_used_mean,52,1262,0.25767630744849446,0.0,0.6875,True
-B1,ct_search_used_mean,53,1262,0.25822107765451663,0.0,0.625,True
-B1,ct_search_used_mean,54,1262,0.2575772583201268,0.0,0.625,True
-B1,ct_search_used_mean,55,1262,0.25737916006339145,0.0,0.625,True
-B1,ct_search_used_mean,56,1262,0.2568343898573692,0.0,0.625,True
-B1,ct_search_used_mean,57,1262,0.25812202852614896,0.0,0.625,True
-B1,ct_search_used_mean,58,1262,0.2568343898573692,0.0,0.6875,True
-B1,ct_search_used_mean,59,1262,0.26119255150554677,0.0,0.625,True
-B1,ct_search_used_mean,60,1262,0.25856774960380347,0.0,0.6875,True
-B1,loss_angle_aux,1,1262,0.03854169019506418,0.001718012266792357,0.38222241401672363,True
-B1,loss_angle_aux,2,1262,0.003974217004009867,0.0004495768225751817,0.01719891093671322,True
-B1,loss_angle_aux,3,1262,0.0022658395937526976,0.0003735003701876849,0.015571012161672115,True
-B1,loss_angle_aux,4,1262,0.0018183737967757208,0.00013215912622399628,0.01821574755012989,True
-B1,loss_angle_aux,5,1262,0.0015836924765193162,0.00018826191080734134,0.013311242684721947,True
-B1,loss_angle_aux,6,1262,0.0013299683524289599,0.00011985888704657555,0.012576933018863201,True
-B1,loss_angle_aux,7,1262,0.001232035521340323,9.108991071116179e-05,0.011640078388154507,True
-B1,loss_angle_aux,8,1262,0.0011769593978415906,0.00010105809633387253,0.015271635726094246,True
-B1,loss_angle_aux,9,1262,0.0010892153596584395,5.5448486818932e-05,0.011282526887953281,True
-B1,loss_angle_aux,10,1262,0.0010565641712647878,9.093845437746495e-05,0.011058368720114231,True
-B1,loss_angle_aux,11,1262,0.0009564723475362208,6.040365042281337e-05,0.013524127192795277,True
-B1,loss_angle_aux,12,1262,0.0009772571662359072,6.24667591182515e-05,0.013468342833220959,True
-B1,loss_angle_aux,13,1262,0.0008572796815183924,6.554697756655514e-05,0.01040130015462637,True
-B1,loss_angle_aux,14,1262,0.0008286158032543281,7.21529868314974e-05,0.011104541830718517,True
-B1,loss_angle_aux,15,1262,0.0009174044603234575,4.7955516492947936e-05,0.016567261889576912,True
-B1,loss_angle_aux,16,1262,0.0007498748664709698,8.181061275536194e-05,0.010001941584050655,True
-B1,loss_angle_aux,17,1262,0.0007400528352631337,8.347106631845236e-05,0.00946272723376751,True
-B1,loss_angle_aux,18,1262,0.0007609888042364156,6.522353214677423e-05,0.010635643266141415,True
-B1,loss_angle_aux,19,1262,0.0007146997367763481,7.151802128646523e-05,0.011941391043365002,True
-B1,loss_angle_aux,20,1262,0.0007031397945388958,3.1602052331436425e-05,0.010142394341528416,True
-B1,loss_angle_aux,21,1262,0.00037411848299768286,4.26497936132364e-05,0.010770710185170174,True
-B1,loss_angle_aux,22,1262,0.000348097956819736,3.962883056374267e-05,0.010599213652312756,True
-B1,loss_angle_aux,23,1262,0.00035304035095080736,3.409206692595035e-05,0.010604259558022022,True
-B1,loss_angle_aux,24,1262,0.0003374764809048288,4.028231342090294e-05,0.009393720887601376,True
-B1,loss_angle_aux,25,1262,0.00035070360257291594,3.565657607396133e-05,0.010016372427344322,True
-B1,loss_angle_aux,26,1262,0.00033680864268274916,2.5913102945196442e-05,0.009821416810154915,True
-B1,loss_angle_aux,27,1262,0.00033089964609959744,3.0182978662196547e-05,0.008979623205959797,True
-B1,loss_angle_aux,28,1262,0.0003266733387533714,3.697224019560963e-05,0.010058997198939323,True
-B1,loss_angle_aux,29,1262,0.0003129501217962053,4.0678300138097256e-05,0.009342655539512634,True
-B1,loss_angle_aux,30,1262,0.00032402856243314354,4.184129647910595e-05,0.010522098280489445,True
-B1,loss_angle_aux,31,1262,0.0003271752996678185,3.034504879906308e-05,0.010110084898769855,True
-B1,loss_angle_aux,32,1262,0.000314349749227715,2.6032523237518035e-05,0.009954615496098995,True
-B1,loss_angle_aux,33,1262,0.00031929592476822303,4.057899059262127e-05,0.009786585345864296,True
-B1,loss_angle_aux,34,1262,0.00032205132382266737,4.862622881773859e-05,0.01005551964044571,True
-B1,loss_angle_aux,35,1262,0.000305898941963562,3.5597629903350025e-05,0.009533051401376724,True
-B1,loss_angle_aux,36,1262,0.0003191468455567576,2.956051321234554e-05,0.009905070066452026,True
-B1,loss_angle_aux,37,1262,0.0003092676524224216,2.7126643544761464e-05,0.00939640961587429,True
-B1,loss_angle_aux,38,1262,0.0003142061359857192,4.535110929282382e-05,0.009398723021149635,True
-B1,loss_angle_aux,39,1262,0.0002955981471983804,3.682688839035109e-05,0.009682072326540947,True
-B1,loss_angle_aux,40,1262,0.00031146864683066403,3.51557282556314e-05,0.009942998178303242,True
-B1,loss_angle_aux,41,1262,0.00026744372702114486,3.74754672520794e-05,0.009824376553297043,True
-B1,loss_angle_aux,42,1262,0.0002762685385400534,3.0982868338469416e-05,0.009375114925205708,True
-B1,loss_angle_aux,43,1262,0.0002728404975705171,2.221871545771137e-05,0.00940659549087286,True
-B1,loss_angle_aux,44,1262,0.0002681979468058099,3.427465708227828e-05,0.009571232832968235,True
-B1,loss_angle_aux,45,1262,0.0002882077968243618,1.9402372345211916e-05,0.009535525925457478,True
-B1,loss_angle_aux,46,1262,0.0002940885190996445,3.8350037357304245e-05,0.009794053621590137,True
-B1,loss_angle_aux,47,1262,0.0002748967843609591,3.72743234038353e-05,0.00886788871139288,True
-B1,loss_angle_aux,48,1262,0.0002720462343816013,2.641556966409553e-05,0.009030007757246494,True
-B1,loss_angle_aux,49,1262,0.000289045345561468,3.789277980104089e-05,0.009720240719616413,True
-B1,loss_angle_aux,50,1262,0.00027677334844016763,4.117572825634852e-05,0.009809533134102821,True
-B1,loss_angle_aux,51,1262,0.00027585575841685957,2.8430134989321232e-05,0.009393944405019283,True
-B1,loss_angle_aux,52,1262,0.0002835726628102196,2.7047932235291228e-05,0.010228432714939117,True
-B1,loss_angle_aux,53,1262,0.00026888173212672795,3.91574612876866e-05,0.008932323195040226,True
-B1,loss_angle_aux,54,1262,0.0002735354928445996,3.9457674574805424e-05,0.010726367123425007,True
-B1,loss_angle_aux,55,1262,0.0002899544828765051,3.479096631053835e-05,0.009756220504641533,True
-B1,loss_angle_aux,56,1262,0.00026903595089131175,2.5804856704780832e-05,0.009413638152182102,True
-B1,loss_angle_aux,57,1262,0.00026256996777369683,3.9669219404459e-05,0.009100302122533321,True
-B1,loss_angle_aux,58,1262,0.0002626606416222975,4.031466960441321e-05,0.009917865507304668,True
-B1,loss_angle_aux,59,1262,0.0002754862617115341,2.6414152671350166e-05,0.00961028691381216,True
-B1,loss_angle_aux,60,1262,0.0002710818591854748,4.225796146783978e-05,0.008573886938393116,True
-B1,loss_center,1,1262,0.17800194994958263,0.010859186761081219,1.1831549406051636,True
-B1,loss_center,2,1262,0.11850447029911466,0.009962666779756546,0.5724561214447021,True
-B1,loss_center,3,1262,0.10147134608200939,0.009122785180807114,0.5361490249633789,True
-B1,loss_center,4,1262,0.08510668383742995,0.008656581863760948,0.5297079086303711,True
-B1,loss_center,5,1262,0.07351296701064118,0.007012000307440758,0.5248319506645203,True
-B1,loss_center,6,1262,0.0702882603555475,0.007760047446936369,0.46924781799316406,True
-B1,loss_center,7,1262,0.06327943629533549,0.008080076426267624,0.4413963258266449,True
-B1,loss_center,8,1262,0.05866441343100697,0.006780199706554413,0.48767584562301636,True
-B1,loss_center,9,1262,0.054980707686193724,0.00571534363552928,0.3754657208919525,True
-B1,loss_center,10,1262,0.0516500493471707,0.005293253343552351,0.4414680004119873,True
-B1,loss_center,11,1262,0.048333210410128113,0.00590688269585371,0.3018706440925598,True
-B1,loss_center,12,1262,0.049432657830263654,0.005149932112544775,0.47289130091667175,True
-B1,loss_center,13,1262,0.046704559785457074,0.00408121757209301,0.34922927618026733,True
-B1,loss_center,14,1262,0.04207644696537813,0.005386903416365385,0.4554297924041748,True
-B1,loss_center,15,1262,0.040286167855367136,0.004836195148527622,0.4443987309932709,True
-B1,loss_center,16,1262,0.04101251690573223,0.004655175842344761,0.33478832244873047,True
-B1,loss_center,17,1262,0.039006419711570636,0.006116814911365509,0.3822525143623352,True
-B1,loss_center,18,1262,0.03862735853167384,0.005433134734630585,0.3815934360027313,True
-B1,loss_center,19,1262,0.038074429408926073,0.005385879427194595,0.4238918721675873,True
-B1,loss_center,20,1262,0.037208386964021505,0.004962364677339792,0.3799312710762024,True
-B1,loss_center,21,1262,0.029159809597406283,0.004643288441002369,0.29124197363853455,True
-B1,loss_center,22,1262,0.027333187431956032,0.00412891898304224,0.3029026389122009,True
-B1,loss_center,23,1262,0.026431759363320758,0.005135486833751202,0.32626235485076904,True
-B1,loss_center,24,1262,0.0268698400580184,0.003825593274086714,0.24208509922027588,True
-B1,loss_center,25,1262,0.025897605231374195,0.004123928491026163,0.48803019523620605,True
-B1,loss_center,26,1262,0.025848286966948214,0.004275551065802574,0.3471364676952362,True
-B1,loss_center,27,1262,0.024683280277513146,0.004297895357012749,0.4432501494884491,True
-B1,loss_center,28,1262,0.02416897235289157,0.004415526520460844,0.2100173681974411,True
-B1,loss_center,29,1262,0.024371316272355083,0.004185238853096962,0.3872416019439697,True
-B1,loss_center,30,1262,0.023648269340933174,0.0040471856482326984,0.24475610256195068,True
-B1,loss_center,31,1262,0.023674866312630653,0.004317825194448233,0.27550631761550903,True
-B1,loss_center,32,1262,0.023088877171974647,0.004438253119587898,0.4333120286464691,True
-B1,loss_center,33,1262,0.023507700369600353,0.003546386957168579,0.5040030479431152,True
-B1,loss_center,34,1262,0.02357942033477907,0.005120123736560345,0.26492536067962646,True
-B1,loss_center,35,1262,0.023525099043672382,0.0037084983196109533,0.4793132245540619,True
-B1,loss_center,36,1262,0.024984720503253104,0.003984589129686356,0.4155313968658447,True
-B1,loss_center,37,1262,0.023484785934812766,0.00483382772654295,0.4915521740913391,True
-B1,loss_center,38,1262,0.02348439855886278,0.0047613475471735,0.4506056308746338,True
-B1,loss_center,39,1262,0.02182502799081467,0.00418952526524663,0.347871869802475,True
-B1,loss_center,40,1262,0.021804759270406777,0.0033360272645950317,0.36425456404685974,True
-B1,loss_center,41,1262,0.022412795446172546,0.004796217195689678,0.5945448279380798,True
-B1,loss_center,42,1262,0.02310659959779465,0.0032737129367887974,0.3923948407173157,True
-B1,loss_center,43,1262,0.02085262057356678,0.004442696925252676,0.5129978656768799,True
-B1,loss_center,44,1262,0.022559112314984982,0.004138357471674681,0.3888421654701233,True
-B1,loss_center,45,1262,0.02122088816871486,0.004764788318425417,0.2307223379611969,True
-B1,loss_center,46,1262,0.021840370231398076,0.0024344422854483128,0.3871198296546936,True
-B1,loss_center,47,1262,0.022054435305220624,0.004379166290163994,0.506721556186676,True
-B1,loss_center,48,1262,0.02210809688176812,0.004285669885575771,0.47004491090774536,True
-B1,loss_center,49,1262,0.02176375315884769,0.004293976351618767,0.3252515196800232,True
-B1,loss_center,50,1262,0.021245233731922913,0.004218439571559429,0.3164822459220886,True
-B1,loss_center,51,1262,0.02138891832300841,0.003338087350130081,0.23384246230125427,True
-B1,loss_center,52,1262,0.022010141298419866,0.0032336614094674587,0.41521379351615906,True
-B1,loss_center,53,1262,0.021287755758048473,0.0037346999160945415,0.2826043963432312,True
-B1,loss_center,54,1262,0.021167490737241133,0.0035276259295642376,0.25534525513648987,True
-B1,loss_center,55,1262,0.021790482278355353,0.002965319436043501,0.2758883833885193,True
-B1,loss_center,56,1262,0.02304903779395822,0.0037732194177806377,0.44552358984947205,True
-B1,loss_center,57,1262,0.020885266920790763,0.0043052444234490395,0.32933998107910156,True
-B1,loss_center,58,1262,0.02047887976501261,0.004422441124916077,0.30146512389183044,True
-B1,loss_center,59,1262,0.022101836305970648,0.004310864023864269,0.32687991857528687,True
-B1,loss_center,60,1262,0.021708639045268086,0.004064643289893866,0.19119635224342346,True
-B1,loss_center_aux,1,1262,0.21380638181513822,0.027120810002088547,1.7441810369491577,True
-B1,loss_center_aux,2,1262,0.1071334787808276,0.019969532266259193,0.4062942862510681,True
-B1,loss_center_aux,3,1262,0.08730322665427169,0.012365570291876793,0.4336458146572113,True
-B1,loss_center_aux,4,1262,0.07749956290838315,0.01141344290226698,0.44075915217399597,True
-B1,loss_center_aux,5,1262,0.07102681792130112,0.009077852591872215,0.47546225786209106,True
-B1,loss_center_aux,6,1262,0.06929288903198157,0.009251801297068596,0.38151633739471436,True
-B1,loss_center_aux,7,1262,0.06435498636047668,0.009955013170838356,0.34716904163360596,True
-B1,loss_center_aux,8,1262,0.06259731155718351,0.010011948645114899,0.3930749297142029,True
-B1,loss_center_aux,9,1262,0.05807845847254616,0.0064711361192166805,0.35205742716789246,True
-B1,loss_center_aux,10,1262,0.05470680867774905,0.007959270849823952,0.47322195768356323,True
-B1,loss_center_aux,11,1262,0.05146377678981225,0.00827293936163187,0.30514973402023315,True
-B1,loss_center_aux,12,1262,0.05363728047168494,0.007339110132306814,0.47911548614501953,True
-B1,loss_center_aux,13,1262,0.04974092038461965,0.007273191120475531,0.36096876859664917,True
-B1,loss_center_aux,14,1262,0.0447269306893028,0.0067547089420259,0.36888813972473145,True
-B1,loss_center_aux,15,1262,0.044430000245166724,0.0049134427681565285,0.39932510256767273,True
-B1,loss_center_aux,16,1262,0.04309370486684167,0.005740496329963207,0.343893826007843,True
-B1,loss_center_aux,17,1262,0.042065283243371714,0.00756902014836669,0.3445638418197632,True
-B1,loss_center_aux,18,1262,0.04184690431031958,0.0073116859421133995,0.2861764430999756,True
-B1,loss_center_aux,19,1262,0.04144237706291588,0.006681359373033047,0.401039719581604,True
-B1,loss_center_aux,20,1262,0.03988069104268356,0.005532245617359877,0.444071501493454,True
-B1,loss_center_aux,21,1262,0.02975993582915379,0.0052836681716144085,0.3104252219200134,True
-B1,loss_center_aux,22,1262,0.027588184954666438,0.0045508709736168385,0.27368858456611633,True
-B1,loss_center_aux,23,1262,0.026634785000208275,0.005675099324434996,0.25264880061149597,True
-B1,loss_center_aux,24,1262,0.026821367906424233,0.004030562937259674,0.23509463667869568,True
-B1,loss_center_aux,25,1262,0.02569293127714017,0.0047756582498550415,0.2446213811635971,True
-B1,loss_center_aux,26,1262,0.025484122778694905,0.0050377026200294495,0.2621452212333679,True
-B1,loss_center_aux,27,1262,0.024711188882376806,0.004904675763100386,0.2772500514984131,True
-B1,loss_center_aux,28,1262,0.024156106070271455,0.005730141885578632,0.21117554605007172,True
-B1,loss_center_aux,29,1262,0.024141077485035887,0.004948999732732773,0.2533668875694275,True
-B1,loss_center_aux,30,1262,0.02344095542556097,0.0036026258021593094,0.19204142689704895,True
-B1,loss_center_aux,31,1262,0.023381271694746995,0.004569123033434153,0.24359773099422455,True
-B1,loss_center_aux,32,1262,0.02285595366874453,0.004589473363012075,0.321163535118103,True
-B1,loss_center_aux,33,1262,0.023216952291935707,0.004687311127781868,0.4802665710449219,True
-B1,loss_center_aux,34,1262,0.023189198146773452,0.0053041293285787106,0.26072385907173157,True
-B1,loss_center_aux,35,1262,0.022546010818066762,0.0036450140178203583,0.23322197794914246,True
-B1,loss_center_aux,36,1262,0.023719706091802514,0.005061279982328415,0.22141626477241516,True
-B1,loss_center_aux,37,1262,0.02249286251759567,0.004719161428511143,0.49735569953918457,True
-B1,loss_center_aux,38,1262,0.02295124945533351,0.0045488141477108,0.2358717918395996,True
-B1,loss_center_aux,39,1262,0.021401360440591908,0.004367257934063673,0.22232168912887573,True
-B1,loss_center_aux,40,1262,0.021038173334436895,0.004470234736800194,0.2093513458967209,True
-B1,loss_center_aux,41,1262,0.021292813056223863,0.004746636375784874,0.42713508009910583,True
-B1,loss_center_aux,42,1262,0.0213157648479687,0.00432100985199213,0.30122411251068115,True
-B1,loss_center_aux,43,1262,0.019909908340449804,0.003719435539096594,0.5177212953567505,True
-B1,loss_center_aux,44,1262,0.020688252912084506,0.004426159895956516,0.30744069814682007,True
-B1,loss_center_aux,45,1262,0.02022581674467046,0.004151639528572559,0.22709012031555176,True
-B1,loss_center_aux,46,1262,0.02094259285906746,0.0029098503291606903,0.38133448362350464,True
-B1,loss_center_aux,47,1262,0.02052620273650212,0.004284270573407412,0.23426440358161926,True
-B1,loss_center_aux,48,1262,0.021135130068420088,0.004660801030695438,0.2786206603050232,True
-B1,loss_center_aux,49,1262,0.02069574105331937,0.004307119641453028,0.32384613156318665,True
-B1,loss_center_aux,50,1262,0.020183889331479105,0.004770800471305847,0.19104543328285217,True
-B1,loss_center_aux,51,1262,0.020306215906942267,0.0038038166239857674,0.2323080599308014,True
-B1,loss_center_aux,52,1262,0.020295797335242234,0.0032561919651925564,0.18530897796154022,True
-B1,loss_center_aux,53,1262,0.02024742444901891,0.0034175310283899307,0.28091609477996826,True
-B1,loss_center_aux,54,1262,0.020435064266511076,0.003944654017686844,0.26077237725257874,True
-B1,loss_center_aux,55,1262,0.020786745521157283,0.0034985183738172054,0.2293287217617035,True
-B1,loss_center_aux,56,1262,0.02119282639172908,0.0034478146117180586,0.32010212540626526,True
-B1,loss_center_aux,57,1262,0.020178590248827417,0.004851848818361759,0.29182130098342896,True
-B1,loss_center_aux,58,1262,0.019882497996484446,0.0045563653111457825,0.29698240756988525,True
-B1,loss_center_aux,59,1262,0.020939811633194305,0.004735882394015789,0.22375747561454773,True
-B1,loss_center_aux,60,1262,0.020601279741350897,0.004138551186770201,0.24591317772865295,True
-B1,loss_center_motion,1,1262,0.3310286417742232,0.01188818458467722,2.0719878673553467,True
-B1,loss_center_motion,2,1262,0.18216508953491145,0.0082356296479702,1.0653730630874634,True
-B1,loss_center_motion,3,1262,0.15862575902385126,0.006015394348651171,0.8464716672897339,True
-B1,loss_center_motion,4,1262,0.13367189875975097,0.004230547696352005,1.1504539251327515,True
-B1,loss_center_motion,5,1262,0.11689524260119324,0.003030818421393633,0.786113440990448,True
-B1,loss_center_motion,6,1262,0.1088751859914234,0.006069714203476906,1.1666221618652344,True
-B1,loss_center_motion,7,1262,0.09713477825911246,0.005598930176347494,0.8722125291824341,True
-B1,loss_center_motion,8,1262,0.08625286681763533,0.004770330153405666,0.8070343136787415,True
-B1,loss_center_motion,9,1262,0.08254473468823072,0.003963542636483908,0.9969924092292786,True
-B1,loss_center_motion,10,1262,0.07461048221907825,0.00401654839515686,1.0299259424209595,True
-B1,loss_center_motion,11,1262,0.07061494715665298,0.004977216478437185,0.6929495930671692,True
-B1,loss_center_motion,12,1262,0.0693202757489869,0.0,0.7907431125640869,True
-B1,loss_center_motion,13,1262,0.06679772172057952,7.062803342705593e-05,1.2534176111221313,True
-B1,loss_center_motion,14,1262,0.060014866706387546,0.0010558933718129992,0.7473732233047485,True
-B1,loss_center_motion,15,1262,0.05609350862267845,0.002375147771090269,0.7304965853691101,True
-B1,loss_center_motion,16,1262,0.056779803157113964,0.002409944776445627,0.9855658411979675,True
-B1,loss_center_motion,17,1262,0.054840979072975256,0.0,0.5431071519851685,True
-B1,loss_center_motion,18,1262,0.05076720790381111,0.003177391132339835,0.5678421854972839,True
-B1,loss_center_motion,19,1262,0.05210902989484449,0.0016967362025752664,0.9400856494903564,True
-B1,loss_center_motion,20,1262,0.04908018338448064,0.0006706466083414853,0.6022364497184753,True
-B1,loss_center_motion,21,1262,0.03628446405481181,0.0016873456770554185,0.4968501329421997,True
-B1,loss_center_motion,22,1262,0.03384744896750496,0.001879977062344551,0.4959530830383301,True
-B1,loss_center_motion,23,1262,0.0317475966547052,0.0018896878464147449,0.8410372734069824,True
-B1,loss_center_motion,24,1262,0.03070027858724378,0.0021554185077548027,0.7734008431434631,True
-B1,loss_center_motion,25,1262,0.029375878928698564,0.002142965095117688,0.5699882507324219,True
-B1,loss_center_motion,26,1262,0.02978362328427875,0.001560961944051087,0.4973527491092682,True
-B1,loss_center_motion,27,1262,0.027486672282341435,0.0025176804047077894,0.547593355178833,True
-B1,loss_center_motion,28,1262,0.027722872565825146,0.0016731434734538198,0.34385427832603455,True
-B1,loss_center_motion,29,1262,0.026739630394961342,0.0016187463188543916,0.5128921866416931,True
-B1,loss_center_motion,30,1262,0.02700360218923105,0.001582215423695743,0.8807505369186401,True
-B1,loss_center_motion,31,1262,0.02671754632603448,0.002221018308773637,0.6408849358558655,True
-B1,loss_center_motion,32,1262,0.025071047999927105,0.0009915842674672604,0.45063871145248413,True
-B1,loss_center_motion,33,1262,0.02434005019463091,0.0015027027111500502,0.44954606890678406,True
-B1,loss_center_motion,34,1262,0.026057122619405668,0.0017420250223949552,0.33229538798332214,True
-B1,loss_center_motion,35,1262,0.024913174068671835,0.0,0.33667904138565063,True
-B1,loss_center_motion,36,1262,0.02655411483192294,0.0014844273682683706,0.47257208824157715,True
-B1,loss_center_motion,37,1262,0.024818051448305876,0.0007572764297947288,0.6845954060554504,True
-B1,loss_center_motion,38,1262,0.02472622769472607,0.0009915722766891122,0.5144711136817932,True
-B1,loss_center_motion,39,1262,0.02304269467840612,0.0011101035634055734,0.39255380630493164,True
-B1,loss_center_motion,40,1262,0.022397484747960827,0.0008659966988489032,0.3333495259284973,True
-B1,loss_center_motion,41,1262,0.02173568833735218,0.0,0.28003039956092834,True
-B1,loss_center_motion,42,1262,0.0227959105972715,0.0007461122586391866,0.44875261187553406,True
-B1,loss_center_motion,43,1262,0.02140901827099534,0.0013321982696652412,0.519989013671875,True
-B1,loss_center_motion,44,1262,0.022608046344552993,0.0015355839859694242,0.5714331865310669,True
-B1,loss_center_motion,45,1262,0.02120005255716332,0.0017074267379939556,0.5162388682365417,True
-B1,loss_center_motion,46,1262,0.022342684489074154,0.0,0.3479069173336029,True
-B1,loss_center_motion,47,1262,0.02134926898682434,0.0013480635825544596,0.33657005429267883,True
-B1,loss_center_motion,48,1262,0.022032905858627737,0.0,0.4559820890426636,True
-B1,loss_center_motion,49,1262,0.02116647747412332,0.00039112436934374273,0.524651825428009,True
-B1,loss_center_motion,50,1262,0.02264740081802313,0.0007729620556347072,0.6892897486686707,True
-B1,loss_center_motion,51,1262,0.021152501351036954,0.0012692254967987537,0.4425654113292694,True
-B1,loss_center_motion,52,1262,0.02172697702083824,0.0008840801892802119,0.4731069505214691,True
-B1,loss_center_motion,53,1262,0.02096947745326685,0.0013772154925391078,0.32050448656082153,True
-B1,loss_center_motion,54,1262,0.021438745346282668,0.0012018041452392936,0.4177529215812683,True
-B1,loss_center_motion,55,1262,0.022763904523663076,0.0014361940557137132,0.3779228627681732,True
-B1,loss_center_motion,56,1262,0.021388053142047957,0.0012518513249233365,0.32517099380493164,True
-B1,loss_center_motion,57,1262,0.021571384493144236,0.0,0.3776404857635498,True
-B1,loss_center_motion,58,1262,0.021309835896343908,0.0016715261153876781,0.2974928617477417,True
-B1,loss_center_motion,59,1262,0.021305960894834615,0.0017618566052988172,0.4855158030986786,True
-B1,loss_center_motion,60,1262,0.02130223962118762,0.0009426252800039947,0.36878034472465515,True
-B1,loss_center_ref,1,1262,0.43981998223994406,0.04584012180566788,2.0633938312530518,True
-B1,loss_center_ref,2,1262,0.11868223519449708,0.02763596549630165,0.29973357915878296,True
-B1,loss_center_ref,3,1262,0.0880507409776282,0.018008101731538773,0.21603912115097046,True
-B1,loss_center_ref,4,1262,0.05900119822073828,0.011585946194827557,0.19342537224292755,True
-B1,loss_center_ref,5,1262,0.04138292678707115,0.010376534424722195,0.16014058887958527,True
-B1,loss_center_ref,6,1262,0.03439498204655249,0.008624388836324215,0.17741166055202484,True
-B1,loss_center_ref,7,1262,0.029926603942631306,0.009010626003146172,0.18584711849689484,True
-B1,loss_center_ref,8,1262,0.02642075276952798,0.007178804371505976,0.1598932445049286,True
-B1,loss_center_ref,9,1262,0.023235389233674564,0.006882939953356981,0.08598589897155762,True
-B1,loss_center_ref,10,1262,0.021618540071116292,0.006303297821432352,0.09004417806863785,True
-B1,loss_center_ref,11,1262,0.020118795516096327,0.006910784635692835,0.07709590345621109,True
-B1,loss_center_ref,12,1262,0.02044040467162069,0.005781763233244419,0.10005147010087967,True
-B1,loss_center_ref,13,1262,0.019188909738275875,0.005977886263281107,0.0952109694480896,True
-B1,loss_center_ref,14,1262,0.017281931960769294,0.0037383660674095154,0.10141187161207199,True
-B1,loss_center_ref,15,1262,0.016771708800724563,0.005607971455901861,0.08778315782546997,True
-B1,loss_center_ref,16,1262,0.01570905400875501,0.005571635905653238,0.04910171031951904,True
-B1,loss_center_ref,17,1262,0.015852276919920312,0.005796762183308601,0.08619316667318344,True
-B1,loss_center_ref,18,1262,0.01527568727891107,0.0050904410891234875,0.07968391478061676,True
-B1,loss_center_ref,19,1262,0.014414112499461947,0.005451320204883814,0.09586245566606522,True
-B1,loss_center_ref,20,1262,0.014773708132055785,0.005496459547430277,0.18126241862773895,True
-B1,loss_center_ref,21,1262,0.010481322441204331,0.0033098359126597643,0.0503443144261837,True
-B1,loss_center_ref,22,1262,0.010158287167177194,0.004512018524110317,0.048783402889966965,True
-B1,loss_center_ref,23,1262,0.009850968551606519,0.003673876402899623,0.04652341827750206,True
-B1,loss_center_ref,24,1262,0.009717502900607376,0.003986524883657694,0.042602673172950745,True
-B1,loss_center_ref,25,1262,0.009549677761628775,0.0032227409537881613,0.03680271655321121,True
-B1,loss_center_ref,26,1262,0.009458417941487015,0.0039580212906003,0.052559688687324524,True
-B1,loss_center_ref,27,1262,0.009416718985708268,0.004189191851764917,0.04602886736392975,True
-B1,loss_center_ref,28,1262,0.009260954848223509,0.004365601576864719,0.040488798171281815,True
-B1,loss_center_ref,29,1262,0.009244367828601514,0.004276019986718893,0.04400435462594032,True
-B1,loss_center_ref,30,1262,0.009181438489719671,0.003474415512755513,0.04115477204322815,True
-B1,loss_center_ref,31,1262,0.009023520207547667,0.003095314372330904,0.03788270428776741,True
-B1,loss_center_ref,32,1262,0.00903538651539311,0.0035264112520962954,0.035423364490270615,True
-B1,loss_center_ref,33,1262,0.008912153874867833,0.0033579235896468163,0.03250741586089134,True
-B1,loss_center_ref,34,1262,0.009027028698754599,0.004073976073414087,0.03277125209569931,True
-B1,loss_center_ref,35,1262,0.00890699885553118,0.003681859700009227,0.03259432315826416,True
-B1,loss_center_ref,36,1262,0.00890925152023602,0.00391352130100131,0.032003339380025864,True
-B1,loss_center_ref,37,1262,0.008869268051046058,0.003925663884729147,0.03351481631398201,True
-B1,loss_center_ref,38,1262,0.008760786399823833,0.0037457901053130627,0.028041532263159752,True
-B1,loss_center_ref,39,1262,0.008699344797650272,0.004546000622212887,0.027808066457509995,True
-B1,loss_center_ref,40,1262,0.008779392275507614,0.003713537473231554,0.033787377178668976,True
-B1,loss_center_ref,41,1262,0.008502445890304001,0.004121242556720972,0.03968711569905281,True
-B1,loss_center_ref,42,1262,0.008417483579320168,0.00395752489566803,0.031010771170258522,True
-B1,loss_center_ref,43,1262,0.008298391516493094,0.003635970177128911,0.038531865924596786,True
-B1,loss_center_ref,44,1262,0.008395060523274383,0.0038317532744258642,0.029339531436562538,True
-B1,loss_center_ref,45,1262,0.008393912522266907,0.004257652442902327,0.031805846840143204,True
-B1,loss_center_ref,46,1262,0.008397180185042227,0.0026044033002108335,0.033337950706481934,True
-B1,loss_center_ref,47,1262,0.008407221166874547,0.003742084838449955,0.025049807503819466,True
-B1,loss_center_ref,48,1262,0.00836381648660515,0.003507940797135234,0.03018643893301487,True
-B1,loss_center_ref,49,1262,0.008362808177342104,0.003947740886360407,0.02447955310344696,True
-B1,loss_center_ref,50,1262,0.008306715192078434,0.003749837400391698,0.026118049398064613,True
-B1,loss_center_ref,51,1262,0.008317710338426066,0.003078622277826071,0.025863004848361015,True
-B1,loss_center_ref,52,1262,0.008296252285143605,0.0031473636627197266,0.03085942380130291,True
-B1,loss_center_ref,53,1262,0.008268918625851015,0.0035504379775375128,0.027244187891483307,True
-B1,loss_center_ref,54,1262,0.00828678441538716,0.00344855641014874,0.02804052270948887,True
-B1,loss_center_ref,55,1262,0.008288587949411404,0.0031971849966794252,0.0325990654528141,True
-B1,loss_center_ref,56,1262,0.008302152029344909,0.0032945426646620035,0.032200608402490616,True
-B1,loss_center_ref,57,1262,0.008253510439400922,0.003638637950643897,0.030121082440018654,True
-B1,loss_center_ref,58,1262,0.00823367429508277,0.0037468441296368837,0.026494823396205902,True
-B1,loss_center_ref,59,1262,0.00830287308536954,0.003678021254017949,0.02507716976106167,True
-B1,loss_center_ref,60,1262,0.008307333495253888,0.00370070431381464,0.028088118880987167,True
-B1,loss_ct_correction,1,1262,0.21224148008786436,0.012541289441287518,1.8007038831710815,True
-B1,loss_ct_correction,2,1262,0.09411923020337185,0.010966256260871887,0.6077452301979065,True
-B1,loss_ct_correction,3,1262,0.07862546099733603,0.009768130257725716,0.7341895699501038,True
-B1,loss_ct_correction,4,1262,0.07133955358366723,0.009271074086427689,0.6394859552383423,True
-B1,loss_ct_correction,5,1262,0.06598116742320087,0.006642578635364771,0.6485416889190674,True
-B1,loss_ct_correction,6,1262,0.06429688814546317,0.007903249002993107,0.5667276978492737,True
-B1,loss_ct_correction,7,1262,0.05770577987539397,0.005877799354493618,0.5421521663665771,True
-B1,loss_ct_correction,8,1262,0.05702902471370665,0.005881650373339653,0.5959987640380859,True
-B1,loss_ct_correction,9,1262,0.05259656778089525,0.006194144953042269,0.6358216404914856,True
-B1,loss_ct_correction,10,1262,0.049712600938093196,0.007072757929563522,0.47799810767173767,True
-B1,loss_ct_correction,11,1262,0.046703584437227545,0.006600534077733755,0.564816415309906,True
-B1,loss_ct_correction,12,1262,0.049114045992356366,0.0036731052678078413,0.7428060173988342,True
-B1,loss_ct_correction,13,1262,0.04504133162026702,0.006083894520998001,0.5027380585670471,True
-B1,loss_ct_correction,14,1262,0.03987764649605305,0.005354745779186487,0.7983207702636719,True
-B1,loss_ct_correction,15,1262,0.039768328177691,0.004906226880848408,0.8147186040878296,True
-B1,loss_ct_correction,16,1262,0.0391047512186269,0.004273061640560627,0.4988129436969757,True
-B1,loss_ct_correction,17,1262,0.03761666574885865,0.005778910126537085,0.5636043548583984,True
-B1,loss_ct_correction,18,1262,0.03541482521867507,0.006178915500640869,0.5500227212905884,True
-B1,loss_ct_correction,19,1262,0.035776693998244125,0.005182771012187004,0.4590468406677246,True
-B1,loss_ct_correction,20,1262,0.03272474631438366,0.0049531529657542706,0.5031794309616089,True
-B1,loss_ct_correction,21,1262,0.02576927686417874,0.003099914873018861,0.4175286889076233,True
-B1,loss_ct_correction,22,1262,0.023556579820584452,0.005397658329457045,0.4080028533935547,True
-B1,loss_ct_correction,23,1262,0.022016873731899256,0.004521735943853855,0.36287879943847656,True
-B1,loss_ct_correction,24,1262,0.022764537367960896,0.004386234097182751,0.3619096875190735,True
-B1,loss_ct_correction,25,1262,0.021696665546031765,0.00398800615221262,0.32389241456985474,True
-B1,loss_ct_correction,26,1262,0.021559621196346454,0.003963029012084007,0.2981152832508087,True
-B1,loss_ct_correction,27,1262,0.020822834363354817,0.004519215784966946,0.3197953999042511,True
-B1,loss_ct_correction,28,1262,0.020231173764331273,0.0036674083676189184,0.3594634532928467,True
-B1,loss_ct_correction,29,1262,0.02016395594180811,0.004572113044559956,0.27280735969543457,True
-B1,loss_ct_correction,30,1262,0.01935809286475099,0.00312640517950058,0.2639182507991791,True
-B1,loss_ct_correction,31,1262,0.01905984887683531,0.004154715221375227,0.29708701372146606,True
-B1,loss_ct_correction,32,1262,0.018724718689770922,0.003994193859398365,0.2728530466556549,True
-B1,loss_ct_correction,33,1262,0.019331726601285338,0.005602845922112465,0.4581586420536041,True
-B1,loss_ct_correction,34,1262,0.018756261785040872,0.00472973333671689,0.29657208919525146,True
-B1,loss_ct_correction,35,1262,0.019046955893964473,0.00488134054467082,0.36333227157592773,True
-B1,loss_ct_correction,36,1262,0.01854137190663375,0.004489915911108255,0.29150548577308655,True
-B1,loss_ct_correction,37,1262,0.018794823500841395,0.0038180926349014044,0.7370167970657349,True
-B1,loss_ct_correction,38,1262,0.01803211550185495,0.004674628842622042,0.2548631429672241,True
-B1,loss_ct_correction,39,1262,0.018246838119118616,0.00369659555144608,0.25168633460998535,True
-B1,loss_ct_correction,40,1262,0.017519096045041968,0.0050567216239869595,0.25346845388412476,True
-B1,loss_ct_correction,41,1262,0.017271976629987938,0.0035064632538706064,0.3257944583892822,True
-B1,loss_ct_correction,42,1262,0.017276832921336006,0.00446054432541132,0.3266350030899048,True
-B1,loss_ct_correction,43,1262,0.017394741722965606,0.004370144568383694,0.6728857755661011,True
-B1,loss_ct_correction,44,1262,0.017111118024446825,0.003258541924878955,0.2718580961227417,True
-B1,loss_ct_correction,45,1262,0.017042258349594126,0.004118645563721657,0.25273624062538147,True
-B1,loss_ct_correction,46,1262,0.017046095940643085,0.003264122176915407,0.5711658596992493,True
-B1,loss_ct_correction,47,1262,0.017216389355834177,0.001362330513074994,0.37336891889572144,True
-B1,loss_ct_correction,48,1262,0.017629278411390628,0.0038352899719029665,0.26623690128326416,True
-B1,loss_ct_correction,49,1262,0.017195380931179942,0.0030907210893929005,0.5798518061637878,True
-B1,loss_ct_correction,50,1262,0.016700369069757155,0.004132633563131094,0.33302542567253113,True
-B1,loss_ct_correction,51,1262,0.016610077802031324,0.0036039261613041162,0.23810555040836334,True
-B1,loss_ct_correction,52,1262,0.016082531180145684,0.0035184596199542284,0.18165640532970428,True
-B1,loss_ct_correction,53,1262,0.016801957596350232,0.004692993126809597,0.34871676564216614,True
-B1,loss_ct_correction,54,1262,0.017031922637929228,0.004585940856486559,0.4140178859233856,True
-B1,loss_ct_correction,55,1262,0.016634548559863113,0.002886454574763775,0.3433341681957245,True
-B1,loss_ct_correction,56,1262,0.01733493588262617,0.003265177132561803,0.2993926405906677,True
-B1,loss_ct_correction,57,1262,0.01705131278961466,0.0024509404320269823,0.45546287298202515,True
-B1,loss_ct_correction,58,1262,0.016479499249168555,0.0028927079401910305,0.2787078619003296,True
-B1,loss_ct_correction,59,1262,0.016687137448552127,0.001666054129600525,0.3298730254173279,True
-B1,loss_ct_correction,60,1262,0.015823995455045686,0.004742138087749481,0.19459962844848633,True
-B1,loss_ct_query_gate,1,1262,0.0,0.0,0.0,True
-B1,loss_ct_query_gate,2,1262,0.0,0.0,0.0,True
-B1,loss_ct_query_gate,3,1262,0.0,0.0,0.0,True
-B1,loss_ct_query_gate,4,1262,0.0,0.0,0.0,True
-B1,loss_ct_query_gate,5,1262,0.0,0.0,0.0,True
-B1,loss_ct_query_gate,6,1262,0.0,0.0,0.0,True
-B1,loss_ct_query_gate,7,1262,0.0,0.0,0.0,True
-B1,loss_ct_query_gate,8,1262,0.0,0.0,0.0,True
-B1,loss_ct_query_gate,9,1262,0.0,0.0,0.0,True
-B1,loss_ct_query_gate,10,1262,0.0,0.0,0.0,True
-B1,loss_ct_query_gate,11,1262,0.0,0.0,0.0,True
-B1,loss_ct_query_gate,12,1262,0.0,0.0,0.0,True
-B1,loss_ct_query_gate,13,1262,0.0,0.0,0.0,True
-B1,loss_ct_query_gate,14,1262,0.0,0.0,0.0,True
-B1,loss_ct_query_gate,15,1262,0.0,0.0,0.0,True
-B1,loss_ct_query_gate,16,1262,0.0,0.0,0.0,True
-B1,loss_ct_query_gate,17,1262,0.0,0.0,0.0,True
-B1,loss_ct_query_gate,18,1262,0.0,0.0,0.0,True
-B1,loss_ct_query_gate,19,1262,0.0,0.0,0.0,True
-B1,loss_ct_query_gate,20,1262,0.0,0.0,0.0,True
-B1,loss_ct_query_gate,21,1262,0.0,0.0,0.0,True
-B1,loss_ct_query_gate,22,1262,0.0,0.0,0.0,True
-B1,loss_ct_query_gate,23,1262,0.0,0.0,0.0,True
-B1,loss_ct_query_gate,24,1262,0.0,0.0,0.0,True
-B1,loss_ct_query_gate,25,1262,0.0,0.0,0.0,True
-B1,loss_ct_query_gate,26,1262,0.0,0.0,0.0,True
-B1,loss_ct_query_gate,27,1262,0.0,0.0,0.0,True
-B1,loss_ct_query_gate,28,1262,0.0,0.0,0.0,True
-B1,loss_ct_query_gate,29,1262,0.0,0.0,0.0,True
-B1,loss_ct_query_gate,30,1262,0.0,0.0,0.0,True
-B1,loss_ct_query_gate,31,1262,0.0,0.0,0.0,True
-B1,loss_ct_query_gate,32,1262,0.0,0.0,0.0,True
-B1,loss_ct_query_gate,33,1262,0.0,0.0,0.0,True
-B1,loss_ct_query_gate,34,1262,0.0,0.0,0.0,True
-B1,loss_ct_query_gate,35,1262,0.0,0.0,0.0,True
-B1,loss_ct_query_gate,36,1262,0.0,0.0,0.0,True
-B1,loss_ct_query_gate,37,1262,0.0,0.0,0.0,True
-B1,loss_ct_query_gate,38,1262,0.0,0.0,0.0,True
-B1,loss_ct_query_gate,39,1262,0.0,0.0,0.0,True
-B1,loss_ct_query_gate,40,1262,0.0,0.0,0.0,True
-B1,loss_ct_query_gate,41,1262,0.0,0.0,0.0,True
-B1,loss_ct_query_gate,42,1262,0.0,0.0,0.0,True
-B1,loss_ct_query_gate,43,1262,0.0,0.0,0.0,True
-B1,loss_ct_query_gate,44,1262,0.0,0.0,0.0,True
-B1,loss_ct_query_gate,45,1262,0.0,0.0,0.0,True
-B1,loss_ct_query_gate,46,1262,0.0,0.0,0.0,True
-B1,loss_ct_query_gate,47,1262,0.0,0.0,0.0,True
-B1,loss_ct_query_gate,48,1262,0.0,0.0,0.0,True
-B1,loss_ct_query_gate,49,1262,0.0,0.0,0.0,True
-B1,loss_ct_query_gate,50,1262,0.0,0.0,0.0,True
-B1,loss_ct_query_gate,51,1262,0.0,0.0,0.0,True
-B1,loss_ct_query_gate,52,1262,0.0,0.0,0.0,True
-B1,loss_ct_query_gate,53,1262,0.0,0.0,0.0,True
-B1,loss_ct_query_gate,54,1262,0.0,0.0,0.0,True
-B1,loss_ct_query_gate,55,1262,0.0,0.0,0.0,True
-B1,loss_ct_query_gate,56,1262,0.0,0.0,0.0,True
-B1,loss_ct_query_gate,57,1262,0.0,0.0,0.0,True
-B1,loss_ct_query_gate,58,1262,0.0,0.0,0.0,True
-B1,loss_ct_query_gate,59,1262,0.0,0.0,0.0,True
-B1,loss_ct_query_gate,60,1262,0.0,0.0,0.0,True
-B1,loss_ct_raw_search,1,1262,0.1465324193988993,0.012489903718233109,1.063400387763977,True
-B1,loss_ct_raw_search,2,1262,0.058634706801275846,0.007792943622916937,0.4160439372062683,True
-B1,loss_ct_raw_search,3,1262,0.05207478751468276,0.0069410549476742744,0.33430713415145874,True
-B1,loss_ct_raw_search,4,1262,0.050097203231970124,0.006994867697358131,0.487197607755661,True
-B1,loss_ct_raw_search,5,1262,0.04903312024945266,0.004315527621656656,0.4022727310657501,True
-B1,loss_ct_raw_search,6,1262,0.0468078222562649,0.006247617769986391,0.3640372157096863,True
-B1,loss_ct_raw_search,7,1262,0.04466418538644036,0.006022915709763765,0.28053078055381775,True
-B1,loss_ct_raw_search,8,1262,0.044156618891933286,0.0056227208115160465,0.34077075123786926,True
-B1,loss_ct_raw_search,9,1262,0.041577959239848916,0.003874354064464569,0.30170613527297974,True
-B1,loss_ct_raw_search,10,1262,0.040982919030788864,0.005774721968919039,0.3337031900882721,True
-B1,loss_ct_raw_search,11,1262,0.039343867495230944,0.00591511745005846,0.4446961581707001,True
-B1,loss_ct_raw_search,12,1262,0.03860074081295797,0.0038040331564843655,0.4431271255016327,True
-B1,loss_ct_raw_search,13,1262,0.038313666293648456,0.0038027800619602203,0.3701024055480957,True
-B1,loss_ct_raw_search,14,1262,0.03631608351613447,0.0052817584946751595,0.4352620542049408,True
-B1,loss_ct_raw_search,15,1262,0.03553115051068519,0.003395316656678915,0.29135268926620483,True
-B1,loss_ct_raw_search,16,1262,0.03512414188914609,0.0033984833862632513,0.2858828008174896,True
-B1,loss_ct_raw_search,17,1262,0.034928705820388706,0.002573019824922085,0.30687281489372253,True
-B1,loss_ct_raw_search,18,1262,0.03368044547772067,0.005307943560183048,0.2459455281496048,True
-B1,loss_ct_raw_search,19,1262,0.03340749828020929,0.003910324070602655,0.4476155936717987,True
-B1,loss_ct_raw_search,20,1262,0.03250951269141911,0.0031307742465287447,0.27378198504447937,True
-B1,loss_ct_raw_search,21,1262,0.02979031189163282,0.004086984321475029,0.237783282995224,True
-B1,loss_ct_raw_search,22,1262,0.02869243769524191,0.004305848851799965,0.3263043165206909,True
-B1,loss_ct_raw_search,23,1262,0.028686515605387097,0.004039257764816284,0.23757466673851013,True
-B1,loss_ct_raw_search,24,1262,0.02881614177778552,0.0023074341006577015,0.28534337878227234,True
-B1,loss_ct_raw_search,25,1262,0.02907514256807472,0.003276203293353319,0.37194883823394775,True
-B1,loss_ct_raw_search,26,1262,0.027742463518074297,0.003437274368479848,0.2804521322250366,True
-B1,loss_ct_raw_search,27,1262,0.028107812239975917,0.0038320343010127544,0.1718897521495819,True
-B1,loss_ct_raw_search,28,1262,0.02814934204927337,0.004179132170975208,0.26865896582603455,True
-B1,loss_ct_raw_search,29,1262,0.02765789772874621,0.002773173386231065,0.25492897629737854,True
-B1,loss_ct_raw_search,30,1262,0.027962439086342824,0.0027569225057959557,0.36210867762565613,True
-B1,loss_ct_raw_search,31,1262,0.027833729187209638,0.003573228605091572,0.20982643961906433,True
-B1,loss_ct_raw_search,32,1262,0.027746030754924836,0.0039775497280061245,0.22011232376098633,True
-B1,loss_ct_raw_search,33,1262,0.02798725314908432,0.003187739523127675,0.2896636128425598,True
-B1,loss_ct_raw_search,34,1262,0.027574141780298246,0.0042306408286094666,0.22344447672367096,True
-B1,loss_ct_raw_search,35,1262,0.027145882577136477,0.003248214488849044,0.2499687522649765,True
-B1,loss_ct_raw_search,36,1262,0.02757919272525965,0.004310008604079485,0.20646999776363373,True
-B1,loss_ct_raw_search,37,1262,0.02737204146533821,0.0031298629473894835,0.17153316736221313,True
-B1,loss_ct_raw_search,38,1262,0.028225620247891523,0.0025630115997046232,0.28563132882118225,True
-B1,loss_ct_raw_search,39,1262,0.027380606531137497,0.003118909662589431,0.21701361238956451,True
-B1,loss_ct_raw_search,40,1262,0.02749921896302314,0.0038951595779508352,0.17281615734100342,True
-B1,loss_ct_raw_search,41,1262,0.028334041910169264,0.004789246246218681,0.181260347366333,True
-B1,loss_ct_raw_search,42,1262,0.026864783413687546,0.0041040959767997265,0.17620721459388733,True
-B1,loss_ct_raw_search,43,1262,0.027119463448015687,0.004330859519541264,0.2914905846118927,True
-B1,loss_ct_raw_search,44,1262,0.026925707567835938,0.0037133225705474615,0.20487608015537262,True
-B1,loss_ct_raw_search,45,1262,0.02695727785761437,0.003402632661163807,0.18893586099147797,True
-B1,loss_ct_raw_search,46,1262,0.02681319404093817,0.0033165193162858486,0.21970218420028687,True
-B1,loss_ct_raw_search,47,1262,0.02704213730173212,0.0037026572972536087,0.2201729714870453,True
-B1,loss_ct_raw_search,48,1262,0.026246047101283178,0.003422320820391178,0.2155611515045166,True
-B1,loss_ct_raw_search,49,1262,0.026486023341374922,0.0037787193432450294,0.18843220174312592,True
-B1,loss_ct_raw_search,50,1262,0.026785024687708332,0.003366608638316393,0.25952020287513733,True
-B1,loss_ct_raw_search,51,1262,0.02727764695307178,0.0024773934856057167,0.2272350788116455,True
-B1,loss_ct_raw_search,52,1262,0.02627281706006061,0.003234542440623045,0.21526090800762177,True
-B1,loss_ct_raw_search,53,1262,0.02631389975869547,0.0033642759080976248,0.17414923012256622,True
-B1,loss_ct_raw_search,54,1262,0.02725390250784996,0.0032704861368983984,0.20840463042259216,True
-B1,loss_ct_raw_search,55,1262,0.027025314719488523,0.003997609484940767,0.19553335011005402,True
-B1,loss_ct_raw_search,56,1262,0.026875643730060256,0.0046411179937422276,0.20358489453792572,True
-B1,loss_ct_raw_search,57,1262,0.02615069727418522,0.0034365139435976744,0.18632565438747406,True
-B1,loss_ct_raw_search,58,1262,0.026792369075761532,0.0028799388092011213,0.25624123215675354,True
-B1,loss_ct_raw_search,59,1262,0.026710787419046728,0.00406015245243907,0.20929120481014252,True
-B1,loss_ct_raw_search,60,1262,0.02732844979992275,0.003780856728553772,0.20954914391040802,True
-B1,loss_ct_router,1,1262,0.8388989144809272,0.3748227655887604,2.697504758834839,True
-B1,loss_ct_router,2,1262,0.6681828165394379,0.4506694972515106,0.9132227301597595,True
-B1,loss_ct_router,3,1262,0.6653341724169802,0.4333188235759735,0.8793231844902039,True
-B1,loss_ct_router,4,1262,0.6653490064639108,0.5181494355201721,0.8547415137290955,True
-B1,loss_ct_router,5,1262,0.6623162230957895,0.47609853744506836,0.8583853244781494,True
-B1,loss_ct_router,6,1262,0.6598327045111951,0.47846558690071106,0.8525550961494446,True
-B1,loss_ct_router,7,1262,0.6584534458284711,0.48285531997680664,0.9204035997390747,True
-B1,loss_ct_router,8,1262,0.6539729980253002,0.47434088587760925,0.8937421441078186,True
-B1,loss_ct_router,9,1262,0.6532821788699049,0.4839097559452057,0.8793283700942993,True
-B1,loss_ct_router,10,1262,0.6516567182427541,0.4768901765346527,0.9118825793266296,True
-B1,loss_ct_router,11,1262,0.6500710595145278,0.4777119755744934,0.9212813973426819,True
-B1,loss_ct_router,12,1262,0.6507080313993142,0.454541951417923,0.8616281747817993,True
-B1,loss_ct_router,13,1262,0.6481288286330393,0.4393448233604431,0.938482940196991,True
-B1,loss_ct_router,14,1262,0.6477215091938451,0.4391433894634247,0.8961845636367798,True
-B1,loss_ct_router,15,1262,0.6434259449859429,0.4305112063884735,0.9621328711509705,True
-B1,loss_ct_router,16,1262,0.6438077377441757,0.4119228720664978,0.9262038469314575,True
-B1,loss_ct_router,17,1262,0.6476966058348325,0.42766639590263367,0.933823823928833,True
-B1,loss_ct_router,18,1262,0.6438254928201579,0.37566760182380676,0.9177210330963135,True
-B1,loss_ct_router,19,1262,0.6411199115818919,0.4112408757209778,0.8921054005622864,True
-B1,loss_ct_router,20,1262,0.6441546800397278,0.41863545775413513,0.9367415308952332,True
-B1,loss_ct_router,21,1262,0.6168334522356889,0.38060036301612854,0.9655588269233704,True
-B1,loss_ct_router,22,1262,0.6109873065621653,0.3169962167739868,0.99285888671875,True
-B1,loss_ct_router,23,1262,0.6067924727870243,0.33431026339530945,1.1016737222671509,True
-B1,loss_ct_router,24,1262,0.6095006239206402,0.30830439925193787,0.9523289799690247,True
-B1,loss_ct_router,25,1262,0.6058661783270526,0.325292706489563,1.0656136274337769,True
-B1,loss_ct_router,26,1262,0.6042978123373539,0.29921382665634155,0.9767510294914246,True
-B1,loss_ct_router,27,1262,0.6098227266889367,0.2825075089931488,0.9334034323692322,True
-B1,loss_ct_router,28,1262,0.5988349944778176,0.3211100697517395,0.9186634421348572,True
-B1,loss_ct_router,29,1262,0.6074518187299206,0.32501792907714844,1.0287365913391113,True
-B1,loss_ct_router,30,1262,0.6011333061520914,0.28749358654022217,1.0125172138214111,True
-B1,loss_ct_router,31,1262,0.5957726518580728,0.29150885343551636,1.1070698499679565,True
-B1,loss_ct_router,32,1262,0.5997918553992799,0.3023368716239929,0.9768720269203186,True
-B1,loss_ct_router,33,1262,0.5993749675017718,0.2660049796104431,0.9956908822059631,True
-B1,loss_ct_router,34,1262,0.5962003250082397,0.32535070180892944,1.0660308599472046,True
-B1,loss_ct_router,35,1262,0.5911611137696189,0.28506970405578613,1.0267447233200073,True
-B1,loss_ct_router,36,1262,0.5945793954203888,0.28849467635154724,1.0885170698165894,True
-B1,loss_ct_router,37,1262,0.5931638073288318,0.33695074915885925,0.9741937518119812,True
-B1,loss_ct_router,38,1262,0.5927284224617122,0.29130879044532776,1.024469256401062,True
-B1,loss_ct_router,39,1262,0.5893151933200386,0.2766317129135132,1.313772439956665,True
-B1,loss_ct_router,40,1262,0.5972237458508668,0.2822531759738922,1.012392520904541,True
-B1,loss_ct_router,41,1262,0.5835453700480862,0.3189670741558075,1.0100895166397095,True
-B1,loss_ct_router,42,1262,0.5839823019674576,0.2924652099609375,0.9282630085945129,True
-B1,loss_ct_router,43,1262,0.5859370191010356,0.32337066531181335,1.4462932348251343,True
-B1,loss_ct_router,44,1262,0.5841582124424056,0.3054591715335846,1.1551400423049927,True
-B1,loss_ct_router,45,1262,0.5792748779766911,0.31071561574935913,1.0499180555343628,True
-B1,loss_ct_router,46,1262,0.5843194235240223,0.22994239628314972,1.2258868217468262,True
-B1,loss_ct_router,47,1262,0.5792829825080896,0.29658204317092896,1.145404577255249,True
-B1,loss_ct_router,48,1262,0.5829788086531469,0.29503151774406433,1.0330901145935059,True
-B1,loss_ct_router,49,1262,0.5778657017532506,0.32178327441215515,1.0097922086715698,True
-B1,loss_ct_router,50,1262,0.5853207803046457,0.28046485781669617,1.0154069662094116,True
-B1,loss_ct_router,51,1262,0.5765170450019761,0.27120932936668396,1.047229528427124,True
-B1,loss_ct_router,52,1262,0.577033381549001,0.2757371664047241,1.0472880601882935,True
-B1,loss_ct_router,53,1262,0.5779424958202616,0.2695603370666504,0.9714013338088989,True
-B1,loss_ct_router,54,1262,0.5847690538067826,0.25420859456062317,1.1127339601516724,True
-B1,loss_ct_router,55,1262,0.5844162710353425,0.2771454453468323,0.995468258857727,True
-B1,loss_ct_router,56,1262,0.5825644432553776,0.27497798204421997,1.0438604354858398,True
-B1,loss_ct_router,57,1262,0.5809381440069331,0.2809796929359436,1.1210700273513794,True
-B1,loss_ct_router,58,1262,0.58091487871297,0.2538362443447113,1.0441386699676514,True
-B1,loss_ct_router,59,1262,0.5794140790041578,0.3244307339191437,1.1239807605743408,True
-B1,loss_ct_router,60,1262,0.5802737589447321,0.2878322899341583,0.9531038999557495,True
-B1,loss_ct_targetness,1,1262,0.07239019935256942,0.008031465113162994,0.23662389814853668,True
-B1,loss_ct_targetness,2,1262,0.03693566276734656,0.004587265662848949,0.22503675520420074,True
-B1,loss_ct_targetness,3,1262,0.03263569565633055,0.004377670586109161,0.1857188493013382,True
-B1,loss_ct_targetness,4,1262,0.030450791101341863,0.0026282265316694975,0.16039811074733734,True
-B1,loss_ct_targetness,5,1262,0.028345523875320355,0.002195421140640974,0.24509237706661224,True
-B1,loss_ct_targetness,6,1262,0.02657748964207805,0.0023560160771012306,0.21926149725914001,True
-B1,loss_ct_targetness,7,1262,0.024746298823740315,0.002461021998897195,0.13297845423221588,True
-B1,loss_ct_targetness,8,1262,0.023253287289811155,0.0015608398243784904,0.15062549710273743,True
-B1,loss_ct_targetness,9,1262,0.02183198154772589,0.0023329711984843016,0.22685977816581726,True
-B1,loss_ct_targetness,10,1262,0.02094324368510466,0.002648301422595978,0.15554288029670715,True
-B1,loss_ct_targetness,11,1262,0.01984846206468998,0.0025731429923325777,0.1890570968389511,True
-B1,loss_ct_targetness,12,1262,0.020402331315512324,0.0012168479152023792,0.18902285397052765,True
-B1,loss_ct_targetness,13,1262,0.018748848832606465,0.002916560973972082,0.15881019830703735,True
-B1,loss_ct_targetness,14,1262,0.017500889939942327,0.002522869035601616,0.19468916952610016,True
-B1,loss_ct_targetness,15,1262,0.017729275968927954,0.002039167331531644,0.16536614298820496,True
-B1,loss_ct_targetness,16,1262,0.017855801104576064,0.0011562221916392446,0.2785075306892395,True
-B1,loss_ct_targetness,17,1262,0.017741131204218795,0.002165605779737234,0.18302609026432037,True
-B1,loss_ct_targetness,18,1262,0.017137105822070207,0.002219744957983494,0.3107866048812866,True
-B1,loss_ct_targetness,19,1262,0.01656733802630435,0.0026856395415961742,0.21645526587963104,True
-B1,loss_ct_targetness,20,1262,0.016559129609913077,0.0019155190093442798,0.13995546102523804,True
-B1,loss_ct_targetness,21,1262,0.014829042074477179,0.0014267298392951488,0.2011542171239853,True
-B1,loss_ct_targetness,22,1262,0.01440351401941287,0.002435572911053896,0.15668700635433197,True
-B1,loss_ct_targetness,23,1262,0.01406900358102956,0.0019032057607546449,0.14448685944080353,True
-B1,loss_ct_targetness,24,1262,0.014086383083057052,0.0005407737917266786,0.17354007065296173,True
-B1,loss_ct_targetness,25,1262,0.01406923810273952,0.0018495544791221619,0.16964077949523926,True
-B1,loss_ct_targetness,26,1262,0.014008479806385704,0.0013532537268474698,0.38078707456588745,True
-B1,loss_ct_targetness,27,1262,0.013971886007471686,0.0018342487746849656,0.1395258754491806,True
-B1,loss_ct_targetness,28,1262,0.01403997934009384,0.0015286735724657774,0.12108399718999863,True
-B1,loss_ct_targetness,29,1262,0.013819049353354866,0.0007339749718084931,0.170697882771492,True
-B1,loss_ct_targetness,30,1262,0.013700131822647541,0.0012535043060779572,0.14530634880065918,True
-B1,loss_ct_targetness,31,1262,0.013971379120723845,0.0006533687119372189,0.37071382999420166,True
-B1,loss_ct_targetness,32,1262,0.013940764850864509,0.0015692384913563728,0.13353440165519714,True
-B1,loss_ct_targetness,33,1262,0.014368039644773452,0.0018700237851589918,0.19077946245670319,True
-B1,loss_ct_targetness,34,1262,0.014062466895716596,0.0008853567414917052,0.11457613855600357,True
-B1,loss_ct_targetness,35,1262,0.01438192309344574,0.002084003295749426,0.3414912819862366,True
-B1,loss_ct_targetness,36,1262,0.013925754150601544,0.0017703429330140352,0.10777396708726883,True
-B1,loss_ct_targetness,37,1262,0.013709406917117736,0.001794040435925126,0.16260388493537903,True
-B1,loss_ct_targetness,38,1262,0.014005296727828387,0.001659319270402193,0.13830457627773285,True
-B1,loss_ct_targetness,39,1262,0.013822844269978422,0.0013529438292607665,0.21210521459579468,True
-B1,loss_ct_targetness,40,1262,0.014016066660341496,0.002052215626463294,0.14069131016731262,True
-B1,loss_ct_targetness,41,1262,0.014007165456646773,0.002310499781742692,0.16807803511619568,True
-B1,loss_ct_targetness,42,1262,0.013762576588010342,0.0010448715183883905,0.21508139371871948,True
-B1,loss_ct_targetness,43,1262,0.014277133257489905,0.0020103990100324154,0.14611110091209412,True
-B1,loss_ct_targetness,44,1262,0.013618101347599432,0.001633659121580422,0.1391250044107437,True
-B1,loss_ct_targetness,45,1262,0.013708470409910198,0.0011295475997030735,0.23694123327732086,True
-B1,loss_ct_targetness,46,1262,0.013838258624780131,0.0016375923296436667,0.18241721391677856,True
-B1,loss_ct_targetness,47,1262,0.01389593827265511,0.0010518564376980066,0.16429516673088074,True
-B1,loss_ct_targetness,48,1262,0.013555624494410272,0.0014112981734797359,0.14365245401859283,True
-B1,loss_ct_targetness,49,1262,0.013424231110582727,0.0015880228020250797,0.10729784518480301,True
-B1,loss_ct_targetness,50,1262,0.014034179296852245,0.002210812410339713,0.5133432149887085,True
-B1,loss_ct_targetness,51,1262,0.013713244629932328,0.0017799811903387308,0.1437034010887146,True
-B1,loss_ct_targetness,52,1262,0.013734987546156992,0.0022685460280627012,0.12103352695703506,True
-B1,loss_ct_targetness,53,1262,0.013603212272197823,0.0019366012420505285,0.36500224471092224,True
-B1,loss_ct_targetness,54,1262,0.0137601499359947,0.001828953274525702,0.14758601784706116,True
-B1,loss_ct_targetness,55,1262,0.01410023015115717,0.0019671472255140543,0.29856210947036743,True
-B1,loss_ct_targetness,56,1262,0.013910259804175502,0.0012818650575354695,0.31955084204673767,True
-B1,loss_ct_targetness,57,1262,0.01362332183865479,0.0022270844783633947,0.12393476068973541,True
-B1,loss_ct_targetness,58,1262,0.013542407119414944,0.0015376699157059193,0.1380813866853714,True
-B1,loss_ct_targetness,59,1262,0.01340729971128485,0.0022475486621260643,0.10823118686676025,True
-B1,loss_ct_targetness,60,1262,0.013685737655715052,0.0022939012851566076,0.11104953289031982,True
-B1,loss_ct_vote,1,1262,0.1413545791715053,0.020680461078882217,0.687393844127655,True
-B1,loss_ct_vote,2,1262,0.08271135039193624,0.011921935714781284,0.5913183689117432,True
-B1,loss_ct_vote,3,1262,0.07114800580344775,0.012849652208387852,0.4420797824859619,True
-B1,loss_ct_vote,4,1262,0.06780164103317421,0.015484301373362541,0.5380218625068665,True
-B1,loss_ct_vote,5,1262,0.06335318204614727,0.010394463315606117,0.3730306029319763,True
-B1,loss_ct_vote,6,1262,0.06006466274971818,0.010407482273876667,0.4650939106941223,True
-B1,loss_ct_vote,7,1262,0.06059021589445118,0.011514742858707905,0.4690649211406708,True
-B1,loss_ct_vote,8,1262,0.05885786846761257,0.009324545040726662,0.34705251455307007,True
-B1,loss_ct_vote,9,1262,0.058000790595819376,0.010225117206573486,0.43458834290504456,True
-B1,loss_ct_vote,10,1262,0.05581217907478357,0.009021015837788582,0.32824230194091797,True
-B1,loss_ct_vote,11,1262,0.05616843355849102,0.011916983872652054,0.2937287986278534,True
-B1,loss_ct_vote,12,1262,0.054752765626317444,0.009862146340310574,0.33377349376678467,True
-B1,loss_ct_vote,13,1262,0.05585143663116071,0.008340909145772457,0.3056547939777374,True
-B1,loss_ct_vote,14,1262,0.05199942004419686,0.009759943000972271,0.3295654058456421,True
-B1,loss_ct_vote,15,1262,0.052514905225863405,0.010932587087154388,0.31276267766952515,True
-B1,loss_ct_vote,16,1262,0.05320386359358882,0.012258472852408886,0.36215752363204956,True
-B1,loss_ct_vote,17,1262,0.052125964057668686,0.00862521305680275,0.36790770292282104,True
-B1,loss_ct_vote,18,1262,0.0504022635591088,0.006282479967921972,0.33859333395957947,True
-B1,loss_ct_vote,19,1262,0.050850398822284634,0.008809452876448631,0.35870757699012756,True
-B1,loss_ct_vote,20,1262,0.050475596660591676,0.006603472866117954,0.3197293281555176,True
-B1,loss_ct_vote,21,1262,0.04759839311738022,0.006908943876624107,0.32650479674339294,True
-B1,loss_ct_vote,22,1262,0.046954027191837645,0.007742236368358135,0.2763430178165436,True
-B1,loss_ct_vote,23,1262,0.04579307123422387,0.006931665353477001,0.2615332305431366,True
-B1,loss_ct_vote,24,1262,0.047133896243795395,0.008868815377354622,0.31027254462242126,True
-B1,loss_ct_vote,25,1262,0.045626359897637636,0.004545462783426046,0.27232393622398376,True
-B1,loss_ct_vote,26,1262,0.04615987199520996,0.006640457082539797,0.46524351835250854,True
-B1,loss_ct_vote,27,1262,0.04591721980633264,0.007182846777141094,0.2940659821033478,True
-B1,loss_ct_vote,28,1262,0.045696981384812985,0.008817335590720177,0.3005406856536865,True
-B1,loss_ct_vote,29,1262,0.046084781013511815,0.0075003718957304955,0.3165355324745178,True
-B1,loss_ct_vote,30,1262,0.04616678371787862,0.0064811562187969685,0.33506765961647034,True
-B1,loss_ct_vote,31,1262,0.04658189026798268,0.005133497528731823,0.30385398864746094,True
-B1,loss_ct_vote,32,1262,0.04618222770397736,0.00812535546720028,0.30108457803726196,True
-B1,loss_ct_vote,33,1262,0.04572073637918169,0.007323471363633871,0.2492976188659668,True
-B1,loss_ct_vote,34,1262,0.046393658424153474,0.007501455955207348,0.327711820602417,True
-B1,loss_ct_vote,35,1262,0.04558447013585496,0.006497055757790804,0.2766285240650177,True
-B1,loss_ct_vote,36,1262,0.046005806829942694,0.006692870985716581,0.36660078167915344,True
-B1,loss_ct_vote,37,1262,0.04499004277099579,0.007787136826664209,0.2875017523765564,True
-B1,loss_ct_vote,38,1262,0.04599411193009838,0.005185266025364399,0.3775646984577179,True
-B1,loss_ct_vote,39,1262,0.04540839468803487,0.007099703885614872,0.32682955265045166,True
-B1,loss_ct_vote,40,1262,0.045677493070289135,0.008153929375112057,0.34529101848602295,True
-B1,loss_ct_vote,41,1262,0.047403703146671694,0.007409596350044012,0.32689592242240906,True
-B1,loss_ct_vote,42,1262,0.045553408042127756,0.008897550404071808,0.2758629322052002,True
-B1,loss_ct_vote,43,1262,0.044688590785278905,0.006253678817301989,0.32593128085136414,True
-B1,loss_ct_vote,44,1262,0.04446294852835016,0.005828934721648693,0.29324328899383545,True
-B1,loss_ct_vote,45,1262,0.04514728636088266,0.005710996687412262,0.2938804626464844,True
-B1,loss_ct_vote,46,1262,0.04552565089267532,0.007197337690740824,0.31616121530532837,True
-B1,loss_ct_vote,47,1262,0.0451733403836957,0.007181521970778704,0.3011963963508606,True
-B1,loss_ct_vote,48,1262,0.04464739736940021,0.004016088321805,0.35457146167755127,True
-B1,loss_ct_vote,49,1262,0.0446365386326598,0.005062291398644447,0.3166300356388092,True
-B1,loss_ct_vote,50,1262,0.04490586083600808,0.0077862730249762535,0.38990628719329834,True
-B1,loss_ct_vote,51,1262,0.045373272726743255,0.00659040967002511,0.34457120299339294,True
-B1,loss_ct_vote,52,1262,0.044139986617930484,0.00831158459186554,0.36679980158805847,True
-B1,loss_ct_vote,53,1262,0.04470555332124753,0.007337379734963179,0.30198004841804504,True
-B1,loss_ct_vote,54,1262,0.045738610569623826,0.007237409707158804,0.28132137656211853,True
-B1,loss_ct_vote,55,1262,0.04597626413586188,0.00824427418410778,0.2982170879840851,True
-B1,loss_ct_vote,56,1262,0.044534507260706555,0.007587471976876259,0.328389972448349,True
-B1,loss_ct_vote,57,1262,0.044897680189652386,0.00587829016149044,0.3143085539340973,True
-B1,loss_ct_vote,58,1262,0.044991827552928555,0.008614344522356987,0.2558194100856781,True
-B1,loss_ct_vote,59,1262,0.04622690619977572,0.009762964211404324,0.2808821201324463,True
-B1,loss_ct_vote,60,1262,0.04548416725505976,0.007921806536614895,0.2892938554286957,True
-B1,loss_seg,1,1262,0.5227606021186629,0.34538424015045166,0.8810853362083435,True
-B1,loss_seg,2,1262,0.4532318786613159,0.2763327956199646,0.7760618925094604,True
-B1,loss_seg,3,1262,0.33248167126048384,0.1740426868200302,0.6236845850944519,True
-B1,loss_seg,4,1262,0.21721606392844353,0.09945052117109299,0.4931286871433258,True
-B1,loss_seg,5,1262,0.16219464667649164,0.07895208150148392,0.4072122871875763,True
-B1,loss_seg,6,1262,0.1323360478898094,0.05821329727768898,0.3783828616142273,True
-B1,loss_seg,7,1262,0.11443603117603413,0.03664122521877289,0.4006182849407196,True
-B1,loss_seg,8,1262,0.10130189657919758,0.03536829724907875,0.35070446133613586,True
-B1,loss_seg,9,1262,0.09435461768098234,0.03106355480849743,0.3469550311565399,True
-B1,loss_seg,10,1262,0.08817014509809046,0.03008001483976841,0.43133774399757385,True
-B1,loss_seg,11,1262,0.08301667472799257,0.023116735741496086,0.2889917194843292,True
-B1,loss_seg,12,1262,0.07871234169740543,0.0264546200633049,0.3069436550140381,True
-B1,loss_seg,13,1262,0.07372485914322209,0.02050098031759262,0.23401576280593872,True
-B1,loss_seg,14,1262,0.07308121930613004,0.020610138773918152,0.318335622549057,True
-B1,loss_seg,15,1262,0.0694455499192567,0.02058068849146366,0.38678786158561707,True
-B1,loss_seg,16,1262,0.06729297767350488,0.017861435189843178,0.2670201361179352,True
-B1,loss_seg,17,1262,0.06663204267438023,0.019062476232647896,0.3249499499797821,True
-B1,loss_seg,18,1262,0.06336090346523775,0.02004048228263855,0.2232697606086731,True
-B1,loss_seg,19,1262,0.060891586468036975,0.01808384619653225,0.22695879638195038,True
-B1,loss_seg,20,1262,0.06122256126018646,0.016572333872318268,0.2539161741733551,True
-B1,loss_seg,21,1262,0.0551388972267662,0.010560772381722927,0.20291195809841156,True
-B1,loss_seg,22,1262,0.053573252045049105,0.01423430535942316,0.21382886171340942,True
-B1,loss_seg,23,1262,0.05356043701247561,0.015317253768444061,0.3210831880569458,True
-B1,loss_seg,24,1262,0.05383922247785821,0.013692027889192104,0.27534231543540955,True
-B1,loss_seg,25,1262,0.05222066714784068,0.009910681284964085,0.2977057993412018,True
-B1,loss_seg,26,1262,0.052047225083600844,0.014416243880987167,0.33947762846946716,True
-B1,loss_seg,27,1262,0.05150423193993947,0.0136480163782835,0.21574661135673523,True
-B1,loss_seg,28,1262,0.04954694804297125,0.01323717925697565,0.18727877736091614,True
-B1,loss_seg,29,1262,0.04983519395612617,0.01040804572403431,0.2970452606678009,True
-B1,loss_seg,30,1262,0.04972705923141867,0.012272391468286514,0.17982187867164612,True
-B1,loss_seg,31,1262,0.049159991106228006,0.012769542634487152,0.1736479252576828,True
-B1,loss_seg,32,1262,0.04907460967388754,0.010863631032407284,0.2077079862356186,True
-B1,loss_seg,33,1262,0.04850600313294897,0.01101159118115902,0.4601348340511322,True
-B1,loss_seg,34,1262,0.05006949226084134,0.013400030322372913,0.2106836885213852,True
-B1,loss_seg,35,1262,0.04918167024050882,0.014548384584486485,0.20081469416618347,True
-B1,loss_seg,36,1262,0.048621709150794994,0.006972773931920528,0.3829297423362732,True
-B1,loss_seg,37,1262,0.04783368376032014,0.011632158420979977,0.2843630015850067,True
-B1,loss_seg,38,1262,0.048264079144971356,0.013239613734185696,0.16017352044582367,True
-B1,loss_seg,39,1262,0.0476822283321168,0.013004318810999393,0.3081609010696411,True
-B1,loss_seg,40,1262,0.046909934204963234,0.01207897812128067,0.21108543872833252,True
-B1,loss_seg,41,1262,0.04592623877251984,0.01313305739313364,0.1922382265329361,True
-B1,loss_seg,42,1262,0.04731320294960389,0.01384592056274414,0.19209004938602448,True
-B1,loss_seg,43,1262,0.046454743747842954,0.016422094777226448,0.2169526070356369,True
-B1,loss_seg,44,1262,0.0459803542035164,0.009943175129592419,0.23732709884643555,True
-B1,loss_seg,45,1262,0.047023346214429745,0.011967101134359837,0.22365905344486237,True
-B1,loss_seg,46,1262,0.047530419085464085,0.013521241024136543,0.18049800395965576,True
-B1,loss_seg,47,1262,0.04689255851378484,0.009769965894520283,0.19501632452011108,True
-B1,loss_seg,48,1262,0.046539167232262396,0.012756384909152985,0.26917651295661926,True
-B1,loss_seg,49,1262,0.04675365127505005,0.009966366924345493,0.2956323027610779,True
-B1,loss_seg,50,1262,0.046185847930462584,0.012382911518216133,0.21205754578113556,True
-B1,loss_seg,51,1262,0.04588063669844092,0.012896931730210781,0.19442446529865265,True
-B1,loss_seg,52,1262,0.04694478855381252,0.012973939068615437,0.2630648612976074,True
-B1,loss_seg,53,1262,0.046604581139598,0.010835319757461548,0.27090537548065186,True
-B1,loss_seg,54,1262,0.046547528494314754,0.010383778251707554,0.2663993537425995,True
-B1,loss_seg,55,1262,0.045876038978068176,0.010651416145265102,0.16263370215892792,True
-B1,loss_seg,56,1262,0.04680136774730073,0.01219448447227478,0.21976900100708008,True
-B1,loss_seg,57,1262,0.04561661543817556,0.013713039457798004,0.19994965195655823,True
-B1,loss_seg,58,1262,0.04624179858498854,0.012110213749110699,0.2185531109571457,True
-B1,loss_seg,59,1262,0.04698765577553593,0.013127868063747883,0.23482121527194977,True
-B1,loss_seg,60,1262,0.04749847307990168,0.011465813964605331,0.24273039400577545,True
-B1,loss_total,1,1262,5.430468673751395,2.462087631225586,17.413543701171875,True
-B1,loss_total,2,1262,2.584040077476985,1.1833220720291138,6.029068946838379,True
-B1,loss_total,3,1262,1.6339161670434683,0.76905357837677,4.517306804656982,True
-B1,loss_total,4,1262,1.2444449394421797,0.5373988747596741,4.497151851654053,True
-B1,loss_total,5,1262,1.0854524252390143,0.434732049703598,4.171389579772949,True
-B1,loss_total,6,1262,1.0221163859080211,0.41606056690216064,3.688430070877075,True
-B1,loss_total,7,1262,0.9491597665518097,0.4120553135871887,3.729775905609131,True
-B1,loss_total,8,1262,0.9021886785274074,0.3577067255973816,3.4786858558654785,True
-B1,loss_total,9,1262,0.8587471661401437,0.3654160499572754,3.7927753925323486,True
-B1,loss_total,10,1262,0.8174701100909011,0.3420543372631073,3.798447608947754,True
-B1,loss_total,11,1262,0.7846449989052091,0.3151648938655853,3.0396664142608643,True
-B1,loss_total,12,1262,0.7900019153220529,0.2840348184108734,4.957304954528809,True
-B1,loss_total,13,1262,0.7654744428707945,0.34283140301704407,4.164614677429199,True
-B1,loss_total,14,1262,0.718017112623115,0.30528444051742554,3.773845911026001,True
-B1,loss_total,15,1262,0.7037999457347601,0.3007715344429016,3.803450107574463,True
-B1,loss_total,16,1262,0.6966832438144367,0.28461897373199463,3.9171230792999268,True
-B1,loss_total,17,1262,0.6814963485095089,0.3095538318157196,3.113981246948242,True
-B1,loss_total,18,1262,0.6606307919306914,0.2946271002292633,2.894371747970581,True
-B1,loss_total,19,1262,0.6580864985232875,0.3006786108016968,3.7846341133117676,True
-B1,loss_total,20,1262,0.6413361610587917,0.2825968563556671,3.7474331855773926,True
-B1,loss_total,21,1262,0.5402279275627409,0.245873361825943,2.6737356185913086,True
-B1,loss_total,22,1262,0.5169879923886052,0.2174309492111206,2.587291717529297,True
-B1,loss_total,23,1262,0.5025912422551028,0.22637556493282318,2.959475040435791,True
-B1,loss_total,24,1262,0.5031326959018851,0.22838135063648224,2.8663363456726074,True
-B1,loss_total,25,1262,0.4926925167535829,0.23834048211574554,2.390566349029541,True
-B1,loss_total,26,1262,0.48860443336224973,0.2159208059310913,2.7529401779174805,True
-B1,loss_total,27,1262,0.48018156212832774,0.21619242429733276,2.9262146949768066,True
-B1,loss_total,28,1262,0.4730804666121108,0.22802411019802094,1.7982935905456543,True
-B1,loss_total,29,1262,0.47376037570876667,0.21816083788871765,2.0193405151367188,True
-B1,loss_total,30,1262,0.4695973185063731,0.21971508860588074,3.1174325942993164,True
-B1,loss_total,31,1262,0.4660582300836424,0.21706682443618774,1.9806296825408936,True
-B1,loss_total,32,1262,0.45847654310770913,0.2119542360305786,2.7111880779266357,True
-B1,loss_total,33,1262,0.45947661262637274,0.21668574213981628,3.972614049911499,True
-B1,loss_total,34,1262,0.4629610376624411,0.2047506719827652,1.9714066982269287,True
-B1,loss_total,35,1262,0.4533039806454949,0.21507322788238525,2.345566987991333,True
-B1,loss_total,36,1262,0.4657145760799928,0.2098107784986496,2.0134758949279785,True
-B1,loss_total,37,1262,0.4530365707591861,0.20057211816310883,5.153564929962158,True
-B1,loss_total,38,1262,0.45607053553434634,0.19814376533031464,1.9644958972930908,True
-B1,loss_total,39,1262,0.44153677025092575,0.18633446097373962,1.7788634300231934,True
-B1,loss_total,40,1262,0.44012452404585956,0.21985024213790894,1.7253108024597168,True
-B1,loss_total,41,1262,0.43841000817562625,0.21858546137809753,2.594420909881592,True
-B1,loss_total,42,1262,0.4388569144269366,0.19860966503620148,2.0681917667388916,True
-B1,loss_total,43,1262,0.4268428429536132,0.18865114450454712,4.24606990814209,True
-B1,loss_total,44,1262,0.43439614025377055,0.1768520176410675,2.767463207244873,True
-B1,loss_total,45,1262,0.42675331814683937,0.2007034868001938,2.105480909347534,True
-B1,loss_total,46,1262,0.4339932996525817,0.19181908667087555,3.031510591506958,True
-B1,loss_total,47,1262,0.43091969009010617,0.21503522992134094,2.702730655670166,True
-B1,loss_total,48,1262,0.43327967953615826,0.1987028867006302,2.8419528007507324,True
-B1,loss_total,49,1262,0.4282200603425597,0.19512473046779633,2.576995611190796,True
-B1,loss_total,50,1262,0.4291444023489574,0.19536402821540833,2.5815892219543457,True
-B1,loss_total,51,1262,0.42662888481953254,0.20895564556121826,2.0141544342041016,True
-B1,loss_total,52,1262,0.4268667007281361,0.19400916993618011,1.8284540176391602,True
-B1,loss_total,53,1262,0.42508538397952983,0.19559527933597565,2.0166380405426025,True
-B1,loss_total,54,1262,0.42939411173390135,0.1973930299282074,2.5327985286712646,True
-B1,loss_total,55,1262,0.4348382570215526,0.2009788155555725,2.079198122024536,True
-B1,loss_total,56,1262,0.4335109609785813,0.2009742110967636,2.527224063873291,True
-B1,loss_total,57,1262,0.4231288186296608,0.1933583766222,2.5960640907287598,True
-B1,loss_total,58,1262,0.42154820769930795,0.20236557722091675,2.189678430557251,True
-B1,loss_total,59,1262,0.43025359620005127,0.2089581936597824,2.171140193939209,True
-B1,loss_total,60,1262,0.42722678826841426,0.18825671076774597,1.7532352209091187,True
-B1,search_has_usable_points_mean,1,1262,0.8292888272583201,0.4375,1.0,True
-B1,search_has_usable_points_mean,2,1262,0.8262183042789224,0.5,1.0,True
-B1,search_has_usable_points_mean,3,1262,0.8278526148969889,0.5,1.0,True
-B1,search_has_usable_points_mean,4,1262,0.8258716323296355,0.5,1.0,True
-B1,search_has_usable_points_mean,5,1262,0.8274564183835182,0.5,1.0,True
-B1,search_has_usable_points_mean,6,1262,0.8287935816164818,0.5,1.0,True
-B1,search_has_usable_points_mean,7,1262,0.8302793185419969,0.3125,1.0,True
-B1,search_has_usable_points_mean,8,1262,0.8257725832012678,0.4375,1.0,True
-B1,search_has_usable_points_mean,9,1262,0.8279021394611727,0.5,1.0,True
-B1,search_has_usable_points_mean,10,1262,0.8281002377179081,0.5,1.0,True
-B1,search_has_usable_points_mean,11,1262,0.8286945324881141,0.5,1.0,True
-B1,search_has_usable_points_mean,12,1262,0.8268125990491284,0.5,1.0,True
-B1,search_has_usable_points_mean,13,1262,0.8280507131537242,0.5,1.0,True
-B1,search_has_usable_points_mean,14,1262,0.8279021394611727,0.4375,1.0,True
-B1,search_has_usable_points_mean,15,1262,0.830526941362916,0.4375,1.0,True
-B1,search_has_usable_points_mean,16,1262,0.8300316957210776,0.5,1.0,True
-B1,search_has_usable_points_mean,17,1262,0.8299821711568938,0.5,1.0,True
-B1,search_has_usable_points_mean,18,1262,0.8268125990491284,0.5,1.0,True
-B1,search_has_usable_points_mean,19,1262,0.8268125990491284,0.4375,1.0,True
-B1,search_has_usable_points_mean,20,1262,0.8263668779714739,0.5,1.0,True
-B1,search_has_usable_points_mean,21,1262,0.8268621236133122,0.375,1.0,True
-B1,search_has_usable_points_mean,22,1262,0.8262183042789224,0.5,1.0,True
-B1,search_has_usable_points_mean,23,1262,0.8261192551505546,0.4375,1.0,True
-B1,search_has_usable_points_mean,24,1262,0.8279516640253566,0.4375,1.0,True
-B1,search_has_usable_points_mean,25,1262,0.8282983359746434,0.4375,1.0,True
-B1,search_has_usable_points_mean,26,1262,0.8279021394611727,0.375,1.0,True
-B1,search_has_usable_points_mean,27,1262,0.8282488114104596,0.4375,1.0,True
-B1,search_has_usable_points_mean,28,1262,0.8265649762282092,0.5,1.0,True
-B1,search_has_usable_points_mean,29,1262,0.8285954833597464,0.4375,1.0,True
-B1,search_has_usable_points_mean,30,1262,0.8271592709984152,0.5,1.0,True
-B1,search_has_usable_points_mean,31,1262,0.8275554675118859,0.4375,1.0,True
-B1,search_has_usable_points_mean,32,1262,0.8265154516640254,0.5,1.0,True
-B1,search_has_usable_points_mean,33,1262,0.8275059429477021,0.375,1.0,True
-B1,search_has_usable_points_mean,34,1262,0.8265649762282092,0.5,1.0,True
-B1,search_has_usable_points_mean,35,1262,0.8264164025356577,0.5,1.0,True
-B1,search_has_usable_points_mean,36,1262,0.8262678288431062,0.5,1.0,True
-B1,search_has_usable_points_mean,37,1262,0.8290412044374009,0.5,1.0,True
-B1,search_has_usable_points_mean,38,1262,0.8272087955625991,0.5625,1.0,True
-B1,search_has_usable_points_mean,39,1262,0.8261687797147385,0.4375,1.0,True
-B1,search_has_usable_points_mean,40,1262,0.8292393026941363,0.5,1.0,True
-B1,search_has_usable_points_mean,41,1262,0.8276049920760697,0.375,1.0,True
-B1,search_has_usable_points_mean,42,1262,0.8272087955625991,0.5,1.0,True
-B1,search_has_usable_points_mean,43,1262,0.8270106973058637,0.4375,1.0,True
-B1,search_has_usable_points_mean,44,1262,0.825723058637084,0.5,1.0,True
-B1,search_has_usable_points_mean,45,1262,0.8266640253565769,0.5,1.0,True
-B1,search_has_usable_points_mean,46,1262,0.8280011885895404,0.4375,1.0,True
-B1,search_has_usable_points_mean,47,1262,0.8288431061806656,0.4375,1.0,True
-B1,search_has_usable_points_mean,48,1262,0.8281002377179081,0.5,1.0,True
-B1,search_has_usable_points_mean,49,1262,0.8289421553090333,0.5,1.0,True
-B1,search_has_usable_points_mean,50,1262,0.8284964342313788,0.4375,1.0,True
-B1,search_has_usable_points_mean,51,1262,0.8276049920760697,0.4375,1.0,True
-B1,search_has_usable_points_mean,52,1262,0.8288431061806656,0.5,1.0,True
-B1,search_has_usable_points_mean,53,1262,0.8265154516640254,0.4375,1.0,True
-B1,search_has_usable_points_mean,54,1262,0.8287440570522979,0.375,1.0,True
-B1,search_has_usable_points_mean,55,1262,0.8271097464342314,0.4375,1.0,True
-B1,search_has_usable_points_mean,56,1262,0.8280011885895404,0.4375,1.0,True
-B1,search_has_usable_points_mean,57,1262,0.8273573692551506,0.5,1.0,True
-B1,search_has_usable_points_mean,58,1262,0.8269116481774961,0.3125,1.0,True
-B1,search_has_usable_points_mean,59,1262,0.8293878763866878,0.5,1.0,True
-B1,search_has_usable_points_mean,60,1262,0.8271097464342314,0.5,1.0,True
-B1,trajectory_search_valid_mean,1,1262,0.25921156893819336,0.0,0.8125,True
-B1,trajectory_search_valid_mean,2,1262,0.2549029318541997,0.0,0.625,True
-B1,trajectory_search_valid_mean,3,1262,0.25797345483359746,0.0,0.625,True
-B1,trajectory_search_valid_mean,4,1262,0.2566362916006339,0.0,0.625,True
-B1,trajectory_search_valid_mean,5,1262,0.25539817749603805,0.0,0.625,True
-B1,trajectory_search_valid_mean,6,1262,0.2557448494453249,0.0,0.6875,True
-B1,trajectory_search_valid_mean,7,1262,0.25782488114104596,0.0,0.75,True
-B1,trajectory_search_valid_mean,8,1262,0.2558934231378764,0.0,0.625,True
-B1,trajectory_search_valid_mean,9,1262,0.25921156893819336,0.0,0.625,True
-B1,trajectory_search_valid_mean,10,1262,0.2560419968304279,0.0,0.625,True
-B1,trajectory_search_valid_mean,11,1262,0.25643819334389856,0.0,0.625,True
-B1,trajectory_search_valid_mean,12,1262,0.25767630744849446,0.0,0.625,True
-B1,trajectory_search_valid_mean,13,1262,0.26084587955625993,0.0,0.75,True
-B1,trajectory_search_valid_mean,14,1262,0.2575772583201268,0.0,0.6875,True
-B1,trajectory_search_valid_mean,15,1262,0.25782488114104596,0.0,0.625,True
-B1,trajectory_search_valid_mean,16,1262,0.2566858161648177,0.0,0.625,True
-B1,trajectory_search_valid_mean,17,1262,0.2568343898573692,0.0,0.75,True
-B1,trajectory_search_valid_mean,18,1262,0.2566858161648177,0.0,0.625,True
-B1,trajectory_search_valid_mean,19,1262,0.25866679873217113,0.0,0.6875,True
-B1,trajectory_search_valid_mean,20,1262,0.25708201267828845,0.0,0.6875,True
-B1,trajectory_search_valid_mean,21,1262,0.2573296354992076,0.0,0.5625,True
-B1,trajectory_search_valid_mean,22,1262,0.2549029318541997,0.0,0.625,True
-B1,trajectory_search_valid_mean,23,1262,0.25495245641838354,0.0,0.625,True
-B1,trajectory_search_valid_mean,24,1262,0.2580229793977813,0.0,0.75,True
-B1,trajectory_search_valid_mean,25,1262,0.25693343898573695,0.0,0.625,True
-B1,trajectory_search_valid_mean,26,1262,0.2558934231378764,0.0,0.625,True
-B1,trajectory_search_valid_mean,27,1262,0.25614104595879555,0.0,0.625,True
-B1,trajectory_search_valid_mean,28,1262,0.2559429477020602,0.0,0.625,True
-B1,trajectory_search_valid_mean,29,1262,0.25866679873217113,0.0,0.625,True
-B1,trajectory_search_valid_mean,30,1262,0.2587658478605388,0.0,0.6875,True
-B1,trajectory_search_valid_mean,31,1262,0.25584389857369255,0.0,0.625,True
-B1,trajectory_search_valid_mean,32,1262,0.2561905705229794,0.0,0.6875,True
-B1,trajectory_search_valid_mean,33,1262,0.2571315372424723,0.0,0.6875,True
-B1,trajectory_search_valid_mean,34,1262,0.2573296354992076,0.0,0.625,True
-B1,trajectory_search_valid_mean,35,1262,0.2571810618066561,0.0,0.625,True
-B1,trajectory_search_valid_mean,36,1262,0.25312004754358164,0.0,0.625,True
-B1,trajectory_search_valid_mean,37,1262,0.2571810618066561,0.0,0.625,True
-B1,trajectory_search_valid_mean,38,1262,0.2583201267828843,0.0,0.625,True
-B1,trajectory_search_valid_mean,39,1262,0.2580229793977813,0.0,0.625,True
-B1,trajectory_search_valid_mean,40,1262,0.25841917591125196,0.0,0.625,True
-B1,trajectory_search_valid_mean,41,1262,0.2551505546751189,0.0,0.625,True
-B1,trajectory_search_valid_mean,42,1262,0.2557448494453249,0.0,0.6875,True
-B1,trajectory_search_valid_mean,43,1262,0.2578744057052298,0.0,0.75,True
-B1,trajectory_search_valid_mean,44,1262,0.2544076862123613,0.0,0.625,True
-B1,trajectory_search_valid_mean,45,1262,0.2566362916006339,0.0,0.625,True
-B1,trajectory_search_valid_mean,46,1262,0.2580229793977813,0.0,0.6875,True
-B1,trajectory_search_valid_mean,47,1262,0.25723058637083995,0.0,0.625,True
-B1,trajectory_search_valid_mean,48,1262,0.25980586370839936,0.0,0.6875,True
-B1,trajectory_search_valid_mean,49,1262,0.2575772583201268,0.0,0.625,True
-B1,trajectory_search_valid_mean,50,1262,0.2559429477020602,0.0,0.625,True
-B1,trajectory_search_valid_mean,51,1262,0.2568343898573692,0.0,0.625,True
-B1,trajectory_search_valid_mean,52,1262,0.25767630744849446,0.0,0.6875,True
-B1,trajectory_search_valid_mean,53,1262,0.25822107765451663,0.0,0.625,True
-B1,trajectory_search_valid_mean,54,1262,0.2575772583201268,0.0,0.625,True
-B1,trajectory_search_valid_mean,55,1262,0.25737916006339145,0.0,0.625,True
-B1,trajectory_search_valid_mean,56,1262,0.2568343898573692,0.0,0.625,True
-B1,trajectory_search_valid_mean,57,1262,0.25812202852614896,0.0,0.625,True
-B1,trajectory_search_valid_mean,58,1262,0.2568343898573692,0.0,0.6875,True
-B1,trajectory_search_valid_mean,59,1262,0.26119255150554677,0.0,0.625,True
-B1,trajectory_search_valid_mean,60,1262,0.25856774960380347,0.0,0.6875,True
-B2,ct_search_baseline_points_mean,1,1262,346.14931656101425,11.1875,1577.125,True
-B2,ct_search_baseline_points_mean,2,1262,344.360736925515,16.0,2122.8125,True
-B2,ct_search_baseline_points_mean,3,1262,349.0359548335975,11.8125,1925.125,True
-B2,ct_search_baseline_points_mean,4,1262,342.6906200475436,16.0,1731.3125,True
-B2,ct_search_baseline_points_mean,5,1262,348.517779318542,12.9375,1553.6875,True
-B2,ct_search_baseline_points_mean,6,1262,348.65773573692553,8.25,2123.25,True
-B2,ct_search_baseline_points_mean,7,1262,351.83196315372425,18.8125,2676.25,True
-B2,ct_search_baseline_points_mean,8,1262,343.19933637083994,18.25,1719.375,True
-B2,ct_search_baseline_points_mean,9,1262,347.6041006339144,8.875,1749.625,True
-B2,ct_search_baseline_points_mean,10,1262,348.1769512678288,12.1875,1900.125,True
-B2,ct_search_baseline_points_mean,11,1262,338.915412044374,16.125,2087.25,True
-B2,ct_search_baseline_points_mean,12,1262,347.3091323296355,15.5,2146.4375,True
-B2,ct_search_baseline_points_mean,13,1262,354.0367967511886,14.375,1855.5625,True
-B2,ct_search_baseline_points_mean,14,1262,343.72994255150553,13.8125,2266.0625,True
-B2,ct_search_baseline_points_mean,15,1262,344.21652139461173,12.625,1652.4375,True
-B2,ct_search_baseline_points_mean,16,1262,346.7264758320127,17.9375,1709.1875,True
-B2,ct_search_baseline_points_mean,17,1262,342.2254358161648,16.5,1686.4375,True
-B2,ct_search_baseline_points_mean,18,1262,340.28749009508715,13.6875,1816.0,True
-B2,ct_search_baseline_points_mean,19,1262,337.51059825673536,19.9375,1497.75,True
-B2,ct_search_baseline_points_mean,20,1262,347.21919572107765,14.875,1765.375,True
-B2,ct_search_baseline_points_mean,21,1262,347.06106378763866,12.875,2067.8125,True
-B2,ct_search_baseline_points_mean,22,1262,349.87940768621235,16.8125,1727.0625,True
-B2,ct_search_baseline_points_mean,23,1262,334.7757527733756,9.4375,1801.9375,True
-B2,ct_search_baseline_points_mean,24,1262,351.51659072900156,12.0625,1699.0625,True
-B2,ct_search_baseline_points_mean,25,1262,344.1336667987322,18.75,2088.5,True
-B2,ct_search_baseline_points_mean,26,1262,342.1988906497623,10.625,1712.3125,True
-B2,ct_search_baseline_points_mean,27,1262,346.86043977812994,19.375,1967.875,True
-B2,ct_search_baseline_points_mean,28,1262,343.1517432646593,14.625,1839.4375,True
-B2,ct_search_baseline_points_mean,29,1262,347.6053882725832,20.5625,1613.6875,True
-B2,ct_search_baseline_points_mean,30,1262,338.16224247226626,12.8125,1886.375,True
-B2,ct_search_baseline_points_mean,31,1262,341.59043185419966,7.5,1905.125,True
-B2,ct_search_baseline_points_mean,32,1262,346.00747820919173,10.6875,2185.1875,True
-B2,ct_search_baseline_points_mean,33,1262,344.4723652931854,11.5625,1900.3125,True
-B2,ct_search_baseline_points_mean,34,1262,348.51366877971475,18.8125,1910.4375,True
-B2,ct_search_baseline_points_mean,35,1262,349.96369849445324,12.5,1961.6875,True
-B2,ct_search_baseline_points_mean,36,1262,347.9215035657686,21.4375,1847.125,True
-B2,ct_search_baseline_points_mean,37,1262,350.158131933439,11.5625,2101.3125,True
-B2,ct_search_baseline_points_mean,38,1262,346.98999603803486,19.0625,1532.1875,True
-B2,ct_search_baseline_points_mean,39,1262,339.71711568938196,14.0625,1854.5,True
-B2,ct_search_baseline_points_mean,40,1262,342.5891937400951,14.75,1887.1875,True
-B2,ct_search_baseline_points_mean,41,1262,346.4660756735341,7.0625,2128.75,True
-B2,ct_search_baseline_points_mean,42,1262,338.82245443740095,15.5625,1601.6875,True
-B2,ct_search_baseline_points_mean,43,1262,347.9871236133122,12.875,1478.75,True
-B2,ct_search_baseline_points_mean,44,1262,347.9783577654517,14.625,1696.0625,True
-B2,ct_search_baseline_points_mean,45,1262,343.3213648969889,17.3125,2048.5625,True
-B2,ct_search_baseline_points_mean,46,1262,345.40956814580034,11.125,2280.5625,True
-B2,ct_search_baseline_points_mean,47,1262,346.73271592709983,10.5,2382.875,True
-B2,ct_search_baseline_points_mean,48,1262,340.79313589540413,9.25,1856.4375,True
-B2,ct_search_baseline_points_mean,49,1262,352.0777040412044,11.8125,2412.8125,True
-B2,ct_search_baseline_points_mean,50,1262,343.5927595087163,18.6875,2031.625,True
-B2,ct_search_baseline_points_mean,51,1262,351.2166699683043,13.5,2182.375,True
-B2,ct_search_baseline_points_mean,52,1262,345.56943343898575,12.125,1548.25,True
-B2,ct_search_baseline_points_mean,53,1262,349.3856973058637,16.625,1685.1875,True
-B2,ct_search_baseline_points_mean,54,1262,343.61123217115687,12.125,2129.3125,True
-B2,ct_search_baseline_points_mean,55,1262,346.00534865293184,9.0,1988.375,True
-B2,ct_search_baseline_points_mean,56,1262,352.7251881933439,21.5625,2241.9375,True
-B2,ct_search_baseline_points_mean,57,1262,345.36009310618067,12.4375,1831.8125,True
-B2,ct_search_baseline_points_mean,58,1262,350.3226030110935,16.0625,2005.6875,True
-B2,ct_search_baseline_points_mean,59,1262,349.1655110935024,17.0,2127.1875,True
-B2,ct_search_baseline_points_mean,60,1262,351.7272187004754,18.5625,1872.9375,True
-B2,ct_search_expansion_points_mean,1,1262,33.70136687797147,0.0,453.4375,True
-B2,ct_search_expansion_points_mean,2,1262,33.22508914421553,0.0,348.5,True
-B2,ct_search_expansion_points_mean,3,1262,33.516442155309036,0.0,398.1875,True
-B2,ct_search_expansion_points_mean,4,1262,34.29927694136292,0.0,392.1875,True
-B2,ct_search_expansion_points_mean,5,1262,34.2993264659271,0.0,424.0,True
-B2,ct_search_expansion_points_mean,6,1262,33.46800713153724,0.0,281.8125,True
-B2,ct_search_expansion_points_mean,7,1262,33.97989302694136,0.0,340.625,True
-B2,ct_search_expansion_points_mean,8,1262,33.64936608557845,0.0,332.875,True
-B2,ct_search_expansion_points_mean,9,1262,33.097315768621236,0.0,321.0,True
-B2,ct_search_expansion_points_mean,10,1262,33.94032290015848,0.0,416.0625,True
-B2,ct_search_expansion_points_mean,11,1262,33.57666402535658,0.0,274.625,True
-B2,ct_search_expansion_points_mean,12,1262,33.5496236133122,0.0,379.6875,True
-B2,ct_search_expansion_points_mean,13,1262,33.756388668779714,0.0,403.3125,True
-B2,ct_search_expansion_points_mean,14,1262,34.50049524564184,0.0,314.0,True
-B2,ct_search_expansion_points_mean,15,1262,34.35167393026941,0.0625,384.6875,True
-B2,ct_search_expansion_points_mean,16,1262,33.764263074484944,0.0,370.5625,True
-B2,ct_search_expansion_points_mean,17,1262,35.00133716323296,0.0,302.5625,True
-B2,ct_search_expansion_points_mean,18,1262,33.048385499207605,0.0,309.875,True
-B2,ct_search_expansion_points_mean,19,1262,33.96191561014263,0.0,515.9375,True
-B2,ct_search_expansion_points_mean,20,1262,34.40600237717908,0.0,341.875,True
-B2,ct_search_expansion_points_mean,21,1262,33.866828446909665,0.0,355.25,True
-B2,ct_search_expansion_points_mean,22,1262,33.62485142630745,0.0,371.8125,True
-B2,ct_search_expansion_points_mean,23,1262,33.60469492868463,0.0,287.6875,True
-B2,ct_search_expansion_points_mean,24,1262,34.68898573692552,0.0,342.9375,True
-B2,ct_search_expansion_points_mean,25,1262,33.76109350237718,0.0,449.9375,True
-B2,ct_search_expansion_points_mean,26,1262,33.74148177496038,0.0,348.9375,True
-B2,ct_search_expansion_points_mean,27,1262,34.79120443740095,0.0,412.5,True
-B2,ct_search_expansion_points_mean,28,1262,33.0888470681458,0.0,299.4375,True
-B2,ct_search_expansion_points_mean,29,1262,33.94175911251981,0.0,375.875,True
-B2,ct_search_expansion_points_mean,30,1262,34.344195721077654,0.0,366.5625,True
-B2,ct_search_expansion_points_mean,31,1262,33.302991283676704,0.0,339.1875,True
-B2,ct_search_expansion_points_mean,32,1262,33.14030309033281,0.0,480.3125,True
-B2,ct_search_expansion_points_mean,33,1262,33.77392036450079,0.0,405.375,True
-B2,ct_search_expansion_points_mean,34,1262,33.439332408874805,0.0,303.875,True
-B2,ct_search_expansion_points_mean,35,1262,34.79125396196513,0.0,295.375,True
-B2,ct_search_expansion_points_mean,36,1262,33.82993264659271,0.0,319.5,True
-B2,ct_search_expansion_points_mean,37,1262,34.23261687797147,0.0,321.0,True
-B2,ct_search_expansion_points_mean,38,1262,34.1988411251981,0.0,348.4375,True
-B2,ct_search_expansion_points_mean,39,1262,34.29556259904913,0.0,464.1875,True
-B2,ct_search_expansion_points_mean,40,1262,33.676307448494455,0.0,328.0,True
-B2,ct_search_expansion_points_mean,41,1262,32.58716323296355,0.0,317.1875,True
-B2,ct_search_expansion_points_mean,42,1262,33.17100832012678,0.0,288.8125,True
-B2,ct_search_expansion_points_mean,43,1262,34.50708201267829,0.0,351.25,True
-B2,ct_search_expansion_points_mean,44,1262,33.68690570522979,0.0,528.4375,True
-B2,ct_search_expansion_points_mean,45,1262,33.65124801901743,0.0,335.375,True
-B2,ct_search_expansion_points_mean,46,1262,33.75188193343899,0.0,281.0625,True
-B2,ct_search_expansion_points_mean,47,1262,33.991085578446906,0.0,556.5625,True
-B2,ct_search_expansion_points_mean,48,1262,33.917046354992074,0.0,368.125,True
-B2,ct_search_expansion_points_mean,49,1262,33.82205824088748,0.0,350.8125,True
-B2,ct_search_expansion_points_mean,50,1262,33.54893026941363,0.0625,297.5,True
-B2,ct_search_expansion_points_mean,51,1262,33.34855388272583,0.0,380.4375,True
-B2,ct_search_expansion_points_mean,52,1262,33.78961965134707,0.0,329.0625,True
-B2,ct_search_expansion_points_mean,53,1262,33.93814381933439,0.0,296.375,True
-B2,ct_search_expansion_points_mean,54,1262,33.67789223454834,0.0,350.5625,True
-B2,ct_search_expansion_points_mean,55,1262,34.257577258320126,0.125,314.3125,True
-B2,ct_search_expansion_points_mean,56,1262,34.598454833597465,0.0,427.375,True
-B2,ct_search_expansion_points_mean,57,1262,32.99618660855784,0.0,440.875,True
-B2,ct_search_expansion_points_mean,58,1262,33.82686212361331,0.0,304.625,True
-B2,ct_search_expansion_points_mean,59,1262,34.474247226624406,0.0,344.5,True
-B2,ct_search_expansion_points_mean,60,1262,33.95805269413629,0.0,378.8125,True
-B2,ct_search_expansion_ratio_mean,1,1262,0.01331809356737817,0.0,0.052490234375,True
-B2,ct_search_expansion_ratio_mean,2,1262,0.013001213738733162,0.0,0.04339599609375,True
-B2,ct_search_expansion_ratio_mean,3,1262,0.013167536957706023,0.0,0.0467529296875,True
-B2,ct_search_expansion_ratio_mean,4,1262,0.013164731855437798,0.0,0.052978515625,True
-B2,ct_search_expansion_ratio_mean,5,1262,0.013084254438639064,0.0,0.04132080078125,True
-B2,ct_search_expansion_ratio_mean,6,1262,0.012961797215481378,0.0,0.04473876953125,True
-B2,ct_search_expansion_ratio_mean,7,1262,0.013238921974049129,0.0,0.0531005859375,True
-B2,ct_search_expansion_ratio_mean,8,1262,0.013083480617323692,0.0,0.0531005859375,True
-B2,ct_search_expansion_ratio_mean,9,1262,0.01322097899229893,0.0,0.04339599609375,True
-B2,ct_search_expansion_ratio_mean,10,1262,0.012993765708572701,0.0,0.04296875,True
-B2,ct_search_expansion_ratio_mean,11,1262,0.013097215945671554,0.0,0.04852294921875,True
-B2,ct_search_expansion_ratio_mean,12,1262,0.013048852113460777,0.0,0.041748046875,True
-B2,ct_search_expansion_ratio_mean,13,1262,0.013238970337881338,0.0,0.0474853515625,True
-B2,ct_search_expansion_ratio_mean,14,1262,0.013116658206220285,0.0,0.04754638671875,True
-B2,ct_search_expansion_ratio_mean,15,1262,0.013189252318368662,0.0,0.0400390625,True
-B2,ct_search_expansion_ratio_mean,16,1262,0.01323277976735836,0.0,0.04888916015625,True
-B2,ct_search_expansion_ratio_mean,17,1262,0.013216868066561015,0.0,0.0518798828125,True
-B2,ct_search_expansion_ratio_mean,18,1262,0.012992314793606378,0.0,0.05218505859375,True
-B2,ct_search_expansion_ratio_mean,19,1262,0.013176822813490491,0.0,0.051513671875,True
-B2,ct_search_expansion_ratio_mean,20,1262,0.01333990565570523,0.0,0.0491943359375,True
-B2,ct_search_expansion_ratio_mean,21,1262,0.013072792210405111,0.0,0.04974365234375,True
-B2,ct_search_expansion_ratio_mean,22,1262,0.012989122780680467,0.0,0.04150390625,True
-B2,ct_search_expansion_ratio_mean,23,1262,0.013057509239426505,0.0,0.04656982421875,True
-B2,ct_search_expansion_ratio_mean,24,1262,0.013214594966447108,0.0,0.044677734375,True
-B2,ct_search_expansion_ratio_mean,25,1262,0.01304595028352813,0.0,0.04559326171875,True
-B2,ct_search_expansion_ratio_mean,26,1262,0.01298240020800317,0.0,0.05194091796875,True
-B2,ct_search_expansion_ratio_mean,27,1262,0.013190945052496038,0.0,0.046630859375,True
-B2,ct_search_expansion_ratio_mean,28,1262,0.013133972458151743,0.0,0.05035400390625,True
-B2,ct_search_expansion_ratio_mean,29,1262,0.013305422243338945,0.0,0.04803466796875,True
-B2,ct_search_expansion_ratio_mean,30,1262,0.013112402188985737,0.0,0.04547119140625,True
-B2,ct_search_expansion_ratio_mean,31,1262,0.013076419497820919,0.0,0.0426025390625,True
-B2,ct_search_expansion_ratio_mean,32,1262,0.013033665870146594,0.0,0.05206298828125,True
-B2,ct_search_expansion_ratio_mean,33,1262,0.013204293470186212,0.0,0.043701171875,True
-B2,ct_search_expansion_ratio_mean,34,1262,0.013236358690941957,0.0,0.0498046875,True
-B2,ct_search_expansion_ratio_mean,35,1262,0.013220688809305665,0.0,0.0517578125,True
-B2,ct_search_expansion_ratio_mean,36,1262,0.01300106864723653,0.0,0.0479736328125,True
-B2,ct_search_expansion_ratio_mean,37,1262,0.013078740961767036,0.0,0.05316162109375,True
-B2,ct_search_expansion_ratio_mean,38,1262,0.013172663523920365,0.0,0.04937744140625,True
-B2,ct_search_expansion_ratio_mean,39,1262,0.013269342824509707,0.0,0.04193115234375,True
-B2,ct_search_expansion_ratio_mean,40,1262,0.013139292479694928,0.0,0.044677734375,True
-B2,ct_search_expansion_ratio_mean,41,1262,0.012914739206740293,0.0,0.0440673828125,True
-B2,ct_search_expansion_ratio_mean,42,1262,0.013114046559280904,0.0,0.04632568359375,True
-B2,ct_search_expansion_ratio_mean,43,1262,0.013130877172890253,0.0,0.0489501953125,True
-B2,ct_search_expansion_ratio_mean,44,1262,0.012985930767754556,0.0,0.0426025390625,True
-B2,ct_search_expansion_ratio_mean,45,1262,0.013047691381487718,0.0,0.0506591796875,True
-B2,ct_search_expansion_ratio_mean,46,1262,0.01322093062846672,0.0,0.0465087890625,True
-B2,ct_search_expansion_ratio_mean,47,1262,0.013050689939084786,0.0,0.0487060546875,True
-B2,ct_search_expansion_ratio_mean,48,1262,0.013249755472464342,0.0,0.04364013671875,True
-B2,ct_search_expansion_ratio_mean,49,1262,0.013266634449905904,0.0,0.05181884765625,True
-B2,ct_search_expansion_ratio_mean,50,1262,0.013051367032735737,0.0,0.0430908203125,True
-B2,ct_search_expansion_ratio_mean,51,1262,0.013097844675490293,0.0,0.0484619140625,True
-B2,ct_search_expansion_ratio_mean,52,1262,0.013181465741382726,0.0,0.04364013671875,True
-B2,ct_search_expansion_ratio_mean,53,1262,0.013242742716793779,0.0,0.05230712890625,True
-B2,ct_search_expansion_ratio_mean,54,1262,0.013130296806903724,0.0,0.04730224609375,True
-B2,ct_search_expansion_ratio_mean,55,1262,0.013024912016516442,0.0,0.0523681640625,True
-B2,ct_search_expansion_ratio_mean,56,1262,0.01308144933637084,0.0,0.04498291015625,True
-B2,ct_search_expansion_ratio_mean,57,1262,0.013100214503268622,0.0,0.05029296875,True
-B2,ct_search_expansion_ratio_mean,58,1262,0.012987043135895405,0.0,0.0484619140625,True
-B2,ct_search_expansion_ratio_mean,59,1262,0.01341095212522286,0.0,0.04327392578125,True
-B2,ct_search_expansion_ratio_mean,60,1262,0.013218028798534074,0.0,0.05560302734375,True
-B2,ct_search_used_mean,1,1262,0.25921156893819336,0.0,0.8125,True
-B2,ct_search_used_mean,2,1262,0.2549029318541997,0.0,0.625,True
-B2,ct_search_used_mean,3,1262,0.25797345483359746,0.0,0.625,True
-B2,ct_search_used_mean,4,1262,0.2566362916006339,0.0,0.625,True
-B2,ct_search_used_mean,5,1262,0.25539817749603805,0.0,0.625,True
-B2,ct_search_used_mean,6,1262,0.2557448494453249,0.0,0.6875,True
-B2,ct_search_used_mean,7,1262,0.25782488114104596,0.0,0.75,True
-B2,ct_search_used_mean,8,1262,0.2558934231378764,0.0,0.625,True
-B2,ct_search_used_mean,9,1262,0.25921156893819336,0.0,0.625,True
-B2,ct_search_used_mean,10,1262,0.2560419968304279,0.0,0.625,True
-B2,ct_search_used_mean,11,1262,0.25643819334389856,0.0,0.625,True
-B2,ct_search_used_mean,12,1262,0.25767630744849446,0.0,0.625,True
-B2,ct_search_used_mean,13,1262,0.26084587955625993,0.0,0.75,True
-B2,ct_search_used_mean,14,1262,0.2575772583201268,0.0,0.6875,True
-B2,ct_search_used_mean,15,1262,0.25782488114104596,0.0,0.625,True
-B2,ct_search_used_mean,16,1262,0.2566858161648177,0.0,0.625,True
-B2,ct_search_used_mean,17,1262,0.2568343898573692,0.0,0.75,True
-B2,ct_search_used_mean,18,1262,0.2566858161648177,0.0,0.625,True
-B2,ct_search_used_mean,19,1262,0.25866679873217113,0.0,0.6875,True
-B2,ct_search_used_mean,20,1262,0.25708201267828845,0.0,0.6875,True
-B2,ct_search_used_mean,21,1262,0.2573296354992076,0.0,0.5625,True
-B2,ct_search_used_mean,22,1262,0.2549029318541997,0.0,0.625,True
-B2,ct_search_used_mean,23,1262,0.25495245641838354,0.0,0.625,True
-B2,ct_search_used_mean,24,1262,0.2580229793977813,0.0,0.75,True
-B2,ct_search_used_mean,25,1262,0.25693343898573695,0.0,0.625,True
-B2,ct_search_used_mean,26,1262,0.2558934231378764,0.0,0.625,True
-B2,ct_search_used_mean,27,1262,0.25614104595879555,0.0,0.625,True
-B2,ct_search_used_mean,28,1262,0.2559429477020602,0.0,0.625,True
-B2,ct_search_used_mean,29,1262,0.25866679873217113,0.0,0.625,True
-B2,ct_search_used_mean,30,1262,0.2587658478605388,0.0,0.6875,True
-B2,ct_search_used_mean,31,1262,0.25584389857369255,0.0,0.625,True
-B2,ct_search_used_mean,32,1262,0.2561905705229794,0.0,0.6875,True
-B2,ct_search_used_mean,33,1262,0.2571315372424723,0.0,0.6875,True
-B2,ct_search_used_mean,34,1262,0.2573296354992076,0.0,0.625,True
-B2,ct_search_used_mean,35,1262,0.2571810618066561,0.0,0.625,True
-B2,ct_search_used_mean,36,1262,0.25312004754358164,0.0,0.625,True
-B2,ct_search_used_mean,37,1262,0.2571810618066561,0.0,0.625,True
-B2,ct_search_used_mean,38,1262,0.2583201267828843,0.0,0.625,True
-B2,ct_search_used_mean,39,1262,0.2580229793977813,0.0,0.625,True
-B2,ct_search_used_mean,40,1262,0.25841917591125196,0.0,0.625,True
-B2,ct_search_used_mean,41,1262,0.2551505546751189,0.0,0.625,True
-B2,ct_search_used_mean,42,1262,0.2557448494453249,0.0,0.6875,True
-B2,ct_search_used_mean,43,1262,0.2578744057052298,0.0,0.75,True
-B2,ct_search_used_mean,44,1262,0.2544076862123613,0.0,0.625,True
-B2,ct_search_used_mean,45,1262,0.2566362916006339,0.0,0.625,True
-B2,ct_search_used_mean,46,1262,0.2580229793977813,0.0,0.6875,True
-B2,ct_search_used_mean,47,1262,0.25723058637083995,0.0,0.625,True
-B2,ct_search_used_mean,48,1262,0.25980586370839936,0.0,0.6875,True
-B2,ct_search_used_mean,49,1262,0.2575772583201268,0.0,0.625,True
-B2,ct_search_used_mean,50,1262,0.2559429477020602,0.0,0.625,True
-B2,ct_search_used_mean,51,1262,0.2568343898573692,0.0,0.625,True
-B2,ct_search_used_mean,52,1262,0.25767630744849446,0.0,0.6875,True
-B2,ct_search_used_mean,53,1262,0.25822107765451663,0.0,0.625,True
-B2,ct_search_used_mean,54,1262,0.2575772583201268,0.0,0.625,True
-B2,ct_search_used_mean,55,1262,0.25737916006339145,0.0,0.625,True
-B2,ct_search_used_mean,56,1262,0.2568343898573692,0.0,0.625,True
-B2,ct_search_used_mean,57,1262,0.25812202852614896,0.0,0.625,True
-B2,ct_search_used_mean,58,1262,0.2568343898573692,0.0,0.6875,True
-B2,ct_search_used_mean,59,1262,0.26119255150554677,0.0,0.625,True
-B2,ct_search_used_mean,60,1262,0.25856774960380347,0.0,0.6875,True
-B2,loss_angle_aux,1,1262,0.03525138166146397,0.0019456266891211271,0.3321205973625183,True
-B2,loss_angle_aux,2,1262,0.0038961753349578917,0.0003203116648364812,0.01510396134108305,True
-B2,loss_angle_aux,3,1262,0.0021653238326667552,0.000281414482742548,0.011351030319929123,True
-B2,loss_angle_aux,4,1262,0.0017170223440932887,0.0002391129673924297,0.013739296235144138,True
-B2,loss_angle_aux,5,1262,0.001484124706500441,0.00018008978804573417,0.012759043835103512,True
-B2,loss_angle_aux,6,1262,0.0013196318351506645,0.00012397978571243584,0.011198680847883224,True
-B2,loss_angle_aux,7,1262,0.0011893147995302316,0.00011517561506479979,0.011389078572392464,True
-B2,loss_angle_aux,8,1262,0.0011779599073645547,0.00011991884093731642,0.014321329072117805,True
-B2,loss_angle_aux,9,1262,0.0010609973741354617,8.811207953840494e-05,0.011847822926938534,True
-B2,loss_angle_aux,10,1262,0.00103253566169765,6.615555321332067e-05,0.011812161654233932,True
-B2,loss_angle_aux,11,1262,0.0009077464451012681,7.523034582845867e-05,0.010822909884154797,True
-B2,loss_angle_aux,12,1262,0.0009568992594198005,5.2596496971091256e-05,0.014595125801861286,True
-B2,loss_angle_aux,13,1262,0.0008393850683453441,8.187309867935255e-05,0.010327789932489395,True
-B2,loss_angle_aux,14,1262,0.0008536263001316965,7.566908607259393e-05,0.010791901499032974,True
-B2,loss_angle_aux,15,1262,0.0008686292396057449,4.528562567429617e-05,0.011306589469313622,True
-B2,loss_angle_aux,16,1262,0.000790119007678562,5.3762905736221e-05,0.010226042941212654,True
-B2,loss_angle_aux,17,1262,0.0007146253329750381,4.8528443585382774e-05,0.009336194023489952,True
-B2,loss_angle_aux,18,1262,0.0007491327247269383,6.815036613261327e-05,0.01208252552896738,True
-B2,loss_angle_aux,19,1262,0.0007287437089630967,5.700164183508605e-05,0.010874059051275253,True
-B2,loss_angle_aux,20,1262,0.0006900580867062003,3.0878407415002584e-05,0.011122897267341614,True
-B2,loss_angle_aux,21,1262,0.0003653994859206162,4.7755747800692916e-05,0.009938275441527367,True
-B2,loss_angle_aux,22,1262,0.00034391774068745745,4.325022018747404e-05,0.009725421667098999,True
-B2,loss_angle_aux,23,1262,0.0003375223855411991,4.197635644231923e-05,0.010556232184171677,True
-B2,loss_angle_aux,24,1262,0.00032509935707823013,3.9503203879576176e-05,0.009434964507818222,True
-B2,loss_angle_aux,25,1262,0.0003522763749256711,3.581786950235255e-05,0.009810796007514,True
-B2,loss_angle_aux,26,1262,0.00033574605053111303,3.657447814475745e-05,0.009919694624841213,True
-B2,loss_angle_aux,27,1262,0.000318056870080638,2.8105343517381698e-05,0.010114708915352821,True
-B2,loss_angle_aux,28,1262,0.0003274741624590827,4.230195190757513e-05,0.010367130860686302,True
-B2,loss_angle_aux,29,1262,0.0003033945442940881,4.070380236953497e-05,0.008878519758582115,True
-B2,loss_angle_aux,30,1262,0.0003152902625749207,4.067143891006708e-05,0.009650642052292824,True
-B2,loss_angle_aux,31,1262,0.00031808098698588917,4.24561912950594e-05,0.009296528063714504,True
-B2,loss_angle_aux,32,1262,0.0003128299425183035,3.910602390533313e-05,0.009671707637608051,True
-B2,loss_angle_aux,33,1262,0.0003160425515095406,4.6946341171860695e-05,0.00964490044862032,True
-B2,loss_angle_aux,34,1262,0.0003180876319761489,2.1188076061662287e-05,0.009178963489830494,True
-B2,loss_angle_aux,35,1262,0.00029885675737944433,3.3460317354183644e-05,0.008824201300740242,True
-B2,loss_angle_aux,36,1262,0.000303287430292419,3.0195416911737993e-05,0.007818406447768211,True
-B2,loss_angle_aux,37,1262,0.00029913195357776043,4.113946488359943e-05,0.007476052735000849,True
-B2,loss_angle_aux,38,1262,0.0003071891252521218,2.0103681890759617e-05,0.008112777955830097,True
-B2,loss_angle_aux,39,1262,0.00029050361560423773,2.374238465563394e-05,0.008116867393255234,True
-B2,loss_angle_aux,40,1262,0.0003041556859229476,2.658808989508543e-05,0.008181029930710793,True
-B2,loss_angle_aux,41,1262,0.00026842735426130715,3.990354161942378e-05,0.007506302557885647,True
-B2,loss_angle_aux,42,1262,0.00027180241734895853,3.406345786061138e-05,0.007161649875342846,True
-B2,loss_angle_aux,43,1262,0.00026563346075857033,3.327267404529266e-05,0.007352204993367195,True
-B2,loss_angle_aux,44,1262,0.0002649617266690917,3.9128750358941033e-05,0.008539453148841858,True
-B2,loss_angle_aux,45,1262,0.0002816159501748817,3.300967364339158e-05,0.008854453451931477,True
-B2,loss_angle_aux,46,1262,0.0002792218125458211,3.993450809502974e-05,0.008839515969157219,True
-B2,loss_angle_aux,47,1262,0.00025959458744557237,3.183152148267254e-05,0.006298933178186417,True
-B2,loss_angle_aux,48,1262,0.00026358725979160676,4.1635852539911866e-05,0.0071824840269982815,True
-B2,loss_angle_aux,49,1262,0.0002713644075746456,2.8203878173371777e-05,0.008339878171682358,True
-B2,loss_angle_aux,50,1262,0.0002676365985985249,3.5674973332788795e-05,0.007283429615199566,True
-B2,loss_angle_aux,51,1262,0.0002686015879860806,3.148693940602243e-05,0.008443785831332207,True
-B2,loss_angle_aux,52,1262,0.00026953743704231773,3.297530929557979e-05,0.01132923737168312,True
-B2,loss_angle_aux,53,1262,0.0002649025939252273,2.735318230406847e-05,0.0069189975038170815,True
-B2,loss_angle_aux,54,1262,0.0002676521110266396,3.213814488844946e-05,0.011300219222903252,True
-B2,loss_angle_aux,55,1262,0.0002734860905395192,4.385909778648056e-05,0.008097832091152668,True
-B2,loss_angle_aux,56,1262,0.000267860647720584,3.4226592106278986e-05,0.008887977339327335,True
-B2,loss_angle_aux,57,1262,0.0002560136470236019,3.9860024116933346e-05,0.007300196215510368,True
-B2,loss_angle_aux,58,1262,0.00025311842673920223,3.394438681425527e-05,0.010092579759657383,True
-B2,loss_angle_aux,59,1262,0.00026472093397442425,3.2489740988239646e-05,0.008254696615040302,True
-B2,loss_angle_aux,60,1262,0.0002576740929100381,3.2993728382280096e-05,0.006310961674898863,True
-B2,loss_center,1,1262,0.17894759473188673,0.00787130743265152,1.1313730478286743,True
-B2,loss_center,2,1262,0.12191045515109356,0.010531026870012283,0.5809938311576843,True
-B2,loss_center,3,1262,0.10588396842356788,0.006601136177778244,0.5091818571090698,True
-B2,loss_center,4,1262,0.08205564006116602,0.007035521324723959,0.5157333612442017,True
-B2,loss_center,5,1262,0.07351527294061382,0.005549069494009018,0.46419212222099304,True
-B2,loss_center,6,1262,0.06829160380010418,0.00577230891212821,0.3827005624771118,True
-B2,loss_center,7,1262,0.06284173804434184,0.006202246993780136,0.3942405879497528,True
-B2,loss_center,8,1262,0.062102998929355065,0.0071752904914319515,0.6293349266052246,True
-B2,loss_center,9,1262,0.054076055528982744,0.005330044776201248,0.5024406909942627,True
-B2,loss_center,10,1262,0.05016369058561648,0.006230087485164404,0.3610992133617401,True
-B2,loss_center,11,1262,0.048197848426042314,0.005685397889465094,0.47303056716918945,True
-B2,loss_center,12,1262,0.050290243631146155,0.0058281212113797665,0.5836693048477173,True
-B2,loss_center,13,1262,0.046474607897149,0.005463683512061834,0.3818387985229492,True
-B2,loss_center,14,1262,0.042619439328263516,0.005343796219676733,0.45047903060913086,True
-B2,loss_center,15,1262,0.04041338961043066,0.004461133852601051,0.4852302074432373,True
-B2,loss_center,16,1262,0.040083755910243074,0.004685140680521727,0.4436558485031128,True
-B2,loss_center,17,1262,0.03846947651794815,0.004891715943813324,0.40068334341049194,True
-B2,loss_center,18,1262,0.03813935735738185,0.006226956844329834,0.3520372807979584,True
-B2,loss_center,19,1262,0.03837726072027465,0.0056113190948963165,0.3822922110557556,True
-B2,loss_center,20,1262,0.0380218301876854,0.004829565994441509,0.571386456489563,True
-B2,loss_center,21,1262,0.029885872936159633,0.00529878307133913,0.3166397213935852,True
-B2,loss_center,22,1262,0.027697315381281964,0.0038856621831655502,0.34292587637901306,True
-B2,loss_center,23,1262,0.026980921877001997,0.004737094510346651,0.2686769366264343,True
-B2,loss_center,24,1262,0.026666043222204394,0.003739647101610899,0.23169028759002686,True
-B2,loss_center,25,1262,0.02611412546411452,0.00444682314991951,0.28730180859565735,True
-B2,loss_center,26,1262,0.025827865632879657,0.004008506890386343,0.31490081548690796,True
-B2,loss_center,27,1262,0.025416026928014875,0.0042722998186945915,0.5056063532829285,True
-B2,loss_center,28,1262,0.023874772528832907,0.0047735171392560005,0.3074895143508911,True
-B2,loss_center,29,1262,0.024826368215167673,0.0040243095718324184,0.28335487842559814,True
-B2,loss_center,30,1262,0.0242889900448276,0.00490210484713316,0.3749992847442627,True
-B2,loss_center,31,1262,0.02439405938179458,0.004534629173576832,0.4264911413192749,True
-B2,loss_center,32,1262,0.02337301093583156,0.0042036245577037334,0.32500791549682617,True
-B2,loss_center,33,1262,0.023229966740081126,0.002811264246702194,0.5407259464263916,True
-B2,loss_center,34,1262,0.02394814515138036,0.00473983958363533,0.25195902585983276,True
-B2,loss_center,35,1262,0.023506531430623846,0.003860048484057188,0.6351099610328674,True
-B2,loss_center,36,1262,0.02462825606866384,0.0048650698736310005,0.259452223777771,True
-B2,loss_center,37,1262,0.024020937526386038,0.00478180730715394,0.8143635988235474,True
-B2,loss_center,38,1262,0.02409050959751317,0.004055553115904331,0.4692211151123047,True
-B2,loss_center,39,1262,0.021547624566806287,0.003927562385797501,0.23014873266220093,True
-B2,loss_center,40,1262,0.022236811189739573,0.003543198574334383,0.35553035140037537,True
-B2,loss_center,41,1262,0.02252153561874138,0.004208282567560673,0.3375646471977234,True
-B2,loss_center,42,1262,0.02286811783782866,0.0038098166696727276,0.3360151946544647,True
-B2,loss_center,43,1262,0.02098190962342861,0.004075123928487301,0.4706837832927704,True
-B2,loss_center,44,1262,0.021934301185786206,0.0043724095448851585,0.3039204180240631,True
-B2,loss_center,45,1262,0.02128099839914466,0.004112169146537781,0.22647158801555634,True
-B2,loss_center,46,1262,0.02172143359391075,0.00244784913957119,0.35762518644332886,True
-B2,loss_center,47,1262,0.021761270473886832,0.003554403781890869,0.3437357544898987,True
-B2,loss_center,48,1262,0.02201606650104696,0.0047259945422410965,0.41942882537841797,True
-B2,loss_center,49,1262,0.021394549273087298,0.0046866340562701225,0.2694648206233978,True
-B2,loss_center,50,1262,0.021415906978945253,0.003454504068940878,0.4158896803855896,True
-B2,loss_center,51,1262,0.021674811019799813,0.004086695611476898,0.2836030423641205,True
-B2,loss_center,52,1262,0.02173454768582293,0.003549848683178425,0.30948755145072937,True
-B2,loss_center,53,1262,0.02068505485810741,0.004200121853500605,0.285334050655365,True
-B2,loss_center,54,1262,0.02238220170881192,0.004774913657456636,0.24313955008983612,True
-B2,loss_center,55,1262,0.021935017485202553,0.0030338128563016653,0.2937158942222595,True
-B2,loss_center,56,1262,0.021728723007733985,0.004459543153643608,0.2732717990875244,True
-B2,loss_center,57,1262,0.022245696961670145,0.00434552226215601,0.38148683309555054,True
-B2,loss_center,58,1262,0.02063327703090671,0.004116296302527189,0.2513561248779297,True
-B2,loss_center,59,1262,0.022019069143511923,0.0037892560940235853,0.29279014468193054,True
-B2,loss_center,60,1262,0.021468927089727103,0.003993307705968618,0.3299033045768738,True
-B2,loss_center_aux,1,1262,0.2086505007231977,0.02944205515086651,1.7441810369491577,True
-B2,loss_center_aux,2,1262,0.10410434100924505,0.018675489351153374,0.4297507703304291,True
-B2,loss_center_aux,3,1262,0.0859656230297099,0.01399297546595335,0.4414339065551758,True
-B2,loss_center_aux,4,1262,0.07480809369630723,0.009715266525745392,0.414470911026001,True
-B2,loss_center_aux,5,1262,0.07012713784809488,0.00934181734919548,0.509138822555542,True
-B2,loss_center_aux,6,1262,0.06788033670738411,0.009413136169314384,0.3485907316207886,True
-B2,loss_center_aux,7,1262,0.06245123181955538,0.00959728006273508,0.36820048093795776,True
-B2,loss_center_aux,8,1262,0.06246805433833325,0.007833078503608704,0.37405070662498474,True
-B2,loss_center_aux,9,1262,0.056057485865455614,0.007278475910425186,0.4873354136943817,True
-B2,loss_center_aux,10,1262,0.053623680616086924,0.007223447319120169,0.3681257665157318,True
-B2,loss_center_aux,11,1262,0.05071745947609979,0.005454704165458679,0.2955778241157532,True
-B2,loss_center_aux,12,1262,0.05282394597070696,0.007441944442689419,0.5713629722595215,True
-B2,loss_center_aux,13,1262,0.04912819719885176,0.006891706492751837,0.3788142204284668,True
-B2,loss_center_aux,14,1262,0.045431560506858225,0.007900609634816647,0.4179736375808716,True
-B2,loss_center_aux,15,1262,0.04267778206157621,0.006594711448997259,0.43223291635513306,True
-B2,loss_center_aux,16,1262,0.04155530008153839,0.004915621597319841,0.4007676839828491,True
-B2,loss_center_aux,17,1262,0.0416697786014716,0.006250516977161169,0.2892936170101166,True
-B2,loss_center_aux,18,1262,0.04080211877617719,0.0062324535101652145,0.33102864027023315,True
-B2,loss_center_aux,19,1262,0.04169227436137653,0.0072417957708239555,0.3756141662597656,True
-B2,loss_center_aux,20,1262,0.04057469749756795,0.0067084552720189095,0.47643983364105225,True
-B2,loss_center_aux,21,1262,0.03036280167023408,0.006231194362044334,0.34330475330352783,True
-B2,loss_center_aux,22,1262,0.027788505119399984,0.004697481170296669,0.34563952684402466,True
-B2,loss_center_aux,23,1262,0.027150343875540935,0.0044831568375229836,0.21861770749092102,True
-B2,loss_center_aux,24,1262,0.026612476458280052,0.004030737094581127,0.2660098373889923,True
-B2,loss_center_aux,25,1262,0.026109232049931295,0.00396770192310214,0.2729865312576294,True
-B2,loss_center_aux,26,1262,0.02575931936744512,0.004380919970571995,0.2991321086883545,True
-B2,loss_center_aux,27,1262,0.025298144023351832,0.0053458446636796,0.4843536615371704,True
-B2,loss_center_aux,28,1262,0.023964916601284112,0.005045048426836729,0.20808574557304382,True
-B2,loss_center_aux,29,1262,0.024347029990559405,0.004349196329712868,0.2553732097148895,True
-B2,loss_center_aux,30,1262,0.02355274831394262,0.003520629135891795,0.19918838143348694,True
-B2,loss_center_aux,31,1262,0.02396750266415771,0.004839397966861725,0.4130682647228241,True
-B2,loss_center_aux,32,1262,0.023292550293170802,0.004306729417294264,0.31931325793266296,True
-B2,loss_center_aux,33,1262,0.022988078290509525,0.003339725313708186,0.5030769109725952,True
-B2,loss_center_aux,34,1262,0.023900206805547778,0.004901503212749958,0.2540630102157593,True
-B2,loss_center_aux,35,1262,0.022611990874698135,0.0047850171104073524,0.2160702794790268,True
-B2,loss_center_aux,36,1262,0.02319350888843393,0.005261316895484924,0.21882283687591553,True
-B2,loss_center_aux,37,1262,0.0231036195906378,0.004833022132515907,0.7915652990341187,True
-B2,loss_center_aux,38,1262,0.023458694159857657,0.004420757293701172,0.2355770468711853,True
-B2,loss_center_aux,39,1262,0.021170611361930186,0.004530071746557951,0.24304988980293274,True
-B2,loss_center_aux,40,1262,0.021537929418734416,0.00464957719668746,0.20511995255947113,True
-B2,loss_center_aux,41,1262,0.021339225800111654,0.0042883772403001785,0.3389481008052826,True
-B2,loss_center_aux,42,1262,0.021039113414174214,0.004427233245223761,0.2968733608722687,True
-B2,loss_center_aux,43,1262,0.020083027251622684,0.00392924714833498,0.4585769772529602,True
-B2,loss_center_aux,44,1262,0.02032983707700946,0.004665126092731953,0.30613645911216736,True
-B2,loss_center_aux,45,1262,0.019838827709769226,0.004277974367141724,0.21478453278541565,True
-B2,loss_center_aux,46,1262,0.02079393756952249,0.00238398602232337,0.3600960671901703,True
-B2,loss_center_aux,47,1262,0.020304559719292726,0.003482914064079523,0.3003294765949249,True
-B2,loss_center_aux,48,1262,0.021194990446109164,0.005021275486797094,0.4150157868862152,True
-B2,loss_center_aux,49,1262,0.020334619804759247,0.004177883267402649,0.2704022526741028,True
-B2,loss_center_aux,50,1262,0.020152446052661716,0.003915936686098576,0.19485580921173096,True
-B2,loss_center_aux,51,1262,0.020762256020827666,0.00409492664039135,0.26603758335113525,True
-B2,loss_center_aux,52,1262,0.02042745496589165,0.003581537399441004,0.18335317075252533,True
-B2,loss_center_aux,53,1262,0.01990672599792882,0.0038237269036471844,0.2833753824234009,True
-B2,loss_center_aux,54,1262,0.02114973367389628,0.004669427406042814,0.24334967136383057,True
-B2,loss_center_aux,55,1262,0.02089570936667194,0.00305987149477005,0.2897959351539612,True
-B2,loss_center_aux,56,1262,0.020233744279209896,0.0034515063744038343,0.1903739869594574,True
-B2,loss_center_aux,57,1262,0.020511369548572696,0.004390277899801731,0.29198598861694336,True
-B2,loss_center_aux,58,1262,0.019783553078094655,0.003772454336285591,0.24650977551937103,True
-B2,loss_center_aux,59,1262,0.02050208834275934,0.0047186920419335365,0.19915449619293213,True
-B2,loss_center_aux,60,1262,0.0203796689558727,0.0033040568232536316,0.3143760561943054,True
-B2,loss_center_motion,1,1262,0.32909983840495016,0.024139663204550743,2.1015915870666504,True
-B2,loss_center_motion,2,1262,0.19113697095887763,0.008046256378293037,1.1483598947525024,True
-B2,loss_center_motion,3,1262,0.16455544589423882,0.006339431740343571,0.8470430970191956,True
-B2,loss_center_motion,4,1262,0.1326330392165759,0.002381535479798913,1.0283997058868408,True
-B2,loss_center_motion,5,1262,0.11182079810159141,0.008013125509023666,0.7949778437614441,True
-B2,loss_center_motion,6,1262,0.10787302116227296,0.004191880114376545,0.9454113841056824,True
-B2,loss_center_motion,7,1262,0.09508087640855514,0.0058564660139381886,0.9124152064323425,True
-B2,loss_center_motion,8,1262,0.08972647728615407,0.004561878740787506,0.9604451060295105,True
-B2,loss_center_motion,9,1262,0.08198281439543716,0.004565530456602573,0.9618455171585083,True
-B2,loss_center_motion,10,1262,0.07560065948819851,0.0033854155335575342,0.9553022980690002,True
-B2,loss_center_motion,11,1262,0.07005508327262591,0.0023706674110144377,0.8429090976715088,True
-B2,loss_center_motion,12,1262,0.07181371721160848,0.0,1.303908109664917,True
-B2,loss_center_motion,13,1262,0.06972369001591622,0.0031433249823749065,1.262093424797058,True
-B2,loss_center_motion,14,1262,0.06028984585530073,0.001894744927994907,1.2965710163116455,True
-B2,loss_center_motion,15,1262,0.056261129214217304,0.0032596385572105646,0.6793275475502014,True
-B2,loss_center_motion,16,1262,0.055201982378054903,0.0026142029091715813,1.0618937015533447,True
-B2,loss_center_motion,17,1262,0.05491588397649679,0.0,0.5585529804229736,True
-B2,loss_center_motion,18,1262,0.052259868288541095,0.0036948081105947495,0.68021559715271,True
-B2,loss_center_motion,19,1262,0.05312393681554304,0.003490259638056159,1.0476672649383545,True
-B2,loss_center_motion,20,1262,0.049040005675726604,0.003770669689401984,0.5810363292694092,True
-B2,loss_center_motion,21,1262,0.036190530690571175,0.0021031734067946672,0.4974834620952606,True
-B2,loss_center_motion,22,1262,0.034396074982928244,0.0021192163694649935,0.5733100771903992,True
-B2,loss_center_motion,23,1262,0.03194393104579884,0.002657475182786584,0.6249659657478333,True
-B2,loss_center_motion,24,1262,0.03097999739411203,0.001000208081677556,0.807556688785553,True
-B2,loss_center_motion,25,1262,0.03012711769792734,0.0018810895271599293,0.5854305624961853,True
-B2,loss_center_motion,26,1262,0.030522029001558003,0.0022626989521086216,0.5013164281845093,True
-B2,loss_center_motion,27,1262,0.02831911059722257,0.0020793969742953777,0.604263186454773,True
-B2,loss_center_motion,28,1262,0.028047338633601763,0.000978230033069849,0.3427492380142212,True
-B2,loss_center_motion,29,1262,0.027472295810722358,0.0021659911144524813,0.5532521605491638,True
-B2,loss_center_motion,30,1262,0.02652427255915457,0.002027304610237479,0.43729066848754883,True
-B2,loss_center_motion,31,1262,0.02746688843350164,0.001568312174640596,0.5835028886795044,True
-B2,loss_center_motion,32,1262,0.02628141826253182,0.0006933098193258047,0.8395817875862122,True
-B2,loss_center_motion,33,1262,0.025733698026159785,0.0017175273969769478,0.4750276505947113,True
-B2,loss_center_motion,34,1262,0.02680405030533835,0.0008497462258674204,0.3473266065120697,True
-B2,loss_center_motion,35,1262,0.025329604469278087,0.0,0.29909706115722656,True
-B2,loss_center_motion,36,1262,0.026873234192665116,0.002118330216035247,0.4248470962047577,True
-B2,loss_center_motion,37,1262,0.025173618007032866,0.0012599070323631167,0.6738740801811218,True
-B2,loss_center_motion,38,1262,0.025256060049079487,0.001366807147860527,0.48095041513442993,True
-B2,loss_center_motion,39,1262,0.023721640325825154,0.0015959445154294372,0.42981818318367004,True
-B2,loss_center_motion,40,1262,0.023567017344735774,0.0015422438737004995,0.364062637090683,True
-B2,loss_center_motion,41,1262,0.022630632450311886,0.0,0.2721971273422241,True
-B2,loss_center_motion,42,1262,0.022746356241881004,0.0017079556128010154,0.3411567211151123,True
-B2,loss_center_motion,43,1262,0.021661330123502825,0.0020998171530663967,0.6663987636566162,True
-B2,loss_center_motion,44,1262,0.02274989737743857,0.0010810302337631583,0.5107641220092773,True
-B2,loss_center_motion,45,1262,0.02183462164483569,0.0014086120063439012,0.34960484504699707,True
-B2,loss_center_motion,46,1262,0.022089109863473764,0.0,0.3607611060142517,True
-B2,loss_center_motion,47,1262,0.022546813573732363,0.00015463362797163427,0.35866010189056396,True
-B2,loss_center_motion,48,1262,0.022095633468021698,0.0,0.41941872239112854,True
-B2,loss_center_motion,49,1262,0.021868106287999282,0.0012756750220432878,0.38361990451812744,True
-B2,loss_center_motion,50,1262,0.022964202698077356,0.0009243501117452979,0.6993487477302551,True
-B2,loss_center_motion,51,1262,0.021806951912843014,0.0003457558050286025,0.39028599858283997,True
-B2,loss_center_motion,52,1262,0.02261695471858287,0.0010660567786544561,0.5153409838676453,True
-B2,loss_center_motion,53,1262,0.021470225510123245,0.0012668800773099065,0.3354071080684662,True
-B2,loss_center_motion,54,1262,0.022075504169259928,0.0014370355056598783,0.455919086933136,True
-B2,loss_center_motion,55,1262,0.023038311358065257,0.0019037557067349553,0.37330177426338196,True
-B2,loss_center_motion,56,1262,0.021865516305840597,0.0011938554234802723,0.3415795862674713,True
-B2,loss_center_motion,57,1262,0.021976104731691436,0.0,0.460845947265625,True
-B2,loss_center_motion,58,1262,0.021933911649695496,0.0017000235384330153,0.30595624446868896,True
-B2,loss_center_motion,59,1262,0.022060424867348095,0.0013336687115952373,0.4048879146575928,True
-B2,loss_center_motion,60,1262,0.02148437969021373,0.00046047070645727217,0.3280264139175415,True
-B2,loss_center_ref,1,1262,0.4286782761708067,0.048582904040813446,2.1892025470733643,True
-B2,loss_center_ref,2,1262,0.11433389774640275,0.02358543500304222,0.2863435447216034,True
-B2,loss_center_ref,3,1262,0.07794415119595578,0.01444972399622202,0.23875723779201508,True
-B2,loss_center_ref,4,1262,0.051686606518983276,0.011826934292912483,0.1647031009197235,True
-B2,loss_center_ref,5,1262,0.0394095865007425,0.012058597058057785,0.13457432389259338,True
-B2,loss_center_ref,6,1262,0.03363837602012532,0.00882071815431118,0.13203118741512299,True
-B2,loss_center_ref,7,1262,0.02985882673341716,0.009148616343736649,0.11576727032661438,True
-B2,loss_center_ref,8,1262,0.028584080450856694,0.008462914265692234,0.18046867847442627,True
-B2,loss_center_ref,9,1262,0.023798083580245166,0.00687524676322937,0.12636683881282806,True
-B2,loss_center_ref,10,1262,0.02209489218995459,0.006256324704736471,0.09127349406480789,True
-B2,loss_center_ref,11,1262,0.02135721380193607,0.007457696832716465,0.09928834438323975,True
-B2,loss_center_ref,12,1262,0.019652137149084013,0.006856570020318031,0.10932064801454544,True
-B2,loss_center_ref,13,1262,0.01914102862376525,0.006132409907877445,0.09740204364061356,True
-B2,loss_center_ref,14,1262,0.01827203053885129,0.005749593023210764,0.10128477960824966,True
-B2,loss_center_ref,15,1262,0.0171796924887718,0.005949115846306086,0.1093483492732048,True
-B2,loss_center_ref,16,1262,0.016367193386726164,0.0063982149586081505,0.06569352746009827,True
-B2,loss_center_ref,17,1262,0.01604831684786655,0.005277457181364298,0.061611607670784,True
-B2,loss_center_ref,18,1262,0.015280106826279484,0.005015965551137924,0.06170959025621414,True
-B2,loss_center_ref,19,1262,0.015150545550164915,0.005150459241122007,0.07049185037612915,True
-B2,loss_center_ref,20,1262,0.01444027635155219,0.005530934315174818,0.053886063396930695,True
-B2,loss_center_ref,21,1262,0.011284155669295939,0.0036752531304955482,0.04450540989637375,True
-B2,loss_center_ref,22,1262,0.010604969573409404,0.004889375530183315,0.048215799033641815,True
-B2,loss_center_ref,23,1262,0.010273270220968064,0.003399923210963607,0.044455040246248245,True
-B2,loss_center_ref,24,1262,0.010126072165103136,0.003814027179032564,0.05487540736794472,True
-B2,loss_center_ref,25,1262,0.009952013238765618,0.004184453282505274,0.03813119977712631,True
-B2,loss_center_ref,26,1262,0.00984686866429193,0.00450752442702651,0.03834473714232445,True
-B2,loss_center_ref,27,1262,0.009823993952035691,0.004071189556270838,0.042505595833063126,True
-B2,loss_center_ref,28,1262,0.009564242025367951,0.004113491158932447,0.041765082627534866,True
-B2,loss_center_ref,29,1262,0.009527699574651034,0.003887984436005354,0.04156889021396637,True
-B2,loss_center_ref,30,1262,0.009612552952626498,0.004084175918251276,0.03975259140133858,True
-B2,loss_center_ref,31,1262,0.00930199236406099,0.00250425492413342,0.03869976848363876,True
-B2,loss_center_ref,32,1262,0.009381276491709148,0.003564724000170827,0.05364660173654556,True
-B2,loss_center_ref,33,1262,0.00928713158994364,0.003542213002219796,0.03483078256249428,True
-B2,loss_center_ref,34,1262,0.009166310320677688,0.0034298982936888933,0.0380651019513607,True
-B2,loss_center_ref,35,1262,0.00897218496446452,0.003787909634411335,0.035198863595724106,True
-B2,loss_center_ref,36,1262,0.009108840853932258,0.0039912024512887,0.041781894862651825,True
-B2,loss_center_ref,37,1262,0.009053224938288449,0.0039013135246932507,0.04300350323319435,True
-B2,loss_center_ref,38,1262,0.008970067719744427,0.004411692265421152,0.04468930512666702,True
-B2,loss_center_ref,39,1262,0.008810457902098527,0.003762114094570279,0.040839411318302155,True
-B2,loss_center_ref,40,1262,0.008809020310690517,0.003992115613073111,0.035763636231422424,True
-B2,loss_center_ref,41,1262,0.00861598190976227,0.003448127070441842,0.03352784737944603,True
-B2,loss_center_ref,42,1262,0.00857985550212997,0.003698716638609767,0.031032085418701172,True
-B2,loss_center_ref,43,1262,0.008482179334003437,0.003734651254490018,0.03719476982951164,True
-B2,loss_center_ref,44,1262,0.008499530428524606,0.0034953360445797443,0.031537849456071854,True
-B2,loss_center_ref,45,1262,0.008518104389436815,0.003962348680943251,0.03540097549557686,True
-B2,loss_center_ref,46,1262,0.008496947441340118,0.0029623091686517,0.036605481058359146,True
-B2,loss_center_ref,47,1262,0.00851620769529661,0.0039729103446006775,0.02936728484928608,True
-B2,loss_center_ref,48,1262,0.00846911225893731,0.003495222656056285,0.03455383703112602,True
-B2,loss_center_ref,49,1262,0.008476999265447305,0.003952457569539547,0.03005085326731205,True
-B2,loss_center_ref,50,1262,0.0084418288200338,0.003388970624655485,0.03384900465607643,True
-B2,loss_center_ref,51,1262,0.008501409826226084,0.0031579588539898396,0.03785565868020058,True
-B2,loss_center_ref,52,1262,0.008505565359511025,0.003428881289437413,0.03278105705976486,True
-B2,loss_center_ref,53,1262,0.008393029012073793,0.0033465491142123938,0.026671037077903748,True
-B2,loss_center_ref,54,1262,0.008435720490939656,0.003503835527226329,0.031238188967108727,True
-B2,loss_center_ref,55,1262,0.008438078373878687,0.0033149670343846083,0.028593935072422028,True
-B2,loss_center_ref,56,1262,0.008468461194719158,0.0035456253681331873,0.036336082965135574,True
-B2,loss_center_ref,57,1262,0.008424178613962314,0.003466237336397171,0.03327997401356697,True
-B2,loss_center_ref,58,1262,0.008406881069566718,0.003517721313983202,0.03386973962187767,True
-B2,loss_center_ref,59,1262,0.008429456833918268,0.003119525033980608,0.029773185029625893,True
-B2,loss_center_ref,60,1262,0.00841930632113454,0.0039588469080626965,0.030539533123373985,True
-B2,loss_motion_v3_nll,1,1262,-2.7766350303199467,-4.268841743469238,47.410362243652344,True
-B2,loss_motion_v3_nll,2,1262,-2.9573729929356305,-4.366818428039551,15.261699676513672,True
-B2,loss_motion_v3_nll,3,1262,-3.0043429639373085,-4.4693756103515625,15.679301261901855,True
-B2,loss_motion_v3_nll,4,1262,-3.0908305499953235,-4.479369163513184,13.032035827636719,True
-B2,loss_motion_v3_nll,5,1262,-3.10968684689651,-4.406908988952637,12.432872772216797,True
-B2,loss_motion_v3_nll,6,1262,-3.1390316215197656,-4.4022603034973145,9.3807373046875,True
-B2,loss_motion_v3_nll,7,1262,-3.1624978658862752,-4.558130741119385,9.632824897766113,True
-B2,loss_motion_v3_nll,8,1262,-3.188780004965959,-4.49215030670166,12.185178756713867,True
-B2,loss_motion_v3_nll,9,1262,-3.217177709591134,-4.413869857788086,9.364212989807129,True
-B2,loss_motion_v3_nll,10,1262,-3.2598213628074673,-4.382889747619629,7.268315315246582,True
-B2,loss_motion_v3_nll,11,1262,-3.262500517261705,-4.468674659729004,6.185356140136719,True
-B2,loss_motion_v3_nll,12,1262,-3.27394843136629,-4.584446430206299,10.251909255981445,True
-B2,loss_motion_v3_nll,13,1262,-3.269041373580399,-4.564751148223877,18.97613525390625,True
-B2,loss_motion_v3_nll,14,1262,-3.314371488409828,-4.542202949523926,6.767058372497559,True
-B2,loss_motion_v3_nll,15,1262,-3.3208509929206596,-4.457161903381348,9.151421546936035,True
-B2,loss_motion_v3_nll,16,1262,-3.314347868835444,-4.489090919494629,8.292327880859375,True
-B2,loss_motion_v3_nll,17,1262,-3.3238790673270184,-4.526433944702148,10.15056037902832,True
-B2,loss_motion_v3_nll,18,1262,-3.337093586772946,-4.548335075378418,8.749831199645996,True
-B2,loss_motion_v3_nll,19,1262,-3.3264023935239284,-4.578126907348633,7.581090927124023,True
-B2,loss_motion_v3_nll,20,1262,-3.326840295918321,-4.5472412109375,6.997793197631836,True
-B2,loss_motion_v3_nll,21,1262,-3.3519461076683035,-4.468848705291748,5.7317376136779785,True
-B2,loss_motion_v3_nll,22,1262,-3.3357965376836183,-4.552492618560791,7.176182746887207,True
-B2,loss_motion_v3_nll,23,1262,-3.348294042157107,-4.522727966308594,10.49907112121582,True
-B2,loss_motion_v3_nll,24,1262,-3.329483990296249,-4.470324516296387,10.18686580657959,True
-B2,loss_motion_v3_nll,25,1262,-3.3531549989043627,-4.509559631347656,7.600563049316406,True
-B2,loss_motion_v3_nll,26,1262,-3.3332962160915276,-4.4395341873168945,10.515114784240723,True
-B2,loss_motion_v3_nll,27,1262,-3.3523082879302573,-4.4227142333984375,10.754791259765625,True
-B2,loss_motion_v3_nll,28,1262,-3.3241103912604806,-4.4598541259765625,10.08313274383545,True
-B2,loss_motion_v3_nll,29,1262,-3.3657345970806247,-4.578697204589844,9.017901420593262,True
-B2,loss_motion_v3_nll,30,1262,-3.3585815506968086,-4.477679252624512,5.927095413208008,True
-B2,loss_motion_v3_nll,31,1262,-3.360942821310635,-4.582462787628174,7.1731791496276855,True
-B2,loss_motion_v3_nll,32,1262,-3.360203346493617,-4.587279796600342,8.86718463897705,True
-B2,loss_motion_v3_nll,33,1262,-3.344204136392946,-4.517009735107422,5.55689001083374,True
-B2,loss_motion_v3_nll,34,1262,-3.3283500596556204,-4.476904392242432,8.752374649047852,True
-B2,loss_motion_v3_nll,35,1262,-3.3547926753901076,-4.542128086090088,9.86751651763916,True
-B2,loss_motion_v3_nll,36,1262,-3.356198312009193,-4.537786483764648,8.075300216674805,True
-B2,loss_motion_v3_nll,37,1262,-3.356614671284466,-4.571292877197266,6.380486011505127,True
-B2,loss_motion_v3_nll,38,1262,-3.342332813711675,-4.536768913269043,11.003331184387207,True
-B2,loss_motion_v3_nll,39,1262,-3.3519373024539303,-4.5821213722229,6.205016136169434,True
-B2,loss_motion_v3_nll,40,1262,-3.3526847440507352,-4.485503673553467,6.297874927520752,True
-B2,loss_motion_v3_nll,41,1262,-3.3481582428834944,-4.573111057281494,6.8969197273254395,True
-B2,loss_motion_v3_nll,42,1262,-3.3400569292074644,-4.55376672744751,7.557233810424805,True
-B2,loss_motion_v3_nll,43,1262,-3.3509566181752772,-4.445165634155273,9.879386901855469,True
-B2,loss_motion_v3_nll,44,1262,-3.3699455481198233,-4.586626052856445,7.916922569274902,True
-B2,loss_motion_v3_nll,45,1262,-3.3615472219528693,-4.473827838897705,6.492486953735352,True
-B2,loss_motion_v3_nll,46,1262,-3.3517280793800452,-4.577712059020996,6.963858604431152,True
-B2,loss_motion_v3_nll,47,1262,-3.346895531962276,-4.556641578674316,5.655352592468262,True
-B2,loss_motion_v3_nll,48,1262,-3.3725060216061147,-4.555673599243164,9.468990325927734,True
-B2,loss_motion_v3_nll,49,1262,-3.3628397129546914,-4.4765214920043945,6.982066631317139,True
-B2,loss_motion_v3_nll,50,1262,-3.37767844740449,-4.587291717529297,6.740155220031738,True
-B2,loss_motion_v3_nll,51,1262,-3.351951763175558,-4.4807891845703125,8.178915023803711,True
-B2,loss_motion_v3_nll,52,1262,-3.358157635770669,-4.488499164581299,7.491605281829834,True
-B2,loss_motion_v3_nll,53,1262,-3.3557377446460555,-4.536803722381592,7.361971378326416,True
-B2,loss_motion_v3_nll,54,1262,-3.359769841152791,-4.499927997589111,6.98057222366333,True
-B2,loss_motion_v3_nll,55,1262,-3.3396389877125503,-4.464256286621094,5.532315254211426,True
-B2,loss_motion_v3_nll,56,1262,-3.376578777178343,-4.594968318939209,5.74251127243042,True
-B2,loss_motion_v3_nll,57,1262,-3.358306107508305,-4.547615051269531,9.59520435333252,True
-B2,loss_motion_v3_nll,58,1262,-3.3700962877860396,-4.477454662322998,8.363593101501465,True
-B2,loss_motion_v3_nll,59,1262,-3.3545908383241367,-4.4926910400390625,5.675279140472412,True
-B2,loss_motion_v3_nll,60,1262,-3.3702067247726224,-4.5051679611206055,6.432472229003906,True
-B2,loss_motion_v3_prior,1,1262,0.028224703043073094,0.0006565526709891856,0.3778958320617676,True
-B2,loss_motion_v3_prior,2,1262,0.029319517283623656,0.0007217253441922367,0.3409171998500824,True
-B2,loss_motion_v3_prior,3,1262,0.028452977716698417,0.0005142633453942835,0.5413607954978943,True
-B2,loss_motion_v3_prior,4,1262,0.026022334105404176,0.0005692363483831286,0.3889354169368744,True
-B2,loss_motion_v3_prior,5,1262,0.02608824375954681,0.0005085685406811535,0.4270429015159607,True
-B2,loss_motion_v3_prior,6,1262,0.02603781609999853,0.0003965292125940323,0.39745503664016724,True
-B2,loss_motion_v3_prior,7,1262,0.026554302750259568,0.00020694703562185168,0.4605819284915924,True
-B2,loss_motion_v3_prior,8,1262,0.026112079183388762,0.0002340194769203663,0.41918250918388367,True
-B2,loss_motion_v3_prior,9,1262,0.026322329910483104,0.00022767647169530392,0.36366695165634155,True
-B2,loss_motion_v3_prior,10,1262,0.025656637182092462,0.00028661807300522923,0.33126527070999146,True
-B2,loss_motion_v3_prior,11,1262,0.025648047426951093,0.00025454696151427925,0.322488009929657,True
-B2,loss_motion_v3_prior,12,1262,0.025297808752817424,9.712742757983506e-05,0.5784178376197815,True
-B2,loss_motion_v3_prior,13,1262,0.026508304913738217,0.0001975436753127724,0.41693228483200073,True
-B2,loss_motion_v3_prior,14,1262,0.02465139365119073,0.00024703150847926736,0.4432066082954407,True
-B2,loss_motion_v3_prior,15,1262,0.024985400737286924,6.0111611674074084e-05,0.3377531170845032,True
-B2,loss_motion_v3_prior,16,1262,0.024549803217178267,0.00015073406393639743,0.35264116525650024,True
-B2,loss_motion_v3_prior,17,1262,0.024224575919401907,0.00031088138348422945,0.34141796827316284,True
-B2,loss_motion_v3_prior,18,1262,0.024593806918562874,0.00019924601656384766,0.3268756866455078,True
-B2,loss_motion_v3_prior,19,1262,0.024832296362793386,0.00013470460544340312,0.34209388494491577,True
-B2,loss_motion_v3_prior,20,1262,0.025011530671186232,0.00028061692137271166,0.4777241349220276,True
-B2,loss_motion_v3_prior,21,1262,0.024551975619116928,0.00010937597107840702,0.3922787010669708,True
-B2,loss_motion_v3_prior,22,1262,0.02479401731168493,0.00018182896019425243,0.3866144120693207,True
-B2,loss_motion_v3_prior,23,1262,0.024209096946872514,9.300486271968111e-05,0.3069586455821991,True
-B2,loss_motion_v3_prior,24,1262,0.025037238343196135,0.00019973247253801674,0.4843384921550751,True
-B2,loss_motion_v3_prior,25,1262,0.024139555623671285,0.00014238183212000877,0.34988346695899963,True
-B2,loss_motion_v3_prior,26,1262,0.02477148119086697,0.000328294700011611,0.3558412492275238,True
-B2,loss_motion_v3_prior,27,1262,0.02420965944731013,0.0002914253273047507,0.40379127860069275,True
-B2,loss_motion_v3_prior,28,1262,0.025120832468489097,0.00025883843773044646,0.3148193061351776,True
-B2,loss_motion_v3_prior,29,1262,0.02360087972363216,0.00010820550960488617,0.31424739956855774,True
-B2,loss_motion_v3_prior,30,1262,0.023831221256276663,0.0001161659529316239,0.39403337240219116,True
-B2,loss_motion_v3_prior,31,1262,0.024104755246924285,0.0001127559007727541,0.3944505751132965,True
-B2,loss_motion_v3_prior,32,1262,0.02344359524852514,8.829718717606738e-05,0.46454891562461853,True
-B2,loss_motion_v3_prior,33,1262,0.024702926850964414,0.0002854921331163496,0.3201560378074646,True
-B2,loss_motion_v3_prior,34,1262,0.025511477393737075,0.00015506191994063556,0.3672735095024109,True
-B2,loss_motion_v3_prior,35,1262,0.023933222073733787,0.00026567038730718195,0.4144812822341919,True
-B2,loss_motion_v3_prior,36,1262,0.024631927083281924,0.00012396450620144606,0.4790053069591522,True
-B2,loss_motion_v3_prior,37,1262,0.023818158792870442,9.726367716211826e-05,0.4797062277793884,True
-B2,loss_motion_v3_prior,38,1262,0.023699621488106816,0.00031313925865106285,0.4055480360984802,True
-B2,loss_motion_v3_prior,39,1262,0.023332191652345482,0.00011498527601361275,0.3482207953929901,True
-B2,loss_motion_v3_prior,40,1262,0.024514311795996405,0.00021463698067236692,0.3127830922603607,True
-B2,loss_motion_v3_prior,41,1262,0.024902618868048076,7.796158024575561e-05,0.3618010878562927,True
-B2,loss_motion_v3_prior,42,1262,0.024821360297630924,0.00010257963003823534,0.34715262055397034,True
-B2,loss_motion_v3_prior,43,1262,0.023988010206770095,0.00025682264822535217,0.3899678587913513,True
-B2,loss_motion_v3_prior,44,1262,0.023090324524725522,8.978580444818363e-05,0.4376008212566376,True
-B2,loss_motion_v3_prior,45,1262,0.024419299414448356,0.00012581999180838466,0.41135886311531067,True
-B2,loss_motion_v3_prior,46,1262,0.02474410932998338,0.0001368848024867475,0.40838584303855896,True
-B2,loss_motion_v3_prior,47,1262,0.02418337507543928,0.0002124449674738571,0.36489787697792053,True
-B2,loss_motion_v3_prior,48,1262,0.023453361611548467,0.00020404467068146914,0.39707306027412415,True
-B2,loss_motion_v3_prior,49,1262,0.024223661245636605,0.00019219305249862373,0.34440577030181885,True
-B2,loss_motion_v3_prior,50,1262,0.024263453168975362,8.927533781388775e-05,0.4321225583553314,True
-B2,loss_motion_v3_prior,51,1262,0.024280695884723567,0.00029815686866641045,0.35135966539382935,True
-B2,loss_motion_v3_prior,52,1262,0.023681659487360868,0.00017637533892411739,0.4392494857311249,True
-B2,loss_motion_v3_prior,53,1262,0.0243121124214333,0.0003139508480671793,0.32257649302482605,True
-B2,loss_motion_v3_prior,54,1262,0.023899760187695827,7.876422750996426e-05,0.3489129841327667,True
-B2,loss_motion_v3_prior,55,1262,0.02474807396908809,0.00023641034204047173,0.4396565556526184,True
-B2,loss_motion_v3_prior,56,1262,0.023989963820049278,4.6603705413872376e-05,0.38253337144851685,True
-B2,loss_motion_v3_prior,57,1262,0.02433738047125153,0.00014892834587953985,0.44280099868774414,True
-B2,loss_motion_v3_prior,58,1262,0.023936509261650907,0.0002387072890996933,0.39881011843681335,True
-B2,loss_motion_v3_prior,59,1262,0.024174050967258946,0.00012445323227439076,0.43976444005966187,True
-B2,loss_motion_v3_prior,60,1262,0.024290286846945838,0.00011157516564708203,0.3731500804424286,True
-B2,loss_seg,1,1262,0.526839629594951,0.36132895946502686,0.8349079489707947,True
-B2,loss_seg,2,1262,0.43531895987394303,0.22242310643196106,0.7471810579299927,True
-B2,loss_seg,3,1262,0.31531619788302484,0.16265535354614258,0.5714187026023865,True
-B2,loss_seg,4,1262,0.20589247648788708,0.10028675198554993,0.46761220693588257,True
-B2,loss_seg,5,1262,0.1519259634632883,0.06633204966783524,0.41468876600265503,True
-B2,loss_seg,6,1262,0.12537947805412408,0.05119345337152481,0.45885783433914185,True
-B2,loss_seg,7,1262,0.10933722568035315,0.03267639875411987,0.3984532356262207,True
-B2,loss_seg,8,1262,0.09769109420171347,0.03470078483223915,0.3353308439254761,True
-B2,loss_seg,9,1262,0.09071370806521405,0.02475852705538273,0.28936097025871277,True
-B2,loss_seg,10,1262,0.08510234199387572,0.02606201171875,0.3877488374710083,True
-B2,loss_seg,11,1262,0.07988146144347694,0.02271021343767643,0.4356377124786377,True
-B2,loss_seg,12,1262,0.0799552733078599,0.027109995484352112,0.32809141278266907,True
-B2,loss_seg,13,1262,0.07567804357665701,0.023657577112317085,0.24793627858161926,True
-B2,loss_seg,14,1262,0.07243624520849691,0.01987183466553688,0.306282103061676,True
-B2,loss_seg,15,1262,0.06804666278526636,0.019185900688171387,0.28460556268692017,True
-B2,loss_seg,16,1262,0.06799448517973279,0.017473416402935982,0.3651394546031952,True
-B2,loss_seg,17,1262,0.0681069740249219,0.017017433419823647,0.3282046318054199,True
-B2,loss_seg,18,1262,0.06370103550800336,0.01653006672859192,0.21514011919498444,True
-B2,loss_seg,19,1262,0.06081288228868234,0.014571324922144413,0.3035508096218109,True
-B2,loss_seg,20,1262,0.061717646580230795,0.01650361344218254,0.2722659409046173,True
-B2,loss_seg,21,1262,0.05528882480626439,0.012771308422088623,0.25073912739753723,True
-B2,loss_seg,22,1262,0.05333178304283394,0.015634581446647644,0.23561528325080872,True
-B2,loss_seg,23,1262,0.05334097949681706,0.015256225131452084,0.24850820004940033,True
-B2,loss_seg,24,1262,0.05383180473560671,0.014171155169606209,0.2628624439239502,True
-B2,loss_seg,25,1262,0.05280470435113518,0.013270461931824684,0.23243200778961182,True
-B2,loss_seg,26,1262,0.051863939337515035,0.015311440452933311,0.35301274061203003,True
-B2,loss_seg,27,1262,0.05159494990229063,0.011098243296146393,0.19384418427944183,True
-B2,loss_seg,28,1262,0.04958606469068564,0.012055236846208572,0.21294653415679932,True
-B2,loss_seg,29,1262,0.05036831673429526,0.011718017049133778,0.2370695173740387,True
-B2,loss_seg,30,1262,0.05051636966698096,0.013189785182476044,0.22122696042060852,True
-B2,loss_seg,31,1262,0.0495596688422308,0.013920469209551811,0.1978655606508255,True
-B2,loss_seg,32,1262,0.049583315963690096,0.013392169959843159,0.22595739364624023,True
-B2,loss_seg,33,1262,0.04850905220778497,0.015741722658276558,0.3795972466468811,True
-B2,loss_seg,34,1262,0.05035835708138753,0.01374142523854971,0.2502385675907135,True
-B2,loss_seg,35,1262,0.0494673679488314,0.012747467495501041,0.21283045411109924,True
-B2,loss_seg,36,1262,0.04924949823115641,0.0083775594830513,0.4514382481575012,True
-B2,loss_seg,37,1262,0.047664236796875196,0.014430618844926357,0.24666212499141693,True
-B2,loss_seg,38,1262,0.04816834499658028,0.014495555311441422,0.16335347294807434,True
-B2,loss_seg,39,1262,0.04760556483918745,0.011952187865972519,0.2248723953962326,True
-B2,loss_seg,40,1262,0.04705737009216484,0.010671412572264671,0.1987556666135788,True
-B2,loss_seg,41,1262,0.046954939992015034,0.012611005455255508,0.22542600333690643,True
-B2,loss_seg,42,1262,0.04756105403975243,0.014078867621719837,0.2608935236930847,True
-B2,loss_seg,43,1262,0.04690042724198235,0.013600481674075127,0.2592025101184845,True
-B2,loss_seg,44,1262,0.04568487033321745,0.011476336047053337,0.24583972990512848,True
-B2,loss_seg,45,1262,0.047311991068686575,0.011739594861865044,0.20694658160209656,True
-B2,loss_seg,46,1262,0.04780074620542667,0.011133030988276005,0.20109310746192932,True
-B2,loss_seg,47,1262,0.0471623808480563,0.011835677549242973,0.19425278902053833,True
-B2,loss_seg,48,1262,0.04685829846238608,0.012840044684708118,0.2661574184894562,True
-B2,loss_seg,49,1262,0.046774851974460005,0.011550789698958397,0.32426533102989197,True
-B2,loss_seg,50,1262,0.0466986754429475,0.013771421276032925,0.1924082189798355,True
-B2,loss_seg,51,1262,0.04655322561220586,0.011791836470365524,0.18168367445468903,True
-B2,loss_seg,52,1262,0.04715595645283935,0.012811853550374508,0.26169344782829285,True
-B2,loss_seg,53,1262,0.046812553907760825,0.012489334680140018,0.30125680565834045,True
-B2,loss_seg,54,1262,0.04700101179804316,0.01157673355191946,0.2561607360839844,True
-B2,loss_seg,55,1262,0.046485929159527255,0.010963698849081993,0.17852690815925598,True
-B2,loss_seg,56,1262,0.04708776796286816,0.011957444250583649,0.23697061836719513,True
-B2,loss_seg,57,1262,0.0460216502346122,0.013505887240171432,0.19972281157970428,True
-B2,loss_seg,58,1262,0.04611134513985313,0.01322315726429224,0.21313989162445068,True
-B2,loss_seg,59,1262,0.04723848115945037,0.014224420301616192,0.23537389934062958,True
-B2,loss_seg,60,1262,0.04748511046507704,0.011082462966442108,0.2044411152601242,True
-B2,loss_total,1,1262,4.826869635121002,1.9678561687469482,16.651731491088867,True
-B2,loss_total,2,1262,2.214389021914281,0.5745892524719238,5.233171463012695,True
-B2,loss_total,3,1262,1.3174498009653364,0.3735523223876953,4.589773654937744,True
-B2,loss_total,4,1262,0.8830446542230348,0.15923845767974854,4.214853763580322,True
-B2,loss_total,5,1262,0.7330908405398227,0.08322300016880035,4.241592884063721,True
-B2,loss_total,6,1262,0.669180455551189,0.07853253185749054,4.119184970855713,True
-B2,loss_total,7,1262,0.5933192873288022,0.0022295936942100525,3.149789571762085,True
-B2,loss_total,8,1262,0.5693261651159891,0.04052607715129852,3.4716715812683105,True
-B2,loss_total,9,1262,0.5004525687102754,0.006617128849029541,3.342435598373413,True
-B2,loss_total,10,1262,0.46380397282458147,-0.021857142448425293,3.1339659690856934,True
-B2,loss_total,11,1262,0.42693059330307265,-0.018278934061527252,2.8109025955200195,True
-B2,loss_total,12,1262,0.43954963261547914,-0.03838600218296051,4.33344841003418,True
-B2,loss_total,13,1262,0.4131544137169886,-0.06017342954874039,4.583502292633057,True
-B2,loss_total,14,1262,0.3657779594390356,-0.036957625299692154,3.616464376449585,True
-B2,loss_total,15,1262,0.34054567546195535,-0.04028424993157387,3.048813819885254,True
-B2,loss_total,16,1262,0.33149428510073153,-0.07719139009714127,3.3811087608337402,True
-B2,loss_total,17,1262,0.3227007281442546,-0.08609282225370407,2.4985222816467285,True
-B2,loss_total,18,1262,0.30922380272334477,-0.04733948037028313,2.553741216659546,True
-B2,loss_total,19,1262,0.31003333348928463,-0.09112918376922607,3.612532615661621,True
-B2,loss_total,20,1262,0.2969995280757263,-0.06202434375882149,3.5703139305114746,True
-B2,loss_total,21,1262,0.21133401479259156,-0.09474411606788635,2.238718032836914,True
-B2,loss_total,22,1262,0.19438078338295078,-0.11913511902093887,2.6153080463409424,True
-B2,loss_total,23,1262,0.18171120441641228,-0.09888164699077606,2.019336223602295,True
-B2,loss_total,24,1262,0.17773451935204718,-0.10982247442007065,2.5140607357025146,True
-B2,loss_total,25,1262,0.17322669597564003,-0.1128881424665451,2.06016206741333,True
-B2,loss_total,26,1262,0.1706401272315278,-0.1118137314915657,2.491196632385254,True
-B2,loss_total,27,1262,0.16324831480854052,-0.12486514449119568,3.8363723754882812,True
-B2,loss_total,28,1262,0.1552265910476021,-0.11293750256299973,1.9659264087677002,True
-B2,loss_total,29,1262,0.15513106002051696,-0.11938223242759705,1.8323127031326294,True
-B2,loss_total,30,1262,0.15221623167773435,-0.09790541976690292,1.5918288230895996,True
-B2,loss_total,31,1262,0.1538739546900246,-0.1081632673740387,2.5186541080474854,True
-B2,loss_total,32,1262,0.1434874458389029,-0.1266525536775589,2.627246856689453,True
-B2,loss_total,33,1262,0.1435662253070534,-0.11034642159938812,3.384237051010132,True
-B2,loss_total,34,1262,0.15189024120002464,-0.11925208568572998,1.6922988891601562,True
-B2,loss_total,35,1262,0.1386087652983619,-0.11685150861740112,2.0345170497894287,True
-B2,loss_total,36,1262,0.14700157418640453,-0.10567854344844818,1.5431642532348633,True
-B2,loss_total,37,1262,0.14085251405073562,-0.11694084107875824,5.694222927093506,True
-B2,loss_total,38,1262,0.14418037938435227,-0.11143402755260468,1.8193697929382324,True
-B2,loss_total,39,1262,0.126780372821444,-0.10316058993339539,1.5458691120147705,True
-B2,loss_total,40,1262,0.12973805616141876,-0.115168496966362,1.4718236923217773,True
-B2,loss_total,41,1262,0.12535248455043924,-0.12254701554775238,2.53892183303833,True
-B2,loss_total,42,1262,0.12673970913328525,-0.12875667214393616,1.8905245065689087,True
-B2,loss_total,43,1262,0.1167728949054816,-0.1246500238776207,2.8432891368865967,True
-B2,loss_total,44,1262,0.12152432565017944,-0.12266398966312408,2.296375274658203,True
-B2,loss_total,45,1262,0.11665195302090205,-0.12816746532917023,1.9663825035095215,True
-B2,loss_total,46,1262,0.12203324124034017,-0.12670835852622986,1.9315601587295532,True
-B2,loss_total,47,1262,0.12146602691743057,-0.10940395295619965,2.4940149784088135,True
-B2,loss_total,48,1262,0.12143674950822361,-0.12475448846817017,2.4574310779571533,True
-B2,loss_total,49,1262,0.11800917684471031,-0.12487998604774475,2.5168778896331787,True
-B2,loss_total,50,1262,0.11749642359007227,-0.1104482039809227,2.544804811477661,True
-B2,loss_total,51,1262,0.11961905858826288,-0.12147286534309387,1.8491281270980835,True
-B2,loss_total,52,1262,0.12060364509494341,-0.12052558362483978,1.4125902652740479,True
-B2,loss_total,53,1262,0.11532106545566331,-0.1383306086063385,1.727997064590454,True
-B2,loss_total,54,1262,0.12346124042433623,-0.11843420565128326,1.7856842279434204,True
-B2,loss_total,55,1262,0.12408352596316304,-0.11886195838451385,2.039548397064209,True
-B2,loss_total,56,1262,0.11770725823354372,-0.12849080562591553,1.534354567527771,True
-B2,loss_total,57,1262,0.1180690138788212,-0.10973474383354187,2.2080764770507812,True
-B2,loss_total,58,1262,0.11215447018398253,-0.12907172739505768,1.87798273563385,True
-B2,loss_total,59,1262,0.12058897516151473,-0.12638959288597107,1.5016454458236694,True
-B2,loss_total,60,1262,0.11439695419144423,-0.12054939568042755,1.922457218170166,True
-B2,motion_v3_kinematic_rmse,1,1262,0.31126659220636554,0.0682579055428505,2.484645128250122,True
-B2,motion_v3_kinematic_rmse,2,1262,0.31219881137747396,0.06531654298305511,2.3228886127471924,True
-B2,motion_v3_kinematic_rmse,3,1262,0.31147447340603673,0.06353669613599777,2.7771546840667725,True
-B2,motion_v3_kinematic_rmse,4,1262,0.30673731535248067,0.06754351407289505,2.374626398086548,True
-B2,motion_v3_kinematic_rmse,5,1262,0.3084327944756593,0.07685525715351105,2.620518445968628,True
-B2,motion_v3_kinematic_rmse,6,1262,0.31124598797404823,0.07763167470693588,2.508772850036621,True
-B2,motion_v3_kinematic_rmse,7,1262,0.3142562932179866,0.06862092018127441,2.8077852725982666,True
-B2,motion_v3_kinematic_rmse,8,1262,0.31127998401099455,0.07455352693796158,2.6201279163360596,True
-B2,motion_v3_kinematic_rmse,9,1262,0.3155292349021805,0.07832027226686478,2.5664260387420654,True
-B2,motion_v3_kinematic_rmse,10,1262,0.3135185415920006,0.06756703555583954,2.4598333835601807,True
-B2,motion_v3_kinematic_rmse,11,1262,0.3133247160779315,0.07619121670722961,2.3914785385131836,True
-B2,motion_v3_kinematic_rmse,12,1262,0.3090152995286011,0.08030639588832855,2.9144911766052246,True
-B2,motion_v3_kinematic_rmse,13,1262,0.32184832884373643,0.061454080045223236,2.581232786178589,True
-B2,motion_v3_kinematic_rmse,14,1262,0.3102950717834682,0.07241383194923401,2.5635595321655273,True
-B2,motion_v3_kinematic_rmse,15,1262,0.31136765126758825,0.08126065880060196,2.45180344581604,True
-B2,motion_v3_kinematic_rmse,16,1262,0.30944237395200036,0.07695043832063675,2.3910746574401855,True
-B2,motion_v3_kinematic_rmse,17,1262,0.30902249878493804,0.07386805862188339,2.4836792945861816,True
-B2,motion_v3_kinematic_rmse,18,1262,0.3122972799273187,0.0706581249833107,2.4650423526763916,True
-B2,motion_v3_kinematic_rmse,19,1262,0.31431031898372525,0.07575353980064392,2.4601492881774902,True
-B2,motion_v3_kinematic_rmse,20,1262,0.3127147669058216,0.07805924862623215,2.9523191452026367,True
-B2,motion_v3_kinematic_rmse,21,1262,0.3144072282899956,0.06483861804008484,2.639763355255127,True
-B2,motion_v3_kinematic_rmse,22,1262,0.3145840536189013,0.05983631685376167,2.4911792278289795,True
-B2,motion_v3_kinematic_rmse,23,1262,0.312382528821092,0.07531296461820602,2.3424508571624756,True
-B2,motion_v3_kinematic_rmse,24,1262,0.31222468194818914,0.07327553629875183,2.7494218349456787,True
-B2,motion_v3_kinematic_rmse,25,1262,0.3099383863985019,0.06228729709982872,2.5919370651245117,True
-B2,motion_v3_kinematic_rmse,26,1262,0.31620073235238033,0.06736484915018082,2.4284751415252686,True
-B2,motion_v3_kinematic_rmse,27,1262,0.31125952566128146,0.0753646194934845,2.3915367126464844,True
-B2,motion_v3_kinematic_rmse,28,1262,0.3168712553528334,0.07324047386646271,2.4099440574645996,True
-B2,motion_v3_kinematic_rmse,29,1262,0.3081240911928202,0.07975979149341583,2.3468096256256104,True
-B2,motion_v3_kinematic_rmse,30,1262,0.30849720741933573,0.07270236313343048,2.5355546474456787,True
-B2,motion_v3_kinematic_rmse,31,1262,0.3098428986329001,0.07403489947319031,2.598533868789673,True
-B2,motion_v3_kinematic_rmse,32,1262,0.3079083043957947,0.06428953260183334,2.637509822845459,True
-B2,motion_v3_kinematic_rmse,33,1262,0.3140500050374615,0.08079694956541061,2.436249256134033,True
-B2,motion_v3_kinematic_rmse,34,1262,0.323770177602272,0.062052782624959946,2.5959739685058594,True
-B2,motion_v3_kinematic_rmse,35,1262,0.3101882413974277,0.07904661446809769,2.4330544471740723,True
-B2,motion_v3_kinematic_rmse,36,1262,0.3140333995293891,0.06379550695419312,2.4813075065612793,True
-B2,motion_v3_kinematic_rmse,37,1262,0.3097473355261063,0.06977658718824387,2.6547491550445557,True
-B2,motion_v3_kinematic_rmse,38,1262,0.3104995718718803,0.07290036976337433,2.5562798976898193,True
-B2,motion_v3_kinematic_rmse,39,1262,0.30895702165393557,0.06460534036159515,2.540435314178467,True
-B2,motion_v3_kinematic_rmse,40,1262,0.3141282688761381,0.05836067348718643,2.3883965015411377,True
-B2,motion_v3_kinematic_rmse,41,1262,0.3163399562038918,0.07527845352888107,2.350879669189453,True
-B2,motion_v3_kinematic_rmse,42,1262,0.31344818750694514,0.07505759596824646,2.425400733947754,True
-B2,motion_v3_kinematic_rmse,43,1262,0.30952116327504914,0.07982443273067474,2.61631178855896,True
-B2,motion_v3_kinematic_rmse,44,1262,0.30482493972084035,0.07055022567510605,2.461489677429199,True
-B2,motion_v3_kinematic_rmse,45,1262,0.31213509500109354,0.052498456090688705,2.6384778022766113,True
-B2,motion_v3_kinematic_rmse,46,1262,0.3138203523675254,0.07611701637506485,2.5809991359710693,True
-B2,motion_v3_kinematic_rmse,47,1262,0.31194117072550503,0.08316101133823395,2.4740231037139893,True
-B2,motion_v3_kinematic_rmse,48,1262,0.3052077175202158,0.0746954083442688,2.6855809688568115,True
-B2,motion_v3_kinematic_rmse,49,1262,0.3119980053955515,0.07849821448326111,2.4864516258239746,True
-B2,motion_v3_kinematic_rmse,50,1262,0.308867975272439,0.07185100764036179,2.6362321376800537,True
-B2,motion_v3_kinematic_rmse,51,1262,0.31278868291155093,0.06939015537500381,2.4303739070892334,True
-B2,motion_v3_kinematic_rmse,52,1262,0.30706116762573105,0.0637006163597107,2.324507713317871,True
-B2,motion_v3_kinematic_rmse,53,1262,0.31160327685899475,0.0572269931435585,2.429227352142334,True
-B2,motion_v3_kinematic_rmse,54,1262,0.31006510836174106,0.07585768401622772,2.5114200115203857,True
-B2,motion_v3_kinematic_rmse,55,1262,0.3164899395144118,0.0697893351316452,2.4062206745147705,True
-B2,motion_v3_kinematic_rmse,56,1262,0.3099912079124934,0.07238852977752686,2.4767701625823975,True
-B2,motion_v3_kinematic_rmse,57,1262,0.3117734703889173,0.07458770275115967,2.7227783203125,True
-B2,motion_v3_kinematic_rmse,58,1262,0.31086521983595355,0.07782553136348724,2.5254340171813965,True
-B2,motion_v3_kinematic_rmse,59,1262,0.3107423386086375,0.06303360313177109,2.5296413898468018,True
-B2,motion_v3_kinematic_rmse,60,1262,0.3130560636508578,0.06834911555051804,2.539402484893799,True
-B2,motion_v3_prior_rmse,1,1262,0.31351033682018375,0.05124656856060028,2.405229091644287,True
-B2,motion_v3_prior_rmse,2,1262,0.319001584031904,0.053729891777038574,2.2076852321624756,True
-B2,motion_v3_prior_rmse,3,1262,0.31284968331810414,0.045354750007390976,2.709803819656372,True
-B2,motion_v3_prior_rmse,4,1262,0.2960023412159194,0.047717347741127014,2.306664228439331,True
-B2,motion_v3_prior_rmse,5,1262,0.2950197378743186,0.04510292783379555,2.4859893321990967,True
-B2,motion_v3_prior_rmse,6,1262,0.29636858232177665,0.039826083928346634,2.409789562225342,True
-B2,motion_v3_prior_rmse,7,1262,0.29770030547966575,0.028771307319402695,2.6858906745910645,True
-B2,motion_v3_prior_rmse,8,1262,0.2937187730820286,0.030595390126109123,2.438459873199463,True
-B2,motion_v3_prior_rmse,9,1262,0.29511927066905136,0.030177904292941093,2.2514424324035645,True
-B2,motion_v3_prior_rmse,10,1262,0.29299001119995455,0.03385959565639496,2.1605606079101562,True
-B2,motion_v3_prior_rmse,11,1262,0.2941838819740219,0.03190905600786209,2.0459113121032715,True
-B2,motion_v3_prior_rmse,12,1262,0.2882777493928224,0.01971064880490303,2.4977362155914307,True
-B2,motion_v3_prior_rmse,13,1262,0.2983355163943418,0.028110045939683914,2.440796375274658,True
-B2,motion_v3_prior_rmse,14,1262,0.28643568084470444,0.031434472650289536,2.2275922298431396,True
-B2,motion_v3_prior_rmse,15,1262,0.28787052650048905,0.015506335534155369,2.0824167728424072,True
-B2,motion_v3_prior_rmse,16,1262,0.28371559720037715,0.02455476112663746,2.0474212169647217,True
-B2,motion_v3_prior_rmse,17,1262,0.283716063459423,0.035263657569885254,2.071945905685425,True
-B2,motion_v3_prior_rmse,18,1262,0.2856714092283591,0.028230905532836914,2.0517773628234863,True
-B2,motion_v3_prior_rmse,19,1262,0.28701275388271846,0.023212460801005363,2.0657436847686768,True
-B2,motion_v3_prior_rmse,20,1262,0.28603379543510554,0.033503249287605286,2.57497239112854,True
-B2,motion_v3_prior_rmse,21,1262,0.28497340966889817,0.020916594192385674,2.163837432861328,True
-B2,motion_v3_prior_rmse,22,1262,0.2844710531238638,0.02696879394352436,2.123159170150757,True
-B2,motion_v3_prior_rmse,23,1262,0.28220282875668556,0.019287806004285812,1.9669920206069946,True
-B2,motion_v3_prior_rmse,24,1262,0.2841203375608792,0.028265347704291344,2.520014762878418,True
-B2,motion_v3_prior_rmse,25,1262,0.2814240540538674,0.02386477217078209,2.1411752700805664,True
-B2,motion_v3_prior_rmse,26,1262,0.2849420817737156,0.03623780980706215,2.061136484146118,True
-B2,motion_v3_prior_rmse,27,1262,0.28143789338482256,0.03414236754179001,2.2655978202819824,True
-B2,motion_v3_prior_rmse,28,1262,0.28759697229319536,0.0321769118309021,2.0216705799102783,True
-B2,motion_v3_prior_rmse,29,1262,0.2778970870350247,0.020804375410079956,2.1299660205841064,True
-B2,motion_v3_prior_rmse,30,1262,0.2796707531900725,0.021556060761213303,2.0676770210266113,True
-B2,motion_v3_prior_rmse,31,1262,0.2803932660496934,0.021237315610051155,2.159365653991699,True
-B2,motion_v3_prior_rmse,32,1262,0.2768727924509443,0.018793316558003426,2.2467103004455566,True
-B2,motion_v3_prior_rmse,33,1262,0.28571540609934915,0.03379302844405174,2.0258946418762207,True
-B2,motion_v3_prior_rmse,34,1262,0.2900532642689352,0.024904772639274597,2.1527860164642334,True
-B2,motion_v3_prior_rmse,35,1262,0.28088252627469373,0.03259879723191261,2.2644176483154297,True
-B2,motion_v3_prior_rmse,36,1262,0.2841169798876588,0.022267870604991913,2.406219482421875,True
-B2,motion_v3_prior_rmse,37,1262,0.27841449046297895,0.019724469631910324,2.3001489639282227,True
-B2,motion_v3_prior_rmse,38,1262,0.27832723259866804,0.03539148345589638,2.1763107776641846,True
-B2,motion_v3_prior_rmse,39,1262,0.2777876239786553,0.021446237340569496,2.1094253063201904,True
-B2,motion_v3_prior_rmse,40,1262,0.2852318109723071,0.029300987720489502,1.9650863409042358,True
-B2,motion_v3_prior_rmse,41,1262,0.28501908032580764,0.017659170553088188,2.0081546306610107,True
-B2,motion_v3_prior_rmse,42,1262,0.28462436238212274,0.020256318151950836,2.0257489681243896,True
-B2,motion_v3_prior_rmse,43,1262,0.27758064877578364,0.03205137327313423,2.1129980087280273,True
-B2,motion_v3_prior_rmse,44,1262,0.2729355310032324,0.01895107515156269,2.1771163940429688,True
-B2,motion_v3_prior_rmse,45,1262,0.2820763639698363,0.022433903068304062,2.231583595275879,True
-B2,motion_v3_prior_rmse,46,1262,0.28254977771318657,0.023399557918310165,2.1675238609313965,True
-B2,motion_v3_prior_rmse,47,1262,0.2805296091108971,0.029150981456041336,2.0676980018615723,True
-B2,motion_v3_prior_rmse,48,1262,0.2759857253361901,0.028568841516971588,2.2578420639038086,True
-B2,motion_v3_prior_rmse,49,1262,0.28061157541730325,0.02772674150764942,2.0636425018310547,True
-B2,motion_v3_prior_rmse,50,1262,0.2805988120738706,0.018897125497460365,2.2222845554351807,True
-B2,motion_v3_prior_rmse,51,1262,0.2821614207130179,0.03453443944454193,2.0286974906921387,True
-B2,motion_v3_prior_rmse,52,1262,0.27605435630917646,0.026561275124549866,2.1996500492095947,True
-B2,motion_v3_prior_rmse,53,1262,0.28198070105064876,0.035437315702438354,2.0250062942504883,True
-B2,motion_v3_prior_rmse,54,1262,0.2808215883036517,0.017749842256307602,2.0867018699645996,True
-B2,motion_v3_prior_rmse,55,1262,0.2856575537475915,0.03075128234922886,2.1537184715270996,True
-B2,motion_v3_prior_rmse,56,1262,0.27912421666510795,0.013653382658958435,2.112936019897461,True
-B2,motion_v3_prior_rmse,57,1262,0.2817999378507942,0.024407239630818367,2.3114371299743652,True
-B2,motion_v3_prior_rmse,58,1262,0.27680412176612723,0.03090031072497368,2.182267427444458,True
-B2,motion_v3_prior_rmse,59,1262,0.2797254471229345,0.022311720997095108,2.281660556793213,True
-B2,motion_v3_prior_rmse,60,1262,0.2805206537668825,0.021125828847289085,2.0945844650268555,True
-B2,motion_v3_sigma_parallel_mean,1,1262,0.21369583761281144,0.10600925981998444,0.47900357842445374,True
-B2,motion_v3_sigma_parallel_mean,2,1262,0.2518678167849637,0.1064571812748909,0.644870400428772,True
-B2,motion_v3_sigma_parallel_mean,3,1262,0.25411467024504475,0.10097869485616684,0.6178977489471436,True
-B2,motion_v3_sigma_parallel_mean,4,1262,0.2442165201621369,0.10055417567491531,0.5515134930610657,True
-B2,motion_v3_sigma_parallel_mean,5,1262,0.23623239758487927,0.10020002722740173,0.5302325487136841,True
-B2,motion_v3_sigma_parallel_mean,6,1262,0.23219031938565704,0.116426981985569,0.4577784836292267,True
-B2,motion_v3_sigma_parallel_mean,7,1262,0.23526683238389565,0.10037471354007721,0.5310443043708801,True
-B2,motion_v3_sigma_parallel_mean,8,1262,0.22928680597602283,0.1003374233841896,0.5267648696899414,True
-B2,motion_v3_sigma_parallel_mean,9,1262,0.2277581656083063,0.10021047294139862,0.47683432698249817,True
-B2,motion_v3_sigma_parallel_mean,10,1262,0.22518199499218286,0.11647803336381912,0.5570799708366394,True
-B2,motion_v3_sigma_parallel_mean,11,1262,0.2240925811514518,0.10101691633462906,0.5176777839660645,True
-B2,motion_v3_sigma_parallel_mean,12,1262,0.22002395375287853,0.10001221299171448,0.5274963974952698,True
-B2,motion_v3_sigma_parallel_mean,13,1262,0.22275684043623378,0.1000722274184227,0.60107421875,True
-B2,motion_v3_sigma_parallel_mean,14,1262,0.21956653009787225,0.10005221515893936,0.6568179726600647,True
-B2,motion_v3_sigma_parallel_mean,15,1262,0.22345538606214826,0.11149168014526367,0.5350589752197266,True
-B2,motion_v3_sigma_parallel_mean,16,1262,0.22581978455162274,0.10002338886260986,0.5660197734832764,True
-B2,motion_v3_sigma_parallel_mean,17,1262,0.2232426236045625,0.10000196099281311,0.4948427081108093,True
-B2,motion_v3_sigma_parallel_mean,18,1262,0.2231371693502043,0.10005756467580795,0.558864951133728,True
-B2,motion_v3_sigma_parallel_mean,19,1262,0.22032263947033845,0.10000517964363098,0.5908975601196289,True
-B2,motion_v3_sigma_parallel_mean,20,1262,0.22510783277487414,0.10004909336566925,0.5646998882293701,True
-B2,motion_v3_sigma_parallel_mean,21,1262,0.22188409864194042,0.11186792701482773,0.47946247458457947,True
-B2,motion_v3_sigma_parallel_mean,22,1262,0.22310787781766023,0.10000458359718323,0.5283932089805603,True
-B2,motion_v3_sigma_parallel_mean,23,1262,0.22208029678218338,0.10001777112483978,0.5144140720367432,True
-B2,motion_v3_sigma_parallel_mean,24,1262,0.2222271463678775,0.11172513663768768,0.5400650501251221,True
-B2,motion_v3_sigma_parallel_mean,25,1262,0.22255403680723934,0.10117208957672119,0.49956104159355164,True
-B2,motion_v3_sigma_parallel_mean,26,1262,0.2192269419091156,0.10000208765268326,0.5103956460952759,True
-B2,motion_v3_sigma_parallel_mean,27,1262,0.22128244819453136,0.11189549416303635,0.5463805794715881,True
-B2,motion_v3_sigma_parallel_mean,28,1262,0.22277987501606134,0.10905539989471436,0.7175966501235962,True
-B2,motion_v3_sigma_parallel_mean,29,1262,0.22101825560707297,0.10000087320804596,0.5948880314826965,True
-B2,motion_v3_sigma_parallel_mean,30,1262,0.2208621968853209,0.10000965744256973,0.5599542260169983,True
-B2,motion_v3_sigma_parallel_mean,31,1262,0.2207154847043913,0.10000690072774887,0.6521565914154053,True
-B2,motion_v3_sigma_parallel_mean,32,1262,0.22028255263098445,0.10000208020210266,0.49040406942367554,True
-B2,motion_v3_sigma_parallel_mean,33,1262,0.2208245265904206,0.1000070795416832,0.49196717143058777,True
-B2,motion_v3_sigma_parallel_mean,34,1262,0.22216685846589634,0.11147432774305344,0.5708343982696533,True
-B2,motion_v3_sigma_parallel_mean,35,1262,0.22211691848166204,0.10000448673963547,0.46527960896492004,True
-B2,motion_v3_sigma_parallel_mean,36,1262,0.22171626253003363,0.10023190081119537,0.6106569766998291,True
-B2,motion_v3_sigma_parallel_mean,37,1262,0.2194112414012998,0.10030953586101532,0.5481871366500854,True
-B2,motion_v3_sigma_parallel_mean,38,1262,0.22022397884074746,0.1003040224313736,0.5316377878189087,True
-B2,motion_v3_sigma_parallel_mean,39,1262,0.2198345893064127,0.10000256448984146,0.5259382724761963,True
-B2,motion_v3_sigma_parallel_mean,40,1262,0.2228188506089942,0.10008488595485687,0.6070443987846375,True
-B2,motion_v3_sigma_parallel_mean,41,1262,0.2186431451840843,0.10003732144832611,0.610279381275177,True
-B2,motion_v3_sigma_parallel_mean,42,1262,0.220212218300004,0.10002284497022629,0.6267740726470947,True
-B2,motion_v3_sigma_parallel_mean,43,1262,0.22068548379628292,0.100006103515625,0.5955826044082642,True
-B2,motion_v3_sigma_parallel_mean,44,1262,0.21908145332369486,0.10003983974456787,0.582482635974884,True
-B2,motion_v3_sigma_parallel_mean,45,1262,0.22000705408265964,0.11428645253181458,0.5672332644462585,True
-B2,motion_v3_sigma_parallel_mean,46,1262,0.22047254585449932,0.10000407695770264,0.5054734945297241,True
-B2,motion_v3_sigma_parallel_mean,47,1262,0.22069857875844567,0.1000962182879448,0.6652184724807739,True
-B2,motion_v3_sigma_parallel_mean,48,1262,0.22008739986859865,0.10000063478946686,0.5184462666511536,True
-B2,motion_v3_sigma_parallel_mean,49,1262,0.2202990456600858,0.10969378054141998,0.5838291645050049,True
-B2,motion_v3_sigma_parallel_mean,50,1262,0.22024256786222315,0.10000104457139969,0.6000370979309082,True
-B2,motion_v3_sigma_parallel_mean,51,1262,0.22093086971911688,0.11279252916574478,0.5418121218681335,True
-B2,motion_v3_sigma_parallel_mean,52,1262,0.2206741472419865,0.1000077873468399,0.5783488750457764,True
-B2,motion_v3_sigma_parallel_mean,53,1262,0.2220648687905536,0.10059016197919846,0.7030137777328491,True
-B2,motion_v3_sigma_parallel_mean,54,1262,0.22076520280655704,0.10000353306531906,0.568486213684082,True
-B2,motion_v3_sigma_parallel_mean,55,1262,0.22108545229311224,0.10372524708509445,0.5221530199050903,True
-B2,motion_v3_sigma_parallel_mean,56,1262,0.21959847175824662,0.10002482682466507,0.5427772998809814,True
-B2,motion_v3_sigma_parallel_mean,57,1262,0.22054233792254174,0.10000286996364594,0.5531052350997925,True
-B2,motion_v3_sigma_parallel_mean,58,1262,0.21939746617515188,0.11350125074386597,0.548947274684906,True
-B2,motion_v3_sigma_parallel_mean,59,1262,0.2203790391079503,0.10010059922933578,0.5969242453575134,True
-B2,motion_v3_sigma_parallel_mean,60,1262,0.22018940479932989,0.11215298622846603,0.5161717534065247,True
-B2,motion_v3_sigma_perpendicular_mean,1,1262,0.15617751401573088,0.10384567081928253,0.26192349195480347,True
-B2,motion_v3_sigma_perpendicular_mean,2,1262,0.1651326473418582,0.1016593724489212,0.3157631754875183,True
-B2,motion_v3_sigma_perpendicular_mean,3,1262,0.15971406936503818,0.1004895344376564,0.2775421738624573,True
-B2,motion_v3_sigma_perpendicular_mean,4,1262,0.15593337167272855,0.10019361227750778,0.27860745787620544,True
-B2,motion_v3_sigma_perpendicular_mean,5,1262,0.15086641129572684,0.10014383494853973,0.2496248185634613,True
-B2,motion_v3_sigma_perpendicular_mean,6,1262,0.14636574095785146,0.10590812563896179,0.2183821201324463,True
-B2,motion_v3_sigma_perpendicular_mean,7,1262,0.1447910263355107,0.10010704398155212,0.23375549912452698,True
-B2,motion_v3_sigma_perpendicular_mean,8,1262,0.13861216335496887,0.10013966262340546,0.22293256223201752,True
-B2,motion_v3_sigma_perpendicular_mean,9,1262,0.13475439061075686,0.10003037750720978,0.22876913845539093,True
-B2,motion_v3_sigma_perpendicular_mean,10,1262,0.13107106334599186,0.10393024981021881,0.2584550380706787,True
-B2,motion_v3_sigma_perpendicular_mean,11,1262,0.12921579313212075,0.10014969110488892,0.2462836354970932,True
-B2,motion_v3_sigma_perpendicular_mean,12,1262,0.12997048612678108,0.1000082865357399,0.25826558470726013,True
-B2,motion_v3_sigma_perpendicular_mean,13,1262,0.12911985534731824,0.10002361238002777,0.2763981521129608,True
-B2,motion_v3_sigma_perpendicular_mean,14,1262,0.12812108067107844,0.10001997649669647,0.34328606724739075,True
-B2,motion_v3_sigma_perpendicular_mean,15,1262,0.12877690024591285,0.10074041783809662,0.29020142555236816,True
-B2,motion_v3_sigma_perpendicular_mean,16,1262,0.1282937311568842,0.1000269204378128,0.28818777203559875,True
-B2,motion_v3_sigma_perpendicular_mean,17,1262,0.12799468154763646,0.1000022366642952,0.2764504849910736,True
-B2,motion_v3_sigma_perpendicular_mean,18,1262,0.12818354336919763,0.1000588983297348,0.28204718232154846,True
-B2,motion_v3_sigma_perpendicular_mean,19,1262,0.12847269905019676,0.10000524669885635,0.31012704968452454,True
-B2,motion_v3_sigma_perpendicular_mean,20,1262,0.12936958939828888,0.10006500780582428,0.30368947982788086,True
-B2,motion_v3_sigma_perpendicular_mean,21,1262,0.12690842473398298,0.10031664371490479,0.2768162190914154,True
-B2,motion_v3_sigma_perpendicular_mean,22,1262,0.12769530439622429,0.10000693053007126,0.2896490693092346,True
-B2,motion_v3_sigma_perpendicular_mean,23,1262,0.12731030211443,0.10001777112483978,0.2870292067527771,True
-B2,motion_v3_sigma_perpendicular_mean,24,1262,0.1282996343369057,0.10047371685504913,0.2875328063964844,True
-B2,motion_v3_sigma_perpendicular_mean,25,1262,0.12759694888621048,0.10043389350175858,0.27765828371047974,True
-B2,motion_v3_sigma_perpendicular_mean,26,1262,0.1268327851527372,0.10000412911176682,0.2872791290283203,True
-B2,motion_v3_sigma_perpendicular_mean,27,1262,0.12728110700845718,0.10036002844572067,0.3077729642391205,True
-B2,motion_v3_sigma_perpendicular_mean,28,1262,0.12852583546929428,0.10023818910121918,0.349833607673645,True
-B2,motion_v3_sigma_perpendicular_mean,29,1262,0.1270185022211963,0.10000104457139969,0.2813928723335266,True
-B2,motion_v3_sigma_perpendicular_mean,30,1262,0.12702198650115265,0.10000890493392944,0.3113580048084259,True
-B2,motion_v3_sigma_perpendicular_mean,31,1262,0.12725154316368648,0.10000871121883392,0.35003921389579773,True
-B2,motion_v3_sigma_perpendicular_mean,32,1262,0.12686724117743042,0.10000214725732803,0.26387014985084534,True
-B2,motion_v3_sigma_perpendicular_mean,33,1262,0.1274625955772381,0.10000709444284439,0.2888883650302887,True
-B2,motion_v3_sigma_perpendicular_mean,34,1262,0.1276673680487223,0.10046405345201492,0.30264297127723694,True
-B2,motion_v3_sigma_perpendicular_mean,35,1262,0.12784125689541104,0.10000455379486084,0.26841866970062256,True
-B2,motion_v3_sigma_perpendicular_mean,36,1262,0.12819647301938947,0.1002175360918045,0.33631032705307007,True
-B2,motion_v3_sigma_perpendicular_mean,37,1262,0.12711427626443553,0.10006766766309738,0.2880931794643402,True
-B2,motion_v3_sigma_perpendicular_mean,38,1262,0.12712836394266547,0.10025700181722641,0.3033060133457184,True
-B2,motion_v3_sigma_perpendicular_mean,39,1262,0.12709638107385007,0.10000265389680862,0.27669984102249146,True
-B2,motion_v3_sigma_perpendicular_mean,40,1262,0.1286305549381841,0.10003294050693512,0.31282517313957214,True
-B2,motion_v3_sigma_perpendicular_mean,41,1262,0.12614835736160232,0.10002253204584122,0.3020326495170593,True
-B2,motion_v3_sigma_perpendicular_mean,42,1262,0.1273642943053257,0.10001753270626068,0.3502623438835144,True
-B2,motion_v3_sigma_perpendicular_mean,43,1262,0.12719880446508267,0.10000642389059067,0.319221556186676,True
-B2,motion_v3_sigma_perpendicular_mean,44,1262,0.1266123976103855,0.10001977533102036,0.32186925411224365,True
-B2,motion_v3_sigma_perpendicular_mean,45,1262,0.12692701053789412,0.10057099908590317,0.3023865818977356,True
-B2,motion_v3_sigma_perpendicular_mean,46,1262,0.12697422426495045,0.10000421106815338,0.2884689271450043,True
-B2,motion_v3_sigma_perpendicular_mean,47,1262,0.1272386531102015,0.1000242605805397,0.33828336000442505,True
-B2,motion_v3_sigma_perpendicular_mean,48,1262,0.12693089650568984,0.10000211745500565,0.28395840525627136,True
-B2,motion_v3_sigma_perpendicular_mean,49,1262,0.1270174488141873,0.10033555328845978,0.334768146276474,True
-B2,motion_v3_sigma_perpendicular_mean,50,1262,0.12768772186596306,0.10000132024288177,0.3293444812297821,True
-B2,motion_v3_sigma_perpendicular_mean,51,1262,0.12735607644481062,0.10059899836778641,0.30411770939826965,True
-B2,motion_v3_sigma_perpendicular_mean,52,1262,0.127223506859148,0.10000871121883392,0.2982196509838104,True
-B2,motion_v3_sigma_perpendicular_mean,53,1262,0.12797703687249198,0.1001419946551323,0.35608452558517456,True
-B2,motion_v3_sigma_perpendicular_mean,54,1262,0.12728480370080603,0.10000452399253845,0.3065052926540375,True
-B2,motion_v3_sigma_perpendicular_mean,55,1262,0.1275144903470427,0.10011553019285202,0.2946558892726898,True
-B2,motion_v3_sigma_perpendicular_mean,56,1262,0.12711389097731957,0.1000160425901413,0.29883939027786255,True
-B2,motion_v3_sigma_perpendicular_mean,57,1262,0.12723813252597338,0.10000289976596832,0.30702877044677734,True
-B2,motion_v3_sigma_perpendicular_mean,58,1262,0.12693385381942318,0.10055786371231079,0.29883360862731934,True
-B2,motion_v3_sigma_perpendicular_mean,59,1262,0.1270593582828147,0.10003454983234406,0.32329750061035156,True
-B2,motion_v3_sigma_perpendicular_mean,60,1262,0.12715016020884037,0.10046210885047913,0.27602553367614746,True
-B2,search_has_usable_points_mean,1,1262,0.8292888272583201,0.4375,1.0,True
-B2,search_has_usable_points_mean,2,1262,0.8262183042789224,0.5,1.0,True
-B2,search_has_usable_points_mean,3,1262,0.8278526148969889,0.5,1.0,True
-B2,search_has_usable_points_mean,4,1262,0.8258716323296355,0.5,1.0,True
-B2,search_has_usable_points_mean,5,1262,0.8274564183835182,0.5,1.0,True
-B2,search_has_usable_points_mean,6,1262,0.8287935816164818,0.5,1.0,True
-B2,search_has_usable_points_mean,7,1262,0.8302793185419969,0.3125,1.0,True
-B2,search_has_usable_points_mean,8,1262,0.8257725832012678,0.4375,1.0,True
-B2,search_has_usable_points_mean,9,1262,0.8279021394611727,0.5,1.0,True
-B2,search_has_usable_points_mean,10,1262,0.8281002377179081,0.5,1.0,True
-B2,search_has_usable_points_mean,11,1262,0.8286945324881141,0.5,1.0,True
-B2,search_has_usable_points_mean,12,1262,0.8268125990491284,0.5,1.0,True
-B2,search_has_usable_points_mean,13,1262,0.8280507131537242,0.5,1.0,True
-B2,search_has_usable_points_mean,14,1262,0.8279021394611727,0.4375,1.0,True
-B2,search_has_usable_points_mean,15,1262,0.830526941362916,0.4375,1.0,True
-B2,search_has_usable_points_mean,16,1262,0.8300316957210776,0.5,1.0,True
-B2,search_has_usable_points_mean,17,1262,0.8299821711568938,0.5,1.0,True
-B2,search_has_usable_points_mean,18,1262,0.8268125990491284,0.5,1.0,True
-B2,search_has_usable_points_mean,19,1262,0.8268125990491284,0.4375,1.0,True
-B2,search_has_usable_points_mean,20,1262,0.8263668779714739,0.5,1.0,True
-B2,search_has_usable_points_mean,21,1262,0.8268621236133122,0.375,1.0,True
-B2,search_has_usable_points_mean,22,1262,0.8262183042789224,0.5,1.0,True
-B2,search_has_usable_points_mean,23,1262,0.8261192551505546,0.4375,1.0,True
-B2,search_has_usable_points_mean,24,1262,0.8279516640253566,0.4375,1.0,True
-B2,search_has_usable_points_mean,25,1262,0.8282983359746434,0.4375,1.0,True
-B2,search_has_usable_points_mean,26,1262,0.8279021394611727,0.375,1.0,True
-B2,search_has_usable_points_mean,27,1262,0.8282488114104596,0.4375,1.0,True
-B2,search_has_usable_points_mean,28,1262,0.8265649762282092,0.5,1.0,True
-B2,search_has_usable_points_mean,29,1262,0.8285954833597464,0.4375,1.0,True
-B2,search_has_usable_points_mean,30,1262,0.8271592709984152,0.5,1.0,True
-B2,search_has_usable_points_mean,31,1262,0.8275554675118859,0.4375,1.0,True
-B2,search_has_usable_points_mean,32,1262,0.8265154516640254,0.5,1.0,True
-B2,search_has_usable_points_mean,33,1262,0.8275059429477021,0.375,1.0,True
-B2,search_has_usable_points_mean,34,1262,0.8265649762282092,0.5,1.0,True
-B2,search_has_usable_points_mean,35,1262,0.8264164025356577,0.5,1.0,True
-B2,search_has_usable_points_mean,36,1262,0.8262678288431062,0.5,1.0,True
-B2,search_has_usable_points_mean,37,1262,0.8290412044374009,0.5,1.0,True
-B2,search_has_usable_points_mean,38,1262,0.8272087955625991,0.5625,1.0,True
-B2,search_has_usable_points_mean,39,1262,0.8261687797147385,0.4375,1.0,True
-B2,search_has_usable_points_mean,40,1262,0.8292393026941363,0.5,1.0,True
-B2,search_has_usable_points_mean,41,1262,0.8276049920760697,0.375,1.0,True
-B2,search_has_usable_points_mean,42,1262,0.8272087955625991,0.5,1.0,True
-B2,search_has_usable_points_mean,43,1262,0.8270106973058637,0.4375,1.0,True
-B2,search_has_usable_points_mean,44,1262,0.825723058637084,0.5,1.0,True
-B2,search_has_usable_points_mean,45,1262,0.8266640253565769,0.5,1.0,True
-B2,search_has_usable_points_mean,46,1262,0.8280011885895404,0.4375,1.0,True
-B2,search_has_usable_points_mean,47,1262,0.8288431061806656,0.4375,1.0,True
-B2,search_has_usable_points_mean,48,1262,0.8281002377179081,0.5,1.0,True
-B2,search_has_usable_points_mean,49,1262,0.8289421553090333,0.5,1.0,True
-B2,search_has_usable_points_mean,50,1262,0.8284964342313788,0.4375,1.0,True
-B2,search_has_usable_points_mean,51,1262,0.8276049920760697,0.4375,1.0,True
-B2,search_has_usable_points_mean,52,1262,0.8288431061806656,0.5,1.0,True
-B2,search_has_usable_points_mean,53,1262,0.8265154516640254,0.4375,1.0,True
-B2,search_has_usable_points_mean,54,1262,0.8287440570522979,0.375,1.0,True
-B2,search_has_usable_points_mean,55,1262,0.8271097464342314,0.4375,1.0,True
-B2,search_has_usable_points_mean,56,1262,0.8280011885895404,0.4375,1.0,True
-B2,search_has_usable_points_mean,57,1262,0.8273573692551506,0.5,1.0,True
-B2,search_has_usable_points_mean,58,1262,0.8269116481774961,0.3125,1.0,True
-B2,search_has_usable_points_mean,59,1262,0.8293878763866878,0.5,1.0,True
-B2,search_has_usable_points_mean,60,1262,0.8271097464342314,0.5,1.0,True
-B2,trajectory_search_valid_mean,1,1262,0.25921156893819336,0.0,0.8125,True
-B2,trajectory_search_valid_mean,2,1262,0.2549029318541997,0.0,0.625,True
-B2,trajectory_search_valid_mean,3,1262,0.25797345483359746,0.0,0.625,True
-B2,trajectory_search_valid_mean,4,1262,0.2566362916006339,0.0,0.625,True
-B2,trajectory_search_valid_mean,5,1262,0.25539817749603805,0.0,0.625,True
-B2,trajectory_search_valid_mean,6,1262,0.2557448494453249,0.0,0.6875,True
-B2,trajectory_search_valid_mean,7,1262,0.25782488114104596,0.0,0.75,True
-B2,trajectory_search_valid_mean,8,1262,0.2558934231378764,0.0,0.625,True
-B2,trajectory_search_valid_mean,9,1262,0.25921156893819336,0.0,0.625,True
-B2,trajectory_search_valid_mean,10,1262,0.2560419968304279,0.0,0.625,True
-B2,trajectory_search_valid_mean,11,1262,0.25643819334389856,0.0,0.625,True
-B2,trajectory_search_valid_mean,12,1262,0.25767630744849446,0.0,0.625,True
-B2,trajectory_search_valid_mean,13,1262,0.26084587955625993,0.0,0.75,True
-B2,trajectory_search_valid_mean,14,1262,0.2575772583201268,0.0,0.6875,True
-B2,trajectory_search_valid_mean,15,1262,0.25782488114104596,0.0,0.625,True
-B2,trajectory_search_valid_mean,16,1262,0.2566858161648177,0.0,0.625,True
-B2,trajectory_search_valid_mean,17,1262,0.2568343898573692,0.0,0.75,True
-B2,trajectory_search_valid_mean,18,1262,0.2566858161648177,0.0,0.625,True
-B2,trajectory_search_valid_mean,19,1262,0.25866679873217113,0.0,0.6875,True
-B2,trajectory_search_valid_mean,20,1262,0.25708201267828845,0.0,0.6875,True
-B2,trajectory_search_valid_mean,21,1262,0.2573296354992076,0.0,0.5625,True
-B2,trajectory_search_valid_mean,22,1262,0.2549029318541997,0.0,0.625,True
-B2,trajectory_search_valid_mean,23,1262,0.25495245641838354,0.0,0.625,True
-B2,trajectory_search_valid_mean,24,1262,0.2580229793977813,0.0,0.75,True
-B2,trajectory_search_valid_mean,25,1262,0.25693343898573695,0.0,0.625,True
-B2,trajectory_search_valid_mean,26,1262,0.2558934231378764,0.0,0.625,True
-B2,trajectory_search_valid_mean,27,1262,0.25614104595879555,0.0,0.625,True
-B2,trajectory_search_valid_mean,28,1262,0.2559429477020602,0.0,0.625,True
-B2,trajectory_search_valid_mean,29,1262,0.25866679873217113,0.0,0.625,True
-B2,trajectory_search_valid_mean,30,1262,0.2587658478605388,0.0,0.6875,True
-B2,trajectory_search_valid_mean,31,1262,0.25584389857369255,0.0,0.625,True
-B2,trajectory_search_valid_mean,32,1262,0.2561905705229794,0.0,0.6875,True
-B2,trajectory_search_valid_mean,33,1262,0.2571315372424723,0.0,0.6875,True
-B2,trajectory_search_valid_mean,34,1262,0.2573296354992076,0.0,0.625,True
-B2,trajectory_search_valid_mean,35,1262,0.2571810618066561,0.0,0.625,True
-B2,trajectory_search_valid_mean,36,1262,0.25312004754358164,0.0,0.625,True
-B2,trajectory_search_valid_mean,37,1262,0.2571810618066561,0.0,0.625,True
-B2,trajectory_search_valid_mean,38,1262,0.2583201267828843,0.0,0.625,True
-B2,trajectory_search_valid_mean,39,1262,0.2580229793977813,0.0,0.625,True
-B2,trajectory_search_valid_mean,40,1262,0.25841917591125196,0.0,0.625,True
-B2,trajectory_search_valid_mean,41,1262,0.2551505546751189,0.0,0.625,True
-B2,trajectory_search_valid_mean,42,1262,0.2557448494453249,0.0,0.6875,True
-B2,trajectory_search_valid_mean,43,1262,0.2578744057052298,0.0,0.75,True
-B2,trajectory_search_valid_mean,44,1262,0.2544076862123613,0.0,0.625,True
-B2,trajectory_search_valid_mean,45,1262,0.2566362916006339,0.0,0.625,True
-B2,trajectory_search_valid_mean,46,1262,0.2580229793977813,0.0,0.6875,True
-B2,trajectory_search_valid_mean,47,1262,0.25723058637083995,0.0,0.625,True
-B2,trajectory_search_valid_mean,48,1262,0.25980586370839936,0.0,0.6875,True
-B2,trajectory_search_valid_mean,49,1262,0.2575772583201268,0.0,0.625,True
-B2,trajectory_search_valid_mean,50,1262,0.2559429477020602,0.0,0.625,True
-B2,trajectory_search_valid_mean,51,1262,0.2568343898573692,0.0,0.625,True
-B2,trajectory_search_valid_mean,52,1262,0.25767630744849446,0.0,0.6875,True
-B2,trajectory_search_valid_mean,53,1262,0.25822107765451663,0.0,0.625,True
-B2,trajectory_search_valid_mean,54,1262,0.2575772583201268,0.0,0.625,True
-B2,trajectory_search_valid_mean,55,1262,0.25737916006339145,0.0,0.625,True
-B2,trajectory_search_valid_mean,56,1262,0.2568343898573692,0.0,0.625,True
-B2,trajectory_search_valid_mean,57,1262,0.25812202852614896,0.0,0.625,True
-B2,trajectory_search_valid_mean,58,1262,0.2568343898573692,0.0,0.6875,True
-B2,trajectory_search_valid_mean,59,1262,0.26119255150554677,0.0,0.625,True
-B2,trajectory_search_valid_mean,60,1262,0.25856774960380347,0.0,0.6875,True
-B3,ct_candidate_valid_rate,1,1262,0.8405309033280507,0.4375,1.0,True
-B3,ct_candidate_valid_rate,2,1262,0.8375099049128367,0.5,1.0,True
-B3,ct_candidate_valid_rate,3,1262,0.8392927892234548,0.5,1.0,True
-B3,ct_candidate_valid_rate,4,1262,0.8376089540412044,0.5,1.0,True
-B3,ct_candidate_valid_rate,5,1262,0.839243264659271,0.5,1.0,True
-B3,ct_candidate_valid_rate,6,1262,0.8399861331220285,0.5,1.0,True
-B3,ct_candidate_valid_rate,7,1262,0.841323296354992,0.375,1.0,True
-B3,ct_candidate_valid_rate,8,1262,0.8373613312202852,0.4375,1.0,True
-B3,ct_candidate_valid_rate,9,1262,0.8385499207606973,0.5,1.0,True
-B3,ct_candidate_valid_rate,10,1262,0.8385499207606973,0.5,1.0,True
-B3,ct_candidate_valid_rate,11,1262,0.8402337559429477,0.5,1.0,True
-B3,ct_candidate_valid_rate,12,1262,0.8384013470681458,0.5,1.0,True
-B3,ct_candidate_valid_rate,13,1262,0.839243264659271,0.5,1.0,True
-B3,ct_candidate_valid_rate,14,1262,0.8391937400950872,0.4375,1.0,True
-B3,ct_candidate_valid_rate,15,1262,0.841323296354992,0.5,1.0,True
-B3,ct_candidate_valid_rate,16,1262,0.8407785261489699,0.5,1.0,True
-B3,ct_candidate_valid_rate,17,1262,0.8414223454833597,0.5,1.0,True
-B3,ct_candidate_valid_rate,18,1262,0.837410855784469,0.5,1.0,True
-B3,ct_candidate_valid_rate,19,1262,0.8382527733755943,0.5,1.0,True
-B3,ct_candidate_valid_rate,20,1262,0.8369156101426307,0.5,1.0,True
-B3,ct_candidate_valid_rate,21,1262,0.8385003961965135,0.4375,1.0,True
-B3,ct_candidate_valid_rate,22,1262,0.8375099049128367,0.5,1.0,True
-B3,ct_candidate_valid_rate,23,1262,0.8377080031695721,0.4375,1.0,True
-B3,ct_candidate_valid_rate,24,1262,0.8393918383518225,0.4375,1.0,True
-B3,ct_candidate_valid_rate,25,1262,0.8399366085578447,0.4375,1.0,True
-B3,ct_candidate_valid_rate,26,1262,0.8389956418383518,0.375,1.0,True
-B3,ct_candidate_valid_rate,27,1262,0.8399861331220285,0.4375,1.0,True
-B3,ct_candidate_valid_rate,28,1262,0.8384013470681458,0.5,1.0,True
-B3,ct_candidate_valid_rate,29,1262,0.839837559429477,0.4375,1.0,True
-B3,ct_candidate_valid_rate,30,1262,0.8385499207606973,0.5,1.0,True
-B3,ct_candidate_valid_rate,31,1262,0.8390946909667195,0.5,1.0,True
-B3,ct_candidate_valid_rate,32,1262,0.8378565768621236,0.5,1.0,True
-B3,ct_candidate_valid_rate,33,1262,0.8385003961965135,0.375,1.0,True
-B3,ct_candidate_valid_rate,34,1262,0.8371632329635499,0.5625,1.0,True
-B3,ct_candidate_valid_rate,35,1262,0.8385994453248812,0.5,1.0,True
-B3,ct_candidate_valid_rate,36,1262,0.838054675118859,0.5,1.0,True
-B3,ct_candidate_valid_rate,37,1262,0.8397385103011094,0.5,1.0,True
-B3,ct_candidate_valid_rate,38,1262,0.8381041996830428,0.5625,1.0,True
-B3,ct_candidate_valid_rate,39,1262,0.837410855784469,0.4375,1.0,True
-B3,ct_candidate_valid_rate,40,1262,0.8406794770206022,0.5625,1.0,True
-B3,ct_candidate_valid_rate,41,1262,0.8385003961965135,0.375,1.0,True
-B3,ct_candidate_valid_rate,42,1262,0.8381041996830428,0.5,1.0,True
-B3,ct_candidate_valid_rate,43,1262,0.8380051505546752,0.4375,1.0,True
-B3,ct_candidate_valid_rate,44,1262,0.8367175118858954,0.5,1.0,True
-B3,ct_candidate_valid_rate,45,1262,0.8379556259904913,0.5,1.0,True
-B3,ct_candidate_valid_rate,46,1262,0.8391442155309033,0.4375,1.0,True
-B3,ct_candidate_valid_rate,47,1262,0.839837559429477,0.4375,1.0,True
-B3,ct_candidate_valid_rate,48,1262,0.8387480190174327,0.5,1.0,True
-B3,ct_candidate_valid_rate,49,1262,0.8399861331220285,0.5,1.0,True
-B3,ct_candidate_valid_rate,50,1262,0.839243264659271,0.4375,1.0,True
-B3,ct_candidate_valid_rate,51,1262,0.838351822503962,0.4375,1.0,True
-B3,ct_candidate_valid_rate,52,1262,0.84013470681458,0.5,1.0,True
-B3,ct_candidate_valid_rate,53,1262,0.837410855784469,0.5,1.0,True
-B3,ct_candidate_valid_rate,54,1262,0.8394908874801902,0.375,1.0,True
-B3,ct_candidate_valid_rate,55,1262,0.8376089540412044,0.4375,1.0,True
-B3,ct_candidate_valid_rate,56,1262,0.8385994453248812,0.5,1.0,True
-B3,ct_candidate_valid_rate,57,1262,0.8389956418383518,0.5,1.0,True
-B3,ct_candidate_valid_rate,58,1262,0.8388470681458003,0.3125,1.0,True
-B3,ct_candidate_valid_rate,59,1262,0.8397880348652932,0.5,1.0,True
-B3,ct_candidate_valid_rate,60,1262,0.8372127575277337,0.5,1.0,True
-B3,ct_final_rmse,1,1262,0.691655635727472,0.21403692662715912,3.270967960357666,True
-B3,ct_final_rmse,2,1262,0.4718489450315477,0.1701470911502838,1.3492786884307861,True
-B3,ct_final_rmse,3,1262,0.4347319469068394,0.1658555567264557,1.4532378911972046,True
-B3,ct_final_rmse,4,1262,0.4131672397940737,0.17562219500541687,1.3540260791778564,True
-B3,ct_final_rmse,5,1262,0.40104798484953763,0.1417352855205536,1.6467297077178955,True
-B3,ct_final_rmse,6,1262,0.38970493883036206,0.16904684901237488,1.218592643737793,True
-B3,ct_final_rmse,7,1262,0.37933483451793765,0.16686028242111206,1.2052772045135498,True
-B3,ct_final_rmse,8,1262,0.37767070187063867,0.14351123571395874,1.3549072742462158,True
-B3,ct_final_rmse,9,1262,0.3666044347070854,0.1327064037322998,1.2125086784362793,True
-B3,ct_final_rmse,10,1262,0.3573424422703152,0.1440514475107193,1.4674041271209717,True
-B3,ct_final_rmse,11,1262,0.3533538377204712,0.13526706397533417,1.010656714439392,True
-B3,ct_final_rmse,12,1262,0.3514289843204849,0.14088687300682068,1.3992397785186768,True
-B3,ct_final_rmse,13,1262,0.3448142206234335,0.143958181142807,1.2620357275009155,True
-B3,ct_final_rmse,14,1262,0.3306365063068606,0.12807819247245789,1.1874167919158936,True
-B3,ct_final_rmse,15,1262,0.3297344516673481,0.12822085618972778,1.3857922554016113,True
-B3,ct_final_rmse,16,1262,0.3237090576705766,0.12598916888237,1.2034096717834473,True
-B3,ct_final_rmse,17,1262,0.32075041063755705,0.14613069593906403,1.3903717994689941,True
-B3,ct_final_rmse,18,1262,0.3174190380848153,0.13243833184242249,1.106087565422058,True
-B3,ct_final_rmse,19,1262,0.3106539112924585,0.14335156977176666,1.1319791078567505,True
-B3,ct_final_rmse,20,1262,0.3162990630074462,0.12343244254589081,1.3276495933532715,True
-B3,ct_final_rmse,21,1262,0.2836632433092065,0.11991310864686966,1.01887047290802,True
-B3,ct_final_rmse,22,1262,0.2808717783959656,0.1299193799495697,1.1216497421264648,True
-B3,ct_final_rmse,23,1262,0.2783521560689349,0.12894950807094574,0.9832916855812073,True
-B3,ct_final_rmse,24,1262,0.276339559259392,0.11769740283489227,0.9176950454711914,True
-B3,ct_final_rmse,25,1262,0.27505635855078886,0.10519580543041229,1.2417452335357666,True
-B3,ct_final_rmse,26,1262,0.2743717747815721,0.11556422710418701,1.213362216949463,True
-B3,ct_final_rmse,27,1262,0.27116201761903364,0.11736295372247696,1.0602773427963257,True
-B3,ct_final_rmse,28,1262,0.270083119357728,0.12393032014369965,0.8530997633934021,True
-B3,ct_final_rmse,29,1262,0.27110658784392516,0.12568610906600952,1.6571002006530762,True
-B3,ct_final_rmse,30,1262,0.2712814220760118,0.10980276018381119,0.9675154089927673,True
-B3,ct_final_rmse,31,1262,0.26793030572083976,0.12042933702468872,1.237037181854248,True
-B3,ct_final_rmse,32,1262,0.2657849043902901,0.11018107086420059,1.1065102815628052,True
-B3,ct_final_rmse,33,1262,0.26760597706502287,0.10517637431621552,1.8263483047485352,True
-B3,ct_final_rmse,34,1262,0.2683197761961095,0.11133016645908356,1.045764684677124,True
-B3,ct_final_rmse,35,1262,0.26406163941897604,0.12625953555107117,0.9881157875061035,True
-B3,ct_final_rmse,36,1262,0.26885072316637887,0.12512533366680145,1.2001657485961914,True
-B3,ct_final_rmse,37,1262,0.267003435033437,0.13179942965507507,1.4726595878601074,True
-B3,ct_final_rmse,38,1262,0.26931608010160185,0.12401434779167175,1.1363813877105713,True
-B3,ct_final_rmse,39,1262,0.2653153239854164,0.11979138851165771,1.1274666786193848,True
-B3,ct_final_rmse,40,1262,0.26140797687266404,0.12755706906318665,0.8125492334365845,True
-B3,ct_final_rmse,41,1262,0.26278008334633857,0.11520388722419739,1.2765902280807495,True
-B3,ct_final_rmse,42,1262,0.26134484942571484,0.0902148187160492,1.1387124061584473,True
-B3,ct_final_rmse,43,1262,0.25580054438317257,0.10393397510051727,1.0498050451278687,True
-B3,ct_final_rmse,44,1262,0.2601553300859055,0.11988860368728638,1.1540623903274536,True
-B3,ct_final_rmse,45,1262,0.25713975706894876,0.11630745232105255,0.9118005633354187,True
-B3,ct_final_rmse,46,1262,0.2595195637192288,0.09989601373672485,0.9740968346595764,True
-B3,ct_final_rmse,47,1262,0.2579917903109889,0.10177688300609589,1.0032696723937988,True
-B3,ct_final_rmse,48,1262,0.25814916581954517,0.11993387341499329,1.084836721420288,True
-B3,ct_final_rmse,49,1262,0.25964147656589226,0.09626929461956024,0.9758716821670532,True
-B3,ct_final_rmse,50,1262,0.25810736707056003,0.12180228531360626,0.9154506325721741,True
-B3,ct_final_rmse,51,1262,0.2591328488075412,0.10464006662368774,0.9466688632965088,True
-B3,ct_final_rmse,52,1262,0.26059807590821465,0.10495121031999588,0.8988238573074341,True
-B3,ct_final_rmse,53,1262,0.25685190927774515,0.11164234578609467,1.107473611831665,True
-B3,ct_final_rmse,54,1262,0.26206018195359154,0.107291579246521,0.9119524359703064,True
-B3,ct_final_rmse,55,1262,0.2607582808367424,0.12196473777294159,1.0313761234283447,True
-B3,ct_final_rmse,56,1262,0.25983657257516296,0.12028475850820541,0.9702714085578918,True
-B3,ct_final_rmse,57,1262,0.2594041314843906,0.12862244248390198,1.127683401107788,True
-B3,ct_final_rmse,58,1262,0.2570201572910447,0.12120141834020615,0.9948396682739258,True
-B3,ct_final_rmse,59,1262,0.25906225540062705,0.11436063796281815,0.9129745364189148,True
-B3,ct_final_rmse,60,1262,0.25900483467334234,0.1224861815571785,0.9248467683792114,True
-B3,ct_foreground_points,1,1262,29.181656101426306,4.8125,78.4375,True
-B3,ct_foreground_points,2,1262,28.81314381933439,5.375,72.25,True
-B3,ct_foreground_points,3,1262,29.0082706022187,5.0,73.1875,True
-B3,ct_foreground_points,4,1262,28.888866877971473,5.0625,87.8125,True
-B3,ct_foreground_points,5,1262,29.07661450079239,4.1875,63.5625,True
-B3,ct_foreground_points,6,1262,28.818740095087165,3.4375,72.8125,True
-B3,ct_foreground_points,7,1262,29.133963946117273,6.0,75.0625,True
-B3,ct_foreground_points,8,1262,28.910162440570524,3.8125,78.875,True
-B3,ct_foreground_points,9,1262,29.20463549920761,2.5,69.6875,True
-B3,ct_foreground_points,10,1262,28.92150356576862,4.3125,70.0,True
-B3,ct_foreground_points,11,1262,29.002080031695723,3.625,73.0625,True
-B3,ct_foreground_points,12,1262,28.922494057052297,3.625,62.75,True
-B3,ct_foreground_points,13,1262,29.154368066561013,4.0625,72.125,True
-B3,ct_foreground_points,14,1262,28.95493264659271,4.75,67.6875,True
-B3,ct_foreground_points,15,1262,29.073444928684626,5.0,70.8125,True
-B3,ct_foreground_points,16,1262,29.219344294770206,5.5625,68.875,True
-B3,ct_foreground_points,17,1262,29.147583201267828,5.4375,75.5625,True
-B3,ct_foreground_points,18,1262,28.88247820919176,4.6875,76.625,True
-B3,ct_foreground_points,19,1262,28.925663629160063,5.875,71.375,True
-B3,ct_foreground_points,20,1262,29.18452852614897,3.6875,67.75,True
-B3,ct_foreground_points,21,1262,29.01703645007924,5.875,73.8125,True
-B3,ct_foreground_points,22,1262,28.92175118858954,5.25,65.125,True
-B3,ct_foreground_points,23,1262,28.842016640253565,5.4375,70.0,True
-B3,ct_foreground_points,24,1262,29.2518324088748,4.375,70.6875,True
-B3,ct_foreground_points,25,1262,28.995938985736924,3.5625,74.4375,True
-B3,ct_foreground_points,26,1262,28.820522979397783,5.1875,70.3125,True
-B3,ct_foreground_points,27,1262,29.250049524564183,7.6875,78.25,True
-B3,ct_foreground_points,28,1262,28.949336370839937,2.8125,73.4375,True
-B3,ct_foreground_points,29,1262,29.39178882725832,6.375,67.375,True
-B3,ct_foreground_points,30,1262,29.092363312202853,4.5,70.0625,True
-B3,ct_foreground_points,31,1262,28.943591521394612,4.3125,65.125,True
-B3,ct_foreground_points,32,1262,28.93002179080824,2.9375,74.875,True
-B3,ct_foreground_points,33,1262,29.1513470681458,5.375,69.8125,True
-B3,ct_foreground_points,34,1262,29.046404516640255,5.5625,68.4375,True
-B3,ct_foreground_points,35,1262,29.124554278922346,6.1875,74.875,True
-B3,ct_foreground_points,36,1262,28.90545760697306,6.6875,66.875,True
-B3,ct_foreground_points,37,1262,28.99083795562599,6.375,81.5625,True
-B3,ct_foreground_points,38,1262,29.04803882725832,5.625,70.875,True
-B3,ct_foreground_points,39,1262,29.168730190174326,3.625,67.5625,True
-B3,ct_foreground_points,40,1262,28.957062202852615,3.9375,73.5,True
-B3,ct_foreground_points,41,1262,28.877377179080824,3.9375,70.25,True
-B3,ct_foreground_points,42,1262,29.01198494453249,5.5,70.6875,True
-B3,ct_foreground_points,43,1262,29.183191362916006,5.375,71.625,True
-B3,ct_foreground_points,44,1262,28.892977416798733,4.6875,68.5625,True
-B3,ct_foreground_points,45,1262,28.949534469096672,4.8125,76.8125,True
-B3,ct_foreground_points,46,1262,29.17536648177496,4.875,73.375,True
-B3,ct_foreground_points,47,1262,29.006784865293184,5.5,75.3125,True
-B3,ct_foreground_points,48,1262,29.099197702060223,5.0625,69.125,True
-B3,ct_foreground_points,49,1262,29.102713946117273,5.25,73.25,True
-B3,ct_foreground_points,50,1262,29.026495641838352,5.375,76.5,True
-B3,ct_foreground_points,51,1262,29.026941362916006,5.875,76.375,True
-B3,ct_foreground_points,52,1262,29.084488906497622,3.8125,76.625,True
-B3,ct_foreground_points,53,1262,29.14064976228209,5.4375,75.125,True
-B3,ct_foreground_points,54,1262,29.10449683042789,3.5625,65.75,True
-B3,ct_foreground_points,55,1262,29.03382527733756,4.4375,68.625,True
-B3,ct_foreground_points,56,1262,29.02000792393027,5.25,66.125,True
-B3,ct_foreground_points,57,1262,28.957458399366086,4.25,75.0,True
-B3,ct_foreground_points,58,1262,28.873415213946117,3.5625,78.0,True
-B3,ct_foreground_points,59,1262,29.342759508716323,6.5625,70.125,True
-B3,ct_foreground_points,60,1262,29.114055071315374,6.0,70.5625,True
-B3,ct_motion_residual_saturation,1,1262,0.0,0.0,0.0,True
-B3,ct_motion_residual_saturation,2,1262,0.0,0.0,0.0,True
-B3,ct_motion_residual_saturation,3,1262,0.0,0.0,0.0,True
-B3,ct_motion_residual_saturation,4,1262,0.0,0.0,0.0,True
-B3,ct_motion_residual_saturation,5,1262,0.0,0.0,0.0,True
-B3,ct_motion_residual_saturation,6,1262,0.0,0.0,0.0,True
-B3,ct_motion_residual_saturation,7,1262,0.0,0.0,0.0,True
-B3,ct_motion_residual_saturation,8,1262,0.0,0.0,0.0,True
-B3,ct_motion_residual_saturation,9,1262,0.0,0.0,0.0,True
-B3,ct_motion_residual_saturation,10,1262,7.428684627575278e-05,0.0,0.03125,True
-B3,ct_motion_residual_saturation,11,1262,0.00022286053882725833,0.0,0.03125,True
-B3,ct_motion_residual_saturation,12,1262,0.0003466719492868463,0.0,0.03125,True
-B3,ct_motion_residual_saturation,13,1262,0.0005942947702060222,0.0,0.03125,True
-B3,ct_motion_residual_saturation,14,1262,0.0006685816164817749,0.0,0.0625,True
-B3,ct_motion_residual_saturation,15,1262,0.0008914421553090333,0.0,0.0625,True
-B3,ct_motion_residual_saturation,16,1262,0.0011638272583201269,0.0,0.03125,True
-B3,ct_motion_residual_saturation,17,1262,0.0011390649762282091,0.0,0.0625,True
-B3,ct_motion_residual_saturation,18,1262,0.0012628763866877972,0.0,0.09375,True
-B3,ct_motion_residual_saturation,19,1262,0.0016838351822503963,0.0,0.0625,True
-B3,ct_motion_residual_saturation,20,1262,0.0016838351822503963,0.0,0.09375,True
-B3,ct_motion_residual_saturation,21,1262,0.0018076465927099842,0.0,0.09375,True
-B3,ct_motion_residual_saturation,22,1262,0.0017828843106180666,0.0,0.0625,True
-B3,ct_motion_residual_saturation,23,1262,0.0019066957210776545,0.0,0.0625,True
-B3,ct_motion_residual_saturation,24,1262,0.0017828843106180666,0.0,0.125,True
-B3,ct_motion_residual_saturation,25,1262,0.001634310618066561,0.0,0.09375,True
-B3,ct_motion_residual_saturation,26,1262,0.0021543185419968303,0.0,0.0625,True
-B3,ct_motion_residual_saturation,27,1262,0.0017581220285261489,0.0,0.125,True
-B3,ct_motion_residual_saturation,28,1262,0.0017085974643423138,0.0,0.0625,True
-B3,ct_motion_residual_saturation,29,1262,0.0016590729001584785,0.0,0.09375,True
-B3,ct_motion_residual_saturation,30,1262,0.0017828843106180666,0.0,0.125,True
-B3,ct_motion_residual_saturation,31,1262,0.0018324088748019017,0.0,0.09375,True
-B3,ct_motion_residual_saturation,32,1262,0.0017333597464342313,0.0,0.09375,True
-B3,ct_motion_residual_saturation,33,1262,0.0019066957210776545,0.0,0.09375,True
-B3,ct_motion_residual_saturation,34,1262,0.0019562202852614896,0.0,0.125,True
-B3,ct_motion_residual_saturation,35,1262,0.0018571711568938192,0.0,0.09375,True
-B3,ct_motion_residual_saturation,36,1262,0.001881933438985737,0.0,0.0625,True
-B3,ct_motion_residual_saturation,37,1262,0.0017333597464342313,0.0,0.0625,True
-B3,ct_motion_residual_saturation,38,1262,0.001881933438985737,0.0,0.09375,True
-B3,ct_motion_residual_saturation,39,1262,0.0017333597464342313,0.0,0.125,True
-B3,ct_motion_residual_saturation,40,1262,0.0017828843106180666,0.0,0.09375,True
-B3,ct_motion_residual_saturation,41,1262,0.001634310618066561,0.0,0.0625,True
-B3,ct_motion_residual_saturation,42,1262,0.001881933438985737,0.0,0.09375,True
-B3,ct_motion_residual_saturation,43,1262,0.0017333597464342313,0.0,0.0625,True
-B3,ct_motion_residual_saturation,44,1262,0.001634310618066561,0.0,0.09375,True
-B3,ct_motion_residual_saturation,45,1262,0.0017581220285261489,0.0,0.0625,True
-B3,ct_motion_residual_saturation,46,1262,0.0020057448494453247,0.0,0.09375,True
-B3,ct_motion_residual_saturation,47,1262,0.0017581220285261489,0.0,0.0625,True
-B3,ct_motion_residual_saturation,48,1262,0.0017828843106180666,0.0,0.09375,True
-B3,ct_motion_residual_saturation,49,1262,0.001931458003169572,0.0,0.0625,True
-B3,ct_motion_residual_saturation,50,1262,0.0016838351822503963,0.0,0.0625,True
-B3,ct_motion_residual_saturation,51,1262,0.0020057448494453247,0.0,0.09375,True
-B3,ct_motion_residual_saturation,52,1262,0.0017828843106180666,0.0,0.09375,True
-B3,ct_motion_residual_saturation,53,1262,0.0018324088748019017,0.0,0.0625,True
-B3,ct_motion_residual_saturation,54,1262,0.001931458003169572,0.0,0.0625,True
-B3,ct_motion_residual_saturation,55,1262,0.0020305071315372424,0.0,0.0625,True
-B3,ct_motion_residual_saturation,56,1262,0.001881933438985737,0.0,0.125,True
-B3,ct_motion_residual_saturation,57,1262,0.0017828843106180666,0.0,0.0625,True
-B3,ct_motion_residual_saturation,58,1262,0.0018571711568938192,0.0,0.125,True
-B3,ct_motion_residual_saturation,59,1262,0.0017333597464342313,0.0,0.0625,True
-B3,ct_motion_residual_saturation,60,1262,0.0018076465927099842,0.0,0.0625,True
-B3,ct_observation_rmse,1,1262,0.9301633169600023,0.3235972821712494,3.669496774673462,True
-B3,ct_observation_rmse,2,1262,0.6163849646665404,0.24181810021400452,1.5241434574127197,True
-B3,ct_observation_rmse,3,1262,0.5461379343705774,0.22190028429031372,1.581295371055603,True
-B3,ct_observation_rmse,4,1262,0.5027748643879656,0.18754956126213074,1.6443902254104614,True
-B3,ct_observation_rmse,5,1262,0.481516258959347,0.19155007600784302,1.6334584951400757,True
-B3,ct_observation_rmse,6,1262,0.46409463850565835,0.16518595814704895,1.3984698057174683,True
-B3,ct_observation_rmse,7,1262,0.4481106332123941,0.16556860506534576,1.4148755073547363,True
-B3,ct_observation_rmse,8,1262,0.4437913463322561,0.19318315386772156,1.465673565864563,True
-B3,ct_observation_rmse,9,1262,0.4233262719211601,0.1626916527748108,1.558186650276184,True
-B3,ct_observation_rmse,10,1262,0.4102096996977099,0.17179279029369354,1.6263660192489624,True
-B3,ct_observation_rmse,11,1262,0.4024690034579362,0.1831941157579422,1.073166847229004,True
-B3,ct_observation_rmse,12,1262,0.39994110006443484,0.1749536544084549,1.4099458456039429,True
-B3,ct_observation_rmse,13,1262,0.39149032194291356,0.15683819353580475,1.3331806659698486,True
-B3,ct_observation_rmse,14,1262,0.36899005373712573,0.15685094892978668,1.3525537252426147,True
-B3,ct_observation_rmse,15,1262,0.37248739857586743,0.15004654228687286,1.6215170621871948,True
-B3,ct_observation_rmse,16,1262,0.36093319306023147,0.10439527779817581,1.3236992359161377,True
-B3,ct_observation_rmse,17,1262,0.3574382003438076,0.16121837496757507,1.5466378927230835,True
-B3,ct_observation_rmse,18,1262,0.3511513877429788,0.1477179229259491,1.0973724126815796,True
-B3,ct_observation_rmse,19,1262,0.34268786141828955,0.14267346262931824,1.2185888290405273,True
-B3,ct_observation_rmse,20,1262,0.35222571105851236,0.15124696493148804,1.502421259880066,True
-B3,ct_observation_rmse,21,1262,0.29542932324052423,0.13659191131591797,1.0599918365478516,True
-B3,ct_observation_rmse,22,1262,0.2894074748345487,0.12795022130012512,1.120143175125122,True
-B3,ct_observation_rmse,23,1262,0.28258427935054675,0.12314380705356598,0.9387668371200562,True
-B3,ct_observation_rmse,24,1262,0.28132967019185023,0.13161997497081757,0.8865635395050049,True
-B3,ct_observation_rmse,25,1262,0.27790533994485384,0.1318943351507187,1.431074857711792,True
-B3,ct_observation_rmse,26,1262,0.2778803610645837,0.13067159056663513,1.2906103134155273,True
-B3,ct_observation_rmse,27,1262,0.27262839279395845,0.12438173592090607,1.0776598453521729,True
-B3,ct_observation_rmse,28,1262,0.271708413805051,0.12814080715179443,0.8394439220428467,True
-B3,ct_observation_rmse,29,1262,0.27197749106281344,0.12953510880470276,1.937518835067749,True
-B3,ct_observation_rmse,30,1262,0.27087717308484244,0.11150743067264557,1.2158215045928955,True
-B3,ct_observation_rmse,31,1262,0.2667272849784789,0.13521970808506012,1.4235165119171143,True
-B3,ct_observation_rmse,32,1262,0.2638373527138622,0.12618350982666016,1.1011725664138794,True
-B3,ct_observation_rmse,33,1262,0.26530367938326394,0.11884646862745285,2.3245434761047363,True
-B3,ct_observation_rmse,34,1262,0.26568563883495405,0.1416267454624176,1.0575997829437256,True
-B3,ct_observation_rmse,35,1262,0.26067886433066734,0.0998564213514328,1.2847299575805664,True
-B3,ct_observation_rmse,36,1262,0.2648699541772508,0.11500956118106842,1.228015422821045,True
-B3,ct_observation_rmse,37,1262,0.2631727580140491,0.11612806469202042,1.6707340478897095,True
-B3,ct_observation_rmse,38,1262,0.26386490487825665,0.13051626086235046,1.183617115020752,True
-B3,ct_observation_rmse,39,1262,0.25938618599943425,0.1293426752090454,1.1083189249038696,True
-B3,ct_observation_rmse,40,1262,0.25668152754686524,0.12519656121730804,0.8107606172561646,True
-B3,ct_observation_rmse,41,1262,0.2534486424006675,0.12696105241775513,1.3266899585723877,True
-B3,ct_observation_rmse,42,1262,0.25412163851567193,0.13248269259929657,1.1529409885406494,True
-B3,ct_observation_rmse,43,1262,0.24833269667606536,0.10565051436424255,1.3201829195022583,True
-B3,ct_observation_rmse,44,1262,0.2524722659762612,0.13038279116153717,1.1173757314682007,True
-B3,ct_observation_rmse,45,1262,0.2486492756948985,0.0994340032339096,0.8495314121246338,True
-B3,ct_observation_rmse,46,1262,0.25160892931198353,0.06645480543375015,1.0012125968933105,True
-B3,ct_observation_rmse,47,1262,0.25151973532988037,0.08905556797981262,1.0144925117492676,True
-B3,ct_observation_rmse,48,1262,0.25055969941020956,0.12920573353767395,1.158935308456421,True
-B3,ct_observation_rmse,49,1262,0.2508918884521713,0.11912272870540619,0.9993255138397217,True
-B3,ct_observation_rmse,50,1262,0.2489557626602578,0.11925108730792999,0.8723170757293701,True
-B3,ct_observation_rmse,51,1262,0.2496704203792495,0.12085976451635361,0.9426344633102417,True
-B3,ct_observation_rmse,52,1262,0.2523227838619292,0.12458349019289017,0.977180004119873,True
-B3,ct_observation_rmse,53,1262,0.24749830634393707,0.1041145920753479,1.060977816581726,True
-B3,ct_observation_rmse,54,1262,0.2518487170858164,0.13582807779312134,1.0325207710266113,True
-B3,ct_observation_rmse,55,1262,0.25131894021092804,0.08924023807048798,0.9589641094207764,True
-B3,ct_observation_rmse,56,1262,0.24995719683954343,0.12017211318016052,1.1291849613189697,True
-B3,ct_observation_rmse,57,1262,0.24898611632560966,0.12243105471134186,1.1166142225265503,True
-B3,ct_observation_rmse,58,1262,0.2476949563660259,0.12638631463050842,0.9593249559402466,True
-B3,ct_observation_rmse,59,1262,0.2502399747113796,0.13146212697029114,1.1730339527130127,True
-B3,ct_observation_rmse,60,1262,0.24864246092866604,0.12763237953186035,0.952040433883667,True
-B3,ct_query_gate_mean,1,1262,0.3084979754283717,0.034655578434467316,0.5753365755081177,True
-B3,ct_query_gate_mean,2,1262,0.4025214326622558,0.21670669317245483,0.5210192799568176,True
-B3,ct_query_gate_mean,3,1262,0.40003090393146506,0.21845021843910217,0.5123451948165894,True
-B3,ct_query_gate_mean,4,1262,0.40198590073929347,0.20718643069267273,0.5093006491661072,True
-B3,ct_query_gate_mean,5,1262,0.4006718305867939,0.22845835983753204,0.509385347366333,True
-B3,ct_query_gate_mean,6,1262,0.40299652131914904,0.21450595557689667,0.5180635452270508,True
-B3,ct_query_gate_mean,7,1262,0.4029665966466565,0.2124878615140915,0.5547852516174316,True
-B3,ct_query_gate_mean,8,1262,0.40622728263661145,0.24412177503108978,0.524318277835846,True
-B3,ct_query_gate_mean,9,1262,0.407817373787261,0.1882544308900833,0.526140570640564,True
-B3,ct_query_gate_mean,10,1262,0.4137993922749336,0.25380030274391174,0.5285542011260986,True
-B3,ct_query_gate_mean,11,1262,0.4159199777642256,0.2194797396659851,0.5304321050643921,True
-B3,ct_query_gate_mean,12,1262,0.41553931018535384,0.24962246417999268,0.5294125080108643,True
-B3,ct_query_gate_mean,13,1262,0.4196227707452895,0.22608786821365356,0.5351506471633911,True
-B3,ct_query_gate_mean,14,1262,0.4216520651915183,0.19871926307678223,0.5301007032394409,True
-B3,ct_query_gate_mean,15,1262,0.4196353715308684,0.2600805163383484,0.5396478176116943,True
-B3,ct_query_gate_mean,16,1262,0.4210911794032801,0.22332432866096497,0.5408481359481812,True
-B3,ct_query_gate_mean,17,1262,0.419640568777234,0.19198690354824066,0.5311462879180908,True
-B3,ct_query_gate_mean,18,1262,0.42063422933244476,0.25248274207115173,0.5423619151115417,True
-B3,ct_query_gate_mean,19,1262,0.4216099182134952,0.256254106760025,0.5395790934562683,True
-B3,ct_query_gate_mean,20,1262,0.4227256000561495,0.24448081851005554,0.5464764833450317,True
-B3,ct_query_gate_mean,21,1262,0.4262251802816066,0.23486332595348358,0.5378222465515137,True
-B3,ct_query_gate_mean,22,1262,0.4219889224945271,0.2604600489139557,0.5465319752693176,True
-B3,ct_query_gate_mean,23,1262,0.4244982521809791,0.2278311848640442,0.5331929922103882,True
-B3,ct_query_gate_mean,24,1262,0.42498187352379224,0.21446490287780762,0.532806932926178,True
-B3,ct_query_gate_mean,25,1262,0.42212910255898384,0.23046700656414032,0.5369632244110107,True
-B3,ct_query_gate_mean,26,1262,0.4221511867056747,0.24829478561878204,0.5470209121704102,True
-B3,ct_query_gate_mean,27,1262,0.42220979258300007,0.2566138505935669,0.5381895303726196,True
-B3,ct_query_gate_mean,28,1262,0.42356743702514427,0.22779500484466553,0.5327939987182617,True
-B3,ct_query_gate_mean,29,1262,0.4248372757963824,0.22427400946617126,0.5308323502540588,True
-B3,ct_query_gate_mean,30,1262,0.42250098238467415,0.2539593279361725,0.5330811738967896,True
-B3,ct_query_gate_mean,31,1262,0.424313968316122,0.2561848759651184,0.5413350462913513,True
-B3,ct_query_gate_mean,32,1262,0.4248971681799828,0.2315359264612198,0.5364222526550293,True
-B3,ct_query_gate_mean,33,1262,0.42538330206874814,0.2550389766693115,0.5423167943954468,True
-B3,ct_query_gate_mean,34,1262,0.42262378229911657,0.22460345923900604,0.5382863879203796,True
-B3,ct_query_gate_mean,35,1262,0.42255416425113257,0.1978350281715393,0.5413143038749695,True
-B3,ct_query_gate_mean,36,1262,0.4234491418781447,0.25173717737197876,0.5406152009963989,True
-B3,ct_query_gate_mean,37,1262,0.42444805426614596,0.24379710853099823,0.5386385917663574,True
-B3,ct_query_gate_mean,38,1262,0.42379708099289665,0.2573474645614624,0.5396443605422974,True
-B3,ct_query_gate_mean,39,1262,0.42432745530752675,0.2528223395347595,0.5399603843688965,True
-B3,ct_query_gate_mean,40,1262,0.4260665927843889,0.22751471400260925,0.5439878702163696,True
-B3,ct_query_gate_mean,41,1262,0.42208776239264406,0.2262115776538849,0.5345739722251892,True
-B3,ct_query_gate_mean,42,1262,0.4237766143070348,0.19047747552394867,0.5419342517852783,True
-B3,ct_query_gate_mean,43,1262,0.42532896945952614,0.25838953256607056,0.5448020696640015,True
-B3,ct_query_gate_mean,44,1262,0.4238501622942284,0.20226742327213287,0.5390916466712952,True
-B3,ct_query_gate_mean,45,1262,0.4239953908650131,0.22006440162658691,0.5460346341133118,True
-B3,ct_query_gate_mean,46,1262,0.4226459940738988,0.23039843142032623,0.5456801652908325,True
-B3,ct_query_gate_mean,47,1262,0.42464380818766007,0.25064560770988464,0.5387004613876343,True
-B3,ct_query_gate_mean,48,1262,0.4253259781872036,0.24838276207447052,0.536983847618103,True
-B3,ct_query_gate_mean,49,1262,0.4249215544498099,0.23171338438987732,0.537419319152832,True
-B3,ct_query_gate_mean,50,1262,0.4250522168049155,0.25532352924346924,0.5398498773574829,True
-B3,ct_query_gate_mean,51,1262,0.42440989656040295,0.25405269861221313,0.5401568412780762,True
-B3,ct_query_gate_mean,52,1262,0.42527870061658263,0.22322571277618408,0.5393010377883911,True
-B3,ct_query_gate_mean,53,1262,0.4244477684755711,0.22734074294567108,0.5380688905715942,True
-B3,ct_query_gate_mean,54,1262,0.42297447843568636,0.19248700141906738,0.5393263697624207,True
-B3,ct_query_gate_mean,55,1262,0.42385144836362304,0.18662947416305542,0.535123348236084,True
-B3,ct_query_gate_mean,56,1262,0.4259678182293987,0.1654481440782547,0.5370412468910217,True
-B3,ct_query_gate_mean,57,1262,0.423457517936566,0.22370687127113342,0.5483933687210083,True
-B3,ct_query_gate_mean,58,1262,0.4262740184477694,0.19187244772911072,0.5371781587600708,True
-B3,ct_query_gate_mean,59,1262,0.42406594742638565,0.2329682558774948,0.5400067567825317,True
-B3,ct_query_gate_mean,60,1262,0.42441748353031283,0.22507359087467194,0.5414373278617859,True
-B3,ct_query_shift_norm,1,1262,0.20454538202063785,0.03437676280736923,0.3459916114807129,True
-B3,ct_query_shift_norm,2,1262,0.30472564026595295,0.19063562154769897,0.42357397079467773,True
-B3,ct_query_shift_norm,3,1262,0.33947265719649533,0.2115810513496399,0.4482889771461487,True
-B3,ct_query_shift_norm,4,1262,0.36692200186654994,0.22863298654556274,0.47524625062942505,True
-B3,ct_query_shift_norm,5,1262,0.37401369280180347,0.2301669716835022,0.48035308718681335,True
-B3,ct_query_shift_norm,6,1262,0.3834046195667066,0.24656152725219727,0.49843642115592957,True
-B3,ct_query_shift_norm,7,1262,0.38843426294919997,0.26872754096984863,0.527801513671875,True
-B3,ct_query_shift_norm,8,1262,0.39382915911980554,0.2730894088745117,0.5125079154968262,True
-B3,ct_query_shift_norm,9,1262,0.39818985809803764,0.23020586371421814,0.5112690925598145,True
-B3,ct_query_shift_norm,10,1262,0.404492585764823,0.2940593659877777,0.5120806097984314,True
-B3,ct_query_shift_norm,11,1262,0.4126904369250719,0.27192699909210205,0.5209579467773438,True
-B3,ct_query_shift_norm,12,1262,0.40796914495964626,0.2912692427635193,0.5034370422363281,True
-B3,ct_query_shift_norm,13,1262,0.419925036195152,0.2775500416755676,0.515387773513794,True
-B3,ct_query_shift_norm,14,1262,0.4206419399394853,0.25385570526123047,0.5098985433578491,True
-B3,ct_query_shift_norm,15,1262,0.422207375241535,0.30184903740882874,0.5245052576065063,True
-B3,ct_query_shift_norm,16,1262,0.42633827550192077,0.2832922637462616,0.5170162320137024,True
-B3,ct_query_shift_norm,17,1262,0.4249394875368112,0.25578951835632324,0.5183947086334229,True
-B3,ct_query_shift_norm,18,1262,0.428174900555195,0.30966660380363464,0.5280044078826904,True
-B3,ct_query_shift_norm,19,1262,0.4276673634626597,0.29802703857421875,0.5226512551307678,True
-B3,ct_query_shift_norm,20,1262,0.42565260551244066,0.28838157653808594,0.5269395112991333,True
-B3,ct_query_shift_norm,21,1262,0.42924702226548866,0.28999167680740356,0.5207380056381226,True
-B3,ct_query_shift_norm,22,1262,0.42729051139577634,0.30378568172454834,0.527945876121521,True
-B3,ct_query_shift_norm,23,1262,0.42937831899443446,0.2860602140426636,0.5134612917900085,True
-B3,ct_query_shift_norm,24,1262,0.43009352157403097,0.2734568417072296,0.5203202366828918,True
-B3,ct_query_shift_norm,25,1262,0.42849335962354473,0.29072949290275574,0.5202281475067139,True
-B3,ct_query_shift_norm,26,1262,0.42749599118240283,0.29882168769836426,0.5301764011383057,True
-B3,ct_query_shift_norm,27,1262,0.4272879357619444,0.2897891402244568,0.5237415432929993,True
-B3,ct_query_shift_norm,28,1262,0.42875943534820093,0.2872358560562134,0.5199954509735107,True
-B3,ct_query_shift_norm,29,1262,0.42935795963944046,0.28313148021698,0.5147029161453247,True
-B3,ct_query_shift_norm,30,1262,0.4276766270257403,0.29646915197372437,0.5220869779586792,True
-B3,ct_query_shift_norm,31,1262,0.428308440841699,0.30481743812561035,0.5190891027450562,True
-B3,ct_query_shift_norm,32,1262,0.42863826729983046,0.28961271047592163,0.5173803567886353,True
-B3,ct_query_shift_norm,33,1262,0.42869419138140613,0.29934045672416687,0.5239913463592529,True
-B3,ct_query_shift_norm,34,1262,0.4263195900125473,0.28270015120506287,0.5257797241210938,True
-B3,ct_query_shift_norm,35,1262,0.42649102288928536,0.26762712001800537,0.5233100652694702,True
-B3,ct_query_shift_norm,36,1262,0.4279559380278912,0.29749417304992676,0.5310023427009583,True
-B3,ct_query_shift_norm,37,1262,0.42956689295319106,0.29596245288848877,0.5298434495925903,True
-B3,ct_query_shift_norm,38,1262,0.42804275568804917,0.30579274892807007,0.5271309018135071,True
-B3,ct_query_shift_norm,39,1262,0.4283781624303189,0.2953426241874695,0.5176999568939209,True
-B3,ct_query_shift_norm,40,1262,0.4299489195486634,0.2841326594352722,0.5209112167358398,True
-B3,ct_query_shift_norm,41,1262,0.42594025044358097,0.27802276611328125,0.5191646814346313,True
-B3,ct_query_shift_norm,42,1262,0.4274358132325715,0.24949783086776733,0.5254930257797241,True
-B3,ct_query_shift_norm,43,1262,0.42866338574565155,0.31223249435424805,0.5290290713310242,True
-B3,ct_query_shift_norm,44,1262,0.4278308605382635,0.2684617042541504,0.5198765993118286,True
-B3,ct_query_shift_norm,45,1262,0.4280955150558151,0.2863521873950958,0.534185528755188,True
-B3,ct_query_shift_norm,46,1262,0.42703502232034685,0.2802581191062927,0.5291969776153564,True
-B3,ct_query_shift_norm,47,1262,0.428774395877888,0.2948251962661743,0.5268715620040894,True
-B3,ct_query_shift_norm,48,1262,0.4294307855343101,0.2976040542125702,0.5222241878509521,True
-B3,ct_query_shift_norm,49,1262,0.4289850378659939,0.2873820662498474,0.5219475030899048,True
-B3,ct_query_shift_norm,50,1262,0.4293585592281611,0.3023853898048401,0.5223444700241089,True
-B3,ct_query_shift_norm,51,1262,0.4286498442977053,0.29315441846847534,0.5243711471557617,True
-B3,ct_query_shift_norm,52,1262,0.42951198529139184,0.2805267572402954,0.5189197063446045,True
-B3,ct_query_shift_norm,53,1262,0.4291022777699064,0.2787409722805023,0.523969829082489,True
-B3,ct_query_shift_norm,54,1262,0.428070796272834,0.25169506669044495,0.5296115279197693,True
-B3,ct_query_shift_norm,55,1262,0.42900136095455443,0.24801059067249298,0.5199633836746216,True
-B3,ct_query_shift_norm,56,1262,0.4307363603836761,0.24184179306030273,0.5265065431594849,True
-B3,ct_query_shift_norm,57,1262,0.42878493775278564,0.2801094055175781,0.5359647274017334,True
-B3,ct_query_shift_norm,58,1262,0.43107579244675615,0.25526848435401917,0.5227486491203308,True
-B3,ct_query_shift_norm,59,1262,0.42957046909018665,0.292047381401062,0.5225697159767151,True
-B3,ct_query_shift_norm,60,1262,0.43007085884429763,0.2778348922729492,0.5258073806762695,True
-B3,ct_raw_search_rmse,1,1262,0.8055568704892263,0.17601065337657928,2.910813093185425,True
-B3,ct_raw_search_rmse,2,1262,0.653061863217981,0.16743171215057373,1.9968531131744385,True
-B3,ct_raw_search_rmse,3,1262,0.6389622507283313,0.17124873399734497,2.088752031326294,True
-B3,ct_raw_search_rmse,4,1262,0.626618767632452,0.16765066981315613,1.932064175605774,True
-B3,ct_raw_search_rmse,5,1262,0.6191642257826264,0.14883214235305786,2.3335142135620117,True
-B3,ct_raw_search_rmse,6,1262,0.6202739429218833,0.159531369805336,2.2042837142944336,True
-B3,ct_raw_search_rmse,7,1262,0.6116547334094999,0.14801445603370667,1.8682940006256104,True
-B3,ct_raw_search_rmse,8,1262,0.6119167310216725,0.14099082350730896,2.0205976963043213,True
-B3,ct_raw_search_rmse,9,1262,0.6087133065220294,0.1235569417476654,2.2134952545166016,True
-B3,ct_raw_search_rmse,10,1262,0.6022880652863326,0.13464514911174774,2.2215678691864014,True
-B3,ct_raw_search_rmse,11,1262,0.5956576623364976,0.12829038500785828,1.7554523944854736,True
-B3,ct_raw_search_rmse,12,1262,0.589779297034544,0.1517317295074463,2.2932639122009277,True
-B3,ct_raw_search_rmse,13,1262,0.5923819657173096,0.11755096912384033,2.3814163208007812,True
-B3,ct_raw_search_rmse,14,1262,0.5815283840790793,0.12569285929203033,1.8751766681671143,True
-B3,ct_raw_search_rmse,15,1262,0.5696200853517713,0.08239390701055527,1.9947996139526367,True
-B3,ct_raw_search_rmse,16,1262,0.569498564416274,0.14417430758476257,2.183684825897217,True
-B3,ct_raw_search_rmse,17,1262,0.5647340228695499,0.13250789046287537,1.720961570739746,True
-B3,ct_raw_search_rmse,18,1262,0.5707260401603631,0.11400549858808517,2.4544224739074707,True
-B3,ct_raw_search_rmse,19,1262,0.5693865364591596,0.14849743247032166,2.3102469444274902,True
-B3,ct_raw_search_rmse,20,1262,0.575887516412512,0.11521237343549728,1.990214467048645,True
-B3,ct_raw_search_rmse,21,1262,0.558055880413097,0.12104138731956482,2.008751392364502,True
-B3,ct_raw_search_rmse,22,1262,0.5510732796273405,0.12797270715236664,2.061863422393799,True
-B3,ct_raw_search_rmse,23,1262,0.5589278239857187,0.13399368524551392,1.8723671436309814,True
-B3,ct_raw_search_rmse,24,1262,0.5527749921412173,0.1208769679069519,1.9720854759216309,True
-B3,ct_raw_search_rmse,25,1262,0.543073920754453,0.10922694206237793,1.9254710674285889,True
-B3,ct_raw_search_rmse,26,1262,0.5525682131020373,0.11707364022731781,2.0242702960968018,True
-B3,ct_raw_search_rmse,27,1262,0.5489375109647042,0.11736296117305756,2.072280168533325,True
-B3,ct_raw_search_rmse,28,1262,0.5492943779295295,0.11694230139255524,2.162421226501465,True
-B3,ct_raw_search_rmse,29,1262,0.5478814135345434,0.12005516141653061,1.9966075420379639,True
-B3,ct_raw_search_rmse,30,1262,0.5478829847450963,0.11806024610996246,1.8220018148422241,True
-B3,ct_raw_search_rmse,31,1262,0.5447765559536625,0.12150489538908005,2.2597131729125977,True
-B3,ct_raw_search_rmse,32,1262,0.5489726978311353,0.10712771862745285,1.897860050201416,True
-B3,ct_raw_search_rmse,33,1262,0.55464794472592,0.09971660375595093,1.917487621307373,True
-B3,ct_raw_search_rmse,34,1262,0.5558002155669707,0.1026395931839943,2.066951274871826,True
-B3,ct_raw_search_rmse,35,1262,0.5465855049043186,0.1129666417837143,2.1651904582977295,True
-B3,ct_raw_search_rmse,36,1262,0.5513315741592655,0.13380303978919983,2.0574440956115723,True
-B3,ct_raw_search_rmse,37,1262,0.542242484925855,0.1298777163028717,2.452523708343506,True
-B3,ct_raw_search_rmse,38,1262,0.5556531585162585,0.12215439230203629,2.067516565322876,True
-B3,ct_raw_search_rmse,39,1262,0.5483200678486737,0.11944101005792618,2.1948256492614746,True
-B3,ct_raw_search_rmse,40,1262,0.5488635124358247,0.12333494424819946,1.8319510221481323,True
-B3,ct_raw_search_rmse,41,1262,0.5463728824609716,0.1124536544084549,2.2109169960021973,True
-B3,ct_raw_search_rmse,42,1262,0.5517444588633611,0.0848211795091629,2.2492990493774414,True
-B3,ct_raw_search_rmse,43,1262,0.546964395685024,0.10127399861812592,1.9954791069030762,True
-B3,ct_raw_search_rmse,44,1262,0.5429540728993726,0.12680256366729736,1.8841042518615723,True
-B3,ct_raw_search_rmse,45,1262,0.544329701224711,0.11600282043218613,2.2327494621276855,True
-B3,ct_raw_search_rmse,46,1262,0.5473010616285487,0.1212649941444397,2.014436721801758,True
-B3,ct_raw_search_rmse,47,1262,0.5436949871374197,0.1306351125240326,2.026547431945801,True
-B3,ct_raw_search_rmse,48,1262,0.5420862524556188,0.12401247769594193,2.219421863555908,True
-B3,ct_raw_search_rmse,49,1262,0.5443846873773731,0.09628336131572723,2.018336772918701,True
-B3,ct_raw_search_rmse,50,1262,0.5396793650466175,0.13334953784942627,2.223144054412842,True
-B3,ct_raw_search_rmse,51,1262,0.5481608388399359,0.10226736962795258,2.320636749267578,True
-B3,ct_raw_search_rmse,52,1262,0.5496921606255598,0.10144123435020447,2.0876576900482178,True
-B3,ct_raw_search_rmse,53,1262,0.5445344108326594,0.10580258816480637,2.0848426818847656,True
-B3,ct_raw_search_rmse,54,1262,0.547305489316134,0.11004310846328735,2.040362596511841,True
-B3,ct_raw_search_rmse,55,1262,0.5479964690368546,0.1242452934384346,1.9185184240341187,True
-B3,ct_raw_search_rmse,56,1262,0.5439698776368955,0.10885937511920929,1.9402029514312744,True
-B3,ct_raw_search_rmse,57,1262,0.5434067926934896,0.11184878647327423,1.907477855682373,True
-B3,ct_raw_search_rmse,58,1262,0.5443551893480323,0.11849215626716614,2.253782033920288,True
-B3,ct_raw_search_rmse,59,1262,0.5469900980213932,0.11284022033214569,2.044764757156372,True
-B3,ct_raw_search_rmse,60,1262,0.5463307408317806,0.1224861815571785,2.0373117923736572,True
-B3,ct_router_gate_mean,1,1262,0.042026546717327674,0.02187500149011612,0.05000000074505806,True
-B3,ct_router_gate_mean,2,1262,0.04187549668675652,0.02500000037252903,0.05000000074505806,True
-B3,ct_router_gate_mean,3,1262,0.041964640916161325,0.02500000037252903,0.05000000074505806,True
-B3,ct_router_gate_mean,4,1262,0.04188044915321134,0.02500000037252903,0.05000000074505806,True
-B3,ct_router_gate_mean,5,1262,0.04196216475377937,0.02500000037252903,0.05000000074505806,True
-B3,ct_router_gate_mean,6,1262,0.04199930821233997,0.02500000037252903,0.05000000074505806,True
-B3,ct_router_gate_mean,7,1262,0.04206616623938178,0.01875000074505806,0.05000000074505806,True
-B3,ct_router_gate_mean,8,1262,0.04186806801659322,0.02187499962747097,0.05000000074505806,True
-B3,ct_router_gate_mean,9,1262,0.04192749752844618,0.02500000037252903,0.05000000074505806,True
-B3,ct_router_gate_mean,10,1262,0.04192749751073481,0.02500000037252903,0.05000000074505806,True
-B3,ct_router_gate_mean,11,1262,0.042011689281064524,0.02500000037252903,0.05000000074505806,True
-B3,ct_router_gate_mean,12,1262,0.04192006881252852,0.02500000037252903,0.05000000074505806,True
-B3,ct_router_gate_mean,13,1262,0.04196216470359717,0.02500000223517418,0.05000000074505806,True
-B3,ct_router_gate_mean,14,1262,0.04195968844380271,0.02187500149011612,0.05000000074505806,True
-B3,ct_router_gate_mean,15,1262,0.042066166361885385,0.02500000037252903,0.05000000074505806,True
-B3,ct_router_gate_mean,16,1262,0.04203892772111056,0.02500000037252903,0.05000000074505806,True
-B3,ct_router_gate_mean,17,1262,0.0420711187840618,0.02500000037252903,0.05000000074505806,True
-B3,ct_router_gate_mean,18,1262,0.041870544233585216,0.02500000037252903,0.05000000074505806,True
-B3,ct_router_gate_mean,19,1262,0.041912640133509545,0.02500000037252903,0.05000000074505806,True
-B3,ct_router_gate_mean,20,1262,0.0418457819514933,0.02500000037252903,0.05000000074505806,True
-B3,ct_router_gate_mean,21,1262,0.041925021280459294,0.02187499962747097,0.05000000074505806,True
-B3,ct_router_gate_mean,22,1262,0.041875496728083036,0.02500000037252903,0.05000000074505806,True
-B3,ct_router_gate_mean,23,1262,0.04188540162556995,0.02187500149011612,0.05000000074505806,True
-B3,ct_router_gate_mean,24,1262,0.04196959338999588,0.02187500149011612,0.05000000074505806,True
-B3,ct_router_gate_mean,25,1262,0.04199683193188226,0.02187500149011612,0.05000000074505806,True
-B3,ct_router_gate_mean,26,1262,0.04194978351974875,0.01875000074505806,0.05000000074505806,True
-B3,ct_router_gate_mean,27,1262,0.04199930807950474,0.02187499962747097,0.05000000074505806,True
-B3,ct_router_gate_mean,28,1262,0.04192006884795125,0.02500000037252903,0.05000000074505806,True
-B3,ct_router_gate_mean,29,1262,0.04199187944771607,0.02187500149011612,0.05000000074505806,True
-B3,ct_router_gate_mean,30,1262,0.04192749752549428,0.02500000037252903,0.05000000074505806,True
-B3,ct_router_gate_mean,31,1262,0.04195473601719846,0.02500000037252903,0.05000000074505806,True
-B3,ct_router_gate_mean,32,1262,0.04189283029868514,0.02500000037252903,0.05000000074505806,True
-B3,ct_router_gate_mean,33,1262,0.04192502128341118,0.01875000074505806,0.05000000074505806,True
-B3,ct_router_gate_mean,34,1262,0.04185816315010119,0.02812499925494194,0.05000000074505806,True
-B3,ct_router_gate_mean,35,1262,0.041929973738058436,0.02500000037252903,0.05000000074505806,True
-B3,ct_router_gate_mean,36,1262,0.04190273524635426,0.02500000037252903,0.05000000074505806,True
-B3,ct_router_gate_mean,37,1262,0.04198692699897261,0.02500000037252903,0.05000000074505806,True
-B3,ct_router_gate_mean,38,1262,0.041905211435303256,0.02812499925494194,0.05000000074505806,True
-B3,ct_router_gate_mean,39,1262,0.04187054426605605,0.02187500149011612,0.05000000074505806,True
-B3,ct_router_gate_mean,40,1262,0.042033975250227895,0.02812499925494194,0.05000000074505806,True
-B3,ct_router_gate_mean,41,1262,0.04192502130702634,0.01875000074505806,0.05000000074505806,True
-B3,ct_router_gate_mean,42,1262,0.04190521142349568,0.02500000037252903,0.05000000074505806,True
-B3,ct_router_gate_mean,43,1262,0.0419002590116509,0.02187500149011612,0.05000000074505806,True
-B3,ct_router_gate_mean,44,1262,0.041835877077621535,0.02500000037252903,0.05000000074505806,True
-B3,ct_router_gate_mean,45,1262,0.04189778278432727,0.02500000037252903,0.05000000074505806,True
-B3,ct_router_gate_mean,46,1262,0.04195721224157019,0.02187500149011612,0.05000000074505806,True
-B3,ct_router_gate_mean,47,1262,0.04199187943886039,0.02187500149011612,0.05000000074505806,True
-B3,ct_router_gate_mean,48,1262,0.04193740243183688,0.02500000037252903,0.05000000074505806,True
-B3,ct_router_gate_mean,49,1262,0.041999308120831254,0.02500000037252903,0.05000000074505806,True
-B3,ct_router_gate_mean,50,1262,0.04196216465636687,0.02187500149011612,0.05000000074505806,True
-B3,ct_router_gate_mean,51,1262,0.04191759264424278,0.02187499962747097,0.05000000074505806,True
-B3,ct_router_gate_mean,52,1262,0.042006736863315956,0.02500000037252903,0.05000000074505806,True
-B3,ct_router_gate_mean,53,1262,0.041870544302954726,0.02500000037252903,0.05000000074505806,True
-B3,ct_router_gate_mean,54,1262,0.04197454590072911,0.01875000074505806,0.05000000074505806,True
-B3,ct_router_gate_mean,55,1262,0.04188044919306191,0.02187500149011612,0.05000000074505806,True
-B3,ct_router_gate_mean,56,1262,0.041929973751341956,0.02500000037252903,0.05000000074505806,True
-B3,ct_router_gate_mean,57,1262,0.04194978359502204,0.02500000037252903,0.05000000074505806,True
-B3,ct_router_gate_mean,58,1262,0.041942354827446245,0.015625,0.05000000074505806,True
-B3,ct_router_gate_mean,59,1262,0.04198940321448866,0.02500000037252903,0.05000000074505806,True
-B3,ct_router_gate_mean,60,1262,0.041860639291819886,0.02500000037252903,0.05000000074505806,True
-B3,ct_search_baseline_points_mean,1,1262,346.14931656101425,11.1875,1577.125,True
-B3,ct_search_baseline_points_mean,2,1262,344.360736925515,16.0,2122.8125,True
-B3,ct_search_baseline_points_mean,3,1262,349.0359548335975,11.8125,1925.125,True
-B3,ct_search_baseline_points_mean,4,1262,342.6906200475436,16.0,1731.3125,True
-B3,ct_search_baseline_points_mean,5,1262,348.517779318542,12.9375,1553.6875,True
-B3,ct_search_baseline_points_mean,6,1262,348.65773573692553,8.25,2123.25,True
-B3,ct_search_baseline_points_mean,7,1262,351.83196315372425,18.8125,2676.25,True
-B3,ct_search_baseline_points_mean,8,1262,343.19933637083994,18.25,1719.375,True
-B3,ct_search_baseline_points_mean,9,1262,347.6041006339144,8.875,1749.625,True
-B3,ct_search_baseline_points_mean,10,1262,348.1769512678288,12.1875,1900.125,True
-B3,ct_search_baseline_points_mean,11,1262,338.915412044374,16.125,2087.25,True
-B3,ct_search_baseline_points_mean,12,1262,347.3091323296355,15.5,2146.4375,True
-B3,ct_search_baseline_points_mean,13,1262,354.0367967511886,14.375,1855.5625,True
-B3,ct_search_baseline_points_mean,14,1262,343.72994255150553,13.8125,2266.0625,True
-B3,ct_search_baseline_points_mean,15,1262,344.21652139461173,12.625,1652.4375,True
-B3,ct_search_baseline_points_mean,16,1262,346.7264758320127,17.9375,1709.1875,True
-B3,ct_search_baseline_points_mean,17,1262,342.2254358161648,16.5,1686.4375,True
-B3,ct_search_baseline_points_mean,18,1262,340.28749009508715,13.6875,1816.0,True
-B3,ct_search_baseline_points_mean,19,1262,337.51059825673536,19.9375,1497.75,True
-B3,ct_search_baseline_points_mean,20,1262,347.21919572107765,14.875,1765.375,True
-B3,ct_search_baseline_points_mean,21,1262,347.06106378763866,12.875,2067.8125,True
-B3,ct_search_baseline_points_mean,22,1262,349.87940768621235,16.8125,1727.0625,True
-B3,ct_search_baseline_points_mean,23,1262,334.7757527733756,9.4375,1801.9375,True
-B3,ct_search_baseline_points_mean,24,1262,351.51659072900156,12.0625,1699.0625,True
-B3,ct_search_baseline_points_mean,25,1262,344.1336667987322,18.75,2088.5,True
-B3,ct_search_baseline_points_mean,26,1262,342.1988906497623,10.625,1712.3125,True
-B3,ct_search_baseline_points_mean,27,1262,346.86043977812994,19.375,1967.875,True
-B3,ct_search_baseline_points_mean,28,1262,343.1517432646593,14.625,1839.4375,True
-B3,ct_search_baseline_points_mean,29,1262,347.6053882725832,20.5625,1613.6875,True
-B3,ct_search_baseline_points_mean,30,1262,338.16224247226626,12.8125,1886.375,True
-B3,ct_search_baseline_points_mean,31,1262,341.59043185419966,7.5,1905.125,True
-B3,ct_search_baseline_points_mean,32,1262,346.00747820919173,10.6875,2185.1875,True
-B3,ct_search_baseline_points_mean,33,1262,344.4723652931854,11.5625,1900.3125,True
-B3,ct_search_baseline_points_mean,34,1262,348.51366877971475,18.8125,1910.4375,True
-B3,ct_search_baseline_points_mean,35,1262,349.96369849445324,12.5,1961.6875,True
-B3,ct_search_baseline_points_mean,36,1262,347.9215035657686,21.4375,1847.125,True
-B3,ct_search_baseline_points_mean,37,1262,350.158131933439,11.5625,2101.3125,True
-B3,ct_search_baseline_points_mean,38,1262,346.98999603803486,19.0625,1532.1875,True
-B3,ct_search_baseline_points_mean,39,1262,339.71711568938196,14.0625,1854.5,True
-B3,ct_search_baseline_points_mean,40,1262,342.5891937400951,14.75,1887.1875,True
-B3,ct_search_baseline_points_mean,41,1262,346.4660756735341,7.0625,2128.75,True
-B3,ct_search_baseline_points_mean,42,1262,338.82245443740095,15.5625,1601.6875,True
-B3,ct_search_baseline_points_mean,43,1262,347.9871236133122,12.875,1478.75,True
-B3,ct_search_baseline_points_mean,44,1262,347.9783577654517,14.625,1696.0625,True
-B3,ct_search_baseline_points_mean,45,1262,343.3213648969889,17.3125,2048.5625,True
-B3,ct_search_baseline_points_mean,46,1262,345.40956814580034,11.125,2280.5625,True
-B3,ct_search_baseline_points_mean,47,1262,346.73271592709983,10.5,2382.875,True
-B3,ct_search_baseline_points_mean,48,1262,340.79313589540413,9.25,1856.4375,True
-B3,ct_search_baseline_points_mean,49,1262,352.0777040412044,11.8125,2412.8125,True
-B3,ct_search_baseline_points_mean,50,1262,343.5927595087163,18.6875,2031.625,True
-B3,ct_search_baseline_points_mean,51,1262,351.2166699683043,13.5,2182.375,True
-B3,ct_search_baseline_points_mean,52,1262,345.56943343898575,12.125,1548.25,True
-B3,ct_search_baseline_points_mean,53,1262,349.3856973058637,16.625,1685.1875,True
-B3,ct_search_baseline_points_mean,54,1262,343.61123217115687,12.125,2129.3125,True
-B3,ct_search_baseline_points_mean,55,1262,346.00534865293184,9.0,1988.375,True
-B3,ct_search_baseline_points_mean,56,1262,352.7251881933439,21.5625,2241.9375,True
-B3,ct_search_baseline_points_mean,57,1262,345.36009310618067,12.4375,1831.8125,True
-B3,ct_search_baseline_points_mean,58,1262,350.3226030110935,16.0625,2005.6875,True
-B3,ct_search_baseline_points_mean,59,1262,349.1655110935024,17.0,2127.1875,True
-B3,ct_search_baseline_points_mean,60,1262,351.7272187004754,18.5625,1872.9375,True
-B3,ct_search_expansion_points_mean,1,1262,33.70136687797147,0.0,453.4375,True
-B3,ct_search_expansion_points_mean,2,1262,33.22508914421553,0.0,348.5,True
-B3,ct_search_expansion_points_mean,3,1262,33.516442155309036,0.0,398.1875,True
-B3,ct_search_expansion_points_mean,4,1262,34.29927694136292,0.0,392.1875,True
-B3,ct_search_expansion_points_mean,5,1262,34.2993264659271,0.0,424.0,True
-B3,ct_search_expansion_points_mean,6,1262,33.46800713153724,0.0,281.8125,True
-B3,ct_search_expansion_points_mean,7,1262,33.97989302694136,0.0,340.625,True
-B3,ct_search_expansion_points_mean,8,1262,33.64936608557845,0.0,332.875,True
-B3,ct_search_expansion_points_mean,9,1262,33.097315768621236,0.0,321.0,True
-B3,ct_search_expansion_points_mean,10,1262,33.94032290015848,0.0,416.0625,True
-B3,ct_search_expansion_points_mean,11,1262,33.57666402535658,0.0,274.625,True
-B3,ct_search_expansion_points_mean,12,1262,33.5496236133122,0.0,379.6875,True
-B3,ct_search_expansion_points_mean,13,1262,33.756388668779714,0.0,403.3125,True
-B3,ct_search_expansion_points_mean,14,1262,34.50049524564184,0.0,314.0,True
-B3,ct_search_expansion_points_mean,15,1262,34.35167393026941,0.0625,384.6875,True
-B3,ct_search_expansion_points_mean,16,1262,33.764263074484944,0.0,370.5625,True
-B3,ct_search_expansion_points_mean,17,1262,35.00133716323296,0.0,302.5625,True
-B3,ct_search_expansion_points_mean,18,1262,33.048385499207605,0.0,309.875,True
-B3,ct_search_expansion_points_mean,19,1262,33.96191561014263,0.0,515.9375,True
-B3,ct_search_expansion_points_mean,20,1262,34.40600237717908,0.0,341.875,True
-B3,ct_search_expansion_points_mean,21,1262,33.866828446909665,0.0,355.25,True
-B3,ct_search_expansion_points_mean,22,1262,33.62485142630745,0.0,371.8125,True
-B3,ct_search_expansion_points_mean,23,1262,33.60469492868463,0.0,287.6875,True
-B3,ct_search_expansion_points_mean,24,1262,34.68898573692552,0.0,342.9375,True
-B3,ct_search_expansion_points_mean,25,1262,33.76109350237718,0.0,449.9375,True
-B3,ct_search_expansion_points_mean,26,1262,33.74148177496038,0.0,348.9375,True
-B3,ct_search_expansion_points_mean,27,1262,34.79120443740095,0.0,412.5,True
-B3,ct_search_expansion_points_mean,28,1262,33.0888470681458,0.0,299.4375,True
-B3,ct_search_expansion_points_mean,29,1262,33.94175911251981,0.0,375.875,True
-B3,ct_search_expansion_points_mean,30,1262,34.344195721077654,0.0,366.5625,True
-B3,ct_search_expansion_points_mean,31,1262,33.302991283676704,0.0,339.1875,True
-B3,ct_search_expansion_points_mean,32,1262,33.14030309033281,0.0,480.3125,True
-B3,ct_search_expansion_points_mean,33,1262,33.77392036450079,0.0,405.375,True
-B3,ct_search_expansion_points_mean,34,1262,33.439332408874805,0.0,303.875,True
-B3,ct_search_expansion_points_mean,35,1262,34.79125396196513,0.0,295.375,True
-B3,ct_search_expansion_points_mean,36,1262,33.82993264659271,0.0,319.5,True
-B3,ct_search_expansion_points_mean,37,1262,34.23261687797147,0.0,321.0,True
-B3,ct_search_expansion_points_mean,38,1262,34.1988411251981,0.0,348.4375,True
-B3,ct_search_expansion_points_mean,39,1262,34.29556259904913,0.0,464.1875,True
-B3,ct_search_expansion_points_mean,40,1262,33.676307448494455,0.0,328.0,True
-B3,ct_search_expansion_points_mean,41,1262,32.58716323296355,0.0,317.1875,True
-B3,ct_search_expansion_points_mean,42,1262,33.17100832012678,0.0,288.8125,True
-B3,ct_search_expansion_points_mean,43,1262,34.50708201267829,0.0,351.25,True
-B3,ct_search_expansion_points_mean,44,1262,33.68690570522979,0.0,528.4375,True
-B3,ct_search_expansion_points_mean,45,1262,33.65124801901743,0.0,335.375,True
-B3,ct_search_expansion_points_mean,46,1262,33.75188193343899,0.0,281.0625,True
-B3,ct_search_expansion_points_mean,47,1262,33.991085578446906,0.0,556.5625,True
-B3,ct_search_expansion_points_mean,48,1262,33.917046354992074,0.0,368.125,True
-B3,ct_search_expansion_points_mean,49,1262,33.82205824088748,0.0,350.8125,True
-B3,ct_search_expansion_points_mean,50,1262,33.54893026941363,0.0625,297.5,True
-B3,ct_search_expansion_points_mean,51,1262,33.34855388272583,0.0,380.4375,True
-B3,ct_search_expansion_points_mean,52,1262,33.78961965134707,0.0,329.0625,True
-B3,ct_search_expansion_points_mean,53,1262,33.93814381933439,0.0,296.375,True
-B3,ct_search_expansion_points_mean,54,1262,33.67789223454834,0.0,350.5625,True
-B3,ct_search_expansion_points_mean,55,1262,34.257577258320126,0.125,314.3125,True
-B3,ct_search_expansion_points_mean,56,1262,34.598454833597465,0.0,427.375,True
-B3,ct_search_expansion_points_mean,57,1262,32.99618660855784,0.0,440.875,True
-B3,ct_search_expansion_points_mean,58,1262,33.82686212361331,0.0,304.625,True
-B3,ct_search_expansion_points_mean,59,1262,34.474247226624406,0.0,344.5,True
-B3,ct_search_expansion_points_mean,60,1262,33.95805269413629,0.0,378.8125,True
-B3,ct_search_expansion_ratio_mean,1,1262,0.01331809356737817,0.0,0.052490234375,True
-B3,ct_search_expansion_ratio_mean,2,1262,0.013001213738733162,0.0,0.04339599609375,True
-B3,ct_search_expansion_ratio_mean,3,1262,0.013167536957706023,0.0,0.0467529296875,True
-B3,ct_search_expansion_ratio_mean,4,1262,0.013164731855437798,0.0,0.052978515625,True
-B3,ct_search_expansion_ratio_mean,5,1262,0.013084254438639064,0.0,0.04132080078125,True
-B3,ct_search_expansion_ratio_mean,6,1262,0.012961797215481378,0.0,0.04473876953125,True
-B3,ct_search_expansion_ratio_mean,7,1262,0.013238921974049129,0.0,0.0531005859375,True
-B3,ct_search_expansion_ratio_mean,8,1262,0.013083480617323692,0.0,0.0531005859375,True
-B3,ct_search_expansion_ratio_mean,9,1262,0.01322097899229893,0.0,0.04339599609375,True
-B3,ct_search_expansion_ratio_mean,10,1262,0.012993765708572701,0.0,0.04296875,True
-B3,ct_search_expansion_ratio_mean,11,1262,0.013097215945671554,0.0,0.04852294921875,True
-B3,ct_search_expansion_ratio_mean,12,1262,0.013048852113460777,0.0,0.041748046875,True
-B3,ct_search_expansion_ratio_mean,13,1262,0.013238970337881338,0.0,0.0474853515625,True
-B3,ct_search_expansion_ratio_mean,14,1262,0.013116658206220285,0.0,0.04754638671875,True
-B3,ct_search_expansion_ratio_mean,15,1262,0.013189252318368662,0.0,0.0400390625,True
-B3,ct_search_expansion_ratio_mean,16,1262,0.01323277976735836,0.0,0.04888916015625,True
-B3,ct_search_expansion_ratio_mean,17,1262,0.013216868066561015,0.0,0.0518798828125,True
-B3,ct_search_expansion_ratio_mean,18,1262,0.012992314793606378,0.0,0.05218505859375,True
-B3,ct_search_expansion_ratio_mean,19,1262,0.013176822813490491,0.0,0.051513671875,True
-B3,ct_search_expansion_ratio_mean,20,1262,0.01333990565570523,0.0,0.0491943359375,True
-B3,ct_search_expansion_ratio_mean,21,1262,0.013072792210405111,0.0,0.04974365234375,True
-B3,ct_search_expansion_ratio_mean,22,1262,0.012989122780680467,0.0,0.04150390625,True
-B3,ct_search_expansion_ratio_mean,23,1262,0.013057509239426505,0.0,0.04656982421875,True
-B3,ct_search_expansion_ratio_mean,24,1262,0.013214594966447108,0.0,0.044677734375,True
-B3,ct_search_expansion_ratio_mean,25,1262,0.01304595028352813,0.0,0.04559326171875,True
-B3,ct_search_expansion_ratio_mean,26,1262,0.01298240020800317,0.0,0.05194091796875,True
-B3,ct_search_expansion_ratio_mean,27,1262,0.013190945052496038,0.0,0.046630859375,True
-B3,ct_search_expansion_ratio_mean,28,1262,0.013133972458151743,0.0,0.05035400390625,True
-B3,ct_search_expansion_ratio_mean,29,1262,0.013305422243338945,0.0,0.04803466796875,True
-B3,ct_search_expansion_ratio_mean,30,1262,0.013112402188985737,0.0,0.04547119140625,True
-B3,ct_search_expansion_ratio_mean,31,1262,0.013076419497820919,0.0,0.0426025390625,True
-B3,ct_search_expansion_ratio_mean,32,1262,0.013033665870146594,0.0,0.05206298828125,True
-B3,ct_search_expansion_ratio_mean,33,1262,0.013204293470186212,0.0,0.043701171875,True
-B3,ct_search_expansion_ratio_mean,34,1262,0.013236358690941957,0.0,0.0498046875,True
-B3,ct_search_expansion_ratio_mean,35,1262,0.013220688809305665,0.0,0.0517578125,True
-B3,ct_search_expansion_ratio_mean,36,1262,0.01300106864723653,0.0,0.0479736328125,True
-B3,ct_search_expansion_ratio_mean,37,1262,0.013078740961767036,0.0,0.05316162109375,True
-B3,ct_search_expansion_ratio_mean,38,1262,0.013172663523920365,0.0,0.04937744140625,True
-B3,ct_search_expansion_ratio_mean,39,1262,0.013269342824509707,0.0,0.04193115234375,True
-B3,ct_search_expansion_ratio_mean,40,1262,0.013139292479694928,0.0,0.044677734375,True
-B3,ct_search_expansion_ratio_mean,41,1262,0.012914739206740293,0.0,0.0440673828125,True
-B3,ct_search_expansion_ratio_mean,42,1262,0.013114046559280904,0.0,0.04632568359375,True
-B3,ct_search_expansion_ratio_mean,43,1262,0.013130877172890253,0.0,0.0489501953125,True
-B3,ct_search_expansion_ratio_mean,44,1262,0.012985930767754556,0.0,0.0426025390625,True
-B3,ct_search_expansion_ratio_mean,45,1262,0.013047691381487718,0.0,0.0506591796875,True
-B3,ct_search_expansion_ratio_mean,46,1262,0.01322093062846672,0.0,0.0465087890625,True
-B3,ct_search_expansion_ratio_mean,47,1262,0.013050689939084786,0.0,0.0487060546875,True
-B3,ct_search_expansion_ratio_mean,48,1262,0.013249755472464342,0.0,0.04364013671875,True
-B3,ct_search_expansion_ratio_mean,49,1262,0.013266634449905904,0.0,0.05181884765625,True
-B3,ct_search_expansion_ratio_mean,50,1262,0.013051367032735737,0.0,0.0430908203125,True
-B3,ct_search_expansion_ratio_mean,51,1262,0.013097844675490293,0.0,0.0484619140625,True
-B3,ct_search_expansion_ratio_mean,52,1262,0.013181465741382726,0.0,0.04364013671875,True
-B3,ct_search_expansion_ratio_mean,53,1262,0.013242742716793779,0.0,0.05230712890625,True
-B3,ct_search_expansion_ratio_mean,54,1262,0.013130296806903724,0.0,0.04730224609375,True
-B3,ct_search_expansion_ratio_mean,55,1262,0.013024912016516442,0.0,0.0523681640625,True
-B3,ct_search_expansion_ratio_mean,56,1262,0.01308144933637084,0.0,0.04498291015625,True
-B3,ct_search_expansion_ratio_mean,57,1262,0.013100214503268622,0.0,0.05029296875,True
-B3,ct_search_expansion_ratio_mean,58,1262,0.012987043135895405,0.0,0.0484619140625,True
-B3,ct_search_expansion_ratio_mean,59,1262,0.01341095212522286,0.0,0.04327392578125,True
-B3,ct_search_expansion_ratio_mean,60,1262,0.013218028798534074,0.0,0.05560302734375,True
-B3,ct_search_used_mean,1,1262,0.25921156893819336,0.0,0.8125,True
-B3,ct_search_used_mean,2,1262,0.2549029318541997,0.0,0.625,True
-B3,ct_search_used_mean,3,1262,0.25797345483359746,0.0,0.625,True
-B3,ct_search_used_mean,4,1262,0.2566362916006339,0.0,0.625,True
-B3,ct_search_used_mean,5,1262,0.25539817749603805,0.0,0.625,True
-B3,ct_search_used_mean,6,1262,0.2557448494453249,0.0,0.6875,True
-B3,ct_search_used_mean,7,1262,0.25782488114104596,0.0,0.75,True
-B3,ct_search_used_mean,8,1262,0.2558934231378764,0.0,0.625,True
-B3,ct_search_used_mean,9,1262,0.25921156893819336,0.0,0.625,True
-B3,ct_search_used_mean,10,1262,0.2560419968304279,0.0,0.625,True
-B3,ct_search_used_mean,11,1262,0.25643819334389856,0.0,0.625,True
-B3,ct_search_used_mean,12,1262,0.25767630744849446,0.0,0.625,True
-B3,ct_search_used_mean,13,1262,0.26084587955625993,0.0,0.75,True
-B3,ct_search_used_mean,14,1262,0.2575772583201268,0.0,0.6875,True
-B3,ct_search_used_mean,15,1262,0.25782488114104596,0.0,0.625,True
-B3,ct_search_used_mean,16,1262,0.2566858161648177,0.0,0.625,True
-B3,ct_search_used_mean,17,1262,0.2568343898573692,0.0,0.75,True
-B3,ct_search_used_mean,18,1262,0.2566858161648177,0.0,0.625,True
-B3,ct_search_used_mean,19,1262,0.25866679873217113,0.0,0.6875,True
-B3,ct_search_used_mean,20,1262,0.25708201267828845,0.0,0.6875,True
-B3,ct_search_used_mean,21,1262,0.2573296354992076,0.0,0.5625,True
-B3,ct_search_used_mean,22,1262,0.2549029318541997,0.0,0.625,True
-B3,ct_search_used_mean,23,1262,0.25495245641838354,0.0,0.625,True
-B3,ct_search_used_mean,24,1262,0.2580229793977813,0.0,0.75,True
-B3,ct_search_used_mean,25,1262,0.25693343898573695,0.0,0.625,True
-B3,ct_search_used_mean,26,1262,0.2558934231378764,0.0,0.625,True
-B3,ct_search_used_mean,27,1262,0.25614104595879555,0.0,0.625,True
-B3,ct_search_used_mean,28,1262,0.2559429477020602,0.0,0.625,True
-B3,ct_search_used_mean,29,1262,0.25866679873217113,0.0,0.625,True
-B3,ct_search_used_mean,30,1262,0.2587658478605388,0.0,0.6875,True
-B3,ct_search_used_mean,31,1262,0.25584389857369255,0.0,0.625,True
-B3,ct_search_used_mean,32,1262,0.2561905705229794,0.0,0.6875,True
-B3,ct_search_used_mean,33,1262,0.2571315372424723,0.0,0.6875,True
-B3,ct_search_used_mean,34,1262,0.2573296354992076,0.0,0.625,True
-B3,ct_search_used_mean,35,1262,0.2571810618066561,0.0,0.625,True
-B3,ct_search_used_mean,36,1262,0.25312004754358164,0.0,0.625,True
-B3,ct_search_used_mean,37,1262,0.2571810618066561,0.0,0.625,True
-B3,ct_search_used_mean,38,1262,0.2583201267828843,0.0,0.625,True
-B3,ct_search_used_mean,39,1262,0.2580229793977813,0.0,0.625,True
-B3,ct_search_used_mean,40,1262,0.25841917591125196,0.0,0.625,True
-B3,ct_search_used_mean,41,1262,0.2551505546751189,0.0,0.625,True
-B3,ct_search_used_mean,42,1262,0.2557448494453249,0.0,0.6875,True
-B3,ct_search_used_mean,43,1262,0.2578744057052298,0.0,0.75,True
-B3,ct_search_used_mean,44,1262,0.2544076862123613,0.0,0.625,True
-B3,ct_search_used_mean,45,1262,0.2566362916006339,0.0,0.625,True
-B3,ct_search_used_mean,46,1262,0.2580229793977813,0.0,0.6875,True
-B3,ct_search_used_mean,47,1262,0.25723058637083995,0.0,0.625,True
-B3,ct_search_used_mean,48,1262,0.25980586370839936,0.0,0.6875,True
-B3,ct_search_used_mean,49,1262,0.2575772583201268,0.0,0.625,True
-B3,ct_search_used_mean,50,1262,0.2559429477020602,0.0,0.625,True
-B3,ct_search_used_mean,51,1262,0.2568343898573692,0.0,0.625,True
-B3,ct_search_used_mean,52,1262,0.25767630744849446,0.0,0.6875,True
-B3,ct_search_used_mean,53,1262,0.25822107765451663,0.0,0.625,True
-B3,ct_search_used_mean,54,1262,0.2575772583201268,0.0,0.625,True
-B3,ct_search_used_mean,55,1262,0.25737916006339145,0.0,0.625,True
-B3,ct_search_used_mean,56,1262,0.2568343898573692,0.0,0.625,True
-B3,ct_search_used_mean,57,1262,0.25812202852614896,0.0,0.625,True
-B3,ct_search_used_mean,58,1262,0.2568343898573692,0.0,0.6875,True
-B3,ct_search_used_mean,59,1262,0.26119255150554677,0.0,0.625,True
-B3,ct_search_used_mean,60,1262,0.25856774960380347,0.0,0.6875,True
-B3,loss_angle_aux,1,1262,0.03858961008999072,0.0019783286843448877,0.34395188093185425,True
-B3,loss_angle_aux,2,1262,0.0040102121094112595,0.0005326870596036315,0.01765051856637001,True
-B3,loss_angle_aux,3,1262,0.0023046534289795943,0.0002663136110641062,0.015212827362120152,True
-B3,loss_angle_aux,4,1262,0.0018514192037193235,0.00025850217207334936,0.015275823883712292,True
-B3,loss_angle_aux,5,1262,0.0016087246396994511,0.0001394673017784953,0.012678575702011585,True
-B3,loss_angle_aux,6,1262,0.0013599071829664083,0.00010936605394817889,0.012639866210520267,True
-B3,loss_angle_aux,7,1262,0.001230987743403052,0.00011552077194210142,0.010983106680214405,True
-B3,loss_angle_aux,8,1262,0.0011888951766975304,7.408918463625014e-05,0.013851516880095005,True
-B3,loss_angle_aux,9,1262,0.0010892208772961445,9.793909703148529e-05,0.010817166417837143,True
-B3,loss_angle_aux,10,1262,0.001077921679478444,8.019008964765817e-05,0.011043759062886238,True
-B3,loss_angle_aux,11,1262,0.0009964730342046251,6.958878657314926e-05,0.012807794846594334,True
-B3,loss_angle_aux,12,1262,0.000961014057376812,6.63860046188347e-05,0.012568570673465729,True
-B3,loss_angle_aux,13,1262,0.0008674102574114565,7.111915329005569e-05,0.010093875229358673,True
-B3,loss_angle_aux,14,1262,0.0008465433226260057,9.292122558690608e-05,0.009257451631128788,True
-B3,loss_angle_aux,15,1262,0.0008893640518220118,6.32148003205657e-05,0.013029811903834343,True
-B3,loss_angle_aux,16,1262,0.0007626341358746887,7.480207568733022e-05,0.01026779506355524,True
-B3,loss_angle_aux,17,1262,0.0007422080302913608,5.646989302476868e-05,0.009777109138667583,True
-B3,loss_angle_aux,18,1262,0.0007377378261003683,6.009247590554878e-05,0.01147159282118082,True
-B3,loss_angle_aux,19,1262,0.0007186435663482438,7.103288226062432e-05,0.012921658344566822,True
-B3,loss_angle_aux,20,1262,0.0007290750831126574,4.181623080512509e-05,0.010458272881805897,True
-B3,loss_angle_aux,21,1262,0.0003772383723119828,2.8288175599300303e-05,0.010677754878997803,True
-B3,loss_angle_aux,22,1262,0.00035016889386325976,3.941273462260142e-05,0.010193053632974625,True
-B3,loss_angle_aux,23,1262,0.00035041440507121145,4.106062988284975e-05,0.011552641168236732,True
-B3,loss_angle_aux,24,1262,0.00033444149512188765,1.8108621588908136e-05,0.009808231145143509,True
-B3,loss_angle_aux,25,1262,0.0003506187107727415,4.112989699933678e-05,0.009996991604566574,True
-B3,loss_angle_aux,26,1262,0.0003390571182333706,4.271110083209351e-05,0.010153127834200859,True
-B3,loss_angle_aux,27,1262,0.0003241886889697429,4.623654967872426e-05,0.009808474220335484,True
-B3,loss_angle_aux,28,1262,0.00032914196904036534,4.058755439473316e-05,0.010014080442488194,True
-B3,loss_angle_aux,29,1262,0.0003114329781089009,3.762029518838972e-05,0.009371434338390827,True
-B3,loss_angle_aux,30,1262,0.00032015869721950904,4.2139818106079474e-05,0.010512791574001312,True
-B3,loss_angle_aux,31,1262,0.0003277589737863799,3.216621189494617e-05,0.010487553663551807,True
-B3,loss_angle_aux,32,1262,0.00030668224353604904,2.9738790544797666e-05,0.009879467077553272,True
-B3,loss_angle_aux,33,1262,0.0003190714901933729,3.6292956792749465e-05,0.01004823949187994,True
-B3,loss_angle_aux,34,1262,0.00032139304148269136,4.6907312935218215e-05,0.010211347602307796,True
-B3,loss_angle_aux,35,1262,0.00030839746077459195,3.346130688441917e-05,0.010306249372661114,True
-B3,loss_angle_aux,36,1262,0.0003099214396259127,2.7371925170882605e-05,0.010181046091020107,True
-B3,loss_angle_aux,37,1262,0.0003070576657002514,4.658288162318058e-05,0.00919422972947359,True
-B3,loss_angle_aux,38,1262,0.00031152715452393426,3.719405140145682e-05,0.010305121541023254,True
-B3,loss_angle_aux,39,1262,0.00029800817426777463,2.3555247025797144e-05,0.009551199153065681,True
-B3,loss_angle_aux,40,1262,0.00031470821176314925,4.2196221329504624e-05,0.01041531190276146,True
-B3,loss_angle_aux,41,1262,0.0002719519081853303,3.27816596836783e-05,0.010264765471220016,True
-B3,loss_angle_aux,42,1262,0.00027517315130813174,2.7947280614171177e-05,0.010154654271900654,True
-B3,loss_angle_aux,43,1262,0.0002721595033144349,3.598008697736077e-05,0.009884582832455635,True
-B3,loss_angle_aux,44,1262,0.0002652240328742983,3.408846532693133e-05,0.010066254064440727,True
-B3,loss_angle_aux,45,1262,0.0002884849020059336,3.050315353902988e-05,0.010083206929266453,True
-B3,loss_angle_aux,46,1262,0.00028997469463347544,2.2927470126887783e-05,0.010120035149157047,True
-B3,loss_angle_aux,47,1262,0.00027250457196930907,3.652793384389952e-05,0.009516540914773941,True
-B3,loss_angle_aux,48,1262,0.00026903410637263696,2.9565671866293997e-05,0.009578990750014782,True
-B3,loss_angle_aux,49,1262,0.0002877341951250959,4.038305996800773e-05,0.009837726131081581,True
-B3,loss_angle_aux,50,1262,0.00027746254186161273,3.711542012752034e-05,0.00977762695401907,True
-B3,loss_angle_aux,51,1262,0.0002738775975758731,3.422193549340591e-05,0.009548564441502094,True
-B3,loss_angle_aux,52,1262,0.00028614723048083044,3.386378739378415e-05,0.010224324651062489,True
-B3,loss_angle_aux,53,1262,0.0002710719711273673,2.7977355784969404e-05,0.009740346111357212,True
-B3,loss_angle_aux,54,1262,0.0002701676830838551,2.38559387071291e-05,0.011692440137267113,True
-B3,loss_angle_aux,55,1262,0.0002869107806145333,3.2659263524692506e-05,0.01023652870208025,True
-B3,loss_angle_aux,56,1262,0.00027571661159235983,3.0461409551207907e-05,0.010618689469993114,True
-B3,loss_angle_aux,57,1262,0.000262467042420329,3.996751183876768e-05,0.009974908083677292,True
-B3,loss_angle_aux,58,1262,0.00026498354637521953,3.936787834390998e-05,0.010684928856790066,True
-B3,loss_angle_aux,59,1262,0.0002740801194714635,4.326439375290647e-05,0.01017660740762949,True
-B3,loss_angle_aux,60,1262,0.00026852067355469657,4.4932254240848124e-05,0.009393268264830112,True
-B3,loss_center,1,1262,0.17845183467158898,0.01002065371721983,1.1562871932983398,True
-B3,loss_center,2,1262,0.11690215577361086,0.008697250857949257,0.5496070384979248,True
-B3,loss_center,3,1262,0.0994727991730943,0.008206579834222794,0.5058087706565857,True
-B3,loss_center,4,1262,0.08335637439613522,0.005103203002363443,0.5681511163711548,True
-B3,loss_center,5,1262,0.07208176458028637,0.006521495990455151,0.45149534940719604,True
-B3,loss_center,6,1262,0.06781231154571103,0.004809916019439697,0.4444568157196045,True
-B3,loss_center,7,1262,0.06222620654944183,0.007476808037608862,0.40531080961227417,True
-B3,loss_center,8,1262,0.06005283389734946,0.007505244575440884,0.40368780493736267,True
-B3,loss_center,9,1262,0.05704788987084975,0.005591826047748327,0.42190632224082947,True
-B3,loss_center,10,1262,0.05225045621364116,0.005075498484075069,0.44165700674057007,True
-B3,loss_center,11,1262,0.04910325992220744,0.005591101013123989,0.38306960463523865,True
-B3,loss_center,12,1262,0.04950499986615711,0.005639662500470877,0.4368860125541687,True
-B3,loss_center,13,1262,0.048042872918049456,0.0057824235409498215,0.6153796911239624,True
-B3,loss_center,14,1262,0.042717147611152445,0.005592250730842352,0.43686437606811523,True
-B3,loss_center,15,1262,0.04162941939786383,0.005907045677304268,0.44727179408073425,True
-B3,loss_center,16,1262,0.04052971078750047,0.003940036054700613,0.42835792899131775,True
-B3,loss_center,17,1262,0.03972814811272591,0.006169277708977461,0.43343573808670044,True
-B3,loss_center,18,1262,0.03779590022255756,0.004423794336616993,0.30570462346076965,True
-B3,loss_center,19,1262,0.03591917637180649,0.004514140542596579,0.3572534918785095,True
-B3,loss_center,20,1262,0.03783877432883589,0.004540580790489912,0.4714983403682709,True
-B3,loss_center,21,1262,0.02779892972883032,0.005661593284457922,0.2856437563896179,True
-B3,loss_center,22,1262,0.027004784888922932,0.0047298939898610115,0.29345959424972534,True
-B3,loss_center,23,1262,0.025894618512348238,0.004607464652508497,0.2525031268596649,True
-B3,loss_center,24,1262,0.025739642568213036,0.0040144906379282475,0.22336646914482117,True
-B3,loss_center,25,1262,0.02546157109995392,0.004114864394068718,0.4033782482147217,True
-B3,loss_center,26,1262,0.02629178291590362,0.003496980993077159,0.47231346368789673,True
-B3,loss_center,27,1262,0.024067386886674657,0.00443229591473937,0.2708704471588135,True
-B3,loss_center,28,1262,0.024136632529977362,0.004634761717170477,0.21109896898269653,True
-B3,loss_center,29,1262,0.024821342004495546,0.003998549189418554,0.538642406463623,True
-B3,loss_center,30,1262,0.023750861929936213,0.004234705585986376,0.341593474149704,True
-B3,loss_center,31,1262,0.023936622818524576,0.004342643078416586,0.43456515669822693,True
-B3,loss_center,32,1262,0.0230517195769779,0.003732413752004504,0.39657923579216003,True
-B3,loss_center,33,1262,0.023274171990991854,0.0036413257475942373,0.6614564061164856,True
-B3,loss_center,34,1262,0.023293627702399334,0.005669109057635069,0.2765108048915863,True
-B3,loss_center,35,1262,0.02270537502392123,0.004460325930267572,0.53470778465271,True
-B3,loss_center,36,1262,0.023997744735737705,0.004240069538354874,0.39198634028434753,True
-B3,loss_center,37,1262,0.023589847605341895,0.0038432208821177483,0.4851112365722656,True
-B3,loss_center,38,1262,0.024006038487973003,0.004201768897473812,0.36642026901245117,True
-B3,loss_center,39,1262,0.02247888653202605,0.0035980893298983574,0.3653199076652527,True
-B3,loss_center,40,1262,0.02183042611449325,0.0030576090794056654,0.2386796474456787,True
-B3,loss_center,41,1262,0.02244809371450246,0.004363964311778545,0.3581671416759491,True
-B3,loss_center,42,1262,0.02236157187268805,0.0033798094373196363,0.3507579565048218,True
-B3,loss_center,43,1262,0.02090448955377998,0.0043075066059827805,0.29282259941101074,True
-B3,loss_center,44,1262,0.02229559991660745,0.003956311848014593,0.3548485040664673,True
-B3,loss_center,45,1262,0.020816735847463474,0.0037554714363068342,0.22933608293533325,True
-B3,loss_center,46,1262,0.021772115299273018,0.0023772793356329203,0.41273221373558044,True
-B3,loss_center,47,1262,0.021641680214734137,0.003512564580887556,0.26353541016578674,True
-B3,loss_center,48,1262,0.021567933170254773,0.0041462741792202,0.37873169779777527,True
-B3,loss_center,49,1262,0.021812020911703776,0.0044145844876766205,0.2693256735801697,True
-B3,loss_center,50,1262,0.021124259272454492,0.004921533167362213,0.29055508971214294,True
-B3,loss_center,51,1262,0.021245918647539632,0.0032912082970142365,0.23442435264587402,True
-B3,loss_center,52,1262,0.02258979143348276,0.0036676356103271246,0.3942353129386902,True
-B3,loss_center,53,1262,0.021209936914079942,0.003716554492712021,0.2838857173919678,True
-B3,loss_center,54,1262,0.021911974816631805,0.004677606746554375,0.2474079132080078,True
-B3,loss_center,55,1262,0.022244930127856992,0.0030872421339154243,0.24368071556091309,True
-B3,loss_center,56,1262,0.021787736004383766,0.003651751670986414,0.37172824144363403,True
-B3,loss_center,57,1262,0.021118894566615035,0.004874788224697113,0.2945414185523987,True
-B3,loss_center,58,1262,0.020715699162151185,0.004318566527217627,0.2446412891149521,True
-B3,loss_center,59,1262,0.021401224680401374,0.004537944681942463,0.2771240174770355,True
-B3,loss_center,60,1262,0.021111139323062036,0.0034427305217832327,0.25835636258125305,True
-B3,loss_center_aux,1,1262,0.21321753949877437,0.02814931422472,1.7441810369491577,True
-B3,loss_center_aux,2,1262,0.10603505776229827,0.015301883220672607,0.43118247389793396,True
-B3,loss_center_aux,3,1262,0.08853987930121163,0.013103283941745758,0.4420650005340576,True
-B3,loss_center_aux,4,1262,0.07774585688179698,0.010061019100248814,0.48538023233413696,True
-B3,loss_center_aux,5,1262,0.07297344407710216,0.010106619447469711,0.4960178732872009,True
-B3,loss_center_aux,6,1262,0.06858584245632915,0.0069040036760270596,0.36029598116874695,True
-B3,loss_center_aux,7,1262,0.06432783939741352,0.006573053076863289,0.3693721294403076,True
-B3,loss_center_aux,8,1262,0.06343499278257086,0.009594502858817577,0.3782550096511841,True
-B3,loss_center_aux,9,1262,0.05852750009412858,0.00634970236569643,0.3947494924068451,True
-B3,loss_center_aux,10,1262,0.05526980474479083,0.008969472721219063,0.42805421352386475,True
-B3,loss_center_aux,11,1262,0.05281744007369512,0.008742241188883781,0.3089729845523834,True
-B3,loss_center_aux,12,1262,0.05311675652309591,0.007207321934401989,0.42577189207077026,True
-B3,loss_center_aux,13,1262,0.05086233195067987,0.008337223902344704,0.3828964829444885,True
-B3,loss_center_aux,14,1262,0.04541789499744655,0.006557115353643894,0.38862091302871704,True
-B3,loss_center_aux,15,1262,0.046239843221216,0.007219819352030754,0.41966962814331055,True
-B3,loss_center_aux,16,1262,0.043595587617013654,0.004441107157617807,0.3453860282897949,True
-B3,loss_center_aux,17,1262,0.042512312815591057,0.007002032361924648,0.40791699290275574,True
-B3,loss_center_aux,18,1262,0.0415464342042668,0.005752784200012684,0.29651349782943726,True
-B3,loss_center_aux,19,1262,0.039504022735264,0.005429448559880257,0.35315340757369995,True
-B3,loss_center_aux,20,1262,0.041650136327223405,0.005671185906976461,0.4316970705986023,True
-B3,loss_center_aux,21,1262,0.029896262185589047,0.00531057408079505,0.29391899704933167,True
-B3,loss_center_aux,22,1262,0.02864172146803214,0.004965348169207573,0.30382364988327026,True
-B3,loss_center_aux,23,1262,0.027269315561604363,0.004475141875445843,0.24797821044921875,True
-B3,loss_center_aux,24,1262,0.026889318735346127,0.004720902070403099,0.22479033470153809,True
-B3,loss_center_aux,25,1262,0.02625969875966997,0.005141206551343203,0.3865054249763489,True
-B3,loss_center_aux,26,1262,0.026645106533188048,0.004498002119362354,0.34772634506225586,True
-B3,loss_center_aux,27,1262,0.024773555587853192,0.0037669437006115913,0.2636222243309021,True
-B3,loss_center_aux,28,1262,0.02474611053957638,0.0046484386548399925,0.211831197142601,True
-B3,loss_center_aux,29,1262,0.025084276795431546,0.0045736306346952915,0.5156518220901489,True
-B3,loss_center_aux,30,1262,0.02453014417625255,0.00338873453438282,0.3157501816749573,True
-B3,loss_center_aux,31,1262,0.024217183096186742,0.005027822684496641,0.4342741370201111,True
-B3,loss_center_aux,32,1262,0.02324873531973742,0.00451523857191205,0.3132935166358948,True
-B3,loss_center_aux,33,1262,0.02355898580611307,0.004926181398332119,0.6347992420196533,True
-B3,loss_center_aux,34,1262,0.023572451782615033,0.005605380982160568,0.2811632752418518,True
-B3,loss_center_aux,35,1262,0.022594393768772873,0.00384197267703712,0.31994184851646423,True
-B3,loss_center_aux,36,1262,0.023840924473287516,0.004611292853951454,0.3368709087371826,True
-B3,loss_center_aux,37,1262,0.02337314618792733,0.003932559862732887,0.4905264377593994,True
-B3,loss_center_aux,38,1262,0.023800808046730428,0.004958913661539555,0.31113773584365845,True
-B3,loss_center_aux,39,1262,0.022326329878343952,0.004384645260870457,0.2907889485359192,True
-B3,loss_center_aux,40,1262,0.021489578692564258,0.0041322228498756886,0.1950034350156784,True
-B3,loss_center_aux,41,1262,0.021853751585953138,0.004093456082046032,0.34588152170181274,True
-B3,loss_center_aux,42,1262,0.021691588278662077,0.004555439576506615,0.29901885986328125,True
-B3,loss_center_aux,43,1262,0.020196675700054352,0.0035778749734163284,0.29306742548942566,True
-B3,loss_center_aux,44,1262,0.021508029327770656,0.004593151621520519,0.3044717013835907,True
-B3,loss_center_aux,45,1262,0.02030589970244942,0.0035483920946717262,0.21309475600719452,True
-B3,loss_center_aux,46,1262,0.02125085112653531,0.002306419424712658,0.25269216299057007,True
-B3,loss_center_aux,47,1262,0.02095994046149796,0.003751970361918211,0.26605474948883057,True
-B3,loss_center_aux,48,1262,0.02109922038940285,0.004657822195440531,0.2823258638381958,True
-B3,loss_center_aux,49,1262,0.02113391833620444,0.004313333425670862,0.26915478706359863,True
-B3,loss_center_aux,50,1262,0.020781294163759272,0.004510392434895039,0.21859727799892426,True
-B3,loss_center_aux,51,1262,0.020640787390679146,0.0045183030888438225,0.23391711711883545,True
-B3,loss_center_aux,52,1262,0.021680169840116,0.003831754205748439,0.2385130375623703,True
-B3,loss_center_aux,53,1262,0.020428643308590254,0.003764121560379863,0.2831360995769501,True
-B3,loss_center_aux,54,1262,0.021400321496756844,0.005482889711856842,0.24648869037628174,True
-B3,loss_center_aux,55,1262,0.02149304054937991,0.003014687215909362,0.24223041534423828,True
-B3,loss_center_aux,56,1262,0.021098501908721288,0.003952021710574627,0.28837957978248596,True
-B3,loss_center_aux,57,1262,0.02067521292378273,0.004297500476241112,0.29218339920043945,True
-B3,loss_center_aux,58,1262,0.020325895831676676,0.0045318156480789185,0.24346624314785004,True
-B3,loss_center_aux,59,1262,0.020904245890054126,0.004544620867818594,0.27533602714538574,True
-B3,loss_center_aux,60,1262,0.02064593217930448,0.004587265662848949,0.2562018632888794,True
-B3,loss_center_motion,1,1262,0.3264068234896379,0.014210044406354427,2.0619683265686035,True
-B3,loss_center_motion,2,1262,0.18545889177119063,0.007372275926172733,1.072341799736023,True
-B3,loss_center_motion,3,1262,0.15547426488832017,0.006192651577293873,0.8435004353523254,True
-B3,loss_center_motion,4,1262,0.13133523581684575,0.0024622303899377584,1.105107307434082,True
-B3,loss_center_motion,5,1262,0.11341805327181866,0.006313222460448742,0.7828866839408875,True
-B3,loss_center_motion,6,1262,0.10669818614748279,0.005077808629721403,0.8513599634170532,True
-B3,loss_center_motion,7,1262,0.09734821492321229,0.002668647328391671,0.8867307901382446,True
-B3,loss_center_motion,8,1262,0.08788982537211983,0.002727353945374489,0.8218590021133423,True
-B3,loss_center_motion,9,1262,0.08298304831615033,0.00596343819051981,0.9909747838973999,True
-B3,loss_center_motion,10,1262,0.07414780140052979,0.003446051850914955,1.0528141260147095,True
-B3,loss_center_motion,11,1262,0.06880120539937387,0.003928685560822487,0.7181305885314941,True
-B3,loss_center_motion,12,1262,0.06870955479854907,0.0,0.6917977929115295,True
-B3,loss_center_motion,13,1262,0.06895354849791151,0.002731233835220337,1.2852641344070435,True
-B3,loss_center_motion,14,1262,0.05968207189010341,0.0037311320193111897,0.8677955865859985,True
-B3,loss_center_motion,15,1262,0.0555541010611512,0.0009700518567115068,0.7448759078979492,True
-B3,loss_center_motion,16,1262,0.05488439147106391,0.001048673060722649,1.0701912641525269,True
-B3,loss_center_motion,17,1262,0.054321286800795676,0.0,0.6312550902366638,True
-B3,loss_center_motion,18,1262,0.052672415751470886,0.0023693805560469627,0.5903996229171753,True
-B3,loss_center_motion,19,1262,0.050044533568390136,0.002130319131538272,1.0364030599594116,True
-B3,loss_center_motion,20,1262,0.04847618934927913,0.0020954604260623455,0.6209269762039185,True
-B3,loss_center_motion,21,1262,0.03577914669602023,0.0030324410181492567,0.5264167189598083,True
-B3,loss_center_motion,22,1262,0.03318117643647832,0.0008688395610079169,0.5083988904953003,True
-B3,loss_center_motion,23,1262,0.03088091494494875,0.0010949266143143177,0.5925801992416382,True
-B3,loss_center_motion,24,1262,0.02957538225803902,0.0013326065381988883,0.7192726135253906,True
-B3,loss_center_motion,25,1262,0.028666566726297773,0.0006471022497862577,0.5981007218360901,True
-B3,loss_center_motion,26,1262,0.02922117564511351,0.0021804901771247387,0.5140177607536316,True
-B3,loss_center_motion,27,1262,0.02744260668941285,0.002450411207973957,0.5884966254234314,True
-B3,loss_center_motion,28,1262,0.027255106481012082,0.002228310564532876,0.32798877358436584,True
-B3,loss_center_motion,29,1262,0.02684525820703752,0.0011158266570419073,0.48302584886550903,True
-B3,loss_center_motion,30,1262,0.025573051068931818,0.0014060338726267219,0.34936878085136414,True
-B3,loss_center_motion,31,1262,0.02619604639566567,0.0020412032026797533,0.6448180079460144,True
-B3,loss_center_motion,32,1262,0.025730028847677458,0.0014381407527253032,0.6802970767021179,True
-B3,loss_center_motion,33,1262,0.02494390884863741,0.0011339957127347589,0.4467111825942993,True
-B3,loss_center_motion,34,1262,0.026635353294977543,0.0015785491559654474,0.3243609666824341,True
-B3,loss_center_motion,35,1262,0.02456340399827578,0.0,0.35566288232803345,True
-B3,loss_center_motion,36,1262,0.025668220420363586,0.0022349823266267776,0.4120810031890869,True
-B3,loss_center_motion,37,1262,0.024547643799566487,0.000983846839517355,0.6847162246704102,True
-B3,loss_center_motion,38,1262,0.0244070882573222,0.0013726642355322838,0.5593171119689941,True
-B3,loss_center_motion,39,1262,0.023395799628234574,0.0016752243973314762,0.5396137237548828,True
-B3,loss_center_motion,40,1262,0.022501315362161104,0.0018606092780828476,0.36269569396972656,True
-B3,loss_center_motion,41,1262,0.022038993643138854,0.0,0.25604742765426636,True
-B3,loss_center_motion,42,1262,0.022887003335182256,0.0014174191746860743,0.5854434967041016,True
-B3,loss_center_motion,43,1262,0.020763110443241244,0.002069662092253566,0.3797887861728668,True
-B3,loss_center_motion,44,1262,0.02234469339155674,0.00042043664143420756,0.542881429195404,True
-B3,loss_center_motion,45,1262,0.021067749823738043,0.001556078321300447,0.3460310399532318,True
-B3,loss_center_motion,46,1262,0.021652412938438177,0.0,0.3520216643810272,True
-B3,loss_center_motion,47,1262,0.02162032000904856,7.203240238595754e-05,0.3813624680042267,True
-B3,loss_center_motion,48,1262,0.021913695493111573,0.0,0.5050585865974426,True
-B3,loss_center_motion,49,1262,0.02118480371201718,0.0015404479345306754,0.37721648812294006,True
-B3,loss_center_motion,50,1262,0.02236372509804479,0.0019757216796278954,0.6977143883705139,True
-B3,loss_center_motion,51,1262,0.021166138295823134,0.00028487571398727596,0.4230862557888031,True
-B3,loss_center_motion,52,1262,0.0218777484471975,0.0002875820791814476,0.5434853434562683,True
-B3,loss_center_motion,53,1262,0.02104497848035437,0.0017570998752489686,0.3556980788707733,True
-B3,loss_center_motion,54,1262,0.02162503486457864,0.0018923599272966385,0.4258294701576233,True
-B3,loss_center_motion,55,1262,0.022763881759163475,0.00024494138779118657,0.4163663685321808,True
-B3,loss_center_motion,56,1262,0.02124593659062765,0.002342430641874671,0.3016453683376312,True
-B3,loss_center_motion,57,1262,0.02159180075936418,0.0,0.41636690497398376,True
-B3,loss_center_motion,58,1262,0.021170694074647358,0.0014961321139708161,0.3272731602191925,True
-B3,loss_center_motion,59,1262,0.021371463628675088,0.000302323664072901,0.3981952369213104,True
-B3,loss_center_motion,60,1262,0.020983403693425592,0.0011183980386704206,0.30419743061065674,True
-B3,loss_center_ref,1,1262,0.4268579571648086,0.03877953812479973,2.0633938312530518,True
-B3,loss_center_ref,2,1262,0.11050166626846072,0.020151836797595024,0.30108070373535156,True
-B3,loss_center_ref,3,1262,0.07836598307691314,0.0118581373244524,0.19474607706069946,True
-B3,loss_center_ref,4,1262,0.05138912062321549,0.012166243977844715,0.15692497789859772,True
-B3,loss_center_ref,5,1262,0.038959676016080774,0.009632129222154617,0.11997488141059875,True
-B3,loss_center_ref,6,1262,0.032675582044735765,0.010145029984414577,0.12047760933637619,True
-B3,loss_center_ref,7,1262,0.029313718484974393,0.00750478683039546,0.2070627063512802,True
-B3,loss_center_ref,8,1262,0.026559276969752108,0.008497501723468304,0.1937621682882309,True
-B3,loss_center_ref,9,1262,0.02410157169945975,0.0067250728607177734,0.3240557610988617,True
-B3,loss_center_ref,10,1262,0.022202199143055004,0.0077256024815142155,0.09475944191217422,True
-B3,loss_center_ref,11,1262,0.021131352154337306,0.006839688401669264,0.09510038048028946,True
-B3,loss_center_ref,12,1262,0.019795260378845898,0.005935118068009615,0.14957661926746368,True
-B3,loss_center_ref,13,1262,0.018802826661799582,0.005816563963890076,0.09300965815782547,True
-B3,loss_center_ref,14,1262,0.017202101121678737,0.004445949103683233,0.0685238391160965,True
-B3,loss_center_ref,15,1262,0.017670364325376088,0.0055834148079156876,0.07781139761209488,True
-B3,loss_center_ref,16,1262,0.015994579953004247,0.005526287946850061,0.06854782998561859,True
-B3,loss_center_ref,17,1262,0.015430722326607032,0.005808462388813496,0.057530727237463,True
-B3,loss_center_ref,18,1262,0.01544491594905261,0.004690843168646097,0.08048049360513687,True
-B3,loss_center_ref,19,1262,0.014273270096027671,0.005438951775431633,0.06597213447093964,True
-B3,loss_center_ref,20,1262,0.015034706276072493,0.005926363170146942,0.09298757463693619,True
-B3,loss_center_ref,21,1262,0.010809516351376313,0.003762217005714774,0.05737887695431709,True
-B3,loss_center_ref,22,1262,0.010261059545715547,0.004789572674781084,0.05366655811667442,True
-B3,loss_center_ref,23,1262,0.009945686427631346,0.004080237355083227,0.045928750187158585,True
-B3,loss_center_ref,24,1262,0.009763814350250642,0.004645575303584337,0.04626430198550224,True
-B3,loss_center_ref,25,1262,0.009509677241007293,0.003831123234704137,0.03869247063994408,True
-B3,loss_center_ref,26,1262,0.00946610579274524,0.004417828284204006,0.039039600640535355,True
-B3,loss_center_ref,27,1262,0.009350515594860914,0.003827626584097743,0.04642271623015404,True
-B3,loss_center_ref,28,1262,0.009223585207422638,0.004522709175944328,0.044226862490177155,True
-B3,loss_center_ref,29,1262,0.009153666388739354,0.004086285829544067,0.046852871775627136,True
-B3,loss_center_ref,30,1262,0.009031184701390695,0.003292554523795843,0.036253057420253754,True
-B3,loss_center_ref,31,1262,0.008808865615944548,0.003058834234252572,0.03315937519073486,True
-B3,loss_center_ref,32,1262,0.008893062272765888,0.0041208104230463505,0.03561289981007576,True
-B3,loss_center_ref,33,1262,0.008814515412575528,0.0037176080513745546,0.034952931106090546,True
-B3,loss_center_ref,34,1262,0.00883238039753605,0.0032674625981599092,0.03116227127611637,True
-B3,loss_center_ref,35,1262,0.008676243668109202,0.003715566825121641,0.031056663021445274,True
-B3,loss_center_ref,36,1262,0.008718475826171695,0.0038338026497513056,0.02971257083117962,True
-B3,loss_center_ref,37,1262,0.008672834329178671,0.003825592575594783,0.035295095294713974,True
-B3,loss_center_ref,38,1262,0.008642980342003238,0.0034960682969540358,0.0289728045463562,True
-B3,loss_center_ref,39,1262,0.008619147855987722,0.003141938243061304,0.030207032337784767,True
-B3,loss_center_ref,40,1262,0.008600441089546435,0.003945688251405954,0.03151663392782211,True
-B3,loss_center_ref,41,1262,0.008380869595723584,0.0034597967751324177,0.03575018420815468,True
-B3,loss_center_ref,42,1262,0.008292419308089546,0.003676825203001499,0.028528746217489243,True
-B3,loss_center_ref,43,1262,0.008226154490171824,0.0037548583932220936,0.0426630899310112,True
-B3,loss_center_ref,44,1262,0.008232721513529823,0.003816958051174879,0.02887100726366043,True
-B3,loss_center_ref,45,1262,0.008281627790404634,0.0037128303665667772,0.03561190888285637,True
-B3,loss_center_ref,46,1262,0.008255216720323602,0.0029032372403889894,0.03028048761188984,True
-B3,loss_center_ref,47,1262,0.008221975536190458,0.0038070636801421642,0.025626279413700104,True
-B3,loss_center_ref,48,1262,0.008150828459850629,0.003622150281444192,0.029051078483462334,True
-B3,loss_center_ref,49,1262,0.008203096744248706,0.00394465634599328,0.02579282782971859,True
-B3,loss_center_ref,50,1262,0.008164620911038338,0.0033986540511250496,0.026604706421494484,True
-B3,loss_center_ref,51,1262,0.008193554113716441,0.0036790072917938232,0.027082690969109535,True
-B3,loss_center_ref,52,1262,0.00816119364599318,0.0034067542292177677,0.027304954826831818,True
-B3,loss_center_ref,53,1262,0.008135629648478516,0.0034245015121996403,0.028444631025195122,True
-B3,loss_center_ref,54,1262,0.008150520679325444,0.00344090536236763,0.029344959184527397,True
-B3,loss_center_ref,55,1262,0.008161601268246521,0.0031563148368149996,0.032260920852422714,True
-B3,loss_center_ref,56,1262,0.0081487287167259,0.003265692386776209,0.03554626926779747,True
-B3,loss_center_ref,57,1262,0.008131712130470151,0.003939446061849594,0.028932085260748863,True
-B3,loss_center_ref,58,1262,0.008089366840883476,0.004381322301924229,0.03249868005514145,True
-B3,loss_center_ref,59,1262,0.008204924026814107,0.00375545397400856,0.02440737374126911,True
-B3,loss_center_ref,60,1262,0.00818255048233384,0.003952696453779936,0.02841722033917904,True
-B3,loss_ct_correction,1,1262,0.0,0.0,0.0,True
-B3,loss_ct_correction,2,1262,0.0,0.0,0.0,True
-B3,loss_ct_correction,3,1262,0.0,0.0,0.0,True
-B3,loss_ct_correction,4,1262,0.0,0.0,0.0,True
-B3,loss_ct_correction,5,1262,0.0,0.0,0.0,True
-B3,loss_ct_correction,6,1262,0.0,0.0,0.0,True
-B3,loss_ct_correction,7,1262,0.0,0.0,0.0,True
-B3,loss_ct_correction,8,1262,0.0,0.0,0.0,True
-B3,loss_ct_correction,9,1262,0.0,0.0,0.0,True
-B3,loss_ct_correction,10,1262,0.0,0.0,0.0,True
-B3,loss_ct_correction,11,1262,0.0,0.0,0.0,True
-B3,loss_ct_correction,12,1262,0.0,0.0,0.0,True
-B3,loss_ct_correction,13,1262,0.0,0.0,0.0,True
-B3,loss_ct_correction,14,1262,0.0,0.0,0.0,True
-B3,loss_ct_correction,15,1262,0.0,0.0,0.0,True
-B3,loss_ct_correction,16,1262,0.0,0.0,0.0,True
-B3,loss_ct_correction,17,1262,0.0,0.0,0.0,True
-B3,loss_ct_correction,18,1262,0.0,0.0,0.0,True
-B3,loss_ct_correction,19,1262,0.0,0.0,0.0,True
-B3,loss_ct_correction,20,1262,0.0,0.0,0.0,True
-B3,loss_ct_correction,21,1262,0.0,0.0,0.0,True
-B3,loss_ct_correction,22,1262,0.0,0.0,0.0,True
-B3,loss_ct_correction,23,1262,0.0,0.0,0.0,True
-B3,loss_ct_correction,24,1262,0.0,0.0,0.0,True
-B3,loss_ct_correction,25,1262,0.0,0.0,0.0,True
-B3,loss_ct_correction,26,1262,0.0,0.0,0.0,True
-B3,loss_ct_correction,27,1262,0.0,0.0,0.0,True
-B3,loss_ct_correction,28,1262,0.0,0.0,0.0,True
-B3,loss_ct_correction,29,1262,0.0,0.0,0.0,True
-B3,loss_ct_correction,30,1262,0.0,0.0,0.0,True
-B3,loss_ct_correction,31,1262,0.0,0.0,0.0,True
-B3,loss_ct_correction,32,1262,0.0,0.0,0.0,True
-B3,loss_ct_correction,33,1262,0.0,0.0,0.0,True
-B3,loss_ct_correction,34,1262,0.0,0.0,0.0,True
-B3,loss_ct_correction,35,1262,0.0,0.0,0.0,True
-B3,loss_ct_correction,36,1262,0.0,0.0,0.0,True
-B3,loss_ct_correction,37,1262,0.0,0.0,0.0,True
-B3,loss_ct_correction,38,1262,0.0,0.0,0.0,True
-B3,loss_ct_correction,39,1262,0.0,0.0,0.0,True
-B3,loss_ct_correction,40,1262,0.0,0.0,0.0,True
-B3,loss_ct_correction,41,1262,0.0,0.0,0.0,True
-B3,loss_ct_correction,42,1262,0.0,0.0,0.0,True
-B3,loss_ct_correction,43,1262,0.0,0.0,0.0,True
-B3,loss_ct_correction,44,1262,0.0,0.0,0.0,True
-B3,loss_ct_correction,45,1262,0.0,0.0,0.0,True
-B3,loss_ct_correction,46,1262,0.0,0.0,0.0,True
-B3,loss_ct_correction,47,1262,0.0,0.0,0.0,True
-B3,loss_ct_correction,48,1262,0.0,0.0,0.0,True
-B3,loss_ct_correction,49,1262,0.0,0.0,0.0,True
-B3,loss_ct_correction,50,1262,0.0,0.0,0.0,True
-B3,loss_ct_correction,51,1262,0.0,0.0,0.0,True
-B3,loss_ct_correction,52,1262,0.0,0.0,0.0,True
-B3,loss_ct_correction,53,1262,0.0,0.0,0.0,True
-B3,loss_ct_correction,54,1262,0.0,0.0,0.0,True
-B3,loss_ct_correction,55,1262,0.0,0.0,0.0,True
-B3,loss_ct_correction,56,1262,0.0,0.0,0.0,True
-B3,loss_ct_correction,57,1262,0.0,0.0,0.0,True
-B3,loss_ct_correction,58,1262,0.0,0.0,0.0,True
-B3,loss_ct_correction,59,1262,0.0,0.0,0.0,True
-B3,loss_ct_correction,60,1262,0.0,0.0,0.0,True
-B3,loss_ct_query_gate,1,1262,0.8348445067220558,0.6798633337020874,1.523512840270996,True
-B3,loss_ct_query_gate,2,1262,0.695301465300486,0.6862521171569824,0.7088245749473572,True
-B3,loss_ct_query_gate,3,1262,0.6934176169560186,0.6807814240455627,0.7074261903762817,True
-B3,loss_ct_query_gate,4,1262,0.6928177919421823,0.6800879240036011,0.7088916301727295,True
-B3,loss_ct_query_gate,5,1262,0.6924649518567673,0.6731039881706238,0.7072328925132751,True
-B3,loss_ct_query_gate,6,1262,0.6922191609104538,0.674107015132904,0.713033139705658,True
-B3,loss_ct_query_gate,7,1262,0.6921692261983022,0.669959306716919,0.709052324295044,True
-B3,loss_ct_query_gate,8,1262,0.6921315011811898,0.6754269003868103,0.7081055641174316,True
-B3,loss_ct_query_gate,9,1262,0.6918167321221008,0.6732787489891052,0.710718035697937,True
-B3,loss_ct_query_gate,10,1262,0.6916655382811551,0.6752635836601257,0.709869384765625,True
-B3,loss_ct_query_gate,11,1262,0.6914052754026585,0.670344352722168,0.7098888158798218,True
-B3,loss_ct_query_gate,12,1262,0.6913360122549931,0.673313558101654,0.719174325466156,True
-B3,loss_ct_query_gate,13,1262,0.6912651744017322,0.6709181070327759,0.7104422450065613,True
-B3,loss_ct_query_gate,14,1262,0.6912367484648897,0.6703711152076721,0.7112298607826233,True
-B3,loss_ct_query_gate,15,1262,0.6911579773373158,0.6648616194725037,0.716558039188385,True
-B3,loss_ct_query_gate,16,1262,0.6913116658357358,0.6661770939826965,0.7163772583007812,True
-B3,loss_ct_query_gate,17,1262,0.6909062870425392,0.6660675406455994,0.7129839658737183,True
-B3,loss_ct_query_gate,18,1262,0.6911559524324541,0.6561218500137329,0.7125779986381531,True
-B3,loss_ct_query_gate,19,1262,0.6910374427654097,0.6686562895774841,0.7135695219039917,True
-B3,loss_ct_query_gate,20,1262,0.6909015447893158,0.6623454689979553,0.7194995880126953,True
-B3,loss_ct_query_gate,21,1262,0.6906395229125741,0.6592987775802612,0.7160377502441406,True
-B3,loss_ct_query_gate,22,1262,0.691005811307774,0.657900869846344,0.7271191477775574,True
-B3,loss_ct_query_gate,23,1262,0.6909786659734185,0.6689494848251343,0.7206177711486816,True
-B3,loss_ct_query_gate,24,1262,0.6908276236472908,0.6600483655929565,0.7217483520507812,True
-B3,loss_ct_query_gate,25,1262,0.6908530304341233,0.6664808988571167,0.715355396270752,True
-B3,loss_ct_query_gate,26,1262,0.6911633247052055,0.666069746017456,0.7283296585083008,True
-B3,loss_ct_query_gate,27,1262,0.6909710416797602,0.6584160923957825,0.7244790196418762,True
-B3,loss_ct_query_gate,28,1262,0.6909964909266367,0.6657646894454956,0.7153679132461548,True
-B3,loss_ct_query_gate,29,1262,0.6907756579847986,0.6702152490615845,0.7207510471343994,True
-B3,loss_ct_query_gate,30,1262,0.6910470219213876,0.6695345640182495,0.7158501148223877,True
-B3,loss_ct_query_gate,31,1262,0.6909777945742932,0.6651460528373718,0.7200402021408081,True
-B3,loss_ct_query_gate,32,1262,0.6908403711065815,0.6649762392044067,0.7226899266242981,True
-B3,loss_ct_query_gate,33,1262,0.6908191261125253,0.6554450392723083,0.7130575180053711,True
-B3,loss_ct_query_gate,34,1262,0.6910128300144631,0.6697041392326355,0.7156068086624146,True
-B3,loss_ct_query_gate,35,1262,0.6907067138778427,0.6655137538909912,0.7193006873130798,True
-B3,loss_ct_query_gate,36,1262,0.6910878809053811,0.6637762784957886,0.7148395776748657,True
-B3,loss_ct_query_gate,37,1262,0.6906306362000962,0.6636325120925903,0.7142787575721741,True
-B3,loss_ct_query_gate,38,1262,0.6908876791053264,0.6599633693695068,0.7159998416900635,True
-B3,loss_ct_query_gate,39,1262,0.6909693051159098,0.6595287919044495,0.7158712148666382,True
-B3,loss_ct_query_gate,40,1262,0.6909261092236605,0.669686496257782,0.7307469844818115,True
-B3,loss_ct_query_gate,41,1262,0.6907822717388534,0.6655106544494629,0.7144011855125427,True
-B3,loss_ct_query_gate,42,1262,0.6906316077274679,0.6549967527389526,0.7155153155326843,True
-B3,loss_ct_query_gate,43,1262,0.6908887508081748,0.6599074602127075,0.7211035490036011,True
-B3,loss_ct_query_gate,44,1262,0.6907991948293998,0.659978449344635,0.7168680429458618,True
-B3,loss_ct_query_gate,45,1262,0.6908364431038144,0.6676685810089111,0.7166218161582947,True
-B3,loss_ct_query_gate,46,1262,0.6908625854554153,0.6668525338172913,0.7291380167007446,True
-B3,loss_ct_query_gate,47,1262,0.6908728390601471,0.6607827544212341,0.7209492921829224,True
-B3,loss_ct_query_gate,48,1262,0.6908463907506311,0.6620970368385315,0.7131796479225159,True
-B3,loss_ct_query_gate,49,1262,0.6908519671854996,0.6683179140090942,0.7139946222305298,True
-B3,loss_ct_query_gate,50,1262,0.6907595320945685,0.6627413034439087,0.7129116058349609,True
-B3,loss_ct_query_gate,51,1262,0.6910025771654162,0.6630975008010864,0.7162966132164001,True
-B3,loss_ct_query_gate,52,1262,0.6908820428296617,0.6524394154548645,0.7160896062850952,True
-B3,loss_ct_query_gate,53,1262,0.6906794223184631,0.6641071438789368,0.7117916941642761,True
-B3,loss_ct_query_gate,54,1262,0.6909594937285228,0.6648865938186646,0.7216511964797974,True
-B3,loss_ct_query_gate,55,1262,0.6911294993999076,0.6616716980934143,0.7123622894287109,True
-B3,loss_ct_query_gate,56,1262,0.6907884177239686,0.6648308038711548,0.7131033539772034,True
-B3,loss_ct_query_gate,57,1262,0.6909425719131947,0.6684799194335938,0.7204060554504395,True
-B3,loss_ct_query_gate,58,1262,0.6909042159936696,0.6696139574050903,0.7187468409538269,True
-B3,loss_ct_query_gate,59,1262,0.6907416094690797,0.6651889085769653,0.7137362360954285,True
-B3,loss_ct_query_gate,60,1262,0.6908226395749063,0.6668465733528137,0.7166234850883484,True
-B3,loss_ct_raw_search,1,1262,0.1102427327592168,0.0067625511437654495,1.071567177772522,True
-B3,loss_ct_raw_search,2,1262,0.046578888458874305,0.0047714486718177795,0.40006551146507263,True
-B3,loss_ct_raw_search,3,1262,0.042032475035309956,0.005237842444330454,0.3174275755882263,True
-B3,loss_ct_raw_search,4,1262,0.041299686463115805,0.006006158422678709,0.45757198333740234,True
-B3,loss_ct_raw_search,5,1262,0.04077478586685019,0.003378606168553233,0.4269590973854065,True
-B3,loss_ct_raw_search,6,1262,0.03922176967864257,0.0024718460626900196,0.3558928966522217,True
-B3,loss_ct_raw_search,7,1262,0.03779942126171265,0.0042150141671299934,0.27225053310394287,True
-B3,loss_ct_raw_search,8,1262,0.0374692769676134,0.005004811100661755,0.335585355758667,True
-B3,loss_ct_raw_search,9,1262,0.03519558881980658,0.0039540440775454044,0.31544142961502075,True
-B3,loss_ct_raw_search,10,1262,0.03553438327709145,0.005061937961727381,0.3888719975948334,True
-B3,loss_ct_raw_search,11,1262,0.03353974997972193,0.004368569701910019,0.3209434151649475,True
-B3,loss_ct_raw_search,12,1262,0.03197886886351141,0.0038445950485765934,0.41658884286880493,True
-B3,loss_ct_raw_search,13,1262,0.032426484851993134,0.0032730400562286377,0.4739978611469269,True
-B3,loss_ct_raw_search,14,1262,0.029660656575553366,0.00531018478795886,0.3521178960800171,True
-B3,loss_ct_raw_search,15,1262,0.02873178483034955,0.00237906607799232,0.3028978109359741,True
-B3,loss_ct_raw_search,16,1262,0.02822280650118605,0.00453886529430747,0.3037659525871277,True
-B3,loss_ct_raw_search,17,1262,0.028389546148650194,0.0026609417982399464,0.34641891717910767,True
-B3,loss_ct_raw_search,18,1262,0.026146602149936186,0.003407546551898122,0.20030464231967926,True
-B3,loss_ct_raw_search,19,1262,0.026395423851077772,0.0035081435926258564,0.4412989914417267,True
-B3,loss_ct_raw_search,20,1262,0.025902365909582344,0.0037945108488202095,0.32032540440559387,True
-B3,loss_ct_raw_search,21,1262,0.023474662361198686,0.0036588087677955627,0.2243080586194992,True
-B3,loss_ct_raw_search,22,1262,0.022903235626987015,0.0030447898898273706,0.2954215705394745,True
-B3,loss_ct_raw_search,23,1262,0.02303802678892876,0.003820770885795355,0.3366186320781708,True
-B3,loss_ct_raw_search,24,1262,0.02251584709676576,0.0025982323568314314,0.2027554214000702,True
-B3,loss_ct_raw_search,25,1262,0.022705539924840895,0.0029410580173134804,0.18413132429122925,True
-B3,loss_ct_raw_search,26,1262,0.021828072598327995,0.0027073146775364876,0.275978684425354,True
-B3,loss_ct_raw_search,27,1262,0.021966519177759956,0.00391946267336607,0.16457150876522064,True
-B3,loss_ct_raw_search,28,1262,0.021890721673503068,0.0032267444767057896,0.25424644351005554,True
-B3,loss_ct_raw_search,29,1262,0.02125113609316279,0.0034729614853858948,0.16926580667495728,True
-B3,loss_ct_raw_search,30,1262,0.021892833057237514,0.002704686252400279,0.1729649156332016,True
-B3,loss_ct_raw_search,31,1262,0.02182094866454914,0.0029280460439622402,0.33498820662498474,True
-B3,loss_ct_raw_search,32,1262,0.021587472528746137,0.0033783616963773966,0.14895549416542053,True
-B3,loss_ct_raw_search,33,1262,0.02142688906168574,0.003847717773169279,0.19383040070533752,True
-B3,loss_ct_raw_search,34,1262,0.021903769885412698,0.0027234642766416073,0.296864777803421,True
-B3,loss_ct_raw_search,35,1262,0.020817610049043176,0.003716652048751712,0.24351346492767334,True
-B3,loss_ct_raw_search,36,1262,0.021847912930276853,0.0033168247900903225,0.17701680958271027,True
-B3,loss_ct_raw_search,37,1262,0.021153817648103493,0.0031595772597938776,0.15635636448860168,True
-B3,loss_ct_raw_search,38,1262,0.02201180349446526,0.0035308590158820152,0.2589348256587982,True
-B3,loss_ct_raw_search,39,1262,0.021376504825513735,0.0028805299662053585,0.20207154750823975,True
-B3,loss_ct_raw_search,40,1262,0.021274166792356622,0.0037442254833877087,0.16546222567558289,True
-B3,loss_ct_raw_search,41,1262,0.02192549631032774,0.00370676233433187,0.2634306848049164,True
-B3,loss_ct_raw_search,42,1262,0.021115256206644624,0.003125185612589121,0.19660457968711853,True
-B3,loss_ct_raw_search,43,1262,0.021029296442541617,0.0030106310732662678,0.22851037979125977,True
-B3,loss_ct_raw_search,44,1262,0.020877471410266454,0.0035988236777484417,0.19804249703884125,True
-B3,loss_ct_raw_search,45,1262,0.020880125119851198,0.002959498902782798,0.15017031133174896,True
-B3,loss_ct_raw_search,46,1262,0.02068088152379435,0.0036897098179906607,0.21224425733089447,True
-B3,loss_ct_raw_search,47,1262,0.021389668104283086,0.002982293488457799,0.1787683516740799,True
-B3,loss_ct_raw_search,48,1262,0.020338671949799814,0.0029690787196159363,0.17486396431922913,True
-B3,loss_ct_raw_search,49,1262,0.02052323497675371,0.00316469999961555,0.1842784881591797,True
-B3,loss_ct_raw_search,50,1262,0.021089840496974377,0.003709554672241211,0.290854811668396,True
-B3,loss_ct_raw_search,51,1262,0.021320290915725574,0.0030148555524647236,0.3044843375682831,True
-B3,loss_ct_raw_search,52,1262,0.020758879230587956,0.0031004874035716057,0.28653213381767273,True
-B3,loss_ct_raw_search,53,1262,0.020615667007862045,0.002365359105169773,0.2113296538591385,True
-B3,loss_ct_raw_search,54,1262,0.021790492655923397,0.0020523436833173037,0.30235785245895386,True
-B3,loss_ct_raw_search,55,1262,0.021345326260378713,0.003263502148911357,0.14894014596939087,True
-B3,loss_ct_raw_search,56,1262,0.020621806488663148,0.003915839362889528,0.19832749664783478,True
-B3,loss_ct_raw_search,57,1262,0.020785580812244957,0.003158128121867776,0.18980441987514496,True
-B3,loss_ct_raw_search,58,1262,0.020850429147195586,0.00219716876745224,0.28549063205718994,True
-B3,loss_ct_raw_search,59,1262,0.020877600355640572,0.003130684606730938,0.19574739038944244,True
-B3,loss_ct_raw_search,60,1262,0.021221679816149447,0.0027346648275852203,0.30706700682640076,True
-B3,loss_ct_router,1,1262,0.0,0.0,0.0,True
-B3,loss_ct_router,2,1262,0.0,0.0,0.0,True
-B3,loss_ct_router,3,1262,0.0,0.0,0.0,True
-B3,loss_ct_router,4,1262,0.0,0.0,0.0,True
-B3,loss_ct_router,5,1262,0.0,0.0,0.0,True
-B3,loss_ct_router,6,1262,0.0,0.0,0.0,True
-B3,loss_ct_router,7,1262,0.0,0.0,0.0,True
-B3,loss_ct_router,8,1262,0.0,0.0,0.0,True
-B3,loss_ct_router,9,1262,0.0,0.0,0.0,True
-B3,loss_ct_router,10,1262,0.0,0.0,0.0,True
-B3,loss_ct_router,11,1262,0.0,0.0,0.0,True
-B3,loss_ct_router,12,1262,0.0,0.0,0.0,True
-B3,loss_ct_router,13,1262,0.0,0.0,0.0,True
-B3,loss_ct_router,14,1262,0.0,0.0,0.0,True
-B3,loss_ct_router,15,1262,0.0,0.0,0.0,True
-B3,loss_ct_router,16,1262,0.0,0.0,0.0,True
-B3,loss_ct_router,17,1262,0.0,0.0,0.0,True
-B3,loss_ct_router,18,1262,0.0,0.0,0.0,True
-B3,loss_ct_router,19,1262,0.0,0.0,0.0,True
-B3,loss_ct_router,20,1262,0.0,0.0,0.0,True
-B3,loss_ct_router,21,1262,0.0,0.0,0.0,True
-B3,loss_ct_router,22,1262,0.0,0.0,0.0,True
-B3,loss_ct_router,23,1262,0.0,0.0,0.0,True
-B3,loss_ct_router,24,1262,0.0,0.0,0.0,True
-B3,loss_ct_router,25,1262,0.0,0.0,0.0,True
-B3,loss_ct_router,26,1262,0.0,0.0,0.0,True
-B3,loss_ct_router,27,1262,0.0,0.0,0.0,True
-B3,loss_ct_router,28,1262,0.0,0.0,0.0,True
-B3,loss_ct_router,29,1262,0.0,0.0,0.0,True
-B3,loss_ct_router,30,1262,0.0,0.0,0.0,True
-B3,loss_ct_router,31,1262,0.0,0.0,0.0,True
-B3,loss_ct_router,32,1262,0.0,0.0,0.0,True
-B3,loss_ct_router,33,1262,0.0,0.0,0.0,True
-B3,loss_ct_router,34,1262,0.0,0.0,0.0,True
-B3,loss_ct_router,35,1262,0.0,0.0,0.0,True
-B3,loss_ct_router,36,1262,0.0,0.0,0.0,True
-B3,loss_ct_router,37,1262,0.0,0.0,0.0,True
-B3,loss_ct_router,38,1262,0.0,0.0,0.0,True
-B3,loss_ct_router,39,1262,0.0,0.0,0.0,True
-B3,loss_ct_router,40,1262,0.0,0.0,0.0,True
-B3,loss_ct_router,41,1262,0.0,0.0,0.0,True
-B3,loss_ct_router,42,1262,0.0,0.0,0.0,True
-B3,loss_ct_router,43,1262,0.0,0.0,0.0,True
-B3,loss_ct_router,44,1262,0.0,0.0,0.0,True
-B3,loss_ct_router,45,1262,0.0,0.0,0.0,True
-B3,loss_ct_router,46,1262,0.0,0.0,0.0,True
-B3,loss_ct_router,47,1262,0.0,0.0,0.0,True
-B3,loss_ct_router,48,1262,0.0,0.0,0.0,True
-B3,loss_ct_router,49,1262,0.0,0.0,0.0,True
-B3,loss_ct_router,50,1262,0.0,0.0,0.0,True
-B3,loss_ct_router,51,1262,0.0,0.0,0.0,True
-B3,loss_ct_router,52,1262,0.0,0.0,0.0,True
-B3,loss_ct_router,53,1262,0.0,0.0,0.0,True
-B3,loss_ct_router,54,1262,0.0,0.0,0.0,True
-B3,loss_ct_router,55,1262,0.0,0.0,0.0,True
-B3,loss_ct_router,56,1262,0.0,0.0,0.0,True
-B3,loss_ct_router,57,1262,0.0,0.0,0.0,True
-B3,loss_ct_router,58,1262,0.0,0.0,0.0,True
-B3,loss_ct_router,59,1262,0.0,0.0,0.0,True
-B3,loss_ct_router,60,1262,0.0,0.0,0.0,True
-B3,loss_ct_targetness,1,1262,0.04283259501761909,0.0055465493351221085,0.1568116992712021,True
-B3,loss_ct_targetness,2,1262,0.024324635844257043,0.0026557757519185543,0.1566377431154251,True
-B3,loss_ct_targetness,3,1262,0.01969322663338533,0.002401077887043357,0.169655904173851,True
-B3,loss_ct_targetness,4,1262,0.017418497600411868,0.001199064776301384,0.12974172830581665,True
-B3,loss_ct_targetness,5,1262,0.016842552425537963,0.0007700143032707274,0.12758567929267883,True
-B3,loss_ct_targetness,6,1262,0.01618844459858013,0.0014844342367723584,0.1893768161535263,True
-B3,loss_ct_targetness,7,1262,0.015654174665213457,0.0013368341606110334,0.1445278525352478,True
-B3,loss_ct_targetness,8,1262,0.014890225743007789,0.0011668901424854994,0.12233900278806686,True
-B3,loss_ct_targetness,9,1262,0.01491785801691778,0.001632800791412592,0.18903671205043793,True
-B3,loss_ct_targetness,10,1262,0.014635980160144585,0.0015392826171591878,0.1759650856256485,True
-B3,loss_ct_targetness,11,1262,0.014511390677365444,0.0012036816915497184,0.13237732648849487,True
-B3,loss_ct_targetness,12,1262,0.014766496025893333,0.0009662244119681418,0.17288437485694885,True
-B3,loss_ct_targetness,13,1262,0.013847726305707605,0.0012094805715605617,0.12741224467754364,True
-B3,loss_ct_targetness,14,1262,0.013832900268280298,0.0015573531854897738,0.2237113118171692,True
-B3,loss_ct_targetness,15,1262,0.013841340732048584,0.0012901939917355776,0.1807900071144104,True
-B3,loss_ct_targetness,16,1262,0.01358929732008195,0.0009167365496978164,0.1137169599533081,True
-B3,loss_ct_targetness,17,1262,0.013138819631468061,0.0012622333597391844,0.11982280761003494,True
-B3,loss_ct_targetness,18,1262,0.013144736495732423,0.0011953557841479778,0.13700316846370697,True
-B3,loss_ct_targetness,19,1262,0.012616786133518616,0.0013336942065507174,0.14064012467861176,True
-B3,loss_ct_targetness,20,1262,0.012517421580696103,0.001559148426167667,0.19275349378585815,True
-B3,loss_ct_targetness,21,1262,0.011620692035556724,0.0010443344945088029,0.2502310276031494,True
-B3,loss_ct_targetness,22,1262,0.01130449505528013,0.0010910255368798971,0.16432715952396393,True
-B3,loss_ct_targetness,23,1262,0.011313112780009729,0.0010048776166513562,0.16102460026741028,True
-B3,loss_ct_targetness,24,1262,0.011115171498727502,0.0005727998213842511,0.20175592601299286,True
-B3,loss_ct_targetness,25,1262,0.011405783868320994,0.0015272257151082158,0.1814870685338974,True
-B3,loss_ct_targetness,26,1262,0.01186740294629457,0.001516837626695633,0.461862176656723,True
-B3,loss_ct_targetness,27,1262,0.011007551190265485,0.0012546917423605919,0.10823537409305573,True
-B3,loss_ct_targetness,28,1262,0.011014381495360492,0.0015100041637197137,0.13074472546577454,True
-B3,loss_ct_targetness,29,1262,0.011400771918894778,0.00043252401519566774,0.1443583220243454,True
-B3,loss_ct_targetness,30,1262,0.011354069965954268,0.0012139348546043038,0.21667800843715668,True
-B3,loss_ct_targetness,31,1262,0.010625837929260869,0.0005580576253123581,0.12426719069480896,True
-B3,loss_ct_targetness,32,1262,0.011142109996449533,0.0010468504624441266,0.2506958842277527,True
-B3,loss_ct_targetness,33,1262,0.011057833387946678,0.001131611643359065,0.18719884753227234,True
-B3,loss_ct_targetness,34,1262,0.011054234410301825,0.0012499772710725665,0.1429114043712616,True
-B3,loss_ct_targetness,35,1262,0.010943426815495884,0.000866546353790909,0.18752169609069824,True
-B3,loss_ct_targetness,36,1262,0.010788394658580546,0.0012487111380323768,0.13823629915714264,True
-B3,loss_ct_targetness,37,1262,0.010914641023442303,0.001536249415948987,0.1823151409626007,True
-B3,loss_ct_targetness,38,1262,0.011122245421609509,0.001109692850150168,0.16477680206298828,True
-B3,loss_ct_targetness,39,1262,0.010870256101625503,0.0010456728050485253,0.1579391062259674,True
-B3,loss_ct_targetness,40,1262,0.010679713096975152,0.0011451739119365811,0.10976462066173553,True
-B3,loss_ct_targetness,41,1262,0.010792557688384935,0.001010345877148211,0.12244366109371185,True
-B3,loss_ct_targetness,42,1262,0.010852695709698067,0.000654222269076854,0.12417101860046387,True
-B3,loss_ct_targetness,43,1262,0.010881810849322163,0.0010863315546885133,0.12306524813175201,True
-B3,loss_ct_targetness,44,1262,0.010613408151101882,0.0007980334339663386,0.13782496750354767,True
-B3,loss_ct_targetness,45,1262,0.01051905950324362,0.0012374654179438949,0.12674261629581451,True
-B3,loss_ct_targetness,46,1262,0.010642506611740465,0.0007336147245950997,0.0968385711312294,True
-B3,loss_ct_targetness,47,1262,0.010556468229151217,0.0006058334838598967,0.13817602396011353,True
-B3,loss_ct_targetness,48,1262,0.010236305440646905,0.001221808372065425,0.13036437332630157,True
-B3,loss_ct_targetness,49,1262,0.010534140886056271,0.001178853097371757,0.11563719809055328,True
-B3,loss_ct_targetness,50,1262,0.01060467572757685,0.0014404779067263007,0.1634625345468521,True
-B3,loss_ct_targetness,51,1262,0.01051473321930746,0.000989170977845788,0.09626084566116333,True
-B3,loss_ct_targetness,52,1262,0.010736322198959774,0.0013348578941076994,0.2961339056491852,True
-B3,loss_ct_targetness,53,1262,0.010234439041288039,0.0008276909356936812,0.0862928107380867,True
-B3,loss_ct_targetness,54,1262,0.01051517271519035,0.0015317152719944715,0.09904689341783524,True
-B3,loss_ct_targetness,55,1262,0.010814187047551438,0.001168516930192709,0.13610884547233582,True
-B3,loss_ct_targetness,56,1262,0.010629751427965675,0.0004561422683764249,0.37591317296028137,True
-B3,loss_ct_targetness,57,1262,0.011033631774959215,0.0010198961244896054,0.2535724341869354,True
-B3,loss_ct_targetness,58,1262,0.01054042715864498,0.0010081629734486341,0.13984929025173187,True
-B3,loss_ct_targetness,59,1262,0.010729866319671037,0.001138683408498764,0.20719674229621887,True
-B3,loss_ct_targetness,60,1262,0.010424366834180108,0.0011109806364402175,0.08118245750665665,True
-B3,loss_ct_vote,1,1262,0.08917813614548055,0.010812677443027496,0.7133573889732361,True
-B3,loss_ct_vote,2,1262,0.04594599850558441,0.008319100365042686,0.4696598947048187,True
-B3,loss_ct_vote,3,1262,0.04169772069446636,0.007972127757966518,0.3606615364551544,True
-B3,loss_ct_vote,4,1262,0.041718563107735286,0.007975848391652107,0.28817638754844666,True
-B3,loss_ct_vote,5,1262,0.039836202671001596,0.006569447461515665,0.2568267583847046,True
-B3,loss_ct_vote,6,1262,0.03855855659974323,0.004718435928225517,0.30466753244400024,True
-B3,loss_ct_vote,7,1262,0.038774314657497186,0.007889095693826675,0.4016309976577759,True
-B3,loss_ct_vote,8,1262,0.03828043500426419,0.005010500084608793,0.2933041453361511,True
-B3,loss_ct_vote,9,1262,0.03785341438061001,0.00551961362361908,0.3640691339969635,True
-B3,loss_ct_vote,10,1262,0.03685513492297269,0.006183411460369825,0.25954246520996094,True
-B3,loss_ct_vote,11,1262,0.037550244475574646,0.005465983413159847,0.2617805004119873,True
-B3,loss_ct_vote,12,1262,0.036635332878844344,0.005267017520964146,0.24649381637573242,True
-B3,loss_ct_vote,13,1262,0.03658782148131549,0.004945987369865179,0.26605117321014404,True
-B3,loss_ct_vote,14,1262,0.035360138154132574,0.004626566544175148,0.25554749369621277,True
-B3,loss_ct_vote,15,1262,0.03562530855077766,0.003636688692495227,0.23655271530151367,True
-B3,loss_ct_vote,16,1262,0.036038930268837185,0.006202965509146452,0.36916908621788025,True
-B3,loss_ct_vote,17,1262,0.03445713419360943,0.00467657670378685,0.22772638499736786,True
-B3,loss_ct_vote,18,1262,0.03441337755938074,0.003428607014939189,0.23076623678207397,True
-B3,loss_ct_vote,19,1262,0.03405237714863322,0.006220789160579443,0.22742244601249695,True
-B3,loss_ct_vote,20,1262,0.03357939717504484,0.005416985135525465,0.1587243527173996,True
-B3,loss_ct_vote,21,1262,0.030930853721489408,0.004907270893454552,0.28288406133651733,True
-B3,loss_ct_vote,22,1262,0.030659149786481033,0.004511973820626736,0.25318583846092224,True
-B3,loss_ct_vote,23,1262,0.030086429238396148,0.004583104979246855,0.1926046907901764,True
-B3,loss_ct_vote,24,1262,0.031028033386939536,0.005187317728996277,0.25372233986854553,True
-B3,loss_ct_vote,25,1262,0.029763266063965385,0.0036741478834301233,0.18926240503787994,True
-B3,loss_ct_vote,26,1262,0.030385614804135378,0.004258653149008751,0.18136340379714966,True
-B3,loss_ct_vote,27,1262,0.030241121431899724,0.003846315434202552,0.1615084856748581,True
-B3,loss_ct_vote,28,1262,0.030201759216303328,0.0051362900994718075,0.2213795781135559,True
-B3,loss_ct_vote,29,1262,0.03035857285765515,0.00462038628757,0.27330702543258667,True
-B3,loss_ct_vote,30,1262,0.03016302795348639,0.004934425465762615,0.21761773526668549,True
-B3,loss_ct_vote,31,1262,0.03029465426251044,0.0021993324626237154,0.2286662757396698,True
-B3,loss_ct_vote,32,1262,0.030084448128941628,0.00503968633711338,0.19951654970645905,True
-B3,loss_ct_vote,33,1262,0.029680355466760566,0.004653057549148798,0.21305730938911438,True
-B3,loss_ct_vote,34,1262,0.03053220009347114,0.004801084753125906,0.30622345209121704,True
-B3,loss_ct_vote,35,1262,0.029292590863391664,0.005891256965696812,0.2184656411409378,True
-B3,loss_ct_vote,36,1262,0.03020952757862699,0.004395452328026295,0.2419770061969757,True
-B3,loss_ct_vote,37,1262,0.029561433640401664,0.0034793205559253693,0.23973777890205383,True
-B3,loss_ct_vote,38,1262,0.029690604778700367,0.004553875885903835,0.20661042630672455,True
-B3,loss_ct_vote,39,1262,0.029600612576770494,0.004947795532643795,0.21537069976329803,True
-B3,loss_ct_vote,40,1262,0.029338256963683668,0.004405996296554804,0.2284199595451355,True
-B3,loss_ct_vote,41,1262,0.030862630170396574,0.004665719345211983,0.20515160262584686,True
-B3,loss_ct_vote,42,1262,0.029573470474000895,0.004596868064254522,0.250962495803833,True
-B3,loss_ct_vote,43,1262,0.029507197673977154,0.004453408531844616,0.2291373312473297,True
-B3,loss_ct_vote,44,1262,0.028628592237700277,0.0038844356313347816,0.2949111759662628,True
-B3,loss_ct_vote,45,1262,0.02882641526776707,0.003602029522880912,0.2283788025379181,True
-B3,loss_ct_vote,46,1262,0.029407966225194006,0.005186289548873901,0.2370072305202484,True
-B3,loss_ct_vote,47,1262,0.029131127660134704,0.00471896817907691,0.18351785838603973,True
-B3,loss_ct_vote,48,1262,0.02891369879971924,0.003978098277002573,0.20604759454727173,True
-B3,loss_ct_vote,49,1262,0.028668318471831464,0.004823092836886644,0.1843564212322235,True
-B3,loss_ct_vote,50,1262,0.029232424878324906,0.004914885852485895,0.23744763433933258,True
-B3,loss_ct_vote,51,1262,0.029453337244747028,0.0037177500780671835,0.23455363512039185,True
-B3,loss_ct_vote,52,1262,0.028507285966890644,0.005131070967763662,0.23894818127155304,True
-B3,loss_ct_vote,53,1262,0.02909086554948825,0.005294203292578459,0.18122921884059906,True
-B3,loss_ct_vote,54,1262,0.029185405217823993,0.0035828195977956057,0.21041317284107208,True
-B3,loss_ct_vote,55,1262,0.03027033881415656,0.004863383714109659,0.21198710799217224,True
-B3,loss_ct_vote,56,1262,0.02850612843846061,0.004163352306932211,0.17552900314331055,True
-B3,loss_ct_vote,57,1262,0.029395486748992818,0.0037527813110500574,0.2851405143737793,True
-B3,loss_ct_vote,58,1262,0.028830419808534666,0.004015719052404165,0.24528256058692932,True
-B3,loss_ct_vote,59,1262,0.029572558769714177,0.004865813069045544,0.21339593827724457,True
-B3,loss_ct_vote,60,1262,0.029797872986346365,0.004810781683772802,0.2496698498725891,True
-B3,loss_motion_v3_nll,1,1262,-2.539439449899848,-4.299158573150635,46.820465087890625,True
-B3,loss_motion_v3_nll,2,1262,-2.897421358787881,-4.346521377563477,19.498188018798828,True
-B3,loss_motion_v3_nll,3,1262,-2.9508716939895363,-4.407650947570801,16.726259231567383,True
-B3,loss_motion_v3_nll,4,1262,-3.0053420801032273,-4.3584136962890625,12.84117317199707,True
-B3,loss_motion_v3_nll,5,1262,-3.0000296600529017,-4.342352867126465,14.105365753173828,True
-B3,loss_motion_v3_nll,6,1262,-3.0303205889273324,-4.302871227264404,10.859318733215332,True
-B3,loss_motion_v3_nll,7,1262,-3.0595501589067813,-4.498196601867676,11.139323234558105,True
-B3,loss_motion_v3_nll,8,1262,-3.094412879252337,-4.457462787628174,12.947589874267578,True
-B3,loss_motion_v3_nll,9,1262,-3.1321192612951227,-4.37795352935791,8.482213020324707,True
-B3,loss_motion_v3_nll,10,1262,-3.188345853924137,-4.321863174438477,7.671526908874512,True
-B3,loss_motion_v3_nll,11,1262,-3.1930585392206914,-4.444185733795166,6.2921319007873535,True
-B3,loss_motion_v3_nll,12,1262,-3.2133765331456194,-4.5810546875,10.252685546875,True
-B3,loss_motion_v3_nll,13,1262,-3.212489509420756,-4.569577693939209,18.545372009277344,True
-B3,loss_motion_v3_nll,14,1262,-3.2689009664223048,-4.5349225997924805,6.633299350738525,True
-B3,loss_motion_v3_nll,15,1262,-3.273105015030659,-4.432997226715088,9.038318634033203,True
-B3,loss_motion_v3_nll,16,1262,-3.2648142954414316,-4.472306728363037,8.126753807067871,True
-B3,loss_motion_v3_nll,17,1262,-3.276939790994047,-4.555313587188721,10.11182689666748,True
-B3,loss_motion_v3_nll,18,1262,-3.2850314315685947,-4.523141384124756,8.5595703125,True
-B3,loss_motion_v3_nll,19,1262,-3.278297319352957,-4.579037189483643,7.61600923538208,True
-B3,loss_motion_v3_nll,20,1262,-3.281913422461357,-4.545085430145264,6.984006404876709,True
-B3,loss_motion_v3_nll,21,1262,-3.3014898455529083,-4.465183734893799,5.722740650177002,True
-B3,loss_motion_v3_nll,22,1262,-3.284676028301913,-4.541060447692871,7.247578144073486,True
-B3,loss_motion_v3_nll,23,1262,-3.2947363225616244,-4.491498947143555,10.551167488098145,True
-B3,loss_motion_v3_nll,24,1262,-3.273280944285557,-4.465712070465088,10.1395845413208,True
-B3,loss_motion_v3_nll,25,1262,-3.304745335571716,-4.4981560707092285,7.648039817810059,True
-B3,loss_motion_v3_nll,26,1262,-3.284129420318973,-4.441854953765869,10.425518989562988,True
-B3,loss_motion_v3_nll,27,1262,-3.3028149760177685,-4.401668071746826,10.810751914978027,True
-B3,loss_motion_v3_nll,28,1262,-3.2753358088764353,-4.477487087249756,10.109601020812988,True
-B3,loss_motion_v3_nll,29,1262,-3.317128987730482,-4.560980319976807,9.079328536987305,True
-B3,loss_motion_v3_nll,30,1262,-3.307624510974991,-4.477921009063721,5.824682712554932,True
-B3,loss_motion_v3_nll,31,1262,-3.3110428080198884,-4.5704545974731445,7.2968339920043945,True
-B3,loss_motion_v3_nll,32,1262,-3.3065189212625596,-4.5825042724609375,8.840672492980957,True
-B3,loss_motion_v3_nll,33,1262,-3.2959942785807534,-4.501582622528076,5.442465782165527,True
-B3,loss_motion_v3_nll,34,1262,-3.277375619781754,-4.475092887878418,8.643548011779785,True
-B3,loss_motion_v3_nll,35,1262,-3.3062396466543102,-4.540153980255127,9.519434928894043,True
-B3,loss_motion_v3_nll,36,1262,-3.30478360587303,-4.5272016525268555,8.21465015411377,True
-B3,loss_motion_v3_nll,37,1262,-3.304643687138278,-4.571622371673584,6.262650012969971,True
-B3,loss_motion_v3_nll,38,1262,-3.296290303496334,-4.514123916625977,10.957148551940918,True
-B3,loss_motion_v3_nll,39,1262,-3.3052075850451144,-4.578413963317871,6.172058582305908,True
-B3,loss_motion_v3_nll,40,1262,-3.305153815286262,-4.468830585479736,6.21617317199707,True
-B3,loss_motion_v3_nll,41,1262,-3.2969742648181004,-4.563558101654053,6.833436012268066,True
-B3,loss_motion_v3_nll,42,1262,-3.293742447642819,-4.548793792724609,7.4520487785339355,True
-B3,loss_motion_v3_nll,43,1262,-3.295694006397352,-4.446936130523682,9.84241771697998,True
-B3,loss_motion_v3_nll,44,1262,-3.3164264511010018,-4.5874342918396,7.929072856903076,True
-B3,loss_motion_v3_nll,45,1262,-3.3136160950163136,-4.457036972045898,6.896383762359619,True
-B3,loss_motion_v3_nll,46,1262,-3.302650333247878,-4.5875935554504395,6.925501823425293,True
-B3,loss_motion_v3_nll,47,1262,-3.2993042457955055,-4.540550708770752,5.692226886749268,True
-B3,loss_motion_v3_nll,48,1262,-3.3184169462443625,-4.553776264190674,9.3548002243042,True
-B3,loss_motion_v3_nll,49,1262,-3.3131296667971437,-4.473738193511963,9.286348342895508,True
-B3,loss_motion_v3_nll,50,1262,-3.3269721631775426,-4.58262825012207,6.6811418533325195,True
-B3,loss_motion_v3_nll,51,1262,-3.297709396534058,-4.46433687210083,8.324455261230469,True
-B3,loss_motion_v3_nll,52,1262,-3.306121667502496,-4.465324401855469,7.493800640106201,True
-B3,loss_motion_v3_nll,53,1262,-3.2967134529785413,-4.503967761993408,7.368412971496582,True
-B3,loss_motion_v3_nll,54,1262,-3.305871162126682,-4.477290630340576,6.912508964538574,True
-B3,loss_motion_v3_nll,55,1262,-3.287799177977674,-4.431607246398926,5.4229912757873535,True
-B3,loss_motion_v3_nll,56,1262,-3.3251555878108165,-4.595592021942139,5.791706562042236,True
-B3,loss_motion_v3_nll,57,1262,-3.3049741685685663,-4.550979137420654,9.593057632446289,True
-B3,loss_motion_v3_nll,58,1262,-3.323254563185946,-4.462879180908203,8.270278930664062,True
-B3,loss_motion_v3_nll,59,1262,-3.302454913185582,-4.482268810272217,5.588950157165527,True
-B3,loss_motion_v3_nll,60,1262,-3.3184999861841558,-4.479004859924316,6.4790449142456055,True
-B3,loss_motion_v3_prior,1,1262,0.03179545738232852,0.0010613074991852045,0.37807655334472656,True
-B3,loss_motion_v3_prior,2,1262,0.031364735282366066,0.0009120882605202496,0.3321366310119629,True
-B3,loss_motion_v3_prior,3,1262,0.03091759925347767,0.0004840570327360183,0.5268451571464539,True
-B3,loss_motion_v3_prior,4,1262,0.02948304955756606,0.000655689334962517,0.4055900573730469,True
-B3,loss_motion_v3_prior,5,1262,0.03011153686109771,0.0006988696986809373,0.41619476675987244,True
-B3,loss_motion_v3_prior,6,1262,0.03036308718379218,0.000903518870472908,0.3865954279899597,True
-B3,loss_motion_v3_prior,7,1262,0.030919254329646848,0.000479083537356928,0.4404715597629547,True
-B3,loss_motion_v3_prior,8,1262,0.030036877746250638,0.00062409951351583,0.41768956184387207,True
-B3,loss_motion_v3_prior,9,1262,0.030107788977325006,0.0006501534371636808,0.37040722370147705,True
-B3,loss_motion_v3_prior,10,1262,0.02872043641243704,0.0005563616286963224,0.3412909209728241,True
-B3,loss_motion_v3_prior,11,1262,0.02825957499526584,0.0006234684260562062,0.30893194675445557,True
-B3,loss_motion_v3_prior,12,1262,0.027637450672449396,0.00011554469529073685,0.5624583959579468,True
-B3,loss_motion_v3_prior,13,1262,0.028486314360922693,0.0001742018066579476,0.39398157596588135,True
-B3,loss_motion_v3_prior,14,1262,0.026294098736520152,0.00025320969871245325,0.4596352279186249,True
-B3,loss_motion_v3_prior,15,1262,0.026821834286670707,0.00019821488240268081,0.31678903102874756,True
-B3,loss_motion_v3_prior,16,1262,0.02639795269854197,0.0001543692487757653,0.3865314722061157,True
-B3,loss_motion_v3_prior,17,1262,0.026060872798229873,0.00024910038337111473,0.3234555423259735,True
-B3,loss_motion_v3_prior,18,1262,0.026730444498888548,0.0002765946264844388,0.3398236930370331,True
-B3,loss_motion_v3_prior,19,1262,0.026535596972218495,0.00012996935402043164,0.34450605511665344,True
-B3,loss_motion_v3_prior,20,1262,0.02646296410751271,0.00024326887796632946,0.5039010643959045,True
-B3,loss_motion_v3_prior,21,1262,0.026338062265578555,0.0001339582959190011,0.3876791000366211,True
-B3,loss_motion_v3_prior,22,1262,0.02643068160648364,0.00028534349985420704,0.373588889837265,True
-B3,loss_motion_v3_prior,23,1262,0.02598963855886972,0.0002143415913451463,0.32330411672592163,True
-B3,loss_motion_v3_prior,24,1262,0.026868862446308803,0.0001677746040513739,0.5163191556930542,True
-B3,loss_motion_v3_prior,25,1262,0.02586597473504134,0.00019249865727033466,0.3300420045852661,True
-B3,loss_motion_v3_prior,26,1262,0.026355190382175046,0.00036047297180630267,0.3404483199119568,True
-B3,loss_motion_v3_prior,27,1262,0.025909034706083557,0.00030421678093262017,0.403347909450531,True
-B3,loss_motion_v3_prior,28,1262,0.026819063085141495,0.0002633246476761997,0.2996804416179657,True
-B3,loss_motion_v3_prior,29,1262,0.025446196912520154,0.0002148775674868375,0.30795344710350037,True
-B3,loss_motion_v3_prior,30,1262,0.025442870917908346,0.00015383308345917612,0.3767755925655365,True
-B3,loss_motion_v3_prior,31,1262,0.02582472213052738,0.00017088602180592716,0.40568777918815613,True
-B3,loss_motion_v3_prior,32,1262,0.025159715512855438,9.433727245777845e-05,0.44929414987564087,True
-B3,loss_motion_v3_prior,33,1262,0.02616925330658439,0.00046727052540518343,0.31325384974479675,True
-B3,loss_motion_v3_prior,34,1262,0.027255808435491708,0.00016012933338060975,0.40712469816207886,True
-B3,loss_motion_v3_prior,35,1262,0.025577683178501325,0.00030653789872303605,0.40801677107810974,True
-B3,loss_motion_v3_prior,36,1262,0.02616924248441036,0.0002739382325671613,0.45082008838653564,True
-B3,loss_motion_v3_prior,37,1262,0.025518126126421944,0.00014144052693154663,0.46185919642448425,True
-B3,loss_motion_v3_prior,38,1262,0.025373097522729062,0.0004407470114529133,0.3938802480697632,True
-B3,loss_motion_v3_prior,39,1262,0.02471642762588098,0.00013366701023187488,0.3292677104473114,True
-B3,loss_motion_v3_prior,40,1262,0.02600442868583705,0.0002565815520938486,0.32865050435066223,True
-B3,loss_motion_v3_prior,41,1262,0.026605066580254834,0.0001316244452027604,0.3568785488605499,True
-B3,loss_motion_v3_prior,42,1262,0.026573766516140594,0.00013134632899891585,0.33658331632614136,True
-B3,loss_motion_v3_prior,43,1262,0.025659149793447505,0.00032527459552511573,0.42520761489868164,True
-B3,loss_motion_v3_prior,44,1262,0.02475008418425836,8.087886089924723e-05,0.43741050362586975,True
-B3,loss_motion_v3_prior,45,1262,0.026156423561909295,0.0002807720738928765,0.4273075759410858,True
-B3,loss_motion_v3_prior,46,1262,0.02631344170829621,8.714848809177056e-05,0.39884307980537415,True
-B3,loss_motion_v3_prior,47,1262,0.02579949622752961,0.000288566603558138,0.3511717915534973,True
-B3,loss_motion_v3_prior,48,1262,0.025011651938015127,0.00013757860870100558,0.37516146898269653,True
-B3,loss_motion_v3_prior,49,1262,0.025747929198877084,0.00023575570958200842,0.33730506896972656,True
-B3,loss_motion_v3_prior,50,1262,0.025751650899326448,0.00011258733866270632,0.3990352749824524,True
-B3,loss_motion_v3_prior,51,1262,0.025902995256785112,0.00018249190179631114,0.33521753549575806,True
-B3,loss_motion_v3_prior,52,1262,0.02532500520534149,0.00032176871900446713,0.4943627715110779,True
-B3,loss_motion_v3_prior,53,1262,0.025928806997012797,0.00017323018983006477,0.3055405914783478,True
-B3,loss_motion_v3_prior,54,1262,0.025479195410661636,0.00014507547894027084,0.32065027952194214,True
-B3,loss_motion_v3_prior,55,1262,0.026291196878360016,0.00027896914980374277,0.44228535890579224,True
-B3,loss_motion_v3_prior,56,1262,0.025774062883820816,4.2815590859390795e-05,0.37523627281188965,True
-B3,loss_motion_v3_prior,57,1262,0.02596407611008472,0.00015039749268908054,0.4839422106742859,True
-B3,loss_motion_v3_prior,58,1262,0.0254076641362818,0.00022030057152733207,0.39740458130836487,True
-B3,loss_motion_v3_prior,59,1262,0.02580222502837547,0.00019644956046249717,0.4128001630306244,True
-B3,loss_motion_v3_prior,60,1262,0.02572695270917338,0.00015501758025493473,0.3882495164871216,True
-B3,loss_seg,1,1262,0.5205199931247866,0.34794384241104126,0.8276328444480896,True
-B3,loss_seg,2,1262,0.436383829158384,0.2569972574710846,0.7254171967506409,True
-B3,loss_seg,3,1262,0.31202722795413906,0.1610555350780487,0.5466493368148804,True
-B3,loss_seg,4,1262,0.21340584978107038,0.10686704516410828,0.4445970058441162,True
-B3,loss_seg,5,1262,0.15843308388171407,0.06784805655479431,0.4299551546573639,True
-B3,loss_seg,6,1262,0.12852877662731144,0.04863772541284561,0.3997747004032135,True
-B3,loss_seg,7,1262,0.1085705863556894,0.028478145599365234,0.5295486450195312,True
-B3,loss_seg,8,1262,0.09709669117374485,0.035607337951660156,0.32988858222961426,True
-B3,loss_seg,9,1262,0.08974759887591029,0.030519187450408936,0.3290688395500183,True
-B3,loss_seg,10,1262,0.08334435579232671,0.028379064053297043,0.47618457674980164,True
-B3,loss_seg,11,1262,0.07717774211533852,0.022830327972769737,0.29528695344924927,True
-B3,loss_seg,12,1262,0.07640559318668774,0.013034524396061897,0.4302736222743988,True
-B3,loss_seg,13,1262,0.07315481686743239,0.020271677523851395,0.24606961011886597,True
-B3,loss_seg,14,1262,0.07082860660480952,0.018756825476884842,0.28116828203201294,True
-B3,loss_seg,15,1262,0.06595934035843933,0.024058956652879715,0.3146761953830719,True
-B3,loss_seg,16,1262,0.06409239585374123,0.01841755583882332,0.37012025713920593,True
-B3,loss_seg,17,1262,0.06491428197740848,0.01724047027528286,0.30324724316596985,True
-B3,loss_seg,18,1262,0.06294406287625975,0.01499558798968792,0.2840982675552368,True
-B3,loss_seg,19,1262,0.05793479406282235,0.015858208760619164,0.21771681308746338,True
-B3,loss_seg,20,1262,0.05956221297648979,0.019527209922671318,0.28755658864974976,True
-B3,loss_seg,21,1262,0.05363723401883514,0.010621475987136364,0.2248065173625946,True
-B3,loss_seg,22,1262,0.05216602140095929,0.014753760769963264,0.20140691101551056,True
-B3,loss_seg,23,1262,0.052266120510662886,0.013450712896883488,0.33198612928390503,True
-B3,loss_seg,24,1262,0.052009736216537025,0.013766201213002205,0.2252759039402008,True
-B3,loss_seg,25,1262,0.05084866891126554,0.010577346198260784,0.24507734179496765,True
-B3,loss_seg,26,1262,0.05027046326913896,0.012758630327880383,0.31848230957984924,True
-B3,loss_seg,27,1262,0.04974270867709241,0.015504512004554272,0.1969212293624878,True
-B3,loss_seg,28,1262,0.04820168078264514,0.013787935487926006,0.19626279175281525,True
-B3,loss_seg,29,1262,0.0488340940862221,0.011091352440416813,0.28097060322761536,True
-B3,loss_seg,30,1262,0.04838565769258491,0.012967275455594063,0.18870562314987183,True
-B3,loss_seg,31,1262,0.04786656171721059,0.014044428244233131,0.18781331181526184,True
-B3,loss_seg,32,1262,0.04759445280152507,0.014397687278687954,0.20991121232509613,True
-B3,loss_seg,33,1262,0.04740284220721402,0.012880321592092514,0.43871980905532837,True
-B3,loss_seg,34,1262,0.04828704495304714,0.013713639229536057,0.20722652971744537,True
-B3,loss_seg,35,1262,0.04784563811799945,0.01139981672167778,0.19288940727710724,True
-B3,loss_seg,36,1262,0.047337598040059395,0.0062827919609844685,0.3863318860530853,True
-B3,loss_seg,37,1262,0.046363749983388394,0.012488692998886108,0.27754759788513184,True
-B3,loss_seg,38,1262,0.04658061676996682,0.012966111302375793,0.16846658289432526,True
-B3,loss_seg,39,1262,0.0458906819193776,0.012443962506949902,0.293246328830719,True
-B3,loss_seg,40,1262,0.045833736914173126,0.01004612073302269,0.20004072785377502,True
-B3,loss_seg,41,1262,0.045046924076171474,0.01420910656452179,0.2213624268770218,True
-B3,loss_seg,42,1262,0.046182452716529605,0.013079770840704441,0.1954829841852188,True
-B3,loss_seg,43,1262,0.04546544567730555,0.015833230689167976,0.1977480798959732,True
-B3,loss_seg,44,1262,0.04476061926803385,0.013089580461382866,0.20643550157546997,True
-B3,loss_seg,45,1262,0.04558663170418677,0.012404104694724083,0.22276586294174194,True
-B3,loss_seg,46,1262,0.046463244389476945,0.013419406488537788,0.22228465974330902,True
-B3,loss_seg,47,1262,0.04555064875399325,0.012746182270348072,0.19672560691833496,True
-B3,loss_seg,48,1262,0.04531367240759962,0.010494343005120754,0.2303047627210617,True
-B3,loss_seg,49,1262,0.045605758392501465,0.011673502624034882,0.33757004141807556,True
-B3,loss_seg,50,1262,0.04540749028820999,0.011436505243182182,0.19293871521949768,True
-B3,loss_seg,51,1262,0.045088438419758,0.013467620126903057,0.1675383299589157,True
-B3,loss_seg,52,1262,0.04582642376269384,0.012669243849813938,0.3176756799221039,True
-B3,loss_seg,53,1262,0.04537430627451598,0.01217266358435154,0.22262240946292877,True
-B3,loss_seg,54,1262,0.04547333969437944,0.011911153793334961,0.2624358832836151,True
-B3,loss_seg,55,1262,0.045120682469207536,0.009132107719779015,0.17689046263694763,True
-B3,loss_seg,56,1262,0.04588036646729958,0.011823770590126514,0.22572940587997437,True
-B3,loss_seg,57,1262,0.04442774951266104,0.012206977233290672,0.17924831807613373,True
-B3,loss_seg,58,1262,0.044878623707340984,0.01297823153436184,0.2257355898618698,True
-B3,loss_seg,59,1262,0.04562299448934792,0.012719799764454365,0.19684094190597534,True
-B3,loss_seg,60,1262,0.04621291159255144,0.011289872229099274,0.18059475719928741,True
-B3,loss_total,1,1262,5.099319605177443,2.087611675262451,17.797637939453125,True
-B3,loss_total,2,1262,2.30833163852737,0.8301963806152344,5.869407653808594,True
-B3,loss_total,3,1262,1.3891361478580349,0.4256172776222229,4.837375640869141,True
-B3,loss_total,4,1262,1.0128904249277055,0.22398939728736877,5.007319450378418,True
-B3,loss_total,5,1262,0.8638497969569571,0.16234397888183594,4.394510269165039,True
-B3,loss_total,6,1262,0.7880744576135358,0.11332439631223679,3.781048536300659,True
-B3,loss_total,7,1262,0.720478063883192,0.08238747715950012,3.4185938835144043,True
-B3,loss_total,8,1262,0.6836237428966679,0.07008972764015198,3.5290262699127197,True
-B3,loss_total,9,1262,0.6327458459931159,0.05711790546774864,3.6816437244415283,True
-B3,loss_total,10,1262,0.5825420980461284,0.046103622764348984,3.5012454986572266,True
-B3,loss_total,11,1262,0.5449380211845016,0.017822425812482834,2.9326531887054443,True
-B3,loss_total,12,1262,0.5405896972487024,0.024394363164901733,4.054740905761719,True
-B3,loss_total,13,1262,0.5287408620390669,0.03850453346967697,4.998783588409424,True
-B3,loss_total,14,1262,0.4693374863505458,-0.02292633056640625,3.6477885246276855,True
-B3,loss_total,15,1262,0.45351268851128884,0.004977155476808548,3.324728012084961,True
-B3,loss_total,16,1262,0.43703197315630465,-0.016657911241054535,3.807239055633545,True
-B3,loss_total,17,1262,0.42750778227229785,0.00036744028329849243,3.586745262145996,True
-B3,loss_total,18,1262,0.41317683468364685,-0.00315006822347641,2.359557628631592,True
-B3,loss_total,19,1262,0.3927961693701767,-0.01681790128350258,3.523142099380493,True
-B3,loss_total,20,1262,0.39714796250470563,-0.01261073350906372,3.334130048751831,True
-B3,loss_total,21,1262,0.29929007148508885,-0.038473740220069885,2.216050148010254,True
-B3,loss_total,22,1262,0.2856026825992458,-0.05103668197989464,2.4160125255584717,True
-B3,loss_total,23,1262,0.2706564936503508,-0.03522638604044914,1.9246702194213867,True
-B3,loss_total,24,1262,0.26725012382784663,-0.03559373319149017,2.300905466079712,True
-B3,loss_total,25,1262,0.26093902793696677,-0.04667995497584343,2.061342239379883,True
-B3,loss_total,26,1262,0.2619926025692474,-0.05791100114583969,2.488590717315674,True
-B3,loss_total,27,1262,0.2491169541560574,-0.06885609030723572,3.209346055984497,True
-B3,loss_total,28,1262,0.24673817673087026,-0.05226336047053337,2.1501684188842773,True
-B3,loss_total,29,1262,0.2466221055762751,-0.05558960884809494,2.940091371536255,True
-B3,loss_total,30,1262,0.24237656957143697,-0.049947358667850494,1.8310407400131226,True
-B3,loss_total,31,1262,0.24195174781661688,-0.059621140360832214,2.6406562328338623,True
-B3,loss_total,32,1262,0.23263375841453082,-0.07217149436473846,2.760648250579834,True
-B3,loss_total,33,1262,0.2334412488460588,-0.04891769960522652,3.990340232849121,True
-B3,loss_total,34,1262,0.24143776801900374,-0.06602023541927338,1.9386504888534546,True
-B3,loss_total,35,1262,0.22505093161193818,-0.060278069227933884,2.1483397483825684,True
-B3,loss_total,36,1262,0.2360786436769149,-0.06097133457660675,2.3287429809570312,True
-B3,loss_total,37,1262,0.22917854714335759,-0.07099787890911102,4.6624016761779785,True
-B3,loss_total,38,1262,0.2339047316754039,-0.05007312819361687,2.0763981342315674,True
-B3,loss_total,39,1262,0.220666458033226,-0.059492867439985275,1.7346210479736328,True
-B3,loss_total,40,1262,0.21686430559117234,-0.06763296574354172,1.5701183080673218,True
-B3,loss_total,41,1262,0.21739878689518963,-0.07805527746677399,2.6326541900634766,True
-B3,loss_total,42,1262,0.21675298400459406,-0.0657230094075203,2.0433385372161865,True
-B3,loss_total,43,1262,0.2050532233368505,-0.061363909393548965,2.3095433712005615,True
-B3,loss_total,44,1262,0.21234824949736736,-0.060052886605262756,2.411132335662842,True
-B3,loss_total,45,1262,0.20388833000346807,-0.07284621894359589,2.037733554840088,True
-B3,loss_total,46,1262,0.21199333402527445,-0.08122237026691437,1.6033978462219238,True
-B3,loss_total,47,1262,0.21090996274709845,-0.049351342022418976,2.451551914215088,True
-B3,loss_total,48,1262,0.20881161615606722,-0.07149500399827957,2.328824043273926,True
-B3,loss_total,49,1262,0.2078177062012314,-0.07302519679069519,2.703411817550659,True
-B3,loss_total,50,1262,0.2066641898955648,-0.043016280978918076,2.3522958755493164,True
-B3,loss_total,51,1262,0.20700673320627344,-0.07140134274959564,1.6533383131027222,True
-B3,loss_total,52,1262,0.21235977199294628,-0.07486759126186371,1.456834077835083,True
-B3,loss_total,53,1262,0.20603546495335368,-0.08269393444061279,1.7965282201766968,True
-B3,loss_total,54,1262,0.21237835498370242,-0.0674145296216011,2.066603899002075,True
-B3,loss_total,55,1262,0.21696301928401088,-0.06500627845525742,1.756455659866333,True
-B3,loss_total,56,1262,0.2072209858213051,-0.07918088138103485,1.7924673557281494,True
-B3,loss_total,57,1262,0.20522343957864586,-0.06195246800780296,2.3690996170043945,True
-B3,loss_total,58,1262,0.200747474443563,-0.06967385113239288,2.428832769393921,True
-B3,loss_total,59,1262,0.2082509943571904,-0.07959208637475967,1.9860408306121826,True
-B3,loss_total,60,1262,0.20362001079062322,-0.05912796035408974,1.6850465536117554,True
-B3,motion_v3_kinematic_rmse,1,1262,0.31126659220636554,0.0682579055428505,2.484645128250122,True
-B3,motion_v3_kinematic_rmse,2,1262,0.31219881137747396,0.06531654298305511,2.3228886127471924,True
-B3,motion_v3_kinematic_rmse,3,1262,0.31147447340603673,0.06353669613599777,2.7771546840667725,True
-B3,motion_v3_kinematic_rmse,4,1262,0.30673731535248067,0.06754351407289505,2.374626398086548,True
-B3,motion_v3_kinematic_rmse,5,1262,0.3084327944756593,0.07685525715351105,2.620518445968628,True
-B3,motion_v3_kinematic_rmse,6,1262,0.31124598797404823,0.07763167470693588,2.508772850036621,True
-B3,motion_v3_kinematic_rmse,7,1262,0.3142562932179866,0.06862092018127441,2.8077852725982666,True
-B3,motion_v3_kinematic_rmse,8,1262,0.31127998401099455,0.07455352693796158,2.6201279163360596,True
-B3,motion_v3_kinematic_rmse,9,1262,0.3155292349021805,0.07832027226686478,2.5664260387420654,True
-B3,motion_v3_kinematic_rmse,10,1262,0.3135185415920006,0.06756703555583954,2.4598333835601807,True
-B3,motion_v3_kinematic_rmse,11,1262,0.3133247160779315,0.07619121670722961,2.3914785385131836,True
-B3,motion_v3_kinematic_rmse,12,1262,0.3090152995286011,0.08030639588832855,2.9144911766052246,True
-B3,motion_v3_kinematic_rmse,13,1262,0.32184832884373643,0.061454080045223236,2.581232786178589,True
-B3,motion_v3_kinematic_rmse,14,1262,0.3102950717834682,0.07241383194923401,2.5635595321655273,True
-B3,motion_v3_kinematic_rmse,15,1262,0.31136765126758825,0.08126065880060196,2.45180344581604,True
-B3,motion_v3_kinematic_rmse,16,1262,0.30944237395200036,0.07695043832063675,2.3910746574401855,True
-B3,motion_v3_kinematic_rmse,17,1262,0.30902249878493804,0.07386805862188339,2.4836792945861816,True
-B3,motion_v3_kinematic_rmse,18,1262,0.3122972799273187,0.0706581249833107,2.4650423526763916,True
-B3,motion_v3_kinematic_rmse,19,1262,0.31431031898372525,0.07575353980064392,2.4601492881774902,True
-B3,motion_v3_kinematic_rmse,20,1262,0.3127147669058216,0.07805924862623215,2.9523191452026367,True
-B3,motion_v3_kinematic_rmse,21,1262,0.3144072282899956,0.06483861804008484,2.639763355255127,True
-B3,motion_v3_kinematic_rmse,22,1262,0.3145840536189013,0.05983631685376167,2.4911792278289795,True
-B3,motion_v3_kinematic_rmse,23,1262,0.312382528821092,0.07531296461820602,2.3424508571624756,True
-B3,motion_v3_kinematic_rmse,24,1262,0.31222468194818914,0.07327553629875183,2.7494218349456787,True
-B3,motion_v3_kinematic_rmse,25,1262,0.3099383863985019,0.06228729709982872,2.5919370651245117,True
-B3,motion_v3_kinematic_rmse,26,1262,0.31620073235238033,0.06736484915018082,2.4284751415252686,True
-B3,motion_v3_kinematic_rmse,27,1262,0.31125952566128146,0.0753646194934845,2.3915367126464844,True
-B3,motion_v3_kinematic_rmse,28,1262,0.3168712553528334,0.07324047386646271,2.4099440574645996,True
-B3,motion_v3_kinematic_rmse,29,1262,0.3081240911928202,0.07975979149341583,2.3468096256256104,True
-B3,motion_v3_kinematic_rmse,30,1262,0.30849720741933573,0.07270236313343048,2.5355546474456787,True
-B3,motion_v3_kinematic_rmse,31,1262,0.3098428986329001,0.07403489947319031,2.598533868789673,True
-B3,motion_v3_kinematic_rmse,32,1262,0.3079083043957947,0.06428953260183334,2.637509822845459,True
-B3,motion_v3_kinematic_rmse,33,1262,0.3140500050374615,0.08079694956541061,2.436249256134033,True
-B3,motion_v3_kinematic_rmse,34,1262,0.323770177602272,0.062052782624959946,2.5959739685058594,True
-B3,motion_v3_kinematic_rmse,35,1262,0.3101882413974277,0.07904661446809769,2.4330544471740723,True
-B3,motion_v3_kinematic_rmse,36,1262,0.3140333995293891,0.06379550695419312,2.4813075065612793,True
-B3,motion_v3_kinematic_rmse,37,1262,0.3097473355261063,0.06977658718824387,2.6547491550445557,True
-B3,motion_v3_kinematic_rmse,38,1262,0.3104995718718803,0.07290036976337433,2.5562798976898193,True
-B3,motion_v3_kinematic_rmse,39,1262,0.30895702165393557,0.06460534036159515,2.540435314178467,True
-B3,motion_v3_kinematic_rmse,40,1262,0.3141282688761381,0.05836067348718643,2.3883965015411377,True
-B3,motion_v3_kinematic_rmse,41,1262,0.3163399562038918,0.07527845352888107,2.350879669189453,True
-B3,motion_v3_kinematic_rmse,42,1262,0.31344818750694514,0.07505759596824646,2.425400733947754,True
-B3,motion_v3_kinematic_rmse,43,1262,0.30952116327504914,0.07982443273067474,2.61631178855896,True
-B3,motion_v3_kinematic_rmse,44,1262,0.30482493972084035,0.07055022567510605,2.461489677429199,True
-B3,motion_v3_kinematic_rmse,45,1262,0.31213509500109354,0.052498456090688705,2.6384778022766113,True
-B3,motion_v3_kinematic_rmse,46,1262,0.3138203523675254,0.07611701637506485,2.5809991359710693,True
-B3,motion_v3_kinematic_rmse,47,1262,0.31194117072550503,0.08316101133823395,2.4740231037139893,True
-B3,motion_v3_kinematic_rmse,48,1262,0.3052077175202158,0.0746954083442688,2.6855809688568115,True
-B3,motion_v3_kinematic_rmse,49,1262,0.3119980053955515,0.07849821448326111,2.4864516258239746,True
-B3,motion_v3_kinematic_rmse,50,1262,0.308867975272439,0.07185100764036179,2.6362321376800537,True
-B3,motion_v3_kinematic_rmse,51,1262,0.31278868291155093,0.06939015537500381,2.4303739070892334,True
-B3,motion_v3_kinematic_rmse,52,1262,0.30706116762573105,0.0637006163597107,2.324507713317871,True
-B3,motion_v3_kinematic_rmse,53,1262,0.31160327685899475,0.0572269931435585,2.429227352142334,True
-B3,motion_v3_kinematic_rmse,54,1262,0.31006510836174106,0.07585768401622772,2.5114200115203857,True
-B3,motion_v3_kinematic_rmse,55,1262,0.3164899395144118,0.0697893351316452,2.4062206745147705,True
-B3,motion_v3_kinematic_rmse,56,1262,0.3099912079124934,0.07238852977752686,2.4767701625823975,True
-B3,motion_v3_kinematic_rmse,57,1262,0.3117734703889173,0.07458770275115967,2.7227783203125,True
-B3,motion_v3_kinematic_rmse,58,1262,0.31086521983595355,0.07782553136348724,2.5254340171813965,True
-B3,motion_v3_kinematic_rmse,59,1262,0.3107423386086375,0.06303360313177109,2.5296413898468018,True
-B3,motion_v3_kinematic_rmse,60,1262,0.3130560636508578,0.06834911555051804,2.539402484893799,True
-B3,motion_v3_prior_rmse,1,1262,0.3397674393292558,0.06515543162822723,2.338320016860962,True
-B3,motion_v3_prior_rmse,2,1262,0.33353282836828196,0.06040159985423088,2.15193772315979,True
-B3,motion_v3_prior_rmse,3,1262,0.33117953191102495,0.04400259256362915,2.601435899734497,True
-B3,motion_v3_prior_rmse,4,1262,0.3219999828347833,0.0512128621339798,2.1984052658081055,True
-B3,motion_v3_prior_rmse,5,1262,0.3254347883914664,0.05287228897213936,2.401526927947998,True
-B3,motion_v3_prior_rmse,6,1262,0.32832619999188534,0.06011718139052391,2.3103175163269043,True
-B3,motion_v3_prior_rmse,7,1262,0.3304238646525872,0.043775953352451324,2.56906795501709,True
-B3,motion_v3_prior_rmse,8,1262,0.32351886482817815,0.04996396601200104,2.3454034328460693,True
-B3,motion_v3_prior_rmse,9,1262,0.3223450914521225,0.050996214151382446,2.232145071029663,True
-B3,motion_v3_prior_rmse,10,1262,0.3152965534472522,0.047174643725156784,2.2998437881469727,True
-B3,motion_v3_prior_rmse,11,1262,0.3123022107504863,0.04993870109319687,2.046391725540161,True
-B3,motion_v3_prior_rmse,12,1262,0.30388297023998484,0.021498342975974083,2.4590539932250977,True
-B3,motion_v3_prior_rmse,13,1262,0.3123618321974427,0.026397107169032097,2.409291982650757,True
-B3,motion_v3_prior_rmse,14,1262,0.29819497946950885,0.03182512894272804,2.2531116008758545,True
-B3,motion_v3_prior_rmse,15,1262,0.3009021890330499,0.028157761320471764,2.222214460372925,True
-B3,motion_v3_prior_rmse,16,1262,0.29650060864823696,0.02484908513724804,2.168867588043213,True
-B3,motion_v3_prior_rmse,17,1262,0.29649795854549776,0.0315658301115036,2.2220821380615234,True
-B3,motion_v3_prior_rmse,18,1262,0.3001499446330329,0.03326226770877838,2.3692314624786377,True
-B3,motion_v3_prior_rmse,19,1262,0.2990760808344192,0.02280081994831562,2.2805581092834473,True
-B3,motion_v3_prior_rmse,20,1262,0.2958202350489122,0.031194157898426056,2.5430824756622314,True
-B3,motion_v3_prior_rmse,21,1262,0.2980177701154219,0.0231480710208416,2.140681266784668,True
-B3,motion_v3_prior_rmse,22,1262,0.29583696118318337,0.03378422558307648,2.307227373123169,True
-B3,motion_v3_prior_rmse,23,1262,0.29490612519583215,0.02928081899881363,2.1929776668548584,True
-B3,motion_v3_prior_rmse,24,1262,0.2964412458314783,0.025905568152666092,2.7211499214172363,True
-B3,motion_v3_prior_rmse,25,1262,0.29331788590263497,0.027748776599764824,2.0959174633026123,True
-B3,motion_v3_prior_rmse,26,1262,0.29639696817780165,0.03797225281596184,2.1119656562805176,True
-B3,motion_v3_prior_rmse,27,1262,0.2935840741461128,0.03488362208008766,2.2539212703704834,True
-B3,motion_v3_prior_rmse,28,1262,0.29959083486070914,0.03245456516742706,2.069309711456299,True
-B3,motion_v3_prior_rmse,29,1262,0.29105681327072735,0.029317405074834824,2.20790433883667,True
-B3,motion_v3_prior_rmse,30,1262,0.29079575570988014,0.024805892258882523,2.095972776412964,True
-B3,motion_v3_prior_rmse,31,1262,0.292250124190044,0.02614467404782772,2.168220043182373,True
-B3,motion_v3_prior_rmse,32,1262,0.2889974076188688,0.01942547596991062,2.2082724571228027,True
-B3,motion_v3_prior_rmse,33,1262,0.29680923540174675,0.04323288053274155,2.0370450019836426,True
-B3,motion_v3_prior_rmse,34,1262,0.3026712536014817,0.02530844137072563,2.110398054122925,True
-B3,motion_v3_prior_rmse,35,1262,0.2920149471049925,0.03501644730567932,2.251585006713867,True
-B3,motion_v3_prior_rmse,36,1262,0.29488231038907914,0.03310215845704079,2.3275725841522217,True
-B3,motion_v3_prior_rmse,37,1262,0.2901660060855411,0.023785755038261414,2.2568206787109375,True
-B3,motion_v3_prior_rmse,38,1262,0.29076767312849855,0.04198795184493065,2.128049612045288,True
-B3,motion_v3_prior_rmse,39,1262,0.28802012361839957,0.023122889921069145,2.0552966594696045,True
-B3,motion_v3_prior_rmse,40,1262,0.29570230516042745,0.032036326825618744,2.023989200592041,True
-B3,motion_v3_prior_rmse,41,1262,0.2969869814485477,0.02294554002583027,2.206476926803589,True
-B3,motion_v3_prior_rmse,42,1262,0.2966832642365253,0.022921284660696983,2.057217597961426,True
-B3,motion_v3_prior_rmse,43,1262,0.2891840410260882,0.03607074171304703,2.340183734893799,True
-B3,motion_v3_prior_rmse,44,1262,0.28429607558322456,0.017986534163355827,2.219043493270874,True
-B3,motion_v3_prior_rmse,45,1262,0.2945933704177381,0.03351251408457756,2.328094720840454,True
-B3,motion_v3_prior_rmse,46,1262,0.293964061109724,0.018670670688152313,2.1184029579162598,True
-B3,motion_v3_prior_rmse,47,1262,0.2923393536967162,0.03397449478507042,2.08195161819458,True
-B3,motion_v3_prior_rmse,48,1262,0.28699179836320093,0.023458780720829964,2.193594455718994,True
-B3,motion_v3_prior_rmse,49,1262,0.2915705723079916,0.03070867620408535,2.04939341545105,True
-B3,motion_v3_prior_rmse,50,1262,0.29084493208192463,0.021221434697508812,2.153754711151123,True
-B3,motion_v3_prior_rmse,51,1262,0.2934840141726206,0.02701791189610958,2.021820068359375,True
-B3,motion_v3_prior_rmse,52,1262,0.2871719726823306,0.0358758270740509,2.4807729721069336,True
-B3,motion_v3_prior_rmse,53,1262,0.2933607684690417,0.026323387399315834,2.017934560775757,True
-B3,motion_v3_prior_rmse,54,1262,0.29251043871783083,0.024089457467198372,2.0742995738983154,True
-B3,motion_v3_prior_rmse,55,1262,0.29684229345369356,0.03340473771095276,2.146484613418579,True
-B3,motion_v3_prior_rmse,56,1262,0.2922264065478357,0.013086725026369095,2.251392364501953,True
-B3,motion_v3_prior_rmse,57,1262,0.2934513177601665,0.024527331814169884,2.427622079849243,True
-B3,motion_v3_prior_rmse,58,1262,0.2881131662829246,0.02968505211174488,2.230699062347412,True
-B3,motion_v3_prior_rmse,59,1262,0.2916265320543513,0.02803209237754345,2.2038004398345947,True
-B3,motion_v3_prior_rmse,60,1262,0.2910026566061987,0.024901211261749268,2.0361521244049072,True
-B3,motion_v3_sigma_parallel_mean,1,1262,0.19319103172317548,0.11032884567975998,0.36312493681907654,True
-B3,motion_v3_sigma_parallel_mean,2,1262,0.2236794889646268,0.10537596791982651,0.5248523950576782,True
-B3,motion_v3_sigma_parallel_mean,3,1262,0.23820149617508737,0.10270464420318604,0.5818780064582825,True
-B3,motion_v3_sigma_parallel_mean,4,1262,0.24240934638610542,0.1016143187880516,0.531896710395813,True
-B3,motion_v3_sigma_parallel_mean,5,1262,0.24671465012638957,0.10092450678348541,0.5636599659919739,True
-B3,motion_v3_sigma_parallel_mean,6,1262,0.2471315304670489,0.11734700202941895,0.4995226562023163,True
-B3,motion_v3_sigma_parallel_mean,7,1262,0.24894718197063676,0.10075758397579193,0.5785815119743347,True
-B3,motion_v3_sigma_parallel_mean,8,1262,0.24596417775575408,0.101101353764534,0.5722499489784241,True
-B3,motion_v3_sigma_parallel_mean,9,1262,0.24542583924276892,0.10015663504600525,0.5506096482276917,True
-B3,motion_v3_sigma_parallel_mean,10,1262,0.24306871290960705,0.11866211146116257,0.5850910544395447,True
-B3,motion_v3_sigma_parallel_mean,11,1262,0.24156337557286733,0.10055360943078995,0.554550051689148,True
-B3,motion_v3_sigma_parallel_mean,12,1262,0.2385799693336294,0.10007616877555847,0.5675182342529297,True
-B3,motion_v3_sigma_parallel_mean,13,1262,0.23662706987014284,0.100064717233181,0.6254469156265259,True
-B3,motion_v3_sigma_parallel_mean,14,1262,0.23268553237364334,0.10006668418645859,0.6710010170936584,True
-B3,motion_v3_sigma_parallel_mean,15,1262,0.23317448745840325,0.11383512616157532,0.5371947288513184,True
-B3,motion_v3_sigma_parallel_mean,16,1262,0.23286893594236646,0.1000133603811264,0.567760705947876,True
-B3,motion_v3_sigma_parallel_mean,17,1262,0.2298894819409458,0.10000202804803848,0.4978068172931671,True
-B3,motion_v3_sigma_parallel_mean,18,1262,0.23001320883867857,0.10059903562068939,0.5722523331642151,True
-B3,motion_v3_sigma_parallel_mean,19,1262,0.22685474141393147,0.10000715404748917,0.5925862193107605,True
-B3,motion_v3_sigma_parallel_mean,20,1262,0.22819363181781843,0.10138250142335892,0.5665153861045837,True
-B3,motion_v3_sigma_parallel_mean,21,1262,0.22602244548015474,0.11261672526597977,0.48177430033683777,True
-B3,motion_v3_sigma_parallel_mean,22,1262,0.2264222858293593,0.10000722855329514,0.5222898721694946,True
-B3,motion_v3_sigma_parallel_mean,23,1262,0.22636040326107512,0.10000873357057571,0.5070129632949829,True
-B3,motion_v3_sigma_parallel_mean,24,1262,0.22587997459831594,0.11466190218925476,0.5433288812637329,True
-B3,motion_v3_sigma_parallel_mean,25,1262,0.2257111092908352,0.10014256089925766,0.5085676312446594,True
-B3,motion_v3_sigma_parallel_mean,26,1262,0.2242999587639009,0.10005337744951248,0.5004512071609497,True
-B3,motion_v3_sigma_parallel_mean,27,1262,0.22496954338084876,0.11210856586694717,0.5602095127105713,True
-B3,motion_v3_sigma_parallel_mean,28,1262,0.22584401803141352,0.11246756464242935,0.7110519409179688,True
-B3,motion_v3_sigma_parallel_mean,29,1262,0.2250897452034493,0.10000072419643402,0.603220522403717,True
-B3,motion_v3_sigma_parallel_mean,30,1262,0.22445969865694287,0.10001377016305923,0.5531335473060608,True
-B3,motion_v3_sigma_parallel_mean,31,1262,0.22380868050900013,0.10004331171512604,0.6472638249397278,True
-B3,motion_v3_sigma_parallel_mean,32,1262,0.22324707245132436,0.10000701993703842,0.5001972913742065,True
-B3,motion_v3_sigma_parallel_mean,33,1262,0.22365918419015388,0.10000687837600708,0.4937655031681061,True
-B3,motion_v3_sigma_parallel_mean,34,1262,0.22562075831385686,0.11476332694292068,0.5653897523880005,True
-B3,motion_v3_sigma_parallel_mean,35,1262,0.2242193803805179,0.10000608116388321,0.4600067138671875,True
-B3,motion_v3_sigma_parallel_mean,36,1262,0.22411947588771344,0.10014362633228302,0.6030963659286499,True
-B3,motion_v3_sigma_parallel_mean,37,1262,0.22267003053365342,0.10035397112369537,0.5506423115730286,True
-B3,motion_v3_sigma_parallel_mean,38,1262,0.22341793384727698,0.10028411448001862,0.5214788317680359,True
-B3,motion_v3_sigma_parallel_mean,39,1262,0.22270253267605597,0.10000118613243103,0.5081160068511963,True
-B3,motion_v3_sigma_parallel_mean,40,1262,0.22498098186404694,0.10034476220607758,0.6068496108055115,True
-B3,motion_v3_sigma_parallel_mean,41,1262,0.22306012370507047,0.1000470295548439,0.6122902035713196,True
-B3,motion_v3_sigma_parallel_mean,42,1262,0.22346205340488776,0.10006816685199738,0.6357449293136597,True
-B3,motion_v3_sigma_parallel_mean,43,1262,0.22348684166955116,0.10001908987760544,0.5876308679580688,True
-B3,motion_v3_sigma_parallel_mean,44,1262,0.22193049385010158,0.10011297464370728,0.5862971544265747,True
-B3,motion_v3_sigma_parallel_mean,45,1262,0.22338132679509662,0.11363490670919418,0.5757262706756592,True
-B3,motion_v3_sigma_parallel_mean,46,1262,0.22379068169512575,0.10000772029161453,0.5092545747756958,True
-B3,motion_v3_sigma_parallel_mean,47,1262,0.22303899757198034,0.10006825625896454,0.6503008008003235,True
-B3,motion_v3_sigma_parallel_mean,48,1262,0.22261446455224948,0.10001455992460251,0.5288037061691284,True
-B3,motion_v3_sigma_parallel_mean,49,1262,0.22283358090865632,0.1134951040148735,0.5818700194358826,True
-B3,motion_v3_sigma_parallel_mean,50,1262,0.22267115110805977,0.10000132769346237,0.5920996069908142,True
-B3,motion_v3_sigma_parallel_mean,51,1262,0.22387921965419774,0.11562059819698334,0.5393229722976685,True
-B3,motion_v3_sigma_parallel_mean,52,1262,0.2233962500954959,0.10002792626619339,0.5734387636184692,True
-B3,motion_v3_sigma_parallel_mean,53,1262,0.22421766544224342,0.10274215042591095,0.7036547064781189,True
-B3,motion_v3_sigma_parallel_mean,54,1262,0.22323624752520949,0.10003948956727982,0.5848737359046936,True
-B3,motion_v3_sigma_parallel_mean,55,1262,0.22345586052598365,0.10331802815198898,0.5103949308395386,True
-B3,motion_v3_sigma_parallel_mean,56,1262,0.2220365654694864,0.1000879555940628,0.5603684782981873,True
-B3,motion_v3_sigma_parallel_mean,57,1262,0.22320759022481468,0.10000438243150711,0.5533595085144043,True
-B3,motion_v3_sigma_parallel_mean,58,1262,0.22190780340208305,0.11347272992134094,0.5273042917251587,True
-B3,motion_v3_sigma_parallel_mean,59,1262,0.22285559553233833,0.10014619678258896,0.6073036193847656,True
-B3,motion_v3_sigma_parallel_mean,60,1262,0.2224479681633637,0.11174985766410828,0.4975849688053131,True
-B3,motion_v3_sigma_perpendicular_mean,1,1262,0.15304857579232584,0.10547716170549393,0.2256392538547516,True
-B3,motion_v3_sigma_perpendicular_mean,2,1262,0.1568748645437217,0.10205122083425522,0.2852361798286438,True
-B3,motion_v3_sigma_perpendicular_mean,3,1262,0.1581343547891229,0.10138511657714844,0.2869223356246948,True
-B3,motion_v3_sigma_perpendicular_mean,4,1262,0.157670390793667,0.10061988234519958,0.27760541439056396,True
-B3,motion_v3_sigma_perpendicular_mean,5,1262,0.1553673746740289,0.10066914558410645,0.27079474925994873,True
-B3,motion_v3_sigma_perpendicular_mean,6,1262,0.15105148884224248,0.10551170259714127,0.25402382016181946,True
-B3,motion_v3_sigma_perpendicular_mean,7,1262,0.1473192014390523,0.10026182234287262,0.27877724170684814,True
-B3,motion_v3_sigma_perpendicular_mean,8,1262,0.1398901613502986,0.1003173217177391,0.27024170756340027,True
-B3,motion_v3_sigma_perpendicular_mean,9,1262,0.13721699330205964,0.10001948475837708,0.255045086145401,True
-B3,motion_v3_sigma_perpendicular_mean,10,1262,0.13397120806593713,0.1038656160235405,0.2786317765712738,True
-B3,motion_v3_sigma_perpendicular_mean,11,1262,0.1321376104397838,0.10011667758226395,0.25632232427597046,True
-B3,motion_v3_sigma_perpendicular_mean,12,1262,0.13138157595096603,0.10001320391893387,0.2523280680179596,True
-B3,motion_v3_sigma_perpendicular_mean,13,1262,0.12837347345760242,0.10001255571842194,0.27256083488464355,True
-B3,motion_v3_sigma_perpendicular_mean,14,1262,0.12668905714777684,0.10000839829444885,0.34246352314949036,True
-B3,motion_v3_sigma_perpendicular_mean,15,1262,0.12666591258037677,0.10087645053863525,0.2799105942249298,True
-B3,motion_v3_sigma_perpendicular_mean,16,1262,0.12468245208688469,0.10000445693731308,0.2800627052783966,True
-B3,motion_v3_sigma_perpendicular_mean,17,1262,0.1252281734876323,0.10000181198120117,0.2606622278690338,True
-B3,motion_v3_sigma_perpendicular_mean,18,1262,0.12448307364092764,0.10001920163631439,0.2756594121456146,True
-B3,motion_v3_sigma_perpendicular_mean,19,1262,0.12467890889893055,0.1000070571899414,0.2927623987197876,True
-B3,motion_v3_sigma_perpendicular_mean,20,1262,0.12519082301274154,0.10005540400743484,0.2815893292427063,True
-B3,motion_v3_sigma_perpendicular_mean,21,1262,0.12348258948741737,0.10133370757102966,0.26472148299217224,True
-B3,motion_v3_sigma_perpendicular_mean,22,1262,0.12372243972923223,0.10000436007976532,0.2731626629829407,True
-B3,motion_v3_sigma_perpendicular_mean,23,1262,0.12390183210491,0.10000873357057571,0.2699145972728729,True
-B3,motion_v3_sigma_perpendicular_mean,24,1262,0.1245238400476198,0.10140403360128403,0.27699577808380127,True
-B3,motion_v3_sigma_perpendicular_mean,25,1262,0.12357072586491823,0.10001162439584732,0.27026665210723877,True
-B3,motion_v3_sigma_perpendicular_mean,26,1262,0.1236365967077423,0.10000254958868027,0.27009305357933044,True
-B3,motion_v3_sigma_perpendicular_mean,27,1262,0.12347896269001599,0.10074929893016815,0.2933295667171478,True
-B3,motion_v3_sigma_perpendicular_mean,28,1262,0.12415831191273385,0.10079813748598099,0.32812467217445374,True
-B3,motion_v3_sigma_perpendicular_mean,29,1262,0.12346800762079597,0.10000062733888626,0.2708772122859955,True
-B3,motion_v3_sigma_perpendicular_mean,30,1262,0.12307365453564421,0.10000478476285934,0.2887764871120453,True
-B3,motion_v3_sigma_perpendicular_mean,31,1262,0.12352372124413302,0.10001104325056076,0.30222469568252563,True
-B3,motion_v3_sigma_perpendicular_mean,32,1262,0.12326837210619318,0.10000201314687729,0.2639678418636322,True
-B3,motion_v3_sigma_perpendicular_mean,33,1262,0.12382892068776578,0.10000687837600708,0.27546629309654236,True
-B3,motion_v3_sigma_perpendicular_mean,34,1262,0.124194319866208,0.10106725990772247,0.27712225914001465,True
-B3,motion_v3_sigma_perpendicular_mean,35,1262,0.12381717941108294,0.10000217705965042,0.2552642226219177,True
-B3,motion_v3_sigma_perpendicular_mean,36,1262,0.12428622244725893,0.10004836320877075,0.3266097903251648,True
-B3,motion_v3_sigma_perpendicular_mean,37,1262,0.12357543621407069,0.10001121461391449,0.2648557126522064,True
-B3,motion_v3_sigma_perpendicular_mean,38,1262,0.12331677548788052,0.10006255656480789,0.27264800667762756,True
-B3,motion_v3_sigma_perpendicular_mean,39,1262,0.12291063607423884,0.10000108182430267,0.2607177495956421,True
-B3,motion_v3_sigma_perpendicular_mean,40,1262,0.124378118699449,0.10001441836357117,0.29298850893974304,True
-B3,motion_v3_sigma_perpendicular_mean,41,1262,0.12335135490764906,0.10000834614038467,0.28839826583862305,True
-B3,motion_v3_sigma_perpendicular_mean,42,1262,0.1238832870961747,0.10001637786626816,0.33942392468452454,True
-B3,motion_v3_sigma_perpendicular_mean,43,1262,0.12344702676221989,0.10001779347658157,0.31432247161865234,True
-B3,motion_v3_sigma_perpendicular_mean,44,1262,0.12297504967913953,0.100006103515625,0.30282801389694214,True
-B3,motion_v3_sigma_perpendicular_mean,45,1262,0.12355434971311013,0.10179880261421204,0.2872549295425415,True
-B3,motion_v3_sigma_perpendicular_mean,46,1262,0.12366982352832796,0.10000734776258469,0.2730717062950134,True
-B3,motion_v3_sigma_perpendicular_mean,47,1262,0.12325817348934391,0.10001282393932343,0.30495333671569824,True
-B3,motion_v3_sigma_perpendicular_mean,48,1262,0.12313779320113255,0.10000110417604446,0.2723839282989502,True
-B3,motion_v3_sigma_perpendicular_mean,49,1262,0.12322993419485878,0.10012537240982056,0.3213784992694855,True
-B3,motion_v3_sigma_perpendicular_mean,50,1262,0.12359850829476034,0.1000012457370758,0.31308913230895996,True
-B3,motion_v3_sigma_perpendicular_mean,51,1262,0.12368794693574664,0.10154403001070023,0.2970191538333893,True
-B3,motion_v3_sigma_perpendicular_mean,52,1262,0.12347164587745009,0.10000216960906982,0.2740785479545593,True
-B3,motion_v3_sigma_perpendicular_mean,53,1262,0.1239999196006549,0.10007262229919434,0.34436124563217163,True
-B3,motion_v3_sigma_perpendicular_mean,54,1262,0.12349846346300869,0.10000793635845184,0.2847083806991577,True
-B3,motion_v3_sigma_perpendicular_mean,55,1262,0.12374292127492878,0.10071641951799393,0.2745271325111389,True
-B3,motion_v3_sigma_perpendicular_mean,56,1262,0.1234789852247752,0.10000500828027725,0.28914281725883484,True
-B3,motion_v3_sigma_perpendicular_mean,57,1262,0.12362772829700763,0.10000412911176682,0.30283817648887634,True
-B3,motion_v3_sigma_perpendicular_mean,58,1262,0.12318761913008433,0.10135549306869507,0.27472060918807983,True
-B3,motion_v3_sigma_perpendicular_mean,59,1262,0.12315068981372611,0.10001175105571747,0.3179608881473541,True
-B3,motion_v3_sigma_perpendicular_mean,60,1262,0.12330292435082506,0.10079626739025116,0.26582616567611694,True
-B3,search_has_usable_points_mean,1,1262,0.8292888272583201,0.4375,1.0,True
-B3,search_has_usable_points_mean,2,1262,0.8262183042789224,0.5,1.0,True
-B3,search_has_usable_points_mean,3,1262,0.8278526148969889,0.5,1.0,True
-B3,search_has_usable_points_mean,4,1262,0.8258716323296355,0.5,1.0,True
-B3,search_has_usable_points_mean,5,1262,0.8274564183835182,0.5,1.0,True
-B3,search_has_usable_points_mean,6,1262,0.8287935816164818,0.5,1.0,True
-B3,search_has_usable_points_mean,7,1262,0.8302793185419969,0.3125,1.0,True
-B3,search_has_usable_points_mean,8,1262,0.8257725832012678,0.4375,1.0,True
-B3,search_has_usable_points_mean,9,1262,0.8279021394611727,0.5,1.0,True
-B3,search_has_usable_points_mean,10,1262,0.8281002377179081,0.5,1.0,True
-B3,search_has_usable_points_mean,11,1262,0.8286945324881141,0.5,1.0,True
-B3,search_has_usable_points_mean,12,1262,0.8268125990491284,0.5,1.0,True
-B3,search_has_usable_points_mean,13,1262,0.8280507131537242,0.5,1.0,True
-B3,search_has_usable_points_mean,14,1262,0.8279021394611727,0.4375,1.0,True
-B3,search_has_usable_points_mean,15,1262,0.830526941362916,0.4375,1.0,True
-B3,search_has_usable_points_mean,16,1262,0.8300316957210776,0.5,1.0,True
-B3,search_has_usable_points_mean,17,1262,0.8299821711568938,0.5,1.0,True
-B3,search_has_usable_points_mean,18,1262,0.8268125990491284,0.5,1.0,True
-B3,search_has_usable_points_mean,19,1262,0.8268125990491284,0.4375,1.0,True
-B3,search_has_usable_points_mean,20,1262,0.8263668779714739,0.5,1.0,True
-B3,search_has_usable_points_mean,21,1262,0.8268621236133122,0.375,1.0,True
-B3,search_has_usable_points_mean,22,1262,0.8262183042789224,0.5,1.0,True
-B3,search_has_usable_points_mean,23,1262,0.8261192551505546,0.4375,1.0,True
-B3,search_has_usable_points_mean,24,1262,0.8279516640253566,0.4375,1.0,True
-B3,search_has_usable_points_mean,25,1262,0.8282983359746434,0.4375,1.0,True
-B3,search_has_usable_points_mean,26,1262,0.8279021394611727,0.375,1.0,True
-B3,search_has_usable_points_mean,27,1262,0.8282488114104596,0.4375,1.0,True
-B3,search_has_usable_points_mean,28,1262,0.8265649762282092,0.5,1.0,True
-B3,search_has_usable_points_mean,29,1262,0.8285954833597464,0.4375,1.0,True
-B3,search_has_usable_points_mean,30,1262,0.8271592709984152,0.5,1.0,True
-B3,search_has_usable_points_mean,31,1262,0.8275554675118859,0.4375,1.0,True
-B3,search_has_usable_points_mean,32,1262,0.8265154516640254,0.5,1.0,True
-B3,search_has_usable_points_mean,33,1262,0.8275059429477021,0.375,1.0,True
-B3,search_has_usable_points_mean,34,1262,0.8265649762282092,0.5,1.0,True
-B3,search_has_usable_points_mean,35,1262,0.8264164025356577,0.5,1.0,True
-B3,search_has_usable_points_mean,36,1262,0.8262678288431062,0.5,1.0,True
-B3,search_has_usable_points_mean,37,1262,0.8290412044374009,0.5,1.0,True
-B3,search_has_usable_points_mean,38,1262,0.8272087955625991,0.5625,1.0,True
-B3,search_has_usable_points_mean,39,1262,0.8261687797147385,0.4375,1.0,True
-B3,search_has_usable_points_mean,40,1262,0.8292393026941363,0.5,1.0,True
-B3,search_has_usable_points_mean,41,1262,0.8276049920760697,0.375,1.0,True
-B3,search_has_usable_points_mean,42,1262,0.8272087955625991,0.5,1.0,True
-B3,search_has_usable_points_mean,43,1262,0.8270106973058637,0.4375,1.0,True
-B3,search_has_usable_points_mean,44,1262,0.825723058637084,0.5,1.0,True
-B3,search_has_usable_points_mean,45,1262,0.8266640253565769,0.5,1.0,True
-B3,search_has_usable_points_mean,46,1262,0.8280011885895404,0.4375,1.0,True
-B3,search_has_usable_points_mean,47,1262,0.8288431061806656,0.4375,1.0,True
-B3,search_has_usable_points_mean,48,1262,0.8281002377179081,0.5,1.0,True
-B3,search_has_usable_points_mean,49,1262,0.8289421553090333,0.5,1.0,True
-B3,search_has_usable_points_mean,50,1262,0.8284964342313788,0.4375,1.0,True
-B3,search_has_usable_points_mean,51,1262,0.8276049920760697,0.4375,1.0,True
-B3,search_has_usable_points_mean,52,1262,0.8288431061806656,0.5,1.0,True
-B3,search_has_usable_points_mean,53,1262,0.8265154516640254,0.4375,1.0,True
-B3,search_has_usable_points_mean,54,1262,0.8287440570522979,0.375,1.0,True
-B3,search_has_usable_points_mean,55,1262,0.8271097464342314,0.4375,1.0,True
-B3,search_has_usable_points_mean,56,1262,0.8280011885895404,0.4375,1.0,True
-B3,search_has_usable_points_mean,57,1262,0.8273573692551506,0.5,1.0,True
-B3,search_has_usable_points_mean,58,1262,0.8269116481774961,0.3125,1.0,True
-B3,search_has_usable_points_mean,59,1262,0.8293878763866878,0.5,1.0,True
-B3,search_has_usable_points_mean,60,1262,0.8271097464342314,0.5,1.0,True
-B3,trajectory_search_valid_mean,1,1262,0.25921156893819336,0.0,0.8125,True
-B3,trajectory_search_valid_mean,2,1262,0.2549029318541997,0.0,0.625,True
-B3,trajectory_search_valid_mean,3,1262,0.25797345483359746,0.0,0.625,True
-B3,trajectory_search_valid_mean,4,1262,0.2566362916006339,0.0,0.625,True
-B3,trajectory_search_valid_mean,5,1262,0.25539817749603805,0.0,0.625,True
-B3,trajectory_search_valid_mean,6,1262,0.2557448494453249,0.0,0.6875,True
-B3,trajectory_search_valid_mean,7,1262,0.25782488114104596,0.0,0.75,True
-B3,trajectory_search_valid_mean,8,1262,0.2558934231378764,0.0,0.625,True
-B3,trajectory_search_valid_mean,9,1262,0.25921156893819336,0.0,0.625,True
-B3,trajectory_search_valid_mean,10,1262,0.2560419968304279,0.0,0.625,True
-B3,trajectory_search_valid_mean,11,1262,0.25643819334389856,0.0,0.625,True
-B3,trajectory_search_valid_mean,12,1262,0.25767630744849446,0.0,0.625,True
-B3,trajectory_search_valid_mean,13,1262,0.26084587955625993,0.0,0.75,True
-B3,trajectory_search_valid_mean,14,1262,0.2575772583201268,0.0,0.6875,True
-B3,trajectory_search_valid_mean,15,1262,0.25782488114104596,0.0,0.625,True
-B3,trajectory_search_valid_mean,16,1262,0.2566858161648177,0.0,0.625,True
-B3,trajectory_search_valid_mean,17,1262,0.2568343898573692,0.0,0.75,True
-B3,trajectory_search_valid_mean,18,1262,0.2566858161648177,0.0,0.625,True
-B3,trajectory_search_valid_mean,19,1262,0.25866679873217113,0.0,0.6875,True
-B3,trajectory_search_valid_mean,20,1262,0.25708201267828845,0.0,0.6875,True
-B3,trajectory_search_valid_mean,21,1262,0.2573296354992076,0.0,0.5625,True
-B3,trajectory_search_valid_mean,22,1262,0.2549029318541997,0.0,0.625,True
-B3,trajectory_search_valid_mean,23,1262,0.25495245641838354,0.0,0.625,True
-B3,trajectory_search_valid_mean,24,1262,0.2580229793977813,0.0,0.75,True
-B3,trajectory_search_valid_mean,25,1262,0.25693343898573695,0.0,0.625,True
-B3,trajectory_search_valid_mean,26,1262,0.2558934231378764,0.0,0.625,True
-B3,trajectory_search_valid_mean,27,1262,0.25614104595879555,0.0,0.625,True
-B3,trajectory_search_valid_mean,28,1262,0.2559429477020602,0.0,0.625,True
-B3,trajectory_search_valid_mean,29,1262,0.25866679873217113,0.0,0.625,True
-B3,trajectory_search_valid_mean,30,1262,0.2587658478605388,0.0,0.6875,True
-B3,trajectory_search_valid_mean,31,1262,0.25584389857369255,0.0,0.625,True
-B3,trajectory_search_valid_mean,32,1262,0.2561905705229794,0.0,0.6875,True
-B3,trajectory_search_valid_mean,33,1262,0.2571315372424723,0.0,0.6875,True
-B3,trajectory_search_valid_mean,34,1262,0.2573296354992076,0.0,0.625,True
-B3,trajectory_search_valid_mean,35,1262,0.2571810618066561,0.0,0.625,True
-B3,trajectory_search_valid_mean,36,1262,0.25312004754358164,0.0,0.625,True
-B3,trajectory_search_valid_mean,37,1262,0.2571810618066561,0.0,0.625,True
-B3,trajectory_search_valid_mean,38,1262,0.2583201267828843,0.0,0.625,True
-B3,trajectory_search_valid_mean,39,1262,0.2580229793977813,0.0,0.625,True
-B3,trajectory_search_valid_mean,40,1262,0.25841917591125196,0.0,0.625,True
-B3,trajectory_search_valid_mean,41,1262,0.2551505546751189,0.0,0.625,True
-B3,trajectory_search_valid_mean,42,1262,0.2557448494453249,0.0,0.6875,True
-B3,trajectory_search_valid_mean,43,1262,0.2578744057052298,0.0,0.75,True
-B3,trajectory_search_valid_mean,44,1262,0.2544076862123613,0.0,0.625,True
-B3,trajectory_search_valid_mean,45,1262,0.2566362916006339,0.0,0.625,True
-B3,trajectory_search_valid_mean,46,1262,0.2580229793977813,0.0,0.6875,True
-B3,trajectory_search_valid_mean,47,1262,0.25723058637083995,0.0,0.625,True
-B3,trajectory_search_valid_mean,48,1262,0.25980586370839936,0.0,0.6875,True
-B3,trajectory_search_valid_mean,49,1262,0.2575772583201268,0.0,0.625,True
-B3,trajectory_search_valid_mean,50,1262,0.2559429477020602,0.0,0.625,True
-B3,trajectory_search_valid_mean,51,1262,0.2568343898573692,0.0,0.625,True
-B3,trajectory_search_valid_mean,52,1262,0.25767630744849446,0.0,0.6875,True
-B3,trajectory_search_valid_mean,53,1262,0.25822107765451663,0.0,0.625,True
-B3,trajectory_search_valid_mean,54,1262,0.2575772583201268,0.0,0.625,True
-B3,trajectory_search_valid_mean,55,1262,0.25737916006339145,0.0,0.625,True
-B3,trajectory_search_valid_mean,56,1262,0.2568343898573692,0.0,0.625,True
-B3,trajectory_search_valid_mean,57,1262,0.25812202852614896,0.0,0.625,True
-B3,trajectory_search_valid_mean,58,1262,0.2568343898573692,0.0,0.6875,True
-B3,trajectory_search_valid_mean,59,1262,0.26119255150554677,0.0,0.625,True
-B3,trajectory_search_valid_mean,60,1262,0.25856774960380347,0.0,0.6875,True
SeqTrack,ct_search_baseline_points_mean,1,1262,340.64238312202855,10.6875,1503.6875,True
SeqTrack,ct_search_baseline_points_mean,2,1262,343.6929477020602,13.9375,1695.1875,True
SeqTrack,ct_search_baseline_points_mean,3,1262,353.876881933439,10.5625,1647.4375,True
SeqTrack,ct_search_baseline_points_mean,4,1262,351.09607765451665,12.5625,1442.75,True
SeqTrack,ct_search_baseline_points_mean,5,1262,339.2963054675119,11.4375,1917.6875,True
SeqTrack,ct_search_baseline_points_mean,6,1262,348.3507824881141,14.25,2110.8125,True
SeqTrack,ct_search_baseline_points_mean,7,1262,347.81210380348654,10.5625,1612.5625,True
SeqTrack,ct_search_baseline_points_mean,8,1262,347.4902436608558,9.9375,2071.8125,True
SeqTrack,ct_search_baseline_points_mean,9,1262,351.85182250396196,16.8125,1826.8125,True
SeqTrack,ct_search_baseline_points_mean,10,1262,338.6911648177496,8.875,1888.3125,True
SeqTrack,ct_search_baseline_points_mean,11,1262,342.9979199683043,18.8125,1764.1875,True
SeqTrack,ct_search_baseline_points_mean,12,1262,337.7953645007924,15.75,1738.8125,True
SeqTrack,ct_search_baseline_points_mean,13,1262,345.2340035657686,11.4375,1762.375,True
SeqTrack,ct_search_baseline_points_mean,14,1262,342.6984944532488,19.0625,1665.4375,True
SeqTrack,ct_search_baseline_points_mean,15,1262,348.46731378763866,13.0625,2237.3125,True
SeqTrack,ct_search_baseline_points_mean,16,1262,337.9565174326466,14.125,1947.875,True
SeqTrack,ct_search_baseline_points_mean,17,1262,348.7074088748019,12.5,1931.875,True
SeqTrack,ct_search_baseline_points_mean,18,1262,343.013470681458,9.9375,1640.75,True
SeqTrack,ct_search_baseline_points_mean,19,1262,345.66684825673536,18.5625,1882.0625,True
SeqTrack,ct_search_baseline_points_mean,20,1262,342.2406398573693,13.875,1842.25,True
SeqTrack,ct_search_baseline_points_mean,21,1262,347.01579833597464,12.8125,1998.25,True
SeqTrack,ct_search_baseline_points_mean,22,1262,339.04308637083994,15.6875,2236.1875,True
SeqTrack,ct_search_baseline_points_mean,23,1262,345.434528526149,14.0625,1949.3125,True
SeqTrack,ct_search_baseline_points_mean,24,1262,340.19720681458006,16.125,1447.0,True
SeqTrack,ct_search_baseline_points_mean,25,1262,346.40639857369257,8.1875,2180.75,True
SeqTrack,ct_search_baseline_points_mean,26,1262,350.1523870839937,11.8125,1791.125,True
SeqTrack,ct_search_baseline_points_mean,27,1262,339.86499603803486,16.375,1711.25,True
SeqTrack,ct_search_baseline_points_mean,28,1262,347.109647385103,15.9375,2158.6875,True
SeqTrack,ct_search_baseline_points_mean,29,1262,348.5401644215531,13.875,1879.375,True
SeqTrack,ct_search_baseline_points_mean,30,1262,343.1636786846276,10.25,1865.5,True
SeqTrack,ct_search_baseline_points_mean,31,1262,337.58072503961967,15.25,1979.75,True
SeqTrack,ct_search_baseline_points_mean,32,1262,342.86534270998413,15.125,1870.1875,True
SeqTrack,ct_search_baseline_points_mean,33,1262,342.0447702060222,14.1875,1756.125,True
SeqTrack,ct_search_baseline_points_mean,34,1262,337.2601030110935,10.3125,1804.9375,True
SeqTrack,ct_search_baseline_points_mean,35,1262,345.3367175118859,8.125,1986.625,True
SeqTrack,ct_search_baseline_points_mean,36,1262,343.93878763866877,13.625,2202.0,True
SeqTrack,ct_search_baseline_points_mean,37,1262,353.02921949286844,13.3125,1808.3125,True
SeqTrack,ct_search_baseline_points_mean,38,1262,335.3673732171157,15.25,1626.875,True
SeqTrack,ct_search_baseline_points_mean,39,1262,344.4341323296355,15.6875,1647.6875,True
SeqTrack,ct_search_baseline_points_mean,40,1262,351.8077951664025,14.3125,1601.9375,True
SeqTrack,ct_search_baseline_points_mean,41,1262,339.101030110935,13.0,1875.6875,True
SeqTrack,ct_search_baseline_points_mean,42,1262,343.84691957210777,10.9375,1848.0,True
SeqTrack,ct_search_baseline_points_mean,43,1262,344.7497523771791,19.875,1540.3125,True
SeqTrack,ct_search_baseline_points_mean,44,1262,342.82735736925514,13.8125,1613.9375,True
SeqTrack,ct_search_baseline_points_mean,45,1262,344.7953149762282,20.5,1666.25,True
SeqTrack,ct_search_baseline_points_mean,46,1262,334.7714441362916,15.375,1836.4375,True
SeqTrack,ct_search_baseline_points_mean,47,1262,351.3410261489699,9.75,1759.1875,True
SeqTrack,ct_search_baseline_points_mean,48,1262,355.357765451664,9.8125,2426.0,True
SeqTrack,ct_search_baseline_points_mean,49,1262,345.9249207606973,12.6875,1647.0,True
SeqTrack,ct_search_baseline_points_mean,50,1262,342.81943343898575,5.875,1838.6875,True
SeqTrack,ct_search_baseline_points_mean,51,1262,349.5455625990491,17.625,1983.0,True
SeqTrack,ct_search_baseline_points_mean,52,1262,347.4632032488114,15.5,1657.8125,True
SeqTrack,ct_search_baseline_points_mean,53,1262,343.7320721077655,12.5,2240.0,True
SeqTrack,ct_search_baseline_points_mean,54,1262,342.2515352614897,9.875,2065.9375,True
SeqTrack,ct_search_baseline_points_mean,55,1262,340.8538530110935,12.5,1726.1875,True
SeqTrack,ct_search_baseline_points_mean,56,1262,345.22895206022184,14.9375,2109.125,True
SeqTrack,ct_search_baseline_points_mean,57,1262,342.56383716323296,17.8125,1651.3125,True
SeqTrack,ct_search_baseline_points_mean,58,1262,349.82220681458006,18.0,1785.125,True
SeqTrack,ct_search_baseline_points_mean,59,1262,349.4943046751189,7.0625,1992.75,True
SeqTrack,ct_search_baseline_points_mean,60,1262,348.1648177496038,17.6875,1807.5625,True
SeqTrack,ct_search_expansion_points_mean,1,1262,0.0,0.0,0.0,True
SeqTrack,ct_search_expansion_points_mean,2,1262,0.0,0.0,0.0,True
SeqTrack,ct_search_expansion_points_mean,3,1262,0.0,0.0,0.0,True
SeqTrack,ct_search_expansion_points_mean,4,1262,0.0,0.0,0.0,True
SeqTrack,ct_search_expansion_points_mean,5,1262,0.0,0.0,0.0,True
SeqTrack,ct_search_expansion_points_mean,6,1262,0.0,0.0,0.0,True
SeqTrack,ct_search_expansion_points_mean,7,1262,0.0,0.0,0.0,True
SeqTrack,ct_search_expansion_points_mean,8,1262,0.0,0.0,0.0,True
SeqTrack,ct_search_expansion_points_mean,9,1262,0.0,0.0,0.0,True
SeqTrack,ct_search_expansion_points_mean,10,1262,0.0,0.0,0.0,True
SeqTrack,ct_search_expansion_points_mean,11,1262,0.0,0.0,0.0,True
SeqTrack,ct_search_expansion_points_mean,12,1262,0.0,0.0,0.0,True
SeqTrack,ct_search_expansion_points_mean,13,1262,0.0,0.0,0.0,True
SeqTrack,ct_search_expansion_points_mean,14,1262,0.0,0.0,0.0,True
SeqTrack,ct_search_expansion_points_mean,15,1262,0.0,0.0,0.0,True
SeqTrack,ct_search_expansion_points_mean,16,1262,0.0,0.0,0.0,True
SeqTrack,ct_search_expansion_points_mean,17,1262,0.0,0.0,0.0,True
SeqTrack,ct_search_expansion_points_mean,18,1262,0.0,0.0,0.0,True
SeqTrack,ct_search_expansion_points_mean,19,1262,0.0,0.0,0.0,True
SeqTrack,ct_search_expansion_points_mean,20,1262,0.0,0.0,0.0,True
SeqTrack,ct_search_expansion_points_mean,21,1262,0.0,0.0,0.0,True
SeqTrack,ct_search_expansion_points_mean,22,1262,0.0,0.0,0.0,True
SeqTrack,ct_search_expansion_points_mean,23,1262,0.0,0.0,0.0,True
SeqTrack,ct_search_expansion_points_mean,24,1262,0.0,0.0,0.0,True
SeqTrack,ct_search_expansion_points_mean,25,1262,0.0,0.0,0.0,True
SeqTrack,ct_search_expansion_points_mean,26,1262,0.0,0.0,0.0,True
SeqTrack,ct_search_expansion_points_mean,27,1262,0.0,0.0,0.0,True
SeqTrack,ct_search_expansion_points_mean,28,1262,0.0,0.0,0.0,True
SeqTrack,ct_search_expansion_points_mean,29,1262,0.0,0.0,0.0,True
SeqTrack,ct_search_expansion_points_mean,30,1262,0.0,0.0,0.0,True
SeqTrack,ct_search_expansion_points_mean,31,1262,0.0,0.0,0.0,True
SeqTrack,ct_search_expansion_points_mean,32,1262,0.0,0.0,0.0,True
SeqTrack,ct_search_expansion_points_mean,33,1262,0.0,0.0,0.0,True
SeqTrack,ct_search_expansion_points_mean,34,1262,0.0,0.0,0.0,True
SeqTrack,ct_search_expansion_points_mean,35,1262,0.0,0.0,0.0,True
SeqTrack,ct_search_expansion_points_mean,36,1262,0.0,0.0,0.0,True
SeqTrack,ct_search_expansion_points_mean,37,1262,0.0,0.0,0.0,True
SeqTrack,ct_search_expansion_points_mean,38,1262,0.0,0.0,0.0,True
SeqTrack,ct_search_expansion_points_mean,39,1262,0.0,0.0,0.0,True
SeqTrack,ct_search_expansion_points_mean,40,1262,0.0,0.0,0.0,True
SeqTrack,ct_search_expansion_points_mean,41,1262,0.0,0.0,0.0,True
SeqTrack,ct_search_expansion_points_mean,42,1262,0.0,0.0,0.0,True
SeqTrack,ct_search_expansion_points_mean,43,1262,0.0,0.0,0.0,True
SeqTrack,ct_search_expansion_points_mean,44,1262,0.0,0.0,0.0,True
SeqTrack,ct_search_expansion_points_mean,45,1262,0.0,0.0,0.0,True
SeqTrack,ct_search_expansion_points_mean,46,1262,0.0,0.0,0.0,True
SeqTrack,ct_search_expansion_points_mean,47,1262,0.0,0.0,0.0,True
SeqTrack,ct_search_expansion_points_mean,48,1262,0.0,0.0,0.0,True
SeqTrack,ct_search_expansion_points_mean,49,1262,0.0,0.0,0.0,True
SeqTrack,ct_search_expansion_points_mean,50,1262,0.0,0.0,0.0,True
SeqTrack,ct_search_expansion_points_mean,51,1262,0.0,0.0,0.0,True
SeqTrack,ct_search_expansion_points_mean,52,1262,0.0,0.0,0.0,True
SeqTrack,ct_search_expansion_points_mean,53,1262,0.0,0.0,0.0,True
SeqTrack,ct_search_expansion_points_mean,54,1262,0.0,0.0,0.0,True
SeqTrack,ct_search_expansion_points_mean,55,1262,0.0,0.0,0.0,True
SeqTrack,ct_search_expansion_points_mean,56,1262,0.0,0.0,0.0,True
SeqTrack,ct_search_expansion_points_mean,57,1262,0.0,0.0,0.0,True
SeqTrack,ct_search_expansion_points_mean,58,1262,0.0,0.0,0.0,True
SeqTrack,ct_search_expansion_points_mean,59,1262,0.0,0.0,0.0,True
SeqTrack,ct_search_expansion_points_mean,60,1262,0.0,0.0,0.0,True
SeqTrack,ct_search_expansion_ratio_mean,1,1262,0.0,0.0,0.0,True
SeqTrack,ct_search_expansion_ratio_mean,2,1262,0.0,0.0,0.0,True
SeqTrack,ct_search_expansion_ratio_mean,3,1262,0.0,0.0,0.0,True
SeqTrack,ct_search_expansion_ratio_mean,4,1262,0.0,0.0,0.0,True
SeqTrack,ct_search_expansion_ratio_mean,5,1262,0.0,0.0,0.0,True
SeqTrack,ct_search_expansion_ratio_mean,6,1262,0.0,0.0,0.0,True
SeqTrack,ct_search_expansion_ratio_mean,7,1262,0.0,0.0,0.0,True
SeqTrack,ct_search_expansion_ratio_mean,8,1262,0.0,0.0,0.0,True
SeqTrack,ct_search_expansion_ratio_mean,9,1262,0.0,0.0,0.0,True
SeqTrack,ct_search_expansion_ratio_mean,10,1262,0.0,0.0,0.0,True
SeqTrack,ct_search_expansion_ratio_mean,11,1262,0.0,0.0,0.0,True
SeqTrack,ct_search_expansion_ratio_mean,12,1262,0.0,0.0,0.0,True
SeqTrack,ct_search_expansion_ratio_mean,13,1262,0.0,0.0,0.0,True
SeqTrack,ct_search_expansion_ratio_mean,14,1262,0.0,0.0,0.0,True
SeqTrack,ct_search_expansion_ratio_mean,15,1262,0.0,0.0,0.0,True
SeqTrack,ct_search_expansion_ratio_mean,16,1262,0.0,0.0,0.0,True
SeqTrack,ct_search_expansion_ratio_mean,17,1262,0.0,0.0,0.0,True
SeqTrack,ct_search_expansion_ratio_mean,18,1262,0.0,0.0,0.0,True
SeqTrack,ct_search_expansion_ratio_mean,19,1262,0.0,0.0,0.0,True
SeqTrack,ct_search_expansion_ratio_mean,20,1262,0.0,0.0,0.0,True
SeqTrack,ct_search_expansion_ratio_mean,21,1262,0.0,0.0,0.0,True
SeqTrack,ct_search_expansion_ratio_mean,22,1262,0.0,0.0,0.0,True
SeqTrack,ct_search_expansion_ratio_mean,23,1262,0.0,0.0,0.0,True
SeqTrack,ct_search_expansion_ratio_mean,24,1262,0.0,0.0,0.0,True
SeqTrack,ct_search_expansion_ratio_mean,25,1262,0.0,0.0,0.0,True
SeqTrack,ct_search_expansion_ratio_mean,26,1262,0.0,0.0,0.0,True
SeqTrack,ct_search_expansion_ratio_mean,27,1262,0.0,0.0,0.0,True
SeqTrack,ct_search_expansion_ratio_mean,28,1262,0.0,0.0,0.0,True
SeqTrack,ct_search_expansion_ratio_mean,29,1262,0.0,0.0,0.0,True
SeqTrack,ct_search_expansion_ratio_mean,30,1262,0.0,0.0,0.0,True
SeqTrack,ct_search_expansion_ratio_mean,31,1262,0.0,0.0,0.0,True
SeqTrack,ct_search_expansion_ratio_mean,32,1262,0.0,0.0,0.0,True
SeqTrack,ct_search_expansion_ratio_mean,33,1262,0.0,0.0,0.0,True
SeqTrack,ct_search_expansion_ratio_mean,34,1262,0.0,0.0,0.0,True
SeqTrack,ct_search_expansion_ratio_mean,35,1262,0.0,0.0,0.0,True
SeqTrack,ct_search_expansion_ratio_mean,36,1262,0.0,0.0,0.0,True
SeqTrack,ct_search_expansion_ratio_mean,37,1262,0.0,0.0,0.0,True
SeqTrack,ct_search_expansion_ratio_mean,38,1262,0.0,0.0,0.0,True
SeqTrack,ct_search_expansion_ratio_mean,39,1262,0.0,0.0,0.0,True
SeqTrack,ct_search_expansion_ratio_mean,40,1262,0.0,0.0,0.0,True
SeqTrack,ct_search_expansion_ratio_mean,41,1262,0.0,0.0,0.0,True
SeqTrack,ct_search_expansion_ratio_mean,42,1262,0.0,0.0,0.0,True
SeqTrack,ct_search_expansion_ratio_mean,43,1262,0.0,0.0,0.0,True
SeqTrack,ct_search_expansion_ratio_mean,44,1262,0.0,0.0,0.0,True
SeqTrack,ct_search_expansion_ratio_mean,45,1262,0.0,0.0,0.0,True
SeqTrack,ct_search_expansion_ratio_mean,46,1262,0.0,0.0,0.0,True
SeqTrack,ct_search_expansion_ratio_mean,47,1262,0.0,0.0,0.0,True
SeqTrack,ct_search_expansion_ratio_mean,48,1262,0.0,0.0,0.0,True
SeqTrack,ct_search_expansion_ratio_mean,49,1262,0.0,0.0,0.0,True
SeqTrack,ct_search_expansion_ratio_mean,50,1262,0.0,0.0,0.0,True
SeqTrack,ct_search_expansion_ratio_mean,51,1262,0.0,0.0,0.0,True
SeqTrack,ct_search_expansion_ratio_mean,52,1262,0.0,0.0,0.0,True
SeqTrack,ct_search_expansion_ratio_mean,53,1262,0.0,0.0,0.0,True
SeqTrack,ct_search_expansion_ratio_mean,54,1262,0.0,0.0,0.0,True
SeqTrack,ct_search_expansion_ratio_mean,55,1262,0.0,0.0,0.0,True
SeqTrack,ct_search_expansion_ratio_mean,56,1262,0.0,0.0,0.0,True
SeqTrack,ct_search_expansion_ratio_mean,57,1262,0.0,0.0,0.0,True
SeqTrack,ct_search_expansion_ratio_mean,58,1262,0.0,0.0,0.0,True
SeqTrack,ct_search_expansion_ratio_mean,59,1262,0.0,0.0,0.0,True
SeqTrack,ct_search_expansion_ratio_mean,60,1262,0.0,0.0,0.0,True
SeqTrack,ct_search_used_mean,1,1262,0.0,0.0,0.0,True
SeqTrack,ct_search_used_mean,2,1262,0.0,0.0,0.0,True
SeqTrack,ct_search_used_mean,3,1262,0.0,0.0,0.0,True
SeqTrack,ct_search_used_mean,4,1262,0.0,0.0,0.0,True
SeqTrack,ct_search_used_mean,5,1262,0.0,0.0,0.0,True
SeqTrack,ct_search_used_mean,6,1262,0.0,0.0,0.0,True
SeqTrack,ct_search_used_mean,7,1262,0.0,0.0,0.0,True
SeqTrack,ct_search_used_mean,8,1262,0.0,0.0,0.0,True
SeqTrack,ct_search_used_mean,9,1262,0.0,0.0,0.0,True
SeqTrack,ct_search_used_mean,10,1262,0.0,0.0,0.0,True
SeqTrack,ct_search_used_mean,11,1262,0.0,0.0,0.0,True
SeqTrack,ct_search_used_mean,12,1262,0.0,0.0,0.0,True
SeqTrack,ct_search_used_mean,13,1262,0.0,0.0,0.0,True
SeqTrack,ct_search_used_mean,14,1262,0.0,0.0,0.0,True
SeqTrack,ct_search_used_mean,15,1262,0.0,0.0,0.0,True
SeqTrack,ct_search_used_mean,16,1262,0.0,0.0,0.0,True
SeqTrack,ct_search_used_mean,17,1262,0.0,0.0,0.0,True
SeqTrack,ct_search_used_mean,18,1262,0.0,0.0,0.0,True
SeqTrack,ct_search_used_mean,19,1262,0.0,0.0,0.0,True
SeqTrack,ct_search_used_mean,20,1262,0.0,0.0,0.0,True
SeqTrack,ct_search_used_mean,21,1262,0.0,0.0,0.0,True
SeqTrack,ct_search_used_mean,22,1262,0.0,0.0,0.0,True
SeqTrack,ct_search_used_mean,23,1262,0.0,0.0,0.0,True
SeqTrack,ct_search_used_mean,24,1262,0.0,0.0,0.0,True
SeqTrack,ct_search_used_mean,25,1262,0.0,0.0,0.0,True
SeqTrack,ct_search_used_mean,26,1262,0.0,0.0,0.0,True
SeqTrack,ct_search_used_mean,27,1262,0.0,0.0,0.0,True
SeqTrack,ct_search_used_mean,28,1262,0.0,0.0,0.0,True
SeqTrack,ct_search_used_mean,29,1262,0.0,0.0,0.0,True
SeqTrack,ct_search_used_mean,30,1262,0.0,0.0,0.0,True
SeqTrack,ct_search_used_mean,31,1262,0.0,0.0,0.0,True
SeqTrack,ct_search_used_mean,32,1262,0.0,0.0,0.0,True
SeqTrack,ct_search_used_mean,33,1262,0.0,0.0,0.0,True
SeqTrack,ct_search_used_mean,34,1262,0.0,0.0,0.0,True
SeqTrack,ct_search_used_mean,35,1262,0.0,0.0,0.0,True
SeqTrack,ct_search_used_mean,36,1262,0.0,0.0,0.0,True
SeqTrack,ct_search_used_mean,37,1262,0.0,0.0,0.0,True
SeqTrack,ct_search_used_mean,38,1262,0.0,0.0,0.0,True
SeqTrack,ct_search_used_mean,39,1262,0.0,0.0,0.0,True
SeqTrack,ct_search_used_mean,40,1262,0.0,0.0,0.0,True
SeqTrack,ct_search_used_mean,41,1262,0.0,0.0,0.0,True
SeqTrack,ct_search_used_mean,42,1262,0.0,0.0,0.0,True
SeqTrack,ct_search_used_mean,43,1262,0.0,0.0,0.0,True
SeqTrack,ct_search_used_mean,44,1262,0.0,0.0,0.0,True
SeqTrack,ct_search_used_mean,45,1262,0.0,0.0,0.0,True
SeqTrack,ct_search_used_mean,46,1262,0.0,0.0,0.0,True
SeqTrack,ct_search_used_mean,47,1262,0.0,0.0,0.0,True
SeqTrack,ct_search_used_mean,48,1262,0.0,0.0,0.0,True
SeqTrack,ct_search_used_mean,49,1262,0.0,0.0,0.0,True
SeqTrack,ct_search_used_mean,50,1262,0.0,0.0,0.0,True
SeqTrack,ct_search_used_mean,51,1262,0.0,0.0,0.0,True
SeqTrack,ct_search_used_mean,52,1262,0.0,0.0,0.0,True
SeqTrack,ct_search_used_mean,53,1262,0.0,0.0,0.0,True
SeqTrack,ct_search_used_mean,54,1262,0.0,0.0,0.0,True
SeqTrack,ct_search_used_mean,55,1262,0.0,0.0,0.0,True
SeqTrack,ct_search_used_mean,56,1262,0.0,0.0,0.0,True
SeqTrack,ct_search_used_mean,57,1262,0.0,0.0,0.0,True
SeqTrack,ct_search_used_mean,58,1262,0.0,0.0,0.0,True
SeqTrack,ct_search_used_mean,59,1262,0.0,0.0,0.0,True
SeqTrack,ct_search_used_mean,60,1262,0.0,0.0,0.0,True
SeqTrack,loss_angle_aux,1,1262,0.03323393912733903,0.0015108500374481082,0.3447839319705963,True
SeqTrack,loss_angle_aux,2,1262,0.003290458153602121,0.0003068805381190032,0.013727016746997833,True
SeqTrack,loss_angle_aux,3,1262,0.0018493821157220746,0.0002752839936874807,0.012914145365357399,True
SeqTrack,loss_angle_aux,4,1262,0.0014776890701249945,0.00020087345910724252,0.01493372954428196,True
SeqTrack,loss_angle_aux,5,1262,0.0012405872684761383,0.00010321399895474315,0.014618821442127228,True
SeqTrack,loss_angle_aux,6,1262,0.0011065871411453981,9.000736463349313e-05,0.013460774905979633,True
SeqTrack,loss_angle_aux,7,1262,0.001003535323960429,9.806118032429367e-05,0.01312116626650095,True
SeqTrack,loss_angle_aux,8,1262,0.0009188560583707493,6.634074088651687e-05,0.012415306642651558,True
SeqTrack,loss_angle_aux,9,1262,0.0008808071416159376,4.512157465796918e-05,0.011481601744890213,True
SeqTrack,loss_angle_aux,10,1262,0.00079004657282518,5.4746058594901115e-05,0.011480464600026608,True
SeqTrack,loss_angle_aux,11,1262,0.0007675888772885349,1.7882935935631394e-05,0.009610828943550587,True
SeqTrack,loss_angle_aux,12,1262,0.0007771214246321161,5.940305345575325e-05,0.01228635199368,True
SeqTrack,loss_angle_aux,13,1262,0.0007296286469331696,5.2278017392382026e-05,0.009892559610307217,True
SeqTrack,loss_angle_aux,14,1262,0.0007073828395683556,6.711359310429543e-05,0.010921989567577839,True
SeqTrack,loss_angle_aux,15,1262,0.0006901404974221245,4.5637949369847775e-05,0.011457827873528004,True
SeqTrack,loss_angle_aux,16,1262,0.0006840458283676253,4.311322481953539e-05,0.00998899806290865,True
SeqTrack,loss_angle_aux,17,1262,0.0005992976985402256,6.041114829713479e-05,0.012463375926017761,True
SeqTrack,loss_angle_aux,18,1262,0.000642176606482132,1.7455449778935872e-05,0.012199808843433857,True
SeqTrack,loss_angle_aux,19,1262,0.0005984019975608459,4.4438158511184156e-05,0.0113986786454916,True
SeqTrack,loss_angle_aux,20,1262,0.0005746130177764283,5.3044794185552746e-05,0.011489703319966793,True
SeqTrack,loss_angle_aux,21,1262,0.0003352363202214216,2.514863444957882e-05,0.010312831029295921,True
SeqTrack,loss_angle_aux,22,1262,0.00032975078808290315,3.60253980034031e-05,0.01015377976000309,True
SeqTrack,loss_angle_aux,23,1262,0.00031570542174023014,4.2973340896423906e-05,0.009831041097640991,True
SeqTrack,loss_angle_aux,24,1262,0.00031651933262499734,3.900309820892289e-05,0.010004719719290733,True
SeqTrack,loss_angle_aux,25,1262,0.0003172105764827893,3.6586443457053974e-05,0.01031243521720171,True
SeqTrack,loss_angle_aux,26,1262,0.00030632136976440467,2.8773327358067036e-05,0.009510127827525139,True
SeqTrack,loss_angle_aux,27,1262,0.0003179543673180017,4.2039981053676456e-05,0.010601874440908432,True
SeqTrack,loss_angle_aux,28,1262,0.00030559833655882884,3.734185156645253e-05,0.010161247104406357,True
SeqTrack,loss_angle_aux,29,1262,0.0003093084597762776,2.476669214956928e-05,0.009681690484285355,True
SeqTrack,loss_angle_aux,30,1262,0.0003149664322097056,3.239347643102519e-05,0.010314174927771091,True
SeqTrack,loss_angle_aux,31,1262,0.00029971125497119355,3.5215380194131285e-05,0.009900209493935108,True
SeqTrack,loss_angle_aux,32,1262,0.0002873650244166875,3.937350265914574e-05,0.009899033233523369,True
SeqTrack,loss_angle_aux,33,1262,0.0003026572356798523,2.522289469197858e-05,0.010407274588942528,True
SeqTrack,loss_angle_aux,34,1262,0.0002833637959970842,2.395276169409044e-05,0.009848862886428833,True
SeqTrack,loss_angle_aux,35,1262,0.0002840705257620677,4.048443224746734e-05,0.009498128667473793,True
SeqTrack,loss_angle_aux,36,1262,0.00029077461352168034,2.5356026526424102e-05,0.010725695639848709,True
SeqTrack,loss_angle_aux,37,1262,0.0002980454729568269,3.157111495966092e-05,0.010125728324055672,True
SeqTrack,loss_angle_aux,38,1262,0.0002860884613316158,3.7962283386150375e-05,0.010285741649568081,True
SeqTrack,loss_angle_aux,39,1262,0.00028178597266821133,4.083763633389026e-05,0.009502032771706581,True
SeqTrack,loss_angle_aux,40,1262,0.0002777167132377568,3.4898777812486514e-05,0.009857338853180408,True
SeqTrack,loss_angle_aux,41,1262,0.0002755367515949912,1.1281625120318495e-05,0.010180462151765823,True
SeqTrack,loss_angle_aux,42,1262,0.00025236309606513384,2.68086077994667e-05,0.009622874669730663,True
SeqTrack,loss_angle_aux,43,1262,0.000287900838359872,2.3389067791868e-05,0.010200459510087967,True
SeqTrack,loss_angle_aux,44,1262,0.0002531733446583259,4.085418186150491e-05,0.00969264842569828,True
SeqTrack,loss_angle_aux,45,1262,0.00025670184382046453,3.9038433897076175e-05,0.010135442949831486,True
SeqTrack,loss_angle_aux,46,1262,0.0002733917169644838,2.4821349143167026e-05,0.010156279429793358,True
SeqTrack,loss_angle_aux,47,1262,0.00027227427348286144,3.120896144537255e-05,0.009925544261932373,True
SeqTrack,loss_angle_aux,48,1262,0.00024856415692091496,3.0848867027089e-05,0.009781356900930405,True
SeqTrack,loss_angle_aux,49,1262,0.0002562929589809212,3.400754212634638e-05,0.0102114612236619,True
SeqTrack,loss_angle_aux,50,1262,0.0002605967213030122,2.9217419069027528e-05,0.009925435297191143,True
SeqTrack,loss_angle_aux,51,1262,0.00024596378642726405,3.398543776711449e-05,0.009676936082541943,True
SeqTrack,loss_angle_aux,52,1262,0.00027593937751540685,3.0973300454206765e-05,0.010034846141934395,True
SeqTrack,loss_angle_aux,53,1262,0.00026260183690621875,3.300671960460022e-05,0.010102706961333752,True
SeqTrack,loss_angle_aux,54,1262,0.00025043610833414974,3.0842005799058825e-05,0.009022843092679977,True
SeqTrack,loss_angle_aux,55,1262,0.00025275478143739976,1.849521868280135e-05,0.009503044188022614,True
SeqTrack,loss_angle_aux,56,1262,0.0002602092617760836,2.2042362616048194e-05,0.009500973857939243,True
SeqTrack,loss_angle_aux,57,1262,0.0002545820085625419,3.0070474167587236e-05,0.009921829216182232,True
SeqTrack,loss_angle_aux,58,1262,0.00026265718643895327,2.403319740551524e-05,0.009620925411581993,True
SeqTrack,loss_angle_aux,59,1262,0.00026721706376916534,3.919175287592225e-05,0.009280216880142689,True
SeqTrack,loss_angle_aux,60,1262,0.000270110786350732,3.857789488392882e-05,0.009637564420700073,True
SeqTrack,loss_center,1,1262,0.18162424519891288,0.00996280275285244,0.8969360589981079,True
SeqTrack,loss_center,2,1262,0.11440599778233164,0.005391228012740612,0.5667572021484375,True
SeqTrack,loss_center,3,1262,0.09671399250431739,0.007602620869874954,0.48429518938064575,True
SeqTrack,loss_center,4,1262,0.0793051605855252,0.008187233470380306,0.40867671370506287,True
SeqTrack,loss_center,5,1262,0.07039378486978105,0.006553269922733307,0.4444750249385834,True
SeqTrack,loss_center,6,1262,0.06417050310809065,0.006118705030530691,0.498104453086853,True
SeqTrack,loss_center,7,1262,0.06140006253667022,0.005179575178772211,0.4635758399963379,True
SeqTrack,loss_center,8,1262,0.05651739615616396,0.00576731888577342,0.4434279203414917,True
SeqTrack,loss_center,9,1262,0.05426127732570524,0.006036203354597092,0.40698158740997314,True
SeqTrack,loss_center,10,1262,0.05045288543197697,0.005960501730442047,0.4992184638977051,True
SeqTrack,loss_center,11,1262,0.04687369631886742,0.006704443600028753,0.5216715335845947,True
SeqTrack,loss_center,12,1262,0.04747370658398099,0.0064768921583890915,0.3857205808162689,True
SeqTrack,loss_center,13,1262,0.044036795233528346,0.005405712872743607,0.4134826064109802,True
SeqTrack,loss_center,14,1262,0.041380235594335686,0.005559907760471106,0.4472448229789734,True
SeqTrack,loss_center,15,1262,0.04282661834761217,0.005263373255729675,0.421453058719635,True
SeqTrack,loss_center,16,1262,0.0414989412557068,0.006042333319783211,0.40474164485931396,True
SeqTrack,loss_center,17,1262,0.03803921747021377,0.00532181840389967,0.3019452691078186,True
SeqTrack,loss_center,18,1262,0.03607639012985203,0.00444997102022171,0.27565205097198486,True
SeqTrack,loss_center,19,1262,0.038418516895634885,0.004797100555151701,0.2873476445674896,True
SeqTrack,loss_center,20,1262,0.03585212184824699,0.004819113295525312,0.33368563652038574,True
SeqTrack,loss_center,21,1262,0.030153991502123736,0.005361984949558973,0.4767659604549408,True
SeqTrack,loss_center,22,1262,0.027522680106485727,0.004647056106477976,0.43583184480667114,True
SeqTrack,loss_center,23,1262,0.025827723356751982,0.004481095355004072,0.33509916067123413,True
SeqTrack,loss_center,24,1262,0.027535958911134327,0.004684926010668278,0.3852866590023041,True
SeqTrack,loss_center,25,1262,0.025793828459444754,0.004301902372390032,0.31835269927978516,True
SeqTrack,loss_center,26,1262,0.0252481696764878,0.004971548914909363,0.24386471509933472,True
SeqTrack,loss_center,27,1262,0.02544726387423459,0.004485783167183399,0.5593752264976501,True
SeqTrack,loss_center,28,1262,0.02462968412176418,0.003880419535562396,0.3759346902370453,True
SeqTrack,loss_center,29,1262,0.0244332805667781,0.004135938361287117,0.7010825872421265,True
SeqTrack,loss_center,30,1262,0.02390657654091149,0.004062959924340248,0.23120534420013428,True
SeqTrack,loss_center,31,1262,0.02415845846896032,0.004602855071425438,0.6171730756759644,True
SeqTrack,loss_center,32,1262,0.02411752315599725,0.003942395560443401,0.26724255084991455,True
SeqTrack,loss_center,33,1262,0.023857301047216457,0.004579734522849321,0.3429403305053711,True
SeqTrack,loss_center,34,1262,0.023141873793797525,0.0044345795176923275,0.42811474204063416,True
SeqTrack,loss_center,35,1262,0.02377097050861563,0.0030495766550302505,0.4708888530731201,True
SeqTrack,loss_center,36,1262,0.024049062103626395,0.0043272217735648155,0.33488067984580994,True
SeqTrack,loss_center,37,1262,0.023401606524667204,0.0038097286596894264,0.22524353861808777,True
SeqTrack,loss_center,38,1262,0.022613315625343525,0.004019421990960836,0.2411119043827057,True
SeqTrack,loss_center,39,1262,0.024300474219655886,0.0047588590532541275,0.5032131671905518,True
SeqTrack,loss_center,40,1262,0.022055511330010845,0.0036317561753094196,0.23513194918632507,True
SeqTrack,loss_center,41,1262,0.022872178376948965,0.003928478341549635,0.5076925158500671,True
SeqTrack,loss_center,42,1262,0.02255928580038155,0.003894011490046978,0.4174710512161255,True
SeqTrack,loss_center,43,1262,0.02157921431344091,0.0035264226607978344,0.32149654626846313,True
SeqTrack,loss_center,44,1262,0.02195287533156078,0.004258850589394569,0.4305152893066406,True
SeqTrack,loss_center,45,1262,0.021650860102318828,0.0023295641876757145,0.5303196310997009,True
SeqTrack,loss_center,46,1262,0.021271417375540336,0.0037847391795367002,0.30333614349365234,True
SeqTrack,loss_center,47,1262,0.022865656942273778,0.004014352336525917,0.5555691719055176,True
SeqTrack,loss_center,48,1262,0.021423702104247388,0.004574351944029331,0.4016661047935486,True
SeqTrack,loss_center,49,1262,0.021580666347544068,0.004502544179558754,0.5078376531600952,True
SeqTrack,loss_center,50,1262,0.02154216949906194,0.003847530111670494,0.29957181215286255,True
SeqTrack,loss_center,51,1262,0.022124227067741982,0.003425401635468006,0.360783189535141,True
SeqTrack,loss_center,52,1262,0.022393939711844252,0.0046732472255826,0.5455690622329712,True
SeqTrack,loss_center,53,1262,0.021823490731471266,0.004005397204309702,0.24149489402770996,True
SeqTrack,loss_center,54,1262,0.021561803320930495,0.0034918542951345444,0.4365519881248474,True
SeqTrack,loss_center,55,1262,0.021311433942657904,0.004124088678508997,0.38456177711486816,True
SeqTrack,loss_center,56,1262,0.021410006744176056,0.004454049747437239,0.43571174144744873,True
SeqTrack,loss_center,57,1262,0.021979216576432852,0.002971670124679804,0.46934962272644043,True
SeqTrack,loss_center,58,1262,0.02166239184175401,0.004583186935633421,0.37844833731651306,True
SeqTrack,loss_center,59,1262,0.021630184789315138,0.003675171872600913,0.34187933802604675,True
SeqTrack,loss_center,60,1262,0.021771041423646165,0.003788901027292013,0.20258307456970215,True
SeqTrack,loss_center_aux,1,1262,0.2056228502737668,0.02981816790997982,1.3429980278015137,True
SeqTrack,loss_center_aux,2,1262,0.10228791790416615,0.016184665262699127,0.43861621618270874,True
SeqTrack,loss_center_aux,3,1262,0.08766681162224235,0.014485425315797329,0.4950140416622162,True
SeqTrack,loss_center_aux,4,1262,0.07622400254141037,0.013099397532641888,0.38726943731307983,True
SeqTrack,loss_center_aux,5,1262,0.07026041630454798,0.007896484807133675,0.44888150691986084,True
SeqTrack,loss_center_aux,6,1262,0.06571579571199351,0.009527099318802357,0.448200523853302,True
SeqTrack,loss_center_aux,7,1262,0.06216607728261624,0.009301824495196342,0.3861332833766937,True
SeqTrack,loss_center_aux,8,1262,0.058452841670070844,0.006518065929412842,0.4150862395763397,True
SeqTrack,loss_center_aux,9,1262,0.05710512678442957,0.006308026146143675,0.40162110328674316,True
SeqTrack,loss_center_aux,10,1262,0.054000093238930055,0.007751667406409979,0.45421311259269714,True
SeqTrack,loss_center_aux,11,1262,0.0510089563850827,0.00718420697376132,0.46009668707847595,True
SeqTrack,loss_center_aux,12,1262,0.05065058160495019,0.007260841783136129,0.3931196630001068,True
SeqTrack,loss_center_aux,13,1262,0.046627313426655916,0.006980655249208212,0.3924035429954529,True
SeqTrack,loss_center_aux,14,1262,0.04411391993186093,0.007640402298420668,0.41556334495544434,True
SeqTrack,loss_center_aux,15,1262,0.04534298536720466,0.007256664335727692,0.3860797882080078,True
SeqTrack,loss_center_aux,16,1262,0.04432447292036104,0.00766149302944541,0.40685003995895386,True
SeqTrack,loss_center_aux,17,1262,0.04058246865385934,0.007452088408172131,0.3165588676929474,True
SeqTrack,loss_center_aux,18,1262,0.0402111739806518,0.005491891875863075,0.2688426375389099,True
SeqTrack,loss_center_aux,19,1262,0.04122253468410716,0.006205637939274311,0.28483259677886963,True
SeqTrack,loss_center_aux,20,1262,0.038477451950474015,0.004870286211371422,0.32529717683792114,True
SeqTrack,loss_center_aux,21,1262,0.03040963582651728,0.005632839165627956,0.2611471116542816,True
SeqTrack,loss_center_aux,22,1262,0.02839171125224412,0.005538627039641142,0.341046541929245,True
SeqTrack,loss_center_aux,23,1262,0.02665410040643084,0.004725571721792221,0.2990691065788269,True
SeqTrack,loss_center_aux,24,1262,0.027992262975452983,0.0052774203941226006,0.4273727834224701,True
SeqTrack,loss_center_aux,25,1262,0.026585157029699717,0.0046635577455163,0.3637070655822754,True
SeqTrack,loss_center_aux,26,1262,0.025962913452415904,0.004515046253800392,0.24390456080436707,True
SeqTrack,loss_center_aux,27,1262,0.025884628197009988,0.0044290414080023766,0.26241087913513184,True
SeqTrack,loss_center_aux,28,1262,0.02516972957320641,0.004097570199519396,0.23223857581615448,True
SeqTrack,loss_center_aux,29,1262,0.02499532541547933,0.003910877741873264,0.6853793859481812,True
SeqTrack,loss_center_aux,30,1262,0.024371353453674638,0.0044409409165382385,0.22896966338157654,True
SeqTrack,loss_center_aux,31,1262,0.024185064901478245,0.004175878129899502,0.3068712651729584,True
SeqTrack,loss_center_aux,32,1262,0.024077581589681388,0.0047362614423036575,0.2399147003889084,True
SeqTrack,loss_center_aux,33,1262,0.024014679975910985,0.004783141426742077,0.2904534637928009,True
SeqTrack,loss_center_aux,34,1262,0.022983510601046465,0.004546693060547113,0.22649788856506348,True
SeqTrack,loss_center_aux,35,1262,0.023823044354704146,0.004128288011997938,0.303896963596344,True
SeqTrack,loss_center_aux,36,1262,0.023737104906274002,0.005168536677956581,0.27569037675857544,True
SeqTrack,loss_center_aux,37,1262,0.02337893873243556,0.003921208903193474,0.21418528258800507,True
SeqTrack,loss_center_aux,38,1262,0.022502947359961323,0.004784784745424986,0.23562121391296387,True
SeqTrack,loss_center_aux,39,1262,0.022967708018119853,0.00468406779691577,0.30290520191192627,True
SeqTrack,loss_center_aux,40,1262,0.022185153029372004,0.004893484525382519,0.23238727450370789,True
SeqTrack,loss_center_aux,41,1262,0.022617631588720093,0.0038823008071631193,0.48295924067497253,True
SeqTrack,loss_center_aux,42,1262,0.021715910323023228,0.004133317619562149,0.28297266364097595,True
SeqTrack,loss_center_aux,43,1262,0.021053554279886175,0.004389788489788771,0.3164061903953552,True
SeqTrack,loss_center_aux,44,1262,0.020909013466100707,0.0045536719262599945,0.2547146677970886,True
SeqTrack,loss_center_aux,45,1262,0.020158147385673047,0.0022062782663851976,0.2172025740146637,True
SeqTrack,loss_center_aux,46,1262,0.02102681072192671,0.004571050871163607,0.29599815607070923,True
SeqTrack,loss_center_aux,47,1262,0.021905618633782688,0.004671579692512751,0.23709462583065033,True
SeqTrack,loss_center_aux,48,1262,0.02099834259698336,0.004396273288875818,0.212505504488945,True
SeqTrack,loss_center_aux,49,1262,0.020742895610397313,0.004235512111335993,0.1872349977493286,True
SeqTrack,loss_center_aux,50,1262,0.021267371534454016,0.0046170903369784355,0.2237212061882019,True
SeqTrack,loss_center_aux,51,1262,0.021301757471957693,0.004438416101038456,0.2020365595817566,True
SeqTrack,loss_center_aux,52,1262,0.021204124738000298,0.004310924094170332,0.3692172169685364,True
SeqTrack,loss_center_aux,53,1262,0.021199509321391675,0.004695365205407143,0.2416880577802658,True
SeqTrack,loss_center_aux,54,1262,0.02105291352294409,0.004099971614778042,0.22937440872192383,True
SeqTrack,loss_center_aux,55,1262,0.020844790701888702,0.004022309556603432,0.2366301715373993,True
SeqTrack,loss_center_aux,56,1262,0.020638222456356235,0.004874731879681349,0.2853342294692993,True
SeqTrack,loss_center_aux,57,1262,0.02105759112525985,0.0039587561041116714,0.33528751134872437,True
SeqTrack,loss_center_aux,58,1262,0.020593077002651103,0.004676006268709898,0.22794318199157715,True
SeqTrack,loss_center_aux,59,1262,0.021236921017642667,0.0038157447706907988,0.33079028129577637,True
SeqTrack,loss_center_aux,60,1262,0.020861500796858994,0.00340668554417789,0.1980741322040558,True
SeqTrack,loss_center_motion,1,1262,0.3377269819762968,0.0035307223442941904,1.8065769672393799,True
SeqTrack,loss_center_motion,2,1262,0.1829050122346971,0.007130322977900505,1.173115849494934,True
SeqTrack,loss_center_motion,3,1262,0.15590299338120053,0.011936922557651997,0.951282799243927,True
SeqTrack,loss_center_motion,4,1262,0.12747940621814777,0.0,0.882768988609314,True
SeqTrack,loss_center_motion,5,1262,0.11027723682709274,0.0027336408384144306,0.9350222945213318,True
SeqTrack,loss_center_motion,6,1262,0.10133557352857302,0.0038155755028128624,0.9556474685668945,True
SeqTrack,loss_center_motion,7,1262,0.09332635208688346,0.003459623549133539,1.0304487943649292,True
SeqTrack,loss_center_motion,8,1262,0.08387681897714876,0.004316193517297506,0.9014888405799866,True
SeqTrack,loss_center_motion,9,1262,0.07999388161285083,0.0,1.8862665891647339,True
SeqTrack,loss_center_motion,10,1262,0.07413422725463756,0.0022360498551279306,0.6743601560592651,True
SeqTrack,loss_center_motion,11,1262,0.0688228603703724,0.0,0.9729713797569275,True
SeqTrack,loss_center_motion,12,1262,0.06655577813694327,0.00323522393591702,0.6814706921577454,True
SeqTrack,loss_center_motion,13,1262,0.062008055131779115,0.004653604701161385,0.7647597193717957,True
SeqTrack,loss_center_motion,14,1262,0.05714475058156424,0.0032476705964654684,0.6412925720214844,True
SeqTrack,loss_center_motion,15,1262,0.060623316979663014,0.0026560507249087095,1.6728065013885498,True
SeqTrack,loss_center_motion,16,1262,0.05825384044333431,0.004019652958959341,0.7045140862464905,True
SeqTrack,loss_center_motion,17,1262,0.05101751475201967,0.0,0.7394947409629822,True
SeqTrack,loss_center_motion,18,1262,0.04667530343164918,0.0017676231218501925,0.6228737831115723,True
SeqTrack,loss_center_motion,19,1262,0.05054323757495347,0.0032786380033940077,0.7715296149253845,True
SeqTrack,loss_center_motion,20,1262,0.0469190098727919,0.0017881537787616253,0.5500516295433044,True
SeqTrack,loss_center_motion,21,1262,0.034709170341610515,0.0018773708725348115,0.8819633722305298,True
SeqTrack,loss_center_motion,22,1262,0.03346632655673821,0.002287565730512142,0.559228241443634,True
SeqTrack,loss_center_motion,23,1262,0.029456457356728978,0.0019621800165623426,0.5292149186134338,True
SeqTrack,loss_center_motion,24,1262,0.03015842124782488,0.0016298439586535096,0.731878399848938,True
SeqTrack,loss_center_motion,25,1262,0.0291888709739072,0.0025803488679230213,0.5698559284210205,True
SeqTrack,loss_center_motion,26,1262,0.028533009406258154,0.0010166135616600513,0.49191704392433167,True
SeqTrack,loss_center_motion,27,1262,0.0288207773097072,0.0,0.46236446499824524,True
SeqTrack,loss_center_motion,28,1262,0.027828396302972597,0.0012636260362342,0.46036621928215027,True
SeqTrack,loss_center_motion,29,1262,0.02748517371190523,0.0016472808783873916,0.6318742036819458,True
SeqTrack,loss_center_motion,30,1262,0.02690302888772756,0.0018580788746476173,0.5596683621406555,True
SeqTrack,loss_center_motion,31,1262,0.025573137235365036,0.0017655690899118781,0.3594202995300293,True
SeqTrack,loss_center_motion,32,1262,0.024750551925610497,0.002435644855722785,0.3644163906574249,True
SeqTrack,loss_center_motion,33,1262,0.02549752122056545,0.0,0.3576714098453522,True
SeqTrack,loss_center_motion,34,1262,0.02403839258410213,0.0004029351694043726,0.5334376692771912,True
SeqTrack,loss_center_motion,35,1262,0.025999872992387138,0.001041410374455154,0.5473488569259644,True
SeqTrack,loss_center_motion,36,1262,0.02546464756633732,0.0011821886291727424,0.45463642477989197,True
SeqTrack,loss_center_motion,37,1262,0.02405781511347608,0.0011015844065696,0.35039451718330383,True
SeqTrack,loss_center_motion,38,1262,0.023358325692773362,0.0015440683346241713,0.4447973072528839,True
SeqTrack,loss_center_motion,39,1262,0.023911707338573715,0.0,0.3870988190174103,True
SeqTrack,loss_center_motion,40,1262,0.022583145655528533,0.0012264769757166505,0.31632497906684875,True
SeqTrack,loss_center_motion,41,1262,0.023758329174805304,0.0,0.5419902801513672,True
SeqTrack,loss_center_motion,42,1262,0.02303793555630737,0.001760186511091888,0.5112723708152771,True
SeqTrack,loss_center_motion,43,1262,0.023898972674729024,0.0,0.4714864194393158,True
SeqTrack,loss_center_motion,44,1262,0.02251641958949736,0.0018778920639306307,0.3678710460662842,True
SeqTrack,loss_center_motion,45,1262,0.021345615493046585,0.0014489804161712527,0.5000102519989014,True
SeqTrack,loss_center_motion,46,1262,0.02163026142758782,0.0011837846832349896,0.3866717517375946,True
SeqTrack,loss_center_motion,47,1262,0.02222162280920797,0.0,0.5970527529716492,True
SeqTrack,loss_center_motion,48,1262,0.022314803111743293,0.0,0.4101065695285797,True
SeqTrack,loss_center_motion,49,1262,0.020908339263460998,0.0015482173766940832,0.37232258915901184,True
SeqTrack,loss_center_motion,50,1262,0.02243694732629468,0.0013149379519745708,0.44397181272506714,True
SeqTrack,loss_center_motion,51,1262,0.02167969228066622,0.001442926237359643,0.423306405544281,True
SeqTrack,loss_center_motion,52,1262,0.022910893974433136,0.0,0.48632463812828064,True
SeqTrack,loss_center_motion,53,1262,0.022567237041536025,0.0009336117072962224,0.46798545122146606,True
SeqTrack,loss_center_motion,54,1262,0.022175021254981126,0.0002528203767724335,0.49072539806365967,True
SeqTrack,loss_center_motion,55,1262,0.0216177923173316,0.0,0.7639966607093811,True
SeqTrack,loss_center_motion,56,1262,0.020939631052920373,0.0,0.3012322187423706,True
SeqTrack,loss_center_motion,57,1262,0.02237844670142701,0.002022555796429515,0.4526228904724121,True
SeqTrack,loss_center_motion,58,1262,0.020954731410646386,0.0009443456656299531,0.380673885345459,True
SeqTrack,loss_center_motion,59,1262,0.021602593668129166,0.000703192432411015,0.553747296333313,True
SeqTrack,loss_center_motion,60,1262,0.02156398122615097,0.0014530570479109883,0.3755725026130676,True
SeqTrack,loss_center_ref,1,1262,0.4124358867674405,0.039347708225250244,2.3377180099487305,True
SeqTrack,loss_center_ref,2,1262,0.11693725339690497,0.015836399048566818,0.3220396637916565,True
SeqTrack,loss_center_ref,3,1262,0.07829121293547296,0.014588515274226665,0.24618986248970032,True
SeqTrack,loss_center_ref,4,1262,0.051424265966828905,0.01091670710593462,0.1722896844148636,True
SeqTrack,loss_center_ref,5,1262,0.0398172986060499,0.009864749386906624,0.14638906717300415,True
SeqTrack,loss_center_ref,6,1262,0.03388577667928394,0.008717951364815235,0.15391002595424652,True
SeqTrack,loss_center_ref,7,1262,0.029627172516957043,0.008404004387557507,0.11035776883363724,True
SeqTrack,loss_center_ref,8,1262,0.026266568138894348,0.00673888623714447,0.14452612400054932,True
SeqTrack,loss_center_ref,9,1262,0.024108795874948404,0.008130056783556938,0.08093710988759995,True
SeqTrack,loss_center_ref,10,1262,0.021471745021295882,0.006672958377748728,0.11542624980211258,True
SeqTrack,loss_center_ref,11,1262,0.020740026942411477,0.006679778918623924,0.08271091431379318,True
SeqTrack,loss_center_ref,12,1262,0.020048035926033526,0.007024245336651802,0.07808171212673187,True
SeqTrack,loss_center_ref,13,1262,0.01851069249128613,0.006698844023048878,0.09532903134822845,True
SeqTrack,loss_center_ref,14,1262,0.01799307657013132,0.005848665256053209,0.09925474971532822,True
SeqTrack,loss_center_ref,15,1262,0.017380533661699237,0.005944183561950922,0.08584972470998764,True
SeqTrack,loss_center_ref,16,1262,0.016661919332028215,0.006331923883408308,0.06353157013654709,True
SeqTrack,loss_center_ref,17,1262,0.015381684745610255,0.0053438181057572365,0.05607035383582115,True
SeqTrack,loss_center_ref,18,1262,0.01571298834185888,0.005339058581739664,0.09230313450098038,True
SeqTrack,loss_center_ref,19,1262,0.015020302580241498,0.005276154261082411,0.06189269572496414,True
SeqTrack,loss_center_ref,20,1262,0.014803377747618359,0.005791300907731056,0.06908918172121048,True
SeqTrack,loss_center_ref,21,1262,0.011464342175689179,0.0047009349800646305,0.06336051970720291,True
SeqTrack,loss_center_ref,22,1262,0.010798146985486009,0.004690590780228376,0.04626614600419998,True
SeqTrack,loss_center_ref,23,1262,0.010642128079987932,0.0045363325625658035,0.047578513622283936,True
SeqTrack,loss_center_ref,24,1262,0.01045939924413849,0.0036162775941193104,0.04635939002037048,True
SeqTrack,loss_center_ref,25,1262,0.010287604255235729,0.0035854573361575603,0.04115082323551178,True
SeqTrack,loss_center_ref,26,1262,0.010075865768555924,0.0034104136284440756,0.04477323219180107,True
SeqTrack,loss_center_ref,27,1262,0.01009384203826191,0.004785912111401558,0.04482612386345863,True
SeqTrack,loss_center_ref,28,1262,0.009962389869585917,0.004395340569317341,0.0404914952814579,True
SeqTrack,loss_center_ref,29,1262,0.009832520486577376,0.004334475379437208,0.05032353475689888,True
SeqTrack,loss_center_ref,30,1262,0.0098654981901819,0.004165600519627333,0.0449809767305851,True
SeqTrack,loss_center_ref,31,1262,0.009698575685057559,0.004428830463439226,0.03601494058966637,True
SeqTrack,loss_center_ref,32,1262,0.009560810841867927,0.003415861167013645,0.034661613404750824,True
SeqTrack,loss_center_ref,33,1262,0.009647848866636409,0.0030824814457446337,0.03638194128870964,True
SeqTrack,loss_center_ref,34,1262,0.009436102172584167,0.0035893875174224377,0.03827106952667236,True
SeqTrack,loss_center_ref,35,1262,0.009381890030896583,0.004175014793872833,0.040538489818573,True
SeqTrack,loss_center_ref,36,1262,0.009347232199966223,0.0042122178710997105,0.035146765410900116,True
SeqTrack,loss_center_ref,37,1262,0.009250382215327771,0.003933564759790897,0.03647927567362785,True
SeqTrack,loss_center_ref,38,1262,0.009215829709453269,0.004280081484466791,0.03290999308228493,True
SeqTrack,loss_center_ref,39,1262,0.00917936979074226,0.003635730128735304,0.04221099242568016,True
SeqTrack,loss_center_ref,40,1262,0.009124512531242603,0.0038838486652821302,0.02995404042303562,True
SeqTrack,loss_center_ref,41,1262,0.008831374230610116,0.0036521926522254944,0.028462864458560944,True
SeqTrack,loss_center_ref,42,1262,0.008863056440529208,0.004064397420734167,0.035831764340400696,True
SeqTrack,loss_center_ref,43,1262,0.008820729118752663,0.003813690971583128,0.037484534084796906,True
SeqTrack,loss_center_ref,44,1262,0.008884294267386647,0.003095353953540325,0.03300278261303902,True
SeqTrack,loss_center_ref,45,1262,0.008880454380133096,0.0042228419333696365,0.03746083751320839,True
SeqTrack,loss_center_ref,46,1262,0.008780611554055922,0.003807663219049573,0.03482883423566818,True
SeqTrack,loss_center_ref,47,1262,0.008808486720786183,0.0030033544171601534,0.035867828875780106,True
SeqTrack,loss_center_ref,48,1262,0.008834945220240463,0.0039044353179633617,0.0315423384308815,True
SeqTrack,loss_center_ref,49,1262,0.008756866586348853,0.0037236358039081097,0.03399697691202164,True
SeqTrack,loss_center_ref,50,1262,0.008742786288592026,0.0036152515094727278,0.03087707981467247,True
SeqTrack,loss_center_ref,51,1262,0.008781165730100415,0.0037944710347801447,0.03861682862043381,True
SeqTrack,loss_center_ref,52,1262,0.008727486318393526,0.003902960103005171,0.03669368103146553,True
SeqTrack,loss_center_ref,53,1262,0.008756028676461636,0.004114971961826086,0.032944925129413605,True
SeqTrack,loss_center_ref,54,1262,0.008769158803615808,0.0039021584670990705,0.030892878770828247,True
SeqTrack,loss_center_ref,55,1262,0.008755382244872215,0.004012712277472019,0.03747708350419998,True
SeqTrack,loss_center_ref,56,1262,0.008767459435844513,0.0038160185795277357,0.032892581075429916,True
SeqTrack,loss_center_ref,57,1262,0.008739207875317113,0.004395205061882734,0.0311984121799469,True
SeqTrack,loss_center_ref,58,1262,0.008766823298801121,0.003378467168658972,0.03101235069334507,True
SeqTrack,loss_center_ref,59,1262,0.008660069083065833,0.004106536041945219,0.0453815832734108,True
SeqTrack,loss_center_ref,60,1262,0.008790614131377588,0.00400629872456193,0.03288540616631508,True
SeqTrack,loss_seg,1,1262,0.518038542401016,0.3272393047809601,0.8543140292167664,True
SeqTrack,loss_seg,2,1262,0.42428558146235684,0.23654596507549286,0.721515417098999,True
SeqTrack,loss_seg,3,1262,0.29666816052374106,0.1444283425807953,0.5664352178573608,True
SeqTrack,loss_seg,4,1262,0.19573979001793354,0.07672125101089478,0.44236254692077637,True
SeqTrack,loss_seg,5,1262,0.15101692596488822,0.0642801895737648,0.3647642433643341,True
SeqTrack,loss_seg,6,1262,0.12666392161639292,0.050426192581653595,0.33359113335609436,True
SeqTrack,loss_seg,7,1262,0.10878557091941925,0.04185337945818901,0.33956295251846313,True
SeqTrack,loss_seg,8,1262,0.10019311688474354,0.038634978234767914,0.31954723596572876,True
SeqTrack,loss_seg,9,1262,0.09387836697999913,0.031767603009939194,0.4007576107978821,True
SeqTrack,loss_seg,10,1262,0.08946210999933268,0.03217655420303345,0.29730501770973206,True
SeqTrack,loss_seg,11,1262,0.0840818391309936,0.026101645082235336,0.3688236474990845,True
SeqTrack,loss_seg,12,1262,0.0788350562666869,0.023435382172465324,0.3276311159133911,True
SeqTrack,loss_seg,13,1262,0.0776409105369718,0.023726318031549454,0.3011460602283478,True
SeqTrack,loss_seg,14,1262,0.07535890469153407,0.02138117514550686,0.3015943467617035,True
SeqTrack,loss_seg,15,1262,0.07440835659181118,0.02535809576511383,0.3270306885242462,True
SeqTrack,loss_seg,16,1262,0.07247309494917112,0.01946323551237583,0.34022775292396545,True
SeqTrack,loss_seg,17,1262,0.06664843721796423,0.019043734297156334,0.3226357698440552,True
SeqTrack,loss_seg,18,1262,0.06377438412279646,0.01825777068734169,0.24640370905399323,True
SeqTrack,loss_seg,19,1262,0.06560411135091929,0.016827819868922234,0.3733164966106415,True
SeqTrack,loss_seg,20,1262,0.062189609256592206,0.016994891688227654,0.2478736788034439,True
SeqTrack,loss_seg,21,1262,0.06014556756092563,0.01943223923444748,0.34664270281791687,True
SeqTrack,loss_seg,22,1262,0.05615353395811115,0.015379680320620537,0.24078087508678436,True
SeqTrack,loss_seg,23,1262,0.05448089707377123,0.013054369017481804,0.23998145759105682,True
SeqTrack,loss_seg,24,1262,0.055037594282270515,0.01690351404249668,0.2793312072753906,True
SeqTrack,loss_seg,25,1262,0.05386818240347972,0.016657590866088867,0.21797145903110504,True
SeqTrack,loss_seg,26,1262,0.0533601719009352,0.016192052513360977,0.28111881017684937,True
SeqTrack,loss_seg,27,1262,0.0525791072633513,0.016495585441589355,0.22905832529067993,True
SeqTrack,loss_seg,28,1262,0.05263624395938995,0.017681308090686798,0.23349629342556,True
SeqTrack,loss_seg,29,1262,0.05197667958961708,0.0140230692923069,0.21425046026706696,True
SeqTrack,loss_seg,30,1262,0.05144777750041448,0.013352345675230026,0.22793260216712952,True
SeqTrack,loss_seg,31,1262,0.050763328564124514,0.011972170323133469,0.26735103130340576,True
SeqTrack,loss_seg,32,1262,0.050969077655735606,0.01248946227133274,0.217876136302948,True
SeqTrack,loss_seg,33,1262,0.050501306494771726,0.014438813552260399,0.2095002681016922,True
SeqTrack,loss_seg,34,1262,0.04997080463544125,0.013303964398801327,0.25267553329467773,True
SeqTrack,loss_seg,35,1262,0.05135133565239691,0.015529550611972809,0.34030506014823914,True
SeqTrack,loss_seg,36,1262,0.04938499853767679,0.012592378072440624,0.1862751841545105,True
SeqTrack,loss_seg,37,1262,0.04904530488217335,0.014300876297056675,0.25071004033088684,True
SeqTrack,loss_seg,38,1262,0.05007554691730631,0.013850809074938297,0.23056162893772125,True
SeqTrack,loss_seg,39,1262,0.04945729398899217,0.013713407330214977,0.2320653647184372,True
SeqTrack,loss_seg,40,1262,0.0487002058511101,0.013883444480597973,0.24115023016929626,True
SeqTrack,loss_seg,41,1262,0.04859886173507207,0.01357545331120491,0.22750099003314972,True
SeqTrack,loss_seg,42,1262,0.04858773424719621,0.012152904644608498,0.21113915741443634,True
SeqTrack,loss_seg,43,1262,0.048224340272674755,0.015069752000272274,0.22342859208583832,True
SeqTrack,loss_seg,44,1262,0.0480045821486711,0.012186485342681408,0.2073836773633957,True
SeqTrack,loss_seg,45,1262,0.04824522705291134,0.015810538083314896,0.22086426615715027,True
SeqTrack,loss_seg,46,1262,0.047482710181131794,0.014103065244853497,0.2373364269733429,True
SeqTrack,loss_seg,47,1262,0.04797399993439791,0.012204291298985481,0.18551431596279144,True
SeqTrack,loss_seg,48,1262,0.047723220442104405,0.013897797092795372,0.21354448795318604,True
SeqTrack,loss_seg,49,1262,0.04756217667900864,0.012347730807960033,0.2052828073501587,True
SeqTrack,loss_seg,50,1262,0.04852213148210676,0.013520736247301102,0.2713586986064911,True
SeqTrack,loss_seg,51,1262,0.04822973337868692,0.012571055442094803,0.2301674336194992,True
SeqTrack,loss_seg,52,1262,0.04721298244989901,0.010476166382431984,0.19918204843997955,True
SeqTrack,loss_seg,53,1262,0.04870024831927191,0.01408417709171772,0.19737060368061066,True
SeqTrack,loss_seg,54,1262,0.04772200401158038,0.012398270890116692,0.23190172016620636,True
SeqTrack,loss_seg,55,1262,0.04776850292494553,0.011224564164876938,0.21791791915893555,True
SeqTrack,loss_seg,56,1262,0.047545882398720166,0.008339157328009605,0.296148419380188,True
SeqTrack,loss_seg,57,1262,0.04669429412150015,0.012969096191227436,0.16185666620731354,True
SeqTrack,loss_seg,58,1262,0.04768462163114274,0.014056896790862083,0.17151103913784027,True
SeqTrack,loss_seg,59,1262,0.047954814992667946,0.011552146635949612,0.23563843965530396,True
SeqTrack,loss_seg,60,1262,0.04773082773580486,0.012862786650657654,0.2250685691833496,True
SeqTrack,loss_total,1,1262,4.804271214548646,1.9075193405151367,15.080487251281738,True
SeqTrack,loss_total,2,1262,2.104463225499197,0.798480749130249,5.367796897888184,True
SeqTrack,loss_total,3,1262,1.2762625107391135,0.4493098855018616,4.394792079925537,True
SeqTrack,loss_total,4,1262,0.9338477090969327,0.3029033839702606,3.2953176498413086,True
SeqTrack,loss_total,5,1262,0.8038050293591812,0.22965675592422485,3.7248923778533936,True
SeqTrack,loss_total,6,1262,0.7262481847532956,0.23969507217407227,4.139191150665283,True
SeqTrack,loss_total,7,1262,0.6740562586370625,0.190596804022789,4.010254859924316,True
SeqTrack,loss_total,8,1262,0.6219975005853006,0.19162523746490479,3.191110134124756,True
SeqTrack,loss_total,9,1262,0.5904180810516685,0.15925192832946777,5.079040050506592,True
SeqTrack,loss_total,10,1262,0.552578745501355,0.15843935310840607,4.054620265960693,True
SeqTrack,loss_total,11,1262,0.5175252741471335,0.14106687903404236,4.0102763175964355,True
SeqTrack,loss_total,12,1262,0.5106500952538522,0.13603676855564117,2.98317289352417,True
SeqTrack,loss_total,13,1262,0.47755763702177206,0.14495155215263367,3.4772298336029053,True
SeqTrack,loss_total,14,1262,0.45056469845932373,0.12783291935920715,3.316354751586914,True
SeqTrack,loss_total,15,1262,0.4612690598339362,0.11593545973300934,5.182366371154785,True
SeqTrack,loss_total,16,1262,0.44913089623683605,0.1329185962677002,3.214278221130371,True
SeqTrack,loss_total,17,1262,0.40663791800924415,0.1204020082950592,2.7094969749450684,True
SeqTrack,loss_total,18,1262,0.38711538383657507,0.11621960997581482,2.498913049697876,True
SeqTrack,loss_total,19,1262,0.4051191909164899,0.12998250126838684,2.7234253883361816,True
SeqTrack,loss_total,20,1262,0.38137304134041117,0.1178017109632492,2.596583604812622,True
SeqTrack,loss_total,21,1262,0.31415880734776924,0.10360011458396912,2.677607297897339,True
SeqTrack,loss_total,22,1262,0.2950915487722247,0.09880416095256805,2.3199591636657715,True
SeqTrack,loss_total,23,1262,0.2750707807671722,0.09838618338108063,1.9898440837860107,True
SeqTrack,loss_total,24,1262,0.2832124160215991,0.09235555678606033,3.3357625007629395,True
SeqTrack,loss_total,25,1262,0.27209422943402206,0.08538919687271118,2.744882106781006,True
SeqTrack,loss_total,26,1262,0.2696087512995003,0.08370111882686615,2.0783133506774902,True
SeqTrack,loss_total,27,1262,0.2693243824807475,0.08858626335859299,2.68792986869812,True
SeqTrack,loss_total,28,1262,0.2618200913331399,0.08459726721048355,1.9202829599380493,True
SeqTrack,loss_total,29,1262,0.2586922808395324,0.0700930655002594,4.545938968658447,True
SeqTrack,loss_total,30,1262,0.2555382167728597,0.08097943663597107,2.0732195377349854,True
SeqTrack,loss_total,31,1262,0.2515173159161857,0.0752716213464737,2.201650619506836,True
SeqTrack,loss_total,32,1262,0.2472992845163009,0.0775909274816513,1.618054986000061,True
SeqTrack,loss_total,33,1262,0.2481129040466341,0.08349641412496567,2.160857915878296,True
SeqTrack,loss_total,34,1262,0.23943409385682096,0.07801799476146698,1.8783254623413086,True
SeqTrack,loss_total,35,1262,0.2461615634370719,0.07174678146839142,2.2950351238250732,True
SeqTrack,loss_total,36,1262,0.24536313662650847,0.08207312226295471,2.045717477798462,True
SeqTrack,loss_total,37,1262,0.24023546843469237,0.07176878303289413,1.6446340084075928,True
SeqTrack,loss_total,38,1262,0.2362516204901807,0.08363881707191467,1.8420771360397339,True
SeqTrack,loss_total,39,1262,0.2396943648471224,0.06911955773830414,1.8800783157348633,True
SeqTrack,loss_total,40,1262,0.2288800150321327,0.07450485974550247,1.4521677494049072,True
SeqTrack,loss_total,41,1262,0.23383830945271697,0.07865363359451294,3.188013792037964,True
SeqTrack,loss_total,42,1262,0.22903449666315892,0.07863318175077438,2.4655752182006836,True
SeqTrack,loss_total,43,1262,0.2303960309105611,0.07077065110206604,2.0048153400421143,True
SeqTrack,loss_total,44,1262,0.22585864351522147,0.0717310979962349,1.650807499885559,True
SeqTrack,loss_total,45,1262,0.22041216065218633,0.06887165457010269,2.0553362369537354,True
SeqTrack,loss_total,46,1262,0.22226766501619774,0.07140779495239258,1.877874732017517,True
SeqTrack,loss_total,47,1262,0.22883751214424328,0.06234172731637955,1.823750615119934,True
SeqTrack,loss_total,48,1262,0.22300171233394822,0.06935790181159973,1.5469022989273071,True
SeqTrack,loss_total,49,1262,0.22112839510177282,0.07732005417346954,1.6004430055618286,True
SeqTrack,loss_total,50,1262,0.22511230289888837,0.06814832985401154,1.474780559539795,True
SeqTrack,loss_total,51,1262,0.22304054566329898,0.06975183635950089,1.427798867225647,True
SeqTrack,loss_total,52,1262,0.22753764422117437,0.0722367912530899,2.52636456489563,True
SeqTrack,loss_total,53,1262,0.22462949140230562,0.06787010282278061,1.5624351501464844,True
SeqTrack,loss_total,54,1262,0.2229680688948431,0.07658372819423676,2.105830192565918,True
SeqTrack,loss_total,55,1262,0.21940687848417392,0.07036982476711273,1.843015432357788,True
SeqTrack,loss_total,56,1262,0.2182541085427801,0.0728401392698288,1.5876861810684204,True
SeqTrack,loss_total,57,1262,0.2237615748448814,0.0646727979183197,2.0201709270477295,True
SeqTrack,loss_total,58,1262,0.21987916441212177,0.07120069116353989,1.6102255582809448,True
SeqTrack,loss_total,59,1262,0.22160581494024742,0.06909677386283875,2.3805949687957764,True
SeqTrack,loss_total,60,1262,0.22081461401800914,0.07687100768089294,1.5193485021591187,True
SeqTrack,search_has_usable_points_mean,1,1262,0.8105685419968305,0.5,1.0,True
SeqTrack,search_has_usable_points_mean,2,1262,0.8113609350237718,0.5,1.0,True
SeqTrack,search_has_usable_points_mean,3,1262,0.8100237717908082,0.4375,1.0,True
SeqTrack,search_has_usable_points_mean,4,1262,0.8129457210776545,0.4375,1.0,True
SeqTrack,search_has_usable_points_mean,5,1262,0.811311410459588,0.5,1.0,True
SeqTrack,search_has_usable_points_mean,6,1262,0.8096770998415214,0.375,1.0,True
SeqTrack,search_has_usable_points_mean,7,1262,0.8108656893819335,0.4375,1.0,True
SeqTrack,search_has_usable_points_mean,8,1262,0.8132428684627575,0.375,1.0,True
SeqTrack,search_has_usable_points_mean,9,1262,0.8106675911251982,0.4375,1.0,True
SeqTrack,search_has_usable_points_mean,10,1262,0.8097266244057052,0.4375,1.0,True
SeqTrack,search_has_usable_points_mean,11,1262,0.8134409667194928,0.4375,1.0,True
SeqTrack,search_has_usable_points_mean,12,1262,0.8101723454833597,0.375,1.0,True
SeqTrack,search_has_usable_points_mean,13,1262,0.8101228209191759,0.4375,1.0,True
SeqTrack,search_has_usable_points_mean,14,1262,0.8117571315372425,0.375,1.0,True
SeqTrack,search_has_usable_points_mean,15,1262,0.8117571315372425,0.4375,1.0,True
SeqTrack,search_has_usable_points_mean,16,1262,0.8106180665610143,0.4375,1.0,True
SeqTrack,search_has_usable_points_mean,17,1262,0.8091323296354992,0.5,1.0,True
SeqTrack,search_has_usable_points_mean,18,1262,0.8101723454833597,0.4375,1.0,True
SeqTrack,search_has_usable_points_mean,19,1262,0.811311410459588,0.4375,1.0,True
SeqTrack,search_has_usable_points_mean,20,1262,0.8109647385103012,0.5,1.0,True
SeqTrack,search_has_usable_points_mean,21,1262,0.8092313787638669,0.375,1.0,True
SeqTrack,search_has_usable_points_mean,22,1262,0.8083894611727417,0.4375,1.0,True
SeqTrack,search_has_usable_points_mean,23,1262,0.8106675911251982,0.375,1.0,True
SeqTrack,search_has_usable_points_mean,24,1262,0.8125,0.4375,1.0,True
SeqTrack,search_has_usable_points_mean,25,1262,0.8096770998415214,0.375,1.0,True
SeqTrack,search_has_usable_points_mean,26,1262,0.8124504754358162,0.4375,1.0,True
SeqTrack,search_has_usable_points_mean,27,1262,0.8114104595879557,0.375,1.0,True
SeqTrack,search_has_usable_points_mean,28,1262,0.8114599841521395,0.4375,1.0,True
SeqTrack,search_has_usable_points_mean,29,1262,0.8106675911251982,0.5,1.0,True
SeqTrack,search_has_usable_points_mean,30,1262,0.810370443740095,0.4375,1.0,True
SeqTrack,search_has_usable_points_mean,31,1262,0.8105190174326465,0.5,1.0,True
SeqTrack,search_has_usable_points_mean,32,1262,0.8111133122028527,0.5,1.0,True
SeqTrack,search_has_usable_points_mean,33,1262,0.810717115689382,0.5,1.0,True
SeqTrack,search_has_usable_points_mean,34,1262,0.8098256735340729,0.4375,1.0,True
SeqTrack,search_has_usable_points_mean,35,1262,0.812202852614897,0.5,1.0,True
SeqTrack,search_has_usable_points_mean,36,1262,0.8110637876386688,0.4375,1.0,True
SeqTrack,search_has_usable_points_mean,37,1262,0.8125,0.5,1.0,True
SeqTrack,search_has_usable_points_mean,38,1262,0.8099742472266244,0.5,1.0,True
SeqTrack,search_has_usable_points_mean,39,1262,0.8098751980982567,0.5,1.0,True
SeqTrack,search_has_usable_points_mean,40,1262,0.8112123613312203,0.375,1.0,True
SeqTrack,search_has_usable_points_mean,41,1262,0.80888470681458,0.375,1.0,True
SeqTrack,search_has_usable_points_mean,42,1262,0.8105190174326465,0.4375,1.0,True
SeqTrack,search_has_usable_points_mean,43,1262,0.8121038034865293,0.375,1.0,True
SeqTrack,search_has_usable_points_mean,44,1262,0.8109152139461173,0.4375,1.0,True
SeqTrack,search_has_usable_points_mean,45,1262,0.8122523771790808,0.5,1.0,True
SeqTrack,search_has_usable_points_mean,46,1262,0.8084389857369255,0.5,1.0,True
SeqTrack,search_has_usable_points_mean,47,1262,0.8099247226624405,0.375,1.0,True
SeqTrack,search_has_usable_points_mean,48,1262,0.8096275752773375,0.5,1.0,True
SeqTrack,search_has_usable_points_mean,49,1262,0.8118066561014263,0.4375,1.0,True
SeqTrack,search_has_usable_points_mean,50,1262,0.8123019017432647,0.375,1.0,True
SeqTrack,search_has_usable_points_mean,51,1262,0.810370443740095,0.4375,1.0,True
SeqTrack,search_has_usable_points_mean,52,1262,0.8126485736925515,0.5,1.0,True
SeqTrack,search_has_usable_points_mean,53,1262,0.8123019017432647,0.4375,1.0,True
SeqTrack,search_has_usable_points_mean,54,1262,0.8102713946117274,0.4375,1.0,True
SeqTrack,search_has_usable_points_mean,55,1262,0.8124009508716323,0.5,1.0,True
SeqTrack,search_has_usable_points_mean,56,1262,0.8112618858954042,0.375,1.0,True
SeqTrack,search_has_usable_points_mean,57,1262,0.8113609350237718,0.4375,1.0,True
SeqTrack,search_has_usable_points_mean,58,1262,0.8117571315372425,0.5,1.0,True
SeqTrack,search_has_usable_points_mean,59,1262,0.8094294770206022,0.3125,1.0,True
SeqTrack,search_has_usable_points_mean,60,1262,0.8102713946117274,0.4375,1.0,True
