run_id,run_label,protocol,time_mode,loss_metric,epoch,batch_points,mean,median,p10,p90
random20_true,random20 · true,random20,true,loss_total,1,1018,6.474051731742904,5.950158596038818,4.005418968200684,9.605438137054445
random20_true,random20 · true,random20,true,loss_total,2,1018,3.8560802833504666,3.578429698944092,2.418646049499512,5.7619910717010505
random20_true,random20 · true,random20,true,loss_total,3,1018,2.8275121110244443,2.5111163854599,1.5647607684135436,4.54338812828064
random20_true,random20 · true,random20,true,loss_total,4,1018,2.3586131081951156,2.028785824775696,1.212609088420868,4.0026759862899794
random20_true,random20 · true,random20,true,loss_total,5,1018,2.0301672891221485,1.7098763585090637,0.9085116744041443,3.7036442041397097
random20_true,random20 · true,random20,true,loss_total,6,1018,1.5416174228568442,1.221616506576538,0.6162677824497222,2.8303077697753913
random20_true,random20 · true,random20,true,loss_total,7,1018,1.3555260310297161,1.0800536274909973,0.559457540512085,2.5385089874267583
random20_true,random20 · true,random20,true,loss_total,8,1018,1.1243123978025085,0.9314887523651123,0.45860068798065184,2.048482680320741
random20_true,random20 · true,random20,true,loss_total,9,1018,1.0027495796823314,0.7932184636592865,0.4369629919528961,1.7223015666008004
random20_true,random20 · true,random20,true,loss_total,10,1018,0.9072008632079557,0.7438417077064514,0.38439721465110777,1.618127274513245
random20_true,random20 · true,random20,true,loss_total,11,1018,0.8542475277349382,0.7063350975513458,0.37748847603797914,1.5247082352638244
random20_true,random20 · true,random20,true,loss_total,12,1018,0.7903595126887202,0.6158018112182617,0.35015569627285004,1.4190361618995666
random20_true,random20 · true,random20,true,loss_total,13,1018,0.774764462719966,0.6269496977329254,0.32286501228809356,1.4012825489044196
random20_true,random20 · true,random20,true,loss_total,14,1018,0.7483943395594717,0.5792175829410553,0.32850612998008727,1.3807536482810976
random20_true,random20 · true,random20,true,loss_total,15,1018,0.687181005133627,0.537661612033844,0.3001062750816345,1.2341324448585513
random20_true,random20 · true,random20,true,loss_total,16,1018,0.6563093061531456,0.5086472630500793,0.29206228256225586,1.1901926875114441
random20_true,random20 · true,random20,true,loss_total,17,1018,0.6597021886665366,0.5347031950950623,0.287590017914772,1.133666729927063
random20_true,random20 · true,random20,true,loss_total,18,1018,0.6135268991553244,0.48531681299209595,0.2758133977651596,1.123913884162903
random20_true,random20 · true,random20,true,loss_total,19,1018,0.6033734862632274,0.46046578884124756,0.25742328763008115,1.1242661952972413
random20_true,random20 · true,random20,true,loss_total,20,1018,0.5724914903607958,0.4517088830471039,0.24633629620075226,1.0613966703414923
random20_true,random20 · true,random20,true,loss_total,21,1018,0.45586839864261025,0.3418669104576111,0.20530471801757813,0.8389302611351014
random20_true,random20 · true,random20,true,loss_total,22,1018,0.4396370494105141,0.32771508395671844,0.195617938041687,0.8260145187377935
random20_true,random20 · true,random20,true,loss_total,23,1018,0.42506672680553614,0.3149423450231552,0.18903974145650865,0.7738237023353581
random20_true,random20 · true,random20,true,loss_total,24,1018,0.4132055623387307,0.3054659068584442,0.18867920637130736,0.7711971879005434
random20_true,random20 · true,random20,true,loss_total,25,1018,0.39954309615586503,0.30172082781791687,0.1895938441157341,0.717783480882645
random20_true,random20 · true,random20,true,loss_total,26,1018,0.39743720475137817,0.2997208684682846,0.1858889326453209,0.7243946611881257
random20_true,random20 · true,random20,true,loss_total,27,1018,0.38681804525623853,0.2901422083377838,0.18600887060165405,0.7160834670066836
random20_true,random20 · true,random20,true,loss_total,28,1018,0.3919397082567683,0.2896748185157776,0.17617489844560624,0.7146092593669894
random20_true,random20 · true,random20,true,loss_total,29,1018,0.3731259179826687,0.28812189400196075,0.17033665478229523,0.6638204872608185
random20_true,random20 · true,random20,true,loss_total,30,1018,0.38711003166548397,0.2841869592666626,0.17673242688179017,0.7032051324844362
random20_true,random20 · true,random20,true,loss_total,31,1018,0.38058703525215093,0.28155799210071564,0.17307850420475007,0.6958404481410982
random20_true,random20 · true,random20,true,loss_total,32,1018,0.3653015759435056,0.2740600109100342,0.1706055298447609,0.6801979005336762
random20_true,random20 · true,random20,true,loss_total,33,1018,0.3653780360484756,0.27820897102355957,0.173124960064888,0.6779490470886231
random20_true,random20 · true,random20,true,loss_total,34,1018,0.3605736658811452,0.27084578573703766,0.16726912260055543,0.6417786359786989
random20_true,random20 · true,random20,true,loss_total,35,1018,0.35532518695081144,0.2692437618970871,0.16687277257442473,0.6580806493759156
random20_true,random20 · true,random20,true,loss_total,36,1018,0.35377362465635964,0.2633974999189377,0.16837649345397948,0.6323668360710145
random20_true,random20 · true,random20,true,loss_total,37,1018,0.35878458849661243,0.2649399936199188,0.16399085223674775,0.6610733866691597
random20_true,random20 · true,random20,true,loss_total,38,1018,0.34536786119806745,0.25311803817749023,0.16512347459793092,0.6265373945236207
random20_true,random20 · true,random20,true,loss_total,39,1018,0.34673514293986124,0.25875039398670197,0.16033696085214616,0.6212090194225313
random20_true,random20 · true,random20,true,loss_total,40,1018,0.3529102278320752,0.2556116282939911,0.16211900413036345,0.6663529098033908
random20_true,random20 · true,random20,true,loss_total,41,1018,0.33315916938344947,0.25302404165267944,0.15505723804235458,0.5987403631210328
random20_true,random20 · true,random20,true,loss_total,42,1018,0.33508976573062316,0.24705368280410767,0.15715707689523697,0.6222385764122011
random20_true,random20 · true,random20,true,loss_total,43,1018,0.3449425098059922,0.2431030571460724,0.15761156082153321,0.6671831846237187
random20_true,random20 · true,random20,true,loss_total,44,1018,0.34461298762785897,0.24478550255298615,0.1542897865176201,0.641146701574326
random20_true,random20 · true,random20,true,loss_total,45,1018,0.32732854686926294,0.24343755096197128,0.15371657460927962,0.5961523413658143
random20_true,random20 · true,random20,true,loss_total,46,1018,0.3187490981328347,0.24689539521932602,0.1564011424779892,0.5772014677524568
random20_true,random20 · true,random20,true,loss_total,47,1018,0.3352756021079591,0.24135378748178482,0.1603681892156601,0.6261499822139744
random20_true,random20 · true,random20,true,loss_total,48,1018,0.32722610443801214,0.24202743917703629,0.15651329457759858,0.5855249106884003
random20_true,random20 · true,random20,true,loss_total,49,1018,0.3321033680485836,0.24141983687877655,0.1542086273431778,0.6076998233795169
random20_true,random20 · true,random20,true,loss_total,50,1018,0.3288325838861742,0.25138717889785767,0.15770100951194763,0.581414955854416
random20_true,random20 · true,random20,true,loss_total,51,1018,0.33403358328904525,0.24391032755374908,0.15584493726491927,0.6246117472648621
random20_true,random20 · true,random20,true,loss_total,52,1018,0.33014858052251617,0.23910068720579147,0.1547934368252754,0.6219830930233002
random20_true,random20 · true,random20,true,loss_total,53,1018,0.33184881689125756,0.2398890107870102,0.1582612857222557,0.6038997054100037
random20_true,random20 · true,random20,true,loss_total,54,1018,0.3281894797177469,0.24146874248981476,0.1517263114452362,0.6070378303527832
random20_true,random20 · true,random20,true,loss_total,55,1018,0.32513089670501427,0.24661711603403091,0.15488481372594834,0.5956595182418825
random20_true,random20 · true,random20,true,loss_total,56,1018,0.3231369336309508,0.23413150757551193,0.15338824689388275,0.617527163028717
random20_true,random20 · true,random20,true,loss_total,57,1018,0.32180772834477583,0.23422210663557053,0.15404248982667923,0.5942103266716003
random20_true,random20 · true,random20,true,loss_total,58,1018,0.33218567158243745,0.2430870309472084,0.15526116490364075,0.600891423225403
random20_true,random20 · true,random20,true,loss_total,59,1018,0.3124876399625144,0.2338145226240158,0.1548479065299034,0.575646483898163
random20_true,random20 · true,random20,true,loss_total,60,1018,0.32217041451359546,0.23834911733865738,0.15339006781578063,0.5934139788150787
random20_true,random20 · true,random20,true,loss_velocity,1,1018,0.18340975186450878,0.07883965969085693,0.02078969981521368,0.4203682273626329
random20_true,random20 · true,random20,true,loss_velocity,2,1018,0.10816153800819428,0.06675185263156891,0.018689673952758314,0.2584752142429352
random20_true,random20 · true,random20,true,loss_velocity,3,1018,0.10591953738651116,0.0607200562953949,0.0185937175527215,0.276113373041153
random20_true,random20 · true,random20,true,loss_velocity,4,1018,0.10611489428777234,0.06235065124928951,0.018265073001384736,0.27257100343704227
random20_true,random20 · true,random20,true,loss_velocity,5,1018,0.10361596534379953,0.05948163568973541,0.017588048242032528,0.26685250699520113
random20_true,random20 · true,random20,true,loss_velocity,6,1018,0.11080692939035784,0.06909329071640968,0.019430395029485226,0.2710885614156726
random20_true,random20 · true,random20,true,loss_velocity,7,1018,0.10488660981163221,0.061877354979515076,0.018425407446920873,0.25112372934818306
random20_true,random20 · true,random20,true,loss_velocity,8,1018,0.10630348399473621,0.06410546600818634,0.019031298346817493,0.2641536474227906
random20_true,random20 · true,random20,true,loss_velocity,9,1018,0.10285123143654339,0.062403079122304916,0.01788607258349657,0.24888327121734638
random20_true,random20 · true,random20,true,loss_velocity,10,1018,0.10525858976781251,0.061584340408444405,0.017416865937411784,0.26728220582008366
random20_true,random20 · true,random20,true,loss_velocity,11,1018,0.10479916685923188,0.0628504566848278,0.01695129368454218,0.26590621471405035
random20_true,random20 · true,random20,true,loss_velocity,12,1018,0.10582020547133934,0.06261053308844566,0.017533499002456664,0.26198198795318617
random20_true,random20 · true,random20,true,loss_velocity,13,1018,0.1067045469606416,0.06155639328062534,0.018918874301016332,0.27138241529464735
random20_true,random20 · true,random20,true,loss_velocity,14,1018,0.10491137015738493,0.06090936250984669,0.017294049635529517,0.2803354799747467
random20_true,random20 · true,random20,true,loss_velocity,15,1018,0.10454772695364277,0.06306277960538864,0.017172995768487454,0.2732701659202577
random20_true,random20 · true,random20,true,loss_velocity,16,1018,0.10412417717821427,0.06173662468791008,0.018035616725683212,0.2704770743846893
random20_true,random20 · true,random20,true,loss_velocity,17,1018,0.10537344917187501,0.06369072943925858,0.01705957166850567,0.2514694273471833
random20_true,random20 · true,random20,true,loss_velocity,18,1018,0.10536571200031326,0.06251103803515434,0.019946426525712012,0.2710316568613053
random20_true,random20 · true,random20,true,loss_velocity,19,1018,0.10658164644508196,0.06299503520131111,0.017670851573348044,0.2782605528831484
random20_true,random20 · true,random20,true,loss_velocity,20,1018,0.10377410341128304,0.059924956411123276,0.016738395020365716,0.2770218402147297
random20_true,random20 · true,random20,true,loss_velocity,21,1018,0.1026402362411904,0.06170988455414772,0.016320794075727462,0.2619226038455964
random20_true,random20 · true,random20,true,loss_velocity,22,1018,0.10241669325445264,0.05662490241229534,0.01586568746715784,0.2671960711479187
random20_true,random20 · true,random20,true,loss_velocity,23,1018,0.10344494551887702,0.0612809844315052,0.016880874522030354,0.26725791990757003
random20_true,random20 · true,random20,true,loss_velocity,24,1018,0.10386178206125446,0.05845990404486656,0.01629060264676809,0.2626689881086351
random20_true,random20 · true,random20,true,loss_velocity,25,1018,0.10265980165521293,0.05858577601611614,0.017146430537104608,0.25636829733848576
random20_true,random20 · true,random20,true,loss_velocity,26,1018,0.10283787542892792,0.059949103742837906,0.015942694246768953,0.2536815583705905
random20_true,random20 · true,random20,true,loss_velocity,27,1018,0.10152397000046505,0.059254080057144165,0.015684974286705258,0.25931294560432455
random20_true,random20 · true,random20,true,loss_velocity,28,1018,0.1042761548252114,0.06120760925114155,0.01606889571994543,0.26693184673786174
random20_true,random20 · true,random20,true,loss_velocity,29,1018,0.10387387002789926,0.05841073580086231,0.016128307767212392,0.25908284783363356
random20_true,random20 · true,random20,true,loss_velocity,30,1018,0.101179352646313,0.056993404403328896,0.01586302202194929,0.2617249339818955
random20_true,random20 · true,random20,true,loss_velocity,31,1018,0.10425082296130754,0.058742694556713104,0.016131787933409213,0.26042597591876987
random20_true,random20 · true,random20,true,loss_velocity,32,1018,0.10375873298450118,0.057465141639113426,0.015827286429703234,0.26672576069831855
random20_true,random20 · true,random20,true,loss_velocity,33,1018,0.10600499221657116,0.06216561980545521,0.01846451684832573,0.26344408690929416
random20_true,random20 · true,random20,true,loss_velocity,34,1018,0.10633468554604045,0.06422493979334831,0.016912801191210747,0.2776449143886567
random20_true,random20 · true,random20,true,loss_velocity,35,1018,0.10542543138233736,0.06042838841676712,0.016829834878444673,0.2654668778181076
random20_true,random20 · true,random20,true,loss_velocity,36,1018,0.10247155925037599,0.06016226299107075,0.015450634993612766,0.26541140377521516
random20_true,random20 · true,random20,true,loss_velocity,37,1018,0.10058440788695223,0.05684272013604641,0.015648618713021277,0.25910612940788275
random20_true,random20 · true,random20,true,loss_velocity,38,1018,0.10234418493825466,0.057028502225875854,0.016245346888899802,0.26329830884933486
random20_true,random20 · true,random20,true,loss_velocity,39,1018,0.10258226576608867,0.05855002626776695,0.01706101354211569,0.25476280152797703
random20_true,random20 · true,random20,true,loss_velocity,40,1018,0.10490712791066964,0.06615757197141647,0.015682937949895857,0.26233929097652453
random20_true,random20 · true,random20,true,loss_velocity,41,1018,0.10256009554894813,0.062220122665166855,0.015361910685896873,0.2622372061014176
random20_true,random20 · true,random20,true,loss_velocity,42,1018,0.10199352594029364,0.057060481980443,0.014336996804922819,0.26714582145214094
random20_true,random20 · true,random20,true,loss_velocity,43,1018,0.10322977970070654,0.05619344487786293,0.014556215237826109,0.26904532313346863
random20_true,random20 · true,random20,true,loss_velocity,44,1018,0.10450826368312038,0.05946166254580021,0.017062723450362683,0.26514791250228886
random20_true,random20 · true,random20,true,loss_velocity,45,1018,0.10211483874401235,0.058168137446045876,0.016195073351264,0.26315587759017944
random20_true,random20 · true,random20,true,loss_velocity,46,1018,0.10275846481605018,0.06059536337852478,0.015888651087880134,0.24688280522823342
random20_true,random20 · true,random20,true,loss_velocity,47,1018,0.10363246649636362,0.05737748183310032,0.015503489691764117,0.2705609649419785
random20_true,random20 · true,random20,true,loss_velocity,48,1018,0.10325537803779541,0.060032181441783905,0.01565251164138317,0.26427794992923753
random20_true,random20 · true,random20,true,loss_velocity,49,1018,0.10478068250762061,0.06218620762228966,0.014865368138998747,0.2559349954128266
random20_true,random20 · true,random20,true,loss_velocity,50,1018,0.10501515629556311,0.05852675065398216,0.014744690246880054,0.2753417402505875
random20_true,random20 · true,random20,true,loss_velocity,51,1018,0.10376721593788743,0.05984444357454777,0.016408655419945718,0.2735135525465016
random20_true,random20 · true,random20,true,loss_velocity,52,1018,0.1011243419356238,0.05830499157309532,0.015483330842107535,0.257640314102173
random20_true,random20 · true,random20,true,loss_velocity,53,1018,0.10430305544944518,0.06051195226609707,0.016941340267658235,0.27073753774166115
random20_true,random20 · true,random20,true,loss_velocity,54,1018,0.1021764956292109,0.059748854488134384,0.01556125283241272,0.26832135915756233
random20_true,random20 · true,random20,true,loss_velocity,55,1018,0.10343593275867502,0.06231897138059139,0.016196425817906857,0.2682988613843918
random20_true,random20 · true,random20,true,loss_velocity,56,1018,0.1011014351031646,0.06005675531923771,0.014487265050411225,0.25766990780830384
random20_true,random20 · true,random20,true,loss_velocity,57,1018,0.10325152509020594,0.058191072195768356,0.01562740858644247,0.26413128972053557
random20_true,random20 · true,random20,true,loss_velocity,58,1018,0.10450842754603391,0.06027233600616455,0.017240457609295847,0.2773699939250947
random20_true,random20 · true,random20,true,loss_velocity,59,1018,0.09946885054932417,0.05710376426577568,0.01656161993741989,0.2536802411079407
random20_true,random20 · true,random20,true,loss_velocity,60,1018,0.09924743356172193,0.05891927145421505,0.013173400983214378,0.25905493497848525
random20_true,random20 · true,random20,true,loss_dynamics_displacement,1,1018,0.0962258754414735,0.03342575952410698,0.007064539007842541,0.23292607814073585
random20_true,random20 · true,random20,true,loss_dynamics_displacement,2,1018,0.05427100181143661,0.02689338568598032,0.0063723450060933825,0.1476426362991333
random20_true,random20 · true,random20,true,loss_dynamics_displacement,3,1018,0.05324102644026389,0.025255044922232628,0.006044879322871566,0.14905710965394978
random20_true,random20 · true,random20,true,loss_dynamics_displacement,4,1018,0.05357724235817142,0.025477097369730473,0.005981023702770471,0.15204712152481079
random20_true,random20 · true,random20,true,loss_dynamics_displacement,5,1018,0.05151624404371845,0.024357199668884277,0.006187312072142959,0.1481778711080551
random20_true,random20 · true,random20,true,loss_dynamics_displacement,6,1018,0.05587015198250914,0.029262161813676357,0.006424688268452883,0.14942604154348374
random20_true,random20 · true,random20,true,loss_dynamics_displacement,7,1018,0.0524829389027243,0.02632024884223938,0.006877233181148768,0.1463736444711686
random20_true,random20 · true,random20,true,loss_dynamics_displacement,8,1018,0.05364932927977951,0.02681985031813383,0.006246339250355959,0.14856579005718235
random20_true,random20 · true,random20,true,loss_dynamics_displacement,9,1018,0.05176763760403059,0.025901599787175655,0.006160788657143712,0.14234979450702667
random20_true,random20 · true,random20,true,loss_dynamics_displacement,10,1018,0.05336201101715799,0.02653036080300808,0.005835390649735928,0.15110766589641572
random20_true,random20 · true,random20,true,loss_dynamics_displacement,11,1018,0.05321372583322547,0.026405679062008858,0.005553592229261994,0.14789830297231676
random20_true,random20 · true,random20,true,loss_dynamics_displacement,12,1018,0.05365293650887449,0.02579931914806366,0.005691270669922232,0.15195640474557884
random20_true,random20 · true,random20,true,loss_dynamics_displacement,13,1018,0.053932411843189906,0.026537224650382996,0.006590843293815852,0.14926592111587525
random20_true,random20 · true,random20,true,loss_dynamics_displacement,14,1018,0.05318897424915518,0.02590806595981121,0.006319406442344189,0.14762039780616762
random20_true,random20 · true,random20,true,loss_dynamics_displacement,15,1018,0.05332741715110727,0.025561426766216755,0.005407886300235987,0.14967046827077868
random20_true,random20 · true,random20,true,loss_dynamics_displacement,16,1018,0.05239336333953005,0.02536998875439167,0.006042992230504751,0.14802903980016713
random20_true,random20 · true,random20,true,loss_dynamics_displacement,17,1018,0.05308072459858829,0.027941362001001835,0.0057285512331873185,0.14587022662162782
random20_true,random20 · true,random20,true,loss_dynamics_displacement,18,1018,0.05331117624528102,0.026582698337733746,0.0062030783854424955,0.15070343464612967
random20_true,random20 · true,random20,true,loss_dynamics_displacement,19,1018,0.05337936781661966,0.02588781714439392,0.00568147785961628,0.14883353114128117
random20_true,random20 · true,random20,true,loss_dynamics_displacement,20,1018,0.051562424147046905,0.024061303585767746,0.0061397840268909935,0.1501857697963715
random20_true,random20 · true,random20,true,loss_dynamics_displacement,21,1018,0.05149988986175299,0.025121327489614487,0.005506879091262818,0.14536888897418976
random20_true,random20 · true,random20,true,loss_dynamics_displacement,22,1018,0.05167317612214226,0.025232127867639065,0.005791763868182898,0.1486805409193039
random20_true,random20 · true,random20,true,loss_dynamics_displacement,23,1018,0.0528277732811096,0.024810466915369034,0.005514833144843578,0.14813035279512407
random20_true,random20 · true,random20,true,loss_dynamics_displacement,24,1018,0.05254271033955079,0.02394716814160347,0.0053476525470614435,0.14905606061220175
random20_true,random20 · true,random20,true,loss_dynamics_displacement,25,1018,0.051521021826558676,0.023537395521998405,0.0057259552180767065,0.14209582954645164
random20_true,random20 · true,random20,true,loss_dynamics_displacement,26,1018,0.05188369079747316,0.025477307848632336,0.005339957308024168,0.143911013007164
random20_true,random20 · true,random20,true,loss_dynamics_displacement,27,1018,0.05163110855075737,0.025015312246978283,0.0052983481902629135,0.14431893378496172
random20_true,random20 · true,random20,true,loss_dynamics_displacement,28,1018,0.05284256681868274,0.025906061753630638,0.005588615173473955,0.14944539219141006
random20_true,random20 · true,random20,true,loss_dynamics_displacement,29,1018,0.052561851980874576,0.025098212994635105,0.005712626921012998,0.1444530025124551
random20_true,random20 · true,random20,true,loss_dynamics_displacement,30,1018,0.051307262557461285,0.022978732362389565,0.00518404939211905,0.1435959681868554
random20_true,random20 · true,random20,true,loss_dynamics_displacement,31,1018,0.0526897222283278,0.02377801388502121,0.005252034915611148,0.14996190816164018
random20_true,random20 · true,random20,true,loss_dynamics_displacement,32,1018,0.05259589819991888,0.023716428317129612,0.005348910763859749,0.1500362917780876
random20_true,random20 · true,random20,true,loss_dynamics_displacement,33,1018,0.0535842268944712,0.02538247499614954,0.00583457057364285,0.1453777149319649
random20_true,random20 · true,random20,true,loss_dynamics_displacement,34,1018,0.053675304605988766,0.026535055600106716,0.005153056886047125,0.14869914501905443
random20_true,random20 · true,random20,true,loss_dynamics_displacement,35,1018,0.05307942083904114,0.0249218987300992,0.005637643951922655,0.15349960625171666
random20_true,random20 · true,random20,true,loss_dynamics_displacement,36,1018,0.051560840682020916,0.025023484602570534,0.005624928325414657,0.14687952697277076
random20_true,random20 · true,random20,true,loss_dynamics_displacement,37,1018,0.05119589086289678,0.023484056815505028,0.0051356804557144645,0.1486870288848878
random20_true,random20 · true,random20,true,loss_dynamics_displacement,38,1018,0.05159510155565202,0.02362443320453167,0.005175244621932506,0.15077610760927201
random20_true,random20 · true,random20,true,loss_dynamics_displacement,39,1018,0.0516173567360794,0.02344600483775139,0.005543916765600443,0.1437067955732347
random20_true,random20 · true,random20,true,loss_dynamics_displacement,40,1018,0.053241778755526666,0.026763825677335262,0.005645678797736764,0.14421892613172543
random20_true,random20 · true,random20,true,loss_dynamics_displacement,41,1018,0.05129647471861729,0.02580408938229084,0.005293178698047995,0.138617080450058
random20_true,random20 · true,random20,true,loss_dynamics_displacement,42,1018,0.05195848015222784,0.02586106490343809,0.004859978565946221,0.14516759961843492
random20_true,random20 · true,random20,true,loss_dynamics_displacement,43,1018,0.05268958758760412,0.02357665356248617,0.005066805658861995,0.14763899147510529
random20_true,random20 · true,random20,true,loss_dynamics_displacement,44,1018,0.052847453505340564,0.024198129773139954,0.005688814027234912,0.14886931180953986
random20_true,random20 · true,random20,true,loss_dynamics_displacement,45,1018,0.05189700869227895,0.025012509897351265,0.005603563413023949,0.15012798160314567
random20_true,random20 · true,random20,true,loss_dynamics_displacement,46,1018,0.0516368628443861,0.023871642537415028,0.005367775028571486,0.14462676793336873
random20_true,random20 · true,random20,true,loss_dynamics_displacement,47,1018,0.05258413261303052,0.023880762979388237,0.005231058457866311,0.14835814088582994
random20_true,random20 · true,random20,true,loss_dynamics_displacement,48,1018,0.05219231941474214,0.024789785966277122,0.005666118301451206,0.14786989688873295
random20_true,random20 · true,random20,true,loss_dynamics_displacement,49,1018,0.053341075904257525,0.02557235211133957,0.005056610936298967,0.14537978768348694
random20_true,random20 · true,random20,true,loss_dynamics_displacement,50,1018,0.053346038555000475,0.026126444339752197,0.005453771352767945,0.14865588545799258
random20_true,random20 · true,random20,true,loss_dynamics_displacement,51,1018,0.052476202712697574,0.024240104481577873,0.00533509198576212,0.14973127990961074
random20_true,random20 · true,random20,true,loss_dynamics_displacement,52,1018,0.05145314157563527,0.023947568610310555,0.005117418710142374,0.1468710780143738
random20_true,random20 · true,random20,true,loss_dynamics_displacement,53,1018,0.05300892914761103,0.02589424792677164,0.005319557338953018,0.15187075287103655
random20_true,random20 · true,random20,true,loss_dynamics_displacement,54,1018,0.051079881896298245,0.024414123967289925,0.00532052549533546,0.14487303942441945
random20_true,random20 · true,random20,true,loss_dynamics_displacement,55,1018,0.05199045985699256,0.025303293019533157,0.005915256077423692,0.14023220390081406
random20_true,random20 · true,random20,true,loss_dynamics_displacement,56,1018,0.050826635664102046,0.02462656330317259,0.005127801652997733,0.14774186313152313
random20_true,random20 · true,random20,true,loss_dynamics_displacement,57,1018,0.05192610914543343,0.023890020325779915,0.005206295382231474,0.14944654554128653
random20_true,random20 · true,random20,true,loss_dynamics_displacement,58,1018,0.05307638277634768,0.02461988478899002,0.005790400598198175,0.1518151700496675
random20_true,random20 · true,random20,true,loss_dynamics_displacement,59,1018,0.050266081595121866,0.024719517678022385,0.005674061318859458,0.14132246375083926
random20_true,random20 · true,random20,true,loss_dynamics_displacement,60,1018,0.05065331057417124,0.024510527029633522,0.004356020269915462,0.1450466096401215
random20_true,random20 · true,random20,true,loss_center,1,1018,0.30251897959869306,0.26399339735507965,0.09675231873989106,0.572608757019043
random20_true,random20 · true,random20,true,loss_center,2,1018,0.2340204922339654,0.2042825147509575,0.07822299525141715,0.43214135169982915
random20_true,random20 · true,random20,true,loss_center,3,1018,0.21787297469426553,0.18324823677539825,0.06990424543619156,0.4172338515520096
random20_true,random20 · true,random20,true,loss_center,4,1018,0.21161547203846495,0.1777275651693344,0.06661694198846817,0.4071926116943361
random20_true,random20 · true,random20,true,loss_center,5,1018,0.18749220086964238,0.15584082156419754,0.04778001978993416,0.37640703022480015
random20_true,random20 · true,random20,true,loss_center,6,1018,0.14022523520993754,0.106341652572155,0.02381037063896656,0.2924961179494858
random20_true,random20 · true,random20,true,loss_center,7,1018,0.12346495651550342,0.08931737393140793,0.023075440898537636,0.2702674686908722
random20_true,random20 · true,random20,true,loss_center,8,1018,0.09804665870152136,0.06464548781514168,0.017736138962209224,0.21516545861959457
random20_true,random20 · true,random20,true,loss_center,9,1018,0.08628920385795179,0.054256727918982506,0.016243081912398337,0.19853237718343753
random20_true,random20 · true,random20,true,loss_center,10,1018,0.07569725576821122,0.04657157137989998,0.014865032583475112,0.17668729871511474
random20_true,random20 · true,random20,true,loss_center,11,1018,0.07167017029155566,0.043135710060596466,0.01424224404618144,0.16745071411132814
random20_true,random20 · true,random20,true,loss_center,12,1018,0.06545724241979683,0.036485617980360985,0.014460483938455582,0.16066396832466126
random20_true,random20 · true,random20,true,loss_center,13,1018,0.06672893855299925,0.038876211270689964,0.013942755479365587,0.1612126842141153
random20_true,random20 · true,random20,true,loss_center,14,1018,0.06136704757690708,0.03427553549408913,0.013640933018177748,0.1523160919547081
random20_true,random20 · true,random20,true,loss_center,15,1018,0.05642676374862201,0.03155401349067688,0.012949552480131387,0.14152549356222166
random20_true,random20 · true,random20,true,loss_center,16,1018,0.05373622843271125,0.02770126610994339,0.012576601840555668,0.13588621318340308
random20_true,random20 · true,random20,true,loss_center,17,1018,0.052925582526870116,0.032725196331739426,0.01272722203284502,0.1273274749517441
random20_true,random20 · true,random20,true,loss_center,18,1018,0.049565824690093754,0.02731037512421608,0.012159555219113827,0.12554524391889574
random20_true,random20 · true,random20,true,loss_center,19,1018,0.049945700951176744,0.027056108228862286,0.011830924078822136,0.12272818461060532
random20_true,random20 · true,random20,true,loss_center,20,1018,0.04596153871533196,0.025154635310173035,0.011423871107399463,0.1136620566248894
random20_true,random20 · true,random20,true,loss_center,21,1018,0.03547436167570179,0.01884672697633505,0.00997431194409728,0.08603235781192782
random20_true,random20 · true,random20,true,loss_center,22,1018,0.03597551865516,0.018249014392495155,0.00992989968508482,0.08546475470066071
random20_true,random20 · true,random20,true,loss_center,23,1018,0.033759078985694906,0.017627685330808163,0.009824545495212078,0.0775606729090214
random20_true,random20 · true,random20,true,loss_center,24,1018,0.03214487912405963,0.01698483247309923,0.009672717191278934,0.071043998003006
random20_true,random20 · true,random20,true,loss_center,25,1018,0.03137869106958783,0.0165941109880805,0.009868949744850397,0.07074845656752596
random20_true,random20 · true,random20,true,loss_center,26,1018,0.030413785355608392,0.01721368357539177,0.009842426329851151,0.0696177713572979
random20_true,random20 · true,random20,true,loss_center,27,1018,0.029429610236319174,0.01672046910971403,0.009481224790215492,0.06523702293634416
random20_true,random20 · true,random20,true,loss_center,28,1018,0.03079682516349454,0.016178286634385586,0.00922901015728712,0.06993105709552765
random20_true,random20 · true,random20,true,loss_center,29,1018,0.028391346500085006,0.015911229886114597,0.009447481762617827,0.05745684728026402
random20_true,random20 · true,random20,true,loss_center,30,1018,0.0311104996328394,0.01598680578172207,0.009248981159180403,0.0716516099870205
random20_true,random20 · true,random20,true,loss_center,31,1018,0.03089127920234982,0.015804074704647064,0.009390212502330542,0.06980061605572703
random20_true,random20 · true,random20,true,loss_center,32,1018,0.028316456682967252,0.015451953746378422,0.009228702075779438,0.06438947096467026
random20_true,random20 · true,random20,true,loss_center,33,1018,0.027820918377862113,0.015606775414198637,0.009399314131587743,0.05492002777755271
random20_true,random20 · true,random20,true,loss_center,34,1018,0.02854219078285755,0.01545169297605753,0.009010634198784829,0.05957899615168577
random20_true,random20 · true,random20,true,loss_center,35,1018,0.027957160137447368,0.014993139076977968,0.00922259148210287,0.06088368855416793
random20_true,random20 · true,random20,true,loss_center,36,1018,0.027036051170293,0.014946603681892157,0.009078651666641235,0.052611690387129796
random20_true,random20 · true,random20,true,loss_center,37,1018,0.028302356361526785,0.015035220887511969,0.008916654158383608,0.061352644115686444
random20_true,random20 · true,random20,true,loss_center,38,1018,0.026838115057843958,0.014689396601170301,0.008941418305039407,0.05069701634347453
random20_true,random20 · true,random20,true,loss_center,39,1018,0.02678484290980959,0.014632807578891516,0.008864423073828221,0.05946849286556244
random20_true,random20 · true,random20,true,loss_center,40,1018,0.027656559290342428,0.014649780001491308,0.008692600578069688,0.06010933406651021
random20_true,random20 · true,random20,true,loss_center,41,1018,0.025400560389479625,0.0142531618475914,0.008594060596078635,0.05119805447757279
random20_true,random20 · true,random20,true,loss_center,42,1018,0.02615058565263459,0.013847114518284798,0.008589744102209806,0.04722569584846497
random20_true,random20 · true,random20,true,loss_center,43,1018,0.028158887608748934,0.014176743105053902,0.008588653896003962,0.06301212757825855
random20_true,random20 · true,random20,true,loss_center,44,1018,0.02817398529089914,0.014171170070767403,0.00871094623580575,0.06148500218987465
random20_true,random20 · true,random20,true,loss_center,45,1018,0.025188366814346323,0.014175293035805225,0.008491850551217794,0.046463454142212875
random20_true,random20 · true,random20,true,loss_center,46,1018,0.02425262155258307,0.013911602087318897,0.008592336811125279,0.04571427553892137
random20_true,random20 · true,random20,true,loss_center,47,1018,0.026054385740287997,0.013871656730771065,0.008548399712890387,0.05730553343892098
random20_true,random20 · true,random20,true,loss_center,48,1018,0.02510741551878747,0.013885130640119314,0.008724100980907678,0.040796831622719784
random20_true,random20 · true,random20,true,loss_center,49,1018,0.026359245370458702,0.013908891007304192,0.00846603224053979,0.056802212074399
random20_true,random20 · true,random20,true,loss_center,50,1018,0.025272125718119775,0.014354668091982603,0.008892974816262722,0.04767219685018065
random20_true,random20 · true,random20,true,loss_center,51,1018,0.026331527433989383,0.013967039063572884,0.00865931911394,0.04639899767935279
random20_true,random20 · true,random20,true,loss_center,52,1018,0.026406038816915806,0.013792973011732101,0.008664979320019483,0.05550451278686525
random20_true,random20 · true,random20,true,loss_center,53,1018,0.02663655294753128,0.013745766133069992,0.008660968113690614,0.05536376424133795
random20_true,random20 · true,random20,true,loss_center,54,1018,0.025466860031383386,0.013581994455307722,0.008549630641937256,0.04469272233545782
random20_true,random20 · true,random20,true,loss_center,55,1018,0.025204891834795944,0.013751552440226078,0.00880973469465971,0.0529572226107121
random20_true,random20 · true,random20,true,loss_center,56,1018,0.025182958860188166,0.013637010473757982,0.008487650752067566,0.048773686587810526
random20_true,random20 · true,random20,true,loss_center,57,1018,0.025526033812760574,0.01358603360131383,0.008421490713953973,0.054539275541901605
random20_true,random20 · true,random20,true,loss_center,58,1018,0.025735448027662713,0.014119354542344809,0.008601014036685228,0.045089123025536734
random20_true,random20 · true,random20,true,loss_center,59,1018,0.02417610554904668,0.013164195232093334,0.008627446088939904,0.04065030477941042
random20_true,random20 · true,random20,true,loss_center,60,1018,0.024842432401854773,0.013869159389287233,0.008575849141925574,0.043341798335313875
random20_shuffled,random20 · shuffled,random20,shuffled,loss_total,1,1018,6.695920942340244,6.098697900772095,4.15017728805542,10.146207904815675
random20_shuffled,random20 · shuffled,random20,shuffled,loss_total,2,1018,4.020720914328262,3.7456259727478027,2.5194281578063964,5.887653970718384
random20_shuffled,random20 · shuffled,random20,shuffled,loss_total,3,1018,2.9680918695767406,2.6709786653518677,1.6597730994224549,4.732680845260621
random20_shuffled,random20 · shuffled,random20,shuffled,loss_total,4,1018,2.3892364133669024,2.0459827184677124,1.213986349105835,4.023581647872928
random20_shuffled,random20 · shuffled,random20,shuffled,loss_total,5,1018,2.0511155169464517,1.735886037349701,0.9453611373901367,3.6630988359451293
random20_shuffled,random20 · shuffled,random20,shuffled,loss_total,6,1018,1.8096809005163508,1.5067206621170044,0.7868017494678498,3.175743103027345
random20_shuffled,random20 · shuffled,random20,shuffled,loss_total,7,1018,1.6660863416953733,1.3324867486953735,0.67981316447258,3.072186899185182
random20_shuffled,random20 · shuffled,random20,shuffled,loss_total,8,1018,1.5947571004537795,1.294579267501831,0.6196888446807861,3.0199918031692516
random20_shuffled,random20 · shuffled,random20,shuffled,loss_total,9,1018,1.5169195891714753,1.1283581256866455,0.5871971607208252,2.9638030767440795
random20_shuffled,random20 · shuffled,random20,shuffled,loss_total,10,1018,1.4298758345467637,1.1335203647613525,0.5307695984840393,2.8093660831451417
random20_shuffled,random20 · shuffled,random20,shuffled,loss_total,11,1018,1.3861581562251615,1.1172738671302795,0.53392795920372,2.6261876344680797
random20_shuffled,random20 · shuffled,random20,shuffled,loss_total,12,1018,1.3085305861440764,1.0150436162948608,0.4819888025522232,2.4959170103073123
random20_shuffled,random20 · shuffled,random20,shuffled,loss_total,13,1018,1.2628677360318263,0.9723799526691437,0.45519951581954954,2.4286557197570833
random20_shuffled,random20 · shuffled,random20,shuffled,loss_total,14,1018,1.199134680942023,0.9164901375770569,0.4320053935050964,2.37625505924225
random20_shuffled,random20 · shuffled,random20,shuffled,loss_total,15,1018,1.1229380390850172,0.8417337834835052,0.41917252242565156,2.167248368263245
random20_shuffled,random20 · shuffled,random20,shuffled,loss_total,16,1018,1.0885062682019704,0.8240677416324615,0.39633851051330565,2.0843092918396
random20_shuffled,random20 · shuffled,random20,shuffled,loss_total,17,1018,1.0904689960489105,0.824152797460556,0.40917176604270933,2.1969019174575806
random20_shuffled,random20 · shuffled,random20,shuffled,loss_total,18,1018,1.0288872337645771,0.7568768858909607,0.387154495716095,2.030535697937012
random20_shuffled,random20 · shuffled,random20,shuffled,loss_total,19,1018,0.9682827983161321,0.7213397920131683,0.3559804022312164,1.9371757149696351
random20_shuffled,random20 · shuffled,random20,shuffled,loss_total,20,1018,0.9554693757287411,0.7293854653835297,0.34714425206184385,1.8585328102111838
random20_shuffled,random20 · shuffled,random20,shuffled,loss_total,21,1018,0.7837506257773382,0.5572925806045532,0.29146902859210966,1.5697165727615359
random20_shuffled,random20 · shuffled,random20,shuffled,loss_total,22,1018,0.7402544783790594,0.5228284299373627,0.27831991314888,1.4897005677223207
random20_shuffled,random20 · shuffled,random20,shuffled,loss_total,23,1018,0.7119132503135265,0.48986849188804626,0.27122184336185456,1.3195413947105414
random20_shuffled,random20 · shuffled,random20,shuffled,loss_total,24,1018,0.6753918707136555,0.4759677052497864,0.25962625443935394,1.3103148818016053
random20_shuffled,random20 · shuffled,random20,shuffled,loss_total,25,1018,0.6417462892083851,0.442156583070755,0.25873230397701263,1.2457496285438538
random20_shuffled,random20 · shuffled,random20,shuffled,loss_total,26,1018,0.6528718648935816,0.4445781856775284,0.2566071391105652,1.270943033695221
random20_shuffled,random20 · shuffled,random20,shuffled,loss_total,27,1018,0.6401478533133542,0.4326154589653015,0.24914513081312178,1.282906115055085
random20_shuffled,random20 · shuffled,random20,shuffled,loss_total,28,1018,0.6243290148953557,0.43684592843055725,0.24635831117630005,1.2584575891494754
random20_shuffled,random20 · shuffled,random20,shuffled,loss_total,29,1018,0.6200522053071933,0.43024376034736633,0.2426976129412651,1.1657545685768136
random20_shuffled,random20 · shuffled,random20,shuffled,loss_total,30,1018,0.6217485196259026,0.41906651854515076,0.2386241763830185,1.2089283466339111
random20_shuffled,random20 · shuffled,random20,shuffled,loss_total,31,1018,0.5984285675384441,0.40390972793102264,0.23603808432817458,1.1889038681983954
random20_shuffled,random20 · shuffled,random20,shuffled,loss_total,32,1018,0.5865515655232318,0.406473770737648,0.23044137358665467,1.1660221934318546
random20_shuffled,random20 · shuffled,random20,shuffled,loss_total,33,1018,0.5914734691557106,0.4102734923362732,0.23534486442804337,1.15587797164917
random20_shuffled,random20 · shuffled,random20,shuffled,loss_total,34,1018,0.5716251580004373,0.40029822289943695,0.23200708031654357,1.1319156885147095
random20_shuffled,random20 · shuffled,random20,shuffled,loss_total,35,1018,0.5641048371147781,0.38729728758335114,0.23279292434453963,1.0676220059394845
random20_shuffled,random20 · shuffled,random20,shuffled,loss_total,36,1018,0.5591429255039144,0.38231295347213745,0.23052840083837509,1.081112372875214
random20_shuffled,random20 · shuffled,random20,shuffled,loss_total,37,1018,0.5649707014352259,0.38700689375400543,0.225653575360775,1.1081759691238409
random20_shuffled,random20 · shuffled,random20,shuffled,loss_total,38,1018,0.54180976088307,0.36647747457027435,0.22634755671024323,1.0167798161506654
random20_shuffled,random20 · shuffled,random20,shuffled,loss_total,39,1018,0.5490845375070403,0.37107568979263306,0.22066700756549834,1.0565189480781574
random20_shuffled,random20 · shuffled,random20,shuffled,loss_total,40,1018,0.552290884225331,0.371203675866127,0.22136758267879486,1.0942385077476502
random20_shuffled,random20 · shuffled,random20,shuffled,loss_total,41,1018,0.5295824619021069,0.36129894852638245,0.21471200734376908,0.9763364851474763
random20_shuffled,random20 · shuffled,random20,shuffled,loss_total,42,1018,0.5201604783769207,0.35335706174373627,0.2125011146068573,1.0122091174125671
random20_shuffled,random20 · shuffled,random20,shuffled,loss_total,43,1018,0.5466716695276834,0.3493473380804062,0.22053983211517333,1.0676976680755619
random20_shuffled,random20 · shuffled,random20,shuffled,loss_total,44,1018,0.5317767928034243,0.3636453002691269,0.21006738990545273,1.0211343169212341
random20_shuffled,random20 · shuffled,random20,shuffled,loss_total,45,1018,0.5127829799981155,0.34768402576446533,0.20678939521312714,0.963977146148682
random20_shuffled,random20 · shuffled,random20,shuffled,loss_total,46,1018,0.4988281963382114,0.34803900122642517,0.21258669644594191,0.9399453461170202
random20_shuffled,random20 · shuffled,random20,shuffled,loss_total,47,1018,0.5039558869682267,0.3434144854545593,0.21457525938749314,0.9974266827106479
random20_shuffled,random20 · shuffled,random20,shuffled,loss_total,48,1018,0.5107168202637924,0.3497467190027237,0.21087659597396852,0.9724568843841558
random20_shuffled,random20 · shuffled,random20,shuffled,loss_total,49,1018,0.5069468309608799,0.3427998870611191,0.21772193312644958,0.9066079556941987
random20_shuffled,random20 · shuffled,random20,shuffled,loss_total,50,1018,0.5112714618883574,0.35554955899715424,0.2128305286169052,0.9484127938747406
random20_shuffled,random20 · shuffled,random20,shuffled,loss_total,51,1018,0.5197422056365575,0.3502838760614395,0.21792596876621245,0.9994663417339326
random20_shuffled,random20 · shuffled,random20,shuffled,loss_total,52,1018,0.5037824068738107,0.3330215662717819,0.20937419533729554,1.005248272418976
random20_shuffled,random20 · shuffled,random20,shuffled,loss_total,53,1018,0.5052665008747976,0.34882892668247223,0.2121426433324814,0.983034771680832
random20_shuffled,random20 · shuffled,random20,shuffled,loss_total,54,1018,0.5025810930285097,0.3508103936910629,0.20705605745315553,0.9441018521785738
random20_shuffled,random20 · shuffled,random20,shuffled,loss_total,55,1018,0.502025482374699,0.34943637251853943,0.21238210350275039,0.973373413085938
random20_shuffled,random20 · shuffled,random20,shuffled,loss_total,56,1018,0.4982131089290608,0.34860973060131073,0.2111620932817459,0.9694174945354471
random20_shuffled,random20 · shuffled,random20,shuffled,loss_total,57,1018,0.49884774979416185,0.33182255923748016,0.20773894488811492,0.9564490735530856
random20_shuffled,random20 · shuffled,random20,shuffled,loss_total,58,1018,0.5275517238380867,0.3471449464559555,0.21219576597213746,0.9641412198543549
random20_shuffled,random20 · shuffled,random20,shuffled,loss_total,59,1018,0.4906652248766427,0.33430568873882294,0.21186054944992067,0.9290062785148622
random20_shuffled,random20 · shuffled,random20,shuffled,loss_total,60,1018,0.4984939942074197,0.3390733003616333,0.21037292182445527,0.9493157923221592
random20_shuffled,random20 · shuffled,random20,shuffled,loss_velocity,1,1018,0.33041395507601945,0.25799478590488434,0.0945652037858963,0.6465690732002258
random20_shuffled,random20 · shuffled,random20,shuffled,loss_velocity,2,1018,0.1898783135771283,0.14906051754951477,0.052034296467900275,0.38529109060764316
random20_shuffled,random20 · shuffled,random20,shuffled,loss_velocity,3,1018,0.16366582162530036,0.1210436038672924,0.03515147492289543,0.3603259265422822
random20_shuffled,random20 · shuffled,random20,shuffled,loss_velocity,4,1018,0.15618794192953406,0.10949316993355751,0.03030908238142729,0.35279903411865243
random20_shuffled,random20 · shuffled,random20,shuffled,loss_velocity,5,1018,0.15302904840276993,0.10838457196950912,0.030967952497303487,0.35481695830821997
random20_shuffled,random20 · shuffled,random20,shuffled,loss_velocity,6,1018,0.24167422393624158,0.17323113977909088,0.042859190702438356,0.5151331424713136
random20_shuffled,random20 · shuffled,random20,shuffled,loss_velocity,7,1018,0.16786954727427292,0.12298592552542686,0.033726629242300986,0.3745631963014606
random20_shuffled,random20 · shuffled,random20,shuffled,loss_velocity,8,1018,0.16859583446137563,0.12039468064904213,0.03201119638979435,0.375786167383194
random20_shuffled,random20 · shuffled,random20,shuffled,loss_velocity,9,1018,0.1628944078238026,0.11701802164316177,0.03231860212981701,0.3598207205533982
random20_shuffled,random20 · shuffled,random20,shuffled,loss_velocity,10,1018,0.16249550540573815,0.11203642934560776,0.029393024556338788,0.37283492982387545
random20_shuffled,random20 · shuffled,random20,shuffled,loss_velocity,11,1018,0.16211934356121366,0.11091741919517517,0.028737905621528625,0.36067388653755195
random20_shuffled,random20 · shuffled,random20,shuffled,loss_velocity,12,1018,0.15932277419004215,0.10537365078926086,0.027455963566899298,0.3573150664567948
random20_shuffled,random20 · shuffled,random20,shuffled,loss_velocity,13,1018,0.1615897384650588,0.11230722442269325,0.029791027866303922,0.3627460658550263
random20_shuffled,random20 · shuffled,random20,shuffled,loss_velocity,14,1018,0.1626750343169995,0.10947581753134727,0.029824702441692354,0.36799754202365886
random20_shuffled,random20 · shuffled,random20,shuffled,loss_velocity,15,1018,0.15777924879109176,0.10322240740060806,0.026833999343216418,0.3783332139253617
random20_shuffled,random20 · shuffled,random20,shuffled,loss_velocity,16,1018,0.15589725479121322,0.1033867783844471,0.029658793844282626,0.3628063976764681
random20_shuffled,random20 · shuffled,random20,shuffled,loss_velocity,17,1018,0.15821878573937756,0.10601689293980598,0.027127767726778985,0.3577208697795869
random20_shuffled,random20 · shuffled,random20,shuffled,loss_velocity,18,1018,0.1586677177314242,0.11175356432795525,0.030598297342658044,0.34761943221092234
random20_shuffled,random20 · shuffled,random20,shuffled,loss_velocity,19,1018,0.15865613700005946,0.10851820558309555,0.02526304591447115,0.3651511639356614
random20_shuffled,random20 · shuffled,random20,shuffled,loss_velocity,20,1018,0.15652186234714005,0.10307013615965843,0.025559213012456894,0.3653297007083894
random20_shuffled,random20 · shuffled,random20,shuffled,loss_velocity,21,1018,0.14956874434569986,0.09871893003582954,0.02391297444701195,0.33806212246418005
random20_shuffled,random20 · shuffled,random20,shuffled,loss_velocity,22,1018,0.1513895044576245,0.09329536557197571,0.02122303880751133,0.35756856203079224
random20_shuffled,random20 · shuffled,random20,shuffled,loss_velocity,23,1018,0.15119822727047888,0.10410429164767265,0.02211068067699671,0.35122083723545083
random20_shuffled,random20 · shuffled,random20,shuffled,loss_velocity,24,1018,0.1514112270202292,0.0958273597061634,0.02340151872485876,0.3508446902036667
random20_shuffled,random20 · shuffled,random20,shuffled,loss_velocity,25,1018,0.14887527136401088,0.09563401713967323,0.02287254445254803,0.34604447185993226
random20_shuffled,random20 · shuffled,random20,shuffled,loss_velocity,26,1018,0.1522348724565906,0.10267029702663422,0.022236195951700212,0.36408702433109297
random20_shuffled,random20 · shuffled,random20,shuffled,loss_velocity,27,1018,0.14934661520040304,0.09427271410822868,0.023660488612949847,0.3348713696002961
random20_shuffled,random20 · shuffled,random20,shuffled,loss_velocity,28,1018,0.1508521633451413,0.0957111157476902,0.022100067883729934,0.35436263978481297
random20_shuffled,random20 · shuffled,random20,shuffled,loss_velocity,29,1018,0.15399391463297202,0.09852077066898346,0.02444212920963764,0.34683877527713775
random20_shuffled,random20 · shuffled,random20,shuffled,loss_velocity,30,1018,0.15010854920687078,0.09786359965801239,0.020587670989334585,0.35293169915676126
random20_shuffled,random20 · shuffled,random20,shuffled,loss_velocity,31,1018,0.14928137420238433,0.0942307822406292,0.022306948341429232,0.3464112043380738
random20_shuffled,random20 · shuffled,random20,shuffled,loss_velocity,32,1018,0.15059740043680728,0.09780868142843246,0.023133822344243528,0.34559518098831193
random20_shuffled,random20 · shuffled,random20,shuffled,loss_velocity,33,1018,0.15204697761186975,0.10443118214607239,0.02542495671659708,0.3415943652391435
random20_shuffled,random20 · shuffled,random20,shuffled,loss_velocity,34,1018,0.15504581272825763,0.10340747237205505,0.022590088471770287,0.35531139671802525
random20_shuffled,random20 · shuffled,random20,shuffled,loss_velocity,35,1018,0.1544415084462181,0.10093749314546585,0.021837363205850127,0.3605474233627321
random20_shuffled,random20 · shuffled,random20,shuffled,loss_velocity,36,1018,0.1474563920193888,0.0949912890791893,0.021495696529746054,0.3348258525133135
random20_shuffled,random20 · shuffled,random20,shuffled,loss_velocity,37,1018,0.1470350461727473,0.09194041043519974,0.02284150067716837,0.3465972453355789
random20_shuffled,random20 · shuffled,random20,shuffled,loss_velocity,38,1018,0.14899818050493951,0.08961646258831024,0.022512076050043107,0.3512421399354936
random20_shuffled,random20 · shuffled,random20,shuffled,loss_velocity,39,1018,0.15214059994535883,0.0963602289557457,0.023278630152344704,0.3557335197925568
random20_shuffled,random20 · shuffled,random20,shuffled,loss_velocity,40,1018,0.15329272052056334,0.10300172120332718,0.023126142099499702,0.36278279423713683
random20_shuffled,random20 · shuffled,random20,shuffled,loss_velocity,41,1018,0.15173360446242942,0.0959438681602478,0.02154094185680151,0.3676141142845154
random20_shuffled,random20 · shuffled,random20,shuffled,loss_velocity,42,1018,0.14910368853951264,0.09409929439425468,0.02198800500482321,0.3473069995641709
random20_shuffled,random20 · shuffled,random20,shuffled,loss_velocity,43,1018,0.14878039869016918,0.09738704562187195,0.019775116071105003,0.34219394624233257
random20_shuffled,random20 · shuffled,random20,shuffled,loss_velocity,44,1018,0.15218914637396072,0.09550720080733299,0.022713644057512285,0.3632776111364365
random20_shuffled,random20 · shuffled,random20,shuffled,loss_velocity,45,1018,0.1490252605478841,0.0884222462773323,0.023576388135552406,0.356447297334671
random20_shuffled,random20 · shuffled,random20,shuffled,loss_velocity,46,1018,0.15065153755960264,0.09484639018774033,0.02133439891040325,0.3605138272047044
random20_shuffled,random20 · shuffled,random20,shuffled,loss_velocity,47,1018,0.14940837995102996,0.09559798613190651,0.022969111427664758,0.35085525810718554
random20_shuffled,random20 · shuffled,random20,shuffled,loss_velocity,48,1018,0.14959531361767783,0.09944452717900276,0.02177019361406565,0.34869602322578463
random20_shuffled,random20 · shuffled,random20,shuffled,loss_velocity,49,1018,0.15213725120465002,0.10177556797862053,0.021135027334094048,0.35204654037952426
random20_shuffled,random20 · shuffled,random20,shuffled,loss_velocity,50,1018,0.15106208900640186,0.10036320611834526,0.020145216025412083,0.3460361927747727
random20_shuffled,random20 · shuffled,random20,shuffled,loss_velocity,51,1018,0.153387487142334,0.09448697417974472,0.021122630685567856,0.358464339375496
random20_shuffled,random20 · shuffled,random20,shuffled,loss_velocity,52,1018,0.146621783812437,0.09080817550420761,0.021113497018814088,0.3566147804260254
random20_shuffled,random20 · shuffled,random20,shuffled,loss_velocity,53,1018,0.15364132175763634,0.1029418483376503,0.022292428836226463,0.3513166129589082
random20_shuffled,random20 · shuffled,random20,shuffled,loss_velocity,54,1018,0.14964444555290965,0.09467170387506485,0.02316482998430729,0.35497032999992384
random20_shuffled,random20 · shuffled,random20,shuffled,loss_velocity,55,1018,0.14980323642216922,0.09474140405654907,0.023119665309786798,0.3520745992660524
random20_shuffled,random20 · shuffled,random20,shuffled,loss_velocity,56,1018,0.15023551052546016,0.09758000448346138,0.021768517978489398,0.36711867451667785
random20_shuffled,random20 · shuffled,random20,shuffled,loss_velocity,57,1018,0.15218587383153998,0.09955150634050369,0.020505794323980808,0.359650629758835
random20_shuffled,random20 · shuffled,random20,shuffled,loss_velocity,58,1018,0.15423395347594848,0.09752785041928291,0.022933641262352467,0.3584000200033189
random20_shuffled,random20 · shuffled,random20,shuffled,loss_velocity,59,1018,0.1467810421948795,0.09595056623220444,0.022387628071010114,0.3406947642564774
random20_shuffled,random20 · shuffled,random20,shuffled,loss_velocity,60,1018,0.1469294704478106,0.09774003177881241,0.020623434707522394,0.3342211753129961
random20_shuffled,random20 · shuffled,random20,shuffled,loss_dynamics_displacement,1,1018,0.2882156139079569,0.24779273569583893,0.06804602444171906,0.563281935453415
random20_shuffled,random20 · shuffled,random20,shuffled,loss_dynamics_displacement,2,1018,0.24544655692893766,0.21437210589647293,0.050081072747707366,0.48109903633594525
random20_shuffled,random20 · shuffled,random20,shuffled,loss_dynamics_displacement,3,1018,0.24063827379946076,0.20515090972185135,0.0411229532212019,0.48868420720100403
random20_shuffled,random20 · shuffled,random20,shuffled,loss_dynamics_displacement,4,1018,0.23537154401720442,0.20078948885202408,0.03294526860117913,0.46092368662357336
random20_shuffled,random20 · shuffled,random20,shuffled,loss_dynamics_displacement,5,1018,0.2332646423610694,0.1999639943242073,0.03398039899766445,0.46320280134677894
random20_shuffled,random20 · shuffled,random20,shuffled,loss_dynamics_displacement,6,1018,0.2697003942377745,0.22257782518863678,0.05028628185391426,0.5468126356601718
random20_shuffled,random20 · shuffled,random20,shuffled,loss_dynamics_displacement,7,1018,0.23978480284027015,0.21119039505720139,0.03788914568722248,0.4767439723014832
random20_shuffled,random20 · shuffled,random20,shuffled,loss_dynamics_displacement,8,1018,0.2400921034886939,0.2067573070526123,0.037937558442354205,0.4724100828170777
random20_shuffled,random20 · shuffled,random20,shuffled,loss_dynamics_displacement,9,1018,0.2380124337314573,0.210577555000782,0.03730219639837742,0.48088153600692757
random20_shuffled,random20 · shuffled,random20,shuffled,loss_dynamics_displacement,10,1018,0.2348078744770037,0.20229250937700272,0.03604540750384331,0.4635714888572693
random20_shuffled,random20 · shuffled,random20,shuffled,loss_dynamics_displacement,11,1018,0.23544941709879127,0.20713941752910614,0.032900764420628545,0.47333595156669617
random20_shuffled,random20 · shuffled,random20,shuffled,loss_dynamics_displacement,12,1018,0.2327283884954185,0.20134897530078888,0.03937936834990978,0.47173506915569313
random20_shuffled,random20 · shuffled,random20,shuffled,loss_dynamics_displacement,13,1018,0.23350637011207806,0.20397470146417618,0.03196350857615471,0.4571418642997742
random20_shuffled,random20 · shuffled,random20,shuffled,loss_dynamics_displacement,14,1018,0.23687516199665012,0.19755367934703827,0.037651775404810905,0.4826744854450226
random20_shuffled,random20 · shuffled,random20,shuffled,loss_dynamics_displacement,15,1018,0.23321314265460694,0.188482366502285,0.03067623544484377,0.4854437351226807
random20_shuffled,random20 · shuffled,random20,shuffled,loss_dynamics_displacement,16,1018,0.22786738989647837,0.18970054388046265,0.034761833027005196,0.4590987116098404
random20_shuffled,random20 · shuffled,random20,shuffled,loss_dynamics_displacement,17,1018,0.234379010406288,0.20825061947107315,0.03956781141459942,0.4494425028562546
random20_shuffled,random20 · shuffled,random20,shuffled,loss_dynamics_displacement,18,1018,0.23414785687789716,0.19881224632263184,0.035900091379880913,0.4699279814958577
random20_shuffled,random20 · shuffled,random20,shuffled,loss_dynamics_displacement,19,1018,0.23128718768110615,0.194023497402668,0.03163710832595825,0.4683317333459855
random20_shuffled,random20 · shuffled,random20,shuffled,loss_dynamics_displacement,20,1018,0.23477409267089053,0.2063218429684639,0.044267183542251586,0.4537305414676668
random20_shuffled,random20 · shuffled,random20,shuffled,loss_dynamics_displacement,21,1018,0.22749803585221273,0.18734567612409592,0.032382556423544887,0.45277050733566304
random20_shuffled,random20 · shuffled,random20,shuffled,loss_dynamics_displacement,22,1018,0.231196723603584,0.20683729648590088,0.030297790095210074,0.45923787057399756
random20_shuffled,random20 · shuffled,random20,shuffled,loss_dynamics_displacement,23,1018,0.23309239806149482,0.2002815082669258,0.03235904648900032,0.4708146750926972
random20_shuffled,random20 · shuffled,random20,shuffled,loss_dynamics_displacement,24,1018,0.23015988765781642,0.19749636948108673,0.03241311646997929,0.46580244898796086
random20_shuffled,random20 · shuffled,random20,shuffled,loss_dynamics_displacement,25,1018,0.23073925482852967,0.1992332637310028,0.038359775021672246,0.45690822005271914
random20_shuffled,random20 · shuffled,random20,shuffled,loss_dynamics_displacement,26,1018,0.22889768318085582,0.20113955438137054,0.030487581714987756,0.46134729683399206
random20_shuffled,random20 · shuffled,random20,shuffled,loss_dynamics_displacement,27,1018,0.23010603375314354,0.1997634842991829,0.029517230950295924,0.47532075345516206
random20_shuffled,random20 · shuffled,random20,shuffled,loss_dynamics_displacement,28,1018,0.22961919408911163,0.19466277956962585,0.03280282802879811,0.46305578052997604
random20_shuffled,random20 · shuffled,random20,shuffled,loss_dynamics_displacement,29,1018,0.22997164295760783,0.2034861445426941,0.03135655708611012,0.4559161841869357
random20_shuffled,random20 · shuffled,random20,shuffled,loss_dynamics_displacement,30,1018,0.22922543577142224,0.19384584575891495,0.02530631311237812,0.4651497542858124
random20_shuffled,random20 · shuffled,random20,shuffled,loss_dynamics_displacement,31,1018,0.22813809064833523,0.18647558987140656,0.02425052858889103,0.47828948795795445
random20_shuffled,random20 · shuffled,random20,shuffled,loss_dynamics_displacement,32,1018,0.2299344776499484,0.20021189749240875,0.03859753608703614,0.45124830603599553
random20_shuffled,random20 · shuffled,random20,shuffled,loss_dynamics_displacement,33,1018,0.2308009772340553,0.19326256960630417,0.032243785262107846,0.461494863033295
random20_shuffled,random20 · shuffled,random20,shuffled,loss_dynamics_displacement,34,1018,0.2310625961951981,0.19867806136608124,0.034551090002059935,0.4778438925743103
random20_shuffled,random20 · shuffled,random20,shuffled,loss_dynamics_displacement,35,1018,0.23105478229370308,0.2011883705854416,0.030969114787876607,0.4785976439714432
random20_shuffled,random20 · shuffled,random20,shuffled,loss_dynamics_displacement,36,1018,0.22686813305760367,0.19526948779821396,0.032828538492321965,0.4572791695594789
random20_shuffled,random20 · shuffled,random20,shuffled,loss_dynamics_displacement,37,1018,0.22689682473459424,0.20188965648412704,0.027740124240517618,0.4510472863912583
random20_shuffled,random20 · shuffled,random20,shuffled,loss_dynamics_displacement,38,1018,0.22824741667022194,0.19322753697633743,0.031714885309338574,0.4625477582216264
random20_shuffled,random20 · shuffled,random20,shuffled,loss_dynamics_displacement,39,1018,0.22952853590339214,0.19307462126016617,0.02827648986130953,0.469131425023079
random20_shuffled,random20 · shuffled,random20,shuffled,loss_dynamics_displacement,40,1018,0.23427644652858365,0.19350961595773697,0.03937388546764851,0.4728164941072469
random20_shuffled,random20 · shuffled,random20,shuffled,loss_dynamics_displacement,41,1018,0.23348690011030362,0.1970910131931305,0.028082906827330594,0.4692827969789505
random20_shuffled,random20 · shuffled,random20,shuffled,loss_dynamics_displacement,42,1018,0.22841481013614173,0.19352037459611893,0.029176157899200916,0.461937090754509
random20_shuffled,random20 · shuffled,random20,shuffled,loss_dynamics_displacement,43,1018,0.23213990315042934,0.19402993470430374,0.026906352303922177,0.48390393853187563
random20_shuffled,random20 · shuffled,random20,shuffled,loss_dynamics_displacement,44,1018,0.22953859551179392,0.19666296243667603,0.032418011128902434,0.4664105832576753
random20_shuffled,random20 · shuffled,random20,shuffled,loss_dynamics_displacement,45,1018,0.2350177821882338,0.20497867465019226,0.02652954198420048,0.4770072877407074
random20_shuffled,random20 · shuffled,random20,shuffled,loss_dynamics_displacement,46,1018,0.22969341882475247,0.20222526788711548,0.03639494404196739,0.45233599841594696
random20_shuffled,random20 · shuffled,random20,shuffled,loss_dynamics_displacement,47,1018,0.2277995578061619,0.1905832141637802,0.02734043411910534,0.4659397274255754
random20_shuffled,random20 · shuffled,random20,shuffled,loss_dynamics_displacement,48,1018,0.23226202878570879,0.20172540098428726,0.027904874831438067,0.4564297527074814
random20_shuffled,random20 · shuffled,random20,shuffled,loss_dynamics_displacement,49,1018,0.2325055841374813,0.20326600223779678,0.03826922327280045,0.45818724930286414
random20_shuffled,random20 · shuffled,random20,shuffled,loss_dynamics_displacement,50,1018,0.2304840110007249,0.20107994228601456,0.029873156920075417,0.45791985392570506
random20_shuffled,random20 · shuffled,random20,shuffled,loss_dynamics_displacement,51,1018,0.231163767835881,0.19452737271785736,0.03437573798000813,0.46750820577144636
random20_shuffled,random20 · shuffled,random20,shuffled,loss_dynamics_displacement,52,1018,0.2302593165645051,0.20181937515735626,0.02705953773111105,0.46373555064201355
random20_shuffled,random20 · shuffled,random20,shuffled,loss_dynamics_displacement,53,1018,0.2327549427877293,0.1975865513086319,0.03861369714140892,0.47169890701770784
random20_shuffled,random20 · shuffled,random20,shuffled,loss_dynamics_displacement,54,1018,0.23104128413446007,0.19747794419527054,0.029577550105750562,0.46983931958675385
random20_shuffled,random20 · shuffled,random20,shuffled,loss_dynamics_displacement,55,1018,0.23343477658547776,0.21003389358520508,0.033924017474055296,0.462900796532631
random20_shuffled,random20 · shuffled,random20,shuffled,loss_dynamics_displacement,56,1018,0.22827939921189538,0.19349433481693268,0.034817541390657424,0.46695508360862736
random20_shuffled,random20 · shuffled,random20,shuffled,loss_dynamics_displacement,57,1018,0.230032949684959,0.20128849148750305,0.02514410596340895,0.46720735430717475
random20_shuffled,random20 · shuffled,random20,shuffled,loss_dynamics_displacement,58,1018,0.2349192168435982,0.20687832683324814,0.032002028077840805,0.47887032926082623
random20_shuffled,random20 · shuffled,random20,shuffled,loss_dynamics_displacement,59,1018,0.22579702751917768,0.1948523446917534,0.02819659188389778,0.46155152022838597
random20_shuffled,random20 · shuffled,random20,shuffled,loss_dynamics_displacement,60,1018,0.22890198196001782,0.20116762816905975,0.024992023035883906,0.4417792975902558
random20_shuffled,random20 · shuffled,random20,shuffled,loss_center,1,1018,0.30163219225481297,0.25729501247406006,0.09841137081384659,0.5738291263580324
random20_shuffled,random20 · shuffled,random20,shuffled,loss_center,2,1018,0.23467464216624356,0.19815396517515182,0.07713671550154685,0.43772392570972446
random20_shuffled,random20 · shuffled,random20,shuffled,loss_center,3,1018,0.2210308276665761,0.18636489659547806,0.06675519570708274,0.41742540299892433
random20_shuffled,random20 · shuffled,random20,shuffled,loss_center,4,1018,0.20582258507741105,0.17366235703229904,0.06316519230604171,0.38512152433395397
random20_shuffled,random20 · shuffled,random20,shuffled,loss_center,5,1018,0.18765798076888462,0.15371079742908478,0.048884188383817674,0.3704780101776124
random20_shuffled,random20 · shuffled,random20,shuffled,loss_center,6,1018,0.17145416461853474,0.13397204130887985,0.04039975740015507,0.3385497510433198
random20_shuffled,random20 · shuffled,random20,shuffled,loss_center,7,1018,0.15943453447757863,0.12479059398174286,0.0345822311937809,0.32824091017246265
random20_shuffled,random20 · shuffled,random20,shuffled,loss_center,8,1018,0.15303023854336448,0.11930019780993462,0.030875175073742867,0.3265112787485125
random20_shuffled,random20 · shuffled,random20,shuffled,loss_center,9,1018,0.14377310346768096,0.10099107027053833,0.02920115999877453,0.3080382764339448
random20_shuffled,random20 · shuffled,random20,shuffled,loss_center,10,1018,0.13702880587311705,0.10088225826621056,0.027185088023543358,0.29965994954109204
random20_shuffled,random20 · shuffled,random20,shuffled,loss_center,11,1018,0.13265318931757394,0.10080736130475998,0.02519697416573763,0.2888100564479829
random20_shuffled,random20 · shuffled,random20,shuffled,loss_center,12,1018,0.12243859135602511,0.08547404035925865,0.021121901087462903,0.26505112648010254
random20_shuffled,random20 · shuffled,random20,shuffled,loss_center,13,1018,0.11799679408243295,0.0822661928832531,0.02121468186378479,0.26662365198135374
random20_shuffled,random20 · shuffled,random20,shuffled,loss_center,14,1018,0.10951715346639848,0.07403616979718208,0.02035850416868925,0.24426730126142504
random20_shuffled,random20 · shuffled,random20,shuffled,loss_center,15,1018,0.10453879895248616,0.07007404044270515,0.020006336644291876,0.2310637176036836
random20_shuffled,random20 · shuffled,random20,shuffled,loss_center,16,1018,0.09971506552485299,0.06390930712223053,0.017938428744673728,0.2218577101826668
random20_shuffled,random20 · shuffled,random20,shuffled,loss_center,17,1018,0.10022513388678037,0.06829509884119034,0.01840030513703823,0.22712350934743897
random20_shuffled,random20 · shuffled,random20,shuffled,loss_center,18,1018,0.0930957176351155,0.05540759861469269,0.017260177806019784,0.21437645405530942
random20_shuffled,random20 · shuffled,random20,shuffled,loss_center,19,1018,0.0887360292173966,0.055443620309233665,0.016536179184913635,0.2134670525789262
random20_shuffled,random20 · shuffled,random20,shuffled,loss_center,20,1018,0.08588735073940254,0.05504285544157028,0.015574170462787152,0.19663930237293245
random20_shuffled,random20 · shuffled,random20,shuffled,loss_center,21,1018,0.06914009405885528,0.0384085513651371,0.013383408170193433,0.17544994652271287
random20_shuffled,random20 · shuffled,random20,shuffled,loss_center,22,1018,0.06568534851434672,0.033992018550634384,0.012950137071311475,0.16969939023256306
random20_shuffled,random20 · shuffled,random20,shuffled,loss_center,23,1018,0.06262095485885275,0.03201238438487053,0.012913998309522867,0.15706224143505096
random20_shuffled,random20 · shuffled,random20,shuffled,loss_center,24,1018,0.05928257137558959,0.029999952763319016,0.012435471545904875,0.15490277856588364
random20_shuffled,random20 · shuffled,random20,shuffled,loss_center,25,1018,0.05622248085122373,0.027040930464863777,0.012253498565405608,0.14982825815677656
random20_shuffled,random20 · shuffled,random20,shuffled,loss_center,26,1018,0.0562430072181505,0.028058895841240883,0.012248503044247627,0.14858186244964602
random20_shuffled,random20 · shuffled,random20,shuffled,loss_center,27,1018,0.05529662651652086,0.02725167665630579,0.011951221711933612,0.14622800052165988
random20_shuffled,random20 · shuffled,random20,shuffled,loss_center,28,1018,0.05500943833103949,0.02651224471628666,0.011935292836278677,0.15138725787401203
random20_shuffled,random20 · shuffled,random20,shuffled,loss_center,29,1018,0.05391242804576612,0.02613827958703041,0.012447948008775711,0.14417074620723724
random20_shuffled,random20 · shuffled,random20,shuffled,loss_center,30,1018,0.05412729833392181,0.02632766868919134,0.011702072527259588,0.14136779755353931
random20_shuffled,random20 · shuffled,random20,shuffled,loss_center,31,1018,0.05289535986329109,0.02433875761926174,0.011632389761507511,0.14232270568609257
random20_shuffled,random20 · shuffled,random20,shuffled,loss_center,32,1018,0.050797066484323625,0.02507284376770258,0.011319173872470856,0.14178431630134583
random20_shuffled,random20 · shuffled,random20,shuffled,loss_center,33,1018,0.0508558600528023,0.024891183711588383,0.011358475405722856,0.12920732498168963
random20_shuffled,random20 · shuffled,random20,shuffled,loss_center,34,1018,0.04932432743667649,0.024089010432362556,0.01130480244755745,0.12862775474786764
random20_shuffled,random20 · shuffled,random20,shuffled,loss_center,35,1018,0.0488509346377873,0.023303374648094177,0.011245835013687611,0.12116571664810188
random20_shuffled,random20 · shuffled,random20,shuffled,loss_center,36,1018,0.04789915150680995,0.023274552077054977,0.010985872335731983,0.1187202893197538
random20_shuffled,random20 · shuffled,random20,shuffled,loss_center,37,1018,0.048815189466001156,0.023406307213008404,0.011043090280145407,0.12579393535852434
random20_shuffled,random20 · shuffled,random20,shuffled,loss_center,38,1018,0.04578764424366558,0.021873152814805508,0.011037858203053474,0.11128158718347554
random20_shuffled,random20 · shuffled,random20,shuffled,loss_center,39,1018,0.047423125759283105,0.022745956666767597,0.011434641666710377,0.111605129390955
random20_shuffled,random20 · shuffled,random20,shuffled,loss_center,40,1018,0.047290093238943044,0.02224056050181389,0.011019512638449669,0.124980302155018
random20_shuffled,random20 · shuffled,random20,shuffled,loss_center,41,1018,0.04540440254142116,0.02165871486067772,0.01083295289427042,0.10968481078743947
random20_shuffled,random20 · shuffled,random20,shuffled,loss_center,42,1018,0.044805612060111494,0.02068199496716261,0.010172213707119227,0.11688454225659375
random20_shuffled,random20 · shuffled,random20,shuffled,loss_center,43,1018,0.04833301974639794,0.020607056096196175,0.010566219687461853,0.12953383922576917
random20_shuffled,random20 · shuffled,random20,shuffled,loss_center,44,1018,0.04523815010941436,0.021290010772645473,0.010840555094182492,0.11186286807060242
random20_shuffled,random20 · shuffled,random20,shuffled,loss_center,45,1018,0.043913729636141326,0.02097177878022194,0.010277611296623945,0.10569834262132669
random20_shuffled,random20 · shuffled,random20,shuffled,loss_center,46,1018,0.041698981314341306,0.020546892657876015,0.010509598068892956,0.1002919189631939
random20_shuffled,random20 · shuffled,random20,shuffled,loss_center,47,1018,0.042420880739121515,0.020108393393456936,0.010692129097878934,0.11143633276224141
random20_shuffled,random20 · shuffled,random20,shuffled,loss_center,48,1018,0.04336902671511887,0.02084912359714508,0.010719072818756104,0.10568684563040738
random20_shuffled,random20 · shuffled,random20,shuffled,loss_center,49,1018,0.042503888556397064,0.01997198536992073,0.010533482395112514,0.09827553629875188
random20_shuffled,random20 · shuffled,random20,shuffled,loss_center,50,1018,0.04290318481252695,0.020973224192857742,0.010970755759626628,0.10121689289808275
random20_shuffled,random20 · shuffled,random20,shuffled,loss_center,51,1018,0.0441361416061729,0.020866946317255497,0.010590209905058146,0.10960514470934875
random20_shuffled,random20 · shuffled,random20,shuffled,loss_center,52,1018,0.04280819812440085,0.019838305190205574,0.010580013692378997,0.11476417407393465
random20_shuffled,random20 · shuffled,random20,shuffled,loss_center,53,1018,0.04334249039142153,0.020028346218168736,0.01011304948478937,0.11442158892750742
random20_shuffled,random20 · shuffled,random20,shuffled,loss_center,54,1018,0.042453186844945805,0.020176769234240055,0.010488719586282969,0.10694622099399567
random20_shuffled,random20 · shuffled,random20,shuffled,loss_center,55,1018,0.04129030962963177,0.020695076324045658,0.010725949611514806,0.10071827769279482
random20_shuffled,random20 · shuffled,random20,shuffled,loss_center,56,1018,0.04267189213191845,0.02114012185484171,0.01065621543675661,0.10633782967925076
random20_shuffled,random20 · shuffled,random20,shuffled,loss_center,57,1018,0.04273347883514533,0.01952431909739971,0.010494882892817258,0.10488664880394939
random20_shuffled,random20 · shuffled,random20,shuffled,loss_center,58,1018,0.0463387617234814,0.020868951454758644,0.010547725018113852,0.1161333128809929
random20_shuffled,random20 · shuffled,random20,shuffled,loss_center,59,1018,0.04127585998880869,0.019609986804425716,0.010463985987007618,0.09563910812139514
random20_shuffled,random20 · shuffled,random20,shuffled,loss_center,60,1018,0.0419080701710616,0.019795273430645466,0.01081112865358591,0.10354506745934491
gap1124_true,gap1124 · true,gap1124,true,loss_total,1,714,10.035305909415921,9.204418659210205,5.991238689422607,15.238568115234377
gap1124_true,gap1124 · true,gap1124,true,loss_total,2,714,7.3763678805166935,6.785203456878662,4.750319337844848,10.825399208068848
gap1124_true,gap1124 · true,gap1124,true,loss_total,3,714,6.4337989125265125,5.907024145126343,3.8281818628311157,9.95820665359497
gap1124_true,gap1124 · true,gap1124,true,loss_total,4,714,5.687901569347756,5.179403781890869,3.376465892791748,8.637526130676271
gap1124_true,gap1124 · true,gap1124,true,loss_total,5,714,5.070703304782301,4.4931862354278564,2.7570072889328,8.11793727874756
gap1124_true,gap1124 · true,gap1124,true,loss_total,6,714,3.9580404112318983,3.5270321369171143,2.1885168075561525,6.259181404113772
gap1124_true,gap1124 · true,gap1124,true,loss_total,7,714,3.1999515685714592,2.787988781929016,1.735924208164215,5.246454668045045
gap1124_true,gap1124 · true,gap1124,true,loss_total,8,714,2.7493607734932617,2.4138123989105225,1.459508204460144,4.439838457107545
gap1124_true,gap1124 · true,gap1124,true,loss_total,9,714,2.4697901159942317,2.1131802797317505,1.3160646677017211,3.9670833826065075
gap1124_true,gap1124 · true,gap1124,true,loss_total,10,714,2.1791206436330866,1.9198753833770752,1.131740939617157,3.4189323186874394
gap1124_true,gap1124 · true,gap1124,true,loss_total,11,714,2.0271751236180964,1.747454285621643,1.0227434277534484,3.3786676406860354
gap1124_true,gap1124 · true,gap1124,true,loss_total,12,714,1.8751044582252074,1.6438788771629333,0.9229499995708466,3.0833829641342176
gap1124_true,gap1124 · true,gap1124,true,loss_total,13,714,1.8256806744580842,1.5682964324951172,0.8905114769935608,2.9095460176467896
gap1124_true,gap1124 · true,gap1124,true,loss_total,14,714,1.6517603145260102,1.4427945017814636,0.8271803855895996,2.8014316320419312
gap1124_true,gap1124 · true,gap1124,true,loss_total,15,714,1.6332549000320649,1.426930844783783,0.7929590046405792,2.6721049785614013
gap1124_true,gap1124 · true,gap1124,true,loss_total,16,714,1.5194016358598608,1.3242314457893372,0.7379522979259491,2.5219033241271975
gap1124_true,gap1124 · true,gap1124,true,loss_total,17,714,1.503694802731359,1.2984821200370789,0.7173983991146088,2.451240944862367
gap1124_true,gap1124 · true,gap1124,true,loss_total,18,714,1.3870556582005418,1.187798261642456,0.6655342757701874,2.38194284439087
gap1124_true,gap1124 · true,gap1124,true,loss_total,19,714,1.3427888072755825,1.1630279421806335,0.6387543082237244,2.2932842493057257
gap1124_true,gap1124 · true,gap1124,true,loss_total,20,714,1.3223847103219073,1.148941993713379,0.6569072842597962,2.0711237430572513
gap1124_true,gap1124 · true,gap1124,true,loss_total,21,714,1.0679162049911268,0.9046539068222046,0.5005847752094269,1.7629980564117431
gap1124_true,gap1124 · true,gap1124,true,loss_total,22,714,1.0421454835505712,0.8520726561546326,0.4760727405548096,1.6430421233177186
gap1124_true,gap1124 · true,gap1124,true,loss_total,23,714,1.00136926983084,0.8162141740322113,0.46042863726615907,1.7288400888443003
gap1124_true,gap1124 · true,gap1124,true,loss_total,24,714,0.9253946384545468,0.7654975652694702,0.4516669511795044,1.5852034091949463
gap1124_true,gap1124 · true,gap1124,true,loss_total,25,714,0.9414922398428957,0.7761653363704681,0.4258303642272949,1.5330229163169866
gap1124_true,gap1124 · true,gap1124,true,loss_total,26,714,0.945550852421285,0.7729087173938751,0.42917606234550476,1.602842795848847
gap1124_true,gap1124 · true,gap1124,true,loss_total,27,714,0.9300370280231748,0.7399174273014069,0.4353000998497009,1.5996804475784303
gap1124_true,gap1124 · true,gap1124,true,loss_total,28,714,0.8844407404921636,0.7223354279994965,0.4230292499065399,1.5434010744094857
gap1124_true,gap1124 · true,gap1124,true,loss_total,29,714,0.8908897335080206,0.7169390022754669,0.4117782711982727,1.567015838623047
gap1124_true,gap1124 · true,gap1124,true,loss_total,30,714,0.8639979487290236,0.7060297131538391,0.40599497258663175,1.4727100133895876
gap1124_true,gap1124 · true,gap1124,true,loss_total,31,714,0.8521595554275005,0.6852821111679077,0.40707414150238036,1.4635179400444032
gap1124_true,gap1124 · true,gap1124,true,loss_total,32,714,0.8372514674476549,0.6793211102485657,0.4129172384738922,1.4214703798294068
gap1124_true,gap1124 · true,gap1124,true,loss_total,33,714,0.8497375039493337,0.6816202998161316,0.39609335064888,1.5252180337905887
gap1124_true,gap1124 · true,gap1124,true,loss_total,34,714,0.8366864085280928,0.6758213937282562,0.39699785113334657,1.4461446285247803
gap1124_true,gap1124 · true,gap1124,true,loss_total,35,714,0.843227173642618,0.6654371917247772,0.4006136626005173,1.482600247859955
gap1124_true,gap1124 · true,gap1124,true,loss_total,36,714,0.8083368523949,0.634253203868866,0.3814534842967987,1.418759799003602
gap1124_true,gap1124 · true,gap1124,true,loss_total,37,714,0.8085126567538045,0.642996072769165,0.38424461185932157,1.390004146099091
gap1124_true,gap1124 · true,gap1124,true,loss_total,38,714,0.7996791926335219,0.6228469014167786,0.3777222841978073,1.4430423259735112
gap1124_true,gap1124 · true,gap1124,true,loss_total,39,714,0.8087223722320311,0.6187796592712402,0.369617635011673,1.4181933999061584
gap1124_true,gap1124 · true,gap1124,true,loss_total,40,714,0.788942193471584,0.6389821767807007,0.37934679388999937,1.3376499414443972
gap1124_true,gap1124 · true,gap1124,true,loss_total,41,714,0.7594831714234432,0.6132797598838806,0.3704295217990875,1.3231361389160157
gap1124_true,gap1124 · true,gap1124,true,loss_total,42,714,0.7444149682752225,0.5966824293136597,0.3646685481071472,1.3452767848968505
gap1124_true,gap1124 · true,gap1124,true,loss_total,43,714,0.7837071956372729,0.615079939365387,0.36920905113220215,1.4171152830123905
gap1124_true,gap1124 · true,gap1124,true,loss_total,44,714,0.792035738481026,0.6135834753513336,0.37477006316184996,1.3944437980651856
gap1124_true,gap1124 · true,gap1124,true,loss_total,45,714,0.7438907773137426,0.6127198040485382,0.3645985722541809,1.2787948369979865
gap1124_true,gap1124 · true,gap1124,true,loss_total,46,714,0.7426012152132868,0.5848487615585327,0.3664159208536148,1.2452395439147954
gap1124_true,gap1124 · true,gap1124,true,loss_total,47,714,0.7640875989691216,0.5927374958992004,0.35847227573394774,1.3576793313026436
gap1124_true,gap1124 · true,gap1124,true,loss_total,48,714,0.7834443534497454,0.6252378523349762,0.37658484280109406,1.383267915248871
gap1124_true,gap1124 · true,gap1124,true,loss_total,49,714,0.7693060741496354,0.6118544638156891,0.36357021927833555,1.4000271797180177
gap1124_true,gap1124 · true,gap1124,true,loss_total,50,714,0.7435981417779162,0.5949711203575134,0.3598581850528717,1.3090120673179626
gap1124_true,gap1124 · true,gap1124,true,loss_total,51,714,0.7445315632249127,0.5712338089942932,0.3446635991334915,1.3653293251991272
gap1124_true,gap1124 · true,gap1124,true,loss_total,52,714,0.7424451706706643,0.5897060632705688,0.34312290251255034,1.2815547585487366
gap1124_true,gap1124 · true,gap1124,true,loss_total,53,714,0.7316740810537204,0.5814595818519592,0.35082213282585145,1.2972153067588807
gap1124_true,gap1124 · true,gap1124,true,loss_total,54,714,0.75668264044767,0.6099308431148529,0.3605327606201172,1.3371220946311955
gap1124_true,gap1124 · true,gap1124,true,loss_total,55,714,0.7361119580285556,0.6121255159378052,0.36377144157886504,1.3077675700187685
gap1124_true,gap1124 · true,gap1124,true,loss_total,56,714,0.7564497138647472,0.5891404747962952,0.3576324820518494,1.3540951013565063
gap1124_true,gap1124 · true,gap1124,true,loss_total,57,714,0.758983837038863,0.5913888514041901,0.35655419528484344,1.3540188789367682
gap1124_true,gap1124 · true,gap1124,true,loss_total,58,714,0.7413408974973428,0.5892772376537323,0.3515711396932602,1.33126814365387
gap1124_true,gap1124 · true,gap1124,true,loss_total,59,714,0.7305049181026237,0.5804775357246399,0.3489272803068161,1.2678239226341248
gap1124_true,gap1124 · true,gap1124,true,loss_total,60,714,0.7345248258330909,0.5972982048988342,0.3577398180961609,1.3165734052658082
gap1124_true,gap1124 · true,gap1124,true,loss_velocity,1,714,0.23636509211347842,0.12491403892636299,0.027227536030113696,0.5837515234947208
gap1124_true,gap1124 · true,gap1124,true,loss_velocity,2,714,0.14561607662643142,0.09258585423231125,0.02621719744056463,0.32532965540885933
gap1124_true,gap1124 · true,gap1124,true,loss_velocity,3,714,0.14262258028905025,0.09343649074435234,0.025418586656451223,0.33375842571258546
gap1124_true,gap1124 · true,gap1124,true,loss_velocity,4,714,0.13803559514962616,0.08913148194551468,0.024473806470632554,0.3169964998960495
gap1124_true,gap1124 · true,gap1124,true,loss_velocity,5,714,0.13928976416697397,0.08377561345696449,0.02367392610758543,0.33836634755134587
gap1124_true,gap1124 · true,gap1124,true,loss_velocity,6,714,0.17082704539562077,0.12564024329185486,0.035898346453905106,0.3686054080724716
gap1124_true,gap1124 · true,gap1124,true,loss_velocity,7,714,0.15355274542717456,0.10844745114445686,0.031161325983703136,0.34370012283325196
gap1124_true,gap1124 · true,gap1124,true,loss_velocity,8,714,0.146853864400358,0.10276314988732338,0.03029850888997316,0.32964546382427223
gap1124_true,gap1124 · true,gap1124,true,loss_velocity,9,714,0.14390570092365845,0.08975565433502197,0.030367694981396198,0.3382758378982545
gap1124_true,gap1124 · true,gap1124,true,loss_velocity,10,714,0.1448897509278041,0.09364388510584831,0.029220421425998212,0.34236840903759025
gap1124_true,gap1124 · true,gap1124,true,loss_velocity,11,714,0.14728081521006817,0.0952976793050766,0.02737665008753538,0.34812257885932957
gap1124_true,gap1124 · true,gap1124,true,loss_velocity,12,714,0.14537459322093552,0.09321508184075356,0.02452146578580141,0.34228201210498815
gap1124_true,gap1124 · true,gap1124,true,loss_velocity,13,714,0.1466146793245163,0.10240015387535095,0.02673894390463829,0.32321666777133945
gap1124_true,gap1124 · true,gap1124,true,loss_velocity,14,714,0.14219470719248578,0.09021945297718048,0.025438982248306274,0.3238261878490448
gap1124_true,gap1124 · true,gap1124,true,loss_velocity,15,714,0.14833778281062215,0.09377884492278099,0.02334921024739742,0.33369159400463105
gap1124_true,gap1124 · true,gap1124,true,loss_velocity,16,714,0.14012164888180875,0.09384095296263695,0.026254772581160067,0.315805122256279
gap1124_true,gap1124 · true,gap1124,true,loss_velocity,17,714,0.14252743756506822,0.09183428809046745,0.022219020314514636,0.3408483564853668
gap1124_true,gap1124 · true,gap1124,true,loss_velocity,18,714,0.14052883121126308,0.08662515506148338,0.02270632591098547,0.33317050933837894
gap1124_true,gap1124 · true,gap1124,true,loss_velocity,19,714,0.1426637016422003,0.09504932910203934,0.022199127078056335,0.3435044914484025
gap1124_true,gap1124 · true,gap1124,true,loss_velocity,20,714,0.13982009939022405,0.09032509103417397,0.024007674120366574,0.32114264070987714
gap1124_true,gap1124 · true,gap1124,true,loss_velocity,21,714,0.13853833689866327,0.09172475710511208,0.023918324150145054,0.32193683385849
gap1124_true,gap1124 · true,gap1124,true,loss_velocity,22,714,0.13842769166785984,0.08938074856996536,0.024263655953109264,0.3240780562162399
gap1124_true,gap1124 · true,gap1124,true,loss_velocity,23,714,0.13849569950644083,0.0895722284913063,0.0218479435890913,0.33931664824485785
gap1124_true,gap1124 · true,gap1124,true,loss_velocity,24,714,0.13567084617878855,0.08446424826979637,0.020137300528585908,0.33102737665176396
gap1124_true,gap1124 · true,gap1124,true,loss_velocity,25,714,0.13913271457533397,0.09090765565633774,0.018063027039170263,0.3353944808244706
gap1124_true,gap1124 · true,gap1124,true,loss_velocity,26,714,0.14062646825971337,0.08683982491493225,0.022616042383015157,0.3364676952362062
gap1124_true,gap1124 · true,gap1124,true,loss_velocity,27,714,0.14604010208182464,0.09464829787611961,0.02222814615815878,0.32923957109451296
gap1124_true,gap1124 · true,gap1124,true,loss_velocity,28,714,0.13761671985980875,0.08699232712388039,0.022025123983621598,0.33214747905731207
gap1124_true,gap1124 · true,gap1124,true,loss_velocity,29,714,0.14068582531665413,0.09083880111575127,0.02256112787872553,0.3353957742452622
gap1124_true,gap1124 · true,gap1124,true,loss_velocity,30,714,0.1342637077050873,0.08333185315132141,0.02384553011506796,0.32956610321998603
gap1124_true,gap1124 · true,gap1124,true,loss_velocity,31,714,0.13732539921612882,0.08696997910737991,0.022166630998253823,0.3392194628715516
gap1124_true,gap1124 · true,gap1124,true,loss_velocity,32,714,0.1395347846504979,0.08806441724300385,0.02433849386870861,0.33201274275779724
gap1124_true,gap1124 · true,gap1124,true,loss_velocity,33,714,0.13723624836202158,0.0855930708348751,0.021478085219860076,0.32553861737251283
gap1124_true,gap1124 · true,gap1124,true,loss_velocity,34,714,0.1393904785595636,0.08799995109438896,0.02432704046368599,0.3217974990606308
gap1124_true,gap1124 · true,gap1124,true,loss_velocity,35,714,0.13814476711697699,0.08803067356348038,0.02371785286813974,0.32669504880905154
gap1124_true,gap1124 · true,gap1124,true,loss_velocity,36,714,0.14025500351406572,0.09228802844882011,0.02395481988787651,0.3325961619615555
gap1124_true,gap1124 · true,gap1124,true,loss_velocity,37,714,0.13369175151097445,0.0806640274822712,0.02127487100660801,0.31719826757907893
gap1124_true,gap1124 · true,gap1124,true,loss_velocity,38,714,0.13979752776858656,0.08825074508786201,0.02116646207869053,0.34304664433002496
gap1124_true,gap1124 · true,gap1124,true,loss_velocity,39,714,0.14099247478136495,0.09425376355648041,0.02260462921112776,0.3298360705375673
gap1124_true,gap1124 · true,gap1124,true,loss_velocity,40,714,0.14150283298179955,0.08803018927574158,0.02290529366582632,0.33702511191368106
gap1124_true,gap1124 · true,gap1124,true,loss_velocity,41,714,0.13719772791140386,0.08328990638256073,0.021259644255042075,0.3334883451461793
gap1124_true,gap1124 · true,gap1124,true,loss_velocity,42,714,0.13763462633112347,0.08693504333496094,0.023073551803827287,0.3227351903915405
gap1124_true,gap1124 · true,gap1124,true,loss_velocity,43,714,0.14185117818030374,0.08787466958165169,0.02094011381268501,0.33866078257560733
gap1124_true,gap1124 · true,gap1124,true,loss_velocity,44,714,0.1399682222761824,0.08982401341199875,0.02187073975801468,0.3363597422838213
gap1124_true,gap1124 · true,gap1124,true,loss_velocity,45,714,0.13736451197616464,0.08289840072393417,0.02331207487732172,0.3286699831485749
gap1124_true,gap1124 · true,gap1124,true,loss_velocity,46,714,0.1403724833597698,0.09064895659685135,0.023054608143866062,0.3180320054292679
gap1124_true,gap1124 · true,gap1124,true,loss_velocity,47,714,0.13797576428020597,0.08497338742017746,0.021514979377388953,0.3306453466415406
gap1124_true,gap1124 · true,gap1124,true,loss_velocity,48,714,0.13967735761436126,0.09194261953234673,0.02174153570085764,0.32841835916042345
gap1124_true,gap1124 · true,gap1124,true,loss_velocity,49,714,0.13810960320346266,0.08348838612437248,0.02007533386349678,0.3319726437330246
gap1124_true,gap1124 · true,gap1124,true,loss_velocity,50,714,0.13654522967351346,0.08744999021291733,0.02088508754968643,0.3237727850675583
gap1124_true,gap1124 · true,gap1124,true,loss_velocity,51,714,0.1395132021844147,0.08900579810142517,0.02455014307051897,0.3311492145061494
gap1124_true,gap1124 · true,gap1124,true,loss_velocity,52,714,0.14084692453151615,0.08340197056531906,0.021624644845724107,0.3401590436697007
gap1124_true,gap1124 · true,gap1124,true,loss_velocity,53,714,0.1391598045185511,0.09055379405617714,0.023074175603687762,0.3387311875820161
gap1124_true,gap1124 · true,gap1124,true,loss_velocity,54,714,0.14031333558089218,0.09389018639922142,0.02442616894841194,0.3290546089410782
gap1124_true,gap1124 · true,gap1124,true,loss_velocity,55,714,0.13676700148019283,0.08354843407869339,0.022810877487063407,0.3215780198574067
gap1124_true,gap1124 · true,gap1124,true,loss_velocity,56,714,0.1368103725315562,0.0902857854962349,0.024126771464943884,0.3193100482225419
gap1124_true,gap1124 · true,gap1124,true,loss_velocity,57,714,0.14181757435520215,0.08915223181247711,0.020686329528689384,0.3378238439559937
gap1124_true,gap1124 · true,gap1124,true,loss_velocity,58,714,0.13760858395232112,0.08811681717634201,0.02401694394648075,0.32387220859527593
gap1124_true,gap1124 · true,gap1124,true,loss_velocity,59,714,0.13632014514917523,0.08609230071306229,0.02188295405358076,0.317946681380272
gap1124_true,gap1124 · true,gap1124,true,loss_velocity,60,714,0.13905911280966626,0.09318803623318672,0.02202399056404829,0.32777591347694396
gap1124_true,gap1124 · true,gap1124,true,loss_dynamics_displacement,1,714,0.18856739776055081,0.104263536632061,0.017108013853430748,0.4295514762401582
gap1124_true,gap1124 · true,gap1124,true,loss_dynamics_displacement,2,714,0.10755841565841459,0.0893053226172924,0.018298130296170712,0.22596549987792972
gap1124_true,gap1124 · true,gap1124,true,loss_dynamics_displacement,3,714,0.10677247886097252,0.0849921740591526,0.017749313078820706,0.2300676390528679
gap1124_true,gap1124 · true,gap1124,true,loss_dynamics_displacement,4,714,0.10403575596702219,0.08627298846840858,0.01864893231540918,0.21640854030847553
gap1124_true,gap1124 · true,gap1124,true,loss_dynamics_displacement,5,714,0.1031876370228934,0.07914233952760696,0.015650487039238214,0.22421659231185914
gap1124_true,gap1124 · true,gap1124,true,loss_dynamics_displacement,6,714,0.12916745672410704,0.10593952983617783,0.02458618991076946,0.2584595054388047
gap1124_true,gap1124 · true,gap1124,true,loss_dynamics_displacement,7,714,0.11978549039198727,0.09881958737969398,0.02464016992598772,0.23932299315929423
gap1124_true,gap1124 · true,gap1124,true,loss_dynamics_displacement,8,714,0.1150318011559979,0.0944909080862999,0.02023863922804594,0.2373072236776353
gap1124_true,gap1124 · true,gap1124,true,loss_dynamics_displacement,9,714,0.10976439005553759,0.09037625044584274,0.01859961990267038,0.2266873195767403
gap1124_true,gap1124 · true,gap1124,true,loss_dynamics_displacement,10,714,0.1106715965729092,0.08983920514583588,0.019726473838090897,0.22740851044654847
gap1124_true,gap1124 · true,gap1124,true,loss_dynamics_displacement,11,714,0.11114770067002655,0.08503260463476181,0.017229405604302882,0.23296802490949645
gap1124_true,gap1124 · true,gap1124,true,loss_dynamics_displacement,12,714,0.10983069846325055,0.09029842168092728,0.015529905818402766,0.23191281259059907
gap1124_true,gap1124 · true,gap1124,true,loss_dynamics_displacement,13,714,0.10904423456609051,0.0902896448969841,0.017835834063589573,0.22260029166936876
gap1124_true,gap1124 · true,gap1124,true,loss_dynamics_displacement,14,714,0.10729180197968442,0.08546087145805359,0.018354479968547822,0.22535841464996348
gap1124_true,gap1124 · true,gap1124,true,loss_dynamics_displacement,15,714,0.10901667745438266,0.08864379674196243,0.015305017307400703,0.2327890381217003
gap1124_true,gap1124 · true,gap1124,true,loss_dynamics_displacement,16,714,0.10489309180827279,0.07864193245768547,0.019722680374979974,0.2180895432829857
gap1124_true,gap1124 · true,gap1124,true,loss_dynamics_displacement,17,714,0.10535084487640765,0.086380235850811,0.014644199050962925,0.22715748101472857
gap1124_true,gap1124 · true,gap1124,true,loss_dynamics_displacement,18,714,0.10384467032089756,0.08217783272266388,0.015533794835209846,0.23053630739450454
gap1124_true,gap1124 · true,gap1124,true,loss_dynamics_displacement,19,714,0.10470177657042659,0.08888396248221397,0.015427095536142587,0.22350055575370795
gap1124_true,gap1124 · true,gap1124,true,loss_dynamics_displacement,20,714,0.10395142267942716,0.08900154009461403,0.0157291142269969,0.20748791992664337
gap1124_true,gap1124 · true,gap1124,true,loss_dynamics_displacement,21,714,0.10164091995746388,0.08146481215953827,0.014560103882104158,0.22157865911722188
gap1124_true,gap1124 · true,gap1124,true,loss_dynamics_displacement,22,714,0.10305365284983752,0.08301883935928345,0.017096561938524248,0.216249917447567
gap1124_true,gap1124 · true,gap1124,true,loss_dynamics_displacement,23,714,0.10393919343541634,0.08303221687674522,0.017487156577408312,0.22029155343770981
gap1124_true,gap1124 · true,gap1124,true,loss_dynamics_displacement,24,714,0.1024119767038535,0.08103539422154427,0.013124755211174488,0.2239250674843789
gap1124_true,gap1124 · true,gap1124,true,loss_dynamics_displacement,25,714,0.10367848445969198,0.08474942669272423,0.014692097809165717,0.22033934891223908
gap1124_true,gap1124 · true,gap1124,true,loss_dynamics_displacement,26,714,0.10412051575258374,0.07827026769518852,0.014897187612950802,0.22868627309799197
gap1124_true,gap1124 · true,gap1124,true,loss_dynamics_displacement,27,714,0.10808061617452662,0.08625274524092674,0.014736317750066518,0.22950958758592613
gap1124_true,gap1124 · true,gap1124,true,loss_dynamics_displacement,28,714,0.10448835785885495,0.07868336886167526,0.014503651950508355,0.23836694657802585
gap1124_true,gap1124 · true,gap1124,true,loss_dynamics_displacement,29,714,0.10450115713692944,0.08782805129885674,0.014223088603466749,0.2190423950552941
gap1124_true,gap1124 · true,gap1124,true,loss_dynamics_displacement,30,714,0.10060808603118333,0.07798008620738983,0.015149419102817774,0.21853482276201253
gap1124_true,gap1124 · true,gap1124,true,loss_dynamics_displacement,31,714,0.10296440062969753,0.08027617260813713,0.013333876244723796,0.22284624278545384
gap1124_true,gap1124 · true,gap1124,true,loss_dynamics_displacement,32,714,0.10513523503559503,0.08401904627680779,0.013955286797136068,0.22605067342519772
gap1124_true,gap1124 · true,gap1124,true,loss_dynamics_displacement,33,714,0.10276757846899456,0.08058266714215279,0.015162438806146383,0.22034526616334918
gap1124_true,gap1124 · true,gap1124,true,loss_dynamics_displacement,34,714,0.10429059846994548,0.08094225451350212,0.015461032837629318,0.21414486467838298
gap1124_true,gap1124 · true,gap1124,true,loss_dynamics_displacement,35,714,0.10332330804809287,0.08457067236304283,0.016615130938589573,0.2141881361603737
gap1124_true,gap1124 · true,gap1124,true,loss_dynamics_displacement,36,714,0.10486215994812689,0.07961881533265114,0.015616976935416459,0.2248147159814835
gap1124_true,gap1124 · true,gap1124,true,loss_dynamics_displacement,37,714,0.10006165259021416,0.07982215657830238,0.013524759002029896,0.21849832832813268
gap1124_true,gap1124 · true,gap1124,true,loss_dynamics_displacement,38,714,0.1025528125774705,0.08020933344960213,0.013706302270293236,0.21839240193367004
gap1124_true,gap1124 · true,gap1124,true,loss_dynamics_displacement,39,714,0.10391597549433634,0.08261385560035706,0.01365467049181461,0.21658265739679342
gap1124_true,gap1124 · true,gap1124,true,loss_dynamics_displacement,40,714,0.1052161556065633,0.08614448457956314,0.01558079533278942,0.22455220818519597
gap1124_true,gap1124 · true,gap1124,true,loss_dynamics_displacement,41,714,0.10261910393571935,0.08335910737514496,0.015511406026780606,0.22174400687217713
gap1124_true,gap1124 · true,gap1124,true,loss_dynamics_displacement,42,714,0.10381221334470817,0.08529579266905785,0.01586098466068506,0.20929597914218903
gap1124_true,gap1124 · true,gap1124,true,loss_dynamics_displacement,43,714,0.10528133640356664,0.08295094221830368,0.013996160961687565,0.23446641862392448
gap1124_true,gap1124 · true,gap1124,true,loss_dynamics_displacement,44,714,0.10447577395507705,0.08470452949404716,0.013462708238512278,0.2134671181440354
gap1124_true,gap1124 · true,gap1124,true,loss_dynamics_displacement,45,714,0.10289006930852898,0.0825267843902111,0.01776698753237724,0.21459778249263764
gap1124_true,gap1124 · true,gap1124,true,loss_dynamics_displacement,46,714,0.10344083913056054,0.08087489008903503,0.013067580945789813,0.22589663565158846
gap1124_true,gap1124 · true,gap1124,true,loss_dynamics_displacement,47,714,0.10371817722743773,0.08066832274198532,0.01406241413205862,0.21463579535484317
gap1124_true,gap1124 · true,gap1124,true,loss_dynamics_displacement,48,714,0.10456075733142751,0.0841168574988842,0.01452961191534996,0.21352250725030905
gap1124_true,gap1124 · true,gap1124,true,loss_dynamics_displacement,49,714,0.10334982770052935,0.086243387311697,0.013539447635412215,0.21746920496225358
gap1124_true,gap1124 · true,gap1124,true,loss_dynamics_displacement,50,714,0.10406035099325947,0.08349320665001869,0.015095515083521605,0.21646719276905071
gap1124_true,gap1124 · true,gap1124,true,loss_dynamics_displacement,51,714,0.10431858071687576,0.08603236451745033,0.01626954525709152,0.22043406069278723
gap1124_true,gap1124 · true,gap1124,true,loss_dynamics_displacement,52,714,0.10395764676036824,0.08405224233865738,0.01636545583605766,0.21943719983100893
gap1124_true,gap1124 · true,gap1124,true,loss_dynamics_displacement,53,714,0.10291308680997968,0.08228839933872223,0.015397250838577747,0.22062152028083806
gap1124_true,gap1124 · true,gap1124,true,loss_dynamics_displacement,54,714,0.1050114405794064,0.08233768865466118,0.016773155331611632,0.21983849555253987
gap1124_true,gap1124 · true,gap1124,true,loss_dynamics_displacement,55,714,0.1029455446953173,0.08432456851005554,0.016494538635015488,0.2190355271100999
gap1124_true,gap1124 · true,gap1124,true,loss_dynamics_displacement,56,714,0.10335620136708817,0.0862206444144249,0.017394667118787763,0.2074961930513382
gap1124_true,gap1124 · true,gap1124,true,loss_dynamics_displacement,57,714,0.10472196588815771,0.08266949281096458,0.016340852715075016,0.22005143761634827
gap1124_true,gap1124 · true,gap1124,true,loss_dynamics_displacement,58,714,0.10201700771809882,0.08334909379482269,0.01537214946001768,0.2186161518096925
gap1124_true,gap1124 · true,gap1124,true,loss_dynamics_displacement,59,714,0.10047341465000428,0.08260378986597061,0.015152621548622847,0.2141036465764046
gap1124_true,gap1124 · true,gap1124,true,loss_dynamics_displacement,60,714,0.10459796609474394,0.08351867645978928,0.015074859745800494,0.2143618553876877
gap1124_true,gap1124 · true,gap1124,true,loss_center,1,714,0.6272005002726527,0.5426923632621765,0.22151159048080443,1.1751727581024172
gap1124_true,gap1124 · true,gap1124,true,loss_center,2,714,0.50231595260172,0.427234947681427,0.20173874497413635,0.8896961092948914
gap1124_true,gap1124 · true,gap1124,true,loss_center,3,714,0.4877862702815139,0.4291634261608124,0.18958043307065964,0.8860756158828736
gap1124_true,gap1124 · true,gap1124,true,loss_center,4,714,0.46556035792898565,0.4123441129922867,0.17287247627973557,0.7939606189727784
gap1124_true,gap1124 · true,gap1124,true,loss_center,5,714,0.4317159164039528,0.3692091256380081,0.15456573963165282,0.7868836283683778
gap1124_true,gap1124 · true,gap1124,true,loss_center,6,714,0.3243375659844622,0.27191001176834106,0.10891347751021385,0.578070205450058
gap1124_true,gap1124 · true,gap1124,true,loss_center,7,714,0.26410753813413096,0.20836907625198364,0.07291639670729637,0.5114234447479251
gap1124_true,gap1124 · true,gap1124,true,loss_center,8,714,0.22526697511458638,0.18279122561216354,0.06194191724061966,0.44396065473556523
gap1124_true,gap1124 · true,gap1124,true,loss_center,9,714,0.19997271192873142,0.15248915553092957,0.054730717465281485,0.3876979410648348
gap1124_true,gap1124 · true,gap1124,true,loss_center,10,714,0.18107576368126174,0.14467930793762207,0.04296340346336365,0.3543857067823411
gap1124_true,gap1124 · true,gap1124,true,loss_center,11,714,0.17382395144875476,0.13809337466955185,0.04388550855219364,0.34867549538612386
gap1124_true,gap1124 · true,gap1124,true,loss_center,12,714,0.15644718834958157,0.12317415326833725,0.03541552536189556,0.30967488586902636
gap1124_true,gap1124 · true,gap1124,true,loss_center,13,714,0.15663386848350824,0.12108314782381058,0.03676181696355343,0.3036124855279924
gap1124_true,gap1124 · true,gap1124,true,loss_center,14,714,0.13119188033720003,0.10260201245546341,0.03065555654466152,0.2595038652420045
gap1124_true,gap1124 · true,gap1124,true,loss_center,15,714,0.13977615820656136,0.1085372306406498,0.029930135421454906,0.2808928191661835
gap1124_true,gap1124 · true,gap1124,true,loss_center,16,714,0.12429120425390554,0.08968215435743332,0.027701991610229015,0.26123513281345395
gap1124_true,gap1124 · true,gap1124,true,loss_center,17,714,0.1303806734070474,0.09193292632699013,0.028289297968149184,0.2742166668176652
gap1124_true,gap1124 · true,gap1124,true,loss_center,18,714,0.11490901108734644,0.08342333883047104,0.02517399601638317,0.2337213635444641
gap1124_true,gap1124 · true,gap1124,true,loss_center,19,714,0.10901029488197019,0.07907364144921303,0.02415790855884552,0.2295197442173959
gap1124_true,gap1124 · true,gap1124,true,loss_center,20,714,0.11098508064241178,0.07829852774739265,0.023995414562523364,0.22332835197448733
gap1124_true,gap1124 · true,gap1124,true,loss_center,21,714,0.08433766247370705,0.05778662860393524,0.019460970908403395,0.18123333454132082
gap1124_true,gap1124 · true,gap1124,true,loss_center,22,714,0.08317277925636839,0.052833182737231255,0.018708942644298076,0.1800613611936571
gap1124_true,gap1124 · true,gap1124,true,loss_center,23,714,0.07841578891359959,0.04998704232275486,0.01845737360417843,0.17839010506868364
gap1124_true,gap1124 · true,gap1124,true,loss_center,24,714,0.07086749068795278,0.04414953663945198,0.017145322263240816,0.1645722091197968
gap1124_true,gap1124 · true,gap1124,true,loss_center,25,714,0.07675108072120979,0.04781002551317215,0.016241851449012756,0.16551118493080158
gap1124_true,gap1124 · true,gap1124,true,loss_center,26,714,0.07641365497336522,0.04513201490044594,0.017122403718531132,0.17210454344749468
gap1124_true,gap1124 · true,gap1124,true,loss_center,27,714,0.0736670544884932,0.04637838155031204,0.016383340023458003,0.16390180140733726
gap1124_true,gap1124 · true,gap1124,true,loss_center,28,714,0.07050835647221122,0.04183000698685646,0.016278762370347977,0.17276578843593604
gap1124_true,gap1124 · true,gap1124,true,loss_center,29,714,0.06987090242363993,0.040803369134664536,0.01579733584076166,0.1759172707796098
gap1124_true,gap1124 · true,gap1124,true,loss_center,30,714,0.0677291127065254,0.038587911054492,0.015331646520644426,0.158940251171589
gap1124_true,gap1124 · true,gap1124,true,loss_center,31,714,0.06753475133248758,0.03855909965932369,0.015723755583167076,0.16603132188320163
gap1124_true,gap1124 · true,gap1124,true,loss_center,32,714,0.06477940732780166,0.03694398142397404,0.01570427566766739,0.15826863944530498
gap1124_true,gap1124 · true,gap1124,true,loss_center,33,714,0.06813965966085009,0.035623785108327866,0.015242563281208276,0.16160205602645877
gap1124_true,gap1124 · true,gap1124,true,loss_center,34,714,0.06391996693867846,0.03810747340321541,0.015438162721693516,0.1475126996636391
gap1124_true,gap1124 · true,gap1124,true,loss_center,35,714,0.06721967574618548,0.03631305322051048,0.015000421088188887,0.16251136213541034
gap1124_true,gap1124 · true,gap1124,true,loss_center,36,714,0.06405302865889852,0.0336795374751091,0.014595299772918225,0.15498468577861807
gap1124_true,gap1124 · true,gap1124,true,loss_center,37,714,0.06276444968029189,0.03482213616371155,0.014452219661325216,0.15523645579814915
gap1124_true,gap1124 · true,gap1124,true,loss_center,38,714,0.061437782772793235,0.03252287022769451,0.014377779327332973,0.15244251489639288
gap1124_true,gap1124 · true,gap1124,true,loss_center,39,714,0.06349116661755436,0.03488445654511452,0.015357689745724202,0.15501413494348526
gap1124_true,gap1124 · true,gap1124,true,loss_center,40,714,0.06184619145809623,0.03565557673573494,0.014537693466991186,0.14597600847482686
gap1124_true,gap1124 · true,gap1124,true,loss_center,41,714,0.0579895839931219,0.032082581892609596,0.014772402122616768,0.14540547132492074
gap1124_true,gap1124 · true,gap1124,true,loss_center,42,714,0.05595254796786698,0.031983163207769394,0.014772303868085146,0.12848392575979237
gap1124_true,gap1124 · true,gap1124,true,loss_center,43,714,0.06223781749342649,0.03221060149371624,0.014076100569218397,0.16403706967830659
gap1124_true,gap1124 · true,gap1124,true,loss_center,44,714,0.061522201887991915,0.03148355893790722,0.013750764541327953,0.1527544751763344
gap1124_true,gap1124 · true,gap1124,true,loss_center,45,714,0.054970589796399454,0.030882518738508224,0.014489652775228023,0.14321375489234933
gap1124_true,gap1124 · true,gap1124,true,loss_center,46,714,0.05720379479693807,0.0316181406378746,0.014025458879768849,0.14578262865543368
gap1124_true,gap1124 · true,gap1124,true,loss_center,47,714,0.05953806393234586,0.031813014298677444,0.013775084912776948,0.15379675775766388
gap1124_true,gap1124 · true,gap1124,true,loss_center,48,714,0.06117235216069497,0.03330155462026596,0.01482167411595583,0.1547595724463463
gap1124_true,gap1124 · true,gap1124,true,loss_center,49,714,0.06234029548944441,0.03214070945978165,0.01421140180900693,0.1559072211384774
gap1124_true,gap1124 · true,gap1124,true,loss_center,50,714,0.05557336946701532,0.030282525345683098,0.01411634273827076,0.14415477216243744
gap1124_true,gap1124 · true,gap1124,true,loss_center,51,714,0.055479072737416216,0.029500050470232964,0.014190981816500425,0.13428057730197918
gap1124_true,gap1124 · true,gap1124,true,loss_center,52,714,0.05534709402860902,0.030235860496759415,0.014102536346763372,0.1451997697353364
gap1124_true,gap1124 · true,gap1124,true,loss_center,53,714,0.055359984680238054,0.03271170146763325,0.014705381356179714,0.1265321806073189
gap1124_true,gap1124 · true,gap1124,true,loss_center,54,714,0.05860648519184743,0.031758856028318405,0.014082202408462762,0.14581847339868553
gap1124_true,gap1124 · true,gap1124,true,loss_center,55,714,0.05513662624196345,0.03145366720855236,0.014079478103667498,0.13713233470916755
gap1124_true,gap1124 · true,gap1124,true,loss_center,56,714,0.06034598716453803,0.03125108405947685,0.013999760057777167,0.15546068102121355
gap1124_true,gap1124 · true,gap1124,true,loss_center,57,714,0.0587485583879951,0.030446385964751244,0.014249646663665771,0.14564755558967601
gap1124_true,gap1124 · true,gap1124,true,loss_center,58,714,0.05707905799573084,0.03094229567795992,0.014162058476358652,0.1362153306603432
gap1124_true,gap1124 · true,gap1124,true,loss_center,59,714,0.05555031979286976,0.030924128368496895,0.01387355076149106,0.13266683816909794
gap1124_true,gap1124 · true,gap1124,true,loss_center,60,714,0.057836299221467026,0.03162100538611412,0.013980652205646038,0.14783385843038568
gap1124_shuffled,gap1124 · shuffled,gap1124,shuffled,loss_total,1,714,10.13509415244522,9.429232597351074,6.065268039703369,15.425927734375003
gap1124_shuffled,gap1124 · shuffled,gap1124,shuffled,loss_total,2,714,7.228593958192179,6.574993848800659,4.600333309173584,10.618420696258545
gap1124_shuffled,gap1124 · shuffled,gap1124,shuffled,loss_total,3,714,6.155492960905828,5.583329677581787,3.6828863620758057,9.429314136505127
gap1124_shuffled,gap1124 · shuffled,gap1124,shuffled,loss_total,4,714,5.35321522760792,4.822198152542114,3.087574100494385,8.242860698699952
gap1124_shuffled,gap1124 · shuffled,gap1124,shuffled,loss_total,5,714,4.880423475213411,4.341968536376953,2.61545147895813,7.836471843719483
gap1124_shuffled,gap1124 · shuffled,gap1124,shuffled,loss_total,6,714,4.439487957153,3.872299075126648,2.354212498664856,7.207534122467043
gap1124_shuffled,gap1124 · shuffled,gap1124,shuffled,loss_total,7,714,4.118858309186139,3.6124792098999023,2.197476530075073,6.782322931289674
gap1124_shuffled,gap1124 · shuffled,gap1124,shuffled,loss_total,8,714,3.927307050351669,3.4953612089157104,2.0154717922210694,6.508090209960943
gap1124_shuffled,gap1124 · shuffled,gap1124,shuffled,loss_total,9,714,3.814613159380707,3.346908450126648,1.840088438987732,6.29810552597046
gap1124_shuffled,gap1124 · shuffled,gap1124,shuffled,loss_total,10,714,3.4803148590716995,2.995932102203369,1.7230288982391357,5.706081676483156
gap1124_shuffled,gap1124 · shuffled,gap1124,shuffled,loss_total,11,714,3.350943272604662,2.9500818252563477,1.6036375164985657,5.64360194206238
gap1124_shuffled,gap1124 · shuffled,gap1124,shuffled,loss_total,12,714,3.2508014444710494,2.873018264770508,1.6197254657745361,5.359192609786989
gap1124_shuffled,gap1124 · shuffled,gap1124,shuffled,loss_total,13,714,3.091082915788939,2.6983587741851807,1.4812693953514098,5.273643779754639
gap1124_shuffled,gap1124 · shuffled,gap1124,shuffled,loss_total,14,714,2.945689624264127,2.5025970935821533,1.52481290102005,4.945364809036255
gap1124_shuffled,gap1124 · shuffled,gap1124,shuffled,loss_total,15,714,2.8277935490888706,2.428768277168274,1.3850538969039916,4.871503639221192
gap1124_shuffled,gap1124 · shuffled,gap1124,shuffled,loss_total,16,714,2.665472720600978,2.266404151916504,1.2766017079353331,4.630012369155884
gap1124_shuffled,gap1124 · shuffled,gap1124,shuffled,loss_total,17,714,2.530805983546735,2.1623785495758057,1.3264424085617066,4.190109395980835
gap1124_shuffled,gap1124 · shuffled,gap1124,shuffled,loss_total,18,714,2.4094008797524022,2.0317223072052,1.1559523105621339,4.322189998626711
gap1124_shuffled,gap1124 · shuffled,gap1124,shuffled,loss_total,19,714,2.202328621506357,1.8890483975410461,1.0886134862899781,3.631035327911378
gap1124_shuffled,gap1124 · shuffled,gap1124,shuffled,loss_total,20,714,2.2724388412901666,1.881162941455841,1.0825052618980409,4.030085468292238
gap1124_shuffled,gap1124 · shuffled,gap1124,shuffled,loss_total,21,714,1.9603297423247863,1.639754295349121,0.8978614330291748,3.336735033988954
gap1124_shuffled,gap1124 · shuffled,gap1124,shuffled,loss_total,22,714,1.8449258429496562,1.5258851051330566,0.81508749127388,3.16492500305176
gap1124_shuffled,gap1124 · shuffled,gap1124,shuffled,loss_total,23,714,1.7406236306458962,1.449438750743866,0.8515454351902008,2.852777099609376
gap1124_shuffled,gap1124 · shuffled,gap1124,shuffled,loss_total,24,714,1.6152683240191943,1.3974084258079529,0.7776197075843811,2.6597679376602175
gap1124_shuffled,gap1124 · shuffled,gap1124,shuffled,loss_total,25,714,1.6081392407333817,1.3356724977493286,0.7530564546585083,2.6255764007568363
gap1124_shuffled,gap1124 · shuffled,gap1124,shuffled,loss_total,26,714,1.6215663672495289,1.3577075004577637,0.7389183819293976,2.7899802684783936
gap1124_shuffled,gap1124 · shuffled,gap1124,shuffled,loss_total,27,714,1.5808248604629553,1.2987045049667358,0.7554626703262329,2.627074098587036
gap1124_shuffled,gap1124 · shuffled,gap1124,shuffled,loss_total,28,714,1.523304226685639,1.2873100638389587,0.7046910464763642,2.5703322887420654
gap1124_shuffled,gap1124 · shuffled,gap1124,shuffled,loss_total,29,714,1.505313039410348,1.2778069972991943,0.6817856431007385,2.5707547187805178
gap1124_shuffled,gap1124 · shuffled,gap1124,shuffled,loss_total,30,714,1.4914296484794938,1.227561354637146,0.696700370311737,2.5163130044937136
gap1124_shuffled,gap1124 · shuffled,gap1124,shuffled,loss_total,31,714,1.4265365411086577,1.2048388719558716,0.6719198524951935,2.30411696434021
gap1124_shuffled,gap1124 · shuffled,gap1124,shuffled,loss_total,32,714,1.4291977675355114,1.1797698736190796,0.6981251418590546,2.4338164806365974
gap1124_shuffled,gap1124 · shuffled,gap1124,shuffled,loss_total,33,714,1.4062858159218181,1.1666243076324463,0.6757449209690094,2.420928978919983
gap1124_shuffled,gap1124 · shuffled,gap1124,shuffled,loss_total,34,714,1.4322665965273267,1.2059987783432007,0.6690588653087616,2.5390994310379065
gap1124_shuffled,gap1124 · shuffled,gap1124,shuffled,loss_total,35,714,1.407458267876414,1.1675121784210205,0.6801307320594787,2.3114967584609993
gap1124_shuffled,gap1124 · shuffled,gap1124,shuffled,loss_total,36,714,1.3644900359943801,1.106176495552063,0.6267058432102204,2.18427472114563
gap1124_shuffled,gap1124 · shuffled,gap1124,shuffled,loss_total,37,714,1.3640512467181982,1.1371213793754578,0.6630986034870148,2.369227266311646
gap1124_shuffled,gap1124 · shuffled,gap1124,shuffled,loss_total,38,714,1.3472880153011542,1.1048234105110168,0.6488396048545837,2.2446168899536136
gap1124_shuffled,gap1124 · shuffled,gap1124,shuffled,loss_total,39,714,1.3148715423853123,1.0554420351982117,0.6164665341377258,2.2339819431304933
gap1124_shuffled,gap1124 · shuffled,gap1124,shuffled,loss_total,40,714,1.3240257800042796,1.1102259755134583,0.6333548247814178,2.3414845228195205
gap1124_shuffled,gap1124 · shuffled,gap1124,shuffled,loss_total,41,714,1.2612850150975192,1.0408707857131958,0.5930448353290558,2.223799109458924
gap1124_shuffled,gap1124 · shuffled,gap1124,shuffled,loss_total,42,714,1.2524860573082077,1.0547859072685242,0.5964475810527802,2.148859024047852
gap1124_shuffled,gap1124 · shuffled,gap1124,shuffled,loss_total,43,714,1.3091240999828868,1.0845460295677185,0.5939391672611236,2.231394982337952
gap1124_shuffled,gap1124 · shuffled,gap1124,shuffled,loss_total,44,714,1.28780611698367,1.0513668656349182,0.6054222106933593,2.257082462310792
gap1124_shuffled,gap1124 · shuffled,gap1124,shuffled,loss_total,45,714,1.209572589739698,1.023274540901184,0.5823508143424988,1.9456958532333375
gap1124_shuffled,gap1124 · shuffled,gap1124,shuffled,loss_total,46,714,1.2527544300596254,1.05756413936615,0.5908300638198852,2.2197521448135378
gap1124_shuffled,gap1124 · shuffled,gap1124,shuffled,loss_total,47,714,1.2719916365727657,1.037235975265503,0.6108224809169769,2.0908360481262207
gap1124_shuffled,gap1124 · shuffled,gap1124,shuffled,loss_total,48,714,1.284713674201017,1.0459309220314026,0.6271763980388642,2.1426005840301516
gap1124_shuffled,gap1124 · shuffled,gap1124,shuffled,loss_total,49,714,1.2430628860781507,1.0410299897193909,0.5899135589599609,2.1209201097488406
gap1124_shuffled,gap1124 · shuffled,gap1124,shuffled,loss_total,50,714,1.2143717683246489,1.0069044828414917,0.5862158596515655,1.9487890720367433
gap1124_shuffled,gap1124 · shuffled,gap1124,shuffled,loss_total,51,714,1.2644990932624214,1.0187013745307922,0.58270423412323,2.1011257410049438
gap1124_shuffled,gap1124 · shuffled,gap1124,shuffled,loss_total,52,714,1.2566757677566438,1.038952112197876,0.5779758274555207,2.1593568801879894
gap1124_shuffled,gap1124 · shuffled,gap1124,shuffled,loss_total,53,714,1.223340238467986,1.011059582233429,0.6068936824798584,2.0843968868255627
gap1124_shuffled,gap1124 · shuffled,gap1124,shuffled,loss_total,54,714,1.2388354999845435,1.0447478890419006,0.5872449696063995,2.0504734277725225
gap1124_shuffled,gap1124 · shuffled,gap1124,shuffled,loss_total,55,714,1.223081539867639,1.017425775527954,0.5888796150684357,2.0701910257339478
gap1124_shuffled,gap1124 · shuffled,gap1124,shuffled,loss_total,56,714,1.2565570117629208,1.020474910736084,0.586825156211853,2.208467960357667
gap1124_shuffled,gap1124 · shuffled,gap1124,shuffled,loss_total,57,714,1.2280608932761585,1.0314621329307556,0.5782374739646912,1.9192612409591678
gap1124_shuffled,gap1124 · shuffled,gap1124,shuffled,loss_total,58,714,1.2082740386911468,0.9886382520198822,0.5743893921375275,2.014587640762329
gap1124_shuffled,gap1124 · shuffled,gap1124,shuffled,loss_total,59,714,1.1910664614926534,1.0125206112861633,0.5891972780227661,2.014047193527222
gap1124_shuffled,gap1124 · shuffled,gap1124,shuffled,loss_total,60,714,1.2072818897434978,0.9925894439220428,0.5917881906032563,2.0071459770202638
gap1124_shuffled,gap1124 · shuffled,gap1124,shuffled,loss_velocity,1,714,0.46354737318987,0.4178583472967148,0.1698464423418045,0.8244453549385075
gap1124_shuffled,gap1124 · shuffled,gap1124,shuffled,loss_velocity,2,714,0.31634708040026055,0.2909253239631653,0.12637620866298677,0.5322168350219728
gap1124_shuffled,gap1124 · shuffled,gap1124,shuffled,loss_velocity,3,714,0.2641908781119056,0.23818369954824448,0.09620759934186936,0.4704976737499238
gap1124_shuffled,gap1124 · shuffled,gap1124,shuffled,loss_velocity,4,714,0.2366495012124369,0.208683580160141,0.07751392796635628,0.4329459518194203
gap1124_shuffled,gap1124 · shuffled,gap1124,shuffled,loss_velocity,5,714,0.22728165983175466,0.19729191809892654,0.06059937812387943,0.44046207368373885
gap1124_shuffled,gap1124 · shuffled,gap1124,shuffled,loss_velocity,6,714,0.2990985999095152,0.25598645210266113,0.09274976626038552,0.549481600522995
gap1124_shuffled,gap1124 · shuffled,gap1124,shuffled,loss_velocity,7,714,0.274652723789069,0.24496157467365265,0.08371447175741195,0.5023274302482605
gap1124_shuffled,gap1124 · shuffled,gap1124,shuffled,loss_velocity,8,714,0.24765015550346456,0.21238629519939423,0.0759512409567833,0.466041111946106
gap1124_shuffled,gap1124 · shuffled,gap1124,shuffled,loss_velocity,9,714,0.25490315339634984,0.22319044917821884,0.06758869290351867,0.4841313123703004
gap1124_shuffled,gap1124 · shuffled,gap1124,shuffled,loss_velocity,10,714,0.26790195688408347,0.23678869009017944,0.07545311450958252,0.5018514513969422
gap1124_shuffled,gap1124 · shuffled,gap1124,shuffled,loss_velocity,11,714,0.25933972153948304,0.22666023671627045,0.07305986434221268,0.4961570113897324
gap1124_shuffled,gap1124 · shuffled,gap1124,shuffled,loss_velocity,12,714,0.25003464078186316,0.22225302457809448,0.06305044591426849,0.48088667988777195
gap1124_shuffled,gap1124 · shuffled,gap1124,shuffled,loss_velocity,13,714,0.24766057607892597,0.21989114582538605,0.07308816313743591,0.46123538315296186
gap1124_shuffled,gap1124 · shuffled,gap1124,shuffled,loss_velocity,14,714,0.247808234309595,0.21774456650018692,0.07214712500572204,0.4729901969432831
gap1124_shuffled,gap1124 · shuffled,gap1124,shuffled,loss_velocity,15,714,0.24699455453800326,0.20741159468889236,0.06615423560142517,0.47661102414131173
gap1124_shuffled,gap1124 · shuffled,gap1124,shuffled,loss_velocity,16,714,0.2542790614899394,0.22689595818519592,0.06466234326362609,0.4746950238943101
gap1124_shuffled,gap1124 · shuffled,gap1124,shuffled,loss_velocity,17,714,0.2406746438917696,0.20587309449911118,0.06300258487462997,0.45997453331947336
gap1124_shuffled,gap1124 · shuffled,gap1124,shuffled,loss_velocity,18,714,0.2590110189208359,0.22795765101909637,0.07078916355967521,0.4898509591817857
gap1124_shuffled,gap1124 · shuffled,gap1124,shuffled,loss_velocity,19,714,0.2539530846887693,0.21427441388368607,0.07139670103788376,0.4905084669589997
gap1124_shuffled,gap1124 · shuffled,gap1124,shuffled,loss_velocity,20,714,0.2529118972190027,0.22212950140237808,0.06602374091744423,0.48737088143825535
gap1124_shuffled,gap1124 · shuffled,gap1124,shuffled,loss_velocity,21,714,0.24896989966852262,0.21684755384922028,0.07048550844192504,0.46035553812980656
gap1124_shuffled,gap1124 · shuffled,gap1124,shuffled,loss_velocity,22,714,0.25255628499131993,0.22171848267316818,0.06928551495075226,0.46382621228694915
gap1124_shuffled,gap1124 · shuffled,gap1124,shuffled,loss_velocity,23,714,0.253576838248018,0.22248298674821854,0.06314324811100959,0.4820170789957047
gap1124_shuffled,gap1124 · shuffled,gap1124,shuffled,loss_velocity,24,714,0.24495211833662742,0.21649056673049927,0.0664682812988758,0.47343064546585084
gap1124_shuffled,gap1124 · shuffled,gap1124,shuffled,loss_velocity,25,714,0.24948391557934613,0.21215789765119553,0.06190094649791717,0.4859900265932084
gap1124_shuffled,gap1124 · shuffled,gap1124,shuffled,loss_velocity,26,714,0.2535443875783107,0.2211003452539444,0.05622807294130325,0.5001118898391724
gap1124_shuffled,gap1124 · shuffled,gap1124,shuffled,loss_velocity,27,714,0.25156356506727906,0.21958226710557938,0.06581857800483704,0.4713751614093781
gap1124_shuffled,gap1124 · shuffled,gap1124,shuffled,loss_velocity,28,714,0.2408200894891355,0.20930010825395584,0.06416073888540268,0.4589160114526749
gap1124_shuffled,gap1124 · shuffled,gap1124,shuffled,loss_velocity,29,714,0.24272811183763318,0.2077609822154045,0.06571364477276802,0.45383333265781406
gap1124_shuffled,gap1124 · shuffled,gap1124,shuffled,loss_velocity,30,714,0.2348336472282974,0.19311480224132538,0.06400141790509224,0.4377605378627779
gap1124_shuffled,gap1124 · shuffled,gap1124,shuffled,loss_velocity,31,714,0.23553597280450417,0.19905322790145874,0.06862296313047409,0.45672575235366825
gap1124_shuffled,gap1124 · shuffled,gap1124,shuffled,loss_velocity,32,714,0.23783548249333514,0.19930949807167053,0.06588904336094856,0.4622558921575547
gap1124_shuffled,gap1124 · shuffled,gap1124,shuffled,loss_velocity,33,714,0.2365816287104176,0.20293880999088287,0.0611015036702156,0.4447480738162996
gap1124_shuffled,gap1124 · shuffled,gap1124,shuffled,loss_velocity,34,714,0.23347668655357567,0.20302341878414154,0.0673040546476841,0.4413082957267762
gap1124_shuffled,gap1124 · shuffled,gap1124,shuffled,loss_velocity,35,714,0.2383012700659948,0.21095424890518188,0.060351666808128354,0.45996662378311165
gap1124_shuffled,gap1124 · shuffled,gap1124,shuffled,loss_velocity,36,714,0.23595500574577652,0.20368128269910812,0.06418905481696129,0.4466369718313217
gap1124_shuffled,gap1124 · shuffled,gap1124,shuffled,loss_velocity,37,714,0.2313482273382745,0.19388364255428314,0.06017015688121319,0.4637861222028734
gap1124_shuffled,gap1124 · shuffled,gap1124,shuffled,loss_velocity,38,714,0.23554458208473436,0.1985592246055603,0.05788594223558902,0.4510668009519577
gap1124_shuffled,gap1124 · shuffled,gap1124,shuffled,loss_velocity,39,714,0.23676391318440437,0.20556633174419403,0.06330740302801133,0.45873711407184603
gap1124_shuffled,gap1124 · shuffled,gap1124,shuffled,loss_velocity,40,714,0.23949112516765272,0.20338740944862366,0.057043290510773656,0.4714543014764786
gap1124_shuffled,gap1124 · shuffled,gap1124,shuffled,loss_velocity,41,714,0.2341372546930967,0.19803225994110107,0.06340058147907257,0.4503001272678375
gap1124_shuffled,gap1124 · shuffled,gap1124,shuffled,loss_velocity,42,714,0.23175896143512043,0.20775821805000305,0.06003052517771721,0.4349968373775483
gap1124_shuffled,gap1124 · shuffled,gap1124,shuffled,loss_velocity,43,714,0.23716342691785372,0.2019777074456215,0.05827988088130951,0.47160581946372987
gap1124_shuffled,gap1124 · shuffled,gap1124,shuffled,loss_velocity,44,714,0.23659236217439383,0.2054128721356392,0.05655417814850807,0.4642162621021271
gap1124_shuffled,gap1124 · shuffled,gap1124,shuffled,loss_velocity,45,714,0.2318477159919066,0.19272127747535706,0.0593521524220705,0.4459614485502243
gap1124_shuffled,gap1124 · shuffled,gap1124,shuffled,loss_velocity,46,714,0.23420550480337568,0.20212428271770477,0.05665509216487408,0.45198540091514616
gap1124_shuffled,gap1124 · shuffled,gap1124,shuffled,loss_velocity,47,714,0.2351950808103439,0.1995753049850464,0.0628100149333477,0.44286276102066086
gap1124_shuffled,gap1124 · shuffled,gap1124,shuffled,loss_velocity,48,714,0.23775752409099124,0.20947810262441635,0.05898104384541512,0.45222715437412264
gap1124_shuffled,gap1124 · shuffled,gap1124,shuffled,loss_velocity,49,714,0.23387807768382163,0.19997743517160416,0.05065838061273098,0.4521614253520967
gap1124_shuffled,gap1124 · shuffled,gap1124,shuffled,loss_velocity,50,714,0.23194661289870905,0.19988034665584564,0.06614323481917381,0.4369808942079545
gap1124_shuffled,gap1124 · shuffled,gap1124,shuffled,loss_velocity,51,714,0.2373264705310954,0.20281553268432617,0.061042136698961254,0.45736855864524883
gap1124_shuffled,gap1124 · shuffled,gap1124,shuffled,loss_velocity,52,714,0.23767659599150606,0.20254485309123993,0.06182177290320397,0.45845136940479286
gap1124_shuffled,gap1124 · shuffled,gap1124,shuffled,loss_velocity,53,714,0.23564731032869332,0.19950906187295914,0.06504289135336876,0.4625704646110536
gap1124_shuffled,gap1124 · shuffled,gap1124,shuffled,loss_velocity,54,714,0.23490622204223632,0.2077614963054657,0.0592279601842165,0.4482341378927231
gap1124_shuffled,gap1124 · shuffled,gap1124,shuffled,loss_velocity,55,714,0.23187143988685593,0.20444254577159882,0.055729639157652854,0.43860708475112925
gap1124_shuffled,gap1124 · shuffled,gap1124,shuffled,loss_velocity,56,714,0.23233995365917406,0.1977975070476532,0.0663205474615097,0.4462174683809282
gap1124_shuffled,gap1124 · shuffled,gap1124,shuffled,loss_velocity,57,714,0.23707277218925998,0.2100558802485466,0.05920015014708042,0.44597658812999724
gap1124_shuffled,gap1124 · shuffled,gap1124,shuffled,loss_velocity,58,714,0.2348269812380556,0.20639880001544952,0.06034289635717868,0.461743301153183
gap1124_shuffled,gap1124 · shuffled,gap1124,shuffled,loss_velocity,59,714,0.23403510413098694,0.20938124507665634,0.06324081495404243,0.43752549886703496
gap1124_shuffled,gap1124 · shuffled,gap1124,shuffled,loss_velocity,60,714,0.23737913746770253,0.20524276047945023,0.06320764347910882,0.44558508396148694
gap1124_shuffled,gap1124 · shuffled,gap1124,shuffled,loss_dynamics_displacement,1,714,0.6725644386166065,0.6061701774597168,0.2348465383052826,1.2334929943084716
gap1124_shuffled,gap1124 · shuffled,gap1124,shuffled,loss_dynamics_displacement,2,714,0.6437316641488037,0.5768681168556213,0.22122775614261628,1.1552514791488648
gap1124_shuffled,gap1124 · shuffled,gap1124,shuffled,loss_dynamics_displacement,3,714,0.6286439958441982,0.5729994177818298,0.21223332434892656,1.0892297863960267
gap1124_shuffled,gap1124 · shuffled,gap1124,shuffled,loss_dynamics_displacement,4,714,0.6202640260357138,0.5655267536640167,0.23080640733242036,1.0716913223266604
gap1124_shuffled,gap1124 · shuffled,gap1124,shuffled,loss_dynamics_displacement,5,714,0.6068738710294355,0.5571833550930023,0.1830766350030899,1.0851716876029969
gap1124_shuffled,gap1124 · shuffled,gap1124,shuffled,loss_dynamics_displacement,6,714,0.6605266489620719,0.612661600112915,0.23543325811624527,1.1609828948974612
gap1124_shuffled,gap1124 · shuffled,gap1124,shuffled,loss_dynamics_displacement,7,714,0.6384022205452374,0.5864591896533966,0.19937585443258285,1.1362017154693607
gap1124_shuffled,gap1124 · shuffled,gap1124,shuffled,loss_dynamics_displacement,8,714,0.6112034127366643,0.5726352632045746,0.19878577440977097,1.0789242744445802
gap1124_shuffled,gap1124 · shuffled,gap1124,shuffled,loss_dynamics_displacement,9,714,0.6252754175923347,0.5733818411827087,0.19905948936939238,1.1142728567123417
gap1124_shuffled,gap1124 · shuffled,gap1124,shuffled,loss_dynamics_displacement,10,714,0.634321724514657,0.5959150493144989,0.2087040290236473,1.1228792786598207
gap1124_shuffled,gap1124 · shuffled,gap1124,shuffled,loss_dynamics_displacement,11,714,0.6292206836373255,0.5583789348602295,0.19742927998304366,1.1087349414825443
gap1124_shuffled,gap1124 · shuffled,gap1124,shuffled,loss_dynamics_displacement,12,714,0.6178130213222114,0.5602013766765594,0.19061877727508544,1.1077653527259828
gap1124_shuffled,gap1124 · shuffled,gap1124,shuffled,loss_dynamics_displacement,13,714,0.625472629537378,0.5654116868972778,0.21928747594356537,1.1433449387550354
gap1124_shuffled,gap1124 · shuffled,gap1124,shuffled,loss_dynamics_displacement,14,714,0.6304660303771225,0.5894088447093964,0.18999792039394378,1.1353330969810487
gap1124_shuffled,gap1124 · shuffled,gap1124,shuffled,loss_dynamics_displacement,15,714,0.6006013658530331,0.5526615381240845,0.18143671452999116,1.0659985542297366
gap1124_shuffled,gap1124 · shuffled,gap1124,shuffled,loss_dynamics_displacement,16,714,0.6266611048127381,0.5851711928844452,0.19086902141571044,1.154444515705109
gap1124_shuffled,gap1124 · shuffled,gap1124,shuffled,loss_dynamics_displacement,17,714,0.6074124968924406,0.5527691543102264,0.18927527368068695,1.0825249433517456
gap1124_shuffled,gap1124 · shuffled,gap1124,shuffled,loss_dynamics_displacement,18,714,0.6354976199301225,0.5726776123046875,0.19403199702501298,1.1641595005989083
gap1124_shuffled,gap1124 · shuffled,gap1124,shuffled,loss_dynamics_displacement,19,714,0.640305144904724,0.58713498711586,0.22164631634950638,1.154081606864929
gap1124_shuffled,gap1124 · shuffled,gap1124,shuffled,loss_dynamics_displacement,20,714,0.6315264719778395,0.5863103568553925,0.20824274867773057,1.1498225450515749
gap1124_shuffled,gap1124 · shuffled,gap1124,shuffled,loss_dynamics_displacement,21,714,0.6469844623504034,0.5672869086265564,0.18999204635620118,1.1682822346687316
gap1124_shuffled,gap1124 · shuffled,gap1124,shuffled,loss_dynamics_displacement,22,714,0.6424295785543391,0.5920483469963074,0.2080797702074051,1.152111041545868
gap1124_shuffled,gap1124 · shuffled,gap1124,shuffled,loss_dynamics_displacement,23,714,0.6294105488080427,0.5805806815624237,0.1912198632955551,1.1201550006866456
gap1124_shuffled,gap1124 · shuffled,gap1124,shuffled,loss_dynamics_displacement,24,714,0.6299168276695106,0.5728663504123688,0.2219238191843033,1.1032445073127746
gap1124_shuffled,gap1124 · shuffled,gap1124,shuffled,loss_dynamics_displacement,25,714,0.6421897861965037,0.6025876998901367,0.21088127344846724,1.1147906899452213
gap1124_shuffled,gap1124 · shuffled,gap1124,shuffled,loss_dynamics_displacement,26,714,0.6332598525340439,0.5664283335208893,0.20568208396434784,1.1422816038131716
gap1124_shuffled,gap1124 · shuffled,gap1124,shuffled,loss_dynamics_displacement,27,714,0.6337623723325416,0.5708369612693787,0.2114194542169571,1.1230200052261352
gap1124_shuffled,gap1124 · shuffled,gap1124,shuffled,loss_dynamics_displacement,28,714,0.6214922816089565,0.5731583535671234,0.18515213280916212,1.1315725445747375
gap1124_shuffled,gap1124 · shuffled,gap1124,shuffled,loss_dynamics_displacement,29,714,0.6227098295872077,0.5706281661987305,0.16724017709493635,1.1436358809471132
gap1124_shuffled,gap1124 · shuffled,gap1124,shuffled,loss_dynamics_displacement,30,714,0.6169482861027247,0.5485815405845642,0.21404554098844528,1.0963755130767823
gap1124_shuffled,gap1124 · shuffled,gap1124,shuffled,loss_dynamics_displacement,31,714,0.6165930784303507,0.5787918865680695,0.21140287816524506,1.0919713735580445
gap1124_shuffled,gap1124 · shuffled,gap1124,shuffled,loss_dynamics_displacement,32,714,0.6171249848078278,0.5885283946990967,0.18375866264104843,1.1215788006782537
gap1124_shuffled,gap1124 · shuffled,gap1124,shuffled,loss_dynamics_displacement,33,714,0.6225324830810568,0.5750057995319366,0.18758780509233475,1.1323668956756592
gap1124_shuffled,gap1124 · shuffled,gap1124,shuffled,loss_dynamics_displacement,34,714,0.6211845090779728,0.561188817024231,0.20522588342428208,1.0930971145629889
gap1124_shuffled,gap1124 · shuffled,gap1124,shuffled,loss_dynamics_displacement,35,714,0.6279990040365847,0.5817399024963379,0.19219291657209397,1.1159952044487
gap1124_shuffled,gap1124 · shuffled,gap1124,shuffled,loss_dynamics_displacement,36,714,0.6094499699104869,0.5588710308074951,0.20492093563079833,1.123787868022919
gap1124_shuffled,gap1124 · shuffled,gap1124,shuffled,loss_dynamics_displacement,37,714,0.6141249069939785,0.5752143263816833,0.17480282336473466,1.1148495674133305
gap1124_shuffled,gap1124 · shuffled,gap1124,shuffled,loss_dynamics_displacement,38,714,0.6168613895651277,0.5609674155712128,0.1929381862282753,1.1016733169555664
gap1124_shuffled,gap1124 · shuffled,gap1124,shuffled,loss_dynamics_displacement,39,714,0.6104045732557273,0.5472372472286224,0.19760784953832627,1.0880353212356573
gap1124_shuffled,gap1124 · shuffled,gap1124,shuffled,loss_dynamics_displacement,40,714,0.6221335328876039,0.5725226104259491,0.18057886213064192,1.1368587851524354
gap1124_shuffled,gap1124 · shuffled,gap1124,shuffled,loss_dynamics_displacement,41,714,0.6192369210416078,0.5688686966896057,0.20045886933803558,1.108197331428528
gap1124_shuffled,gap1124 · shuffled,gap1124,shuffled,loss_dynamics_displacement,42,714,0.6197487756150777,0.5736600160598755,0.18336009830236435,1.1253475189208986
gap1124_shuffled,gap1124 · shuffled,gap1124,shuffled,loss_dynamics_displacement,43,714,0.6127270757871568,0.5607801973819733,0.19601473361253738,1.1074617147445687
gap1124_shuffled,gap1124 · shuffled,gap1124,shuffled,loss_dynamics_displacement,44,714,0.6228860106954419,0.563774973154068,0.1859678640961647,1.1799261689186096
gap1124_shuffled,gap1124 · shuffled,gap1124,shuffled,loss_dynamics_displacement,45,714,0.6174861649873064,0.5631515681743622,0.20497565269470214,1.0589102506637575
gap1124_shuffled,gap1124 · shuffled,gap1124,shuffled,loss_dynamics_displacement,46,714,0.6116800625633751,0.542207807302475,0.18710441887378693,1.100637423992157
gap1124_shuffled,gap1124 · shuffled,gap1124,shuffled,loss_dynamics_displacement,47,714,0.6222774039246977,0.5565820634365082,0.18939556032419205,1.1129786849021914
gap1124_shuffled,gap1124 · shuffled,gap1124,shuffled,loss_dynamics_displacement,48,714,0.6173459099066321,0.5679338574409485,0.1867356866598129,1.0907515525817875
gap1124_shuffled,gap1124 · shuffled,gap1124,shuffled,loss_dynamics_displacement,49,714,0.6206308891672279,0.571550577878952,0.19442861825227736,1.1099819898605348
gap1124_shuffled,gap1124 · shuffled,gap1124,shuffled,loss_dynamics_displacement,50,714,0.612477447962811,0.5655992031097412,0.1970234602689743,1.1066001653671267
gap1124_shuffled,gap1124 · shuffled,gap1124,shuffled,loss_dynamics_displacement,51,714,0.61711655961707,0.5676997303962708,0.1903925880789757,1.0908586263656619
gap1124_shuffled,gap1124 · shuffled,gap1124,shuffled,loss_dynamics_displacement,52,714,0.6277172393370968,0.5801384747028351,0.21853488683700562,1.100614869594574
gap1124_shuffled,gap1124 · shuffled,gap1124,shuffled,loss_dynamics_displacement,53,714,0.6106614790275088,0.5541324317455292,0.1963925451040268,1.0905802130699158
gap1124_shuffled,gap1124 · shuffled,gap1124,shuffled,loss_dynamics_displacement,54,714,0.6207088071413349,0.5548172295093536,0.21886641681194305,1.131640696525574
gap1124_shuffled,gap1124 · shuffled,gap1124,shuffled,loss_dynamics_displacement,55,714,0.6188891704819695,0.567351371049881,0.19944538921117783,1.111293399333954
gap1124_shuffled,gap1124 · shuffled,gap1124,shuffled,loss_dynamics_displacement,56,714,0.6213767704694448,0.5674598515033722,0.2121971309185028,1.1291217565536502
gap1124_shuffled,gap1124 · shuffled,gap1124,shuffled,loss_dynamics_displacement,57,714,0.6211233505857221,0.5752640068531036,0.20271688997745513,1.1159671306610108
gap1124_shuffled,gap1124 · shuffled,gap1124,shuffled,loss_dynamics_displacement,58,714,0.6152027823037144,0.569430947303772,0.1601196527481079,1.1293004989624025
gap1124_shuffled,gap1124 · shuffled,gap1124,shuffled,loss_dynamics_displacement,59,714,0.6182101475637725,0.5676385164260864,0.2136596992611885,1.0961210250854492
gap1124_shuffled,gap1124 · shuffled,gap1124,shuffled,loss_dynamics_displacement,60,714,0.6204924422025377,0.5816016495227814,0.1909696727991104,1.0859055280685426
gap1124_shuffled,gap1124 · shuffled,gap1124,shuffled,loss_center,1,714,0.6211590152442539,0.5381284058094025,0.2129972368478775,1.1853345394134527
gap1124_shuffled,gap1124 · shuffled,gap1124,shuffled,loss_center,2,714,0.49767775281595916,0.4243902862071991,0.1995516166090965,0.9051052808761597
gap1124_shuffled,gap1124 · shuffled,gap1124,shuffled,loss_center,3,714,0.4710837355619218,0.4213595986366272,0.19163457304239273,0.8434512853622437
gap1124_shuffled,gap1124 · shuffled,gap1124,shuffled,loss_center,4,714,0.43202208870818387,0.3747970163822174,0.16658597737550734,0.7624491095542909
gap1124_shuffled,gap1124 · shuffled,gap1124,shuffled,loss_center,5,714,0.4162900584909011,0.3621787577867508,0.14259566962718964,0.7434181034564973
gap1124_shuffled,gap1124 · shuffled,gap1124,shuffled,loss_center,6,714,0.3865584756172046,0.3263217657804489,0.13201157450675965,0.720026046037674
gap1124_shuffled,gap1124 · shuffled,gap1124,shuffled,loss_center,7,714,0.3789724103652504,0.32565876841545105,0.11927704364061355,0.688712203502655
gap1124_shuffled,gap1124 · shuffled,gap1124,shuffled,loss_center,8,714,0.36606438948671105,0.31254976987838745,0.12372338250279426,0.6656478345394137
gap1124_shuffled,gap1124 · shuffled,gap1124,shuffled,loss_center,9,714,0.3525018747374207,0.2870451360940933,0.11262711882591248,0.654742628335953
gap1124_shuffled,gap1124 · shuffled,gap1124,shuffled,loss_center,10,714,0.32032639144317193,0.2612611800432205,0.09743206575512886,0.620880162715912
gap1124_shuffled,gap1124 · shuffled,gap1124,shuffled,loss_center,11,714,0.30653897810894315,0.2543564885854721,0.08753702044487,0.5832754433155061
gap1124_shuffled,gap1124 · shuffled,gap1124,shuffled,loss_center,12,714,0.296126588571201,0.25170667469501495,0.08046185970306396,0.5497093081474305
gap1124_shuffled,gap1124 · shuffled,gap1124,shuffled,loss_center,13,714,0.2787483688756949,0.22740933299064636,0.07559997215867043,0.5706995189189914
gap1124_shuffled,gap1124 · shuffled,gap1124,shuffled,loss_center,14,714,0.25673973093628466,0.20541952550411224,0.07342836335301399,0.5167332351207734
gap1124_shuffled,gap1124 · shuffled,gap1124,shuffled,loss_center,15,714,0.25504958409299494,0.20217649638652802,0.06822689175605774,0.5017217457294466
gap1124_shuffled,gap1124 · shuffled,gap1124,shuffled,loss_center,16,714,0.23744771434437661,0.17940166592597961,0.0627946525812149,0.5064554572105409
gap1124_shuffled,gap1124 · shuffled,gap1124,shuffled,loss_center,17,714,0.23225493955031998,0.18137496709823608,0.06834231987595558,0.45062096714973454
gap1124_shuffled,gap1124 · shuffled,gap1124,shuffled,loss_center,18,714,0.2122493320802117,0.16062824428081512,0.05245378762483597,0.4312283813953401
gap1124_shuffled,gap1124 · shuffled,gap1124,shuffled,loss_center,19,714,0.19666502435616,0.15156038105487823,0.0536776315420866,0.3743536114692688
gap1124_shuffled,gap1124 · shuffled,gap1124,shuffled,loss_center,20,714,0.20819278336482264,0.1526305079460144,0.051877370849251744,0.4234089881181719
gap1124_shuffled,gap1124 · shuffled,gap1124,shuffled,loss_center,21,714,0.17417861287630781,0.12970174849033356,0.038596517965197565,0.3685933202505112
gap1124_shuffled,gap1124 · shuffled,gap1124,shuffled,loss_center,22,714,0.1611536596210397,0.11900313571095467,0.03552881889045238,0.31716484427452096
gap1124_shuffled,gap1124 · shuffled,gap1124,shuffled,loss_center,23,714,0.15100519875121884,0.1100420281291008,0.03534161299467087,0.3162361264228827
gap1124_shuffled,gap1124 · shuffled,gap1124,shuffled,loss_center,24,714,0.1339235728233531,0.1009332463145256,0.03414950408041477,0.264153090119362
gap1124_shuffled,gap1124 · shuffled,gap1124,shuffled,loss_center,25,714,0.13505358161686473,0.09817066788673401,0.031980802491307254,0.26537424325943004
gap1124_shuffled,gap1124 · shuffled,gap1124,shuffled,loss_center,26,714,0.14000140005169587,0.09984831511974335,0.03174815960228443,0.28639572858810425
gap1124_shuffled,gap1124 · shuffled,gap1124,shuffled,loss_center,27,714,0.13382881113356737,0.09669159725308418,0.030541616305708886,0.26897927224636087
gap1124_shuffled,gap1124 · shuffled,gap1124,shuffled,loss_center,28,714,0.13144396614617243,0.09679185599088669,0.027485623583197595,0.2683933317661286
gap1124_shuffled,gap1124 · shuffled,gap1124,shuffled,loss_center,29,714,0.12872454738479203,0.08831493183970451,0.0270844092592597,0.27388661205768594
gap1124_shuffled,gap1124 · shuffled,gap1124,shuffled,loss_center,30,714,0.12416049256185148,0.08769551292061806,0.027302612923085688,0.24172104299068453
gap1124_shuffled,gap1124 · shuffled,gap1124,shuffled,loss_center,31,714,0.12175890206325413,0.08562931790947914,0.028136875294148923,0.2473352655768396
gap1124_shuffled,gap1124 · shuffled,gap1124,shuffled,loss_center,32,714,0.11766210348144465,0.08076675236225128,0.027059281803667547,0.2466131865978241
gap1124_shuffled,gap1124 · shuffled,gap1124,shuffled,loss_center,33,714,0.11933493772286828,0.07766425237059593,0.02615525182336569,0.24253064692020432
gap1124_shuffled,gap1124 · shuffled,gap1124,shuffled,loss_center,34,714,0.1232505688555956,0.08394616842269897,0.026409710198640822,0.2595617294311524
gap1124_shuffled,gap1124 · shuffled,gap1124,shuffled,loss_center,35,714,0.12110054041898134,0.07871951535344124,0.024043511599302292,0.2474926486611368
gap1124_shuffled,gap1124 · shuffled,gap1124,shuffled,loss_center,36,714,0.11623277914180767,0.07584724947810173,0.02307502757757902,0.24711342602968228
gap1124_shuffled,gap1124 · shuffled,gap1124,shuffled,loss_center,37,714,0.1159707278284539,0.07966695725917816,0.025319783575832845,0.23502487391233448
gap1124_shuffled,gap1124 · shuffled,gap1124,shuffled,loss_center,38,714,0.11642190238920037,0.07525982335209846,0.02643679715692997,0.23434450626373302
gap1124_shuffled,gap1124 · shuffled,gap1124,shuffled,loss_center,39,714,0.11236316818451765,0.07337091863155365,0.02283387314528227,0.23208316862583164
gap1124_shuffled,gap1124 · shuffled,gap1124,shuffled,loss_center,40,714,0.11111109496970825,0.07331180572509766,0.024262592382729053,0.23376616239547732
gap1124_shuffled,gap1124 · shuffled,gap1124,shuffled,loss_center,41,714,0.10152273359173695,0.06900693476200104,0.02330197039991617,0.22621162384748458
gap1124_shuffled,gap1124 · shuffled,gap1124,shuffled,loss_center,42,714,0.10018395740116219,0.06550537049770355,0.02350368518382311,0.21275729238986982
gap1124_shuffled,gap1124 · shuffled,gap1124,shuffled,loss_center,43,714,0.11322310775862772,0.0725170187652111,0.02282178942114115,0.23960247337818155
gap1124_shuffled,gap1124 · shuffled,gap1124,shuffled,loss_center,44,714,0.10693147183847235,0.06404348090291023,0.022489055059850216,0.22945968955755236
gap1124_shuffled,gap1124 · shuffled,gap1124,shuffled,loss_center,45,714,0.09727371778177406,0.0639398917555809,0.02366776578128338,0.1994026169180871
gap1124_shuffled,gap1124 · shuffled,gap1124,shuffled,loss_center,46,714,0.10448955505935043,0.06934588775038719,0.021705283038318157,0.23339983373880388
gap1124_shuffled,gap1124 · shuffled,gap1124,shuffled,loss_center,47,714,0.10599506528348941,0.07177229225635529,0.023599254712462426,0.21436884850263596
gap1124_shuffled,gap1124 · shuffled,gap1124,shuffled,loss_center,48,714,0.10728697825082335,0.06797084212303162,0.02451977729797363,0.22906512469053272
gap1124_shuffled,gap1124 · shuffled,gap1124,shuffled,loss_center,49,714,0.10111034506832768,0.06569160148501396,0.022965332865715025,0.21041223406791687
gap1124_shuffled,gap1124 · shuffled,gap1124,shuffled,loss_center,50,714,0.09803034473440143,0.06206512078642845,0.020697641745209692,0.2025959685444832
gap1124_shuffled,gap1124 · shuffled,gap1124,shuffled,loss_center,51,714,0.10646805705121752,0.06523499265313148,0.02035476118326187,0.21844248622655874
gap1124_shuffled,gap1124 · shuffled,gap1124,shuffled,loss_center,52,714,0.10074924931832764,0.0667250044643879,0.022171738371253014,0.2189893290400505
gap1124_shuffled,gap1124 · shuffled,gap1124,shuffled,loss_center,53,714,0.10266004972608567,0.0688670240342617,0.02423648480325937,0.22725259661674502
gap1124_shuffled,gap1124 · shuffled,gap1124,shuffled,loss_center,54,714,0.1047587590057309,0.06575003266334534,0.022375779412686824,0.22824686020612722
gap1124_shuffled,gap1124 · shuffled,gap1124,shuffled,loss_center,55,714,0.09799013988581859,0.06396188586950302,0.02198948189616203,0.21084245294332504
gap1124_shuffled,gap1124 · shuffled,gap1124,shuffled,loss_center,56,714,0.10716183263422395,0.06786886230111122,0.02400793004781008,0.22928891181945812
gap1124_shuffled,gap1124 · shuffled,gap1124,shuffled,loss_center,57,714,0.09954093854498713,0.06521937623620033,0.022659135237336158,0.21087363362312328
gap1124_shuffled,gap1124 · shuffled,gap1124,shuffled,loss_center,58,714,0.0992865897649873,0.06262805312871933,0.02239897344261408,0.20750239789485933
gap1124_shuffled,gap1124 · shuffled,gap1124,shuffled,loss_center,59,714,0.09711095092932925,0.06379473209381104,0.022427106276154518,0.20986005067825317
gap1124_shuffled,gap1124 · shuffled,gap1124,shuffled,loss_center,60,714,0.0986246134243196,0.0651790201663971,0.02271649818867445,0.20828055739402776
