group_key,group_name,protocol,item_order,source,source_model,display_model,role,metric,epoch,step,value
main_a1_a2_p5_60ep,Main A1/A2/P5 Progression (60ep),60ep seed42 nuScenes-mini,0,main,SeqTrack baseline,SeqTrack baseline,baseline,success/test,5,6309,40.6969
main_a1_a2_p5_60ep,Main A1/A2/P5 Progression (60ep),60ep seed42 nuScenes-mini,0,main,SeqTrack baseline,SeqTrack baseline,baseline,success/test,10,12619,46.0908
main_a1_a2_p5_60ep,Main A1/A2/P5 Progression (60ep),60ep seed42 nuScenes-mini,0,main,SeqTrack baseline,SeqTrack baseline,baseline,success/test,15,18929,45.7298
main_a1_a2_p5_60ep,Main A1/A2/P5 Progression (60ep),60ep seed42 nuScenes-mini,0,main,SeqTrack baseline,SeqTrack baseline,baseline,success/test,20,25239,42.8851
main_a1_a2_p5_60ep,Main A1/A2/P5 Progression (60ep),60ep seed42 nuScenes-mini,0,main,SeqTrack baseline,SeqTrack baseline,baseline,success/test,25,31549,51.7363
main_a1_a2_p5_60ep,Main A1/A2/P5 Progression (60ep),60ep seed42 nuScenes-mini,0,main,SeqTrack baseline,SeqTrack baseline,baseline,success/test,30,37859,48.9289
main_a1_a2_p5_60ep,Main A1/A2/P5 Progression (60ep),60ep seed42 nuScenes-mini,0,main,SeqTrack baseline,SeqTrack baseline,baseline,success/test,35,44169,52.2834
main_a1_a2_p5_60ep,Main A1/A2/P5 Progression (60ep),60ep seed42 nuScenes-mini,0,main,SeqTrack baseline,SeqTrack baseline,baseline,success/test,40,50479,46.4781
main_a1_a2_p5_60ep,Main A1/A2/P5 Progression (60ep),60ep seed42 nuScenes-mini,0,main,SeqTrack baseline,SeqTrack baseline,baseline,success/test,45,56789,50.4628
main_a1_a2_p5_60ep,Main A1/A2/P5 Progression (60ep),60ep seed42 nuScenes-mini,0,main,SeqTrack baseline,SeqTrack baseline,baseline,success/test,50,63099,50.2024
main_a1_a2_p5_60ep,Main A1/A2/P5 Progression (60ep),60ep seed42 nuScenes-mini,0,main,SeqTrack baseline,SeqTrack baseline,baseline,success/test,55,69409,49.1346
main_a1_a2_p5_60ep,Main A1/A2/P5 Progression (60ep),60ep seed42 nuScenes-mini,0,main,SeqTrack baseline,SeqTrack baseline,baseline,success/test,60,75719,50.9858
main_a1_a2_p5_60ep,Main A1/A2/P5 Progression (60ep),60ep seed42 nuScenes-mini,0,main,SeqTrack baseline,SeqTrack baseline,baseline,precision/test,5,6309,41.8698
main_a1_a2_p5_60ep,Main A1/A2/P5 Progression (60ep),60ep seed42 nuScenes-mini,0,main,SeqTrack baseline,SeqTrack baseline,baseline,precision/test,10,12619,65.2144
main_a1_a2_p5_60ep,Main A1/A2/P5 Progression (60ep),60ep seed42 nuScenes-mini,0,main,SeqTrack baseline,SeqTrack baseline,baseline,precision/test,15,18929,50.5416
main_a1_a2_p5_60ep,Main A1/A2/P5 Progression (60ep),60ep seed42 nuScenes-mini,0,main,SeqTrack baseline,SeqTrack baseline,baseline,precision/test,20,25239,49.2309
main_a1_a2_p5_60ep,Main A1/A2/P5 Progression (60ep),60ep seed42 nuScenes-mini,0,main,SeqTrack baseline,SeqTrack baseline,baseline,precision/test,25,31549,60.6324
main_a1_a2_p5_60ep,Main A1/A2/P5 Progression (60ep),60ep seed42 nuScenes-mini,0,main,SeqTrack baseline,SeqTrack baseline,baseline,precision/test,30,37859,53.9092
main_a1_a2_p5_60ep,Main A1/A2/P5 Progression (60ep),60ep seed42 nuScenes-mini,0,main,SeqTrack baseline,SeqTrack baseline,baseline,precision/test,35,44169,62.3392
main_a1_a2_p5_60ep,Main A1/A2/P5 Progression (60ep),60ep seed42 nuScenes-mini,0,main,SeqTrack baseline,SeqTrack baseline,baseline,precision/test,40,50479,51.174
main_a1_a2_p5_60ep,Main A1/A2/P5 Progression (60ep),60ep seed42 nuScenes-mini,0,main,SeqTrack baseline,SeqTrack baseline,baseline,precision/test,45,56789,59.6105
main_a1_a2_p5_60ep,Main A1/A2/P5 Progression (60ep),60ep seed42 nuScenes-mini,0,main,SeqTrack baseline,SeqTrack baseline,baseline,precision/test,50,63099,57.3085
main_a1_a2_p5_60ep,Main A1/A2/P5 Progression (60ep),60ep seed42 nuScenes-mini,0,main,SeqTrack baseline,SeqTrack baseline,baseline,precision/test,55,69409,59.3184
main_a1_a2_p5_60ep,Main A1/A2/P5 Progression (60ep),60ep seed42 nuScenes-mini,0,main,SeqTrack baseline,SeqTrack baseline,baseline,precision/test,60,75719,59.9617
main_a1_a2_p5_60ep,Main A1/A2/P5 Progression (60ep),60ep seed42 nuScenes-mini,1,main,A1 CT-base,A1 raw real-time,variant,success/test,5,6309,25.11706924438477
main_a1_a2_p5_60ep,Main A1/A2/P5 Progression (60ep),60ep seed42 nuScenes-mini,1,main,A1 CT-base,A1 raw real-time,variant,success/test,10,12619,29.53501319885254
main_a1_a2_p5_60ep,Main A1/A2/P5 Progression (60ep),60ep seed42 nuScenes-mini,1,main,A1 CT-base,A1 raw real-time,variant,success/test,15,18929,32.35557556152344
main_a1_a2_p5_60ep,Main A1/A2/P5 Progression (60ep),60ep seed42 nuScenes-mini,1,main,A1 CT-base,A1 raw real-time,variant,success/test,20,25239,28.77352523803711
main_a1_a2_p5_60ep,Main A1/A2/P5 Progression (60ep),60ep seed42 nuScenes-mini,1,main,A1 CT-base,A1 raw real-time,variant,success/test,25,31549,26.090808868408203
main_a1_a2_p5_60ep,Main A1/A2/P5 Progression (60ep),60ep seed42 nuScenes-mini,1,main,A1 CT-base,A1 raw real-time,variant,success/test,30,37859,25.821664810180664
main_a1_a2_p5_60ep,Main A1/A2/P5 Progression (60ep),60ep seed42 nuScenes-mini,1,main,A1 CT-base,A1 raw real-time,variant,success/test,35,44169,28.62253761291504
main_a1_a2_p5_60ep,Main A1/A2/P5 Progression (60ep),60ep seed42 nuScenes-mini,1,main,A1 CT-base,A1 raw real-time,variant,success/test,40,50479,27.47593307495117
main_a1_a2_p5_60ep,Main A1/A2/P5 Progression (60ep),60ep seed42 nuScenes-mini,1,main,A1 CT-base,A1 raw real-time,variant,success/test,45,56789,27.0864372253418
main_a1_a2_p5_60ep,Main A1/A2/P5 Progression (60ep),60ep seed42 nuScenes-mini,1,main,A1 CT-base,A1 raw real-time,variant,success/test,50,63099,28.00547218322754
main_a1_a2_p5_60ep,Main A1/A2/P5 Progression (60ep),60ep seed42 nuScenes-mini,1,main,A1 CT-base,A1 raw real-time,variant,success/test,55,69409,27.079872131347656
main_a1_a2_p5_60ep,Main A1/A2/P5 Progression (60ep),60ep seed42 nuScenes-mini,1,main,A1 CT-base,A1 raw real-time,variant,success/test,60,75719,28.27680778503418
main_a1_a2_p5_60ep,Main A1/A2/P5 Progression (60ep),60ep seed42 nuScenes-mini,1,main,A1 CT-base,A1 raw real-time,variant,precision/test,5,6309,30.680524826049805
main_a1_a2_p5_60ep,Main A1/A2/P5 Progression (60ep),60ep seed42 nuScenes-mini,1,main,A1 CT-base,A1 raw real-time,variant,precision/test,10,12619,40.36105346679688
main_a1_a2_p5_60ep,Main A1/A2/P5 Progression (60ep),60ep seed42 nuScenes-mini,1,main,A1 CT-base,A1 raw real-time,variant,precision/test,15,18929,36.4146614074707
main_a1_a2_p5_60ep,Main A1/A2/P5 Progression (60ep),60ep seed42 nuScenes-mini,1,main,A1 CT-base,A1 raw real-time,variant,precision/test,20,25239,27.946388244628903
main_a1_a2_p5_60ep,Main A1/A2/P5 Progression (60ep),60ep seed42 nuScenes-mini,1,main,A1 CT-base,A1 raw real-time,variant,precision/test,25,31549,24.46061134338379
main_a1_a2_p5_60ep,Main A1/A2/P5 Progression (60ep),60ep seed42 nuScenes-mini,1,main,A1 CT-base,A1 raw real-time,variant,precision/test,30,37859,23.643325805664062
main_a1_a2_p5_60ep,Main A1/A2/P5 Progression (60ep),60ep seed42 nuScenes-mini,1,main,A1 CT-base,A1 raw real-time,variant,precision/test,35,44169,27.41684913635254
main_a1_a2_p5_60ep,Main A1/A2/P5 Progression (60ep),60ep seed42 nuScenes-mini,1,main,A1 CT-base,A1 raw real-time,variant,precision/test,40,50479,25.37308692932129
main_a1_a2_p5_60ep,Main A1/A2/P5 Progression (60ep),60ep seed42 nuScenes-mini,1,main,A1 CT-base,A1 raw real-time,variant,precision/test,45,56789,25.142234802246094
main_a1_a2_p5_60ep,Main A1/A2/P5 Progression (60ep),60ep seed42 nuScenes-mini,1,main,A1 CT-base,A1 raw real-time,variant,precision/test,50,63099,26.55908203125
main_a1_a2_p5_60ep,Main A1/A2/P5 Progression (60ep),60ep seed42 nuScenes-mini,1,main,A1 CT-base,A1 raw real-time,variant,precision/test,55,69409,25.29759788513184
main_a1_a2_p5_60ep,Main A1/A2/P5 Progression (60ep),60ep seed42 nuScenes-mini,1,main,A1 CT-base,A1 raw real-time,variant,precision/test,60,75719,27.42888641357422
main_a1_a2_p5_60ep,Main A1/A2/P5 Progression (60ep),60ep seed42 nuScenes-mini,2,main,A2 Dynamics,A2 raw-dyn,variant,success/test,5,6309,27.13676071166992
main_a1_a2_p5_60ep,Main A1/A2/P5 Progression (60ep),60ep seed42 nuScenes-mini,2,main,A2 Dynamics,A2 raw-dyn,variant,success/test,10,12619,43.05580520629883
main_a1_a2_p5_60ep,Main A1/A2/P5 Progression (60ep),60ep seed42 nuScenes-mini,2,main,A2 Dynamics,A2 raw-dyn,variant,success/test,15,18929,43.35120391845703
main_a1_a2_p5_60ep,Main A1/A2/P5 Progression (60ep),60ep seed42 nuScenes-mini,2,main,A2 Dynamics,A2 raw-dyn,variant,success/test,20,25239,39.90481948852539
main_a1_a2_p5_60ep,Main A1/A2/P5 Progression (60ep),60ep seed42 nuScenes-mini,2,main,A2 Dynamics,A2 raw-dyn,variant,success/test,25,31549,45.35995864868164
main_a1_a2_p5_60ep,Main A1/A2/P5 Progression (60ep),60ep seed42 nuScenes-mini,2,main,A2 Dynamics,A2 raw-dyn,variant,success/test,30,37859,44.16302108764648
main_a1_a2_p5_60ep,Main A1/A2/P5 Progression (60ep),60ep seed42 nuScenes-mini,2,main,A2 Dynamics,A2 raw-dyn,variant,success/test,35,44169,44.14332962036133
main_a1_a2_p5_60ep,Main A1/A2/P5 Progression (60ep),60ep seed42 nuScenes-mini,2,main,A2 Dynamics,A2 raw-dyn,variant,success/test,40,50479,43.41028594970703
main_a1_a2_p5_60ep,Main A1/A2/P5 Progression (60ep),60ep seed42 nuScenes-mini,2,main,A2 Dynamics,A2 raw-dyn,variant,success/test,45,56789,44.44092178344727
main_a1_a2_p5_60ep,Main A1/A2/P5 Progression (60ep),60ep seed42 nuScenes-mini,2,main,A2 Dynamics,A2 raw-dyn,variant,success/test,50,63099,45.02516555786133
main_a1_a2_p5_60ep,Main A1/A2/P5 Progression (60ep),60ep seed42 nuScenes-mini,2,main,A2 Dynamics,A2 raw-dyn,variant,success/test,55,69409,44.559078216552734
main_a1_a2_p5_60ep,Main A1/A2/P5 Progression (60ep),60ep seed42 nuScenes-mini,2,main,A2 Dynamics,A2 raw-dyn,variant,success/test,60,75719,45.26586532592773
main_a1_a2_p5_60ep,Main A1/A2/P5 Progression (60ep),60ep seed42 nuScenes-mini,2,main,A2 Dynamics,A2 raw-dyn,variant,precision/test,5,6309,24.57877349853516
main_a1_a2_p5_60ep,Main A1/A2/P5 Progression (60ep),60ep seed42 nuScenes-mini,2,main,A2 Dynamics,A2 raw-dyn,variant,precision/test,10,12619,49.05251693725586
main_a1_a2_p5_60ep,Main A1/A2/P5 Progression (60ep),60ep seed42 nuScenes-mini,2,main,A2 Dynamics,A2 raw-dyn,variant,precision/test,15,18929,57.15426635742188
main_a1_a2_p5_60ep,Main A1/A2/P5 Progression (60ep),60ep seed42 nuScenes-mini,2,main,A2 Dynamics,A2 raw-dyn,variant,precision/test,20,25239,39.89934539794922
main_a1_a2_p5_60ep,Main A1/A2/P5 Progression (60ep),60ep seed42 nuScenes-mini,2,main,A2 Dynamics,A2 raw-dyn,variant,precision/test,25,31549,58.852298736572266
main_a1_a2_p5_60ep,Main A1/A2/P5 Progression (60ep),60ep seed42 nuScenes-mini,2,main,A2 Dynamics,A2 raw-dyn,variant,precision/test,30,37859,55.40919494628906
main_a1_a2_p5_60ep,Main A1/A2/P5 Progression (60ep),60ep seed42 nuScenes-mini,2,main,A2 Dynamics,A2 raw-dyn,variant,precision/test,35,44169,54.3807373046875
main_a1_a2_p5_60ep,Main A1/A2/P5 Progression (60ep),60ep seed42 nuScenes-mini,2,main,A2 Dynamics,A2 raw-dyn,variant,precision/test,40,50479,56.13129806518555
main_a1_a2_p5_60ep,Main A1/A2/P5 Progression (60ep),60ep seed42 nuScenes-mini,2,main,A2 Dynamics,A2 raw-dyn,variant,precision/test,45,56789,57.12582015991211
main_a1_a2_p5_60ep,Main A1/A2/P5 Progression (60ep),60ep seed42 nuScenes-mini,2,main,A2 Dynamics,A2 raw-dyn,variant,precision/test,50,63099,57.5612678527832
main_a1_a2_p5_60ep,Main A1/A2/P5 Progression (60ep),60ep seed42 nuScenes-mini,2,main,A2 Dynamics,A2 raw-dyn,variant,precision/test,55,69409,57.185997009277344
main_a1_a2_p5_60ep,Main A1/A2/P5 Progression (60ep),60ep seed42 nuScenes-mini,2,main,A2 Dynamics,A2 raw-dyn,variant,precision/test,60,75719,58.83151245117188
main_a1_a2_p5_60ep,Main A1/A2/P5 Progression (60ep),60ep seed42 nuScenes-mini,3,main,CT P5 full,P5 full,variant,success/test,5,6309,44.9376
main_a1_a2_p5_60ep,Main A1/A2/P5 Progression (60ep),60ep seed42 nuScenes-mini,3,main,CT P5 full,P5 full,variant,success/test,10,12619,25.419
main_a1_a2_p5_60ep,Main A1/A2/P5 Progression (60ep),60ep seed42 nuScenes-mini,3,main,CT P5 full,P5 full,variant,success/test,15,18929,24.233
main_a1_a2_p5_60ep,Main A1/A2/P5 Progression (60ep),60ep seed42 nuScenes-mini,3,main,CT P5 full,P5 full,variant,success/test,20,25239,22.8063
main_a1_a2_p5_60ep,Main A1/A2/P5 Progression (60ep),60ep seed42 nuScenes-mini,3,main,CT P5 full,P5 full,variant,success/test,25,31549,44.9836
main_a1_a2_p5_60ep,Main A1/A2/P5 Progression (60ep),60ep seed42 nuScenes-mini,3,main,CT P5 full,P5 full,variant,success/test,30,37859,41.4344
main_a1_a2_p5_60ep,Main A1/A2/P5 Progression (60ep),60ep seed42 nuScenes-mini,3,main,CT P5 full,P5 full,variant,success/test,35,44169,40.6707
main_a1_a2_p5_60ep,Main A1/A2/P5 Progression (60ep),60ep seed42 nuScenes-mini,3,main,CT P5 full,P5 full,variant,success/test,40,50479,28.3534
main_a1_a2_p5_60ep,Main A1/A2/P5 Progression (60ep),60ep seed42 nuScenes-mini,3,main,CT P5 full,P5 full,variant,success/test,45,56789,32.1433
main_a1_a2_p5_60ep,Main A1/A2/P5 Progression (60ep),60ep seed42 nuScenes-mini,3,main,CT P5 full,P5 full,variant,success/test,50,63099,38.8829
main_a1_a2_p5_60ep,Main A1/A2/P5 Progression (60ep),60ep seed42 nuScenes-mini,3,main,CT P5 full,P5 full,variant,success/test,55,69409,25.7123
main_a1_a2_p5_60ep,Main A1/A2/P5 Progression (60ep),60ep seed42 nuScenes-mini,3,main,CT P5 full,P5 full,variant,success/test,60,75719,31.1937
main_a1_a2_p5_60ep,Main A1/A2/P5 Progression (60ep),60ep seed42 nuScenes-mini,3,main,CT P5 full,P5 full,variant,precision/test,5,6309,62.512
main_a1_a2_p5_60ep,Main A1/A2/P5 Progression (60ep),60ep seed42 nuScenes-mini,3,main,CT P5 full,P5 full,variant,precision/test,10,12619,23.3228
main_a1_a2_p5_60ep,Main A1/A2/P5 Progression (60ep),60ep seed42 nuScenes-mini,3,main,CT P5 full,P5 full,variant,precision/test,15,18929,24.2166
main_a1_a2_p5_60ep,Main A1/A2/P5 Progression (60ep),60ep seed42 nuScenes-mini,3,main,CT P5 full,P5 full,variant,precision/test,20,25239,21.581
main_a1_a2_p5_60ep,Main A1/A2/P5 Progression (60ep),60ep seed42 nuScenes-mini,3,main,CT P5 full,P5 full,variant,precision/test,25,31549,49.4934
main_a1_a2_p5_60ep,Main A1/A2/P5 Progression (60ep),60ep seed42 nuScenes-mini,3,main,CT P5 full,P5 full,variant,precision/test,30,37859,45.3512
main_a1_a2_p5_60ep,Main A1/A2/P5 Progression (60ep),60ep seed42 nuScenes-mini,3,main,CT P5 full,P5 full,variant,precision/test,35,44169,46.4147
main_a1_a2_p5_60ep,Main A1/A2/P5 Progression (60ep),60ep seed42 nuScenes-mini,3,main,CT P5 full,P5 full,variant,precision/test,40,50479,27.2899
main_a1_a2_p5_60ep,Main A1/A2/P5 Progression (60ep),60ep seed42 nuScenes-mini,3,main,CT P5 full,P5 full,variant,precision/test,45,56789,33.2473
main_a1_a2_p5_60ep,Main A1/A2/P5 Progression (60ep),60ep seed42 nuScenes-mini,3,main,CT P5 full,P5 full,variant,precision/test,50,63099,43.9398
main_a1_a2_p5_60ep,Main A1/A2/P5 Progression (60ep),60ep seed42 nuScenes-mini,3,main,CT P5 full,P5 full,variant,precision/test,55,69409,23.8162
main_a1_a2_p5_60ep,Main A1/A2/P5 Progression (60ep),60ep seed42 nuScenes-mini,3,main,CT P5 full,P5 full,variant,precision/test,60,75719,31.8851
a1_time_variants_60ep,A1 Time Encoding / Main-Branch Variants (60ep),60ep seed42 nuScenes-mini,0,a1_time,SeqTrack baseline,SeqTrack baseline,baseline,success/test,5,6309,40.6969
a1_time_variants_60ep,A1 Time Encoding / Main-Branch Variants (60ep),60ep seed42 nuScenes-mini,0,a1_time,SeqTrack baseline,SeqTrack baseline,baseline,success/test,10,12619,46.0908
a1_time_variants_60ep,A1 Time Encoding / Main-Branch Variants (60ep),60ep seed42 nuScenes-mini,0,a1_time,SeqTrack baseline,SeqTrack baseline,baseline,success/test,15,18929,45.7298
a1_time_variants_60ep,A1 Time Encoding / Main-Branch Variants (60ep),60ep seed42 nuScenes-mini,0,a1_time,SeqTrack baseline,SeqTrack baseline,baseline,success/test,20,25239,42.8851
a1_time_variants_60ep,A1 Time Encoding / Main-Branch Variants (60ep),60ep seed42 nuScenes-mini,0,a1_time,SeqTrack baseline,SeqTrack baseline,baseline,success/test,25,31549,51.7363
a1_time_variants_60ep,A1 Time Encoding / Main-Branch Variants (60ep),60ep seed42 nuScenes-mini,0,a1_time,SeqTrack baseline,SeqTrack baseline,baseline,success/test,30,37859,48.9289
a1_time_variants_60ep,A1 Time Encoding / Main-Branch Variants (60ep),60ep seed42 nuScenes-mini,0,a1_time,SeqTrack baseline,SeqTrack baseline,baseline,success/test,35,44169,52.2834
a1_time_variants_60ep,A1 Time Encoding / Main-Branch Variants (60ep),60ep seed42 nuScenes-mini,0,a1_time,SeqTrack baseline,SeqTrack baseline,baseline,success/test,40,50479,46.4781
a1_time_variants_60ep,A1 Time Encoding / Main-Branch Variants (60ep),60ep seed42 nuScenes-mini,0,a1_time,SeqTrack baseline,SeqTrack baseline,baseline,success/test,45,56789,50.4628
a1_time_variants_60ep,A1 Time Encoding / Main-Branch Variants (60ep),60ep seed42 nuScenes-mini,0,a1_time,SeqTrack baseline,SeqTrack baseline,baseline,success/test,50,63099,50.2024
a1_time_variants_60ep,A1 Time Encoding / Main-Branch Variants (60ep),60ep seed42 nuScenes-mini,0,a1_time,SeqTrack baseline,SeqTrack baseline,baseline,success/test,55,69409,49.1346
a1_time_variants_60ep,A1 Time Encoding / Main-Branch Variants (60ep),60ep seed42 nuScenes-mini,0,a1_time,SeqTrack baseline,SeqTrack baseline,baseline,success/test,60,75719,50.9858
a1_time_variants_60ep,A1 Time Encoding / Main-Branch Variants (60ep),60ep seed42 nuScenes-mini,0,a1_time,SeqTrack baseline,SeqTrack baseline,baseline,precision/test,5,6309,41.8698
a1_time_variants_60ep,A1 Time Encoding / Main-Branch Variants (60ep),60ep seed42 nuScenes-mini,0,a1_time,SeqTrack baseline,SeqTrack baseline,baseline,precision/test,10,12619,65.2144
a1_time_variants_60ep,A1 Time Encoding / Main-Branch Variants (60ep),60ep seed42 nuScenes-mini,0,a1_time,SeqTrack baseline,SeqTrack baseline,baseline,precision/test,15,18929,50.5416
a1_time_variants_60ep,A1 Time Encoding / Main-Branch Variants (60ep),60ep seed42 nuScenes-mini,0,a1_time,SeqTrack baseline,SeqTrack baseline,baseline,precision/test,20,25239,49.2309
a1_time_variants_60ep,A1 Time Encoding / Main-Branch Variants (60ep),60ep seed42 nuScenes-mini,0,a1_time,SeqTrack baseline,SeqTrack baseline,baseline,precision/test,25,31549,60.6324
a1_time_variants_60ep,A1 Time Encoding / Main-Branch Variants (60ep),60ep seed42 nuScenes-mini,0,a1_time,SeqTrack baseline,SeqTrack baseline,baseline,precision/test,30,37859,53.9092
a1_time_variants_60ep,A1 Time Encoding / Main-Branch Variants (60ep),60ep seed42 nuScenes-mini,0,a1_time,SeqTrack baseline,SeqTrack baseline,baseline,precision/test,35,44169,62.3392
a1_time_variants_60ep,A1 Time Encoding / Main-Branch Variants (60ep),60ep seed42 nuScenes-mini,0,a1_time,SeqTrack baseline,SeqTrack baseline,baseline,precision/test,40,50479,51.174
a1_time_variants_60ep,A1 Time Encoding / Main-Branch Variants (60ep),60ep seed42 nuScenes-mini,0,a1_time,SeqTrack baseline,SeqTrack baseline,baseline,precision/test,45,56789,59.6105
a1_time_variants_60ep,A1 Time Encoding / Main-Branch Variants (60ep),60ep seed42 nuScenes-mini,0,a1_time,SeqTrack baseline,SeqTrack baseline,baseline,precision/test,50,63099,57.3085
a1_time_variants_60ep,A1 Time Encoding / Main-Branch Variants (60ep),60ep seed42 nuScenes-mini,0,a1_time,SeqTrack baseline,SeqTrack baseline,baseline,precision/test,55,69409,59.3184
a1_time_variants_60ep,A1 Time Encoding / Main-Branch Variants (60ep),60ep seed42 nuScenes-mini,0,a1_time,SeqTrack baseline,SeqTrack baseline,baseline,precision/test,60,75719,59.9617
a1_time_variants_60ep,A1 Time Encoding / Main-Branch Variants (60ep),60ep seed42 nuScenes-mini,1,a1_time,A1-raw,A1 raw,variant,success/test,5,6309,25.11706924438477
a1_time_variants_60ep,A1 Time Encoding / Main-Branch Variants (60ep),60ep seed42 nuScenes-mini,1,a1_time,A1-raw,A1 raw,variant,success/test,10,12619,29.53501319885254
a1_time_variants_60ep,A1 Time Encoding / Main-Branch Variants (60ep),60ep seed42 nuScenes-mini,1,a1_time,A1-raw,A1 raw,variant,success/test,15,18929,32.35557556152344
a1_time_variants_60ep,A1 Time Encoding / Main-Branch Variants (60ep),60ep seed42 nuScenes-mini,1,a1_time,A1-raw,A1 raw,variant,success/test,20,25239,28.77352523803711
a1_time_variants_60ep,A1 Time Encoding / Main-Branch Variants (60ep),60ep seed42 nuScenes-mini,1,a1_time,A1-raw,A1 raw,variant,success/test,25,31549,26.090808868408203
a1_time_variants_60ep,A1 Time Encoding / Main-Branch Variants (60ep),60ep seed42 nuScenes-mini,1,a1_time,A1-raw,A1 raw,variant,success/test,30,37859,25.821664810180664
a1_time_variants_60ep,A1 Time Encoding / Main-Branch Variants (60ep),60ep seed42 nuScenes-mini,1,a1_time,A1-raw,A1 raw,variant,success/test,35,44169,28.62253761291504
a1_time_variants_60ep,A1 Time Encoding / Main-Branch Variants (60ep),60ep seed42 nuScenes-mini,1,a1_time,A1-raw,A1 raw,variant,success/test,40,50479,27.47593307495117
a1_time_variants_60ep,A1 Time Encoding / Main-Branch Variants (60ep),60ep seed42 nuScenes-mini,1,a1_time,A1-raw,A1 raw,variant,success/test,45,56789,27.0864372253418
a1_time_variants_60ep,A1 Time Encoding / Main-Branch Variants (60ep),60ep seed42 nuScenes-mini,1,a1_time,A1-raw,A1 raw,variant,success/test,50,63099,28.00547218322754
a1_time_variants_60ep,A1 Time Encoding / Main-Branch Variants (60ep),60ep seed42 nuScenes-mini,1,a1_time,A1-raw,A1 raw,variant,success/test,55,69409,27.079872131347656
a1_time_variants_60ep,A1 Time Encoding / Main-Branch Variants (60ep),60ep seed42 nuScenes-mini,1,a1_time,A1-raw,A1 raw,variant,success/test,60,75719,28.27680778503418
a1_time_variants_60ep,A1 Time Encoding / Main-Branch Variants (60ep),60ep seed42 nuScenes-mini,1,a1_time,A1-raw,A1 raw,variant,precision/test,5,6309,30.680524826049805
a1_time_variants_60ep,A1 Time Encoding / Main-Branch Variants (60ep),60ep seed42 nuScenes-mini,1,a1_time,A1-raw,A1 raw,variant,precision/test,10,12619,40.36105346679688
a1_time_variants_60ep,A1 Time Encoding / Main-Branch Variants (60ep),60ep seed42 nuScenes-mini,1,a1_time,A1-raw,A1 raw,variant,precision/test,15,18929,36.4146614074707
a1_time_variants_60ep,A1 Time Encoding / Main-Branch Variants (60ep),60ep seed42 nuScenes-mini,1,a1_time,A1-raw,A1 raw,variant,precision/test,20,25239,27.946388244628903
a1_time_variants_60ep,A1 Time Encoding / Main-Branch Variants (60ep),60ep seed42 nuScenes-mini,1,a1_time,A1-raw,A1 raw,variant,precision/test,25,31549,24.46061134338379
a1_time_variants_60ep,A1 Time Encoding / Main-Branch Variants (60ep),60ep seed42 nuScenes-mini,1,a1_time,A1-raw,A1 raw,variant,precision/test,30,37859,23.643325805664062
a1_time_variants_60ep,A1 Time Encoding / Main-Branch Variants (60ep),60ep seed42 nuScenes-mini,1,a1_time,A1-raw,A1 raw,variant,precision/test,35,44169,27.41684913635254
a1_time_variants_60ep,A1 Time Encoding / Main-Branch Variants (60ep),60ep seed42 nuScenes-mini,1,a1_time,A1-raw,A1 raw,variant,precision/test,40,50479,25.37308692932129
a1_time_variants_60ep,A1 Time Encoding / Main-Branch Variants (60ep),60ep seed42 nuScenes-mini,1,a1_time,A1-raw,A1 raw,variant,precision/test,45,56789,25.142234802246094
a1_time_variants_60ep,A1 Time Encoding / Main-Branch Variants (60ep),60ep seed42 nuScenes-mini,1,a1_time,A1-raw,A1 raw,variant,precision/test,50,63099,26.55908203125
a1_time_variants_60ep,A1 Time Encoding / Main-Branch Variants (60ep),60ep seed42 nuScenes-mini,1,a1_time,A1-raw,A1 raw,variant,precision/test,55,69409,25.29759788513184
a1_time_variants_60ep,A1 Time Encoding / Main-Branch Variants (60ep),60ep seed42 nuScenes-mini,1,a1_time,A1-raw,A1 raw,variant,precision/test,60,75719,27.42888641357422
a1_time_variants_60ep,A1 Time Encoding / Main-Branch Variants (60ep),60ep seed42 nuScenes-mini,2,a1_time,A1-pseudo,A1 pseudo,variant,success/test,5,6309,41.213348388671875
a1_time_variants_60ep,A1 Time Encoding / Main-Branch Variants (60ep),60ep seed42 nuScenes-mini,2,a1_time,A1-pseudo,A1 pseudo,variant,success/test,10,12619,34.13895034790039
a1_time_variants_60ep,A1 Time Encoding / Main-Branch Variants (60ep),60ep seed42 nuScenes-mini,2,a1_time,A1-pseudo,A1 pseudo,variant,success/test,15,18929,41.39715576171875
a1_time_variants_60ep,A1 Time Encoding / Main-Branch Variants (60ep),60ep seed42 nuScenes-mini,2,a1_time,A1-pseudo,A1 pseudo,variant,success/test,20,25239,40.3512077331543
a1_time_variants_60ep,A1 Time Encoding / Main-Branch Variants (60ep),60ep seed42 nuScenes-mini,2,a1_time,A1-pseudo,A1 pseudo,variant,success/test,25,31549,41.11050796508789
a1_time_variants_60ep,A1 Time Encoding / Main-Branch Variants (60ep),60ep seed42 nuScenes-mini,2,a1_time,A1-pseudo,A1 pseudo,variant,success/test,30,37859,44.060176849365234
a1_time_variants_60ep,A1 Time Encoding / Main-Branch Variants (60ep),60ep seed42 nuScenes-mini,2,a1_time,A1-pseudo,A1 pseudo,variant,success/test,35,44169,46.712257385253906
a1_time_variants_60ep,A1 Time Encoding / Main-Branch Variants (60ep),60ep seed42 nuScenes-mini,2,a1_time,A1-pseudo,A1 pseudo,variant,success/test,40,50479,42.64223098754883
a1_time_variants_60ep,A1 Time Encoding / Main-Branch Variants (60ep),60ep seed42 nuScenes-mini,2,a1_time,A1-pseudo,A1 pseudo,variant,success/test,45,56789,49.891685485839844
a1_time_variants_60ep,A1 Time Encoding / Main-Branch Variants (60ep),60ep seed42 nuScenes-mini,2,a1_time,A1-pseudo,A1 pseudo,variant,success/test,50,63099,48.93107604980469
a1_time_variants_60ep,A1 Time Encoding / Main-Branch Variants (60ep),60ep seed42 nuScenes-mini,2,a1_time,A1-pseudo,A1 pseudo,variant,success/test,55,69409,47.957332611083984
a1_time_variants_60ep,A1 Time Encoding / Main-Branch Variants (60ep),60ep seed42 nuScenes-mini,2,a1_time,A1-pseudo,A1 pseudo,variant,success/test,60,75719,48.338077545166016
a1_time_variants_60ep,A1 Time Encoding / Main-Branch Variants (60ep),60ep seed42 nuScenes-mini,2,a1_time,A1-pseudo,A1 pseudo,variant,precision/test,5,6309,65.23851013183594
a1_time_variants_60ep,A1 Time Encoding / Main-Branch Variants (60ep),60ep seed42 nuScenes-mini,2,a1_time,A1-pseudo,A1 pseudo,variant,precision/test,10,12619,42.877464294433594
a1_time_variants_60ep,A1 Time Encoding / Main-Branch Variants (60ep),60ep seed42 nuScenes-mini,2,a1_time,A1-pseudo,A1 pseudo,variant,precision/test,15,18929,58.739601135253906
a1_time_variants_60ep,A1 Time Encoding / Main-Branch Variants (60ep),60ep seed42 nuScenes-mini,2,a1_time,A1-pseudo,A1 pseudo,variant,precision/test,20,25239,52.92341613769531
a1_time_variants_60ep,A1 Time Encoding / Main-Branch Variants (60ep),60ep seed42 nuScenes-mini,2,a1_time,A1-pseudo,A1 pseudo,variant,precision/test,25,31549,37.45076370239258
a1_time_variants_60ep,A1 Time Encoding / Main-Branch Variants (60ep),60ep seed42 nuScenes-mini,2,a1_time,A1-pseudo,A1 pseudo,variant,precision/test,30,37859,42.167396545410156
a1_time_variants_60ep,A1 Time Encoding / Main-Branch Variants (60ep),60ep seed42 nuScenes-mini,2,a1_time,A1-pseudo,A1 pseudo,variant,precision/test,35,44169,54.613792419433594
a1_time_variants_60ep,A1 Time Encoding / Main-Branch Variants (60ep),60ep seed42 nuScenes-mini,2,a1_time,A1-pseudo,A1 pseudo,variant,precision/test,40,50479,42.199127197265625
a1_time_variants_60ep,A1 Time Encoding / Main-Branch Variants (60ep),60ep seed42 nuScenes-mini,2,a1_time,A1-pseudo,A1 pseudo,variant,precision/test,45,56789,55.98906326293945
a1_time_variants_60ep,A1 Time Encoding / Main-Branch Variants (60ep),60ep seed42 nuScenes-mini,2,a1_time,A1-pseudo,A1 pseudo,variant,precision/test,50,63099,52.12035369873047
a1_time_variants_60ep,A1 Time Encoding / Main-Branch Variants (60ep),60ep seed42 nuScenes-mini,2,a1_time,A1-pseudo,A1 pseudo,variant,precision/test,55,69409,53.35448455810547
a1_time_variants_60ep,A1 Time Encoding / Main-Branch Variants (60ep),60ep seed42 nuScenes-mini,2,a1_time,A1-pseudo,A1 pseudo,variant,precision/test,60,75719,52.250545501708984
a1_time_variants_60ep,A1 Time Encoding / Main-Branch Variants (60ep),60ep seed42 nuScenes-mini,3,a1_time,A1-MLP,A1 MLP,variant,success/test,5,6309,31.570022583007812
a1_time_variants_60ep,A1 Time Encoding / Main-Branch Variants (60ep),60ep seed42 nuScenes-mini,3,a1_time,A1-MLP,A1 MLP,variant,success/test,10,12619,23.7954044342041
a1_time_variants_60ep,A1 Time Encoding / Main-Branch Variants (60ep),60ep seed42 nuScenes-mini,3,a1_time,A1-MLP,A1 MLP,variant,success/test,15,18929,24.250547409057617
a1_time_variants_60ep,A1 Time Encoding / Main-Branch Variants (60ep),60ep seed42 nuScenes-mini,3,a1_time,A1-MLP,A1 MLP,variant,success/test,20,25239,23.587528228759766
a1_time_variants_60ep,A1 Time Encoding / Main-Branch Variants (60ep),60ep seed42 nuScenes-mini,3,a1_time,A1-MLP,A1 MLP,variant,success/test,25,31549,28.071117401123047
a1_time_variants_60ep,A1 Time Encoding / Main-Branch Variants (60ep),60ep seed42 nuScenes-mini,3,a1_time,A1-MLP,A1 MLP,variant,success/test,30,37859,26.650985717773438
a1_time_variants_60ep,A1 Time Encoding / Main-Branch Variants (60ep),60ep seed42 nuScenes-mini,3,a1_time,A1-MLP,A1 MLP,variant,success/test,35,44169,29.0864315032959
a1_time_variants_60ep,A1 Time Encoding / Main-Branch Variants (60ep),60ep seed42 nuScenes-mini,3,a1_time,A1-MLP,A1 MLP,variant,success/test,40,50479,30.37089729309082
a1_time_variants_60ep,A1 Time Encoding / Main-Branch Variants (60ep),60ep seed42 nuScenes-mini,3,a1_time,A1-MLP,A1 MLP,variant,success/test,45,56789,30.401527404785156
a1_time_variants_60ep,A1 Time Encoding / Main-Branch Variants (60ep),60ep seed42 nuScenes-mini,3,a1_time,A1-MLP,A1 MLP,variant,success/test,50,63099,28.07549476623535
a1_time_variants_60ep,A1 Time Encoding / Main-Branch Variants (60ep),60ep seed42 nuScenes-mini,3,a1_time,A1-MLP,A1 MLP,variant,success/test,55,69409,29.644420623779297
a1_time_variants_60ep,A1 Time Encoding / Main-Branch Variants (60ep),60ep seed42 nuScenes-mini,3,a1_time,A1-MLP,A1 MLP,variant,success/test,60,75719,27.438732147216797
a1_time_variants_60ep,A1 Time Encoding / Main-Branch Variants (60ep),60ep seed42 nuScenes-mini,3,a1_time,A1-MLP,A1 MLP,variant,precision/test,5,6309,32.77571105957031
a1_time_variants_60ep,A1 Time Encoding / Main-Branch Variants (60ep),60ep seed42 nuScenes-mini,3,a1_time,A1-MLP,A1 MLP,variant,precision/test,10,12619,23.121444702148438
a1_time_variants_60ep,A1 Time Encoding / Main-Branch Variants (60ep),60ep seed42 nuScenes-mini,3,a1_time,A1-MLP,A1 MLP,variant,precision/test,15,18929,23.205692291259766
a1_time_variants_60ep,A1 Time Encoding / Main-Branch Variants (60ep),60ep seed42 nuScenes-mini,3,a1_time,A1-MLP,A1 MLP,variant,precision/test,20,25239,22.5284481048584
a1_time_variants_60ep,A1 Time Encoding / Main-Branch Variants (60ep),60ep seed42 nuScenes-mini,3,a1_time,A1-MLP,A1 MLP,variant,precision/test,25,31549,26.452959060668945
a1_time_variants_60ep,A1 Time Encoding / Main-Branch Variants (60ep),60ep seed42 nuScenes-mini,3,a1_time,A1-MLP,A1 MLP,variant,precision/test,30,37859,24.2636775970459
a1_time_variants_60ep,A1 Time Encoding / Main-Branch Variants (60ep),60ep seed42 nuScenes-mini,3,a1_time,A1-MLP,A1 MLP,variant,precision/test,35,44169,27.82713508605957
a1_time_variants_60ep,A1 Time Encoding / Main-Branch Variants (60ep),60ep seed42 nuScenes-mini,3,a1_time,A1-MLP,A1 MLP,variant,precision/test,40,50479,29.39387321472168
a1_time_variants_60ep,A1 Time Encoding / Main-Branch Variants (60ep),60ep seed42 nuScenes-mini,3,a1_time,A1-MLP,A1 MLP,variant,precision/test,45,56789,29.757112503051758
a1_time_variants_60ep,A1 Time Encoding / Main-Branch Variants (60ep),60ep seed42 nuScenes-mini,3,a1_time,A1-MLP,A1 MLP,variant,precision/test,50,63099,27.280086517333984
a1_time_variants_60ep,A1 Time Encoding / Main-Branch Variants (60ep),60ep seed42 nuScenes-mini,3,a1_time,A1-MLP,A1 MLP,variant,precision/test,55,69409,28.468271255493164
a1_time_variants_60ep,A1 Time Encoding / Main-Branch Variants (60ep),60ep seed42 nuScenes-mini,3,a1_time,A1-MLP,A1 MLP,variant,precision/test,60,75719,26.277902603149414
a1_time_variants_60ep,A1 Time Encoding / Main-Branch Variants (60ep),60ep seed42 nuScenes-mini,4,a1_time,A1-Fourier,A1 Fourier,variant,success/test,5,6309,24.397157669067383
a1_time_variants_60ep,A1 Time Encoding / Main-Branch Variants (60ep),60ep seed42 nuScenes-mini,4,a1_time,A1-Fourier,A1 Fourier,variant,success/test,10,12619,31.064552307128906
a1_time_variants_60ep,A1 Time Encoding / Main-Branch Variants (60ep),60ep seed42 nuScenes-mini,4,a1_time,A1-Fourier,A1 Fourier,variant,success/test,15,18929,29.580963134765625
a1_time_variants_60ep,A1 Time Encoding / Main-Branch Variants (60ep),60ep seed42 nuScenes-mini,4,a1_time,A1-Fourier,A1 Fourier,variant,success/test,20,25239,23.909191131591797
a1_time_variants_60ep,A1 Time Encoding / Main-Branch Variants (60ep),60ep seed42 nuScenes-mini,4,a1_time,A1-Fourier,A1 Fourier,variant,success/test,25,31549,27.2636775970459
a1_time_variants_60ep,A1 Time Encoding / Main-Branch Variants (60ep),60ep seed42 nuScenes-mini,4,a1_time,A1-Fourier,A1 Fourier,variant,success/test,30,37859,29.554706573486328
a1_time_variants_60ep,A1 Time Encoding / Main-Branch Variants (60ep),60ep seed42 nuScenes-mini,4,a1_time,A1-Fourier,A1 Fourier,variant,success/test,35,44169,29.72319793701172
a1_time_variants_60ep,A1 Time Encoding / Main-Branch Variants (60ep),60ep seed42 nuScenes-mini,4,a1_time,A1-Fourier,A1 Fourier,variant,success/test,40,50479,29.130199432373047
a1_time_variants_60ep,A1 Time Encoding / Main-Branch Variants (60ep),60ep seed42 nuScenes-mini,4,a1_time,A1-Fourier,A1 Fourier,variant,success/test,45,56789,30.252737045288086
a1_time_variants_60ep,A1 Time Encoding / Main-Branch Variants (60ep),60ep seed42 nuScenes-mini,4,a1_time,A1-Fourier,A1 Fourier,variant,success/test,50,63099,29.254924774169922
a1_time_variants_60ep,A1 Time Encoding / Main-Branch Variants (60ep),60ep seed42 nuScenes-mini,4,a1_time,A1-Fourier,A1 Fourier,variant,success/test,55,69409,29.620351791381836
a1_time_variants_60ep,A1 Time Encoding / Main-Branch Variants (60ep),60ep seed42 nuScenes-mini,4,a1_time,A1-Fourier,A1 Fourier,variant,success/test,60,75719,30.723196029663086
a1_time_variants_60ep,A1 Time Encoding / Main-Branch Variants (60ep),60ep seed42 nuScenes-mini,4,a1_time,A1-Fourier,A1 Fourier,variant,precision/test,5,6309,23.582056045532227
a1_time_variants_60ep,A1 Time Encoding / Main-Branch Variants (60ep),60ep seed42 nuScenes-mini,4,a1_time,A1-Fourier,A1 Fourier,variant,precision/test,10,12619,30.206785202026367
a1_time_variants_60ep,A1 Time Encoding / Main-Branch Variants (60ep),60ep seed42 nuScenes-mini,4,a1_time,A1-Fourier,A1 Fourier,variant,precision/test,15,18929,30.3227596282959
a1_time_variants_60ep,A1 Time Encoding / Main-Branch Variants (60ep),60ep seed42 nuScenes-mini,4,a1_time,A1-Fourier,A1 Fourier,variant,precision/test,20,25239,24.10831642150879
a1_time_variants_60ep,A1 Time Encoding / Main-Branch Variants (60ep),60ep seed42 nuScenes-mini,4,a1_time,A1-Fourier,A1 Fourier,variant,precision/test,25,31549,26.086435317993164
a1_time_variants_60ep,A1 Time Encoding / Main-Branch Variants (60ep),60ep seed42 nuScenes-mini,4,a1_time,A1-Fourier,A1 Fourier,variant,precision/test,30,37859,28.224288940429688
a1_time_variants_60ep,A1 Time Encoding / Main-Branch Variants (60ep),60ep seed42 nuScenes-mini,4,a1_time,A1-Fourier,A1 Fourier,variant,precision/test,35,44169,28.508752822875977
a1_time_variants_60ep,A1 Time Encoding / Main-Branch Variants (60ep),60ep seed42 nuScenes-mini,4,a1_time,A1-Fourier,A1 Fourier,variant,precision/test,40,50479,28.237417221069336
a1_time_variants_60ep,A1 Time Encoding / Main-Branch Variants (60ep),60ep seed42 nuScenes-mini,4,a1_time,A1-Fourier,A1 Fourier,variant,precision/test,45,56789,28.951862335205078
a1_time_variants_60ep,A1 Time Encoding / Main-Branch Variants (60ep),60ep seed42 nuScenes-mini,4,a1_time,A1-Fourier,A1 Fourier,variant,precision/test,50,63099,28.60831642150879
a1_time_variants_60ep,A1 Time Encoding / Main-Branch Variants (60ep),60ep seed42 nuScenes-mini,4,a1_time,A1-Fourier,A1 Fourier,variant,precision/test,55,69409,28.820571899414062
a1_time_variants_60ep,A1 Time Encoding / Main-Branch Variants (60ep),60ep seed42 nuScenes-mini,4,a1_time,A1-Fourier,A1 Fourier,variant,precision/test,60,75719,29.81509780883789
a1_time_variants_60ep,A1 Time Encoding / Main-Branch Variants (60ep),60ep seed42 nuScenes-mini,5,scaled,A1-scaled,A1 scaled,variant,success/test,5,6309,33.20240783691406
a1_time_variants_60ep,A1 Time Encoding / Main-Branch Variants (60ep),60ep seed42 nuScenes-mini,5,scaled,A1-scaled,A1 scaled,variant,success/test,10,12619,22.931074142456055
a1_time_variants_60ep,A1 Time Encoding / Main-Branch Variants (60ep),60ep seed42 nuScenes-mini,5,scaled,A1-scaled,A1 scaled,variant,success/test,15,18929,27.322757720947266
a1_time_variants_60ep,A1 Time Encoding / Main-Branch Variants (60ep),60ep seed42 nuScenes-mini,5,scaled,A1-scaled,A1 scaled,variant,success/test,20,25239,30.101749420166016
a1_time_variants_60ep,A1 Time Encoding / Main-Branch Variants (60ep),60ep seed42 nuScenes-mini,5,scaled,A1-scaled,A1 scaled,variant,success/test,25,31549,28.648794174194336
a1_time_variants_60ep,A1 Time Encoding / Main-Branch Variants (60ep),60ep seed42 nuScenes-mini,5,scaled,A1-scaled,A1 scaled,variant,success/test,30,37859,28.103939056396484
a1_time_variants_60ep,A1 Time Encoding / Main-Branch Variants (60ep),60ep seed42 nuScenes-mini,5,scaled,A1-scaled,A1 scaled,variant,success/test,35,44169,30.173959732055664
a1_time_variants_60ep,A1 Time Encoding / Main-Branch Variants (60ep),60ep seed42 nuScenes-mini,5,scaled,A1-scaled,A1 scaled,variant,success/test,40,50479,31.397157669067383
a1_time_variants_60ep,A1 Time Encoding / Main-Branch Variants (60ep),60ep seed42 nuScenes-mini,5,scaled,A1-scaled,A1 scaled,variant,success/test,45,56789,31.344640731811523
a1_time_variants_60ep,A1 Time Encoding / Main-Branch Variants (60ep),60ep seed42 nuScenes-mini,5,scaled,A1-scaled,A1 scaled,variant,success/test,50,63099,32.508750915527344
a1_time_variants_60ep,A1 Time Encoding / Main-Branch Variants (60ep),60ep seed42 nuScenes-mini,5,scaled,A1-scaled,A1 scaled,variant,success/test,55,69409,31.084247589111328
a1_time_variants_60ep,A1 Time Encoding / Main-Branch Variants (60ep),60ep seed42 nuScenes-mini,5,scaled,A1-scaled,A1 scaled,variant,success/test,60,75719,31.33370018005371
a1_time_variants_60ep,A1 Time Encoding / Main-Branch Variants (60ep),60ep seed42 nuScenes-mini,5,scaled,A1-scaled,A1 scaled,variant,precision/test,5,6309,37.698028564453125
a1_time_variants_60ep,A1 Time Encoding / Main-Branch Variants (60ep),60ep seed42 nuScenes-mini,5,scaled,A1-scaled,A1 scaled,variant,precision/test,10,12619,23.437639236450195
a1_time_variants_60ep,A1 Time Encoding / Main-Branch Variants (60ep),60ep seed42 nuScenes-mini,5,scaled,A1-scaled,A1 scaled,variant,precision/test,15,18929,27.63238525390625
a1_time_variants_60ep,A1 Time Encoding / Main-Branch Variants (60ep),60ep seed42 nuScenes-mini,5,scaled,A1-scaled,A1 scaled,variant,precision/test,20,25239,29.55908203125
a1_time_variants_60ep,A1 Time Encoding / Main-Branch Variants (60ep),60ep seed42 nuScenes-mini,5,scaled,A1-scaled,A1 scaled,variant,precision/test,25,31549,27.507659912109375
a1_time_variants_60ep,A1 Time Encoding / Main-Branch Variants (60ep),60ep seed42 nuScenes-mini,5,scaled,A1-scaled,A1 scaled,variant,precision/test,30,37859,26.62910270690918
a1_time_variants_60ep,A1 Time Encoding / Main-Branch Variants (60ep),60ep seed42 nuScenes-mini,5,scaled,A1-scaled,A1 scaled,variant,precision/test,35,44169,30.393875122070312
a1_time_variants_60ep,A1 Time Encoding / Main-Branch Variants (60ep),60ep seed42 nuScenes-mini,5,scaled,A1-scaled,A1 scaled,variant,precision/test,40,50479,31.19255828857422
a1_time_variants_60ep,A1 Time Encoding / Main-Branch Variants (60ep),60ep seed42 nuScenes-mini,5,scaled,A1-scaled,A1 scaled,variant,precision/test,45,56789,31.349014282226562
a1_time_variants_60ep,A1 Time Encoding / Main-Branch Variants (60ep),60ep seed42 nuScenes-mini,5,scaled,A1-scaled,A1 scaled,variant,precision/test,50,63099,32.196937561035156
a1_time_variants_60ep,A1 Time Encoding / Main-Branch Variants (60ep),60ep seed42 nuScenes-mini,5,scaled,A1-scaled,A1 scaled,variant,precision/test,55,69409,30.964990615844727
a1_time_variants_60ep,A1 Time Encoding / Main-Branch Variants (60ep),60ep seed42 nuScenes-mini,5,scaled,A1-scaled,A1 scaled,variant,precision/test,60,75719,31.224288940429688
a1_time_variants_60ep,A1 Time Encoding / Main-Branch Variants (60ep),60ep seed42 nuScenes-mini,6,order,A1-order,A1 order,variant,success/test,5,6309,51.567832946777344
a1_time_variants_60ep,A1 Time Encoding / Main-Branch Variants (60ep),60ep seed42 nuScenes-mini,6,order,A1-order,A1 order,variant,success/test,10,12619,43.578773498535156
a1_time_variants_60ep,A1 Time Encoding / Main-Branch Variants (60ep),60ep seed42 nuScenes-mini,6,order,A1-order,A1 order,variant,success/test,15,18929,45.6466064453125
a1_time_variants_60ep,A1 Time Encoding / Main-Branch Variants (60ep),60ep seed42 nuScenes-mini,6,order,A1-order,A1 order,variant,success/test,20,25239,41.40591049194336
a1_time_variants_60ep,A1 Time Encoding / Main-Branch Variants (60ep),60ep seed42 nuScenes-mini,6,order,A1-order,A1 order,variant,success/test,25,31549,49.836978912353516
a1_time_variants_60ep,A1 Time Encoding / Main-Branch Variants (60ep),60ep seed42 nuScenes-mini,6,order,A1-order,A1 order,variant,success/test,30,37859,49.25711441040039
a1_time_variants_60ep,A1 Time Encoding / Main-Branch Variants (60ep),60ep seed42 nuScenes-mini,6,order,A1-order,A1 order,variant,success/test,35,44169,51.85448455810547
a1_time_variants_60ep,A1 Time Encoding / Main-Branch Variants (60ep),60ep seed42 nuScenes-mini,6,order,A1-order,A1 order,variant,success/test,40,50479,47.716636657714844
a1_time_variants_60ep,A1 Time Encoding / Main-Branch Variants (60ep),60ep seed42 nuScenes-mini,6,order,A1-order,A1 order,variant,success/test,45,56789,53.29868698120117
a1_time_variants_60ep,A1 Time Encoding / Main-Branch Variants (60ep),60ep seed42 nuScenes-mini,6,order,A1-order,A1 order,variant,success/test,50,63099,52.410282135009766
a1_time_variants_60ep,A1 Time Encoding / Main-Branch Variants (60ep),60ep seed42 nuScenes-mini,6,order,A1-order,A1 order,variant,success/test,55,69409,50.21990966796875
a1_time_variants_60ep,A1 Time Encoding / Main-Branch Variants (60ep),60ep seed42 nuScenes-mini,6,order,A1-order,A1 order,variant,success/test,60,75719,51.228668212890625
a1_time_variants_60ep,A1 Time Encoding / Main-Branch Variants (60ep),60ep seed42 nuScenes-mini,6,order,A1-order,A1 order,variant,precision/test,5,6309,61.08534240722656
a1_time_variants_60ep,A1 Time Encoding / Main-Branch Variants (60ep),60ep seed42 nuScenes-mini,6,order,A1-order,A1 order,variant,precision/test,10,12619,61.43326187133789
a1_time_variants_60ep,A1 Time Encoding / Main-Branch Variants (60ep),60ep seed42 nuScenes-mini,6,order,A1-order,A1 order,variant,precision/test,15,18929,57.39496994018555
a1_time_variants_60ep,A1 Time Encoding / Main-Branch Variants (60ep),60ep seed42 nuScenes-mini,6,order,A1-order,A1 order,variant,precision/test,20,25239,44.54048156738281
a1_time_variants_60ep,A1 Time Encoding / Main-Branch Variants (60ep),60ep seed42 nuScenes-mini,6,order,A1-order,A1 order,variant,precision/test,25,31549,54.42341613769531
a1_time_variants_60ep,A1 Time Encoding / Main-Branch Variants (60ep),60ep seed42 nuScenes-mini,6,order,A1-order,A1 order,variant,precision/test,30,37859,54.38621139526367
a1_time_variants_60ep,A1 Time Encoding / Main-Branch Variants (60ep),60ep seed42 nuScenes-mini,6,order,A1-order,A1 order,variant,precision/test,35,44169,59.626914978027344
a1_time_variants_60ep,A1 Time Encoding / Main-Branch Variants (60ep),60ep seed42 nuScenes-mini,6,order,A1-order,A1 order,variant,precision/test,40,50479,51.8807487487793
a1_time_variants_60ep,A1 Time Encoding / Main-Branch Variants (60ep),60ep seed42 nuScenes-mini,6,order,A1-order,A1 order,variant,precision/test,45,56789,62.01531982421875
a1_time_variants_60ep,A1 Time Encoding / Main-Branch Variants (60ep),60ep seed42 nuScenes-mini,6,order,A1-order,A1 order,variant,precision/test,50,63099,59.47264862060547
a1_time_variants_60ep,A1 Time Encoding / Main-Branch Variants (60ep),60ep seed42 nuScenes-mini,6,order,A1-order,A1 order,variant,precision/test,55,69409,59.384029388427734
a1_time_variants_60ep,A1 Time Encoding / Main-Branch Variants (60ep),60ep seed42 nuScenes-mini,6,order,A1-order,A1 order,variant,precision/test,60,75719,57.863243103027344
a1_time_variants_60ep,A1 Time Encoding / Main-Branch Variants (60ep),60ep seed42 nuScenes-mini,7,twc_gate,A1-order+TWC,A1 order+TWC,variant,success/test,5,6310,48.32057189941406
a1_time_variants_60ep,A1 Time Encoding / Main-Branch Variants (60ep),60ep seed42 nuScenes-mini,7,twc_gate,A1-order+TWC,A1 order+TWC,variant,success/test,10,12620,30.079872131347656
a1_time_variants_60ep,A1 Time Encoding / Main-Branch Variants (60ep),60ep seed42 nuScenes-mini,7,twc_gate,A1-order+TWC,A1 order+TWC,variant,success/test,15,18930,38.71663284301758
a1_time_variants_60ep,A1 Time Encoding / Main-Branch Variants (60ep),60ep seed42 nuScenes-mini,7,twc_gate,A1-order+TWC,A1 order+TWC,variant,success/test,20,25240,43.33150863647461
a1_time_variants_60ep,A1 Time Encoding / Main-Branch Variants (60ep),60ep seed42 nuScenes-mini,7,twc_gate,A1-order+TWC,A1 order+TWC,variant,success/test,25,31550,51.390586853027344
a1_time_variants_60ep,A1 Time Encoding / Main-Branch Variants (60ep),60ep seed42 nuScenes-mini,7,twc_gate,A1-order+TWC,A1 order+TWC,variant,success/test,30,37860,44.500003814697266
a1_time_variants_60ep,A1 Time Encoding / Main-Branch Variants (60ep),60ep seed42 nuScenes-mini,7,twc_gate,A1-order+TWC,A1 order+TWC,variant,success/test,35,44170,52.19365310668945
a1_time_variants_60ep,A1 Time Encoding / Main-Branch Variants (60ep),60ep seed42 nuScenes-mini,7,twc_gate,A1-order+TWC,A1 order+TWC,variant,success/test,40,50480,49.66411590576172
a1_time_variants_60ep,A1 Time Encoding / Main-Branch Variants (60ep),60ep seed42 nuScenes-mini,7,twc_gate,A1-order+TWC,A1 order+TWC,variant,success/test,45,56790,52.1433219909668
a1_time_variants_60ep,A1 Time Encoding / Main-Branch Variants (60ep),60ep seed42 nuScenes-mini,7,twc_gate,A1-order+TWC,A1 order+TWC,variant,success/test,50,63100,52.76258087158203
a1_time_variants_60ep,A1 Time Encoding / Main-Branch Variants (60ep),60ep seed42 nuScenes-mini,7,twc_gate,A1-order+TWC,A1 order+TWC,variant,success/test,55,69410,53.15645980834961
a1_time_variants_60ep,A1 Time Encoding / Main-Branch Variants (60ep),60ep seed42 nuScenes-mini,7,twc_gate,A1-order+TWC,A1 order+TWC,variant,success/test,60,75720,51.156455993652344
a1_time_variants_60ep,A1 Time Encoding / Main-Branch Variants (60ep),60ep seed42 nuScenes-mini,7,twc_gate,A1-order+TWC,A1 order+TWC,variant,precision/test,5,6310,61.594085693359375
a1_time_variants_60ep,A1 Time Encoding / Main-Branch Variants (60ep),60ep seed42 nuScenes-mini,7,twc_gate,A1-order+TWC,A1 order+TWC,variant,precision/test,10,12620,28.489059448242188
a1_time_variants_60ep,A1 Time Encoding / Main-Branch Variants (60ep),60ep seed42 nuScenes-mini,7,twc_gate,A1-order+TWC,A1 order+TWC,variant,precision/test,15,18930,39.87417984008789
a1_time_variants_60ep,A1 Time Encoding / Main-Branch Variants (60ep),60ep seed42 nuScenes-mini,7,twc_gate,A1-order+TWC,A1 order+TWC,variant,precision/test,20,25240,54.65864562988281
a1_time_variants_60ep,A1 Time Encoding / Main-Branch Variants (60ep),60ep seed42 nuScenes-mini,7,twc_gate,A1-order+TWC,A1 order+TWC,variant,precision/test,25,31550,58.96060562133789
a1_time_variants_60ep,A1 Time Encoding / Main-Branch Variants (60ep),60ep seed42 nuScenes-mini,7,twc_gate,A1-order+TWC,A1 order+TWC,variant,precision/test,30,37860,49.02735137939453
a1_time_variants_60ep,A1 Time Encoding / Main-Branch Variants (60ep),60ep seed42 nuScenes-mini,7,twc_gate,A1-order+TWC,A1 order+TWC,variant,precision/test,35,44170,61.76367950439453
a1_time_variants_60ep,A1 Time Encoding / Main-Branch Variants (60ep),60ep seed42 nuScenes-mini,7,twc_gate,A1-order+TWC,A1 order+TWC,variant,precision/test,40,50480,59.284461975097656
a1_time_variants_60ep,A1 Time Encoding / Main-Branch Variants (60ep),60ep seed42 nuScenes-mini,7,twc_gate,A1-order+TWC,A1 order+TWC,variant,precision/test,45,56790,62.772430419921875
a1_time_variants_60ep,A1 Time Encoding / Main-Branch Variants (60ep),60ep seed42 nuScenes-mini,7,twc_gate,A1-order+TWC,A1 order+TWC,variant,precision/test,50,63100,62.65098571777344
a1_time_variants_60ep,A1 Time Encoding / Main-Branch Variants (60ep),60ep seed42 nuScenes-mini,7,twc_gate,A1-order+TWC,A1 order+TWC,variant,precision/test,55,69410,63.35011291503906
a1_time_variants_60ep,A1 Time Encoding / Main-Branch Variants (60ep),60ep seed42 nuScenes-mini,7,twc_gate,A1-order+TWC,A1 order+TWC,variant,precision/test,60,75720,61.10174560546875
a2_dynamics_variants_60ep,A2 Dynamics Variants (60ep),60ep nuScenes-mini; cand1 has fewer optimizer steps,0,main,SeqTrack baseline,SeqTrack baseline,baseline,success/test,5,6309,40.6969
a2_dynamics_variants_60ep,A2 Dynamics Variants (60ep),60ep nuScenes-mini; cand1 has fewer optimizer steps,0,main,SeqTrack baseline,SeqTrack baseline,baseline,success/test,10,12619,46.0908
a2_dynamics_variants_60ep,A2 Dynamics Variants (60ep),60ep nuScenes-mini; cand1 has fewer optimizer steps,0,main,SeqTrack baseline,SeqTrack baseline,baseline,success/test,15,18929,45.7298
a2_dynamics_variants_60ep,A2 Dynamics Variants (60ep),60ep nuScenes-mini; cand1 has fewer optimizer steps,0,main,SeqTrack baseline,SeqTrack baseline,baseline,success/test,20,25239,42.8851
a2_dynamics_variants_60ep,A2 Dynamics Variants (60ep),60ep nuScenes-mini; cand1 has fewer optimizer steps,0,main,SeqTrack baseline,SeqTrack baseline,baseline,success/test,25,31549,51.7363
a2_dynamics_variants_60ep,A2 Dynamics Variants (60ep),60ep nuScenes-mini; cand1 has fewer optimizer steps,0,main,SeqTrack baseline,SeqTrack baseline,baseline,success/test,30,37859,48.9289
a2_dynamics_variants_60ep,A2 Dynamics Variants (60ep),60ep nuScenes-mini; cand1 has fewer optimizer steps,0,main,SeqTrack baseline,SeqTrack baseline,baseline,success/test,35,44169,52.2834
a2_dynamics_variants_60ep,A2 Dynamics Variants (60ep),60ep nuScenes-mini; cand1 has fewer optimizer steps,0,main,SeqTrack baseline,SeqTrack baseline,baseline,success/test,40,50479,46.4781
a2_dynamics_variants_60ep,A2 Dynamics Variants (60ep),60ep nuScenes-mini; cand1 has fewer optimizer steps,0,main,SeqTrack baseline,SeqTrack baseline,baseline,success/test,45,56789,50.4628
a2_dynamics_variants_60ep,A2 Dynamics Variants (60ep),60ep nuScenes-mini; cand1 has fewer optimizer steps,0,main,SeqTrack baseline,SeqTrack baseline,baseline,success/test,50,63099,50.2024
a2_dynamics_variants_60ep,A2 Dynamics Variants (60ep),60ep nuScenes-mini; cand1 has fewer optimizer steps,0,main,SeqTrack baseline,SeqTrack baseline,baseline,success/test,55,69409,49.1346
a2_dynamics_variants_60ep,A2 Dynamics Variants (60ep),60ep nuScenes-mini; cand1 has fewer optimizer steps,0,main,SeqTrack baseline,SeqTrack baseline,baseline,success/test,60,75719,50.9858
a2_dynamics_variants_60ep,A2 Dynamics Variants (60ep),60ep nuScenes-mini; cand1 has fewer optimizer steps,0,main,SeqTrack baseline,SeqTrack baseline,baseline,precision/test,5,6309,41.8698
a2_dynamics_variants_60ep,A2 Dynamics Variants (60ep),60ep nuScenes-mini; cand1 has fewer optimizer steps,0,main,SeqTrack baseline,SeqTrack baseline,baseline,precision/test,10,12619,65.2144
a2_dynamics_variants_60ep,A2 Dynamics Variants (60ep),60ep nuScenes-mini; cand1 has fewer optimizer steps,0,main,SeqTrack baseline,SeqTrack baseline,baseline,precision/test,15,18929,50.5416
a2_dynamics_variants_60ep,A2 Dynamics Variants (60ep),60ep nuScenes-mini; cand1 has fewer optimizer steps,0,main,SeqTrack baseline,SeqTrack baseline,baseline,precision/test,20,25239,49.2309
a2_dynamics_variants_60ep,A2 Dynamics Variants (60ep),60ep nuScenes-mini; cand1 has fewer optimizer steps,0,main,SeqTrack baseline,SeqTrack baseline,baseline,precision/test,25,31549,60.6324
a2_dynamics_variants_60ep,A2 Dynamics Variants (60ep),60ep nuScenes-mini; cand1 has fewer optimizer steps,0,main,SeqTrack baseline,SeqTrack baseline,baseline,precision/test,30,37859,53.9092
a2_dynamics_variants_60ep,A2 Dynamics Variants (60ep),60ep nuScenes-mini; cand1 has fewer optimizer steps,0,main,SeqTrack baseline,SeqTrack baseline,baseline,precision/test,35,44169,62.3392
a2_dynamics_variants_60ep,A2 Dynamics Variants (60ep),60ep nuScenes-mini; cand1 has fewer optimizer steps,0,main,SeqTrack baseline,SeqTrack baseline,baseline,precision/test,40,50479,51.174
a2_dynamics_variants_60ep,A2 Dynamics Variants (60ep),60ep nuScenes-mini; cand1 has fewer optimizer steps,0,main,SeqTrack baseline,SeqTrack baseline,baseline,precision/test,45,56789,59.6105
a2_dynamics_variants_60ep,A2 Dynamics Variants (60ep),60ep nuScenes-mini; cand1 has fewer optimizer steps,0,main,SeqTrack baseline,SeqTrack baseline,baseline,precision/test,50,63099,57.3085
a2_dynamics_variants_60ep,A2 Dynamics Variants (60ep),60ep nuScenes-mini; cand1 has fewer optimizer steps,0,main,SeqTrack baseline,SeqTrack baseline,baseline,precision/test,55,69409,59.3184
a2_dynamics_variants_60ep,A2 Dynamics Variants (60ep),60ep nuScenes-mini; cand1 has fewer optimizer steps,0,main,SeqTrack baseline,SeqTrack baseline,baseline,precision/test,60,75719,59.9617
a2_dynamics_variants_60ep,A2 Dynamics Variants (60ep),60ep nuScenes-mini; cand1 has fewer optimizer steps,1,main,A2 Dynamics,A2 raw-dyn,variant,success/test,5,6309,27.13676071166992
a2_dynamics_variants_60ep,A2 Dynamics Variants (60ep),60ep nuScenes-mini; cand1 has fewer optimizer steps,1,main,A2 Dynamics,A2 raw-dyn,variant,success/test,10,12619,43.05580520629883
a2_dynamics_variants_60ep,A2 Dynamics Variants (60ep),60ep nuScenes-mini; cand1 has fewer optimizer steps,1,main,A2 Dynamics,A2 raw-dyn,variant,success/test,15,18929,43.35120391845703
a2_dynamics_variants_60ep,A2 Dynamics Variants (60ep),60ep nuScenes-mini; cand1 has fewer optimizer steps,1,main,A2 Dynamics,A2 raw-dyn,variant,success/test,20,25239,39.90481948852539
a2_dynamics_variants_60ep,A2 Dynamics Variants (60ep),60ep nuScenes-mini; cand1 has fewer optimizer steps,1,main,A2 Dynamics,A2 raw-dyn,variant,success/test,25,31549,45.35995864868164
a2_dynamics_variants_60ep,A2 Dynamics Variants (60ep),60ep nuScenes-mini; cand1 has fewer optimizer steps,1,main,A2 Dynamics,A2 raw-dyn,variant,success/test,30,37859,44.16302108764648
a2_dynamics_variants_60ep,A2 Dynamics Variants (60ep),60ep nuScenes-mini; cand1 has fewer optimizer steps,1,main,A2 Dynamics,A2 raw-dyn,variant,success/test,35,44169,44.14332962036133
a2_dynamics_variants_60ep,A2 Dynamics Variants (60ep),60ep nuScenes-mini; cand1 has fewer optimizer steps,1,main,A2 Dynamics,A2 raw-dyn,variant,success/test,40,50479,43.41028594970703
a2_dynamics_variants_60ep,A2 Dynamics Variants (60ep),60ep nuScenes-mini; cand1 has fewer optimizer steps,1,main,A2 Dynamics,A2 raw-dyn,variant,success/test,45,56789,44.44092178344727
a2_dynamics_variants_60ep,A2 Dynamics Variants (60ep),60ep nuScenes-mini; cand1 has fewer optimizer steps,1,main,A2 Dynamics,A2 raw-dyn,variant,success/test,50,63099,45.02516555786133
a2_dynamics_variants_60ep,A2 Dynamics Variants (60ep),60ep nuScenes-mini; cand1 has fewer optimizer steps,1,main,A2 Dynamics,A2 raw-dyn,variant,success/test,55,69409,44.559078216552734
a2_dynamics_variants_60ep,A2 Dynamics Variants (60ep),60ep nuScenes-mini; cand1 has fewer optimizer steps,1,main,A2 Dynamics,A2 raw-dyn,variant,success/test,60,75719,45.26586532592773
a2_dynamics_variants_60ep,A2 Dynamics Variants (60ep),60ep nuScenes-mini; cand1 has fewer optimizer steps,1,main,A2 Dynamics,A2 raw-dyn,variant,precision/test,5,6309,24.57877349853516
a2_dynamics_variants_60ep,A2 Dynamics Variants (60ep),60ep nuScenes-mini; cand1 has fewer optimizer steps,1,main,A2 Dynamics,A2 raw-dyn,variant,precision/test,10,12619,49.05251693725586
a2_dynamics_variants_60ep,A2 Dynamics Variants (60ep),60ep nuScenes-mini; cand1 has fewer optimizer steps,1,main,A2 Dynamics,A2 raw-dyn,variant,precision/test,15,18929,57.15426635742188
a2_dynamics_variants_60ep,A2 Dynamics Variants (60ep),60ep nuScenes-mini; cand1 has fewer optimizer steps,1,main,A2 Dynamics,A2 raw-dyn,variant,precision/test,20,25239,39.89934539794922
a2_dynamics_variants_60ep,A2 Dynamics Variants (60ep),60ep nuScenes-mini; cand1 has fewer optimizer steps,1,main,A2 Dynamics,A2 raw-dyn,variant,precision/test,25,31549,58.852298736572266
a2_dynamics_variants_60ep,A2 Dynamics Variants (60ep),60ep nuScenes-mini; cand1 has fewer optimizer steps,1,main,A2 Dynamics,A2 raw-dyn,variant,precision/test,30,37859,55.40919494628906
a2_dynamics_variants_60ep,A2 Dynamics Variants (60ep),60ep nuScenes-mini; cand1 has fewer optimizer steps,1,main,A2 Dynamics,A2 raw-dyn,variant,precision/test,35,44169,54.3807373046875
a2_dynamics_variants_60ep,A2 Dynamics Variants (60ep),60ep nuScenes-mini; cand1 has fewer optimizer steps,1,main,A2 Dynamics,A2 raw-dyn,variant,precision/test,40,50479,56.13129806518555
a2_dynamics_variants_60ep,A2 Dynamics Variants (60ep),60ep nuScenes-mini; cand1 has fewer optimizer steps,1,main,A2 Dynamics,A2 raw-dyn,variant,precision/test,45,56789,57.12582015991211
a2_dynamics_variants_60ep,A2 Dynamics Variants (60ep),60ep nuScenes-mini; cand1 has fewer optimizer steps,1,main,A2 Dynamics,A2 raw-dyn,variant,precision/test,50,63099,57.5612678527832
a2_dynamics_variants_60ep,A2 Dynamics Variants (60ep),60ep nuScenes-mini; cand1 has fewer optimizer steps,1,main,A2 Dynamics,A2 raw-dyn,variant,precision/test,55,69409,57.185997009277344
a2_dynamics_variants_60ep,A2 Dynamics Variants (60ep),60ep nuScenes-mini; cand1 has fewer optimizer steps,1,main,A2 Dynamics,A2 raw-dyn,variant,precision/test,60,75719,58.83151245117188
a2_dynamics_variants_60ep,A2 Dynamics Variants (60ep),60ep nuScenes-mini; cand1 has fewer optimizer steps,2,scaled,A2-scaled-dyn,A2 scaled-dyn,variant,success/test,5,6309,30.856674194335938
a2_dynamics_variants_60ep,A2 Dynamics Variants (60ep),60ep nuScenes-mini; cand1 has fewer optimizer steps,2,scaled,A2-scaled-dyn,A2 scaled-dyn,variant,success/test,10,12619,39.99671936035156
a2_dynamics_variants_60ep,A2 Dynamics Variants (60ep),60ep nuScenes-mini; cand1 has fewer optimizer steps,2,scaled,A2-scaled-dyn,A2 scaled-dyn,variant,success/test,15,18929,28.08205795288086
a2_dynamics_variants_60ep,A2 Dynamics Variants (60ep),60ep nuScenes-mini; cand1 has fewer optimizer steps,2,scaled,A2-scaled-dyn,A2 scaled-dyn,variant,success/test,20,25239,30.038291931152344
a2_dynamics_variants_60ep,A2 Dynamics Variants (60ep),60ep nuScenes-mini; cand1 has fewer optimizer steps,2,scaled,A2-scaled-dyn,A2 scaled-dyn,variant,success/test,25,31549,31.18490219116211
a2_dynamics_variants_60ep,A2 Dynamics Variants (60ep),60ep nuScenes-mini; cand1 has fewer optimizer steps,2,scaled,A2-scaled-dyn,A2 scaled-dyn,variant,success/test,30,37859,30.39715576171875
a2_dynamics_variants_60ep,A2 Dynamics Variants (60ep),60ep nuScenes-mini; cand1 has fewer optimizer steps,2,scaled,A2-scaled-dyn,A2 scaled-dyn,variant,success/test,35,44169,28.394968032836914
a2_dynamics_variants_60ep,A2 Dynamics Variants (60ep),60ep nuScenes-mini; cand1 has fewer optimizer steps,2,scaled,A2-scaled-dyn,A2 scaled-dyn,variant,success/test,40,50479,34.891685485839844
a2_dynamics_variants_60ep,A2 Dynamics Variants (60ep),60ep nuScenes-mini; cand1 has fewer optimizer steps,2,scaled,A2-scaled-dyn,A2 scaled-dyn,variant,success/test,45,56789,29.193655014038086
a2_dynamics_variants_60ep,A2 Dynamics Variants (60ep),60ep nuScenes-mini; cand1 has fewer optimizer steps,2,scaled,A2-scaled-dyn,A2 scaled-dyn,variant,success/test,50,63099,29.858863830566406
a2_dynamics_variants_60ep,A2 Dynamics Variants (60ep),60ep nuScenes-mini; cand1 has fewer optimizer steps,2,scaled,A2-scaled-dyn,A2 scaled-dyn,variant,success/test,55,69409,29.791032791137695
a2_dynamics_variants_60ep,A2 Dynamics Variants (60ep),60ep nuScenes-mini; cand1 has fewer optimizer steps,2,scaled,A2-scaled-dyn,A2 scaled-dyn,variant,success/test,60,75719,29.410287857055664
a2_dynamics_variants_60ep,A2 Dynamics Variants (60ep),60ep nuScenes-mini; cand1 has fewer optimizer steps,2,scaled,A2-scaled-dyn,A2 scaled-dyn,variant,precision/test,5,6309,33.122535705566406
a2_dynamics_variants_60ep,A2 Dynamics Variants (60ep),60ep nuScenes-mini; cand1 has fewer optimizer steps,2,scaled,A2-scaled-dyn,A2 scaled-dyn,variant,precision/test,10,12619,43.676151275634766
a2_dynamics_variants_60ep,A2 Dynamics Variants (60ep),60ep nuScenes-mini; cand1 has fewer optimizer steps,2,scaled,A2-scaled-dyn,A2 scaled-dyn,variant,precision/test,15,18929,31.25820541381836
a2_dynamics_variants_60ep,A2 Dynamics Variants (60ep),60ep nuScenes-mini; cand1 has fewer optimizer steps,2,scaled,A2-scaled-dyn,A2 scaled-dyn,variant,precision/test,20,25239,32.42888641357422
a2_dynamics_variants_60ep,A2 Dynamics Variants (60ep),60ep nuScenes-mini; cand1 has fewer optimizer steps,2,scaled,A2-scaled-dyn,A2 scaled-dyn,variant,precision/test,25,31549,32.40043640136719
a2_dynamics_variants_60ep,A2 Dynamics Variants (60ep),60ep nuScenes-mini; cand1 has fewer optimizer steps,2,scaled,A2-scaled-dyn,A2 scaled-dyn,variant,precision/test,30,37859,31.355581283569336
a2_dynamics_variants_60ep,A2 Dynamics Variants (60ep),60ep nuScenes-mini; cand1 has fewer optimizer steps,2,scaled,A2-scaled-dyn,A2 scaled-dyn,variant,precision/test,35,44169,28.807443618774414
a2_dynamics_variants_60ep,A2 Dynamics Variants (60ep),60ep nuScenes-mini; cand1 has fewer optimizer steps,2,scaled,A2-scaled-dyn,A2 scaled-dyn,variant,precision/test,40,50479,40.669586181640625
a2_dynamics_variants_60ep,A2 Dynamics Variants (60ep),60ep nuScenes-mini; cand1 has fewer optimizer steps,2,scaled,A2-scaled-dyn,A2 scaled-dyn,variant,precision/test,45,56789,30.620351791381836
a2_dynamics_variants_60ep,A2 Dynamics Variants (60ep),60ep nuScenes-mini; cand1 has fewer optimizer steps,2,scaled,A2-scaled-dyn,A2 scaled-dyn,variant,precision/test,50,63099,31.590810775756836
a2_dynamics_variants_60ep,A2 Dynamics Variants (60ep),60ep nuScenes-mini; cand1 has fewer optimizer steps,2,scaled,A2-scaled-dyn,A2 scaled-dyn,variant,precision/test,55,69409,31.416851043701172
a2_dynamics_variants_60ep,A2 Dynamics Variants (60ep),60ep nuScenes-mini; cand1 has fewer optimizer steps,2,scaled,A2-scaled-dyn,A2 scaled-dyn,variant,precision/test,60,75719,31.51422119140625
a2_dynamics_variants_60ep,A2 Dynamics Variants (60ep),60ep nuScenes-mini; cand1 has fewer optimizer steps,3,order,A2-order-dyn,A2 order-dyn seed42,variant,success/test,5,6309,28.206787109375
a2_dynamics_variants_60ep,A2 Dynamics Variants (60ep),60ep nuScenes-mini; cand1 has fewer optimizer steps,3,order,A2-order-dyn,A2 order-dyn seed42,variant,success/test,10,12619,51.31619644165039
a2_dynamics_variants_60ep,A2 Dynamics Variants (60ep),60ep nuScenes-mini; cand1 has fewer optimizer steps,3,order,A2-order-dyn,A2 order-dyn seed42,variant,success/test,15,18929,43.98577880859375
a2_dynamics_variants_60ep,A2 Dynamics Variants (60ep),60ep nuScenes-mini; cand1 has fewer optimizer steps,3,order,A2-order-dyn,A2 order-dyn seed42,variant,success/test,20,25239,40.847923278808594
a2_dynamics_variants_60ep,A2 Dynamics Variants (60ep),60ep nuScenes-mini; cand1 has fewer optimizer steps,3,order,A2-order-dyn,A2 order-dyn seed42,variant,success/test,25,31549,50.35120391845703
a2_dynamics_variants_60ep,A2 Dynamics Variants (60ep),60ep nuScenes-mini; cand1 has fewer optimizer steps,3,order,A2-order-dyn,A2 order-dyn seed42,variant,success/test,30,37859,44.2614860534668
a2_dynamics_variants_60ep,A2 Dynamics Variants (60ep),60ep nuScenes-mini; cand1 has fewer optimizer steps,3,order,A2-order-dyn,A2 order-dyn seed42,variant,success/test,35,44169,49.95732879638672
a2_dynamics_variants_60ep,A2 Dynamics Variants (60ep),60ep nuScenes-mini; cand1 has fewer optimizer steps,3,order,A2-order-dyn,A2 order-dyn seed42,variant,success/test,40,50479,51.15207290649414
a2_dynamics_variants_60ep,A2 Dynamics Variants (60ep),60ep nuScenes-mini; cand1 has fewer optimizer steps,3,order,A2-order-dyn,A2 order-dyn seed42,variant,success/test,45,56789,51.54158020019531
a2_dynamics_variants_60ep,A2 Dynamics Variants (60ep),60ep nuScenes-mini; cand1 has fewer optimizer steps,3,order,A2-order-dyn,A2 order-dyn seed42,variant,success/test,50,63099,50.19365692138672
a2_dynamics_variants_60ep,A2 Dynamics Variants (60ep),60ep nuScenes-mini; cand1 has fewer optimizer steps,3,order,A2-order-dyn,A2 order-dyn seed42,variant,success/test,55,69409,49.156455993652344
a2_dynamics_variants_60ep,A2 Dynamics Variants (60ep),60ep nuScenes-mini; cand1 has fewer optimizer steps,3,order,A2-order-dyn,A2 order-dyn seed42,variant,success/test,60,75719,50.961708068847656
a2_dynamics_variants_60ep,A2 Dynamics Variants (60ep),60ep nuScenes-mini; cand1 has fewer optimizer steps,3,order,A2-order-dyn,A2 order-dyn seed42,variant,precision/test,5,6309,27.129104614257812
a2_dynamics_variants_60ep,A2 Dynamics Variants (60ep),60ep nuScenes-mini; cand1 has fewer optimizer steps,3,order,A2-order-dyn,A2 order-dyn seed42,variant,precision/test,10,12619,63.573307037353516
a2_dynamics_variants_60ep,A2 Dynamics Variants (60ep),60ep nuScenes-mini; cand1 has fewer optimizer steps,3,order,A2-order-dyn,A2 order-dyn seed42,variant,precision/test,15,18929,58.25929641723633
a2_dynamics_variants_60ep,A2 Dynamics Variants (60ep),60ep nuScenes-mini; cand1 has fewer optimizer steps,3,order,A2-order-dyn,A2 order-dyn seed42,variant,precision/test,20,25239,51.07986831665039
a2_dynamics_variants_60ep,A2 Dynamics Variants (60ep),60ep nuScenes-mini; cand1 has fewer optimizer steps,3,order,A2-order-dyn,A2 order-dyn seed42,variant,precision/test,25,31549,63.44639587402344
a2_dynamics_variants_60ep,A2 Dynamics Variants (60ep),60ep nuScenes-mini; cand1 has fewer optimizer steps,3,order,A2-order-dyn,A2 order-dyn seed42,variant,precision/test,30,37859,56.505470275878906
a2_dynamics_variants_60ep,A2 Dynamics Variants (60ep),60ep nuScenes-mini; cand1 has fewer optimizer steps,3,order,A2-order-dyn,A2 order-dyn seed42,variant,precision/test,35,44169,60.55799102783203
a2_dynamics_variants_60ep,A2 Dynamics Variants (60ep),60ep nuScenes-mini; cand1 has fewer optimizer steps,3,order,A2-order-dyn,A2 order-dyn seed42,variant,precision/test,40,50479,62.92231750488281
a2_dynamics_variants_60ep,A2 Dynamics Variants (60ep),60ep nuScenes-mini; cand1 has fewer optimizer steps,3,order,A2-order-dyn,A2 order-dyn seed42,variant,precision/test,45,56789,63.214439392089844
a2_dynamics_variants_60ep,A2 Dynamics Variants (60ep),60ep nuScenes-mini; cand1 has fewer optimizer steps,3,order,A2-order-dyn,A2 order-dyn seed42,variant,precision/test,50,63099,62.531734466552734
a2_dynamics_variants_60ep,A2 Dynamics Variants (60ep),60ep nuScenes-mini; cand1 has fewer optimizer steps,3,order,A2-order-dyn,A2 order-dyn seed42,variant,precision/test,55,69409,60.62144088745117
a2_dynamics_variants_60ep,A2 Dynamics Variants (60ep),60ep nuScenes-mini; cand1 has fewer optimizer steps,3,order,A2-order-dyn,A2 order-dyn seed42,variant,precision/test,60,75719,63.31401062011719
a2_dynamics_variants_60ep,A2 Dynamics Variants (60ep),60ep nuScenes-mini; cand1 has fewer optimizer steps,4,cand_disp,A2-order-dyn-cand1,A2 cand1,variant,success/test,5,1574,40.64442443847656
a2_dynamics_variants_60ep,A2 Dynamics Variants (60ep),60ep nuScenes-mini; cand1 has fewer optimizer steps,4,cand_disp,A2-order-dyn-cand1,A2 cand1,variant,success/test,10,3149,41.98577880859375
a2_dynamics_variants_60ep,A2 Dynamics Variants (60ep),60ep nuScenes-mini; cand1 has fewer optimizer steps,4,cand_disp,A2-order-dyn-cand1,A2 cand1,variant,success/test,15,4724,31.515316009521484
a2_dynamics_variants_60ep,A2 Dynamics Variants (60ep),60ep nuScenes-mini; cand1 has fewer optimizer steps,4,cand_disp,A2-order-dyn-cand1,A2 cand1,variant,success/test,20,6299,29.0010929107666
a2_dynamics_variants_60ep,A2 Dynamics Variants (60ep),60ep nuScenes-mini; cand1 has fewer optimizer steps,4,cand_disp,A2-order-dyn-cand1,A2 cand1,variant,success/test,25,7874,31.605031967163086
a2_dynamics_variants_60ep,A2 Dynamics Variants (60ep),60ep nuScenes-mini; cand1 has fewer optimizer steps,4,cand_disp,A2-order-dyn-cand1,A2 cand1,variant,success/test,30,9449,29.21772575378418
a2_dynamics_variants_60ep,A2 Dynamics Variants (60ep),60ep nuScenes-mini; cand1 has fewer optimizer steps,4,cand_disp,A2-order-dyn-cand1,A2 cand1,variant,success/test,35,11024,27.664112091064453
a2_dynamics_variants_60ep,A2 Dynamics Variants (60ep),60ep nuScenes-mini; cand1 has fewer optimizer steps,4,cand_disp,A2-order-dyn-cand1,A2 cand1,variant,success/test,40,12599,26.60503387451172
a2_dynamics_variants_60ep,A2 Dynamics Variants (60ep),60ep nuScenes-mini; cand1 has fewer optimizer steps,4,cand_disp,A2-order-dyn-cand1,A2 cand1,variant,success/test,45,14174,28.18927764892578
a2_dynamics_variants_60ep,A2 Dynamics Variants (60ep),60ep nuScenes-mini; cand1 has fewer optimizer steps,4,cand_disp,A2-order-dyn-cand1,A2 cand1,variant,success/test,50,15749,26.355579376220703
a2_dynamics_variants_60ep,A2 Dynamics Variants (60ep),60ep nuScenes-mini; cand1 has fewer optimizer steps,4,cand_disp,A2-order-dyn-cand1,A2 cand1,variant,success/test,55,17324,25.89387321472168
a2_dynamics_variants_60ep,A2 Dynamics Variants (60ep),60ep nuScenes-mini; cand1 has fewer optimizer steps,4,cand_disp,A2-order-dyn-cand1,A2 cand1,variant,success/test,60,18899,26.677244186401367
a2_dynamics_variants_60ep,A2 Dynamics Variants (60ep),60ep nuScenes-mini; cand1 has fewer optimizer steps,4,cand_disp,A2-order-dyn-cand1,A2 cand1,variant,precision/test,5,1574,54.624725341796875
a2_dynamics_variants_60ep,A2 Dynamics Variants (60ep),60ep nuScenes-mini; cand1 has fewer optimizer steps,4,cand_disp,A2-order-dyn-cand1,A2 cand1,variant,precision/test,10,3149,48.81181716918945
a2_dynamics_variants_60ep,A2 Dynamics Variants (60ep),60ep nuScenes-mini; cand1 has fewer optimizer steps,4,cand_disp,A2-order-dyn-cand1,A2 cand1,variant,precision/test,15,4724,36.96936798095703
a2_dynamics_variants_60ep,A2 Dynamics Variants (60ep),60ep nuScenes-mini; cand1 has fewer optimizer steps,4,cand_disp,A2-order-dyn-cand1,A2 cand1,variant,precision/test,20,6299,30.161922454833984
a2_dynamics_variants_60ep,A2 Dynamics Variants (60ep),60ep nuScenes-mini; cand1 has fewer optimizer steps,4,cand_disp,A2-order-dyn-cand1,A2 cand1,variant,precision/test,25,7874,29.317289352416992
a2_dynamics_variants_60ep,A2 Dynamics Variants (60ep),60ep nuScenes-mini; cand1 has fewer optimizer steps,4,cand_disp,A2-order-dyn-cand1,A2 cand1,variant,precision/test,30,9449,27.56127166748047
a2_dynamics_variants_60ep,A2 Dynamics Variants (60ep),60ep nuScenes-mini; cand1 has fewer optimizer steps,4,cand_disp,A2-order-dyn-cand1,A2 cand1,variant,precision/test,35,11024,27.064552307128906
a2_dynamics_variants_60ep,A2 Dynamics Variants (60ep),60ep nuScenes-mini; cand1 has fewer optimizer steps,4,cand_disp,A2-order-dyn-cand1,A2 cand1,variant,precision/test,40,12599,25.130197525024414
a2_dynamics_variants_60ep,A2 Dynamics Variants (60ep),60ep nuScenes-mini; cand1 has fewer optimizer steps,4,cand_disp,A2-order-dyn-cand1,A2 cand1,variant,precision/test,45,14174,25.978118896484375
a2_dynamics_variants_60ep,A2 Dynamics Variants (60ep),60ep nuScenes-mini; cand1 has fewer optimizer steps,4,cand_disp,A2-order-dyn-cand1,A2 cand1,variant,precision/test,50,15749,24.873083114624023
a2_dynamics_variants_60ep,A2 Dynamics Variants (60ep),60ep nuScenes-mini; cand1 has fewer optimizer steps,4,cand_disp,A2-order-dyn-cand1,A2 cand1,variant,precision/test,55,17324,24.08643341064453
a2_dynamics_variants_60ep,A2 Dynamics Variants (60ep),60ep nuScenes-mini; cand1 has fewer optimizer steps,4,cand_disp,A2-order-dyn-cand1,A2 cand1,variant,precision/test,60,18899,24.4989070892334
a2_dynamics_variants_60ep,A2 Dynamics Variants (60ep),60ep nuScenes-mini; cand1 has fewer optimizer steps,5,cand_disp,A2-order-dyn-disp,A2 dyn+disp,variant,success/test,5,6309,26.031728744506836
a2_dynamics_variants_60ep,A2 Dynamics Variants (60ep),60ep nuScenes-mini; cand1 has fewer optimizer steps,5,cand_disp,A2-order-dyn-disp,A2 dyn+disp,variant,success/test,10,12619,52.44091796875
a2_dynamics_variants_60ep,A2 Dynamics Variants (60ep),60ep nuScenes-mini; cand1 has fewer optimizer steps,5,cand_disp,A2-order-dyn-disp,A2 dyn+disp,variant,success/test,15,18929,40.950767517089844
a2_dynamics_variants_60ep,A2 Dynamics Variants (60ep),60ep nuScenes-mini; cand1 has fewer optimizer steps,5,cand_disp,A2-order-dyn-disp,A2 dyn+disp,variant,success/test,20,25239,27.52406883239746
a2_dynamics_variants_60ep,A2 Dynamics Variants (60ep),60ep nuScenes-mini; cand1 has fewer optimizer steps,5,cand_disp,A2-order-dyn-disp,A2 dyn+disp,variant,success/test,25,31549,45.7625846862793
a2_dynamics_variants_60ep,A2 Dynamics Variants (60ep),60ep nuScenes-mini; cand1 has fewer optimizer steps,5,cand_disp,A2-order-dyn-disp,A2 dyn+disp,variant,success/test,30,37859,44.89387130737305
a2_dynamics_variants_60ep,A2 Dynamics Variants (60ep),60ep nuScenes-mini; cand1 has fewer optimizer steps,5,cand_disp,A2-order-dyn-disp,A2 dyn+disp,variant,success/test,35,44169,47.98796844482422
a2_dynamics_variants_60ep,A2 Dynamics Variants (60ep),60ep nuScenes-mini; cand1 has fewer optimizer steps,5,cand_disp,A2-order-dyn-disp,A2 dyn+disp,variant,success/test,40,50479,50.81071853637695
a2_dynamics_variants_60ep,A2 Dynamics Variants (60ep),60ep nuScenes-mini; cand1 has fewer optimizer steps,5,cand_disp,A2-order-dyn-disp,A2 dyn+disp,variant,success/test,45,56789,51.097373962402344
a2_dynamics_variants_60ep,A2 Dynamics Variants (60ep),60ep nuScenes-mini; cand1 has fewer optimizer steps,5,cand_disp,A2-order-dyn-disp,A2 dyn+disp,variant,success/test,50,63099,49.95733642578125
a2_dynamics_variants_60ep,A2 Dynamics Variants (60ep),60ep nuScenes-mini; cand1 has fewer optimizer steps,5,cand_disp,A2-order-dyn-disp,A2 dyn+disp,variant,success/test,55,69409,49.62254333496094
a2_dynamics_variants_60ep,A2 Dynamics Variants (60ep),60ep nuScenes-mini; cand1 has fewer optimizer steps,5,cand_disp,A2-order-dyn-disp,A2 dyn+disp,variant,success/test,60,75719,50.54157257080078
a2_dynamics_variants_60ep,A2 Dynamics Variants (60ep),60ep nuScenes-mini; cand1 has fewer optimizer steps,5,cand_disp,A2-order-dyn-disp,A2 dyn+disp,variant,precision/test,5,6309,31.40591049194336
a2_dynamics_variants_60ep,A2 Dynamics Variants (60ep),60ep nuScenes-mini; cand1 has fewer optimizer steps,5,cand_disp,A2-order-dyn-disp,A2 dyn+disp,variant,precision/test,10,12619,64.42013549804688
a2_dynamics_variants_60ep,A2 Dynamics Variants (60ep),60ep nuScenes-mini; cand1 has fewer optimizer steps,5,cand_disp,A2-order-dyn-disp,A2 dyn+disp,variant,precision/test,15,18929,51.6761474609375
a2_dynamics_variants_60ep,A2 Dynamics Variants (60ep),60ep nuScenes-mini; cand1 has fewer optimizer steps,5,cand_disp,A2-order-dyn-disp,A2 dyn+disp,variant,precision/test,20,25239,22.912471771240234
a2_dynamics_variants_60ep,A2 Dynamics Variants (60ep),60ep nuScenes-mini; cand1 has fewer optimizer steps,5,cand_disp,A2-order-dyn-disp,A2 dyn+disp,variant,precision/test,25,31549,57.03610610961914
a2_dynamics_variants_60ep,A2 Dynamics Variants (60ep),60ep nuScenes-mini; cand1 has fewer optimizer steps,5,cand_disp,A2-order-dyn-disp,A2 dyn+disp,variant,precision/test,30,37859,54.59737014770508
a2_dynamics_variants_60ep,A2 Dynamics Variants (60ep),60ep nuScenes-mini; cand1 has fewer optimizer steps,5,cand_disp,A2-order-dyn-disp,A2 dyn+disp,variant,precision/test,35,44169,57.84027099609375
a2_dynamics_variants_60ep,A2 Dynamics Variants (60ep),60ep nuScenes-mini; cand1 has fewer optimizer steps,5,cand_disp,A2-order-dyn-disp,A2 dyn+disp,variant,precision/test,40,50479,64.80853271484375
a2_dynamics_variants_60ep,A2 Dynamics Variants (60ep),60ep nuScenes-mini; cand1 has fewer optimizer steps,5,cand_disp,A2-order-dyn-disp,A2 dyn+disp,variant,precision/test,45,56789,63.824947357177734
a2_dynamics_variants_60ep,A2 Dynamics Variants (60ep),60ep nuScenes-mini; cand1 has fewer optimizer steps,5,cand_disp,A2-order-dyn-disp,A2 dyn+disp,variant,precision/test,50,63099,62.5864372253418
a2_dynamics_variants_60ep,A2 Dynamics Variants (60ep),60ep nuScenes-mini; cand1 has fewer optimizer steps,5,cand_disp,A2-order-dyn-disp,A2 dyn+disp,variant,precision/test,55,69409,61.79978942871094
a2_dynamics_variants_60ep,A2 Dynamics Variants (60ep),60ep nuScenes-mini; cand1 has fewer optimizer steps,5,cand_disp,A2-order-dyn-disp,A2 dyn+disp,variant,precision/test,60,75719,63.847923278808594
a2_dynamics_variants_60ep,A2 Dynamics Variants (60ep),60ep nuScenes-mini; cand1 has fewer optimizer steps,6,twc_gate,A2-order-dyn+TWC,A2 dyn+TWC .05,variant,success/test,5,6310,36.06454849243164
a2_dynamics_variants_60ep,A2 Dynamics Variants (60ep),60ep nuScenes-mini; cand1 has fewer optimizer steps,6,twc_gate,A2-order-dyn+TWC,A2 dyn+TWC .05,variant,success/test,10,12620,45.235233306884766
a2_dynamics_variants_60ep,A2 Dynamics Variants (60ep),60ep nuScenes-mini; cand1 has fewer optimizer steps,6,twc_gate,A2-order-dyn+TWC,A2 dyn+TWC .05,variant,success/test,15,18930,24.025161743164062
a2_dynamics_variants_60ep,A2 Dynamics Variants (60ep),60ep nuScenes-mini; cand1 has fewer optimizer steps,6,twc_gate,A2-order-dyn+TWC,A2 dyn+TWC .05,variant,success/test,20,25240,26.394969940185547
a2_dynamics_variants_60ep,A2 Dynamics Variants (60ep),60ep nuScenes-mini; cand1 has fewer optimizer steps,6,twc_gate,A2-order-dyn+TWC,A2 dyn+TWC .05,variant,success/test,25,31550,34.28118133544922
a2_dynamics_variants_60ep,A2 Dynamics Variants (60ep),60ep nuScenes-mini; cand1 has fewer optimizer steps,6,twc_gate,A2-order-dyn+TWC,A2 dyn+TWC .05,variant,success/test,30,37860,26.968273162841797
a2_dynamics_variants_60ep,A2 Dynamics Variants (60ep),60ep nuScenes-mini; cand1 has fewer optimizer steps,6,twc_gate,A2-order-dyn+TWC,A2 dyn+TWC .05,variant,success/test,35,44170,31.419038772583008
a2_dynamics_variants_60ep,A2 Dynamics Variants (60ep),60ep nuScenes-mini; cand1 has fewer optimizer steps,6,twc_gate,A2-order-dyn+TWC,A2 dyn+TWC .05,variant,success/test,40,50480,29.014223098754883
a2_dynamics_variants_60ep,A2 Dynamics Variants (60ep),60ep nuScenes-mini; cand1 has fewer optimizer steps,6,twc_gate,A2-order-dyn+TWC,A2 dyn+TWC .05,variant,success/test,45,56790,28.882932662963867
a2_dynamics_variants_60ep,A2 Dynamics Variants (60ep),60ep nuScenes-mini; cand1 has fewer optimizer steps,6,twc_gate,A2-order-dyn+TWC,A2 dyn+TWC .05,variant,success/test,50,63100,27.624725341796875
a2_dynamics_variants_60ep,A2 Dynamics Variants (60ep),60ep nuScenes-mini; cand1 has fewer optimizer steps,6,twc_gate,A2-order-dyn+TWC,A2 dyn+TWC .05,variant,success/test,55,69410,28.285560607910156
a2_dynamics_variants_60ep,A2 Dynamics Variants (60ep),60ep nuScenes-mini; cand1 has fewer optimizer steps,6,twc_gate,A2-order-dyn+TWC,A2 dyn+TWC .05,variant,success/test,60,75720,28.230854034423828
a2_dynamics_variants_60ep,A2 Dynamics Variants (60ep),60ep nuScenes-mini; cand1 has fewer optimizer steps,6,twc_gate,A2-order-dyn+TWC,A2 dyn+TWC .05,variant,precision/test,5,6310,57.432167053222656
a2_dynamics_variants_60ep,A2 Dynamics Variants (60ep),60ep nuScenes-mini; cand1 has fewer optimizer steps,6,twc_gate,A2-order-dyn+TWC,A2 dyn+TWC .05,variant,precision/test,10,12620,50.39934539794922
a2_dynamics_variants_60ep,A2 Dynamics Variants (60ep),60ep nuScenes-mini; cand1 has fewer optimizer steps,6,twc_gate,A2-order-dyn+TWC,A2 dyn+TWC .05,variant,precision/test,15,18930,22.714441299438477
a2_dynamics_variants_60ep,A2 Dynamics Variants (60ep),60ep nuScenes-mini; cand1 has fewer optimizer steps,6,twc_gate,A2-order-dyn+TWC,A2 dyn+TWC .05,variant,precision/test,20,25240,28.356678009033203
a2_dynamics_variants_60ep,A2 Dynamics Variants (60ep),60ep nuScenes-mini; cand1 has fewer optimizer steps,6,twc_gate,A2-order-dyn+TWC,A2 dyn+TWC .05,variant,precision/test,25,31550,40.19037628173828
a2_dynamics_variants_60ep,A2 Dynamics Variants (60ep),60ep nuScenes-mini; cand1 has fewer optimizer steps,6,twc_gate,A2-order-dyn+TWC,A2 dyn+TWC .05,variant,precision/test,30,37860,28.749454498291016
a2_dynamics_variants_60ep,A2 Dynamics Variants (60ep),60ep nuScenes-mini; cand1 has fewer optimizer steps,6,twc_gate,A2-order-dyn+TWC,A2 dyn+TWC .05,variant,precision/test,35,44170,36.78993606567383
a2_dynamics_variants_60ep,A2 Dynamics Variants (60ep),60ep nuScenes-mini; cand1 has fewer optimizer steps,6,twc_gate,A2-order-dyn+TWC,A2 dyn+TWC .05,variant,precision/test,40,50480,33.54486083984375
a2_dynamics_variants_60ep,A2 Dynamics Variants (60ep),60ep nuScenes-mini; cand1 has fewer optimizer steps,6,twc_gate,A2-order-dyn+TWC,A2 dyn+TWC .05,variant,precision/test,45,56790,32.94310760498047
a2_dynamics_variants_60ep,A2 Dynamics Variants (60ep),60ep nuScenes-mini; cand1 has fewer optimizer steps,6,twc_gate,A2-order-dyn+TWC,A2 dyn+TWC .05,variant,precision/test,50,63100,29.9989070892334
a2_dynamics_variants_60ep,A2 Dynamics Variants (60ep),60ep nuScenes-mini; cand1 has fewer optimizer steps,6,twc_gate,A2-order-dyn+TWC,A2 dyn+TWC .05,variant,precision/test,55,69410,31.725383758544922
a2_dynamics_variants_60ep,A2 Dynamics Variants (60ep),60ep nuScenes-mini; cand1 has fewer optimizer steps,6,twc_gate,A2-order-dyn+TWC,A2 dyn+TWC .05,variant,precision/test,60,75720,32.03719711303711
a2_dynamics_variants_60ep,A2 Dynamics Variants (60ep),60ep nuScenes-mini; cand1 has fewer optimizer steps,7,latest,A2-order-dyn+TWC w0.01 seed42,A2 dyn+TWC .01,variant,success/test,5,6310,30.26805305480957
a2_dynamics_variants_60ep,A2 Dynamics Variants (60ep),60ep nuScenes-mini; cand1 has fewer optimizer steps,7,latest,A2-order-dyn+TWC w0.01 seed42,A2 dyn+TWC .01,variant,success/test,10,12620,26.39715576171875
a2_dynamics_variants_60ep,A2 Dynamics Variants (60ep),60ep nuScenes-mini; cand1 has fewer optimizer steps,7,latest,A2-order-dyn+TWC w0.01 seed42,A2 dyn+TWC .01,variant,success/test,15,18930,23.30087661743164
a2_dynamics_variants_60ep,A2 Dynamics Variants (60ep),60ep nuScenes-mini; cand1 has fewer optimizer steps,7,latest,A2-order-dyn+TWC w0.01 seed42,A2 dyn+TWC .01,variant,success/test,20,25240,26.524070739746094
a2_dynamics_variants_60ep,A2 Dynamics Variants (60ep),60ep nuScenes-mini; cand1 has fewer optimizer steps,7,latest,A2-order-dyn+TWC w0.01 seed42,A2 dyn+TWC .01,variant,success/test,25,31550,26.386213302612305
a2_dynamics_variants_60ep,A2 Dynamics Variants (60ep),60ep nuScenes-mini; cand1 has fewer optimizer steps,7,latest,A2-order-dyn+TWC w0.01 seed42,A2 dyn+TWC .01,variant,success/test,30,37860,24.090810775756836
a2_dynamics_variants_60ep,A2 Dynamics Variants (60ep),60ep nuScenes-mini; cand1 has fewer optimizer steps,7,latest,A2-order-dyn+TWC w0.01 seed42,A2 dyn+TWC .01,variant,success/test,35,44170,22.34682846069336
a2_dynamics_variants_60ep,A2 Dynamics Variants (60ep),60ep nuScenes-mini; cand1 has fewer optimizer steps,7,latest,A2-order-dyn+TWC w0.01 seed42,A2 dyn+TWC .01,variant,success/test,40,50480,21.34026527404785
a2_dynamics_variants_60ep,A2 Dynamics Variants (60ep),60ep nuScenes-mini; cand1 has fewer optimizer steps,7,latest,A2-order-dyn+TWC w0.01 seed42,A2 dyn+TWC .01,variant,success/test,45,56790,22.98796844482422
a2_dynamics_variants_60ep,A2 Dynamics Variants (60ep),60ep nuScenes-mini; cand1 has fewer optimizer steps,7,latest,A2-order-dyn+TWC w0.01 seed42,A2 dyn+TWC .01,variant,success/test,50,63100,23.007659912109375
a2_dynamics_variants_60ep,A2 Dynamics Variants (60ep),60ep nuScenes-mini; cand1 has fewer optimizer steps,7,latest,A2-order-dyn+TWC w0.01 seed42,A2 dyn+TWC .01,variant,success/test,55,69410,22.618162155151367
a2_dynamics_variants_60ep,A2 Dynamics Variants (60ep),60ep nuScenes-mini; cand1 has fewer optimizer steps,7,latest,A2-order-dyn+TWC w0.01 seed42,A2 dyn+TWC .01,variant,success/test,60,75720,22.878559112548828
a2_dynamics_variants_60ep,A2 Dynamics Variants (60ep),60ep nuScenes-mini; cand1 has fewer optimizer steps,7,latest,A2-order-dyn+TWC w0.01 seed42,A2 dyn+TWC .01,variant,precision/test,5,6310,32.156455993652344
a2_dynamics_variants_60ep,A2 Dynamics Variants (60ep),60ep nuScenes-mini; cand1 has fewer optimizer steps,7,latest,A2-order-dyn+TWC w0.01 seed42,A2 dyn+TWC .01,variant,precision/test,10,12620,30.056894302368164
a2_dynamics_variants_60ep,A2 Dynamics Variants (60ep),60ep nuScenes-mini; cand1 has fewer optimizer steps,7,latest,A2-order-dyn+TWC w0.01 seed42,A2 dyn+TWC .01,variant,precision/test,15,18930,22.671772003173828
a2_dynamics_variants_60ep,A2 Dynamics Variants (60ep),60ep nuScenes-mini; cand1 has fewer optimizer steps,7,latest,A2-order-dyn+TWC w0.01 seed42,A2 dyn+TWC .01,variant,precision/test,20,25240,27.026260375976562
a2_dynamics_variants_60ep,A2 Dynamics Variants (60ep),60ep nuScenes-mini; cand1 has fewer optimizer steps,7,latest,A2-order-dyn+TWC w0.01 seed42,A2 dyn+TWC .01,variant,precision/test,25,31550,28.51969337463379
a2_dynamics_variants_60ep,A2 Dynamics Variants (60ep),60ep nuScenes-mini; cand1 has fewer optimizer steps,7,latest,A2-order-dyn+TWC w0.01 seed42,A2 dyn+TWC .01,variant,precision/test,30,37860,25.42560386657715
a2_dynamics_variants_60ep,A2 Dynamics Variants (60ep),60ep nuScenes-mini; cand1 has fewer optimizer steps,7,latest,A2-order-dyn+TWC w0.01 seed42,A2 dyn+TWC .01,variant,precision/test,35,44170,23.263675689697266
a2_dynamics_variants_60ep,A2 Dynamics Variants (60ep),60ep nuScenes-mini; cand1 has fewer optimizer steps,7,latest,A2-order-dyn+TWC w0.01 seed42,A2 dyn+TWC .01,variant,precision/test,40,50480,21.789936065673828
a2_dynamics_variants_60ep,A2 Dynamics Variants (60ep),60ep nuScenes-mini; cand1 has fewer optimizer steps,7,latest,A2-order-dyn+TWC w0.01 seed42,A2 dyn+TWC .01,variant,precision/test,45,56790,24.635665893554688
a2_dynamics_variants_60ep,A2 Dynamics Variants (60ep),60ep nuScenes-mini; cand1 has fewer optimizer steps,7,latest,A2-order-dyn+TWC w0.01 seed42,A2 dyn+TWC .01,variant,precision/test,50,63100,24.471553802490234
a2_dynamics_variants_60ep,A2 Dynamics Variants (60ep),60ep nuScenes-mini; cand1 has fewer optimizer steps,7,latest,A2-order-dyn+TWC w0.01 seed42,A2 dyn+TWC .01,variant,precision/test,55,69410,23.690372467041016
a2_dynamics_variants_60ep,A2 Dynamics Variants (60ep),60ep nuScenes-mini; cand1 has fewer optimizer steps,7,latest,A2-order-dyn+TWC w0.01 seed42,A2 dyn+TWC .01,variant,precision/test,60,75720,24.269147872924805
twc_related_60ep,TWC-Related Runs (60ep),60ep nuScenes-mini; active TWC validity fixed,0,twc_gate,SeqTrack baseline,SeqTrack baseline,baseline,success/test,5,6309,40.6969
twc_related_60ep,TWC-Related Runs (60ep),60ep nuScenes-mini; active TWC validity fixed,0,twc_gate,SeqTrack baseline,SeqTrack baseline,baseline,success/test,10,12619,46.0908
twc_related_60ep,TWC-Related Runs (60ep),60ep nuScenes-mini; active TWC validity fixed,0,twc_gate,SeqTrack baseline,SeqTrack baseline,baseline,success/test,15,18929,45.7298
twc_related_60ep,TWC-Related Runs (60ep),60ep nuScenes-mini; active TWC validity fixed,0,twc_gate,SeqTrack baseline,SeqTrack baseline,baseline,success/test,20,25239,42.8851
twc_related_60ep,TWC-Related Runs (60ep),60ep nuScenes-mini; active TWC validity fixed,0,twc_gate,SeqTrack baseline,SeqTrack baseline,baseline,success/test,25,31549,51.7363
twc_related_60ep,TWC-Related Runs (60ep),60ep nuScenes-mini; active TWC validity fixed,0,twc_gate,SeqTrack baseline,SeqTrack baseline,baseline,success/test,30,37859,48.9289
twc_related_60ep,TWC-Related Runs (60ep),60ep nuScenes-mini; active TWC validity fixed,0,twc_gate,SeqTrack baseline,SeqTrack baseline,baseline,success/test,35,44169,52.2834
twc_related_60ep,TWC-Related Runs (60ep),60ep nuScenes-mini; active TWC validity fixed,0,twc_gate,SeqTrack baseline,SeqTrack baseline,baseline,success/test,40,50479,46.4781
twc_related_60ep,TWC-Related Runs (60ep),60ep nuScenes-mini; active TWC validity fixed,0,twc_gate,SeqTrack baseline,SeqTrack baseline,baseline,success/test,45,56789,50.4628
twc_related_60ep,TWC-Related Runs (60ep),60ep nuScenes-mini; active TWC validity fixed,0,twc_gate,SeqTrack baseline,SeqTrack baseline,baseline,success/test,50,63099,50.2024
twc_related_60ep,TWC-Related Runs (60ep),60ep nuScenes-mini; active TWC validity fixed,0,twc_gate,SeqTrack baseline,SeqTrack baseline,baseline,success/test,55,69409,49.1346
twc_related_60ep,TWC-Related Runs (60ep),60ep nuScenes-mini; active TWC validity fixed,0,twc_gate,SeqTrack baseline,SeqTrack baseline,baseline,success/test,60,75719,50.9858
twc_related_60ep,TWC-Related Runs (60ep),60ep nuScenes-mini; active TWC validity fixed,0,twc_gate,SeqTrack baseline,SeqTrack baseline,baseline,precision/test,5,6309,41.8698
twc_related_60ep,TWC-Related Runs (60ep),60ep nuScenes-mini; active TWC validity fixed,0,twc_gate,SeqTrack baseline,SeqTrack baseline,baseline,precision/test,10,12619,65.2144
twc_related_60ep,TWC-Related Runs (60ep),60ep nuScenes-mini; active TWC validity fixed,0,twc_gate,SeqTrack baseline,SeqTrack baseline,baseline,precision/test,15,18929,50.5416
twc_related_60ep,TWC-Related Runs (60ep),60ep nuScenes-mini; active TWC validity fixed,0,twc_gate,SeqTrack baseline,SeqTrack baseline,baseline,precision/test,20,25239,49.2309
twc_related_60ep,TWC-Related Runs (60ep),60ep nuScenes-mini; active TWC validity fixed,0,twc_gate,SeqTrack baseline,SeqTrack baseline,baseline,precision/test,25,31549,60.6324
twc_related_60ep,TWC-Related Runs (60ep),60ep nuScenes-mini; active TWC validity fixed,0,twc_gate,SeqTrack baseline,SeqTrack baseline,baseline,precision/test,30,37859,53.9092
twc_related_60ep,TWC-Related Runs (60ep),60ep nuScenes-mini; active TWC validity fixed,0,twc_gate,SeqTrack baseline,SeqTrack baseline,baseline,precision/test,35,44169,62.3392
twc_related_60ep,TWC-Related Runs (60ep),60ep nuScenes-mini; active TWC validity fixed,0,twc_gate,SeqTrack baseline,SeqTrack baseline,baseline,precision/test,40,50479,51.174
twc_related_60ep,TWC-Related Runs (60ep),60ep nuScenes-mini; active TWC validity fixed,0,twc_gate,SeqTrack baseline,SeqTrack baseline,baseline,precision/test,45,56789,59.6105
twc_related_60ep,TWC-Related Runs (60ep),60ep nuScenes-mini; active TWC validity fixed,0,twc_gate,SeqTrack baseline,SeqTrack baseline,baseline,precision/test,50,63099,57.3085
twc_related_60ep,TWC-Related Runs (60ep),60ep nuScenes-mini; active TWC validity fixed,0,twc_gate,SeqTrack baseline,SeqTrack baseline,baseline,precision/test,55,69409,59.3184
twc_related_60ep,TWC-Related Runs (60ep),60ep nuScenes-mini; active TWC validity fixed,0,twc_gate,SeqTrack baseline,SeqTrack baseline,baseline,precision/test,60,75719,59.9617
twc_related_60ep,TWC-Related Runs (60ep),60ep nuScenes-mini; active TWC validity fixed,1,twc_gate,A1-order,A1 order,variant,success/test,5,6309,51.567832946777344
twc_related_60ep,TWC-Related Runs (60ep),60ep nuScenes-mini; active TWC validity fixed,1,twc_gate,A1-order,A1 order,variant,success/test,10,12619,43.57877349853516
twc_related_60ep,TWC-Related Runs (60ep),60ep nuScenes-mini; active TWC validity fixed,1,twc_gate,A1-order,A1 order,variant,success/test,15,18929,45.6466064453125
twc_related_60ep,TWC-Related Runs (60ep),60ep nuScenes-mini; active TWC validity fixed,1,twc_gate,A1-order,A1 order,variant,success/test,20,25239,41.40591049194336
twc_related_60ep,TWC-Related Runs (60ep),60ep nuScenes-mini; active TWC validity fixed,1,twc_gate,A1-order,A1 order,variant,success/test,25,31549,49.83697891235352
twc_related_60ep,TWC-Related Runs (60ep),60ep nuScenes-mini; active TWC validity fixed,1,twc_gate,A1-order,A1 order,variant,success/test,30,37859,49.25711441040039
twc_related_60ep,TWC-Related Runs (60ep),60ep nuScenes-mini; active TWC validity fixed,1,twc_gate,A1-order,A1 order,variant,success/test,35,44169,51.85448455810547
twc_related_60ep,TWC-Related Runs (60ep),60ep nuScenes-mini; active TWC validity fixed,1,twc_gate,A1-order,A1 order,variant,success/test,40,50479,47.71663665771485
twc_related_60ep,TWC-Related Runs (60ep),60ep nuScenes-mini; active TWC validity fixed,1,twc_gate,A1-order,A1 order,variant,success/test,45,56789,53.29868698120117
twc_related_60ep,TWC-Related Runs (60ep),60ep nuScenes-mini; active TWC validity fixed,1,twc_gate,A1-order,A1 order,variant,success/test,50,63099,52.410282135009766
twc_related_60ep,TWC-Related Runs (60ep),60ep nuScenes-mini; active TWC validity fixed,1,twc_gate,A1-order,A1 order,variant,success/test,55,69409,50.21990966796875
twc_related_60ep,TWC-Related Runs (60ep),60ep nuScenes-mini; active TWC validity fixed,1,twc_gate,A1-order,A1 order,variant,success/test,60,75719,51.22866821289063
twc_related_60ep,TWC-Related Runs (60ep),60ep nuScenes-mini; active TWC validity fixed,1,twc_gate,A1-order,A1 order,variant,precision/test,5,6309,61.08534240722656
twc_related_60ep,TWC-Related Runs (60ep),60ep nuScenes-mini; active TWC validity fixed,1,twc_gate,A1-order,A1 order,variant,precision/test,10,12619,61.43326187133789
twc_related_60ep,TWC-Related Runs (60ep),60ep nuScenes-mini; active TWC validity fixed,1,twc_gate,A1-order,A1 order,variant,precision/test,15,18929,57.39496994018555
twc_related_60ep,TWC-Related Runs (60ep),60ep nuScenes-mini; active TWC validity fixed,1,twc_gate,A1-order,A1 order,variant,precision/test,20,25239,44.54048156738281
twc_related_60ep,TWC-Related Runs (60ep),60ep nuScenes-mini; active TWC validity fixed,1,twc_gate,A1-order,A1 order,variant,precision/test,25,31549,54.42341613769531
twc_related_60ep,TWC-Related Runs (60ep),60ep nuScenes-mini; active TWC validity fixed,1,twc_gate,A1-order,A1 order,variant,precision/test,30,37859,54.38621139526367
twc_related_60ep,TWC-Related Runs (60ep),60ep nuScenes-mini; active TWC validity fixed,1,twc_gate,A1-order,A1 order,variant,precision/test,35,44169,59.626914978027344
twc_related_60ep,TWC-Related Runs (60ep),60ep nuScenes-mini; active TWC validity fixed,1,twc_gate,A1-order,A1 order,variant,precision/test,40,50479,51.8807487487793
twc_related_60ep,TWC-Related Runs (60ep),60ep nuScenes-mini; active TWC validity fixed,1,twc_gate,A1-order,A1 order,variant,precision/test,45,56789,62.01531982421875
twc_related_60ep,TWC-Related Runs (60ep),60ep nuScenes-mini; active TWC validity fixed,1,twc_gate,A1-order,A1 order,variant,precision/test,50,63099,59.47264862060547
twc_related_60ep,TWC-Related Runs (60ep),60ep nuScenes-mini; active TWC validity fixed,1,twc_gate,A1-order,A1 order,variant,precision/test,55,69409,59.38402938842773
twc_related_60ep,TWC-Related Runs (60ep),60ep nuScenes-mini; active TWC validity fixed,1,twc_gate,A1-order,A1 order,variant,precision/test,60,75719,57.863243103027344
twc_related_60ep,TWC-Related Runs (60ep),60ep nuScenes-mini; active TWC validity fixed,2,twc_gate,A1-order+TWC,A1 order+TWC,variant,success/test,5,6310,48.32057189941406
twc_related_60ep,TWC-Related Runs (60ep),60ep nuScenes-mini; active TWC validity fixed,2,twc_gate,A1-order+TWC,A1 order+TWC,variant,success/test,10,12620,30.079872131347656
twc_related_60ep,TWC-Related Runs (60ep),60ep nuScenes-mini; active TWC validity fixed,2,twc_gate,A1-order+TWC,A1 order+TWC,variant,success/test,15,18930,38.71663284301758
twc_related_60ep,TWC-Related Runs (60ep),60ep nuScenes-mini; active TWC validity fixed,2,twc_gate,A1-order+TWC,A1 order+TWC,variant,success/test,20,25240,43.33150863647461
twc_related_60ep,TWC-Related Runs (60ep),60ep nuScenes-mini; active TWC validity fixed,2,twc_gate,A1-order+TWC,A1 order+TWC,variant,success/test,25,31550,51.390586853027344
twc_related_60ep,TWC-Related Runs (60ep),60ep nuScenes-mini; active TWC validity fixed,2,twc_gate,A1-order+TWC,A1 order+TWC,variant,success/test,30,37860,44.500003814697266
twc_related_60ep,TWC-Related Runs (60ep),60ep nuScenes-mini; active TWC validity fixed,2,twc_gate,A1-order+TWC,A1 order+TWC,variant,success/test,35,44170,52.19365310668945
twc_related_60ep,TWC-Related Runs (60ep),60ep nuScenes-mini; active TWC validity fixed,2,twc_gate,A1-order+TWC,A1 order+TWC,variant,success/test,40,50480,49.66411590576172
twc_related_60ep,TWC-Related Runs (60ep),60ep nuScenes-mini; active TWC validity fixed,2,twc_gate,A1-order+TWC,A1 order+TWC,variant,success/test,45,56790,52.1433219909668
twc_related_60ep,TWC-Related Runs (60ep),60ep nuScenes-mini; active TWC validity fixed,2,twc_gate,A1-order+TWC,A1 order+TWC,variant,success/test,50,63100,52.76258087158203
twc_related_60ep,TWC-Related Runs (60ep),60ep nuScenes-mini; active TWC validity fixed,2,twc_gate,A1-order+TWC,A1 order+TWC,variant,success/test,55,69410,53.15645980834961
twc_related_60ep,TWC-Related Runs (60ep),60ep nuScenes-mini; active TWC validity fixed,2,twc_gate,A1-order+TWC,A1 order+TWC,variant,success/test,60,75720,51.156455993652344
twc_related_60ep,TWC-Related Runs (60ep),60ep nuScenes-mini; active TWC validity fixed,2,twc_gate,A1-order+TWC,A1 order+TWC,variant,precision/test,5,6310,61.594085693359375
twc_related_60ep,TWC-Related Runs (60ep),60ep nuScenes-mini; active TWC validity fixed,2,twc_gate,A1-order+TWC,A1 order+TWC,variant,precision/test,10,12620,28.489059448242188
twc_related_60ep,TWC-Related Runs (60ep),60ep nuScenes-mini; active TWC validity fixed,2,twc_gate,A1-order+TWC,A1 order+TWC,variant,precision/test,15,18930,39.87417984008789
twc_related_60ep,TWC-Related Runs (60ep),60ep nuScenes-mini; active TWC validity fixed,2,twc_gate,A1-order+TWC,A1 order+TWC,variant,precision/test,20,25240,54.65864562988281
twc_related_60ep,TWC-Related Runs (60ep),60ep nuScenes-mini; active TWC validity fixed,2,twc_gate,A1-order+TWC,A1 order+TWC,variant,precision/test,25,31550,58.96060562133789
twc_related_60ep,TWC-Related Runs (60ep),60ep nuScenes-mini; active TWC validity fixed,2,twc_gate,A1-order+TWC,A1 order+TWC,variant,precision/test,30,37860,49.02735137939453
twc_related_60ep,TWC-Related Runs (60ep),60ep nuScenes-mini; active TWC validity fixed,2,twc_gate,A1-order+TWC,A1 order+TWC,variant,precision/test,35,44170,61.76367950439453
twc_related_60ep,TWC-Related Runs (60ep),60ep nuScenes-mini; active TWC validity fixed,2,twc_gate,A1-order+TWC,A1 order+TWC,variant,precision/test,40,50480,59.284461975097656
twc_related_60ep,TWC-Related Runs (60ep),60ep nuScenes-mini; active TWC validity fixed,2,twc_gate,A1-order+TWC,A1 order+TWC,variant,precision/test,45,56790,62.772430419921875
twc_related_60ep,TWC-Related Runs (60ep),60ep nuScenes-mini; active TWC validity fixed,2,twc_gate,A1-order+TWC,A1 order+TWC,variant,precision/test,50,63100,62.65098571777344
twc_related_60ep,TWC-Related Runs (60ep),60ep nuScenes-mini; active TWC validity fixed,2,twc_gate,A1-order+TWC,A1 order+TWC,variant,precision/test,55,69410,63.35011291503906
twc_related_60ep,TWC-Related Runs (60ep),60ep nuScenes-mini; active TWC validity fixed,2,twc_gate,A1-order+TWC,A1 order+TWC,variant,precision/test,60,75720,61.10174560546875
twc_related_60ep,TWC-Related Runs (60ep),60ep nuScenes-mini; active TWC validity fixed,3,twc_gate,A2-order-dyn,A2 order-dyn,variant,success/test,5,6309,28.206787109375
twc_related_60ep,TWC-Related Runs (60ep),60ep nuScenes-mini; active TWC validity fixed,3,twc_gate,A2-order-dyn,A2 order-dyn,variant,success/test,10,12619,51.31619644165039
twc_related_60ep,TWC-Related Runs (60ep),60ep nuScenes-mini; active TWC validity fixed,3,twc_gate,A2-order-dyn,A2 order-dyn,variant,success/test,15,18929,43.98577880859375
twc_related_60ep,TWC-Related Runs (60ep),60ep nuScenes-mini; active TWC validity fixed,3,twc_gate,A2-order-dyn,A2 order-dyn,variant,success/test,20,25239,40.847923278808594
twc_related_60ep,TWC-Related Runs (60ep),60ep nuScenes-mini; active TWC validity fixed,3,twc_gate,A2-order-dyn,A2 order-dyn,variant,success/test,25,31549,50.35120391845703
twc_related_60ep,TWC-Related Runs (60ep),60ep nuScenes-mini; active TWC validity fixed,3,twc_gate,A2-order-dyn,A2 order-dyn,variant,success/test,30,37859,44.2614860534668
twc_related_60ep,TWC-Related Runs (60ep),60ep nuScenes-mini; active TWC validity fixed,3,twc_gate,A2-order-dyn,A2 order-dyn,variant,success/test,35,44169,49.95732879638672
twc_related_60ep,TWC-Related Runs (60ep),60ep nuScenes-mini; active TWC validity fixed,3,twc_gate,A2-order-dyn,A2 order-dyn,variant,success/test,40,50479,51.15207290649414
twc_related_60ep,TWC-Related Runs (60ep),60ep nuScenes-mini; active TWC validity fixed,3,twc_gate,A2-order-dyn,A2 order-dyn,variant,success/test,45,56789,51.54158020019531
twc_related_60ep,TWC-Related Runs (60ep),60ep nuScenes-mini; active TWC validity fixed,3,twc_gate,A2-order-dyn,A2 order-dyn,variant,success/test,50,63099,50.19365692138672
twc_related_60ep,TWC-Related Runs (60ep),60ep nuScenes-mini; active TWC validity fixed,3,twc_gate,A2-order-dyn,A2 order-dyn,variant,success/test,55,69409,49.15645599365234
twc_related_60ep,TWC-Related Runs (60ep),60ep nuScenes-mini; active TWC validity fixed,3,twc_gate,A2-order-dyn,A2 order-dyn,variant,success/test,60,75719,50.961708068847656
twc_related_60ep,TWC-Related Runs (60ep),60ep nuScenes-mini; active TWC validity fixed,3,twc_gate,A2-order-dyn,A2 order-dyn,variant,precision/test,5,6309,27.12910461425781
twc_related_60ep,TWC-Related Runs (60ep),60ep nuScenes-mini; active TWC validity fixed,3,twc_gate,A2-order-dyn,A2 order-dyn,variant,precision/test,10,12619,63.57330703735352
twc_related_60ep,TWC-Related Runs (60ep),60ep nuScenes-mini; active TWC validity fixed,3,twc_gate,A2-order-dyn,A2 order-dyn,variant,precision/test,15,18929,58.25929641723633
twc_related_60ep,TWC-Related Runs (60ep),60ep nuScenes-mini; active TWC validity fixed,3,twc_gate,A2-order-dyn,A2 order-dyn,variant,precision/test,20,25239,51.07986831665039
twc_related_60ep,TWC-Related Runs (60ep),60ep nuScenes-mini; active TWC validity fixed,3,twc_gate,A2-order-dyn,A2 order-dyn,variant,precision/test,25,31549,63.44639587402344
twc_related_60ep,TWC-Related Runs (60ep),60ep nuScenes-mini; active TWC validity fixed,3,twc_gate,A2-order-dyn,A2 order-dyn,variant,precision/test,30,37859,56.505470275878906
twc_related_60ep,TWC-Related Runs (60ep),60ep nuScenes-mini; active TWC validity fixed,3,twc_gate,A2-order-dyn,A2 order-dyn,variant,precision/test,35,44169,60.55799102783203
twc_related_60ep,TWC-Related Runs (60ep),60ep nuScenes-mini; active TWC validity fixed,3,twc_gate,A2-order-dyn,A2 order-dyn,variant,precision/test,40,50479,62.92231750488281
twc_related_60ep,TWC-Related Runs (60ep),60ep nuScenes-mini; active TWC validity fixed,3,twc_gate,A2-order-dyn,A2 order-dyn,variant,precision/test,45,56789,63.21443939208984
twc_related_60ep,TWC-Related Runs (60ep),60ep nuScenes-mini; active TWC validity fixed,3,twc_gate,A2-order-dyn,A2 order-dyn,variant,precision/test,50,63099,62.531734466552734
twc_related_60ep,TWC-Related Runs (60ep),60ep nuScenes-mini; active TWC validity fixed,3,twc_gate,A2-order-dyn,A2 order-dyn,variant,precision/test,55,69409,60.62144088745117
twc_related_60ep,TWC-Related Runs (60ep),60ep nuScenes-mini; active TWC validity fixed,3,twc_gate,A2-order-dyn,A2 order-dyn,variant,precision/test,60,75719,63.31401062011719
twc_related_60ep,TWC-Related Runs (60ep),60ep nuScenes-mini; active TWC validity fixed,4,twc_gate,A2-order-dyn+TWC,A2 dyn+TWC .05,variant,success/test,5,6310,36.06454849243164
twc_related_60ep,TWC-Related Runs (60ep),60ep nuScenes-mini; active TWC validity fixed,4,twc_gate,A2-order-dyn+TWC,A2 dyn+TWC .05,variant,success/test,10,12620,45.235233306884766
twc_related_60ep,TWC-Related Runs (60ep),60ep nuScenes-mini; active TWC validity fixed,4,twc_gate,A2-order-dyn+TWC,A2 dyn+TWC .05,variant,success/test,15,18930,24.025161743164062
twc_related_60ep,TWC-Related Runs (60ep),60ep nuScenes-mini; active TWC validity fixed,4,twc_gate,A2-order-dyn+TWC,A2 dyn+TWC .05,variant,success/test,20,25240,26.394969940185547
twc_related_60ep,TWC-Related Runs (60ep),60ep nuScenes-mini; active TWC validity fixed,4,twc_gate,A2-order-dyn+TWC,A2 dyn+TWC .05,variant,success/test,25,31550,34.28118133544922
twc_related_60ep,TWC-Related Runs (60ep),60ep nuScenes-mini; active TWC validity fixed,4,twc_gate,A2-order-dyn+TWC,A2 dyn+TWC .05,variant,success/test,30,37860,26.968273162841797
twc_related_60ep,TWC-Related Runs (60ep),60ep nuScenes-mini; active TWC validity fixed,4,twc_gate,A2-order-dyn+TWC,A2 dyn+TWC .05,variant,success/test,35,44170,31.419038772583008
twc_related_60ep,TWC-Related Runs (60ep),60ep nuScenes-mini; active TWC validity fixed,4,twc_gate,A2-order-dyn+TWC,A2 dyn+TWC .05,variant,success/test,40,50480,29.014223098754883
twc_related_60ep,TWC-Related Runs (60ep),60ep nuScenes-mini; active TWC validity fixed,4,twc_gate,A2-order-dyn+TWC,A2 dyn+TWC .05,variant,success/test,45,56790,28.882932662963867
twc_related_60ep,TWC-Related Runs (60ep),60ep nuScenes-mini; active TWC validity fixed,4,twc_gate,A2-order-dyn+TWC,A2 dyn+TWC .05,variant,success/test,50,63100,27.624725341796875
twc_related_60ep,TWC-Related Runs (60ep),60ep nuScenes-mini; active TWC validity fixed,4,twc_gate,A2-order-dyn+TWC,A2 dyn+TWC .05,variant,success/test,55,69410,28.285560607910156
twc_related_60ep,TWC-Related Runs (60ep),60ep nuScenes-mini; active TWC validity fixed,4,twc_gate,A2-order-dyn+TWC,A2 dyn+TWC .05,variant,success/test,60,75720,28.230854034423828
twc_related_60ep,TWC-Related Runs (60ep),60ep nuScenes-mini; active TWC validity fixed,4,twc_gate,A2-order-dyn+TWC,A2 dyn+TWC .05,variant,precision/test,5,6310,57.432167053222656
twc_related_60ep,TWC-Related Runs (60ep),60ep nuScenes-mini; active TWC validity fixed,4,twc_gate,A2-order-dyn+TWC,A2 dyn+TWC .05,variant,precision/test,10,12620,50.39934539794922
twc_related_60ep,TWC-Related Runs (60ep),60ep nuScenes-mini; active TWC validity fixed,4,twc_gate,A2-order-dyn+TWC,A2 dyn+TWC .05,variant,precision/test,15,18930,22.714441299438477
twc_related_60ep,TWC-Related Runs (60ep),60ep nuScenes-mini; active TWC validity fixed,4,twc_gate,A2-order-dyn+TWC,A2 dyn+TWC .05,variant,precision/test,20,25240,28.356678009033203
twc_related_60ep,TWC-Related Runs (60ep),60ep nuScenes-mini; active TWC validity fixed,4,twc_gate,A2-order-dyn+TWC,A2 dyn+TWC .05,variant,precision/test,25,31550,40.19037628173828
twc_related_60ep,TWC-Related Runs (60ep),60ep nuScenes-mini; active TWC validity fixed,4,twc_gate,A2-order-dyn+TWC,A2 dyn+TWC .05,variant,precision/test,30,37860,28.749454498291016
twc_related_60ep,TWC-Related Runs (60ep),60ep nuScenes-mini; active TWC validity fixed,4,twc_gate,A2-order-dyn+TWC,A2 dyn+TWC .05,variant,precision/test,35,44170,36.78993606567383
twc_related_60ep,TWC-Related Runs (60ep),60ep nuScenes-mini; active TWC validity fixed,4,twc_gate,A2-order-dyn+TWC,A2 dyn+TWC .05,variant,precision/test,40,50480,33.54486083984375
twc_related_60ep,TWC-Related Runs (60ep),60ep nuScenes-mini; active TWC validity fixed,4,twc_gate,A2-order-dyn+TWC,A2 dyn+TWC .05,variant,precision/test,45,56790,32.94310760498047
twc_related_60ep,TWC-Related Runs (60ep),60ep nuScenes-mini; active TWC validity fixed,4,twc_gate,A2-order-dyn+TWC,A2 dyn+TWC .05,variant,precision/test,50,63100,29.9989070892334
twc_related_60ep,TWC-Related Runs (60ep),60ep nuScenes-mini; active TWC validity fixed,4,twc_gate,A2-order-dyn+TWC,A2 dyn+TWC .05,variant,precision/test,55,69410,31.725383758544922
twc_related_60ep,TWC-Related Runs (60ep),60ep nuScenes-mini; active TWC validity fixed,4,twc_gate,A2-order-dyn+TWC,A2 dyn+TWC .05,variant,precision/test,60,75720,32.03719711303711
twc_related_60ep,TWC-Related Runs (60ep),60ep nuScenes-mini; active TWC validity fixed,5,latest,A2-order-dyn+TWC w0.01 seed42,A2 dyn+TWC .01,variant,success/test,5,6310,30.26805305480957
twc_related_60ep,TWC-Related Runs (60ep),60ep nuScenes-mini; active TWC validity fixed,5,latest,A2-order-dyn+TWC w0.01 seed42,A2 dyn+TWC .01,variant,success/test,10,12620,26.39715576171875
twc_related_60ep,TWC-Related Runs (60ep),60ep nuScenes-mini; active TWC validity fixed,5,latest,A2-order-dyn+TWC w0.01 seed42,A2 dyn+TWC .01,variant,success/test,15,18930,23.30087661743164
twc_related_60ep,TWC-Related Runs (60ep),60ep nuScenes-mini; active TWC validity fixed,5,latest,A2-order-dyn+TWC w0.01 seed42,A2 dyn+TWC .01,variant,success/test,20,25240,26.524070739746094
twc_related_60ep,TWC-Related Runs (60ep),60ep nuScenes-mini; active TWC validity fixed,5,latest,A2-order-dyn+TWC w0.01 seed42,A2 dyn+TWC .01,variant,success/test,25,31550,26.386213302612305
twc_related_60ep,TWC-Related Runs (60ep),60ep nuScenes-mini; active TWC validity fixed,5,latest,A2-order-dyn+TWC w0.01 seed42,A2 dyn+TWC .01,variant,success/test,30,37860,24.090810775756836
twc_related_60ep,TWC-Related Runs (60ep),60ep nuScenes-mini; active TWC validity fixed,5,latest,A2-order-dyn+TWC w0.01 seed42,A2 dyn+TWC .01,variant,success/test,35,44170,22.34682846069336
twc_related_60ep,TWC-Related Runs (60ep),60ep nuScenes-mini; active TWC validity fixed,5,latest,A2-order-dyn+TWC w0.01 seed42,A2 dyn+TWC .01,variant,success/test,40,50480,21.34026527404785
twc_related_60ep,TWC-Related Runs (60ep),60ep nuScenes-mini; active TWC validity fixed,5,latest,A2-order-dyn+TWC w0.01 seed42,A2 dyn+TWC .01,variant,success/test,45,56790,22.98796844482422
twc_related_60ep,TWC-Related Runs (60ep),60ep nuScenes-mini; active TWC validity fixed,5,latest,A2-order-dyn+TWC w0.01 seed42,A2 dyn+TWC .01,variant,success/test,50,63100,23.007659912109375
twc_related_60ep,TWC-Related Runs (60ep),60ep nuScenes-mini; active TWC validity fixed,5,latest,A2-order-dyn+TWC w0.01 seed42,A2 dyn+TWC .01,variant,success/test,55,69410,22.618162155151367
twc_related_60ep,TWC-Related Runs (60ep),60ep nuScenes-mini; active TWC validity fixed,5,latest,A2-order-dyn+TWC w0.01 seed42,A2 dyn+TWC .01,variant,success/test,60,75720,22.878559112548828
twc_related_60ep,TWC-Related Runs (60ep),60ep nuScenes-mini; active TWC validity fixed,5,latest,A2-order-dyn+TWC w0.01 seed42,A2 dyn+TWC .01,variant,precision/test,5,6310,32.156455993652344
twc_related_60ep,TWC-Related Runs (60ep),60ep nuScenes-mini; active TWC validity fixed,5,latest,A2-order-dyn+TWC w0.01 seed42,A2 dyn+TWC .01,variant,precision/test,10,12620,30.056894302368164
twc_related_60ep,TWC-Related Runs (60ep),60ep nuScenes-mini; active TWC validity fixed,5,latest,A2-order-dyn+TWC w0.01 seed42,A2 dyn+TWC .01,variant,precision/test,15,18930,22.671772003173828
twc_related_60ep,TWC-Related Runs (60ep),60ep nuScenes-mini; active TWC validity fixed,5,latest,A2-order-dyn+TWC w0.01 seed42,A2 dyn+TWC .01,variant,precision/test,20,25240,27.026260375976562
twc_related_60ep,TWC-Related Runs (60ep),60ep nuScenes-mini; active TWC validity fixed,5,latest,A2-order-dyn+TWC w0.01 seed42,A2 dyn+TWC .01,variant,precision/test,25,31550,28.51969337463379
twc_related_60ep,TWC-Related Runs (60ep),60ep nuScenes-mini; active TWC validity fixed,5,latest,A2-order-dyn+TWC w0.01 seed42,A2 dyn+TWC .01,variant,precision/test,30,37860,25.42560386657715
twc_related_60ep,TWC-Related Runs (60ep),60ep nuScenes-mini; active TWC validity fixed,5,latest,A2-order-dyn+TWC w0.01 seed42,A2 dyn+TWC .01,variant,precision/test,35,44170,23.263675689697266
twc_related_60ep,TWC-Related Runs (60ep),60ep nuScenes-mini; active TWC validity fixed,5,latest,A2-order-dyn+TWC w0.01 seed42,A2 dyn+TWC .01,variant,precision/test,40,50480,21.789936065673828
twc_related_60ep,TWC-Related Runs (60ep),60ep nuScenes-mini; active TWC validity fixed,5,latest,A2-order-dyn+TWC w0.01 seed42,A2 dyn+TWC .01,variant,precision/test,45,56790,24.635665893554688
twc_related_60ep,TWC-Related Runs (60ep),60ep nuScenes-mini; active TWC validity fixed,5,latest,A2-order-dyn+TWC w0.01 seed42,A2 dyn+TWC .01,variant,precision/test,50,63100,24.471553802490234
twc_related_60ep,TWC-Related Runs (60ep),60ep nuScenes-mini; active TWC validity fixed,5,latest,A2-order-dyn+TWC w0.01 seed42,A2 dyn+TWC .01,variant,precision/test,55,69410,23.690372467041016
twc_related_60ep,TWC-Related Runs (60ep),60ep nuScenes-mini; active TWC validity fixed,5,latest,A2-order-dyn+TWC w0.01 seed42,A2 dyn+TWC .01,variant,precision/test,60,75720,24.269147872924805
a3_gate_variants_60ep,A3 / Gate Variants (60ep),60ep nuScenes-mini plus latest retests,0,main,SeqTrack baseline,SeqTrack baseline,baseline,success/test,5,6309,40.6969
a3_gate_variants_60ep,A3 / Gate Variants (60ep),60ep nuScenes-mini plus latest retests,0,main,SeqTrack baseline,SeqTrack baseline,baseline,success/test,10,12619,46.0908
a3_gate_variants_60ep,A3 / Gate Variants (60ep),60ep nuScenes-mini plus latest retests,0,main,SeqTrack baseline,SeqTrack baseline,baseline,success/test,15,18929,45.7298
a3_gate_variants_60ep,A3 / Gate Variants (60ep),60ep nuScenes-mini plus latest retests,0,main,SeqTrack baseline,SeqTrack baseline,baseline,success/test,20,25239,42.8851
a3_gate_variants_60ep,A3 / Gate Variants (60ep),60ep nuScenes-mini plus latest retests,0,main,SeqTrack baseline,SeqTrack baseline,baseline,success/test,25,31549,51.7363
a3_gate_variants_60ep,A3 / Gate Variants (60ep),60ep nuScenes-mini plus latest retests,0,main,SeqTrack baseline,SeqTrack baseline,baseline,success/test,30,37859,48.9289
a3_gate_variants_60ep,A3 / Gate Variants (60ep),60ep nuScenes-mini plus latest retests,0,main,SeqTrack baseline,SeqTrack baseline,baseline,success/test,35,44169,52.2834
a3_gate_variants_60ep,A3 / Gate Variants (60ep),60ep nuScenes-mini plus latest retests,0,main,SeqTrack baseline,SeqTrack baseline,baseline,success/test,40,50479,46.4781
a3_gate_variants_60ep,A3 / Gate Variants (60ep),60ep nuScenes-mini plus latest retests,0,main,SeqTrack baseline,SeqTrack baseline,baseline,success/test,45,56789,50.4628
a3_gate_variants_60ep,A3 / Gate Variants (60ep),60ep nuScenes-mini plus latest retests,0,main,SeqTrack baseline,SeqTrack baseline,baseline,success/test,50,63099,50.2024
a3_gate_variants_60ep,A3 / Gate Variants (60ep),60ep nuScenes-mini plus latest retests,0,main,SeqTrack baseline,SeqTrack baseline,baseline,success/test,55,69409,49.1346
a3_gate_variants_60ep,A3 / Gate Variants (60ep),60ep nuScenes-mini plus latest retests,0,main,SeqTrack baseline,SeqTrack baseline,baseline,success/test,60,75719,50.9858
a3_gate_variants_60ep,A3 / Gate Variants (60ep),60ep nuScenes-mini plus latest retests,0,main,SeqTrack baseline,SeqTrack baseline,baseline,precision/test,5,6309,41.8698
a3_gate_variants_60ep,A3 / Gate Variants (60ep),60ep nuScenes-mini plus latest retests,0,main,SeqTrack baseline,SeqTrack baseline,baseline,precision/test,10,12619,65.2144
a3_gate_variants_60ep,A3 / Gate Variants (60ep),60ep nuScenes-mini plus latest retests,0,main,SeqTrack baseline,SeqTrack baseline,baseline,precision/test,15,18929,50.5416
a3_gate_variants_60ep,A3 / Gate Variants (60ep),60ep nuScenes-mini plus latest retests,0,main,SeqTrack baseline,SeqTrack baseline,baseline,precision/test,20,25239,49.2309
a3_gate_variants_60ep,A3 / Gate Variants (60ep),60ep nuScenes-mini plus latest retests,0,main,SeqTrack baseline,SeqTrack baseline,baseline,precision/test,25,31549,60.6324
a3_gate_variants_60ep,A3 / Gate Variants (60ep),60ep nuScenes-mini plus latest retests,0,main,SeqTrack baseline,SeqTrack baseline,baseline,precision/test,30,37859,53.9092
a3_gate_variants_60ep,A3 / Gate Variants (60ep),60ep nuScenes-mini plus latest retests,0,main,SeqTrack baseline,SeqTrack baseline,baseline,precision/test,35,44169,62.3392
a3_gate_variants_60ep,A3 / Gate Variants (60ep),60ep nuScenes-mini plus latest retests,0,main,SeqTrack baseline,SeqTrack baseline,baseline,precision/test,40,50479,51.174
a3_gate_variants_60ep,A3 / Gate Variants (60ep),60ep nuScenes-mini plus latest retests,0,main,SeqTrack baseline,SeqTrack baseline,baseline,precision/test,45,56789,59.6105
a3_gate_variants_60ep,A3 / Gate Variants (60ep),60ep nuScenes-mini plus latest retests,0,main,SeqTrack baseline,SeqTrack baseline,baseline,precision/test,50,63099,57.3085
a3_gate_variants_60ep,A3 / Gate Variants (60ep),60ep nuScenes-mini plus latest retests,0,main,SeqTrack baseline,SeqTrack baseline,baseline,precision/test,55,69409,59.3184
a3_gate_variants_60ep,A3 / Gate Variants (60ep),60ep nuScenes-mini plus latest retests,0,main,SeqTrack baseline,SeqTrack baseline,baseline,precision/test,60,75719,59.9617
a3_gate_variants_60ep,A3 / Gate Variants (60ep),60ep nuScenes-mini plus latest retests,1,order,A2-order-dyn,A2 order-dyn seed42,variant,success/test,5,6309,28.206787109375
a3_gate_variants_60ep,A3 / Gate Variants (60ep),60ep nuScenes-mini plus latest retests,1,order,A2-order-dyn,A2 order-dyn seed42,variant,success/test,10,12619,51.31619644165039
a3_gate_variants_60ep,A3 / Gate Variants (60ep),60ep nuScenes-mini plus latest retests,1,order,A2-order-dyn,A2 order-dyn seed42,variant,success/test,15,18929,43.98577880859375
a3_gate_variants_60ep,A3 / Gate Variants (60ep),60ep nuScenes-mini plus latest retests,1,order,A2-order-dyn,A2 order-dyn seed42,variant,success/test,20,25239,40.847923278808594
a3_gate_variants_60ep,A3 / Gate Variants (60ep),60ep nuScenes-mini plus latest retests,1,order,A2-order-dyn,A2 order-dyn seed42,variant,success/test,25,31549,50.35120391845703
a3_gate_variants_60ep,A3 / Gate Variants (60ep),60ep nuScenes-mini plus latest retests,1,order,A2-order-dyn,A2 order-dyn seed42,variant,success/test,30,37859,44.2614860534668
a3_gate_variants_60ep,A3 / Gate Variants (60ep),60ep nuScenes-mini plus latest retests,1,order,A2-order-dyn,A2 order-dyn seed42,variant,success/test,35,44169,49.95732879638672
a3_gate_variants_60ep,A3 / Gate Variants (60ep),60ep nuScenes-mini plus latest retests,1,order,A2-order-dyn,A2 order-dyn seed42,variant,success/test,40,50479,51.15207290649414
a3_gate_variants_60ep,A3 / Gate Variants (60ep),60ep nuScenes-mini plus latest retests,1,order,A2-order-dyn,A2 order-dyn seed42,variant,success/test,45,56789,51.54158020019531
a3_gate_variants_60ep,A3 / Gate Variants (60ep),60ep nuScenes-mini plus latest retests,1,order,A2-order-dyn,A2 order-dyn seed42,variant,success/test,50,63099,50.19365692138672
a3_gate_variants_60ep,A3 / Gate Variants (60ep),60ep nuScenes-mini plus latest retests,1,order,A2-order-dyn,A2 order-dyn seed42,variant,success/test,55,69409,49.156455993652344
a3_gate_variants_60ep,A3 / Gate Variants (60ep),60ep nuScenes-mini plus latest retests,1,order,A2-order-dyn,A2 order-dyn seed42,variant,success/test,60,75719,50.961708068847656
a3_gate_variants_60ep,A3 / Gate Variants (60ep),60ep nuScenes-mini plus latest retests,1,order,A2-order-dyn,A2 order-dyn seed42,variant,precision/test,5,6309,27.129104614257812
a3_gate_variants_60ep,A3 / Gate Variants (60ep),60ep nuScenes-mini plus latest retests,1,order,A2-order-dyn,A2 order-dyn seed42,variant,precision/test,10,12619,63.573307037353516
a3_gate_variants_60ep,A3 / Gate Variants (60ep),60ep nuScenes-mini plus latest retests,1,order,A2-order-dyn,A2 order-dyn seed42,variant,precision/test,15,18929,58.25929641723633
a3_gate_variants_60ep,A3 / Gate Variants (60ep),60ep nuScenes-mini plus latest retests,1,order,A2-order-dyn,A2 order-dyn seed42,variant,precision/test,20,25239,51.07986831665039
a3_gate_variants_60ep,A3 / Gate Variants (60ep),60ep nuScenes-mini plus latest retests,1,order,A2-order-dyn,A2 order-dyn seed42,variant,precision/test,25,31549,63.44639587402344
a3_gate_variants_60ep,A3 / Gate Variants (60ep),60ep nuScenes-mini plus latest retests,1,order,A2-order-dyn,A2 order-dyn seed42,variant,precision/test,30,37859,56.505470275878906
a3_gate_variants_60ep,A3 / Gate Variants (60ep),60ep nuScenes-mini plus latest retests,1,order,A2-order-dyn,A2 order-dyn seed42,variant,precision/test,35,44169,60.55799102783203
a3_gate_variants_60ep,A3 / Gate Variants (60ep),60ep nuScenes-mini plus latest retests,1,order,A2-order-dyn,A2 order-dyn seed42,variant,precision/test,40,50479,62.92231750488281
a3_gate_variants_60ep,A3 / Gate Variants (60ep),60ep nuScenes-mini plus latest retests,1,order,A2-order-dyn,A2 order-dyn seed42,variant,precision/test,45,56789,63.214439392089844
a3_gate_variants_60ep,A3 / Gate Variants (60ep),60ep nuScenes-mini plus latest retests,1,order,A2-order-dyn,A2 order-dyn seed42,variant,precision/test,50,63099,62.531734466552734
a3_gate_variants_60ep,A3 / Gate Variants (60ep),60ep nuScenes-mini plus latest retests,1,order,A2-order-dyn,A2 order-dyn seed42,variant,precision/test,55,69409,60.62144088745117
a3_gate_variants_60ep,A3 / Gate Variants (60ep),60ep nuScenes-mini plus latest retests,1,order,A2-order-dyn,A2 order-dyn seed42,variant,precision/test,60,75719,63.31401062011719
a3_gate_variants_60ep,A3 / Gate Variants (60ep),60ep nuScenes-mini plus latest retests,2,main,CT P5 full,P5 full,variant,success/test,5,6309,44.9376
a3_gate_variants_60ep,A3 / Gate Variants (60ep),60ep nuScenes-mini plus latest retests,2,main,CT P5 full,P5 full,variant,success/test,10,12619,25.419
a3_gate_variants_60ep,A3 / Gate Variants (60ep),60ep nuScenes-mini plus latest retests,2,main,CT P5 full,P5 full,variant,success/test,15,18929,24.233
a3_gate_variants_60ep,A3 / Gate Variants (60ep),60ep nuScenes-mini plus latest retests,2,main,CT P5 full,P5 full,variant,success/test,20,25239,22.8063
a3_gate_variants_60ep,A3 / Gate Variants (60ep),60ep nuScenes-mini plus latest retests,2,main,CT P5 full,P5 full,variant,success/test,25,31549,44.9836
a3_gate_variants_60ep,A3 / Gate Variants (60ep),60ep nuScenes-mini plus latest retests,2,main,CT P5 full,P5 full,variant,success/test,30,37859,41.4344
a3_gate_variants_60ep,A3 / Gate Variants (60ep),60ep nuScenes-mini plus latest retests,2,main,CT P5 full,P5 full,variant,success/test,35,44169,40.6707
a3_gate_variants_60ep,A3 / Gate Variants (60ep),60ep nuScenes-mini plus latest retests,2,main,CT P5 full,P5 full,variant,success/test,40,50479,28.3534
a3_gate_variants_60ep,A3 / Gate Variants (60ep),60ep nuScenes-mini plus latest retests,2,main,CT P5 full,P5 full,variant,success/test,45,56789,32.1433
a3_gate_variants_60ep,A3 / Gate Variants (60ep),60ep nuScenes-mini plus latest retests,2,main,CT P5 full,P5 full,variant,success/test,50,63099,38.8829
a3_gate_variants_60ep,A3 / Gate Variants (60ep),60ep nuScenes-mini plus latest retests,2,main,CT P5 full,P5 full,variant,success/test,55,69409,25.7123
a3_gate_variants_60ep,A3 / Gate Variants (60ep),60ep nuScenes-mini plus latest retests,2,main,CT P5 full,P5 full,variant,success/test,60,75719,31.1937
a3_gate_variants_60ep,A3 / Gate Variants (60ep),60ep nuScenes-mini plus latest retests,2,main,CT P5 full,P5 full,variant,precision/test,5,6309,62.512
a3_gate_variants_60ep,A3 / Gate Variants (60ep),60ep nuScenes-mini plus latest retests,2,main,CT P5 full,P5 full,variant,precision/test,10,12619,23.3228
a3_gate_variants_60ep,A3 / Gate Variants (60ep),60ep nuScenes-mini plus latest retests,2,main,CT P5 full,P5 full,variant,precision/test,15,18929,24.2166
a3_gate_variants_60ep,A3 / Gate Variants (60ep),60ep nuScenes-mini plus latest retests,2,main,CT P5 full,P5 full,variant,precision/test,20,25239,21.581
a3_gate_variants_60ep,A3 / Gate Variants (60ep),60ep nuScenes-mini plus latest retests,2,main,CT P5 full,P5 full,variant,precision/test,25,31549,49.4934
a3_gate_variants_60ep,A3 / Gate Variants (60ep),60ep nuScenes-mini plus latest retests,2,main,CT P5 full,P5 full,variant,precision/test,30,37859,45.3512
a3_gate_variants_60ep,A3 / Gate Variants (60ep),60ep nuScenes-mini plus latest retests,2,main,CT P5 full,P5 full,variant,precision/test,35,44169,46.4147
a3_gate_variants_60ep,A3 / Gate Variants (60ep),60ep nuScenes-mini plus latest retests,2,main,CT P5 full,P5 full,variant,precision/test,40,50479,27.2899
a3_gate_variants_60ep,A3 / Gate Variants (60ep),60ep nuScenes-mini plus latest retests,2,main,CT P5 full,P5 full,variant,precision/test,45,56789,33.2473
a3_gate_variants_60ep,A3 / Gate Variants (60ep),60ep nuScenes-mini plus latest retests,2,main,CT P5 full,P5 full,variant,precision/test,50,63099,43.9398
a3_gate_variants_60ep,A3 / Gate Variants (60ep),60ep nuScenes-mini plus latest retests,2,main,CT P5 full,P5 full,variant,precision/test,55,69409,23.8162
a3_gate_variants_60ep,A3 / Gate Variants (60ep),60ep nuScenes-mini plus latest retests,2,main,CT P5 full,P5 full,variant,precision/test,60,75719,31.8851
a3_gate_variants_60ep,A3 / Gate Variants (60ep),60ep nuScenes-mini plus latest retests,3,gate,A3-order-gate-safe,A3 gate-safe,variant,success/test,5,6310,50.74074172973633
a3_gate_variants_60ep,A3 / Gate Variants (60ep),60ep nuScenes-mini plus latest retests,3,gate,A3-order-gate-safe,A3 gate-safe,variant,success/test,10,12620,32.24835968017578
a3_gate_variants_60ep,A3 / Gate Variants (60ep),60ep nuScenes-mini plus latest retests,3,gate,A3-order-gate-safe,A3 gate-safe,variant,success/test,15,18930,35.27242660522461
a3_gate_variants_60ep,A3 / Gate Variants (60ep),60ep nuScenes-mini plus latest retests,3,gate,A3-order-gate-safe,A3 gate-safe,variant,success/test,20,25240,43.86104965209961
a3_gate_variants_60ep,A3 / Gate Variants (60ep),60ep nuScenes-mini plus latest retests,3,gate,A3-order-gate-safe,A3 gate-safe,variant,success/test,25,31550,42.16521453857422
a3_gate_variants_60ep,A3 / Gate Variants (60ep),60ep nuScenes-mini plus latest retests,3,gate,A3-order-gate-safe,A3 gate-safe,variant,success/test,30,37860,47.565650939941406
a3_gate_variants_60ep,A3 / Gate Variants (60ep),60ep nuScenes-mini plus latest retests,3,gate,A3-order-gate-safe,A3 gate-safe,variant,success/test,35,44170,43.42998504638672
a3_gate_variants_60ep,A3 / Gate Variants (60ep),60ep nuScenes-mini plus latest retests,3,gate,A3-order-gate-safe,A3 gate-safe,variant,success/test,40,50480,47.78665542602539
a3_gate_variants_60ep,A3 / Gate Variants (60ep),60ep nuScenes-mini plus latest retests,3,gate,A3-order-gate-safe,A3 gate-safe,variant,success/test,45,56790,48.77133560180664
a3_gate_variants_60ep,A3 / Gate Variants (60ep),60ep nuScenes-mini plus latest retests,3,gate,A3-order-gate-safe,A3 gate-safe,variant,success/test,50,63100,46.71444320678711
a3_gate_variants_60ep,A3 / Gate Variants (60ep),60ep nuScenes-mini plus latest retests,3,gate,A3-order-gate-safe,A3 gate-safe,variant,success/test,55,69410,50.99234771728516
a3_gate_variants_60ep,A3 / Gate Variants (60ep),60ep nuScenes-mini plus latest retests,3,gate,A3-order-gate-safe,A3 gate-safe,variant,success/test,60,75720,48.3205680847168
a3_gate_variants_60ep,A3 / Gate Variants (60ep),60ep nuScenes-mini plus latest retests,3,gate,A3-order-gate-safe,A3 gate-safe,variant,precision/test,5,6310,49.81481552124024
a3_gate_variants_60ep,A3 / Gate Variants (60ep),60ep nuScenes-mini plus latest retests,3,gate,A3-order-gate-safe,A3 gate-safe,variant,precision/test,10,12620,38.839168548583984
a3_gate_variants_60ep,A3 / Gate Variants (60ep),60ep nuScenes-mini plus latest retests,3,gate,A3-order-gate-safe,A3 gate-safe,variant,precision/test,15,18930,52.96499252319336
a3_gate_variants_60ep,A3 / Gate Variants (60ep),60ep nuScenes-mini plus latest retests,3,gate,A3-order-gate-safe,A3 gate-safe,variant,precision/test,20,25240,47.11378860473633
a3_gate_variants_60ep,A3 / Gate Variants (60ep),60ep nuScenes-mini plus latest retests,3,gate,A3-order-gate-safe,A3 gate-safe,variant,precision/test,25,31550,43.87418365478516
a3_gate_variants_60ep,A3 / Gate Variants (60ep),60ep nuScenes-mini plus latest retests,3,gate,A3-order-gate-safe,A3 gate-safe,variant,precision/test,30,37860,59.57767868041992
a3_gate_variants_60ep,A3 / Gate Variants (60ep),60ep nuScenes-mini plus latest retests,3,gate,A3-order-gate-safe,A3 gate-safe,variant,precision/test,35,44170,47.23960876464844
a3_gate_variants_60ep,A3 / Gate Variants (60ep),60ep nuScenes-mini plus latest retests,3,gate,A3-order-gate-safe,A3 gate-safe,variant,precision/test,40,50480,52.43872833251953
a3_gate_variants_60ep,A3 / Gate Variants (60ep),60ep nuScenes-mini plus latest retests,3,gate,A3-order-gate-safe,A3 gate-safe,variant,precision/test,45,56790,55.97264862060547
a3_gate_variants_60ep,A3 / Gate Variants (60ep),60ep nuScenes-mini plus latest retests,3,gate,A3-order-gate-safe,A3 gate-safe,variant,precision/test,50,63100,50.49234008789063
a3_gate_variants_60ep,A3 / Gate Variants (60ep),60ep nuScenes-mini plus latest retests,3,gate,A3-order-gate-safe,A3 gate-safe,variant,precision/test,55,69410,60.16520690917969
a3_gate_variants_60ep,A3 / Gate Variants (60ep),60ep nuScenes-mini plus latest retests,3,gate,A3-order-gate-safe,A3 gate-safe,variant,precision/test,60,75720,54.86542510986328
a3_gate_variants_60ep,A3 / Gate Variants (60ep),60ep nuScenes-mini plus latest retests,4,gate,A3-order-conf-res-gate,A3 conf-res old,variant,success/test,5,6310,62.03704071044922
a3_gate_variants_60ep,A3 / Gate Variants (60ep),60ep nuScenes-mini plus latest retests,4,gate,A3-order-conf-res-gate,A3 conf-res old,variant,success/test,10,12620,26.701313018798828
a3_gate_variants_60ep,A3 / Gate Variants (60ep),60ep nuScenes-mini plus latest retests,4,gate,A3-order-conf-res-gate,A3 conf-res old,variant,success/test,15,18930,57.777774810791016
a3_gate_variants_60ep,A3 / Gate Variants (60ep),60ep nuScenes-mini plus latest retests,4,gate,A3-order-conf-res-gate,A3 conf-res old,variant,success/test,20,25240,25.664112091064453
a3_gate_variants_60ep,A3 / Gate Variants (60ep),60ep nuScenes-mini plus latest retests,4,gate,A3-order-conf-res-gate,A3 conf-res old,variant,success/test,25,31550,28.758207321166992
a3_gate_variants_60ep,A3 / Gate Variants (60ep),60ep nuScenes-mini plus latest retests,4,gate,A3-order-conf-res-gate,A3 conf-res old,variant,success/test,30,37860,29.132387161254883
a3_gate_variants_60ep,A3 / Gate Variants (60ep),60ep nuScenes-mini plus latest retests,4,gate,A3-order-conf-res-gate,A3 conf-res old,variant,success/test,35,44170,30.970460891723636
a3_gate_variants_60ep,A3 / Gate Variants (60ep),60ep nuScenes-mini plus latest retests,4,gate,A3-order-conf-res-gate,A3 conf-res old,variant,success/test,40,50480,32.9442024230957
a3_gate_variants_60ep,A3 / Gate Variants (60ep),60ep nuScenes-mini plus latest retests,4,gate,A3-order-conf-res-gate,A3 conf-res old,variant,success/test,45,56790,30.475929260253903
a3_gate_variants_60ep,A3 / Gate Variants (60ep),60ep nuScenes-mini plus latest retests,4,gate,A3-order-conf-res-gate,A3 conf-res old,variant,success/test,50,63100,30.59190559387207
a3_gate_variants_60ep,A3 / Gate Variants (60ep),60ep nuScenes-mini plus latest retests,4,gate,A3-order-conf-res-gate,A3 conf-res old,variant,success/test,55,69410,29.456239700317383
a3_gate_variants_60ep,A3 / Gate Variants (60ep),60ep nuScenes-mini plus latest retests,4,gate,A3-order-conf-res-gate,A3 conf-res old,variant,success/test,60,75720,31.173961639404297
a3_gate_variants_60ep,A3 / Gate Variants (60ep),60ep nuScenes-mini plus latest retests,4,gate,A3-order-conf-res-gate,A3 conf-res old,variant,precision/test,5,6310,61.481483459472656
a3_gate_variants_60ep,A3 / Gate Variants (60ep),60ep nuScenes-mini plus latest retests,4,gate,A3-order-conf-res-gate,A3 conf-res old,variant,precision/test,10,12620,30.165210723876957
a3_gate_variants_60ep,A3 / Gate Variants (60ep),60ep nuScenes-mini plus latest retests,4,gate,A3-order-conf-res-gate,A3 conf-res old,variant,precision/test,15,18930,76.29630279541016
a3_gate_variants_60ep,A3 / Gate Variants (60ep),60ep nuScenes-mini plus latest retests,4,gate,A3-order-conf-res-gate,A3 conf-res old,variant,precision/test,20,25240,25.358861923217773
a3_gate_variants_60ep,A3 / Gate Variants (60ep),60ep nuScenes-mini plus latest retests,4,gate,A3-order-conf-res-gate,A3 conf-res old,variant,precision/test,25,31550,28.701311111450195
a3_gate_variants_60ep,A3 / Gate Variants (60ep),60ep nuScenes-mini plus latest retests,4,gate,A3-order-conf-res-gate,A3 conf-res old,variant,precision/test,30,37860,29.02844619750977
a3_gate_variants_60ep,A3 / Gate Variants (60ep),60ep nuScenes-mini plus latest retests,4,gate,A3-order-conf-res-gate,A3 conf-res old,variant,precision/test,35,44170,31.006563186645508
a3_gate_variants_60ep,A3 / Gate Variants (60ep),60ep nuScenes-mini plus latest retests,4,gate,A3-order-conf-res-gate,A3 conf-res old,variant,precision/test,40,50480,33.215538024902344
a3_gate_variants_60ep,A3 / Gate Variants (60ep),60ep nuScenes-mini plus latest retests,4,gate,A3-order-conf-res-gate,A3 conf-res old,variant,precision/test,45,56790,29.61378669738769
a3_gate_variants_60ep,A3 / Gate Variants (60ep),60ep nuScenes-mini plus latest retests,4,gate,A3-order-conf-res-gate,A3 conf-res old,variant,precision/test,50,63100,30.62910461425781
a3_gate_variants_60ep,A3 / Gate Variants (60ep),60ep nuScenes-mini plus latest retests,4,gate,A3-order-conf-res-gate,A3 conf-res old,variant,precision/test,55,69410,28.440919876098636
a3_gate_variants_60ep,A3 / Gate Variants (60ep),60ep nuScenes-mini plus latest retests,4,gate,A3-order-conf-res-gate,A3 conf-res old,variant,precision/test,60,75720,30.917945861816406
a3_gate_variants_60ep,A3 / Gate Variants (60ep),60ep nuScenes-mini plus latest retests,5,latest,A3-conf-res best-e14 retest,A3 best-e14 retest,variant,success/test,14,18930,28.0579891204834
a3_gate_variants_60ep,A3 / Gate Variants (60ep),60ep nuScenes-mini plus latest retests,5,latest,A3-conf-res best-e14 retest,A3 best-e14 retest,variant,precision/test,14,18930,37.69584274291992
a3_gate_variants_60ep,A3 / Gate Variants (60ep),60ep nuScenes-mini plus latest retests,6,latest,A3-conf-res rerun seed42,A3 conf-res rerun,variant,success/test,5,6310,30.75820541381836
a3_gate_variants_60ep,A3 / Gate Variants (60ep),60ep nuScenes-mini plus latest retests,6,latest,A3-conf-res rerun seed42,A3 conf-res rerun,variant,success/test,10,12620,31.049236297607422
a3_gate_variants_60ep,A3 / Gate Variants (60ep),60ep nuScenes-mini plus latest retests,6,latest,A3-conf-res rerun seed42,A3 conf-res rerun,variant,success/test,15,18930,25.806346893310547
a3_gate_variants_60ep,A3 / Gate Variants (60ep),60ep nuScenes-mini plus latest retests,6,latest,A3-conf-res rerun seed42,A3 conf-res rerun,variant,success/test,20,25240,25.24179458618164
a3_gate_variants_60ep,A3 / Gate Variants (60ep),60ep nuScenes-mini plus latest retests,6,latest,A3-conf-res rerun seed42,A3 conf-res rerun,variant,success/test,25,31550,28.902626037597656
a3_gate_variants_60ep,A3 / Gate Variants (60ep),60ep nuScenes-mini plus latest retests,6,latest,A3-conf-res rerun seed42,A3 conf-res rerun,variant,success/test,30,37860,27.913570404052734
a3_gate_variants_60ep,A3 / Gate Variants (60ep),60ep nuScenes-mini plus latest retests,6,latest,A3-conf-res rerun seed42,A3 conf-res rerun,variant,success/test,35,44170,28.57877540588379
a3_gate_variants_60ep,A3 / Gate Variants (60ep),60ep nuScenes-mini plus latest retests,6,latest,A3-conf-res rerun seed42,A3 conf-res rerun,variant,success/test,40,50480,34.545955657958984
a3_gate_variants_60ep,A3 / Gate Variants (60ep),60ep nuScenes-mini plus latest retests,6,latest,A3-conf-res rerun seed42,A3 conf-res rerun,variant,success/test,45,56790,32.21990966796875
a3_gate_variants_60ep,A3 / Gate Variants (60ep),60ep nuScenes-mini plus latest retests,6,latest,A3-conf-res rerun seed42,A3 conf-res rerun,variant,success/test,50,63100,32.07768249511719
a3_gate_variants_60ep,A3 / Gate Variants (60ep),60ep nuScenes-mini plus latest retests,6,latest,A3-conf-res rerun seed42,A3 conf-res rerun,variant,success/test,55,69410,31.756019592285156
a3_gate_variants_60ep,A3 / Gate Variants (60ep),60ep nuScenes-mini plus latest retests,6,latest,A3-conf-res rerun seed42,A3 conf-res rerun,variant,success/test,60,75720,32.10612869262695
a3_gate_variants_60ep,A3 / Gate Variants (60ep),60ep nuScenes-mini plus latest retests,6,latest,A3-conf-res rerun seed42,A3 conf-res rerun,variant,precision/test,5,6310,32.32823181152344
a3_gate_variants_60ep,A3 / Gate Variants (60ep),60ep nuScenes-mini plus latest retests,6,latest,A3-conf-res rerun seed42,A3 conf-res rerun,variant,precision/test,10,12620,36.50437545776367
a3_gate_variants_60ep,A3 / Gate Variants (60ep),60ep nuScenes-mini plus latest retests,6,latest,A3-conf-res rerun seed42,A3 conf-res rerun,variant,precision/test,15,18930,25.237417221069336
a3_gate_variants_60ep,A3 / Gate Variants (60ep),60ep nuScenes-mini plus latest retests,6,latest,A3-conf-res rerun seed42,A3 conf-res rerun,variant,precision/test,20,25240,23.65864372253418
a3_gate_variants_60ep,A3 / Gate Variants (60ep),60ep nuScenes-mini plus latest retests,6,latest,A3-conf-res rerun seed42,A3 conf-res rerun,variant,precision/test,25,31550,26.963895797729492
a3_gate_variants_60ep,A3 / Gate Variants (60ep),60ep nuScenes-mini plus latest retests,6,latest,A3-conf-res rerun seed42,A3 conf-res rerun,variant,precision/test,30,37860,26.63129234313965
a3_gate_variants_60ep,A3 / Gate Variants (60ep),60ep nuScenes-mini plus latest retests,6,latest,A3-conf-res rerun seed42,A3 conf-res rerun,variant,precision/test,35,44170,27.62582015991211
a3_gate_variants_60ep,A3 / Gate Variants (60ep),60ep nuScenes-mini plus latest retests,6,latest,A3-conf-res rerun seed42,A3 conf-res rerun,variant,precision/test,40,50480,35.736324310302734
a3_gate_variants_60ep,A3 / Gate Variants (60ep),60ep nuScenes-mini plus latest retests,6,latest,A3-conf-res rerun seed42,A3 conf-res rerun,variant,precision/test,45,56790,31.842449188232422
a3_gate_variants_60ep,A3 / Gate Variants (60ep),60ep nuScenes-mini plus latest retests,6,latest,A3-conf-res rerun seed42,A3 conf-res rerun,variant,precision/test,50,63100,31.618165969848633
a3_gate_variants_60ep,A3 / Gate Variants (60ep),60ep nuScenes-mini plus latest retests,6,latest,A3-conf-res rerun seed42,A3 conf-res rerun,variant,precision/test,55,69410,31.649887084960938
a3_gate_variants_60ep,A3 / Gate Variants (60ep),60ep nuScenes-mini plus latest retests,6,latest,A3-conf-res rerun seed42,A3 conf-res rerun,variant,precision/test,60,75720,31.87417984008789
a2_seed_stability_60ep,A2 Seed Stability (60ep),60ep nuScenes-mini,0,order,SeqTrack baseline,SeqTrack baseline,baseline,success/test,5,6309,40.6969
a2_seed_stability_60ep,A2 Seed Stability (60ep),60ep nuScenes-mini,0,order,SeqTrack baseline,SeqTrack baseline,baseline,success/test,10,12619,46.0908
a2_seed_stability_60ep,A2 Seed Stability (60ep),60ep nuScenes-mini,0,order,SeqTrack baseline,SeqTrack baseline,baseline,success/test,15,18929,45.7298
a2_seed_stability_60ep,A2 Seed Stability (60ep),60ep nuScenes-mini,0,order,SeqTrack baseline,SeqTrack baseline,baseline,success/test,20,25239,42.8851
a2_seed_stability_60ep,A2 Seed Stability (60ep),60ep nuScenes-mini,0,order,SeqTrack baseline,SeqTrack baseline,baseline,success/test,25,31549,51.7363
a2_seed_stability_60ep,A2 Seed Stability (60ep),60ep nuScenes-mini,0,order,SeqTrack baseline,SeqTrack baseline,baseline,success/test,30,37859,48.9289
a2_seed_stability_60ep,A2 Seed Stability (60ep),60ep nuScenes-mini,0,order,SeqTrack baseline,SeqTrack baseline,baseline,success/test,35,44169,52.2834
a2_seed_stability_60ep,A2 Seed Stability (60ep),60ep nuScenes-mini,0,order,SeqTrack baseline,SeqTrack baseline,baseline,success/test,40,50479,46.4781
a2_seed_stability_60ep,A2 Seed Stability (60ep),60ep nuScenes-mini,0,order,SeqTrack baseline,SeqTrack baseline,baseline,success/test,45,56789,50.4628
a2_seed_stability_60ep,A2 Seed Stability (60ep),60ep nuScenes-mini,0,order,SeqTrack baseline,SeqTrack baseline,baseline,success/test,50,63099,50.2024
a2_seed_stability_60ep,A2 Seed Stability (60ep),60ep nuScenes-mini,0,order,SeqTrack baseline,SeqTrack baseline,baseline,success/test,55,69409,49.1346
a2_seed_stability_60ep,A2 Seed Stability (60ep),60ep nuScenes-mini,0,order,SeqTrack baseline,SeqTrack baseline,baseline,success/test,60,75719,50.9858
a2_seed_stability_60ep,A2 Seed Stability (60ep),60ep nuScenes-mini,0,order,SeqTrack baseline,SeqTrack baseline,baseline,precision/test,5,6309,41.8698
a2_seed_stability_60ep,A2 Seed Stability (60ep),60ep nuScenes-mini,0,order,SeqTrack baseline,SeqTrack baseline,baseline,precision/test,10,12619,65.2144
a2_seed_stability_60ep,A2 Seed Stability (60ep),60ep nuScenes-mini,0,order,SeqTrack baseline,SeqTrack baseline,baseline,precision/test,15,18929,50.5416
a2_seed_stability_60ep,A2 Seed Stability (60ep),60ep nuScenes-mini,0,order,SeqTrack baseline,SeqTrack baseline,baseline,precision/test,20,25239,49.2309
a2_seed_stability_60ep,A2 Seed Stability (60ep),60ep nuScenes-mini,0,order,SeqTrack baseline,SeqTrack baseline,baseline,precision/test,25,31549,60.6324
a2_seed_stability_60ep,A2 Seed Stability (60ep),60ep nuScenes-mini,0,order,SeqTrack baseline,SeqTrack baseline,baseline,precision/test,30,37859,53.9092
a2_seed_stability_60ep,A2 Seed Stability (60ep),60ep nuScenes-mini,0,order,SeqTrack baseline,SeqTrack baseline,baseline,precision/test,35,44169,62.3392
a2_seed_stability_60ep,A2 Seed Stability (60ep),60ep nuScenes-mini,0,order,SeqTrack baseline,SeqTrack baseline,baseline,precision/test,40,50479,51.174
a2_seed_stability_60ep,A2 Seed Stability (60ep),60ep nuScenes-mini,0,order,SeqTrack baseline,SeqTrack baseline,baseline,precision/test,45,56789,59.6105
a2_seed_stability_60ep,A2 Seed Stability (60ep),60ep nuScenes-mini,0,order,SeqTrack baseline,SeqTrack baseline,baseline,precision/test,50,63099,57.3085
a2_seed_stability_60ep,A2 Seed Stability (60ep),60ep nuScenes-mini,0,order,SeqTrack baseline,SeqTrack baseline,baseline,precision/test,55,69409,59.3184
a2_seed_stability_60ep,A2 Seed Stability (60ep),60ep nuScenes-mini,0,order,SeqTrack baseline,SeqTrack baseline,baseline,precision/test,60,75719,59.9617
a2_seed_stability_60ep,A2 Seed Stability (60ep),60ep nuScenes-mini,1,order,A2-order-dyn,A2 seed42,variant,success/test,5,6309,28.206787109375
a2_seed_stability_60ep,A2 Seed Stability (60ep),60ep nuScenes-mini,1,order,A2-order-dyn,A2 seed42,variant,success/test,10,12619,51.31619644165039
a2_seed_stability_60ep,A2 Seed Stability (60ep),60ep nuScenes-mini,1,order,A2-order-dyn,A2 seed42,variant,success/test,15,18929,43.98577880859375
a2_seed_stability_60ep,A2 Seed Stability (60ep),60ep nuScenes-mini,1,order,A2-order-dyn,A2 seed42,variant,success/test,20,25239,40.847923278808594
a2_seed_stability_60ep,A2 Seed Stability (60ep),60ep nuScenes-mini,1,order,A2-order-dyn,A2 seed42,variant,success/test,25,31549,50.35120391845703
a2_seed_stability_60ep,A2 Seed Stability (60ep),60ep nuScenes-mini,1,order,A2-order-dyn,A2 seed42,variant,success/test,30,37859,44.2614860534668
a2_seed_stability_60ep,A2 Seed Stability (60ep),60ep nuScenes-mini,1,order,A2-order-dyn,A2 seed42,variant,success/test,35,44169,49.95732879638672
a2_seed_stability_60ep,A2 Seed Stability (60ep),60ep nuScenes-mini,1,order,A2-order-dyn,A2 seed42,variant,success/test,40,50479,51.15207290649414
a2_seed_stability_60ep,A2 Seed Stability (60ep),60ep nuScenes-mini,1,order,A2-order-dyn,A2 seed42,variant,success/test,45,56789,51.54158020019531
a2_seed_stability_60ep,A2 Seed Stability (60ep),60ep nuScenes-mini,1,order,A2-order-dyn,A2 seed42,variant,success/test,50,63099,50.19365692138672
a2_seed_stability_60ep,A2 Seed Stability (60ep),60ep nuScenes-mini,1,order,A2-order-dyn,A2 seed42,variant,success/test,55,69409,49.156455993652344
a2_seed_stability_60ep,A2 Seed Stability (60ep),60ep nuScenes-mini,1,order,A2-order-dyn,A2 seed42,variant,success/test,60,75719,50.961708068847656
a2_seed_stability_60ep,A2 Seed Stability (60ep),60ep nuScenes-mini,1,order,A2-order-dyn,A2 seed42,variant,precision/test,5,6309,27.129104614257812
a2_seed_stability_60ep,A2 Seed Stability (60ep),60ep nuScenes-mini,1,order,A2-order-dyn,A2 seed42,variant,precision/test,10,12619,63.573307037353516
a2_seed_stability_60ep,A2 Seed Stability (60ep),60ep nuScenes-mini,1,order,A2-order-dyn,A2 seed42,variant,precision/test,15,18929,58.25929641723633
a2_seed_stability_60ep,A2 Seed Stability (60ep),60ep nuScenes-mini,1,order,A2-order-dyn,A2 seed42,variant,precision/test,20,25239,51.07986831665039
a2_seed_stability_60ep,A2 Seed Stability (60ep),60ep nuScenes-mini,1,order,A2-order-dyn,A2 seed42,variant,precision/test,25,31549,63.44639587402344
a2_seed_stability_60ep,A2 Seed Stability (60ep),60ep nuScenes-mini,1,order,A2-order-dyn,A2 seed42,variant,precision/test,30,37859,56.505470275878906
a2_seed_stability_60ep,A2 Seed Stability (60ep),60ep nuScenes-mini,1,order,A2-order-dyn,A2 seed42,variant,precision/test,35,44169,60.55799102783203
a2_seed_stability_60ep,A2 Seed Stability (60ep),60ep nuScenes-mini,1,order,A2-order-dyn,A2 seed42,variant,precision/test,40,50479,62.92231750488281
a2_seed_stability_60ep,A2 Seed Stability (60ep),60ep nuScenes-mini,1,order,A2-order-dyn,A2 seed42,variant,precision/test,45,56789,63.214439392089844
a2_seed_stability_60ep,A2 Seed Stability (60ep),60ep nuScenes-mini,1,order,A2-order-dyn,A2 seed42,variant,precision/test,50,63099,62.531734466552734
a2_seed_stability_60ep,A2 Seed Stability (60ep),60ep nuScenes-mini,1,order,A2-order-dyn,A2 seed42,variant,precision/test,55,69409,60.62144088745117
a2_seed_stability_60ep,A2 Seed Stability (60ep),60ep nuScenes-mini,1,order,A2-order-dyn,A2 seed42,variant,precision/test,60,75719,63.31401062011719
a2_seed_stability_60ep,A2 Seed Stability (60ep),60ep nuScenes-mini,2,latest,A2-order-dyn seed43,A2 seed43,variant,success/test,5,6310,45.92232131958008
a2_seed_stability_60ep,A2 Seed Stability (60ep),60ep nuScenes-mini,2,latest,A2-order-dyn seed43,A2 seed43,variant,success/test,10,12620,41.729759216308594
a2_seed_stability_60ep,A2 Seed Stability (60ep),60ep nuScenes-mini,2,latest,A2-order-dyn seed43,A2 seed43,variant,success/test,15,18930,36.76696014404297
a2_seed_stability_60ep,A2 Seed Stability (60ep),60ep nuScenes-mini,2,latest,A2-order-dyn seed43,A2 seed43,variant,success/test,20,25240,20.88730812072754
a2_seed_stability_60ep,A2 Seed Stability (60ep),60ep nuScenes-mini,2,latest,A2-order-dyn seed43,A2 seed43,variant,success/test,25,31550,36.50656509399414
a2_seed_stability_60ep,A2 Seed Stability (60ep),60ep nuScenes-mini,2,latest,A2-order-dyn seed43,A2 seed43,variant,success/test,30,37860,23.624727249145508
a2_seed_stability_60ep,A2 Seed Stability (60ep),60ep nuScenes-mini,2,latest,A2-order-dyn seed43,A2 seed43,variant,success/test,35,44170,28.530635833740234
a2_seed_stability_60ep,A2 Seed Stability (60ep),60ep nuScenes-mini,2,latest,A2-order-dyn seed43,A2 seed43,variant,success/test,40,50480,28.753829956054688
a2_seed_stability_60ep,A2 Seed Stability (60ep),60ep nuScenes-mini,2,latest,A2-order-dyn seed43,A2 seed43,variant,success/test,45,56790,27.41028594970703
a2_seed_stability_60ep,A2 Seed Stability (60ep),60ep nuScenes-mini,2,latest,A2-order-dyn seed43,A2 seed43,variant,success/test,50,63100,23.539384841918945
a2_seed_stability_60ep,A2 Seed Stability (60ep),60ep nuScenes-mini,2,latest,A2-order-dyn seed43,A2 seed43,variant,success/test,55,69410,27.2636775970459
a2_seed_stability_60ep,A2 Seed Stability (60ep),60ep nuScenes-mini,2,latest,A2-order-dyn seed43,A2 seed43,variant,success/test,60,75720,23.640047073364258
a2_seed_stability_60ep,A2 Seed Stability (60ep),60ep nuScenes-mini,2,latest,A2-order-dyn seed43,A2 seed43,variant,precision/test,5,6310,52.053619384765625
a2_seed_stability_60ep,A2 Seed Stability (60ep),60ep nuScenes-mini,2,latest,A2-order-dyn seed43,A2 seed43,variant,precision/test,10,12620,54.87964630126953
a2_seed_stability_60ep,A2 Seed Stability (60ep),60ep nuScenes-mini,2,latest,A2-order-dyn seed43,A2 seed43,variant,precision/test,15,18930,50.905906677246094
a2_seed_stability_60ep,A2 Seed Stability (60ep),60ep nuScenes-mini,2,latest,A2-order-dyn seed43,A2 seed43,variant,precision/test,20,25240,20.084247589111328
a2_seed_stability_60ep,A2 Seed Stability (60ep),60ep nuScenes-mini,2,latest,A2-order-dyn seed43,A2 seed43,variant,precision/test,25,31550,45.352298736572266
a2_seed_stability_60ep,A2 Seed Stability (60ep),60ep nuScenes-mini,2,latest,A2-order-dyn seed43,A2 seed43,variant,precision/test,30,37860,23.158645629882812
a2_seed_stability_60ep,A2 Seed Stability (60ep),60ep nuScenes-mini,2,latest,A2-order-dyn seed43,A2 seed43,variant,precision/test,35,44170,32.610504150390625
a2_seed_stability_60ep,A2 Seed Stability (60ep),60ep nuScenes-mini,2,latest,A2-order-dyn seed43,A2 seed43,variant,precision/test,40,50480,35.9737434387207
a2_seed_stability_60ep,A2 Seed Stability (60ep),60ep nuScenes-mini,2,latest,A2-order-dyn seed43,A2 seed43,variant,precision/test,45,56790,32.19475173950195
a2_seed_stability_60ep,A2 Seed Stability (60ep),60ep nuScenes-mini,2,latest,A2-order-dyn seed43,A2 seed43,variant,precision/test,50,63100,23.4102840423584
a2_seed_stability_60ep,A2 Seed Stability (60ep),60ep nuScenes-mini,2,latest,A2-order-dyn seed43,A2 seed43,variant,precision/test,55,69410,32.241798400878906
a2_seed_stability_60ep,A2 Seed Stability (60ep),60ep nuScenes-mini,2,latest,A2-order-dyn seed43,A2 seed43,variant,precision/test,60,75720,23.765865325927734
a2_seed_stability_60ep,A2 Seed Stability (60ep),60ep nuScenes-mini,3,latest,A2-order-dyn seed44,A2 seed44,variant,success/test,5,6310,31.931072235107422
a2_seed_stability_60ep,A2 Seed Stability (60ep),60ep nuScenes-mini,3,latest,A2-order-dyn seed44,A2 seed44,variant,success/test,10,12620,38.98577880859375
a2_seed_stability_60ep,A2 Seed Stability (60ep),60ep nuScenes-mini,3,latest,A2-order-dyn seed44,A2 seed44,variant,success/test,15,18930,31.742889404296875
a2_seed_stability_60ep,A2 Seed Stability (60ep),60ep nuScenes-mini,3,latest,A2-order-dyn seed44,A2 seed44,variant,success/test,20,25240,33.427791595458984
a2_seed_stability_60ep,A2 Seed Stability (60ep),60ep nuScenes-mini,3,latest,A2-order-dyn seed44,A2 seed44,variant,success/test,25,31550,45.74070358276367
a2_seed_stability_60ep,A2 Seed Stability (60ep),60ep nuScenes-mini,3,latest,A2-order-dyn seed44,A2 seed44,variant,success/test,30,37860,45.26148986816406
a2_seed_stability_60ep,A2 Seed Stability (60ep),60ep nuScenes-mini,3,latest,A2-order-dyn seed44,A2 seed44,variant,success/test,35,44170,38.493438720703125
a2_seed_stability_60ep,A2 Seed Stability (60ep),60ep nuScenes-mini,3,latest,A2-order-dyn seed44,A2 seed44,variant,success/test,40,50480,43.20240783691406
a2_seed_stability_60ep,A2 Seed Stability (60ep),60ep nuScenes-mini,3,latest,A2-order-dyn seed44,A2 seed44,variant,success/test,45,56790,49.19365692138672
a2_seed_stability_60ep,A2 Seed Stability (60ep),60ep nuScenes-mini,3,latest,A2-order-dyn seed44,A2 seed44,variant,success/test,50,63100,50.228668212890625
a2_seed_stability_60ep,A2 Seed Stability (60ep),60ep nuScenes-mini,3,latest,A2-order-dyn seed44,A2 seed44,variant,success/test,55,69410,48.7035026550293
a2_seed_stability_60ep,A2 Seed Stability (60ep),60ep nuScenes-mini,3,latest,A2-order-dyn seed44,A2 seed44,variant,success/test,60,75720,46.904815673828125
a2_seed_stability_60ep,A2 Seed Stability (60ep),60ep nuScenes-mini,3,latest,A2-order-dyn seed44,A2 seed44,variant,precision/test,5,6310,35.59080505371094
a2_seed_stability_60ep,A2 Seed Stability (60ep),60ep nuScenes-mini,3,latest,A2-order-dyn seed44,A2 seed44,variant,precision/test,10,12620,51.85667419433594
a2_seed_stability_60ep,A2 Seed Stability (60ep),60ep nuScenes-mini,3,latest,A2-order-dyn seed44,A2 seed44,variant,precision/test,15,18930,26.487964630126953
a2_seed_stability_60ep,A2 Seed Stability (60ep),60ep nuScenes-mini,3,latest,A2-order-dyn seed44,A2 seed44,variant,precision/test,20,25240,45.12035369873047
a2_seed_stability_60ep,A2 Seed Stability (60ep),60ep nuScenes-mini,3,latest,A2-order-dyn seed44,A2 seed44,variant,precision/test,25,31550,52.05032730102539
a2_seed_stability_60ep,A2 Seed Stability (60ep),60ep nuScenes-mini,3,latest,A2-order-dyn seed44,A2 seed44,variant,precision/test,30,37860,53.95842742919922
a2_seed_stability_60ep,A2 Seed Stability (60ep),60ep nuScenes-mini,3,latest,A2-order-dyn seed44,A2 seed44,variant,precision/test,35,44170,44.669586181640625
a2_seed_stability_60ep,A2 Seed Stability (60ep),60ep nuScenes-mini,3,latest,A2-order-dyn seed44,A2 seed44,variant,precision/test,40,50480,47.59299850463867
a2_seed_stability_60ep,A2 Seed Stability (60ep),60ep nuScenes-mini,3,latest,A2-order-dyn seed44,A2 seed44,variant,precision/test,45,56790,57.45732879638672
a2_seed_stability_60ep,A2 Seed Stability (60ep),60ep nuScenes-mini,3,latest,A2-order-dyn seed44,A2 seed44,variant,precision/test,50,63100,58.192562103271484
a2_seed_stability_60ep,A2 Seed Stability (60ep),60ep nuScenes-mini,3,latest,A2-order-dyn seed44,A2 seed44,variant,precision/test,55,69410,55.67833709716797
a2_seed_stability_60ep,A2 Seed Stability (60ep),60ep nuScenes-mini,3,latest,A2-order-dyn seed44,A2 seed44,variant,precision/test,60,75720,52.62253952026367
long_training_180ep,Long Training Stability (180ep),180ep nuScenes-mini,0,long180,SeqTrack baseline 180ep,Baseline 180ep,baseline,success/test,5,6310,40.508750915527344
long_training_180ep,Long Training Stability (180ep),180ep nuScenes-mini,0,long180,SeqTrack baseline 180ep,Baseline 180ep,baseline,success/test,10,12620,45.74726867675781
long_training_180ep,Long Training Stability (180ep),180ep nuScenes-mini,0,long180,SeqTrack baseline 180ep,Baseline 180ep,baseline,success/test,15,18930,48.14332962036133
long_training_180ep,Long Training Stability (180ep),180ep nuScenes-mini,0,long180,SeqTrack baseline 180ep,Baseline 180ep,baseline,success/test,20,25240,39.235233306884766
long_training_180ep,Long Training Stability (180ep),180ep nuScenes-mini,0,long180,SeqTrack baseline 180ep,Baseline 180ep,baseline,success/test,25,31550,50.27462387084961
long_training_180ep,Long Training Stability (180ep),180ep nuScenes-mini,0,long180,SeqTrack baseline 180ep,Baseline 180ep,baseline,success/test,30,37860,48.41465759277344
long_training_180ep,Long Training Stability (180ep),180ep nuScenes-mini,0,long180,SeqTrack baseline 180ep,Baseline 180ep,baseline,success/test,35,44170,51.539390563964844
long_training_180ep,Long Training Stability (180ep),180ep nuScenes-mini,0,long180,SeqTrack baseline 180ep,Baseline 180ep,baseline,success/test,40,50480,45.15864944458008
long_training_180ep,Long Training Stability (180ep),180ep nuScenes-mini,0,long180,SeqTrack baseline 180ep,Baseline 180ep,baseline,success/test,45,56790,52.009849548339844
long_training_180ep,Long Training Stability (180ep),180ep nuScenes-mini,0,long180,SeqTrack baseline 180ep,Baseline 180ep,baseline,success/test,50,63100,50.39496994018555
long_training_180ep,Long Training Stability (180ep),180ep nuScenes-mini,0,long180,SeqTrack baseline 180ep,Baseline 180ep,baseline,success/test,55,69410,51.10831832885742
long_training_180ep,Long Training Stability (180ep),180ep nuScenes-mini,0,long180,SeqTrack baseline 180ep,Baseline 180ep,baseline,success/test,60,75720,51.04924011230469
long_training_180ep,Long Training Stability (180ep),180ep nuScenes-mini,0,long180,SeqTrack baseline 180ep,Baseline 180ep,baseline,success/test,65,82030,50.823856353759766
long_training_180ep,Long Training Stability (180ep),180ep nuScenes-mini,0,long180,SeqTrack baseline 180ep,Baseline 180ep,baseline,success/test,70,88340,51.04267120361328
long_training_180ep,Long Training Stability (180ep),180ep nuScenes-mini,0,long180,SeqTrack baseline 180ep,Baseline 180ep,baseline,success/test,75,94650,50.63348388671875
long_training_180ep,Long Training Stability (180ep),180ep nuScenes-mini,0,long180,SeqTrack baseline 180ep,Baseline 180ep,baseline,success/test,80,100960,52.06454849243164
long_training_180ep,Long Training Stability (180ep),180ep nuScenes-mini,0,long180,SeqTrack baseline 180ep,Baseline 180ep,baseline,success/test,85,107270,51.169586181640625
long_training_180ep,Long Training Stability (180ep),180ep nuScenes-mini,0,long180,SeqTrack baseline 180ep,Baseline 180ep,baseline,success/test,90,113580,50.49562454223633
long_training_180ep,Long Training Stability (180ep),180ep nuScenes-mini,0,long180,SeqTrack baseline 180ep,Baseline 180ep,baseline,success/test,95,119890,50.11487579345703
long_training_180ep,Long Training Stability (180ep),180ep nuScenes-mini,0,long180,SeqTrack baseline 180ep,Baseline 180ep,baseline,success/test,100,126200,51.32713317871094
long_training_180ep,Long Training Stability (180ep),180ep nuScenes-mini,0,long180,SeqTrack baseline 180ep,Baseline 180ep,baseline,success/test,105,132510,51.005470275878906
long_training_180ep,Long Training Stability (180ep),180ep nuScenes-mini,0,long180,SeqTrack baseline 180ep,Baseline 180ep,baseline,success/test,110,138820,51.780086517333984
long_training_180ep,Long Training Stability (180ep),180ep nuScenes-mini,0,long180,SeqTrack baseline 180ep,Baseline 180ep,baseline,success/test,115,145130,51.13895034790039
long_training_180ep,Long Training Stability (180ep),180ep nuScenes-mini,0,long180,SeqTrack baseline 180ep,Baseline 180ep,baseline,success/test,120,151440,50.530635833740234
long_training_180ep,Long Training Stability (180ep),180ep nuScenes-mini,0,long180,SeqTrack baseline 180ep,Baseline 180ep,baseline,success/test,125,157750,50.28336715698242
long_training_180ep,Long Training Stability (180ep),180ep nuScenes-mini,0,long180,SeqTrack baseline 180ep,Baseline 180ep,baseline,success/test,130,164060,50.265865325927734
long_training_180ep,Long Training Stability (180ep),180ep nuScenes-mini,0,long180,SeqTrack baseline 180ep,Baseline 180ep,baseline,success/test,135,170370,50.69475173950195
long_training_180ep,Long Training Stability (180ep),180ep nuScenes-mini,0,long180,SeqTrack baseline 180ep,Baseline 180ep,baseline,success/test,140,176680,50.808536529541016
long_training_180ep,Long Training Stability (180ep),180ep nuScenes-mini,0,long180,SeqTrack baseline 180ep,Baseline 180ep,baseline,success/test,145,182990,50.45623779296875
long_training_180ep,Long Training Stability (180ep),180ep nuScenes-mini,0,long180,SeqTrack baseline 180ep,Baseline 180ep,baseline,success/test,150,189300,50.191463470458984
long_training_180ep,Long Training Stability (180ep),180ep nuScenes-mini,0,long180,SeqTrack baseline 180ep,Baseline 180ep,baseline,success/test,155,195610,51.530635833740234
long_training_180ep,Long Training Stability (180ep),180ep nuScenes-mini,0,long180,SeqTrack baseline 180ep,Baseline 180ep,baseline,success/test,160,201920,51.91575241088867
long_training_180ep,Long Training Stability (180ep),180ep nuScenes-mini,0,long180,SeqTrack baseline 180ep,Baseline 180ep,baseline,success/test,165,208230,50.655364990234375
long_training_180ep,Long Training Stability (180ep),180ep nuScenes-mini,0,long180,SeqTrack baseline 180ep,Baseline 180ep,baseline,success/test,170,214540,50.79759216308594
long_training_180ep,Long Training Stability (180ep),180ep nuScenes-mini,0,long180,SeqTrack baseline 180ep,Baseline 180ep,baseline,success/test,175,220850,50.11050796508789
long_training_180ep,Long Training Stability (180ep),180ep nuScenes-mini,0,long180,SeqTrack baseline 180ep,Baseline 180ep,baseline,success/test,180,227160,51.33588790893555
long_training_180ep,Long Training Stability (180ep),180ep nuScenes-mini,0,long180,SeqTrack baseline 180ep,Baseline 180ep,baseline,precision/test,5,6310,37.89496994018555
long_training_180ep,Long Training Stability (180ep),180ep nuScenes-mini,0,long180,SeqTrack baseline 180ep,Baseline 180ep,baseline,precision/test,10,12620,63.70459747314453
long_training_180ep,Long Training Stability (180ep),180ep nuScenes-mini,0,long180,SeqTrack baseline 180ep,Baseline 180ep,baseline,precision/test,15,18930,59.5010986328125
long_training_180ep,Long Training Stability (180ep),180ep nuScenes-mini,0,long180,SeqTrack baseline 180ep,Baseline 180ep,baseline,precision/test,20,25240,44.11050033569336
long_training_180ep,Long Training Stability (180ep),180ep nuScenes-mini,0,long180,SeqTrack baseline 180ep,Baseline 180ep,baseline,precision/test,25,31550,56.38949966430664
long_training_180ep,Long Training Stability (180ep),180ep nuScenes-mini,0,long180,SeqTrack baseline 180ep,Baseline 180ep,baseline,precision/test,30,37860,53.61378860473633
long_training_180ep,Long Training Stability (180ep),180ep nuScenes-mini,0,long180,SeqTrack baseline 180ep,Baseline 180ep,baseline,precision/test,35,44170,61.447479248046875
long_training_180ep,Long Training Stability (180ep),180ep nuScenes-mini,0,long180,SeqTrack baseline 180ep,Baseline 180ep,baseline,precision/test,40,50480,49.50328063964844
long_training_180ep,Long Training Stability (180ep),180ep nuScenes-mini,0,long180,SeqTrack baseline 180ep,Baseline 180ep,baseline,precision/test,45,56790,62.91575622558594
long_training_180ep,Long Training Stability (180ep),180ep nuScenes-mini,0,long180,SeqTrack baseline 180ep,Baseline 180ep,baseline,precision/test,50,63100,58.61707305908203
long_training_180ep,Long Training Stability (180ep),180ep nuScenes-mini,0,long180,SeqTrack baseline 180ep,Baseline 180ep,baseline,precision/test,55,69410,60.712249755859375
long_training_180ep,Long Training Stability (180ep),180ep nuScenes-mini,0,long180,SeqTrack baseline 180ep,Baseline 180ep,baseline,precision/test,60,75720,60.175048828125
long_training_180ep,Long Training Stability (180ep),180ep nuScenes-mini,0,long180,SeqTrack baseline 180ep,Baseline 180ep,baseline,precision/test,65,82030,59.273521423339844
long_training_180ep,Long Training Stability (180ep),180ep nuScenes-mini,0,long180,SeqTrack baseline 180ep,Baseline 180ep,baseline,precision/test,70,88340,59.625816345214844
long_training_180ep,Long Training Stability (180ep),180ep nuScenes-mini,0,long180,SeqTrack baseline 180ep,Baseline 180ep,baseline,precision/test,75,94650,59.4135627746582
long_training_180ep,Long Training Stability (180ep),180ep nuScenes-mini,0,long180,SeqTrack baseline 180ep,Baseline 180ep,baseline,precision/test,80,100960,61.36323928833008
long_training_180ep,Long Training Stability (180ep),180ep nuScenes-mini,0,long180,SeqTrack baseline 180ep,Baseline 180ep,baseline,precision/test,85,107270,59.71772766113281
long_training_180ep,Long Training Stability (180ep),180ep nuScenes-mini,0,long180,SeqTrack baseline 180ep,Baseline 180ep,baseline,precision/test,90,113580,58.65864181518555
long_training_180ep,Long Training Stability (180ep),180ep nuScenes-mini,0,long180,SeqTrack baseline 180ep,Baseline 180ep,baseline,precision/test,95,119890,58.390594482421875
long_training_180ep,Long Training Stability (180ep),180ep nuScenes-mini,0,long180,SeqTrack baseline 180ep,Baseline 180ep,baseline,precision/test,100,126200,59.970462799072266
long_training_180ep,Long Training Stability (180ep),180ep nuScenes-mini,0,long180,SeqTrack baseline 180ep,Baseline 180ep,baseline,precision/test,105,132510,59.2625846862793
long_training_180ep,Long Training Stability (180ep),180ep nuScenes-mini,0,long180,SeqTrack baseline 180ep,Baseline 180ep,baseline,precision/test,110,138820,60.71662902832031
long_training_180ep,Long Training Stability (180ep),180ep nuScenes-mini,0,long180,SeqTrack baseline 180ep,Baseline 180ep,baseline,precision/test,115,145130,59.735233306884766
long_training_180ep,Long Training Stability (180ep),180ep nuScenes-mini,0,long180,SeqTrack baseline 180ep,Baseline 180ep,baseline,precision/test,120,151440,58.92121887207031
long_training_180ep,Long Training Stability (180ep),180ep nuScenes-mini,0,long180,SeqTrack baseline 180ep,Baseline 180ep,baseline,precision/test,125,157750,58.48139953613281
long_training_180ep,Long Training Stability (180ep),180ep nuScenes-mini,0,long180,SeqTrack baseline 180ep,Baseline 180ep,baseline,precision/test,130,164060,58.725379943847656
long_training_180ep,Long Training Stability (180ep),180ep nuScenes-mini,0,long180,SeqTrack baseline 180ep,Baseline 180ep,baseline,precision/test,135,170370,59.138954162597656
long_training_180ep,Long Training Stability (180ep),180ep nuScenes-mini,0,long180,SeqTrack baseline 180ep,Baseline 180ep,baseline,precision/test,140,176680,59.5557975769043
long_training_180ep,Long Training Stability (180ep),180ep nuScenes-mini,0,long180,SeqTrack baseline 180ep,Baseline 180ep,baseline,precision/test,145,182990,58.60393524169922
long_training_180ep,Long Training Stability (180ep),180ep nuScenes-mini,0,long180,SeqTrack baseline 180ep,Baseline 180ep,baseline,precision/test,150,189300,58.289939880371094
long_training_180ep,Long Training Stability (180ep),180ep nuScenes-mini,0,long180,SeqTrack baseline 180ep,Baseline 180ep,baseline,precision/test,155,195610,60.448585510253906
long_training_180ep,Long Training Stability (180ep),180ep nuScenes-mini,0,long180,SeqTrack baseline 180ep,Baseline 180ep,baseline,precision/test,160,201920,60.785560607910156
long_training_180ep,Long Training Stability (180ep),180ep nuScenes-mini,0,long180,SeqTrack baseline 180ep,Baseline 180ep,baseline,precision/test,165,208230,58.754920959472656
long_training_180ep,Long Training Stability (180ep),180ep nuScenes-mini,0,long180,SeqTrack baseline 180ep,Baseline 180ep,baseline,precision/test,170,214540,59.31838607788086
long_training_180ep,Long Training Stability (180ep),180ep nuScenes-mini,0,long180,SeqTrack baseline 180ep,Baseline 180ep,baseline,precision/test,175,220850,58.21772766113281
long_training_180ep,Long Training Stability (180ep),180ep nuScenes-mini,0,long180,SeqTrack baseline 180ep,Baseline 180ep,baseline,precision/test,180,227160,60.1466064453125
long_training_180ep,Long Training Stability (180ep),180ep nuScenes-mini,1,long180,CT-SeqTrack A2-order-dyn 180ep,A2 180ep,variant,success/test,5,6310,43.8829345703125
long_training_180ep,Long Training Stability (180ep),180ep nuScenes-mini,1,long180,CT-SeqTrack A2-order-dyn 180ep,A2 180ep,variant,success/test,10,12620,46.891685485839844
long_training_180ep,Long Training Stability (180ep),180ep nuScenes-mini,1,long180,CT-SeqTrack A2-order-dyn 180ep,A2 180ep,variant,success/test,15,18930,39.85011291503906
long_training_180ep,Long Training Stability (180ep),180ep nuScenes-mini,1,long180,CT-SeqTrack A2-order-dyn 180ep,A2 180ep,variant,success/test,20,25240,34.55689239501953
long_training_180ep,Long Training Stability (180ep),180ep nuScenes-mini,1,long180,CT-SeqTrack A2-order-dyn 180ep,A2 180ep,variant,success/test,25,31550,35.318382263183594
long_training_180ep,Long Training Stability (180ep),180ep nuScenes-mini,1,long180,CT-SeqTrack A2-order-dyn 180ep,A2 180ep,variant,success/test,30,37860,34.318382263183594
long_training_180ep,Long Training Stability (180ep),180ep nuScenes-mini,1,long180,CT-SeqTrack A2-order-dyn 180ep,A2 180ep,variant,success/test,35,44170,30.64441680908203
long_training_180ep,Long Training Stability (180ep),180ep nuScenes-mini,1,long180,CT-SeqTrack A2-order-dyn 180ep,A2 180ep,variant,success/test,40,50480,30.688186645507812
long_training_180ep,Long Training Stability (180ep),180ep nuScenes-mini,1,long180,CT-SeqTrack A2-order-dyn 180ep,A2 180ep,variant,success/test,45,56790,31.52625846862793
long_training_180ep,Long Training Stability (180ep),180ep nuScenes-mini,1,long180,CT-SeqTrack A2-order-dyn 180ep,A2 180ep,variant,success/test,50,63100,31.13020133972168
long_training_180ep,Long Training Stability (180ep),180ep nuScenes-mini,1,long180,CT-SeqTrack A2-order-dyn 180ep,A2 180ep,variant,success/test,55,69410,32.23741912841797
long_training_180ep,Long Training Stability (180ep),180ep nuScenes-mini,1,long180,CT-SeqTrack A2-order-dyn 180ep,A2 180ep,variant,success/test,60,75720,32.160831451416016
long_training_180ep,Long Training Stability (180ep),180ep nuScenes-mini,1,long180,CT-SeqTrack A2-order-dyn 180ep,A2 180ep,variant,success/test,65,82030,30.799779891967773
long_training_180ep,Long Training Stability (180ep),180ep nuScenes-mini,1,long180,CT-SeqTrack A2-order-dyn 180ep,A2 180ep,variant,success/test,70,88340,30.62691307067871
long_training_180ep,Long Training Stability (180ep),180ep nuScenes-mini,1,long180,CT-SeqTrack A2-order-dyn 180ep,A2 180ep,variant,success/test,75,94650,30.563459396362305
long_training_180ep,Long Training Stability (180ep),180ep nuScenes-mini,1,long180,CT-SeqTrack A2-order-dyn 180ep,A2 180ep,variant,success/test,80,100960,30.230850219726562
long_training_180ep,Long Training Stability (180ep),180ep nuScenes-mini,1,long180,CT-SeqTrack A2-order-dyn 180ep,A2 180ep,variant,success/test,85,107270,30.891687393188477
long_training_180ep,Long Training Stability (180ep),180ep nuScenes-mini,1,long180,CT-SeqTrack A2-order-dyn 180ep,A2 180ep,variant,success/test,90,113580,30.143325805664062
long_training_180ep,Long Training Stability (180ep),180ep nuScenes-mini,1,long180,CT-SeqTrack A2-order-dyn 180ep,A2 180ep,variant,success/test,95,119890,30.683813095092773
long_training_180ep,Long Training Stability (180ep),180ep nuScenes-mini,1,long180,CT-SeqTrack A2-order-dyn 180ep,A2 180ep,variant,success/test,100,126200,31.79102897644043
long_training_180ep,Long Training Stability (180ep),180ep nuScenes-mini,1,long180,CT-SeqTrack A2-order-dyn 180ep,A2 180ep,variant,success/test,105,132510,32.11925506591797
long_training_180ep,Long Training Stability (180ep),180ep nuScenes-mini,1,long180,CT-SeqTrack A2-order-dyn 180ep,A2 180ep,variant,success/test,110,138820,30.9989070892334
long_training_180ep,Long Training Stability (180ep),180ep nuScenes-mini,1,long180,CT-SeqTrack A2-order-dyn 180ep,A2 180ep,variant,success/test,115,145130,31.001094818115234
long_training_180ep,Long Training Stability (180ep),180ep nuScenes-mini,1,long180,CT-SeqTrack A2-order-dyn 180ep,A2 180ep,variant,success/test,120,151440,30.87417984008789
long_training_180ep,Long Training Stability (180ep),180ep nuScenes-mini,1,long180,CT-SeqTrack A2-order-dyn 180ep,A2 180ep,variant,success/test,125,157750,31.04485511779785
long_training_180ep,Long Training Stability (180ep),180ep nuScenes-mini,1,long180,CT-SeqTrack A2-order-dyn 180ep,A2 180ep,variant,success/test,130,164060,30.092998504638672
long_training_180ep,Long Training Stability (180ep),180ep nuScenes-mini,1,long180,CT-SeqTrack A2-order-dyn 180ep,A2 180ep,variant,success/test,135,170370,31.653175354003906
long_training_180ep,Long Training Stability (180ep),180ep nuScenes-mini,1,long180,CT-SeqTrack A2-order-dyn 180ep,A2 180ep,variant,success/test,140,176680,30.432165145874023
long_training_180ep,Long Training Stability (180ep),180ep nuScenes-mini,1,long180,CT-SeqTrack A2-order-dyn 180ep,A2 180ep,variant,success/test,145,182990,30.528446197509766
long_training_180ep,Long Training Stability (180ep),180ep nuScenes-mini,1,long180,CT-SeqTrack A2-order-dyn 180ep,A2 180ep,variant,success/test,150,189300,31.390588760375977
long_training_180ep,Long Training Stability (180ep),180ep nuScenes-mini,1,long180,CT-SeqTrack A2-order-dyn 180ep,A2 180ep,variant,success/test,155,195610,30.460617065429688
long_training_180ep,Long Training Stability (180ep),180ep nuScenes-mini,1,long180,CT-SeqTrack A2-order-dyn 180ep,A2 180ep,variant,success/test,160,201920,31.408098220825195
long_training_180ep,Long Training Stability (180ep),180ep nuScenes-mini,1,long180,CT-SeqTrack A2-order-dyn 180ep,A2 180ep,variant,success/test,165,208230,30.278995513916016
long_training_180ep,Long Training Stability (180ep),180ep nuScenes-mini,1,long180,CT-SeqTrack A2-order-dyn 180ep,A2 180ep,variant,success/test,170,214540,29.703500747680664
long_training_180ep,Long Training Stability (180ep),180ep nuScenes-mini,1,long180,CT-SeqTrack A2-order-dyn 180ep,A2 180ep,variant,success/test,175,220850,30.40372085571289
long_training_180ep,Long Training Stability (180ep),180ep nuScenes-mini,1,long180,CT-SeqTrack A2-order-dyn 180ep,A2 180ep,variant,success/test,180,227160,30.81728744506836
long_training_180ep,Long Training Stability (180ep),180ep nuScenes-mini,1,long180,CT-SeqTrack A2-order-dyn 180ep,A2 180ep,variant,precision/test,5,6310,54.50546646118164
long_training_180ep,Long Training Stability (180ep),180ep nuScenes-mini,1,long180,CT-SeqTrack A2-order-dyn 180ep,A2 180ep,variant,precision/test,10,12620,51.96061706542969
long_training_180ep,Long Training Stability (180ep),180ep nuScenes-mini,1,long180,CT-SeqTrack A2-order-dyn 180ep,A2 180ep,variant,precision/test,15,18930,55.76149368286133
long_training_180ep,Long Training Stability (180ep),180ep nuScenes-mini,1,long180,CT-SeqTrack A2-order-dyn 180ep,A2 180ep,variant,precision/test,20,25240,43.34901428222656
long_training_180ep,Long Training Stability (180ep),180ep nuScenes-mini,1,long180,CT-SeqTrack A2-order-dyn 180ep,A2 180ep,variant,precision/test,25,31550,36.935447692871094
long_training_180ep,Long Training Stability (180ep),180ep nuScenes-mini,1,long180,CT-SeqTrack A2-order-dyn 180ep,A2 180ep,variant,precision/test,30,37860,43.185997009277344
long_training_180ep,Long Training Stability (180ep),180ep nuScenes-mini,1,long180,CT-SeqTrack A2-order-dyn 180ep,A2 180ep,variant,precision/test,35,44170,37.59190368652344
long_training_180ep,Long Training Stability (180ep),180ep nuScenes-mini,1,long180,CT-SeqTrack A2-order-dyn 180ep,A2 180ep,variant,precision/test,40,50480,35.52297592163086
long_training_180ep,Long Training Stability (180ep),180ep nuScenes-mini,1,long180,CT-SeqTrack A2-order-dyn 180ep,A2 180ep,variant,precision/test,45,56790,35.56892776489258
long_training_180ep,Long Training Stability (180ep),180ep nuScenes-mini,1,long180,CT-SeqTrack A2-order-dyn 180ep,A2 180ep,variant,precision/test,50,63100,32.852298736572266
long_training_180ep,Long Training Stability (180ep),180ep nuScenes-mini,1,long180,CT-SeqTrack A2-order-dyn 180ep,A2 180ep,variant,precision/test,55,69410,34.5032844543457
long_training_180ep,Long Training Stability (180ep),180ep nuScenes-mini,1,long180,CT-SeqTrack A2-order-dyn 180ep,A2 180ep,variant,precision/test,60,75720,35.11378860473633
long_training_180ep,Long Training Stability (180ep),180ep nuScenes-mini,1,long180,CT-SeqTrack A2-order-dyn 180ep,A2 180ep,variant,precision/test,65,82030,34.432167053222656
long_training_180ep,Long Training Stability (180ep),180ep nuScenes-mini,1,long180,CT-SeqTrack A2-order-dyn 180ep,A2 180ep,variant,precision/test,70,88340,34.40918731689453
long_training_180ep,Long Training Stability (180ep),180ep nuScenes-mini,1,long180,CT-SeqTrack A2-order-dyn 180ep,A2 180ep,variant,precision/test,75,94650,33.42888259887695
long_training_180ep,Long Training Stability (180ep),180ep nuScenes-mini,1,long180,CT-SeqTrack A2-order-dyn 180ep,A2 180ep,variant,precision/test,80,100960,34.22538757324219
long_training_180ep,Long Training Stability (180ep),180ep nuScenes-mini,1,long180,CT-SeqTrack A2-order-dyn 180ep,A2 180ep,variant,precision/test,85,107270,35.015316009521484
long_training_180ep,Long Training Stability (180ep),180ep nuScenes-mini,1,long180,CT-SeqTrack A2-order-dyn 180ep,A2 180ep,variant,precision/test,90,113580,33.40481185913086
long_training_180ep,Long Training Stability (180ep),180ep nuScenes-mini,1,long180,CT-SeqTrack A2-order-dyn 180ep,A2 180ep,variant,precision/test,95,119890,34.007659912109375
long_training_180ep,Long Training Stability (180ep),180ep nuScenes-mini,1,long180,CT-SeqTrack A2-order-dyn 180ep,A2 180ep,variant,precision/test,100,126200,35.843544006347656
long_training_180ep,Long Training Stability (180ep),180ep nuScenes-mini,1,long180,CT-SeqTrack A2-order-dyn 180ep,A2 180ep,variant,precision/test,105,132510,36.877464294433594
long_training_180ep,Long Training Stability (180ep),180ep nuScenes-mini,1,long180,CT-SeqTrack A2-order-dyn 180ep,A2 180ep,variant,precision/test,110,138820,34.461708068847656
long_training_180ep,Long Training Stability (180ep),180ep nuScenes-mini,1,long180,CT-SeqTrack A2-order-dyn 180ep,A2 180ep,variant,precision/test,115,145130,34.919036865234375
long_training_180ep,Long Training Stability (180ep),180ep nuScenes-mini,1,long180,CT-SeqTrack A2-order-dyn 180ep,A2 180ep,variant,precision/test,120,151440,34.80306625366211
long_training_180ep,Long Training Stability (180ep),180ep nuScenes-mini,1,long180,CT-SeqTrack A2-order-dyn 180ep,A2 180ep,variant,precision/test,125,157750,34.71225357055664
long_training_180ep,Long Training Stability (180ep),180ep nuScenes-mini,1,long180,CT-SeqTrack A2-order-dyn 180ep,A2 180ep,variant,precision/test,130,164060,33.16849136352539
long_training_180ep,Long Training Stability (180ep),180ep nuScenes-mini,1,long180,CT-SeqTrack A2-order-dyn 180ep,A2 180ep,variant,precision/test,135,170370,36.124725341796875
long_training_180ep,Long Training Stability (180ep),180ep nuScenes-mini,1,long180,CT-SeqTrack A2-order-dyn 180ep,A2 180ep,variant,precision/test,140,176680,33.93763732910156
long_training_180ep,Long Training Stability (180ep),180ep nuScenes-mini,1,long180,CT-SeqTrack A2-order-dyn 180ep,A2 180ep,variant,precision/test,145,182990,33.98358917236328
long_training_180ep,Long Training Stability (180ep),180ep nuScenes-mini,1,long180,CT-SeqTrack A2-order-dyn 180ep,A2 180ep,variant,precision/test,150,189300,35.72866439819336
long_training_180ep,Long Training Stability (180ep),180ep nuScenes-mini,1,long180,CT-SeqTrack A2-order-dyn 180ep,A2 180ep,variant,precision/test,155,195610,34.18927764892578
long_training_180ep,Long Training Stability (180ep),180ep nuScenes-mini,1,long180,CT-SeqTrack A2-order-dyn 180ep,A2 180ep,variant,precision/test,160,201920,35.54704666137695
long_training_180ep,Long Training Stability (180ep),180ep nuScenes-mini,1,long180,CT-SeqTrack A2-order-dyn 180ep,A2 180ep,variant,precision/test,165,208230,33.84901428222656
long_training_180ep,Long Training Stability (180ep),180ep nuScenes-mini,1,long180,CT-SeqTrack A2-order-dyn 180ep,A2 180ep,variant,precision/test,170,214540,32.87199020385742
long_training_180ep,Long Training Stability (180ep),180ep nuScenes-mini,1,long180,CT-SeqTrack A2-order-dyn 180ep,A2 180ep,variant,precision/test,175,220850,33.80634689331055
long_training_180ep,Long Training Stability (180ep),180ep nuScenes-mini,1,long180,CT-SeqTrack A2-order-dyn 180ep,A2 180ep,variant,precision/test,180,227160,34.40918731689453
long_training_180ep,Long Training Stability (180ep),180ep nuScenes-mini,2,long180,CT-SeqTrack A3-conf-res-gate 180ep,A3 conf-res 180ep,variant,success/test,5,6310,29.517507553100586
long_training_180ep,Long Training Stability (180ep),180ep nuScenes-mini,2,long180,CT-SeqTrack A3-conf-res-gate 180ep,A3 conf-res 180ep,variant,success/test,10,12620,30.12801170349121
long_training_180ep,Long Training Stability (180ep),180ep nuScenes-mini,2,long180,CT-SeqTrack A3-conf-res-gate 180ep,A3 conf-res 180ep,variant,success/test,15,18930,29.410287857055664
long_training_180ep,Long Training Stability (180ep),180ep nuScenes-mini,2,long180,CT-SeqTrack A3-conf-res-gate 180ep,A3 conf-res 180ep,variant,success/test,20,25240,20.92669677734375
long_training_180ep,Long Training Stability (180ep),180ep nuScenes-mini,2,long180,CT-SeqTrack A3-conf-res-gate 180ep,A3 conf-res 180ep,variant,success/test,25,31550,24.421226501464844
long_training_180ep,Long Training Stability (180ep),180ep nuScenes-mini,2,long180,CT-SeqTrack A3-conf-res-gate 180ep,A3 conf-res 180ep,variant,success/test,30,37860,26.11488151550293
long_training_180ep,Long Training Stability (180ep),180ep nuScenes-mini,2,long180,CT-SeqTrack A3-conf-res-gate 180ep,A3 conf-res 180ep,variant,success/test,35,44170,25.495624542236328
long_training_180ep,Long Training Stability (180ep),180ep nuScenes-mini,2,long180,CT-SeqTrack A3-conf-res-gate 180ep,A3 conf-res 180ep,variant,success/test,40,50480,28.460613250732422
long_training_180ep,Long Training Stability (180ep),180ep nuScenes-mini,2,long180,CT-SeqTrack A3-conf-res-gate 180ep,A3 conf-res 180ep,variant,success/test,45,56790,27.6487979888916
long_training_180ep,Long Training Stability (180ep),180ep nuScenes-mini,2,long180,CT-SeqTrack A3-conf-res-gate 180ep,A3 conf-res 180ep,variant,success/test,50,63100,28.35995864868164
long_training_180ep,Long Training Stability (180ep),180ep nuScenes-mini,2,long180,CT-SeqTrack A3-conf-res-gate 180ep,A3 conf-res 180ep,variant,success/test,55,69410,28.117069244384766
long_training_180ep,Long Training Stability (180ep),180ep nuScenes-mini,2,long180,CT-SeqTrack A3-conf-res-gate 180ep,A3 conf-res 180ep,variant,success/test,60,75720,28.469362258911133
long_training_180ep,Long Training Stability (180ep),180ep nuScenes-mini,2,long180,CT-SeqTrack A3-conf-res-gate 180ep,A3 conf-res 180ep,variant,success/test,65,82030,29.7647705078125
long_training_180ep,Long Training Stability (180ep),180ep nuScenes-mini,2,long180,CT-SeqTrack A3-conf-res-gate 180ep,A3 conf-res 180ep,variant,success/test,70,88340,28.272428512573242
long_training_180ep,Long Training Stability (180ep),180ep nuScenes-mini,2,long180,CT-SeqTrack A3-conf-res-gate 180ep,A3 conf-res 180ep,variant,success/test,75,94650,28.952957153320312
long_training_180ep,Long Training Stability (180ep),180ep nuScenes-mini,2,long180,CT-SeqTrack A3-conf-res-gate 180ep,A3 conf-res 180ep,variant,success/test,80,100960,28.0579891204834
long_training_180ep,Long Training Stability (180ep),180ep nuScenes-mini,2,long180,CT-SeqTrack A3-conf-res-gate 180ep,A3 conf-res 180ep,variant,success/test,85,107270,28.5897159576416
long_training_180ep,Long Training Stability (180ep),180ep nuScenes-mini,2,long180,CT-SeqTrack A3-conf-res-gate 180ep,A3 conf-res 180ep,variant,success/test,90,113580,27.664112091064453
long_training_180ep,Long Training Stability (180ep),180ep nuScenes-mini,2,long180,CT-SeqTrack A3-conf-res-gate 180ep,A3 conf-res 180ep,variant,success/test,95,119890,29.276805877685547
long_training_180ep,Long Training Stability (180ep),180ep nuScenes-mini,2,long180,CT-SeqTrack A3-conf-res-gate 180ep,A3 conf-res 180ep,variant,success/test,100,126200,28.24179458618164
long_training_180ep,Long Training Stability (180ep),180ep nuScenes-mini,2,long180,CT-SeqTrack A3-conf-res-gate 180ep,A3 conf-res 180ep,variant,success/test,105,132510,28.74945640563965
long_training_180ep,Long Training Stability (180ep),180ep nuScenes-mini,2,long180,CT-SeqTrack A3-conf-res-gate 180ep,A3 conf-res 180ep,variant,success/test,110,138820,28.110504150390625
long_training_180ep,Long Training Stability (180ep),180ep nuScenes-mini,2,long180,CT-SeqTrack A3-conf-res-gate 180ep,A3 conf-res 180ep,variant,success/test,115,145130,27.738513946533203
long_training_180ep,Long Training Stability (180ep),180ep nuScenes-mini,2,long180,CT-SeqTrack A3-conf-res-gate 180ep,A3 conf-res 180ep,variant,success/test,120,151440,27.876367568969727
long_training_180ep,Long Training Stability (180ep),180ep nuScenes-mini,2,long180,CT-SeqTrack A3-conf-res-gate 180ep,A3 conf-res 180ep,variant,success/test,125,157750,27.961708068847656
long_training_180ep,Long Training Stability (180ep),180ep nuScenes-mini,2,long180,CT-SeqTrack A3-conf-res-gate 180ep,A3 conf-res 180ep,variant,success/test,130,164060,27.876371383666992
long_training_180ep,Long Training Stability (180ep),180ep nuScenes-mini,2,long180,CT-SeqTrack A3-conf-res-gate 180ep,A3 conf-res 180ep,variant,success/test,135,170370,28.985776901245117
long_training_180ep,Long Training Stability (180ep),180ep nuScenes-mini,2,long180,CT-SeqTrack A3-conf-res-gate 180ep,A3 conf-res 180ep,variant,success/test,140,176680,28.517505645751953
long_training_180ep,Long Training Stability (180ep),180ep nuScenes-mini,2,long180,CT-SeqTrack A3-conf-res-gate 180ep,A3 conf-res 180ep,variant,success/test,145,182990,28.937637329101562
long_training_180ep,Long Training Stability (180ep),180ep nuScenes-mini,2,long180,CT-SeqTrack A3-conf-res-gate 180ep,A3 conf-res 180ep,variant,success/test,150,189300,28.891685485839844
long_training_180ep,Long Training Stability (180ep),180ep nuScenes-mini,2,long180,CT-SeqTrack A3-conf-res-gate 180ep,A3 conf-res 180ep,variant,success/test,155,195610,28.309627532958984
long_training_180ep,Long Training Stability (180ep),180ep nuScenes-mini,2,long180,CT-SeqTrack A3-conf-res-gate 180ep,A3 conf-res 180ep,variant,success/test,160,201920,28.176149368286133
long_training_180ep,Long Training Stability (180ep),180ep nuScenes-mini,2,long180,CT-SeqTrack A3-conf-res-gate 180ep,A3 conf-res 180ep,variant,success/test,165,208230,28.447484970092773
long_training_180ep,Long Training Stability (180ep),180ep nuScenes-mini,2,long180,CT-SeqTrack A3-conf-res-gate 180ep,A3 conf-res 180ep,variant,success/test,170,214540,27.769145965576172
long_training_180ep,Long Training Stability (180ep),180ep nuScenes-mini,2,long180,CT-SeqTrack A3-conf-res-gate 180ep,A3 conf-res 180ep,variant,success/test,175,220850,28.07549285888672
long_training_180ep,Long Training Stability (180ep),180ep nuScenes-mini,2,long180,CT-SeqTrack A3-conf-res-gate 180ep,A3 conf-res 180ep,variant,success/test,180,227160,28.464990615844727
long_training_180ep,Long Training Stability (180ep),180ep nuScenes-mini,2,long180,CT-SeqTrack A3-conf-res-gate 180ep,A3 conf-res 180ep,variant,precision/test,5,6310,35.596282958984375
long_training_180ep,Long Training Stability (180ep),180ep nuScenes-mini,2,long180,CT-SeqTrack A3-conf-res-gate 180ep,A3 conf-res 180ep,variant,precision/test,10,12620,30.89059066772461
long_training_180ep,Long Training Stability (180ep),180ep nuScenes-mini,2,long180,CT-SeqTrack A3-conf-res-gate 180ep,A3 conf-res 180ep,variant,precision/test,15,18930,29.417943954467773
long_training_180ep,Long Training Stability (180ep),180ep nuScenes-mini,2,long180,CT-SeqTrack A3-conf-res-gate 180ep,A3 conf-res 180ep,variant,precision/test,20,25240,21.89387321472168
long_training_180ep,Long Training Stability (180ep),180ep nuScenes-mini,2,long180,CT-SeqTrack A3-conf-res-gate 180ep,A3 conf-res 180ep,variant,precision/test,25,31550,23.106128692626953
long_training_180ep,Long Training Stability (180ep),180ep nuScenes-mini,2,long180,CT-SeqTrack A3-conf-res-gate 180ep,A3 conf-res 180ep,variant,precision/test,30,37860,25.159740447998047
long_training_180ep,Long Training Stability (180ep),180ep nuScenes-mini,2,long180,CT-SeqTrack A3-conf-res-gate 180ep,A3 conf-res 180ep,variant,precision/test,35,44170,24.39934539794922
long_training_180ep,Long Training Stability (180ep),180ep nuScenes-mini,2,long180,CT-SeqTrack A3-conf-res-gate 180ep,A3 conf-res 180ep,variant,precision/test,40,50480,27.211158752441406
long_training_180ep,Long Training Stability (180ep),180ep nuScenes-mini,2,long180,CT-SeqTrack A3-conf-res-gate 180ep,A3 conf-res 180ep,variant,precision/test,45,56790,26.007658004760742
long_training_180ep,Long Training Stability (180ep),180ep nuScenes-mini,2,long180,CT-SeqTrack A3-conf-res-gate 180ep,A3 conf-res 180ep,variant,precision/test,50,63100,26.984682083129883
long_training_180ep,Long Training Stability (180ep),180ep nuScenes-mini,2,long180,CT-SeqTrack A3-conf-res-gate 180ep,A3 conf-res 180ep,variant,precision/test,55,69410,27.025163650512695
long_training_180ep,Long Training Stability (180ep),180ep nuScenes-mini,2,long180,CT-SeqTrack A3-conf-res-gate 180ep,A3 conf-res 180ep,variant,precision/test,60,75720,27.297592163085938
long_training_180ep,Long Training Stability (180ep),180ep nuScenes-mini,2,long180,CT-SeqTrack A3-conf-res-gate 180ep,A3 conf-res 180ep,variant,precision/test,65,82030,28.294313430786133
long_training_180ep,Long Training Stability (180ep),180ep nuScenes-mini,2,long180,CT-SeqTrack A3-conf-res-gate 180ep,A3 conf-res 180ep,variant,precision/test,70,88340,26.97374153137207
long_training_180ep,Long Training Stability (180ep),180ep nuScenes-mini,2,long180,CT-SeqTrack A3-conf-res-gate 180ep,A3 conf-res 180ep,variant,precision/test,75,94650,27.5
long_training_180ep,Long Training Stability (180ep),180ep nuScenes-mini,2,long180,CT-SeqTrack A3-conf-res-gate 180ep,A3 conf-res 180ep,variant,precision/test,80,100960,26.537200927734375
long_training_180ep,Long Training Stability (180ep),180ep nuScenes-mini,2,long180,CT-SeqTrack A3-conf-res-gate 180ep,A3 conf-res 180ep,variant,precision/test,85,107270,27.378555297851562
long_training_180ep,Long Training Stability (180ep),180ep nuScenes-mini,2,long180,CT-SeqTrack A3-conf-res-gate 180ep,A3 conf-res 180ep,variant,precision/test,90,113580,26.39715576171875
long_training_180ep,Long Training Stability (180ep),180ep nuScenes-mini,2,long180,CT-SeqTrack A3-conf-res-gate 180ep,A3 conf-res 180ep,variant,precision/test,95,119890,27.559080123901367
long_training_180ep,Long Training Stability (180ep),180ep nuScenes-mini,2,long180,CT-SeqTrack A3-conf-res-gate 180ep,A3 conf-res 180ep,variant,precision/test,100,126200,27.265865325927734
long_training_180ep,Long Training Stability (180ep),180ep nuScenes-mini,2,long180,CT-SeqTrack A3-conf-res-gate 180ep,A3 conf-res 180ep,variant,precision/test,105,132510,27.308536529541016
long_training_180ep,Long Training Stability (180ep),180ep nuScenes-mini,2,long180,CT-SeqTrack A3-conf-res-gate 180ep,A3 conf-res 180ep,variant,precision/test,110,138820,26.667394638061523
long_training_180ep,Long Training Stability (180ep),180ep nuScenes-mini,2,long180,CT-SeqTrack A3-conf-res-gate 180ep,A3 conf-res 180ep,variant,precision/test,115,145130,26.346826553344727
long_training_180ep,Long Training Stability (180ep),180ep nuScenes-mini,2,long180,CT-SeqTrack A3-conf-res-gate 180ep,A3 conf-res 180ep,variant,precision/test,120,151440,26.346826553344727
long_training_180ep,Long Training Stability (180ep),180ep nuScenes-mini,2,long180,CT-SeqTrack A3-conf-res-gate 180ep,A3 conf-res 180ep,variant,precision/test,125,157750,26.783370971679688
long_training_180ep,Long Training Stability (180ep),180ep nuScenes-mini,2,long180,CT-SeqTrack A3-conf-res-gate 180ep,A3 conf-res 180ep,variant,precision/test,130,164060,26.431072235107422
long_training_180ep,Long Training Stability (180ep),180ep nuScenes-mini,2,long180,CT-SeqTrack A3-conf-res-gate 180ep,A3 conf-res 180ep,variant,precision/test,135,170370,27.5601749420166
long_training_180ep,Long Training Stability (180ep),180ep nuScenes-mini,2,long180,CT-SeqTrack A3-conf-res-gate 180ep,A3 conf-res 180ep,variant,precision/test,140,176680,26.638948440551758
long_training_180ep,Long Training Stability (180ep),180ep nuScenes-mini,2,long180,CT-SeqTrack A3-conf-res-gate 180ep,A3 conf-res 180ep,variant,precision/test,145,182990,27.87308692932129
long_training_180ep,Long Training Stability (180ep),180ep nuScenes-mini,2,long180,CT-SeqTrack A3-conf-res-gate 180ep,A3 conf-res 180ep,variant,precision/test,150,189300,27.594093322753906
long_training_180ep,Long Training Stability (180ep),180ep nuScenes-mini,2,long180,CT-SeqTrack A3-conf-res-gate 180ep,A3 conf-res 180ep,variant,precision/test,155,195610,26.974836349487305
long_training_180ep,Long Training Stability (180ep),180ep nuScenes-mini,2,long180,CT-SeqTrack A3-conf-res-gate 180ep,A3 conf-res 180ep,variant,precision/test,160,201920,26.564550399780273
long_training_180ep,Long Training Stability (180ep),180ep nuScenes-mini,2,long180,CT-SeqTrack A3-conf-res-gate 180ep,A3 conf-res 180ep,variant,precision/test,165,208230,27.33370018005371
long_training_180ep,Long Training Stability (180ep),180ep nuScenes-mini,2,long180,CT-SeqTrack A3-conf-res-gate 180ep,A3 conf-res 180ep,variant,precision/test,170,214540,25.964990615844727
long_training_180ep,Long Training Stability (180ep),180ep nuScenes-mini,2,long180,CT-SeqTrack A3-conf-res-gate 180ep,A3 conf-res 180ep,variant,precision/test,175,220850,25.82166290283203
long_training_180ep,Long Training Stability (180ep),180ep nuScenes-mini,2,long180,CT-SeqTrack A3-conf-res-gate 180ep,A3 conf-res 180ep,variant,precision/test,180,227160,27.277902603149414
