run_key,condition,diagnostic,end_step,end_epoch,block_mean,block_size
B,"Paired views, TWC weight 0",loss_twc,999,0.7916006339144216,0.24144661074876786,1000
B,"Paired views, TWC weight 0",loss_twc,1999,1.5839936608557845,0.09667136776819825,1000
B,"Paired views, TWC weight 0",loss_twc,2999,2.3763866877971473,0.06631918855756522,1000
B,"Paired views, TWC weight 0",loss_twc,3999,3.1687797147385104,0.056016923223622145,1000
B,"Paired views, TWC weight 0",loss_twc,4999,3.9611727416798734,0.0452372904010117,1000
B,"Paired views, TWC weight 0",loss_twc,5999,4.753565768621236,0.04137561341840774,1000
B,"Paired views, TWC weight 0",loss_twc,6999,5.545958795562599,0.03739238966908306,1000
B,"Paired views, TWC weight 0",loss_twc,7999,6.338351822503962,0.03232464991160668,1000
B,"Paired views, TWC weight 0",loss_twc,8999,7.130744849445325,0.029241814580745994,1000
B,"Paired views, TWC weight 0",loss_twc,9999,7.923137876386688,0.027582508390769363,1000
B,"Paired views, TWC weight 0",loss_twc,10999,8.71553090332805,0.026008924297988414,1000
B,"Paired views, TWC weight 0",loss_twc,11999,9.507923930269413,0.023555190487066283,1000
B,"Paired views, TWC weight 0",loss_twc,12999,10.300316957210777,0.022557042606873436,1000
B,"Paired views, TWC weight 0",loss_twc,13999,11.092709984152139,0.020560674135806038,1000
B,"Paired views, TWC weight 0",loss_twc,14999,11.885103011093502,0.021540586656192316,1000
B,"Paired views, TWC weight 0",loss_twc,15999,12.677496038034866,0.02170183860696852,1000
B,"Paired views, TWC weight 0",loss_twc,16999,13.469889064976229,0.01982639130600728,1000
B,"Paired views, TWC weight 0",loss_twc,17999,14.26228209191759,0.01799673612450715,1000
B,"Paired views, TWC weight 0",loss_twc,18999,15.054675118858954,0.01652711675129831,1000
B,"Paired views, TWC weight 0",loss_twc,19999,15.847068145800318,0.017658066072384827,1000
B,"Paired views, TWC weight 0",loss_twc,20999,16.63946117274168,0.014339857965242118,1000
B,"Paired views, TWC weight 0",loss_twc,21999,17.43185419968304,0.015358551694022025,1000
B,"Paired views, TWC weight 0",loss_twc,22999,18.224247226624406,0.015434482161945198,1000
B,"Paired views, TWC weight 0",loss_twc,23999,19.016640253565768,0.013902860503352713,1000
B,"Paired views, TWC weight 0",loss_twc,24999,19.80903328050713,0.014091842660680413,1000
B,"Paired views, TWC weight 0",loss_twc,25999,20.601426307448495,0.011271979303099216,1000
B,"Paired views, TWC weight 0",loss_twc,26999,21.393819334389857,0.010757902877696323,1000
B,"Paired views, TWC weight 0",loss_twc,27999,22.18621236133122,0.008836581249954178,1000
B,"Paired views, TWC weight 0",loss_twc,28999,22.978605388272584,0.009097960109473207,1000
B,"Paired views, TWC weight 0",loss_twc,29999,23.770998415213946,0.008771512294566491,1000
B,"Paired views, TWC weight 0",loss_twc,30999,24.56339144215531,0.00853961922234157,1000
B,"Paired views, TWC weight 0",loss_twc,31999,25.355784469096672,0.00817163536773296,1000
B,"Paired views, TWC weight 0",loss_twc,32999,26.148177496038034,0.008785472072369885,1000
B,"Paired views, TWC weight 0",loss_twc,33999,26.9405705229794,0.008946197047363966,1000
B,"Paired views, TWC weight 0",loss_twc,34999,27.73296354992076,0.008557848829717841,1000
B,"Paired views, TWC weight 0",loss_twc,35999,28.525356576862123,0.008143330774502829,1000
B,"Paired views, TWC weight 0",loss_twc,36999,29.317749603803488,0.008199223624629668,1000
B,"Paired views, TWC weight 0",loss_twc,37999,30.11014263074485,0.007918001591344363,1000
B,"Paired views, TWC weight 0",loss_twc,38999,30.90253565768621,0.008487239360285457,1000
B,"Paired views, TWC weight 0",loss_twc,39999,31.694928684627577,0.008282809693890157,1000
B,"Paired views, TWC weight 0",loss_twc,40999,32.48732171156894,0.007560296662122709,1000
B,"Paired views, TWC weight 0",loss_twc,41999,33.2797147385103,0.007524506061250577,1000
B,"Paired views, TWC weight 0",loss_twc,42999,34.07210776545166,0.007046607736148872,1000
B,"Paired views, TWC weight 0",loss_twc,43999,34.864500792393024,0.007195036467397585,1000
B,"Paired views, TWC weight 0",loss_twc,44999,35.65689381933439,0.007340093465114478,1000
B,"Paired views, TWC weight 0",loss_twc,45999,36.449286846275754,0.007501551957364427,1000
B,"Paired views, TWC weight 0",loss_twc,46999,37.241679873217116,0.008344807281100658,1000
B,"Paired views, TWC weight 0",loss_twc,47999,38.03407290015848,0.007368625045724912,1000
B,"Paired views, TWC weight 0",loss_twc,48999,38.82646592709984,0.006988370558538008,1000
B,"Paired views, TWC weight 0",loss_twc,49999,39.6188589540412,0.006836025889730081,1000
B,"Paired views, TWC weight 0",loss_twc,50999,40.41125198098257,0.006977963962999639,1000
B,"Paired views, TWC weight 0",loss_twc,51999,41.20364500792393,0.007230219483259134,1000
B,"Paired views, TWC weight 0",loss_twc,52999,41.99603803486529,0.006803038869460579,1000
B,"Paired views, TWC weight 0",loss_twc,53999,42.788431061806655,0.006816575758537511,1000
B,"Paired views, TWC weight 0",loss_twc,54999,43.58082408874802,0.0070538472712505604,1000
B,"Paired views, TWC weight 0",loss_twc,55999,44.37321711568938,0.007381820808019256,1000
B,"Paired views, TWC weight 0",loss_twc,56999,45.16561014263075,0.0065772209090937395,1000
B,"Paired views, TWC weight 0",loss_twc,57999,45.95800316957211,0.006766847948078066,1000
B,"Paired views, TWC weight 0",loss_twc,58999,46.75039619651347,0.0067125502908602355,1000
B,"Paired views, TWC weight 0",loss_twc,59999,47.54278922345483,0.006316246508416953,1000
B,"Paired views, TWC weight 0",loss_twc,60999,48.335182250396194,0.006840252112335293,1000
B,"Paired views, TWC weight 0",loss_twc,61999,49.12757527733756,0.006832039568369509,1000
B,"Paired views, TWC weight 0",loss_twc,62999,49.919968304278925,0.006915871724864701,1000
B,"Paired views, TWC weight 0",loss_twc,63999,50.712361331220286,0.006462171320657945,1000
B,"Paired views, TWC weight 0",loss_twc,64999,51.50475435816165,0.006355294995708391,1000
B,"Paired views, TWC weight 0",loss_twc,65999,52.29714738510301,0.006628142353525618,1000
B,"Paired views, TWC weight 0",loss_twc,66999,53.08954041204437,0.006865481821703725,1000
B,"Paired views, TWC weight 0",loss_twc,67999,53.88193343898574,0.0064360814107931215,1000
B,"Paired views, TWC weight 0",loss_twc,68999,54.6743264659271,0.006530871490598656,1000
B,"Paired views, TWC weight 0",loss_twc,69999,55.466719492868464,0.0064964265911257825,1000
B,"Paired views, TWC weight 0",loss_twc,70999,56.259112519809825,0.006564460681925993,1000
B,"Paired views, TWC weight 0",loss_twc,71999,57.05150554675119,0.006436114372016163,1000
B,"Paired views, TWC weight 0",loss_twc,72999,57.84389857369255,0.0062135472864028995,1000
B,"Paired views, TWC weight 0",loss_twc,73999,58.63629160063392,0.006279466074862285,1000
B,"Paired views, TWC weight 0",loss_twc,74999,59.42868462757528,0.006630184376001125,1000
B,"Paired views, TWC weight 0",loss_twc,75719,59.99920760697306,0.006472908040369576,720
B,"Paired views, TWC weight 0",twc_valid_ratio,999,0.7916006339144216,0.7513125,1000
B,"Paired views, TWC weight 0",twc_valid_ratio,1999,1.5839936608557845,0.7515625,1000
B,"Paired views, TWC weight 0",twc_valid_ratio,2999,2.3763866877971473,0.750125,1000
B,"Paired views, TWC weight 0",twc_valid_ratio,3999,3.1687797147385104,0.748625,1000
B,"Paired views, TWC weight 0",twc_valid_ratio,4999,3.9611727416798734,0.7496875,1000
B,"Paired views, TWC weight 0",twc_valid_ratio,5999,4.753565768621236,0.7509375,1000
B,"Paired views, TWC weight 0",twc_valid_ratio,6999,5.545958795562599,0.7473125,1000
B,"Paired views, TWC weight 0",twc_valid_ratio,7999,6.338351822503962,0.7506875,1000
B,"Paired views, TWC weight 0",twc_valid_ratio,8999,7.130744849445325,0.7478125,1000
B,"Paired views, TWC weight 0",twc_valid_ratio,9999,7.923137876386688,0.751375,1000
B,"Paired views, TWC weight 0",twc_valid_ratio,10999,8.71553090332805,0.7485,1000
B,"Paired views, TWC weight 0",twc_valid_ratio,11999,9.507923930269413,0.7515625,1000
B,"Paired views, TWC weight 0",twc_valid_ratio,12999,10.300316957210777,0.7538125,1000
B,"Paired views, TWC weight 0",twc_valid_ratio,13999,11.092709984152139,0.7463125,1000
B,"Paired views, TWC weight 0",twc_valid_ratio,14999,11.885103011093502,0.7523125,1000
B,"Paired views, TWC weight 0",twc_valid_ratio,15999,12.677496038034866,0.751,1000
B,"Paired views, TWC weight 0",twc_valid_ratio,16999,13.469889064976229,0.744625,1000
B,"Paired views, TWC weight 0",twc_valid_ratio,17999,14.26228209191759,0.754,1000
B,"Paired views, TWC weight 0",twc_valid_ratio,18999,15.054675118858954,0.7513125,1000
B,"Paired views, TWC weight 0",twc_valid_ratio,19999,15.847068145800318,0.7565,1000
B,"Paired views, TWC weight 0",twc_valid_ratio,20999,16.63946117274168,0.7451875,1000
B,"Paired views, TWC weight 0",twc_valid_ratio,21999,17.43185419968304,0.7515625,1000
B,"Paired views, TWC weight 0",twc_valid_ratio,22999,18.224247226624406,0.7531875,1000
B,"Paired views, TWC weight 0",twc_valid_ratio,23999,19.016640253565768,0.7468125,1000
B,"Paired views, TWC weight 0",twc_valid_ratio,24999,19.80903328050713,0.7473125,1000
B,"Paired views, TWC weight 0",twc_valid_ratio,25999,20.601426307448495,0.7515625,1000
B,"Paired views, TWC weight 0",twc_valid_ratio,26999,21.393819334389857,0.7513125,1000
B,"Paired views, TWC weight 0",twc_valid_ratio,27999,22.18621236133122,0.7519375,1000
B,"Paired views, TWC weight 0",twc_valid_ratio,28999,22.978605388272584,0.7505,1000
B,"Paired views, TWC weight 0",twc_valid_ratio,29999,23.770998415213946,0.749625,1000
B,"Paired views, TWC weight 0",twc_valid_ratio,30999,24.56339144215531,0.7488125,1000
B,"Paired views, TWC weight 0",twc_valid_ratio,31999,25.355784469096672,0.7518125,1000
B,"Paired views, TWC weight 0",twc_valid_ratio,32999,26.148177496038034,0.7463125,1000
B,"Paired views, TWC weight 0",twc_valid_ratio,33999,26.9405705229794,0.751125,1000
B,"Paired views, TWC weight 0",twc_valid_ratio,34999,27.73296354992076,0.7499375,1000
B,"Paired views, TWC weight 0",twc_valid_ratio,35999,28.525356576862123,0.7535,1000
B,"Paired views, TWC weight 0",twc_valid_ratio,36999,29.317749603803488,0.75,1000
B,"Paired views, TWC weight 0",twc_valid_ratio,37999,30.11014263074485,0.7458125,1000
B,"Paired views, TWC weight 0",twc_valid_ratio,38999,30.90253565768621,0.7511875,1000
B,"Paired views, TWC weight 0",twc_valid_ratio,39999,31.694928684627577,0.752625,1000
B,"Paired views, TWC weight 0",twc_valid_ratio,40999,32.48732171156894,0.7466875,1000
B,"Paired views, TWC weight 0",twc_valid_ratio,41999,33.2797147385103,0.753875,1000
B,"Paired views, TWC weight 0",twc_valid_ratio,42999,34.07210776545166,0.7493125,1000
B,"Paired views, TWC weight 0",twc_valid_ratio,43999,34.864500792393024,0.750875,1000
B,"Paired views, TWC weight 0",twc_valid_ratio,44999,35.65689381933439,0.74875,1000
B,"Paired views, TWC weight 0",twc_valid_ratio,45999,36.449286846275754,0.7499375,1000
B,"Paired views, TWC weight 0",twc_valid_ratio,46999,37.241679873217116,0.7483125,1000
B,"Paired views, TWC weight 0",twc_valid_ratio,47999,38.03407290015848,0.750125,1000
B,"Paired views, TWC weight 0",twc_valid_ratio,48999,38.82646592709984,0.7493125,1000
B,"Paired views, TWC weight 0",twc_valid_ratio,49999,39.6188589540412,0.7523125,1000
B,"Paired views, TWC weight 0",twc_valid_ratio,50999,40.41125198098257,0.750625,1000
B,"Paired views, TWC weight 0",twc_valid_ratio,51999,41.20364500792393,0.7474375,1000
B,"Paired views, TWC weight 0",twc_valid_ratio,52999,41.99603803486529,0.753,1000
B,"Paired views, TWC weight 0",twc_valid_ratio,53999,42.788431061806655,0.7478125,1000
B,"Paired views, TWC weight 0",twc_valid_ratio,54999,43.58082408874802,0.753625,1000
B,"Paired views, TWC weight 0",twc_valid_ratio,55999,44.37321711568938,0.74775,1000
B,"Paired views, TWC weight 0",twc_valid_ratio,56999,45.16561014263075,0.7479375,1000
B,"Paired views, TWC weight 0",twc_valid_ratio,57999,45.95800316957211,0.7500625,1000
B,"Paired views, TWC weight 0",twc_valid_ratio,58999,46.75039619651347,0.7489375,1000
B,"Paired views, TWC weight 0",twc_valid_ratio,59999,47.54278922345483,0.7465,1000
B,"Paired views, TWC weight 0",twc_valid_ratio,60999,48.335182250396194,0.746625,1000
B,"Paired views, TWC weight 0",twc_valid_ratio,61999,49.12757527733756,0.755125,1000
B,"Paired views, TWC weight 0",twc_valid_ratio,62999,49.919968304278925,0.747125,1000
B,"Paired views, TWC weight 0",twc_valid_ratio,63999,50.712361331220286,0.74875,1000
B,"Paired views, TWC weight 0",twc_valid_ratio,64999,51.50475435816165,0.74925,1000
B,"Paired views, TWC weight 0",twc_valid_ratio,65999,52.29714738510301,0.7478125,1000
B,"Paired views, TWC weight 0",twc_valid_ratio,66999,53.08954041204437,0.7495625,1000
B,"Paired views, TWC weight 0",twc_valid_ratio,67999,53.88193343898574,0.7494375,1000
B,"Paired views, TWC weight 0",twc_valid_ratio,68999,54.6743264659271,0.7484375,1000
B,"Paired views, TWC weight 0",twc_valid_ratio,69999,55.466719492868464,0.748,1000
B,"Paired views, TWC weight 0",twc_valid_ratio,70999,56.259112519809825,0.7561875,1000
B,"Paired views, TWC weight 0",twc_valid_ratio,71999,57.05150554675119,0.747125,1000
B,"Paired views, TWC weight 0",twc_valid_ratio,72999,57.84389857369255,0.7510625,1000
B,"Paired views, TWC weight 0",twc_valid_ratio,73999,58.63629160063392,0.7476875,1000
B,"Paired views, TWC weight 0",twc_valid_ratio,74999,59.42868462757528,0.7525625,1000
B,"Paired views, TWC weight 0",twc_valid_ratio,75719,59.99920760697306,0.7504340277777778,720
B,"Paired views, TWC weight 0",twc_center_gap,999,0.7916006339144216,1.0295567598044872,1000
B,"Paired views, TWC weight 0",twc_center_gap,1999,1.5839936608557845,0.6414413536787034,1000
B,"Paired views, TWC weight 0",twc_center_gap,2999,2.3763866877971473,0.4987882654666901,1000
B,"Paired views, TWC weight 0",twc_center_gap,3999,3.1687797147385104,0.43911934131383895,1000
B,"Paired views, TWC weight 0",twc_center_gap,4999,3.9611727416798734,0.38472835038602354,1000
B,"Paired views, TWC weight 0",twc_center_gap,5999,4.753565768621236,0.3578798420131207,1000
B,"Paired views, TWC weight 0",twc_center_gap,6999,5.545958795562599,0.3330382150411606,1000
B,"Paired views, TWC weight 0",twc_center_gap,7999,6.338351822503962,0.3072683028578758,1000
B,"Paired views, TWC weight 0",twc_center_gap,8999,7.130744849445325,0.28785100143402814,1000
B,"Paired views, TWC weight 0",twc_center_gap,9999,7.923137876386688,0.27576274751871827,1000
B,"Paired views, TWC weight 0",twc_center_gap,10999,8.71553090332805,0.2639698921665549,1000
B,"Paired views, TWC weight 0",twc_center_gap,11999,9.507923930269413,0.24857622723281383,1000
B,"Paired views, TWC weight 0",twc_center_gap,12999,10.300316957210777,0.2407023575529456,1000
B,"Paired views, TWC weight 0",twc_center_gap,13999,11.092709984152139,0.23045681110024452,1000
B,"Paired views, TWC weight 0",twc_center_gap,14999,11.885103011093502,0.23139395518600941,1000
B,"Paired views, TWC weight 0",twc_center_gap,15999,12.677496038034866,0.22791087479144334,1000
B,"Paired views, TWC weight 0",twc_center_gap,16999,13.469889064976229,0.2174016842842102,1000
B,"Paired views, TWC weight 0",twc_center_gap,17999,14.26228209191759,0.20790159824490548,1000
B,"Paired views, TWC weight 0",twc_center_gap,18999,15.054675118858954,0.1970238006412983,1000
B,"Paired views, TWC weight 0",twc_center_gap,19999,15.847068145800318,0.19837038075923918,1000
B,"Paired views, TWC weight 0",twc_center_gap,20999,16.63946117274168,0.18333713459223508,1000
B,"Paired views, TWC weight 0",twc_center_gap,21999,17.43185419968304,0.18581781920045615,1000
B,"Paired views, TWC weight 0",twc_center_gap,22999,18.224247226624406,0.18245341454446315,1000
B,"Paired views, TWC weight 0",twc_center_gap,23999,19.016640253565768,0.17496573685109615,1000
B,"Paired views, TWC weight 0",twc_center_gap,24999,19.80903328050713,0.17624323257058858,1000
B,"Paired views, TWC weight 0",twc_center_gap,25999,20.601426307448495,0.1637312620282173,1000
B,"Paired views, TWC weight 0",twc_center_gap,26999,21.393819334389857,0.15873505315184594,1000
B,"Paired views, TWC weight 0",twc_center_gap,27999,22.18621236133122,0.14576629133522512,1000
B,"Paired views, TWC weight 0",twc_center_gap,28999,22.978605388272584,0.14451804084703326,1000
B,"Paired views, TWC weight 0",twc_center_gap,29999,23.770998415213946,0.14126048751547932,1000
B,"Paired views, TWC weight 0",twc_center_gap,30999,24.56339144215531,0.14089686904475093,1000
B,"Paired views, TWC weight 0",twc_center_gap,31999,25.355784469096672,0.1371643188521266,1000
B,"Paired views, TWC weight 0",twc_center_gap,32999,26.148177496038034,0.14072640355303884,1000
B,"Paired views, TWC weight 0",twc_center_gap,33999,26.9405705229794,0.14104564166814088,1000
B,"Paired views, TWC weight 0",twc_center_gap,34999,27.73296354992076,0.13750470805540682,1000
B,"Paired views, TWC weight 0",twc_center_gap,35999,28.525356576862123,0.13552893362566829,1000
B,"Paired views, TWC weight 0",twc_center_gap,36999,29.317749603803488,0.1340178825557232,1000
B,"Paired views, TWC weight 0",twc_center_gap,37999,30.11014263074485,0.13472411790117622,1000
B,"Paired views, TWC weight 0",twc_center_gap,38999,30.90253565768621,0.13589773677662015,1000
B,"Paired views, TWC weight 0",twc_center_gap,39999,31.694928684627577,0.13480270512402057,1000
B,"Paired views, TWC weight 0",twc_center_gap,40999,32.48732171156894,0.1305154878422618,1000
B,"Paired views, TWC weight 0",twc_center_gap,41999,33.2797147385103,0.1294267157278955,1000
B,"Paired views, TWC weight 0",twc_center_gap,42999,34.07210776545166,0.1295415424965322,1000
B,"Paired views, TWC weight 0",twc_center_gap,43999,34.864500792393024,0.12827649426832796,1000
B,"Paired views, TWC weight 0",twc_center_gap,44999,35.65689381933439,0.1312284708507359,1000
B,"Paired views, TWC weight 0",twc_center_gap,45999,36.449286846275754,0.12997580528631805,1000
B,"Paired views, TWC weight 0",twc_center_gap,46999,37.241679873217116,0.13329335082322358,1000
B,"Paired views, TWC weight 0",twc_center_gap,47999,38.03407290015848,0.1286275702379644,1000
B,"Paired views, TWC weight 0",twc_center_gap,48999,38.82646592709984,0.12767853221669792,1000
B,"Paired views, TWC weight 0",twc_center_gap,49999,39.6188589540412,0.12517863763123752,1000
B,"Paired views, TWC weight 0",twc_center_gap,50999,40.41125198098257,0.12681459390372038,1000
B,"Paired views, TWC weight 0",twc_center_gap,51999,41.20364500792393,0.12719491488486528,1000
B,"Paired views, TWC weight 0",twc_center_gap,52999,41.99603803486529,0.12586626739427448,1000
B,"Paired views, TWC weight 0",twc_center_gap,53999,42.788431061806655,0.124991220921278,1000
B,"Paired views, TWC weight 0",twc_center_gap,54999,43.58082408874802,0.1276689807549119,1000
B,"Paired views, TWC weight 0",twc_center_gap,55999,44.37321711568938,0.12703390523046254,1000
B,"Paired views, TWC weight 0",twc_center_gap,56999,45.16561014263075,0.12448811101540923,1000
B,"Paired views, TWC weight 0",twc_center_gap,57999,45.95800316957211,0.12452208084985614,1000
B,"Paired views, TWC weight 0",twc_center_gap,58999,46.75039619651347,0.12415034119412303,1000
B,"Paired views, TWC weight 0",twc_center_gap,59999,47.54278922345483,0.12343553416058421,1000
B,"Paired views, TWC weight 0",twc_center_gap,60999,48.335182250396194,0.1261109720170498,1000
B,"Paired views, TWC weight 0",twc_center_gap,61999,49.12757527733756,0.12482893865555525,1000
B,"Paired views, TWC weight 0",twc_center_gap,62999,49.919968304278925,0.12666738245636225,1000
B,"Paired views, TWC weight 0",twc_center_gap,63999,50.712361331220286,0.1235073122382164,1000
B,"Paired views, TWC weight 0",twc_center_gap,64999,51.50475435816165,0.12315731312707066,1000
B,"Paired views, TWC weight 0",twc_center_gap,65999,52.29714738510301,0.12584276158735155,1000
B,"Paired views, TWC weight 0",twc_center_gap,66999,53.08954041204437,0.1255273252353072,1000
B,"Paired views, TWC weight 0",twc_center_gap,67999,53.88193343898574,0.12431161372736096,1000
B,"Paired views, TWC weight 0",twc_center_gap,68999,54.6743264659271,0.1252724887765944,1000
B,"Paired views, TWC weight 0",twc_center_gap,69999,55.466719492868464,0.12510027869790794,1000
B,"Paired views, TWC weight 0",twc_center_gap,70999,56.259112519809825,0.12488511177897453,1000
B,"Paired views, TWC weight 0",twc_center_gap,71999,57.05150554675119,0.12315138710662722,1000
B,"Paired views, TWC weight 0",twc_center_gap,72999,57.84389857369255,0.12411490353196859,1000
B,"Paired views, TWC weight 0",twc_center_gap,73999,58.63629160063392,0.12438987116888166,1000
B,"Paired views, TWC weight 0",twc_center_gap,74999,59.42868462757528,0.1249241583570838,1000
B,"Paired views, TWC weight 0",twc_center_gap,75719,59.99920760697306,0.12359223807127112,720
B,"Paired views, TWC weight 0",twc_angle_gap,999,0.7916006339144216,0.26073388589546087,1000
B,"Paired views, TWC weight 0",twc_angle_gap,1999,1.5839936608557845,0.09135479586943984,1000
B,"Paired views, TWC weight 0",twc_angle_gap,2999,2.3763866877971473,0.062269901361316445,1000
B,"Paired views, TWC weight 0",twc_angle_gap,3999,3.1687797147385104,0.047248736603185536,1000
B,"Paired views, TWC weight 0",twc_angle_gap,4999,3.9611727416798734,0.03743400534149259,1000
B,"Paired views, TWC weight 0",twc_angle_gap,5999,4.753565768621236,0.031837662927806376,1000
B,"Paired views, TWC weight 0",twc_angle_gap,6999,5.545958795562599,0.028523338761180638,1000
B,"Paired views, TWC weight 0",twc_angle_gap,7999,6.338351822503962,0.025314422634895892,1000
B,"Paired views, TWC weight 0",twc_angle_gap,8999,7.130744849445325,0.023085962433367968,1000
B,"Paired views, TWC weight 0",twc_angle_gap,9999,7.923137876386688,0.021481779514811932,1000
B,"Paired views, TWC weight 0",twc_angle_gap,10999,8.71553090332805,0.01995442539965734,1000
B,"Paired views, TWC weight 0",twc_angle_gap,11999,9.507923930269413,0.019002916858531536,1000
B,"Paired views, TWC weight 0",twc_angle_gap,12999,10.300316957210777,0.017547546785324813,1000
B,"Paired views, TWC weight 0",twc_angle_gap,13999,11.092709984152139,0.01707394889323041,1000
B,"Paired views, TWC weight 0",twc_angle_gap,14999,11.885103011093502,0.016615418968722224,1000
B,"Paired views, TWC weight 0",twc_angle_gap,15999,12.677496038034866,0.01617204346321523,1000
B,"Paired views, TWC weight 0",twc_angle_gap,16999,13.469889064976229,0.01553203130653128,1000
B,"Paired views, TWC weight 0",twc_angle_gap,17999,14.26228209191759,0.015201277671847492,1000
B,"Paired views, TWC weight 0",twc_angle_gap,18999,15.054675118858954,0.014290133997332305,1000
B,"Paired views, TWC weight 0",twc_angle_gap,19999,15.847068145800318,0.0138143476000987,1000
B,"Paired views, TWC weight 0",twc_angle_gap,20999,16.63946117274168,0.01337265308573842,1000
B,"Paired views, TWC weight 0",twc_angle_gap,21999,17.43185419968304,0.012771713277790695,1000
B,"Paired views, TWC weight 0",twc_angle_gap,22999,18.224247226624406,0.012612173309084028,1000
B,"Paired views, TWC weight 0",twc_angle_gap,23999,19.016640253565768,0.012375718645984307,1000
B,"Paired views, TWC weight 0",twc_angle_gap,24999,19.80903328050713,0.01173696577968076,1000
B,"Paired views, TWC weight 0",twc_angle_gap,25999,20.601426307448495,0.011488064749166369,1000
B,"Paired views, TWC weight 0",twc_angle_gap,26999,21.393819334389857,0.01121001900266856,1000
B,"Paired views, TWC weight 0",twc_angle_gap,27999,22.18621236133122,0.010538005822570995,1000
B,"Paired views, TWC weight 0",twc_angle_gap,28999,22.978605388272584,0.010397677147760987,1000
B,"Paired views, TWC weight 0",twc_angle_gap,29999,23.770998415213946,0.010169810022925958,1000
B,"Paired views, TWC weight 0",twc_angle_gap,30999,24.56339144215531,0.01012353207054548,1000
B,"Paired views, TWC weight 0",twc_angle_gap,31999,25.355784469096672,0.009903546774759889,1000
B,"Paired views, TWC weight 0",twc_angle_gap,32999,26.148177496038034,0.009852926863590255,1000
B,"Paired views, TWC weight 0",twc_angle_gap,33999,26.9405705229794,0.009857359444256872,1000
B,"Paired views, TWC weight 0",twc_angle_gap,34999,27.73296354992076,0.009733839688822627,1000
B,"Paired views, TWC weight 0",twc_angle_gap,35999,28.525356576862123,0.009579180819215253,1000
B,"Paired views, TWC weight 0",twc_angle_gap,36999,29.317749603803488,0.009648223825730383,1000
B,"Paired views, TWC weight 0",twc_angle_gap,37999,30.11014263074485,0.00976470851758495,1000
B,"Paired views, TWC weight 0",twc_angle_gap,38999,30.90253565768621,0.009681552241323516,1000
B,"Paired views, TWC weight 0",twc_angle_gap,39999,31.694928684627577,0.009474790026200936,1000
B,"Paired views, TWC weight 0",twc_angle_gap,40999,32.48732171156894,0.009495695549063385,1000
B,"Paired views, TWC weight 0",twc_angle_gap,41999,33.2797147385103,0.009319134569028392,1000
B,"Paired views, TWC weight 0",twc_angle_gap,42999,34.07210776545166,0.009349056072998792,1000
B,"Paired views, TWC weight 0",twc_angle_gap,43999,34.864500792393024,0.009242584636434913,1000
B,"Paired views, TWC weight 0",twc_angle_gap,44999,35.65689381933439,0.00934197863843292,1000
B,"Paired views, TWC weight 0",twc_angle_gap,45999,36.449286846275754,0.009326526473276317,1000
B,"Paired views, TWC weight 0",twc_angle_gap,46999,37.241679873217116,0.009420191617449745,1000
B,"Paired views, TWC weight 0",twc_angle_gap,47999,38.03407290015848,0.009277700792998075,1000
B,"Paired views, TWC weight 0",twc_angle_gap,48999,38.82646592709984,0.009396618405124173,1000
B,"Paired views, TWC weight 0",twc_angle_gap,49999,39.6188589540412,0.009066585931461304,1000
B,"Paired views, TWC weight 0",twc_angle_gap,50999,40.41125198098257,0.009216294846264645,1000
B,"Paired views, TWC weight 0",twc_angle_gap,51999,41.20364500792393,0.009202801419654861,1000
B,"Paired views, TWC weight 0",twc_angle_gap,52999,41.99603803486529,0.009128023562720045,1000
B,"Paired views, TWC weight 0",twc_angle_gap,53999,42.788431061806655,0.009001854526577518,1000
B,"Paired views, TWC weight 0",twc_angle_gap,54999,43.58082408874802,0.009194426668575034,1000
B,"Paired views, TWC weight 0",twc_angle_gap,55999,44.37321711568938,0.008961180898128078,1000
B,"Paired views, TWC weight 0",twc_angle_gap,56999,45.16561014263075,0.009000972792040556,1000
B,"Paired views, TWC weight 0",twc_angle_gap,57999,45.95800316957211,0.009160854570800438,1000
B,"Paired views, TWC weight 0",twc_angle_gap,58999,46.75039619651347,0.009057887371862307,1000
B,"Paired views, TWC weight 0",twc_angle_gap,59999,47.54278922345483,0.00924437286448665,1000
B,"Paired views, TWC weight 0",twc_angle_gap,60999,48.335182250396194,0.009086687477305531,1000
B,"Paired views, TWC weight 0",twc_angle_gap,61999,49.12757527733756,0.009144461289979517,1000
B,"Paired views, TWC weight 0",twc_angle_gap,62999,49.919968304278925,0.009057603862835094,1000
B,"Paired views, TWC weight 0",twc_angle_gap,63999,50.712361331220286,0.009062206838279963,1000
B,"Paired views, TWC weight 0",twc_angle_gap,64999,51.50475435816165,0.009002301873173565,1000
B,"Paired views, TWC weight 0",twc_angle_gap,65999,52.29714738510301,0.00910166650917381,1000
B,"Paired views, TWC weight 0",twc_angle_gap,66999,53.08954041204437,0.008991191958542913,1000
B,"Paired views, TWC weight 0",twc_angle_gap,67999,53.88193343898574,0.009108341655461118,1000
B,"Paired views, TWC weight 0",twc_angle_gap,68999,54.6743264659271,0.009155797847546637,1000
B,"Paired views, TWC weight 0",twc_angle_gap,69999,55.466719492868464,0.009136687794001773,1000
B,"Paired views, TWC weight 0",twc_angle_gap,70999,56.259112519809825,0.009174320143880322,1000
B,"Paired views, TWC weight 0",twc_angle_gap,71999,57.05150554675119,0.008952402694849298,1000
B,"Paired views, TWC weight 0",twc_angle_gap,72999,57.84389857369255,0.009214008084498345,1000
B,"Paired views, TWC weight 0",twc_angle_gap,73999,58.63629160063392,0.0091259150065016,1000
B,"Paired views, TWC weight 0",twc_angle_gap,74999,59.42868462757528,0.009157768915174528,1000
B,"Paired views, TWC weight 0",twc_angle_gap,75719,59.99920760697306,0.009023132647982695,720
B,"Paired views, TWC weight 0",twc_anchor_gap_max,999,0.7916006339144216,0.0,1000
B,"Paired views, TWC weight 0",twc_anchor_gap_max,1999,1.5839936608557845,0.0,1000
B,"Paired views, TWC weight 0",twc_anchor_gap_max,2999,2.3763866877971473,0.0,1000
B,"Paired views, TWC weight 0",twc_anchor_gap_max,3999,3.1687797147385104,0.0,1000
B,"Paired views, TWC weight 0",twc_anchor_gap_max,4999,3.9611727416798734,0.0,1000
B,"Paired views, TWC weight 0",twc_anchor_gap_max,5999,4.753565768621236,0.0,1000
B,"Paired views, TWC weight 0",twc_anchor_gap_max,6999,5.545958795562599,0.0,1000
B,"Paired views, TWC weight 0",twc_anchor_gap_max,7999,6.338351822503962,0.0,1000
B,"Paired views, TWC weight 0",twc_anchor_gap_max,8999,7.130744849445325,0.0,1000
B,"Paired views, TWC weight 0",twc_anchor_gap_max,9999,7.923137876386688,0.0,1000
B,"Paired views, TWC weight 0",twc_anchor_gap_max,10999,8.71553090332805,0.0,1000
B,"Paired views, TWC weight 0",twc_anchor_gap_max,11999,9.507923930269413,0.0,1000
B,"Paired views, TWC weight 0",twc_anchor_gap_max,12999,10.300316957210777,0.0,1000
B,"Paired views, TWC weight 0",twc_anchor_gap_max,13999,11.092709984152139,0.0,1000
B,"Paired views, TWC weight 0",twc_anchor_gap_max,14999,11.885103011093502,0.0,1000
B,"Paired views, TWC weight 0",twc_anchor_gap_max,15999,12.677496038034866,0.0,1000
B,"Paired views, TWC weight 0",twc_anchor_gap_max,16999,13.469889064976229,0.0,1000
B,"Paired views, TWC weight 0",twc_anchor_gap_max,17999,14.26228209191759,0.0,1000
B,"Paired views, TWC weight 0",twc_anchor_gap_max,18999,15.054675118858954,0.0,1000
B,"Paired views, TWC weight 0",twc_anchor_gap_max,19999,15.847068145800318,0.0,1000
B,"Paired views, TWC weight 0",twc_anchor_gap_max,20999,16.63946117274168,0.0,1000
B,"Paired views, TWC weight 0",twc_anchor_gap_max,21999,17.43185419968304,0.0,1000
B,"Paired views, TWC weight 0",twc_anchor_gap_max,22999,18.224247226624406,0.0,1000
B,"Paired views, TWC weight 0",twc_anchor_gap_max,23999,19.016640253565768,0.0,1000
B,"Paired views, TWC weight 0",twc_anchor_gap_max,24999,19.80903328050713,0.0,1000
B,"Paired views, TWC weight 0",twc_anchor_gap_max,25999,20.601426307448495,0.0,1000
B,"Paired views, TWC weight 0",twc_anchor_gap_max,26999,21.393819334389857,0.0,1000
B,"Paired views, TWC weight 0",twc_anchor_gap_max,27999,22.18621236133122,0.0,1000
B,"Paired views, TWC weight 0",twc_anchor_gap_max,28999,22.978605388272584,0.0,1000
B,"Paired views, TWC weight 0",twc_anchor_gap_max,29999,23.770998415213946,0.0,1000
B,"Paired views, TWC weight 0",twc_anchor_gap_max,30999,24.56339144215531,0.0,1000
B,"Paired views, TWC weight 0",twc_anchor_gap_max,31999,25.355784469096672,0.0,1000
B,"Paired views, TWC weight 0",twc_anchor_gap_max,32999,26.148177496038034,0.0,1000
B,"Paired views, TWC weight 0",twc_anchor_gap_max,33999,26.9405705229794,0.0,1000
B,"Paired views, TWC weight 0",twc_anchor_gap_max,34999,27.73296354992076,0.0,1000
B,"Paired views, TWC weight 0",twc_anchor_gap_max,35999,28.525356576862123,0.0,1000
B,"Paired views, TWC weight 0",twc_anchor_gap_max,36999,29.317749603803488,0.0,1000
B,"Paired views, TWC weight 0",twc_anchor_gap_max,37999,30.11014263074485,0.0,1000
B,"Paired views, TWC weight 0",twc_anchor_gap_max,38999,30.90253565768621,0.0,1000
B,"Paired views, TWC weight 0",twc_anchor_gap_max,39999,31.694928684627577,0.0,1000
B,"Paired views, TWC weight 0",twc_anchor_gap_max,40999,32.48732171156894,0.0,1000
B,"Paired views, TWC weight 0",twc_anchor_gap_max,41999,33.2797147385103,0.0,1000
B,"Paired views, TWC weight 0",twc_anchor_gap_max,42999,34.07210776545166,0.0,1000
B,"Paired views, TWC weight 0",twc_anchor_gap_max,43999,34.864500792393024,0.0,1000
B,"Paired views, TWC weight 0",twc_anchor_gap_max,44999,35.65689381933439,0.0,1000
B,"Paired views, TWC weight 0",twc_anchor_gap_max,45999,36.449286846275754,0.0,1000
B,"Paired views, TWC weight 0",twc_anchor_gap_max,46999,37.241679873217116,0.0,1000
B,"Paired views, TWC weight 0",twc_anchor_gap_max,47999,38.03407290015848,0.0,1000
B,"Paired views, TWC weight 0",twc_anchor_gap_max,48999,38.82646592709984,0.0,1000
B,"Paired views, TWC weight 0",twc_anchor_gap_max,49999,39.6188589540412,0.0,1000
B,"Paired views, TWC weight 0",twc_anchor_gap_max,50999,40.41125198098257,0.0,1000
B,"Paired views, TWC weight 0",twc_anchor_gap_max,51999,41.20364500792393,0.0,1000
B,"Paired views, TWC weight 0",twc_anchor_gap_max,52999,41.99603803486529,0.0,1000
B,"Paired views, TWC weight 0",twc_anchor_gap_max,53999,42.788431061806655,0.0,1000
B,"Paired views, TWC weight 0",twc_anchor_gap_max,54999,43.58082408874802,0.0,1000
B,"Paired views, TWC weight 0",twc_anchor_gap_max,55999,44.37321711568938,0.0,1000
B,"Paired views, TWC weight 0",twc_anchor_gap_max,56999,45.16561014263075,0.0,1000
B,"Paired views, TWC weight 0",twc_anchor_gap_max,57999,45.95800316957211,0.0,1000
B,"Paired views, TWC weight 0",twc_anchor_gap_max,58999,46.75039619651347,0.0,1000
B,"Paired views, TWC weight 0",twc_anchor_gap_max,59999,47.54278922345483,0.0,1000
B,"Paired views, TWC weight 0",twc_anchor_gap_max,60999,48.335182250396194,0.0,1000
B,"Paired views, TWC weight 0",twc_anchor_gap_max,61999,49.12757527733756,0.0,1000
B,"Paired views, TWC weight 0",twc_anchor_gap_max,62999,49.919968304278925,0.0,1000
B,"Paired views, TWC weight 0",twc_anchor_gap_max,63999,50.712361331220286,0.0,1000
B,"Paired views, TWC weight 0",twc_anchor_gap_max,64999,51.50475435816165,0.0,1000
B,"Paired views, TWC weight 0",twc_anchor_gap_max,65999,52.29714738510301,0.0,1000
B,"Paired views, TWC weight 0",twc_anchor_gap_max,66999,53.08954041204437,0.0,1000
B,"Paired views, TWC weight 0",twc_anchor_gap_max,67999,53.88193343898574,0.0,1000
B,"Paired views, TWC weight 0",twc_anchor_gap_max,68999,54.6743264659271,0.0,1000
B,"Paired views, TWC weight 0",twc_anchor_gap_max,69999,55.466719492868464,0.0,1000
B,"Paired views, TWC weight 0",twc_anchor_gap_max,70999,56.259112519809825,0.0,1000
B,"Paired views, TWC weight 0",twc_anchor_gap_max,71999,57.05150554675119,0.0,1000
B,"Paired views, TWC weight 0",twc_anchor_gap_max,72999,57.84389857369255,0.0,1000
B,"Paired views, TWC weight 0",twc_anchor_gap_max,73999,58.63629160063392,0.0,1000
B,"Paired views, TWC weight 0",twc_anchor_gap_max,74999,59.42868462757528,0.0,1000
B,"Paired views, TWC weight 0",twc_anchor_gap_max,75719,59.99920760697306,0.0,720
B,"Paired views, TWC weight 0",twc_current_point_gap_max,999,0.7916006339144216,0.0,1000
B,"Paired views, TWC weight 0",twc_current_point_gap_max,1999,1.5839936608557845,0.0,1000
B,"Paired views, TWC weight 0",twc_current_point_gap_max,2999,2.3763866877971473,0.0,1000
B,"Paired views, TWC weight 0",twc_current_point_gap_max,3999,3.1687797147385104,0.0,1000
B,"Paired views, TWC weight 0",twc_current_point_gap_max,4999,3.9611727416798734,0.0,1000
B,"Paired views, TWC weight 0",twc_current_point_gap_max,5999,4.753565768621236,0.0,1000
B,"Paired views, TWC weight 0",twc_current_point_gap_max,6999,5.545958795562599,0.0,1000
B,"Paired views, TWC weight 0",twc_current_point_gap_max,7999,6.338351822503962,0.0,1000
B,"Paired views, TWC weight 0",twc_current_point_gap_max,8999,7.130744849445325,0.0,1000
B,"Paired views, TWC weight 0",twc_current_point_gap_max,9999,7.923137876386688,0.0,1000
B,"Paired views, TWC weight 0",twc_current_point_gap_max,10999,8.71553090332805,0.0,1000
B,"Paired views, TWC weight 0",twc_current_point_gap_max,11999,9.507923930269413,0.0,1000
B,"Paired views, TWC weight 0",twc_current_point_gap_max,12999,10.300316957210777,0.0,1000
B,"Paired views, TWC weight 0",twc_current_point_gap_max,13999,11.092709984152139,0.0,1000
B,"Paired views, TWC weight 0",twc_current_point_gap_max,14999,11.885103011093502,0.0,1000
B,"Paired views, TWC weight 0",twc_current_point_gap_max,15999,12.677496038034866,0.0,1000
B,"Paired views, TWC weight 0",twc_current_point_gap_max,16999,13.469889064976229,0.0,1000
B,"Paired views, TWC weight 0",twc_current_point_gap_max,17999,14.26228209191759,0.0,1000
B,"Paired views, TWC weight 0",twc_current_point_gap_max,18999,15.054675118858954,0.0,1000
B,"Paired views, TWC weight 0",twc_current_point_gap_max,19999,15.847068145800318,0.0,1000
B,"Paired views, TWC weight 0",twc_current_point_gap_max,20999,16.63946117274168,0.0,1000
B,"Paired views, TWC weight 0",twc_current_point_gap_max,21999,17.43185419968304,0.0,1000
B,"Paired views, TWC weight 0",twc_current_point_gap_max,22999,18.224247226624406,0.0,1000
B,"Paired views, TWC weight 0",twc_current_point_gap_max,23999,19.016640253565768,0.0,1000
B,"Paired views, TWC weight 0",twc_current_point_gap_max,24999,19.80903328050713,0.0,1000
B,"Paired views, TWC weight 0",twc_current_point_gap_max,25999,20.601426307448495,0.0,1000
B,"Paired views, TWC weight 0",twc_current_point_gap_max,26999,21.393819334389857,0.0,1000
B,"Paired views, TWC weight 0",twc_current_point_gap_max,27999,22.18621236133122,0.0,1000
B,"Paired views, TWC weight 0",twc_current_point_gap_max,28999,22.978605388272584,0.0,1000
B,"Paired views, TWC weight 0",twc_current_point_gap_max,29999,23.770998415213946,0.0,1000
B,"Paired views, TWC weight 0",twc_current_point_gap_max,30999,24.56339144215531,0.0,1000
B,"Paired views, TWC weight 0",twc_current_point_gap_max,31999,25.355784469096672,0.0,1000
B,"Paired views, TWC weight 0",twc_current_point_gap_max,32999,26.148177496038034,0.0,1000
B,"Paired views, TWC weight 0",twc_current_point_gap_max,33999,26.9405705229794,0.0,1000
B,"Paired views, TWC weight 0",twc_current_point_gap_max,34999,27.73296354992076,0.0,1000
B,"Paired views, TWC weight 0",twc_current_point_gap_max,35999,28.525356576862123,0.0,1000
B,"Paired views, TWC weight 0",twc_current_point_gap_max,36999,29.317749603803488,0.0,1000
B,"Paired views, TWC weight 0",twc_current_point_gap_max,37999,30.11014263074485,0.0,1000
B,"Paired views, TWC weight 0",twc_current_point_gap_max,38999,30.90253565768621,0.0,1000
B,"Paired views, TWC weight 0",twc_current_point_gap_max,39999,31.694928684627577,0.0,1000
B,"Paired views, TWC weight 0",twc_current_point_gap_max,40999,32.48732171156894,0.0,1000
B,"Paired views, TWC weight 0",twc_current_point_gap_max,41999,33.2797147385103,0.0,1000
B,"Paired views, TWC weight 0",twc_current_point_gap_max,42999,34.07210776545166,0.0,1000
B,"Paired views, TWC weight 0",twc_current_point_gap_max,43999,34.864500792393024,0.0,1000
B,"Paired views, TWC weight 0",twc_current_point_gap_max,44999,35.65689381933439,0.0,1000
B,"Paired views, TWC weight 0",twc_current_point_gap_max,45999,36.449286846275754,0.0,1000
B,"Paired views, TWC weight 0",twc_current_point_gap_max,46999,37.241679873217116,0.0,1000
B,"Paired views, TWC weight 0",twc_current_point_gap_max,47999,38.03407290015848,0.0,1000
B,"Paired views, TWC weight 0",twc_current_point_gap_max,48999,38.82646592709984,0.0,1000
B,"Paired views, TWC weight 0",twc_current_point_gap_max,49999,39.6188589540412,0.0,1000
B,"Paired views, TWC weight 0",twc_current_point_gap_max,50999,40.41125198098257,0.0,1000
B,"Paired views, TWC weight 0",twc_current_point_gap_max,51999,41.20364500792393,0.0,1000
B,"Paired views, TWC weight 0",twc_current_point_gap_max,52999,41.99603803486529,0.0,1000
B,"Paired views, TWC weight 0",twc_current_point_gap_max,53999,42.788431061806655,0.0,1000
B,"Paired views, TWC weight 0",twc_current_point_gap_max,54999,43.58082408874802,0.0,1000
B,"Paired views, TWC weight 0",twc_current_point_gap_max,55999,44.37321711568938,0.0,1000
B,"Paired views, TWC weight 0",twc_current_point_gap_max,56999,45.16561014263075,0.0,1000
B,"Paired views, TWC weight 0",twc_current_point_gap_max,57999,45.95800316957211,0.0,1000
B,"Paired views, TWC weight 0",twc_current_point_gap_max,58999,46.75039619651347,0.0,1000
B,"Paired views, TWC weight 0",twc_current_point_gap_max,59999,47.54278922345483,0.0,1000
B,"Paired views, TWC weight 0",twc_current_point_gap_max,60999,48.335182250396194,0.0,1000
B,"Paired views, TWC weight 0",twc_current_point_gap_max,61999,49.12757527733756,0.0,1000
B,"Paired views, TWC weight 0",twc_current_point_gap_max,62999,49.919968304278925,0.0,1000
B,"Paired views, TWC weight 0",twc_current_point_gap_max,63999,50.712361331220286,0.0,1000
B,"Paired views, TWC weight 0",twc_current_point_gap_max,64999,51.50475435816165,0.0,1000
B,"Paired views, TWC weight 0",twc_current_point_gap_max,65999,52.29714738510301,0.0,1000
B,"Paired views, TWC weight 0",twc_current_point_gap_max,66999,53.08954041204437,0.0,1000
B,"Paired views, TWC weight 0",twc_current_point_gap_max,67999,53.88193343898574,0.0,1000
B,"Paired views, TWC weight 0",twc_current_point_gap_max,68999,54.6743264659271,0.0,1000
B,"Paired views, TWC weight 0",twc_current_point_gap_max,69999,55.466719492868464,0.0,1000
B,"Paired views, TWC weight 0",twc_current_point_gap_max,70999,56.259112519809825,0.0,1000
B,"Paired views, TWC weight 0",twc_current_point_gap_max,71999,57.05150554675119,0.0,1000
B,"Paired views, TWC weight 0",twc_current_point_gap_max,72999,57.84389857369255,0.0,1000
B,"Paired views, TWC weight 0",twc_current_point_gap_max,73999,58.63629160063392,0.0,1000
B,"Paired views, TWC weight 0",twc_current_point_gap_max,74999,59.42868462757528,0.0,1000
B,"Paired views, TWC weight 0",twc_current_point_gap_max,75719,59.99920760697306,0.0,720
B,"Paired views, TWC weight 0",loss_total,999,0.7916006339144216,4.976860884189605,1000
B,"Paired views, TWC weight 0",loss_total,1999,1.5839936608557845,2.3404976162910462,1000
B,"Paired views, TWC weight 0",loss_total,2999,2.3763866877971473,1.4796359171271325,1000
B,"Paired views, TWC weight 0",loss_total,3999,3.1687797147385104,1.1835323973894118,1000
B,"Paired views, TWC weight 0",loss_total,4999,3.9611727416798734,1.013271739244461,1000
B,"Paired views, TWC weight 0",loss_total,5999,4.753565768621236,0.9336457636654377,1000
B,"Paired views, TWC weight 0",loss_total,6999,5.545958795562599,0.8487237976938486,1000
B,"Paired views, TWC weight 0",loss_total,7999,6.338351822503962,0.8099539666175842,1000
B,"Paired views, TWC weight 0",loss_total,8999,7.130744849445325,0.7609096618592739,1000
B,"Paired views, TWC weight 0",loss_total,9999,7.923137876386688,0.6996676027774811,1000
B,"Paired views, TWC weight 0",loss_total,10999,8.71553090332805,0.6702435109615326,1000
B,"Paired views, TWC weight 0",loss_total,11999,9.507923930269413,0.6293074157387019,1000
B,"Paired views, TWC weight 0",loss_total,12999,10.300316957210777,0.5864688611924648,1000
B,"Paired views, TWC weight 0",loss_total,13999,11.092709984152139,0.5682221365571022,1000
B,"Paired views, TWC weight 0",loss_total,14999,11.885103011093502,0.5619445010870695,1000
B,"Paired views, TWC weight 0",loss_total,15999,12.677496038034866,0.5587232283651828,1000
B,"Paired views, TWC weight 0",loss_total,16999,13.469889064976229,0.5341872594356537,1000
B,"Paired views, TWC weight 0",loss_total,17999,14.26228209191759,0.5222128232568503,1000
B,"Paired views, TWC weight 0",loss_total,18999,15.054675118858954,0.46917650406062605,1000
B,"Paired views, TWC weight 0",loss_total,19999,15.847068145800318,0.47856581772863865,1000
B,"Paired views, TWC weight 0",loss_total,20999,16.63946117274168,0.42828868943452836,1000
B,"Paired views, TWC weight 0",loss_total,21999,17.43185419968304,0.46628962305188176,1000
B,"Paired views, TWC weight 0",loss_total,22999,18.224247226624406,0.4466310808956623,1000
B,"Paired views, TWC weight 0",loss_total,23999,19.016640253565768,0.43549761159718037,1000
B,"Paired views, TWC weight 0",loss_total,24999,19.80903328050713,0.4181597551479936,1000
B,"Paired views, TWC weight 0",loss_total,25999,20.601426307448495,0.3674296566396952,1000
B,"Paired views, TWC weight 0",loss_total,26999,21.393819334389857,0.3272056491822004,1000
B,"Paired views, TWC weight 0",loss_total,27999,22.18621236133122,0.30869607032090424,1000
B,"Paired views, TWC weight 0",loss_total,28999,22.978605388272584,0.31020428605377676,1000
B,"Paired views, TWC weight 0",loss_total,29999,23.770998415213946,0.3006913283020258,1000
B,"Paired views, TWC weight 0",loss_total,30999,24.56339144215531,0.30222247556596993,1000
B,"Paired views, TWC weight 0",loss_total,31999,25.355784469096672,0.2887563329190016,1000
B,"Paired views, TWC weight 0",loss_total,32999,26.148177496038034,0.2965599219724536,1000
B,"Paired views, TWC weight 0",loss_total,33999,26.9405705229794,0.3001729402989149,1000
B,"Paired views, TWC weight 0",loss_total,34999,27.73296354992076,0.28461785267293455,1000
B,"Paired views, TWC weight 0",loss_total,35999,28.525356576862123,0.2877202691361308,1000
B,"Paired views, TWC weight 0",loss_total,36999,29.317749603803488,0.27879920991510154,1000
B,"Paired views, TWC weight 0",loss_total,37999,30.11014263074485,0.2779107665941119,1000
B,"Paired views, TWC weight 0",loss_total,38999,30.90253565768621,0.2794375922232866,1000
B,"Paired views, TWC weight 0",loss_total,39999,31.694928684627577,0.2754892293959856,1000
B,"Paired views, TWC weight 0",loss_total,40999,32.48732171156894,0.2586878156363964,1000
B,"Paired views, TWC weight 0",loss_total,41999,33.2797147385103,0.2715270787999034,1000
B,"Paired views, TWC weight 0",loss_total,42999,34.07210776545166,0.2568708827421069,1000
B,"Paired views, TWC weight 0",loss_total,43999,34.864500792393024,0.26890652617812155,1000
B,"Paired views, TWC weight 0",loss_total,44999,35.65689381933439,0.26403003015369175,1000
B,"Paired views, TWC weight 0",loss_total,45999,36.449286846275754,0.26489054011553526,1000
B,"Paired views, TWC weight 0",loss_total,46999,37.241679873217116,0.264250142596662,1000
B,"Paired views, TWC weight 0",loss_total,47999,38.03407290015848,0.26525251515954734,1000
B,"Paired views, TWC weight 0",loss_total,48999,38.82646592709984,0.25551175881922245,1000
B,"Paired views, TWC weight 0",loss_total,49999,39.6188589540412,0.2598978037014604,1000
B,"Paired views, TWC weight 0",loss_total,50999,40.41125198098257,0.24785416033864022,1000
B,"Paired views, TWC weight 0",loss_total,51999,41.20364500792393,0.2517379963472485,1000
B,"Paired views, TWC weight 0",loss_total,52999,41.99603803486529,0.2420600924938917,1000
B,"Paired views, TWC weight 0",loss_total,53999,42.788431061806655,0.25420835890620946,1000
B,"Paired views, TWC weight 0",loss_total,54999,43.58082408874802,0.2509822209775448,1000
B,"Paired views, TWC weight 0",loss_total,55999,44.37321711568938,0.24923178453743458,1000
B,"Paired views, TWC weight 0",loss_total,56999,45.16561014263075,0.2438749637529254,1000
B,"Paired views, TWC weight 0",loss_total,57999,45.95800316957211,0.24468984386324882,1000
B,"Paired views, TWC weight 0",loss_total,58999,46.75039619651347,0.24500776851922274,1000
B,"Paired views, TWC weight 0",loss_total,59999,47.54278922345483,0.2386038435474038,1000
B,"Paired views, TWC weight 0",loss_total,60999,48.335182250396194,0.25465262108296155,1000
B,"Paired views, TWC weight 0",loss_total,61999,49.12757527733756,0.24498746541887523,1000
B,"Paired views, TWC weight 0",loss_total,62999,49.919968304278925,0.24430093661695718,1000
B,"Paired views, TWC weight 0",loss_total,63999,50.712361331220286,0.24602273962646723,1000
B,"Paired views, TWC weight 0",loss_total,64999,51.50475435816165,0.24594169702380897,1000
B,"Paired views, TWC weight 0",loss_total,65999,52.29714738510301,0.2379298415109515,1000
B,"Paired views, TWC weight 0",loss_total,66999,53.08954041204437,0.25373423466831446,1000
B,"Paired views, TWC weight 0",loss_total,67999,53.88193343898574,0.24097322260588408,1000
B,"Paired views, TWC weight 0",loss_total,68999,54.6743264659271,0.24142927323281765,1000
B,"Paired views, TWC weight 0",loss_total,69999,55.466719492868464,0.2361674755960703,1000
B,"Paired views, TWC weight 0",loss_total,70999,56.259112519809825,0.2389678396061063,1000
B,"Paired views, TWC weight 0",loss_total,71999,57.05150554675119,0.24125843731313945,1000
B,"Paired views, TWC weight 0",loss_total,72999,57.84389857369255,0.24359097558259965,1000
B,"Paired views, TWC weight 0",loss_total,73999,58.63629160063392,0.243770748347044,1000
B,"Paired views, TWC weight 0",loss_total,74999,59.42868462757528,0.2323542466238141,1000
B,"Paired views, TWC weight 0",loss_total,75719,59.99920760697306,0.25186910200864077,720
B,"Paired views, TWC weight 0",loss_total_sup,999,0.7916006339144216,4.976860884189605,1000
B,"Paired views, TWC weight 0",loss_total_sup,1999,1.5839936608557845,2.3404976162910462,1000
B,"Paired views, TWC weight 0",loss_total_sup,2999,2.3763866877971473,1.4796359171271325,1000
B,"Paired views, TWC weight 0",loss_total_sup,3999,3.1687797147385104,1.1835323973894118,1000
B,"Paired views, TWC weight 0",loss_total_sup,4999,3.9611727416798734,1.013271739244461,1000
B,"Paired views, TWC weight 0",loss_total_sup,5999,4.753565768621236,0.9336457636654377,1000
B,"Paired views, TWC weight 0",loss_total_sup,6999,5.545958795562599,0.8487237976938486,1000
B,"Paired views, TWC weight 0",loss_total_sup,7999,6.338351822503962,0.8099539666175842,1000
B,"Paired views, TWC weight 0",loss_total_sup,8999,7.130744849445325,0.7609096618592739,1000
B,"Paired views, TWC weight 0",loss_total_sup,9999,7.923137876386688,0.6996676027774811,1000
B,"Paired views, TWC weight 0",loss_total_sup,10999,8.71553090332805,0.6702435109615326,1000
B,"Paired views, TWC weight 0",loss_total_sup,11999,9.507923930269413,0.6293074157387019,1000
B,"Paired views, TWC weight 0",loss_total_sup,12999,10.300316957210777,0.5864688611924648,1000
B,"Paired views, TWC weight 0",loss_total_sup,13999,11.092709984152139,0.5682221365571022,1000
B,"Paired views, TWC weight 0",loss_total_sup,14999,11.885103011093502,0.5619445010870695,1000
B,"Paired views, TWC weight 0",loss_total_sup,15999,12.677496038034866,0.5587232283651828,1000
B,"Paired views, TWC weight 0",loss_total_sup,16999,13.469889064976229,0.5341872594356537,1000
B,"Paired views, TWC weight 0",loss_total_sup,17999,14.26228209191759,0.5222128232568503,1000
B,"Paired views, TWC weight 0",loss_total_sup,18999,15.054675118858954,0.46917650406062605,1000
B,"Paired views, TWC weight 0",loss_total_sup,19999,15.847068145800318,0.47856581772863865,1000
B,"Paired views, TWC weight 0",loss_total_sup,20999,16.63946117274168,0.42828868943452836,1000
B,"Paired views, TWC weight 0",loss_total_sup,21999,17.43185419968304,0.46628962305188176,1000
B,"Paired views, TWC weight 0",loss_total_sup,22999,18.224247226624406,0.4466310808956623,1000
B,"Paired views, TWC weight 0",loss_total_sup,23999,19.016640253565768,0.43549761159718037,1000
B,"Paired views, TWC weight 0",loss_total_sup,24999,19.80903328050713,0.4181597551479936,1000
B,"Paired views, TWC weight 0",loss_total_sup,25999,20.601426307448495,0.3674296566396952,1000
B,"Paired views, TWC weight 0",loss_total_sup,26999,21.393819334389857,0.3272056491822004,1000
B,"Paired views, TWC weight 0",loss_total_sup,27999,22.18621236133122,0.30869607032090424,1000
B,"Paired views, TWC weight 0",loss_total_sup,28999,22.978605388272584,0.31020428605377676,1000
B,"Paired views, TWC weight 0",loss_total_sup,29999,23.770998415213946,0.3006913283020258,1000
B,"Paired views, TWC weight 0",loss_total_sup,30999,24.56339144215531,0.30222247556596993,1000
B,"Paired views, TWC weight 0",loss_total_sup,31999,25.355784469096672,0.2887563329190016,1000
B,"Paired views, TWC weight 0",loss_total_sup,32999,26.148177496038034,0.2965599219724536,1000
B,"Paired views, TWC weight 0",loss_total_sup,33999,26.9405705229794,0.3001729402989149,1000
B,"Paired views, TWC weight 0",loss_total_sup,34999,27.73296354992076,0.28461785267293455,1000
B,"Paired views, TWC weight 0",loss_total_sup,35999,28.525356576862123,0.2877202691361308,1000
B,"Paired views, TWC weight 0",loss_total_sup,36999,29.317749603803488,0.27879920991510154,1000
B,"Paired views, TWC weight 0",loss_total_sup,37999,30.11014263074485,0.2779107665941119,1000
B,"Paired views, TWC weight 0",loss_total_sup,38999,30.90253565768621,0.2794375922232866,1000
B,"Paired views, TWC weight 0",loss_total_sup,39999,31.694928684627577,0.2754892293959856,1000
B,"Paired views, TWC weight 0",loss_total_sup,40999,32.48732171156894,0.2586878156363964,1000
B,"Paired views, TWC weight 0",loss_total_sup,41999,33.2797147385103,0.2715270787999034,1000
B,"Paired views, TWC weight 0",loss_total_sup,42999,34.07210776545166,0.2568708827421069,1000
B,"Paired views, TWC weight 0",loss_total_sup,43999,34.864500792393024,0.26890652617812155,1000
B,"Paired views, TWC weight 0",loss_total_sup,44999,35.65689381933439,0.26403003015369175,1000
B,"Paired views, TWC weight 0",loss_total_sup,45999,36.449286846275754,0.26489054011553526,1000
B,"Paired views, TWC weight 0",loss_total_sup,46999,37.241679873217116,0.264250142596662,1000
B,"Paired views, TWC weight 0",loss_total_sup,47999,38.03407290015848,0.26525251515954734,1000
B,"Paired views, TWC weight 0",loss_total_sup,48999,38.82646592709984,0.25551175881922245,1000
B,"Paired views, TWC weight 0",loss_total_sup,49999,39.6188589540412,0.2598978037014604,1000
B,"Paired views, TWC weight 0",loss_total_sup,50999,40.41125198098257,0.24785416033864022,1000
B,"Paired views, TWC weight 0",loss_total_sup,51999,41.20364500792393,0.2517379963472485,1000
B,"Paired views, TWC weight 0",loss_total_sup,52999,41.99603803486529,0.2420600924938917,1000
B,"Paired views, TWC weight 0",loss_total_sup,53999,42.788431061806655,0.25420835890620946,1000
B,"Paired views, TWC weight 0",loss_total_sup,54999,43.58082408874802,0.2509822209775448,1000
B,"Paired views, TWC weight 0",loss_total_sup,55999,44.37321711568938,0.24923178453743458,1000
B,"Paired views, TWC weight 0",loss_total_sup,56999,45.16561014263075,0.2438749637529254,1000
B,"Paired views, TWC weight 0",loss_total_sup,57999,45.95800316957211,0.24468984386324882,1000
B,"Paired views, TWC weight 0",loss_total_sup,58999,46.75039619651347,0.24500776851922274,1000
B,"Paired views, TWC weight 0",loss_total_sup,59999,47.54278922345483,0.2386038435474038,1000
B,"Paired views, TWC weight 0",loss_total_sup,60999,48.335182250396194,0.25465262108296155,1000
B,"Paired views, TWC weight 0",loss_total_sup,61999,49.12757527733756,0.24498746541887523,1000
B,"Paired views, TWC weight 0",loss_total_sup,62999,49.919968304278925,0.24430093661695718,1000
B,"Paired views, TWC weight 0",loss_total_sup,63999,50.712361331220286,0.24602273962646723,1000
B,"Paired views, TWC weight 0",loss_total_sup,64999,51.50475435816165,0.24594169702380897,1000
B,"Paired views, TWC weight 0",loss_total_sup,65999,52.29714738510301,0.2379298415109515,1000
B,"Paired views, TWC weight 0",loss_total_sup,66999,53.08954041204437,0.25373423466831446,1000
B,"Paired views, TWC weight 0",loss_total_sup,67999,53.88193343898574,0.24097322260588408,1000
B,"Paired views, TWC weight 0",loss_total_sup,68999,54.6743264659271,0.24142927323281765,1000
B,"Paired views, TWC weight 0",loss_total_sup,69999,55.466719492868464,0.2361674755960703,1000
B,"Paired views, TWC weight 0",loss_total_sup,70999,56.259112519809825,0.2389678396061063,1000
B,"Paired views, TWC weight 0",loss_total_sup,71999,57.05150554675119,0.24125843731313945,1000
B,"Paired views, TWC weight 0",loss_total_sup,72999,57.84389857369255,0.24359097558259965,1000
B,"Paired views, TWC weight 0",loss_total_sup,73999,58.63629160063392,0.243770748347044,1000
B,"Paired views, TWC weight 0",loss_total_sup,74999,59.42868462757528,0.2323542466238141,1000
B,"Paired views, TWC weight 0",loss_total_sup,75719,59.99920760697306,0.25186910200864077,720
C,Paired views + corrected TWC,loss_twc,999,0.7916006339144216,0.23623081477731467,1000
C,Paired views + corrected TWC,loss_twc,1999,1.5839936608557845,0.09271598974056541,1000
C,Paired views + corrected TWC,loss_twc,2999,2.3763866877971473,0.06469651857484132,1000
C,Paired views + corrected TWC,loss_twc,3999,3.1687797147385104,0.054291950259357694,1000
C,Paired views + corrected TWC,loss_twc,4999,3.9611727416798734,0.0428812641883269,1000
C,Paired views + corrected TWC,loss_twc,5999,4.753565768621236,0.03896918988740072,1000
C,Paired views + corrected TWC,loss_twc,6999,5.545958795562599,0.03511486013862304,1000
C,Paired views + corrected TWC,loss_twc,7999,6.338351822503962,0.030762645890237764,1000
C,Paired views + corrected TWC,loss_twc,8999,7.130744849445325,0.02847522316966206,1000
C,Paired views + corrected TWC,loss_twc,9999,7.923137876386688,0.02479922222951427,1000
C,Paired views + corrected TWC,loss_twc,10999,8.71553090332805,0.026127275810111313,1000
C,Paired views + corrected TWC,loss_twc,11999,9.507923930269413,0.0239485678129131,1000
C,Paired views + corrected TWC,loss_twc,12999,10.300316957210777,0.023471066132886336,1000
C,Paired views + corrected TWC,loss_twc,13999,11.092709984152139,0.020063306939206087,1000
C,Paired views + corrected TWC,loss_twc,14999,11.885103011093502,0.021062493563629686,1000
C,Paired views + corrected TWC,loss_twc,15999,12.677496038034866,0.01993155123468023,1000
C,Paired views + corrected TWC,loss_twc,16999,13.469889064976229,0.017572165443969424,1000
C,Paired views + corrected TWC,loss_twc,17999,14.26228209191759,0.01781532842089655,1000
C,Paired views + corrected TWC,loss_twc,18999,15.054675118858954,0.016625440157717095,1000
C,Paired views + corrected TWC,loss_twc,19999,15.847068145800318,0.01639379598858068,1000
C,Paired views + corrected TWC,loss_twc,20999,16.63946117274168,0.013275038242572918,1000
C,Paired views + corrected TWC,loss_twc,21999,17.43185419968304,0.014609908614191227,1000
C,Paired views + corrected TWC,loss_twc,22999,18.224247226624406,0.014742304036975839,1000
C,Paired views + corrected TWC,loss_twc,23999,19.016640253565768,0.013519139557436574,1000
C,Paired views + corrected TWC,loss_twc,24999,19.80903328050713,0.013208895899995696,1000
C,Paired views + corrected TWC,loss_twc,25999,20.601426307448495,0.011024693729879801,1000
C,Paired views + corrected TWC,loss_twc,26999,21.393819334389857,0.010377552256628406,1000
C,Paired views + corrected TWC,loss_twc,27999,22.18621236133122,0.008059801186143887,1000
C,Paired views + corrected TWC,loss_twc,28999,22.978605388272584,0.008689491435681703,1000
C,Paired views + corrected TWC,loss_twc,29999,23.770998415213946,0.008350901411264204,1000
C,Paired views + corrected TWC,loss_twc,30999,24.56339144215531,0.008118124580592849,1000
C,Paired views + corrected TWC,loss_twc,31999,25.355784469096672,0.007558915961591993,1000
C,Paired views + corrected TWC,loss_twc,32999,26.148177496038034,0.008318577374069719,1000
C,Paired views + corrected TWC,loss_twc,33999,26.9405705229794,0.008096607960789697,1000
C,Paired views + corrected TWC,loss_twc,34999,27.73296354992076,0.007324550968129188,1000
C,Paired views + corrected TWC,loss_twc,35999,28.525356576862123,0.007522676426830003,1000
C,Paired views + corrected TWC,loss_twc,36999,29.317749603803488,0.008162577710056212,1000
C,Paired views + corrected TWC,loss_twc,37999,30.11014263074485,0.00759682123325183,1000
C,Paired views + corrected TWC,loss_twc,38999,30.90253565768621,0.0079954673453758,1000
C,Paired views + corrected TWC,loss_twc,39999,31.694928684627577,0.0075650115434546025,1000
C,Paired views + corrected TWC,loss_twc,40999,32.48732171156894,0.007581452744023409,1000
C,Paired views + corrected TWC,loss_twc,41999,33.2797147385103,0.007490390127917635,1000
C,Paired views + corrected TWC,loss_twc,42999,34.07210776545166,0.007469651366292965,1000
C,Paired views + corrected TWC,loss_twc,43999,34.864500792393024,0.0070420255362405445,1000
C,Paired views + corrected TWC,loss_twc,44999,35.65689381933439,0.007071277609589742,1000
C,Paired views + corrected TWC,loss_twc,45999,36.449286846275754,0.007572262525034602,1000
C,Paired views + corrected TWC,loss_twc,46999,37.241679873217116,0.00721756855797139,1000
C,Paired views + corrected TWC,loss_twc,47999,38.03407290015848,0.007149901918135583,1000
C,Paired views + corrected TWC,loss_twc,48999,38.82646592709984,0.006999428727925988,1000
C,Paired views + corrected TWC,loss_twc,49999,39.6188589540412,0.006222744572529336,1000
C,Paired views + corrected TWC,loss_twc,50999,40.41125198098257,0.006752481961331796,1000
C,Paired views + corrected TWC,loss_twc,51999,41.20364500792393,0.006952403188683093,1000
C,Paired views + corrected TWC,loss_twc,52999,41.99603803486529,0.006823625688848551,1000
C,Paired views + corrected TWC,loss_twc,53999,42.788431061806655,0.006685340699215885,1000
C,Paired views + corrected TWC,loss_twc,54999,43.58082408874802,0.006751368892728351,1000
C,Paired views + corrected TWC,loss_twc,55999,44.37321711568938,0.007045375819900073,1000
C,Paired views + corrected TWC,loss_twc,56999,45.16561014263075,0.006288696227158653,1000
C,Paired views + corrected TWC,loss_twc,57999,45.95800316957211,0.006826171718130354,1000
C,Paired views + corrected TWC,loss_twc,58999,46.75039619651347,0.0061837418099748905,1000
C,Paired views + corrected TWC,loss_twc,59999,47.54278922345483,0.006592352043284336,1000
C,Paired views + corrected TWC,loss_twc,60999,48.335182250396194,0.006453763553377939,1000
C,Paired views + corrected TWC,loss_twc,61999,49.12757527733756,0.006809254230523948,1000
C,Paired views + corrected TWC,loss_twc,62999,49.919968304278925,0.006718053414049791,1000
C,Paired views + corrected TWC,loss_twc,63999,50.712361331220286,0.006345659818995045,1000
C,Paired views + corrected TWC,loss_twc,64999,51.50475435816165,0.006302817994699581,1000
C,Paired views + corrected TWC,loss_twc,65999,52.29714738510301,0.006410588484955951,1000
C,Paired views + corrected TWC,loss_twc,66999,53.08954041204437,0.006914092103135772,1000
C,Paired views + corrected TWC,loss_twc,67999,53.88193343898574,0.006491391334187938,1000
C,Paired views + corrected TWC,loss_twc,68999,54.6743264659271,0.00648604234989034,1000
C,Paired views + corrected TWC,loss_twc,69999,55.466719492868464,0.0061913428772240875,1000
C,Paired views + corrected TWC,loss_twc,70999,56.259112519809825,0.006304082253569504,1000
C,Paired views + corrected TWC,loss_twc,71999,57.05150554675119,0.005801071977184619,1000
C,Paired views + corrected TWC,loss_twc,72999,57.84389857369255,0.006440758686367189,1000
C,Paired views + corrected TWC,loss_twc,73999,58.63629160063392,0.006257645138219232,1000
C,Paired views + corrected TWC,loss_twc,74999,59.42868462757528,0.006315863668365637,1000
C,Paired views + corrected TWC,loss_twc,75719,59.99920760697306,0.006607577332356919,720
C,Paired views + corrected TWC,twc_valid_ratio,999,0.7916006339144216,0.7513125,1000
C,Paired views + corrected TWC,twc_valid_ratio,1999,1.5839936608557845,0.7515625,1000
C,Paired views + corrected TWC,twc_valid_ratio,2999,2.3763866877971473,0.750125,1000
C,Paired views + corrected TWC,twc_valid_ratio,3999,3.1687797147385104,0.748625,1000
C,Paired views + corrected TWC,twc_valid_ratio,4999,3.9611727416798734,0.7496875,1000
C,Paired views + corrected TWC,twc_valid_ratio,5999,4.753565768621236,0.7509375,1000
C,Paired views + corrected TWC,twc_valid_ratio,6999,5.545958795562599,0.7473125,1000
C,Paired views + corrected TWC,twc_valid_ratio,7999,6.338351822503962,0.7506875,1000
C,Paired views + corrected TWC,twc_valid_ratio,8999,7.130744849445325,0.7478125,1000
C,Paired views + corrected TWC,twc_valid_ratio,9999,7.923137876386688,0.751375,1000
C,Paired views + corrected TWC,twc_valid_ratio,10999,8.71553090332805,0.7485,1000
C,Paired views + corrected TWC,twc_valid_ratio,11999,9.507923930269413,0.7515625,1000
C,Paired views + corrected TWC,twc_valid_ratio,12999,10.300316957210777,0.7538125,1000
C,Paired views + corrected TWC,twc_valid_ratio,13999,11.092709984152139,0.7463125,1000
C,Paired views + corrected TWC,twc_valid_ratio,14999,11.885103011093502,0.7523125,1000
C,Paired views + corrected TWC,twc_valid_ratio,15999,12.677496038034866,0.751,1000
C,Paired views + corrected TWC,twc_valid_ratio,16999,13.469889064976229,0.744625,1000
C,Paired views + corrected TWC,twc_valid_ratio,17999,14.26228209191759,0.754,1000
C,Paired views + corrected TWC,twc_valid_ratio,18999,15.054675118858954,0.7513125,1000
C,Paired views + corrected TWC,twc_valid_ratio,19999,15.847068145800318,0.7565,1000
C,Paired views + corrected TWC,twc_valid_ratio,20999,16.63946117274168,0.7451875,1000
C,Paired views + corrected TWC,twc_valid_ratio,21999,17.43185419968304,0.7515625,1000
C,Paired views + corrected TWC,twc_valid_ratio,22999,18.224247226624406,0.7531875,1000
C,Paired views + corrected TWC,twc_valid_ratio,23999,19.016640253565768,0.7468125,1000
C,Paired views + corrected TWC,twc_valid_ratio,24999,19.80903328050713,0.7473125,1000
C,Paired views + corrected TWC,twc_valid_ratio,25999,20.601426307448495,0.7515625,1000
C,Paired views + corrected TWC,twc_valid_ratio,26999,21.393819334389857,0.7513125,1000
C,Paired views + corrected TWC,twc_valid_ratio,27999,22.18621236133122,0.7519375,1000
C,Paired views + corrected TWC,twc_valid_ratio,28999,22.978605388272584,0.7505,1000
C,Paired views + corrected TWC,twc_valid_ratio,29999,23.770998415213946,0.749625,1000
C,Paired views + corrected TWC,twc_valid_ratio,30999,24.56339144215531,0.7488125,1000
C,Paired views + corrected TWC,twc_valid_ratio,31999,25.355784469096672,0.7518125,1000
C,Paired views + corrected TWC,twc_valid_ratio,32999,26.148177496038034,0.7463125,1000
C,Paired views + corrected TWC,twc_valid_ratio,33999,26.9405705229794,0.751125,1000
C,Paired views + corrected TWC,twc_valid_ratio,34999,27.73296354992076,0.7499375,1000
C,Paired views + corrected TWC,twc_valid_ratio,35999,28.525356576862123,0.7535,1000
C,Paired views + corrected TWC,twc_valid_ratio,36999,29.317749603803488,0.75,1000
C,Paired views + corrected TWC,twc_valid_ratio,37999,30.11014263074485,0.7458125,1000
C,Paired views + corrected TWC,twc_valid_ratio,38999,30.90253565768621,0.7511875,1000
C,Paired views + corrected TWC,twc_valid_ratio,39999,31.694928684627577,0.752625,1000
C,Paired views + corrected TWC,twc_valid_ratio,40999,32.48732171156894,0.7466875,1000
C,Paired views + corrected TWC,twc_valid_ratio,41999,33.2797147385103,0.753875,1000
C,Paired views + corrected TWC,twc_valid_ratio,42999,34.07210776545166,0.7493125,1000
C,Paired views + corrected TWC,twc_valid_ratio,43999,34.864500792393024,0.750875,1000
C,Paired views + corrected TWC,twc_valid_ratio,44999,35.65689381933439,0.74875,1000
C,Paired views + corrected TWC,twc_valid_ratio,45999,36.449286846275754,0.7499375,1000
C,Paired views + corrected TWC,twc_valid_ratio,46999,37.241679873217116,0.7483125,1000
C,Paired views + corrected TWC,twc_valid_ratio,47999,38.03407290015848,0.750125,1000
C,Paired views + corrected TWC,twc_valid_ratio,48999,38.82646592709984,0.7493125,1000
C,Paired views + corrected TWC,twc_valid_ratio,49999,39.6188589540412,0.7523125,1000
C,Paired views + corrected TWC,twc_valid_ratio,50999,40.41125198098257,0.750625,1000
C,Paired views + corrected TWC,twc_valid_ratio,51999,41.20364500792393,0.7474375,1000
C,Paired views + corrected TWC,twc_valid_ratio,52999,41.99603803486529,0.753,1000
C,Paired views + corrected TWC,twc_valid_ratio,53999,42.788431061806655,0.7478125,1000
C,Paired views + corrected TWC,twc_valid_ratio,54999,43.58082408874802,0.753625,1000
C,Paired views + corrected TWC,twc_valid_ratio,55999,44.37321711568938,0.74775,1000
C,Paired views + corrected TWC,twc_valid_ratio,56999,45.16561014263075,0.7479375,1000
C,Paired views + corrected TWC,twc_valid_ratio,57999,45.95800316957211,0.7500625,1000
C,Paired views + corrected TWC,twc_valid_ratio,58999,46.75039619651347,0.7489375,1000
C,Paired views + corrected TWC,twc_valid_ratio,59999,47.54278922345483,0.7465,1000
C,Paired views + corrected TWC,twc_valid_ratio,60999,48.335182250396194,0.746625,1000
C,Paired views + corrected TWC,twc_valid_ratio,61999,49.12757527733756,0.755125,1000
C,Paired views + corrected TWC,twc_valid_ratio,62999,49.919968304278925,0.747125,1000
C,Paired views + corrected TWC,twc_valid_ratio,63999,50.712361331220286,0.74875,1000
C,Paired views + corrected TWC,twc_valid_ratio,64999,51.50475435816165,0.74925,1000
C,Paired views + corrected TWC,twc_valid_ratio,65999,52.29714738510301,0.7478125,1000
C,Paired views + corrected TWC,twc_valid_ratio,66999,53.08954041204437,0.7495625,1000
C,Paired views + corrected TWC,twc_valid_ratio,67999,53.88193343898574,0.7494375,1000
C,Paired views + corrected TWC,twc_valid_ratio,68999,54.6743264659271,0.7484375,1000
C,Paired views + corrected TWC,twc_valid_ratio,69999,55.466719492868464,0.748,1000
C,Paired views + corrected TWC,twc_valid_ratio,70999,56.259112519809825,0.7561875,1000
C,Paired views + corrected TWC,twc_valid_ratio,71999,57.05150554675119,0.747125,1000
C,Paired views + corrected TWC,twc_valid_ratio,72999,57.84389857369255,0.7510625,1000
C,Paired views + corrected TWC,twc_valid_ratio,73999,58.63629160063392,0.7476875,1000
C,Paired views + corrected TWC,twc_valid_ratio,74999,59.42868462757528,0.7525625,1000
C,Paired views + corrected TWC,twc_valid_ratio,75719,59.99920760697306,0.7504340277777778,720
C,Paired views + corrected TWC,twc_center_gap,999,0.7916006339144216,1.019038104891777,1000
C,Paired views + corrected TWC,twc_center_gap,1999,1.5839936608557845,0.6281900184750557,1000
C,Paired views + corrected TWC,twc_center_gap,2999,2.3763866877971473,0.4917920059263706,1000
C,Paired views + corrected TWC,twc_center_gap,3999,3.1687797147385104,0.43185771080851554,1000
C,Paired views + corrected TWC,twc_center_gap,4999,3.9611727416798734,0.3737123394310474,1000
C,Paired views + corrected TWC,twc_center_gap,5999,4.753565768621236,0.34484336160123347,1000
C,Paired views + corrected TWC,twc_center_gap,6999,5.545958795562599,0.32189992943406104,1000
C,Paired views + corrected TWC,twc_center_gap,7999,6.338351822503962,0.29649041646718977,1000
C,Paired views + corrected TWC,twc_center_gap,8999,7.130744849445325,0.2796647187098861,1000
C,Paired views + corrected TWC,twc_center_gap,9999,7.923137876386688,0.2595352654159069,1000
C,Paired views + corrected TWC,twc_center_gap,10999,8.71553090332805,0.2583634475544095,1000
C,Paired views + corrected TWC,twc_center_gap,11999,9.507923930269413,0.24213785772770643,1000
C,Paired views + corrected TWC,twc_center_gap,12999,10.300316957210777,0.23636163659393788,1000
C,Paired views + corrected TWC,twc_center_gap,13999,11.092709984152139,0.21988249629735945,1000
C,Paired views + corrected TWC,twc_center_gap,14999,11.885103011093502,0.22262743302434682,1000
C,Paired views + corrected TWC,twc_center_gap,15999,12.677496038034866,0.2117538723424077,1000
C,Paired views + corrected TWC,twc_center_gap,16999,13.469889064976229,0.20057826126366854,1000
C,Paired views + corrected TWC,twc_center_gap,17999,14.26228209191759,0.20071189570426942,1000
C,Paired views + corrected TWC,twc_center_gap,18999,15.054675118858954,0.18969314470142126,1000
C,Paired views + corrected TWC,twc_center_gap,19999,15.847068145800318,0.1886578969359398,1000
C,Paired views + corrected TWC,twc_center_gap,20999,16.63946117274168,0.17091317747905851,1000
C,Paired views + corrected TWC,twc_center_gap,21999,17.43185419968304,0.17830913303792476,1000
C,Paired views + corrected TWC,twc_center_gap,22999,18.224247226624406,0.17331515322625637,1000
C,Paired views + corrected TWC,twc_center_gap,23999,19.016640253565768,0.16779002469405532,1000
C,Paired views + corrected TWC,twc_center_gap,24999,19.80903328050713,0.16473155991733074,1000
C,Paired views + corrected TWC,twc_center_gap,25999,20.601426307448495,0.1530833499878645,1000
C,Paired views + corrected TWC,twc_center_gap,26999,21.393819334389857,0.1474039538130164,1000
C,Paired views + corrected TWC,twc_center_gap,27999,22.18621236133122,0.1346811968460679,1000
C,Paired views + corrected TWC,twc_center_gap,28999,22.978605388272584,0.1351968979090452,1000
C,Paired views + corrected TWC,twc_center_gap,29999,23.770998415213946,0.13464766737818717,1000
C,Paired views + corrected TWC,twc_center_gap,30999,24.56339144215531,0.1327553580775857,1000
C,Paired views + corrected TWC,twc_center_gap,31999,25.355784469096672,0.12937594217807055,1000
C,Paired views + corrected TWC,twc_center_gap,32999,26.148177496038034,0.13225868201255797,1000
C,Paired views + corrected TWC,twc_center_gap,33999,26.9405705229794,0.13186088704317808,1000
C,Paired views + corrected TWC,twc_center_gap,34999,27.73296354992076,0.12805845433101057,1000
C,Paired views + corrected TWC,twc_center_gap,35999,28.525356576862123,0.12886686682328582,1000
C,Paired views + corrected TWC,twc_center_gap,36999,29.317749603803488,0.13043009570613504,1000
C,Paired views + corrected TWC,twc_center_gap,37999,30.11014263074485,0.12906021266803144,1000
C,Paired views + corrected TWC,twc_center_gap,38999,30.90253565768621,0.129807144228369,1000
C,Paired views + corrected TWC,twc_center_gap,39999,31.694928684627577,0.12749235729128122,1000
C,Paired views + corrected TWC,twc_center_gap,40999,32.48732171156894,0.12785089603811503,1000
C,Paired views + corrected TWC,twc_center_gap,41999,33.2797147385103,0.12566666770353913,1000
C,Paired views + corrected TWC,twc_center_gap,42999,34.07210776545166,0.12720120280608535,1000
C,Paired views + corrected TWC,twc_center_gap,43999,34.864500792393024,0.12458670011907816,1000
C,Paired views + corrected TWC,twc_center_gap,44999,35.65689381933439,0.12507977044582366,1000
C,Paired views + corrected TWC,twc_center_gap,45999,36.449286846275754,0.1276721813827753,1000
C,Paired views + corrected TWC,twc_center_gap,46999,37.241679873217116,0.1252900928631425,1000
C,Paired views + corrected TWC,twc_center_gap,47999,38.03407290015848,0.12434390241280198,1000
C,Paired views + corrected TWC,twc_center_gap,48999,38.82646592709984,0.12523776049911975,1000
C,Paired views + corrected TWC,twc_center_gap,49999,39.6188589540412,0.12075261431187391,1000
C,Paired views + corrected TWC,twc_center_gap,50999,40.41125198098257,0.12277942092344164,1000
C,Paired views + corrected TWC,twc_center_gap,51999,41.20364500792393,0.12497292791679501,1000
C,Paired views + corrected TWC,twc_center_gap,52999,41.99603803486529,0.12322727440670132,1000
C,Paired views + corrected TWC,twc_center_gap,53999,42.788431061806655,0.12298300618678332,1000
C,Paired views + corrected TWC,twc_center_gap,54999,43.58082408874802,0.12381839845329523,1000
C,Paired views + corrected TWC,twc_center_gap,55999,44.37321711568938,0.12443507643416524,1000
C,Paired views + corrected TWC,twc_center_gap,56999,45.16561014263075,0.12143509968370199,1000
C,Paired views + corrected TWC,twc_center_gap,57999,45.95800316957211,0.12344474220648408,1000
C,Paired views + corrected TWC,twc_center_gap,58999,46.75039619651347,0.12066311718150974,1000
C,Paired views + corrected TWC,twc_center_gap,59999,47.54278922345483,0.12334271429479123,1000
C,Paired views + corrected TWC,twc_center_gap,60999,48.335182250396194,0.1213373837210238,1000
C,Paired views + corrected TWC,twc_center_gap,61999,49.12757527733756,0.12448973523452878,1000
C,Paired views + corrected TWC,twc_center_gap,62999,49.919968304278925,0.1240212262570858,1000
C,Paired views + corrected TWC,twc_center_gap,63999,50.712361331220286,0.1216892369389534,1000
C,Paired views + corrected TWC,twc_center_gap,64999,51.50475435816165,0.12100902263820171,1000
C,Paired views + corrected TWC,twc_center_gap,65999,52.29714738510301,0.12253639263287186,1000
C,Paired views + corrected TWC,twc_center_gap,66999,53.08954041204437,0.12279003776237368,1000
C,Paired views + corrected TWC,twc_center_gap,67999,53.88193343898574,0.12220410026237369,1000
C,Paired views + corrected TWC,twc_center_gap,68999,54.6743264659271,0.12338349245116115,1000
C,Paired views + corrected TWC,twc_center_gap,69999,55.466719492868464,0.12241749595478177,1000
C,Paired views + corrected TWC,twc_center_gap,70999,56.259112519809825,0.1207352678887546,1000
C,Paired views + corrected TWC,twc_center_gap,71999,57.05150554675119,0.1188301209770143,1000
C,Paired views + corrected TWC,twc_center_gap,72999,57.84389857369255,0.12165932295843959,1000
C,Paired views + corrected TWC,twc_center_gap,73999,58.63629160063392,0.12196698354929686,1000
C,Paired views + corrected TWC,twc_center_gap,74999,59.42868462757528,0.1214592327401042,1000
C,Paired views + corrected TWC,twc_center_gap,75719,59.99920760697306,0.12266586400671965,720
C,Paired views + corrected TWC,twc_angle_gap,999,0.7916006339144216,0.2554614505916834,1000
C,Paired views + corrected TWC,twc_angle_gap,1999,1.5839936608557845,0.0904609373062849,1000
C,Paired views + corrected TWC,twc_angle_gap,2999,2.3763866877971473,0.06128778480924666,1000
C,Paired views + corrected TWC,twc_angle_gap,3999,3.1687797147385104,0.04646036237105727,1000
C,Paired views + corrected TWC,twc_angle_gap,4999,3.9611727416798734,0.036996418952941895,1000
C,Paired views + corrected TWC,twc_angle_gap,5999,4.753565768621236,0.03184079844038933,1000
C,Paired views + corrected TWC,twc_angle_gap,6999,5.545958795562599,0.02810897677205503,1000
C,Paired views + corrected TWC,twc_angle_gap,7999,6.338351822503962,0.024678906094282867,1000
C,Paired views + corrected TWC,twc_angle_gap,8999,7.130744849445325,0.022881802448071538,1000
C,Paired views + corrected TWC,twc_angle_gap,9999,7.923137876386688,0.020854036375880243,1000
C,Paired views + corrected TWC,twc_angle_gap,10999,8.71553090332805,0.019601098368410022,1000
C,Paired views + corrected TWC,twc_angle_gap,11999,9.507923930269413,0.018252549009397625,1000
C,Paired views + corrected TWC,twc_angle_gap,12999,10.300316957210777,0.016863930503837766,1000
C,Paired views + corrected TWC,twc_angle_gap,13999,11.092709984152139,0.01648516763281077,1000
C,Paired views + corrected TWC,twc_angle_gap,14999,11.885103011093502,0.015819528204854577,1000
C,Paired views + corrected TWC,twc_angle_gap,15999,12.677496038034866,0.015058954284060747,1000
C,Paired views + corrected TWC,twc_angle_gap,16999,13.469889064976229,0.014529767769854516,1000
C,Paired views + corrected TWC,twc_angle_gap,17999,14.26228209191759,0.01406430252501741,1000
C,Paired views + corrected TWC,twc_angle_gap,18999,15.054675118858954,0.013544586712960154,1000
C,Paired views + corrected TWC,twc_angle_gap,19999,15.847068145800318,0.013346212431322783,1000
C,Paired views + corrected TWC,twc_angle_gap,20999,16.63946117274168,0.012468173794448376,1000
C,Paired views + corrected TWC,twc_angle_gap,21999,17.43185419968304,0.012208006391301752,1000
C,Paired views + corrected TWC,twc_angle_gap,22999,18.224247226624406,0.011953163298778236,1000
C,Paired views + corrected TWC,twc_angle_gap,23999,19.016640253565768,0.011687022460158914,1000
C,Paired views + corrected TWC,twc_angle_gap,24999,19.80903328050713,0.011421587885357439,1000
C,Paired views + corrected TWC,twc_angle_gap,25999,20.601426307448495,0.010623903326224536,1000
C,Paired views + corrected TWC,twc_angle_gap,26999,21.393819334389857,0.010455040774540975,1000
C,Paired views + corrected TWC,twc_angle_gap,27999,22.18621236133122,0.00986135784140788,1000
C,Paired views + corrected TWC,twc_angle_gap,28999,22.978605388272584,0.009580925491405651,1000
C,Paired views + corrected TWC,twc_angle_gap,29999,23.770998415213946,0.009664947566343472,1000
C,Paired views + corrected TWC,twc_angle_gap,30999,24.56339144215531,0.009649087826022877,1000
C,Paired views + corrected TWC,twc_angle_gap,31999,25.355784469096672,0.009147535923169926,1000
C,Paired views + corrected TWC,twc_angle_gap,32999,26.148177496038034,0.00935535335156601,1000
C,Paired views + corrected TWC,twc_angle_gap,33999,26.9405705229794,0.009235437648370861,1000
C,Paired views + corrected TWC,twc_angle_gap,34999,27.73296354992076,0.009251669905614109,1000
C,Paired views + corrected TWC,twc_angle_gap,35999,28.525356576862123,0.009158633820014075,1000
C,Paired views + corrected TWC,twc_angle_gap,36999,29.317749603803488,0.00906511379731819,1000
C,Paired views + corrected TWC,twc_angle_gap,37999,30.11014263074485,0.009092315752990543,1000
C,Paired views + corrected TWC,twc_angle_gap,38999,30.90253565768621,0.008909393510781228,1000
C,Paired views + corrected TWC,twc_angle_gap,39999,31.694928684627577,0.009037268868181854,1000
C,Paired views + corrected TWC,twc_angle_gap,40999,32.48732171156894,0.009080065678572282,1000
C,Paired views + corrected TWC,twc_angle_gap,41999,33.2797147385103,0.00870929514290765,1000
C,Paired views + corrected TWC,twc_angle_gap,42999,34.07210776545166,0.008859978844644501,1000
C,Paired views + corrected TWC,twc_angle_gap,43999,34.864500792393024,0.008682777408743278,1000
C,Paired views + corrected TWC,twc_angle_gap,44999,35.65689381933439,0.008828884118236601,1000
C,Paired views + corrected TWC,twc_angle_gap,45999,36.449286846275754,0.008867968684993684,1000
C,Paired views + corrected TWC,twc_angle_gap,46999,37.241679873217116,0.008781443608459085,1000
C,Paired views + corrected TWC,twc_angle_gap,47999,38.03407290015848,0.008744806786766276,1000
C,Paired views + corrected TWC,twc_angle_gap,48999,38.82646592709984,0.008746249983087182,1000
C,Paired views + corrected TWC,twc_angle_gap,49999,39.6188589540412,0.00850161612010561,1000
C,Paired views + corrected TWC,twc_angle_gap,50999,40.41125198098257,0.008713022404816001,1000
C,Paired views + corrected TWC,twc_angle_gap,51999,41.20364500792393,0.008745813312008978,1000
C,Paired views + corrected TWC,twc_angle_gap,52999,41.99603803486529,0.008631139505421742,1000
C,Paired views + corrected TWC,twc_angle_gap,53999,42.788431061806655,0.008598537772893905,1000
C,Paired views + corrected TWC,twc_angle_gap,54999,43.58082408874802,0.008672888899222016,1000
C,Paired views + corrected TWC,twc_angle_gap,55999,44.37321711568938,0.008549702871125192,1000
C,Paired views + corrected TWC,twc_angle_gap,56999,45.16561014263075,0.008661280733998866,1000
C,Paired views + corrected TWC,twc_angle_gap,57999,45.95800316957211,0.008587378170341253,1000
C,Paired views + corrected TWC,twc_angle_gap,58999,46.75039619651347,0.008618524588644505,1000
C,Paired views + corrected TWC,twc_angle_gap,59999,47.54278922345483,0.008664341959636659,1000
C,Paired views + corrected TWC,twc_angle_gap,60999,48.335182250396194,0.008428799815010279,1000
C,Paired views + corrected TWC,twc_angle_gap,61999,49.12757527733756,0.008533880727132782,1000
C,Paired views + corrected TWC,twc_angle_gap,62999,49.919968304278925,0.008413197237998247,1000
C,Paired views + corrected TWC,twc_angle_gap,63999,50.712361331220286,0.008492123322095722,1000
C,Paired views + corrected TWC,twc_angle_gap,64999,51.50475435816165,0.008565865052165464,1000
C,Paired views + corrected TWC,twc_angle_gap,65999,52.29714738510301,0.008455881907138973,1000
C,Paired views + corrected TWC,twc_angle_gap,66999,53.08954041204437,0.008494313208153472,1000
C,Paired views + corrected TWC,twc_angle_gap,67999,53.88193343898574,0.00873147947061807,1000
C,Paired views + corrected TWC,twc_angle_gap,68999,54.6743264659271,0.008561784281162546,1000
C,Paired views + corrected TWC,twc_angle_gap,69999,55.466719492868464,0.008577415375271812,1000
C,Paired views + corrected TWC,twc_angle_gap,70999,56.259112519809825,0.008719525115797296,1000
C,Paired views + corrected TWC,twc_angle_gap,71999,57.05150554675119,0.00837518727965653,1000
C,Paired views + corrected TWC,twc_angle_gap,72999,57.84389857369255,0.008630061691626906,1000
C,Paired views + corrected TWC,twc_angle_gap,73999,58.63629160063392,0.008443561219610273,1000
C,Paired views + corrected TWC,twc_angle_gap,74999,59.42868462757528,0.008624930656747893,1000
C,Paired views + corrected TWC,twc_angle_gap,75719,59.99920760697306,0.008464524823163325,720
C,Paired views + corrected TWC,twc_anchor_gap_max,999,0.7916006339144216,0.0,1000
C,Paired views + corrected TWC,twc_anchor_gap_max,1999,1.5839936608557845,0.0,1000
C,Paired views + corrected TWC,twc_anchor_gap_max,2999,2.3763866877971473,0.0,1000
C,Paired views + corrected TWC,twc_anchor_gap_max,3999,3.1687797147385104,0.0,1000
C,Paired views + corrected TWC,twc_anchor_gap_max,4999,3.9611727416798734,0.0,1000
C,Paired views + corrected TWC,twc_anchor_gap_max,5999,4.753565768621236,0.0,1000
C,Paired views + corrected TWC,twc_anchor_gap_max,6999,5.545958795562599,0.0,1000
C,Paired views + corrected TWC,twc_anchor_gap_max,7999,6.338351822503962,0.0,1000
C,Paired views + corrected TWC,twc_anchor_gap_max,8999,7.130744849445325,0.0,1000
C,Paired views + corrected TWC,twc_anchor_gap_max,9999,7.923137876386688,0.0,1000
C,Paired views + corrected TWC,twc_anchor_gap_max,10999,8.71553090332805,0.0,1000
C,Paired views + corrected TWC,twc_anchor_gap_max,11999,9.507923930269413,0.0,1000
C,Paired views + corrected TWC,twc_anchor_gap_max,12999,10.300316957210777,0.0,1000
C,Paired views + corrected TWC,twc_anchor_gap_max,13999,11.092709984152139,0.0,1000
C,Paired views + corrected TWC,twc_anchor_gap_max,14999,11.885103011093502,0.0,1000
C,Paired views + corrected TWC,twc_anchor_gap_max,15999,12.677496038034866,0.0,1000
C,Paired views + corrected TWC,twc_anchor_gap_max,16999,13.469889064976229,0.0,1000
C,Paired views + corrected TWC,twc_anchor_gap_max,17999,14.26228209191759,0.0,1000
C,Paired views + corrected TWC,twc_anchor_gap_max,18999,15.054675118858954,0.0,1000
C,Paired views + corrected TWC,twc_anchor_gap_max,19999,15.847068145800318,0.0,1000
C,Paired views + corrected TWC,twc_anchor_gap_max,20999,16.63946117274168,0.0,1000
C,Paired views + corrected TWC,twc_anchor_gap_max,21999,17.43185419968304,0.0,1000
C,Paired views + corrected TWC,twc_anchor_gap_max,22999,18.224247226624406,0.0,1000
C,Paired views + corrected TWC,twc_anchor_gap_max,23999,19.016640253565768,0.0,1000
C,Paired views + corrected TWC,twc_anchor_gap_max,24999,19.80903328050713,0.0,1000
C,Paired views + corrected TWC,twc_anchor_gap_max,25999,20.601426307448495,0.0,1000
C,Paired views + corrected TWC,twc_anchor_gap_max,26999,21.393819334389857,0.0,1000
C,Paired views + corrected TWC,twc_anchor_gap_max,27999,22.18621236133122,0.0,1000
C,Paired views + corrected TWC,twc_anchor_gap_max,28999,22.978605388272584,0.0,1000
C,Paired views + corrected TWC,twc_anchor_gap_max,29999,23.770998415213946,0.0,1000
C,Paired views + corrected TWC,twc_anchor_gap_max,30999,24.56339144215531,0.0,1000
C,Paired views + corrected TWC,twc_anchor_gap_max,31999,25.355784469096672,0.0,1000
C,Paired views + corrected TWC,twc_anchor_gap_max,32999,26.148177496038034,0.0,1000
C,Paired views + corrected TWC,twc_anchor_gap_max,33999,26.9405705229794,0.0,1000
C,Paired views + corrected TWC,twc_anchor_gap_max,34999,27.73296354992076,0.0,1000
C,Paired views + corrected TWC,twc_anchor_gap_max,35999,28.525356576862123,0.0,1000
C,Paired views + corrected TWC,twc_anchor_gap_max,36999,29.317749603803488,0.0,1000
C,Paired views + corrected TWC,twc_anchor_gap_max,37999,30.11014263074485,0.0,1000
C,Paired views + corrected TWC,twc_anchor_gap_max,38999,30.90253565768621,0.0,1000
C,Paired views + corrected TWC,twc_anchor_gap_max,39999,31.694928684627577,0.0,1000
C,Paired views + corrected TWC,twc_anchor_gap_max,40999,32.48732171156894,0.0,1000
C,Paired views + corrected TWC,twc_anchor_gap_max,41999,33.2797147385103,0.0,1000
C,Paired views + corrected TWC,twc_anchor_gap_max,42999,34.07210776545166,0.0,1000
C,Paired views + corrected TWC,twc_anchor_gap_max,43999,34.864500792393024,0.0,1000
C,Paired views + corrected TWC,twc_anchor_gap_max,44999,35.65689381933439,0.0,1000
C,Paired views + corrected TWC,twc_anchor_gap_max,45999,36.449286846275754,0.0,1000
C,Paired views + corrected TWC,twc_anchor_gap_max,46999,37.241679873217116,0.0,1000
C,Paired views + corrected TWC,twc_anchor_gap_max,47999,38.03407290015848,0.0,1000
C,Paired views + corrected TWC,twc_anchor_gap_max,48999,38.82646592709984,0.0,1000
C,Paired views + corrected TWC,twc_anchor_gap_max,49999,39.6188589540412,0.0,1000
C,Paired views + corrected TWC,twc_anchor_gap_max,50999,40.41125198098257,0.0,1000
C,Paired views + corrected TWC,twc_anchor_gap_max,51999,41.20364500792393,0.0,1000
C,Paired views + corrected TWC,twc_anchor_gap_max,52999,41.99603803486529,0.0,1000
C,Paired views + corrected TWC,twc_anchor_gap_max,53999,42.788431061806655,0.0,1000
C,Paired views + corrected TWC,twc_anchor_gap_max,54999,43.58082408874802,0.0,1000
C,Paired views + corrected TWC,twc_anchor_gap_max,55999,44.37321711568938,0.0,1000
C,Paired views + corrected TWC,twc_anchor_gap_max,56999,45.16561014263075,0.0,1000
C,Paired views + corrected TWC,twc_anchor_gap_max,57999,45.95800316957211,0.0,1000
C,Paired views + corrected TWC,twc_anchor_gap_max,58999,46.75039619651347,0.0,1000
C,Paired views + corrected TWC,twc_anchor_gap_max,59999,47.54278922345483,0.0,1000
C,Paired views + corrected TWC,twc_anchor_gap_max,60999,48.335182250396194,0.0,1000
C,Paired views + corrected TWC,twc_anchor_gap_max,61999,49.12757527733756,0.0,1000
C,Paired views + corrected TWC,twc_anchor_gap_max,62999,49.919968304278925,0.0,1000
C,Paired views + corrected TWC,twc_anchor_gap_max,63999,50.712361331220286,0.0,1000
C,Paired views + corrected TWC,twc_anchor_gap_max,64999,51.50475435816165,0.0,1000
C,Paired views + corrected TWC,twc_anchor_gap_max,65999,52.29714738510301,0.0,1000
C,Paired views + corrected TWC,twc_anchor_gap_max,66999,53.08954041204437,0.0,1000
C,Paired views + corrected TWC,twc_anchor_gap_max,67999,53.88193343898574,0.0,1000
C,Paired views + corrected TWC,twc_anchor_gap_max,68999,54.6743264659271,0.0,1000
C,Paired views + corrected TWC,twc_anchor_gap_max,69999,55.466719492868464,0.0,1000
C,Paired views + corrected TWC,twc_anchor_gap_max,70999,56.259112519809825,0.0,1000
C,Paired views + corrected TWC,twc_anchor_gap_max,71999,57.05150554675119,0.0,1000
C,Paired views + corrected TWC,twc_anchor_gap_max,72999,57.84389857369255,0.0,1000
C,Paired views + corrected TWC,twc_anchor_gap_max,73999,58.63629160063392,0.0,1000
C,Paired views + corrected TWC,twc_anchor_gap_max,74999,59.42868462757528,0.0,1000
C,Paired views + corrected TWC,twc_anchor_gap_max,75719,59.99920760697306,0.0,720
C,Paired views + corrected TWC,twc_current_point_gap_max,999,0.7916006339144216,0.0,1000
C,Paired views + corrected TWC,twc_current_point_gap_max,1999,1.5839936608557845,0.0,1000
C,Paired views + corrected TWC,twc_current_point_gap_max,2999,2.3763866877971473,0.0,1000
C,Paired views + corrected TWC,twc_current_point_gap_max,3999,3.1687797147385104,0.0,1000
C,Paired views + corrected TWC,twc_current_point_gap_max,4999,3.9611727416798734,0.0,1000
C,Paired views + corrected TWC,twc_current_point_gap_max,5999,4.753565768621236,0.0,1000
C,Paired views + corrected TWC,twc_current_point_gap_max,6999,5.545958795562599,0.0,1000
C,Paired views + corrected TWC,twc_current_point_gap_max,7999,6.338351822503962,0.0,1000
C,Paired views + corrected TWC,twc_current_point_gap_max,8999,7.130744849445325,0.0,1000
C,Paired views + corrected TWC,twc_current_point_gap_max,9999,7.923137876386688,0.0,1000
C,Paired views + corrected TWC,twc_current_point_gap_max,10999,8.71553090332805,0.0,1000
C,Paired views + corrected TWC,twc_current_point_gap_max,11999,9.507923930269413,0.0,1000
C,Paired views + corrected TWC,twc_current_point_gap_max,12999,10.300316957210777,0.0,1000
C,Paired views + corrected TWC,twc_current_point_gap_max,13999,11.092709984152139,0.0,1000
C,Paired views + corrected TWC,twc_current_point_gap_max,14999,11.885103011093502,0.0,1000
C,Paired views + corrected TWC,twc_current_point_gap_max,15999,12.677496038034866,0.0,1000
C,Paired views + corrected TWC,twc_current_point_gap_max,16999,13.469889064976229,0.0,1000
C,Paired views + corrected TWC,twc_current_point_gap_max,17999,14.26228209191759,0.0,1000
C,Paired views + corrected TWC,twc_current_point_gap_max,18999,15.054675118858954,0.0,1000
C,Paired views + corrected TWC,twc_current_point_gap_max,19999,15.847068145800318,0.0,1000
C,Paired views + corrected TWC,twc_current_point_gap_max,20999,16.63946117274168,0.0,1000
C,Paired views + corrected TWC,twc_current_point_gap_max,21999,17.43185419968304,0.0,1000
C,Paired views + corrected TWC,twc_current_point_gap_max,22999,18.224247226624406,0.0,1000
C,Paired views + corrected TWC,twc_current_point_gap_max,23999,19.016640253565768,0.0,1000
C,Paired views + corrected TWC,twc_current_point_gap_max,24999,19.80903328050713,0.0,1000
C,Paired views + corrected TWC,twc_current_point_gap_max,25999,20.601426307448495,0.0,1000
C,Paired views + corrected TWC,twc_current_point_gap_max,26999,21.393819334389857,0.0,1000
C,Paired views + corrected TWC,twc_current_point_gap_max,27999,22.18621236133122,0.0,1000
C,Paired views + corrected TWC,twc_current_point_gap_max,28999,22.978605388272584,0.0,1000
C,Paired views + corrected TWC,twc_current_point_gap_max,29999,23.770998415213946,0.0,1000
C,Paired views + corrected TWC,twc_current_point_gap_max,30999,24.56339144215531,0.0,1000
C,Paired views + corrected TWC,twc_current_point_gap_max,31999,25.355784469096672,0.0,1000
C,Paired views + corrected TWC,twc_current_point_gap_max,32999,26.148177496038034,0.0,1000
C,Paired views + corrected TWC,twc_current_point_gap_max,33999,26.9405705229794,0.0,1000
C,Paired views + corrected TWC,twc_current_point_gap_max,34999,27.73296354992076,0.0,1000
C,Paired views + corrected TWC,twc_current_point_gap_max,35999,28.525356576862123,0.0,1000
C,Paired views + corrected TWC,twc_current_point_gap_max,36999,29.317749603803488,0.0,1000
C,Paired views + corrected TWC,twc_current_point_gap_max,37999,30.11014263074485,0.0,1000
C,Paired views + corrected TWC,twc_current_point_gap_max,38999,30.90253565768621,0.0,1000
C,Paired views + corrected TWC,twc_current_point_gap_max,39999,31.694928684627577,0.0,1000
C,Paired views + corrected TWC,twc_current_point_gap_max,40999,32.48732171156894,0.0,1000
C,Paired views + corrected TWC,twc_current_point_gap_max,41999,33.2797147385103,0.0,1000
C,Paired views + corrected TWC,twc_current_point_gap_max,42999,34.07210776545166,0.0,1000
C,Paired views + corrected TWC,twc_current_point_gap_max,43999,34.864500792393024,0.0,1000
C,Paired views + corrected TWC,twc_current_point_gap_max,44999,35.65689381933439,0.0,1000
C,Paired views + corrected TWC,twc_current_point_gap_max,45999,36.449286846275754,0.0,1000
C,Paired views + corrected TWC,twc_current_point_gap_max,46999,37.241679873217116,0.0,1000
C,Paired views + corrected TWC,twc_current_point_gap_max,47999,38.03407290015848,0.0,1000
C,Paired views + corrected TWC,twc_current_point_gap_max,48999,38.82646592709984,0.0,1000
C,Paired views + corrected TWC,twc_current_point_gap_max,49999,39.6188589540412,0.0,1000
C,Paired views + corrected TWC,twc_current_point_gap_max,50999,40.41125198098257,0.0,1000
C,Paired views + corrected TWC,twc_current_point_gap_max,51999,41.20364500792393,0.0,1000
C,Paired views + corrected TWC,twc_current_point_gap_max,52999,41.99603803486529,0.0,1000
C,Paired views + corrected TWC,twc_current_point_gap_max,53999,42.788431061806655,0.0,1000
C,Paired views + corrected TWC,twc_current_point_gap_max,54999,43.58082408874802,0.0,1000
C,Paired views + corrected TWC,twc_current_point_gap_max,55999,44.37321711568938,0.0,1000
C,Paired views + corrected TWC,twc_current_point_gap_max,56999,45.16561014263075,0.0,1000
C,Paired views + corrected TWC,twc_current_point_gap_max,57999,45.95800316957211,0.0,1000
C,Paired views + corrected TWC,twc_current_point_gap_max,58999,46.75039619651347,0.0,1000
C,Paired views + corrected TWC,twc_current_point_gap_max,59999,47.54278922345483,0.0,1000
C,Paired views + corrected TWC,twc_current_point_gap_max,60999,48.335182250396194,0.0,1000
C,Paired views + corrected TWC,twc_current_point_gap_max,61999,49.12757527733756,0.0,1000
C,Paired views + corrected TWC,twc_current_point_gap_max,62999,49.919968304278925,0.0,1000
C,Paired views + corrected TWC,twc_current_point_gap_max,63999,50.712361331220286,0.0,1000
C,Paired views + corrected TWC,twc_current_point_gap_max,64999,51.50475435816165,0.0,1000
C,Paired views + corrected TWC,twc_current_point_gap_max,65999,52.29714738510301,0.0,1000
C,Paired views + corrected TWC,twc_current_point_gap_max,66999,53.08954041204437,0.0,1000
C,Paired views + corrected TWC,twc_current_point_gap_max,67999,53.88193343898574,0.0,1000
C,Paired views + corrected TWC,twc_current_point_gap_max,68999,54.6743264659271,0.0,1000
C,Paired views + corrected TWC,twc_current_point_gap_max,69999,55.466719492868464,0.0,1000
C,Paired views + corrected TWC,twc_current_point_gap_max,70999,56.259112519809825,0.0,1000
C,Paired views + corrected TWC,twc_current_point_gap_max,71999,57.05150554675119,0.0,1000
C,Paired views + corrected TWC,twc_current_point_gap_max,72999,57.84389857369255,0.0,1000
C,Paired views + corrected TWC,twc_current_point_gap_max,73999,58.63629160063392,0.0,1000
C,Paired views + corrected TWC,twc_current_point_gap_max,74999,59.42868462757528,0.0,1000
C,Paired views + corrected TWC,twc_current_point_gap_max,75719,59.99920760697306,0.0,720
C,Paired views + corrected TWC,loss_total,999,0.7916006339144216,5.0022059259414675,1000
C,Paired views + corrected TWC,loss_total,1999,1.5839936608557845,2.3582118579149247,1000
C,Paired views + corrected TWC,loss_total,2999,2.3763866877971473,1.495177466750145,1000
C,Paired views + corrected TWC,loss_total,3999,3.1687797147385104,1.18773927628994,1000
C,Paired views + corrected TWC,loss_total,4999,3.9611727416798734,1.0193102368712426,1000
C,Paired views + corrected TWC,loss_total,5999,4.753565768621236,0.94860259526968,1000
C,Paired views + corrected TWC,loss_total,6999,5.545958795562599,0.8515366523265838,1000
C,Paired views + corrected TWC,loss_total,7999,6.338351822503962,0.8064762258082628,1000
C,Paired views + corrected TWC,loss_total,8999,7.130744849445325,0.7608737580776215,1000
C,Paired views + corrected TWC,loss_total,9999,7.923137876386688,0.710751819998026,1000
C,Paired views + corrected TWC,loss_total,10999,8.71553090332805,0.6729892060160637,1000
C,Paired views + corrected TWC,loss_total,11999,9.507923930269413,0.6363058548271656,1000
C,Paired views + corrected TWC,loss_total,12999,10.300316957210777,0.5830282585620881,1000
C,Paired views + corrected TWC,loss_total,13999,11.092709984152139,0.5692077566832304,1000
C,Paired views + corrected TWC,loss_total,14999,11.885103011093502,0.5737902151197195,1000
C,Paired views + corrected TWC,loss_total,15999,12.677496038034866,0.5514378514587879,1000
C,Paired views + corrected TWC,loss_total,16999,13.469889064976229,0.5381367296874523,1000
C,Paired views + corrected TWC,loss_total,17999,14.26228209191759,0.5229660448133946,1000
C,Paired views + corrected TWC,loss_total,18999,15.054675118858954,0.4767150458097458,1000
C,Paired views + corrected TWC,loss_total,19999,15.847068145800318,0.48977145010232925,1000
C,Paired views + corrected TWC,loss_total,20999,16.63946117274168,0.4364904759451747,1000
C,Paired views + corrected TWC,loss_total,21999,17.43185419968304,0.4818185697942972,1000
C,Paired views + corrected TWC,loss_total,22999,18.224247226624406,0.44400548295676706,1000
C,Paired views + corrected TWC,loss_total,23999,19.016640253565768,0.4304117581397295,1000
C,Paired views + corrected TWC,loss_total,24999,19.80903328050713,0.4204678582251072,1000
C,Paired views + corrected TWC,loss_total,25999,20.601426307448495,0.3752070891559124,1000
C,Paired views + corrected TWC,loss_total,26999,21.393819334389857,0.33025336656719445,1000
C,Paired views + corrected TWC,loss_total,27999,22.18621236133122,0.3109880966991186,1000
C,Paired views + corrected TWC,loss_total,28999,22.978605388272584,0.3136215728521347,1000
C,Paired views + corrected TWC,loss_total,29999,23.770998415213946,0.3069262200668454,1000
C,Paired views + corrected TWC,loss_total,30999,24.56339144215531,0.30624090851843355,1000
C,Paired views + corrected TWC,loss_total,31999,25.355784469096672,0.28996903873234986,1000
C,Paired views + corrected TWC,loss_total,32999,26.148177496038034,0.30039312516897915,1000
C,Paired views + corrected TWC,loss_total,33999,26.9405705229794,0.30330156445503237,1000
C,Paired views + corrected TWC,loss_total,34999,27.73296354992076,0.28469931226968764,1000
C,Paired views + corrected TWC,loss_total,35999,28.525356576862123,0.28557011249661446,1000
C,Paired views + corrected TWC,loss_total,36999,29.317749603803488,0.2808761183544993,1000
C,Paired views + corrected TWC,loss_total,37999,30.11014263074485,0.2789974688142538,1000
C,Paired views + corrected TWC,loss_total,38999,30.90253565768621,0.2811711193844676,1000
C,Paired views + corrected TWC,loss_total,39999,31.694928684627577,0.27852642442286013,1000
C,Paired views + corrected TWC,loss_total,40999,32.48732171156894,0.2591482104808092,1000
C,Paired views + corrected TWC,loss_total,41999,33.2797147385103,0.2762752529159188,1000
C,Paired views + corrected TWC,loss_total,42999,34.07210776545166,0.2634575605988502,1000
C,Paired views + corrected TWC,loss_total,43999,34.864500792393024,0.26966458959877493,1000
C,Paired views + corrected TWC,loss_total,44999,35.65689381933439,0.2648100745677948,1000
C,Paired views + corrected TWC,loss_total,45999,36.449286846275754,0.2649995039328933,1000
C,Paired views + corrected TWC,loss_total,46999,37.241679873217116,0.2631504970416427,1000
C,Paired views + corrected TWC,loss_total,47999,38.03407290015848,0.26632197070866825,1000
C,Paired views + corrected TWC,loss_total,48999,38.82646592709984,0.2579280407652259,1000
C,Paired views + corrected TWC,loss_total,49999,39.6188589540412,0.2604033075645566,1000
C,Paired views + corrected TWC,loss_total,50999,40.41125198098257,0.2491694615110755,1000
C,Paired views + corrected TWC,loss_total,51999,41.20364500792393,0.255281325340271,1000
C,Paired views + corrected TWC,loss_total,52999,41.99603803486529,0.24447694677114487,1000
C,Paired views + corrected TWC,loss_total,53999,42.788431061806655,0.2594454767331481,1000
C,Paired views + corrected TWC,loss_total,54999,43.58082408874802,0.2560053616389632,1000
C,Paired views + corrected TWC,loss_total,55999,44.37321711568938,0.2508632128089666,1000
C,Paired views + corrected TWC,loss_total,56999,45.16561014263075,0.24437233509123327,1000
C,Paired views + corrected TWC,loss_total,57999,45.95800316957211,0.24917516127228737,1000
C,Paired views + corrected TWC,loss_total,58999,46.75039619651347,0.24704324930906296,1000
C,Paired views + corrected TWC,loss_total,59999,47.54278922345483,0.2397107186689973,1000
C,Paired views + corrected TWC,loss_total,60999,48.335182250396194,0.255301174454391,1000
C,Paired views + corrected TWC,loss_total,61999,49.12757527733756,0.2490344135314226,1000
C,Paired views + corrected TWC,loss_total,62999,49.919968304278925,0.2475713572949171,1000
C,Paired views + corrected TWC,loss_total,63999,50.712361331220286,0.24887588181346654,1000
C,Paired views + corrected TWC,loss_total,64999,51.50475435816165,0.24938085986673833,1000
C,Paired views + corrected TWC,loss_total,65999,52.29714738510301,0.243180768199265,1000
C,Paired views + corrected TWC,loss_total,66999,53.08954041204437,0.25503496151417493,1000
C,Paired views + corrected TWC,loss_total,67999,53.88193343898574,0.24486925576627255,1000
C,Paired views + corrected TWC,loss_total,68999,54.6743264659271,0.24394330079108476,1000
C,Paired views + corrected TWC,loss_total,69999,55.466719492868464,0.238768396101892,1000
C,Paired views + corrected TWC,loss_total,70999,56.259112519809825,0.2422838726863265,1000
C,Paired views + corrected TWC,loss_total,71999,57.05150554675119,0.24308823265135288,1000
C,Paired views + corrected TWC,loss_total,72999,57.84389857369255,0.2484893626049161,1000
C,Paired views + corrected TWC,loss_total,73999,58.63629160063392,0.2439690143764019,1000
C,Paired views + corrected TWC,loss_total,74999,59.42868462757528,0.23149377119541167,1000
C,Paired views + corrected TWC,loss_total,75719,59.99920760697306,0.2531087753880355,720
C,Paired views + corrected TWC,loss_total_sup,999,0.7916006339144216,4.990394390106201,1000
C,Paired views + corrected TWC,loss_total_sup,1999,1.5839936608557845,2.3535760607123377,1000
C,Paired views + corrected TWC,loss_total_sup,2999,2.3763866877971473,1.4919426403045655,1000
C,Paired views + corrected TWC,loss_total_sup,3999,3.1687797147385104,1.1850246775746345,1000
C,Paired views + corrected TWC,loss_total_sup,4999,3.9611727416798734,1.0171661719381808,1000
C,Paired views + corrected TWC,loss_total_sup,5999,4.753565768621236,0.9466541371941567,1000
C,Paired views + corrected TWC,loss_total_sup,6999,5.545958795562599,0.849780910640955,1000
C,Paired views + corrected TWC,loss_total_sup,7999,6.338351822503962,0.8049380925297737,1000
C,Paired views + corrected TWC,loss_total_sup,8999,7.130744849445325,0.7594499975442887,1000
C,Paired views + corrected TWC,loss_total_sup,9999,7.923137876386688,0.7095118589401245,1000
C,Paired views + corrected TWC,loss_total_sup,10999,8.71553090332805,0.6716828417778015,1000
C,Paired views + corrected TWC,loss_total_sup,11999,9.507923930269413,0.6351084260642529,1000
C,Paired views + corrected TWC,loss_total_sup,12999,10.300316957210777,0.5818547042161226,1000
C,Paired views + corrected TWC,loss_total_sup,13999,11.092709984152139,0.568204591229558,1000
C,Paired views + corrected TWC,loss_total_sup,14999,11.885103011093502,0.5727370903491974,1000
C,Paired views + corrected TWC,loss_total_sup,15999,12.677496038034866,0.5504412749111652,1000
C,Paired views + corrected TWC,loss_total_sup,16999,13.469889064976229,0.5372581213265657,1000
C,Paired views + corrected TWC,loss_total_sup,17999,14.26228209191759,0.5220752784907818,1000
C,Paired views + corrected TWC,loss_total_sup,18999,15.054675118858954,0.47588377438485624,1000
C,Paired views + corrected TWC,loss_total_sup,19999,15.847068145800318,0.4889517611116171,1000
C,Paired views + corrected TWC,loss_total_sup,20999,16.63946117274168,0.4358267237097025,1000
C,Paired views + corrected TWC,loss_total_sup,21999,17.43185419968304,0.4810880745947361,1000
C,Paired views + corrected TWC,loss_total_sup,22999,18.224247226624406,0.44326836735010144,1000
C,Paired views + corrected TWC,loss_total_sup,23999,19.016640253565768,0.4297358011081815,1000
C,Paired views + corrected TWC,loss_total_sup,24999,19.80903328050713,0.4198074131906033,1000
C,Paired views + corrected TWC,loss_total_sup,25999,20.601426307448495,0.3746558550000191,1000
C,Paired views + corrected TWC,loss_total_sup,26999,21.393819334389857,0.3297344886511564,1000
C,Paired views + corrected TWC,loss_total_sup,27999,22.18621236133122,0.3105851067900658,1000
C,Paired views + corrected TWC,loss_total_sup,28999,22.978605388272584,0.3131870977059007,1000
C,Paired views + corrected TWC,loss_total_sup,29999,23.770998415213946,0.306508675634861,1000
C,Paired views + corrected TWC,loss_total_sup,30999,24.56339144215531,0.30583500227332117,1000
C,Paired views + corrected TWC,loss_total_sup,31999,25.355784469096672,0.28959109288454055,1000
C,Paired views + corrected TWC,loss_total_sup,32999,26.148177496038034,0.2999771965742111,1000
C,Paired views + corrected TWC,loss_total_sup,33999,26.9405705229794,0.30289673382788895,1000
C,Paired views + corrected TWC,loss_total_sup,34999,27.73296354992076,0.28433308473974467,1000
C,Paired views + corrected TWC,loss_total_sup,35999,28.525356576862123,0.2851939788758755,1000
C,Paired views + corrected TWC,loss_total_sup,36999,29.317749603803488,0.2804679896906018,1000
C,Paired views + corrected TWC,loss_total_sup,37999,30.11014263074485,0.27861762814968827,1000
C,Paired views + corrected TWC,loss_total_sup,38999,30.90253565768621,0.2807713461369276,1000
C,Paired views + corrected TWC,loss_total_sup,39999,31.694928684627577,0.2781481738463044,1000
C,Paired views + corrected TWC,loss_total_sup,40999,32.48732171156894,0.25876913798600437,1000
C,Paired views + corrected TWC,loss_total_sup,41999,33.2797147385103,0.27590073315799235,1000
C,Paired views + corrected TWC,loss_total_sup,42999,34.07210776545166,0.2630840779915452,1000
C,Paired views + corrected TWC,loss_total_sup,43999,34.864500792393024,0.26931248874217273,1000
C,Paired views + corrected TWC,loss_total_sup,44999,35.65689381933439,0.26445651085674765,1000
C,Paired views + corrected TWC,loss_total_sup,45999,36.449286846275754,0.2646208908036351,1000
C,Paired views + corrected TWC,loss_total_sup,46999,37.241679873217116,0.26278961888700725,1000
C,Paired views + corrected TWC,loss_total_sup,47999,38.03407290015848,0.26596447552740576,1000
C,Paired views + corrected TWC,loss_total_sup,48999,38.82646592709984,0.25757806938141586,1000
C,Paired views + corrected TWC,loss_total_sup,49999,39.6188589540412,0.26009217046946287,1000
C,Paired views + corrected TWC,loss_total_sup,50999,40.41125198098257,0.24883183737844228,1000
C,Paired views + corrected TWC,loss_total_sup,51999,41.20364500792393,0.25493370452523234,1000
C,Paired views + corrected TWC,loss_total_sup,52999,41.99603803486529,0.24413576533645392,1000
C,Paired views + corrected TWC,loss_total_sup,53999,42.788431061806655,0.2591112097576261,1000
C,Paired views + corrected TWC,loss_total_sup,54999,43.58082408874802,0.2556677930504084,1000
C,Paired views + corrected TWC,loss_total_sup,55999,44.37321711568938,0.2505109441652894,1000
C,Paired views + corrected TWC,loss_total_sup,56999,45.16561014263075,0.2440579002648592,1000
C,Paired views + corrected TWC,loss_total_sup,57999,45.95800316957211,0.24883385257422924,1000
C,Paired views + corrected TWC,loss_total_sup,58999,46.75039619651347,0.2467340626567602,1000
C,Paired views + corrected TWC,loss_total_sup,59999,47.54278922345483,0.23938110134005547,1000
C,Paired views + corrected TWC,loss_total_sup,60999,48.335182250396194,0.25497848603129386,1000
C,Paired views + corrected TWC,loss_total_sup,61999,49.12757527733756,0.24869395104795694,1000
C,Paired views + corrected TWC,loss_total_sup,62999,49.919968304278925,0.24723545479774475,1000
C,Paired views + corrected TWC,loss_total_sup,63999,50.712361331220286,0.24855859854817391,1000
C,Paired views + corrected TWC,loss_total_sup,64999,51.50475435816165,0.24906571961939336,1000
C,Paired views + corrected TWC,loss_total_sup,65999,52.29714738510301,0.24286023868620396,1000
C,Paired views + corrected TWC,loss_total_sup,66999,53.08954041204437,0.2546892573311925,1000
C,Paired views + corrected TWC,loss_total_sup,67999,53.88193343898574,0.24454468661546708,1000
C,Paired views + corrected TWC,loss_total_sup,68999,54.6743264659271,0.24361899873614312,1000
C,Paired views + corrected TWC,loss_total_sup,69999,55.466719492868464,0.23845882871747018,1000
C,Paired views + corrected TWC,loss_total_sup,70999,56.259112519809825,0.2419686689451337,1000
C,Paired views + corrected TWC,loss_total_sup,71999,57.05150554675119,0.2427981786504388,1000
C,Paired views + corrected TWC,loss_total_sup,72999,57.84389857369255,0.248167325258255,1000
C,Paired views + corrected TWC,loss_total_sup,73999,58.63629160063392,0.24365613213926554,1000
C,Paired views + corrected TWC,loss_total_sup,74999,59.42868462757528,0.23117797797173262,1000
C,Paired views + corrected TWC,loss_total_sup,75719,59.99920760697306,0.25277839679684905,720
