device: cuda:0
max_steps: 64
batch_size: 16, workers: 0
use_real_time: True
use_twc: False
use_observability_gate: False
dynamics_motion_mode: residual_limited
dynamics_warmup_epoch: 0
optimizer_step_enabled: False
loaded weights: output/20260531-2322-seqtrack3d_nuscenes_a1_order-ct_a1_order_car_60ep_bs16_gpu1/lightning_logs/version_0/checkpoints/last.ckpt
matched keys: 320/334
selected prefix strip: none
missing keys: 14
unexpected keys: 0
missing key sample: ['dynamics_encoder.per_step_mlp.0.weight', 'dynamics_encoder.per_step_mlp.0.bias', 'dynamics_encoder.per_step_mlp.2.weight', 'dynamics_encoder.per_step_mlp.2.bias', 'dynamics_encoder.global_mlp.0.weight', 'dynamics_encoder.global_mlp.0.bias', 'dynamics_encoder.global_mlp.2.weight', 'dynamics_encoder.global_mlp.2.bias', 'dynamics_encoder.velocity_head.weight', 'dynamics_encoder.velocity_head.bias', 'dynamics_residual_gate.net.0.weight', 'dynamics_residual_gate.net.0.bias']
frozen BatchNorm modules: 28
step=1/64 batch_idx=1 loss_total=0.057286 grad_norm=1.901590 lr=0.00010000
residual obs_err_p50=0.119084 obs_err_p95=0.173920 applied_p50=0.00000007 applied_ratio=1.0000 gate_grad=0.00000000e+00
step=2/64 batch_idx=2 loss_total=0.054255 grad_norm=2.683975 lr=0.00010000
residual obs_err_p50=0.128665 obs_err_p95=0.255206 applied_p50=0.00000007 applied_ratio=1.0000 gate_grad=0.00000000e+00
step=3/64 batch_idx=3 loss_total=0.098803 grad_norm=3.979503 lr=0.00010000
residual obs_err_p50=0.188366 obs_err_p95=0.242126 applied_p50=0.00000008 applied_ratio=1.0000 gate_grad=1.33669523e-08
step=4/64 batch_idx=4 loss_total=0.119207 grad_norm=7.067853 lr=0.00010000
residual obs_err_p50=0.146443 obs_err_p95=0.210869 applied_p50=0.00000007 applied_ratio=1.0000 gate_grad=3.08022108e-08
step=5/64 batch_idx=5 loss_total=0.142887 grad_norm=7.786294 lr=0.00010000
residual obs_err_p50=0.200220 obs_err_p95=0.226737 applied_p50=0.00000007 applied_ratio=1.0000 gate_grad=9.80193998e-09
step=6/64 batch_idx=11 loss_total=0.152343 grad_norm=7.401795 lr=0.00010000
residual obs_err_p50=0.114515 obs_err_p95=0.393918 applied_p50=0.00000006 applied_ratio=1.0000 gate_grad=5.96092454e-09
step=7/64 batch_idx=12 loss_total=0.202749 grad_norm=9.838447 lr=0.00010000
residual obs_err_p50=0.147518 obs_err_p95=0.361828 applied_p50=0.00000005 applied_ratio=1.0000 gate_grad=3.57305287e-10
step=8/64 batch_idx=13 loss_total=0.241649 grad_norm=11.647322 lr=0.00010000
residual obs_err_p50=0.145337 obs_err_p95=0.276439 applied_p50=0.00000005 applied_ratio=1.0000 gate_grad=1.25798371e-08
step=9/64 batch_idx=14 loss_total=0.215603 grad_norm=7.447905 lr=0.00010000
residual obs_err_p50=0.169603 obs_err_p95=0.224355 applied_p50=0.00000005 applied_ratio=1.0000 gate_grad=8.68119677e-09
step=10/64 batch_idx=15 loss_total=0.395926 grad_norm=20.863747 lr=0.00010000
residual obs_err_p50=0.303038 obs_err_p95=0.580068 applied_p50=0.00000005 applied_ratio=1.0000 gate_grad=1.43681721e-08
step=11/64 batch_idx=18 loss_total=0.068709 grad_norm=1.801762 lr=0.00010000
residual obs_err_p50=0.513488 obs_err_p95=1.976415 applied_p50=0.00000007 applied_ratio=1.0000 gate_grad=0.00000000e+00
step=12/64 batch_idx=19 loss_total=0.058296 grad_norm=2.010301 lr=0.00010000
residual obs_err_p50=3.091279 obs_err_p95=6.764083 applied_p50=0.00000007 applied_ratio=1.0000 gate_grad=0.00000000e+00
step=13/64 batch_idx=20 loss_total=0.047568 grad_norm=1.257959 lr=0.00010000
residual obs_err_p50=3.094777 obs_err_p95=5.034863 applied_p50=0.00000007 applied_ratio=1.0000 gate_grad=0.00000000e+00
step=14/64 batch_idx=21 loss_total=0.069040 grad_norm=1.836367 lr=0.00010000
residual obs_err_p50=2.386986 obs_err_p95=4.235635 applied_p50=0.00000007 applied_ratio=1.0000 gate_grad=0.00000000e+00
step=15/64 batch_idx=22 loss_total=0.056519 grad_norm=2.658713 lr=0.00010000
residual obs_err_p50=2.644412 obs_err_p95=5.358109 applied_p50=0.00000008 applied_ratio=1.0000 gate_grad=0.00000000e+00
step=16/64 batch_idx=23 loss_total=0.062114 grad_norm=2.322580 lr=0.00010000
residual obs_err_p50=1.117757 obs_err_p95=2.951407 applied_p50=0.00000007 applied_ratio=1.0000 gate_grad=0.00000000e+00
step=17/64 batch_idx=24 loss_total=0.064954 grad_norm=1.677028 lr=0.00010000
residual obs_err_p50=1.277173 obs_err_p95=3.796703 applied_p50=0.00000007 applied_ratio=1.0000 gate_grad=0.00000000e+00
step=18/64 batch_idx=28 loss_total=0.075439 grad_norm=2.223492 lr=0.00010000
residual obs_err_p50=0.117935 obs_err_p95=0.215889 applied_p50=0.00000007 applied_ratio=1.0000 gate_grad=0.00000000e+00
step=19/64 batch_idx=29 loss_total=0.055251 grad_norm=2.133286 lr=0.00010000
residual obs_err_p50=0.094033 obs_err_p95=0.131927 applied_p50=0.00000007 applied_ratio=1.0000 gate_grad=0.00000000e+00
step=20/64 batch_idx=30 loss_total=0.094858 grad_norm=3.205580 lr=0.00010000
residual obs_err_p50=0.246208 obs_err_p95=1.233048 applied_p50=0.00000007 applied_ratio=1.0000 gate_grad=1.24003296e-08
step=21/64 batch_idx=31 loss_total=0.078748 grad_norm=7.841700 lr=0.00010000
residual obs_err_p50=0.081042 obs_err_p95=0.141216 applied_p50=0.00000007 applied_ratio=1.0000 gate_grad=4.43619874e-10
step=22/64 batch_idx=32 loss_total=0.065355 grad_norm=2.971379 lr=0.00010000
residual obs_err_p50=0.145234 obs_err_p95=1.385880 applied_p50=0.00000007 applied_ratio=1.0000 gate_grad=2.92276012e-09
step=23/64 batch_idx=33 loss_total=0.130902 grad_norm=4.776462 lr=0.00010000
residual obs_err_p50=0.239234 obs_err_p95=0.521288 applied_p50=0.00000008 applied_ratio=1.0000 gate_grad=4.33449766e-08
step=24/64 batch_idx=34 loss_total=0.122876 grad_norm=4.280496 lr=0.00010000
residual obs_err_p50=0.111129 obs_err_p95=0.292227 applied_p50=0.00000007 applied_ratio=1.0000 gate_grad=2.37919234e-08
step=25/64 batch_idx=35 loss_total=0.126162 grad_norm=6.478473 lr=0.00010000
residual obs_err_p50=0.214307 obs_err_p95=0.336477 applied_p50=0.00000007 applied_ratio=1.0000 gate_grad=7.49065612e-09
step=26/64 batch_idx=38 loss_total=0.136822 grad_norm=5.330732 lr=0.00010000
residual obs_err_p50=0.184517 obs_err_p95=0.268381 applied_p50=0.00000007 applied_ratio=1.0000 gate_grad=1.41004640e-08
step=27/64 batch_idx=39 loss_total=0.060730 grad_norm=2.368346 lr=0.00010000
residual obs_err_p50=0.101711 obs_err_p95=2.029527 applied_p50=0.00000007 applied_ratio=1.0000 gate_grad=0.00000000e+00
step=28/64 batch_idx=40 loss_total=0.101184 grad_norm=4.937223 lr=0.00010000
residual obs_err_p50=0.215941 obs_err_p95=0.272253 applied_p50=0.00000008 applied_ratio=1.0000 gate_grad=1.25040541e-08
step=29/64 batch_idx=41 loss_total=0.074601 grad_norm=3.330752 lr=0.00010000
residual obs_err_p50=0.140960 obs_err_p95=0.263729 applied_p50=0.00000007 applied_ratio=1.0000 gate_grad=0.00000000e+00
step=30/64 batch_idx=42 loss_total=0.131062 grad_norm=6.026232 lr=0.00010000
residual obs_err_p50=0.200079 obs_err_p95=0.306619 applied_p50=0.00000007 applied_ratio=1.0000 gate_grad=2.77223333e-08
step=31/64 batch_idx=43 loss_total=0.091660 grad_norm=5.140484 lr=0.00010000
residual obs_err_p50=0.152419 obs_err_p95=0.262887 applied_p50=0.00000007 applied_ratio=1.0000 gate_grad=1.33288833e-08
step=32/64 batch_idx=46 loss_total=0.129150 grad_norm=3.270939 lr=0.00010000
residual obs_err_p50=0.096032 obs_err_p95=0.205723 applied_p50=0.00000005 applied_ratio=1.0000 gate_grad=1.28126900e-08
step=33/64 batch_idx=47 loss_total=0.124642 grad_norm=3.062348 lr=0.00010000
residual obs_err_p50=0.082593 obs_err_p95=0.127669 applied_p50=0.00000005 applied_ratio=1.0000 gate_grad=6.20659715e-09
step=34/64 batch_idx=48 loss_total=0.131623 grad_norm=6.186441 lr=0.00010000
residual obs_err_p50=0.144720 obs_err_p95=0.231401 applied_p50=0.00000006 applied_ratio=1.0000 gate_grad=2.31019398e-08
step=35/64 batch_idx=49 loss_total=0.133876 grad_norm=9.194853 lr=0.00010000
residual obs_err_p50=0.101799 obs_err_p95=0.245229 applied_p50=0.00000006 applied_ratio=1.0000 gate_grad=1.93544771e-08
step=36/64 batch_idx=50 loss_total=0.126270 grad_norm=7.952546 lr=0.00010000
residual obs_err_p50=0.107642 obs_err_p95=0.246519 applied_p50=0.00000006 applied_ratio=1.0000 gate_grad=6.83443344e-09
step=37/64 batch_idx=51 loss_total=0.139330 grad_norm=6.738709 lr=0.00010000
residual obs_err_p50=0.154007 obs_err_p95=0.273378 applied_p50=0.00000006 applied_ratio=1.0000 gate_grad=3.08608510e-08
step=38/64 batch_idx=52 loss_total=0.151232 grad_norm=6.756052 lr=0.00010000
residual obs_err_p50=0.124214 obs_err_p95=0.223649 applied_p50=0.00000006 applied_ratio=1.0000 gate_grad=7.69037906e-09
step=39/64 batch_idx=53 loss_total=0.138867 grad_norm=7.701975 lr=0.00010000
residual obs_err_p50=0.128500 obs_err_p95=0.212358 applied_p50=0.00000006 applied_ratio=1.0000 gate_grad=4.69967883e-08
step=40/64 batch_idx=56 loss_total=0.357708 grad_norm=19.918456 lr=0.00010000
residual obs_err_p50=0.177335 obs_err_p95=0.555985 applied_p50=0.00000005 applied_ratio=1.0000 gate_grad=4.18197468e-09
step=41/64 batch_idx=60 loss_total=0.105266 grad_norm=6.042293 lr=0.00010000
residual obs_err_p50=0.968937 obs_err_p95=1.159945 applied_p50=0.00000007 applied_ratio=1.0000 gate_grad=2.42645840e-08
step=42/64 batch_idx=65 loss_total=0.071761 grad_norm=2.238956 lr=0.00010000
residual obs_err_p50=0.258390 obs_err_p95=0.392198 applied_p50=0.00000008 applied_ratio=1.0000 gate_grad=0.00000000e+00
step=43/64 batch_idx=66 loss_total=0.044519 grad_norm=1.310714 lr=0.00010000
residual obs_err_p50=0.397993 obs_err_p95=1.030095 applied_p50=0.00000007 applied_ratio=1.0000 gate_grad=0.00000000e+00
step=44/64 batch_idx=67 loss_total=0.050557 grad_norm=2.130768 lr=0.00010000
residual obs_err_p50=0.870191 obs_err_p95=3.751647 applied_p50=0.00000007 applied_ratio=1.0000 gate_grad=0.00000000e+00
step=45/64 batch_idx=68 loss_total=0.047737 grad_norm=2.230225 lr=0.00010000
residual obs_err_p50=0.273551 obs_err_p95=1.667759 applied_p50=0.00000008 applied_ratio=1.0000 gate_grad=0.00000000e+00
step=46/64 batch_idx=69 loss_total=0.068820 grad_norm=1.542578 lr=0.00010000
residual obs_err_p50=0.125591 obs_err_p95=1.093251 applied_p50=0.00000007 applied_ratio=1.0000 gate_grad=0.00000000e+00
step=47/64 batch_idx=70 loss_total=0.061937 grad_norm=1.674478 lr=0.00010000
residual obs_err_p50=3.292395 obs_err_p95=5.408995 applied_p50=0.00000008 applied_ratio=1.0000 gate_grad=0.00000000e+00
step=48/64 batch_idx=72 loss_total=0.048954 grad_norm=1.721272 lr=0.00010000
residual obs_err_p50=0.298166 obs_err_p95=0.806400 applied_p50=0.00000008 applied_ratio=1.0000 gate_grad=0.00000000e+00
step=49/64 batch_idx=73 loss_total=0.059516 grad_norm=2.331669 lr=0.00010000
residual obs_err_p50=0.342983 obs_err_p95=0.623618 applied_p50=0.00000007 applied_ratio=1.0000 gate_grad=0.00000000e+00
step=50/64 batch_idx=74 loss_total=0.136367 grad_norm=7.191202 lr=0.00010000
residual obs_err_p50=0.267085 obs_err_p95=0.589746 applied_p50=0.00000008 applied_ratio=1.0000 gate_grad=3.85506246e-08
step=51/64 batch_idx=75 loss_total=0.061980 grad_norm=2.290569 lr=0.00010000
residual obs_err_p50=0.181854 obs_err_p95=0.485767 applied_p50=0.00000007 applied_ratio=1.0000 gate_grad=0.00000000e+00
step=52/64 batch_idx=76 loss_total=0.063929 grad_norm=2.274028 lr=0.00010000
residual obs_err_p50=1.084041 obs_err_p95=3.557944 applied_p50=0.00000007 applied_ratio=1.0000 gate_grad=0.00000000e+00
step=53/64 batch_idx=77 loss_total=0.067761 grad_norm=2.283587 lr=0.00010000
residual obs_err_p50=0.645670 obs_err_p95=1.820177 applied_p50=0.00000007 applied_ratio=1.0000 gate_grad=0.00000000e+00
step=54/64 batch_idx=78 loss_total=0.054796 grad_norm=1.810287 lr=0.00010000
residual obs_err_p50=0.143332 obs_err_p95=0.301548 applied_p50=0.00000007 applied_ratio=1.0000 gate_grad=0.00000000e+00
step=55/64 batch_idx=79 loss_total=0.064490 grad_norm=2.919414 lr=0.00010000
residual obs_err_p50=0.207895 obs_err_p95=0.299352 applied_p50=0.00000008 applied_ratio=1.0000 gate_grad=0.00000000e+00
step=56/64 batch_idx=83 loss_total=0.087293 grad_norm=4.717870 lr=0.00010000
residual obs_err_p50=0.134976 obs_err_p95=0.438751 applied_p50=0.00000007 applied_ratio=1.0000 gate_grad=4.73372385e-08
step=57/64 batch_idx=85 loss_total=0.051620 grad_norm=3.440236 lr=0.00010000
residual obs_err_p50=0.105248 obs_err_p95=0.388376 applied_p50=0.00000007 applied_ratio=1.0000 gate_grad=0.00000000e+00
step=58/64 batch_idx=88 loss_total=0.073955 grad_norm=1.794347 lr=0.00010000
residual obs_err_p50=1.153983 obs_err_p95=3.864462 applied_p50=0.00000007 applied_ratio=1.0000 gate_grad=0.00000000e+00
step=59/64 batch_idx=89 loss_total=0.130410 grad_norm=8.487791 lr=0.00010000
residual obs_err_p50=3.712642 obs_err_p95=5.955717 applied_p50=0.00000007 applied_ratio=1.0000 gate_grad=3.86047829e-09
step=60/64 batch_idx=90 loss_total=0.111266 grad_norm=6.806447 lr=0.00010000
residual obs_err_p50=0.483011 obs_err_p95=5.120192 applied_p50=0.00000007 applied_ratio=1.0000 gate_grad=1.15562181e-08
step=61/64 batch_idx=91 loss_total=0.066382 grad_norm=1.987081 lr=0.00010000
residual obs_err_p50=2.649505 obs_err_p95=3.942239 applied_p50=0.00000007 applied_ratio=1.0000 gate_grad=0.00000000e+00
step=62/64 batch_idx=93 loss_total=0.145030 grad_norm=6.737708 lr=0.00010000
residual obs_err_p50=0.420428 obs_err_p95=5.828559 applied_p50=0.00000007 applied_ratio=1.0000 gate_grad=4.16718622e-09
step=63/64 batch_idx=94 loss_total=0.066654 grad_norm=1.611796 lr=0.00010000
residual obs_err_p50=2.499159 obs_err_p95=3.834744 applied_p50=0.00000007 applied_ratio=1.0000 gate_grad=0.00000000e+00
step=64/64 batch_idx=97 loss_total=0.054376 grad_norm=1.286067 lr=0.00010000
residual obs_err_p50=3.164242 obs_err_p95=4.769236 applied_p50=0.00000007 applied_ratio=1.0000 gate_grad=0.00000000e+00
finished train-step check
loss log: output/diagnostics/p0a_standard_active.jsonl
successful-step checkpoint saving: disabled
{
  "observation_error_norm": {
    "count": 1024,
    "mean": 0.7547607421875,
    "min": 0.004737097769975662,
    "p25": 0.11799374222755432,
    "p50": 0.212583988904953,
    "p75": 0.5770992040634155,
    "p95": 3.8379874229431152,
    "max": 7.519185543060303
  },
  "dynamics_error_norm": {
    "count": 1024,
    "mean": 0.6042286157608032,
    "min": 0.015032562427222729,
    "p25": 0.03561573848128319,
    "p50": 0.05286895111203194,
    "p75": 0.23833924531936646,
    "p95": 3.3924543857574463,
    "max": 6.1613616943359375
  },
  "observation_dynamics_gap_norm": {
    "count": 1024,
    "mean": 1.236837387084961,
    "min": 0.012995662167668343,
    "p25": 0.12530454993247986,
    "p50": 0.46749573945999146,
    "p75": 1.8280872106552124,
    "p95": 4.328945159912109,
    "max": 7.501514911651611
  },
  "target_motion_norm": {
    "count": 1024,
    "mean": 0.5952008366584778,
    "min": 0.0,
    "p25": 0.020736441016197205,
    "p50": 0.04933618754148483,
    "p75": 0.21251118183135986,
    "p95": 3.3952388763427734,
    "max": 6.1538801193237305
  },
  "alpha": {
    "count": 1024,
    "mean": 2.0000004951725714e-05,
    "min": 1.9999999494757503e-05,
    "p25": 1.9999999494757503e-05,
    "p50": 1.9999999494757503e-05,
    "p75": 1.9999999494757503e-05,
    "p95": 1.9999999494757503e-05,
    "max": 1.9999999494757503e-05
  },
  "applied_residual_norm": {
    "count": 1024,
    "mean": 6.938633134723204e-08,
    "min": 4.4222819184369655e-08,
    "p25": 6.50240892241527e-08,
    "p50": 7.246751465572743e-08,
    "p75": 7.535095392086077e-08,
    "p95": 8.245225302516701e-08,
    "max": 9.027877467815415e-08
  },
  "raw_dynamics_norm": {
    "count": 1024,
    "mean": 0.0346931628882885,
    "min": 0.02211141027510166,
    "p25": 0.03251204639673233,
    "p50": 0.03623375669121742,
    "p75": 0.03767547383904457,
    "p95": 0.04122612625360489,
    "max": 0.04513939097523689
  },
  "clamped_dynamics_norm": {
    "count": 1024,
    "mean": 0.0346931628882885,
    "min": 0.02211141027510166,
    "p25": 0.03251204639673233,
    "p50": 0.03623375669121742,
    "p75": 0.03767547383904457,
    "p95": 0.04122612625360489,
    "max": 0.04513939097523689
  },
  "applied_mask": {
    "count": 1024,
    "mean": 1.0,
    "min": 1.0,
    "p25": 1.0,
    "p50": 1.0,
    "p75": 1.0,
    "p95": 1.0,
    "max": 1.0
  },
  "clamp_mask": {
    "count": 1024,
    "mean": 0.0,
    "min": 0.0,
    "p25": 0.0,
    "p50": 0.0,
    "p75": 0.0,
    "p95": 0.0,
    "max": 0.0
  },
  "current_delta_t": {
    "count": 1024,
    "mean": 0.5010422468185425,
    "min": 0.3998091220855713,
    "p25": 0.49932289123535156,
    "p50": 0.49988889694213867,
    "p75": 0.5004351139068604,
    "p95": 0.5502040386199951,
    "max": 0.5999372005462646
  },
  "num_points_in_search": {
    "count": 1024,
    "mean": 287.1396484375,
    "min": 0.0,
    "p25": 5.0,
    "p50": 17.5,
    "p75": 188.75,
    "p95": 2316.9404296875,
    "max": 2973.0
  },
  "candidate_id": {
    "count": 1024,
    "mean": 1.501953125,
    "min": 0.0,
    "p25": 1.0,
    "p50": 1.5,
    "p75": 3.0,
    "p95": 3.0,
    "max": 3.0
  },
  "dynamics_valid": {
    "count": 1024,
    "mean": 1.0,
    "min": 1.0,
    "p25": 1.0,
    "p50": 1.0,
    "p75": 1.0,
    "p95": 1.0,
    "max": 1.0
  },
  "invalid_applied_residual_norm": {
    "count": 0,
    "mean": null,
    "min": null,
    "p25": null,
    "p50": null,
    "p75": null,
    "p95": null,
    "max": null
  },
  "gate_grad_norm": {
    "count": 64,
    "mean": 8.46476577720523e-09,
    "min": 0.0,
    "p25": 0.0,
    "p50": 4.0046257976378286e-10,
    "p75": 1.2638049717850208e-08,
    "p95": 3.739714671269212e-08,
    "max": 4.733723812933022e-08
  },
  "encoder_grad_norm": {
    "count": 64,
    "mean": 0.008694708347320557,
    "min": 0.0006305199931375682,
    "p25": 0.0015381918055936694,
    "p50": 0.0022998349741101265,
    "p75": 0.006145108491182327,
    "p95": 0.03941994160413742,
    "max": 0.04958496615290642
  },
  "applied_ratio": 1.0,
  "clamp_ratio": 0.0,
  "dynamics_valid_ratio": 1.0,
  "by_candidate_id": {
    "0": {
      "observation_error_norm": {
        "count": 255,
        "mean": 0.751251757144928,
        "min": 0.009898453950881958,
        "p25": 0.1144959032535553,
        "p50": 0.19343942403793335,
        "p75": 0.581421971321106,
        "p95": 3.3894197940826416,
        "max": 7.519185543060303
      },
      "dynamics_error_norm": {
        "count": 255,
        "mean": 0.6185623407363892,
        "min": 0.018051721155643463,
        "p25": 0.037615012377500534,
        "p50": 0.05529376119375229,
        "p75": 0.23682230710983276,
        "p95": 3.42622971534729,
        "max": 6.1613616943359375
      },
      "observation_dynamics_gap_norm": {
        "count": 255,
        "mean": 1.2495781183242798,
        "min": 0.030240530148148537,
        "p25": 0.11958979070186615,
        "p50": 0.4391915202140808,
        "p75": 1.7828223705291748,
        "p95": 4.252678394317627,
        "max": 7.501514911651611
      },
      "applied_residual_norm": {
        "count": 255,
        "mean": 7.123423273469598e-08,
        "min": 4.641113093839522e-08,
        "p25": 6.804769014934209e-08,
        "p50": 7.53772440020839e-08,
        "p75": 7.568954174530518e-08,
        "p95": 8.298485454361071e-08,
        "max": 9.001436040989574e-08
      },
      "alpha": {
        "count": 255,
        "mean": 2.0000001313746907e-05,
        "min": 1.9999999494757503e-05,
        "p25": 1.9999999494757503e-05,
        "p50": 1.9999999494757503e-05,
        "p75": 1.9999999494757503e-05,
        "p95": 1.9999999494757503e-05,
        "max": 1.9999999494757503e-05
      },
      "num_points_in_search": {
        "count": 255,
        "mean": 289.1607971191406,
        "min": 0.0,
        "p25": 5.0,
        "p50": 17.0,
        "p75": 187.5,
        "p95": 2146.70166015625,
        "max": 2919.0
      }
    },
    "1": {
      "observation_error_norm": {
        "count": 257,
        "mean": 0.8031269311904907,
        "min": 0.004737097769975662,
        "p25": 0.12053141742944717,
        "p50": 0.21734705567359924,
        "p75": 0.6731917262077332,
        "p95": 3.7958014011383057,
        "max": 7.037777423858643
      },
      "dynamics_error_norm": {
        "count": 257,
        "mean": 0.624320924282074,
        "min": 0.01716817170381546,
        "p25": 0.03567734733223915,
        "p50": 0.053133122622966766,
        "p75": 0.24515341222286224,
        "p95": 3.4194812774658203,
        "max": 5.794597625732422
      },
      "observation_dynamics_gap_norm": {
        "count": 257,
        "mean": 1.3072654008865356,
        "min": 0.012995662167668343,
        "p25": 0.13411754369735718,
        "p50": 0.5790663361549377,
        "p75": 2.000925302505493,
        "p95": 4.3266682624816895,
        "max": 7.0249810218811035
      },
      "applied_residual_norm": {
        "count": 257,
        "mean": 6.869531432585063e-08,
        "min": 4.4222819184369655e-08,
        "p25": 6.481467806906949e-08,
        "p50": 7.138116586702381e-08,
        "p75": 7.424033299230359e-08,
        "p95": 8.156649045076847e-08,
        "max": 8.874270918113325e-08
      },
      "alpha": {
        "count": 257,
        "mean": 1.9999999494757503e-05,
        "min": 1.9999999494757503e-05,
        "p25": 1.9999999494757503e-05,
        "p50": 1.9999999494757503e-05,
        "p75": 1.9999999494757503e-05,
        "p95": 1.9999999494757503e-05,
        "max": 1.9999999494757503e-05
      },
      "num_points_in_search": {
        "count": 257,
        "mean": 280.6614685058594,
        "min": 0.0,
        "p25": 5.0,
        "p50": 17.0,
        "p75": 191.0,
        "p95": 1987.9979248046875,
        "max": 2967.0
      }
    },
    "2": {
      "observation_error_norm": {
        "count": 255,
        "mean": 0.7402969598770142,
        "min": 0.02708328515291214,
        "p25": 0.11917821317911148,
        "p50": 0.21529577672481537,
        "p75": 0.5607067942619324,
        "p95": 4.295210361480713,
        "max": 6.530560493469238
      },
      "dynamics_error_norm": {
        "count": 255,
        "mean": 0.5864614248275757,
        "min": 0.015032562427222729,
        "p25": 0.03556475788354874,
        "p50": 0.053595591336488724,
        "p75": 0.2272651195526123,
        "p95": 3.330026388168335,
        "max": 5.792109489440918
      },
      "observation_dynamics_gap_norm": {
        "count": 255,
        "mean": 1.2032612562179565,
        "min": 0.02202622778713703,
        "p25": 0.12736579775810242,
        "p50": 0.4127858579158783,
        "p75": 1.781925916671753,
        "p95": 4.339772701263428,
        "max": 6.518463134765625
      },
      "applied_residual_norm": {
        "count": 255,
        "mean": 6.891762893701525e-08,
        "min": 4.498328110003058e-08,
        "p25": 6.35471479881744e-08,
        "p50": 7.186564232597448e-08,
        "p75": 7.46391677353131e-08,
        "p95": 8.065627810083242e-08,
        "max": 9.027877467815415e-08
      },
      "alpha": {
        "count": 255,
        "mean": 2.0000001313746907e-05,
        "min": 1.9999999494757503e-05,
        "p25": 1.9999999494757503e-05,
        "p50": 1.9999999494757503e-05,
        "p75": 1.9999999494757503e-05,
        "p95": 1.9999999494757503e-05,
        "max": 1.9999999494757503e-05
      },
      "num_points_in_search": {
        "count": 255,
        "mean": 290.23138427734375,
        "min": 0.0,
        "p25": 5.0,
        "p50": 18.0,
        "p75": 186.0,
        "p95": 1971.101806640625,
        "max": 2959.0
      }
    },
    "3": {
      "observation_error_norm": {
        "count": 257,
        "mean": 0.7242274880409241,
        "min": 0.0200884360820055,
        "p25": 0.12027598917484283,
        "p50": 0.21647967398166656,
        "p75": 0.5264443159103394,
        "p95": 3.949544906616211,
        "max": 5.658651828765869
      },
      "dynamics_error_norm": {
        "count": 257,
        "mean": 0.5875430107116699,
        "min": 0.017053944990038872,
        "p25": 0.03534187749028206,
        "p50": 0.05252481624484062,
        "p75": 0.234296053647995,
        "p95": 3.324134349822998,
        "max": 5.792862892150879
      },
      "observation_dynamics_gap_norm": {
        "count": 257,
        "mean": 1.187082290649414,
        "min": 0.02333730459213257,
        "p25": 0.12114086002111435,
        "p50": 0.4513833820819855,
        "p75": 1.8379844427108765,
        "p95": 4.170347690582275,
        "max": 5.641303539276123
      },
      "applied_residual_norm": {
        "count": 257,
        "mean": 6.870887858667629e-08,
        "min": 4.46924346420019e-08,
        "p25": 6.439495336962864e-08,
        "p50": 7.176301863864865e-08,
        "p75": 7.426513803920898e-08,
        "p95": 8.109373084153049e-08,
        "max": 8.811301199784793e-08
      },
      "alpha": {
        "count": 257,
        "mean": 1.9999999494757503e-05,
        "min": 1.9999999494757503e-05,
        "p25": 1.9999999494757503e-05,
        "p50": 1.9999999494757503e-05,
        "p75": 1.9999999494757503e-05,
        "p95": 1.9999999494757503e-05,
        "max": 1.9999999494757503e-05
      },
      "num_points_in_search": {
        "count": 257,
        "mean": 288.54473876953125,
        "min": 0.0,
        "p25": 5.0,
        "p50": 19.0,
        "p75": 192.0,
        "p95": 1945.1983642578125,
        "max": 2973.0
      }
    }
  },
  "by_current_delta_t": {
    "0.399809": {
      "observation_error_norm": {
        "count": 1,
        "mean": 0.2032512128353119,
        "min": 0.2032512128353119,
        "p25": 0.2032512128353119,
        "p50": 0.2032512128353119,
        "p75": 0.2032512128353119,
        "p95": 0.2032512128353119,
        "max": 0.2032512128353119
      },
      "dynamics_error_norm": {
        "count": 1,
        "mean": 0.031426962465047836,
        "min": 0.031426962465047836,
        "p25": 0.031426962465047836,
        "p50": 0.031426962465047836,
        "p75": 0.031426962465047836,
        "p95": 0.031426962465047836,
        "max": 0.031426962465047836
      },
      "observation_dynamics_gap_norm": {
        "count": 1,
        "mean": 0.19803938269615173,
        "min": 0.19803938269615173,
        "p25": 0.19803938269615173,
        "p50": 0.19803938269615173,
        "p75": 0.19803938269615173,
        "p95": 0.19803938269615173,
        "max": 0.19803938269615173
      },
      "applied_residual_norm": {
        "count": 1,
        "mean": 5.950153081357712e-08,
        "min": 5.950153081357712e-08,
        "p25": 5.950153081357712e-08,
        "p50": 5.950153081357712e-08,
        "p75": 5.950153081357712e-08,
        "p95": 5.950153081357712e-08,
        "max": 5.950153081357712e-08
      },
      "alpha": {
        "count": 1,
        "mean": 1.9999999494757503e-05,
        "min": 1.9999999494757503e-05,
        "p25": 1.9999999494757503e-05,
        "p50": 1.9999999494757503e-05,
        "p75": 1.9999999494757503e-05,
        "p95": 1.9999999494757503e-05,
        "max": 1.9999999494757503e-05
      },
      "num_points_in_search": {
        "count": 1,
        "mean": 1198.0,
        "min": 1198.0,
        "p25": 1198.0,
        "p50": 1198.0,
        "p75": 1198.0,
        "p95": 1198.0,
        "max": 1198.0
      }
    },
    "0.39981": {
      "observation_error_norm": {
        "count": 20,
        "mean": 0.4602449834346771,
        "min": 0.049568887799978256,
        "p25": 0.09497898817062378,
        "p50": 0.14406687021255493,
        "p75": 0.5036498308181763,
        "p95": 1.7361005544662476,
        "max": 2.000232696533203
      },
      "dynamics_error_norm": {
        "count": 20,
        "mean": 0.2586027681827545,
        "min": 0.017053944990038872,
        "p25": 0.020515255630016327,
        "p50": 0.03024444542825222,
        "p75": 0.08254696428775787,
        "p95": 1.14182448387146,
        "max": 1.142231822013855
      },
      "observation_dynamics_gap_norm": {
        "count": 20,
        "mean": 0.6552157998085022,
        "min": 0.05035831406712532,
        "p25": 0.11925108730792999,
        "p50": 0.4004621207714081,
        "p75": 1.0870972871780396,
        "p95": 1.726438283920288,
        "max": 1.9900144338607788
      },
      "applied_residual_norm": {
        "count": 20,
        "mean": 5.7226770877605304e-08,
        "min": 4.46924346420019e-08,
        "p25": 5.847480721854481e-08,
        "p50": 5.932290036980703e-08,
        "p75": 6.069759450610945e-08,
        "p95": 6.128399121507755e-08,
        "max": 6.128776419700444e-08
      },
      "alpha": {
        "count": 20,
        "mean": 2.0000001313746907e-05,
        "min": 1.9999999494757503e-05,
        "p25": 1.9999999494757503e-05,
        "p50": 1.9999999494757503e-05,
        "p75": 1.9999999494757503e-05,
        "p95": 1.9999999494757503e-05,
        "max": 1.9999999494757503e-05
      },
      "num_points_in_search": {
        "count": 20,
        "mean": 864.0499877929688,
        "min": 4.0,
        "p25": 166.75,
        "p50": 222.5,
        "p75": 1101.75,
        "p95": 2877.199951171875,
        "max": 2881.0
      }
    },
    "0.449547": {
      "observation_error_norm": {
        "count": 36,
        "mean": 0.6073103547096252,
        "min": 0.055072445422410965,
        "p25": 0.11925967037677765,
        "p50": 0.2237720787525177,
        "p75": 0.5671970844268799,
        "p95": 2.347656726837158,
        "max": 3.5224008560180664
      },
      "dynamics_error_norm": {
        "count": 36,
        "mean": 0.7088592648506165,
        "min": 0.032322365790605545,
        "p25": 0.03413724899291992,
        "p50": 0.07229454815387726,
        "p75": 0.20009006559848785,
        "p95": 4.579707145690918,
        "max": 4.579963207244873
      },
      "observation_dynamics_gap_norm": {
        "count": 36,
        "mean": 1.1491559743881226,
        "min": 0.02767328917980194,
        "p25": 0.0640384778380394,
        "p50": 0.4391368627548218,
        "p75": 1.637338399887085,
        "p95": 4.442158222198486,
        "max": 4.5127410888671875
      },
      "applied_residual_norm": {
        "count": 36,
        "mean": 6.24462330733877e-08,
        "min": 4.4222819184369655e-08,
        "p25": 6.240238548116395e-08,
        "p50": 6.553248255158906e-08,
        "p75": 6.71716549049961e-08,
        "p95": 6.83555256841828e-08,
        "max": 6.84824712493537e-08
      },
      "alpha": {
        "count": 36,
        "mean": 1.9999999494757503e-05,
        "min": 1.9999999494757503e-05,
        "p25": 1.9999999494757503e-05,
        "p50": 1.9999999494757503e-05,
        "p75": 1.9999999494757503e-05,
        "p95": 1.9999999494757503e-05,
        "max": 1.9999999494757503e-05
      },
      "num_points_in_search": {
        "count": 36,
        "mean": 251.5833282470703,
        "min": 1.0,
        "p25": 4.0,
        "p50": 14.0,
        "p75": 83.25,
        "p95": 1431.25,
        "max": 1462.0
      }
    },
    "0.449569": {
      "observation_error_norm": {
        "count": 32,
        "mean": 0.2617635130882263,
        "min": 0.028152145445346832,
        "p25": 0.09248409420251846,
        "p50": 0.10272929072380066,
        "p75": 0.22298066318035126,
        "p95": 0.9933961629867554,
        "max": 1.9713134765625
      },
      "dynamics_error_norm": {
        "count": 32,
        "mean": 1.0427045822143555,
        "min": 0.019383203238248825,
        "p25": 0.026303227990865707,
        "p50": 0.0304801594465971,
        "p75": 1.907440423965454,
        "p95": 3.717653274536133,
        "max": 3.7188618183135986
      },
      "observation_dynamics_gap_norm": {
        "count": 32,
        "mean": 1.2613248825073242,
        "min": 0.02333730459213257,
        "p25": 0.11477616429328918,
        "p50": 0.5625874996185303,
        "p75": 2.1773478984832764,
        "p95": 3.791390895843506,
        "max": 3.797236680984497
      },
      "applied_residual_norm": {
        "count": 32,
        "mean": 5.921998535995954e-08,
        "min": 4.498328110003058e-08,
        "p25": 4.761132288422232e-08,
        "p50": 6.444594191634678e-08,
        "p75": 6.756479820069217e-08,
        "p95": 6.85211816175979e-08,
        "max": 6.890885373422861e-08
      },
      "alpha": {
        "count": 32,
        "mean": 1.9999999494757503e-05,
        "min": 1.9999999494757503e-05,
        "p25": 1.9999999494757503e-05,
        "p50": 1.9999999494757503e-05,
        "p75": 1.9999999494757503e-05,
        "p95": 1.9999999494757503e-05,
        "max": 1.9999999494757503e-05
      },
      "num_points_in_search": {
        "count": 32,
        "mean": 74.90625,
        "min": 0.0,
        "p25": 4.25,
        "p50": 10.5,
        "p75": 55.25,
        "p95": 369.0,
        "max": 387.0
      }
    },
    "0.450072": {
      "observation_error_norm": {
        "count": 4,
        "mean": 3.778303384780884,
        "min": 3.363806962966919,
        "p25": 3.51591157913208,
        "p50": 3.67984676361084,
        "p75": 3.9422385692596436,
        "p95": 4.300217628479004,
        "max": 4.389712333679199
      },
      "dynamics_error_norm": {
        "count": 4,
        "mean": 0.048502665013074875,
        "min": 0.04664041846990585,
        "p25": 0.04739924520254135,
        "p50": 0.048351824283599854,
        "p75": 0.04945524409413338,
        "p95": 0.050424326211214066,
        "max": 0.05066659674048424
      },
      "observation_dynamics_gap_norm": {
        "count": 4,
        "mean": 3.7401604652404785,
        "min": 3.322925090789795,
        "p25": 3.4780025482177734,
        "p50": 3.643307685852051,
        "p75": 3.905465602874756,
        "p95": 4.261974334716797,
        "max": 4.351101875305176
      },
      "applied_residual_norm": {
        "count": 4,
        "mean": 6.631808702195485e-08,
        "min": 6.423690734891352e-08,
        "p25": 6.522742523884517e-08,
        "p50": 6.636985716568233e-08,
        "p75": 6.746051894879201e-08,
        "p95": 6.812868491579138e-08,
        "max": 6.829572640754122e-08
      },
      "alpha": {
        "count": 4,
        "mean": 1.9999999494757503e-05,
        "min": 1.9999999494757503e-05,
        "p25": 1.9999999494757503e-05,
        "p50": 1.9999999494757503e-05,
        "p75": 1.9999999494757503e-05,
        "p95": 1.9999999494757503e-05,
        "max": 1.9999999494757503e-05
      },
      "num_points_in_search": {
        "count": 4,
        "mean": 7.0,
        "min": 7.0,
        "p25": 7.0,
        "p50": 7.0,
        "p75": 7.0,
        "p95": 7.0,
        "max": 7.0
      }
    },
    "0.450126": {
      "observation_error_norm": {
        "count": 1,
        "mean": 0.3084610402584076,
        "min": 0.3084610402584076,
        "p25": 0.3084610402584076,
        "p50": 0.3084610402584076,
        "p75": 0.3084610402584076,
        "p95": 0.3084610402584076,
        "max": 0.3084610402584076
      },
      "dynamics_error_norm": {
        "count": 1,
        "mean": 0.027759253978729248,
        "min": 0.027759253978729248,
        "p25": 0.027759253978729248,
        "p50": 0.027759253978729248,
        "p75": 0.027759253978729248,
        "p95": 0.027759253978729248,
        "max": 0.027759253978729248
      },
      "observation_dynamics_gap_norm": {
        "count": 1,
        "mean": 0.2950253188610077,
        "min": 0.2950253188610077,
        "p25": 0.2950253188610077,
        "p50": 0.2950253188610077,
        "p75": 0.2950253188610077,
        "p95": 0.2950253188610077,
        "max": 0.2950253188610077
      },
      "applied_residual_norm": {
        "count": 1,
        "mean": 6.851499279036943e-08,
        "min": 6.851499279036943e-08,
        "p25": 6.851499279036943e-08,
        "p50": 6.851499279036943e-08,
        "p75": 6.851499279036943e-08,
        "p95": 6.851499279036943e-08,
        "max": 6.851499279036943e-08
      },
      "alpha": {
        "count": 1,
        "mean": 1.9999999494757503e-05,
        "min": 1.9999999494757503e-05,
        "p25": 1.9999999494757503e-05,
        "p50": 1.9999999494757503e-05,
        "p75": 1.9999999494757503e-05,
        "p95": 1.9999999494757503e-05,
        "max": 1.9999999494757503e-05
      },
      "num_points_in_search": {
        "count": 1,
        "mean": 93.0,
        "min": 93.0,
        "p25": 93.0,
        "p50": 93.0,
        "p75": 93.0,
        "p95": 93.0,
        "max": 93.0
      }
    },
    "0.454804": {
      "observation_error_norm": {
        "count": 20,
        "mean": 0.1334894597530365,
        "min": 0.04233931377530098,
        "p25": 0.11720575392246246,
        "p50": 0.12998726963996887,
        "p75": 0.15562927722930908,
        "p95": 0.2006060928106308,
        "max": 0.2218293398618698
      },
      "dynamics_error_norm": {
        "count": 20,
        "mean": 0.7866841554641724,
        "min": 0.015032562427222729,
        "p25": 0.023480596020817757,
        "p50": 0.04262777417898178,
        "p75": 1.9179826974868774,
        "p95": 1.9322327375411987,
        "max": 1.932732105255127
      },
      "observation_dynamics_gap_norm": {
        "count": 20,
        "mean": 0.8260285258293152,
        "min": 0.11176620423793793,
        "p25": 0.12842029333114624,
        "p50": 0.16530896723270416,
        "p75": 1.8296787738800049,
        "p95": 1.911584734916687,
        "max": 1.9742448329925537
      },
      "applied_residual_norm": {
        "count": 20,
        "mean": 6.1101516735107e-08,
        "min": 4.575374745741101e-08,
        "p25": 5.637365063648758e-08,
        "p50": 6.515241324223098e-08,
        "p75": 6.808100039279452e-08,
        "p95": 6.926194373590988e-08,
        "max": 6.944632957583963e-08
      },
      "alpha": {
        "count": 20,
        "mean": 2.0000001313746907e-05,
        "min": 1.9999999494757503e-05,
        "p25": 1.9999999494757503e-05,
        "p50": 1.9999999494757503e-05,
        "p75": 1.9999999494757503e-05,
        "p95": 1.9999999494757503e-05,
        "max": 1.9999999494757503e-05
      },
      "num_points_in_search": {
        "count": 20,
        "mean": 52.849998474121094,
        "min": 1.0,
        "p25": 8.0,
        "p50": 9.0,
        "p75": 89.0,
        "p95": 165.29998779296875,
        "max": 171.0
      }
    },
    "0.495724": {
      "observation_error_norm": {
        "count": 24,
        "mean": 0.24342162907123566,
        "min": 0.04101932421326637,
        "p25": 0.09917952120304108,
        "p50": 0.14983204007148743,
        "p75": 0.26060348749160767,
        "p95": 0.7338355779647827,
        "max": 0.9919891953468323
      },
      "dynamics_error_norm": {
        "count": 24,
        "mean": 0.7027735710144043,
        "min": 0.018946420401334763,
        "p25": 0.027026299387216568,
        "p50": 0.03683407977223396,
        "p75": 1.9278180599212646,
        "p95": 2.168956995010376,
        "max": 2.1689956188201904
      },
      "observation_dynamics_gap_norm": {
        "count": 24,
        "mean": 0.8802134394645691,
        "min": 0.0797753632068634,
        "p25": 0.18421770632266998,
        "p50": 0.3515484929084778,
        "p75": 1.8122355937957764,
        "p95": 2.189162492752075,
        "max": 2.23596453666687
      },
      "applied_residual_norm": {
        "count": 24,
        "mean": 6.604985713920541e-08,
        "min": 4.9915161781655115e-08,
        "p25": 5.523042290178637e-08,
        "p50": 7.012333469447185e-08,
        "p75": 7.229171217204566e-08,
        "p95": 7.530208989692255e-08,
        "max": 7.58911085085856e-08
      },
      "alpha": {
        "count": 24,
        "mean": 1.99999976757681e-05,
        "min": 1.9999999494757503e-05,
        "p25": 1.9999999494757503e-05,
        "p50": 1.9999999494757503e-05,
        "p75": 1.9999999494757503e-05,
        "p95": 1.9999999494757503e-05,
        "max": 1.9999999494757503e-05
      },
      "num_points_in_search": {
        "count": 24,
        "mean": 53.25,
        "min": 1.0,
        "p25": 2.75,
        "p50": 9.5,
        "p75": 94.75,
        "p95": 207.3000030517578,
        "max": 212.0
      }
    },
    "0.497102": {
      "observation_error_norm": {
        "count": 2,
        "mean": 0.22628480195999146,
        "min": 0.12624812126159668,
        "p25": 0.17626646161079407,
        "p50": 0.22628480195999146,
        "p75": 0.27630314230918884,
        "p95": 0.3163178265094757,
        "max": 0.32632148265838623
      },
      "dynamics_error_norm": {
        "count": 2,
        "mean": 0.8144311904907227,
        "min": 0.04334665462374687,
        "p25": 0.4288889169692993,
        "p50": 0.8144311904907227,
        "p75": 1.199973464012146,
        "p95": 1.5084072351455688,
        "max": 1.5855157375335693
      },
      "observation_dynamics_gap_norm": {
        "count": 2,
        "mean": 0.9053947925567627,
        "min": 0.3068316876888275,
        "p25": 0.6061131954193115,
        "p50": 0.9053947925567627,
        "p75": 1.2046763896942139,
        "p95": 1.4441015720367432,
        "max": 1.5039578676223755
      },
      "applied_residual_norm": {
        "count": 2,
        "mean": 6.498895999129672e-08,
        "min": 5.8212435760651715e-08,
        "p25": 6.16007014286879e-08,
        "p50": 6.498895999129672e-08,
        "p75": 6.837721855390555e-08,
        "p95": 7.108783250941997e-08,
        "max": 7.176548422194173e-08
      },
      "alpha": {
        "count": 2,
        "mean": 1.9999999494757503e-05,
        "min": 1.9999999494757503e-05,
        "p25": 1.9999999494757503e-05,
        "p50": 1.9999999494757503e-05,
        "p75": 1.9999999494757503e-05,
        "p95": 1.9999999494757503e-05,
        "max": 1.9999999494757503e-05
      },
      "num_points_in_search": {
        "count": 2,
        "mean": 77.0,
        "min": 2.0,
        "p25": 39.5,
        "p50": 77.0,
        "p75": 114.5,
        "p95": 144.5,
        "max": 152.0
      }
    },
    "0.498586": {
      "observation_error_norm": {
        "count": 1,
        "mean": 0.15395928919315338,
        "min": 0.15395928919315338,
        "p25": 0.15395928919315338,
        "p50": 0.15395928919315338,
        "p75": 0.15395928919315338,
        "p95": 0.15395928919315338,
        "max": 0.15395928919315338
      },
      "dynamics_error_norm": {
        "count": 1,
        "mean": 0.026567043736577034,
        "min": 0.026567043736577034,
        "p25": 0.026567043736577034,
        "p50": 0.026567043736577034,
        "p75": 0.026567043736577034,
        "p95": 0.026567043736577034,
        "max": 0.026567043736577034
      },
      "observation_dynamics_gap_norm": {
        "count": 1,
        "mean": 0.13492800295352936,
        "min": 0.13492800295352936,
        "p25": 0.13492800295352936,
        "p50": 0.13492800295352936,
        "p75": 0.13492800295352936,
        "p95": 0.13492800295352936,
        "max": 0.13492800295352936
      },
      "applied_residual_norm": {
        "count": 1,
        "mean": 7.768475995817425e-08,
        "min": 7.768475995817425e-08,
        "p25": 7.768475995817425e-08,
        "p50": 7.768475995817425e-08,
        "p75": 7.768475995817425e-08,
        "p95": 7.768475995817425e-08,
        "max": 7.768475995817425e-08
      },
      "alpha": {
        "count": 1,
        "mean": 1.9999999494757503e-05,
        "min": 1.9999999494757503e-05,
        "p25": 1.9999999494757503e-05,
        "p50": 1.9999999494757503e-05,
        "p75": 1.9999999494757503e-05,
        "p95": 1.9999999494757503e-05,
        "max": 1.9999999494757503e-05
      },
      "num_points_in_search": {
        "count": 1,
        "mean": 2.0,
        "min": 2.0,
        "p25": 2.0,
        "p50": 2.0,
        "p75": 2.0,
        "p95": 2.0,
        "max": 2.0
      }
    },
    "0.499289": {
      "observation_error_norm": {
        "count": 1,
        "mean": 0.37019848823547363,
        "min": 0.37019848823547363,
        "p25": 0.37019848823547363,
        "p50": 0.37019848823547363,
        "p75": 0.37019848823547363,
        "p95": 0.37019848823547363,
        "max": 0.37019848823547363
      },
      "dynamics_error_norm": {
        "count": 1,
        "mean": 0.037833791226148605,
        "min": 0.037833791226148605,
        "p25": 0.037833791226148605,
        "p50": 0.037833791226148605,
        "p75": 0.037833791226148605,
        "p95": 0.037833791226148605,
        "max": 0.037833791226148605
      },
      "observation_dynamics_gap_norm": {
        "count": 1,
        "mean": 0.3762440085411072,
        "min": 0.3762440085411072,
        "p25": 0.3762440085411072,
        "p50": 0.3762440085411072,
        "p75": 0.3762440085411072,
        "p95": 0.3762440085411072,
        "max": 0.3762440085411072
      },
      "applied_residual_norm": {
        "count": 1,
        "mean": 7.566757886934283e-08,
        "min": 7.566757886934283e-08,
        "p25": 7.566757886934283e-08,
        "p50": 7.566757886934283e-08,
        "p75": 7.566757886934283e-08,
        "p95": 7.566757886934283e-08,
        "max": 7.566757886934283e-08
      },
      "alpha": {
        "count": 1,
        "mean": 1.9999999494757503e-05,
        "min": 1.9999999494757503e-05,
        "p25": 1.9999999494757503e-05,
        "p50": 1.9999999494757503e-05,
        "p75": 1.9999999494757503e-05,
        "p95": 1.9999999494757503e-05,
        "max": 1.9999999494757503e-05
      },
      "num_points_in_search": {
        "count": 1,
        "mean": 1805.0,
        "min": 1805.0,
        "p25": 1805.0,
        "p50": 1805.0,
        "p75": 1805.0,
        "p95": 1805.0,
        "max": 1805.0
      }
    },
    "0.499313": {
      "observation_error_norm": {
        "count": 1,
        "mean": 6.814064025878906,
        "min": 6.814064025878906,
        "p25": 6.814064025878906,
        "p50": 6.814064025878906,
        "p75": 6.814064025878906,
        "p95": 6.814064025878906,
        "max": 6.814064025878906
      },
      "dynamics_error_norm": {
        "count": 1,
        "mean": 0.08282769471406937,
        "min": 0.08282769471406937,
        "p25": 0.08282769471406937,
        "p50": 0.08282769471406937,
        "p75": 0.08282769471406937,
        "p95": 0.08282769471406937,
        "max": 0.08282769471406937
      },
      "observation_dynamics_gap_norm": {
        "count": 1,
        "mean": 6.790482997894287,
        "min": 6.790482997894287,
        "p25": 6.790482997894287,
        "p50": 6.790482997894287,
        "p75": 6.790482997894287,
        "p95": 6.790482997894287,
        "max": 6.790482997894287
      },
      "applied_residual_norm": {
        "count": 1,
        "mean": 7.508252508614532e-08,
        "min": 7.508252508614532e-08,
        "p25": 7.508252508614532e-08,
        "p50": 7.508252508614532e-08,
        "p75": 7.508252508614532e-08,
        "p95": 7.508252508614532e-08,
        "max": 7.508252508614532e-08
      },
      "alpha": {
        "count": 1,
        "mean": 1.9999999494757503e-05,
        "min": 1.9999999494757503e-05,
        "p25": 1.9999999494757503e-05,
        "p50": 1.9999999494757503e-05,
        "p75": 1.9999999494757503e-05,
        "p95": 1.9999999494757503e-05,
        "max": 1.9999999494757503e-05
      },
      "num_points_in_search": {
        "count": 1,
        "mean": 85.0,
        "min": 85.0,
        "p25": 85.0,
        "p50": 85.0,
        "p75": 85.0,
        "p95": 85.0,
        "max": 85.0
      }
    },
    "0.499317": {
      "observation_error_norm": {
        "count": 1,
        "mean": 0.254128634929657,
        "min": 0.254128634929657,
        "p25": 0.254128634929657,
        "p50": 0.254128634929657,
        "p75": 0.254128634929657,
        "p95": 0.254128634929657,
        "max": 0.254128634929657
      },
      "dynamics_error_norm": {
        "count": 1,
        "mean": 4.3994317054748535,
        "min": 4.3994317054748535,
        "p25": 4.3994317054748535,
        "p50": 4.3994317054748535,
        "p75": 4.3994317054748535,
        "p95": 4.3994317054748535,
        "max": 4.3994317054748535
      },
      "observation_dynamics_gap_norm": {
        "count": 1,
        "mean": 4.177402973175049,
        "min": 4.177402973175049,
        "p25": 4.177402973175049,
        "p50": 4.177402973175049,
        "p75": 4.177402973175049,
        "p95": 4.177402973175049,
        "max": 4.177402973175049
      },
      "applied_residual_norm": {
        "count": 1,
        "mean": 5.315355977586478e-08,
        "min": 5.315355977586478e-08,
        "p25": 5.315355977586478e-08,
        "p50": 5.315355977586478e-08,
        "p75": 5.315355977586478e-08,
        "p95": 5.315355977586478e-08,
        "max": 5.315355977586478e-08
      },
      "alpha": {
        "count": 1,
        "mean": 1.9999999494757503e-05,
        "min": 1.9999999494757503e-05,
        "p25": 1.9999999494757503e-05,
        "p50": 1.9999999494757503e-05,
        "p75": 1.9999999494757503e-05,
        "p95": 1.9999999494757503e-05,
        "max": 1.9999999494757503e-05
      },
      "num_points_in_search": {
        "count": 1,
        "mean": 14.0,
        "min": 14.0,
        "p25": 14.0,
        "p50": 14.0,
        "p75": 14.0,
        "p95": 14.0,
        "max": 14.0
      }
    },
    "0.499318": {
      "observation_error_norm": {
        "count": 36,
        "mean": 0.4363413155078888,
        "min": 0.045404426753520966,
        "p25": 0.10907000303268433,
        "p50": 0.15274834632873535,
        "p75": 0.2906951606273651,
        "p95": 2.166536569595337,
        "max": 3.724134683609009
      },
      "dynamics_error_norm": {
        "count": 36,
        "mean": 0.6222550868988037,
        "min": 0.03493601456284523,
        "p25": 0.041507404297590256,
        "p50": 0.0829850435256958,
        "p75": 0.1991012692451477,
        "p95": 3.5041251182556152,
        "max": 3.504689931869507
      },
      "observation_dynamics_gap_norm": {
        "count": 36,
        "mean": 0.9192837476730347,
        "min": 0.023512452840805054,
        "p25": 0.07989395409822464,
        "p50": 0.1775524914264679,
        "p75": 1.5325154066085815,
        "p95": 3.392655849456787,
        "max": 3.70674204826355
      },
      "applied_residual_norm": {
        "count": 36,
        "mean": 6.89236543394145e-08,
        "min": 5.0935220485825994e-08,
        "p25": 6.82402756524425e-08,
        "p50": 7.264522139394103e-08,
        "p75": 7.469718354968791e-08,
        "p95": 7.562233150792963e-08,
        "max": 7.663906131938347e-08
      },
      "alpha": {
        "count": 36,
        "mean": 1.9999999494757503e-05,
        "min": 1.9999999494757503e-05,
        "p25": 1.9999999494757503e-05,
        "p50": 1.9999999494757503e-05,
        "p75": 1.9999999494757503e-05,
        "p95": 1.9999999494757503e-05,
        "max": 1.9999999494757503e-05
      },
      "num_points_in_search": {
        "count": 36,
        "mean": 174.02777099609375,
        "min": 0.0,
        "p25": 4.0,
        "p50": 9.0,
        "p75": 136.5,
        "p95": 1169.5,
        "max": 1182.0
      }
    },
    "0.49932": {
      "observation_error_norm": {
        "count": 28,
        "mean": 0.24260233342647552,
        "min": 0.03755930811166763,
        "p25": 0.09717051684856415,
        "p50": 0.18544365465641022,
        "p75": 0.3563896715641022,
        "p95": 0.58278888463974,
        "max": 0.7743821740150452
      },
      "dynamics_error_norm": {
        "count": 28,
        "mean": 0.7406033277511597,
        "min": 0.01974308118224144,
        "p25": 0.029030384495854378,
        "p50": 0.03697441518306732,
        "p75": 1.7557618618011475,
        "p95": 3.262164831161499,
        "max": 3.263045072555542
      },
      "observation_dynamics_gap_norm": {
        "count": 28,
        "mean": 0.887304961681366,
        "min": 0.0765923485159874,
        "p25": 0.12552925944328308,
        "p50": 0.33750659227371216,
        "p75": 1.7386014461517334,
        "p95": 3.0890872478485107,
        "max": 3.141575813293457
      },
      "applied_residual_norm": {
        "count": 28,
        "mean": 6.751762526846505e-08,
        "min": 4.858697622012187e-08,
        "p25": 5.7508675155304445e-08,
        "p50": 7.18601427251997e-08,
        "p75": 7.47924389088439e-08,
        "p95": 7.574744387284227e-08,
        "max": 7.617958175387685e-08
      },
      "alpha": {
        "count": 28,
        "mean": 1.99999976757681e-05,
        "min": 1.9999999494757503e-05,
        "p25": 1.9999999494757503e-05,
        "p50": 1.9999999494757503e-05,
        "p75": 1.9999999494757503e-05,
        "p95": 1.9999999494757503e-05,
        "max": 1.9999999494757503e-05
      },
      "num_points_in_search": {
        "count": 28,
        "mean": 92.57142639160156,
        "min": 0.0,
        "p25": 5.0,
        "p50": 20.5,
        "p75": 236.25,
        "p95": 332.8999938964844,
        "max": 343.0
      }
    },
    "0.499322": {
      "observation_error_norm": {
        "count": 32,
        "mean": 0.2045293152332306,
        "min": 0.02708328515291214,
        "p25": 0.09612409770488739,
        "p50": 0.14074748754501343,
        "p75": 0.21221211552619934,
        "p95": 0.2718828022480011,
        "max": 1.991719365119934
      },
      "dynamics_error_norm": {
        "count": 32,
        "mean": 1.0977275371551514,
        "min": 0.019810914993286133,
        "p25": 0.028635283932089806,
        "p50": 0.058156900107860565,
        "p75": 2.14785099029541,
        "p95": 3.7217423915863037,
        "max": 3.7228825092315674
      },
      "observation_dynamics_gap_norm": {
        "count": 32,
        "mean": 1.2127933502197266,
        "min": 0.05067700520157814,
        "p25": 0.11255334317684174,
        "p50": 0.20747831463813782,
        "p75": 2.2039568424224854,
        "p95": 3.888242721557617,
        "max": 3.987902879714966
      },
      "applied_residual_norm": {
        "count": 32,
        "mean": 6.566885701886349e-08,
        "min": 4.8269864549865815e-08,
        "p25": 5.329800956133113e-08,
        "p50": 7.288836911811813e-08,
        "p75": 7.492205611470126e-08,
        "p95": 7.543766855633294e-08,
        "max": 7.643125599088307e-08
      },
      "alpha": {
        "count": 32,
        "mean": 1.9999999494757503e-05,
        "min": 1.9999999494757503e-05,
        "p25": 1.9999999494757503e-05,
        "p50": 1.9999999494757503e-05,
        "p75": 1.9999999494757503e-05,
        "p95": 1.9999999494757503e-05,
        "max": 1.9999999494757503e-05
      },
      "num_points_in_search": {
        "count": 32,
        "mean": 61.53125,
        "min": 0.0,
        "p25": 3.0,
        "p50": 5.5,
        "p75": 42.5,
        "p95": 312.949951171875,
        "max": 377.0
      }
    },
    "0.499323": {
      "observation_error_norm": {
        "count": 32,
        "mean": 0.5146564245223999,
        "min": 0.0633423700928688,
        "p25": 0.10276847332715988,
        "p50": 0.13179397583007812,
        "p75": 0.18993830680847168,
        "p95": 2.842515468597412,
        "max": 4.520724296569824
      },
      "dynamics_error_norm": {
        "count": 32,
        "mean": 0.6895292401313782,
        "min": 0.037184443324804306,
        "p25": 0.04146255552768707,
        "p50": 0.06108324974775314,
        "p75": 0.48734304308891296,
        "p95": 3.492422103881836,
        "max": 3.496037483215332
      },
      "observation_dynamics_gap_norm": {
        "count": 32,
        "mean": 1.0990092754364014,
        "min": 0.02137117087841034,
        "p25": 0.1092488244175911,
        "p50": 0.1611914038658142,
        "p75": 1.8610459566116333,
        "p95": 3.3953921794891357,
        "max": 4.506497859954834
      },
      "applied_residual_norm": {
        "count": 32,
        "mean": 6.845431954616288e-08,
        "min": 4.5942130100229406e-08,
        "p25": 6.738554247931461e-08,
        "p50": 7.225294496038259e-08,
        "p75": 7.479428631995688e-08,
        "p95": 7.653037670252161e-08,
        "max": 7.693333969882588e-08
      },
      "alpha": {
        "count": 32,
        "mean": 1.9999999494757503e-05,
        "min": 1.9999999494757503e-05,
        "p25": 1.9999999494757503e-05,
        "p50": 1.9999999494757503e-05,
        "p75": 1.9999999494757503e-05,
        "p95": 1.9999999494757503e-05,
        "max": 1.9999999494757503e-05
      },
      "num_points_in_search": {
        "count": 32,
        "mean": 156.125,
        "min": 3.0,
        "p25": 6.5,
        "p50": 17.5,
        "p75": 115.5,
        "p95": 952.4500122070312,
        "max": 1016.0
      }
    },
    "0.499325": {
      "observation_error_norm": {
        "count": 1,
        "mean": 0.31268104910850525,
        "min": 0.31268104910850525,
        "p25": 0.31268104910850525,
        "p50": 0.31268104910850525,
        "p75": 0.31268104910850525,
        "p95": 0.31268104910850525,
        "max": 0.31268104910850525
      },
      "dynamics_error_norm": {
        "count": 1,
        "mean": 0.10644380003213882,
        "min": 0.10644380003213882,
        "p25": 0.10644380003213882,
        "p50": 0.10644380003213882,
        "p75": 0.10644380003213882,
        "p95": 0.10644380003213882,
        "max": 0.10644380003213882
      },
      "observation_dynamics_gap_norm": {
        "count": 1,
        "mean": 0.2320847362279892,
        "min": 0.2320847362279892,
        "p25": 0.2320847362279892,
        "p50": 0.2320847362279892,
        "p75": 0.2320847362279892,
        "p95": 0.2320847362279892,
        "max": 0.2320847362279892
      },
      "applied_residual_norm": {
        "count": 1,
        "mean": 7.37829424224401e-08,
        "min": 7.37829424224401e-08,
        "p25": 7.37829424224401e-08,
        "p50": 7.37829424224401e-08,
        "p75": 7.37829424224401e-08,
        "p95": 7.37829424224401e-08,
        "max": 7.37829424224401e-08
      },
      "alpha": {
        "count": 1,
        "mean": 1.9999999494757503e-05,
        "min": 1.9999999494757503e-05,
        "p25": 1.9999999494757503e-05,
        "p50": 1.9999999494757503e-05,
        "p75": 1.9999999494757503e-05,
        "p95": 1.9999999494757503e-05,
        "max": 1.9999999494757503e-05
      },
      "num_points_in_search": {
        "count": 1,
        "mean": 11.0,
        "min": 11.0,
        "p25": 11.0,
        "p50": 11.0,
        "p75": 11.0,
        "p95": 11.0,
        "max": 11.0
      }
    },
    "0.499336": {
      "observation_error_norm": {
        "count": 1,
        "mean": 0.47065702080726624,
        "min": 0.47065702080726624,
        "p25": 0.47065702080726624,
        "p50": 0.47065702080726624,
        "p75": 0.47065702080726624,
        "p95": 0.47065702080726624,
        "max": 0.47065702080726624
      },
      "dynamics_error_norm": {
        "count": 1,
        "mean": 6.1613616943359375,
        "min": 6.1613616943359375,
        "p25": 6.1613616943359375,
        "p50": 6.1613616943359375,
        "p75": 6.1613616943359375,
        "p95": 6.1613616943359375,
        "max": 6.1613616943359375
      },
      "observation_dynamics_gap_norm": {
        "count": 1,
        "mean": 5.692041397094727,
        "min": 5.692041397094727,
        "p25": 5.692041397094727,
        "p50": 5.692041397094727,
        "p75": 5.692041397094727,
        "p95": 5.692041397094727,
        "max": 5.692041397094727
      },
      "applied_residual_norm": {
        "count": 1,
        "mean": 5.885951992468108e-08,
        "min": 5.885951992468108e-08,
        "p25": 5.885951992468108e-08,
        "p50": 5.885951992468108e-08,
        "p75": 5.885951992468108e-08,
        "p95": 5.885951992468108e-08,
        "max": 5.885951992468108e-08
      },
      "alpha": {
        "count": 1,
        "mean": 1.9999999494757503e-05,
        "min": 1.9999999494757503e-05,
        "p25": 1.9999999494757503e-05,
        "p50": 1.9999999494757503e-05,
        "p75": 1.9999999494757503e-05,
        "p95": 1.9999999494757503e-05,
        "max": 1.9999999494757503e-05
      },
      "num_points_in_search": {
        "count": 1,
        "mean": 16.0,
        "min": 16.0,
        "p25": 16.0,
        "p50": 16.0,
        "p75": 16.0,
        "p95": 16.0,
        "max": 16.0
      }
    },
    "0.499345": {
      "observation_error_norm": {
        "count": 16,
        "mean": 0.9791214466094971,
        "min": 0.03905026614665985,
        "p25": 0.12235139310359955,
        "p50": 0.23922351002693176,
        "p75": 1.0449708700180054,
        "p95": 3.5195705890655518,
        "max": 4.706270694732666
      },
      "dynamics_error_norm": {
        "count": 16,
        "mean": 0.284944623708725,
        "min": 0.021200383082032204,
        "p25": 0.028609884902834892,
        "p50": 0.056766100227832794,
        "p75": 0.3134843111038208,
        "p95": 1.0032682418823242,
        "max": 1.0032899379730225
      },
      "observation_dynamics_gap_norm": {
        "count": 16,
        "mean": 1.1771504878997803,
        "min": 0.045097753405570984,
        "p25": 0.21572604775428772,
        "p50": 0.708972692489624,
        "p75": 1.3772059679031372,
        "p95": 3.5000522136688232,
        "max": 4.690611839294434
      },
      "applied_residual_norm": {
        "count": 16,
        "mean": 7.10274790094445e-08,
        "min": 6.077237202362085e-08,
        "p25": 6.810046926375435e-08,
        "p50": 7.33109573047841e-08,
        "p75": 7.54660476331992e-08,
        "p95": 7.60510516784052e-08,
        "max": 7.638006849219892e-08
      },
      "alpha": {
        "count": 16,
        "mean": 1.9999999494757503e-05,
        "min": 1.9999999494757503e-05,
        "p25": 1.9999999494757503e-05,
        "p50": 1.9999999494757503e-05,
        "p75": 1.9999999494757503e-05,
        "p95": 1.9999999494757503e-05,
        "max": 1.9999999494757503e-05
      },
      "num_points_in_search": {
        "count": 16,
        "mean": 829.4375,
        "min": 39.0,
        "p25": 82.5,
        "p50": 317.5,
        "p75": 1056.5,
        "p95": 2675.75,
        "max": 2705.0
      }
    },
    "0.499348": {
      "observation_error_norm": {
        "count": 1,
        "mean": 0.2117493897676468,
        "min": 0.2117493897676468,
        "p25": 0.2117493897676468,
        "p50": 0.2117493897676468,
        "p75": 0.2117493897676468,
        "p95": 0.2117493897676468,
        "max": 0.2117493897676468
      },
      "dynamics_error_norm": {
        "count": 1,
        "mean": 4.972960472106934,
        "min": 4.972960472106934,
        "p25": 4.972960472106934,
        "p50": 4.972960472106934,
        "p75": 4.972960472106934,
        "p95": 4.972960472106934,
        "max": 4.972960472106934
      },
      "observation_dynamics_gap_norm": {
        "count": 1,
        "mean": 4.859609603881836,
        "min": 4.859609603881836,
        "p25": 4.859609603881836,
        "p50": 4.859609603881836,
        "p75": 4.859609603881836,
        "p95": 4.859609603881836,
        "max": 4.859609603881836
      },
      "applied_residual_norm": {
        "count": 1,
        "mean": 5.5335732440653373e-08,
        "min": 5.5335732440653373e-08,
        "p25": 5.5335732440653373e-08,
        "p50": 5.5335732440653373e-08,
        "p75": 5.5335732440653373e-08,
        "p95": 5.5335732440653373e-08,
        "max": 5.5335732440653373e-08
      },
      "alpha": {
        "count": 1,
        "mean": 1.9999999494757503e-05,
        "min": 1.9999999494757503e-05,
        "p25": 1.9999999494757503e-05,
        "p50": 1.9999999494757503e-05,
        "p75": 1.9999999494757503e-05,
        "p95": 1.9999999494757503e-05,
        "max": 1.9999999494757503e-05
      },
      "num_points_in_search": {
        "count": 1,
        "mean": 1.0,
        "min": 1.0,
        "p25": 1.0,
        "p50": 1.0,
        "p75": 1.0,
        "p95": 1.0,
        "max": 1.0
      }
    },
    "0.499843": {
      "observation_error_norm": {
        "count": 20,
        "mean": 1.0148316621780396,
        "min": 0.05037052556872368,
        "p25": 0.11114523559808731,
        "p50": 0.18766242265701294,
        "p75": 1.4079275131225586,
        "p95": 3.572139024734497,
        "max": 4.638813495635986
      },
      "dynamics_error_norm": {
        "count": 20,
        "mean": 0.24438440799713135,
        "min": 0.01962966099381447,
        "p25": 0.02381262555718422,
        "p50": 0.031327176839113235,
        "p75": 0.05973423272371292,
        "p95": 1.0849895477294922,
        "max": 1.0866796970367432
      },
      "observation_dynamics_gap_norm": {
        "count": 20,
        "mean": 1.1860305070877075,
        "min": 0.012995662167668343,
        "p25": 0.13042128086090088,
        "p50": 0.974185049533844,
        "p75": 1.3943473100662231,
        "p95": 3.5552926063537598,
        "max": 4.624192237854004
      },
      "applied_residual_norm": {
        "count": 20,
        "mean": 7.126467238549594e-08,
        "min": 5.7377587125984064e-08,
        "p25": 7.00390145880192e-08,
        "p50": 7.319416539530721e-08,
        "p75": 7.51127942066887e-08,
        "p95": 7.574585936254152e-08,
        "max": 7.712930027992115e-08
      },
      "alpha": {
        "count": 20,
        "mean": 2.0000001313746907e-05,
        "min": 1.9999999494757503e-05,
        "p25": 1.9999999494757503e-05,
        "p50": 1.9999999494757503e-05,
        "p75": 1.9999999494757503e-05,
        "p95": 1.9999999494757503e-05,
        "max": 1.9999999494757503e-05
      },
      "num_points_in_search": {
        "count": 20,
        "mean": 690.0,
        "min": 3.0,
        "p25": 59.75,
        "p50": 114.5,
        "p75": 625.5,
        "p95": 2665.64990234375,
        "max": 2697.0
      }
    },
    "0.499856": {
      "observation_error_norm": {
        "count": 4,
        "mean": 3.5306034088134766,
        "min": 3.115953207015991,
        "p25": 3.1758978366851807,
        "p50": 3.2391507625579834,
        "p75": 3.5938563346862793,
        "p95": 4.3412981033325195,
        "max": 4.528158664703369
      },
      "dynamics_error_norm": {
        "count": 4,
        "mean": 0.03687275946140289,
        "min": 0.03596828505396843,
        "p25": 0.03606738522648811,
        "p50": 0.036823734641075134,
        "p75": 0.03762911260128021,
        "p95": 0.0378260500729084,
        "max": 0.03787528723478317
      },
      "observation_dynamics_gap_norm": {
        "count": 4,
        "mean": 3.515502691268921,
        "min": 3.101374864578247,
        "p25": 3.1617915630340576,
        "p50": 3.223600387573242,
        "p75": 3.5773112773895264,
        "p95": 4.3262104988098145,
        "max": 4.513435363769531
      },
      "applied_residual_norm": {
        "count": 4,
        "mean": 7.374551813654762e-08,
        "min": 7.193657580728541e-08,
        "p25": 7.213476749257097e-08,
        "p50": 7.364747034444008e-08,
        "p75": 7.525822098841672e-08,
        "p95": 7.565210324855798e-08,
        "max": 7.575057026087961e-08
      },
      "alpha": {
        "count": 4,
        "mean": 1.9999999494757503e-05,
        "min": 1.9999999494757503e-05,
        "p25": 1.9999999494757503e-05,
        "p50": 1.9999999494757503e-05,
        "p75": 1.9999999494757503e-05,
        "p95": 1.9999999494757503e-05,
        "max": 1.9999999494757503e-05
      },
      "num_points_in_search": {
        "count": 4,
        "mean": 10.0,
        "min": 10.0,
        "p25": 10.0,
        "p50": 10.0,
        "p75": 10.0,
        "p95": 10.0,
        "max": 10.0
      }
    },
    "0.499857": {
      "observation_error_norm": {
        "count": 4,
        "mean": 2.7946367263793945,
        "min": 1.0871241092681885,
        "p25": 2.3314101696014404,
        "p50": 2.8741259574890137,
        "p75": 3.337352752685547,
        "p95": 4.142007350921631,
        "max": 4.343171119689941
      },
      "dynamics_error_norm": {
        "count": 4,
        "mean": 0.0361010767519474,
        "min": 0.03534187749028206,
        "p25": 0.03552797809243202,
        "p50": 0.03559351712465286,
        "p75": 0.03616661950945854,
        "p95": 0.03753364086151123,
        "max": 0.03787539526820183
      },
      "observation_dynamics_gap_norm": {
        "count": 4,
        "mean": 2.7780377864837646,
        "min": 1.066798210144043,
        "p25": 2.31264591217041,
        "p50": 2.857293128967285,
        "p75": 3.3226850032806396,
        "p95": 4.129149913787842,
        "max": 4.330766201019287
      },
      "applied_residual_norm": {
        "count": 4,
        "mean": 7.220215536563046e-08,
        "min": 7.068375396102056e-08,
        "p25": 7.105596466772113e-08,
        "p50": 7.118704559161415e-08,
        "p75": 7.233324339495084e-08,
        "p95": 7.506727683903591e-08,
        "max": 7.57507905291277e-08
      },
      "alpha": {
        "count": 4,
        "mean": 1.9999999494757503e-05,
        "min": 1.9999999494757503e-05,
        "p25": 1.9999999494757503e-05,
        "p50": 1.9999999494757503e-05,
        "p75": 1.9999999494757503e-05,
        "p95": 1.9999999494757503e-05,
        "max": 1.9999999494757503e-05
      },
      "num_points_in_search": {
        "count": 4,
        "mean": 10.0,
        "min": 10.0,
        "p25": 10.0,
        "p50": 10.0,
        "p75": 10.0,
        "p95": 10.0,
        "max": 10.0
      }
    },
    "0.499858": {
      "observation_error_norm": {
        "count": 28,
        "mean": 1.1710660457611084,
        "min": 0.07671809941530228,
        "p25": 0.1802235245704651,
        "p50": 0.5749073028564453,
        "p75": 1.0602836608886719,
        "p95": 5.853283405303955,
        "max": 6.6728515625
      },
      "dynamics_error_norm": {
        "count": 28,
        "mean": 0.7244113087654114,
        "min": 0.020952992141246796,
        "p25": 0.028658391907811165,
        "p50": 0.03837722912430763,
        "p75": 1.6430401802062988,
        "p95": 3.255659341812134,
        "max": 3.257042169570923
      },
      "observation_dynamics_gap_norm": {
        "count": 28,
        "mean": 1.7927806377410889,
        "min": 0.1100960299372673,
        "p25": 0.5988825559616089,
        "p50": 1.144681453704834,
        "p75": 2.6969878673553467,
        "p95": 5.841544151306152,
        "max": 6.659054279327393
      },
      "applied_residual_norm": {
        "count": 28,
        "mean": 6.740756930412317e-08,
        "min": 4.703391454086159e-08,
        "p25": 5.79337111616951e-08,
        "p50": 7.145433045252503e-08,
        "p75": 7.493267162317352e-08,
        "p95": 7.645333255368314e-08,
        "max": 7.718942640622117e-08
      },
      "alpha": {
        "count": 28,
        "mean": 1.99999976757681e-05,
        "min": 1.9999999494757503e-05,
        "p25": 1.9999999494757503e-05,
        "p50": 1.9999999494757503e-05,
        "p75": 1.9999999494757503e-05,
        "p95": 1.9999999494757503e-05,
        "max": 1.9999999494757503e-05
      },
      "num_points_in_search": {
        "count": 28,
        "mean": 83.96428680419922,
        "min": 2.0,
        "p25": 5.75,
        "p50": 19.0,
        "p75": 205.25,
        "p95": 278.04998779296875,
        "max": 288.0
      }
    },
    "0.499861": {
      "observation_error_norm": {
        "count": 1,
        "mean": 0.056575603783130646,
        "min": 0.056575603783130646,
        "p25": 0.056575603783130646,
        "p50": 0.056575603783130646,
        "p75": 0.056575603783130646,
        "p95": 0.056575603783130646,
        "max": 0.056575603783130646
      },
      "dynamics_error_norm": {
        "count": 1,
        "mean": 3.837735414505005,
        "min": 3.837735414505005,
        "p25": 3.837735414505005,
        "p50": 3.837735414505005,
        "p75": 3.837735414505005,
        "p95": 3.837735414505005,
        "max": 3.837735414505005
      },
      "observation_dynamics_gap_norm": {
        "count": 1,
        "mean": 3.7823188304901123,
        "min": 3.7823188304901123,
        "p25": 3.7823188304901123,
        "p50": 3.7823188304901123,
        "p75": 3.7823188304901123,
        "p95": 3.7823188304901123,
        "max": 3.7823188304901123
      },
      "applied_residual_norm": {
        "count": 1,
        "mean": 5.241624023710756e-08,
        "min": 5.241624023710756e-08,
        "p25": 5.241624023710756e-08,
        "p50": 5.241624023710756e-08,
        "p75": 5.241624023710756e-08,
        "p95": 5.241624023710756e-08,
        "max": 5.241624023710756e-08
      },
      "alpha": {
        "count": 1,
        "mean": 1.9999999494757503e-05,
        "min": 1.9999999494757503e-05,
        "p25": 1.9999999494757503e-05,
        "p50": 1.9999999494757503e-05,
        "p75": 1.9999999494757503e-05,
        "p95": 1.9999999494757503e-05,
        "max": 1.9999999494757503e-05
      },
      "num_points_in_search": {
        "count": 1,
        "mean": 1.0,
        "min": 1.0,
        "p25": 1.0,
        "p50": 1.0,
        "p75": 1.0,
        "p95": 1.0,
        "max": 1.0
      }
    },
    "0.499864": {
      "observation_error_norm": {
        "count": 4,
        "mean": 0.768987774848938,
        "min": 0.15601880848407745,
        "p25": 0.2937149703502655,
        "p50": 0.5170563459396362,
        "p75": 0.9923291206359863,
        "p95": 1.7071213722229004,
        "max": 1.8858195543289185
      },
      "dynamics_error_norm": {
        "count": 4,
        "mean": 0.09042782336473465,
        "min": 0.08847533911466599,
        "p25": 0.09012743830680847,
        "p50": 0.09077160060405731,
        "p75": 0.09107199311256409,
        "p95": 0.09156859666109085,
        "max": 0.09169274568557739
      },
      "observation_dynamics_gap_norm": {
        "count": 4,
        "mean": 0.7591584324836731,
        "min": 0.2130967527627945,
        "p25": 0.364965558052063,
        "p50": 0.5112317800521851,
        "p75": 0.9054247140884399,
        "p95": 1.6219435930252075,
        "max": 1.801073431968689
      },
      "applied_residual_norm": {
        "count": 4,
        "mean": 7.429672166381351e-08,
        "min": 7.19608763688484e-08,
        "p25": 7.38867456107073e-08,
        "p50": 7.491020426186878e-08,
        "p75": 7.5320180314975e-08,
        "p95": 7.53885061044457e-08,
        "max": 7.540558755181337e-08
      },
      "alpha": {
        "count": 4,
        "mean": 1.9999999494757503e-05,
        "min": 1.9999999494757503e-05,
        "p25": 1.9999999494757503e-05,
        "p50": 1.9999999494757503e-05,
        "p75": 1.9999999494757503e-05,
        "p95": 1.9999999494757503e-05,
        "max": 1.9999999494757503e-05
      },
      "num_points_in_search": {
        "count": 4,
        "mean": 10.0,
        "min": 10.0,
        "p25": 10.0,
        "p50": 10.0,
        "p75": 10.0,
        "p95": 10.0,
        "max": 10.0
      }
    },
    "0.499868": {
      "observation_error_norm": {
        "count": 1,
        "mean": 0.18536992371082306,
        "min": 0.18536992371082306,
        "p25": 0.18536992371082306,
        "p50": 0.18536992371082306,
        "p75": 0.18536992371082306,
        "p95": 0.18536992371082306,
        "max": 0.18536992371082306
      },
      "dynamics_error_norm": {
        "count": 1,
        "mean": 0.3732980191707611,
        "min": 0.3732980191707611,
        "p25": 0.3732980191707611,
        "p50": 0.3732980191707611,
        "p75": 0.3732980191707611,
        "p95": 0.3732980191707611,
        "max": 0.3732980191707611
      },
      "observation_dynamics_gap_norm": {
        "count": 1,
        "mean": 0.2190593034029007,
        "min": 0.2190593034029007,
        "p25": 0.2190593034029007,
        "p50": 0.2190593034029007,
        "p75": 0.2190593034029007,
        "p95": 0.2190593034029007,
        "max": 0.2190593034029007
      },
      "applied_residual_norm": {
        "count": 1,
        "mean": 7.200786455996422e-08,
        "min": 7.200786455996422e-08,
        "p25": 7.200786455996422e-08,
        "p50": 7.200786455996422e-08,
        "p75": 7.200786455996422e-08,
        "p95": 7.200786455996422e-08,
        "max": 7.200786455996422e-08
      },
      "alpha": {
        "count": 1,
        "mean": 1.9999999494757503e-05,
        "min": 1.9999999494757503e-05,
        "p25": 1.9999999494757503e-05,
        "p50": 1.9999999494757503e-05,
        "p75": 1.9999999494757503e-05,
        "p95": 1.9999999494757503e-05,
        "max": 1.9999999494757503e-05
      },
      "num_points_in_search": {
        "count": 1,
        "mean": 929.0,
        "min": 929.0,
        "p25": 929.0,
        "p50": 929.0,
        "p75": 929.0,
        "p95": 929.0,
        "max": 929.0
      }
    },
    "0.49987": {
      "observation_error_norm": {
        "count": 1,
        "mean": 0.38544467091560364,
        "min": 0.38544467091560364,
        "p25": 0.38544467091560364,
        "p50": 0.38544467091560364,
        "p75": 0.38544467091560364,
        "p95": 0.38544467091560364,
        "max": 0.38544467091560364
      },
      "dynamics_error_norm": {
        "count": 1,
        "mean": 5.44435977935791,
        "min": 5.44435977935791,
        "p25": 5.44435977935791,
        "p50": 5.44435977935791,
        "p75": 5.44435977935791,
        "p95": 5.44435977935791,
        "max": 5.44435977935791
      },
      "observation_dynamics_gap_norm": {
        "count": 1,
        "mean": 5.065581321716309,
        "min": 5.065581321716309,
        "p25": 5.065581321716309,
        "p50": 5.065581321716309,
        "p75": 5.065581321716309,
        "p95": 5.065581321716309,
        "max": 5.065581321716309
      },
      "applied_residual_norm": {
        "count": 1,
        "mean": 5.4803663829261495e-08,
        "min": 5.4803663829261495e-08,
        "p25": 5.4803663829261495e-08,
        "p50": 5.4803663829261495e-08,
        "p75": 5.4803663829261495e-08,
        "p95": 5.4803663829261495e-08,
        "max": 5.4803663829261495e-08
      },
      "alpha": {
        "count": 1,
        "mean": 1.9999999494757503e-05,
        "min": 1.9999999494757503e-05,
        "p25": 1.9999999494757503e-05,
        "p50": 1.9999999494757503e-05,
        "p75": 1.9999999494757503e-05,
        "p95": 1.9999999494757503e-05,
        "max": 1.9999999494757503e-05
      },
      "num_points_in_search": {
        "count": 1,
        "mean": 1.0,
        "min": 1.0,
        "p25": 1.0,
        "p50": 1.0,
        "p75": 1.0,
        "p95": 1.0,
        "max": 1.0
      }
    },
    "0.499872": {
      "observation_error_norm": {
        "count": 13,
        "mean": 1.2781709432601929,
        "min": 0.08164779096841812,
        "p25": 0.13613809645175934,
        "p50": 0.2888731062412262,
        "p75": 2.342451333999634,
        "p95": 4.1736931800842285,
        "max": 4.570370674133301
      },
      "dynamics_error_norm": {
        "count": 13,
        "mean": 0.36105936765670776,
        "min": 0.06451644003391266,
        "p25": 0.06783810257911682,
        "p50": 0.08293496072292328,
        "p75": 1.0032668113708496,
        "p95": 1.003836989402771,
        "max": 1.0039316415786743
      },
      "observation_dynamics_gap_norm": {
        "count": 13,
        "mean": 1.524758219718933,
        "min": 0.1144786924123764,
        "p25": 0.2995455861091614,
        "p50": 1.004734754562378,
        "p75": 2.3239760398864746,
        "p95": 4.1589579582214355,
        "max": 4.556875228881836
      },
      "applied_residual_norm": {
        "count": 13,
        "mean": 6.994845591634657e-08,
        "min": 6.204522406960677e-08,
        "p25": 6.552143361204799e-08,
        "p50": 7.016478065224874e-08,
        "p75": 7.510958255352307e-08,
        "p95": 7.581872552009372e-08,
        "max": 7.625288844792522e-08
      },
      "alpha": {
        "count": 13,
        "mean": 2.000000313273631e-05,
        "min": 1.9999999494757503e-05,
        "p25": 1.9999999494757503e-05,
        "p50": 1.9999999494757503e-05,
        "p75": 1.9999999494757503e-05,
        "p95": 1.9999999494757503e-05,
        "max": 1.9999999494757503e-05
      },
      "num_points_in_search": {
        "count": 13,
        "mean": 951.3846435546875,
        "min": 39.0,
        "p25": 41.0,
        "p50": 469.0,
        "p75": 2520.0,
        "p95": 2583.60009765625,
        "max": 2589.0
      }
    },
    "0.499874": {
      "observation_error_norm": {
        "count": 4,
        "mean": 1.9984190464019775,
        "min": 1.208026647567749,
        "p25": 1.8251571655273438,
        "p50": 2.069020986557007,
        "p75": 2.2422828674316406,
        "p95": 2.566542863845825,
        "max": 2.6476078033447266
      },
      "dynamics_error_norm": {
        "count": 4,
        "mean": 0.053766489028930664,
        "min": 0.051725905388593674,
        "p25": 0.052556924521923065,
        "p50": 0.053655803203582764,
        "p75": 0.05486536771059036,
        "p95": 0.055795829743146896,
        "max": 0.056028444319963455
      },
      "observation_dynamics_gap_norm": {
        "count": 4,
        "mean": 1.9563157558441162,
        "min": 1.163295030593872,
        "p25": 1.7822291851043701,
        "p50": 2.027662754058838,
        "p75": 2.201749324798584,
        "p95": 2.5256640911102295,
        "max": 2.606642723083496
      },
      "applied_residual_norm": {
        "count": 4,
        "mean": 7.331856011205673e-08,
        "min": 7.015235325980029e-08,
        "p25": 7.214263320065584e-08,
        "p50": 7.386415745713748e-08,
        "p75": 7.504008436853837e-08,
        "p95": 7.532289458822561e-08,
        "max": 7.53936006958611e-08
      },
      "alpha": {
        "count": 4,
        "mean": 1.9999999494757503e-05,
        "min": 1.9999999494757503e-05,
        "p25": 1.9999999494757503e-05,
        "p50": 1.9999999494757503e-05,
        "p75": 1.9999999494757503e-05,
        "p95": 1.9999999494757503e-05,
        "max": 1.9999999494757503e-05
      },
      "num_points_in_search": {
        "count": 4,
        "mean": 10.0,
        "min": 10.0,
        "p25": 10.0,
        "p50": 10.0,
        "p75": 10.0,
        "p95": 10.0,
        "max": 10.0
      }
    },
    "0.499875": {
      "observation_error_norm": {
        "count": 28,
        "mean": 1.37940514087677,
        "min": 0.029775911942124367,
        "p25": 0.14232589304447174,
        "p50": 0.5698133707046509,
        "p75": 1.5380734205245972,
        "p95": 5.062458038330078,
        "max": 5.434561252593994
      },
      "dynamics_error_norm": {
        "count": 28,
        "mean": 0.2503213882446289,
        "min": 0.021242879331111908,
        "p25": 0.03643307462334633,
        "p50": 0.0419594869017601,
        "p75": 0.0763673186302185,
        "p95": 1.4669568538665771,
        "max": 1.4685739278793335
      },
      "observation_dynamics_gap_norm": {
        "count": 28,
        "mean": 1.5697460174560547,
        "min": 0.10794635117053986,
        "p25": 0.39554309844970703,
        "p50": 0.8713661432266235,
        "p75": 1.5454299449920654,
        "p95": 5.121643543243408,
        "max": 5.494280815124512
      },
      "applied_residual_norm": {
        "count": 28,
        "mean": 7.072149799114413e-08,
        "min": 5.370808864313403e-08,
        "p25": 6.991519541088564e-08,
        "p50": 7.29108649011323e-08,
        "p75": 7.466488938234761e-08,
        "p95": 7.550465142003304e-08,
        "max": 7.550545433332445e-08
      },
      "alpha": {
        "count": 28,
        "mean": 1.99999976757681e-05,
        "min": 1.9999999494757503e-05,
        "p25": 1.9999999494757503e-05,
        "p50": 1.9999999494757503e-05,
        "p75": 1.9999999494757503e-05,
        "p95": 1.9999999494757503e-05,
        "max": 1.9999999494757503e-05
      },
      "num_points_in_search": {
        "count": 28,
        "mean": 632.4285888671875,
        "min": 0.0,
        "p25": 2.0,
        "p50": 176.5,
        "p75": 1179.5,
        "p95": 2807.89990234375,
        "max": 2895.0
      }
    },
    "0.499877": {
      "observation_error_norm": {
        "count": 3,
        "mean": 0.18241743743419647,
        "min": 0.14939163625240326,
        "p25": 0.16123095154762268,
        "p50": 0.1730702668428421,
        "p75": 0.19893032312393188,
        "p95": 0.21961838006973267,
        "max": 0.22479039430618286
      },
      "dynamics_error_norm": {
        "count": 3,
        "mean": 0.0686628669500351,
        "min": 0.03637312725186348,
        "p25": 0.03655648231506348,
        "p50": 0.036739833652973175,
        "p75": 0.08480773866176605,
        "p95": 0.12326205521821976,
        "max": 0.13287563621997833
      },
      "observation_dynamics_gap_norm": {
        "count": 3,
        "mean": 0.13310451805591583,
        "min": 0.03453051298856735,
        "p25": 0.10106754302978516,
        "p50": 0.16760456562042236,
        "p75": 0.18239152431488037,
        "p95": 0.19422109425067902,
        "max": 0.19717848300933838
      },
      "applied_residual_norm": {
        "count": 3,
        "mean": 7.30577696117507e-08,
        "min": 7.274626057096611e-08,
        "p25": 7.28468307897856e-08,
        "p50": 7.294739390317773e-08,
        "p75": 7.321352768485667e-08,
        "p95": 7.342644181562719e-08,
        "max": 7.347966857196297e-08
      },
      "alpha": {
        "count": 3,
        "mean": 1.9999999494757503e-05,
        "min": 1.9999999494757503e-05,
        "p25": 1.9999999494757503e-05,
        "p50": 1.9999999494757503e-05,
        "p75": 1.9999999494757503e-05,
        "p95": 1.9999999494757503e-05,
        "max": 1.9999999494757503e-05
      },
      "num_points_in_search": {
        "count": 3,
        "mean": 278.3333435058594,
        "min": 32.0,
        "p25": 51.5,
        "p50": 71.0,
        "p75": 401.5,
        "p95": 665.8999633789062,
        "max": 732.0
      }
    },
    "0.499879": {
      "observation_error_norm": {
        "count": 5,
        "mean": 0.6758919954299927,
        "min": 0.1259406954050064,
        "p25": 0.48787161707878113,
        "p50": 0.6636349558830261,
        "p75": 0.9789442420005798,
        "p95": 1.0942435264587402,
        "max": 1.1230683326721191
      },
      "dynamics_error_norm": {
        "count": 5,
        "mean": 0.09336581081151962,
        "min": 0.08854036778211594,
        "p25": 0.08939339220523834,
        "p50": 0.09150854498147964,
        "p75": 0.09245333075523376,
        "p95": 0.10243740677833557,
        "max": 0.10493342578411102
      },
      "observation_dynamics_gap_norm": {
        "count": 5,
        "mean": 0.5854148864746094,
        "min": 0.024623753502964973,
        "p25": 0.3966045677661896,
        "p50": 0.5785611271858215,
        "p75": 0.8932107090950012,
        "p95": 1.0059016942977905,
        "max": 1.0340744256973267
      },
      "applied_residual_norm": {
        "count": 5,
        "mean": 7.461196105396084e-08,
        "min": 7.132488377692425e-08,
        "p25": 7.480709030005528e-08,
        "p50": 7.520908695823891e-08,
        "p75": 7.547588865008947e-08,
        "p95": 7.608947072412775e-08,
        "max": 7.624286268992364e-08
      },
      "alpha": {
        "count": 5,
        "mean": 1.9999999494757503e-05,
        "min": 1.9999999494757503e-05,
        "p25": 1.9999999494757503e-05,
        "p50": 1.9999999494757503e-05,
        "p75": 1.9999999494757503e-05,
        "p95": 1.9999999494757503e-05,
        "max": 1.9999999494757503e-05
      },
      "num_points_in_search": {
        "count": 5,
        "mean": 66.5999984741211,
        "min": 6.0,
        "p25": 6.0,
        "p50": 6.0,
        "p75": 6.0,
        "p95": 248.3999786376953,
        "max": 309.0
      }
    },
    "0.499881": {
      "observation_error_norm": {
        "count": 9,
        "mean": 2.2313315868377686,
        "min": 0.15383073687553406,
        "p25": 1.8732519149780273,
        "p50": 2.451979875564575,
        "p75": 2.997082471847534,
        "p95": 3.26950740814209,
        "max": 3.4491825103759766
      },
      "dynamics_error_norm": {
        "count": 9,
        "mean": 0.07432005554437637,
        "min": 0.052046265453100204,
        "p25": 0.05387004837393761,
        "p50": 0.089046910405159,
        "p75": 0.09102199971675873,
        "p95": 0.09291911125183105,
        "max": 0.09311201423406601
      },
      "observation_dynamics_gap_norm": {
        "count": 9,
        "mean": 2.1799981594085693,
        "min": 0.20190830528736115,
        "p25": 1.7897186279296875,
        "p50": 2.4085752964019775,
        "p75": 2.954986095428467,
        "p95": 3.225801467895508,
        "max": 3.4040324687957764
      },
      "applied_residual_norm": {
        "count": 9,
        "mean": 7.333553497801404e-08,
        "min": 7.092771170391643e-08,
        "p25": 7.193997220156234e-08,
        "p50": 7.38293977065041e-08,
        "p75": 7.465008877716173e-08,
        "p95": 7.53464917124802e-08,
        "max": 7.540152324736482e-08
      },
      "alpha": {
        "count": 9,
        "mean": 1.9999999494757503e-05,
        "min": 1.9999999494757503e-05,
        "p25": 1.9999999494757503e-05,
        "p50": 1.9999999494757503e-05,
        "p75": 1.9999999494757503e-05,
        "p95": 1.9999999494757503e-05,
        "max": 1.9999999494757503e-05
      },
      "num_points_in_search": {
        "count": 9,
        "mean": 10.0,
        "min": 10.0,
        "p25": 10.0,
        "p50": 10.0,
        "p75": 10.0,
        "p95": 10.0,
        "max": 10.0
      }
    },
    "0.499882": {
      "observation_error_norm": {
        "count": 32,
        "mean": 0.13675029575824738,
        "min": 0.030629172921180725,
        "p25": 0.05657249689102173,
        "p50": 0.10961659252643585,
        "p75": 0.15733130276203156,
        "p95": 0.29455432295799255,
        "max": 0.6204990148544312
      },
      "dynamics_error_norm": {
        "count": 32,
        "mean": 1.1197725534439087,
        "min": 0.021730268374085426,
        "p25": 0.029566582292318344,
        "p50": 0.062471117824316025,
        "p75": 2.1893997192382812,
        "p95": 3.7245516777038574,
        "max": 3.725278377532959
      },
      "observation_dynamics_gap_norm": {
        "count": 32,
        "mean": 1.187751054763794,
        "min": 0.040332842618227005,
        "p25": 0.07431579381227493,
        "p50": 0.20723174512386322,
        "p75": 2.1552255153656006,
        "p95": 3.866962432861328,
        "max": 3.9230363368988037
      },
      "applied_residual_norm": {
        "count": 32,
        "mean": 6.498685678479887e-08,
        "min": 4.53780408804505e-08,
        "p25": 5.316626427998017e-08,
        "p50": 7.119736977756475e-08,
        "p75": 7.456129935690115e-08,
        "p95": 7.55077920189251e-08,
        "max": 7.588870687413873e-08
      },
      "alpha": {
        "count": 32,
        "mean": 1.9999999494757503e-05,
        "min": 1.9999999494757503e-05,
        "p25": 1.9999999494757503e-05,
        "p50": 1.9999999494757503e-05,
        "p75": 1.9999999494757503e-05,
        "p95": 1.9999999494757503e-05,
        "max": 1.9999999494757503e-05
      },
      "num_points_in_search": {
        "count": 32,
        "mean": 69.75,
        "min": 0.0,
        "p25": 0.75,
        "p50": 5.0,
        "p75": 49.0,
        "p95": 360.8999938964844,
        "max": 396.0
      }
    },
    "0.499883": {
      "observation_error_norm": {
        "count": 9,
        "mean": 2.166161060333252,
        "min": 0.13950835168361664,
        "p25": 2.2344436645507812,
        "p50": 2.3556129932403564,
        "p75": 2.6977009773254395,
        "p95": 2.817805767059326,
        "max": 2.8470308780670166
      },
      "dynamics_error_norm": {
        "count": 9,
        "mean": 0.05477650836110115,
        "min": 0.04936350882053375,
        "p25": 0.05456414073705673,
        "p50": 0.05548706650733948,
        "p75": 0.056059956550598145,
        "p95": 0.05680735781788826,
        "max": 0.0568084642291069
      },
      "observation_dynamics_gap_norm": {
        "count": 9,
        "mean": 2.124413251876831,
        "min": 0.11148388683795929,
        "p25": 2.1881556510925293,
        "p50": 2.311232566833496,
        "p75": 2.6552200317382812,
        "p95": 2.774916172027588,
        "max": 2.8029227256774902
      },
      "applied_residual_norm": {
        "count": 9,
        "mean": 7.470051599511862e-08,
        "min": 7.07773253338928e-08,
        "p25": 7.430620030390855e-08,
        "p50": 7.540213431411757e-08,
        "p75": 7.607537355625027e-08,
        "p95": 7.673539670349783e-08,
        "max": 7.70659625004555e-08
      },
      "alpha": {
        "count": 9,
        "mean": 1.9999999494757503e-05,
        "min": 1.9999999494757503e-05,
        "p25": 1.9999999494757503e-05,
        "p50": 1.9999999494757503e-05,
        "p75": 1.9999999494757503e-05,
        "p95": 1.9999999494757503e-05,
        "max": 1.9999999494757503e-05
      },
      "num_points_in_search": {
        "count": 9,
        "mean": 21.11111068725586,
        "min": 8.0,
        "p25": 8.0,
        "p50": 9.0,
        "p75": 9.0,
        "p95": 76.79998779296875,
        "max": 122.0
      }
    },
    "0.499884": {
      "observation_error_norm": {
        "count": 8,
        "mean": 1.4537482261657715,
        "min": 0.15662553906440735,
        "p25": 0.6338141560554504,
        "p50": 0.96193528175354,
        "p75": 1.894192099571228,
        "p95": 3.56373929977417,
        "max": 4.274655342102051
      },
      "dynamics_error_norm": {
        "count": 8,
        "mean": 0.04564301669597626,
        "min": 0.03549830988049507,
        "p25": 0.037276752293109894,
        "p50": 0.045786693692207336,
        "p75": 0.05394626036286354,
        "p95": 0.05515717342495918,
        "max": 0.055631835013628006
      },
      "observation_dynamics_gap_norm": {
        "count": 8,
        "mean": 1.4287155866622925,
        "min": 0.16518394649028778,
        "p25": 0.5860476493835449,
        "p50": 0.9292058944702148,
        "p75": 1.8792331218719482,
        "p95": 3.5472333431243896,
        "max": 4.2594804763793945
      },
      "applied_residual_norm": {
        "count": 8,
        "mean": 7.39095185053884e-08,
        "min": 7.099661303300309e-08,
        "p25": 7.335268037422793e-08,
        "p50": 7.403981783227209e-08,
        "p75": 7.488781506026498e-08,
        "p95": 7.556601389069328e-08,
        "max": 7.575463456532816e-08
      },
      "alpha": {
        "count": 8,
        "mean": 1.9999999494757503e-05,
        "min": 1.9999999494757503e-05,
        "p25": 1.9999999494757503e-05,
        "p50": 1.9999999494757503e-05,
        "p75": 1.9999999494757503e-05,
        "p95": 1.9999999494757503e-05,
        "max": 1.9999999494757503e-05
      },
      "num_points_in_search": {
        "count": 8,
        "mean": 10.0,
        "min": 10.0,
        "p25": 10.0,
        "p50": 10.0,
        "p75": 10.0,
        "p95": 10.0,
        "max": 10.0
      }
    },
    "0.499885": {
      "observation_error_norm": {
        "count": 2,
        "mean": 0.3762817680835724,
        "min": 0.24744738638401031,
        "p25": 0.31186458468437195,
        "p50": 0.3762817680835724,
        "p75": 0.4406989812850952,
        "p95": 0.49223271012306213,
        "max": 0.5051161646842957
      },
      "dynamics_error_norm": {
        "count": 2,
        "mean": 0.9963696002960205,
        "min": 0.09896472096443176,
        "p25": 0.5476671457290649,
        "p50": 0.9963696002960205,
        "p75": 1.445072054862976,
        "p95": 1.8040339946746826,
        "max": 1.8937745094299316
      },
      "observation_dynamics_gap_norm": {
        "count": 2,
        "mean": 1.0840073823928833,
        "min": 0.48972567915916443,
        "p25": 0.7868665456771851,
        "p50": 1.0840073823928833,
        "p75": 1.3811482191085815,
        "p95": 1.6188608407974243,
        "max": 1.6782890558242798
      },
      "applied_residual_norm": {
        "count": 2,
        "mean": 6.449923262152879e-08,
        "min": 6.145121744793869e-08,
        "p25": 6.297522503473374e-08,
        "p50": 6.449923262152879e-08,
        "p75": 6.602324020832384e-08,
        "p95": 6.724244627775988e-08,
        "max": 6.754724779511889e-08
      },
      "alpha": {
        "count": 2,
        "mean": 1.9999999494757503e-05,
        "min": 1.9999999494757503e-05,
        "p25": 1.9999999494757503e-05,
        "p50": 1.9999999494757503e-05,
        "p75": 1.9999999494757503e-05,
        "p95": 1.9999999494757503e-05,
        "max": 1.9999999494757503e-05
      },
      "num_points_in_search": {
        "count": 2,
        "mean": 10.0,
        "min": 0.0,
        "p25": 5.0,
        "p50": 10.0,
        "p75": 15.0,
        "p95": 19.0,
        "max": 20.0
      }
    },
    "0.499886": {
      "observation_error_norm": {
        "count": 20,
        "mean": 0.3706658184528351,
        "min": 0.10029257088899612,
        "p25": 0.12728999555110931,
        "p50": 0.20067861676216125,
        "p75": 0.31219545006752014,
        "p95": 1.2417970895767212,
        "max": 2.201019525527954
      },
      "dynamics_error_norm": {
        "count": 20,
        "mean": 0.2720954716205597,
        "min": 0.020639613270759583,
        "p25": 0.024885648861527443,
        "p50": 0.03247230499982834,
        "p75": 0.05991591513156891,
        "p95": 1.2207835912704468,
        "max": 1.2211627960205078
      },
      "observation_dynamics_gap_norm": {
        "count": 20,
        "mean": 0.5589801669120789,
        "min": 0.07924454659223557,
        "p25": 0.14213229715824127,
        "p50": 0.27343863248825073,
        "p75": 1.1279951333999634,
        "p95": 1.272383213043213,
        "max": 2.1858530044555664
      },
      "applied_residual_norm": {
        "count": 20,
        "mean": 7.083067288249367e-08,
        "min": 5.9358750803539806e-08,
        "p25": 6.944894437310722e-08,
        "p50": 7.258036305302085e-08,
        "p75": 7.54515170342529e-08,
        "p95": 7.56658593559223e-08,
        "max": 7.586186967500907e-08
      },
      "alpha": {
        "count": 20,
        "mean": 2.0000001313746907e-05,
        "min": 1.9999999494757503e-05,
        "p25": 1.9999999494757503e-05,
        "p50": 1.9999999494757503e-05,
        "p75": 1.9999999494757503e-05,
        "p95": 1.9999999494757503e-05,
        "max": 1.9999999494757503e-05
      },
      "num_points_in_search": {
        "count": 20,
        "mean": 745.9500122070312,
        "min": 1.0,
        "p25": 92.5,
        "p50": 149.5,
        "p75": 803.25,
        "p95": 2711.300048828125,
        "max": 2736.0
      }
    },
    "0.499888": {
      "observation_error_norm": {
        "count": 1,
        "mean": 0.34769949316978455,
        "min": 0.34769949316978455,
        "p25": 0.34769949316978455,
        "p50": 0.34769949316978455,
        "p75": 0.34769949316978455,
        "p95": 0.34769949316978455,
        "max": 0.34769949316978455
      },
      "dynamics_error_norm": {
        "count": 1,
        "mean": 0.0732533410191536,
        "min": 0.0732533410191536,
        "p25": 0.0732533410191536,
        "p50": 0.0732533410191536,
        "p75": 0.0732533410191536,
        "p95": 0.0732533410191536,
        "max": 0.0732533410191536
      },
      "observation_dynamics_gap_norm": {
        "count": 1,
        "mean": 0.34342873096466064,
        "min": 0.34342873096466064,
        "p25": 0.34342873096466064,
        "p50": 0.34342873096466064,
        "p75": 0.34342873096466064,
        "p95": 0.34342873096466064,
        "max": 0.34342873096466064
      },
      "applied_residual_norm": {
        "count": 1,
        "mean": 7.137511914834249e-08,
        "min": 7.137511914834249e-08,
        "p25": 7.137511914834249e-08,
        "p50": 7.137511914834249e-08,
        "p75": 7.137511914834249e-08,
        "p95": 7.137511914834249e-08,
        "max": 7.137511914834249e-08
      },
      "alpha": {
        "count": 1,
        "mean": 1.9999999494757503e-05,
        "min": 1.9999999494757503e-05,
        "p25": 1.9999999494757503e-05,
        "p50": 1.9999999494757503e-05,
        "p75": 1.9999999494757503e-05,
        "p95": 1.9999999494757503e-05,
        "max": 1.9999999494757503e-05
      },
      "num_points_in_search": {
        "count": 1,
        "mean": 111.0,
        "min": 111.0,
        "p25": 111.0,
        "p50": 111.0,
        "p75": 111.0,
        "p95": 111.0,
        "max": 111.0
      }
    },
    "0.499889": {
      "observation_error_norm": {
        "count": 36,
        "mean": 0.7898563742637634,
        "min": 0.07394839078187943,
        "p25": 0.11077579855918884,
        "p50": 0.16372588276863098,
        "p75": 0.4207596480846405,
        "p95": 5.549930572509766,
        "max": 7.037777423858643
      },
      "dynamics_error_norm": {
        "count": 36,
        "mean": 0.5718234181404114,
        "min": 0.02051698789000511,
        "p25": 0.02979973331093788,
        "p50": 0.045033589005470276,
        "p75": 0.04919705167412758,
        "p95": 3.313486337661743,
        "max": 3.3150854110717773
      },
      "observation_dynamics_gap_norm": {
        "count": 36,
        "mean": 1.3013590574264526,
        "min": 0.08972432464361191,
        "p25": 0.14765793085098267,
        "p50": 0.390396386384964,
        "p75": 1.5896096229553223,
        "p95": 5.538025856018066,
        "max": 7.0249810218811035
      },
      "applied_residual_norm": {
        "count": 36,
        "mean": 6.924173590050486e-08,
        "min": 5.140640624290427e-08,
        "p25": 6.830458687545615e-08,
        "p50": 7.299748006062146e-08,
        "p75": 7.476528907091051e-08,
        "p95": 7.574025318035638e-08,
        "max": 7.64811574072155e-08
      },
      "alpha": {
        "count": 36,
        "mean": 1.9999999494757503e-05,
        "min": 1.9999999494757503e-05,
        "p25": 1.9999999494757503e-05,
        "p50": 1.9999999494757503e-05,
        "p75": 1.9999999494757503e-05,
        "p95": 1.9999999494757503e-05,
        "max": 1.9999999494757503e-05
      },
      "num_points_in_search": {
        "count": 36,
        "mean": 69.08333587646484,
        "min": 0.0,
        "p25": 3.0,
        "p50": 16.5,
        "p75": 31.0,
        "p95": 377.75,
        "max": 395.0
      }
    },
    "0.49989": {
      "observation_error_norm": {
        "count": 36,
        "mean": 0.3475515842437744,
        "min": 0.061062611639499664,
        "p25": 0.13742777705192566,
        "p50": 0.19385799765586853,
        "p75": 0.3519715666770935,
        "p95": 0.8630913496017456,
        "max": 2.8216137886047363
      },
      "dynamics_error_norm": {
        "count": 36,
        "mean": 0.7131263017654419,
        "min": 0.0348290279507637,
        "p25": 0.03786330297589302,
        "p50": 0.049343496561050415,
        "p75": 0.1287878453731537,
        "p95": 4.604198455810547,
        "max": 4.606054306030273
      },
      "observation_dynamics_gap_norm": {
        "count": 36,
        "mean": 0.8816409707069397,
        "min": 0.02202622778713703,
        "p25": 0.06525102257728577,
        "p50": 0.1858641654253006,
        "p75": 1.1322603225708008,
        "p95": 4.237055778503418,
        "max": 4.302411079406738
      },
      "applied_residual_norm": {
        "count": 36,
        "mean": 6.895925963590344e-08,
        "min": 5.014665305225208e-08,
        "p25": 6.874242330923153e-08,
        "p50": 7.240701904720481e-08,
        "p75": 7.483671993213648e-08,
        "p95": 7.586820771621205e-08,
        "max": 7.596714368673929e-08
      },
      "alpha": {
        "count": 36,
        "mean": 1.9999999494757503e-05,
        "min": 1.9999999494757503e-05,
        "p25": 1.9999999494757503e-05,
        "p50": 1.9999999494757503e-05,
        "p75": 1.9999999494757503e-05,
        "p95": 1.9999999494757503e-05,
        "max": 1.9999999494757503e-05
      },
      "num_points_in_search": {
        "count": 36,
        "mean": 338.0833435058594,
        "min": 0.0,
        "p25": 2.0,
        "p50": 7.0,
        "p75": 148.75,
        "p95": 1840.0,
        "max": 1988.0
      }
    },
    "0.499891": {
      "observation_error_norm": {
        "count": 1,
        "mean": 0.2929971516132355,
        "min": 0.2929971516132355,
        "p25": 0.2929971516132355,
        "p50": 0.2929971516132355,
        "p75": 0.2929971516132355,
        "p95": 0.2929971516132355,
        "max": 0.2929971516132355
      },
      "dynamics_error_norm": {
        "count": 1,
        "mean": 4.568999767303467,
        "min": 4.568999767303467,
        "p25": 4.568999767303467,
        "p50": 4.568999767303467,
        "p75": 4.568999767303467,
        "p95": 4.568999767303467,
        "max": 4.568999767303467
      },
      "observation_dynamics_gap_norm": {
        "count": 1,
        "mean": 4.463257312774658,
        "min": 4.463257312774658,
        "p25": 4.463257312774658,
        "p50": 4.463257312774658,
        "p75": 4.463257312774658,
        "p95": 4.463257312774658,
        "max": 4.463257312774658
      },
      "applied_residual_norm": {
        "count": 1,
        "mean": 5.523643054061722e-08,
        "min": 5.523643054061722e-08,
        "p25": 5.523643054061722e-08,
        "p50": 5.523643054061722e-08,
        "p75": 5.523643054061722e-08,
        "p95": 5.523643054061722e-08,
        "max": 5.523643054061722e-08
      },
      "alpha": {
        "count": 1,
        "mean": 1.9999999494757503e-05,
        "min": 1.9999999494757503e-05,
        "p25": 1.9999999494757503e-05,
        "p50": 1.9999999494757503e-05,
        "p75": 1.9999999494757503e-05,
        "p95": 1.9999999494757503e-05,
        "max": 1.9999999494757503e-05
      },
      "num_points_in_search": {
        "count": 1,
        "mean": 3.0,
        "min": 3.0,
        "p25": 3.0,
        "p50": 3.0,
        "p75": 3.0,
        "p95": 3.0,
        "max": 3.0
      }
    },
    "0.499892": {
      "observation_error_norm": {
        "count": 1,
        "mean": 4.882139682769775,
        "min": 4.882139682769775,
        "p25": 4.882139682769775,
        "p50": 4.882139682769775,
        "p75": 4.882139682769775,
        "p95": 4.882139682769775,
        "max": 4.882139682769775
      },
      "dynamics_error_norm": {
        "count": 1,
        "mean": 0.0607001930475235,
        "min": 0.0607001930475235,
        "p25": 0.0607001930475235,
        "p50": 0.0607001930475235,
        "p75": 0.0607001930475235,
        "p95": 0.0607001930475235,
        "max": 0.0607001930475235
      },
      "observation_dynamics_gap_norm": {
        "count": 1,
        "mean": 4.866696834564209,
        "min": 4.866696834564209,
        "p25": 4.866696834564209,
        "p50": 4.866696834564209,
        "p75": 4.866696834564209,
        "p95": 4.866696834564209,
        "max": 4.866696834564209
      },
      "applied_residual_norm": {
        "count": 1,
        "mean": 7.004213387062919e-08,
        "min": 7.004213387062919e-08,
        "p25": 7.004213387062919e-08,
        "p50": 7.004213387062919e-08,
        "p75": 7.004213387062919e-08,
        "p95": 7.004213387062919e-08,
        "max": 7.004213387062919e-08
      },
      "alpha": {
        "count": 1,
        "mean": 1.9999999494757503e-05,
        "min": 1.9999999494757503e-05,
        "p25": 1.9999999494757503e-05,
        "p50": 1.9999999494757503e-05,
        "p75": 1.9999999494757503e-05,
        "p95": 1.9999999494757503e-05,
        "max": 1.9999999494757503e-05
      },
      "num_points_in_search": {
        "count": 1,
        "mean": 23.0,
        "min": 23.0,
        "p25": 23.0,
        "p50": 23.0,
        "p75": 23.0,
        "p95": 23.0,
        "max": 23.0
      }
    },
    "0.499893": {
      "observation_error_norm": {
        "count": 1,
        "mean": 0.11240209639072418,
        "min": 0.11240209639072418,
        "p25": 0.11240209639072418,
        "p50": 0.11240209639072418,
        "p75": 0.11240209639072418,
        "p95": 0.11240209639072418,
        "max": 0.11240209639072418
      },
      "dynamics_error_norm": {
        "count": 1,
        "mean": 0.05740221217274666,
        "min": 0.05740221217274666,
        "p25": 0.05740221217274666,
        "p50": 0.05740221217274666,
        "p75": 0.05740221217274666,
        "p95": 0.05740221217274666,
        "max": 0.05740221217274666
      },
      "observation_dynamics_gap_norm": {
        "count": 1,
        "mean": 0.08191442489624023,
        "min": 0.08191442489624023,
        "p25": 0.08191442489624023,
        "p50": 0.08191442489624023,
        "p75": 0.08191442489624023,
        "p95": 0.08191442489624023,
        "max": 0.08191442489624023
      },
      "applied_residual_norm": {
        "count": 1,
        "mean": 7.364530318909601e-08,
        "min": 7.364530318909601e-08,
        "p25": 7.364530318909601e-08,
        "p50": 7.364530318909601e-08,
        "p75": 7.364530318909601e-08,
        "p95": 7.364530318909601e-08,
        "max": 7.364530318909601e-08
      },
      "alpha": {
        "count": 1,
        "mean": 1.9999999494757503e-05,
        "min": 1.9999999494757503e-05,
        "p25": 1.9999999494757503e-05,
        "p50": 1.9999999494757503e-05,
        "p75": 1.9999999494757503e-05,
        "p95": 1.9999999494757503e-05,
        "max": 1.9999999494757503e-05
      },
      "num_points_in_search": {
        "count": 1,
        "mean": 20.0,
        "min": 20.0,
        "p25": 20.0,
        "p50": 20.0,
        "p75": 20.0,
        "p95": 20.0,
        "max": 20.0
      }
    },
    "0.499897": {
      "observation_error_norm": {
        "count": 37,
        "mean": 0.726035475730896,
        "min": 0.038270898163318634,
        "p25": 0.16505545377731323,
        "p50": 0.2602652609348297,
        "p75": 0.5075336694717407,
        "p95": 3.0871191024780273,
        "max": 5.0609660148620605
      },
      "dynamics_error_norm": {
        "count": 37,
        "mean": 0.6047044992446899,
        "min": 0.034517038613557816,
        "p25": 0.03745301067829132,
        "p50": 0.07504662871360779,
        "p75": 0.234296053647995,
        "p95": 3.504955291748047,
        "max": 3.5060718059539795
      },
      "observation_dynamics_gap_norm": {
        "count": 37,
        "mean": 1.163557529449463,
        "min": 0.05710823833942413,
        "p25": 0.13643239438533783,
        "p50": 0.4827464520931244,
        "p75": 1.5652986764907837,
        "p95": 3.4906179904937744,
        "max": 5.046269416809082
      },
      "applied_residual_norm": {
        "count": 37,
        "mean": 6.882244463213283e-08,
        "min": 4.883644066921988e-08,
        "p25": 6.903407978597897e-08,
        "p50": 7.27195157423921e-08,
        "p75": 7.442447724770318e-08,
        "p95": 7.574291061018812e-08,
        "max": 7.769516230382578e-08
      },
      "alpha": {
        "count": 37,
        "mean": 2.0000001313746907e-05,
        "min": 1.9999999494757503e-05,
        "p25": 1.9999999494757503e-05,
        "p50": 1.9999999494757503e-05,
        "p75": 1.9999999494757503e-05,
        "p95": 1.9999999494757503e-05,
        "max": 1.9999999494757503e-05
      },
      "num_points_in_search": {
        "count": 37,
        "mean": 234.48648071289062,
        "min": 0.0,
        "p25": 2.0,
        "p50": 12.0,
        "p75": 200.0,
        "p95": 1365.5999755859375,
        "max": 1399.0
      }
    },
    "0.499899": {
      "observation_error_norm": {
        "count": 20,
        "mean": 0.23701171576976776,
        "min": 0.05369604378938675,
        "p25": 0.10396721214056015,
        "p50": 0.12609124183654785,
        "p75": 0.21650537848472595,
        "p95": 0.9222429394721985,
        "max": 1.1331290006637573
      },
      "dynamics_error_norm": {
        "count": 20,
        "mean": 0.27938681840896606,
        "min": 0.019362246617674828,
        "p25": 0.022013362497091293,
        "p50": 0.03891824930906296,
        "p75": 0.05939345434308052,
        "p95": 1.2561043500900269,
        "max": 1.256609559059143
      },
      "observation_dynamics_gap_norm": {
        "count": 20,
        "mean": 0.44602665305137634,
        "min": 0.05505925044417381,
        "p25": 0.08528375625610352,
        "p50": 0.15344581007957458,
        "p75": 0.9522325992584229,
        "p95": 1.2488758563995361,
        "max": 1.3110989332199097
      },
      "applied_residual_norm": {
        "count": 20,
        "mean": 7.104709709437884e-08,
        "min": 5.8611778541717285e-08,
        "p25": 7.073573726756877e-08,
        "p50": 7.267450996550906e-08,
        "p75": 7.55159703658137e-08,
        "p95": 7.597204643161604e-08,
        "max": 7.604428020613341e-08
      },
      "alpha": {
        "count": 20,
        "mean": 2.0000001313746907e-05,
        "min": 1.9999999494757503e-05,
        "p25": 1.9999999494757503e-05,
        "p50": 1.9999999494757503e-05,
        "p75": 1.9999999494757503e-05,
        "p95": 1.9999999494757503e-05,
        "max": 1.9999999494757503e-05
      },
      "num_points_in_search": {
        "count": 20,
        "mean": 780.5499877929688,
        "min": 3.0,
        "p25": 112.25,
        "p50": 172.0,
        "p75": 898.25,
        "p95": 2762.699951171875,
        "max": 2871.0
      }
    },
    "0.499906": {
      "observation_error_norm": {
        "count": 1,
        "mean": 0.09120213985443115,
        "min": 0.09120213985443115,
        "p25": 0.09120213985443115,
        "p50": 0.09120213985443115,
        "p75": 0.09120213985443115,
        "p95": 0.09120213985443115,
        "max": 0.09120213985443115
      },
      "dynamics_error_norm": {
        "count": 1,
        "mean": 0.02452932298183441,
        "min": 0.02452932298183441,
        "p25": 0.02452932298183441,
        "p50": 0.02452932298183441,
        "p75": 0.02452932298183441,
        "p95": 0.02452932298183441,
        "max": 0.02452932298183441
      },
      "observation_dynamics_gap_norm": {
        "count": 1,
        "mean": 0.08212720602750778,
        "min": 0.08212720602750778,
        "p25": 0.08212720602750778,
        "p50": 0.08212720602750778,
        "p75": 0.08212720602750778,
        "p95": 0.08212720602750778,
        "max": 0.08212720602750778
      },
      "applied_residual_norm": {
        "count": 1,
        "mean": 7.272644353406577e-08,
        "min": 7.272644353406577e-08,
        "p25": 7.272644353406577e-08,
        "p50": 7.272644353406577e-08,
        "p75": 7.272644353406577e-08,
        "p95": 7.272644353406577e-08,
        "max": 7.272644353406577e-08
      },
      "alpha": {
        "count": 1,
        "mean": 1.9999999494757503e-05,
        "min": 1.9999999494757503e-05,
        "p25": 1.9999999494757503e-05,
        "p50": 1.9999999494757503e-05,
        "p75": 1.9999999494757503e-05,
        "p95": 1.9999999494757503e-05,
        "max": 1.9999999494757503e-05
      },
      "num_points_in_search": {
        "count": 1,
        "mean": 435.0,
        "min": 435.0,
        "p25": 435.0,
        "p50": 435.0,
        "p75": 435.0,
        "p95": 435.0,
        "max": 435.0
      }
    },
    "0.499908": {
      "observation_error_norm": {
        "count": 4,
        "mean": 1.3684990406036377,
        "min": 1.1372215747833252,
        "p25": 1.2832293510437012,
        "p50": 1.3787583112716675,
        "p75": 1.4640278816223145,
        "p95": 1.5562117099761963,
        "max": 1.579257607460022
      },
      "dynamics_error_norm": {
        "count": 4,
        "mean": 0.05416208878159523,
        "min": 0.05242127552628517,
        "p25": 0.05269235372543335,
        "p50": 0.05370993912220001,
        "p75": 0.05517967417836189,
        "p95": 0.05648169666528702,
        "max": 0.056807201355695724
      },
      "observation_dynamics_gap_norm": {
        "count": 4,
        "mean": 1.325106143951416,
        "min": 1.094239354133606,
        "p25": 1.237491250038147,
        "p50": 1.3342852592468262,
        "p75": 1.4219002723693848,
        "p95": 1.5144721269607544,
        "max": 1.537615180015564
      },
      "applied_residual_norm": {
        "count": 4,
        "mean": 7.237976262786106e-08,
        "min": 6.853981204812953e-08,
        "p25": 7.101726851033163e-08,
        "p50": 7.278917024677867e-08,
        "p75": 7.415166436430809e-08,
        "p95": 7.515105693300939e-08,
        "max": 7.540090507518471e-08
      },
      "alpha": {
        "count": 4,
        "mean": 1.9999999494757503e-05,
        "min": 1.9999999494757503e-05,
        "p25": 1.9999999494757503e-05,
        "p50": 1.9999999494757503e-05,
        "p75": 1.9999999494757503e-05,
        "p95": 1.9999999494757503e-05,
        "max": 1.9999999494757503e-05
      },
      "num_points_in_search": {
        "count": 4,
        "mean": 10.0,
        "min": 10.0,
        "p25": 10.0,
        "p50": 10.0,
        "p75": 10.0,
        "p95": 10.0,
        "max": 10.0
      }
    },
    "0.49991": {
      "observation_error_norm": {
        "count": 4,
        "mean": 4.368998050689697,
        "min": 3.132603883743286,
        "p25": 4.18091344833374,
        "p50": 4.581151962280273,
        "p75": 4.769236087799072,
        "p95": 5.098714351654053,
        "max": 5.181084156036377
      },
      "dynamics_error_norm": {
        "count": 4,
        "mean": 0.036549367010593414,
        "min": 0.035547319799661636,
        "p25": 0.035789746791124344,
        "p50": 0.03638548031449318,
        "p75": 0.03714510053396225,
        "p95": 0.03773237392306328,
        "max": 0.03787919133901596
      },
      "observation_dynamics_gap_norm": {
        "count": 4,
        "mean": 4.355713367462158,
        "min": 3.1150710582733154,
        "p25": 4.167670726776123,
        "p50": 4.5696868896484375,
        "p75": 4.757730007171631,
        "p95": 5.086273193359375,
        "max": 5.1684088706970215
      },
      "applied_residual_norm": {
        "count": 4,
        "mean": 7.309873240046727e-08,
        "min": 7.109463240340119e-08,
        "p25": 7.157947834457445e-08,
        "p50": 7.277095193103378e-08,
        "p75": 7.429019888149924e-08,
        "p95": 7.546474733999275e-08,
        "max": 7.575838623097297e-08
      },
      "alpha": {
        "count": 4,
        "mean": 1.9999999494757503e-05,
        "min": 1.9999999494757503e-05,
        "p25": 1.9999999494757503e-05,
        "p50": 1.9999999494757503e-05,
        "p75": 1.9999999494757503e-05,
        "p95": 1.9999999494757503e-05,
        "max": 1.9999999494757503e-05
      },
      "num_points_in_search": {
        "count": 4,
        "mean": 10.0,
        "min": 10.0,
        "p25": 10.0,
        "p50": 10.0,
        "p75": 10.0,
        "p95": 10.0,
        "max": 10.0
      }
    },
    "0.499917": {
      "observation_error_norm": {
        "count": 2,
        "mean": 0.08855396509170532,
        "min": 0.048505350947380066,
        "p25": 0.0685296580195427,
        "p50": 0.08855396509170532,
        "p75": 0.10857827216386795,
        "p95": 0.1245977133512497,
        "max": 0.12860257923603058
      },
      "dynamics_error_norm": {
        "count": 2,
        "mean": 0.03777449578046799,
        "min": 0.028860507532954216,
        "p25": 0.033317502588033676,
        "p50": 0.03777449578046799,
        "p75": 0.0422314889729023,
        "p95": 0.04579708352684975,
        "max": 0.04668848216533661
      },
      "observation_dynamics_gap_norm": {
        "count": 2,
        "mean": 0.08333692699670792,
        "min": 0.03487186133861542,
        "p25": 0.05910439416766167,
        "p50": 0.08333692699670792,
        "p75": 0.10756945610046387,
        "p95": 0.12695547938346863,
        "max": 0.13180199265480042
      },
      "applied_residual_norm": {
        "count": 2,
        "mean": 7.529501999670174e-08,
        "min": 7.408903002215084e-08,
        "p25": 7.469202500942629e-08,
        "p50": 7.529501999670174e-08,
        "p75": 7.589800787854983e-08,
        "p95": 7.638040244728472e-08,
        "max": 7.650100286582528e-08
      },
      "alpha": {
        "count": 2,
        "mean": 1.9999999494757503e-05,
        "min": 1.9999999494757503e-05,
        "p25": 1.9999999494757503e-05,
        "p50": 1.9999999494757503e-05,
        "p75": 1.9999999494757503e-05,
        "p95": 1.9999999494757503e-05,
        "max": 1.9999999494757503e-05
      },
      "num_points_in_search": {
        "count": 2,
        "mean": 298.5,
        "min": 1.0,
        "p25": 149.75,
        "p50": 298.5,
        "p75": 447.25,
        "p95": 566.25,
        "max": 596.0
      }
    },
    "0.499931": {
      "observation_error_norm": {
        "count": 4,
        "mean": 5.2975568771362305,
        "min": 4.3610920906066895,
        "p25": 4.957876205444336,
        "p50": 5.48887825012207,
        "p75": 5.828558921813965,
        "p95": 5.8468146324157715,
        "max": 5.851378917694092
      },
      "dynamics_error_norm": {
        "count": 4,
        "mean": 0.05446549877524376,
        "min": 0.05231751129031181,
        "p25": 0.05409790202975273,
        "p50": 0.05475776642560959,
        "p75": 0.055125363171100616,
        "p95": 0.055848222225904465,
        "max": 0.05602893605828285
      },
      "observation_dynamics_gap_norm": {
        "count": 4,
        "mean": 5.254637718200684,
        "min": 4.318626403808594,
        "p25": 4.9165849685668945,
        "p50": 5.446795463562012,
        "p75": 5.784848213195801,
        "p95": 5.802036285400391,
        "max": 5.806333065032959
      },
      "applied_residual_norm": {
        "count": 4,
        "mean": 7.401170165621807e-08,
        "min": 7.092560139199122e-08,
        "p25": 7.369125398781762e-08,
        "p50": 7.485979836019396e-08,
        "p75": 7.518024602859441e-08,
        "p95": 7.535734880548262e-08,
        "max": 7.540162272334783e-08
      },
      "alpha": {
        "count": 4,
        "mean": 1.9999999494757503e-05,
        "min": 1.9999999494757503e-05,
        "p25": 1.9999999494757503e-05,
        "p50": 1.9999999494757503e-05,
        "p75": 1.9999999494757503e-05,
        "p95": 1.9999999494757503e-05,
        "max": 1.9999999494757503e-05
      },
      "num_points_in_search": {
        "count": 4,
        "mean": 10.0,
        "min": 10.0,
        "p25": 10.0,
        "p50": 10.0,
        "p75": 10.0,
        "p95": 10.0,
        "max": 10.0
      }
    },
    "0.500385": {
      "observation_error_norm": {
        "count": 4,
        "mean": 1.8340603113174438,
        "min": 1.3351407051086426,
        "p25": 1.4619488716125488,
        "p50": 1.7793396711349487,
        "p75": 2.1514511108398438,
        "p95": 2.3842270374298096,
        "max": 2.4424209594726562
      },
      "dynamics_error_norm": {
        "count": 4,
        "mean": 0.05441007763147354,
        "min": 0.053133122622966766,
        "p25": 0.05345991998910904,
        "p50": 0.054090529680252075,
        "p75": 0.05504068732261658,
        "p95": 0.05606904625892639,
        "max": 0.056326135993003845
      },
      "observation_dynamics_gap_norm": {
        "count": 4,
        "mean": 1.7906585931777954,
        "min": 1.292603850364685,
        "p25": 1.417396068572998,
        "p50": 1.7353906631469727,
        "p75": 2.1086530685424805,
        "p95": 2.3411295413970947,
        "max": 2.3992488384246826
      },
      "applied_residual_norm": {
        "count": 4,
        "mean": 7.29100761986956e-08,
        "min": 6.968301846654867e-08,
        "p25": 7.21700388339741e-08,
        "p50": 7.324331363633974e-08,
        "p75": 7.39833581064886e-08,
        "p95": 7.517321876093774e-08,
        "max": 7.547068747726371e-08
      },
      "alpha": {
        "count": 4,
        "mean": 1.9999999494757503e-05,
        "min": 1.9999999494757503e-05,
        "p25": 1.9999999494757503e-05,
        "p50": 1.9999999494757503e-05,
        "p75": 1.9999999494757503e-05,
        "p95": 1.9999999494757503e-05,
        "max": 1.9999999494757503e-05
      },
      "num_points_in_search": {
        "count": 4,
        "mean": 10.0,
        "min": 10.0,
        "p25": 10.0,
        "p50": 10.0,
        "p75": 10.0,
        "p95": 10.0,
        "max": 10.0
      }
    },
    "0.500389": {
      "observation_error_norm": {
        "count": 4,
        "mean": 3.689563274383545,
        "min": 3.264310836791992,
        "p25": 3.326763153076172,
        "p50": 3.4719443321228027,
        "p75": 3.8347439765930176,
        "p95": 4.406991004943848,
        "max": 4.550053119659424
      },
      "dynamics_error_norm": {
        "count": 4,
        "mean": 0.05508144199848175,
        "min": 0.05290397256612778,
        "p25": 0.054209351539611816,
        "p50": 0.05529186502099037,
        "p75": 0.056163955479860306,
        "p95": 0.056703247129917145,
        "max": 0.05683806911110878
      },
      "observation_dynamics_gap_norm": {
        "count": 4,
        "mean": 3.646085023880005,
        "min": 3.2236688137054443,
        "p25": 3.282560348510742,
        "p50": 3.4264628887176514,
        "p75": 3.789987325668335,
        "p95": 4.364193439483643,
        "max": 4.507745265960693
      },
      "applied_residual_norm": {
        "count": 4,
        "mean": 7.386157108157931e-08,
        "min": 7.209551711184758e-08,
        "p25": 7.30467419884917e-08,
        "p50": 7.393985868020536e-08,
        "p75": 7.475468777329297e-08,
        "p95": 7.532777601682028e-08,
        "max": 7.547104985405895e-08
      },
      "alpha": {
        "count": 4,
        "mean": 1.9999999494757503e-05,
        "min": 1.9999999494757503e-05,
        "p25": 1.9999999494757503e-05,
        "p50": 1.9999999494757503e-05,
        "p75": 1.9999999494757503e-05,
        "p95": 1.9999999494757503e-05,
        "max": 1.9999999494757503e-05
      },
      "num_points_in_search": {
        "count": 4,
        "mean": 10.0,
        "min": 10.0,
        "p25": 10.0,
        "p50": 10.0,
        "p75": 10.0,
        "p95": 10.0,
        "max": 10.0
      }
    },
    "0.500397": {
      "observation_error_norm": {
        "count": 33,
        "mean": 0.644852340221405,
        "min": 0.10232672840356827,
        "p25": 0.11609476059675217,
        "p50": 0.14783169329166412,
        "p75": 0.28569495677948,
        "p95": 3.2575948238372803,
        "max": 4.541954517364502
      },
      "dynamics_error_norm": {
        "count": 33,
        "mean": 0.6480939984321594,
        "min": 0.037113022059202194,
        "p25": 0.04117404296994209,
        "p50": 0.06313484162092209,
        "p75": 0.0863683670759201,
        "p95": 3.1639184951782227,
        "max": 3.1650912761688232
      },
      "observation_dynamics_gap_norm": {
        "count": 33,
        "mean": 1.1767297983169556,
        "min": 0.04136822372674942,
        "p25": 0.11488328874111176,
        "p50": 0.2789956033229828,
        "p75": 1.8622732162475586,
        "p95": 3.3304591178894043,
        "max": 4.527926445007324
      },
      "applied_residual_norm": {
        "count": 33,
        "mean": 6.814502739871386e-08,
        "min": 4.987744972595465e-08,
        "p25": 6.970853405618982e-08,
        "p50": 7.206904228951316e-08,
        "p75": 7.430553239373694e-08,
        "p95": 7.548000269252952e-08,
        "max": 7.591798123485205e-08
      },
      "alpha": {
        "count": 33,
        "mean": 2.0000001313746907e-05,
        "min": 1.9999999494757503e-05,
        "p25": 1.9999999494757503e-05,
        "p50": 1.9999999494757503e-05,
        "p75": 1.9999999494757503e-05,
        "p95": 1.9999999494757503e-05,
        "max": 1.9999999494757503e-05
      },
      "num_points_in_search": {
        "count": 33,
        "mean": 130.72727966308594,
        "min": 1.0,
        "p25": 3.0,
        "p50": 4.0,
        "p75": 81.0,
        "p95": 844.3999633789062,
        "max": 909.0
      }
    },
    "0.500404": {
      "observation_error_norm": {
        "count": 33,
        "mean": 0.4289061725139618,
        "min": 0.0312188807874918,
        "p25": 0.11443942785263062,
        "p50": 0.2030339539051056,
        "p75": 0.2796410620212555,
        "p95": 1.9468402862548828,
        "max": 4.166554927825928
      },
      "dynamics_error_norm": {
        "count": 33,
        "mean": 0.8098921775817871,
        "min": 0.028226954862475395,
        "p25": 0.041136208921670914,
        "p50": 0.1785520613193512,
        "p75": 1.8769557476043701,
        "p95": 3.366580009460449,
        "max": 3.3675694465637207
      },
      "observation_dynamics_gap_norm": {
        "count": 33,
        "mean": 1.0781700611114502,
        "min": 0.04434240981936455,
        "p25": 0.13699619472026825,
        "p50": 0.26209425926208496,
        "p75": 1.7676889896392822,
        "p95": 3.2875401973724365,
        "max": 4.155129432678223
      },
      "applied_residual_norm": {
        "count": 33,
        "mean": 6.85618388729381e-08,
        "min": 4.84164033309753e-08,
        "p25": 5.676823278122356e-08,
        "p50": 7.377332167379791e-08,
        "p75": 7.549420644181737e-08,
        "p95": 7.62756826588884e-08,
        "max": 7.784865374560468e-08
      },
      "alpha": {
        "count": 33,
        "mean": 2.0000001313746907e-05,
        "min": 1.9999999494757503e-05,
        "p25": 1.9999999494757503e-05,
        "p50": 1.9999999494757503e-05,
        "p75": 1.9999999494757503e-05,
        "p95": 1.9999999494757503e-05,
        "max": 1.9999999494757503e-05
      },
      "num_points_in_search": {
        "count": 33,
        "mean": 109.18181610107422,
        "min": 5.0,
        "p25": 12.0,
        "p50": 40.0,
        "p75": 44.0,
        "p95": 699.2000122070312,
        "max": 749.0
      }
    },
    "0.500407": {
      "observation_error_norm": {
        "count": 20,
        "mean": 0.3616616129875183,
        "min": 0.06359665095806122,
        "p25": 0.10424520820379257,
        "p50": 0.26772260665893555,
        "p75": 0.29644107818603516,
        "p95": 1.1402082443237305,
        "max": 1.858858585357666
      },
      "dynamics_error_norm": {
        "count": 20,
        "mean": 0.3397097587585449,
        "min": 0.019691461697220802,
        "p25": 0.035824209451675415,
        "p50": 0.039947912096977234,
        "p75": 0.26736336946487427,
        "p95": 1.3342472314834595,
        "max": 1.334761381149292
      },
      "observation_dynamics_gap_norm": {
        "count": 20,
        "mean": 0.5558598637580872,
        "min": 0.028665665537118912,
        "p25": 0.09985310584306717,
        "p50": 0.28485026955604553,
        "p75": 1.1185829639434814,
        "p95": 1.459262490272522,
        "max": 1.8466793298721313
      },
      "applied_residual_norm": {
        "count": 20,
        "mean": 7.120151224171423e-08,
        "min": 5.8806104874520315e-08,
        "p25": 6.817757025601168e-08,
        "p50": 7.349198938300106e-08,
        "p75": 7.58309965931403e-08,
        "p95": 7.621933661994262e-08,
        "max": 7.678694657897722e-08
      },
      "alpha": {
        "count": 20,
        "mean": 2.0000001313746907e-05,
        "min": 1.9999999494757503e-05,
        "p25": 1.9999999494757503e-05,
        "p50": 1.9999999494757503e-05,
        "p75": 1.9999999494757503e-05,
        "p95": 1.9999999494757503e-05,
        "max": 1.9999999494757503e-05
      },
      "num_points_in_search": {
        "count": 20,
        "mean": 810.75,
        "min": 5.0,
        "p25": 116.25,
        "p50": 187.5,
        "p75": 983.0,
        "p95": 2791.5498046875,
        "max": 2973.0
      }
    },
    "0.500416": {
      "observation_error_norm": {
        "count": 5,
        "mean": 2.9164490699768066,
        "min": 0.33282139897346497,
        "p25": 3.06832218170166,
        "p50": 3.250303268432617,
        "p75": 3.375229835510254,
        "p95": 4.31950044631958,
        "max": 4.555568218231201
      },
      "dynamics_error_norm": {
        "count": 5,
        "mean": 0.06950389593839645,
        "min": 0.05443057417869568,
        "p25": 0.05443994700908661,
        "p50": 0.05503503233194351,
        "p75": 0.05684138834476471,
        "p95": 0.11278630793094635,
        "max": 0.12677253782749176
      },
      "observation_dynamics_gap_norm": {
        "count": 5,
        "mean": 2.870253086090088,
        "min": 0.2781773805618286,
        "p25": 3.0220909118652344,
        "p50": 3.206385374069214,
        "p75": 3.331238269805908,
        "p95": 4.276946067810059,
        "max": 4.513373374938965
      },
      "applied_residual_norm": {
        "count": 5,
        "mean": 7.36036440684984e-08,
        "min": 7.192588924453958e-08,
        "p25": 7.25972810755593e-08,
        "p50": 7.391306411363985e-08,
        "p75": 7.410329061485754e-08,
        "p95": 7.520361577917356e-08,
        "max": 7.547869529389573e-08
      },
      "alpha": {
        "count": 5,
        "mean": 1.9999999494757503e-05,
        "min": 1.9999999494757503e-05,
        "p25": 1.9999999494757503e-05,
        "p50": 1.9999999494757503e-05,
        "p75": 1.9999999494757503e-05,
        "p95": 1.9999999494757503e-05,
        "max": 1.9999999494757503e-05
      },
      "num_points_in_search": {
        "count": 5,
        "mean": 7.599999904632568,
        "min": 2.0,
        "p25": 9.0,
        "p50": 9.0,
        "p75": 9.0,
        "p95": 9.0,
        "max": 9.0
      }
    },
    "0.500419": {
      "observation_error_norm": {
        "count": 1,
        "mean": 4.387890815734863,
        "min": 4.387890815734863,
        "p25": 4.387890815734863,
        "p50": 4.387890815734863,
        "p75": 4.387890815734863,
        "p95": 4.387890815734863,
        "max": 4.387890815734863
      },
      "dynamics_error_norm": {
        "count": 1,
        "mean": 0.0247965008020401,
        "min": 0.0247965008020401,
        "p25": 0.0247965008020401,
        "p50": 0.0247965008020401,
        "p75": 0.0247965008020401,
        "p95": 0.0247965008020401,
        "max": 0.0247965008020401
      },
      "observation_dynamics_gap_norm": {
        "count": 1,
        "mean": 4.3835344314575195,
        "min": 4.3835344314575195,
        "p25": 4.3835344314575195,
        "p50": 4.3835344314575195,
        "p75": 4.3835344314575195,
        "p95": 4.3835344314575195,
        "max": 4.3835344314575195
      },
      "applied_residual_norm": {
        "count": 1,
        "mean": 6.925294826487516e-08,
        "min": 6.925294826487516e-08,
        "p25": 6.925294826487516e-08,
        "p50": 6.925294826487516e-08,
        "p75": 6.925294826487516e-08,
        "p95": 6.925294826487516e-08,
        "max": 6.925294826487516e-08
      },
      "alpha": {
        "count": 1,
        "mean": 1.9999999494757503e-05,
        "min": 1.9999999494757503e-05,
        "p25": 1.9999999494757503e-05,
        "p50": 1.9999999494757503e-05,
        "p75": 1.9999999494757503e-05,
        "p95": 1.9999999494757503e-05,
        "max": 1.9999999494757503e-05
      },
      "num_points_in_search": {
        "count": 1,
        "mean": 132.0,
        "min": 132.0,
        "p25": 132.0,
        "p50": 132.0,
        "p75": 132.0,
        "p95": 132.0,
        "max": 132.0
      }
    },
    "0.50042": {
      "observation_error_norm": {
        "count": 1,
        "mean": 0.35324835777282715,
        "min": 0.35324835777282715,
        "p25": 0.35324835777282715,
        "p50": 0.35324835777282715,
        "p75": 0.35324835777282715,
        "p95": 0.35324835777282715,
        "max": 0.35324835777282715
      },
      "dynamics_error_norm": {
        "count": 1,
        "mean": 3.7107717990875244,
        "min": 3.7107717990875244,
        "p25": 3.7107717990875244,
        "p50": 3.7107717990875244,
        "p75": 3.7107717990875244,
        "p95": 3.7107717990875244,
        "max": 3.7107717990875244
      },
      "observation_dynamics_gap_norm": {
        "count": 1,
        "mean": 3.358114242553711,
        "min": 3.358114242553711,
        "p25": 3.358114242553711,
        "p50": 3.358114242553711,
        "p75": 3.358114242553711,
        "p95": 3.358114242553711,
        "max": 3.358114242553711
      },
      "applied_residual_norm": {
        "count": 1,
        "mean": 5.231158795027113e-08,
        "min": 5.231158795027113e-08,
        "p25": 5.231158795027113e-08,
        "p50": 5.231158795027113e-08,
        "p75": 5.231158795027113e-08,
        "p95": 5.231158795027113e-08,
        "max": 5.231158795027113e-08
      },
      "alpha": {
        "count": 1,
        "mean": 1.9999999494757503e-05,
        "min": 1.9999999494757503e-05,
        "p25": 1.9999999494757503e-05,
        "p50": 1.9999999494757503e-05,
        "p75": 1.9999999494757503e-05,
        "p95": 1.9999999494757503e-05,
        "max": 1.9999999494757503e-05
      },
      "num_points_in_search": {
        "count": 1,
        "mean": 0.0,
        "min": 0.0,
        "p25": 0.0,
        "p50": 0.0,
        "p75": 0.0,
        "p95": 0.0,
        "max": 0.0
      }
    },
    "0.500421": {
      "observation_error_norm": {
        "count": 4,
        "mean": 4.078045845031738,
        "min": 3.537959575653076,
        "p25": 3.799983263015747,
        "p50": 4.12140417098999,
        "p75": 4.399466514587402,
        "p95": 4.505025863647461,
        "max": 4.5314154624938965
      },
      "dynamics_error_norm": {
        "count": 4,
        "mean": 0.053717244416475296,
        "min": 0.051032062619924545,
        "p25": 0.05295471101999283,
        "p50": 0.05427158251404762,
        "p75": 0.05503411963582039,
        "p95": 0.05524183437228203,
        "max": 0.05529376119375229
      },
      "observation_dynamics_gap_norm": {
        "count": 4,
        "mean": 4.035732746124268,
        "min": 3.4980673789978027,
        "p25": 3.758192300796509,
        "p50": 4.078273296356201,
        "p75": 4.355813980102539,
        "p95": 4.461816787719727,
        "max": 4.488317489624023
      },
      "applied_residual_norm": {
        "count": 4,
        "mean": 7.315966854548606e-08,
        "min": 6.916322803363073e-08,
        "p25": 7.204894103551851e-08,
        "p50": 7.406983826285796e-08,
        "p75": 7.51805657728255e-08,
        "p95": 7.530474022132694e-08,
        "max": 7.53357838334523e-08
      },
      "alpha": {
        "count": 4,
        "mean": 1.9999999494757503e-05,
        "min": 1.9999999494757503e-05,
        "p25": 1.9999999494757503e-05,
        "p50": 1.9999999494757503e-05,
        "p75": 1.9999999494757503e-05,
        "p95": 1.9999999494757503e-05,
        "max": 1.9999999494757503e-05
      },
      "num_points_in_search": {
        "count": 4,
        "mean": 8.0,
        "min": 8.0,
        "p25": 8.0,
        "p50": 8.0,
        "p75": 8.0,
        "p95": 8.0,
        "max": 8.0
      }
    },
    "0.500431": {
      "observation_error_norm": {
        "count": 1,
        "mean": 0.2162051796913147,
        "min": 0.2162051796913147,
        "p25": 0.2162051796913147,
        "p50": 0.2162051796913147,
        "p75": 0.2162051796913147,
        "p95": 0.2162051796913147,
        "max": 0.2162051796913147
      },
      "dynamics_error_norm": {
        "count": 1,
        "mean": 2.5375373363494873,
        "min": 2.5375373363494873,
        "p25": 2.5375373363494873,
        "p50": 2.5375373363494873,
        "p75": 2.5375373363494873,
        "p95": 2.5375373363494873,
        "max": 2.5375373363494873
      },
      "observation_dynamics_gap_norm": {
        "count": 1,
        "mean": 2.3869638442993164,
        "min": 2.3869638442993164,
        "p25": 2.3869638442993164,
        "p50": 2.3869638442993164,
        "p75": 2.3869638442993164,
        "p95": 2.3869638442993164,
        "max": 2.3869638442993164
      },
      "applied_residual_norm": {
        "count": 1,
        "mean": 5.1644281739982034e-08,
        "min": 5.1644281739982034e-08,
        "p25": 5.1644281739982034e-08,
        "p50": 5.1644281739982034e-08,
        "p75": 5.1644281739982034e-08,
        "p95": 5.1644281739982034e-08,
        "max": 5.1644281739982034e-08
      },
      "alpha": {
        "count": 1,
        "mean": 1.9999999494757503e-05,
        "min": 1.9999999494757503e-05,
        "p25": 1.9999999494757503e-05,
        "p50": 1.9999999494757503e-05,
        "p75": 1.9999999494757503e-05,
        "p95": 1.9999999494757503e-05,
        "max": 1.9999999494757503e-05
      },
      "num_points_in_search": {
        "count": 1,
        "mean": 481.0,
        "min": 481.0,
        "p25": 481.0,
        "p50": 481.0,
        "p75": 481.0,
        "p95": 481.0,
        "max": 481.0
      }
    },
    "0.500433": {
      "observation_error_norm": {
        "count": 20,
        "mean": 0.4779020845890045,
        "min": 0.09167954325675964,
        "p25": 0.17740848660469055,
        "p50": 0.2546831965446472,
        "p75": 0.5882002711296082,
        "p95": 1.3714418411254883,
        "max": 1.531211256980896
      },
      "dynamics_error_norm": {
        "count": 20,
        "mean": 0.27514851093292236,
        "min": 0.021922500804066658,
        "p25": 0.02423715963959694,
        "p50": 0.03236154466867447,
        "p75": 0.05995745584368706,
        "p95": 1.2366605997085571,
        "max": 1.237025499343872
      },
      "observation_dynamics_gap_norm": {
        "count": 20,
        "mean": 0.6365607380867004,
        "min": 0.07900243997573853,
        "p25": 0.16617532074451447,
        "p50": 0.5131627917289734,
        "p75": 1.0490155220031738,
        "p95": 1.3525761365890503,
        "max": 1.5106514692306519
      },
      "applied_residual_norm": {
        "count": 20,
        "mean": 7.140795332816197e-08,
        "min": 6.031925181559927e-08,
        "p25": 6.96523301257912e-08,
        "p50": 7.417226299821778e-08,
        "p75": 7.508327115601787e-08,
        "p95": 7.59602869493392e-08,
        "max": 7.600565510301749e-08
      },
      "alpha": {
        "count": 20,
        "mean": 2.0000001313746907e-05,
        "min": 1.9999999494757503e-05,
        "p25": 1.9999999494757503e-05,
        "p50": 1.9999999494757503e-05,
        "p75": 1.9999999494757503e-05,
        "p95": 1.9999999494757503e-05,
        "max": 1.9999999494757503e-05
      },
      "num_points_in_search": {
        "count": 20,
        "mean": 733.4500122070312,
        "min": 2.0,
        "p25": 77.5,
        "p50": 128.0,
        "p75": 727.25,
        "p95": 2800.550048828125,
        "max": 2811.0
      }
    },
    "0.500435": {
      "observation_error_norm": {
        "count": 24,
        "mean": 0.5769360661506653,
        "min": 0.07152313739061356,
        "p25": 0.10719770193099976,
        "p50": 0.14718911051750183,
        "p75": 0.4405058026313782,
        "p95": 2.5584189891815186,
        "max": 3.8435122966766357
      },
      "dynamics_error_norm": {
        "count": 24,
        "mean": 0.2867400646209717,
        "min": 0.020843353122472763,
        "p25": 0.028839852660894394,
        "p50": 0.057426903396844864,
        "p75": 0.08819880336523056,
        "p95": 1.4670933485031128,
        "max": 1.4681224822998047
      },
      "observation_dynamics_gap_norm": {
        "count": 24,
        "mean": 0.7410836815834045,
        "min": 0.04864458367228508,
        "p25": 0.09226153790950775,
        "p50": 0.17560577392578125,
        "p75": 1.211079716682434,
        "p95": 2.5432188510894775,
        "max": 3.830113410949707
      },
      "applied_residual_norm": {
        "count": 24,
        "mean": 7.133171919804226e-08,
        "min": 5.5585854141781965e-08,
        "p25": 7.146653047129803e-08,
        "p50": 7.334725182772672e-08,
        "p75": 7.53063389424824e-08,
        "p95": 7.57868718892496e-08,
        "max": 7.647926025811103e-08
      },
      "alpha": {
        "count": 24,
        "mean": 1.99999976757681e-05,
        "min": 1.9999999494757503e-05,
        "p25": 1.9999999494757503e-05,
        "p50": 1.9999999494757503e-05,
        "p75": 1.9999999494757503e-05,
        "p95": 1.9999999494757503e-05,
        "max": 1.9999999494757503e-05
      },
      "num_points_in_search": {
        "count": 24,
        "mean": 746.9583129882812,
        "min": 1.0,
        "p25": 4.0,
        "p50": 206.0,
        "p75": 1161.5,
        "p95": 2914.5,
        "max": 2931.0
      }
    },
    "0.500437": {
      "observation_error_norm": {
        "count": 1,
        "mean": 1.78294038772583,
        "min": 1.78294038772583,
        "p25": 1.78294038772583,
        "p50": 1.78294038772583,
        "p75": 1.78294038772583,
        "p95": 1.78294038772583,
        "max": 1.78294038772583
      },
      "dynamics_error_norm": {
        "count": 1,
        "mean": 0.03918739780783653,
        "min": 0.03918739780783653,
        "p25": 0.03918739780783653,
        "p50": 0.03918739780783653,
        "p75": 0.03918739780783653,
        "p95": 0.03918739780783653,
        "max": 0.03918739780783653
      },
      "observation_dynamics_gap_norm": {
        "count": 1,
        "mean": 1.7503279447555542,
        "min": 1.7503279447555542,
        "p25": 1.7503279447555542,
        "p50": 1.7503279447555542,
        "p75": 1.7503279447555542,
        "p95": 1.7503279447555542,
        "max": 1.7503279447555542
      },
      "applied_residual_norm": {
        "count": 1,
        "mean": 7.554000802656446e-08,
        "min": 7.554000802656446e-08,
        "p25": 7.554000802656446e-08,
        "p50": 7.554000802656446e-08,
        "p75": 7.554000802656446e-08,
        "p95": 7.554000802656446e-08,
        "max": 7.554000802656446e-08
      },
      "alpha": {
        "count": 1,
        "mean": 1.9999999494757503e-05,
        "min": 1.9999999494757503e-05,
        "p25": 1.9999999494757503e-05,
        "p50": 1.9999999494757503e-05,
        "p75": 1.9999999494757503e-05,
        "p95": 1.9999999494757503e-05,
        "max": 1.9999999494757503e-05
      },
      "num_points_in_search": {
        "count": 1,
        "mean": 3.0,
        "min": 3.0,
        "p25": 3.0,
        "p50": 3.0,
        "p75": 3.0,
        "p95": 3.0,
        "max": 3.0
      }
    },
    "0.500441": {
      "observation_error_norm": {
        "count": 5,
        "mean": 2.862208843231201,
        "min": 0.15808075666427612,
        "p25": 2.5413658618927,
        "p50": 3.767119884490967,
        "p75": 3.806685447692871,
        "p95": 3.9915711879730225,
        "max": 4.037792682647705
      },
      "dynamics_error_norm": {
        "count": 5,
        "mean": 1.1495935916900635,
        "min": 0.08801355957984924,
        "p25": 0.08870605379343033,
        "p50": 0.08949505537748337,
        "p75": 0.09201759099960327,
        "p95": 4.330191612243652,
        "max": 5.389735698699951
      },
      "observation_dynamics_gap_norm": {
        "count": 5,
        "mean": 3.8109402656555176,
        "min": 2.4581170082092285,
        "p25": 3.680732250213623,
        "p50": 3.7248172760009766,
        "p75": 3.9541125297546387,
        "p95": 4.9803595542907715,
        "max": 5.236921310424805
      },
      "applied_residual_norm": {
        "count": 5,
        "mean": 6.996089041422238e-08,
        "min": 5.586692353176659e-08,
        "p25": 7.224021913998513e-08,
        "p50": 7.29261486753785e-08,
        "p75": 7.347900776721872e-08,
        "p95": 7.492950970799939e-08,
        "max": 7.529213519319455e-08
      },
      "alpha": {
        "count": 5,
        "mean": 1.9999999494757503e-05,
        "min": 1.9999999494757503e-05,
        "p25": 1.9999999494757503e-05,
        "p50": 1.9999999494757503e-05,
        "p75": 1.9999999494757503e-05,
        "p95": 1.9999999494757503e-05,
        "max": 1.9999999494757503e-05
      },
      "num_points_in_search": {
        "count": 5,
        "mean": 19.200000762939453,
        "min": 11.0,
        "p25": 11.0,
        "p50": 11.0,
        "p75": 11.0,
        "p95": 43.79999923706055,
        "max": 52.0
      }
    },
    "0.500444": {
      "observation_error_norm": {
        "count": 12,
        "mean": 0.11635150760412216,
        "min": 0.05691693723201752,
        "p25": 0.09464587271213531,
        "p50": 0.1140608936548233,
        "p75": 0.12116295844316483,
        "p95": 0.18848496675491333,
        "max": 0.25420117378234863
      },
      "dynamics_error_norm": {
        "count": 12,
        "mean": 0.48626741766929626,
        "min": 0.03559020161628723,
        "p25": 0.03829675912857056,
        "p50": 0.057304747402668,
        "p75": 1.3631199598312378,
        "p95": 1.3650038242340088,
        "max": 1.3663411140441895
      },
      "observation_dynamics_gap_norm": {
        "count": 12,
        "mean": 0.568251371383667,
        "min": 0.09063065052032471,
        "p25": 0.11978631466627121,
        "p50": 0.12988977134227753,
        "p75": 1.3386034965515137,
        "p95": 1.5484734773635864,
        "max": 1.6118675470352173
      },
      "applied_residual_norm": {
        "count": 12,
        "mean": 7.085368025627758e-08,
        "min": 5.7239056161506596e-08,
        "p25": 7.126101309040678e-08,
        "p50": 7.331530582632695e-08,
        "p75": 7.528408474399839e-08,
        "p95": 7.586635319967172e-08,
        "max": 7.588486283793827e-08
      },
      "alpha": {
        "count": 12,
        "mean": 2.0000001313746907e-05,
        "min": 1.9999999494757503e-05,
        "p25": 1.9999999494757503e-05,
        "p50": 1.9999999494757503e-05,
        "p75": 1.9999999494757503e-05,
        "p95": 1.9999999494757503e-05,
        "max": 1.9999999494757503e-05
      },
      "num_points_in_search": {
        "count": 12,
        "mean": 41.75,
        "min": 1.0,
        "p25": 1.0,
        "p50": 6.0,
        "p75": 116.5,
        "p95": 119.44999694824219,
        "max": 120.0
      }
    },
    "0.500447": {
      "observation_error_norm": {
        "count": 24,
        "mean": 1.2551757097244263,
        "min": 0.1492023915052414,
        "p25": 0.18094636499881744,
        "p50": 0.2794604003429413,
        "p75": 2.3202195167541504,
        "p95": 3.6832923889160156,
        "max": 3.9467999935150146
      },
      "dynamics_error_norm": {
        "count": 24,
        "mean": 0.31362953782081604,
        "min": 0.03503585606813431,
        "p25": 0.03676169738173485,
        "p50": 0.11889871209859848,
        "p75": 0.23892074823379517,
        "p95": 1.3311984539031982,
        "max": 1.333510398864746
      },
      "observation_dynamics_gap_norm": {
        "count": 24,
        "mean": 1.4236308336257935,
        "min": 0.06360729038715363,
        "p25": 0.10120958089828491,
        "p50": 1.4302290678024292,
        "p75": 2.302433490753174,
        "p95": 3.667961359024048,
        "max": 3.9324517250061035
      },
      "applied_residual_norm": {
        "count": 24,
        "mean": 7.032659254946338e-08,
        "min": 5.394015900606064e-08,
        "p25": 6.944515007489827e-08,
        "p50": 7.181010630574747e-08,
        "p75": 7.384283406963732e-08,
        "p95": 7.57073195245539e-08,
        "max": 7.64168390787745e-08
      },
      "alpha": {
        "count": 24,
        "mean": 1.99999976757681e-05,
        "min": 1.9999999494757503e-05,
        "p25": 1.9999999494757503e-05,
        "p50": 1.9999999494757503e-05,
        "p75": 1.9999999494757503e-05,
        "p95": 1.9999999494757503e-05,
        "max": 1.9999999494757503e-05
      },
      "num_points_in_search": {
        "count": 24,
        "mean": 733.5416870117188,
        "min": 2.0,
        "p25": 8.0,
        "p50": 242.5,
        "p75": 1227.25,
        "p95": 2689.949951171875,
        "max": 2730.0
      }
    },
    "0.500454": {
      "observation_error_norm": {
        "count": 1,
        "mean": 0.09829627722501755,
        "min": 0.09829627722501755,
        "p25": 0.09829627722501755,
        "p50": 0.09829627722501755,
        "p75": 0.09829627722501755,
        "p95": 0.09829627722501755,
        "max": 0.09829627722501755
      },
      "dynamics_error_norm": {
        "count": 1,
        "mean": 0.025850223377346992,
        "min": 0.025850223377346992,
        "p25": 0.025850223377346992,
        "p50": 0.025850223377346992,
        "p75": 0.025850223377346992,
        "p95": 0.025850223377346992,
        "max": 0.025850223377346992
      },
      "observation_dynamics_gap_norm": {
        "count": 1,
        "mean": 0.08349713683128357,
        "min": 0.08349713683128357,
        "p25": 0.08349713683128357,
        "p50": 0.08349713683128357,
        "p75": 0.08349713683128357,
        "p95": 0.08349713683128357,
        "max": 0.08349713683128357
      },
      "applied_residual_norm": {
        "count": 1,
        "mean": 7.583246741660332e-08,
        "min": 7.583246741660332e-08,
        "p25": 7.583246741660332e-08,
        "p50": 7.583246741660332e-08,
        "p75": 7.583246741660332e-08,
        "p95": 7.583246741660332e-08,
        "max": 7.583246741660332e-08
      },
      "alpha": {
        "count": 1,
        "mean": 1.9999999494757503e-05,
        "min": 1.9999999494757503e-05,
        "p25": 1.9999999494757503e-05,
        "p50": 1.9999999494757503e-05,
        "p75": 1.9999999494757503e-05,
        "p95": 1.9999999494757503e-05,
        "max": 1.9999999494757503e-05
      },
      "num_points_in_search": {
        "count": 1,
        "mean": 0.0,
        "min": 0.0,
        "p25": 0.0,
        "p50": 0.0,
        "p75": 0.0,
        "p95": 0.0,
        "max": 0.0
      }
    },
    "0.500461": {
      "observation_error_norm": {
        "count": 1,
        "mean": 0.32340607047080994,
        "min": 0.32340607047080994,
        "p25": 0.32340607047080994,
        "p50": 0.32340607047080994,
        "p75": 0.32340607047080994,
        "p95": 0.32340607047080994,
        "max": 0.32340607047080994
      },
      "dynamics_error_norm": {
        "count": 1,
        "mean": 0.055469613522291183,
        "min": 0.055469613522291183,
        "p25": 0.055469613522291183,
        "p50": 0.055469613522291183,
        "p75": 0.055469613522291183,
        "p95": 0.055469613522291183,
        "max": 0.055469613522291183
      },
      "observation_dynamics_gap_norm": {
        "count": 1,
        "mean": 0.2939046621322632,
        "min": 0.2939046621322632,
        "p25": 0.2939046621322632,
        "p50": 0.2939046621322632,
        "p75": 0.2939046621322632,
        "p95": 0.2939046621322632,
        "max": 0.2939046621322632
      },
      "applied_residual_norm": {
        "count": 1,
        "mean": 6.90503654254826e-08,
        "min": 6.90503654254826e-08,
        "p25": 6.90503654254826e-08,
        "p50": 6.90503654254826e-08,
        "p75": 6.90503654254826e-08,
        "p95": 6.90503654254826e-08,
        "max": 6.90503654254826e-08
      },
      "alpha": {
        "count": 1,
        "mean": 1.9999999494757503e-05,
        "min": 1.9999999494757503e-05,
        "p25": 1.9999999494757503e-05,
        "p50": 1.9999999494757503e-05,
        "p75": 1.9999999494757503e-05,
        "p95": 1.9999999494757503e-05,
        "max": 1.9999999494757503e-05
      },
      "num_points_in_search": {
        "count": 1,
        "mean": 347.0,
        "min": 347.0,
        "p25": 347.0,
        "p50": 347.0,
        "p75": 347.0,
        "p95": 347.0,
        "max": 347.0
      }
    },
    "0.500986": {
      "observation_error_norm": {
        "count": 36,
        "mean": 0.1681576818227768,
        "min": 0.004737097769975662,
        "p25": 0.11215145885944366,
        "p50": 0.1482069492340088,
        "p75": 0.19566938281059265,
        "p95": 0.28750765323638916,
        "max": 0.5989212393760681
      },
      "dynamics_error_norm": {
        "count": 36,
        "mean": 0.639755368232727,
        "min": 0.019695214927196503,
        "p25": 0.03825061395764351,
        "p50": 0.04418046027421951,
        "p75": 0.207771897315979,
        "p95": 3.397747039794922,
        "max": 3.4008285999298096
      },
      "observation_dynamics_gap_norm": {
        "count": 36,
        "mean": 0.6874700784683228,
        "min": 0.04295945167541504,
        "p25": 0.12404460459947586,
        "p50": 0.17884600162506104,
        "p75": 0.37333983182907104,
        "p95": 3.323392868041992,
        "max": 3.3494155406951904
      },
      "applied_residual_norm": {
        "count": 36,
        "mean": 6.946702768573232e-08,
        "min": 4.75341366268367e-08,
        "p25": 6.879645297885872e-08,
        "p50": 7.384093692053284e-08,
        "p75": 7.553307312946345e-08,
        "p95": 7.610533003798992e-08,
        "max": 7.741210339418103e-08
      },
      "alpha": {
        "count": 36,
        "mean": 1.9999999494757503e-05,
        "min": 1.9999999494757503e-05,
        "p25": 1.9999999494757503e-05,
        "p50": 1.9999999494757503e-05,
        "p75": 1.9999999494757503e-05,
        "p95": 1.9999999494757503e-05,
        "max": 1.9999999494757503e-05
      },
      "num_points_in_search": {
        "count": 36,
        "mean": 93.97222137451172,
        "min": 1.0,
        "p25": 15.75,
        "p50": 23.0,
        "p75": 60.25,
        "p95": 602.75,
        "max": 615.0
      }
    },
    "0.500991": {
      "observation_error_norm": {
        "count": 1,
        "mean": 0.14986345171928406,
        "min": 0.14986345171928406,
        "p25": 0.14986345171928406,
        "p50": 0.14986345171928406,
        "p75": 0.14986345171928406,
        "p95": 0.14986345171928406,
        "max": 0.14986345171928406
      },
      "dynamics_error_norm": {
        "count": 1,
        "mean": 0.02078675478696823,
        "min": 0.02078675478696823,
        "p25": 0.02078675478696823,
        "p50": 0.02078675478696823,
        "p75": 0.02078675478696823,
        "p95": 0.02078675478696823,
        "max": 0.02078675478696823
      },
      "observation_dynamics_gap_norm": {
        "count": 1,
        "mean": 0.15648162364959717,
        "min": 0.15648162364959717,
        "p25": 0.15648162364959717,
        "p50": 0.15648162364959717,
        "p75": 0.15648162364959717,
        "p95": 0.15648162364959717,
        "max": 0.15648162364959717
      },
      "applied_residual_norm": {
        "count": 1,
        "mean": 7.557254377843492e-08,
        "min": 7.557254377843492e-08,
        "p25": 7.557254377843492e-08,
        "p50": 7.557254377843492e-08,
        "p75": 7.557254377843492e-08,
        "p95": 7.557254377843492e-08,
        "max": 7.557254377843492e-08
      },
      "alpha": {
        "count": 1,
        "mean": 1.9999999494757503e-05,
        "min": 1.9999999494757503e-05,
        "p25": 1.9999999494757503e-05,
        "p50": 1.9999999494757503e-05,
        "p75": 1.9999999494757503e-05,
        "p95": 1.9999999494757503e-05,
        "max": 1.9999999494757503e-05
      },
      "num_points_in_search": {
        "count": 1,
        "mean": 0.0,
        "min": 0.0,
        "p25": 0.0,
        "p50": 0.0,
        "p75": 0.0,
        "p95": 0.0,
        "max": 0.0
      }
    },
    "0.501006": {
      "observation_error_norm": {
        "count": 1,
        "mean": 0.15412865579128265,
        "min": 0.15412865579128265,
        "p25": 0.15412865579128265,
        "p50": 0.15412865579128265,
        "p75": 0.15412865579128265,
        "p95": 0.15412865579128265,
        "max": 0.15412865579128265
      },
      "dynamics_error_norm": {
        "count": 1,
        "mean": 0.12511664628982544,
        "min": 0.12511664628982544,
        "p25": 0.12511664628982544,
        "p50": 0.12511664628982544,
        "p75": 0.12511664628982544,
        "p95": 0.12511664628982544,
        "max": 0.12511664628982544
      },
      "observation_dynamics_gap_norm": {
        "count": 1,
        "mean": 0.11685382574796677,
        "min": 0.11685382574796677,
        "p25": 0.11685382574796677,
        "p50": 0.11685382574796677,
        "p75": 0.11685382574796677,
        "p95": 0.11685382574796677,
        "max": 0.11685382574796677
      },
      "applied_residual_norm": {
        "count": 1,
        "mean": 6.521216278088104e-08,
        "min": 6.521216278088104e-08,
        "p25": 6.521216278088104e-08,
        "p50": 6.521216278088104e-08,
        "p75": 6.521216278088104e-08,
        "p95": 6.521216278088104e-08,
        "max": 6.521216278088104e-08
      },
      "alpha": {
        "count": 1,
        "mean": 1.9999999494757503e-05,
        "min": 1.9999999494757503e-05,
        "p25": 1.9999999494757503e-05,
        "p50": 1.9999999494757503e-05,
        "p75": 1.9999999494757503e-05,
        "p95": 1.9999999494757503e-05,
        "max": 1.9999999494757503e-05
      },
      "num_points_in_search": {
        "count": 1,
        "mean": 3.0,
        "min": 3.0,
        "p25": 3.0,
        "p50": 3.0,
        "p75": 3.0,
        "p95": 3.0,
        "max": 3.0
      }
    },
    "0.501017": {
      "observation_error_norm": {
        "count": 32,
        "mean": 0.6125367879867554,
        "min": 0.05680794641375542,
        "p25": 0.15270456671714783,
        "p50": 0.21801704168319702,
        "p75": 0.2575158178806305,
        "p95": 3.1532204151153564,
        "max": 6.513585567474365
      },
      "dynamics_error_norm": {
        "count": 32,
        "mean": 0.7222020626068115,
        "min": 0.034553684294223785,
        "p25": 0.07235252112150192,
        "p50": 0.14477434754371643,
        "p75": 0.6283541321754456,
        "p95": 3.259172201156616,
        "max": 3.26005482673645
      },
      "observation_dynamics_gap_norm": {
        "count": 32,
        "mean": 1.169255256652832,
        "min": 0.045830026268959045,
        "p25": 0.17162463068962097,
        "p50": 0.23564037680625916,
        "p75": 1.7273300886154175,
        "p95": 3.2411789894104004,
        "max": 6.499272346496582
      },
      "applied_residual_norm": {
        "count": 32,
        "mean": 6.852002343293861e-08,
        "min": 4.923819219015968e-08,
        "p25": 6.435217869693588e-08,
        "p50": 7.22815514109243e-08,
        "p75": 7.562846349173924e-08,
        "p95": 7.63474758969096e-08,
        "max": 7.682287872512461e-08
      },
      "alpha": {
        "count": 32,
        "mean": 1.9999999494757503e-05,
        "min": 1.9999999494757503e-05,
        "p25": 1.9999999494757503e-05,
        "p50": 1.9999999494757503e-05,
        "p75": 1.9999999494757503e-05,
        "p95": 1.9999999494757503e-05,
        "max": 1.9999999494757503e-05
      },
      "num_points_in_search": {
        "count": 32,
        "mean": 120.34375,
        "min": 0.0,
        "p25": 7.5,
        "p50": 20.5,
        "p75": 60.25,
        "p95": 789.5499877929688,
        "max": 803.0
      }
    },
    "0.550177": {
      "observation_error_norm": {
        "count": 24,
        "mean": 0.6951789259910583,
        "min": 0.05304913967847824,
        "p25": 0.2418961226940155,
        "p50": 0.30738699436187744,
        "p75": 1.170027256011963,
        "p95": 1.8926525115966797,
        "max": 2.308018684387207
      },
      "dynamics_error_norm": {
        "count": 24,
        "mean": 0.35081037878990173,
        "min": 0.038640543818473816,
        "p25": 0.04117907956242561,
        "p50": 0.14186938107013702,
        "p75": 0.30330154299736023,
        "p95": 1.43717622756958,
        "max": 1.4384100437164307
      },
      "observation_dynamics_gap_norm": {
        "count": 24,
        "mean": 0.8228321075439453,
        "min": 0.019140614196658134,
        "p25": 0.08715444803237915,
        "p50": 0.8500577211380005,
        "p75": 1.3346654176712036,
        "p95": 1.8728735446929932,
        "max": 2.292022705078125
      },
      "applied_residual_norm": {
        "count": 24,
        "mean": 7.802221091424144e-08,
        "min": 5.7047898849305057e-08,
        "p25": 7.694185200080028e-08,
        "p50": 8.08804259122553e-08,
        "p75": 8.240655802183028e-08,
        "p95": 8.322206923594422e-08,
        "max": 8.403404194723407e-08
      },
      "alpha": {
        "count": 24,
        "mean": 1.99999976757681e-05,
        "min": 1.9999999494757503e-05,
        "p25": 1.9999999494757503e-05,
        "p50": 1.9999999494757503e-05,
        "p75": 1.9999999494757503e-05,
        "p95": 1.9999999494757503e-05,
        "max": 1.9999999494757503e-05
      },
      "num_points_in_search": {
        "count": 24,
        "mean": 660.0833129882812,
        "min": 1.0,
        "p25": 4.0,
        "p50": 210.5,
        "p75": 1078.5,
        "p95": 2497.35009765625,
        "max": 2563.0
      }
    },
    "0.550186": {
      "observation_error_norm": {
        "count": 28,
        "mean": 0.24362978339195251,
        "min": 0.06206613779067993,
        "p25": 0.10564331710338593,
        "p50": 0.18720023334026337,
        "p75": 0.34726953506469727,
        "p95": 0.5395177006721497,
        "max": 0.5626074075698853
      },
      "dynamics_error_norm": {
        "count": 28,
        "mean": 1.6173679828643799,
        "min": 0.030087362974882126,
        "p25": 0.03410138934850693,
        "p50": 0.1676679253578186,
        "p75": 2.995128631591797,
        "p95": 5.793065071105957,
        "max": 5.794597625732422
      },
      "observation_dynamics_gap_norm": {
        "count": 28,
        "mean": 1.5427242517471313,
        "min": 0.06737896800041199,
        "p25": 0.09628735482692719,
        "p50": 0.30329903960227966,
        "p75": 2.5879807472229004,
        "p95": 5.288862228393555,
        "max": 5.354331970214844
      },
      "applied_residual_norm": {
        "count": 28,
        "mean": 7.078420338757496e-08,
        "min": 5.519407864085224e-08,
        "p25": 5.948272630007523e-08,
        "p50": 7.615125241500209e-08,
        "p75": 8.081018876282542e-08,
        "p95": 8.29282456038527e-08,
        "max": 8.301832821189237e-08
      },
      "alpha": {
        "count": 28,
        "mean": 1.99999976757681e-05,
        "min": 1.9999999494757503e-05,
        "p25": 1.9999999494757503e-05,
        "p50": 1.9999999494757503e-05,
        "p75": 1.9999999494757503e-05,
        "p95": 1.9999999494757503e-05,
        "max": 1.9999999494757503e-05
      },
      "num_points_in_search": {
        "count": 28,
        "mean": 59.60714340209961,
        "min": 1.0,
        "p25": 4.0,
        "p50": 9.0,
        "p75": 100.75,
        "p95": 280.04998779296875,
        "max": 291.0
      }
    },
    "0.550204": {
      "observation_error_norm": {
        "count": 40,
        "mean": 0.5398654937744141,
        "min": 0.009898453950881958,
        "p25": 0.14925263822078705,
        "p50": 0.2529965043067932,
        "p75": 0.47799181938171387,
        "p95": 2.984410047531128,
        "max": 3.2509915828704834
      },
      "dynamics_error_norm": {
        "count": 40,
        "mean": 0.6010838150978088,
        "min": 0.022795362398028374,
        "p25": 0.036296598613262177,
        "p50": 0.04600277543067932,
        "p75": 0.04994291812181473,
        "p95": 3.7395131587982178,
        "max": 3.7418813705444336
      },
      "observation_dynamics_gap_norm": {
        "count": 40,
        "mean": 1.0175752639770508,
        "min": 0.04021262750029564,
        "p25": 0.1668645292520523,
        "p50": 0.3647197484970093,
        "p75": 1.7051711082458496,
        "p95": 3.4865922927856445,
        "max": 3.594080686569214
      },
      "applied_residual_norm": {
        "count": 40,
        "mean": 7.682902491978894e-08,
        "min": 5.5194096404420634e-08,
        "p25": 7.683662772706157e-08,
        "p50": 7.984158401086461e-08,
        "p75": 8.266794537803435e-08,
        "p95": 8.339826251813065e-08,
        "max": 8.443608834340921e-08
      },
      "alpha": {
        "count": 40,
        "mean": 1.9999999494757503e-05,
        "min": 1.9999999494757503e-05,
        "p25": 1.9999999494757503e-05,
        "p50": 1.9999999494757503e-05,
        "p75": 1.9999999494757503e-05,
        "p95": 1.9999999494757503e-05,
        "max": 1.9999999494757503e-05
      },
      "num_points_in_search": {
        "count": 40,
        "mean": 77.05000305175781,
        "min": 0.0,
        "p25": 5.0,
        "p50": 17.0,
        "p75": 47.5,
        "p95": 508.04998779296875,
        "max": 514.0
      }
    },
    "0.553072": {
      "observation_error_norm": {
        "count": 1,
        "mean": 7.519185543060303,
        "min": 7.519185543060303,
        "p25": 7.519185543060303,
        "p50": 7.519185543060303,
        "p75": 7.519185543060303,
        "p95": 7.519185543060303,
        "max": 7.519185543060303
      },
      "dynamics_error_norm": {
        "count": 1,
        "mean": 0.08457823097705841,
        "min": 0.08457823097705841,
        "p25": 0.08457823097705841,
        "p50": 0.08457823097705841,
        "p75": 0.08457823097705841,
        "p95": 0.08457823097705841,
        "max": 0.08457823097705841
      },
      "observation_dynamics_gap_norm": {
        "count": 1,
        "mean": 7.501514911651611,
        "min": 7.501514911651611,
        "p25": 7.501514911651611,
        "p50": 7.501514911651611,
        "p75": 7.501514911651611,
        "p95": 7.501514911651611,
        "max": 7.501514911651611
      },
      "applied_residual_norm": {
        "count": 1,
        "mean": 8.281249108677002e-08,
        "min": 8.281249108677002e-08,
        "p25": 8.281249108677002e-08,
        "p50": 8.281249108677002e-08,
        "p75": 8.281249108677002e-08,
        "p95": 8.281249108677002e-08,
        "max": 8.281249108677002e-08
      },
      "alpha": {
        "count": 1,
        "mean": 1.9999999494757503e-05,
        "min": 1.9999999494757503e-05,
        "p25": 1.9999999494757503e-05,
        "p50": 1.9999999494757503e-05,
        "p75": 1.9999999494757503e-05,
        "p95": 1.9999999494757503e-05,
        "max": 1.9999999494757503e-05
      },
      "num_points_in_search": {
        "count": 1,
        "mean": 211.0,
        "min": 211.0,
        "p25": 211.0,
        "p50": 211.0,
        "p75": 211.0,
        "p95": 211.0,
        "max": 211.0
      }
    },
    "0.599385": {
      "observation_error_norm": {
        "count": 24,
        "mean": 1.319967269897461,
        "min": 0.06872627884149551,
        "p25": 0.1661318987607956,
        "p50": 0.26892104744911194,
        "p75": 1.6677594184875488,
        "p95": 5.231149673461914,
        "max": 5.4586687088012695
      },
      "dynamics_error_norm": {
        "count": 24,
        "mean": 0.3493858575820923,
        "min": 0.025005897507071495,
        "p25": 0.04307589307427406,
        "p50": 0.07400520145893097,
        "p75": 0.16876867413520813,
        "p95": 1.7096612453460693,
        "max": 1.7123024463653564
      },
      "observation_dynamics_gap_norm": {
        "count": 24,
        "mean": 1.527826189994812,
        "min": 0.07920269668102264,
        "p25": 0.1320447027683258,
        "p50": 1.1494481563568115,
        "p75": 1.757738709449768,
        "p95": 5.216964244842529,
        "max": 5.4416069984436035
      },
      "applied_residual_norm": {
        "count": 24,
        "mean": 8.380735039281717e-08,
        "min": 6.412177810943831e-08,
        "p25": 8.212983004796115e-08,
        "p50": 8.598056666642151e-08,
        "p75": 8.79823005561775e-08,
        "p95": 9.001436040989574e-08,
        "max": 9.027877467815415e-08
      },
      "alpha": {
        "count": 24,
        "mean": 1.99999976757681e-05,
        "min": 1.9999999494757503e-05,
        "p25": 1.9999999494757503e-05,
        "p50": 1.9999999494757503e-05,
        "p75": 1.9999999494757503e-05,
        "p95": 1.9999999494757503e-05,
        "max": 1.9999999494757503e-05
      },
      "num_points_in_search": {
        "count": 24,
        "mean": 765.4166870117188,
        "min": 2.0,
        "p25": 5.0,
        "p50": 219.5,
        "p75": 1246.0,
        "p95": 2943.85009765625,
        "max": 2967.0
      }
    },
    "0.599937": {
      "observation_error_norm": {
        "count": 8,
        "mean": 2.6458280086517334,
        "min": 0.21529577672481537,
        "p25": 0.26146936416625977,
        "p50": 2.172588348388672,
        "p75": 5.158753871917725,
        "p95": 5.542145252227783,
        "max": 5.658651828765869
      },
      "dynamics_error_norm": {
        "count": 8,
        "mean": 0.08547626435756683,
        "min": 0.08049191534519196,
        "p25": 0.08210556209087372,
        "p50": 0.08569808304309845,
        "p75": 0.08910184353590012,
        "p95": 0.08949533849954605,
        "max": 0.08959847688674927
      },
      "observation_dynamics_gap_norm": {
        "count": 8,
        "mean": 2.6209969520568848,
        "min": 0.18571950495243073,
        "p25": 0.2248876392841339,
        "p50": 2.1492538452148438,
        "p75": 5.142519474029541,
        "p95": 5.52400016784668,
        "max": 5.641303539276123
      },
      "applied_residual_norm": {
        "count": 8,
        "mean": 8.650394534015504e-08,
        "min": 8.27142230264144e-08,
        "p25": 8.554510344538357e-08,
        "p50": 8.56224389167437e-08,
        "p75": 8.842086174354336e-08,
        "p95": 8.953072239137327e-08,
        "max": 8.963104392023524e-08
      },
      "alpha": {
        "count": 8,
        "mean": 1.9999999494757503e-05,
        "min": 1.9999999494757503e-05,
        "p25": 1.9999999494757503e-05,
        "p50": 1.9999999494757503e-05,
        "p75": 1.9999999494757503e-05,
        "p95": 1.9999999494757503e-05,
        "max": 1.9999999494757503e-05
      },
      "num_points_in_search": {
        "count": 8,
        "mean": 217.0,
        "min": 39.0,
        "p25": 41.5,
        "p50": 215.5,
        "p75": 389.5,
        "p95": 399.20001220703125,
        "max": 402.0
      }
    }
  },
  "completed_steps": 64,
  "weights": "output/20260531-2322-seqtrack3d_nuscenes_a1_order-ct_a1_order_car_60ep_bs16_gpu1/lightning_logs/version_0/checkpoints/last.ckpt",
  "weight_load_report": {
    "path": "output/20260531-2322-seqtrack3d_nuscenes_a1_order-ct_a1_order_car_60ep_bs16_gpu1/lightning_logs/version_0/checkpoints/last.ckpt",
    "selected_prefix_strip": "none",
    "checkpoint_key_count": 320,
    "matched_key_count": 320,
    "missing_key_count": 14,
    "unexpected_key_count": 0
  },
  "optimizer_step_applied": false,
  "dynamics_warmup_epoch": 0,
  "configured_max_residual_norm": 0.020000000000000004,
  "gate_output_bias": {
    "count": 1,
    "mean": -9.210240364074707,
    "min": -9.210240364074707,
    "p25": -9.210240364074707,
    "p50": -9.210240364074707,
    "p75": -9.210240364074707,
    "p95": -9.210240364074707,
    "max": -9.210240364074707
  },
  "motion_head_input_dim": 256
}
residual diagnostic summary: output/diagnostics/p0a_standard_active_summary.json
